ISO-10303-21;
HEADER;
FILE_DESCRIPTION((''),'2;1');
FILE_NAME('BRACE2','2026-07-24T11:56:44',('gram2'),(''),
'CREO PARAMETRIC BY PTC INC, 2016510','CREO PARAMETRIC BY PTC INC, 2016510','');
FILE_SCHEMA(('CONFIG_CONTROL_DESIGN'));
ENDSEC;
DATA;
#1=DIRECTION('',(0.E0,1.E0,0.E0));
#2=VECTOR('',#1,1.747719773656E1);
#3=CARTESIAN_POINT('',(5.916476045361E1,-5.268240061740E0,0.E0));
#4=LINE('',#3,#2);
#5=DIRECTION('',(-1.E0,-7.287709481309E-10,0.E0));
#6=VECTOR('',#5,7.870531207025E0);
#7=CARTESIAN_POINT('',(6.703529166064E1,-5.268240056004E0,0.E0));
#8=LINE('',#7,#6);
#9=DIRECTION('',(-6.126127582343E-14,-1.E0,0.E0));
#10=VECTOR('',#9,1.832572873175E1);
#11=CARTESIAN_POINT('',(6.703529166064E1,1.305748867574E1,0.E0));
#12=LINE('',#11,#10);
#13=CARTESIAN_POINT('',(4.052809248555E0,2.15E0,0.E0));
#14=DIRECTION('',(0.E0,0.E0,1.E0));
#15=DIRECTION('',(9.853329538812E-1,1.706428140762E-1,0.E0));
#16=AXIS2_PLACEMENT_3D('',#13,#14,#15);
#18=CARTESIAN_POINT('',(2.16E0,3.241086041653E1,0.E0));
#19=DIRECTION('',(0.E0,0.E0,1.E0));
#20=DIRECTION('',(-3.258928571520E-1,9.454067091243E-1,0.E0));
#21=AXIS2_PLACEMENT_3D('',#18,#19,#20);
#23=DIRECTION('',(6.557422633019E-1,7.549848237678E-1,0.E0));
#24=VECTOR('',#23,3.835747732904E1);
#25=CARTESIAN_POINT('',(-4.615098080382E1,2.779595674916E1,0.E0));
#26=LINE('',#25,#24);
#27=CARTESIAN_POINT('',(2.107649131421E0,-1.411908872109E1,0.E0));
#28=DIRECTION('',(0.E0,0.E0,-1.E0));
#29=DIRECTION('',(-9.756893205742E-1,2.191582754941E-1,0.E0));
#30=AXIS2_PLACEMENT_3D('',#27,#28,#29);
#32=DIRECTION('',(-9.100408379737E-13,1.E0,0.E0));
#33=VECTOR('',#32,6.808411663837E0);
#34=CARTESIAN_POINT('',(-6.025841223968E1,-6.918903415372E0,0.E0));
#35=LINE('',#34,#33);
#36=DIRECTION('',(-1.E0,9.906233668315E-10,0.E0));
#37=VECTOR('',#36,7.180146151323E0);
#38=CARTESIAN_POINT('',(-5.307826608836E1,-6.918903422485E0,0.E0));
#39=LINE('',#38,#37);
#40=DIRECTION('',(0.E0,1.E0,0.E0));
#41=VECTOR('',#40,7.001958113639E0);
#42=CARTESIAN_POINT('',(-5.307826608836E1,-6.918903422485E0,0.E0));
#43=LINE('',#42,#41);
#44=DIRECTION('',(-6.557422633018E-1,-7.549848237678E-1,0.E0));
#45=VECTOR('',#44,3.845125895107E1);
#46=CARTESIAN_POINT('',(-1.692517719740E1,5.234866399024E1,0.E0));
#47=LINE('',#46,#45);
#48=CARTESIAN_POINT('',(2.16E0,3.241086041653E1,0.E0));
#49=DIRECTION('',(0.E0,0.E0,1.E0));
#50=DIRECTION('',(-6.238664723301E-2,9.980520558804E-1,0.E0));
#51=AXIS2_PLACEMENT_3D('',#48,#49,#50);
#53=CARTESIAN_POINT('',(5.916476045361E1,-5.268240056004E0,1.E0));
#54=DIRECTION('',(0.E0,1.E0,0.E0));
#55=DIRECTION('',(0.E0,0.E0,-1.E0));
#56=AXIS2_PLACEMENT_3D('',#53,#54,#55);
#58=CARTESIAN_POINT('',(5.916476045361E1,1.220895767482E1,0.E0));
#59=CARTESIAN_POINT('',(5.906039420872E1,1.220147937007E1,0.E0));
#60=CARTESIAN_POINT('',(5.885160891974E1,1.218649728471E1,3.272380427987E-2));
#61=CARTESIAN_POINT('',(5.856710150198E1,1.216602410768E1,1.778737773965E-1));
#62=CARTESIAN_POINT('',(5.834417671983E1,1.214994410838E1,3.999795527598E-1));
#63=CARTESIAN_POINT('',(5.819757795041E1,1.213935129217E1,6.859838890462E-1));
#64=CARTESIAN_POINT('',(5.816476045361E1,1.213697770598E1,8.953854891121E-1));
#65=CARTESIAN_POINT('',(5.816476045361E1,1.213697770598E1,1.E0));
#67=DIRECTION('',(5.731626083458E-12,1.E0,0.E0));
#68=VECTOR('',#67,1.740521775987E1);
#69=CARTESIAN_POINT('',(5.816476045361E1,-5.268240056004E0,3.7E1));
#70=LINE('',#69,#68);
#71=DIRECTION('',(0.E0,0.E0,1.E0));
#72=VECTOR('',#71,5.96E0);
#73=CARTESIAN_POINT('',(5.816476045361E1,-5.268240056004E0,3.104E1));
#74=LINE('',#73,#72);
#75=DIRECTION('',(0.E0,0.E0,1.E0));
#76=VECTOR('',#75,2.5E1);
#77=CARTESIAN_POINT('',(5.816476045361E1,3.43E0,6.04E0));
#78=LINE('',#77,#76);
#79=DIRECTION('',(0.E0,0.E0,-1.E0));
#80=VECTOR('',#79,5.04E0);
#81=CARTESIAN_POINT('',(5.816476045361E1,-5.268240056004E0,6.04E0));
#82=LINE('',#81,#80);
#83=DIRECTION('',(-2.286118665488E-14,1.E0,0.E0));
#84=VECTOR('',#83,1.740521776199E1);
#85=CARTESIAN_POINT('',(5.816476045361E1,-5.268240056004E0,1.E0));
#86=LINE('',#85,#84);
#87=DIRECTION('',(2.782169556465E-12,-5.889027537225E-11,1.E0));
#88=VECTOR('',#87,3.6E1);
#89=CARTESIAN_POINT('',(5.816476045361E1,1.213697770598E1,1.E0));
#90=LINE('',#89,#88);
#91=CARTESIAN_POINT('',(5.916476045361E1,-5.268240056004E0,3.7E1));
#92=DIRECTION('',(0.E0,1.E0,0.E0));
#93=DIRECTION('',(-1.E0,0.E0,0.E0));
#94=AXIS2_PLACEMENT_3D('',#91,#92,#93);
#96=CARTESIAN_POINT('',(5.816476045371E1,1.213697770386E1,3.7E1));
#97=CARTESIAN_POINT('',(5.816476045371E1,1.213697770386E1,3.710488978878E1));
#98=CARTESIAN_POINT('',(5.819782433318E1,1.213936909980E1,3.731459294858E1));
#99=CARTESIAN_POINT('',(5.834398656464E1,1.214993036762E1,3.759965376225E1));
#100=CARTESIAN_POINT('',(5.856689523881E1,1.216600925628E1,3.782202830754E1));
#101=CARTESIAN_POINT('',(5.885157745433E1,1.218649503240E1,3.796727468669E1));
#102=CARTESIAN_POINT('',(5.906039293045E1,1.220147927848E1,3.8E1));
#103=CARTESIAN_POINT('',(5.916476045361E1,1.220895767482E1,3.8E1));
#105=DIRECTION('',(0.E0,1.E0,0.E0));
#106=VECTOR('',#105,1.747719773794E1);
#107=CARTESIAN_POINT('',(5.916476045361E1,-5.268240063117E0,3.8E1));
#108=LINE('',#107,#106);
#109=CARTESIAN_POINT('',(2.16E0,3.241086041653E1,3.8E1));
#110=DIRECTION('',(0.E0,0.E0,-1.E0));
#111=DIRECTION('',(-6.914919274421E-1,7.223841874532E-1,0.E0));
#112=AXIS2_PLACEMENT_3D('',#109,#110,#111);
#114=DIRECTION('',(6.557422633018E-1,7.549848237679E-1,0.E0));
#115=VECTOR('',#114,3.845125895107E1);
#116=CARTESIAN_POINT('',(-4.213929276878E1,2.331854702741E1,3.8E1));
#117=LINE('',#116,#115);
#118=DIRECTION('',(0.E0,-1.E0,0.E0));
#119=VECTOR('',#118,7.001958120754E0);
#120=CARTESIAN_POINT('',(-5.307826608836E1,8.305469115496E-2,3.8E1));
#121=LINE('',#120,#119);
#122=DIRECTION('',(1.E0,-1.981507491602E-9,0.E0));
#123=VECTOR('',#122,7.180146151323E0);
#124=CARTESIAN_POINT('',(-6.025841223968E1,-6.918903415372E0,3.8E1));
#125=LINE('',#124,#123);
#126=DIRECTION('',(-8.975173401994E-14,-1.E0,0.E0));
#127=VECTOR('',#126,6.808411663867E0);
#128=CARTESIAN_POINT('',(-6.025841223968E1,-1.104917515043E-1,3.8E1));
#129=LINE('',#128,#127);
#130=CARTESIAN_POINT('',(2.107649131421E0,-1.411908872109E1,3.8E1));
#131=DIRECTION('',(0.E0,0.E0,1.E0));
#132=DIRECTION('',(-7.549848237678E-1,6.557422633019E-1,0.E0));
#133=AXIS2_PLACEMENT_3D('',#130,#131,#132);
#135=DIRECTION('',(-6.557422633018E-1,-7.549848237679E-1,0.E0));
#136=VECTOR('',#135,3.835747732901E1);
#137=CARTESIAN_POINT('',(-2.099836180555E1,5.675527001059E1,3.8E1));
#138=LINE('',#137,#136);
#139=CARTESIAN_POINT('',(2.16E0,3.241086041653E1,3.8E1));
#140=DIRECTION('',(0.E0,0.E0,-1.E0));
#141=DIRECTION('',(-6.892369584977E-1,7.245359998239E-1,0.E0));
#142=AXIS2_PLACEMENT_3D('',#139,#140,#141);
#144=CARTESIAN_POINT('',(4.052809248555E0,2.15E0,3.8E1));
#145=DIRECTION('',(0.E0,0.E0,-1.E0));
#146=DIRECTION('',(2.372839604439E-1,9.714403337910E-1,0.E0));
#147=AXIS2_PLACEMENT_3D('',#144,#145,#146);
#149=DIRECTION('',(3.381002058109E-13,1.E0,0.E0));
#150=VECTOR('',#149,1.832572873172E1);
#151=CARTESIAN_POINT('',(6.703529166064E1,-5.268240056004E0,3.8E1));
#152=LINE('',#151,#150);
#153=DIRECTION('',(1.E0,9.037270148467E-10,0.E0));
#154=VECTOR('',#153,7.870531207025E0);
#155=CARTESIAN_POINT('',(5.916476045361E1,-5.268240063117E0,3.8E1));
#156=LINE('',#155,#154);
#157=CARTESIAN_POINT('',(3.920223950545E0,4.251066445070E0,3.8E1));
#158=DIRECTION('',(0.E0,0.E0,-1.E0));
#159=DIRECTION('',(-6.238664723301E-2,9.980520558804E-1,0.E0));
#160=AXIS2_PLACEMENT_3D('',#157,#158,#159);
#162=CARTESIAN_POINT('',(4.381285364204E-1,5.995709715800E1,3.7E1));
#163=DIRECTION('',(9.980520558804E-1,6.238664723301E-2,0.E0));
#164=DIRECTION('',(-5.136374658932E-11,8.217071467698E-10,1.E0));
#165=AXIS2_PLACEMENT_3D('',#162,#163,#164);
#167=CARTESIAN_POINT('',(3.920223950545E0,4.251066445070E0,1.E0));
#168=DIRECTION('',(0.E0,0.E0,1.E0));
#169=DIRECTION('',(9.895973586619E-1,1.438647549939E-1,0.E0));
#170=AXIS2_PLACEMENT_3D('',#167,#168,#169);
#172=DIRECTION('',(-1.622375073790E-13,0.E0,1.E0));
#173=VECTOR('',#172,3.6E1);
#174=CARTESIAN_POINT('',(5.005151836424E-1,5.895904510241E1,1.E0));
#175=LINE('',#174,#173);
#176=CARTESIAN_POINT('',(3.920223950545E0,4.251066445070E0,3.7E1));
#177=DIRECTION('',(0.E0,0.E0,-1.E0));
#178=DIRECTION('',(-6.238664723301E-2,9.980520558804E-1,0.E0));
#179=AXIS2_PLACEMENT_3D('',#176,#177,#178);
#181=CARTESIAN_POINT('',(3.920223950545E0,4.251066445070E0,0.E0));
#182=DIRECTION('',(0.E0,0.E0,1.E0));
#183=DIRECTION('',(9.897837366510E-1,1.425768377441E-1,0.E0));
#184=AXIS2_PLACEMENT_3D('',#181,#182,#183);
#186=CARTESIAN_POINT('',(4.381285364508E-1,5.995709715752E1,1.E0));
#187=DIRECTION('',(-9.980520558804E-1,-6.238664723301E-2,0.E0));
#188=DIRECTION('',(-8.182610145013E-11,1.309039987518E-9,-1.E0));
#189=AXIS2_PLACEMENT_3D('',#186,#187,#188);
#191=CARTESIAN_POINT('',(-1.620068299124E1,5.165781654142E1,1.E0));
#192=CARTESIAN_POINT('',(-1.620068299124E1,5.165781654142E1,8.959398509629E-1));
#193=CARTESIAN_POINT('',(-1.622435069456E1,5.168040565367E1,6.873878804500E-1));
#194=CARTESIAN_POINT('',(-1.632883958455E1,5.178011506534E1,4.032967818859E-1));
#195=CARTESIAN_POINT('',(-1.649160519079E1,5.193538404066E1,1.778830091517E-1));
#196=CARTESIAN_POINT('',(-1.669905868016E1,5.213319190975E1,3.232496850152E-2));
#197=CARTESIAN_POINT('',(-1.685000636997E1,5.227704520651E1,
-6.804210039614E-11));
#198=CARTESIAN_POINT('',(-1.692517719740E1,5.234866399024E1,0.E0));
#200=CARTESIAN_POINT('',(2.16E0,3.241086041653E1,3.7E1));
#201=DIRECTION('',(0.E0,0.E0,-1.E0));
#202=DIRECTION('',(-6.902512403304E-1,7.235697790969E-1,0.E0));
#203=AXIS2_PLACEMENT_3D('',#200,#201,#202);
#205=CARTESIAN_POINT('',(2.16E0,3.241086041653E1,1.E0));
#206=DIRECTION('',(0.E0,0.E0,1.E0));
#207=DIRECTION('',(-6.238664723301E-2,9.980520558804E-1,0.E0));
#208=AXIS2_PLACEMENT_3D('',#205,#206,#207);
#210=DIRECTION('',(0.E0,0.E0,1.E0));
#211=VECTOR('',#210,3.6E1);
#212=CARTESIAN_POINT('',(-1.620068299124E1,5.165781654142E1,1.E0));
#213=LINE('',#212,#211);
#214=CARTESIAN_POINT('',(-4.213929276878E1,2.331854702741E1,3.7E1));
#215=DIRECTION('',(6.557422633019E-1,7.549848237678E-1,0.E0));
#216=DIRECTION('',(0.E0,0.E0,1.E0));
#217=AXIS2_PLACEMENT_3D('',#214,#215,#216);
#219=CARTESIAN_POINT('',(-1.620068299124E1,5.165781654142E1,3.7E1));
#220=CARTESIAN_POINT('',(-1.620068299124E1,5.165781654142E1,3.710406014904E1));
#221=CARTESIAN_POINT('',(-1.622435069456E1,5.168040565367E1,3.731261211955E1));
#222=CARTESIAN_POINT('',(-1.632883958455E1,5.178011506534E1,3.759670321811E1));
#223=CARTESIAN_POINT('',(-1.649160519080E1,5.193538404067E1,3.782211699086E1));
#224=CARTESIAN_POINT('',(-1.669905868015E1,5.213319190975E1,3.796767503150E1));
#225=CARTESIAN_POINT('',(-1.685000636997E1,5.227704520651E1,3.800000000007E1));
#226=CARTESIAN_POINT('',(-1.692517719740E1,5.234866399024E1,3.8E1));
#228=DIRECTION('',(6.557422633030E-1,7.549848237668E-1,0.E0));
#229=VECTOR('',#228,3.840476108211E1);
#230=CARTESIAN_POINT('',(-4.138430794484E1,2.266280476403E1,3.7E1));
#231=LINE('',#230,#229);
#232=DIRECTION('',(-6.557422633030E-1,-7.549848237668E-1,0.E0));
#233=VECTOR('',#232,3.840476108207E1);
#234=CARTESIAN_POINT('',(-1.620068299124E1,5.165781654142E1,1.E0));
#235=LINE('',#234,#233);
#236=DIRECTION('',(-7.638334409421E-13,-8.798887544496E-13,1.E0));
#237=VECTOR('',#236,3.6E1);
#238=CARTESIAN_POINT('',(-4.138430794481E1,2.266280476406E1,1.E0));
#239=LINE('',#238,#237);
#240=CARTESIAN_POINT('',(-6.457969754077E0,-7.672475274867E0,0.E0));
#241=DIRECTION('',(0.E0,0.E0,1.E0));
#242=DIRECTION('',(-7.549848237678E-1,6.557422633019E-1,0.E0));
#243=AXIS2_PLACEMENT_3D('',#240,#241,#242);
#245=CARTESIAN_POINT('',(-4.213929276822E1,2.331854702692E1,1.E0));
#246=DIRECTION('',(-6.557422633019E-1,-7.549848237678E-1,0.E0));
#247=DIRECTION('',(-5.608100650534E-10,4.870912562183E-10,-1.E0));
#248=AXIS2_PLACEMENT_3D('',#245,#246,#247);
#250=CARTESIAN_POINT('',(-5.307826608836E1,-6.918903415372E0,1.E0));
#251=DIRECTION('',(0.E0,1.E0,0.E0));
#252=DIRECTION('',(1.E0,0.E0,0.E0));
#253=AXIS2_PLACEMENT_3D('',#250,#251,#252);
#255=CARTESIAN_POINT('',(-5.207826608844E1,-3.313320284803E-9,1.E0));
#256=CARTESIAN_POINT('',(-5.207826608844E1,-3.313320207389E-9,
8.951593324684E-1));
#257=CARTESIAN_POINT('',(-5.211129900441E1,2.759203453813E-3,
6.855373460346E-1));
#258=CARTESIAN_POINT('',(-5.225737128723E1,1.494659161754E-2,
4.005206736014E-1));
#259=CARTESIAN_POINT('',(-5.248021230235E1,3.350097218464E-2,
1.781081366763E-1));
#260=CARTESIAN_POINT('',(-5.276489816844E1,5.713774733723E-2,
3.277506632476E-2));
#261=CARTESIAN_POINT('',(-5.297381734974E1,7.442618342881E-2,0.E0));
#262=CARTESIAN_POINT('',(-5.307826608836E1,8.305469115493E-2,0.E0));
#264=CARTESIAN_POINT('',(-5.307826608836E1,-6.918903415372E0,1.E0));
#265=DIRECTION('',(0.E0,0.E0,-1.E0));
#266=DIRECTION('',(1.E0,0.E0,0.E0));
#267=AXIS2_PLACEMENT_3D('',#264,#265,#266);
#269=CARTESIAN_POINT('',(-5.307826608836E1,-6.918903415372E0,1.E0));
#270=DIRECTION('',(1.E0,0.E0,0.E0));
#271=DIRECTION('',(0.E0,-1.E0,0.E0));
#272=AXIS2_PLACEMENT_3D('',#269,#270,#271);
#274=CARTESIAN_POINT('',(-6.025841223968E1,-6.918903415372E0,1.E0));
#275=DIRECTION('',(-1.E0,0.E0,0.E0));
#276=DIRECTION('',(0.E0,0.E0,-1.E0));
#277=AXIS2_PLACEMENT_3D('',#274,#275,#276);
#279=CARTESIAN_POINT('',(-6.025841223968E1,-6.918903415372E0,3.7E1));
#280=DIRECTION('',(0.E0,0.E0,1.E0));
#281=DIRECTION('',(-1.E0,0.E0,0.E0));
#282=AXIS2_PLACEMENT_3D('',#279,#280,#281);
#284=CARTESIAN_POINT('',(-6.025841223968E1,-6.918903415372E0,1.E0));
#285=DIRECTION('',(0.E0,0.E0,-1.E0));
#286=DIRECTION('',(0.E0,-1.E0,0.E0));
#287=AXIS2_PLACEMENT_3D('',#284,#285,#286);
#289=CARTESIAN_POINT('',(-6.025841223968E1,-6.918903415372E0,3.7E1));
#290=DIRECTION('',(0.E0,-1.E0,0.E0));
#291=DIRECTION('',(0.E0,0.E0,1.E0));
#292=AXIS2_PLACEMENT_3D('',#289,#290,#291);
#294=CARTESIAN_POINT('',(-6.025841223968E1,-1.104917515070E-1,3.7E1));
#295=DIRECTION('',(0.E0,-1.E0,0.E0));
#296=DIRECTION('',(0.E0,0.E0,1.E0));
#297=AXIS2_PLACEMENT_3D('',#294,#295,#296);
#299=CARTESIAN_POINT('',(-6.025841223968E1,-1.104917515070E-1,3.7E1));
#300=DIRECTION('',(-2.191582754941E-1,-9.756893205742E-1,0.E0));
#301=DIRECTION('',(1.421085471520E-14,0.E0,1.E0));
#302=AXIS2_PLACEMENT_3D('',#299,#300,#301);
#304=CARTESIAN_POINT('',(-6.025841223968E1,-1.104917515070E-1,3.7E1));
#305=DIRECTION('',(0.E0,0.E0,-1.E0));
#306=DIRECTION('',(-1.E0,0.E0,0.E0));
#307=AXIS2_PLACEMENT_3D('',#304,#305,#306);
#309=DIRECTION('',(-5.841710241933E-14,-6.414705075512E-8,-1.E0));
#310=VECTOR('',#309,5.960000172950E0);
#311=CARTESIAN_POINT('',(-6.125841223968E1,-1.104913691906E-1,
3.700000017295E1));
#312=LINE('',#311,#310);
#313=DIRECTION('',(-5.218123776335E-14,-1.E0,-2.540245167442E-8));
#314=VECTOR('',#313,6.808412048240E0);
#315=CARTESIAN_POINT('',(-6.125841223968E1,-1.104913691906E-1,
3.700000017295E1));
#316=LINE('',#315,#314);
#317=DIRECTION('',(0.E0,2.862803821162E-11,-1.E0));
#318=VECTOR('',#317,3.6E1);
#319=CARTESIAN_POINT('',(-6.125841223968E1,-6.918903417431E0,3.7E1));
#320=LINE('',#319,#318);
#321=DIRECTION('',(0.E0,1.E0,6.013757537735E-12));
#322=VECTOR('',#321,6.808411664893E0);
#323=CARTESIAN_POINT('',(-6.125841223968E1,-6.918903416400E0,1.E0));
#324=LINE('',#323,#322);
#325=DIRECTION('',(0.E0,4.165814518772E-14,-1.E0));
#326=VECTOR('',#325,5.039999999959E0);
#327=CARTESIAN_POINT('',(-6.125841223968E1,-1.104917515070E-1,6.04E0));
#328=LINE('',#327,#326);
#329=DIRECTION('',(0.E0,-1.E0,-1.273298789562E-14));
#330=VECTOR('',#329,1.395082484930E-1);
#331=CARTESIAN_POINT('',(-6.125841223968E1,-1.104917515070E-1,6.04E0));
#332=LINE('',#331,#330);
#333=DIRECTION('',(0.E0,0.E0,-1.E0));
#334=VECTOR('',#333,2.5E1);
#335=CARTESIAN_POINT('',(-6.125841223968E1,-2.5E-1,3.104E1));
#336=LINE('',#335,#334);
#337=DIRECTION('',(0.E0,-1.E0,0.E0));
#338=VECTOR('',#337,1.395082484930E-1);
#339=CARTESIAN_POINT('',(-6.125841223968E1,-1.104917515070E-1,3.104E1));
#340=LINE('',#339,#338);
#341=CARTESIAN_POINT('',(-6.025841223968E1,-1.104917515070E-1,1.E0));
#342=DIRECTION('',(0.E0,-1.E0,0.E0));
#343=DIRECTION('',(-1.E0,0.E0,0.E0));
#344=AXIS2_PLACEMENT_3D('',#341,#342,#343);
#346=CARTESIAN_POINT('',(-6.025841223968E1,-6.918903415372E0,1.E0));
#347=DIRECTION('',(0.E0,1.E0,0.E0));
#348=DIRECTION('',(0.E0,0.E0,-1.E0));
#349=AXIS2_PLACEMENT_3D('',#346,#347,#348);
#351=CARTESIAN_POINT('',(-6.025841223968E1,-1.104917515070E-1,1.E0));
#352=DIRECTION('',(0.E0,0.E0,-1.E0));
#353=DIRECTION('',(-1.E0,0.E0,0.E0));
#354=AXIS2_PLACEMENT_3D('',#351,#352,#353);
#356=CARTESIAN_POINT('',(-6.025841223968E1,-1.104917515070E-1,1.E0));
#357=DIRECTION('',(2.191582754941E-1,9.756893205742E-1,0.E0));
#358=DIRECTION('',(2.131628207280E-14,0.E0,-1.E0));
#359=AXIS2_PLACEMENT_3D('',#356,#357,#358);
#361=CARTESIAN_POINT('',(-2.099836180552E1,5.675527001061E1,1.E0));
#362=DIRECTION('',(6.557422633019E-1,7.549848237678E-1,0.E0));
#363=DIRECTION('',(0.E0,0.E0,-1.E0));
#364=AXIS2_PLACEMENT_3D('',#361,#362,#363);
#366=CARTESIAN_POINT('',(-4.615098080382E1,2.779595674916E1,1.E0));
#367=DIRECTION('',(6.557422633019E-1,7.549848237678E-1,0.E0));
#368=DIRECTION('',(0.E0,0.E0,-1.E0));
#369=AXIS2_PLACEMENT_3D('',#366,#367,#368);
#371=CARTESIAN_POINT('',(-2.099836180487E1,5.675527000993E1,1.E0));
#372=DIRECTION('',(-7.245359998239E-1,-6.892369584977E-1,0.E0));
#373=DIRECTION('',(-6.892369584977E-1,7.245359998239E-1,0.E0));
#374=AXIS2_PLACEMENT_3D('',#371,#372,#373);
#376=CARTESIAN_POINT('',(-8.79E0,6.417652584221E1,0.E0));
#377=CARTESIAN_POINT('',(-8.991535850849E0,6.423012995037E1,0.E0));
#378=CARTESIAN_POINT('',(-9.379343071533E0,6.433019506421E1,4.061128976010E-2));
#379=CARTESIAN_POINT('',(-9.899828188588E0,6.443891008794E1,1.964466805637E-1));
#380=CARTESIAN_POINT('',(-1.035540627194E1,6.449461836094E1,4.249200980573E-1));
#381=CARTESIAN_POINT('',(-1.073983635643E1,6.448615161816E1,7.053808068196E-1));
#382=CARTESIAN_POINT('',(-1.093849461932E1,6.443582584781E1,9.020900091601E-1));
#383=CARTESIAN_POINT('',(-1.102606797730E1,6.439972740608E1,9.999999998406E-1));
#385=CARTESIAN_POINT('',(2.16E0,3.241086041653E1,3.7E1));
#386=DIRECTION('',(0.E0,0.E0,-1.E0));
#387=DIRECTION('',(-6.892369584977E-1,7.245359998239E-1,0.E0));
#388=AXIS2_PLACEMENT_3D('',#385,#386,#387);
#390=DIRECTION('',(4.207005114646E-13,4.000750348294E-13,1.E0));
#391=VECTOR('',#390,3.6E1);
#392=CARTESIAN_POINT('',(-2.168759876393E1,5.747980601020E1,1.E0));
#393=LINE('',#392,#391);
#394=CARTESIAN_POINT('',(2.16E0,3.241086041653E1,1.E0));
#395=DIRECTION('',(0.E0,0.E0,1.E0));
#396=DIRECTION('',(-3.811002305688E-1,9.245337280275E-1,0.E0));
#397=AXIS2_PLACEMENT_3D('',#394,#395,#396);
#399=DIRECTION('',(0.E0,0.E0,1.E0));
#400=VECTOR('',#399,3.2E1);
#401=CARTESIAN_POINT('',(-1.179E1,6.407404882199E1,3.E0));
#402=LINE('',#401,#400);
#403=CARTESIAN_POINT('',(-2.099836180487E1,5.675527000993E1,3.7E1));
#404=DIRECTION('',(7.245359998239E-1,6.892369584977E-1,0.E0));
#405=DIRECTION('',(-6.892369584977E-1,7.245359998239E-1,0.E0));
#406=AXIS2_PLACEMENT_3D('',#403,#404,#405);
#408=CARTESIAN_POINT('',(-1.102606797730E1,6.439972740608E1,3.700000000016E1));
#409=CARTESIAN_POINT('',(-1.093896450848E1,6.443563215573E1,3.709738463879E1));
#410=CARTESIAN_POINT('',(-1.074142096411E1,6.448562188628E1,3.729286707198E1));
#411=CARTESIAN_POINT('',(-1.036387847007E1,6.449492756837E1,3.756955519871E1));
#412=CARTESIAN_POINT('',(-9.909248218459E0,6.444069177897E1,3.780013898185E1));
#413=CARTESIAN_POINT('',(-9.382201999178E0,6.433097585580E1,3.795919180493E1));
#414=CARTESIAN_POINT('',(-8.992446414302E0,6.423037214024E1,3.8E1));
#415=CARTESIAN_POINT('',(-8.79E0,6.417652584221E1,3.8E1));
#417=CARTESIAN_POINT('',(-2.099836180552E1,5.675527001061E1,3.7E1));
#418=DIRECTION('',(-9.048671774863E-11,-9.467680272104E-11,1.E0));
#419=DIRECTION('',(-6.892369584977E-1,7.245359998239E-1,6.231459792616E-12));
#420=AXIS2_PLACEMENT_3D('',#417,#418,#419);
#422=CARTESIAN_POINT('',(-2.099836180552E1,5.675527001061E1,3.7E1));
#423=DIRECTION('',(6.557422633019E-1,7.549848237678E-1,0.E0));
#424=DIRECTION('',(-7.549848237678E-1,6.557422633019E-1,0.E0));
#425=AXIS2_PLACEMENT_3D('',#422,#423,#424);
#427=CARTESIAN_POINT('',(-4.615098080382E1,2.779595674916E1,3.7E1));
#428=DIRECTION('',(-6.557422633019E-1,-7.549848237678E-1,0.E0));
#429=DIRECTION('',(0.E0,0.E0,1.E0));
#430=AXIS2_PLACEMENT_3D('',#427,#428,#429);
#432=DIRECTION('',(2.432059028441E-12,1.082405511232E-11,-1.E0));
#433=VECTOR('',#432,5.96E0);
#434=CARTESIAN_POINT('',(-6.123410156027E1,1.086665239225E-1,3.7E1));
#435=LINE('',#434,#433);
#436=CARTESIAN_POINT('',(2.107649131421E0,-1.411908872109E1,3.104E1));
#437=DIRECTION('',(0.E0,0.E0,1.E0));
#438=DIRECTION('',(-9.627709027147E-1,2.703186802386E-1,0.E0));
#439=AXIS2_PLACEMENT_3D('',#436,#437,#438);
#441=DIRECTION('',(0.E0,0.E0,1.E0));
#442=VECTOR('',#441,2.5E1);
#443=CARTESIAN_POINT('',(-6.039543787282E1,3.43E0,6.04E0));
#444=LINE('',#443,#442);
#445=CARTESIAN_POINT('',(2.107649131421E0,-1.411908872109E1,6.04E0));
#446=DIRECTION('',(0.E0,0.E0,1.E0));
#447=DIRECTION('',(-9.627709027147E-1,2.703186802386E-1,0.E0));
#448=AXIS2_PLACEMENT_3D('',#445,#446,#447);
#450=DIRECTION('',(-2.850629785133E-12,-1.268973627676E-11,-1.E0));
#451=VECTOR('',#450,5.04E0);
#452=CARTESIAN_POINT('',(-6.123410156025E1,1.086665239871E-1,6.04E0));
#453=LINE('',#452,#451);
#454=CARTESIAN_POINT('',(2.107649131421E0,-1.411908872109E1,1.E0));
#455=DIRECTION('',(0.E0,0.E0,-1.E0));
#456=DIRECTION('',(-9.756893205742E-1,2.191582754941E-1,0.E0));
#457=AXIS2_PLACEMENT_3D('',#454,#455,#456);
#459=DIRECTION('',(4.754715140128E-13,5.474139660085E-13,1.E0));
#460=VECTOR('',#459,3.6E1);
#461=CARTESIAN_POINT('',(-4.690596562757E1,2.845169901249E1,1.E0));
#462=LINE('',#461,#460);
#463=CARTESIAN_POINT('',(2.107649131421E0,-1.411908872109E1,3.7E1));
#464=DIRECTION('',(0.E0,0.E0,1.E0));
#465=DIRECTION('',(-7.549848237678E-1,6.557422633019E-1,0.E0));
#466=AXIS2_PLACEMENT_3D('',#463,#464,#465);
#468=CARTESIAN_POINT('',(-5.307826608836E1,-6.918903415372E0,3.104E1));
#469=DIRECTION('',(0.E0,0.E0,-1.E0));
#470=DIRECTION('',(1.E0,0.E0,0.E0));
#471=AXIS2_PLACEMENT_3D('',#468,#469,#470);
#473=DIRECTION('',(0.E0,1.E0,0.E0));
#474=VECTOR('',#473,6.918903415372E0);
#475=CARTESIAN_POINT('',(-5.207826608836E1,-6.918903415372E0,3.104E1));
#476=LINE('',#475,#474);
#477=DIRECTION('',(1.E0,0.E0,0.E0));
#478=VECTOR('',#477,9.028522938054E0);
#479=CARTESIAN_POINT('',(-6.039543787282E1,3.43E0,3.104E1));
#480=LINE('',#479,#478);
#481=CARTESIAN_POINT('',(-6.025841223968E1,-1.104917515070E-1,3.104E1));
#482=DIRECTION('',(0.E0,0.E0,1.E0));
#483=DIRECTION('',(-9.756893205742E-1,2.191582754941E-1,0.E0));
#484=AXIS2_PLACEMENT_3D('',#481,#482,#483);
#486=DIRECTION('',(0.E0,1.E0,0.E0));
#487=VECTOR('',#486,7.668903415372E0);
#488=CARTESIAN_POINT('',(-5.403461166115E1,-7.918903415372E0,3.104E1));
#489=LINE('',#488,#487);
#490=CARTESIAN_POINT('',(5.916476045361E1,-5.268240056004E0,3.104E1));
#491=DIRECTION('',(0.E0,0.E0,-1.E0));
#492=DIRECTION('',(-1.421085471520E-14,-1.E0,0.E0));
#493=AXIS2_PLACEMENT_3D('',#490,#491,#492);
#495=DIRECTION('',(0.E0,-1.E0,0.E0));
#496=VECTOR('',#495,6.018240056004E0);
#497=CARTESIAN_POINT('',(6.014407063826E1,-2.5E-1,3.104E1));
#498=LINE('',#497,#496);
#499=DIRECTION('',(1.E0,0.E0,0.E0));
#500=VECTOR('',#499,9.870531207025E0);
#501=CARTESIAN_POINT('',(5.816476045361E1,3.43E0,3.104E1));
#502=LINE('',#501,#500);
#503=DIRECTION('',(0.E0,-1.E0,0.E0));
#504=VECTOR('',#503,8.698240056004E0);
#505=CARTESIAN_POINT('',(5.816476045361E1,3.43E0,3.104E1));
#506=LINE('',#505,#504);
#507=CARTESIAN_POINT('',(-5.307826608836E1,-6.918903415372E0,3.7E1));
#508=DIRECTION('',(0.E0,0.E0,-1.E0));
#509=DIRECTION('',(1.E0,0.E0,0.E0));
#510=AXIS2_PLACEMENT_3D('',#507,#508,#509);
#512=DIRECTION('',(0.E0,0.E0,-1.E0));
#513=VECTOR('',#512,5.960000001029E0);
#514=CARTESIAN_POINT('',(-5.307826608836E1,-7.918903415372E0,3.700000000103E1));
#515=LINE('',#514,#513);
#516=DIRECTION('',(-1.E0,0.E0,0.E0));
#517=VECTOR('',#516,9.563455727943E-1);
#518=CARTESIAN_POINT('',(-5.307826608836E1,-7.918903415372E0,3.104E1));
#519=LINE('',#518,#517);
#520=DIRECTION('',(0.E0,0.E0,-1.E0));
#521=VECTOR('',#520,2.5E1);
#522=CARTESIAN_POINT('',(-5.403461166115E1,-7.918903415372E0,3.104E1));
#523=LINE('',#522,#521);
#524=DIRECTION('',(-1.E0,0.E0,0.E0));
#525=VECTOR('',#524,9.563455727943E-1);
#526=CARTESIAN_POINT('',(-5.307826608836E1,-7.918903415372E0,6.04E0));
#527=LINE('',#526,#525);
#528=DIRECTION('',(0.E0,0.E0,-1.E0));
#529=VECTOR('',#528,5.040000002059E0);
#530=CARTESIAN_POINT('',(-5.307826608836E1,-7.918903415372E0,6.04E0));
#531=LINE('',#530,#529);
#532=DIRECTION('',(-1.E0,0.E0,2.867885197474E-10));
#533=VECTOR('',#532,7.180146165551E0);
#534=CARTESIAN_POINT('',(-5.307826608836E1,-7.918903415372E0,
9.999999979408E-1));
#535=LINE('',#534,#533);
#536=DIRECTION('',(-1.976303565243E-10,0.E0,-1.E0));
#537=VECTOR('',#536,3.6E1);
#538=CARTESIAN_POINT('',(-6.025841224679E1,-7.918903415372E0,3.7E1));
#539=LINE('',#538,#537);
#540=DIRECTION('',(1.E0,0.E0,1.432516038999E-10));
#541=VECTOR('',#540,7.180146158436E0);
#542=CARTESIAN_POINT('',(-6.025841224679E1,-7.918903415372E0,3.7E1));
#543=LINE('',#542,#541);
#544=DIRECTION('',(0.E0,0.E0,-1.E0));
#545=VECTOR('',#544,2.5E1);
#546=CARTESIAN_POINT('',(6.014407063826E1,-2.5E-1,3.104E1));
#547=LINE('',#546,#545);
#548=DIRECTION('',(1.E0,0.E0,0.E0));
#549=VECTOR('',#548,7.891221022380E0);
#550=CARTESIAN_POINT('',(6.014407063826E1,-2.5E-1,3.104E1));
#551=LINE('',#550,#549);
#552=DIRECTION('',(0.E0,0.E0,-1.E0));
#553=VECTOR('',#552,2.5E1);
#554=CARTESIAN_POINT('',(-5.403461166115E1,-2.5E-1,3.104E1));
#555=LINE('',#554,#553);
#556=DIRECTION('',(1.E0,0.E0,0.E0));
#557=VECTOR('',#556,7.223800578529E0);
#558=CARTESIAN_POINT('',(-6.125841223968E1,-2.5E-1,3.104E1));
#559=LINE('',#558,#557);
#560=DIRECTION('',(0.E0,0.E0,1.E0));
#561=VECTOR('',#560,5.960000002059E0);
#562=CARTESIAN_POINT('',(5.916476045361E1,-6.268240056004E0,3.104E1));
#563=LINE('',#562,#561);
#564=DIRECTION('',(1.E0,0.E0,-2.616327056797E-10));
#565=VECTOR('',#564,7.870531209084E0);
#566=CARTESIAN_POINT('',(5.916476045361E1,-6.268240056004E0,3.700000000206E1));
#567=LINE('',#566,#565);
#568=DIRECTION('',(-2.862816156974E-11,0.E0,-1.E0));
#569=VECTOR('',#568,3.6E1);
#570=CARTESIAN_POINT('',(6.703529166270E1,-6.268240056004E0,3.7E1));
#571=LINE('',#570,#569);
#572=DIRECTION('',(-1.E0,0.E0,-6.618455786188E-10));
#573=VECTOR('',#572,7.870531208053E0);
#574=CARTESIAN_POINT('',(6.703529166167E1,-6.268240056004E0,1.E0));
#575=LINE('',#574,#573);
#576=DIRECTION('',(0.E0,0.E0,-1.E0));
#577=VECTOR('',#576,5.040000005209E0);
#578=CARTESIAN_POINT('',(5.916476045361E1,-6.268240056004E0,6.04E0));
#579=LINE('',#578,#577);
#580=DIRECTION('',(1.E0,0.E0,0.E0));
#581=VECTOR('',#580,9.793101846454E-1);
#582=CARTESIAN_POINT('',(5.916476045361E1,-6.268240056004E0,6.04E0));
#583=LINE('',#582,#581);
#584=DIRECTION('',(0.E0,0.E0,-1.E0));
#585=VECTOR('',#584,2.5E1);
#586=CARTESIAN_POINT('',(6.014407063826E1,-6.268240056004E0,3.104E1));
#587=LINE('',#586,#585);
#588=DIRECTION('',(1.E0,0.E0,0.E0));
#589=VECTOR('',#588,9.793101846454E-1);
#590=CARTESIAN_POINT('',(5.916476045361E1,-6.268240056004E0,3.104E1));
#591=LINE('',#590,#589);
#592=CARTESIAN_POINT('',(5.916476045361E1,-5.268240056004E0,3.7E1));
#593=DIRECTION('',(0.E0,0.E0,1.E0));
#594=DIRECTION('',(-1.E0,0.E0,0.E0));
#595=AXIS2_PLACEMENT_3D('',#592,#593,#594);
#597=CARTESIAN_POINT('',(5.916476045361E1,-5.268240056004E0,3.7E1));
#598=DIRECTION('',(-1.E0,0.E0,0.E0));
#599=DIRECTION('',(0.E0,-1.E0,0.E0));
#600=AXIS2_PLACEMENT_3D('',#597,#598,#599);
#602=CARTESIAN_POINT('',(6.703529166064E1,-5.268240056004E0,3.7E1));
#603=DIRECTION('',(1.E0,0.E0,0.E0));
#604=DIRECTION('',(0.E0,0.E0,1.E0));
#605=AXIS2_PLACEMENT_3D('',#602,#603,#604);
#607=CARTESIAN_POINT('',(6.703529166064E1,-5.268240056004E0,3.7E1));
#608=DIRECTION('',(0.E0,0.E0,1.E0));
#609=DIRECTION('',(0.E0,-1.E0,0.E0));
#610=AXIS2_PLACEMENT_3D('',#607,#608,#609);
#612=CARTESIAN_POINT('',(6.703529166064E1,-5.268240056004E0,1.E0));
#613=DIRECTION('',(0.E0,0.E0,-1.E0));
#614=DIRECTION('',(1.E0,0.E0,0.E0));
#615=AXIS2_PLACEMENT_3D('',#612,#613,#614);
#617=DIRECTION('',(0.E0,1.E0,0.E0));
#618=VECTOR('',#617,3.68E0);
#619=CARTESIAN_POINT('',(6.803529166064E1,-2.5E-1,6.04E0));
#620=LINE('',#619,#618);
#621=DIRECTION('',(0.E0,0.E0,1.E0));
#622=VECTOR('',#621,2.5E1);
#623=CARTESIAN_POINT('',(6.803529166064E1,3.43E0,6.04E0));
#624=LINE('',#623,#622);
#625=DIRECTION('',(0.E0,-1.E0,0.E0));
#626=VECTOR('',#625,3.68E0);
#627=CARTESIAN_POINT('',(6.803529166064E1,3.43E0,3.104E1));
#628=LINE('',#627,#626);
#629=DIRECTION('',(0.E0,0.E0,-1.E0));
#630=VECTOR('',#629,2.5E1);
#631=CARTESIAN_POINT('',(6.803529166064E1,-2.5E-1,3.104E1));
#632=LINE('',#631,#630);
#633=DIRECTION('',(-7.776495370482E-14,6.245372808636E-9,-1.E0));
#634=VECTOR('',#633,3.600000058537E1);
#635=CARTESIAN_POINT('',(6.803529166064E1,1.305748924243E1,3.699999935632E1));
#636=LINE('',#635,#634);
#637=DIRECTION('',(2.334132052164E-13,-1.E0,6.706696344243E-8));
#638=VECTOR('',#637,1.832572953750E1);
#639=CARTESIAN_POINT('',(6.803529166063E1,1.305748946726E1,9.999987709490E-1));
#640=LINE('',#639,#638);
#641=DIRECTION('',(0.E0,-1.976303565243E-10,-1.E0));
#642=VECTOR('',#641,3.6E1);
#643=CARTESIAN_POINT('',(6.803529166064E1,-5.268240063117E0,3.7E1));
#644=LINE('',#643,#642);
#645=DIRECTION('',(-8.064775298921E-14,1.E0,-3.512434448292E-8));
#646=VECTOR('',#645,1.832572930555E1);
#647=CARTESIAN_POINT('',(6.803529166064E1,-5.268240063117E0,3.7E1));
#648=LINE('',#647,#646);
#649=CARTESIAN_POINT('',(-5.307826608836E1,-6.918903415372E0,6.04E0));
#650=DIRECTION('',(0.E0,0.E0,1.E0));
#651=DIRECTION('',(0.E0,-1.E0,0.E0));
#652=AXIS2_PLACEMENT_3D('',#649,#650,#651);
#654=DIRECTION('',(0.E0,1.E0,0.E0));
#655=VECTOR('',#654,7.668903415372E0);
#656=CARTESIAN_POINT('',(-5.403461166115E1,-7.918903415372E0,6.04E0));
#657=LINE('',#656,#655);
#658=DIRECTION('',(1.E0,0.E0,0.E0));
#659=VECTOR('',#658,7.223800578529E0);
#660=CARTESIAN_POINT('',(-6.125841223968E1,-2.5E-1,6.04E0));
#661=LINE('',#660,#659);
#662=CARTESIAN_POINT('',(-6.025841223968E1,-1.104917515070E-1,6.04E0));
#663=DIRECTION('',(0.E0,0.E0,-1.E0));
#664=DIRECTION('',(-1.E0,0.E0,0.E0));
#665=AXIS2_PLACEMENT_3D('',#662,#663,#664);
#667=DIRECTION('',(0.E0,-1.E0,0.E0));
#668=VECTOR('',#667,6.918903415372E0);
#669=CARTESIAN_POINT('',(-5.207826608836E1,0.E0,6.04E0));
#670=LINE('',#669,#668);
#671=CARTESIAN_POINT('',(5.916476045361E1,-5.268240056004E0,6.04E0));
#672=DIRECTION('',(0.E0,0.E0,1.E0));
#673=DIRECTION('',(-1.E0,0.E0,0.E0));
#674=AXIS2_PLACEMENT_3D('',#671,#672,#673);
#676=DIRECTION('',(0.E0,1.E0,0.E0));
#677=VECTOR('',#676,8.698240056004E0);
#678=CARTESIAN_POINT('',(5.816476045361E1,-5.268240056004E0,6.04E0));
#679=LINE('',#678,#677);
#680=DIRECTION('',(1.E0,0.E0,0.E0));
#681=VECTOR('',#680,7.891221022380E0);
#682=CARTESIAN_POINT('',(6.014407063826E1,-2.5E-1,6.04E0));
#683=LINE('',#682,#681);
#684=DIRECTION('',(0.E0,-1.E0,0.E0));
#685=VECTOR('',#684,6.018240056004E0);
#686=CARTESIAN_POINT('',(6.014407063826E1,-2.5E-1,6.04E0));
#687=LINE('',#686,#685);
#688=DIRECTION('',(0.E0,0.E0,-1.E0));
#689=VECTOR('',#688,5.96E0);
#690=CARTESIAN_POINT('',(-5.207826608836E1,-6.918903415372E0,3.7E1));
#691=LINE('',#690,#689);
#692=DIRECTION('',(-1.301361936677E-11,-1.E0,0.E0));
#693=VECTOR('',#692,6.918903414787E0);
#694=CARTESIAN_POINT('',(-5.207826608827E1,-5.842841765968E-10,3.7E1));
#695=LINE('',#694,#693);
#696=DIRECTION('',(-1.286984516799E-11,1.E0,0.E0));
#697=VECTOR('',#696,6.918903412058E0);
#698=CARTESIAN_POINT('',(-5.207826608836E1,-6.918903415372E0,1.E0));
#699=LINE('',#698,#697);
#700=DIRECTION('',(0.E0,0.E0,-1.E0));
#701=VECTOR('',#700,5.04E0);
#702=CARTESIAN_POINT('',(-5.207826608836E1,-6.918903415372E0,6.04E0));
#703=LINE('',#702,#701);
#704=CARTESIAN_POINT('',(-5.307826608836E1,8.305469115496E-2,3.8E1));
#705=CARTESIAN_POINT('',(-5.297379834690E1,7.442461360508E-2,3.8E1));
#706=CARTESIAN_POINT('',(-5.276487636316E1,5.713591873397E-2,3.796718807117E1));
#707=CARTESIAN_POINT('',(-5.248049186209E1,3.352420973388E-2,3.782207756705E1));
#708=CARTESIAN_POINT('',(-5.225742421858E1,1.495101901386E-2,3.759960814420E1));
#709=CARTESIAN_POINT('',(-5.211126641532E1,2.756479613803E-3,3.731439086960E1));
#710=CARTESIAN_POINT('',(-5.207826608827E1,-5.842840992149E-10,
3.710479709467E1));
#711=CARTESIAN_POINT('',(-5.207826608827E1,-5.842841765968E-10,3.7E1));
#713=CARTESIAN_POINT('',(-5.307826608836E1,-6.918903415372E0,3.7E1));
#714=DIRECTION('',(0.E0,-1.E0,0.E0));
#715=DIRECTION('',(1.E0,0.E0,0.E0));
#716=AXIS2_PLACEMENT_3D('',#713,#714,#715);
#718=CARTESIAN_POINT('',(-5.307826608836E1,-6.918903415372E0,3.7E1));
#719=DIRECTION('',(1.E0,0.E0,0.E0));
#720=DIRECTION('',(0.E0,0.E0,1.E0));
#721=AXIS2_PLACEMENT_3D('',#718,#719,#720);
#723=CARTESIAN_POINT('',(-6.025841223968E1,-6.918903415372E0,3.7E1));
#724=DIRECTION('',(1.E0,0.E0,0.E0));
#725=DIRECTION('',(0.E0,0.E0,1.E0));
#726=AXIS2_PLACEMENT_3D('',#723,#724,#725);
#728=CARTESIAN_POINT('',(-6.457969754077E0,-7.672475274867E0,3.8E1));
#729=DIRECTION('',(0.E0,0.E0,-1.E0));
#730=DIRECTION('',(-9.864436976730E-1,1.641000649640E-1,0.E0));
#731=AXIS2_PLACEMENT_3D('',#728,#729,#730);
#733=CARTESIAN_POINT('',(-6.457969754077E0,-7.672475274867E0,1.E0));
#734=DIRECTION('',(0.E0,0.E0,1.E0));
#735=DIRECTION('',(-7.549848237678E-1,6.557422633019E-1,0.E0));
#736=AXIS2_PLACEMENT_3D('',#733,#734,#735);
#738=DIRECTION('',(1.766770151696E-11,6.574063236761E-10,1.E0));
#739=VECTOR('',#738,5.04E0);
#740=CARTESIAN_POINT('',(-5.207826608844E1,-3.313320284803E-9,1.E0));
#741=LINE('',#740,#739);
#742=CARTESIAN_POINT('',(-6.457969754077E0,-7.672475274867E0,6.04E0));
#743=DIRECTION('',(0.E0,0.E0,1.E0));
#744=DIRECTION('',(-9.707737432273E-1,2.399965405179E-1,0.E0));
#745=AXIS2_PLACEMENT_3D('',#742,#743,#744);
#747=DIRECTION('',(0.E0,0.E0,1.E0));
#748=VECTOR('',#747,2.5E1);
#749=CARTESIAN_POINT('',(-5.136691493476E1,3.43E0,6.04E0));
#750=LINE('',#749,#748);
#751=CARTESIAN_POINT('',(-6.457969754077E0,-7.672475274867E0,3.104E1));
#752=DIRECTION('',(0.E0,0.E0,1.E0));
#753=DIRECTION('',(-9.707737432273E-1,2.399965405179E-1,0.E0));
#754=AXIS2_PLACEMENT_3D('',#751,#752,#753);
#756=DIRECTION('',(1.510857062129E-11,-9.803552451567E-11,1.E0));
#757=VECTOR('',#756,5.96E0);
#758=CARTESIAN_POINT('',(-5.207826608836E1,0.E0,3.104E1));
#759=LINE('',#758,#757);
#760=CARTESIAN_POINT('',(-6.457969754077E0,-7.672475274867E0,3.7E1));
#761=DIRECTION('',(0.E0,0.E0,-1.E0));
#762=DIRECTION('',(-9.861506579899E-1,1.658519814356E-1,0.E0));
#763=AXIS2_PLACEMENT_3D('',#760,#761,#762);
#765=DIRECTION('',(1.E0,0.E0,0.E0));
#766=VECTOR('',#765,9.870531207025E0);
#767=CARTESIAN_POINT('',(5.816476045361E1,3.43E0,6.04E0));
#768=LINE('',#767,#766);
#769=DIRECTION('',(1.E0,0.E0,0.E0));
#770=VECTOR('',#769,9.028522938054E0);
#771=CARTESIAN_POINT('',(-6.039543787282E1,3.43E0,6.04E0));
#772=LINE('',#771,#770);
#773=CARTESIAN_POINT('',(5.916476045361E1,-5.268240056004E0,1.E0));
#774=DIRECTION('',(0.E0,0.E0,-1.E0));
#775=DIRECTION('',(0.E0,-1.E0,0.E0));
#776=AXIS2_PLACEMENT_3D('',#773,#774,#775);
#778=CARTESIAN_POINT('',(5.916476045361E1,-5.268240056004E0,1.E0));
#779=DIRECTION('',(1.E0,0.E0,0.E0));
#780=DIRECTION('',(0.E0,-1.E0,0.E0));
#781=AXIS2_PLACEMENT_3D('',#778,#779,#780);
#783=CARTESIAN_POINT('',(6.703529166064E1,-5.268240056004E0,1.E0));
#784=DIRECTION('',(-1.E0,0.E0,0.E0));
#785=DIRECTION('',(0.E0,0.E0,-1.E0));
#786=AXIS2_PLACEMENT_3D('',#783,#784,#785);
#788=CARTESIAN_POINT('',(6.703529166064E1,-5.268240056004E0,1.E0));
#789=DIRECTION('',(0.E0,-1.E0,0.E0));
#790=DIRECTION('',(0.E0,0.E0,-1.E0));
#791=AXIS2_PLACEMENT_3D('',#788,#789,#790);
#793=CARTESIAN_POINT('',(6.703529166064E1,1.305748867575E1,1.E0));
#794=DIRECTION('',(0.E0,1.E0,0.E0));
#795=DIRECTION('',(1.E0,0.E0,0.E0));
#796=AXIS2_PLACEMENT_3D('',#793,#794,#795);
#798=CARTESIAN_POINT('',(6.703529166064E1,1.305748867575E1,1.E0));
#799=DIRECTION('',(2.183444962325E-12,-2.538236451472E-11,-1.E0));
#800=DIRECTION('',(9.853329538811E-1,1.706428140762E-1,-2.179922908852E-12));
#801=AXIS2_PLACEMENT_3D('',#798,#799,#800);
#803=CARTESIAN_POINT('',(6.703529166064E1,1.305748867575E1,3.7E1));
#804=DIRECTION('',(0.E0,0.E0,-1.E0));
#805=DIRECTION('',(9.853329538812E-1,1.706428140762E-1,0.E0));
#806=AXIS2_PLACEMENT_3D('',#803,#804,#805);
#808=CARTESIAN_POINT('',(4.052809248555E0,2.15E0,1.E0));
#809=DIRECTION('',(0.E0,0.E0,1.E0));
#810=DIRECTION('',(9.853329538812E-1,1.706428140762E-1,0.E0));
#811=AXIS2_PLACEMENT_3D('',#808,#809,#810);
#813=DIRECTION('',(0.E0,4.130029651606E-14,-1.E0));
#814=VECTOR('',#813,3.6E1);
#815=CARTESIAN_POINT('',(6.802062461438E1,1.322813148979E1,3.7E1));
#816=LINE('',#815,#814);
#817=CARTESIAN_POINT('',(4.052809248555E0,2.15E0,3.7E1));
#818=DIRECTION('',(0.E0,0.E0,-1.E0));
#819=DIRECTION('',(2.680723772184E-1,9.633987754676E-1,0.E0));
#820=AXIS2_PLACEMENT_3D('',#817,#818,#819);
#822=DIRECTION('',(0.E0,0.E0,1.E0));
#823=VECTOR('',#822,3.2E1);
#824=CARTESIAN_POINT('',(2.222E1,6.447623508765E1,3.E0));
#825=LINE('',#824,#823);
#826=CARTESIAN_POINT('',(6.703529166009E1,1.305748867566E1,1.E0));
#827=DIRECTION('',(-1.706428140762E-1,9.853329538812E-1,0.E0));
#828=DIRECTION('',(9.853329538812E-1,1.706428140762E-1,0.E0));
#829=AXIS2_PLACEMENT_3D('',#826,#827,#828);
#831=CARTESIAN_POINT('',(2.145606797744E1,6.469384850320E1,9.999999999558E-1));
#832=CARTESIAN_POINT('',(2.136710140279E1,6.471860406835E1,9.005323456530E-1));
#833=CARTESIAN_POINT('',(2.116627610508E1,6.474349255916E1,7.024753137924E-1));
#834=CARTESIAN_POINT('',(2.078613071181E1,6.470887182077E1,4.257633710453E-1));
#835=CARTESIAN_POINT('',(2.033510348554E1,6.460812532772E1,1.987723312510E-1));
#836=CARTESIAN_POINT('',(1.981673433202E1,6.445144912100E1,4.199774155667E-2));
#837=CARTESIAN_POINT('',(1.942496448823E1,6.431621682816E1,0.E0));
#838=CARTESIAN_POINT('',(1.922E1,6.424446613539E1,0.E0));
#840=DIRECTION('',(0.E0,-1.E0,0.E0));
#841=VECTOR('',#840,5.455533864614E0);
#842=CARTESIAN_POINT('',(1.922E1,6.97E1,0.E0));
#843=LINE('',#842,#841);
#844=CARTESIAN_POINT('',(2.145606797744E1,6.469384850320E1,9.999999999558E-1));
#845=CARTESIAN_POINT('',(2.161841752630E1,6.464867361756E1,1.181512313625E0));
#846=CARTESIAN_POINT('',(2.189938312209E1,6.456913610651E1,1.583328937724E0));
#847=CARTESIAN_POINT('',(2.216542615015E1,6.449219244642E1,2.288154646546E0));
#848=CARTESIAN_POINT('',(2.222E1,6.447623508765E1,2.764703823114E0));
#849=CARTESIAN_POINT('',(2.222E1,6.447623508765E1,3.E0));
#851=DIRECTION('',(0.E0,-1.E0,0.E0));
#852=VECTOR('',#851,5.223764912353E0);
#853=CARTESIAN_POINT('',(2.222E1,6.97E1,3.E0));
#854=LINE('',#853,#852);
#855=DIRECTION('',(0.E0,-1.E0,0.E0));
#856=VECTOR('',#855,5.223764912353E0);
#857=CARTESIAN_POINT('',(2.222E1,6.97E1,3.5E1));
#858=LINE('',#857,#856);
#859=CARTESIAN_POINT('',(2.222E1,6.447623508765E1,3.5E1));
#860=CARTESIAN_POINT('',(2.222E1,6.447623508765E1,3.523560097578E1));
#861=CARTESIAN_POINT('',(2.216523953126E1,6.449224669513E1,3.571252949373E1));
#862=CARTESIAN_POINT('',(2.189934887753E1,6.456914558577E1,3.641663966704E1));
#863=CARTESIAN_POINT('',(2.161842330139E1,6.464867201060E1,3.681848122963E1));
#864=CARTESIAN_POINT('',(2.145606797744E1,6.469384850320E1,3.700000000004E1));
#866=DIRECTION('',(0.E0,1.E0,0.E0));
#867=VECTOR('',#866,5.455533864614E0);
#868=CARTESIAN_POINT('',(1.922E1,6.424446613539E1,3.8E1));
#869=LINE('',#868,#867);
#870=CARTESIAN_POINT('',(1.922E1,6.424446613539E1,3.8E1));
#871=CARTESIAN_POINT('',(1.942419568118E1,6.431594769647E1,3.8E1));
#872=CARTESIAN_POINT('',(1.981441983504E1,6.445064297018E1,3.795826605403E1));
#873=CARTESIAN_POINT('',(2.032943338229E1,6.460649950596E1,3.780326596236E1));
#874=CARTESIAN_POINT('',(2.077979566526E1,6.470784906485E1,3.757818376091E1));
#875=CARTESIAN_POINT('',(2.116365774134E1,6.474369555346E1,3.730001819192E1));
#876=CARTESIAN_POINT('',(2.136620970203E1,6.471885219026E1,3.710046460611E1));
#877=CARTESIAN_POINT('',(2.145606797744E1,6.469384850320E1,3.700000000004E1));
#879=CARTESIAN_POINT('',(6.703529166009E1,1.305748867566E1,3.7E1));
#880=DIRECTION('',(1.706428140762E-1,-9.853329538812E-1,0.E0));
#881=DIRECTION('',(9.853329538812E-1,1.706428140762E-1,0.E0));
#882=AXIS2_PLACEMENT_3D('',#879,#880,#881);
#884=CARTESIAN_POINT('',(6.703529166064E1,1.305748867575E1,3.7E1));
#885=DIRECTION('',(0.E0,1.E0,0.E0));
#886=DIRECTION('',(0.E0,0.E0,1.E0));
#887=AXIS2_PLACEMENT_3D('',#884,#885,#886);
#889=CARTESIAN_POINT('',(6.703529166064E1,-5.268240056004E0,3.7E1));
#890=DIRECTION('',(0.E0,1.E0,0.E0));
#891=DIRECTION('',(0.E0,0.E0,1.E0));
#892=AXIS2_PLACEMENT_3D('',#889,#890,#891);
#894=CARTESIAN_POINT('',(5.215E0,6.97E1,1.9E1));
#895=DIRECTION('',(0.E0,-1.E0,0.E0));
#896=DIRECTION('',(0.E0,0.E0,1.E0));
#897=AXIS2_PLACEMENT_3D('',#894,#895,#896);
#899=CARTESIAN_POINT('',(5.215E0,6.97E1,1.9E1));
#900=DIRECTION('',(0.E0,-1.E0,0.E0));
#901=DIRECTION('',(0.E0,0.E0,-1.E0));
#902=AXIS2_PLACEMENT_3D('',#899,#900,#901);
#904=CARTESIAN_POINT('',(1.661738389573E1,6.97E1,7.057183594556E0));
#905=DIRECTION('',(0.E0,-1.E0,0.E0));
#906=DIRECTION('',(0.E0,0.E0,1.E0));
#907=AXIS2_PLACEMENT_3D('',#904,#905,#906);
#909=CARTESIAN_POINT('',(1.661738389573E1,6.97E1,7.057183594556E0));
#910=DIRECTION('',(0.E0,-1.E0,0.E0));
#911=DIRECTION('',(0.E0,0.E0,-1.E0));
#912=AXIS2_PLACEMENT_3D('',#909,#910,#911);
#914=CARTESIAN_POINT('',(1.661738389573E1,6.97E1,3.094281640544E1));
#915=DIRECTION('',(0.E0,-1.E0,0.E0));
#916=DIRECTION('',(0.E0,0.E0,1.E0));
#917=AXIS2_PLACEMENT_3D('',#914,#915,#916);
#919=CARTESIAN_POINT('',(1.661738389573E1,6.97E1,3.094281640544E1));
#920=DIRECTION('',(0.E0,-1.E0,0.E0));
#921=DIRECTION('',(0.E0,0.E0,-1.E0));
#922=AXIS2_PLACEMENT_3D('',#919,#920,#921);
#924=CARTESIAN_POINT('',(-6.187383895726E0,6.97E1,3.094281640544E1));
#925=DIRECTION('',(0.E0,-1.E0,0.E0));
#926=DIRECTION('',(0.E0,0.E0,1.E0));
#927=AXIS2_PLACEMENT_3D('',#924,#925,#926);
#929=CARTESIAN_POINT('',(-6.187383895726E0,6.97E1,3.094281640544E1));
#930=DIRECTION('',(0.E0,-1.E0,0.E0));
#931=DIRECTION('',(0.E0,0.E0,-1.E0));
#932=AXIS2_PLACEMENT_3D('',#929,#930,#931);
#934=CARTESIAN_POINT('',(-6.187383895726E0,6.97E1,7.057183594556E0));
#935=DIRECTION('',(0.E0,-1.E0,0.E0));
#936=DIRECTION('',(0.E0,0.E0,1.E0));
#937=AXIS2_PLACEMENT_3D('',#934,#935,#936);
#939=CARTESIAN_POINT('',(-6.187383895726E0,6.97E1,7.057183594556E0));
#940=DIRECTION('',(0.E0,-1.E0,0.E0));
#941=DIRECTION('',(0.E0,0.E0,-1.E0));
#942=AXIS2_PLACEMENT_3D('',#939,#940,#941);
#944=CARTESIAN_POINT('',(-8.79E0,6.97E1,3.5E1));
#945=DIRECTION('',(0.E0,1.E0,0.E0));
#946=DIRECTION('',(-1.E0,0.E0,0.E0));
#947=AXIS2_PLACEMENT_3D('',#944,#945,#946);
#949=DIRECTION('',(0.E0,0.E0,1.E0));
#950=VECTOR('',#949,3.2E1);
#951=CARTESIAN_POINT('',(-1.179E1,6.97E1,3.E0));
#952=LINE('',#951,#950);
#953=CARTESIAN_POINT('',(-8.79E0,6.97E1,3.E0));
#954=DIRECTION('',(0.E0,1.E0,0.E0));
#955=DIRECTION('',(0.E0,0.E0,-1.E0));
#956=AXIS2_PLACEMENT_3D('',#953,#954,#955);
#958=DIRECTION('',(-1.E0,0.E0,0.E0));
#959=VECTOR('',#958,2.801E1);
#960=CARTESIAN_POINT('',(1.922E1,6.97E1,0.E0));
#961=LINE('',#960,#959);
#962=CARTESIAN_POINT('',(1.922E1,6.97E1,3.E0));
#963=DIRECTION('',(0.E0,1.E0,0.E0));
#964=DIRECTION('',(1.E0,0.E0,0.E0));
#965=AXIS2_PLACEMENT_3D('',#962,#963,#964);
#967=DIRECTION('',(0.E0,0.E0,-1.E0));
#968=VECTOR('',#967,3.2E1);
#969=CARTESIAN_POINT('',(2.222E1,6.97E1,3.5E1));
#970=LINE('',#969,#968);
#971=CARTESIAN_POINT('',(1.922E1,6.97E1,3.5E1));
#972=DIRECTION('',(0.E0,1.E0,0.E0));
#973=DIRECTION('',(0.E0,0.E0,1.E0));
#974=AXIS2_PLACEMENT_3D('',#971,#972,#973);
#976=DIRECTION('',(1.E0,0.E0,0.E0));
#977=VECTOR('',#976,2.801E1);
#978=CARTESIAN_POINT('',(-8.79E0,6.97E1,3.8E1));
#979=LINE('',#978,#977);
#980=DIRECTION('',(0.E0,1.E0,0.E0));
#981=VECTOR('',#980,1.E0);
#982=CARTESIAN_POINT('',(5.215E0,6.87E1,2.9E1));
#983=LINE('',#982,#981);
#984=CARTESIAN_POINT('',(5.215E0,6.87E1,1.9E1));
#985=DIRECTION('',(0.E0,1.E0,0.E0));
#986=DIRECTION('',(1.E0,0.E0,0.E0));
#987=AXIS2_PLACEMENT_3D('',#984,#985,#986);
#989=DIRECTION('',(0.E0,-1.E0,0.E0));
#990=VECTOR('',#989,5.E0);
#991=CARTESIAN_POINT('',(1.5215E1,6.87E1,1.9E1));
#992=LINE('',#991,#990);
#993=DIRECTION('',(0.E0,1.E0,0.E0));
#994=VECTOR('',#993,1.E0);
#995=CARTESIAN_POINT('',(5.215E0,6.87E1,9.E0));
#996=LINE('',#995,#994);
#997=CARTESIAN_POINT('',(5.215E0,6.87E1,1.9E1));
#998=DIRECTION('',(0.E0,1.E0,0.E0));
#999=DIRECTION('',(-1.E0,0.E0,0.E0));
#1000=AXIS2_PLACEMENT_3D('',#997,#998,#999);
#1002=DIRECTION('',(0.E0,-1.E0,0.E0));
#1003=VECTOR('',#1002,5.E0);
#1004=CARTESIAN_POINT('',(-4.785E0,6.87E1,1.9E1));
#1005=LINE('',#1004,#1003);
#1006=CARTESIAN_POINT('',(5.215E0,6.37E1,1.9E1));
#1007=DIRECTION('',(0.E0,1.E0,0.E0));
#1008=DIRECTION('',(1.E0,0.E0,0.E0));
#1009=AXIS2_PLACEMENT_3D('',#1006,#1007,#1008);
#1011=CARTESIAN_POINT('',(5.215E0,6.37E1,1.9E1));
#1012=DIRECTION('',(0.E0,1.E0,0.E0));
#1013=DIRECTION('',(-1.E0,0.E0,0.E0));
#1014=AXIS2_PLACEMENT_3D('',#1011,#1012,#1013);
#1016=CARTESIAN_POINT('',(-6.187383895726E0,6.37E1,7.057183594556E0));
#1017=DIRECTION('',(0.E0,1.E0,0.E0));
#1018=DIRECTION('',(1.E0,0.E0,0.E0));
#1019=AXIS2_PLACEMENT_3D('',#1016,#1017,#1018);
#1021=CARTESIAN_POINT('',(-6.187383895726E0,6.37E1,7.057183594556E0));
#1022=DIRECTION('',(0.E0,1.E0,0.E0));
#1023=DIRECTION('',(-1.E0,0.E0,0.E0));
#1024=AXIS2_PLACEMENT_3D('',#1021,#1022,#1023);
#1026=CARTESIAN_POINT('',(1.661738389573E1,6.37E1,7.057183594556E0));
#1027=DIRECTION('',(0.E0,1.E0,0.E0));
#1028=DIRECTION('',(1.E0,0.E0,0.E0));
#1029=AXIS2_PLACEMENT_3D('',#1026,#1027,#1028);
#1031=CARTESIAN_POINT('',(1.661738389573E1,6.37E1,7.057183594556E0));
#1032=DIRECTION('',(0.E0,1.E0,0.E0));
#1033=DIRECTION('',(-1.E0,0.E0,0.E0));
#1034=AXIS2_PLACEMENT_3D('',#1031,#1032,#1033);
#1036=CARTESIAN_POINT('',(1.661738389573E1,6.37E1,3.094281640544E1));
#1037=DIRECTION('',(0.E0,1.E0,0.E0));
#1038=DIRECTION('',(1.E0,0.E0,0.E0));
#1039=AXIS2_PLACEMENT_3D('',#1036,#1037,#1038);
#1041=CARTESIAN_POINT('',(1.661738389573E1,6.37E1,3.094281640544E1));
#1042=DIRECTION('',(0.E0,1.E0,0.E0));
#1043=DIRECTION('',(-1.E0,0.E0,0.E0));
#1044=AXIS2_PLACEMENT_3D('',#1041,#1042,#1043);
#1046=CARTESIAN_POINT('',(-6.187383895726E0,6.37E1,3.094281640544E1));
#1047=DIRECTION('',(0.E0,1.E0,0.E0));
#1048=DIRECTION('',(1.E0,0.E0,0.E0));
#1049=AXIS2_PLACEMENT_3D('',#1046,#1047,#1048);
#1051=CARTESIAN_POINT('',(-6.187383895726E0,6.37E1,3.094281640544E1));
#1052=DIRECTION('',(0.E0,1.E0,0.E0));
#1053=DIRECTION('',(-1.E0,0.E0,0.E0));
#1054=AXIS2_PLACEMENT_3D('',#1051,#1052,#1053);
#1056=CARTESIAN_POINT('',(-8.117059086212E0,6.536972054069E1,6.228718954864E0));
#1057=CARTESIAN_POINT('',(-8.229670271061E0,6.531715973063E1,6.491015013334E0));
#1058=CARTESIAN_POINT('',(-8.287383895726E0,6.529022213231E1,6.766936906382E0));
#1059=CARTESIAN_POINT('',(-8.287383895726E0,6.529022213231E1,7.057183594556E0));
#1061=CARTESIAN_POINT('',(-8.117059086212E0,6.536972054069E1,6.228718954864E0));
#1062=CARTESIAN_POINT('',(-8.230604265777E0,6.536601950367E1,6.493190491135E0));
#1063=CARTESIAN_POINT('',(-8.287383895726E0,6.536416875568E1,6.769344405120E0));
#1064=CARTESIAN_POINT('',(-8.287383895726E0,6.536416875568E1,7.057183594556E0));
#1066=DIRECTION('',(0.E0,1.E0,0.E0));
#1067=VECTOR('',#1066,1.E0);
#1068=CARTESIAN_POINT('',(-6.187383895726E0,6.87E1,9.157183594556E0));
#1069=LINE('',#1068,#1067);
#1070=CARTESIAN_POINT('',(-6.187383895726E0,6.87E1,7.057183594556E0));
#1071=DIRECTION('',(0.E0,1.E0,0.E0));
#1072=DIRECTION('',(1.E0,0.E0,0.E0));
#1073=AXIS2_PLACEMENT_3D('',#1070,#1071,#1072);
#1075=DIRECTION('',(0.E0,-1.E0,0.E0));
#1076=VECTOR('',#1075,5.E0);
#1077=CARTESIAN_POINT('',(-4.087383895726E0,6.87E1,7.057183594556E0));
#1078=LINE('',#1077,#1076);
#1079=CARTESIAN_POINT('',(-8.287383895726E0,6.529022213231E1,7.057183594556E0));
#1080=CARTESIAN_POINT('',(-8.287383895726E0,6.529022213231E1,7.347430282729E0));
#1081=CARTESIAN_POINT('',(-8.229670271061E0,6.531715973063E1,7.623352175777E0));
#1082=CARTESIAN_POINT('',(-8.117059086212E0,6.536972054069E1,7.885648234248E0));
#1084=DIRECTION('',(0.E0,-1.E0,0.E0));
#1085=VECTOR('',#1084,1.590222132313E0);
#1086=CARTESIAN_POINT('',(-8.287383895726E0,6.529022213231E1,7.057183594556E0));
#1087=LINE('',#1086,#1085);
#1088=DIRECTION('',(0.E0,1.E0,0.E0));
#1089=VECTOR('',#1088,1.E0);
#1090=CARTESIAN_POINT('',(-6.187383895726E0,6.87E1,4.957183594556E0));
#1091=LINE('',#1090,#1089);
#1092=CARTESIAN_POINT('',(-6.187383895726E0,6.87E1,7.057183594556E0));
#1093=DIRECTION('',(0.E0,1.E0,0.E0));
#1094=DIRECTION('',(-1.E0,0.E0,0.E0));
#1095=AXIS2_PLACEMENT_3D('',#1092,#1093,#1094);
#1097=DIRECTION('',(0.E0,-1.E0,0.E0));
#1098=VECTOR('',#1097,3.335831244317E0);
#1099=CARTESIAN_POINT('',(-8.287383895726E0,6.87E1,7.057183594556E0));
#1100=LINE('',#1099,#1098);
#1101=CARTESIAN_POINT('',(-8.287383895726E0,6.536416875568E1,7.057183594556E0));
#1102=CARTESIAN_POINT('',(-8.287383895726E0,6.536416875568E1,7.345022783992E0));
#1103=CARTESIAN_POINT('',(-8.230604265777E0,6.536601950367E1,7.621176697976E0));
#1104=CARTESIAN_POINT('',(-8.117059086212E0,6.536972054069E1,7.885648234248E0));
#1106=DIRECTION('',(-1.286493173730E-14,0.E0,-1.E0));
#1107=VECTOR('',#1106,1.656929279384E0);
#1108=CARTESIAN_POINT('',(-8.117059086212E0,6.536972054069E1,7.885648234248E0));
#1109=LINE('',#1108,#1107);
#1110=DIRECTION('',(0.E0,0.E0,-1.E0));
#1111=VECTOR('',#1110,1.656929279384E0);
#1112=CARTESIAN_POINT('',(-8.117059086212E0,6.536972054069E1,3.177128104514E1));
#1113=LINE('',#1112,#1111);
#1114=CARTESIAN_POINT('',(-8.117059086212E0,6.536972054069E1,3.011435176575E1));
#1115=CARTESIAN_POINT('',(-8.229670271061E0,6.531715973063E1,3.037664782422E1));
#1116=CARTESIAN_POINT('',(-8.287383895726E0,6.529022213231E1,3.065256971727E1));
#1117=CARTESIAN_POINT('',(-8.287383895726E0,6.529022213231E1,3.094281640544E1));
#1119=CARTESIAN_POINT('',(-8.117059086212E0,6.536972054069E1,3.011435176575E1));
#1120=CARTESIAN_POINT('',(-8.230604265777E0,6.536601950367E1,3.037882330202E1));
#1121=CARTESIAN_POINT('',(-8.287383895726E0,6.536416875568E1,3.065497721601E1));
#1122=CARTESIAN_POINT('',(-8.287383895726E0,6.536416875568E1,3.094281640544E1));
#1124=DIRECTION('',(0.E0,1.E0,0.E0));
#1125=VECTOR('',#1124,1.E0);
#1126=CARTESIAN_POINT('',(-6.187383895726E0,6.87E1,3.304281640544E1));
#1127=LINE('',#1126,#1125);
#1128=CARTESIAN_POINT('',(-6.187383895726E0,6.87E1,3.094281640544E1));
#1129=DIRECTION('',(0.E0,1.E0,0.E0));
#1130=DIRECTION('',(1.E0,0.E0,0.E0));
#1131=AXIS2_PLACEMENT_3D('',#1128,#1129,#1130);
#1133=DIRECTION('',(0.E0,-1.E0,0.E0));
#1134=VECTOR('',#1133,5.E0);
#1135=CARTESIAN_POINT('',(-4.087383895726E0,6.87E1,3.094281640544E1));
#1136=LINE('',#1135,#1134);
#1137=CARTESIAN_POINT('',(-8.287383895726E0,6.529022213231E1,3.094281640544E1));
#1138=CARTESIAN_POINT('',(-8.287383895726E0,6.529022213231E1,3.123306309362E1));
#1139=CARTESIAN_POINT('',(-8.229670271061E0,6.531715973063E1,3.150898498667E1));
#1140=CARTESIAN_POINT('',(-8.117059086212E0,6.536972054069E1,3.177128104514E1));
#1142=DIRECTION('',(0.E0,-1.E0,0.E0));
#1143=VECTOR('',#1142,1.590222132313E0);
#1144=CARTESIAN_POINT('',(-8.287383895726E0,6.529022213231E1,3.094281640544E1));
#1145=LINE('',#1144,#1143);
#1146=DIRECTION('',(0.E0,1.E0,0.E0));
#1147=VECTOR('',#1146,1.E0);
#1148=CARTESIAN_POINT('',(-6.187383895726E0,6.87E1,2.884281640544E1));
#1149=LINE('',#1148,#1147);
#1150=CARTESIAN_POINT('',(-6.187383895726E0,6.87E1,3.094281640544E1));
#1151=DIRECTION('',(0.E0,1.E0,0.E0));
#1152=DIRECTION('',(-1.E0,0.E0,0.E0));
#1153=AXIS2_PLACEMENT_3D('',#1150,#1151,#1152);
#1155=DIRECTION('',(0.E0,-1.E0,0.E0));
#1156=VECTOR('',#1155,3.335831244317E0);
#1157=CARTESIAN_POINT('',(-8.287383895726E0,6.87E1,3.094281640544E1));
#1158=LINE('',#1157,#1156);
#1159=CARTESIAN_POINT('',(-8.287383895726E0,6.536416875568E1,3.094281640544E1));
#1160=CARTESIAN_POINT('',(-8.287383895726E0,6.536416875568E1,3.123065559488E1));
#1161=CARTESIAN_POINT('',(-8.230604265777E0,6.536601950367E1,3.150680950886E1));
#1162=CARTESIAN_POINT('',(-8.117059086212E0,6.536972054069E1,3.177128104514E1));
#1164=DIRECTION('',(0.E0,1.E0,0.E0));
#1165=VECTOR('',#1164,1.E0);
#1166=CARTESIAN_POINT('',(1.661738389573E1,6.87E1,9.157183594556E0));
#1167=LINE('',#1166,#1165);
#1168=CARTESIAN_POINT('',(1.661738389573E1,6.87E1,7.057183594556E0));
#1169=DIRECTION('',(0.E0,1.E0,0.E0));
#1170=DIRECTION('',(1.E0,0.E0,0.E0));
#1171=AXIS2_PLACEMENT_3D('',#1168,#1169,#1170);
#1173=DIRECTION('',(0.E0,-1.E0,0.E0));
#1174=VECTOR('',#1173,5.E0);
#1175=CARTESIAN_POINT('',(1.871738389573E1,6.87E1,7.057183594556E0));
#1176=LINE('',#1175,#1174);
#1177=DIRECTION('',(0.E0,1.E0,0.E0));
#1178=VECTOR('',#1177,1.E0);
#1179=CARTESIAN_POINT('',(1.661738389573E1,6.87E1,4.957183594556E0));
#1180=LINE('',#1179,#1178);
#1181=CARTESIAN_POINT('',(1.661738389573E1,6.87E1,7.057183594556E0));
#1182=DIRECTION('',(0.E0,1.E0,0.E0));
#1183=DIRECTION('',(-1.E0,0.E0,0.E0));
#1184=AXIS2_PLACEMENT_3D('',#1181,#1182,#1183);
#1186=DIRECTION('',(0.E0,-1.E0,0.E0));
#1187=VECTOR('',#1186,5.E0);
#1188=CARTESIAN_POINT('',(1.451738389573E1,6.87E1,7.057183594556E0));
#1189=LINE('',#1188,#1187);
#1190=DIRECTION('',(0.E0,1.E0,0.E0));
#1191=VECTOR('',#1190,1.E0);
#1192=CARTESIAN_POINT('',(1.661738389573E1,6.87E1,3.304281640544E1));
#1193=LINE('',#1192,#1191);
#1194=CARTESIAN_POINT('',(1.661738389573E1,6.87E1,3.094281640544E1));
#1195=DIRECTION('',(0.E0,1.E0,0.E0));
#1196=DIRECTION('',(1.E0,0.E0,0.E0));
#1197=AXIS2_PLACEMENT_3D('',#1194,#1195,#1196);
#1199=DIRECTION('',(0.E0,-1.E0,0.E0));
#1200=VECTOR('',#1199,5.E0);
#1201=CARTESIAN_POINT('',(1.871738389573E1,6.87E1,3.094281640544E1));
#1202=LINE('',#1201,#1200);
#1203=DIRECTION('',(0.E0,1.E0,0.E0));
#1204=VECTOR('',#1203,1.E0);
#1205=CARTESIAN_POINT('',(1.661738389573E1,6.87E1,2.884281640544E1));
#1206=LINE('',#1205,#1204);
#1207=CARTESIAN_POINT('',(1.661738389573E1,6.87E1,3.094281640544E1));
#1208=DIRECTION('',(0.E0,1.E0,0.E0));
#1209=DIRECTION('',(-1.E0,0.E0,0.E0));
#1210=AXIS2_PLACEMENT_3D('',#1207,#1208,#1209);
#1212=DIRECTION('',(0.E0,-1.E0,0.E0));
#1213=VECTOR('',#1212,5.E0);
#1214=CARTESIAN_POINT('',(1.451738389573E1,6.87E1,3.094281640544E1));
#1215=LINE('',#1214,#1213);
#1216=DIRECTION('',(0.E0,-1.E0,0.E0));
#1217=VECTOR('',#1216,5.523474157787E0);
#1218=CARTESIAN_POINT('',(-8.79E0,6.97E1,3.8E1));
#1219=LINE('',#1218,#1217);
#1220=CARTESIAN_POINT('',(-1.102606797730E1,6.439972740608E1,3.700000000016E1));
#1221=CARTESIAN_POINT('',(-1.114897958920E1,6.434906225216E1,3.686258064051E1));
#1222=CARTESIAN_POINT('',(-1.136945206924E1,6.425653044941E1,3.656540439010E1));
#1223=CARTESIAN_POINT('',(-1.161522105711E1,6.415070981154E1,3.605959459559E1));
#1224=CARTESIAN_POINT('',(-1.176007981055E1,6.408725856960E1,3.552578885438E1));
#1225=CARTESIAN_POINT('',(-1.179E1,6.407404882199E1,3.517324666740E1));
#1226=CARTESIAN_POINT('',(-1.179E1,6.407404882199E1,3.5E1));
#1228=DIRECTION('',(0.E0,1.E0,0.E0));
#1229=VECTOR('',#1228,5.625951178007E0);
#1230=CARTESIAN_POINT('',(-1.179E1,6.407404882199E1,3.5E1));
#1231=LINE('',#1230,#1229);
#1232=DIRECTION('',(0.E0,1.E0,0.E0));
#1233=VECTOR('',#1232,5.625951178007E0);
#1234=CARTESIAN_POINT('',(-1.179E1,6.407404882199E1,3.E0));
#1235=LINE('',#1234,#1233);
#1236=CARTESIAN_POINT('',(-1.179E1,6.407404882199E1,3.E0));
#1237=CARTESIAN_POINT('',(-1.179E1,6.407404882199E1,2.827060912813E0));
#1238=CARTESIAN_POINT('',(-1.176018712805E1,6.408721110398E1,2.474940691360E0));
#1239=CARTESIAN_POINT('',(-1.161551030844E1,6.415058418505E1,1.941121605813E0));
#1240=CARTESIAN_POINT('',(-1.136962383130E1,6.425645804738E1,1.434825683587E0));
#1241=CARTESIAN_POINT('',(-1.114904573286E1,6.434903498721E1,1.137493310358E0));
#1242=CARTESIAN_POINT('',(-1.102606797730E1,6.439972740608E1,
9.999999998406E-1));
#1244=DIRECTION('',(0.E0,1.E0,0.E0));
#1245=VECTOR('',#1244,5.523474157787E0);
#1246=CARTESIAN_POINT('',(-8.79E0,6.417652584221E1,0.E0));
#1247=LINE('',#1246,#1245);
#1248=DIRECTION('',(5.672324681310E-8,6.530431657219E-8,1.E0));
#1249=VECTOR('',#1248,3.600000133256E1);
#1250=CARTESIAN_POINT('',(-2.175334400627E1,5.741101529384E1,1.000002490734E0));
#1251=LINE('',#1250,#1249);
#1252=DIRECTION('',(-6.557422633044E-1,-7.549848237656E-1,-9.967537052026E-8));
#1253=VECTOR('',#1252,3.835748444300E1);
#1254=CARTESIAN_POINT('',(-2.175334196423E1,5.741101764480E1,3.700000382330E1));
#1255=LINE('',#1254,#1253);
#1256=DIRECTION('',(6.557422633027E-1,7.549848237671E-1,6.493477281590E-8));
#1257=VECTOR('',#1256,3.835748132905E1);
#1258=CARTESIAN_POINT('',(-4.690596562757E1,2.845169901249E1,1.E0));
#1259=LINE('',#1258,#1257);
#1260=CARTESIAN_POINT('',(-2.099836180552E1,5.675527001061E1,1.E0));
#1261=DIRECTION('',(0.E0,0.E0,1.E0));
#1262=DIRECTION('',(-6.892369584977E-1,7.245359998239E-1,0.E0));
#1263=AXIS2_PLACEMENT_3D('',#1260,#1261,#1262);
#1265=CARTESIAN_POINT('',(1.5215E1,6.37E1,1.9E1));
#1266=CARTESIAN_POINT('',(-4.785E0,6.37E1,1.9E1));
#1267=VERTEX_POINT('',#1265);
#1268=VERTEX_POINT('',#1266);
#1269=CARTESIAN_POINT('',(-4.087383895726E0,6.37E1,7.057183594556E0));
#1270=CARTESIAN_POINT('',(-8.287383895726E0,6.37E1,7.057183594556E0));
#1271=VERTEX_POINT('',#1269);
#1272=VERTEX_POINT('',#1270);
#1273=CARTESIAN_POINT('',(1.871738389573E1,6.37E1,7.057183594556E0));
#1274=CARTESIAN_POINT('',(1.451738389573E1,6.37E1,7.057183594556E0));
#1275=VERTEX_POINT('',#1273);
#1276=VERTEX_POINT('',#1274);
#1277=CARTESIAN_POINT('',(1.871738389573E1,6.37E1,3.094281640544E1));
#1278=CARTESIAN_POINT('',(1.451738389573E1,6.37E1,3.094281640544E1));
#1279=VERTEX_POINT('',#1277);
#1280=VERTEX_POINT('',#1278);
#1281=CARTESIAN_POINT('',(-4.087383895726E0,6.37E1,3.094281640544E1));
#1282=CARTESIAN_POINT('',(-8.287383895726E0,6.37E1,3.094281640544E1));
#1283=VERTEX_POINT('',#1281);
#1284=VERTEX_POINT('',#1282);
#1285=CARTESIAN_POINT('',(5.215E0,6.97E1,2.9E1));
#1286=CARTESIAN_POINT('',(5.215E0,6.97E1,9.E0));
#1287=VERTEX_POINT('',#1285);
#1288=VERTEX_POINT('',#1286);
#1289=CARTESIAN_POINT('',(1.661738389573E1,6.97E1,9.157183594556E0));
#1290=CARTESIAN_POINT('',(1.661738389573E1,6.97E1,4.957183594556E0));
#1291=VERTEX_POINT('',#1289);
#1292=VERTEX_POINT('',#1290);
#1293=CARTESIAN_POINT('',(1.661738389573E1,6.97E1,3.304281640544E1));
#1294=CARTESIAN_POINT('',(1.661738389573E1,6.97E1,2.884281640544E1));
#1295=VERTEX_POINT('',#1293);
#1296=VERTEX_POINT('',#1294);
#1297=CARTESIAN_POINT('',(-6.187383895726E0,6.97E1,3.304281640544E1));
#1298=CARTESIAN_POINT('',(-6.187383895726E0,6.97E1,2.884281640544E1));
#1299=VERTEX_POINT('',#1297);
#1300=VERTEX_POINT('',#1298);
#1301=CARTESIAN_POINT('',(-6.187383895726E0,6.97E1,9.157183594556E0));
#1302=CARTESIAN_POINT('',(-6.187383895726E0,6.97E1,4.957183594556E0));
#1303=VERTEX_POINT('',#1301);
#1304=VERTEX_POINT('',#1302);
#1305=CARTESIAN_POINT('',(-4.785E0,6.87E1,1.9E1));
#1306=CARTESIAN_POINT('',(5.215E0,6.87E1,2.9E1));
#1307=VERTEX_POINT('',#1305);
#1308=VERTEX_POINT('',#1306);
#1309=CARTESIAN_POINT('',(1.5215E1,6.87E1,1.9E1));
#1310=CARTESIAN_POINT('',(5.215E0,6.87E1,9.E0));
#1311=VERTEX_POINT('',#1309);
#1312=VERTEX_POINT('',#1310);
#1313=CARTESIAN_POINT('',(1.451738389573E1,6.87E1,7.057183594556E0));
#1314=CARTESIAN_POINT('',(1.661738389573E1,6.87E1,9.157183594556E0));
#1315=VERTEX_POINT('',#1313);
#1316=VERTEX_POINT('',#1314);
#1317=CARTESIAN_POINT('',(1.871738389573E1,6.87E1,7.057183594556E0));
#1318=CARTESIAN_POINT('',(1.661738389573E1,6.87E1,4.957183594556E0));
#1319=VERTEX_POINT('',#1317);
#1320=VERTEX_POINT('',#1318);
#1321=CARTESIAN_POINT('',(1.451738389573E1,6.87E1,3.094281640544E1));
#1322=CARTESIAN_POINT('',(1.661738389573E1,6.87E1,3.304281640544E1));
#1323=VERTEX_POINT('',#1321);
#1324=VERTEX_POINT('',#1322);
#1325=CARTESIAN_POINT('',(1.871738389573E1,6.87E1,3.094281640544E1));
#1326=CARTESIAN_POINT('',(1.661738389573E1,6.87E1,2.884281640544E1));
#1327=VERTEX_POINT('',#1325);
#1328=VERTEX_POINT('',#1326);
#1329=CARTESIAN_POINT('',(-8.287383895726E0,6.87E1,3.094281640544E1));
#1330=CARTESIAN_POINT('',(-6.187383895726E0,6.87E1,3.304281640544E1));
#1331=VERTEX_POINT('',#1329);
#1332=VERTEX_POINT('',#1330);
#1333=CARTESIAN_POINT('',(-4.087383895726E0,6.87E1,3.094281640544E1));
#1334=CARTESIAN_POINT('',(-6.187383895726E0,6.87E1,2.884281640544E1));
#1335=VERTEX_POINT('',#1333);
#1336=VERTEX_POINT('',#1334);
#1337=CARTESIAN_POINT('',(-8.287383895726E0,6.87E1,7.057183594556E0));
#1338=CARTESIAN_POINT('',(-6.187383895726E0,6.87E1,9.157183594556E0));
#1339=VERTEX_POINT('',#1337);
#1340=VERTEX_POINT('',#1338);
#1341=CARTESIAN_POINT('',(-4.087383895726E0,6.87E1,7.057183594556E0));
#1342=CARTESIAN_POINT('',(-6.187383895726E0,6.87E1,4.957183594556E0));
#1343=VERTEX_POINT('',#1341);
#1344=VERTEX_POINT('',#1342);
#1345=CARTESIAN_POINT('',(5.816476045361E1,3.43E0,6.04E0));
#1346=CARTESIAN_POINT('',(5.816476045361E1,3.43E0,3.104E1));
#1347=VERTEX_POINT('',#1345);
#1348=VERTEX_POINT('',#1346);
#1349=CARTESIAN_POINT('',(6.803529166064E1,-2.5E-1,6.04E0));
#1350=CARTESIAN_POINT('',(6.803529166064E1,3.43E0,6.04E0));
#1351=VERTEX_POINT('',#1349);
#1352=VERTEX_POINT('',#1350);
#1353=CARTESIAN_POINT('',(6.803529166064E1,3.43E0,3.104E1));
#1354=VERTEX_POINT('',#1353);
#1355=CARTESIAN_POINT('',(6.803529166064E1,-2.5E-1,3.104E1));
#1356=VERTEX_POINT('',#1355);
#1357=CARTESIAN_POINT('',(-6.039543787282E1,3.43E0,6.04E0));
#1358=CARTESIAN_POINT('',(-6.039543787282E1,3.43E0,3.104E1));
#1359=VERTEX_POINT('',#1357);
#1360=VERTEX_POINT('',#1358);
#1361=CARTESIAN_POINT('',(-5.136691493476E1,3.43E0,6.04E0));
#1362=CARTESIAN_POINT('',(-5.207826608836E1,3.197442310920E-14,6.04E0));
#1363=VERTEX_POINT('',#1361);
#1364=VERTEX_POINT('',#1362);
#1365=CARTESIAN_POINT('',(-5.136691493476E1,3.43E0,3.104E1));
#1366=VERTEX_POINT('',#1365);
#1367=CARTESIAN_POINT('',(-5.207826608836E1,3.197442310920E-14,3.104E1));
#1368=VERTEX_POINT('',#1367);
#1369=CARTESIAN_POINT('',(-6.125841223968E1,-2.5E-1,3.104E1));
#1370=CARTESIAN_POINT('',(-6.125841223968E1,-2.5E-1,6.04E0));
#1371=VERTEX_POINT('',#1369);
#1372=VERTEX_POINT('',#1370);
#1373=CARTESIAN_POINT('',(6.014407063826E1,-6.268240056004E0,3.104E1));
#1374=CARTESIAN_POINT('',(6.014407063826E1,-6.268240056004E0,6.04E0));
#1375=VERTEX_POINT('',#1373);
#1376=VERTEX_POINT('',#1374);
#1377=CARTESIAN_POINT('',(-5.403461166115E1,-7.918903415372E0,3.104E1));
#1378=CARTESIAN_POINT('',(-5.403461166115E1,-7.918903415372E0,6.04E0));
#1379=VERTEX_POINT('',#1377);
#1380=VERTEX_POINT('',#1378);
#1381=CARTESIAN_POINT('',(6.014407063826E1,-2.5E-1,3.104E1));
#1382=CARTESIAN_POINT('',(6.014407063826E1,-2.5E-1,6.04E0));
#1383=VERTEX_POINT('',#1381);
#1384=VERTEX_POINT('',#1382);
#1385=CARTESIAN_POINT('',(-5.403461166115E1,-2.5E-1,3.104E1));
#1386=CARTESIAN_POINT('',(-5.403461166115E1,-2.5E-1,6.04E0));
#1387=VERTEX_POINT('',#1385);
#1388=VERTEX_POINT('',#1386);
#1389=VERTEX_POINT('',#1056);
#1390=VERTEX_POINT('',#1059);
#1391=VERTEX_POINT('',#1064);
#1392=VERTEX_POINT('',#1082);
#1393=VERTEX_POINT('',#1114);
#1394=VERTEX_POINT('',#1117);
#1395=VERTEX_POINT('',#1122);
#1396=VERTEX_POINT('',#1140);
#1397=CARTESIAN_POINT('',(-1.179E1,6.97E1,3.5E1));
#1398=CARTESIAN_POINT('',(-8.79E0,6.97E1,3.8E1));
#1399=VERTEX_POINT('',#1397);
#1400=VERTEX_POINT('',#1398);
#1401=CARTESIAN_POINT('',(-1.179E1,6.407404882199E1,3.5E1));
#1402=VERTEX_POINT('',#1401);
#1403=CARTESIAN_POINT('',(-8.79E0,6.97E1,0.E0));
#1404=CARTESIAN_POINT('',(-1.179E1,6.97E1,3.E0));
#1405=VERTEX_POINT('',#1403);
#1406=VERTEX_POINT('',#1404);
#1407=CARTESIAN_POINT('',(-1.179E1,6.407404882199E1,3.E0));
#1408=VERTEX_POINT('',#1407);
#1409=CARTESIAN_POINT('',(2.222E1,6.97E1,3.E0));
#1410=CARTESIAN_POINT('',(2.222E1,6.447623508765E1,3.E0));
#1411=VERTEX_POINT('',#1409);
#1412=VERTEX_POINT('',#1410);
#1413=CARTESIAN_POINT('',(1.922E1,6.97E1,0.E0));
#1414=VERTEX_POINT('',#1413);
#1415=CARTESIAN_POINT('',(1.922E1,6.97E1,3.8E1));
#1416=CARTESIAN_POINT('',(2.222E1,6.97E1,3.5E1));
#1417=VERTEX_POINT('',#1415);
#1418=VERTEX_POINT('',#1416);
#1419=CARTESIAN_POINT('',(2.222E1,6.447623508765E1,3.5E1));
#1420=VERTEX_POINT('',#1419);
#1421=CARTESIAN_POINT('',(-6.125841223968E1,-6.918903415372E0,3.7E1));
#1422=CARTESIAN_POINT('',(-6.025841223968E1,-7.918903415372E0,3.7E1));
#1423=VERTEX_POINT('',#1421);
#1424=VERTEX_POINT('',#1422);
#1425=CARTESIAN_POINT('',(6.703529166064E1,-6.268240056004E0,3.7E1));
#1426=CARTESIAN_POINT('',(6.803529166064E1,-5.268240056004E0,3.7E1));
#1427=VERTEX_POINT('',#1425);
#1428=VERTEX_POINT('',#1426);
#1429=CARTESIAN_POINT('',(6.803529166064E1,-5.268240056004E0,1.E0));
#1430=CARTESIAN_POINT('',(6.703529166064E1,-6.268240056004E0,1.E0));
#1431=VERTEX_POINT('',#1429);
#1432=VERTEX_POINT('',#1430);
#1433=CARTESIAN_POINT('',(-6.025841223968E1,-7.918903415372E0,1.E0));
#1434=CARTESIAN_POINT('',(-6.125841223968E1,-6.918903415372E0,1.E0));
#1435=VERTEX_POINT('',#1433);
#1436=VERTEX_POINT('',#1434);
#1437=CARTESIAN_POINT('',(-6.025841223968E1,-6.918903415372E0,3.8E1));
#1438=VERTEX_POINT('',#1437);
#1439=CARTESIAN_POINT('',(6.703529166064E1,-5.268240056004E0,3.8E1));
#1440=VERTEX_POINT('',#1439);
#1441=CARTESIAN_POINT('',(6.703529166064E1,-5.268240056004E0,0.E0));
#1442=VERTEX_POINT('',#1441);
#1443=CARTESIAN_POINT('',(-6.025841223968E1,-6.918903415372E0,0.E0));
#1444=VERTEX_POINT('',#1443);
#1445=CARTESIAN_POINT('',(-6.025841223968E1,-1.104917515070E-1,0.E0));
#1446=CARTESIAN_POINT('',(-4.615098080382E1,2.779595674916E1,0.E0));
#1447=VERTEX_POINT('',#1445);
#1448=VERTEX_POINT('',#1446);
#1449=CARTESIAN_POINT('',(-6.123410156025E1,1.086665239871E-1,1.E0));
#1450=CARTESIAN_POINT('',(-4.690596562759E1,2.845169901247E1,1.E0));
#1451=VERTEX_POINT('',#1449);
#1452=VERTEX_POINT('',#1450);
#1453=CARTESIAN_POINT('',(-6.125841223968E1,-1.104917515070E-1,1.E0));
#1454=VERTEX_POINT('',#1453);
#1455=CARTESIAN_POINT('',(-6.123410156025E1,1.086665239871E-1,6.04E0));
#1456=VERTEX_POINT('',#1455);
#1457=CARTESIAN_POINT('',(-6.125841223968E1,-1.104917515070E-1,6.04E0));
#1458=VERTEX_POINT('',#1457);
#1459=CARTESIAN_POINT('',(6.703529166009E1,1.305748867565E1,0.E0));
#1460=CARTESIAN_POINT('',(1.922E1,6.424446613539E1,0.E0));
#1461=VERTEX_POINT('',#1459);
#1462=VERTEX_POINT('',#1460);
#1463=CARTESIAN_POINT('',(6.802062461452E1,1.322813148983E1,1.E0));
#1464=CARTESIAN_POINT('',(2.145606797757E1,6.469384850336E1,1.E0));
#1465=VERTEX_POINT('',#1463);
#1466=VERTEX_POINT('',#1464);
#1467=CARTESIAN_POINT('',(6.803529166064E1,1.305748867575E1,1.E0));
#1468=VERTEX_POINT('',#1467);
#1469=CARTESIAN_POINT('',(6.802062461438E1,1.322813148979E1,3.7E1));
#1470=VERTEX_POINT('',#1469);
#1471=CARTESIAN_POINT('',(6.803529166064E1,1.305748924243E1,3.699999935632E1));
#1472=VERTEX_POINT('',#1471);
#1473=CARTESIAN_POINT('',(6.703529166064E1,1.305748867575E1,3.8E1));
#1474=VERTEX_POINT('',#1473);
#1475=CARTESIAN_POINT('',(2.145606797757E1,6.469384850336E1,3.7E1));
#1476=VERTEX_POINT('',#1475);
#1477=CARTESIAN_POINT('',(1.922E1,6.424446613539E1,3.8E1));
#1478=VERTEX_POINT('',#1477);
#1479=CARTESIAN_POINT('',(-6.125841223968E1,-1.104913691906E-1,
3.700000017295E1));
#1480=CARTESIAN_POINT('',(-6.125841223968E1,-1.104917515070E-1,3.104E1));
#1481=VERTEX_POINT('',#1479);
#1482=VERTEX_POINT('',#1480);
#1483=CARTESIAN_POINT('',(-6.123410156025E1,1.086665239871E-1,3.104E1));
#1484=VERTEX_POINT('',#1483);
#1485=CARTESIAN_POINT('',(-6.123410156027E1,1.086665239225E-1,3.7E1));
#1486=VERTEX_POINT('',#1485);
#1487=CARTESIAN_POINT('',(-6.025841223968E1,-1.104917515070E-1,3.8E1));
#1488=VERTEX_POINT('',#1487);
#1489=CARTESIAN_POINT('',(-4.615098080382E1,2.779595674916E1,3.8E1));
#1490=VERTEX_POINT('',#1489);
#1491=CARTESIAN_POINT('',(-4.690596562759E1,2.845169901247E1,3.7E1));
#1492=VERTEX_POINT('',#1491);
#1493=CARTESIAN_POINT('',(-2.099836180487E1,5.675527000993E1,3.8E1));
#1494=CARTESIAN_POINT('',(-8.79E0,6.417652584221E1,3.8E1));
#1495=VERTEX_POINT('',#1493);
#1496=VERTEX_POINT('',#1494);
#1497=CARTESIAN_POINT('',(-2.168759876402E1,5.747980601043E1,3.7E1));
#1498=CARTESIAN_POINT('',(-1.102606797768E1,6.439972740628E1,3.7E1));
#1499=VERTEX_POINT('',#1497);
#1500=VERTEX_POINT('',#1498);
#1501=CARTESIAN_POINT('',(-2.175334662929E1,5.741101227391E1,3.7E1));
#1502=VERTEX_POINT('',#1501);
#1503=CARTESIAN_POINT('',(-2.168759876393E1,5.747980601020E1,1.E0));
#1504=VERTEX_POINT('',#1503);
#1505=CARTESIAN_POINT('',(-2.175334400627E1,5.741101529384E1,1.000002490734E0));
#1506=VERTEX_POINT('',#1505);
#1507=CARTESIAN_POINT('',(-2.099836180552E1,5.675527001061E1,0.E0));
#1508=VERTEX_POINT('',#1507);
#1509=CARTESIAN_POINT('',(-1.102606797768E1,6.439972740628E1,1.E0));
#1510=VERTEX_POINT('',#1509);
#1511=CARTESIAN_POINT('',(-8.79E0,6.417652584221E1,0.E0));
#1512=VERTEX_POINT('',#1511);
#1513=CARTESIAN_POINT('',(-1.692517719740E1,5.234866399024E1,0.E0));
#1514=CARTESIAN_POINT('',(-4.213929276878E1,2.331854702741E1,0.E0));
#1515=VERTEX_POINT('',#1513);
#1516=VERTEX_POINT('',#1514);
#1517=CARTESIAN_POINT('',(-1.620068299124E1,5.165781654142E1,1.E0));
#1518=CARTESIAN_POINT('',(-4.138430794481E1,2.266280476406E1,1.E0));
#1519=VERTEX_POINT('',#1517);
#1520=VERTEX_POINT('',#1518);
#1521=CARTESIAN_POINT('',(5.005151836020E-1,5.895904510295E1,1.E0));
#1522=VERTEX_POINT('',#1521);
#1523=CARTESIAN_POINT('',(4.381285364509E-1,5.995709715752E1,0.E0));
#1524=VERTEX_POINT('',#1523);
#1525=CARTESIAN_POINT('',(-4.138430794484E1,2.266280476403E1,3.7E1));
#1526=CARTESIAN_POINT('',(-1.620068299124E1,5.165781654142E1,3.7E1));
#1527=VERTEX_POINT('',#1525);
#1528=VERTEX_POINT('',#1526);
#1529=CARTESIAN_POINT('',(-4.213929276878E1,2.331854702741E1,3.8E1));
#1530=CARTESIAN_POINT('',(-1.692517719740E1,5.234866399024E1,3.8E1));
#1531=VERTEX_POINT('',#1529);
#1532=VERTEX_POINT('',#1530);
#1533=CARTESIAN_POINT('',(4.381285364508E-1,5.995709715752E1,3.8E1));
#1534=VERTEX_POINT('',#1533);
#1535=CARTESIAN_POINT('',(5.005151836020E-1,5.895904510295E1,3.7E1));
#1536=VERTEX_POINT('',#1535);
#1537=CARTESIAN_POINT('',(-5.207826608836E1,-6.918903415372E0,3.104E1));
#1538=CARTESIAN_POINT('',(-5.307826608836E1,-7.918903415372E0,3.104E1));
#1539=VERTEX_POINT('',#1537);
#1540=VERTEX_POINT('',#1538);
#1541=CARTESIAN_POINT('',(-5.307826608836E1,-7.918903415372E0,
3.700000000103E1));
#1542=VERTEX_POINT('',#1541);
#1543=CARTESIAN_POINT('',(-5.207826608836E1,-6.918903415372E0,3.7E1));
#1544=VERTEX_POINT('',#1543);
#1545=CARTESIAN_POINT('',(-5.307826608836E1,-6.918903415372E0,3.8E1));
#1546=VERTEX_POINT('',#1545);
#1547=CARTESIAN_POINT('',(-5.207826608827E1,-5.842841765968E-10,3.7E1));
#1548=VERTEX_POINT('',#1547);
#1549=CARTESIAN_POINT('',(-5.307826608836E1,8.305469115496E-2,3.8E1));
#1550=VERTEX_POINT('',#1549);
#1551=CARTESIAN_POINT('',(-5.307826608836E1,-6.918903422485E0,0.E0));
#1552=CARTESIAN_POINT('',(-5.307826608836E1,8.305469115493E-2,0.E0));
#1553=VERTEX_POINT('',#1551);
#1554=VERTEX_POINT('',#1552);
#1555=CARTESIAN_POINT('',(-5.207826608836E1,-6.918903415372E0,1.E0));
#1556=CARTESIAN_POINT('',(-5.207826608844E1,-3.313320284803E-9,1.E0));
#1557=VERTEX_POINT('',#1555);
#1558=VERTEX_POINT('',#1556);
#1559=CARTESIAN_POINT('',(-5.307826608836E1,-7.918903415372E0,1.E0));
#1560=VERTEX_POINT('',#1559);
#1561=CARTESIAN_POINT('',(-5.307826608836E1,-7.918903415372E0,6.04E0));
#1562=CARTESIAN_POINT('',(-5.207826608836E1,-6.918903415372E0,6.04E0));
#1563=VERTEX_POINT('',#1561);
#1564=VERTEX_POINT('',#1562);
#1565=CARTESIAN_POINT('',(5.916476045361E1,-5.268240063117E0,3.8E1));
#1566=CARTESIAN_POINT('',(5.916476045361E1,1.220895767482E1,3.8E1));
#1567=VERTEX_POINT('',#1565);
#1568=VERTEX_POINT('',#1566);
#1569=CARTESIAN_POINT('',(5.816476045361E1,-5.268240056004E0,3.7E1));
#1570=CARTESIAN_POINT('',(5.816476045371E1,1.213697770386E1,3.7E1));
#1571=VERTEX_POINT('',#1569);
#1572=VERTEX_POINT('',#1570);
#1573=CARTESIAN_POINT('',(5.916476045361E1,-6.268240056004E0,3.7E1));
#1574=VERTEX_POINT('',#1573);
#1575=CARTESIAN_POINT('',(5.916476045361E1,-6.268240056004E0,3.104E1));
#1576=CARTESIAN_POINT('',(5.816476045361E1,-5.268240056004E0,3.104E1));
#1577=VERTEX_POINT('',#1575);
#1578=VERTEX_POINT('',#1576);
#1579=CARTESIAN_POINT('',(5.816476045361E1,-5.268240056004E0,1.E0));
#1580=CARTESIAN_POINT('',(5.816476045361E1,1.213697770598E1,1.E0));
#1581=VERTEX_POINT('',#1579);
#1582=VERTEX_POINT('',#1580);
#1583=CARTESIAN_POINT('',(5.916476045361E1,-5.268240061740E0,0.E0));
#1584=CARTESIAN_POINT('',(5.916476045361E1,1.220895767482E1,0.E0));
#1585=VERTEX_POINT('',#1583);
#1586=VERTEX_POINT('',#1584);
#1587=CARTESIAN_POINT('',(5.916476045361E1,-6.268240056004E0,1.E0));
#1588=VERTEX_POINT('',#1587);
#1589=CARTESIAN_POINT('',(5.816476045361E1,-5.268240056004E0,6.04E0));
#1590=CARTESIAN_POINT('',(5.916476045361E1,-6.268240056004E0,6.04E0));
#1591=VERTEX_POINT('',#1589);
#1592=VERTEX_POINT('',#1590);
#1593=CARTESIAN_POINT('',(0.E0,0.E0,0.E0));
#1594=DIRECTION('',(0.E0,0.E0,1.E0));
#1595=DIRECTION('',(1.E0,0.E0,0.E0));
#1596=AXIS2_PLACEMENT_3D('',#1593,#1594,#1595);
#1597=PLANE('',#1596);
#1599=ORIENTED_EDGE('',*,*,#1598,.F.);
#1601=ORIENTED_EDGE('',*,*,#1600,.F.);
#1603=ORIENTED_EDGE('',*,*,#1602,.F.);
#1605=ORIENTED_EDGE('',*,*,#1604,.T.);
#1607=ORIENTED_EDGE('',*,*,#1606,.F.);
#1609=ORIENTED_EDGE('',*,*,#1608,.T.);
#1611=ORIENTED_EDGE('',*,*,#1610,.F.);
#1613=ORIENTED_EDGE('',*,*,#1612,.T.);
#1615=ORIENTED_EDGE('',*,*,#1614,.F.);
#1617=ORIENTED_EDGE('',*,*,#1616,.F.);
#1619=ORIENTED_EDGE('',*,*,#1618,.F.);
#1621=ORIENTED_EDGE('',*,*,#1620,.F.);
#1623=ORIENTED_EDGE('',*,*,#1622,.T.);
#1625=ORIENTED_EDGE('',*,*,#1624,.F.);
#1627=ORIENTED_EDGE('',*,*,#1626,.F.);
#1629=ORIENTED_EDGE('',*,*,#1628,.F.);
#1631=ORIENTED_EDGE('',*,*,#1630,.F.);
#1632=EDGE_LOOP('',(#1599,#1601,#1603,#1605,#1607,#1609,#1611,#1613,#1615,#1617,
#1619,#1621,#1623,#1625,#1627,#1629,#1631));
#1633=FACE_OUTER_BOUND('',#1632,.F.);
#1634=ADVANCED_FACE('',(#1633),#1597,.F.);
#1635=CARTESIAN_POINT('',(5.916476045361E1,-6.608177844299E0,1.E0));
#1636=DIRECTION('',(0.E0,1.E0,0.E0));
#1637=DIRECTION('',(0.E0,0.E0,-1.E0));
#1638=AXIS2_PLACEMENT_3D('',#1635,#1636,#1637);
#1639=CYLINDRICAL_SURFACE('',#1638,1.E0);
#1641=ORIENTED_EDGE('',*,*,#1640,.F.);
#1643=ORIENTED_EDGE('',*,*,#1642,.F.);
#1644=ORIENTED_EDGE('',*,*,#1598,.T.);
#1646=ORIENTED_EDGE('',*,*,#1645,.T.);
#1647=EDGE_LOOP('',(#1641,#1643,#1644,#1646));
#1648=FACE_OUTER_BOUND('',#1647,.F.);
#1649=ADVANCED_FACE('',(#1648),#1639,.T.);
#1650=CARTESIAN_POINT('',(5.816476045361E1,1.213697770811E1,0.E0));
#1651=DIRECTION('',(-1.E0,0.E0,0.E0));
#1652=DIRECTION('',(0.E0,-1.E0,0.E0));
#1653=AXIS2_PLACEMENT_3D('',#1650,#1651,#1652);
#1654=PLANE('',#1653);
#1656=ORIENTED_EDGE('',*,*,#1655,.F.);
#1658=ORIENTED_EDGE('',*,*,#1657,.F.);
#1660=ORIENTED_EDGE('',*,*,#1659,.F.);
#1662=ORIENTED_EDGE('',*,*,#1661,.F.);
#1664=ORIENTED_EDGE('',*,*,#1663,.F.);
#1666=ORIENTED_EDGE('',*,*,#1665,.T.);
#1667=ORIENTED_EDGE('',*,*,#1640,.T.);
#1669=ORIENTED_EDGE('',*,*,#1668,.T.);
#1670=EDGE_LOOP('',(#1656,#1658,#1660,#1662,#1664,#1666,#1667,#1669));
#1671=FACE_OUTER_BOUND('',#1670,.F.);
#1672=ADVANCED_FACE('',(#1671),#1654,.T.);
#1673=CARTESIAN_POINT('',(5.916476045361E1,-6.498332540187E0,3.7E1));
#1674=DIRECTION('',(0.E0,1.E0,0.E0));
#1675=DIRECTION('',(-1.E0,0.E0,0.E0));
#1676=AXIS2_PLACEMENT_3D('',#1673,#1674,#1675);
#1677=CYLINDRICAL_SURFACE('',#1676,1.E0);
#1679=ORIENTED_EDGE('',*,*,#1678,.F.);
#1681=ORIENTED_EDGE('',*,*,#1680,.F.);
#1682=ORIENTED_EDGE('',*,*,#1655,.T.);
#1684=ORIENTED_EDGE('',*,*,#1683,.T.);
#1685=EDGE_LOOP('',(#1679,#1681,#1682,#1684));
#1686=FACE_OUTER_BOUND('',#1685,.F.);
#1687=ADVANCED_FACE('',(#1686),#1677,.T.);
#1688=CARTESIAN_POINT('',(0.E0,0.E0,3.8E1));
#1689=DIRECTION('',(0.E0,0.E0,1.E0));
#1690=DIRECTION('',(1.E0,0.E0,0.E0));
#1691=AXIS2_PLACEMENT_3D('',#1688,#1689,#1690);
#1692=PLANE('',#1691);
#1693=ORIENTED_EDGE('',*,*,#1678,.T.);
#1695=ORIENTED_EDGE('',*,*,#1694,.F.);
#1697=ORIENTED_EDGE('',*,*,#1696,.F.);
#1699=ORIENTED_EDGE('',*,*,#1698,.F.);
#1701=ORIENTED_EDGE('',*,*,#1700,.F.);
#1703=ORIENTED_EDGE('',*,*,#1702,.T.);
#1705=ORIENTED_EDGE('',*,*,#1704,.F.);
#1707=ORIENTED_EDGE('',*,*,#1706,.F.);
#1709=ORIENTED_EDGE('',*,*,#1708,.F.);
#1711=ORIENTED_EDGE('',*,*,#1710,.F.);
#1713=ORIENTED_EDGE('',*,*,#1712,.T.);
#1715=ORIENTED_EDGE('',*,*,#1714,.F.);
#1717=ORIENTED_EDGE('',*,*,#1716,.T.);
#1719=ORIENTED_EDGE('',*,*,#1718,.F.);
#1721=ORIENTED_EDGE('',*,*,#1720,.T.);
#1723=ORIENTED_EDGE('',*,*,#1722,.F.);
#1725=ORIENTED_EDGE('',*,*,#1724,.F.);
#1726=EDGE_LOOP('',(#1693,#1695,#1697,#1699,#1701,#1703,#1705,#1707,#1709,#1711,
#1713,#1715,#1717,#1719,#1721,#1723,#1725));
#1727=FACE_OUTER_BOUND('',#1726,.F.);
#1728=ADVANCED_FACE('',(#1727),#1692,.T.);
#1729=CARTESIAN_POINT('',(3.920223950545E0,4.251066445070E0,3.7E1));
#1730=DIRECTION('',(0.E0,0.E0,1.E0));
#1731=DIRECTION('',(-6.858032155589E-2,9.976455981436E-1,0.E0));
#1732=AXIS2_PLACEMENT_3D('',#1729,#1730,#1731);
#1733=TOROIDAL_SURFACE('',#1732,5.581475473621E1,1.E0);
#1734=ORIENTED_EDGE('',*,*,#1694,.T.);
#1735=ORIENTED_EDGE('',*,*,#1683,.F.);
#1737=ORIENTED_EDGE('',*,*,#1736,.F.);
#1739=ORIENTED_EDGE('',*,*,#1738,.F.);
#1740=EDGE_LOOP('',(#1734,#1735,#1737,#1739));
#1741=FACE_OUTER_BOUND('',#1740,.F.);
#1742=ADVANCED_FACE('',(#1741),#1733,.T.);
#1743=CARTESIAN_POINT('',(3.920223950545E0,4.251066445070E0,0.E0));
#1744=DIRECTION('',(0.E0,0.E0,1.E0));
#1745=DIRECTION('',(1.E0,0.E0,0.E0));
#1746=AXIS2_PLACEMENT_3D('',#1743,#1744,#1745);
#1747=CYLINDRICAL_SURFACE('',#1746,5.481475473703E1);
#1749=ORIENTED_EDGE('',*,*,#1748,.T.);
#1751=ORIENTED_EDGE('',*,*,#1750,.T.);
#1752=ORIENTED_EDGE('',*,*,#1736,.T.);
#1753=ORIENTED_EDGE('',*,*,#1668,.F.);
#1754=EDGE_LOOP('',(#1749,#1751,#1752,#1753));
#1755=FACE_OUTER_BOUND('',#1754,.F.);
#1756=ADVANCED_FACE('',(#1755),#1747,.F.);
#1757=CARTESIAN_POINT('',(3.920223950545E0,4.251066445070E0,1.E0));
#1758=DIRECTION('',(0.E0,0.E0,1.E0));
#1759=DIRECTION('',(-6.858032155589E-2,9.976455981436E-1,0.E0));
#1760=AXIS2_PLACEMENT_3D('',#1757,#1758,#1759);
#1761=TOROIDAL_SURFACE('',#1760,5.581475473621E1,1.E0);
#1762=ORIENTED_EDGE('',*,*,#1748,.F.);
#1763=ORIENTED_EDGE('',*,*,#1645,.F.);
#1764=ORIENTED_EDGE('',*,*,#1630,.T.);
#1766=ORIENTED_EDGE('',*,*,#1765,.T.);
#1767=EDGE_LOOP('',(#1762,#1763,#1764,#1766));
#1768=FACE_OUTER_BOUND('',#1767,.F.);
#1769=ADVANCED_FACE('',(#1768),#1761,.T.);
#1770=CARTESIAN_POINT('',(2.16E0,3.241086041653E1,1.E0));
#1771=DIRECTION('',(0.E0,0.E0,1.E0));
#1772=DIRECTION('',(-5.339582155181E-2,9.985734255631E-1,0.E0));
#1773=AXIS2_PLACEMENT_3D('',#1770,#1771,#1772);
#1774=TOROIDAL_SURFACE('',#1773,2.759999999869E1,1.E0);
#1776=ORIENTED_EDGE('',*,*,#1775,.F.);
#1777=ORIENTED_EDGE('',*,*,#1765,.F.);
#1778=ORIENTED_EDGE('',*,*,#1628,.T.);
#1780=ORIENTED_EDGE('',*,*,#1779,.F.);
#1781=EDGE_LOOP('',(#1776,#1777,#1778,#1780));
#1782=FACE_OUTER_BOUND('',#1781,.F.);
#1783=ADVANCED_FACE('',(#1782),#1774,.T.);
#1784=CARTESIAN_POINT('',(2.16E0,3.241086041653E1,0.E0));
#1785=DIRECTION('',(0.E0,0.E0,1.E0));
#1786=DIRECTION('',(1.E0,0.E0,0.E0));
#1787=AXIS2_PLACEMENT_3D('',#1784,#1785,#1786);
#1788=CYLINDRICAL_SURFACE('',#1787,2.66E1);
#1790=ORIENTED_EDGE('',*,*,#1789,.T.);
#1791=ORIENTED_EDGE('',*,*,#1750,.F.);
#1792=ORIENTED_EDGE('',*,*,#1775,.T.);
#1794=ORIENTED_EDGE('',*,*,#1793,.T.);
#1795=EDGE_LOOP('',(#1790,#1791,#1792,#1794));
#1796=FACE_OUTER_BOUND('',#1795,.F.);
#1797=ADVANCED_FACE('',(#1796),#1788,.F.);
#1798=CARTESIAN_POINT('',(2.16E0,3.241086041653E1,3.7E1));
#1799=DIRECTION('',(0.E0,0.E0,1.E0));
#1800=DIRECTION('',(-5.339582155181E-2,9.985734255631E-1,0.E0));
#1801=AXIS2_PLACEMENT_3D('',#1798,#1799,#1800);
#1802=TOROIDAL_SURFACE('',#1801,2.759999999869E1,1.E0);
#1803=ORIENTED_EDGE('',*,*,#1696,.T.);
#1804=ORIENTED_EDGE('',*,*,#1738,.T.);
#1805=ORIENTED_EDGE('',*,*,#1789,.F.);
#1807=ORIENTED_EDGE('',*,*,#1806,.T.);
#1808=EDGE_LOOP('',(#1803,#1804,#1805,#1807));
#1809=FACE_OUTER_BOUND('',#1808,.F.);
#1810=ADVANCED_FACE('',(#1809),#1802,.T.);
#1811=CARTESIAN_POINT('',(-4.229621134912E1,2.313787978457E1,3.7E1));
#1812=DIRECTION('',(6.557422633019E-1,7.549848237678E-1,0.E0));
#1813=DIRECTION('',(0.E0,0.E0,1.E0));
#1814=AXIS2_PLACEMENT_3D('',#1811,#1812,#1813);
#1815=CYLINDRICAL_SURFACE('',#1814,1.E0);
#1817=ORIENTED_EDGE('',*,*,#1816,.F.);
#1819=ORIENTED_EDGE('',*,*,#1818,.F.);
#1820=ORIENTED_EDGE('',*,*,#1698,.T.);
#1821=ORIENTED_EDGE('',*,*,#1806,.F.);
#1822=EDGE_LOOP('',(#1817,#1819,#1820,#1821));
#1823=FACE_OUTER_BOUND('',#1822,.F.);
#1824=ADVANCED_FACE('',(#1823),#1815,.T.);
#1825=CARTESIAN_POINT('',(-4.138430794502E1,2.266280476411E1,0.E0));
#1826=DIRECTION('',(7.549848237678E-1,-6.557422633019E-1,0.E0));
#1827=DIRECTION('',(6.557422633019E-1,7.549848237678E-1,0.E0));
#1828=AXIS2_PLACEMENT_3D('',#1825,#1826,#1827);
#1829=PLANE('',#1828);
#1830=ORIENTED_EDGE('',*,*,#1816,.T.);
#1831=ORIENTED_EDGE('',*,*,#1793,.F.);
#1833=ORIENTED_EDGE('',*,*,#1832,.T.);
#1835=ORIENTED_EDGE('',*,*,#1834,.T.);
#1836=EDGE_LOOP('',(#1830,#1831,#1833,#1835));
#1837=FACE_OUTER_BOUND('',#1836,.F.);
#1838=ADVANCED_FACE('',(#1837),#1829,.T.);
#1839=CARTESIAN_POINT('',(8.628407150155E1,1.711779980152E2,1.E0));
#1840=DIRECTION('',(-6.557422633019E-1,-7.549848237678E-1,0.E0));
#1841=DIRECTION('',(0.E0,0.E0,-1.E0));
#1842=AXIS2_PLACEMENT_3D('',#1839,#1840,#1841);
#1843=CYLINDRICAL_SURFACE('',#1842,1.E0);
#1844=ORIENTED_EDGE('',*,*,#1626,.T.);
#1846=ORIENTED_EDGE('',*,*,#1845,.T.);
#1847=ORIENTED_EDGE('',*,*,#1832,.F.);
#1848=ORIENTED_EDGE('',*,*,#1779,.T.);
#1849=EDGE_LOOP('',(#1844,#1846,#1847,#1848));
#1850=FACE_OUTER_BOUND('',#1849,.F.);
#1851=ADVANCED_FACE('',(#1850),#1843,.T.);
#1852=CARTESIAN_POINT('',(-6.457969754077E0,-7.672475274867E0,1.E0));
#1853=DIRECTION('',(0.E0,0.E0,1.E0));
#1854=DIRECTION('',(-7.515790107239E-1,6.596430782168E-1,0.E0));
#1855=AXIS2_PLACEMENT_3D('',#1852,#1853,#1854);
#1856=TOROIDAL_SURFACE('',#1855,4.726098047385E1,1.E0);
#1857=ORIENTED_EDGE('',*,*,#1624,.T.);
#1859=ORIENTED_EDGE('',*,*,#1858,.F.);
#1861=ORIENTED_EDGE('',*,*,#1860,.F.);
#1862=ORIENTED_EDGE('',*,*,#1845,.F.);
#1863=EDGE_LOOP('',(#1857,#1859,#1861,#1862));
#1864=FACE_OUTER_BOUND('',#1863,.F.);
#1865=ADVANCED_FACE('',(#1864),#1856,.T.);
#1866=CARTESIAN_POINT('',(-5.307826608836E1,-7.126978284195E0,1.E0));
#1867=DIRECTION('',(0.E0,1.E0,0.E0));
#1868=DIRECTION('',(1.E0,0.E0,0.E0));
#1869=AXIS2_PLACEMENT_3D('',#1866,#1867,#1868);
#1870=CYLINDRICAL_SURFACE('',#1869,1.E0);
#1871=ORIENTED_EDGE('',*,*,#1622,.F.);
#1873=ORIENTED_EDGE('',*,*,#1872,.F.);
#1875=ORIENTED_EDGE('',*,*,#1874,.T.);
#1876=ORIENTED_EDGE('',*,*,#1858,.T.);
#1877=EDGE_LOOP('',(#1871,#1873,#1875,#1876));
#1878=FACE_OUTER_BOUND('',#1877,.F.);
#1879=ADVANCED_FACE('',(#1878),#1870,.T.);
#1880=CARTESIAN_POINT('',(-5.307826608836E1,-6.918903415372E0,1.E0));
#1881=DIRECTION('',(0.E0,-7.071067725836E-1,7.071067897895E-1));
#1882=DIRECTION('',(-2.512258314493E-14,-7.071067897895E-1,-7.071067725836E-1));
#1883=AXIS2_PLACEMENT_3D('',#1880,#1881,#1882);
#1884=SPHERICAL_SURFACE('',#1883,1.E0);
#1886=ORIENTED_EDGE('',*,*,#1885,.F.);
#1888=ORIENTED_EDGE('',*,*,#1887,.F.);
#1889=ORIENTED_EDGE('',*,*,#1872,.T.);
#1890=EDGE_LOOP('',(#1886,#1888,#1889));
#1891=FACE_OUTER_BOUND('',#1890,.F.);
#1892=ADVANCED_FACE('',(#1891),#1884,.T.);
#1893=CARTESIAN_POINT('',(2.365825640651E2,-6.918903415372E0,1.E0));
#1894=DIRECTION('',(-1.E0,0.E0,0.E0));
#1895=DIRECTION('',(0.E0,0.E0,-1.E0));
#1896=AXIS2_PLACEMENT_3D('',#1893,#1894,#1895);
#1897=CYLINDRICAL_SURFACE('',#1896,1.E0);
#1898=ORIENTED_EDGE('',*,*,#1885,.T.);
#1899=ORIENTED_EDGE('',*,*,#1620,.T.);
#1901=ORIENTED_EDGE('',*,*,#1900,.T.);
#1903=ORIENTED_EDGE('',*,*,#1902,.F.);
#1904=EDGE_LOOP('',(#1898,#1899,#1901,#1903));
#1905=FACE_OUTER_BOUND('',#1904,.F.);
#1906=ADVANCED_FACE('',(#1905),#1897,.T.);
#1907=CARTESIAN_POINT('',(-6.025841223968E1,-6.918903415372E0,1.E0));
#1908=DIRECTION('',(7.071067725804E-1,-7.071067897926E-1,0.E0));
#1909=DIRECTION('',(-7.071067897926E-1,-7.071067725804E-1,0.E0));
#1910=AXIS2_PLACEMENT_3D('',#1907,#1908,#1909);
#1911=SPHERICAL_SURFACE('',#1910,1.E0);
#1913=ORIENTED_EDGE('',*,*,#1912,.F.);
#1914=ORIENTED_EDGE('',*,*,#1900,.F.);
#1916=ORIENTED_EDGE('',*,*,#1915,.T.);
#1917=EDGE_LOOP('',(#1913,#1914,#1916));
#1918=FACE_OUTER_BOUND('',#1917,.F.);
#1919=ADVANCED_FACE('',(#1918),#1911,.T.);
#1920=CARTESIAN_POINT('',(-6.025841223968E1,-6.918903415372E0,8.75368E1));
#1921=DIRECTION('',(0.E0,0.E0,-1.E0));
#1922=DIRECTION('',(0.E0,-1.E0,0.E0));
#1923=AXIS2_PLACEMENT_3D('',#1920,#1921,#1922);
#1924=CYLINDRICAL_SURFACE('',#1923,1.E0);
#1926=ORIENTED_EDGE('',*,*,#1925,.T.);
#1928=ORIENTED_EDGE('',*,*,#1927,.T.);
#1929=ORIENTED_EDGE('',*,*,#1912,.T.);
#1931=ORIENTED_EDGE('',*,*,#1930,.F.);
#1932=EDGE_LOOP('',(#1926,#1928,#1929,#1931));
#1933=FACE_OUTER_BOUND('',#1932,.F.);
#1934=ADVANCED_FACE('',(#1933),#1924,.T.);
#1935=CARTESIAN_POINT('',(-6.025841223968E1,-6.918903415372E0,3.7E1));
#1936=DIRECTION('',(-7.071067725836E-1,7.071067897895E-1,0.E0));
#1937=DIRECTION('',(-7.071067897895E-1,-7.071067725836E-1,0.E0));
#1938=AXIS2_PLACEMENT_3D('',#1935,#1936,#1937);
#1939=SPHERICAL_SURFACE('',#1938,1.E0);
#1940=ORIENTED_EDGE('',*,*,#1925,.F.);
#1942=ORIENTED_EDGE('',*,*,#1941,.F.);
#1944=ORIENTED_EDGE('',*,*,#1943,.T.);
#1945=EDGE_LOOP('',(#1940,#1942,#1944));
#1946=FACE_OUTER_BOUND('',#1945,.F.);
#1947=ADVANCED_FACE('',(#1946),#1939,.T.);
#1948=CARTESIAN_POINT('',(-6.025841223968E1,1.711779980152E2,3.7E1));
#1949=DIRECTION('',(0.E0,-1.E0,0.E0));
#1950=DIRECTION('',(0.E0,0.E0,1.E0));
#1951=AXIS2_PLACEMENT_3D('',#1948,#1949,#1950);
#1952=CYLINDRICAL_SURFACE('',#1951,1.E0);
#1954=ORIENTED_EDGE('',*,*,#1953,.F.);
#1955=ORIENTED_EDGE('',*,*,#1706,.T.);
#1956=ORIENTED_EDGE('',*,*,#1941,.T.);
#1958=ORIENTED_EDGE('',*,*,#1957,.F.);
#1959=EDGE_LOOP('',(#1954,#1955,#1956,#1958));
#1960=FACE_OUTER_BOUND('',#1959,.F.);
#1961=ADVANCED_FACE('',(#1960),#1952,.T.);
#1962=CARTESIAN_POINT('',(-6.025841223968E1,-1.104917515070E-1,3.7E1));
#1963=DIRECTION('',(7.071070257753E-1,-1.081346873925E-6,7.071065365969E-1));
#1964=DIRECTION('',(-7.071065365961E-1,1.081361470081E-6,7.071070257761E-1));
#1965=AXIS2_PLACEMENT_3D('',#1962,#1963,#1964);
#1966=SPHERICAL_SURFACE('',#1965,1.E0);
#1967=ORIENTED_EDGE('',*,*,#1953,.T.);
#1969=ORIENTED_EDGE('',*,*,#1968,.T.);
#1971=ORIENTED_EDGE('',*,*,#1970,.F.);
#1972=EDGE_LOOP('',(#1967,#1969,#1971));
#1973=FACE_OUTER_BOUND('',#1972,.F.);
#1974=ADVANCED_FACE('',(#1973),#1966,.T.);
#1975=CARTESIAN_POINT('',(-6.025841223968E1,-1.104917515070E-1,
3.724351968134E1));
#1976=DIRECTION('',(0.E0,0.E0,-1.E0));
#1977=DIRECTION('',(-1.E0,0.E0,0.E0));
#1978=AXIS2_PLACEMENT_3D('',#1975,#1976,#1977);
#1979=CYLINDRICAL_SURFACE('',#1978,1.E0);
#1981=ORIENTED_EDGE('',*,*,#1980,.T.);
#1983=ORIENTED_EDGE('',*,*,#1982,.F.);
#1985=ORIENTED_EDGE('',*,*,#1984,.F.);
#1986=ORIENTED_EDGE('',*,*,#1968,.F.);
#1987=EDGE_LOOP('',(#1981,#1983,#1985,#1986));
#1988=FACE_OUTER_BOUND('',#1987,.F.);
#1989=ADVANCED_FACE('',(#1988),#1979,.T.);
#1990=CARTESIAN_POINT('',(-6.125841223968E1,0.E0,0.E0));
#1991=DIRECTION('',(-1.E0,0.E0,0.E0));
#1992=DIRECTION('',(0.E0,-1.E0,0.E0));
#1993=AXIS2_PLACEMENT_3D('',#1990,#1991,#1992);
#1994=PLANE('',#1993);
#1995=ORIENTED_EDGE('',*,*,#1980,.F.);
#1996=ORIENTED_EDGE('',*,*,#1957,.T.);
#1997=ORIENTED_EDGE('',*,*,#1930,.T.);
#1999=ORIENTED_EDGE('',*,*,#1998,.T.);
#2001=ORIENTED_EDGE('',*,*,#2000,.F.);
#2003=ORIENTED_EDGE('',*,*,#2002,.T.);
#2005=ORIENTED_EDGE('',*,*,#2004,.F.);
#2007=ORIENTED_EDGE('',*,*,#2006,.F.);
#2008=EDGE_LOOP('',(#1995,#1996,#1997,#1999,#2001,#2003,#2005,#2007));
#2009=FACE_OUTER_BOUND('',#2008,.F.);
#2010=ADVANCED_FACE('',(#2009),#1994,.T.);
#2011=CARTESIAN_POINT('',(-6.025841223968E1,-7.258841203667E0,1.E0));
#2012=DIRECTION('',(0.E0,1.E0,0.E0));
#2013=DIRECTION('',(0.E0,0.E0,-1.E0));
#2014=AXIS2_PLACEMENT_3D('',#2011,#2012,#2013);
#2015=CYLINDRICAL_SURFACE('',#2014,1.E0);
#2017=ORIENTED_EDGE('',*,*,#2016,.F.);
#2018=ORIENTED_EDGE('',*,*,#1998,.F.);
#2019=ORIENTED_EDGE('',*,*,#1915,.F.);
#2020=ORIENTED_EDGE('',*,*,#1618,.T.);
#2021=EDGE_LOOP('',(#2017,#2018,#2019,#2020));
#2022=FACE_OUTER_BOUND('',#2021,.F.);
#2023=ADVANCED_FACE('',(#2022),#2015,.T.);
#2024=CARTESIAN_POINT('',(-6.025841223968E1,-1.104917515070E-1,1.E0));
#2025=DIRECTION('',(-7.071067811199E-1,7.872768767404E-11,7.071067812532E-1));
#2026=DIRECTION('',(-7.071067812532E-1,-7.753445630239E-11,-7.071067811199E-1));
#2027=AXIS2_PLACEMENT_3D('',#2024,#2025,#2026);
#2028=SPHERICAL_SURFACE('',#2027,1.E0);
#2029=ORIENTED_EDGE('',*,*,#2016,.T.);
#2031=ORIENTED_EDGE('',*,*,#2030,.T.);
#2033=ORIENTED_EDGE('',*,*,#2032,.F.);
#2034=EDGE_LOOP('',(#2029,#2031,#2033));
#2035=FACE_OUTER_BOUND('',#2034,.F.);
#2036=ADVANCED_FACE('',(#2035),#2028,.T.);
#2037=CARTESIAN_POINT('',(2.107649131421E0,-1.411908872109E1,1.E0));
#2038=DIRECTION('',(0.E0,0.E0,1.E0));
#2039=DIRECTION('',(-9.771892099715E-1,2.123705438973E-1,0.E0));
#2040=AXIS2_PLACEMENT_3D('',#2037,#2038,#2039);
#2041=TOROIDAL_SURFACE('',#2040,6.392E1,1.E0);
#2042=ORIENTED_EDGE('',*,*,#1616,.T.);
#2044=ORIENTED_EDGE('',*,*,#2043,.T.);
#2046=ORIENTED_EDGE('',*,*,#2045,.F.);
#2047=ORIENTED_EDGE('',*,*,#2030,.F.);
#2048=EDGE_LOOP('',(#2042,#2044,#2046,#2047));
#2049=FACE_OUTER_BOUND('',#2048,.F.);
#2050=ADVANCED_FACE('',(#2049),#2041,.T.);
#2051=CARTESIAN_POINT('',(-4.637389237850E1,2.753930887798E1,1.E0));
#2052=DIRECTION('',(6.557422633019E-1,7.549848237678E-1,0.E0));
#2053=DIRECTION('',(0.E0,0.E0,-1.E0));
#2054=AXIS2_PLACEMENT_3D('',#2051,#2052,#2053);
#2055=CYLINDRICAL_SURFACE('',#2054,1.E0);
#2057=ORIENTED_EDGE('',*,*,#2056,.T.);
#2059=ORIENTED_EDGE('',*,*,#2058,.F.);
#2060=ORIENTED_EDGE('',*,*,#2043,.F.);
#2061=ORIENTED_EDGE('',*,*,#1614,.T.);
#2062=EDGE_LOOP('',(#2057,#2059,#2060,#2061));
#2063=FACE_OUTER_BOUND('',#2062,.F.);
#2064=ADVANCED_FACE('',(#2063),#2055,.T.);
#2065=CARTESIAN_POINT('',(-2.099836180552E1,5.675527001061E1,1.E0));
#2066=DIRECTION('',(6.557543430656E-1,7.549743317164E-1,2.721572966990E-12));
#2067=DIRECTION('',(5.338448102287E-1,-4.636860329181E-1,-7.071103036080E-1));
#2068=AXIS2_PLACEMENT_3D('',#2065,#2066,#2067);
#2069=SPHERICAL_SURFACE('',#2068,1.E0);
#2070=ORIENTED_EDGE('',*,*,#2056,.F.);
#2072=ORIENTED_EDGE('',*,*,#2071,.F.);
#2074=ORIENTED_EDGE('',*,*,#2073,.T.);
#2075=EDGE_LOOP('',(#2070,#2072,#2074));
#2076=FACE_OUTER_BOUND('',#2075,.F.);
#2077=ADVANCED_FACE('',(#2076),#2069,.T.);
#2078=CARTESIAN_POINT('',(2.16E0,3.241086041653E1,1.E0));
#2079=DIRECTION('',(0.E0,0.E0,1.E0));
#2080=DIRECTION('',(-6.950430072720E-1,7.189681620505E-1,0.E0));
#2081=AXIS2_PLACEMENT_3D('',#2078,#2079,#2080);
#2082=TOROIDAL_SURFACE('',#2081,3.359999999906E1,1.E0);
#2084=ORIENTED_EDGE('',*,*,#2083,.T.);
#2085=ORIENTED_EDGE('',*,*,#2071,.T.);
#2086=ORIENTED_EDGE('',*,*,#1612,.F.);
#2088=ORIENTED_EDGE('',*,*,#2087,.T.);
#2089=EDGE_LOOP('',(#2084,#2085,#2086,#2088));
#2090=FACE_OUTER_BOUND('',#2089,.F.);
#2091=ADVANCED_FACE('',(#2090),#2082,.T.);
#2092=CARTESIAN_POINT('',(2.16E0,3.241086041653E1,0.E0));
#2093=DIRECTION('',(0.E0,0.E0,1.E0));
#2094=DIRECTION('',(1.E0,0.E0,0.E0));
#2095=AXIS2_PLACEMENT_3D('',#2092,#2093,#2094);
#2096=CYLINDRICAL_SURFACE('',#2095,3.46E1);
#2098=ORIENTED_EDGE('',*,*,#2097,.F.);
#2100=ORIENTED_EDGE('',*,*,#2099,.F.);
#2101=ORIENTED_EDGE('',*,*,#2083,.F.);
#2103=ORIENTED_EDGE('',*,*,#2102,.F.);
#2105=ORIENTED_EDGE('',*,*,#2104,.T.);
#2107=ORIENTED_EDGE('',*,*,#2106,.F.);
#2108=EDGE_LOOP('',(#2098,#2100,#2101,#2103,#2105,#2107));
#2109=FACE_OUTER_BOUND('',#2108,.F.);
#2110=ADVANCED_FACE('',(#2109),#2096,.T.);
#2111=CARTESIAN_POINT('',(2.16E0,3.241086041653E1,3.7E1));
#2112=DIRECTION('',(0.E0,0.E0,1.E0));
#2113=DIRECTION('',(-6.950430072720E-1,7.189681620505E-1,0.E0));
#2114=AXIS2_PLACEMENT_3D('',#2111,#2112,#2113);
#2115=TOROIDAL_SURFACE('',#2114,3.359999999906E1,1.E0);
#2116=ORIENTED_EDGE('',*,*,#1712,.F.);
#2118=ORIENTED_EDGE('',*,*,#2117,.F.);
#2119=ORIENTED_EDGE('',*,*,#2097,.T.);
#2121=ORIENTED_EDGE('',*,*,#2120,.T.);
#2122=EDGE_LOOP('',(#2116,#2118,#2119,#2121));
#2123=FACE_OUTER_BOUND('',#2122,.F.);
#2124=ADVANCED_FACE('',(#2123),#2115,.T.);
#2125=CARTESIAN_POINT('',(-2.099836180552E1,5.675527001061E1,3.7E1));
#2126=DIRECTION('',(6.557637469315E-1,7.549661636195E-1,1.308156916124E-10));
#2127=DIRECTION('',(-5.338457758523E-1,4.636985380518E-1,-7.071013742126E-1));
#2128=AXIS2_PLACEMENT_3D('',#2125,#2126,#2127);
#2129=SPHERICAL_SURFACE('',#2128,1.E0);
#2131=ORIENTED_EDGE('',*,*,#2130,.F.);
#2133=ORIENTED_EDGE('',*,*,#2132,.F.);
#2134=ORIENTED_EDGE('',*,*,#2117,.T.);
#2135=EDGE_LOOP('',(#2131,#2133,#2134));
#2136=FACE_OUTER_BOUND('',#2135,.F.);
#2137=ADVANCED_FACE('',(#2136),#2129,.T.);
#2138=CARTESIAN_POINT('',(7.838352809851E1,1.711779980152E2,3.7E1));
#2139=DIRECTION('',(-6.557422633019E-1,-7.549848237678E-1,0.E0));
#2140=DIRECTION('',(0.E0,0.E0,1.E0));
#2141=AXIS2_PLACEMENT_3D('',#2138,#2139,#2140);
#2142=CYLINDRICAL_SURFACE('',#2141,1.E0);
#2143=ORIENTED_EDGE('',*,*,#2130,.T.);
#2144=ORIENTED_EDGE('',*,*,#1710,.T.);
#2146=ORIENTED_EDGE('',*,*,#2145,.T.);
#2148=ORIENTED_EDGE('',*,*,#2147,.F.);
#2149=EDGE_LOOP('',(#2143,#2144,#2146,#2148));
#2150=FACE_OUTER_BOUND('',#2149,.F.);
#2151=ADVANCED_FACE('',(#2150),#2142,.T.);
#2152=CARTESIAN_POINT('',(2.107649131421E0,-1.411908872109E1,3.7E1));
#2153=DIRECTION('',(0.E0,0.E0,1.E0));
#2154=DIRECTION('',(-7.525625933306E-1,6.585207233789E-1,0.E0));
#2155=AXIS2_PLACEMENT_3D('',#2152,#2153,#2154);
#2156=TOROIDAL_SURFACE('',#2155,6.392E1,1.E0);
#2157=ORIENTED_EDGE('',*,*,#1708,.T.);
#2158=ORIENTED_EDGE('',*,*,#1970,.T.);
#2160=ORIENTED_EDGE('',*,*,#2159,.F.);
#2161=ORIENTED_EDGE('',*,*,#2145,.F.);
#2162=EDGE_LOOP('',(#2157,#2158,#2160,#2161));
#2163=FACE_OUTER_BOUND('',#2162,.F.);
#2164=ADVANCED_FACE('',(#2163),#2156,.T.);
#2165=CARTESIAN_POINT('',(2.107649131421E0,-1.411908872109E1,0.E0));
#2166=DIRECTION('',(0.E0,0.E0,1.E0));
#2167=DIRECTION('',(1.E0,0.E0,0.E0));
#2168=AXIS2_PLACEMENT_3D('',#2165,#2166,#2167);
#2169=CYLINDRICAL_SURFACE('',#2168,6.492E1);
#2170=ORIENTED_EDGE('',*,*,#1984,.T.);
#2172=ORIENTED_EDGE('',*,*,#2171,.F.);
#2174=ORIENTED_EDGE('',*,*,#2173,.F.);
#2176=ORIENTED_EDGE('',*,*,#2175,.T.);
#2178=ORIENTED_EDGE('',*,*,#2177,.T.);
#2179=ORIENTED_EDGE('',*,*,#2045,.T.);
#2181=ORIENTED_EDGE('',*,*,#2180,.T.);
#2182=ORIENTED_EDGE('',*,*,#2159,.T.);
#2183=EDGE_LOOP('',(#2170,#2172,#2174,#2176,#2178,#2179,#2181,#2182));
#2184=FACE_OUTER_BOUND('',#2183,.F.);
#2185=ADVANCED_FACE('',(#2184),#2169,.T.);
#2186=CARTESIAN_POINT('',(-9.5E1,3.43E0,3.104E1));
#2187=DIRECTION('',(0.E0,0.E0,1.E0));
#2188=DIRECTION('',(0.E0,-1.E0,0.E0));
#2189=AXIS2_PLACEMENT_3D('',#2186,#2187,#2188);
#2190=PLANE('',#2189);
#2192=ORIENTED_EDGE('',*,*,#2191,.F.);
#2194=ORIENTED_EDGE('',*,*,#2193,.T.);
#2196=ORIENTED_EDGE('',*,*,#2195,.F.);
#2198=ORIENTED_EDGE('',*,*,#2197,.F.);
#2199=ORIENTED_EDGE('',*,*,#2171,.T.);
#2200=ORIENTED_EDGE('',*,*,#1982,.T.);
#2201=ORIENTED_EDGE('',*,*,#2006,.T.);
#2203=ORIENTED_EDGE('',*,*,#2202,.T.);
#2205=ORIENTED_EDGE('',*,*,#2204,.F.);
#2207=ORIENTED_EDGE('',*,*,#2206,.F.);
#2208=EDGE_LOOP('',(#2192,#2194,#2196,#2198,#2199,#2200,#2201,#2203,#2205,
#2207));
#2209=FACE_OUTER_BOUND('',#2208,.F.);
#2210=ADVANCED_FACE('',(#2209),#2190,.F.);
#2211=CARTESIAN_POINT('',(-9.5E1,3.43E0,3.104E1));
#2212=DIRECTION('',(0.E0,0.E0,1.E0));
#2213=DIRECTION('',(0.E0,-1.E0,0.E0));
#2214=AXIS2_PLACEMENT_3D('',#2211,#2212,#2213);
#2215=PLANE('',#2214);
#2217=ORIENTED_EDGE('',*,*,#2216,.F.);
#2219=ORIENTED_EDGE('',*,*,#2218,.T.);
#2221=ORIENTED_EDGE('',*,*,#2220,.F.);
#2223=ORIENTED_EDGE('',*,*,#2222,.T.);
#2225=ORIENTED_EDGE('',*,*,#2224,.F.);
#2227=ORIENTED_EDGE('',*,*,#2226,.F.);
#2228=ORIENTED_EDGE('',*,*,#1659,.T.);
#2229=EDGE_LOOP('',(#2217,#2219,#2221,#2223,#2225,#2227,#2228));
#2230=FACE_OUTER_BOUND('',#2229,.F.);
#2231=ADVANCED_FACE('',(#2230),#2215,.F.);
#2232=CARTESIAN_POINT('',(-5.307826608836E1,-6.918903415372E0,
3.735919152997E1));
#2233=DIRECTION('',(0.E0,0.E0,-1.E0));
#2234=DIRECTION('',(1.E0,0.E0,0.E0));
#2235=AXIS2_PLACEMENT_3D('',#2232,#2233,#2234);
#2236=CYLINDRICAL_SURFACE('',#2235,1.E0);
#2237=ORIENTED_EDGE('',*,*,#2191,.T.);
#2239=ORIENTED_EDGE('',*,*,#2238,.F.);
#2241=ORIENTED_EDGE('',*,*,#2240,.F.);
#2243=ORIENTED_EDGE('',*,*,#2242,.T.);
#2244=EDGE_LOOP('',(#2237,#2239,#2241,#2243));
#2245=FACE_OUTER_BOUND('',#2244,.F.);
#2246=ADVANCED_FACE('',(#2245),#2236,.T.);
#2247=CARTESIAN_POINT('',(-6.125841223968E1,-7.918903415372E0,0.E0));
#2248=DIRECTION('',(0.E0,-1.E0,0.E0));
#2249=DIRECTION('',(1.E0,0.E0,0.E0));
#2250=AXIS2_PLACEMENT_3D('',#2247,#2248,#2249);
#2251=PLANE('',#2250);
#2252=ORIENTED_EDGE('',*,*,#2238,.T.);
#2253=ORIENTED_EDGE('',*,*,#2206,.T.);
#2255=ORIENTED_EDGE('',*,*,#2254,.T.);
#2257=ORIENTED_EDGE('',*,*,#2256,.F.);
#2259=ORIENTED_EDGE('',*,*,#2258,.T.);
#2260=ORIENTED_EDGE('',*,*,#1902,.T.);
#2261=ORIENTED_EDGE('',*,*,#1927,.F.);
#2263=ORIENTED_EDGE('',*,*,#2262,.T.);
#2264=EDGE_LOOP('',(#2252,#2253,#2255,#2257,#2259,#2260,#2261,#2263));
#2265=FACE_OUTER_BOUND('',#2264,.F.);
#2266=ADVANCED_FACE('',(#2265),#2251,.T.);
#2267=CARTESIAN_POINT('',(-5.403461166115E1,-8.144429284453E0,3.104E1));
#2268=DIRECTION('',(-1.E0,0.E0,0.E0));
#2269=DIRECTION('',(0.E0,1.E0,0.E0));
#2270=AXIS2_PLACEMENT_3D('',#2267,#2268,#2269);
#2271=PLANE('',#2270);
#2272=ORIENTED_EDGE('',*,*,#2254,.F.);
#2273=ORIENTED_EDGE('',*,*,#2204,.T.);
#2275=ORIENTED_EDGE('',*,*,#2274,.T.);
#2277=ORIENTED_EDGE('',*,*,#2276,.F.);
#2278=EDGE_LOOP('',(#2272,#2273,#2275,#2277));
#2279=FACE_OUTER_BOUND('',#2278,.F.);
#2280=ADVANCED_FACE('',(#2279),#2271,.F.);
#2281=CARTESIAN_POINT('',(-9.5E1,-2.5E-1,3.104E1));
#2282=DIRECTION('',(0.E0,-1.E0,0.E0));
#2283=DIRECTION('',(0.E0,0.E0,-1.E0));
#2284=AXIS2_PLACEMENT_3D('',#2281,#2282,#2283);
#2285=PLANE('',#2284);
#2287=ORIENTED_EDGE('',*,*,#2286,.T.);
#2289=ORIENTED_EDGE('',*,*,#2288,.T.);
#2291=ORIENTED_EDGE('',*,*,#2290,.F.);
#2292=ORIENTED_EDGE('',*,*,#2222,.F.);
#2293=EDGE_LOOP('',(#2287,#2289,#2291,#2292));
#2294=FACE_OUTER_BOUND('',#2293,.F.);
#2295=ADVANCED_FACE('',(#2294),#2285,.F.);
#2296=CARTESIAN_POINT('',(-9.5E1,-2.5E-1,3.104E1));
#2297=DIRECTION('',(0.E0,-1.E0,0.E0));
#2298=DIRECTION('',(0.E0,0.E0,-1.E0));
#2299=AXIS2_PLACEMENT_3D('',#2296,#2297,#2298);
#2300=PLANE('',#2299);
#2301=ORIENTED_EDGE('',*,*,#2274,.F.);
#2302=ORIENTED_EDGE('',*,*,#2202,.F.);
#2303=ORIENTED_EDGE('',*,*,#2004,.T.);
#2305=ORIENTED_EDGE('',*,*,#2304,.T.);
#2306=EDGE_LOOP('',(#2301,#2302,#2303,#2305));
#2307=FACE_OUTER_BOUND('',#2306,.F.);
#2308=ADVANCED_FACE('',(#2307),#2300,.F.);
#2309=CARTESIAN_POINT('',(6.014407063826E1,-2.5E-1,3.104E1));
#2310=DIRECTION('',(1.E0,0.E0,0.E0));
#2311=DIRECTION('',(0.E0,-1.E0,0.E0));
#2312=AXIS2_PLACEMENT_3D('',#2309,#2310,#2311);
#2313=PLANE('',#2312);
#2315=ORIENTED_EDGE('',*,*,#2314,.T.);
#2317=ORIENTED_EDGE('',*,*,#2316,.F.);
#2318=ORIENTED_EDGE('',*,*,#2286,.F.);
#2319=ORIENTED_EDGE('',*,*,#2220,.T.);
#2320=EDGE_LOOP('',(#2315,#2317,#2318,#2319));
#2321=FACE_OUTER_BOUND('',#2320,.F.);
#2322=ADVANCED_FACE('',(#2321),#2313,.F.);
#2323=CARTESIAN_POINT('',(5.816476045361E1,-6.268240056004E0,0.E0));
#2324=DIRECTION('',(0.E0,-1.E0,0.E0));
#2325=DIRECTION('',(1.E0,0.E0,0.E0));
#2326=AXIS2_PLACEMENT_3D('',#2323,#2324,#2325);
#2327=PLANE('',#2326);
#2329=ORIENTED_EDGE('',*,*,#2328,.T.);
#2331=ORIENTED_EDGE('',*,*,#2330,.T.);
#2333=ORIENTED_EDGE('',*,*,#2332,.T.);
#2335=ORIENTED_EDGE('',*,*,#2334,.T.);
#2337=ORIENTED_EDGE('',*,*,#2336,.F.);
#2339=ORIENTED_EDGE('',*,*,#2338,.T.);
#2340=ORIENTED_EDGE('',*,*,#2314,.F.);
#2341=ORIENTED_EDGE('',*,*,#2218,.F.);
#2342=EDGE_LOOP('',(#2329,#2331,#2333,#2335,#2337,#2339,#2340,#2341));
#2343=FACE_OUTER_BOUND('',#2342,.F.);
#2344=ADVANCED_FACE('',(#2343),#2327,.T.);
#2345=CARTESIAN_POINT('',(5.916476045361E1,-5.268240056004E0,-4.95368E1));
#2346=DIRECTION('',(0.E0,0.E0,1.E0));
#2347=DIRECTION('',(-1.E0,0.E0,0.E0));
#2348=AXIS2_PLACEMENT_3D('',#2345,#2346,#2347);
#2349=CYLINDRICAL_SURFACE('',#2348,1.E0);
#2350=ORIENTED_EDGE('',*,*,#2216,.T.);
#2351=ORIENTED_EDGE('',*,*,#1657,.T.);
#2353=ORIENTED_EDGE('',*,*,#2352,.T.);
#2354=ORIENTED_EDGE('',*,*,#2328,.F.);
#2355=EDGE_LOOP('',(#2350,#2351,#2353,#2354));
#2356=FACE_OUTER_BOUND('',#2355,.F.);
#2357=ADVANCED_FACE('',(#2356),#2349,.T.);
#2358=CARTESIAN_POINT('',(5.916476045361E1,-5.268240056004E0,3.7E1));
#2359=DIRECTION('',(0.E0,-7.071067725836E-1,-7.071067897895E-1));
#2360=DIRECTION('',(-2.009794592350E-14,-7.071067897895E-1,7.071067725836E-1));
#2361=AXIS2_PLACEMENT_3D('',#2358,#2359,#2360);
#2362=SPHERICAL_SURFACE('',#2361,1.E0);
#2364=ORIENTED_EDGE('',*,*,#2363,.F.);
#2365=ORIENTED_EDGE('',*,*,#2352,.F.);
#2366=ORIENTED_EDGE('',*,*,#1680,.T.);
#2367=EDGE_LOOP('',(#2364,#2365,#2366));
#2368=FACE_OUTER_BOUND('',#2367,.F.);
#2369=ADVANCED_FACE('',(#2368),#2362,.T.);
#2370=CARTESIAN_POINT('',(-2.101886470741E2,-5.268240056004E0,3.7E1));
#2371=DIRECTION('',(1.E0,0.E0,0.E0));
#2372=DIRECTION('',(0.E0,0.E0,1.E0));
#2373=AXIS2_PLACEMENT_3D('',#2370,#2371,#2372);
#2374=CYLINDRICAL_SURFACE('',#2373,1.E0);
#2375=ORIENTED_EDGE('',*,*,#2363,.T.);
#2376=ORIENTED_EDGE('',*,*,#1724,.T.);
#2378=ORIENTED_EDGE('',*,*,#2377,.T.);
#2379=ORIENTED_EDGE('',*,*,#2330,.F.);
#2380=EDGE_LOOP('',(#2375,#2376,#2378,#2379));
#2381=FACE_OUTER_BOUND('',#2380,.F.);
#2382=ADVANCED_FACE('',(#2381),#2374,.T.);
#2383=CARTESIAN_POINT('',(6.703529166064E1,-5.268240056004E0,3.7E1));
#2384=DIRECTION('',(-7.071067897895E-1,-7.071067725836E-1,0.E0));
#2385=DIRECTION('',(7.071067725836E-1,-7.071067897895E-1,0.E0));
#2386=AXIS2_PLACEMENT_3D('',#2383,#2384,#2385);
#2387=SPHERICAL_SURFACE('',#2386,1.E0);
#2389=ORIENTED_EDGE('',*,*,#2388,.F.);
#2390=ORIENTED_EDGE('',*,*,#2377,.F.);
#2392=ORIENTED_EDGE('',*,*,#2391,.T.);
#2393=EDGE_LOOP('',(#2389,#2390,#2392));
#2394=FACE_OUTER_BOUND('',#2393,.F.);
#2395=ADVANCED_FACE('',(#2394),#2387,.T.);
#2396=CARTESIAN_POINT('',(6.703529166064E1,-5.268240056004E0,8.75368E1));
#2397=DIRECTION('',(0.E0,0.E0,-1.E0));
#2398=DIRECTION('',(1.E0,0.E0,0.E0));
#2399=AXIS2_PLACEMENT_3D('',#2396,#2397,#2398);
#2400=CYLINDRICAL_SURFACE('',#2399,1.E0);
#2401=ORIENTED_EDGE('',*,*,#2388,.T.);
#2403=ORIENTED_EDGE('',*,*,#2402,.T.);
#2405=ORIENTED_EDGE('',*,*,#2404,.T.);
#2406=ORIENTED_EDGE('',*,*,#2332,.F.);
#2407=EDGE_LOOP('',(#2401,#2403,#2405,#2406));
#2408=FACE_OUTER_BOUND('',#2407,.F.);
#2409=ADVANCED_FACE('',(#2408),#2400,.T.);
#2410=CARTESIAN_POINT('',(6.803529166064E1,-6.268240056004E0,0.E0));
#2411=DIRECTION('',(1.E0,0.E0,0.E0));
#2412=DIRECTION('',(0.E0,1.E0,0.E0));
#2413=AXIS2_PLACEMENT_3D('',#2410,#2411,#2412);
#2414=PLANE('',#2413);
#2416=ORIENTED_EDGE('',*,*,#2415,.T.);
#2418=ORIENTED_EDGE('',*,*,#2417,.T.);
#2419=ORIENTED_EDGE('',*,*,#2402,.F.);
#2421=ORIENTED_EDGE('',*,*,#2420,.T.);
#2422=EDGE_LOOP('',(#2416,#2418,#2419,#2421));
#2423=FACE_OUTER_BOUND('',#2422,.F.);
#2425=ORIENTED_EDGE('',*,*,#2424,.T.);
#2427=ORIENTED_EDGE('',*,*,#2426,.T.);
#2428=ORIENTED_EDGE('',*,*,#2224,.T.);
#2429=ORIENTED_EDGE('',*,*,#2290,.T.);
#2430=EDGE_LOOP('',(#2425,#2427,#2428,#2429));
#2431=FACE_BOUND('',#2430,.F.);
#2432=ADVANCED_FACE('',(#2423,#2431),#2414,.T.);
#2433=CARTESIAN_POINT('',(-9.5E1,-2.5E-1,6.04E0));
#2434=DIRECTION('',(0.E0,0.E0,-1.E0));
#2435=DIRECTION('',(0.E0,1.E0,0.E0));
#2436=AXIS2_PLACEMENT_3D('',#2433,#2434,#2435);
#2437=PLANE('',#2436);
#2439=ORIENTED_EDGE('',*,*,#2438,.F.);
#2440=ORIENTED_EDGE('',*,*,#2256,.T.);
#2441=ORIENTED_EDGE('',*,*,#2276,.T.);
#2442=ORIENTED_EDGE('',*,*,#2304,.F.);
#2443=ORIENTED_EDGE('',*,*,#2002,.F.);
#2445=ORIENTED_EDGE('',*,*,#2444,.T.);
#2446=ORIENTED_EDGE('',*,*,#2175,.F.);
#2448=ORIENTED_EDGE('',*,*,#2447,.T.);
#2450=ORIENTED_EDGE('',*,*,#2449,.T.);
#2452=ORIENTED_EDGE('',*,*,#2451,.T.);
#2453=EDGE_LOOP('',(#2439,#2440,#2441,#2442,#2443,#2445,#2446,#2448,#2450,
#2452));
#2454=FACE_OUTER_BOUND('',#2453,.F.);
#2455=ADVANCED_FACE('',(#2454),#2437,.F.);
#2456=CARTESIAN_POINT('',(-9.5E1,-2.5E-1,6.04E0));
#2457=DIRECTION('',(0.E0,0.E0,-1.E0));
#2458=DIRECTION('',(0.E0,1.E0,0.E0));
#2459=AXIS2_PLACEMENT_3D('',#2456,#2457,#2458);
#2460=PLANE('',#2459);
#2462=ORIENTED_EDGE('',*,*,#2461,.F.);
#2463=ORIENTED_EDGE('',*,*,#1663,.T.);
#2465=ORIENTED_EDGE('',*,*,#2464,.T.);
#2466=ORIENTED_EDGE('',*,*,#2424,.F.);
#2467=ORIENTED_EDGE('',*,*,#2288,.F.);
#2468=ORIENTED_EDGE('',*,*,#2316,.T.);
#2469=ORIENTED_EDGE('',*,*,#2338,.F.);
#2470=EDGE_LOOP('',(#2462,#2463,#2465,#2466,#2467,#2468,#2469));
#2471=FACE_OUTER_BOUND('',#2470,.F.);
#2472=ADVANCED_FACE('',(#2471),#2460,.F.);
#2473=CARTESIAN_POINT('',(-5.307826608836E1,-6.918903415372E0,8.75368E1));
#2474=DIRECTION('',(0.E0,0.E0,-1.E0));
#2475=DIRECTION('',(1.E0,0.E0,0.E0));
#2476=AXIS2_PLACEMENT_3D('',#2473,#2474,#2475);
#2477=CYLINDRICAL_SURFACE('',#2476,1.E0);
#2478=ORIENTED_EDGE('',*,*,#2438,.T.);
#2480=ORIENTED_EDGE('',*,*,#2479,.T.);
#2481=ORIENTED_EDGE('',*,*,#1887,.T.);
#2482=ORIENTED_EDGE('',*,*,#2258,.F.);
#2483=EDGE_LOOP('',(#2478,#2480,#2481,#2482));
#2484=FACE_OUTER_BOUND('',#2483,.F.);
#2485=ADVANCED_FACE('',(#2484),#2477,.T.);
#2486=CARTESIAN_POINT('',(-5.207826608836E1,-7.918903415372E0,0.E0));
#2487=DIRECTION('',(1.E0,0.E0,0.E0));
#2488=DIRECTION('',(0.E0,1.E0,0.E0));
#2489=AXIS2_PLACEMENT_3D('',#2486,#2487,#2488);
#2490=PLANE('',#2489);
#2491=ORIENTED_EDGE('',*,*,#2242,.F.);
#2493=ORIENTED_EDGE('',*,*,#2492,.F.);
#2495=ORIENTED_EDGE('',*,*,#2494,.F.);
#2496=ORIENTED_EDGE('',*,*,#2193,.F.);
#2497=EDGE_LOOP('',(#2491,#2493,#2495,#2496));
#2498=FACE_OUTER_BOUND('',#2497,.F.);
#2499=ADVANCED_FACE('',(#2498),#2490,.T.);
#2500=CARTESIAN_POINT('',(-5.207826608836E1,-7.918903415372E0,0.E0));
#2501=DIRECTION('',(1.E0,0.E0,0.E0));
#2502=DIRECTION('',(0.E0,1.E0,0.E0));
#2503=AXIS2_PLACEMENT_3D('',#2500,#2501,#2502);
#2504=PLANE('',#2503);
#2505=ORIENTED_EDGE('',*,*,#1874,.F.);
#2506=ORIENTED_EDGE('',*,*,#2479,.F.);
#2507=ORIENTED_EDGE('',*,*,#2451,.F.);
#2509=ORIENTED_EDGE('',*,*,#2508,.F.);
#2510=EDGE_LOOP('',(#2505,#2506,#2507,#2509));
#2511=FACE_OUTER_BOUND('',#2510,.F.);
#2512=ADVANCED_FACE('',(#2511),#2504,.T.);
#2513=CARTESIAN_POINT('',(-5.307826608836E1,1.711779980152E2,3.7E1));
#2514=DIRECTION('',(0.E0,-1.E0,0.E0));
#2515=DIRECTION('',(1.E0,0.E0,0.E0));
#2516=AXIS2_PLACEMENT_3D('',#2513,#2514,#2515);
#2517=CYLINDRICAL_SURFACE('',#2516,1.E0);
#2518=ORIENTED_EDGE('',*,*,#2492,.T.);
#2520=ORIENTED_EDGE('',*,*,#2519,.T.);
#2521=ORIENTED_EDGE('',*,*,#1702,.F.);
#2523=ORIENTED_EDGE('',*,*,#2522,.T.);
#2524=EDGE_LOOP('',(#2518,#2520,#2521,#2523));
#2525=FACE_OUTER_BOUND('',#2524,.F.);
#2526=ADVANCED_FACE('',(#2525),#2517,.T.);
#2527=CARTESIAN_POINT('',(-5.307826608836E1,-6.918903415372E0,3.7E1));
#2528=DIRECTION('',(0.E0,7.071067725804E-1,7.071067897926E-1));
#2529=DIRECTION('',(0.E0,-7.071067897926E-1,7.071067725804E-1));
#2530=AXIS2_PLACEMENT_3D('',#2527,#2528,#2529);
#2531=SPHERICAL_SURFACE('',#2530,1.E0);
#2533=ORIENTED_EDGE('',*,*,#2532,.F.);
#2534=ORIENTED_EDGE('',*,*,#2519,.F.);
#2535=ORIENTED_EDGE('',*,*,#2240,.T.);
#2536=EDGE_LOOP('',(#2533,#2534,#2535));
#2537=FACE_OUTER_BOUND('',#2536,.F.);
#2538=ADVANCED_FACE('',(#2537),#2531,.T.);
#2539=CARTESIAN_POINT('',(-6.049771141120E1,-6.918903415372E0,3.7E1));
#2540=DIRECTION('',(1.E0,0.E0,0.E0));
#2541=DIRECTION('',(0.E0,0.E0,1.E0));
#2542=AXIS2_PLACEMENT_3D('',#2539,#2540,#2541);
#2543=CYLINDRICAL_SURFACE('',#2542,1.E0);
#2544=ORIENTED_EDGE('',*,*,#2532,.T.);
#2545=ORIENTED_EDGE('',*,*,#2262,.F.);
#2546=ORIENTED_EDGE('',*,*,#1943,.F.);
#2547=ORIENTED_EDGE('',*,*,#1704,.T.);
#2548=EDGE_LOOP('',(#2544,#2545,#2546,#2547));
#2549=FACE_OUTER_BOUND('',#2548,.F.);
#2550=ADVANCED_FACE('',(#2549),#2543,.T.);
#2551=CARTESIAN_POINT('',(-6.457969754077E0,-7.672475274867E0,3.7E1));
#2552=DIRECTION('',(0.E0,0.E0,1.E0));
#2553=DIRECTION('',(-7.515790107239E-1,6.596430782168E-1,0.E0));
#2554=AXIS2_PLACEMENT_3D('',#2551,#2552,#2553);
#2555=TOROIDAL_SURFACE('',#2554,4.726098047385E1,1.E0);
#2557=ORIENTED_EDGE('',*,*,#2556,.F.);
#2558=ORIENTED_EDGE('',*,*,#2522,.F.);
#2559=ORIENTED_EDGE('',*,*,#1700,.T.);
#2560=ORIENTED_EDGE('',*,*,#1818,.T.);
#2561=EDGE_LOOP('',(#2557,#2558,#2559,#2560));
#2562=FACE_OUTER_BOUND('',#2561,.F.);
#2563=ADVANCED_FACE('',(#2562),#2555,.T.);
#2564=CARTESIAN_POINT('',(-6.457969754077E0,-7.672475274867E0,0.E0));
#2565=DIRECTION('',(0.E0,0.E0,1.E0));
#2566=DIRECTION('',(1.E0,0.E0,0.E0));
#2567=AXIS2_PLACEMENT_3D('',#2564,#2565,#2566);
#2568=CYLINDRICAL_SURFACE('',#2567,4.626098047459E1);
#2569=ORIENTED_EDGE('',*,*,#1860,.T.);
#2570=ORIENTED_EDGE('',*,*,#2508,.T.);
#2571=ORIENTED_EDGE('',*,*,#2449,.F.);
#2573=ORIENTED_EDGE('',*,*,#2572,.T.);
#2574=ORIENTED_EDGE('',*,*,#2195,.T.);
#2575=ORIENTED_EDGE('',*,*,#2494,.T.);
#2576=ORIENTED_EDGE('',*,*,#2556,.T.);
#2577=ORIENTED_EDGE('',*,*,#1834,.F.);
#2578=EDGE_LOOP('',(#2569,#2570,#2571,#2573,#2574,#2575,#2576,#2577));
#2579=FACE_OUTER_BOUND('',#2578,.F.);
#2580=ADVANCED_FACE('',(#2579),#2568,.F.);
#2581=CARTESIAN_POINT('',(-9.5E1,3.43E0,6.04E0));
#2582=DIRECTION('',(0.E0,1.E0,0.E0));
#2583=DIRECTION('',(0.E0,0.E0,1.E0));
#2584=AXIS2_PLACEMENT_3D('',#2581,#2582,#2583);
#2585=PLANE('',#2584);
#2586=ORIENTED_EDGE('',*,*,#1661,.T.);
#2587=ORIENTED_EDGE('',*,*,#2226,.T.);
#2588=ORIENTED_EDGE('',*,*,#2426,.F.);
#2589=ORIENTED_EDGE('',*,*,#2464,.F.);
#2590=EDGE_LOOP('',(#2586,#2587,#2588,#2589));
#2591=FACE_OUTER_BOUND('',#2590,.F.);
#2592=ADVANCED_FACE('',(#2591),#2585,.F.);
#2593=CARTESIAN_POINT('',(-9.5E1,3.43E0,6.04E0));
#2594=DIRECTION('',(0.E0,1.E0,0.E0));
#2595=DIRECTION('',(0.E0,0.E0,1.E0));
#2596=AXIS2_PLACEMENT_3D('',#2593,#2594,#2595);
#2597=PLANE('',#2596);
#2598=ORIENTED_EDGE('',*,*,#2173,.T.);
#2599=ORIENTED_EDGE('',*,*,#2197,.T.);
#2600=ORIENTED_EDGE('',*,*,#2572,.F.);
#2601=ORIENTED_EDGE('',*,*,#2447,.F.);
#2602=EDGE_LOOP('',(#2598,#2599,#2600,#2601));
#2603=FACE_OUTER_BOUND('',#2602,.F.);
#2604=ADVANCED_FACE('',(#2603),#2597,.F.);
#2605=CARTESIAN_POINT('',(-6.025841223968E1,-1.104917515070E-1,8.75368E1));
#2606=DIRECTION('',(0.E0,0.E0,-1.E0));
#2607=DIRECTION('',(-1.E0,0.E0,0.E0));
#2608=AXIS2_PLACEMENT_3D('',#2605,#2606,#2607);
#2609=CYLINDRICAL_SURFACE('',#2608,1.E0);
#2610=ORIENTED_EDGE('',*,*,#2177,.F.);
#2611=ORIENTED_EDGE('',*,*,#2444,.F.);
#2612=ORIENTED_EDGE('',*,*,#2000,.T.);
#2613=ORIENTED_EDGE('',*,*,#2032,.T.);
#2614=EDGE_LOOP('',(#2610,#2611,#2612,#2613));
#2615=FACE_OUTER_BOUND('',#2614,.F.);
#2616=ADVANCED_FACE('',(#2615),#2609,.T.);
#2617=CARTESIAN_POINT('',(5.916476045361E1,-5.268240056004E0,8.75368E1));
#2618=DIRECTION('',(0.E0,0.E0,-1.E0));
#2619=DIRECTION('',(0.E0,-1.E0,0.E0));
#2620=AXIS2_PLACEMENT_3D('',#2617,#2618,#2619);
#2621=CYLINDRICAL_SURFACE('',#2620,1.E0);
#2622=ORIENTED_EDGE('',*,*,#2461,.T.);
#2623=ORIENTED_EDGE('',*,*,#2336,.T.);
#2625=ORIENTED_EDGE('',*,*,#2624,.T.);
#2626=ORIENTED_EDGE('',*,*,#1665,.F.);
#2627=EDGE_LOOP('',(#2622,#2623,#2625,#2626));
#2628=FACE_OUTER_BOUND('',#2627,.F.);
#2629=ADVANCED_FACE('',(#2628),#2621,.T.);
#2630=CARTESIAN_POINT('',(5.916476045361E1,-5.268240056004E0,1.E0));
#2631=DIRECTION('',(0.E0,-7.071067804416E-1,7.071067819314E-1));
#2632=DIRECTION('',(0.E0,-7.071067819314E-1,-7.071067804416E-1));
#2633=AXIS2_PLACEMENT_3D('',#2630,#2631,#2632);
#2634=SPHERICAL_SURFACE('',#2633,1.E0);
#2636=ORIENTED_EDGE('',*,*,#2635,.T.);
#2637=ORIENTED_EDGE('',*,*,#1642,.T.);
#2638=ORIENTED_EDGE('',*,*,#2624,.F.);
#2639=EDGE_LOOP('',(#2636,#2637,#2638));
#2640=FACE_OUTER_BOUND('',#2639,.F.);
#2641=ADVANCED_FACE('',(#2640),#2634,.T.);
#2642=CARTESIAN_POINT('',(6.737522944893E1,-5.268240056004E0,1.E0));
#2643=DIRECTION('',(-1.E0,0.E0,0.E0));
#2644=DIRECTION('',(0.E0,0.E0,-1.E0));
#2645=AXIS2_PLACEMENT_3D('',#2642,#2643,#2644);
#2646=CYLINDRICAL_SURFACE('',#2645,1.E0);
#2647=ORIENTED_EDGE('',*,*,#2635,.F.);
#2648=ORIENTED_EDGE('',*,*,#2334,.F.);
#2650=ORIENTED_EDGE('',*,*,#2649,.F.);
#2651=ORIENTED_EDGE('',*,*,#1600,.T.);
#2652=EDGE_LOOP('',(#2647,#2648,#2650,#2651));
#2653=FACE_OUTER_BOUND('',#2652,.F.);
#2654=ADVANCED_FACE('',(#2653),#2646,.T.);
#2655=CARTESIAN_POINT('',(6.703529166064E1,-5.268240056004E0,1.E0));
#2656=DIRECTION('',(7.071067897926E-1,7.071067725804E-1,0.E0));
#2657=DIRECTION('',(7.071067725804E-1,-7.071067897926E-1,0.E0));
#2658=AXIS2_PLACEMENT_3D('',#2655,#2656,#2657);
#2659=SPHERICAL_SURFACE('',#2658,1.E0);
#2660=ORIENTED_EDGE('',*,*,#2404,.F.);
#2662=ORIENTED_EDGE('',*,*,#2661,.F.);
#2663=ORIENTED_EDGE('',*,*,#2649,.T.);
#2664=EDGE_LOOP('',(#2660,#2662,#2663));
#2665=FACE_OUTER_BOUND('',#2664,.F.);
#2666=ADVANCED_FACE('',(#2665),#2659,.T.);
#2667=CARTESIAN_POINT('',(6.703529166064E1,1.711779980152E2,1.E0));
#2668=DIRECTION('',(0.E0,-1.E0,0.E0));
#2669=DIRECTION('',(0.E0,0.E0,-1.E0));
#2670=AXIS2_PLACEMENT_3D('',#2667,#2668,#2669);
#2671=CYLINDRICAL_SURFACE('',#2670,1.E0);
#2673=ORIENTED_EDGE('',*,*,#2672,.T.);
#2674=ORIENTED_EDGE('',*,*,#1602,.T.);
#2675=ORIENTED_EDGE('',*,*,#2661,.T.);
#2676=ORIENTED_EDGE('',*,*,#2417,.F.);
#2677=EDGE_LOOP('',(#2673,#2674,#2675,#2676));
#2678=FACE_OUTER_BOUND('',#2677,.F.);
#2679=ADVANCED_FACE('',(#2678),#2671,.T.);
#2680=CARTESIAN_POINT('',(6.703529166064E1,1.305748867575E1,1.E0));
#2681=DIRECTION('',(-3.166059871338E-6,9.999999999950E-1,-2.538237142751E-11));
#2682=DIRECTION('',(7.071085193200E-1,2.238765855715E-6,7.071050430453E-1));
#2683=AXIS2_PLACEMENT_3D('',#2680,#2681,#2682);
#2684=SPHERICAL_SURFACE('',#2683,1.E0);
#2685=ORIENTED_EDGE('',*,*,#2672,.F.);
#2687=ORIENTED_EDGE('',*,*,#2686,.F.);
#2689=ORIENTED_EDGE('',*,*,#2688,.T.);
#2690=EDGE_LOOP('',(#2685,#2687,#2689));
#2691=FACE_OUTER_BOUND('',#2690,.F.);
#2692=ADVANCED_FACE('',(#2691),#2684,.T.);
#2693=CARTESIAN_POINT('',(6.703529166064E1,1.305748867575E1,3.735919152997E1));
#2694=DIRECTION('',(0.E0,0.E0,-1.E0));
#2695=DIRECTION('',(9.853329538812E-1,1.706428140762E-1,0.E0));
#2696=AXIS2_PLACEMENT_3D('',#2693,#2694,#2695);
#2697=CYLINDRICAL_SURFACE('',#2696,1.E0);
#2699=ORIENTED_EDGE('',*,*,#2698,.T.);
#2700=ORIENTED_EDGE('',*,*,#2686,.T.);
#2701=ORIENTED_EDGE('',*,*,#2415,.F.);
#2703=ORIENTED_EDGE('',*,*,#2702,.F.);
#2704=EDGE_LOOP('',(#2699,#2700,#2701,#2703));
#2705=FACE_OUTER_BOUND('',#2704,.F.);
#2706=ADVANCED_FACE('',(#2705),#2697,.T.);
#2707=CARTESIAN_POINT('',(4.052809248555E0,2.15E0,0.E0));
#2708=DIRECTION('',(0.E0,0.E0,1.E0));
#2709=DIRECTION('',(1.E0,0.E0,0.E0));
#2710=AXIS2_PLACEMENT_3D('',#2707,#2708,#2709);
#2711=CYLINDRICAL_SURFACE('',#2710,6.492E1);
#2713=ORIENTED_EDGE('',*,*,#2712,.F.);
#2714=ORIENTED_EDGE('',*,*,#2698,.F.);
#2716=ORIENTED_EDGE('',*,*,#2715,.F.);
#2718=ORIENTED_EDGE('',*,*,#2717,.F.);
#2720=ORIENTED_EDGE('',*,*,#2719,.F.);
#2722=ORIENTED_EDGE('',*,*,#2721,.F.);
#2723=EDGE_LOOP('',(#2713,#2714,#2716,#2718,#2720,#2722));
#2724=FACE_OUTER_BOUND('',#2723,.F.);
#2725=ADVANCED_FACE('',(#2724),#2711,.T.);
#2726=CARTESIAN_POINT('',(4.052809248555E0,2.15E0,1.E0));
#2727=DIRECTION('',(0.E0,0.E0,1.E0));
#2728=DIRECTION('',(9.862064842686E-1,1.655196978806E-1,0.E0));
#2729=AXIS2_PLACEMENT_3D('',#2726,#2727,#2728);
#2730=TOROIDAL_SURFACE('',#2729,6.391999999945E1,1.E0);
#2731=ORIENTED_EDGE('',*,*,#1604,.F.);
#2732=ORIENTED_EDGE('',*,*,#2688,.F.);
#2733=ORIENTED_EDGE('',*,*,#2712,.T.);
#2735=ORIENTED_EDGE('',*,*,#2734,.T.);
#2736=EDGE_LOOP('',(#2731,#2732,#2733,#2735));
#2737=FACE_OUTER_BOUND('',#2736,.F.);
#2738=ADVANCED_FACE('',(#2737),#2730,.T.);
#2739=CARTESIAN_POINT('',(1.922E1,1.711779980152E2,3.E0));
#2740=DIRECTION('',(0.E0,-1.E0,0.E0));
#2741=DIRECTION('',(0.E0,0.E0,-1.E0));
#2742=AXIS2_PLACEMENT_3D('',#2739,#2740,#2741);
#2743=CYLINDRICAL_SURFACE('',#2742,3.E0);
#2744=ORIENTED_EDGE('',*,*,#1606,.T.);
#2745=ORIENTED_EDGE('',*,*,#2734,.F.);
#2746=ORIENTED_EDGE('',*,*,#2721,.T.);
#2748=ORIENTED_EDGE('',*,*,#2747,.F.);
#2750=ORIENTED_EDGE('',*,*,#2749,.T.);
#2751=EDGE_LOOP('',(#2744,#2745,#2746,#2748,#2750));
#2752=FACE_OUTER_BOUND('',#2751,.F.);
#2753=ADVANCED_FACE('',(#2752),#2743,.T.);
#2754=CARTESIAN_POINT('',(2.222E1,6.525E1,3.8E1));
#2755=DIRECTION('',(1.E0,0.E0,0.E0));
#2756=DIRECTION('',(0.E0,1.E0,0.E0));
#2757=AXIS2_PLACEMENT_3D('',#2754,#2755,#2756);
#2758=PLANE('',#2757);
#2759=ORIENTED_EDGE('',*,*,#2747,.T.);
#2760=ORIENTED_EDGE('',*,*,#2719,.T.);
#2762=ORIENTED_EDGE('',*,*,#2761,.F.);
#2764=ORIENTED_EDGE('',*,*,#2763,.T.);
#2765=EDGE_LOOP('',(#2759,#2760,#2762,#2764));
#2766=FACE_OUTER_BOUND('',#2765,.F.);
#2767=ADVANCED_FACE('',(#2766),#2758,.T.);
#2768=CARTESIAN_POINT('',(1.922E1,1.711779980152E2,3.5E1));
#2769=DIRECTION('',(0.E0,-1.E0,0.E0));
#2770=DIRECTION('',(1.E0,0.E0,0.E0));
#2771=AXIS2_PLACEMENT_3D('',#2768,#2769,#2770);
#2772=CYLINDRICAL_SURFACE('',#2771,3.E0);
#2773=ORIENTED_EDGE('',*,*,#2717,.T.);
#2775=ORIENTED_EDGE('',*,*,#2774,.F.);
#2776=ORIENTED_EDGE('',*,*,#1718,.T.);
#2778=ORIENTED_EDGE('',*,*,#2777,.T.);
#2779=ORIENTED_EDGE('',*,*,#2761,.T.);
#2780=EDGE_LOOP('',(#2773,#2775,#2776,#2778,#2779));
#2781=FACE_OUTER_BOUND('',#2780,.F.);
#2782=ADVANCED_FACE('',(#2781),#2772,.T.);
#2783=CARTESIAN_POINT('',(4.052809248555E0,2.15E0,3.7E1));
#2784=DIRECTION('',(0.E0,0.E0,1.E0));
#2785=DIRECTION('',(9.862064842686E-1,1.655196978806E-1,0.E0));
#2786=AXIS2_PLACEMENT_3D('',#2783,#2784,#2785);
#2787=TOROIDAL_SURFACE('',#2786,6.391999999945E1,1.E0);
#2788=ORIENTED_EDGE('',*,*,#2715,.T.);
#2790=ORIENTED_EDGE('',*,*,#2789,.T.);
#2791=ORIENTED_EDGE('',*,*,#1720,.F.);
#2792=ORIENTED_EDGE('',*,*,#2774,.T.);
#2793=EDGE_LOOP('',(#2788,#2790,#2791,#2792));
#2794=FACE_OUTER_BOUND('',#2793,.F.);
#2795=ADVANCED_FACE('',(#2794),#2787,.T.);
#2796=CARTESIAN_POINT('',(6.703529166064E1,1.305748867575E1,3.7E1));
#2797=DIRECTION('',(-2.266726102678E-6,9.999999999974E-1,7.527844424348E-11));
#2798=DIRECTION('',(-7.071058708796E-1,-1.602868564851E-6,7.071076914905E-1));
#2799=AXIS2_PLACEMENT_3D('',#2796,#2797,#2798);
#2800=SPHERICAL_SURFACE('',#2799,1.E0);
#2802=ORIENTED_EDGE('',*,*,#2801,.F.);
#2803=ORIENTED_EDGE('',*,*,#2789,.F.);
#2804=ORIENTED_EDGE('',*,*,#2702,.T.);
#2805=EDGE_LOOP('',(#2802,#2803,#2804));
#2806=FACE_OUTER_BOUND('',#2805,.F.);
#2807=ADVANCED_FACE('',(#2806),#2800,.T.);
#2808=CARTESIAN_POINT('',(6.703529166064E1,-5.507539227526E0,3.7E1));
#2809=DIRECTION('',(0.E0,1.E0,0.E0));
#2810=DIRECTION('',(0.E0,0.E0,1.E0));
#2811=AXIS2_PLACEMENT_3D('',#2808,#2809,#2810);
#2812=CYLINDRICAL_SURFACE('',#2811,1.E0);
#2813=ORIENTED_EDGE('',*,*,#2801,.T.);
#2814=ORIENTED_EDGE('',*,*,#2420,.F.);
#2815=ORIENTED_EDGE('',*,*,#2391,.F.);
#2816=ORIENTED_EDGE('',*,*,#1722,.T.);
#2817=EDGE_LOOP('',(#2813,#2814,#2815,#2816));
#2818=FACE_OUTER_BOUND('',#2817,.F.);
#2819=ADVANCED_FACE('',(#2818),#2812,.T.);
#2820=CARTESIAN_POINT('',(0.E0,6.97E1,3.8E1));
#2821=DIRECTION('',(0.E0,1.E0,0.E0));
#2822=DIRECTION('',(0.E0,0.E0,1.E0));
#2823=AXIS2_PLACEMENT_3D('',#2820,#2821,#2822);
#2824=PLANE('',#2823);
#2826=ORIENTED_EDGE('',*,*,#2825,.F.);
#2828=ORIENTED_EDGE('',*,*,#2827,.F.);
#2830=ORIENTED_EDGE('',*,*,#2829,.F.);
#2831=ORIENTED_EDGE('',*,*,#1608,.F.);
#2832=ORIENTED_EDGE('',*,*,#2749,.F.);
#2833=ORIENTED_EDGE('',*,*,#2763,.F.);
#2834=ORIENTED_EDGE('',*,*,#2777,.F.);
#2835=ORIENTED_EDGE('',*,*,#1716,.F.);
#2836=EDGE_LOOP('',(#2826,#2828,#2830,#2831,#2832,#2833,#2834,#2835));
#2837=FACE_OUTER_BOUND('',#2836,.F.);
#2839=ORIENTED_EDGE('',*,*,#2838,.F.);
#2841=ORIENTED_EDGE('',*,*,#2840,.F.);
#2842=EDGE_LOOP('',(#2839,#2841));
#2843=FACE_BOUND('',#2842,.F.);
#2845=ORIENTED_EDGE('',*,*,#2844,.F.);
#2847=ORIENTED_EDGE('',*,*,#2846,.F.);
#2848=EDGE_LOOP('',(#2845,#2847));
#2849=FACE_BOUND('',#2848,.F.);
#2851=ORIENTED_EDGE('',*,*,#2850,.F.);
#2853=ORIENTED_EDGE('',*,*,#2852,.F.);
#2854=EDGE_LOOP('',(#2851,#2853));
#2855=FACE_BOUND('',#2854,.F.);
#2857=ORIENTED_EDGE('',*,*,#2856,.F.);
#2859=ORIENTED_EDGE('',*,*,#2858,.F.);
#2860=EDGE_LOOP('',(#2857,#2859));
#2861=FACE_BOUND('',#2860,.F.);
#2863=ORIENTED_EDGE('',*,*,#2862,.F.);
#2865=ORIENTED_EDGE('',*,*,#2864,.F.);
#2866=EDGE_LOOP('',(#2863,#2865));
#2867=FACE_BOUND('',#2866,.F.);
#2868=ADVANCED_FACE('',(#2837,#2843,#2849,#2855,#2861,#2867),#2824,.T.);
#2869=CARTESIAN_POINT('',(5.215E0,6.87E1,1.9E1));
#2870=DIRECTION('',(0.E0,1.E0,0.E0));
#2871=DIRECTION('',(1.E0,0.E0,0.E0));
#2872=AXIS2_PLACEMENT_3D('',#2869,#2870,#2871);
#2873=CYLINDRICAL_SURFACE('',#2872,1.E1);
#2875=ORIENTED_EDGE('',*,*,#2874,.F.);
#2877=ORIENTED_EDGE('',*,*,#2876,.T.);
#2879=ORIENTED_EDGE('',*,*,#2878,.T.);
#2880=ORIENTED_EDGE('',*,*,#2862,.T.);
#2882=ORIENTED_EDGE('',*,*,#2881,.F.);
#2884=ORIENTED_EDGE('',*,*,#2883,.F.);
#2886=ORIENTED_EDGE('',*,*,#2885,.T.);
#2888=ORIENTED_EDGE('',*,*,#2887,.T.);
#2889=EDGE_LOOP('',(#2875,#2877,#2879,#2880,#2882,#2884,#2886,#2888));
#2890=FACE_OUTER_BOUND('',#2889,.F.);
#2891=ADVANCED_FACE('',(#2890),#2873,.F.);
#2892=CARTESIAN_POINT('',(5.215E0,6.87E1,1.9E1));
#2893=DIRECTION('',(0.E0,1.E0,0.E0));
#2894=DIRECTION('',(1.E0,0.E0,0.E0));
#2895=AXIS2_PLACEMENT_3D('',#2892,#2893,#2894);
#2896=CYLINDRICAL_SURFACE('',#2895,1.E1);
#2897=ORIENTED_EDGE('',*,*,#2885,.F.);
#2898=ORIENTED_EDGE('',*,*,#2883,.T.);
#2899=ORIENTED_EDGE('',*,*,#2881,.T.);
#2900=ORIENTED_EDGE('',*,*,#2864,.T.);
#2901=ORIENTED_EDGE('',*,*,#2878,.F.);
#2902=ORIENTED_EDGE('',*,*,#2876,.F.);
#2903=ORIENTED_EDGE('',*,*,#2874,.T.);
#2905=ORIENTED_EDGE('',*,*,#2904,.T.);
#2906=EDGE_LOOP('',(#2897,#2898,#2899,#2900,#2901,#2902,#2903,#2905));
#2907=FACE_OUTER_BOUND('',#2906,.F.);
#2908=ADVANCED_FACE('',(#2907),#2896,.F.);
#2909=CARTESIAN_POINT('',(0.E0,6.37E1,3.8E1));
#2910=DIRECTION('',(0.E0,1.E0,0.E0));
#2911=DIRECTION('',(1.E0,0.E0,0.E0));
#2912=AXIS2_PLACEMENT_3D('',#2909,#2910,#2911);
#2913=PLANE('',#2912);
#2914=ORIENTED_EDGE('',*,*,#2887,.F.);
#2915=ORIENTED_EDGE('',*,*,#2904,.F.);
#2916=EDGE_LOOP('',(#2914,#2915));
#2917=FACE_OUTER_BOUND('',#2916,.F.);
#2918=ADVANCED_FACE('',(#2917),#2913,.T.);
#2919=CARTESIAN_POINT('',(0.E0,6.37E1,3.8E1));
#2920=DIRECTION('',(0.E0,1.E0,0.E0));
#2921=DIRECTION('',(1.E0,0.E0,0.E0));
#2922=AXIS2_PLACEMENT_3D('',#2919,#2920,#2921);
#2923=PLANE('',#2922);
#2925=ORIENTED_EDGE('',*,*,#2924,.F.);
#2927=ORIENTED_EDGE('',*,*,#2926,.F.);
#2928=EDGE_LOOP('',(#2925,#2927));
#2929=FACE_OUTER_BOUND('',#2928,.F.);
#2930=ADVANCED_FACE('',(#2929),#2923,.T.);
#2931=CARTESIAN_POINT('',(0.E0,6.37E1,3.8E1));
#2932=DIRECTION('',(0.E0,1.E0,0.E0));
#2933=DIRECTION('',(1.E0,0.E0,0.E0));
#2934=AXIS2_PLACEMENT_3D('',#2931,#2932,#2933);
#2935=PLANE('',#2934);
#2937=ORIENTED_EDGE('',*,*,#2936,.F.);
#2939=ORIENTED_EDGE('',*,*,#2938,.F.);
#2940=EDGE_LOOP('',(#2937,#2939));
#2941=FACE_OUTER_BOUND('',#2940,.F.);
#2942=ADVANCED_FACE('',(#2941),#2935,.T.);
#2943=CARTESIAN_POINT('',(0.E0,6.37E1,3.8E1));
#2944=DIRECTION('',(0.E0,1.E0,0.E0));
#2945=DIRECTION('',(1.E0,0.E0,0.E0));
#2946=AXIS2_PLACEMENT_3D('',#2943,#2944,#2945);
#2947=PLANE('',#2946);
#2949=ORIENTED_EDGE('',*,*,#2948,.F.);
#2951=ORIENTED_EDGE('',*,*,#2950,.F.);
#2952=EDGE_LOOP('',(#2949,#2951));
#2953=FACE_OUTER_BOUND('',#2952,.F.);
#2954=ADVANCED_FACE('',(#2953),#2947,.T.);
#2955=CARTESIAN_POINT('',(0.E0,6.37E1,3.8E1));
#2956=DIRECTION('',(0.E0,1.E0,0.E0));
#2957=DIRECTION('',(1.E0,0.E0,0.E0));
#2958=AXIS2_PLACEMENT_3D('',#2955,#2956,#2957);
#2959=PLANE('',#2958);
#2961=ORIENTED_EDGE('',*,*,#2960,.F.);
#2963=ORIENTED_EDGE('',*,*,#2962,.F.);
#2964=EDGE_LOOP('',(#2961,#2963));
#2965=FACE_OUTER_BOUND('',#2964,.F.);
#2966=ADVANCED_FACE('',(#2965),#2959,.T.);
#2967=CARTESIAN_POINT('',(-6.187383895726E0,6.87E1,7.057183594556E0));
#2968=DIRECTION('',(0.E0,1.E0,0.E0));
#2969=DIRECTION('',(1.E0,0.E0,0.E0));
#2970=AXIS2_PLACEMENT_3D('',#2967,#2968,#2969);
#2971=CYLINDRICAL_SURFACE('',#2970,2.1E0);
#2973=ORIENTED_EDGE('',*,*,#2972,.F.);
#2975=ORIENTED_EDGE('',*,*,#2974,.T.);
#2977=ORIENTED_EDGE('',*,*,#2976,.F.);
#2979=ORIENTED_EDGE('',*,*,#2978,.T.);
#2981=ORIENTED_EDGE('',*,*,#2980,.T.);
#2982=ORIENTED_EDGE('',*,*,#2856,.T.);
#2984=ORIENTED_EDGE('',*,*,#2983,.F.);
#2986=ORIENTED_EDGE('',*,*,#2985,.F.);
#2988=ORIENTED_EDGE('',*,*,#2987,.T.);
#2989=ORIENTED_EDGE('',*,*,#2924,.T.);
#2991=ORIENTED_EDGE('',*,*,#2990,.F.);
#2992=EDGE_LOOP('',(#2973,#2975,#2977,#2979,#2981,#2982,#2984,#2986,#2988,#2989,
#2991));
#2993=FACE_OUTER_BOUND('',#2992,.F.);
#2994=ADVANCED_FACE('',(#2993),#2971,.F.);
#2995=CARTESIAN_POINT('',(-1.179E1,6.365539038801E1,3.8E1));
#2996=DIRECTION('',(4.229444305751E-1,-9.061556205451E-1,0.E0));
#2997=DIRECTION('',(9.061556205451E-1,4.229444305751E-1,0.E0));
#2998=AXIS2_PLACEMENT_3D('',#2995,#2996,#2997);
#2999=PLANE('',#2998);
#3000=ORIENTED_EDGE('',*,*,#2972,.T.);
#3002=ORIENTED_EDGE('',*,*,#3001,.T.);
#3004=ORIENTED_EDGE('',*,*,#3003,.T.);
#3005=EDGE_LOOP('',(#3000,#3002,#3004));
#3006=FACE_OUTER_BOUND('',#3005,.F.);
#3007=ADVANCED_FACE('',(#3006),#2999,.T.);
#3008=CARTESIAN_POINT('',(-1.179E1,6.365539038801E1,3.8E1));
#3009=DIRECTION('',(4.229444305751E-1,-9.061556205451E-1,0.E0));
#3010=DIRECTION('',(9.061556205451E-1,4.229444305751E-1,0.E0));
#3011=AXIS2_PLACEMENT_3D('',#3008,#3009,#3010);
#3012=PLANE('',#3011);
#3014=ORIENTED_EDGE('',*,*,#3013,.T.);
#3016=ORIENTED_EDGE('',*,*,#3015,.T.);
#3018=ORIENTED_EDGE('',*,*,#3017,.T.);
#3019=EDGE_LOOP('',(#3014,#3016,#3018));
#3020=FACE_OUTER_BOUND('',#3019,.F.);
#3021=ADVANCED_FACE('',(#3020),#3012,.T.);
#3022=CARTESIAN_POINT('',(-6.187383895726E0,6.87E1,7.057183594556E0));
#3023=DIRECTION('',(0.E0,1.E0,0.E0));
#3024=DIRECTION('',(1.E0,0.E0,0.E0));
#3025=AXIS2_PLACEMENT_3D('',#3022,#3023,#3024);
#3026=CYLINDRICAL_SURFACE('',#3025,2.1E0);
#3027=ORIENTED_EDGE('',*,*,#3001,.F.);
#3028=ORIENTED_EDGE('',*,*,#2990,.T.);
#3029=ORIENTED_EDGE('',*,*,#2926,.T.);
#3030=ORIENTED_EDGE('',*,*,#2987,.F.);
#3031=ORIENTED_EDGE('',*,*,#2985,.T.);
#3032=ORIENTED_EDGE('',*,*,#2983,.T.);
#3033=ORIENTED_EDGE('',*,*,#2858,.T.);
#3034=ORIENTED_EDGE('',*,*,#2980,.F.);
#3035=ORIENTED_EDGE('',*,*,#2978,.F.);
#3036=ORIENTED_EDGE('',*,*,#2976,.T.);
#3038=ORIENTED_EDGE('',*,*,#3037,.T.);
#3039=EDGE_LOOP('',(#3027,#3028,#3029,#3030,#3031,#3032,#3033,#3034,#3035,#3036,
#3038));
#3040=FACE_OUTER_BOUND('',#3039,.F.);
#3041=ADVANCED_FACE('',(#3040),#3026,.F.);
#3042=CARTESIAN_POINT('',(-8.117059086212E0,6.536972054069E1,3.8E1));
#3043=DIRECTION('',(-3.257797918474E-2,9.994691967601E-1,0.E0));
#3044=DIRECTION('',(-9.994691967601E-1,-3.257797918474E-2,0.E0));
#3045=AXIS2_PLACEMENT_3D('',#3042,#3043,#3044);
#3046=PLANE('',#3045);
#3047=ORIENTED_EDGE('',*,*,#2974,.F.);
#3048=ORIENTED_EDGE('',*,*,#3003,.F.);
#3049=ORIENTED_EDGE('',*,*,#3037,.F.);
#3050=EDGE_LOOP('',(#3047,#3048,#3049));
#3051=FACE_OUTER_BOUND('',#3050,.F.);
#3052=ADVANCED_FACE('',(#3051),#3046,.T.);
#3053=CARTESIAN_POINT('',(-8.117059086212E0,6.536972054069E1,3.8E1));
#3054=DIRECTION('',(-3.257797918474E-2,9.994691967601E-1,0.E0));
#3055=DIRECTION('',(-9.994691967601E-1,-3.257797918474E-2,0.E0));
#3056=AXIS2_PLACEMENT_3D('',#3053,#3054,#3055);
#3057=PLANE('',#3056);
#3059=ORIENTED_EDGE('',*,*,#3058,.F.);
#3060=ORIENTED_EDGE('',*,*,#3017,.F.);
#3062=ORIENTED_EDGE('',*,*,#3061,.F.);
#3063=EDGE_LOOP('',(#3059,#3060,#3062));
#3064=FACE_OUTER_BOUND('',#3063,.F.);
#3065=ADVANCED_FACE('',(#3064),#3057,.T.);
#3066=CARTESIAN_POINT('',(-6.187383895726E0,6.87E1,3.094281640544E1));
#3067=DIRECTION('',(0.E0,1.E0,0.E0));
#3068=DIRECTION('',(1.E0,0.E0,0.E0));
#3069=AXIS2_PLACEMENT_3D('',#3066,#3067,#3068);
#3070=CYLINDRICAL_SURFACE('',#3069,2.1E0);
#3071=ORIENTED_EDGE('',*,*,#3013,.F.);
#3072=ORIENTED_EDGE('',*,*,#3058,.T.);
#3074=ORIENTED_EDGE('',*,*,#3073,.F.);
#3076=ORIENTED_EDGE('',*,*,#3075,.T.);
#3078=ORIENTED_EDGE('',*,*,#3077,.T.);
#3079=ORIENTED_EDGE('',*,*,#2850,.T.);
#3081=ORIENTED_EDGE('',*,*,#3080,.F.);
#3083=ORIENTED_EDGE('',*,*,#3082,.F.);
#3085=ORIENTED_EDGE('',*,*,#3084,.T.);
#3086=ORIENTED_EDGE('',*,*,#2960,.T.);
#3088=ORIENTED_EDGE('',*,*,#3087,.F.);
#3089=EDGE_LOOP('',(#3071,#3072,#3074,#3076,#3078,#3079,#3081,#3083,#3085,#3086,
#3088));
#3090=FACE_OUTER_BOUND('',#3089,.F.);
#3091=ADVANCED_FACE('',(#3090),#3070,.F.);
#3092=CARTESIAN_POINT('',(-6.187383895726E0,6.87E1,3.094281640544E1));
#3093=DIRECTION('',(0.E0,1.E0,0.E0));
#3094=DIRECTION('',(1.E0,0.E0,0.E0));
#3095=AXIS2_PLACEMENT_3D('',#3092,#3093,#3094);
#3096=CYLINDRICAL_SURFACE('',#3095,2.1E0);
#3097=ORIENTED_EDGE('',*,*,#3015,.F.);
#3098=ORIENTED_EDGE('',*,*,#3087,.T.);
#3099=ORIENTED_EDGE('',*,*,#2962,.T.);
#3100=ORIENTED_EDGE('',*,*,#3084,.F.);
#3101=ORIENTED_EDGE('',*,*,#3082,.T.);
#3102=ORIENTED_EDGE('',*,*,#3080,.T.);
#3103=ORIENTED_EDGE('',*,*,#2852,.T.);
#3104=ORIENTED_EDGE('',*,*,#3077,.F.);
#3105=ORIENTED_EDGE('',*,*,#3075,.F.);
#3106=ORIENTED_EDGE('',*,*,#3073,.T.);
#3107=ORIENTED_EDGE('',*,*,#3061,.T.);
#3108=EDGE_LOOP('',(#3097,#3098,#3099,#3100,#3101,#3102,#3103,#3104,#3105,#3106,
#3107));
#3109=FACE_OUTER_BOUND('',#3108,.F.);
#3110=ADVANCED_FACE('',(#3109),#3096,.F.);
#3111=CARTESIAN_POINT('',(1.661738389573E1,6.87E1,7.057183594556E0));
#3112=DIRECTION('',(0.E0,1.E0,0.E0));
#3113=DIRECTION('',(1.E0,0.E0,0.E0));
#3114=AXIS2_PLACEMENT_3D('',#3111,#3112,#3113);
#3115=CYLINDRICAL_SURFACE('',#3114,2.1E0);
#3117=ORIENTED_EDGE('',*,*,#3116,.F.);
#3119=ORIENTED_EDGE('',*,*,#3118,.T.);
#3121=ORIENTED_EDGE('',*,*,#3120,.T.);
#3122=ORIENTED_EDGE('',*,*,#2838,.T.);
#3124=ORIENTED_EDGE('',*,*,#3123,.F.);
#3126=ORIENTED_EDGE('',*,*,#3125,.F.);
#3128=ORIENTED_EDGE('',*,*,#3127,.T.);
#3129=ORIENTED_EDGE('',*,*,#2936,.T.);
#3130=EDGE_LOOP('',(#3117,#3119,#3121,#3122,#3124,#3126,#3128,#3129));
#3131=FACE_OUTER_BOUND('',#3130,.F.);
#3132=ADVANCED_FACE('',(#3131),#3115,.F.);
#3133=CARTESIAN_POINT('',(1.661738389573E1,6.87E1,7.057183594556E0));
#3134=DIRECTION('',(0.E0,1.E0,0.E0));
#3135=DIRECTION('',(1.E0,0.E0,0.E0));
#3136=AXIS2_PLACEMENT_3D('',#3133,#3134,#3135);
#3137=CYLINDRICAL_SURFACE('',#3136,2.1E0);
#3138=ORIENTED_EDGE('',*,*,#3127,.F.);
#3139=ORIENTED_EDGE('',*,*,#3125,.T.);
#3140=ORIENTED_EDGE('',*,*,#3123,.T.);
#3141=ORIENTED_EDGE('',*,*,#2840,.T.);
#3142=ORIENTED_EDGE('',*,*,#3120,.F.);
#3143=ORIENTED_EDGE('',*,*,#3118,.F.);
#3144=ORIENTED_EDGE('',*,*,#3116,.T.);
#3145=ORIENTED_EDGE('',*,*,#2938,.T.);
#3146=EDGE_LOOP('',(#3138,#3139,#3140,#3141,#3142,#3143,#3144,#3145));
#3147=FACE_OUTER_BOUND('',#3146,.F.);
#3148=ADVANCED_FACE('',(#3147),#3137,.F.);
#3149=CARTESIAN_POINT('',(1.661738389573E1,6.87E1,3.094281640544E1));
#3150=DIRECTION('',(0.E0,1.E0,0.E0));
#3151=DIRECTION('',(1.E0,0.E0,0.E0));
#3152=AXIS2_PLACEMENT_3D('',#3149,#3150,#3151);
#3153=CYLINDRICAL_SURFACE('',#3152,2.1E0);
#3155=ORIENTED_EDGE('',*,*,#3154,.F.);
#3157=ORIENTED_EDGE('',*,*,#3156,.T.);
#3159=ORIENTED_EDGE('',*,*,#3158,.T.);
#3160=ORIENTED_EDGE('',*,*,#2844,.T.);
#3162=ORIENTED_EDGE('',*,*,#3161,.F.);
#3164=ORIENTED_EDGE('',*,*,#3163,.F.);
#3166=ORIENTED_EDGE('',*,*,#3165,.T.);
#3167=ORIENTED_EDGE('',*,*,#2948,.T.);
#3168=EDGE_LOOP('',(#3155,#3157,#3159,#3160,#3162,#3164,#3166,#3167));
#3169=FACE_OUTER_BOUND('',#3168,.F.);
#3170=ADVANCED_FACE('',(#3169),#3153,.F.);
#3171=CARTESIAN_POINT('',(1.661738389573E1,6.87E1,3.094281640544E1));
#3172=DIRECTION('',(0.E0,1.E0,0.E0));
#3173=DIRECTION('',(1.E0,0.E0,0.E0));
#3174=AXIS2_PLACEMENT_3D('',#3171,#3172,#3173);
#3175=CYLINDRICAL_SURFACE('',#3174,2.1E0);
#3176=ORIENTED_EDGE('',*,*,#3165,.F.);
#3177=ORIENTED_EDGE('',*,*,#3163,.T.);
#3178=ORIENTED_EDGE('',*,*,#3161,.T.);
#3179=ORIENTED_EDGE('',*,*,#2846,.T.);
#3180=ORIENTED_EDGE('',*,*,#3158,.F.);
#3181=ORIENTED_EDGE('',*,*,#3156,.F.);
#3182=ORIENTED_EDGE('',*,*,#3154,.T.);
#3183=ORIENTED_EDGE('',*,*,#2950,.T.);
#3184=EDGE_LOOP('',(#3176,#3177,#3178,#3179,#3180,#3181,#3182,#3183));
#3185=FACE_OUTER_BOUND('',#3184,.F.);
#3186=ADVANCED_FACE('',(#3185),#3175,.F.);
#3187=CARTESIAN_POINT('',(-8.79E0,-1.096224272997E2,3.5E1));
#3188=DIRECTION('',(0.E0,1.E0,0.E0));
#3189=DIRECTION('',(-1.E0,0.E0,0.E0));
#3190=AXIS2_PLACEMENT_3D('',#3187,#3188,#3189);
#3191=CYLINDRICAL_SURFACE('',#3190,3.E0);
#3192=ORIENTED_EDGE('',*,*,#1714,.T.);
#3193=ORIENTED_EDGE('',*,*,#2120,.F.);
#3194=ORIENTED_EDGE('',*,*,#2106,.T.);
#3196=ORIENTED_EDGE('',*,*,#3195,.T.);
#3197=ORIENTED_EDGE('',*,*,#2825,.T.);
#3198=EDGE_LOOP('',(#3192,#3193,#3194,#3196,#3197));
#3199=FACE_OUTER_BOUND('',#3198,.F.);
#3200=ADVANCED_FACE('',(#3199),#3191,.T.);
#3201=CARTESIAN_POINT('',(-1.179E1,6.87E1,3.8E1));
#3202=DIRECTION('',(-1.E0,0.E0,0.E0));
#3203=DIRECTION('',(0.E0,-1.E0,0.E0));
#3204=AXIS2_PLACEMENT_3D('',#3201,#3202,#3203);
#3205=PLANE('',#3204);
#3206=ORIENTED_EDGE('',*,*,#3195,.F.);
#3207=ORIENTED_EDGE('',*,*,#2104,.F.);
#3209=ORIENTED_EDGE('',*,*,#3208,.T.);
#3210=ORIENTED_EDGE('',*,*,#2827,.T.);
#3211=EDGE_LOOP('',(#3206,#3207,#3209,#3210));
#3212=FACE_OUTER_BOUND('',#3211,.F.);
#3213=ADVANCED_FACE('',(#3212),#3205,.T.);
#3214=CARTESIAN_POINT('',(-8.79E0,-1.096224272997E2,3.E0));
#3215=DIRECTION('',(0.E0,1.E0,0.E0));
#3216=DIRECTION('',(0.E0,0.E0,-1.E0));
#3217=AXIS2_PLACEMENT_3D('',#3214,#3215,#3216);
#3218=CYLINDRICAL_SURFACE('',#3217,3.E0);
#3219=ORIENTED_EDGE('',*,*,#2102,.T.);
#3220=ORIENTED_EDGE('',*,*,#2087,.F.);
#3221=ORIENTED_EDGE('',*,*,#1610,.T.);
#3222=ORIENTED_EDGE('',*,*,#2829,.T.);
#3223=ORIENTED_EDGE('',*,*,#3208,.F.);
#3224=EDGE_LOOP('',(#3219,#3220,#3221,#3222,#3223));
#3225=FACE_OUTER_BOUND('',#3224,.F.);
#3226=ADVANCED_FACE('',(#3225),#3218,.T.);
#3227=CARTESIAN_POINT('',(-2.172234067284E1,5.744671079127E1,0.E0));
#3228=DIRECTION('',(-7.549848237678E-1,6.557422633019E-1,0.E0));
#3229=DIRECTION('',(-6.557422633019E-1,-7.549848237678E-1,0.E0));
#3230=AXIS2_PLACEMENT_3D('',#3227,#3228,#3229);
#3231=PLANE('',#3230);
#3233=ORIENTED_EDGE('',*,*,#3232,.T.);
#3234=ORIENTED_EDGE('',*,*,#2147,.T.);
#3235=ORIENTED_EDGE('',*,*,#2180,.F.);
#3236=ORIENTED_EDGE('',*,*,#2058,.T.);
#3237=EDGE_LOOP('',(#3233,#3234,#3235,#3236));
#3238=FACE_OUTER_BOUND('',#3237,.F.);
#3239=ADVANCED_FACE('',(#3238),#3231,.T.);
#3240=CARTESIAN_POINT('',(-2.099836180552E1,5.675527001061E1,
7.919251311772E-1));
#3241=DIRECTION('',(0.E0,0.E0,1.E0));
#3242=DIRECTION('',(-6.892369584977E-1,7.245359998239E-1,0.E0));
#3243=AXIS2_PLACEMENT_3D('',#3240,#3241,#3242);
#3244=CYLINDRICAL_SURFACE('',#3243,1.E0);
#3245=ORIENTED_EDGE('',*,*,#2099,.T.);
#3246=ORIENTED_EDGE('',*,*,#2132,.T.);
#3247=ORIENTED_EDGE('',*,*,#3232,.F.);
#3248=ORIENTED_EDGE('',*,*,#2073,.F.);
#3249=EDGE_LOOP('',(#3245,#3246,#3247,#3248));
#3250=FACE_OUTER_BOUND('',#3249,.F.);
#3251=ADVANCED_FACE('',(#3250),#3244,.T.);
#3252=CLOSED_SHELL('',(#1634,#1649,#1672,#1687,#1728,#1742,#1756,#1769,#1783,
#1797,#1810,#1824,#1838,#1851,#1865,#1879,#1892,#1906,#1919,#1934,#1947,#1961,
#1974,#1989,#2010,#2023,#2036,#2050,#2064,#2077,#2091,#2110,#2124,#2137,#2151,
#2164,#2185,#2210,#2231,#2246,#2266,#2280,#2295,#2308,#2322,#2344,#2357,#2369,
#2382,#2395,#2409,#2432,#2455,#2472,#2485,#2499,#2512,#2526,#2538,#2550,#2563,
#2580,#2592,#2604,#2616,#2629,#2641,#2654,#2666,#2679,#2692,#2706,#2725,#2738,
#2753,#2767,#2782,#2795,#2807,#2819,#2868,#2891,#2908,#2918,#2930,#2942,#2954,
#2966,#2994,#3007,#3021,#3041,#3052,#3065,#3091,#3110,#3132,#3148,#3170,#3186,
#3200,#3213,#3226,#3239,#3251));
#3253=MANIFOLD_SOLID_BREP('',#3252);
#3255=DIMENSIONAL_EXPONENTS(0.E0,0.E0,0.E0,0.E0,0.E0,0.E0,0.E0);
#3257=PLANE_ANGLE_MEASURE_WITH_UNIT(PLANE_ANGLE_MEASURE(1.745329251994E-2),
#3256);
#3258=(CONVERSION_BASED_UNIT('DEGREE',#3257)NAMED_UNIT(*)PLANE_ANGLE_UNIT());
#3260=UNCERTAINTY_MEASURE_WITH_UNIT(LENGTH_MEASURE(1.556235182364E-2),#3254,
'closure',
'Maximum model space distance between geometric entities at asserted connectivities');
#3261=(GEOMETRIC_REPRESENTATION_CONTEXT(3)GLOBAL_UNCERTAINTY_ASSIGNED_CONTEXT((
#3260))GLOBAL_UNIT_ASSIGNED_CONTEXT((#3254,#3258,#3259))REPRESENTATION_CONTEXT(
'ID1','3'));
#3263=APPLICATION_CONTEXT(
'CONFIGURATION CONTROLLED 3D DESIGNS OF MECHANICAL PARTS AND ASSEMBLIES');
#3264=APPLICATION_PROTOCOL_DEFINITION('international standard',
'config_control_design',1994,#3263);
#3265=DESIGN_CONTEXT('',#3263,'design');
#3266=MECHANICAL_CONTEXT('',#3263,'mechanical');
#3267=PRODUCT('BRACE2','BRACE2','NOT SPECIFIED',(#3266));
#3268=PRODUCT_DEFINITION_FORMATION_WITH_SPECIFIED_SOURCE('6','LAST_VERSION',
#3267,.MADE.);
#3272=PRODUCT_CATEGORY('part','');
#3273=PRODUCT_RELATED_PRODUCT_CATEGORY('detail','',(#3267));
#3274=PRODUCT_CATEGORY_RELATIONSHIP('','',#3272,#3273);
#3275=SECURITY_CLASSIFICATION_LEVEL('unclassified');
#3276=SECURITY_CLASSIFICATION('','',#3275);
#3277=CC_DESIGN_SECURITY_CLASSIFICATION(#3276,(#3268));
#3278=APPROVAL_STATUS('approved');
#3279=APPROVAL(#3278,'');
#3280=CC_DESIGN_APPROVAL(#3279,(#3276,#3268,#3269));
#3281=CALENDAR_DATE(126,24,7);
#3282=COORDINATED_UNIVERSAL_TIME_OFFSET(8,0,.AHEAD.);
#3283=LOCAL_TIME(11,56,4.4E1,#3282);
#3284=DATE_AND_TIME(#3281,#3283);
#3285=APPROVAL_DATE_TIME(#3284,#3279);
#3286=DATE_TIME_ROLE('creation_date');
#3287=CC_DESIGN_DATE_AND_TIME_ASSIGNMENT(#3284,#3286,(#3269));
#3288=DATE_TIME_ROLE('classification_date');
#3289=CC_DESIGN_DATE_AND_TIME_ASSIGNMENT(#3284,#3288,(#3276));
#3290=PERSON('UNSPECIFIED','UNSPECIFIED',$,$,$,$);
#3291=ORGANIZATION('UNSPECIFIED','UNSPECIFIED','UNSPECIFIED');
#3292=PERSON_AND_ORGANIZATION(#3290,#3291);
#3293=APPROVAL_ROLE('approver');
#3294=APPROVAL_PERSON_ORGANIZATION(#3292,#3279,#3293);
#3295=PERSON_AND_ORGANIZATION_ROLE('creator');
#3296=CC_DESIGN_PERSON_AND_ORGANIZATION_ASSIGNMENT(#3292,#3295,(#3268,#3269));
#3297=PERSON_AND_ORGANIZATION_ROLE('design_supplier');
#3298=CC_DESIGN_PERSON_AND_ORGANIZATION_ASSIGNMENT(#3292,#3297,(#3268));
#3299=PERSON_AND_ORGANIZATION_ROLE('classification_officer');
#3300=CC_DESIGN_PERSON_AND_ORGANIZATION_ASSIGNMENT(#3292,#3299,(#3276));
#3301=PERSON_AND_ORGANIZATION_ROLE('design_owner');
#3302=CC_DESIGN_PERSON_AND_ORGANIZATION_ASSIGNMENT(#3292,#3301,(#3267));
#17=CIRCLE('',#16,6.391999999945E1);
#22=CIRCLE('',#21,3.359999999906E1);
#31=CIRCLE('',#30,6.392E1);
#52=CIRCLE('',#51,2.759999999869E1);
#57=CIRCLE('',#56,1.E0);
#66=B_SPLINE_CURVE_WITH_KNOTS('',3,(#58,#59,#60,#61,#62,#63,#64,#65),
.UNSPECIFIED.,.F.,.F.,(4,1,1,1,1,4),(0.E0,2.E-1,4.E-1,6.E-1,8.E-1,1.E0),
.UNSPECIFIED.);
#95=CIRCLE('',#94,1.E0);
#104=B_SPLINE_CURVE_WITH_KNOTS('',3,(#96,#97,#98,#99,#100,#101,#102,#103),
.UNSPECIFIED.,.F.,.F.,(4,1,1,1,1,4),(0.E0,2.E-1,4.E-1,6.E-1,8.E-1,1.E0),
.UNSPECIFIED.);
#113=CIRCLE('',#112,2.759999999869E1);
#134=CIRCLE('',#133,6.392E1);
#143=CIRCLE('',#142,3.359999999906E1);
#148=CIRCLE('',#147,6.391999999945E1);
#161=CIRCLE('',#160,5.581475473621E1);
#166=CIRCLE('',#165,1.E0);
#171=CIRCLE('',#170,5.481475473703E1);
#180=CIRCLE('',#179,5.481475473703E1);
#185=CIRCLE('',#184,5.581475473621E1);
#190=CIRCLE('',#189,1.E0);
#199=B_SPLINE_CURVE_WITH_KNOTS('',3,(#191,#192,#193,#194,#195,#196,#197,#198),
.UNSPECIFIED.,.F.,.F.,(4,1,1,1,1,4),(0.E0,2.E-1,4.E-1,6.E-1,8.E-1,1.E0),
.UNSPECIFIED.);
#204=CIRCLE('',#203,2.66E1);
#209=CIRCLE('',#208,2.66E1);
#218=CIRCLE('',#217,1.E0);
#227=B_SPLINE_CURVE_WITH_KNOTS('',3,(#219,#220,#221,#222,#223,#224,#225,#226),
.UNSPECIFIED.,.F.,.F.,(4,1,1,1,1,4),(0.E0,2.E-1,4.E-1,6.E-1,8.E-1,1.E0),
.UNSPECIFIED.);
#244=CIRCLE('',#243,4.726098047385E1);
#249=CIRCLE('',#248,1.E0);
#254=CIRCLE('',#253,1.E0);
#263=B_SPLINE_CURVE_WITH_KNOTS('',3,(#255,#256,#257,#258,#259,#260,#261,#262),
.UNSPECIFIED.,.F.,.F.,(4,1,1,1,1,4),(0.E0,2.E-1,4.E-1,6.E-1,8.E-1,1.E0),
.UNSPECIFIED.);
#268=CIRCLE('',#267,1.E0);
#273=CIRCLE('',#272,1.E0);
#278=CIRCLE('',#277,1.E0);
#283=CIRCLE('',#282,1.E0);
#288=CIRCLE('',#287,1.E0);
#293=CIRCLE('',#292,1.E0);
#298=CIRCLE('',#297,1.E0);
#303=CIRCLE('',#302,1.E0);
#308=CIRCLE('',#307,1.E0);
#345=CIRCLE('',#344,1.E0);
#350=CIRCLE('',#349,1.E0);
#355=CIRCLE('',#354,1.E0);
#360=CIRCLE('',#359,1.E0);
#365=CIRCLE('',#364,1.E0);
#370=CIRCLE('',#369,1.E0);
#375=CIRCLE('',#374,1.E0);
#384=B_SPLINE_CURVE_WITH_KNOTS('',3,(#376,#377,#378,#379,#380,#381,#382,#383),
.UNSPECIFIED.,.F.,.F.,(4,1,1,1,1,4),(0.E0,2.E-1,4.E-1,6.E-1,8.E-1,1.E0),
.UNSPECIFIED.);
#389=CIRCLE('',#388,3.46E1);
#398=CIRCLE('',#397,3.46E1);
#407=CIRCLE('',#406,1.E0);
#416=B_SPLINE_CURVE_WITH_KNOTS('',3,(#408,#409,#410,#411,#412,#413,#414,#415),
.UNSPECIFIED.,.F.,.F.,(4,1,1,1,1,4),(0.E0,2.E-1,4.E-1,6.E-1,8.E-1,1.E0),
.UNSPECIFIED.);
#421=CIRCLE('',#420,1.E0);
#426=CIRCLE('',#425,1.E0);
#431=CIRCLE('',#430,1.E0);
#440=CIRCLE('',#439,6.492E1);
#449=CIRCLE('',#448,6.492E1);
#458=CIRCLE('',#457,6.492E1);
#467=CIRCLE('',#466,6.492E1);
#472=CIRCLE('',#471,1.E0);
#485=CIRCLE('',#484,1.E0);
#494=CIRCLE('',#493,1.E0);
#511=CIRCLE('',#510,1.E0);
#596=CIRCLE('',#595,1.E0);
#601=CIRCLE('',#600,1.E0);
#606=CIRCLE('',#605,1.E0);
#611=CIRCLE('',#610,1.E0);
#616=CIRCLE('',#615,1.E0);
#653=CIRCLE('',#652,1.E0);
#666=CIRCLE('',#665,1.E0);
#675=CIRCLE('',#674,1.E0);
#712=B_SPLINE_CURVE_WITH_KNOTS('',3,(#704,#705,#706,#707,#708,#709,#710,#711),
.UNSPECIFIED.,.F.,.F.,(4,1,1,1,1,4),(0.E0,2.E-1,4.E-1,6.E-1,8.E-1,1.E0),
.UNSPECIFIED.);
#717=CIRCLE('',#716,1.E0);
#722=CIRCLE('',#721,1.E0);
#727=CIRCLE('',#726,1.E0);
#732=CIRCLE('',#731,4.726098047385E1);
#737=CIRCLE('',#736,4.626098047459E1);
#746=CIRCLE('',#745,4.626098047459E1);
#755=CIRCLE('',#754,4.626098047459E1);
#764=CIRCLE('',#763,4.626098047459E1);
#777=CIRCLE('',#776,1.E0);
#782=CIRCLE('',#781,1.E0);
#787=CIRCLE('',#786,1.E0);
#792=CIRCLE('',#791,1.E0);
#797=CIRCLE('',#796,1.E0);
#802=CIRCLE('',#801,1.E0);
#807=CIRCLE('',#806,1.E0);
#812=CIRCLE('',#811,6.492E1);
#821=CIRCLE('',#820,6.492E1);
#830=CIRCLE('',#829,1.E0);
#839=B_SPLINE_CURVE_WITH_KNOTS('',3,(#831,#832,#833,#834,#835,#836,#837,#838),
.UNSPECIFIED.,.F.,.F.,(4,1,1,1,1,4),(0.E0,2.E-1,4.E-1,6.E-1,8.E-1,1.E0),
.UNSPECIFIED.);
#850=B_SPLINE_CURVE_WITH_KNOTS('',3,(#844,#845,#846,#847,#848,#849),
.UNSPECIFIED.,.F.,.F.,(4,1,1,4),(0.E0,3.333333333333E-1,6.666666666667E-1,1.E0),
.UNSPECIFIED.);
#865=B_SPLINE_CURVE_WITH_KNOTS('',3,(#859,#860,#861,#862,#863,#864),
.UNSPECIFIED.,.F.,.F.,(4,1,1,4),(0.E0,3.333333333333E-1,6.666666666667E-1,1.E0),
.UNSPECIFIED.);
#878=B_SPLINE_CURVE_WITH_KNOTS('',3,(#870,#871,#872,#873,#874,#875,#876,#877),
.UNSPECIFIED.,.F.,.F.,(4,1,1,1,1,4),(0.E0,2.E-1,4.E-1,6.E-1,8.E-1,1.E0),
.UNSPECIFIED.);
#883=CIRCLE('',#882,1.E0);
#888=CIRCLE('',#887,1.E0);
#893=CIRCLE('',#892,1.E0);
#898=CIRCLE('',#897,1.E1);
#903=CIRCLE('',#902,1.E1);
#908=CIRCLE('',#907,2.1E0);
#913=CIRCLE('',#912,2.1E0);
#918=CIRCLE('',#917,2.1E0);
#923=CIRCLE('',#922,2.1E0);
#928=CIRCLE('',#927,2.1E0);
#933=CIRCLE('',#932,2.1E0);
#938=CIRCLE('',#937,2.1E0);
#943=CIRCLE('',#942,2.1E0);
#948=CIRCLE('',#947,3.E0);
#957=CIRCLE('',#956,3.E0);
#966=CIRCLE('',#965,3.E0);
#975=CIRCLE('',#974,3.E0);
#988=CIRCLE('',#987,1.E1);
#1001=CIRCLE('',#1000,1.E1);
#1010=CIRCLE('',#1009,1.E1);
#1015=CIRCLE('',#1014,1.E1);
#1020=CIRCLE('',#1019,2.1E0);
#1025=CIRCLE('',#1024,2.1E0);
#1030=CIRCLE('',#1029,2.1E0);
#1035=CIRCLE('',#1034,2.1E0);
#1040=CIRCLE('',#1039,2.1E0);
#1045=CIRCLE('',#1044,2.1E0);
#1050=CIRCLE('',#1049,2.1E0);
#1055=CIRCLE('',#1054,2.1E0);
#1060=B_SPLINE_CURVE_WITH_KNOTS('',3,(#1056,#1057,#1058,#1059),.UNSPECIFIED.,
.F.,.F.,(4,4),(0.E0,1.E0),.UNSPECIFIED.);
#1065=B_SPLINE_CURVE_WITH_KNOTS('',3,(#1061,#1062,#1063,#1064),.UNSPECIFIED.,
.F.,.F.,(4,4),(0.E0,1.E0),.UNSPECIFIED.);
#1074=CIRCLE('',#1073,2.1E0);
#1083=B_SPLINE_CURVE_WITH_KNOTS('',3,(#1079,#1080,#1081,#1082),.UNSPECIFIED.,
.F.,.F.,(4,4),(0.E0,1.E0),.UNSPECIFIED.);
#1096=CIRCLE('',#1095,2.1E0);
#1105=B_SPLINE_CURVE_WITH_KNOTS('',3,(#1101,#1102,#1103,#1104),.UNSPECIFIED.,
.F.,.F.,(4,4),(0.E0,1.E0),.UNSPECIFIED.);
#1118=B_SPLINE_CURVE_WITH_KNOTS('',3,(#1114,#1115,#1116,#1117),.UNSPECIFIED.,
.F.,.F.,(4,4),(0.E0,1.E0),.UNSPECIFIED.);
#1123=B_SPLINE_CURVE_WITH_KNOTS('',3,(#1119,#1120,#1121,#1122),.UNSPECIFIED.,
.F.,.F.,(4,4),(0.E0,1.E0),.UNSPECIFIED.);
#1132=CIRCLE('',#1131,2.1E0);
#1141=B_SPLINE_CURVE_WITH_KNOTS('',3,(#1137,#1138,#1139,#1140),.UNSPECIFIED.,
.F.,.F.,(4,4),(0.E0,1.E0),.UNSPECIFIED.);
#1154=CIRCLE('',#1153,2.1E0);
#1163=B_SPLINE_CURVE_WITH_KNOTS('',3,(#1159,#1160,#1161,#1162),.UNSPECIFIED.,
.F.,.F.,(4,4),(0.E0,1.E0),.UNSPECIFIED.);
#1172=CIRCLE('',#1171,2.1E0);
#1185=CIRCLE('',#1184,2.1E0);
#1198=CIRCLE('',#1197,2.1E0);
#1211=CIRCLE('',#1210,2.1E0);
#1227=B_SPLINE_CURVE_WITH_KNOTS('',3,(#1220,#1221,#1222,#1223,#1224,#1225,
#1226),.UNSPECIFIED.,.F.,.F.,(4,1,1,1,4),(0.E0,2.5E-1,5.E-1,7.5E-1,1.E0),
.UNSPECIFIED.);
#1243=B_SPLINE_CURVE_WITH_KNOTS('',3,(#1236,#1237,#1238,#1239,#1240,#1241,
#1242),.UNSPECIFIED.,.F.,.F.,(4,1,1,1,4),(0.E0,2.5E-1,5.E-1,7.5E-1,1.E0),
.UNSPECIFIED.);
#1264=CIRCLE('',#1263,1.E0);
#1598=EDGE_CURVE('',#1585,#1586,#4,.T.);
#1600=EDGE_CURVE('',#1442,#1585,#8,.T.);
#1602=EDGE_CURVE('',#1461,#1442,#12,.T.);
#1604=EDGE_CURVE('',#1461,#1462,#17,.T.);
#1606=EDGE_CURVE('',#1414,#1462,#843,.T.);
#1608=EDGE_CURVE('',#1414,#1405,#961,.T.);
#1610=EDGE_CURVE('',#1512,#1405,#1247,.T.);
#1612=EDGE_CURVE('',#1512,#1508,#22,.T.);
#1614=EDGE_CURVE('',#1448,#1508,#26,.T.);
#1616=EDGE_CURVE('',#1447,#1448,#31,.T.);
#1618=EDGE_CURVE('',#1444,#1447,#35,.T.);
#1620=EDGE_CURVE('',#1553,#1444,#39,.T.);
#1622=EDGE_CURVE('',#1553,#1554,#43,.T.);
#1624=EDGE_CURVE('',#1516,#1554,#244,.T.);
#1626=EDGE_CURVE('',#1515,#1516,#47,.T.);
#1628=EDGE_CURVE('',#1524,#1515,#52,.T.);
#1630=EDGE_CURVE('',#1586,#1524,#185,.T.);
#1640=EDGE_CURVE('',#1581,#1582,#86,.T.);
#1642=EDGE_CURVE('',#1585,#1581,#57,.T.);
#1645=EDGE_CURVE('',#1586,#1582,#66,.T.);
#1655=EDGE_CURVE('',#1571,#1572,#70,.T.);
#1657=EDGE_CURVE('',#1578,#1571,#74,.T.);
#1659=EDGE_CURVE('',#1348,#1578,#506,.T.);
#1661=EDGE_CURVE('',#1347,#1348,#78,.T.);
#1663=EDGE_CURVE('',#1591,#1347,#679,.T.);
#1665=EDGE_CURVE('',#1591,#1581,#82,.T.);
#1668=EDGE_CURVE('',#1582,#1572,#90,.T.);
#1678=EDGE_CURVE('',#1567,#1568,#108,.T.);
#1680=EDGE_CURVE('',#1571,#1567,#95,.T.);
#1683=EDGE_CURVE('',#1572,#1568,#104,.T.);
#1694=EDGE_CURVE('',#1534,#1568,#161,.T.);
#1696=EDGE_CURVE('',#1532,#1534,#113,.T.);
#1698=EDGE_CURVE('',#1531,#1532,#117,.T.);
#1700=EDGE_CURVE('',#1550,#1531,#732,.T.);
#1702=EDGE_CURVE('',#1550,#1546,#121,.T.);
#1704=EDGE_CURVE('',#1438,#1546,#125,.T.);
#1706=EDGE_CURVE('',#1488,#1438,#129,.T.);
#1708=EDGE_CURVE('',#1490,#1488,#134,.T.);
#1710=EDGE_CURVE('',#1495,#1490,#138,.T.);
#1712=EDGE_CURVE('',#1495,#1496,#143,.T.);
#1714=EDGE_CURVE('',#1400,#1496,#1219,.T.);
#1716=EDGE_CURVE('',#1400,#1417,#979,.T.);
#1718=EDGE_CURVE('',#1478,#1417,#869,.T.);
#1720=EDGE_CURVE('',#1478,#1474,#148,.T.);
#1722=EDGE_CURVE('',#1440,#1474,#152,.T.);
#1724=EDGE_CURVE('',#1567,#1440,#156,.T.);
#1736=EDGE_CURVE('',#1536,#1572,#180,.T.);
#1738=EDGE_CURVE('',#1534,#1536,#166,.T.);
#1748=EDGE_CURVE('',#1582,#1522,#171,.T.);
#1750=EDGE_CURVE('',#1522,#1536,#175,.T.);
#1765=EDGE_CURVE('',#1524,#1522,#190,.T.);
#1775=EDGE_CURVE('',#1522,#1519,#209,.T.);
#1779=EDGE_CURVE('',#1519,#1515,#199,.T.);
#1789=EDGE_CURVE('',#1528,#1536,#204,.T.);
#1793=EDGE_CURVE('',#1519,#1528,#213,.T.);
#1806=EDGE_CURVE('',#1528,#1532,#227,.T.);
#1816=EDGE_CURVE('',#1527,#1528,#231,.T.);
#1818=EDGE_CURVE('',#1531,#1527,#218,.T.);
#1832=EDGE_CURVE('',#1519,#1520,#235,.T.);
#1834=EDGE_CURVE('',#1520,#1527,#239,.T.);
#1845=EDGE_CURVE('',#1516,#1520,#249,.T.);
#1858=EDGE_CURVE('',#1558,#1554,#263,.T.);
#1860=EDGE_CURVE('',#1520,#1558,#737,.T.);
#1872=EDGE_CURVE('',#1557,#1553,#254,.T.);
#1874=EDGE_CURVE('',#1557,#1558,#699,.T.);
#1885=EDGE_CURVE('',#1560,#1553,#273,.T.);
#1887=EDGE_CURVE('',#1557,#1560,#268,.T.);
#1900=EDGE_CURVE('',#1444,#1435,#278,.T.);
#1902=EDGE_CURVE('',#1560,#1435,#535,.T.);
#1912=EDGE_CURVE('',#1435,#1436,#288,.T.);
#1915=EDGE_CURVE('',#1444,#1436,#350,.T.);
#1925=EDGE_CURVE('',#1423,#1424,#283,.T.);
#1927=EDGE_CURVE('',#1424,#1435,#539,.T.);
#1930=EDGE_CURVE('',#1423,#1436,#320,.T.);
#1941=EDGE_CURVE('',#1438,#1423,#293,.T.);
#1943=EDGE_CURVE('',#1438,#1424,#727,.T.);
#1953=EDGE_CURVE('',#1488,#1481,#298,.T.);
#1957=EDGE_CURVE('',#1481,#1423,#316,.T.);
#1968=EDGE_CURVE('',#1481,#1486,#308,.T.);
#1970=EDGE_CURVE('',#1488,#1486,#303,.T.);
#1980=EDGE_CURVE('',#1481,#1482,#312,.T.);
#1982=EDGE_CURVE('',#1484,#1482,#485,.T.);
#1984=EDGE_CURVE('',#1486,#1484,#435,.T.);
#1998=EDGE_CURVE('',#1436,#1454,#324,.T.);
#2000=EDGE_CURVE('',#1458,#1454,#328,.T.);
#2002=EDGE_CURVE('',#1458,#1372,#332,.T.);
#2004=EDGE_CURVE('',#1371,#1372,#336,.T.);
#2006=EDGE_CURVE('',#1482,#1371,#340,.T.);
#2016=EDGE_CURVE('',#1454,#1447,#345,.T.);
#2030=EDGE_CURVE('',#1447,#1451,#360,.T.);
#2032=EDGE_CURVE('',#1454,#1451,#355,.T.);
#2043=EDGE_CURVE('',#1448,#1452,#370,.T.);
#2045=EDGE_CURVE('',#1451,#1452,#458,.T.);
#2056=EDGE_CURVE('',#1508,#1506,#365,.T.);
#2058=EDGE_CURVE('',#1452,#1506,#1259,.T.);
#2071=EDGE_CURVE('',#1504,#1508,#375,.T.);
#2073=EDGE_CURVE('',#1504,#1506,#1264,.T.);
#2083=EDGE_CURVE('',#1510,#1504,#398,.T.);
#2087=EDGE_CURVE('',#1512,#1510,#384,.T.);
#2097=EDGE_CURVE('',#1499,#1500,#389,.T.);
#2099=EDGE_CURVE('',#1504,#1499,#393,.T.);
#2102=EDGE_CURVE('',#1408,#1510,#1243,.T.);
#2104=EDGE_CURVE('',#1408,#1402,#402,.T.);
#2106=EDGE_CURVE('',#1500,#1402,#1227,.T.);
#2117=EDGE_CURVE('',#1499,#1495,#407,.T.);
#2120=EDGE_CURVE('',#1500,#1496,#416,.T.);
#2130=EDGE_CURVE('',#1502,#1495,#426,.T.);
#2132=EDGE_CURVE('',#1499,#1502,#421,.T.);
#2145=EDGE_CURVE('',#1490,#1492,#431,.T.);
#2147=EDGE_CURVE('',#1502,#1492,#1255,.T.);
#2159=EDGE_CURVE('',#1492,#1486,#467,.T.);
#2171=EDGE_CURVE('',#1360,#1484,#440,.T.);
#2173=EDGE_CURVE('',#1359,#1360,#444,.T.);
#2175=EDGE_CURVE('',#1359,#1456,#449,.T.);
#2177=EDGE_CURVE('',#1456,#1451,#453,.T.);
#2180=EDGE_CURVE('',#1452,#1492,#462,.T.);
#2191=EDGE_CURVE('',#1539,#1540,#472,.T.);
#2193=EDGE_CURVE('',#1539,#1368,#476,.T.);
#2195=EDGE_CURVE('',#1366,#1368,#755,.T.);
#2197=EDGE_CURVE('',#1360,#1366,#480,.T.);
#2202=EDGE_CURVE('',#1371,#1387,#559,.T.);
#2204=EDGE_CURVE('',#1379,#1387,#489,.T.);
#2206=EDGE_CURVE('',#1540,#1379,#519,.T.);
#2216=EDGE_CURVE('',#1577,#1578,#494,.T.);
#2218=EDGE_CURVE('',#1577,#1375,#591,.T.);
#2220=EDGE_CURVE('',#1383,#1375,#498,.T.);
#2222=EDGE_CURVE('',#1383,#1356,#551,.T.);
#2224=EDGE_CURVE('',#1354,#1356,#628,.T.);
#2226=EDGE_CURVE('',#1348,#1354,#502,.T.);
#2238=EDGE_CURVE('',#1542,#1540,#515,.T.);
#2240=EDGE_CURVE('',#1544,#1542,#511,.T.);
#2242=EDGE_CURVE('',#1544,#1539,#691,.T.);
#2254=EDGE_CURVE('',#1379,#1380,#523,.T.);
#2256=EDGE_CURVE('',#1563,#1380,#527,.T.);
#2258=EDGE_CURVE('',#1563,#1560,#531,.T.);
#2262=EDGE_CURVE('',#1424,#1542,#543,.T.);
#2274=EDGE_CURVE('',#1387,#1388,#555,.T.);
#2276=EDGE_CURVE('',#1380,#1388,#657,.T.);
#2286=EDGE_CURVE('',#1383,#1384,#547,.T.);
#2288=EDGE_CURVE('',#1384,#1351,#683,.T.);
#2290=EDGE_CURVE('',#1356,#1351,#632,.T.);
#2304=EDGE_CURVE('',#1372,#1388,#661,.T.);
#2314=EDGE_CURVE('',#1375,#1376,#587,.T.);
#2316=EDGE_CURVE('',#1384,#1376,#687,.T.);
#2328=EDGE_CURVE('',#1577,#1574,#563,.T.);
#2330=EDGE_CURVE('',#1574,#1427,#567,.T.);
#2332=EDGE_CURVE('',#1427,#1432,#571,.T.);
#2334=EDGE_CURVE('',#1432,#1588,#575,.T.);
#2336=EDGE_CURVE('',#1592,#1588,#579,.T.);
#2338=EDGE_CURVE('',#1592,#1376,#583,.T.);
#2352=EDGE_CURVE('',#1571,#1574,#596,.T.);
#2363=EDGE_CURVE('',#1574,#1567,#601,.T.);
#2377=EDGE_CURVE('',#1440,#1427,#606,.T.);
#2388=EDGE_CURVE('',#1427,#1428,#611,.T.);
#2391=EDGE_CURVE('',#1440,#1428,#893,.T.);
#2402=EDGE_CURVE('',#1428,#1431,#644,.T.);
#2404=EDGE_CURVE('',#1431,#1432,#616,.T.);
#2415=EDGE_CURVE('',#1472,#1468,#636,.T.);
#2417=EDGE_CURVE('',#1468,#1431,#640,.T.);
#2420=EDGE_CURVE('',#1428,#1472,#648,.T.);
#2424=EDGE_CURVE('',#1351,#1352,#620,.T.);
#2426=EDGE_CURVE('',#1352,#1354,#624,.T.);
#2438=EDGE_CURVE('',#1563,#1564,#653,.T.);
#2444=EDGE_CURVE('',#1458,#1456,#666,.T.);
#2447=EDGE_CURVE('',#1359,#1363,#772,.T.);
#2449=EDGE_CURVE('',#1363,#1364,#746,.T.);
#2451=EDGE_CURVE('',#1364,#1564,#670,.T.);
#2461=EDGE_CURVE('',#1591,#1592,#675,.T.);
#2464=EDGE_CURVE('',#1347,#1352,#768,.T.);
#2479=EDGE_CURVE('',#1564,#1557,#703,.T.);
#2492=EDGE_CURVE('',#1548,#1544,#695,.T.);
#2494=EDGE_CURVE('',#1368,#1548,#759,.T.);
#2508=EDGE_CURVE('',#1558,#1364,#741,.T.);
#2519=EDGE_CURVE('',#1544,#1546,#717,.T.);
#2522=EDGE_CURVE('',#1550,#1548,#712,.T.);
#2532=EDGE_CURVE('',#1546,#1542,#722,.T.);
#2556=EDGE_CURVE('',#1548,#1527,#764,.T.);
#2572=EDGE_CURVE('',#1363,#1366,#750,.T.);
#2624=EDGE_CURVE('',#1588,#1581,#777,.T.);
#2635=EDGE_CURVE('',#1588,#1585,#782,.T.);
#2649=EDGE_CURVE('',#1442,#1432,#787,.T.);
#2661=EDGE_CURVE('',#1442,#1431,#792,.T.);
#2672=EDGE_CURVE('',#1468,#1461,#797,.T.);
#2686=EDGE_CURVE('',#1465,#1468,#802,.T.);
#2688=EDGE_CURVE('',#1465,#1461,#830,.T.);
#2698=EDGE_CURVE('',#1470,#1465,#816,.T.);
#2702=EDGE_CURVE('',#1470,#1472,#807,.T.);
#2712=EDGE_CURVE('',#1465,#1466,#812,.T.);
#2715=EDGE_CURVE('',#1476,#1470,#821,.T.);
#2717=EDGE_CURVE('',#1420,#1476,#865,.T.);
#2719=EDGE_CURVE('',#1412,#1420,#825,.T.);
#2721=EDGE_CURVE('',#1466,#1412,#850,.T.);
#2734=EDGE_CURVE('',#1466,#1462,#839,.T.);
#2747=EDGE_CURVE('',#1411,#1412,#854,.T.);
#2749=EDGE_CURVE('',#1411,#1414,#966,.T.);
#2761=EDGE_CURVE('',#1418,#1420,#858,.T.);
#2763=EDGE_CURVE('',#1418,#1411,#970,.T.);
#2774=EDGE_CURVE('',#1478,#1476,#878,.T.);
#2777=EDGE_CURVE('',#1417,#1418,#975,.T.);
#2789=EDGE_CURVE('',#1470,#1474,#883,.T.);
#2801=EDGE_CURVE('',#1474,#1472,#888,.T.);
#2825=EDGE_CURVE('',#1399,#1400,#948,.T.);
#2827=EDGE_CURVE('',#1406,#1399,#952,.T.);
#2829=EDGE_CURVE('',#1405,#1406,#957,.T.);
#2838=EDGE_CURVE('',#1291,#1292,#908,.T.);
#2840=EDGE_CURVE('',#1292,#1291,#913,.T.);
#2844=EDGE_CURVE('',#1295,#1296,#918,.T.);
#2846=EDGE_CURVE('',#1296,#1295,#923,.T.);
#2850=EDGE_CURVE('',#1299,#1300,#928,.T.);
#2852=EDGE_CURVE('',#1300,#1299,#933,.T.);
#2856=EDGE_CURVE('',#1303,#1304,#938,.T.);
#2858=EDGE_CURVE('',#1304,#1303,#943,.T.);
#2862=EDGE_CURVE('',#1287,#1288,#898,.T.);
#2864=EDGE_CURVE('',#1288,#1287,#903,.T.);
#2874=EDGE_CURVE('',#1307,#1268,#1005,.T.);
#2876=EDGE_CURVE('',#1307,#1308,#1001,.T.);
#2878=EDGE_CURVE('',#1308,#1287,#983,.T.);
#2881=EDGE_CURVE('',#1312,#1288,#996,.T.);
#2883=EDGE_CURVE('',#1311,#1312,#988,.T.);
#2885=EDGE_CURVE('',#1311,#1267,#992,.T.);
#2887=EDGE_CURVE('',#1267,#1268,#1010,.T.);
#2904=EDGE_CURVE('',#1268,#1267,#1015,.T.);
#2924=EDGE_CURVE('',#1271,#1272,#1020,.T.);
#2926=EDGE_CURVE('',#1272,#1271,#1025,.T.);
#2936=EDGE_CURVE('',#1275,#1276,#1030,.T.);
#2938=EDGE_CURVE('',#1276,#1275,#1035,.T.);
#2948=EDGE_CURVE('',#1279,#1280,#1040,.T.);
#2950=EDGE_CURVE('',#1280,#1279,#1045,.T.);
#2960=EDGE_CURVE('',#1283,#1284,#1050,.T.);
#2962=EDGE_CURVE('',#1284,#1283,#1055,.T.);
#2972=EDGE_CURVE('',#1389,#1390,#1060,.T.);
#2974=EDGE_CURVE('',#1389,#1391,#1065,.T.);
#2976=EDGE_CURVE('',#1339,#1391,#1100,.T.);
#2978=EDGE_CURVE('',#1339,#1340,#1096,.T.);
#2980=EDGE_CURVE('',#1340,#1303,#1069,.T.);
#2983=EDGE_CURVE('',#1344,#1304,#1091,.T.);
#2985=EDGE_CURVE('',#1343,#1344,#1074,.T.);
#2987=EDGE_CURVE('',#1343,#1271,#1078,.T.);
#2990=EDGE_CURVE('',#1390,#1272,#1087,.T.);
#3001=EDGE_CURVE('',#1390,#1392,#1083,.T.);
#3003=EDGE_CURVE('',#1392,#1389,#1109,.T.);
#3013=EDGE_CURVE('',#1393,#1394,#1118,.T.);
#3015=EDGE_CURVE('',#1394,#1396,#1141,.T.);
#3017=EDGE_CURVE('',#1396,#1393,#1113,.T.);
#3037=EDGE_CURVE('',#1391,#1392,#1105,.T.);
#3058=EDGE_CURVE('',#1393,#1395,#1123,.T.);
#3061=EDGE_CURVE('',#1395,#1396,#1163,.T.);
#3073=EDGE_CURVE('',#1331,#1395,#1158,.T.);
#3075=EDGE_CURVE('',#1331,#1332,#1154,.T.);
#3077=EDGE_CURVE('',#1332,#1299,#1127,.T.);
#3080=EDGE_CURVE('',#1336,#1300,#1149,.T.);
#3082=EDGE_CURVE('',#1335,#1336,#1132,.T.);
#3084=EDGE_CURVE('',#1335,#1283,#1136,.T.);
#3087=EDGE_CURVE('',#1394,#1284,#1145,.T.);
#3116=EDGE_CURVE('',#1315,#1276,#1189,.T.);
#3118=EDGE_CURVE('',#1315,#1316,#1185,.T.);
#3120=EDGE_CURVE('',#1316,#1291,#1167,.T.);
#3123=EDGE_CURVE('',#1320,#1292,#1180,.T.);
#3125=EDGE_CURVE('',#1319,#1320,#1172,.T.);
#3127=EDGE_CURVE('',#1319,#1275,#1176,.T.);
#3154=EDGE_CURVE('',#1323,#1280,#1215,.T.);
#3156=EDGE_CURVE('',#1323,#1324,#1211,.T.);
#3158=EDGE_CURVE('',#1324,#1295,#1193,.T.);
#3161=EDGE_CURVE('',#1328,#1296,#1206,.T.);
#3163=EDGE_CURVE('',#1327,#1328,#1198,.T.);
#3165=EDGE_CURVE('',#1327,#1279,#1202,.T.);
#3195=EDGE_CURVE('',#1402,#1399,#1231,.T.);
#3208=EDGE_CURVE('',#1408,#1406,#1235,.T.);
#3232=EDGE_CURVE('',#1506,#1502,#1251,.T.);
#3254=(LENGTH_UNIT()NAMED_UNIT(*)SI_UNIT(.MILLI.,.METRE.));
#3256=(NAMED_UNIT(*)PLANE_ANGLE_UNIT()SI_UNIT($,.RADIAN.));
#3259=(NAMED_UNIT(*)SI_UNIT($,.STERADIAN.)SOLID_ANGLE_UNIT());
#3262=ADVANCED_BREP_SHAPE_REPRESENTATION('',(#3253),#3261);
#3269=PRODUCT_DEFINITION('design','',#3268,#3265);
#3270=PRODUCT_DEFINITION_SHAPE('','SHAPE FOR BRACE2.',#3269);
#3271=SHAPE_DEFINITION_REPRESENTATION(#3270,#3262);
ENDSEC;
END-ISO-10303-21;
