ISO-10303-21;
HEADER;
FILE_DESCRIPTION((''),'2;1');
FILE_NAME('BRACE2','2026-08-09T09:56:41',('gram2'),(''),
'CREO PARAMETRIC BY PTC INC, 2016510','CREO PARAMETRIC BY PTC INC, 2016510','');
FILE_SCHEMA(('AUTOMOTIVE_DESIGN { 1 0 10303 214 1 1 1 1 }'));
ENDSEC;
DATA;
#28=CARTESIAN_POINT('',(5.215E0,-6.339896930132E-1,0.E0));
#29=DIRECTION('',(0.E0,0.E0,-1.E0));
#30=DIRECTION('',(-2.081159571239E-1,9.781041602970E-1,0.E0));
#31=AXIS2_PLACEMENT_3D('',#28,#29,#30);
#33=CARTESIAN_POINT('',(3.920223950545E0,4.251066445070E0,0.E0));
#34=DIRECTION('',(0.E0,0.E0,-1.E0));
#35=DIRECTION('',(3.219016692478E-1,9.467731065759E-1,0.E0));
#36=AXIS2_PLACEMENT_3D('',#33,#34,#35);
#38=DIRECTION('',(0.E0,1.E0,0.E0));
#39=VECTOR('',#38,1.747719773474E1);
#40=CARTESIAN_POINT('',(5.916476045361E1,-5.268240061789E0,0.E0));
#41=LINE('',#40,#39);
#42=DIRECTION('',(-1.E0,-7.350140711706E-10,0.E0));
#43=VECTOR('',#42,7.870531207025E0);
#44=CARTESIAN_POINT('',(6.703529166064E1,-5.268240056004E0,0.E0));
#45=LINE('',#44,#43);
#46=DIRECTION('',(-1.395826537749E-14,-1.E0,0.E0));
#47=VECTOR('',#46,1.832572873175E1);
#48=CARTESIAN_POINT('',(6.703529166064E1,1.305748867575E1,0.E0));
#49=LINE('',#48,#47);
#50=CARTESIAN_POINT('',(4.052809248555E0,2.15E0,0.E0));
#51=DIRECTION('',(0.E0,0.E0,1.E0));
#52=DIRECTION('',(9.853329538812E-1,1.706428140762E-1,0.E0));
#53=AXIS2_PLACEMENT_3D('',#50,#51,#52);
#55=CARTESIAN_POINT('',(2.16E0,3.241086041653E1,0.E0));
#56=DIRECTION('',(0.E0,0.E0,-1.E0));
#57=DIRECTION('',(-6.914919274421E-1,7.223841874532E-1,0.E0));
#58=AXIS2_PLACEMENT_3D('',#55,#56,#57);
#60=CARTESIAN_POINT('',(2.16E0,3.241086041653E1,0.E0));
#61=DIRECTION('',(0.E0,0.E0,1.E0));
#62=DIRECTION('',(-4.107939004984E-1,9.117282332545E-1,0.E0));
#63=AXIS2_PLACEMENT_3D('',#60,#61,#62);
#65=DIRECTION('',(6.557422633019E-1,7.549848237678E-1,0.E0));
#66=VECTOR('',#65,3.835747732905E1);
#67=CARTESIAN_POINT('',(-4.615098080382E1,2.779595674916E1,0.E0));
#68=LINE('',#67,#66);
#69=CARTESIAN_POINT('',(2.107649131421E0,-1.411908872109E1,0.E0));
#70=DIRECTION('',(0.E0,0.E0,-1.E0));
#71=DIRECTION('',(-9.756893205742E-1,2.191582754941E-1,0.E0));
#72=AXIS2_PLACEMENT_3D('',#69,#70,#71);
#74=DIRECTION('',(-1.426635121001E-12,1.E0,0.E0));
#75=VECTOR('',#74,6.808411663821E0);
#76=CARTESIAN_POINT('',(-6.025841223968E1,-6.918903415372E0,0.E0));
#77=LINE('',#76,#75);
#78=DIRECTION('',(-1.E0,1.464598667997E-13,0.E0));
#79=VECTOR('',#78,7.180146151323E0);
#80=CARTESIAN_POINT('',(-5.307826608836E1,-6.918903415373E0,0.E0));
#81=LINE('',#80,#79);
#82=DIRECTION('',(0.E0,1.E0,0.E0));
#83=VECTOR('',#82,7.001958105065E0);
#84=CARTESIAN_POINT('',(-5.307826608836E1,-6.918903415373E0,0.E0));
#85=LINE('',#84,#83);
#86=DIRECTION('',(-6.557422633018E-1,-7.549848237679E-1,0.E0));
#87=VECTOR('',#86,3.845125895107E1);
#88=CARTESIAN_POINT('',(-1.692517719740E1,5.234866399024E1,0.E0));
#89=LINE('',#88,#87);
#90=DIRECTION('',(1.E0,0.E0,0.E0));
#91=VECTOR('',#90,1.443E1);
#92=CARTESIAN_POINT('',(-2.E0,6.720862984123E1,0.E0));
#93=LINE('',#92,#91);
#94=DIRECTION('',(0.E0,-1.E0,0.E0));
#95=VECTOR('',#94,3.284885883451E1);
#96=CARTESIAN_POINT('',(-2.E0,1.000574886757E2,0.E0));
#97=LINE('',#96,#95);
#98=DIRECTION('',(-1.E0,0.E0,0.E0));
#99=VECTOR('',#98,1.443E1);
#100=CARTESIAN_POINT('',(1.243E1,1.000574886757E2,0.E0));
#101=LINE('',#100,#99);
#102=DIRECTION('',(0.E0,1.E0,0.E0));
#103=VECTOR('',#102,3.284885883451E1);
#104=CARTESIAN_POINT('',(1.243E1,6.720862984123E1,0.E0));
#105=LINE('',#104,#103);
#106=DIRECTION('',(4.898932534409E-6,-9.999999999880E-1,1.154639915574E-11));
#107=VECTOR('',#106,9.422915726598E-1);
#108=CARTESIAN_POINT('',(1.922E1,6.518676213335E1,0.E0));
#109=LINE('',#108,#107);
#110=CARTESIAN_POINT('',(2.145606797742E1,6.469384850314E1,9.999999999428E-1));
#111=CARTESIAN_POINT('',(2.161844077091E1,6.464866714953E1,1.181538301884E0));
#112=CARTESIAN_POINT('',(2.189939685527E1,6.456913196998E1,1.583409321316E0));
#113=CARTESIAN_POINT('',(2.216532441202E1,6.449222199459E1,2.287798670743E0));
#114=CARTESIAN_POINT('',(2.222E1,6.447623508765E1,2.764544287788E0));
#115=CARTESIAN_POINT('',(2.222E1,6.447623508765E1,3.E0));
#117=DIRECTION('',(0.E0,-1.E0,0.E0));
#118=VECTOR('',#117,4.451323786665E1);
#119=CARTESIAN_POINT('',(1.922E1,1.097E2,0.E0));
#120=LINE('',#119,#118);
#121=CARTESIAN_POINT('',(-8.79E0,6.211635755654E1,0.E0));
#122=DIRECTION('',(0.E0,0.E0,1.E0));
#123=DIRECTION('',(-2.178267510060E-1,9.759874520434E-1,0.E0));
#124=AXIS2_PLACEMENT_3D('',#121,#122,#123);
#126=CARTESIAN_POINT('',(5.215E0,-6.339896930132E-1,0.E0));
#127=DIRECTION('',(0.E0,0.E0,-1.E0));
#128=DIRECTION('',(-2.178267510060E-1,9.759874520434E-1,0.E0));
#129=AXIS2_PLACEMENT_3D('',#126,#127,#128);
#131=CARTESIAN_POINT('',(1.922E1,6.211635755654E1,-5.684341886081E-14));
#132=DIRECTION('',(0.E0,0.E0,1.E0));
#133=DIRECTION('',(8.803795482556E-1,4.742698082456E-1,0.E0));
#134=AXIS2_PLACEMENT_3D('',#131,#132,#133);
#136=CARTESIAN_POINT('',(5.215E0,-6.339896930132E-1,0.E0));
#137=DIRECTION('',(0.E0,0.E0,-1.E0));
#138=DIRECTION('',(2.081159571239E-1,9.781041602970E-1,0.E0));
#139=AXIS2_PLACEMENT_3D('',#136,#137,#138);
#141=CARTESIAN_POINT('',(3.920223950545E0,5.567847233025E1,0.E0));
#142=DIRECTION('',(0.E0,0.E0,1.E0));
#143=DIRECTION('',(-8.224336215301E-1,5.688610886472E-1,0.E0));
#144=AXIS2_PLACEMENT_3D('',#141,#142,#143);
#146=CARTESIAN_POINT('',(1.428045213482E0,3.444394332912E1,0.E0));
#147=DIRECTION('',(0.E0,0.E0,1.E0));
#148=DIRECTION('',(-1.616502618553E-1,9.868481103200E-1,0.E0));
#149=AXIS2_PLACEMENT_3D('',#146,#147,#148);
#151=CARTESIAN_POINT('',(-1.029E1,5.764134549596E1,-5.684341886081E-14));
#152=DIRECTION('',(0.E0,0.E0,1.E0));
#153=DIRECTION('',(-6.613802968533E-1,-7.500507335735E-1,0.E0));
#154=AXIS2_PLACEMENT_3D('',#151,#152,#153);
#156=CARTESIAN_POINT('',(3.920223950545E0,5.567847233025E1,0.E0));
#157=DIRECTION('',(0.E0,0.E0,1.E0));
#158=DIRECTION('',(8.981050425823E-1,4.397810051472E-1,0.E0));
#159=AXIS2_PLACEMENT_3D('',#156,#157,#158);
#161=CARTESIAN_POINT('',(2.072E1,5.803726425784E1,0.E0));
#162=DIRECTION('',(0.E0,0.E0,1.E0));
#163=DIRECTION('',(-3.117737155586E-1,-9.501563820166E-1,0.E0));
#164=AXIS2_PLACEMENT_3D('',#161,#162,#163);
#166=CARTESIAN_POINT('',(4.551096125434E0,8.761182150958E0,0.E0));
#167=DIRECTION('',(0.E0,0.E0,1.E0));
#168=DIRECTION('',(3.117737155586E-1,9.501563820166E-1,0.E0));
#169=AXIS2_PLACEMENT_3D('',#166,#167,#168);
#171=CARTESIAN_POINT('',(-8.79E0,6.211635755654E1,0.E0));
#172=DIRECTION('',(0.E0,0.E0,1.E0));
#173=DIRECTION('',(-9.508916854104E-1,3.095238320667E-1,0.E0));
#174=AXIS2_PLACEMENT_3D('',#171,#172,#173);
#176=CARTESIAN_POINT('',(-8.79E0,6.211635755654E1,-9.E1));
#177=DIRECTION('',(0.E0,0.E0,-1.E0));
#178=DIRECTION('',(-1.E0,0.E0,0.E0));
#179=AXIS2_PLACEMENT_3D('',#176,#177,#178);
#181=DIRECTION('',(0.E0,1.E0,0.E0));
#182=VECTOR('',#181,4.021862656534E-1);
#183=CARTESIAN_POINT('',(-1.179E1,6.407404882199E1,-9.E1));
#184=LINE('',#183,#182);
#185=DIRECTION('',(0.E0,0.E0,-1.E0));
#186=VECTOR('',#185,3.950716987031E1);
#187=CARTESIAN_POINT('',(-1.179E1,6.407404882199E1,-9.E1));
#188=LINE('',#187,#186);
#189=CARTESIAN_POINT('',(-1.178999999993E1,6.447623508694E1,-1.285000000012E2));
#190=CARTESIAN_POINT('',(-1.178999999993E1,6.447623508694E1,-1.286228460051E2));
#191=CARTESIAN_POINT('',(-1.179000000003E1,6.444649835320E1,-1.288614867675E2));
#192=CARTESIAN_POINT('',(-1.178999999999E1,6.430720896171E1,-1.292136109957E2));
#193=CARTESIAN_POINT('',(-1.179E1,6.416163217169E1,-1.294138355834E2));
#194=CARTESIAN_POINT('',(-1.179E1,6.407404882199E1,-1.295071698703E2));
#196=DIRECTION('',(0.E0,0.E0,1.E0));
#197=VECTOR('',#196,9.E1);
#198=CARTESIAN_POINT('',(-1.179E1,5.764134549596E1,-9.E1));
#199=LINE('',#198,#197);
#200=DIRECTION('',(0.E0,1.E0,0.E0));
#201=VECTOR('',#200,4.475012060580E0);
#202=CARTESIAN_POINT('',(-1.179E1,5.764134549596E1,-9.E1));
#203=LINE('',#202,#201);
#204=DIRECTION('',(0.E0,0.E0,1.E0));
#205=VECTOR('',#204,9.E1);
#206=CARTESIAN_POINT('',(-1.179E1,6.211635755654E1,-9.E1));
#207=LINE('',#206,#205);
#208=DIRECTION('',(0.E0,-1.E0,0.E0));
#209=VECTOR('',#208,4.475012060580E0);
#210=CARTESIAN_POINT('',(-1.179E1,6.211635755654E1,0.E0));
#211=LINE('',#210,#209);
#212=CARTESIAN_POINT('',(1.737232685407E1,6.828729975141E1,-9.E1));
#213=DIRECTION('',(0.E0,0.E0,-1.E0));
#214=DIRECTION('',(-9.201655945959E-1,-3.915294095236E-1,0.E0));
#215=AXIS2_PLACEMENT_3D('',#212,#213,#214);
#217=CARTESIAN_POINT('',(-2.264511718231E0,6.959642232289E1,-9.E1));
#218=DIRECTION('',(0.E0,0.E0,-1.E0));
#219=DIRECTION('',(8.213441769920E-1,-5.704329434048E-1,0.E0));
#220=AXIS2_PLACEMENT_3D('',#217,#218,#219);
#222=CARTESIAN_POINT('',(5.215E0,9.609029717561E-1,-9.E1));
#223=DIRECTION('',(0.E0,0.E0,-1.E0));
#224=DIRECTION('',(-4.889367178974E-2,9.988039892086E-1,0.E0));
#225=AXIS2_PLACEMENT_3D('',#222,#223,#224);
#227=CARTESIAN_POINT('',(-2.264511718231E0,6.959642232289E1,-9.E1));
#228=DIRECTION('',(0.E0,0.E0,-1.E0));
#229=DIRECTION('',(-6.736119999838E-1,-7.390851598279E-1,0.E0));
#230=AXIS2_PLACEMENT_3D('',#227,#228,#229);
#232=CARTESIAN_POINT('',(5.215E0,9.609029717561E-1,-9.E1));
#233=DIRECTION('',(0.E0,0.E0,-1.E0));
#234=DIRECTION('',(-2.229687910702E-1,9.748255834808E-1,0.E0));
#235=AXIS2_PLACEMENT_3D('',#232,#233,#234);
#237=CARTESIAN_POINT('',(9.332796818156E-1,3.436808213576E1,-9.E1));
#238=DIRECTION('',(0.E0,0.E0,1.E0));
#239=DIRECTION('',(-4.577053602935E-1,8.891039327090E-1,0.E0));
#240=AXIS2_PLACEMENT_3D('',#237,#238,#239);
#242=DIRECTION('',(-4.902954120546E-1,-8.715563142553E-1,0.E0));
#243=VECTOR('',#242,4.852408783241E0);
#244=CARTESIAN_POINT('',(-2.174E1,4.362211977152E1,-9.E1));
#245=LINE('',#244,#243);
#246=DIRECTION('',(8.715563139718E-1,-4.902954125585E-1,-3.397838075511E-14));
#247=VECTOR('',#246,5.437019280850E0);
#248=CARTESIAN_POINT('',(-2.885778224725E1,4.205871786853E1,-9.E1));
#249=LINE('',#248,#247);
#250=DIRECTION('',(-4.987903050120E-1,-8.667226959219E-1,0.E0));
#251=VECTOR('',#250,1.882533428739E1);
#252=CARTESIAN_POINT('',(-1.946788801609E1,5.837506235373E1,-9.E1));
#253=LINE('',#252,#251);
#254=CARTESIAN_POINT('',(-2.020699112900E1,6.351445704286E1,-9.E1));
#255=DIRECTION('',(0.E0,0.E0,-1.E0));
#256=DIRECTION('',(9.817793296368E-1,-1.900245981391E-1,0.E0));
#257=AXIS2_PLACEMENT_3D('',#254,#255,#256);
#259=CARTESIAN_POINT('',(-1.895960039539E0,3.849863519545E1,-9.E1));
#260=DIRECTION('',(0.E0,0.E0,-1.E0));
#261=DIRECTION('',(-4.818439834873E-1,8.762570259787E-1,0.E0));
#262=AXIS2_PLACEMENT_3D('',#259,#260,#261);
#264=CARTESIAN_POINT('',(5.215E0,9.609029717561E-1,-9.E1));
#265=DIRECTION('',(0.E0,0.E0,-1.E0));
#266=DIRECTION('',(-2.586220575683E-1,9.659785874123E-1,0.E0));
#267=AXIS2_PLACEMENT_3D('',#264,#265,#266);
#269=CARTESIAN_POINT('',(1.737232685407E1,6.828729975141E1,-9.E1));
#270=DIRECTION('',(0.E0,0.E0,-1.E0));
#271=DIRECTION('',(7.316422924331E-1,-6.816887529681E-1,0.E0));
#272=AXIS2_PLACEMENT_3D('',#269,#270,#271);
#274=CARTESIAN_POINT('',(5.215E0,9.609029717561E-1,-9.E1));
#275=DIRECTION('',(0.E0,0.E0,-1.E0));
#276=DIRECTION('',(2.426714415981E-1,9.701085359034E-1,0.E0));
#277=AXIS2_PLACEMENT_3D('',#274,#275,#276);
#279=CARTESIAN_POINT('',(1.218029172520E1,2.697694632430E1,-9.E1));
#280=DIRECTION('',(0.E0,0.E0,1.E0));
#281=DIRECTION('',(5.070498427765E-1,8.619167343429E-1,0.E0));
#282=AXIS2_PLACEMENT_3D('',#279,#280,#281);
#284=CARTESIAN_POINT('',(3.591822995013E1,6.108712560823E1,-9.E1));
#285=DIRECTION('',(0.E0,0.E0,-1.E0));
#286=DIRECTION('',(-2.880168068975E-2,-9.995851455426E-1,0.E0));
#287=AXIS2_PLACEMENT_3D('',#284,#285,#286);
#289=CARTESIAN_POINT('',(1.218029172520E1,2.697694632430E1,-9.E1));
#290=DIRECTION('',(0.E0,0.E0,1.E0));
#291=DIRECTION('',(8.222433865287E-1,5.691360235565E-1,0.E0));
#292=AXIS2_PLACEMENT_3D('',#289,#290,#291);
#294=DIRECTION('',(-5.691360235565E-1,8.222433865287E-1,0.E0));
#295=VECTOR('',#294,7.752140376860E0);
#296=CARTESIAN_POINT('',(4.727843725859E1,4.184295656711E1,-9.E1));
#297=LINE('',#296,#295);
#298=DIRECTION('',(8.222433860291E-1,5.691360242784E-1,0.E0));
#299=VECTOR('',#298,6.480361230771E0);
#300=CARTESIAN_POINT('',(4.195000309751E1,3.815474954035E1,-9.E1));
#301=LINE('',#300,#299);
#302=DIRECTION('',(-5.160849176848E-1,8.565374234313E-1,0.E0));
#303=VECTOR('',#302,8.232548111036E0);
#304=CARTESIAN_POINT('',(4.195000309751E1,3.815474954035E1,-9.E1));
#305=LINE('',#304,#303);
#306=CARTESIAN_POINT('',(1.363620724744E1,2.697694632430E1,-9.E1));
#307=DIRECTION('',(0.E0,0.E0,1.E0));
#308=DIRECTION('',(7.971216275536E-1,6.038187732145E-1,0.E0));
#309=AXIS2_PLACEMENT_3D('',#306,#307,#308);
#311=CARTESIAN_POINT('',(4.581233024793E0,8.837085169169E0,-9.E1));
#312=DIRECTION('',(0.E0,0.E0,1.E0));
#313=DIRECTION('',(3.508151832101E-1,9.364447165900E-1,0.E0));
#314=AXIS2_PLACEMENT_3D('',#311,#312,#313);
#316=CARTESIAN_POINT('',(1.737232685407E1,6.828729975141E1,-9.E1));
#317=DIRECTION('',(0.E0,0.E0,-1.E0));
#318=DIRECTION('',(4.211438497683E-1,-9.069938576431E-1,0.E0));
#319=AXIS2_PLACEMENT_3D('',#316,#317,#318);
#321=CARTESIAN_POINT('',(1.737232685407E1,6.828729975141E1,-1.3E2));
#322=DIRECTION('',(0.E0,0.E0,1.E0));
#323=DIRECTION('',(-7.146928798963E-1,-6.994384086004E-1,0.E0));
#324=AXIS2_PLACEMENT_3D('',#321,#322,#323);
#326=CARTESIAN_POINT('',(5.214999779526E0,-6.339896538764E-1,-9.E1));
#327=DIRECTION('',(0.E0,0.E0,1.E0));
#328=DIRECTION('',(2.180128695843E-1,9.759458943485E-1,0.E0));
#329=AXIS2_PLACEMENT_3D('',#326,#327,#328);
#331=CARTESIAN_POINT('',(5.215E0,-6.339896930098E-1,-9.E1));
#332=DIRECTION('',(0.E0,0.E0,1.E0));
#333=DIRECTION('',(-7.819174184268E-2,9.969383388694E-1,0.E0));
#334=AXIS2_PLACEMENT_3D('',#331,#332,#333);
#336=DIRECTION('',(9.553067318450E-2,4.368802683177E-1,8.944325137402E-1));
#337=VECTOR('',#336,3.359974737018E0);
#338=CARTESIAN_POINT('',(1.955249965039E1,6.357641323417E1,-9.000527065213E1));
#339=LINE('',#338,#337);
#340=CARTESIAN_POINT('',(1.259458011054E1,6.625437396899E1,-8.700000002894E1));
#341=CARTESIAN_POINT('',(1.268513326238E1,6.604155752971E1,-8.740320550015E1));
#342=CARTESIAN_POINT('',(1.289144147652E1,6.563546080645E1,-8.816410762723E1));
#343=CARTESIAN_POINT('',(1.326665016836E1,6.508621921773E1,-8.916633203277E1));
#344=CARTESIAN_POINT('',(1.355455305572E1,6.476161952822E1,-8.973844299621E1));
#345=CARTESIAN_POINT('',(1.370672766827E1,6.460993191833E1,-8.999999998291E1));
#347=CARTESIAN_POINT('',(1.955249965039E1,6.357641323417E1,-9.000527065213E1));
#348=CARTESIAN_POINT('',(1.969535034192E1,6.364272180981E1,-8.981337714946E1));
#349=CARTESIAN_POINT('',(1.995785394797E1,6.377716037079E1,-8.937556782186E1));
#350=CARTESIAN_POINT('',(2.030881307296E1,6.399866320974E1,-8.865574266465E1));
#351=CARTESIAN_POINT('',(2.064901185218E1,6.425178586827E1,-8.786306625162E1));
#352=CARTESIAN_POINT('',(2.086803409633E1,6.444515871955E1,-8.729434480356E1));
#353=CARTESIAN_POINT('',(2.097570888549E1,6.454894595358E1,-8.7E1));
#355=CARTESIAN_POINT('',(1.922E1,6.211635755654E1,-8.7E1));
#356=DIRECTION('',(0.E0,0.E0,1.E0));
#357=DIRECTION('',(5.852362951645E-1,8.108627990123E-1,0.E0));
#358=AXIS2_PLACEMENT_3D('',#355,#356,#357);
#360=DIRECTION('',(0.E0,0.E0,-1.E0));
#361=VECTOR('',#360,3.E0);
#362=CARTESIAN_POINT('',(2.097570888549E1,6.454894595358E1,-8.7E1));
#363=LINE('',#362,#361);
#364=CARTESIAN_POINT('',(1.922E1,6.211635755654E1,-9.E1));
#365=DIRECTION('',(0.E0,0.E0,-1.E0));
#366=DIRECTION('',(5.852362951645E-1,8.108627990123E-1,0.E0));
#367=AXIS2_PLACEMENT_3D('',#364,#365,#366);
#369=CARTESIAN_POINT('',(1.922E1,6.211635755654E1,0.E0));
#370=DIRECTION('',(0.E0,0.E0,1.E0));
#371=DIRECTION('',(1.E0,0.E0,0.E0));
#372=AXIS2_PLACEMENT_3D('',#369,#370,#371);
#374=DIRECTION('',(-3.618800542907E-12,1.E0,0.E0));
#375=VECTOR('',#374,1.555072848170E0);
#376=CARTESIAN_POINT('',(2.222E1,6.292116223948E1,-9.E1));
#377=LINE('',#376,#375);
#378=DIRECTION('',(0.E0,0.E0,1.E0));
#379=VECTOR('',#378,9.E1);
#380=CARTESIAN_POINT('',(2.222E1,5.803726425784E1,-9.E1));
#381=LINE('',#380,#379);
#382=DIRECTION('',(0.E0,1.E0,0.E0));
#383=VECTOR('',#382,4.079093298699E0);
#384=CARTESIAN_POINT('',(2.222E1,5.803726425784E1,0.E0));
#385=LINE('',#384,#383);
#386=DIRECTION('',(0.E0,0.E0,1.E0));
#387=VECTOR('',#386,9.E1);
#388=CARTESIAN_POINT('',(2.222E1,6.211635755654E1,-9.E1));
#389=LINE('',#388,#387);
#390=DIRECTION('',(0.E0,-1.E0,0.E0));
#391=VECTOR('',#390,4.079093298699E0);
#392=CARTESIAN_POINT('',(2.222E1,6.211635755654E1,-9.E1));
#393=LINE('',#392,#391);
#394=DIRECTION('',(-1.256377974344E-11,-1.348444011686E-11,-1.E0));
#395=VECTOR('',#394,3.849999999680E1);
#396=CARTESIAN_POINT('',(2.117121001231E1,6.474778877781E1,-9.E1));
#397=LINE('',#396,#395);
#398=CARTESIAN_POINT('',(5.215E0,9.609029717561E-1,-1.285E2));
#399=DIRECTION('',(0.E0,0.E0,-1.E0));
#400=DIRECTION('',(2.426714415913E-1,9.701085359051E-1,0.E0));
#401=AXIS2_PLACEMENT_3D('',#398,#399,#400);
#403=DIRECTION('',(2.443319620700E-11,7.123522512605E-10,1.E0));
#404=VECTOR('',#403,1.5E0);
#405=CARTESIAN_POINT('',(2.221999999995E1,6.447623508658E1,-9.15E1));
#406=LINE('',#405,#404);
#407=DIRECTION('',(7.054351331663E-12,-1.702681862888E-11,-1.E0));
#408=VECTOR('',#407,3.849999999680E1);
#409=CARTESIAN_POINT('',(1.257544244511E1,6.629995198384E1,-9.E1));
#410=LINE('',#409,#408);
#411=DIRECTION('',(-1.232770884004E-11,-1.775028032310E-11,-1.E0));
#412=VECTOR('',#411,3.849999999774E1);
#413=CARTESIAN_POINT('',(2.000127701009E0,6.663458137409E1,-9.E1));
#414=LINE('',#413,#412);
#415=CARTESIAN_POINT('',(5.215E0,9.609029717561E-1,-1.285E2));
#416=DIRECTION('',(0.E0,0.E0,-1.E0));
#417=DIRECTION('',(-4.889367179949E-2,9.988039892081E-1,0.E0));
#418=AXIS2_PLACEMENT_3D('',#415,#416,#417);
#420=DIRECTION('',(1.586187458539E-11,-1.467889013898E-11,-1.E0));
#421=VECTOR('',#420,3.849999999752E1);
#422=CARTESIAN_POINT('',(-5.791097697441E0,6.578553758134E1,-9.E1));
#423=LINE('',#422,#421);
#424=DIRECTION('',(1.867435499107E-12,-1.843683070512E-11,-1.E0));
#425=VECTOR('',#424,3.850000000122E1);
#426=CARTESIAN_POINT('',(-1.179E1,6.447623508765E1,-9.E1));
#427=LINE('',#426,#425);
#428=CARTESIAN_POINT('',(5.215E0,9.609029717561E-1,-1.285E2));
#429=DIRECTION('',(0.E0,0.E0,-1.E0));
#430=DIRECTION('',(-2.586220575716E-1,9.659785874115E-1,0.E0));
#431=AXIS2_PLACEMENT_3D('',#428,#429,#430);
#433=CARTESIAN_POINT('',(1.957869923560E1,6.358713251011E1,-1.3E2));
#434=CARTESIAN_POINT('',(1.975598727095E1,6.367035580934E1,-1.3E2));
#435=CARTESIAN_POINT('',(2.008054725146E1,6.384676209390E1,-1.299713969466E2));
#436=CARTESIAN_POINT('',(2.049227063990E1,6.412862313183E1,-1.298271733539E2));
#437=CARTESIAN_POINT('',(2.080324553649E1,6.438488435497E1,-1.295872766070E2));
#438=CARTESIAN_POINT('',(2.101982206305E1,6.458945588791E1,-1.292681164541E2));
#439=CARTESIAN_POINT('',(2.114464159642E1,6.471894212634E1,-1.288930180846E2));
#440=CARTESIAN_POINT('',(2.117121001183E1,6.474778877729E1,-1.286340654546E2));
#441=CARTESIAN_POINT('',(2.117121001183E1,6.474778877729E1,-1.284999999968E2));
#443=CARTESIAN_POINT('',(1.257544244538E1,6.629995198319E1,-1.284999999968E2));
#444=CARTESIAN_POINT('',(1.257544244538E1,6.629995198319E1,-1.286340562779E2));
#445=CARTESIAN_POINT('',(1.259024063274E1,6.626364457649E1,-1.288930110706E2));
#446=CARTESIAN_POINT('',(1.266192463951E1,6.609859475566E1,-1.292683072398E2));
#447=CARTESIAN_POINT('',(1.279340185522E1,6.583098502543E1,-1.295874614162E2));
#448=CARTESIAN_POINT('',(1.299432149522E1,6.548362784387E1,-1.298262792040E2));
#449=CARTESIAN_POINT('',(1.327913719122E1,6.507818186487E1,-1.299705705313E2));
#450=CARTESIAN_POINT('',(1.352300007634E1,6.479709684886E1,-1.3E2));
#451=CARTESIAN_POINT('',(1.366144959501E1,6.465562780169E1,-1.3E2));
#453=CARTESIAN_POINT('',(1.801058561893E-1,6.501564770532E1,-1.3E2));
#454=CARTESIAN_POINT('',(3.028731223134E-1,6.508116479389E1,-1.3E2));
#455=CARTESIAN_POINT('',(5.470520101662E-1,6.522409624728E1,-1.299939825317E2));
#456=CARTESIAN_POINT('',(9.078884412816E-1,6.547789668553E1,-1.299509984325E2));
#457=CARTESIAN_POINT('',(1.250416681766E0,6.576622924935E1,-1.298520446360E2));
#458=CARTESIAN_POINT('',(1.555322938142E0,6.607133673444E1,-1.296709953024E2));
#459=CARTESIAN_POINT('',(1.805520388086E0,6.636635124267E1,-1.293807634746E2));
#460=CARTESIAN_POINT('',(1.968762371530E0,6.658823185584E1,-1.289527656404E2));
#461=CARTESIAN_POINT('',(2.000127700534E0,6.663458137341E1,-1.286571655432E2));
#462=CARTESIAN_POINT('',(2.000127700534E0,6.663458137341E1,-1.284999999977E2));
#464=CARTESIAN_POINT('',(-5.791097696830E0,6.578553758078E1,-1.284999999975E2));
#465=CARTESIAN_POINT('',(-5.791097696830E0,6.578553758078E1,-1.286414461023E2));
#466=CARTESIAN_POINT('',(-5.756242777279E0,6.575283471097E1,-1.289138105580E2));
#467=CARTESIAN_POINT('',(-5.589334397932E0,6.560459509959E1,-1.293086584510E2));
#468=CARTESIAN_POINT('',(-5.292755527362E0,6.537100974887E1,-1.296362252835E2));
#469=CARTESIAN_POINT('',(-4.866852396020E0,6.509106439526E1,-1.298644208957E2));
#470=CARTESIAN_POINT('',(-4.307750829763E0,6.480827333798E1,-1.299834392686E2));
#471=CARTESIAN_POINT('',(-3.889093057928E0,6.465936849302E1,-1.3E2));
#472=CARTESIAN_POINT('',(-3.665092033420E0,6.459661973050E1,-1.3E2));
#474=CARTESIAN_POINT('',(-1.528724819517E1,6.185440263194E1,-1.3E2));
#475=CARTESIAN_POINT('',(-1.524665623807E1,6.197470109493E1,-1.3E2));
#476=CARTESIAN_POINT('',(-1.517773860855E1,6.220804473503E1,-1.299796267196E2));
#477=CARTESIAN_POINT('',(-1.512936407284E1,6.242428703868E1,-1.299210343063E2));
#478=CARTESIAN_POINT('',(-1.510932933574E1,6.252779832591E1,-1.298822549759E2));
#480=DIRECTION('',(-4.902954120546E-1,-8.715563142553E-1,0.E0));
#481=VECTOR('',#480,4.729791323267E0);
#482=CARTESIAN_POINT('',(-2.354323140385E1,4.449584257899E1,-1.3E2));
#483=LINE('',#482,#481);
#484=CARTESIAN_POINT('',(9.332796818156E-1,3.436808213576E1,-1.3E2));
#485=DIRECTION('',(0.E0,0.E0,1.E0));
#486=DIRECTION('',(-1.422160695494E-1,9.898356376500E-1,0.E0));
#487=AXIS2_PLACEMENT_3D('',#484,#485,#486);
#489=CARTESIAN_POINT('',(3.790475636994E0,2.002169635934E1,-1.3E2));
#490=DIRECTION('',(0.E0,0.E0,1.E0));
#491=DIRECTION('',(2.069648830090E-2,9.997858047462E-1,0.E0));
#492=AXIS2_PLACEMENT_3D('',#489,#490,#491);
#494=CARTESIAN_POINT('',(4.581233024793E0,8.837085169169E0,-1.3E2));
#495=DIRECTION('',(0.E0,0.E0,1.E0));
#496=DIRECTION('',(3.495659508607E-1,9.369117599853E-1,0.E0));
#497=AXIS2_PLACEMENT_3D('',#494,#495,#496);
#499=DIRECTION('',(5.160849176526E-1,-8.565374234507E-1,-2.423164140107E-14));
#500=VECTOR('',#499,8.210420529088E0);
#501=CARTESIAN_POINT('',(3.936050338227E1,4.632782972449E1,-1.3E2));
#502=LINE('',#501,#500);
#503=DIRECTION('',(-8.222433878012E-1,-5.691360217181E-1,-4.444500525660E-14));
#504=VECTOR('',#503,4.476362751320E0);
#505=CARTESIAN_POINT('',(4.727843725859E1,4.184295656711E1,-1.3E2));
#506=LINE('',#505,#504);
#507=DIRECTION('',(5.691360235565E-1,-8.222433865287E-1,0.E0));
#508=VECTOR('',#507,7.752140376860E0);
#509=CARTESIAN_POINT('',(4.286641491045E1,4.821710272343E1,-1.3E2));
#510=LINE('',#509,#508);
#511=CARTESIAN_POINT('',(1.218029172520E1,2.697694632430E1,-1.3E2));
#512=DIRECTION('',(0.E0,0.E0,-1.E0));
#513=DIRECTION('',(6.320576680829E-1,7.749213535692E-1,0.E0));
#514=AXIS2_PLACEMENT_3D('',#511,#512,#513);
#516=CARTESIAN_POINT('',(3.591822995013E1,6.108712560823E1,-1.3E2));
#517=DIRECTION('',(0.E0,0.E0,-1.E0));
#518=DIRECTION('',(-2.880167981185E-2,-9.995851455679E-1,0.E0));
#519=AXIS2_PLACEMENT_3D('',#516,#517,#518);
#521=CARTESIAN_POINT('',(1.218029172520E1,2.697694632430E1,-1.3E2));
#522=DIRECTION('',(0.E0,0.E0,-1.E0));
#523=DIRECTION('',(2.586220575683E-1,9.659785874123E-1,0.E0));
#524=AXIS2_PLACEMENT_3D('',#521,#522,#523);
#526=CARTESIAN_POINT('',(5.215E0,9.609029717561E-1,-1.3E2));
#527=DIRECTION('',(0.E0,0.E0,-1.E0));
#528=DIRECTION('',(2.235514528530E-1,9.746921298171E-1,0.E0));
#529=AXIS2_PLACEMENT_3D('',#526,#527,#528);
#531=CARTESIAN_POINT('',(5.215E0,9.609029717561E-1,-1.3E2));
#532=DIRECTION('',(0.E0,0.E0,-1.E0));
#533=DIRECTION('',(-7.836128300569E-2,9.969250269332E-1,0.E0));
#534=AXIS2_PLACEMENT_3D('',#531,#532,#533);
#536=CARTESIAN_POINT('',(5.215E0,9.609029717561E-1,-1.3E2));
#537=DIRECTION('',(0.E0,0.E0,-1.E0));
#538=DIRECTION('',(-3.190896227778E-1,9.477245447046E-1,0.E0));
#539=AXIS2_PLACEMENT_3D('',#536,#537,#538);
#541=CARTESIAN_POINT('',(-2.020699112900E1,6.351445704286E1,-1.3E2));
#542=DIRECTION('',(0.E0,0.E0,-1.E0));
#543=DIRECTION('',(9.475132159512E-1,-3.197166020053E-1,0.E0));
#544=AXIS2_PLACEMENT_3D('',#541,#542,#543);
#546=DIRECTION('',(4.987903134301E-1,8.667226910773E-1,0.E0));
#547=VECTOR('',#546,1.882533428738E1);
#548=CARTESIAN_POINT('',(-2.885778240571E1,4.205871795975E1,-1.3E2));
#549=LINE('',#548,#547);
#550=DIRECTION('',(-8.715563143409E-1,4.902954119023E-1,-3.307715854475E-14));
#551=VECTOR('',#550,3.437019463683E0);
#552=CARTESIAN_POINT('',(-2.586222638963E1,4.037356308609E1,-1.3E2));
#553=LINE('',#552,#551);
#554=CARTESIAN_POINT('',(-2.354323140388E1,4.449584257894E1,-1.28E2));
#555=DIRECTION('',(-4.902954120546E-1,-8.715563142553E-1,0.E0));
#556=DIRECTION('',(0.E0,0.E0,-1.E0));
#557=AXIS2_PLACEMENT_3D('',#554,#555,#556);
#559=CARTESIAN_POINT('',(-2.586222639235E1,4.037356308125E1,-1.28E2));
#560=DIRECTION('',(-4.902954120546E-1,-8.715563142553E-1,-1.114441900671E-14));
#561=DIRECTION('',(0.E0,0.E0,-1.E0));
#562=AXIS2_PLACEMENT_3D('',#559,#560,#561);
#564=CARTESIAN_POINT('',(-2.586222639235E1,4.037356308125E1,-1.27E2));
#565=DIRECTION('',(-8.715563142553E-1,4.902954120546E-1,0.E0));
#566=DIRECTION('',(0.E0,0.E0,-1.E0));
#567=AXIS2_PLACEMENT_3D('',#564,#565,#566);
#569=CARTESIAN_POINT('',(-3.034144673414E1,3.945123734774E1,-1.269999999941E2));
#570=CARTESIAN_POINT('',(-3.034144291014E1,3.945124406535E1,-1.272936740002E2));
#571=CARTESIAN_POINT('',(-3.029867688096E1,3.952640165808E1,-1.278718709400E2));
#572=CARTESIAN_POINT('',(-3.012023616590E1,3.984000749781E1,-1.286496295670E2));
#573=CARTESIAN_POINT('',(-2.985499089554E1,4.030616410141E1,-1.292640106242E2));
#574=CARTESIAN_POINT('',(-2.956856929711E1,4.080953346675E1,-1.296609408446E2));
#575=CARTESIAN_POINT('',(-2.925638202240E1,4.135820855090E1,-1.299204751486E2));
#576=CARTESIAN_POINT('',(-2.899486049075E1,4.181779343002E1,-1.299999969110E2));
#577=CARTESIAN_POINT('',(-2.885778240571E1,4.205871795975E1,-1.3E2));
#579=CARTESIAN_POINT('',(-2.960600361607E1,4.075857181912E1,-1.269999999293E2));
#580=DIRECTION('',(-2.351253775612E-8,-4.085654722916E-8,-1.E0));
#581=DIRECTION('',(-4.902954120545E-1,-8.715563142553E-1,4.713687455175E-8));
#582=AXIS2_PLACEMENT_3D('',#579,#580,#581);
#584=CARTESIAN_POINT('',(-2.885778240302E1,4.205871796438E1,-1.285E2));
#585=DIRECTION('',(4.987903134290E-1,8.667226910780E-1,0.E0));
#586=DIRECTION('',(0.E0,0.E0,-1.E0));
#587=AXIS2_PLACEMENT_3D('',#584,#585,#586);
#589=CARTESIAN_POINT('',(-1.946788801609E1,5.837506235373E1,-9.E1));
#590=CARTESIAN_POINT('',(-1.966083221266E1,5.834731479494E1,-9.E1));
#591=CARTESIAN_POINT('',(-2.001948172577E1,5.831760102858E1,-9.004612291611E1));
#592=CARTESIAN_POINT('',(-2.047566205942E1,5.832394072225E1,-9.023786264939E1));
#593=CARTESIAN_POINT('',(-2.070707922957E1,5.834534264693E1,-9.042808170955E1));
#594=CARTESIAN_POINT('',(-2.080730138151E1,5.835700817905E1,-9.053919899086E1));
#596=CARTESIAN_POINT('',(-2.080730138151E1,5.835700817905E1,-1.294608010091E2));
#597=CARTESIAN_POINT('',(-2.070707965741E1,5.834534269673E1,-1.295719178161E2));
#598=CARTESIAN_POINT('',(-2.047566320663E1,5.832394085327E1,-1.297621363944E2));
#599=CARTESIAN_POINT('',(-2.001948553657E1,5.831760090430E1,-1.299538760931E2));
#600=CARTESIAN_POINT('',(-1.966083384740E1,5.834731455985E1,-1.3E2));
#601=CARTESIAN_POINT('',(-1.946788801609E1,5.837506235373E1,-1.3E2));
#603=CARTESIAN_POINT('',(-2.885778235960E1,4.205871803982E1,-9.149999999999E1));
#604=DIRECTION('',(-4.987903134290E-1,-8.667226910780E-1,6.489369372613E-8));
#605=DIRECTION('',(3.236833379106E-8,5.624484344935E-8,1.E0));
#606=AXIS2_PLACEMENT_3D('',#603,#604,#605);
#608=CARTESIAN_POINT('',(-2.885778224725E1,4.205871786853E1,-9.E1));
#609=CARTESIAN_POINT('',(-2.900071321334E1,4.180750595760E1,-9.000000719889E1));
#610=CARTESIAN_POINT('',(-2.928275713459E1,4.131185577359E1,-9.008398682862E1));
#611=CARTESIAN_POINT('',(-2.966350145445E1,4.064269354191E1,-9.043488860202E1));
#612=CARTESIAN_POINT('',(-2.996968622815E1,4.010459333875E1,-9.096553147464E1));
#613=CARTESIAN_POINT('',(-3.016989089120E1,3.975274080678E1,-9.154723841630E1));
#614=CARTESIAN_POINT('',(-3.030112804510E1,3.952209398218E1,-9.218429954398E1));
#615=CARTESIAN_POINT('',(-3.034144519412E1,3.945124012888E1,-9.271935044181E1));
#616=CARTESIAN_POINT('',(-3.034144673414E1,3.945123734775E1,-9.300000000685E1));
#618=DIRECTION('',(0.E0,0.E0,1.E0));
#619=VECTOR('',#618,7.E0);
#620=CARTESIAN_POINT('',(-2.174E1,4.362211977152E1,-9.7E1));
#621=LINE('',#620,#619);
#622=DIRECTION('',(-4.902954120546E-1,-8.715563142553E-1,0.E0));
#623=VECTOR('',#622,7.852408783241E0);
#624=CARTESIAN_POINT('',(-2.174E1,4.362211977152E1,-9.7E1));
#625=LINE('',#624,#623);
#626=CARTESIAN_POINT('',(-2.411911376384E1,3.939297225714E1,-9.3E1));
#627=DIRECTION('',(8.715563142553E-1,-4.902954120546E-1,0.E0));
#628=DIRECTION('',(0.E0,-1.184237892934E-14,1.E0));
#629=AXIS2_PLACEMENT_3D('',#626,#627,#628);
#631=DIRECTION('',(0.E0,0.E0,1.E0));
#632=VECTOR('',#631,5.E0);
#633=CARTESIAN_POINT('',(-2.460940917589E1,3.852141594289E1,-1.27E2));
#634=LINE('',#633,#632);
#635=DIRECTION('',(-4.902954120546E-1,-8.715563142553E-1,0.E0));
#636=VECTOR('',#635,5.729791328762E0);
#637=CARTESIAN_POINT('',(-2.180011877537E1,4.351525175483E1,-1.22E2));
#638=LINE('',#637,#636);
#639=DIRECTION('',(0.E0,0.E0,-1.E0));
#640=VECTOR('',#639,6.E0);
#641=CARTESIAN_POINT('',(-2.180011877537E1,4.351525175483E1,-1.22E2));
#642=LINE('',#641,#640);
#643=DIRECTION('',(-4.902954120546E-1,-8.715563142553E-1,0.E0));
#644=VECTOR('',#643,4.729791328762E0);
#645=CARTESIAN_POINT('',(-2.180011877537E1,4.351525175483E1,-1.28E2));
#646=LINE('',#645,#644);
#647=CARTESIAN_POINT('',(-2.411911376384E1,3.939297225714E1,-1.27E2));
#648=DIRECTION('',(-8.715563142553E-1,4.902954120546E-1,0.E0));
#649=DIRECTION('',(-1.421085471520E-14,-2.842170943040E-14,-1.E0));
#650=AXIS2_PLACEMENT_3D('',#647,#648,#649);
#652=DIRECTION('',(-1.011001876443E-7,-2.443339938990E-7,-1.E0));
#653=VECTOR('',#652,6.000001694624E0);
#654=CARTESIAN_POINT('',(-2.169518570771E1,4.373116806984E1,-1.22E2));
#655=LINE('',#654,#653);
#656=DIRECTION('',(0.E0,0.E0,-1.E0));
#657=VECTOR('',#656,3.327654034505E1);
#658=CARTESIAN_POINT('',(-2.530620271012E0,5.861094131554E1,-9.472345965495E1));
#659=LINE('',#658,#657);
#660=CARTESIAN_POINT('',(9.332796818156E-1,3.436808213576E1,-1.28E2));
#661=DIRECTION('',(0.E0,0.E0,1.E0));
#662=DIRECTION('',(-1.414467417387E-1,9.899458668288E-1,0.E0));
#663=AXIS2_PLACEMENT_3D('',#660,#661,#662);
#665=CARTESIAN_POINT('',(4.411489428827E1,3.843704741898E1,-1.22E2));
#666=DIRECTION('',(0.E0,0.E0,1.E0));
#667=DIRECTION('',(-8.565374234313E-1,-5.160849176848E-1,0.E0));
#668=AXIS2_PLACEMENT_3D('',#665,#666,#667);
#670=DIRECTION('',(8.559848777033E-1,5.170008599057E-1,0.E0));
#671=VECTOR('',#670,7.474981128316E0);
#672=CARTESIAN_POINT('',(3.770130918329E1,4.520623508765E1,-1.22E2));
#673=LINE('',#672,#671);
#674=DIRECTION('',(-8.559848777033E-1,-5.170008599057E-1,0.E0));
#675=VECTOR('',#674,5.837075808145E0);
#676=CARTESIAN_POINT('',(4.715949520127E1,4.465036859848E1,-1.22E2));
#677=LINE('',#676,#675);
#678=DIRECTION('',(5.170008599057E-1,-8.559848777033E-1,0.E0));
#679=VECTOR('',#678,4.153286795762E0);
#680=CARTESIAN_POINT('',(4.216304657949E1,4.163259538633E1,-1.22E2));
#681=LINE('',#680,#679);
#682=DIRECTION('',(-8.222433865287E-1,-5.691360235565E-1,0.E0));
#683=VECTOR('',#682,1.453115294591E0);
#684=CARTESIAN_POINT('',(4.644798077622E1,3.761958090646E1,-1.22E2));
#685=LINE('',#684,#683);
#686=CARTESIAN_POINT('',(-2.635252180440E1,3.950200676699E1,-1.22E2));
#687=DIRECTION('',(0.E0,0.E0,1.E0));
#688=DIRECTION('',(-4.902954120546E-1,-8.715563142553E-1,0.E0));
#689=AXIS2_PLACEMENT_3D('',#686,#687,#688);
#691=DIRECTION('',(-8.715563142553E-1,4.902954120546E-1,0.E0));
#692=VECTOR('',#691,8.269960785771E-1);
#693=CARTESIAN_POINT('',(-2.733311262851E1,3.775889413848E1,-1.22E2));
#694=LINE('',#693,#692);
#695=DIRECTION('',(4.157693337860E-1,9.094700990594E-1,0.E0));
#696=VECTOR('',#695,3.667965741882E0);
#697=CARTESIAN_POINT('',(-2.595423801599E1,3.884804699230E1,-1.22E2));
#698=LINE('',#697,#696);
#699=DIRECTION('',(-9.094700990594E-1,4.157693337860E-1,0.E0));
#700=VECTOR('',#699,5.298981382615E0);
#701=CARTESIAN_POINT('',(-2.442921034314E1,4.218395215892E1,-1.22E2));
#702=LINE('',#701,#700);
#703=DIRECTION('',(8.667226910780E-1,-4.987903134290E-1,0.E0));
#704=VECTOR('',#703,6.700812002428E0);
#705=CARTESIAN_POINT('',(-2.670748418857E1,4.880245809824E1,-1.22E2));
#706=LINE('',#705,#704);
#707=CARTESIAN_POINT('',(9.332796818156E-1,3.436808213576E1,-1.22E2));
#708=DIRECTION('',(0.E0,0.E0,1.E0));
#709=DIRECTION('',(-8.915411267231E-1,4.529397524630E-1,0.E0));
#710=AXIS2_PLACEMENT_3D('',#707,#708,#709);
#712=CARTESIAN_POINT('',(-2.354323140388E1,4.449584257894E1,-1.22E2));
#713=DIRECTION('',(0.E0,0.E0,-1.E0));
#714=DIRECTION('',(9.240228480848E-1,-3.823372545506E-1,0.E0));
#715=AXIS2_PLACEMENT_3D('',#712,#713,#714);
#717=CARTESIAN_POINT('',(4.411489428827E1,3.843704741898E1,-1.270000000087E2));
#718=DIRECTION('',(0.E0,0.E0,1.E0));
#719=DIRECTION('',(-8.565374234313E-1,-5.160849176848E-1,0.E0));
#720=AXIS2_PLACEMENT_3D('',#717,#718,#719);
#722=DIRECTION('',(3.899458530368E-12,2.702904564417E-12,1.E0));
#723=VECTOR('',#722,5.000000004467E0);
#724=CARTESIAN_POINT('',(4.525316633536E1,3.679256064591E1,-1.270000000045E2));
#725=LINE('',#724,#723);
#726=DIRECTION('',(0.E0,0.E0,-1.E0));
#727=VECTOR('',#726,2.5E1);
#728=CARTESIAN_POINT('',(4.644798077622E1,3.761958090646E1,-9.7E1));
#729=LINE('',#728,#727);
#730=DIRECTION('',(8.222433865287E-1,5.691360235565E-1,-1.132910890131E-9));
#731=VECTOR('',#730,6.670156598291E0);
#732=CARTESIAN_POINT('',(4.350135318244E1,3.558E1,-9.3E1));
#733=LINE('',#732,#731);
#734=DIRECTION('',(0.E0,0.E0,1.E0));
#735=VECTOR('',#734,3.399999998489E1);
#736=CARTESIAN_POINT('',(4.898584533250E1,3.937622640285E1,-1.269999999924E2));
#737=LINE('',#736,#735);
#738=DIRECTION('',(-8.222433865287E-1,-5.691360235565E-1,-2.648625853294E-9));
#739=VECTOR('',#738,4.539627874534E0);
#740=CARTESIAN_POINT('',(4.898584533250E1,3.937622640285E1,-1.269999999924E2));
#741=LINE('',#740,#739);
#742=CARTESIAN_POINT('',(4.559427674088E1,3.885294598625E1,-9.7E1));
#743=DIRECTION('',(0.E0,0.E0,1.E0));
#744=DIRECTION('',(-8.559848777033E-1,-5.170008599057E-1,0.E0));
#745=AXIS2_PLACEMENT_3D('',#742,#743,#744);
#747=CARTESIAN_POINT('',(4.559427674088E1,3.885294598625E1,-1.22E2));
#748=DIRECTION('',(0.E0,0.E0,-1.E0));
#749=DIRECTION('',(5.691360235565E-1,-8.222433865287E-1,0.E0));
#750=AXIS2_PLACEMENT_3D('',#747,#748,#749);
#752=DIRECTION('',(0.E0,0.E0,-1.E0));
#753=VECTOR('',#752,2.5E1);
#754=CARTESIAN_POINT('',(4.431029942433E1,3.807744469639E1,-9.7E1));
#755=LINE('',#754,#753);
#756=DIRECTION('',(0.E0,0.E0,1.E0));
#757=VECTOR('',#756,2.5E1);
#758=CARTESIAN_POINT('',(4.216304657949E1,4.163259538633E1,-1.22E2));
#759=LINE('',#758,#757);
#760=DIRECTION('',(-5.691360236302E-1,8.222433864777E-1,0.E0));
#761=VECTOR('',#760,7.752140382516E0);
#762=CARTESIAN_POINT('',(4.851180234162E1,4.269666059777E1,-9.15E1));
#763=LINE('',#762,#761);
#764=DIRECTION('',(1.005185429842E-10,7.674895062916E-11,-1.E0));
#765=VECTOR('',#764,5.5E0);
#766=CARTESIAN_POINT('',(4.409977998969E1,4.907080675834E1,-9.15E1));
#767=LINE('',#766,#765);
#768=DIRECTION('',(5.691360235565E-1,-8.222433865287E-1,0.E0));
#769=VECTOR('',#768,5.376070191274E0);
#770=CARTESIAN_POINT('',(4.409977999024E1,4.907080675876E1,-9.7E1));
#771=LINE('',#770,#769);
#772=DIRECTION('',(0.E0,0.E0,-1.E0));
#773=VECTOR('',#772,2.5E1);
#774=CARTESIAN_POINT('',(4.715949520127E1,4.465036859848E1,-9.7E1));
#775=LINE('',#774,#773);
#776=DIRECTION('',(5.691360235565E-1,-8.222433865287E-1,0.E0));
#777=VECTOR('',#776,5.376070191274E0);
#778=CARTESIAN_POINT('',(4.409977999024E1,4.907080675876E1,-1.22E2));
#779=LINE('',#778,#777);
#780=DIRECTION('',(4.153942147521E-13,-6.012284687201E-13,-1.E0));
#781=VECTOR('',#780,6.5E0);
#782=CARTESIAN_POINT('',(4.409977999024E1,4.907080675876E1,-1.22E2));
#783=LINE('',#782,#781);
#784=DIRECTION('',(5.691360235565E-1,-8.222433865287E-1,0.E0));
#785=VECTOR('',#784,7.752140382544E0);
#786=CARTESIAN_POINT('',(4.409977999025E1,4.907080675876E1,-1.285E2));
#787=LINE('',#786,#785);
#788=CARTESIAN_POINT('',(4.851180234162E1,4.269666059777E1,-1.27E2));
#789=DIRECTION('',(-8.222433865287E-1,-5.691360235565E-1,0.E0));
#790=DIRECTION('',(0.E0,0.E0,-1.E0));
#791=AXIS2_PLACEMENT_3D('',#788,#789,#790);
#793=DIRECTION('',(0.E0,0.E0,1.E0));
#794=VECTOR('',#793,3.4E1);
#795=CARTESIAN_POINT('',(4.936550637695E1,4.146329551798E1,-1.27E2));
#796=LINE('',#795,#794);
#797=CARTESIAN_POINT('',(4.851180234162E1,4.269666059777E1,-9.3E1));
#798=DIRECTION('',(-8.222433865287E-1,-5.691360235565E-1,0.E0));
#799=DIRECTION('',(5.691360235565E-1,-8.222433865287E-1,0.E0));
#800=AXIS2_PLACEMENT_3D('',#797,#798,#799);
#802=CARTESIAN_POINT('',(4.727843726183E1,4.184295656244E1,-9.15E1));
#803=DIRECTION('',(-5.691360235565E-1,8.222433865287E-1,0.E0));
#804=DIRECTION('',(0.E0,0.E0,1.E0));
#805=AXIS2_PLACEMENT_3D('',#802,#803,#804);
#807=CARTESIAN_POINT('',(4.286641490816E1,4.821710272185E1,-9.15E1));
#808=DIRECTION('',(-5.691360235565E-1,8.222433865287E-1,0.E0));
#809=DIRECTION('',(1.523507838404E-9,1.054530684996E-9,1.E0));
#810=AXIS2_PLACEMENT_3D('',#807,#808,#809);
#812=CARTESIAN_POINT('',(3.110339185621E1,5.914367884758E1,-9.E1));
#813=CARTESIAN_POINT('',(3.102887694038E1,5.932828758631E1,-9.E1));
#814=CARTESIAN_POINT('',(3.091032455067E1,5.968227469745E1,-9.002913128526E1));
#815=CARTESIAN_POINT('',(3.080212255970E1,6.016423593083E1,-9.017244309724E1));
#816=CARTESIAN_POINT('',(3.074922957885E1,6.055716769702E1,-9.040676703326E1));
#817=CARTESIAN_POINT('',(3.072924769763E1,6.085579209404E1,-9.072212858252E1));
#818=CARTESIAN_POINT('',(3.072577021460E1,6.104057300696E1,-9.110221878721E1));
#819=CARTESIAN_POINT('',(3.072596581067E1,6.108047066762E1,-9.136406914579E1));
#820=CARTESIAN_POINT('',(3.072596581067E1,6.108047066762E1,-9.150000000530E1));
#822=CARTESIAN_POINT('',(2.222E1,6.292116223948E1,-9.E1));
#823=CARTESIAN_POINT('',(2.222E1,6.309179958637E1,-9.000000000030E1));
#824=CARTESIAN_POINT('',(2.222E1,6.341369563906E1,-9.005074686141E1));
#825=CARTESIAN_POINT('',(2.222E1,6.386209009970E1,-9.027376465631E1));
#826=CARTESIAN_POINT('',(2.221999999999E1,6.420517538420E1,-9.061021942308E1));
#827=CARTESIAN_POINT('',(2.222000000002E1,6.442682686926E1,-9.103816642189E1));
#828=CARTESIAN_POINT('',(2.221999999995E1,6.447623508658E1,-9.134074432205E1));
#829=CARTESIAN_POINT('',(2.221999999995E1,6.447623508658E1,-9.15E1));
#831=CARTESIAN_POINT('',(3.771595318217E1,5.621600229187E1,-9.150000000446E1));
#832=CARTESIAN_POINT('',(3.771595318217E1,5.621600229187E1,-9.133695898457E1));
#833=CARTESIAN_POINT('',(3.766242042709E1,5.619573554325E1,-9.102831548711E1));
#834=CARTESIAN_POINT('',(3.742377026630E1,5.611439886916E1,-9.059964944204E1));
#835=CARTESIAN_POINT('',(3.702447423310E1,5.600599211085E1,-9.025929284096E1));
#836=CARTESIAN_POINT('',(3.646110357956E1,5.591074772053E1,-9.004352487924E1));
#837=CARTESIAN_POINT('',(3.601258973533E1,5.588998342594E1,-9.E1));
#838=CARTESIAN_POINT('',(3.576868389349E1,5.589701123964E1,-9.E1));
#840=CARTESIAN_POINT('',(3.576868389805E1,5.589701123950E1,-1.3E2));
#841=CARTESIAN_POINT('',(3.601259100425E1,5.588998338959E1,-1.3E2));
#842=CARTESIAN_POINT('',(3.646110612457E1,5.591074793274E1,-1.299564746816E2));
#843=CARTESIAN_POINT('',(3.702447666026E1,5.600599276713E1,-1.297407057140E2));
#844=CARTESIAN_POINT('',(3.742376542450E1,5.611439760632E1,-1.294003524873E2));
#845=CARTESIAN_POINT('',(3.766241082058E1,5.619573205123E1,-1.289717101645E2));
#846=CARTESIAN_POINT('',(3.771595318327E1,5.621600229228E1,-1.286630521930E2));
#847=CARTESIAN_POINT('',(3.771595318327E1,5.621600229228E1,-1.285E2));
#849=DIRECTION('',(2.982512735642E-11,1.100707513256E-11,-1.E0));
#850=VECTOR('',#849,3.699999999554E1);
#851=CARTESIAN_POINT('',(3.771595318217E1,5.621600229187E1,-9.150000000446E1));
#852=LINE('',#851,#850);
#853=CARTESIAN_POINT('',(1.218029172520E1,2.697694632430E1,-1.285E2));
#854=DIRECTION('',(0.E0,0.E0,-1.E0));
#855=DIRECTION('',(6.577965342110E-1,7.531956715091E-1,0.E0));
#856=AXIS2_PLACEMENT_3D('',#853,#854,#855);
#858=DIRECTION('',(0.E0,0.E0,-1.E0));
#859=VECTOR('',#858,2.5E1);
#860=CARTESIAN_POINT('',(4.409977999024E1,4.907080675876E1,-9.7E1));
#861=LINE('',#860,#859);
#862=CARTESIAN_POINT('',(1.218029172520E1,2.697694632430E1,-9.15E1));
#863=DIRECTION('',(0.E0,0.E0,1.E0));
#864=DIRECTION('',(8.222433865287E-1,5.691360235565E-1,0.E0));
#865=AXIS2_PLACEMENT_3D('',#862,#863,#864);
#867=DIRECTION('',(-4.032810122459E-14,3.179141034966E-11,-1.E0));
#868=VECTOR('',#867,3.699999999470E1);
#869=CARTESIAN_POINT('',(3.072596581067E1,6.108047066762E1,-9.150000000530E1));
#870=LINE('',#869,#868);
#871=CARTESIAN_POINT('',(1.218029172520E1,2.697694632430E1,-9.15E1));
#872=DIRECTION('',(0.E0,0.E0,1.E0));
#873=DIRECTION('',(4.777350357068E-1,8.785039758921E-1,0.E0));
#874=AXIS2_PLACEMENT_3D('',#871,#872,#873);
#876=DIRECTION('',(3.220582959477E-12,1.663207709695E-11,-1.E0));
#877=VECTOR('',#876,3.7E1);
#878=CARTESIAN_POINT('',(2.221999999995E1,6.447623508658E1,-9.15E1));
#879=LINE('',#878,#877);
#880=CARTESIAN_POINT('',(1.218029172520E1,2.697694632430E1,-1.285E2));
#881=DIRECTION('',(0.E0,0.E0,-1.E0));
#882=DIRECTION('',(2.586220575683E-1,9.659785874123E-1,0.E0));
#883=AXIS2_PLACEMENT_3D('',#880,#881,#882);
#885=CARTESIAN_POINT('',(3.072596581067E1,6.108047066879E1,-1.285E2));
#886=CARTESIAN_POINT('',(3.072596581067E1,6.108047066879E1,-1.286343960505E2));
#887=CARTESIAN_POINT('',(3.072579178951E1,6.104113169419E1,-1.288939674125E2));
#888=CARTESIAN_POINT('',(3.072907550831E1,6.086135645402E1,-1.292694121373E2));
#889=CARTESIAN_POINT('',(3.074853320263E1,6.056287523572E1,-1.295896994791E2));
#890=CARTESIAN_POINT('',(3.080220540110E1,6.016316025237E1,-1.298283653356E2));
#891=CARTESIAN_POINT('',(3.091055706854E1,5.968159147917E1,-1.299708561311E2));
#892=CARTESIAN_POINT('',(3.102906436746E1,5.932782324113E1,-1.3E2));
#893=CARTESIAN_POINT('',(3.110339185450E1,5.914367885181E1,-1.3E2));
#895=CARTESIAN_POINT('',(2.183206691365E1,6.302726720653E1,-1.285E2));
#896=DIRECTION('',(9.659785874123E-1,-2.586220575683E-1,0.E0));
#897=DIRECTION('',(0.E0,-1.894780628694E-14,-1.E0));
#898=AXIS2_PLACEMENT_3D('',#895,#896,#897);
#900=CARTESIAN_POINT('',(4.286641491045E1,4.821710272343E1,-1.285E2));
#901=DIRECTION('',(5.691360235565E-1,-8.222433865287E-1,0.E0));
#902=DIRECTION('',(0.E0,0.E0,-1.E0));
#903=AXIS2_PLACEMENT_3D('',#900,#901,#902);
#905=CARTESIAN_POINT('',(4.727843726183E1,4.184295656244E1,-1.285E2));
#906=DIRECTION('',(5.691360235565E-1,-8.222433865287E-1,0.E0));
#907=DIRECTION('',(0.E0,0.E0,-1.E0));
#908=AXIS2_PLACEMENT_3D('',#905,#906,#907);
#910=CARTESIAN_POINT('',(4.359777758492E1,3.929529727906E1,-1.3E2));
#911=CARTESIAN_POINT('',(4.376935891333E1,3.903609908346E1,-1.299999959195E2));
#912=CARTESIAN_POINT('',(4.410380936654E1,3.853007631049E1,-1.299044726767E2));
#913=CARTESIAN_POINT('',(4.454855705634E1,3.785789797199E1,-1.295054535127E2));
#914=CARTESIAN_POINT('',(4.487293638262E1,3.736740033013E1,-1.289593304332E2));
#915=CARTESIAN_POINT('',(4.507928169630E1,3.705544548287E1,-1.283889073118E2));
#916=CARTESIAN_POINT('',(4.521253139142E1,3.685401036371E1,-1.277760950488E2));
#917=CARTESIAN_POINT('',(4.525316600505E1,3.679256023982E1,-1.272666083657E2));
#918=CARTESIAN_POINT('',(4.525316633536E1,3.679256064591E1,-1.270000000045E2));
#920=CARTESIAN_POINT('',(4.727843726183E1,4.184295656244E1,-1.27E2));
#921=DIRECTION('',(-8.222433865287E-1,-5.691360235565E-1,0.E0));
#922=DIRECTION('',(0.E0,0.E0,-1.E0));
#923=AXIS2_PLACEMENT_3D('',#920,#921,#922);
#925=CARTESIAN_POINT('',(4.359777753843E1,3.929529735680E1,-1.28E2));
#926=DIRECTION('',(5.160849176848E-1,-8.565374234313E-1,-1.058661406330E-7));
#927=DIRECTION('',(-8.565374234313E-1,-5.160849176848E-1,9.997336292145E-12));
#928=AXIS2_PLACEMENT_3D('',#925,#926,#927);
#930=CARTESIAN_POINT('',(4.350135318244E1,3.558E1,-9.3E1));
#931=CARTESIAN_POINT('',(4.350135318244E1,3.558E1,-9.249950019015E1));
#932=CARTESIAN_POINT('',(4.338895303810E1,3.576654862161E1,-9.171629446540E1));
#933=CARTESIAN_POINT('',(4.306947409418E1,3.629678243021E1,-9.083383840057E1));
#934=CARTESIAN_POINT('',(4.261306476607E1,3.705427728529E1,-9.021670763300E1));
#935=CARTESIAN_POINT('',(4.220830350067E1,3.772605272279E1,-9.E1));
#936=CARTESIAN_POINT('',(4.195000309751E1,3.815474954035E1,-9.E1));
#938=DIRECTION('',(0.E0,0.E0,-1.E0));
#939=VECTOR('',#938,4.E0);
#940=CARTESIAN_POINT('',(4.350135318244E1,3.558E1,-9.3E1));
#941=LINE('',#940,#939);
#942=DIRECTION('',(-5.160849176848E-1,8.565374234313E-1,0.E0));
#943=VECTOR('',#942,1.123854582919E1);
#944=CARTESIAN_POINT('',(4.350135318244E1,3.558E1,-9.7E1));
#945=LINE('',#944,#943);
#946=DIRECTION('',(0.E0,0.E0,1.E0));
#947=VECTOR('',#946,5.E0);
#948=CARTESIAN_POINT('',(4.240181944140E1,3.740487758361E1,-1.27E2));
#949=LINE('',#948,#947);
#950=CARTESIAN_POINT('',(4.188470274642E1,3.826312743040E1,-1.28E2));
#951=CARTESIAN_POINT('',(4.193966589709E1,3.817190601732E1,-1.279999799615E2));
#952=CARTESIAN_POINT('',(4.204215560946E1,3.800180557231E1,-1.279681629350E2));
#953=CARTESIAN_POINT('',(4.218187591709E1,3.776991413701E1,-1.278351601432E2));
#954=CARTESIAN_POINT('',(4.228299820086E1,3.760208319016E1,-1.276530689640E2));
#955=CARTESIAN_POINT('',(4.234751364080E1,3.749500800388E1,-1.274631248026E2));
#956=CARTESIAN_POINT('',(4.238912187236E1,3.742595152454E1,-1.272581166863E2));
#957=CARTESIAN_POINT('',(4.240181556004E1,3.740488402545E1,-1.270901228991E2));
#958=CARTESIAN_POINT('',(4.240181944140E1,3.740487758361E1,-1.27E2));
#960=DIRECTION('',(5.160849176848E-1,-8.565374234313E-1,0.E0));
#961=VECTOR('',#960,8.106017866023E0);
#962=CARTESIAN_POINT('',(3.770130918329E1,4.520623508765E1,-1.28E2));
#963=LINE('',#962,#961);
#964=DIRECTION('',(-5.160849176848E-1,8.565374234313E-1,0.E0));
#965=VECTOR('',#964,9.108017105407E0);
#966=CARTESIAN_POINT('',(4.240181944140E1,3.740487758361E1,-1.22E2));
#967=LINE('',#966,#965);
#968=CARTESIAN_POINT('',(4.727843726183E1,4.184295656244E1,-9.3E1));
#969=DIRECTION('',(-8.222433865287E-1,-5.691360235565E-1,0.E0));
#970=DIRECTION('',(5.691360235565E-1,-8.222433865287E-1,0.E0));
#971=AXIS2_PLACEMENT_3D('',#968,#969,#970);
#973=CARTESIAN_POINT('',(4.813214129716E1,4.060959148264E1,-9.3E1));
#974=DIRECTION('',(0.E0,0.E0,1.E0));
#975=DIRECTION('',(5.691360235565E-1,-8.222433865287E-1,0.E0));
#976=AXIS2_PLACEMENT_3D('',#973,#974,#975);
#978=CARTESIAN_POINT('',(4.813214129716E1,4.060959148264E1,-1.27E2));
#979=DIRECTION('',(0.E0,0.E0,1.E0));
#980=DIRECTION('',(5.691360235565E-1,-8.222433865287E-1,0.E0));
#981=AXIS2_PLACEMENT_3D('',#978,#979,#980);
#983=DIRECTION('',(8.222433865287E-1,5.691360235565E-1,0.E0));
#984=VECTOR('',#983,3.583644018372E0);
#985=CARTESIAN_POINT('',(4.350135318244E1,3.558E1,-9.7E1));
#986=LINE('',#985,#984);
#987=DIRECTION('',(5.170008599057E-1,-8.559848777033E-1,0.E0));
#988=VECTOR('',#987,4.153286795762E0);
#989=CARTESIAN_POINT('',(4.216304657949E1,4.163259538633E1,-9.7E1));
#990=LINE('',#989,#988);
#991=DIRECTION('',(-8.559848777033E-1,-5.170008599057E-1,0.E0));
#992=VECTOR('',#991,5.837075808145E0);
#993=CARTESIAN_POINT('',(4.715949520127E1,4.465036859848E1,-9.7E1));
#994=LINE('',#993,#992);
#995=DIRECTION('',(8.559848777033E-1,5.170008599057E-1,0.E0));
#996=VECTOR('',#995,7.474981128316E0);
#997=CARTESIAN_POINT('',(3.770130918329E1,4.520623508765E1,-9.7E1));
#998=LINE('',#997,#996);
#999=CARTESIAN_POINT('',(9.332796818156E-1,3.436808213576E1,-9.7E1));
#1000=DIRECTION('',(0.E0,0.E0,1.E0));
#1001=DIRECTION('',(-8.915411267231E-1,4.529397524630E-1,0.E0));
#1002=AXIS2_PLACEMENT_3D('',#999,#1000,#1001);
#1004=DIRECTION('',(8.667226910780E-1,-4.987903134290E-1,0.E0));
#1005=VECTOR('',#1004,6.700812002428E0);
#1006=CARTESIAN_POINT('',(-2.670748418857E1,4.880245809824E1,-9.7E1));
#1007=LINE('',#1006,#1005);
#1008=DIRECTION('',(-9.094700990594E-1,4.157693337860E-1,0.E0));
#1009=VECTOR('',#1008,5.298981382615E0);
#1010=CARTESIAN_POINT('',(-2.442921034314E1,4.218395215892E1,-9.7E1));
#1011=LINE('',#1010,#1009);
#1012=DIRECTION('',(4.157693337860E-1,9.094700990594E-1,0.E0));
#1013=VECTOR('',#1012,3.667965741882E0);
#1014=CARTESIAN_POINT('',(-2.595423801599E1,3.884804699230E1,-9.7E1));
#1015=LINE('',#1014,#1013);
#1016=DIRECTION('',(8.715563142553E-1,-4.902954120546E-1,0.E0));
#1017=VECTOR('',#1016,2.826996078577E0);
#1018=CARTESIAN_POINT('',(-2.805388628266E1,3.816436652160E1,-9.7E1));
#1019=LINE('',#1018,#1017);
#1020=CARTESIAN_POINT('',(1.363620724744E1,2.697694632430E1,-1.28E2));
#1021=DIRECTION('',(0.E0,0.E0,1.E0));
#1022=DIRECTION('',(7.971216275536E-1,6.038187732145E-1,0.E0));
#1023=AXIS2_PLACEMENT_3D('',#1020,#1021,#1022);
#1025=DIRECTION('',(0.E0,0.E0,-1.E0));
#1026=VECTOR('',#1025,3.8E1);
#1027=CARTESIAN_POINT('',(2.222E1,5.592093709926E1,-9.E1));
#1028=LINE('',#1027,#1026);
#1029=DIRECTION('',(0.E0,0.E0,-1.E0));
#1030=VECTOR('',#1029,7.E0);
#1031=CARTESIAN_POINT('',(3.770130918329E1,4.520623508765E1,-9.E1));
#1032=LINE('',#1031,#1030);
#1033=DIRECTION('',(0.E0,0.E0,-1.E0));
#1034=VECTOR('',#1033,2.5E1);
#1035=CARTESIAN_POINT('',(3.770130918329E1,4.520623508765E1,-9.7E1));
#1036=LINE('',#1035,#1034);
#1037=DIRECTION('',(0.E0,0.E0,-1.E0));
#1038=VECTOR('',#1037,6.E0);
#1039=CARTESIAN_POINT('',(3.770130918329E1,4.520623508765E1,-1.22E2));
#1040=LINE('',#1039,#1038);
#1041=CARTESIAN_POINT('',(1.363620724744E1,2.697694632430E1,-1.3E2));
#1042=DIRECTION('',(0.E0,0.E0,1.E0));
#1043=DIRECTION('',(7.991393642381E-1,6.011458030504E-1,0.E0));
#1044=AXIS2_PLACEMENT_3D('',#1041,#1042,#1043);
#1046=CARTESIAN_POINT('',(2.222E1,5.592093709926E1,-1.28E2));
#1047=CARTESIAN_POINT('',(2.222E1,5.592093709926E1,-1.282080891213E2));
#1048=CARTESIAN_POINT('',(2.224080015272E1,5.598300426913E1,-1.286255566042E2));
#1049=CARTESIAN_POINT('',(2.233277257320E1,5.625740577449E1,-1.291951959294E2));
#1050=CARTESIAN_POINT('',(2.247700867714E1,5.668761245909E1,-1.296475399700E2));
#1051=CARTESIAN_POINT('',(2.265768632155E1,5.722630500431E1,-1.299348271830E2));
#1052=CARTESIAN_POINT('',(2.279023883632E1,5.762134335275E1,-1.3E2));
#1053=CARTESIAN_POINT('',(2.285632128416E1,5.781824326768E1,-1.3E2));
#1055=CARTESIAN_POINT('',(3.936050338227E1,4.632782972449E1,-1.3E2));
#1056=CARTESIAN_POINT('',(3.918895116809E1,4.621206836012E1,-1.3E2));
#1057=CARTESIAN_POINT('',(3.884417200773E1,4.597928802334E1,-1.299354769113E2));
#1058=CARTESIAN_POINT('',(3.837145805755E1,4.565978216266E1,-1.296478217312E2));
#1059=CARTESIAN_POINT('',(3.799445133091E1,4.540471720296E1,-1.291938519910E2));
#1060=CARTESIAN_POINT('',(3.775510468448E1,4.524267033528E1,-1.286236443417E2));
#1061=CARTESIAN_POINT('',(3.770130918329E1,4.520623508765E1,-1.282072428880E2));
#1062=CARTESIAN_POINT('',(3.770130918329E1,4.520623508765E1,-1.28E2));
#1064=CARTESIAN_POINT('',(4.619276035836E0,5.911644242152E1,-1.28E2));
#1065=CARTESIAN_POINT('',(4.620609991663E0,5.911644141221E1,-1.282094014605E2));
#1066=CARTESIAN_POINT('',(4.623307899744E0,5.918275519002E1,-1.286281829804E2));
#1067=CARTESIAN_POINT('',(4.627398287992E0,5.947148903897E1,-1.291949598988E2));
#1068=CARTESIAN_POINT('',(4.631800040767E0,5.992126472903E1,-1.296448025310E2));
#1069=CARTESIAN_POINT('',(4.636451761124E0,6.048808572795E1,-1.299336460465E2));
#1070=CARTESIAN_POINT('',(4.639594686208E0,6.090696177444E1,-1.3E2));
#1071=CARTESIAN_POINT('',(4.641174370402E0,6.111642245068E1,-1.3E2));
#1073=CARTESIAN_POINT('',(4.581233024793E0,8.837085169169E0,-1.28E2));
#1074=DIRECTION('',(0.E0,0.E0,1.E0));
#1075=DIRECTION('',(3.508151832101E-1,9.364447165900E-1,0.E0));
#1076=AXIS2_PLACEMENT_3D('',#1073,#1074,#1075);
#1078=CARTESIAN_POINT('',(3.790475636994E0,2.002169635934E1,-1.28E2));
#1079=DIRECTION('',(0.E0,0.E0,1.E0));
#1080=DIRECTION('',(2.119502748390E-2,9.997753601735E-1,0.E0));
#1081=AXIS2_PLACEMENT_3D('',#1078,#1079,#1080);
#1083=DIRECTION('',(1.887041550043E-14,0.E0,1.E0));
#1084=VECTOR('',#1083,3.327654034505E1);
#1085=CARTESIAN_POINT('',(4.619276035836E0,5.911644242152E1,-1.28E2));
#1086=LINE('',#1085,#1084);
#1087=CARTESIAN_POINT('',(-2.530620271012E0,5.861094131554E1,-1.28E2));
#1088=CARTESIAN_POINT('',(-2.529324028632E0,5.861115364601E1,
-1.282094009447E2));
#1089=CARTESIAN_POINT('',(-2.537470673677E0,5.867701840608E1,
-1.286281818492E2));
#1090=CARTESIAN_POINT('',(-2.580369392536E0,5.896257608762E1,
-1.291949594402E2));
#1091=CARTESIAN_POINT('',(-2.649090529567E0,5.940709292754E1,
-1.296448028538E2));
#1092=CARTESIAN_POINT('',(-2.736556858790E0,5.996714464770E1,
-1.299336464131E2));
#1093=CARTESIAN_POINT('',(-2.801453827840E0,6.038097412249E1,-1.3E2));
#1094=CARTESIAN_POINT('',(-2.833892537034E0,6.058791318014E1,-1.3E2));
#1096=CARTESIAN_POINT('',(-2.354323140388E1,4.449584257894E1,-1.28E2));
#1097=DIRECTION('',(3.823372545489E-1,9.240228480855E-1,0.E0));
#1098=DIRECTION('',(9.240228480855E-1,-3.823372545489E-1,0.E0));
#1099=AXIS2_PLACEMENT_3D('',#1096,#1097,#1098);
#1101=CARTESIAN_POINT('',(-2.354323140388E1,4.449584257894E1,-1.28E2));
#1102=DIRECTION('',(4.626675544934E-11,9.519535687513E-11,-1.E0));
#1103=DIRECTION('',(9.240228480855E-1,-3.823372545489E-1,6.352252057695E-12));
#1104=AXIS2_PLACEMENT_3D('',#1101,#1102,#1103);
#1106=CARTESIAN_POINT('',(4.581233024793E0,8.837085169169E0,-9.472345965495E1));
#1107=DIRECTION('',(0.E0,0.E0,1.E0));
#1108=DIRECTION('',(1.134564494020E-1,9.935429704291E-1,0.E0));
#1109=AXIS2_PLACEMENT_3D('',#1106,#1107,#1108);
#1111=CARTESIAN_POINT('',(3.790475636994E0,2.002169635934E1,-9.472345965495E1));
#1112=DIRECTION('',(0.E0,0.E0,1.E0));
#1113=DIRECTION('',(2.119502748396E-2,9.997753601735E-1,0.E0));
#1114=AXIS2_PLACEMENT_3D('',#1111,#1112,#1113);
#1116=CARTESIAN_POINT('',(3.920223950545E0,5.567847233025E1,-6.221997252270E1));
#1117=DIRECTION('',(0.E0,0.E0,-1.E0));
#1118=DIRECTION('',(-2.003513132933E-1,9.797241199754E-1,0.E0));
#1119=AXIS2_PLACEMENT_3D('',#1116,#1117,#1118);
#1121=CARTESIAN_POINT('',(3.920223950545E0,5.567847233025E1,-2.772656289793E1));
#1122=DIRECTION('',(0.E0,0.E0,1.E0));
#1123=DIRECTION('',(5.657925755704E-1,8.245476101654E-1,0.E0));
#1124=AXIS2_PLACEMENT_3D('',#1121,#1122,#1123);
#1126=DIRECTION('',(-1.554814852797E-4,3.177400062606E-4,9.999999374334E-1));
#1127=VECTOR('',#1126,4.723459950485E0);
#1128=CARTESIAN_POINT('',(1.028575200976E1,5.879180142430E1,-9.472345965495E1));
#1129=LINE('',#1128,#1127);
#1130=CARTESIAN_POINT('',(3.920223950545E0,5.567847233025E1,-9.472345965495E1));
#1131=DIRECTION('',(0.E0,0.E0,1.E0));
#1132=DIRECTION('',(8.983123413499E-1,4.393574141613E-1,0.E0));
#1133=AXIS2_PLACEMENT_3D('',#1130,#1131,#1132);
#1135=DIRECTION('',(-1.494882766535E-14,0.E0,1.E0));
#1136=VECTOR('',#1135,4.723459654954E0);
#1137=CARTESIAN_POINT('',(-2.530620271012E0,5.861094131554E1,
-9.472345965495E1));
#1138=LINE('',#1137,#1136);
#1139=CARTESIAN_POINT('',(3.920223950545E0,5.567847233025E1,5.276540345046E0));
#1140=DIRECTION('',(0.E0,0.E0,-1.E0));
#1141=DIRECTION('',(-9.115289720349E-1,4.112358607187E-1,0.E0));
#1142=AXIS2_PLACEMENT_3D('',#1139,#1140,#1141);
#1144=CARTESIAN_POINT('',(1.033492288555E1,5.868918704502E1,4.276540345046E0));
#1145=CARTESIAN_POINT('',(1.033492288555E1,5.868918704502E1,4.380061686967E0));
#1146=CARTESIAN_POINT('',(1.032018952656E1,5.872097746345E1,4.577992435842E0));
#1147=CARTESIAN_POINT('',(1.024671457773E1,5.887278134022E1,4.866679672402E0));
#1148=CARTESIAN_POINT('',(1.012424365058E1,5.910698868069E1,5.089797996783E0));
#1149=CARTESIAN_POINT('',(9.948076981802E0,5.941033175900E1,5.239320247465E0));
#1150=CARTESIAN_POINT('',(9.796165492111E0,5.964189259750E1,5.276540345046E0));
#1151=CARTESIAN_POINT('',(9.709428304092E0,5.976477609690E1,5.276540345046E0));
#1153=DIRECTION('',(0.E0,1.E0,0.E0));
#1154=VECTOR('',#1153,4.083313607263E0);
#1155=CARTESIAN_POINT('',(7.929484816399E0,6.152129637604E1,-6.221997252270E1));
#1156=LINE('',#1155,#1154);
#1157=DIRECTION('',(0.E0,1.E0,0.E0));
#1158=VECTOR('',#1157,2.983735917826E0);
#1159=CARTESIAN_POINT('',(2.500515183601E0,6.262089212003E1,-6.221997252270E1));
#1160=LINE('',#1159,#1158);
#1161=CARTESIAN_POINT('',(5.215E0,-6.339896930132E-1,-6.221997252270E1));
#1162=DIRECTION('',(0.E0,0.E0,-1.E0));
#1163=DIRECTION('',(-4.094602948432E-2,9.991613596759E-1,0.E0));
#1164=AXIS2_PLACEMENT_3D('',#1161,#1162,#1163);
#1166=CARTESIAN_POINT('',(9.929484816399E0,5.943367530301E1,-6.021997252270E1));
#1167=CARTESIAN_POINT('',(9.929484816399E0,5.943367530301E1,-6.035364858760E1));
#1168=CARTESIAN_POINT('',(9.902665351040E0,5.947713357606E1,-6.062066607258E1));
#1169=CARTESIAN_POINT('',(9.783353353197E0,5.966115487745E1,-6.100499884033E1));
#1170=CARTESIAN_POINT('',(9.591930938089E0,5.993202402608E1,-6.135604990659E1));
#1171=CARTESIAN_POINT('',(9.323360691640E0,6.027156072906E1,-6.167583539152E1));
#1172=CARTESIAN_POINT('',(8.962329913224E0,6.066897544811E1,-6.195492206695E1));
#1173=CARTESIAN_POINT('',(8.498375562488E0,6.110093661744E1,-6.216168891201E1));
#1174=CARTESIAN_POINT('',(8.128311681521E0,6.138486427349E1,-6.221997252270E1));
#1175=CARTESIAN_POINT('',(7.929484816399E0,6.152129637604E1,-6.221997252270E1));
#1177=CARTESIAN_POINT('',(7.929484816399E0,6.560460998330E1,-6.221997252270E1));
#1178=CARTESIAN_POINT('',(8.139638166469E0,6.559171431797E1,-6.221995289997E1));
#1179=CARTESIAN_POINT('',(8.560455498412E0,6.556119121513E1,-6.215376194428E1));
#1180=CARTESIAN_POINT('',(9.135478746400E0,6.550725795959E1,-6.185743600705E1));
#1181=CARTESIAN_POINT('',(9.581529698544E0,6.545730459666E1,-6.140538676447E1));
#1182=CARTESIAN_POINT('',(9.867800732540E0,6.542160518641E1,-6.083291550029E1));
#1183=CARTESIAN_POINT('',(9.929466345916E0,6.541348059270E1,-6.042300074261E1));
#1184=CARTESIAN_POINT('',(9.929484816399E0,6.541347527667E1,-6.021997252270E1));
#1186=CARTESIAN_POINT('',(7.929484816399E0,6.560462848264E1,-6.321997252270E1));
#1187=DIRECTION('',(9.991613597209E-1,-4.094602838638E-2,0.E0));
#1188=DIRECTION('',(4.094602838638E-2,9.991613597209E-1,0.E0));
#1189=AXIS2_PLACEMENT_3D('',#1186,#1187,#1188);
#1191=CARTESIAN_POINT('',(5.215E0,-6.339896930132E-1,-8.700000000440E1));
#1192=DIRECTION('',(0.E0,0.E0,1.E0));
#1193=DIRECTION('',(2.178267510060E-1,9.759874520434E-1,0.E0));
#1194=AXIS2_PLACEMENT_3D('',#1191,#1192,#1193);
#1196=DIRECTION('',(-5.274090436290E-10,1.591542223645E-10,1.E0));
#1197=VECTOR('',#1196,8.700000000200E1);
#1198=CARTESIAN_POINT('',(1.987348029890E1,6.504431989882E1,-8.700000000200E1));
#1199=LINE('',#1198,#1197);
#1200=DIRECTION('',(4.060334134532E-5,-2.099399223395E-5,9.999999989553E-1));
#1201=VECTOR('',#1200,9.000000009402E1);
#1202=CARTESIAN_POINT('',(-9.447134553743E0,6.504620937197E1,-9.E1));
#1203=LINE('',#1202,#1201);
#1204=CARTESIAN_POINT('',(5.215E0,-6.339896930132E-1,-9.E1));
#1205=DIRECTION('',(0.E0,0.E0,-1.E0));
#1206=DIRECTION('',(-2.178142462111E-1,9.759902428547E-1,0.E0));
#1207=AXIS2_PLACEMENT_3D('',#1204,#1205,#1206);
#1209=DIRECTION('',(0.E0,0.E0,-1.E0));
#1210=VECTOR('',#1209,3.E0);
#1211=CARTESIAN_POINT('',(-5.762086022496E0,6.575889379944E1,-8.7E1));
#1212=LINE('',#1211,#1210);
#1213=CARTESIAN_POINT('',(5.215E0,-6.339896930132E-1,-8.7E1));
#1214=DIRECTION('',(0.E0,0.E0,1.E0));
#1215=DIRECTION('',(-4.832754430548E-2,9.988315415832E-1,0.E0));
#1216=AXIS2_PLACEMENT_3D('',#1213,#1214,#1215);
#1218=DIRECTION('',(0.E0,0.E0,-1.E0));
#1219=VECTOR('',#1218,3.E0);
#1220=CARTESIAN_POINT('',(1.962835834639E0,6.658159498963E1,-8.7E1));
#1221=LINE('',#1220,#1219);
#1222=CARTESIAN_POINT('',(5.215E0,-6.339896930132E-1,-9.E1));
#1223=DIRECTION('',(0.E0,0.E0,-1.E0));
#1224=DIRECTION('',(-4.832754430548E-2,9.988315415832E-1,0.E0));
#1225=AXIS2_PLACEMENT_3D('',#1222,#1223,#1224);
#1227=DIRECTION('',(0.E0,0.E0,-1.E0));
#1228=VECTOR('',#1227,2.999999971059E0);
#1229=CARTESIAN_POINT('',(1.259458011054E1,6.625437396899E1,-8.700000002894E1));
#1230=LINE('',#1229,#1228);
#1231=DIRECTION('',(0.E0,0.E0,1.E0));
#1232=VECTOR('',#1231,3.049340962476E1);
#1233=CARTESIAN_POINT('',(1.101568366197E1,6.640975322936E1,-6.021997252270E1));
#1234=LINE('',#1233,#1232);
#1235=CARTESIAN_POINT('',(7.970430844785E0,6.660378984236E1,-6.321997252270E1));
#1236=CARTESIAN_POINT('',(8.300826519720E0,6.659024276368E1,-6.321991394028E1));
#1237=CARTESIAN_POINT('',(8.926332489642E0,6.655991732380E1,-6.312076349322E1));
#1238=CARTESIAN_POINT('',(9.808005079828E0,6.650488272176E1,-6.267583162666E1));
#1239=CARTESIAN_POINT('',(1.048552465410E1,6.645426783348E1,-6.199933679593E1));
#1240=CARTESIAN_POINT('',(1.092187703726E1,6.641799550635E1,-6.113474761133E1));
#1241=CARTESIAN_POINT('',(1.101562559310E1,6.640975233889E1,-6.053451333742E1));
#1242=CARTESIAN_POINT('',(1.101568366197E1,6.640975322936E1,-6.021997252270E1));
#1244=CARTESIAN_POINT('',(5.215E0,-6.339896930132E-1,-6.321997252270E1));
#1245=DIRECTION('',(0.E0,0.E0,-1.E0));
#1246=DIRECTION('',(-4.094602838638E-2,9.991613597209E-1,0.E0));
#1247=AXIS2_PLACEMENT_3D('',#1244,#1245,#1246);
#1249=CARTESIAN_POINT('',(-5.856836619743E-1,6.640975322936E1,
-6.021997252270E1));
#1250=CARTESIAN_POINT('',(-5.856265135657E-1,6.640975256068E1,
-6.053716527953E1));
#1251=CARTESIAN_POINT('',(-4.898968401511E-1,6.641816697529E1,
-6.114105029406E1));
#1252=CARTESIAN_POINT('',(-5.314638301294E-2,6.645445254226E1,
-6.200206065006E1));
#1253=CARTESIAN_POINT('',(6.248040263321E-1,6.650508716411E1,
-6.267825780091E1));
#1254=CARTESIAN_POINT('',(1.509918769394E0,6.656026331109E1,-6.312269945541E1));
#1255=CARTESIAN_POINT('',(2.131808337517E0,6.659035044454E1,-6.321991347983E1));
#1256=CARTESIAN_POINT('',(2.459569155215E0,6.660378984236E1,-6.321997252270E1));
#1258=DIRECTION('',(0.E0,0.E0,-1.E0));
#1259=VECTOR('',#1258,3.049340962476E1);
#1260=CARTESIAN_POINT('',(-5.856836619743E-1,6.640975322936E1,
-2.972656289793E1));
#1261=LINE('',#1260,#1259);
#1262=CARTESIAN_POINT('',(2.459569155215E0,6.660378984236E1,-2.672656289793E1));
#1263=CARTESIAN_POINT('',(2.129173480280E0,6.659024276368E1,-2.672662148035E1));
#1264=CARTESIAN_POINT('',(1.503667510358E0,6.655991732380E1,-2.682577192741E1));
#1265=CARTESIAN_POINT('',(6.219949201724E-1,6.650488272176E1,
-2.727070379396E1));
#1266=CARTESIAN_POINT('',(-5.552465410056E-2,6.645426783348E1,
-2.794719862470E1));
#1267=CARTESIAN_POINT('',(-4.918770372556E-1,6.641799550635E1,
-2.881178780930E1));
#1268=CARTESIAN_POINT('',(-5.856255930970E-1,6.640975233889E1,
-2.941202208321E1));
#1269=CARTESIAN_POINT('',(-5.856836619743E-1,6.640975322936E1,
-2.972656289793E1));
#1271=CARTESIAN_POINT('',(5.215E0,-6.339896930132E-1,-2.672656289793E1));
#1272=DIRECTION('',(0.E0,0.E0,1.E0));
#1273=DIRECTION('',(4.094602838638E-2,9.991613597209E-1,0.E0));
#1274=AXIS2_PLACEMENT_3D('',#1271,#1272,#1273);
#1276=CARTESIAN_POINT('',(1.101568366197E1,6.640975322936E1,-2.972656289793E1));
#1277=CARTESIAN_POINT('',(1.101562651357E1,6.640975256068E1,-2.940937014110E1));
#1278=CARTESIAN_POINT('',(1.091989684015E1,6.641816697529E1,-2.880548512657E1));
#1279=CARTESIAN_POINT('',(1.048314638301E1,6.645445254226E1,-2.794447477056E1));
#1280=CARTESIAN_POINT('',(9.805195973668E0,6.650508716411E1,-2.726827761972E1));
#1281=CARTESIAN_POINT('',(8.920081230606E0,6.656026331109E1,-2.682383596522E1));
#1282=CARTESIAN_POINT('',(8.298191662483E0,6.659035044454E1,-2.672662194080E1));
#1283=CARTESIAN_POINT('',(7.970430844785E0,6.660378984236E1,-2.672656289793E1));
#1285=CARTESIAN_POINT('',(-2.264511718231E0,6.959642232289E1,-9.E1));
#1286=DIRECTION('',(0.E0,0.E0,-1.E0));
#1287=DIRECTION('',(4.496969818849E-1,-8.931811823385E-1,0.E0));
#1288=AXIS2_PLACEMENT_3D('',#1285,#1286,#1287);
#1290=CARTESIAN_POINT('',(-2.264511718231E0,6.959642232289E1,-1.3E2));
#1291=DIRECTION('',(0.E0,0.E0,1.E0));
#1292=DIRECTION('',(-2.697434350721E-1,-9.629322298249E-1,0.E0));
#1293=AXIS2_PLACEMENT_3D('',#1290,#1291,#1292);
#1295=CARTESIAN_POINT('',(7.043571231259E-2,6.495878589053E1,-9.E1));
#1296=CARTESIAN_POINT('',(2.344405427111E-1,6.504135869738E1,
-8.986100765294E1));
#1297=CARTESIAN_POINT('',(5.768672008602E-1,6.523373421383E1,
-8.952848186785E1));
#1298=CARTESIAN_POINT('',(1.135803537272E0,6.565313267418E1,-8.876486338579E1));
#1299=CARTESIAN_POINT('',(1.583227586568E0,6.609230387E1,-8.793924091360E1));
#1300=CARTESIAN_POINT('',(1.843848356076E0,6.641475245746E1,-8.732179442193E1));
#1301=CARTESIAN_POINT('',(1.962835834639E0,6.658159498963E1,-8.7E1));
#1303=CARTESIAN_POINT('',(-5.762086022496E0,6.575889379944E1,-8.7E1));
#1304=CARTESIAN_POINT('',(-5.614436703094E0,6.562432425490E1,
-8.731370361763E1));
#1305=CARTESIAN_POINT('',(-5.301555945042E0,6.536938521834E1,
-8.791753426302E1));
#1306=CARTESIAN_POINT('',(-4.752392337312E0,6.502332449388E1,
-8.877064361981E1));
#1307=CARTESIAN_POINT('',(-4.165352505368E0,6.475067237490E1,
-8.948176813202E1));
#1308=CARTESIAN_POINT('',(-3.768919308483E0,6.462264102795E1,
-8.984470036891E1));
#1309=CARTESIAN_POINT('',(-3.570351754151E0,6.457104343342E1,-9.E1));
#1311=CARTESIAN_POINT('',(1.092948481640E1,6.541347527667E1,-6.021997252270E1));
#1312=DIRECTION('',(0.E0,0.E0,-1.E0));
#1313=DIRECTION('',(-1.E0,0.E0,0.E0));
#1314=AXIS2_PLACEMENT_3D('',#1311,#1312,#1313);
#1316=DIRECTION('',(0.E0,0.E0,1.E0));
#1317=VECTOR('',#1316,3.049340962476E1);
#1318=CARTESIAN_POINT('',(9.929484816399E0,6.541347527667E1,-6.021997252270E1));
#1319=LINE('',#1318,#1317);
#1320=DIRECTION('',(0.E0,1.E0,0.E0));
#1321=VECTOR('',#1320,5.979799973662E0);
#1322=CARTESIAN_POINT('',(9.929484816399E0,5.943367530301E1,-2.972656289793E1));
#1323=LINE('',#1322,#1321);
#1324=DIRECTION('',(0.E0,0.E0,1.E0));
#1325=VECTOR('',#1324,3.049340962476E1);
#1326=CARTESIAN_POINT('',(9.929484816399E0,5.943367530301E1,-6.021997252270E1));
#1327=LINE('',#1326,#1325);
#1328=DIRECTION('',(0.E0,1.E0,0.E0));
#1329=VECTOR('',#1328,5.979799973662E0);
#1330=CARTESIAN_POINT('',(9.929484816399E0,5.943367530301E1,-6.021997252270E1));
#1331=LINE('',#1330,#1329);
#1332=CARTESIAN_POINT('',(7.929484816399E0,6.152129637604E1,-2.772656289793E1));
#1333=CARTESIAN_POINT('',(8.127939596837E0,6.138511959258E1,-2.772656289793E1));
#1334=CARTESIAN_POINT('',(8.497613374349E0,6.110159595730E1,-2.778459465956E1));
#1335=CARTESIAN_POINT('',(8.962383848079E0,6.066895410142E1,-2.799158145066E1));
#1336=CARTESIAN_POINT('',(9.323447604809E0,6.027144894334E1,-2.827080859610E1));
#1337=CARTESIAN_POINT('',(9.591970133412E0,5.993197654941E1,-2.859050247379E1));
#1338=CARTESIAN_POINT('',(9.783467203234E0,5.966098216858E1,-2.894188175179E1));
#1339=CARTESIAN_POINT('',(9.902506300594E0,5.947738070396E1,-2.932526464884E1));
#1340=CARTESIAN_POINT('',(9.929484816399E0,5.943367530301E1,-2.959261451868E1));
#1341=CARTESIAN_POINT('',(9.929484816399E0,5.943367530301E1,-2.972656289793E1));
#1343=CARTESIAN_POINT('',(9.929484816399E0,6.541347527667E1,-2.972656289793E1));
#1344=CARTESIAN_POINT('',(9.929466672205E0,6.541348044122E1,-2.952174586529E1));
#1345=CARTESIAN_POINT('',(9.866500200304E0,6.542177479270E1,-2.910942781002E1));
#1346=CARTESIAN_POINT('',(9.579968393750E0,6.545748566624E1,-2.853933014702E1));
#1347=CARTESIAN_POINT('',(9.133631337843E0,6.550746148218E1,-2.808748258486E1));
#1348=CARTESIAN_POINT('',(8.556359279888E0,6.556152383695E1,-2.779148286896E1));
#1349=CARTESIAN_POINT('',(8.137887508647E0,6.559183934552E1,-2.772658269454E1));
#1350=CARTESIAN_POINT('',(7.929484816399E0,6.560462837919E1,-2.772656289793E1));
#1352=CARTESIAN_POINT('',(1.092948481640E1,6.541347527667E1,-2.972656289793E1));
#1353=DIRECTION('',(0.E0,0.E0,1.E0));
#1354=DIRECTION('',(8.619884557550E-2,9.962779526926E-1,0.E0));
#1355=AXIS2_PLACEMENT_3D('',#1352,#1353,#1354);
#1357=CARTESIAN_POINT('',(7.929484816399E0,6.560462848264E1,-2.672656289793E1));
#1358=DIRECTION('',(9.991613597209E-1,-4.094602838638E-2,0.E0));
#1359=DIRECTION('',(0.E0,0.E0,-1.E0));
#1360=AXIS2_PLACEMENT_3D('',#1357,#1358,#1359);
#1362=DIRECTION('',(0.E0,1.E0,0.E0));
#1363=VECTOR('',#1362,2.983717268718E0);
#1364=CARTESIAN_POINT('',(2.500515183601E0,6.262089212003E1,-2.772656289793E1));
#1365=LINE('',#1364,#1363);
#1366=DIRECTION('',(0.E0,1.E0,0.E0));
#1367=VECTOR('',#1366,4.083332003152E0);
#1368=CARTESIAN_POINT('',(7.929484816399E0,6.152129637604E1,-2.772656289793E1));
#1369=LINE('',#1368,#1367);
#1370=CARTESIAN_POINT('',(5.215E0,-6.339896930132E-1,-2.772656289793E1));
#1371=DIRECTION('',(0.E0,0.E0,1.E0));
#1372=DIRECTION('',(4.094602864175E-2,9.991613597105E-1,0.E0));
#1373=AXIS2_PLACEMENT_3D('',#1370,#1371,#1372);
#1375=CARTESIAN_POINT('',(5.005151836012E-1,6.188478826402E1,
-2.972656289793E1));
#1376=CARTESIAN_POINT('',(5.005151836012E-1,6.188478826402E1,
-2.952655546299E1));
#1377=CARTESIAN_POINT('',(5.601261064531E-1,6.191835629386E1,
-2.912133653901E1));
#1378=CARTESIAN_POINT('',(8.433812231810E-1,6.206590039474E1,
-2.854876487444E1));
#1379=CARTESIAN_POINT('',(1.284837408895E0,6.226419430646E1,-2.809592800931E1));
#1380=CARTESIAN_POINT('',(1.865097165051E0,6.247030793423E1,-2.779351009207E1));
#1381=CARTESIAN_POINT('',(2.288157501759E0,6.257746546596E1,-2.772656289793E1));
#1382=CARTESIAN_POINT('',(2.500515183601E0,6.262089212003E1,-2.772656289793E1));
#1384=CARTESIAN_POINT('',(2.500515183601E0,6.560460938875E1,-2.772656289793E1));
#1385=CARTESIAN_POINT('',(2.290361833531E0,6.559171372342E1,-2.772658252066E1));
#1386=CARTESIAN_POINT('',(1.869544501588E0,6.556119149107E1,-2.779277347635E1));
#1387=CARTESIAN_POINT('',(1.294521253601E0,6.550725788562E1,-2.808909941358E1));
#1388=CARTESIAN_POINT('',(8.484703014564E-1,6.545730461658E1,
-2.854114865615E1));
#1389=CARTESIAN_POINT('',(5.621992674602E-1,6.542160518072E1,
-2.911361992033E1));
#1390=CARTESIAN_POINT('',(5.005336540844E-1,6.541348059270E1,
-2.952353467802E1));
#1391=CARTESIAN_POINT('',(5.005151836012E-1,6.541347527667E1,
-2.972656289793E1));
#1393=CARTESIAN_POINT('',(2.500515183601E0,6.560462848264E1,-2.672656289793E1));
#1394=DIRECTION('',(-9.991613597209E-1,-4.094602838638E-2,0.E0));
#1395=DIRECTION('',(-4.094602838638E-2,9.991613597209E-1,0.E0));
#1396=AXIS2_PLACEMENT_3D('',#1393,#1394,#1395);
#1398=CARTESIAN_POINT('',(-4.994848163988E-1,6.541347527667E1,
-2.972656289793E1));
#1399=DIRECTION('',(0.E0,0.E0,1.E0));
#1400=DIRECTION('',(1.E0,0.E0,0.E0));
#1401=AXIS2_PLACEMENT_3D('',#1398,#1399,#1400);
#1403=CARTESIAN_POINT('',(5.005151836012E-1,6.541347527667E1,
-6.021997252270E1));
#1404=CARTESIAN_POINT('',(5.005333277946E-1,6.541348044122E1,
-6.042478955534E1));
#1405=CARTESIAN_POINT('',(5.634997996964E-1,6.542177478943E1,
-6.083710761061E1));
#1406=CARTESIAN_POINT('',(8.500316062504E-1,6.545748567767E1,
-6.140720527360E1));
#1407=CARTESIAN_POINT('',(1.296368662157E0,6.550746143972E1,-6.185905283577E1));
#1408=CARTESIAN_POINT('',(1.873640720112E0,6.556152399537E1,-6.215505255166E1));
#1409=CARTESIAN_POINT('',(2.292112491353E0,6.559183900419E1,-6.221995272608E1));
#1410=CARTESIAN_POINT('',(2.500515183601E0,6.560462803786E1,-6.221997252270E1));
#1412=CARTESIAN_POINT('',(-4.994848163988E-1,6.541347527667E1,
-6.021997252270E1));
#1413=DIRECTION('',(0.E0,0.E0,-1.E0));
#1414=DIRECTION('',(-8.619884557550E-2,9.962779526926E-1,0.E0));
#1415=AXIS2_PLACEMENT_3D('',#1412,#1413,#1414);
#1417=CARTESIAN_POINT('',(2.500515183601E0,6.560462848264E1,-6.321997252270E1));
#1418=DIRECTION('',(-9.991613597209E-1,-4.094602838638E-2,0.E0));
#1419=DIRECTION('',(0.E0,1.421085471520E-14,1.E0));
#1420=AXIS2_PLACEMENT_3D('',#1417,#1418,#1419);
#1422=CARTESIAN_POINT('',(2.500515183601E0,6.262089212003E1,-6.221997252270E1));
#1423=CARTESIAN_POINT('',(2.287683745079E0,6.257736858382E1,-6.221997252270E1));
#1424=CARTESIAN_POINT('',(1.864163328069E0,6.246997940856E1,-6.215255584676E1));
#1425=CARTESIAN_POINT('',(1.286084206220E0,6.226466534390E1,-6.185134921159E1));
#1426=CARTESIAN_POINT('',(8.435246152802E-1,6.206600883868E1,
-6.139838856799E1));
#1427=CARTESIAN_POINT('',(5.596273233809E-1,6.191808177288E1,
-6.082384600706E1));
#1428=CARTESIAN_POINT('',(5.005151836012E-1,6.188478826402E1,
-6.041932118745E1));
#1429=CARTESIAN_POINT('',(5.005151836012E-1,6.188478826402E1,
-6.021997252270E1));
#1431=DIRECTION('',(0.E0,1.E0,0.E0));
#1432=VECTOR('',#1431,3.528687012648E0);
#1433=CARTESIAN_POINT('',(5.005151836012E-1,6.188478826402E1,
-6.021997252270E1));
#1434=LINE('',#1433,#1432);
#1435=DIRECTION('',(0.E0,0.E0,1.E0));
#1436=VECTOR('',#1435,3.049340962476E1);
#1437=CARTESIAN_POINT('',(5.005151836012E-1,6.188478826402E1,
-6.021997252270E1));
#1438=LINE('',#1437,#1436);
#1439=DIRECTION('',(0.E0,1.E0,-1.006808953604E-14));
#1440=VECTOR('',#1439,3.528687012648E0);
#1441=CARTESIAN_POINT('',(5.005151836012E-1,6.188478826402E1,
-2.972656289793E1));
#1442=LINE('',#1441,#1440);
#1443=DIRECTION('',(0.E0,0.E0,-1.E0));
#1444=VECTOR('',#1443,3.049340962476E1);
#1445=CARTESIAN_POINT('',(5.005151836012E-1,6.541347527667E1,
-2.972656289793E1));
#1446=LINE('',#1445,#1444);
#1447=CARTESIAN_POINT('',(1.428045213482E0,3.444394332912E1,-9.E1));
#1448=DIRECTION('',(0.E0,0.E0,-1.E0));
#1449=DIRECTION('',(-4.508834939187E-1,8.925828112347E-1,0.E0));
#1450=AXIS2_PLACEMENT_3D('',#1447,#1448,#1449);
#1452=DIRECTION('',(0.E0,0.E0,1.E0));
#1453=VECTOR('',#1452,9.E1);
#1454=CARTESIAN_POINT('',(-9.613674759122E0,5.630247127911E1,-9.E1));
#1455=LINE('',#1454,#1453);
#1456=DIRECTION('',(0.E0,0.E0,-1.E0));
#1457=VECTOR('',#1456,9.E1);
#1458=CARTESIAN_POINT('',(-2.530620271012E0,5.861094131554E1,0.E0));
#1459=LINE('',#1458,#1457);
#1460=CARTESIAN_POINT('',(9.332796818156E-1,3.436808213576E1,-9.E1));
#1461=DIRECTION('',(0.E0,0.E0,1.E0));
#1462=DIRECTION('',(-1.414467417387E-1,9.899458668288E-1,0.E0));
#1463=AXIS2_PLACEMENT_3D('',#1460,#1461,#1462);
#1465=CARTESIAN_POINT('',(-1.029E1,5.764134549596E1,-9.E1));
#1466=DIRECTION('',(0.E0,0.E0,1.E0));
#1467=DIRECTION('',(9.665671852473E-3,-9.999532863027E-1,0.E0));
#1468=AXIS2_PLACEMENT_3D('',#1465,#1466,#1467);
#1470=CARTESIAN_POINT('',(-1.029E1,5.764134549596E1,-9.E1));
#1471=DIRECTION('',(0.E0,0.E0,-1.E0));
#1472=DIRECTION('',(9.665671852490E-3,-9.999532863027E-1,0.E0));
#1473=AXIS2_PLACEMENT_3D('',#1470,#1471,#1472);
#1475=CARTESIAN_POINT('',(-1.029E1,5.764134549596E1,0.E0));
#1476=DIRECTION('',(0.E0,0.E0,1.E0));
#1477=DIRECTION('',(-1.E0,0.E0,0.E0));
#1478=AXIS2_PLACEMENT_3D('',#1475,#1476,#1477);
#1480=CARTESIAN_POINT('',(-1.907620167485E0,5.970947697630E1,0.E0));
#1481=CARTESIAN_POINT('',(-1.996462853291E0,5.958103224121E1,0.E0));
#1482=CARTESIAN_POINT('',(-2.151625056411E0,5.933889383767E1,
3.758532321298E-2));
#1483=CARTESIAN_POINT('',(-2.331507471808E0,5.901960423056E1,
1.903304157813E-1));
#1484=CARTESIAN_POINT('',(-2.454031789595E0,5.877639751577E1,
4.188442440501E-1));
#1485=CARTESIAN_POINT('',(-2.524302437771E0,5.862538440421E1,
7.012952789717E-1));
#1486=CARTESIAN_POINT('',(-2.538958431225E0,5.859252937834E1,
8.975500460418E-1));
#1487=CARTESIAN_POINT('',(-2.538958431225E0,5.859252937834E1,
9.999999974135E-1));
#1489=CARTESIAN_POINT('',(2.16E0,3.241086041653E1,0.E0));
#1490=DIRECTION('',(0.E0,0.E0,1.E0));
#1491=DIRECTION('',(-1.473775423094E-1,9.890803101987E-1,0.E0));
#1492=AXIS2_PLACEMENT_3D('',#1489,#1490,#1491);
#1494=CARTESIAN_POINT('',(-1.620068299155E1,5.165781654093E1,1.E0));
#1495=CARTESIAN_POINT('',(-1.620068299155E1,5.165781654093E1,
8.952222145183E-1));
#1496=CARTESIAN_POINT('',(-1.622472421294E1,5.168076210940E1,
6.856356758705E-1));
#1497=CARTESIAN_POINT('',(-1.632957151012E1,5.178081348701E1,
4.018255585373E-1));
#1498=CARTESIAN_POINT('',(-1.649284461580E1,5.193656593305E1,
1.768886341046E-1));
#1499=CARTESIAN_POINT('',(-1.669822428125E1,5.213239630159E1,
3.290785401577E-2));
#1500=CARTESIAN_POINT('',(-1.684956624212E1,5.227662587600E1,
-9.055918914479E-11));
#1501=CARTESIAN_POINT('',(-1.692517719740E1,5.234866399024E1,0.E0));
#1503=CARTESIAN_POINT('',(-6.457969754077E0,-7.672475274867E0,0.E0));
#1504=DIRECTION('',(0.E0,0.E0,1.E0));
#1505=DIRECTION('',(-7.549848237678E-1,6.557422633019E-1,0.E0));
#1506=AXIS2_PLACEMENT_3D('',#1503,#1504,#1505);
#1508=CARTESIAN_POINT('',(-4.213929276804E1,2.331854702676E1,1.E0));
#1509=DIRECTION('',(-6.557422633019E-1,-7.549848237678E-1,0.E0));
#1510=DIRECTION('',(-7.421050440826E-10,6.445546318901E-10,-1.E0));
#1511=AXIS2_PLACEMENT_3D('',#1508,#1509,#1510);
#1513=CARTESIAN_POINT('',(-5.307826608836E1,-6.918903415372E0,1.E0));
#1514=DIRECTION('',(0.E0,1.E0,0.E0));
#1515=DIRECTION('',(1.E0,0.E0,0.E0));
#1516=AXIS2_PLACEMENT_3D('',#1513,#1514,#1515);
#1518=CARTESIAN_POINT('',(-5.207826608847E1,-4.384225427145E-9,1.E0));
#1519=CARTESIAN_POINT('',(-5.207826608847E1,-4.384225349531E-9,
8.948884436140E-1));
#1520=CARTESIAN_POINT('',(-5.211156863114E1,2.781692539491E-3,
6.849098443972E-1));
#1521=CARTESIAN_POINT('',(-5.225721275288E1,1.493340178187E-2,
4.007132067066E-1));
#1522=CARTESIAN_POINT('',(-5.248080482498E1,3.355023405672E-2,
1.776527218277E-1));
#1523=CARTESIAN_POINT('',(-5.276474135087E1,5.712469530962E-2,
3.291215291009E-2));
#1524=CARTESIAN_POINT('',(-5.297373812668E1,7.441963735279E-2,0.E0));
#1525=CARTESIAN_POINT('',(-5.307826608836E1,8.305468969196E-2,0.E0));
#1527=CARTESIAN_POINT('',(-5.307826608836E1,-6.918903415372E0,1.E0));
#1528=DIRECTION('',(0.E0,0.E0,-1.E0));
#1529=DIRECTION('',(1.E0,0.E0,0.E0));
#1530=AXIS2_PLACEMENT_3D('',#1527,#1528,#1529);
#1532=CARTESIAN_POINT('',(-5.307826608836E1,-6.918903415372E0,1.E0));
#1533=DIRECTION('',(1.E0,0.E0,0.E0));
#1534=DIRECTION('',(0.E0,-1.E0,0.E0));
#1535=AXIS2_PLACEMENT_3D('',#1532,#1533,#1534);
#1537=CARTESIAN_POINT('',(-6.025841223968E1,-6.918903415372E0,1.E0));
#1538=DIRECTION('',(-1.E0,0.E0,0.E0));
#1539=DIRECTION('',(0.E0,0.E0,-1.E0));
#1540=AXIS2_PLACEMENT_3D('',#1537,#1538,#1539);
#1542=CARTESIAN_POINT('',(-6.025841223968E1,-6.918903415372E0,3.7E1));
#1543=DIRECTION('',(0.E0,0.E0,1.E0));
#1544=DIRECTION('',(-1.E0,0.E0,0.E0));
#1545=AXIS2_PLACEMENT_3D('',#1542,#1543,#1544);
#1547=CARTESIAN_POINT('',(-6.025841223968E1,-6.918903415372E0,1.E0));
#1548=DIRECTION('',(0.E0,0.E0,-1.E0));
#1549=DIRECTION('',(0.E0,-1.E0,0.E0));
#1550=AXIS2_PLACEMENT_3D('',#1547,#1548,#1549);
#1552=CARTESIAN_POINT('',(-6.025841223968E1,-6.918903415372E0,3.7E1));
#1553=DIRECTION('',(0.E0,-1.E0,0.E0));
#1554=DIRECTION('',(0.E0,0.E0,1.E0));
#1555=AXIS2_PLACEMENT_3D('',#1552,#1553,#1554);
#1557=CARTESIAN_POINT('',(-6.025841223968E1,-1.104917515070E-1,3.7E1));
#1558=DIRECTION('',(0.E0,-1.E0,0.E0));
#1559=DIRECTION('',(0.E0,0.E0,1.E0));
#1560=AXIS2_PLACEMENT_3D('',#1557,#1558,#1559);
#1562=CARTESIAN_POINT('',(-6.025841223968E1,-1.104917515070E-1,3.7E1));
#1563=DIRECTION('',(-2.191582754941E-1,-9.756893205742E-1,0.E0));
#1564=DIRECTION('',(0.E0,0.E0,1.E0));
#1565=AXIS2_PLACEMENT_3D('',#1562,#1563,#1564);
#1567=CARTESIAN_POINT('',(-6.025841223968E1,-1.104917515070E-1,3.7E1));
#1568=DIRECTION('',(0.E0,0.E0,-1.E0));
#1569=DIRECTION('',(-1.E0,0.E0,0.E0));
#1570=AXIS2_PLACEMENT_3D('',#1567,#1568,#1569);
#1572=DIRECTION('',(0.E0,0.E0,-1.E0));
#1573=VECTOR('',#1572,2.5E1);
#1574=CARTESIAN_POINT('',(-6.125841223968E1,-1.75E0,3.104E1));
#1575=LINE('',#1574,#1573);
#1576=DIRECTION('',(-3.612322750035E-13,-1.633416432974E-7,-1.E0));
#1577=VECTOR('',#1576,5.960000360799E0);
#1578=CARTESIAN_POINT('',(-6.125841223968E1,-1.104907779908E-1,
3.700000036080E1));
#1579=LINE('',#1578,#1577);
#1580=DIRECTION('',(-3.172618981482E-13,-1.E0,-5.299317115015E-8));
#1581=VECTOR('',#1580,6.808412637378E0);
#1582=CARTESIAN_POINT('',(-6.125841223968E1,-1.104907779908E-1,
3.700000036080E1));
#1583=LINE('',#1582,#1581);
#1584=DIRECTION('',(0.E0,5.422329252269E-13,-1.E0));
#1585=VECTOR('',#1584,3.6E1);
#1586=CARTESIAN_POINT('',(-6.125841223968E1,-6.918903415369E0,3.7E1));
#1587=LINE('',#1586,#1585);
#1588=DIRECTION('',(1.043624809461E-14,1.E0,2.771030859055E-8));
#1589=VECTOR('',#1588,6.808411694686E0);
#1590=CARTESIAN_POINT('',(-6.125841223968E1,-6.918903415349E0,1.E0));
#1591=LINE('',#1590,#1589);
#1592=DIRECTION('',(1.268826361354E-14,6.119838449376E-9,-1.E0));
#1593=VECTOR('',#1592,5.039999811337E0);
#1594=CARTESIAN_POINT('',(-6.125841223968E1,-1.104917515070E-1,6.04E0));
#1595=LINE('',#1594,#1593);
#1596=CARTESIAN_POINT('',(-5.975841223968E1,-1.75E0,3.104E1));
#1597=DIRECTION('',(0.E0,0.E0,1.E0));
#1598=DIRECTION('',(0.E0,1.E0,0.E0));
#1599=AXIS2_PLACEMENT_3D('',#1596,#1597,#1598);
#1601=CARTESIAN_POINT('',(-5.975841223968E1,-1.75E0,6.04E0));
#1602=DIRECTION('',(0.E0,0.E0,-1.E0));
#1603=DIRECTION('',(-1.E0,0.E0,0.E0));
#1604=AXIS2_PLACEMENT_3D('',#1601,#1602,#1603);
#1606=DIRECTION('',(0.E0,0.E0,-1.E0));
#1607=VECTOR('',#1606,2.5E1);
#1608=CARTESIAN_POINT('',(-5.975841223968E1,-2.5E-1,3.104E1));
#1609=LINE('',#1608,#1607);
#1610=DIRECTION('',(0.E0,0.E0,-1.E0));
#1611=VECTOR('',#1610,2.5E1);
#1612=CARTESIAN_POINT('',(-5.553461166115E1,-2.5E-1,3.104E1));
#1613=LINE('',#1612,#1611);
#1614=DIRECTION('',(1.E0,0.E0,0.E0));
#1615=VECTOR('',#1614,4.223800578529E0);
#1616=CARTESIAN_POINT('',(-5.975841223968E1,-2.5E-1,3.104E1));
#1617=LINE('',#1616,#1615);
#1618=DIRECTION('',(0.E0,0.E0,1.E0));
#1619=VECTOR('',#1618,2.5E1);
#1620=CARTESIAN_POINT('',(6.653529166064E1,-2.5E-1,6.04E0));
#1621=LINE('',#1620,#1619);
#1622=DIRECTION('',(1.E0,0.E0,0.E0));
#1623=VECTOR('',#1622,4.891221022380E0);
#1624=CARTESIAN_POINT('',(6.164407063826E1,-2.5E-1,3.104E1));
#1625=LINE('',#1624,#1623);
#1626=DIRECTION('',(0.E0,0.E0,1.E0));
#1627=VECTOR('',#1626,2.5E1);
#1628=CARTESIAN_POINT('',(6.164407063826E1,-2.5E-1,6.04E0));
#1629=LINE('',#1628,#1627);
#1630=DIRECTION('',(0.E0,1.E0,0.E0));
#1631=VECTOR('',#1630,6.168903415372E0);
#1632=CARTESIAN_POINT('',(-5.403461166115E1,-7.918903415372E0,6.04E0));
#1633=LINE('',#1632,#1631);
#1634=DIRECTION('',(1.E0,0.E0,0.E0));
#1635=VECTOR('',#1634,4.223800578529E0);
#1636=CARTESIAN_POINT('',(-5.975841223968E1,-2.5E-1,6.04E0));
#1637=LINE('',#1636,#1635);
#1638=DIRECTION('',(0.E0,1.E0,0.E0));
#1639=VECTOR('',#1638,1.639508248493E0);
#1640=CARTESIAN_POINT('',(-6.125841223968E1,-1.75E0,6.04E0));
#1641=LINE('',#1640,#1639);
#1642=CARTESIAN_POINT('',(-6.025841223968E1,-1.104917515070E-1,6.04E0));
#1643=DIRECTION('',(0.E0,0.E0,-1.E0));
#1644=DIRECTION('',(-1.E0,0.E0,0.E0));
#1645=AXIS2_PLACEMENT_3D('',#1642,#1643,#1644);
#1647=DIRECTION('',(0.E0,-1.E0,0.E0));
#1648=VECTOR('',#1647,6.918903415372E0);
#1649=CARTESIAN_POINT('',(-5.207826608836E1,0.E0,6.04E0));
#1650=LINE('',#1649,#1648);
#1651=CARTESIAN_POINT('',(-5.307826608836E1,-6.918903415372E0,6.04E0));
#1652=DIRECTION('',(0.E0,0.E0,1.E0));
#1653=DIRECTION('',(0.E0,-1.E0,0.E0));
#1654=AXIS2_PLACEMENT_3D('',#1651,#1652,#1653);
#1656=DIRECTION('',(0.E0,-1.E0,0.E0));
#1657=VECTOR('',#1656,5.18E0);
#1658=CARTESIAN_POINT('',(6.803529166064E1,3.43E0,6.04E0));
#1659=LINE('',#1658,#1657);
#1660=DIRECTION('',(1.E0,0.E0,0.E0));
#1661=VECTOR('',#1660,4.891221022380E0);
#1662=CARTESIAN_POINT('',(6.164407063826E1,-2.5E-1,6.04E0));
#1663=LINE('',#1662,#1661);
#1664=DIRECTION('',(0.E0,-1.E0,0.E0));
#1665=VECTOR('',#1664,4.518240056004E0);
#1666=CARTESIAN_POINT('',(6.014407063826E1,-1.75E0,6.04E0));
#1667=LINE('',#1666,#1665);
#1668=CARTESIAN_POINT('',(5.916476045361E1,-5.268240056004E0,6.04E0));
#1669=DIRECTION('',(0.E0,0.E0,1.E0));
#1670=DIRECTION('',(-1.E0,0.E0,0.E0));
#1671=AXIS2_PLACEMENT_3D('',#1668,#1669,#1670);
#1673=DIRECTION('',(0.E0,1.E0,0.E0));
#1674=VECTOR('',#1673,8.698240056004E0);
#1675=CARTESIAN_POINT('',(5.816476045361E1,-5.268240056004E0,6.04E0));
#1676=LINE('',#1675,#1674);
#1677=DIRECTION('',(0.E0,0.E0,-1.E0));
#1678=VECTOR('',#1677,2.5E1);
#1679=CARTESIAN_POINT('',(-5.403461166115E1,-1.75E0,3.104E1));
#1680=LINE('',#1679,#1678);
#1681=CARTESIAN_POINT('',(-5.553461166115E1,-1.75E0,3.104E1));
#1682=DIRECTION('',(0.E0,0.E0,1.E0));
#1683=DIRECTION('',(1.E0,0.E0,0.E0));
#1684=AXIS2_PLACEMENT_3D('',#1681,#1682,#1683);
#1686=CARTESIAN_POINT('',(-5.553461166115E1,-1.75E0,6.04E0));
#1687=DIRECTION('',(0.E0,0.E0,-1.E0));
#1688=DIRECTION('',(0.E0,1.E0,0.E0));
#1689=AXIS2_PLACEMENT_3D('',#1686,#1687,#1688);
#1691=DIRECTION('',(0.E0,1.E0,0.E0));
#1692=VECTOR('',#1691,6.168903415372E0);
#1693=CARTESIAN_POINT('',(-5.403461166115E1,-7.918903415372E0,3.104E1));
#1694=LINE('',#1693,#1692);
#1695=CARTESIAN_POINT('',(-5.307826608836E1,-6.918903415372E0,3.104E1));
#1696=DIRECTION('',(0.E0,0.E0,-1.E0));
#1697=DIRECTION('',(1.E0,0.E0,0.E0));
#1698=AXIS2_PLACEMENT_3D('',#1695,#1696,#1697);
#1700=DIRECTION('',(0.E0,1.E0,0.E0));
#1701=VECTOR('',#1700,6.918903415372E0);
#1702=CARTESIAN_POINT('',(-5.207826608836E1,-6.918903415372E0,3.104E1));
#1703=LINE('',#1702,#1701);
#1704=DIRECTION('',(1.E0,0.E0,0.E0));
#1705=VECTOR('',#1704,9.028522938054E0);
#1706=CARTESIAN_POINT('',(-6.039543787282E1,3.43E0,3.104E1));
#1707=LINE('',#1706,#1705);
#1708=CARTESIAN_POINT('',(-6.025841223968E1,-1.104917515070E-1,3.104E1));
#1709=DIRECTION('',(0.E0,0.E0,1.E0));
#1710=DIRECTION('',(-9.756893205742E-1,2.191582754941E-1,0.E0));
#1711=AXIS2_PLACEMENT_3D('',#1708,#1709,#1710);
#1713=DIRECTION('',(0.E0,-1.E0,0.E0));
#1714=VECTOR('',#1713,1.639508248493E0);
#1715=CARTESIAN_POINT('',(-6.125841223968E1,-1.104917515070E-1,3.104E1));
#1716=LINE('',#1715,#1714);
#1717=DIRECTION('',(0.E0,1.E0,0.E0));
#1718=VECTOR('',#1717,5.18E0);
#1719=CARTESIAN_POINT('',(6.803529166064E1,-1.75E0,3.104E1));
#1720=LINE('',#1719,#1718);
#1721=DIRECTION('',(1.E0,0.E0,0.E0));
#1722=VECTOR('',#1721,9.870531207025E0);
#1723=CARTESIAN_POINT('',(5.816476045361E1,3.43E0,3.104E1));
#1724=LINE('',#1723,#1722);
#1725=DIRECTION('',(0.E0,-1.E0,0.E0));
#1726=VECTOR('',#1725,8.698240056004E0);
#1727=CARTESIAN_POINT('',(5.816476045361E1,3.43E0,3.104E1));
#1728=LINE('',#1727,#1726);
#1729=CARTESIAN_POINT('',(5.916476045361E1,-5.268240056004E0,3.104E1));
#1730=DIRECTION('',(0.E0,0.E0,-1.E0));
#1731=DIRECTION('',(-1.421085471520E-14,-1.E0,0.E0));
#1732=AXIS2_PLACEMENT_3D('',#1729,#1730,#1731);
#1734=DIRECTION('',(0.E0,-1.E0,0.E0));
#1735=VECTOR('',#1734,4.518240056004E0);
#1736=CARTESIAN_POINT('',(6.014407063826E1,-1.75E0,3.104E1));
#1737=LINE('',#1736,#1735);
#1738=DIRECTION('',(0.E0,0.E0,-1.E0));
#1739=VECTOR('',#1738,5.959999999978E0);
#1740=CARTESIAN_POINT('',(-5.307826608836E1,-7.918903415372E0,
3.699999999998E1));
#1741=LINE('',#1740,#1739);
#1742=DIRECTION('',(-1.E0,0.E0,0.E0));
#1743=VECTOR('',#1742,9.563455727943E-1);
#1744=CARTESIAN_POINT('',(-5.307826608836E1,-7.918903415372E0,3.104E1));
#1745=LINE('',#1744,#1743);
#1746=DIRECTION('',(0.E0,0.E0,-1.E0));
#1747=VECTOR('',#1746,2.5E1);
#1748=CARTESIAN_POINT('',(-5.403461166115E1,-7.918903415372E0,3.104E1));
#1749=LINE('',#1748,#1747);
#1750=DIRECTION('',(-1.E0,0.E0,0.E0));
#1751=VECTOR('',#1750,9.563455727943E-1);
#1752=CARTESIAN_POINT('',(-5.307826608836E1,-7.918903415372E0,6.04E0));
#1753=LINE('',#1752,#1751);
#1754=DIRECTION('',(0.E0,0.E0,-1.E0));
#1755=VECTOR('',#1754,5.039999999997E0);
#1756=CARTESIAN_POINT('',(-5.307826608836E1,-7.918903415372E0,6.04E0));
#1757=LINE('',#1756,#1755);
#1758=DIRECTION('',(-1.E0,0.E0,-3.818903917043E-13));
#1759=VECTOR('',#1758,7.180146151314E0);
#1760=CARTESIAN_POINT('',(-5.307826608836E1,-7.918903415372E0,
1.000000000003E0));
#1761=LINE('',#1760,#1759);
#1762=DIRECTION('',(2.982305760371E-13,0.E0,-1.E0));
#1763=VECTOR('',#1762,3.6E1);
#1764=CARTESIAN_POINT('',(-6.025841223968E1,-7.918903415372E0,3.7E1));
#1765=LINE('',#1764,#1763);
#1766=DIRECTION('',(1.E0,0.E0,-3.100397045157E-12));
#1767=VECTOR('',#1766,7.180146151324E0);
#1768=CARTESIAN_POINT('',(-6.025841223968E1,-7.918903415372E0,3.7E1));
#1769=LINE('',#1768,#1767);
#1770=CARTESIAN_POINT('',(-5.307826608836E1,-6.918903415372E0,3.7E1));
#1771=DIRECTION('',(0.E0,0.E0,-1.E0));
#1772=DIRECTION('',(1.E0,0.E0,0.E0));
#1773=AXIS2_PLACEMENT_3D('',#1770,#1771,#1772);
#1775=CARTESIAN_POINT('',(-5.307826608836E1,-6.918903415372E0,3.7E1));
#1776=DIRECTION('',(0.E0,-1.E0,0.E0));
#1777=DIRECTION('',(1.E0,0.E0,0.E0));
#1778=AXIS2_PLACEMENT_3D('',#1775,#1776,#1777);
#1780=CARTESIAN_POINT('',(-5.307826608836E1,-6.918903415372E0,3.7E1));
#1781=DIRECTION('',(1.E0,0.E0,0.E0));
#1782=DIRECTION('',(0.E0,0.E0,1.E0));
#1783=AXIS2_PLACEMENT_3D('',#1780,#1781,#1782);
#1785=CARTESIAN_POINT('',(-6.025841223968E1,-6.918903415372E0,3.7E1));
#1786=DIRECTION('',(1.E0,0.E0,0.E0));
#1787=DIRECTION('',(0.E0,0.E0,1.E0));
#1788=AXIS2_PLACEMENT_3D('',#1785,#1786,#1787);
#1790=DIRECTION('',(0.E0,1.E0,0.E0));
#1791=VECTOR('',#1790,1.747719772896E1);
#1792=CARTESIAN_POINT('',(5.916476045361E1,-5.268240056005E0,3.8E1));
#1793=LINE('',#1792,#1791);
#1794=CARTESIAN_POINT('',(2.16E0,3.241086041653E1,3.8E1));
#1795=DIRECTION('',(0.E0,0.E0,-1.E0));
#1796=DIRECTION('',(-6.914919274421E-1,7.223841874532E-1,0.E0));
#1797=AXIS2_PLACEMENT_3D('',#1794,#1795,#1796);
#1799=DIRECTION('',(6.557422633018E-1,7.549848237679E-1,0.E0));
#1800=VECTOR('',#1799,3.845125895107E1);
#1801=CARTESIAN_POINT('',(-4.213929276878E1,2.331854702741E1,3.8E1));
#1802=LINE('',#1801,#1800);
#1803=DIRECTION('',(0.E0,-1.E0,0.E0));
#1804=VECTOR('',#1803,7.001958105054E0);
#1805=CARTESIAN_POINT('',(-5.307826608836E1,8.305468969190E-2,3.8E1));
#1806=LINE('',#1805,#1804);
#1807=DIRECTION('',(1.E0,1.351908686025E-12,0.E0));
#1808=VECTOR('',#1807,7.180146151323E0);
#1809=CARTESIAN_POINT('',(-6.025841223968E1,-6.918903415372E0,3.8E1));
#1810=LINE('',#1809,#1808);
#1811=DIRECTION('',(-4.216244249303E-13,-1.E0,0.E0));
#1812=VECTOR('',#1811,6.808411663878E0);
#1813=CARTESIAN_POINT('',(-6.025841223968E1,-1.104917514942E-1,3.8E1));
#1814=LINE('',#1813,#1812);
#1815=CARTESIAN_POINT('',(2.107649131421E0,-1.411908872109E1,3.8E1));
#1816=DIRECTION('',(0.E0,0.E0,1.E0));
#1817=DIRECTION('',(-7.549848237678E-1,6.557422633019E-1,0.E0));
#1818=AXIS2_PLACEMENT_3D('',#1815,#1816,#1817);
#1820=DIRECTION('',(-6.557422633013E-1,-7.549848237683E-1,0.E0));
#1821=VECTOR('',#1820,3.835747732877E1);
#1822=CARTESIAN_POINT('',(-2.099836180572E1,5.675527001042E1,3.8E1));
#1823=LINE('',#1822,#1821);
#1824=CARTESIAN_POINT('',(2.16E0,3.241086041653E1,3.8E1));
#1825=DIRECTION('',(0.E0,0.E0,-1.E0));
#1826=DIRECTION('',(-6.892369584977E-1,7.245359998239E-1,0.E0));
#1827=AXIS2_PLACEMENT_3D('',#1824,#1825,#1826);
#1829=CARTESIAN_POINT('',(4.052809248555E0,2.15E0,3.8E1));
#1830=DIRECTION('',(0.E0,0.E0,-1.E0));
#1831=DIRECTION('',(2.372839604446E-1,9.714403337909E-1,0.E0));
#1832=AXIS2_PLACEMENT_3D('',#1829,#1830,#1831);
#1834=DIRECTION('',(-1.124415822075E-13,1.E0,0.E0));
#1835=VECTOR('',#1834,1.832572873176E1);
#1836=CARTESIAN_POINT('',(6.703529166064E1,-5.268240056004E0,3.8E1));
#1837=LINE('',#1836,#1835);
#1838=DIRECTION('',(1.E0,1.309043747813E-13,0.E0));
#1839=VECTOR('',#1838,7.870531207025E0);
#1840=CARTESIAN_POINT('',(5.916476045361E1,-5.268240056005E0,3.8E1));
#1841=LINE('',#1840,#1839);
#1842=DIRECTION('',(1.124971570337E-10,1.E0,0.E0));
#1843=VECTOR('',#1842,2.884885884496E1);
#1844=CARTESIAN_POINT('',(-2.E0,6.720862984123E1,3.8E1));
#1845=LINE('',#1844,#1843);
#1846=DIRECTION('',(-1.E0,0.E0,0.E0));
#1847=VECTOR('',#1846,1.443E1);
#1848=CARTESIAN_POINT('',(1.243E1,6.720862984123E1,3.8E1));
#1849=LINE('',#1848,#1847);
#1850=DIRECTION('',(2.979656294256E-12,-1.E0,0.E0));
#1851=VECTOR('',#1850,2.884885883689E1);
#1852=CARTESIAN_POINT('',(1.242999999991E1,9.605748867812E1,3.8E1));
#1853=LINE('',#1852,#1851);
#1854=CARTESIAN_POINT('',(8.43E0,9.605748867575E1,3.8E1));
#1855=DIRECTION('',(0.E0,0.E0,-1.E0));
#1856=DIRECTION('',(0.E0,1.E0,0.E0));
#1857=AXIS2_PLACEMENT_3D('',#1854,#1855,#1856);
#1859=DIRECTION('',(1.E0,-4.913618491394E-10,0.E0));
#1860=VECTOR('',#1859,6.430000012822E0);
#1861=CARTESIAN_POINT('',(1.999999997628E0,1.000574886757E2,3.8E1));
#1862=LINE('',#1861,#1860);
#1863=CARTESIAN_POINT('',(2.E0,9.605748867575E1,3.8E1));
#1864=DIRECTION('',(0.E0,0.E0,-1.E0));
#1865=DIRECTION('',(-1.E0,0.E0,0.E0));
#1866=AXIS2_PLACEMENT_3D('',#1863,#1864,#1865);
#1868=CARTESIAN_POINT('',(5.916476045361E1,-5.268240056004E0,3.7E1));
#1869=DIRECTION('',(0.E0,1.E0,0.E0));
#1870=DIRECTION('',(-1.E0,0.E0,0.E0));
#1871=AXIS2_PLACEMENT_3D('',#1868,#1869,#1870);
#1873=CARTESIAN_POINT('',(5.816476045375E1,1.213697770249E1,3.7E1));
#1874=CARTESIAN_POINT('',(5.816476045375E1,1.213697770249E1,3.710515959639E1));
#1875=CARTESIAN_POINT('',(5.819809334422E1,1.213938853178E1,3.731521806951E1));
#1876=CARTESIAN_POINT('',(5.834382689238E1,1.214991885673E1,3.759946007873E1));
#1877=CARTESIAN_POINT('',(5.856748861356E1,1.216605200348E1,3.782248465735E1));
#1878=CARTESIAN_POINT('',(5.885142490914E1,1.218648403074E1,3.796713907244E1));
#1879=CARTESIAN_POINT('',(5.906031565927E1,1.220147373979E1,3.8E1));
#1880=CARTESIAN_POINT('',(5.916476045361E1,1.220895767295E1,3.8E1));
#1882=CARTESIAN_POINT('',(5.916476045361E1,-5.268240056004E0,3.7E1));
#1883=DIRECTION('',(0.E0,0.E0,1.E0));
#1884=DIRECTION('',(-1.E0,0.E0,0.E0));
#1885=AXIS2_PLACEMENT_3D('',#1882,#1883,#1884);
#1887=CARTESIAN_POINT('',(5.916476045361E1,-5.268240056004E0,3.7E1));
#1888=DIRECTION('',(-1.E0,0.E0,0.E0));
#1889=DIRECTION('',(0.E0,-1.E0,0.E0));
#1890=AXIS2_PLACEMENT_3D('',#1887,#1888,#1889);
#1892=CARTESIAN_POINT('',(6.703529166064E1,-5.268240056004E0,3.7E1));
#1893=DIRECTION('',(1.E0,0.E0,0.E0));
#1894=DIRECTION('',(0.E0,0.E0,1.E0));
#1895=AXIS2_PLACEMENT_3D('',#1892,#1893,#1894);
#1897=CARTESIAN_POINT('',(6.703529166064E1,-5.268240056004E0,3.7E1));
#1898=DIRECTION('',(0.E0,0.E0,1.E0));
#1899=DIRECTION('',(0.E0,-1.E0,0.E0));
#1900=AXIS2_PLACEMENT_3D('',#1897,#1898,#1899);
#1902=CARTESIAN_POINT('',(6.703529166064E1,-5.268240056004E0,1.E0));
#1903=DIRECTION('',(0.E0,0.E0,-1.E0));
#1904=DIRECTION('',(1.E0,0.E0,0.E0));
#1905=AXIS2_PLACEMENT_3D('',#1902,#1903,#1904);
#1907=DIRECTION('',(2.767169361643E-13,-2.741216263757E-8,-1.E0));
#1908=VECTOR('',#1907,3.599999802484E1);
#1909=CARTESIAN_POINT('',(6.803529166063E1,1.305748966392E1,3.699999800012E1));
#1910=LINE('',#1909,#1908);
#1911=DIRECTION('',(0.E0,-1.E0,1.349242765602E-9));
#1912=VECTOR('',#1911,1.832572873308E1);
#1913=CARTESIAN_POINT('',(6.803529166064E1,1.305748867708E1,9.999999752741E-1));
#1914=LINE('',#1913,#1912);
#1915=DIRECTION('',(0.E0,2.986253220014E-13,-1.E0));
#1916=VECTOR('',#1915,3.6E1);
#1917=CARTESIAN_POINT('',(6.803529166064E1,-5.268240056005E0,3.7E1));
#1918=LINE('',#1917,#1916);
#1919=DIRECTION('',(-5.435968612222E-13,1.E0,-1.091297312661E-7));
#1920=VECTOR('',#1919,1.832572971992E1);
#1921=CARTESIAN_POINT('',(6.803529166064E1,-5.268240056005E0,3.7E1));
#1922=LINE('',#1921,#1920);
#1923=DIRECTION('',(0.E0,0.E0,1.E0));
#1924=VECTOR('',#1923,2.5E1);
#1925=CARTESIAN_POINT('',(6.803529166064E1,-1.75E0,6.04E0));
#1926=LINE('',#1925,#1924);
#1927=DIRECTION('',(0.E0,0.E0,1.E0));
#1928=VECTOR('',#1927,2.5E1);
#1929=CARTESIAN_POINT('',(6.803529166064E1,3.43E0,6.04E0));
#1930=LINE('',#1929,#1928);
#1931=DIRECTION('',(0.E0,0.E0,1.E0));
#1932=VECTOR('',#1931,7.016857168180E0);
#1933=CARTESIAN_POINT('',(6.802062461452E1,1.322813148983E1,7.030685018253E0));
#1934=LINE('',#1933,#1932);
#1935=CARTESIAN_POINT('',(6.703529166064E1,1.305748867575E1,3.7E1));
#1936=DIRECTION('',(0.E0,0.E0,-1.E0));
#1937=DIRECTION('',(9.853329538812E-1,1.706428140762E-1,0.E0));
#1938=AXIS2_PLACEMENT_3D('',#1935,#1936,#1937);
#1940=DIRECTION('',(0.E0,0.E0,1.E0));
#1941=VECTOR('',#1940,7.016857168180E0);
#1942=CARTESIAN_POINT('',(6.802062461452E1,1.322813148983E1,2.351300298120E1));
#1943=LINE('',#1942,#1941);
#1944=CARTESIAN_POINT('',(4.052809248555E0,2.15E0,3.238508633034E1));
#1945=DIRECTION('',(0.E0,0.E0,1.E0));
#1946=DIRECTION('',(9.811800342452E-1,1.930951589207E-1,0.E0));
#1947=AXIS2_PLACEMENT_3D('',#1944,#1945,#1946);
#1949=DIRECTION('',(-2.762820365394E-11,-6.212172709255E-12,1.E0));
#1950=VECTOR('',#1949,6.470139850624E0);
#1951=CARTESIAN_POINT('',(6.802062461452E1,1.322813148983E1,3.052986014938E1));
#1952=LINE('',#1951,#1950);
#1953=CARTESIAN_POINT('',(4.052809248555E0,2.15E0,3.7E1));
#1954=DIRECTION('',(0.E0,0.E0,-1.E0));
#1955=DIRECTION('',(2.680723772188E-1,9.633987754675E-1,0.E0));
#1956=AXIS2_PLACEMENT_3D('',#1953,#1954,#1955);
#1958=DIRECTION('',(0.E0,0.E0,1.E0));
#1959=VECTOR('',#1958,3.2E1);
#1960=CARTESIAN_POINT('',(2.222E1,6.447623508765E1,3.E0));
#1961=LINE('',#1960,#1959);
#1962=CARTESIAN_POINT('',(4.052809248555E0,2.15E0,1.E0));
#1963=DIRECTION('',(0.E0,0.E0,1.E0));
#1964=DIRECTION('',(9.853329538812E-1,1.706428140762E-1,0.E0));
#1965=AXIS2_PLACEMENT_3D('',#1962,#1963,#1964);
#1967=DIRECTION('',(2.968859391842E-11,6.369710329053E-12,1.E0));
#1968=VECTOR('',#1967,6.030685018253E0);
#1969=CARTESIAN_POINT('',(6.802062461434E1,1.322813148979E1,1.E0));
#1970=LINE('',#1969,#1968);
#1971=CARTESIAN_POINT('',(4.052809248555E0,2.15E0,5.175460673116E0));
#1972=DIRECTION('',(0.E0,0.E0,1.E0));
#1973=DIRECTION('',(9.811800342452E-1,1.930951589207E-1,0.E0));
#1974=AXIS2_PLACEMENT_3D('',#1971,#1972,#1973);
#1976=DIRECTION('',(-8.983947124364E-9,-3.030581531524E-8,1.E0));
#1977=VECTOR('',#1976,7.206469814917E0);
#1978=CARTESIAN_POINT('',(2.250421805164E1,6.439268717557E1,6.935880043957E0));
#1979=LINE('',#1978,#1977);
#1980=CARTESIAN_POINT('',(4.052809248555E0,2.15E0,1.590276836740E1));
#1981=DIRECTION('',(0.E0,0.E0,1.E0));
#1982=DIRECTION('',(9.811800342452E-1,1.930951589207E-1,0.E0));
#1983=AXIS2_PLACEMENT_3D('',#1980,#1981,#1982);
#1985=DIRECTION('',(0.E0,0.E0,1.E0));
#1986=VECTOR('',#1985,9.465460794763E0);
#1987=CARTESIAN_POINT('',(6.802062461452E1,1.322813148983E1,1.404754218643E1));
#1988=LINE('',#1987,#1986);
#1989=CARTESIAN_POINT('',(4.052809248555E0,2.15E0,2.165777863606E1));
#1990=DIRECTION('',(0.E0,0.E0,1.E0));
#1991=DIRECTION('',(9.811800342452E-1,1.930951589207E-1,0.E0));
#1992=AXIS2_PLACEMENT_3D('',#1989,#1990,#1991);
#1994=DIRECTION('',(-3.719349035989E-8,-1.254659064467E-7,1.E0));
#1995=VECTOR('',#1994,3.398812858160E0);
#1996=CARTESIAN_POINT('',(2.250422087614E1,6.439269670351E1,2.532202667918E1));
#1997=LINE('',#1996,#1995);
#1998=CARTESIAN_POINT('',(6.775102189920E1,1.468573853758E1,2.165780013678E1));
#1999=CARTESIAN_POINT('',(6.749397382227E1,1.463972114876E1,2.181624823679E1));
#2000=CARTESIAN_POINT('',(6.682561162313E1,1.452003232938E1,2.229912302835E1));
#2001=CARTESIAN_POINT('',(6.590460582267E1,1.435496975410E1,2.329580950939E1));
#2002=CARTESIAN_POINT('',(6.515137554751E1,1.421987235969E1,2.468814020886E1));
#2003=CARTESIAN_POINT('',(6.476254902489E1,1.415009909929E1,2.622690152222E1));
#2004=CARTESIAN_POINT('',(6.476249210716E1,1.415008888443E1,2.781552320304E1));
#2005=CARTESIAN_POINT('',(6.515122304307E1,1.421984499693E1,2.935432558660E1));
#2006=CARTESIAN_POINT('',(6.590433128543E1,1.435492053127E1,3.074667586064E1));
#2007=CARTESIAN_POINT('',(6.682541542012E1,1.451999718348E1,3.174358215149E1));
#2008=CARTESIAN_POINT('',(6.749386037717E1,1.463970084018E1,3.222654850588E1));
#2009=CARTESIAN_POINT('',(6.775102168991E1,1.468573850062E1,3.238506578012E1));
#2011=CARTESIAN_POINT('',(2.497750097499E1,6.360538483119E1,3.238506489812E1));
#2012=CARTESIAN_POINT('',(2.489888468939E1,6.335614793722E1,3.222650822078E1));
#2013=CARTESIAN_POINT('',(2.469448227713E1,6.270841095092E1,3.174347153639E1));
#2014=CARTESIAN_POINT('',(2.441258144786E1,6.181606728721E1,3.074654708744E1));
#2015=CARTESIAN_POINT('',(2.418186476892E1,6.108651109473E1,2.935418932370E1));
#2016=CARTESIAN_POINT('',(2.406271179977E1,6.070998616551E1,2.781548781755E1));
#2017=CARTESIAN_POINT('',(2.406272957808E1,6.071004233723E1,2.622694281523E1));
#2018=CARTESIAN_POINT('',(2.418190850032E1,6.108664930959E1,2.468830009567E1));
#2019=CARTESIAN_POINT('',(2.441266643454E1,6.181633614767E1,2.329592826483E1));
#2020=CARTESIAN_POINT('',(2.469454777106E1,6.270861841474E1,2.229921962863E1));
#2021=CARTESIAN_POINT('',(2.489892047946E1,6.335626140425E1,2.181628559001E1));
#2022=CARTESIAN_POINT('',(2.497750099617E1,6.36053849E1,2.165780061902E1));
#2024=CARTESIAN_POINT('',(6.775102189920E1,1.468573853758E1,2.165780013678E1));
#2025=CARTESIAN_POINT('',(6.778851260055E1,1.449523594888E1,2.188420616111E1));
#2026=CARTESIAN_POINT('',(6.785796798648E1,1.413313612937E1,2.232311809201E1));
#2027=CARTESIAN_POINT('',(6.794482401880E1,1.366032011677E1,2.292296010093E1));
#2028=CARTESIAN_POINT('',(6.799662898792E1,1.336668805178E1,2.331865176875E1));
#2029=CARTESIAN_POINT('',(6.802062461452E1,1.322813148983E1,2.351300298120E1));
#2031=CARTESIAN_POINT('',(6.802062461452E1,1.322813148983E1,3.052986014938E1));
#2032=CARTESIAN_POINT('',(6.799696333141E1,1.336475747146E1,3.072150420506E1));
#2033=CARTESIAN_POINT('',(6.794567988906E1,1.365564382388E1,3.111395064686E1));
#2034=CARTESIAN_POINT('',(6.785699049037E1,1.413841873242E1,3.172639205342E1));
#2035=CARTESIAN_POINT('',(6.778804214562E1,1.449762538477E1,3.216149969499E1));
#2036=CARTESIAN_POINT('',(6.775102168991E1,1.468573850062E1,3.238506578012E1));
#2038=CARTESIAN_POINT('',(6.802062461452E1,1.322813148983E1,2.351300298120E1));
#2039=CARTESIAN_POINT('',(6.779302940811E1,1.318871589296E1,2.372612532247E1));
#2040=CARTESIAN_POINT('',(6.732297750274E1,1.310731094290E1,2.426211282680E1));
#2041=CARTESIAN_POINT('',(6.679009549096E1,1.301502489310E1,2.524601351127E1));
#2042=CARTESIAN_POINT('',(6.649387942586E1,1.296372533722E1,2.641686137859E1));
#2043=CARTESIAN_POINT('',(6.649383605667E1,1.296371782642E1,2.762566861847E1));
#2044=CARTESIAN_POINT('',(6.678997933367E1,1.301500477664E1,2.879654764533E1));
#2045=CARTESIAN_POINT('',(6.732282497569E1,1.310728452783E1,2.978055494859E1));
#2046=CARTESIAN_POINT('',(6.779295025055E1,1.318870218422E1,3.031666151407E1));
#2047=CARTESIAN_POINT('',(6.802062461452E1,1.322813148983E1,3.052986014938E1));
#2049=CARTESIAN_POINT('',(6.802062461452E1,1.322813148983E1,7.030685018253E0));
#2050=CARTESIAN_POINT('',(6.779302940811E1,1.318871589296E1,7.243807359528E0));
#2051=CARTESIAN_POINT('',(6.732297750274E1,1.310731094290E1,7.779794863861E0));
#2052=CARTESIAN_POINT('',(6.679009549096E1,1.301502489310E1,8.763695548329E0));
#2053=CARTESIAN_POINT('',(6.649387942586E1,1.296372533722E1,9.934543415643E0));
#2054=CARTESIAN_POINT('',(6.649383605667E1,1.296371782642E1,1.114335065552E1));
#2055=CARTESIAN_POINT('',(6.678997933367E1,1.301500477664E1,1.231422968238E1));
#2056=CARTESIAN_POINT('',(6.732282497569E1,1.310728452783E1,1.329823698565E1));
#2057=CARTESIAN_POINT('',(6.779295025055E1,1.318870218422E1,1.383434355112E1));
#2058=CARTESIAN_POINT('',(6.802062461452E1,1.322813148983E1,1.404754218643E1));
#2060=CARTESIAN_POINT('',(6.775102189840E1,1.468573853744E1,5.175482174329E0));
#2061=CARTESIAN_POINT('',(6.778856408979E1,1.449497431093E1,5.402199146599E0));
#2062=CARTESIAN_POINT('',(6.785808339603E1,1.413252925290E1,5.841539153346E0));
#2063=CARTESIAN_POINT('',(6.794499906089E1,1.365934608745E1,6.441913226176E0));
#2064=CARTESIAN_POINT('',(6.799669833498E1,1.336628762503E1,6.836895478411E0));
#2065=CARTESIAN_POINT('',(6.802062461452E1,1.322813148983E1,7.030685018253E0));
#2067=CARTESIAN_POINT('',(6.802062461452E1,1.322813148983E1,1.404754218643E1));
#2068=CARTESIAN_POINT('',(6.799737025743E1,1.336240778199E1,1.423589035348E1));
#2069=CARTESIAN_POINT('',(6.794670578617E1,1.364993112602E1,1.462417016389E1));
#2070=CARTESIAN_POINT('',(6.785767885281E1,1.413479964033E1,1.523966825145E1));
#2071=CARTESIAN_POINT('',(6.778834924092E1,1.449606490877E1,1.567732715685E1));
#2072=CARTESIAN_POINT('',(6.775102168540E1,1.468573849982E1,1.590274781440E1));
#2074=CARTESIAN_POINT('',(6.775102189840E1,1.468573853744E1,5.175482174329E0));
#2075=CARTESIAN_POINT('',(6.749397382234E1,1.463972114877E1,5.333930273965E0));
#2076=CARTESIAN_POINT('',(6.682561162119E1,1.452003232903E1,5.816805066906E0));
#2077=CARTESIAN_POINT('',(6.590460582309E1,1.435496975417E1,6.813491546180E0));
#2078=CARTESIAN_POINT('',(6.515137554741E1,1.421987235968E1,8.205822245993E0));
#2079=CARTESIAN_POINT('',(6.476254902488E1,1.415009909929E1,9.744583559228E0));
#2080=CARTESIAN_POINT('',(6.476249210733E1,1.415008888446E1,1.133320524021E1));
#2081=CARTESIAN_POINT('',(6.515122304243E1,1.421984499682E1,1.287200762326E1));
#2082=CARTESIAN_POINT('',(6.590433128783E1,1.435492053170E1,1.426435789917E1));
#2083=CARTESIAN_POINT('',(6.682541540913E1,1.451999718151E1,1.526126418007E1));
#2084=CARTESIAN_POINT('',(6.749386037757E1,1.463970084025E1,1.574423054227E1));
#2085=CARTESIAN_POINT('',(6.775102168540E1,1.468573849982E1,1.590274781440E1));
#2087=CARTESIAN_POINT('',(2.625960672999E1,6.315381797164E1,1.590274970029E1));
#2088=CARTESIAN_POINT('',(2.618135645441E1,6.290376505322E1,1.574391407638E1));
#2089=CARTESIAN_POINT('',(2.597812062611E1,6.225463988468E1,1.526043655498E1));
#2090=CARTESIAN_POINT('',(2.569794122152E1,6.136091094345E1,1.426292159244E1));
#2091=CARTESIAN_POINT('',(2.546876317478E1,6.063077499276E1,1.287077405195E1));
#2092=CARTESIAN_POINT('',(2.535042495483E1,6.025406269914E1,1.133273831708E1));
#2093=CARTESIAN_POINT('',(2.535043884384E1,6.025410689310E1,9.745093254881E0));
#2094=CARTESIAN_POINT('',(2.546881181161E1,6.063092987887E1,8.207057419942E0));
#2095=CARTESIAN_POINT('',(2.569800287066E1,6.136110743170E1,6.815018126254E0));
#2096=CARTESIAN_POINT('',(2.597819553681E1,6.225487902365E1,5.817586329846E0));
#2097=CARTESIAN_POINT('',(2.618139520361E1,6.290388886996E1,5.334233888896E0));
#2098=CARTESIAN_POINT('',(2.625960656327E1,6.315381743396E1,5.175478269327E0));
#2100=CARTESIAN_POINT('',(2.625960672999E1,6.315381797164E1,1.590274970029E1));
#2101=CARTESIAN_POINT('',(2.589078554527E1,6.328807739750E1,1.574381536130E1));
#2102=CARTESIAN_POINT('',(2.518172919993E1,6.353859355362E1,1.543248825302E1));
#2103=CARTESIAN_POINT('',(2.421042414951E1,6.386381249202E1,1.498828864477E1));
#2104=CARTESIAN_POINT('',(2.331851533934E1,6.414764394881E1,1.456050907201E1));
#2105=CARTESIAN_POINT('',(2.276759968132E1,6.431460929801E1,1.428071447327E1));
#2106=CARTESIAN_POINT('',(2.250421798690E1,6.439268695717E1,1.414234985887E1));
#2108=CARTESIAN_POINT('',(2.250421805164E1,6.439268717557E1,6.935880043957E0));
#2109=CARTESIAN_POINT('',(2.276437591503E1,6.431556519854E1,6.799208003145E0));
#2110=CARTESIAN_POINT('',(2.330922598769E1,6.415047366967E1,6.522392277559E0));
#2111=CARTESIAN_POINT('',(2.418923541739E1,6.387067186262E1,6.099914860509E0));
#2112=CARTESIAN_POINT('',(2.515803463998E1,6.354679227775E1,5.656281885423E0));
#2113=CARTESIAN_POINT('',(2.588083359735E1,6.329169953793E1,5.338700974805E0));
#2114=CARTESIAN_POINT('',(2.625960656327E1,6.315381743396E1,5.175478269327E0));
#2116=CARTESIAN_POINT('',(2.250421798690E1,6.439268695717E1,1.414234985887E1));
#2117=CARTESIAN_POINT('',(2.242638321571E1,6.413012460400E1,1.390475892358E1));
#2118=CARTESIAN_POINT('',(2.227887402854E1,6.363252746708E1,1.333933205797E1));
#2119=CARTESIAN_POINT('',(2.211843239085E1,6.309130490944E1,1.231330004423E1));
#2120=CARTESIAN_POINT('',(2.203296209954E1,6.280298542869E1,1.114299238151E1));
#2121=CARTESIAN_POINT('',(2.203297212755E1,6.280301925649E1,9.934934195788E0));
#2122=CARTESIAN_POINT('',(2.211846752931E1,6.309142344304E1,8.764626605852E0));
#2123=CARTESIAN_POINT('',(2.227890285129E1,6.363262469573E1,7.738772653470E0));
#2124=CARTESIAN_POINT('',(2.242640614720E1,6.413020195949E1,7.173405468891E0));
#2125=CARTESIAN_POINT('',(2.250421805164E1,6.439268717557E1,6.935880043957E0));
#2127=CARTESIAN_POINT('',(2.250422074972E1,6.439269627708E1,2.872083953734E1));
#2128=CARTESIAN_POINT('',(2.248626421080E1,6.433212294921E1,2.860198495243E1));
#2129=CARTESIAN_POINT('',(2.243394440854E1,6.415563100110E1,2.820427934459E1));
#2130=CARTESIAN_POINT('',(2.238109868035E1,6.397736493136E1,2.747995395125E1));
#2131=CARTESIAN_POINT('',(2.238110823428E1,6.397739715992E1,2.656266035712E1));
#2132=CARTESIAN_POINT('',(2.243395992874E1,6.415568335585E1,2.583844309897E1));
#2133=CARTESIAN_POINT('',(2.248627490784E1,6.433215903387E1,2.544081089685E1));
#2134=CARTESIAN_POINT('',(2.250422087614E1,6.439269670351E1,2.532202667918E1));
#2136=CARTESIAN_POINT('',(2.497750097499E1,6.360538483119E1,3.238506489812E1));
#2137=CARTESIAN_POINT('',(2.479944880059E1,6.366600908584E1,3.216707871599E1));
#2138=CARTESIAN_POINT('',(2.446204221924E1,6.377915784276E1,3.174671298291E1));
#2139=CARTESIAN_POINT('',(2.401446747087E1,6.392542699993E1,3.116528341432E1));
#2140=CARTESIAN_POINT('',(2.362046385041E1,6.405123522830E1,3.062537889499E1));
#2141=CARTESIAN_POINT('',(2.327601723134E1,6.415896894839E1,3.012048061158E1));
#2142=CARTESIAN_POINT('',(2.297709866720E1,6.425076860682E1,2.964287104515E1));
#2143=CARTESIAN_POINT('',(2.272131352057E1,6.432807864608E1,2.918684308192E1));
#2144=CARTESIAN_POINT('',(2.257172202765E1,6.437268599587E1,2.887633983386E1));
#2145=CARTESIAN_POINT('',(2.250422074972E1,6.439269627708E1,2.872083953734E1));
#2147=CARTESIAN_POINT('',(2.250422087614E1,6.439269670351E1,2.532202667918E1));
#2148=CARTESIAN_POINT('',(2.261743752853E1,6.435913441963E1,2.506121429589E1));
#2149=CARTESIAN_POINT('',(2.288203979479E1,6.428003105613E1,2.454512660046E1));
#2150=CARTESIAN_POINT('',(2.338263314269E1,6.412634872834E1,2.375264458848E1));
#2151=CARTESIAN_POINT('',(2.391760084088E1,6.395693379165E1,2.300431632689E1));
#2152=CARTESIAN_POINT('',(2.443177103528E1,6.378931917994E1,2.233379466215E1));
#2153=CARTESIAN_POINT('',(2.479481033147E1,6.366758849518E1,2.188146572397E1));
#2154=CARTESIAN_POINT('',(2.497750099617E1,6.36053849E1,2.165780061902E1));
#2156=CARTESIAN_POINT('',(1.922E1,6.424446613520E1,3.8E1));
#2157=CARTESIAN_POINT('',(1.942264251479E1,6.431540398862E1,3.8E1));
#2158=CARTESIAN_POINT('',(1.981041839572E1,6.444927480498E1,3.795887172656E1));
#2159=CARTESIAN_POINT('',(2.032356284592E1,6.460488065347E1,3.780552834593E1));
#2160=CARTESIAN_POINT('',(2.077483211960E1,6.470703562579E1,3.758126219841E1));
#2161=CARTESIAN_POINT('',(2.116069883362E1,6.474381889789E1,3.730269527383E1));
#2162=CARTESIAN_POINT('',(2.136522146553E1,6.471912717384E1,3.710156948808E1));
#2163=CARTESIAN_POINT('',(2.145606797742E1,6.469384850314E1,3.700000000006E1));
#2165=CARTESIAN_POINT('',(6.703529165992E1,1.305748867562E1,3.7E1));
#2166=DIRECTION('',(1.706428140762E-1,-9.853329538812E-1,0.E0));
#2167=DIRECTION('',(9.853329538812E-1,1.706428140762E-1,1.421085471520E-14));
#2168=AXIS2_PLACEMENT_3D('',#2165,#2166,#2167);
#2170=CARTESIAN_POINT('',(6.703529166064E1,1.305748867575E1,3.7E1));
#2171=DIRECTION('',(0.E0,1.E0,0.E0));
#2172=DIRECTION('',(0.E0,0.E0,1.E0));
#2173=AXIS2_PLACEMENT_3D('',#2170,#2171,#2172);
#2175=CARTESIAN_POINT('',(6.703529166064E1,-5.268240056004E0,3.7E1));
#2176=DIRECTION('',(0.E0,1.E0,0.E0));
#2177=DIRECTION('',(0.E0,0.E0,1.E0));
#2178=AXIS2_PLACEMENT_3D('',#2175,#2176,#2177);
#2180=CARTESIAN_POINT('',(2.222E1,6.447623508765E1,3.5E1));
#2181=CARTESIAN_POINT('',(2.222E1,6.447623508765E1,3.523583024175E1));
#2182=CARTESIAN_POINT('',(2.216509443870E1,6.449228884213E1,3.571304166638E1));
#2183=CARTESIAN_POINT('',(2.189935912202E1,6.456914236895E1,3.641654339010E1));
#2184=CARTESIAN_POINT('',(2.161845062444E1,6.464866440771E1,3.681845068153E1));
#2185=CARTESIAN_POINT('',(2.145606797742E1,6.469384850314E1,3.700000000006E1));
#2187=DIRECTION('',(0.E0,1.E0,0.E0));
#2188=VECTOR('',#2187,4.545553386480E1);
#2189=CARTESIAN_POINT('',(1.922E1,6.424446613520E1,3.8E1));
#2190=LINE('',#2189,#2188);
#2191=CARTESIAN_POINT('',(5.215E0,1.097E2,1.9E1));
#2192=DIRECTION('',(0.E0,-1.E0,0.E0));
#2193=DIRECTION('',(0.E0,0.E0,1.E0));
#2194=AXIS2_PLACEMENT_3D('',#2191,#2192,#2193);
#2196=CARTESIAN_POINT('',(5.215E0,1.097E2,1.9E1));
#2197=DIRECTION('',(0.E0,-1.E0,0.E0));
#2198=DIRECTION('',(0.E0,0.E0,-1.E0));
#2199=AXIS2_PLACEMENT_3D('',#2196,#2197,#2198);
#2201=CARTESIAN_POINT('',(1.661738389573E1,1.097E2,7.057183594556E0));
#2202=DIRECTION('',(0.E0,-1.E0,0.E0));
#2203=DIRECTION('',(0.E0,0.E0,1.E0));
#2204=AXIS2_PLACEMENT_3D('',#2201,#2202,#2203);
#2206=CARTESIAN_POINT('',(1.661738389573E1,1.097E2,7.057183594556E0));
#2207=DIRECTION('',(0.E0,-1.E0,0.E0));
#2208=DIRECTION('',(0.E0,0.E0,-1.E0));
#2209=AXIS2_PLACEMENT_3D('',#2206,#2207,#2208);
#2211=CARTESIAN_POINT('',(1.661738389573E1,1.097E2,3.094281640544E1));
#2212=DIRECTION('',(0.E0,-1.E0,0.E0));
#2213=DIRECTION('',(0.E0,0.E0,1.E0));
#2214=AXIS2_PLACEMENT_3D('',#2211,#2212,#2213);
#2216=CARTESIAN_POINT('',(1.661738389573E1,1.097E2,3.094281640544E1));
#2217=DIRECTION('',(0.E0,-1.E0,0.E0));
#2218=DIRECTION('',(0.E0,0.E0,-1.E0));
#2219=AXIS2_PLACEMENT_3D('',#2216,#2217,#2218);
#2221=CARTESIAN_POINT('',(-6.187383895726E0,1.097E2,3.094281640544E1));
#2222=DIRECTION('',(0.E0,-1.E0,0.E0));
#2223=DIRECTION('',(0.E0,0.E0,1.E0));
#2224=AXIS2_PLACEMENT_3D('',#2221,#2222,#2223);
#2226=CARTESIAN_POINT('',(-6.187383895726E0,1.097E2,3.094281640544E1));
#2227=DIRECTION('',(0.E0,-1.E0,0.E0));
#2228=DIRECTION('',(0.E0,0.E0,-1.E0));
#2229=AXIS2_PLACEMENT_3D('',#2226,#2227,#2228);
#2231=CARTESIAN_POINT('',(-6.187383895726E0,1.097E2,7.057183594556E0));
#2232=DIRECTION('',(0.E0,-1.E0,0.E0));
#2233=DIRECTION('',(0.E0,0.E0,1.E0));
#2234=AXIS2_PLACEMENT_3D('',#2231,#2232,#2233);
#2236=CARTESIAN_POINT('',(-6.187383895726E0,1.097E2,7.057183594556E0));
#2237=DIRECTION('',(0.E0,-1.E0,0.E0));
#2238=DIRECTION('',(0.E0,0.E0,-1.E0));
#2239=AXIS2_PLACEMENT_3D('',#2236,#2237,#2238);
#2241=CARTESIAN_POINT('',(-8.79E0,1.097E2,3.5E1));
#2242=DIRECTION('',(0.E0,1.E0,0.E0));
#2243=DIRECTION('',(-1.E0,0.E0,0.E0));
#2244=AXIS2_PLACEMENT_3D('',#2241,#2242,#2243);
#2246=DIRECTION('',(0.E0,0.E0,1.E0));
#2247=VECTOR('',#2246,3.2E1);
#2248=CARTESIAN_POINT('',(-1.179E1,1.097E2,3.E0));
#2249=LINE('',#2248,#2247);
#2250=CARTESIAN_POINT('',(-8.79E0,1.097E2,3.E0));
#2251=DIRECTION('',(0.E0,1.E0,0.E0));
#2252=DIRECTION('',(0.E0,0.E0,-1.E0));
#2253=AXIS2_PLACEMENT_3D('',#2250,#2251,#2252);
#2255=DIRECTION('',(-1.E0,0.E0,0.E0));
#2256=VECTOR('',#2255,2.801E1);
#2257=CARTESIAN_POINT('',(1.922E1,1.097E2,0.E0));
#2258=LINE('',#2257,#2256);
#2259=CARTESIAN_POINT('',(1.922E1,1.097E2,3.E0));
#2260=DIRECTION('',(0.E0,1.E0,0.E0));
#2261=DIRECTION('',(1.E0,0.E0,0.E0));
#2262=AXIS2_PLACEMENT_3D('',#2259,#2260,#2261);
#2264=DIRECTION('',(0.E0,0.E0,-1.E0));
#2265=VECTOR('',#2264,3.2E1);
#2266=CARTESIAN_POINT('',(2.222E1,1.097E2,3.5E1));
#2267=LINE('',#2266,#2265);
#2268=CARTESIAN_POINT('',(1.922E1,1.097E2,3.5E1));
#2269=DIRECTION('',(0.E0,1.E0,0.E0));
#2270=DIRECTION('',(0.E0,0.E0,1.E0));
#2271=AXIS2_PLACEMENT_3D('',#2268,#2269,#2270);
#2273=DIRECTION('',(1.E0,0.E0,0.E0));
#2274=VECTOR('',#2273,2.801E1);
#2275=CARTESIAN_POINT('',(-8.79E0,1.097E2,3.8E1));
#2276=LINE('',#2275,#2274);
#2277=DIRECTION('',(0.E0,1.E0,0.E0));
#2278=VECTOR('',#2277,1.E0);
#2279=CARTESIAN_POINT('',(5.215E0,1.087E2,2.9E1));
#2280=LINE('',#2279,#2278);
#2281=CARTESIAN_POINT('',(5.215E0,1.087E2,1.9E1));
#2282=DIRECTION('',(0.E0,1.E0,0.E0));
#2283=DIRECTION('',(1.E0,0.E0,0.E0));
#2284=AXIS2_PLACEMENT_3D('',#2281,#2282,#2283);
#2286=DIRECTION('',(0.E0,-1.E0,0.E0));
#2287=VECTOR('',#2286,5.E0);
#2288=CARTESIAN_POINT('',(1.5215E1,1.087E2,1.9E1));
#2289=LINE('',#2288,#2287);
#2290=DIRECTION('',(0.E0,1.E0,0.E0));
#2291=VECTOR('',#2290,1.E0);
#2292=CARTESIAN_POINT('',(5.215E0,1.087E2,9.E0));
#2293=LINE('',#2292,#2291);
#2294=CARTESIAN_POINT('',(5.215E0,1.087E2,1.9E1));
#2295=DIRECTION('',(0.E0,1.E0,0.E0));
#2296=DIRECTION('',(-1.E0,0.E0,0.E0));
#2297=AXIS2_PLACEMENT_3D('',#2294,#2295,#2296);
#2299=DIRECTION('',(0.E0,-1.E0,0.E0));
#2300=VECTOR('',#2299,5.E0);
#2301=CARTESIAN_POINT('',(-4.785E0,1.087E2,1.9E1));
#2302=LINE('',#2301,#2300);
#2303=CARTESIAN_POINT('',(5.215E0,1.037E2,1.9E1));
#2304=DIRECTION('',(0.E0,1.E0,0.E0));
#2305=DIRECTION('',(1.E0,0.E0,0.E0));
#2306=AXIS2_PLACEMENT_3D('',#2303,#2304,#2305);
#2308=CARTESIAN_POINT('',(5.215E0,1.037E2,1.9E1));
#2309=DIRECTION('',(0.E0,1.E0,0.E0));
#2310=DIRECTION('',(-1.E0,0.E0,0.E0));
#2311=AXIS2_PLACEMENT_3D('',#2308,#2309,#2310);
#2313=CARTESIAN_POINT('',(-6.187383895726E0,1.037E2,7.057183594556E0));
#2314=DIRECTION('',(0.E0,1.E0,0.E0));
#2315=DIRECTION('',(1.E0,0.E0,0.E0));
#2316=AXIS2_PLACEMENT_3D('',#2313,#2314,#2315);
#2318=CARTESIAN_POINT('',(-6.187383895726E0,1.037E2,7.057183594556E0));
#2319=DIRECTION('',(0.E0,1.E0,0.E0));
#2320=DIRECTION('',(-1.E0,0.E0,0.E0));
#2321=AXIS2_PLACEMENT_3D('',#2318,#2319,#2320);
#2323=CARTESIAN_POINT('',(1.661738389573E1,1.037E2,7.057183594556E0));
#2324=DIRECTION('',(0.E0,1.E0,0.E0));
#2325=DIRECTION('',(1.E0,0.E0,0.E0));
#2326=AXIS2_PLACEMENT_3D('',#2323,#2324,#2325);
#2328=CARTESIAN_POINT('',(1.661738389573E1,1.037E2,7.057183594556E0));
#2329=DIRECTION('',(0.E0,1.E0,0.E0));
#2330=DIRECTION('',(-1.E0,0.E0,0.E0));
#2331=AXIS2_PLACEMENT_3D('',#2328,#2329,#2330);
#2333=CARTESIAN_POINT('',(1.661738389573E1,1.037E2,3.094281640544E1));
#2334=DIRECTION('',(0.E0,1.E0,0.E0));
#2335=DIRECTION('',(1.E0,0.E0,0.E0));
#2336=AXIS2_PLACEMENT_3D('',#2333,#2334,#2335);
#2338=CARTESIAN_POINT('',(1.661738389573E1,1.037E2,3.094281640544E1));
#2339=DIRECTION('',(0.E0,1.E0,0.E0));
#2340=DIRECTION('',(-1.E0,0.E0,0.E0));
#2341=AXIS2_PLACEMENT_3D('',#2338,#2339,#2340);
#2343=CARTESIAN_POINT('',(-6.187383895726E0,1.037E2,3.094281640544E1));
#2344=DIRECTION('',(0.E0,1.E0,0.E0));
#2345=DIRECTION('',(1.E0,0.E0,0.E0));
#2346=AXIS2_PLACEMENT_3D('',#2343,#2344,#2345);
#2348=CARTESIAN_POINT('',(-6.187383895726E0,1.037E2,3.094281640544E1));
#2349=DIRECTION('',(0.E0,1.E0,0.E0));
#2350=DIRECTION('',(-1.E0,0.E0,0.E0));
#2351=AXIS2_PLACEMENT_3D('',#2348,#2349,#2350);
#2353=CARTESIAN_POINT('',(5.215E0,1.037E2,1.9E1));
#2354=DIRECTION('',(0.E0,1.E0,0.E0));
#2355=DIRECTION('',(1.E0,0.E0,0.E0));
#2356=AXIS2_PLACEMENT_3D('',#2353,#2354,#2355);
#2358=CARTESIAN_POINT('',(5.215E0,1.037E2,1.9E1));
#2359=DIRECTION('',(0.E0,1.E0,0.E0));
#2360=DIRECTION('',(-1.E0,0.E0,0.E0));
#2361=AXIS2_PLACEMENT_3D('',#2358,#2359,#2360);
#2363=DIRECTION('',(0.E0,1.E0,0.E0));
#2364=VECTOR('',#2363,1.E0);
#2365=CARTESIAN_POINT('',(-6.187383895726E0,1.087E2,9.157183594556E0));
#2366=LINE('',#2365,#2364);
#2367=CARTESIAN_POINT('',(-6.187383895726E0,1.087E2,7.057183594556E0));
#2368=DIRECTION('',(0.E0,1.E0,0.E0));
#2369=DIRECTION('',(1.E0,0.E0,0.E0));
#2370=AXIS2_PLACEMENT_3D('',#2367,#2368,#2369);
#2372=DIRECTION('',(0.E0,-1.E0,0.E0));
#2373=VECTOR('',#2372,5.E0);
#2374=CARTESIAN_POINT('',(-4.087383895726E0,1.087E2,7.057183594556E0));
#2375=LINE('',#2374,#2373);
#2376=DIRECTION('',(0.E0,1.E0,0.E0));
#2377=VECTOR('',#2376,1.E0);
#2378=CARTESIAN_POINT('',(-6.187383895726E0,1.087E2,4.957183594556E0));
#2379=LINE('',#2378,#2377);
#2380=CARTESIAN_POINT('',(-6.187383895726E0,1.087E2,7.057183594556E0));
#2381=DIRECTION('',(0.E0,1.E0,0.E0));
#2382=DIRECTION('',(-1.E0,0.E0,0.E0));
#2383=AXIS2_PLACEMENT_3D('',#2380,#2381,#2382);
#2385=DIRECTION('',(0.E0,-1.E0,0.E0));
#2386=VECTOR('',#2385,5.E0);
#2387=CARTESIAN_POINT('',(-8.287383895726E0,1.087E2,7.057183594556E0));
#2388=LINE('',#2387,#2386);
#2389=DIRECTION('',(0.E0,1.E0,0.E0));
#2390=VECTOR('',#2389,1.E0);
#2391=CARTESIAN_POINT('',(1.661738389573E1,1.087E2,9.157183594556E0));
#2392=LINE('',#2391,#2390);
#2393=CARTESIAN_POINT('',(1.661738389573E1,1.087E2,7.057183594556E0));
#2394=DIRECTION('',(0.E0,1.E0,0.E0));
#2395=DIRECTION('',(1.E0,0.E0,0.E0));
#2396=AXIS2_PLACEMENT_3D('',#2393,#2394,#2395);
#2398=DIRECTION('',(0.E0,-1.E0,0.E0));
#2399=VECTOR('',#2398,5.E0);
#2400=CARTESIAN_POINT('',(1.871738389573E1,1.087E2,7.057183594556E0));
#2401=LINE('',#2400,#2399);
#2402=DIRECTION('',(0.E0,1.E0,0.E0));
#2403=VECTOR('',#2402,1.E0);
#2404=CARTESIAN_POINT('',(1.661738389573E1,1.087E2,4.957183594556E0));
#2405=LINE('',#2404,#2403);
#2406=CARTESIAN_POINT('',(1.661738389573E1,1.087E2,7.057183594556E0));
#2407=DIRECTION('',(0.E0,1.E0,0.E0));
#2408=DIRECTION('',(-1.E0,0.E0,0.E0));
#2409=AXIS2_PLACEMENT_3D('',#2406,#2407,#2408);
#2411=DIRECTION('',(0.E0,-1.E0,0.E0));
#2412=VECTOR('',#2411,5.E0);
#2413=CARTESIAN_POINT('',(1.451738389573E1,1.087E2,7.057183594556E0));
#2414=LINE('',#2413,#2412);
#2415=DIRECTION('',(0.E0,1.E0,0.E0));
#2416=VECTOR('',#2415,1.E0);
#2417=CARTESIAN_POINT('',(1.661738389573E1,1.087E2,3.304281640544E1));
#2418=LINE('',#2417,#2416);
#2419=CARTESIAN_POINT('',(1.661738389573E1,1.087E2,3.094281640544E1));
#2420=DIRECTION('',(0.E0,1.E0,0.E0));
#2421=DIRECTION('',(1.E0,0.E0,0.E0));
#2422=AXIS2_PLACEMENT_3D('',#2419,#2420,#2421);
#2424=DIRECTION('',(0.E0,-1.E0,0.E0));
#2425=VECTOR('',#2424,5.E0);
#2426=CARTESIAN_POINT('',(1.871738389573E1,1.087E2,3.094281640544E1));
#2427=LINE('',#2426,#2425);
#2428=DIRECTION('',(0.E0,1.E0,0.E0));
#2429=VECTOR('',#2428,1.E0);
#2430=CARTESIAN_POINT('',(1.661738389573E1,1.087E2,2.884281640544E1));
#2431=LINE('',#2430,#2429);
#2432=CARTESIAN_POINT('',(1.661738389573E1,1.087E2,3.094281640544E1));
#2433=DIRECTION('',(0.E0,1.E0,0.E0));
#2434=DIRECTION('',(-1.E0,0.E0,0.E0));
#2435=AXIS2_PLACEMENT_3D('',#2432,#2433,#2434);
#2437=DIRECTION('',(0.E0,-1.E0,0.E0));
#2438=VECTOR('',#2437,5.E0);
#2439=CARTESIAN_POINT('',(1.451738389573E1,1.087E2,3.094281640544E1));
#2440=LINE('',#2439,#2438);
#2441=DIRECTION('',(0.E0,1.E0,0.E0));
#2442=VECTOR('',#2441,1.E0);
#2443=CARTESIAN_POINT('',(-6.187383895726E0,1.087E2,3.304281640544E1));
#2444=LINE('',#2443,#2442);
#2445=CARTESIAN_POINT('',(-6.187383895726E0,1.087E2,3.094281640544E1));
#2446=DIRECTION('',(0.E0,1.E0,0.E0));
#2447=DIRECTION('',(1.E0,0.E0,0.E0));
#2448=AXIS2_PLACEMENT_3D('',#2445,#2446,#2447);
#2450=DIRECTION('',(0.E0,-1.E0,0.E0));
#2451=VECTOR('',#2450,5.E0);
#2452=CARTESIAN_POINT('',(-4.087383895726E0,1.087E2,3.094281640544E1));
#2453=LINE('',#2452,#2451);
#2454=DIRECTION('',(0.E0,1.E0,0.E0));
#2455=VECTOR('',#2454,1.E0);
#2456=CARTESIAN_POINT('',(-6.187383895726E0,1.087E2,2.884281640544E1));
#2457=LINE('',#2456,#2455);
#2458=CARTESIAN_POINT('',(-6.187383895726E0,1.087E2,3.094281640544E1));
#2459=DIRECTION('',(0.E0,1.E0,0.E0));
#2460=DIRECTION('',(-1.E0,0.E0,0.E0));
#2461=AXIS2_PLACEMENT_3D('',#2458,#2459,#2460);
#2463=DIRECTION('',(0.E0,-1.E0,0.E0));
#2464=VECTOR('',#2463,5.E0);
#2465=CARTESIAN_POINT('',(-8.287383895726E0,1.087E2,3.094281640544E1));
#2466=LINE('',#2465,#2464);
#2467=CARTESIAN_POINT('',(5.215E0,9.805748867575E1,1.9E1));
#2468=DIRECTION('',(0.E0,1.E0,0.E0));
#2469=DIRECTION('',(1.E0,0.E0,0.E0));
#2470=AXIS2_PLACEMENT_3D('',#2467,#2468,#2469);
#2472=DIRECTION('',(0.E0,-1.E0,0.E0));
#2473=VECTOR('',#2472,5.642511324251E0);
#2474=CARTESIAN_POINT('',(1.3965E1,1.037E2,1.9E1));
#2475=LINE('',#2474,#2473);
#2476=DIRECTION('',(-1.E0,0.E0,0.E0));
#2477=VECTOR('',#2476,1.043E1);
#2478=CARTESIAN_POINT('',(1.043E1,9.805748867575E1,2.E0));
#2479=LINE('',#2478,#2477);
#2480=DIRECTION('',(1.E0,0.E0,0.E0));
#2481=VECTOR('',#2480,7.300626734452E0);
#2482=CARTESIAN_POINT('',(-7.300626734452E0,9.805748867575E1,5.276540345046E0));
#2483=LINE('',#2482,#2481);
#2484=DIRECTION('',(3.316019991007E-10,0.E0,-1.E0));
#2485=VECTOR('',#2484,3.276540345046E0);
#2486=CARTESIAN_POINT('',(1.999999998913E0,9.805748867575E1,3.6E1));
#2487=LINE('',#2486,#2485);
#2488=DIRECTION('',(1.E0,0.E0,0.E0));
#2489=VECTOR('',#2488,6.430000006045E0);
#2490=CARTESIAN_POINT('',(1.999999998913E0,9.805748867575E1,3.6E1));
#2491=LINE('',#2490,#2489);
#2492=DIRECTION('',(-1.513217823182E-9,0.E0,-1.E0));
#2493=VECTOR('',#2492,3.276540345046E0);
#2494=CARTESIAN_POINT('',(8.430000004958E0,9.805748867575E1,3.6E1));
#2495=LINE('',#2494,#2493);
#2496=DIRECTION('',(0.E0,0.E0,1.E0));
#2497=VECTOR('',#2496,2.744691930991E1);
#2498=CARTESIAN_POINT('',(1.773062673445E1,9.805748867575E1,5.276540345046E0));
#2499=LINE('',#2498,#2497);
#2500=DIRECTION('',(1.E0,0.E0,0.E0));
#2501=VECTOR('',#2500,7.300626734452E0);
#2502=CARTESIAN_POINT('',(1.043E1,9.805748867575E1,5.276540345046E0));
#2503=LINE('',#2502,#2501);
#2504=DIRECTION('',(0.E0,0.E0,-1.E0));
#2505=VECTOR('',#2504,3.276540345046E0);
#2506=CARTESIAN_POINT('',(1.043E1,9.805748867575E1,5.276540345046E0));
#2507=LINE('',#2506,#2505);
#2508=CARTESIAN_POINT('',(5.215E0,9.805748867575E1,1.9E1));
#2509=DIRECTION('',(0.E0,1.E0,0.E0));
#2510=DIRECTION('',(-1.E0,0.E0,0.E0));
#2511=AXIS2_PLACEMENT_3D('',#2508,#2509,#2510);
#2513=DIRECTION('',(0.E0,-1.E0,0.E0));
#2514=VECTOR('',#2513,5.642511324251E0);
#2515=CARTESIAN_POINT('',(-3.535E0,1.037E2,1.9E1));
#2516=LINE('',#2515,#2514);
#2517=CARTESIAN_POINT('',(0.E0,9.805748867575E1,2.E0));
#2518=CARTESIAN_POINT('',(0.E0,9.805748867575E1,1.840639979788E0));
#2519=CARTESIAN_POINT('',(-3.841023905396E-2,9.809589891480E1,
1.516707572127E0));
#2520=CARTESIAN_POINT('',(-2.175509014587E-1,9.827503957721E1,
1.045466120210E0));
#2521=CARTESIAN_POINT('',(-5.211612436285E-1,9.857864991938E1,
6.207285780593E-1));
#2522=CARTESIAN_POINT('',(-9.197454261998E-1,9.897723410195E1,
2.895852546519E-1));
#2523=CARTESIAN_POINT('',(-1.415775983503E0,9.947326465925E1,
6.004909724994E-2));
#2524=CARTESIAN_POINT('',(-1.798684238316E0,9.985617291406E1,0.E0));
#2525=CARTESIAN_POINT('',(-2.E0,1.000574886757E2,0.E0));
#2527=CARTESIAN_POINT('',(1.043E1,9.805748867575E1,2.E0));
#2528=CARTESIAN_POINT('',(1.043E1,9.805748867575E1,1.840639979788E0));
#2529=CARTESIAN_POINT('',(1.046841023905E1,9.809589891480E1,1.516707572127E0));
#2530=CARTESIAN_POINT('',(1.064755090146E1,9.827503957721E1,1.045466120210E0));
#2531=CARTESIAN_POINT('',(1.095116124363E1,9.857864991938E1,6.207285780592E-1));
#2532=CARTESIAN_POINT('',(1.134974542620E1,9.897723410195E1,2.895852546519E-1));
#2533=CARTESIAN_POINT('',(1.184577598350E1,9.947326465925E1,6.004909724994E-2));
#2534=CARTESIAN_POINT('',(1.222868423832E1,9.985617291406E1,0.E0));
#2535=CARTESIAN_POINT('',(1.243E1,1.000574886757E2,0.E0));
#2537=DIRECTION('',(0.E0,-1.E0,0.E0));
#2538=VECTOR('',#2537,2.684885883560E1);
#2539=CARTESIAN_POINT('',(1.043E1,9.605748867684E1,3.6E1));
#2540=LINE('',#2539,#2538);
#2541=DIRECTION('',(0.E0,0.E0,-1.E0));
#2542=VECTOR('',#2541,3.276540345046E0);
#2543=CARTESIAN_POINT('',(1.043E1,6.920862984123E1,3.6E1));
#2544=LINE('',#2543,#2542);
#2545=DIRECTION('',(0.E0,-3.316056585731E-10,-1.E0));
#2546=VECTOR('',#2545,3.276540345046E0);
#2547=CARTESIAN_POINT('',(1.043E1,9.605748867684E1,3.6E1));
#2548=LINE('',#2547,#2546);
#2549=DIRECTION('',(0.E0,1.E0,0.E0));
#2550=VECTOR('',#2549,2.884885883451E1);
#2551=CARTESIAN_POINT('',(1.043E1,6.920862984123E1,2.E0));
#2552=LINE('',#2551,#2550);
#2553=DIRECTION('',(0.E0,0.E0,-1.E0));
#2554=VECTOR('',#2553,3.276540345046E0);
#2555=CARTESIAN_POINT('',(1.043E1,6.920862984123E1,5.276540345046E0));
#2556=LINE('',#2555,#2554);
#2557=CARTESIAN_POINT('',(1.243E1,9.605748867575E1,3.6E1));
#2558=DIRECTION('',(0.E0,-1.E0,0.E0));
#2559=DIRECTION('',(0.E0,0.E0,1.E0));
#2560=AXIS2_PLACEMENT_3D('',#2557,#2558,#2559);
#2562=CARTESIAN_POINT('',(1.043E1,6.920862984123E1,3.6E1));
#2563=CARTESIAN_POINT('',(1.043E1,6.920862984123E1,3.615936002021E1));
#2564=CARTESIAN_POINT('',(1.046841023905E1,6.917021960218E1,3.648329242787E1));
#2565=CARTESIAN_POINT('',(1.064755090146E1,6.899107893978E1,3.695453387979E1));
#2566=CARTESIAN_POINT('',(1.095116124363E1,6.868746859761E1,3.737927142194E1));
#2567=CARTESIAN_POINT('',(1.134974542620E1,6.828888441504E1,3.771041474535E1));
#2568=CARTESIAN_POINT('',(1.184577598350E1,6.779285385773E1,3.793995090275E1));
#2569=CARTESIAN_POINT('',(1.222868423832E1,6.740994560292E1,3.8E1));
#2570=CARTESIAN_POINT('',(1.243E1,6.720862984123E1,3.8E1));
#2572=CARTESIAN_POINT('',(8.43E0,1.000574886757E2,3.6E1));
#2573=DIRECTION('',(1.E0,0.E0,0.E0));
#2574=DIRECTION('',(0.E0,0.E0,1.E0));
#2575=AXIS2_PLACEMENT_3D('',#2572,#2573,#2574);
#2577=CARTESIAN_POINT('',(8.43E0,9.605748867575E1,3.6E1));
#2578=DIRECTION('',(0.E0,0.E0,-1.E0));
#2579=DIRECTION('',(0.E0,1.E0,0.E0));
#2580=AXIS2_PLACEMENT_3D('',#2577,#2578,#2579);
#2582=CARTESIAN_POINT('',(8.43E0,9.605748867575E1,3.272345965495E1));
#2583=DIRECTION('',(0.E0,0.E0,1.E0));
#2584=DIRECTION('',(1.E0,0.E0,0.E0));
#2585=AXIS2_PLACEMENT_3D('',#2582,#2583,#2584);
#2587=CARTESIAN_POINT('',(3.920223950545E0,4.251066445070E0,3.272345965495E1));
#2588=DIRECTION('',(0.E0,0.E0,-1.E0));
#2589=DIRECTION('',(-6.238664723301E-2,9.980520558804E-1,0.E0));
#2590=AXIS2_PLACEMENT_3D('',#2587,#2588,#2589);
#2592=DIRECTION('',(0.E0,1.E0,0.E0));
#2593=VECTOR('',#2592,3.972722455460E1);
#2594=CARTESIAN_POINT('',(1.773062673445E1,5.833026412115E1,3.272345965495E1));
#2595=LINE('',#2594,#2593);
#2596=DIRECTION('',(-1.E0,0.E0,0.E0));
#2597=VECTOR('',#2596,9.300626734452E0);
#2598=CARTESIAN_POINT('',(1.773062673445E1,9.805748867575E1,3.272345965495E1));
#2599=LINE('',#2598,#2597);
#2600=DIRECTION('',(0.E0,-1.E0,0.E0));
#2601=VECTOR('',#2600,2.684885883451E1);
#2602=CARTESIAN_POINT('',(1.043E1,9.605748867575E1,3.272345965495E1));
#2603=LINE('',#2602,#2601);
#2604=DIRECTION('',(1.E0,0.E0,0.E0));
#2605=VECTOR('',#2604,1.043E1);
#2606=CARTESIAN_POINT('',(0.E0,6.920862984123E1,3.272345965495E1));
#2607=LINE('',#2606,#2605);
#2608=DIRECTION('',(0.E0,-1.E0,0.E0));
#2609=VECTOR('',#2608,2.684885883451E1);
#2610=CARTESIAN_POINT('',(0.E0,9.605748867575E1,3.272345965495E1));
#2611=LINE('',#2610,#2609);
#2612=DIRECTION('',(-1.E0,0.E0,0.E0));
#2613=VECTOR('',#2612,9.300626734452E0);
#2614=CARTESIAN_POINT('',(2.E0,9.805748867575E1,3.272345965495E1));
#2615=LINE('',#2614,#2613);
#2616=CARTESIAN_POINT('',(2.16E0,3.241086041653E1,3.272345965495E1));
#2617=DIRECTION('',(0.E0,0.E0,-1.E0));
#2618=DIRECTION('',(-3.427763309584E-1,9.394170463296E-1,0.E0));
#2619=AXIS2_PLACEMENT_3D('',#2616,#2617,#2618);
#2621=CARTESIAN_POINT('',(4.381285364677E-1,5.995709715725E1,3.372345965495E1));
#2622=DIRECTION('',(9.980520558804E-1,6.238664723301E-2,0.E0));
#2623=DIRECTION('',(6.238664723301E-2,-9.980520558804E-1,0.E0));
#2624=AXIS2_PLACEMENT_3D('',#2621,#2622,#2623);
#2626=CARTESIAN_POINT('',(1.773062673445E1,5.806499415653E1,3.275704363408E1));
#2627=CARTESIAN_POINT('',(1.773062673445E1,5.810812477573E1,3.274593462763E1));
#2628=CARTESIAN_POINT('',(1.773062673445E1,5.819545500120E1,3.272921489130E1));
#2629=CARTESIAN_POINT('',(1.773062673445E1,5.828496653763E1,3.272345965490E1));
#2630=CARTESIAN_POINT('',(1.773062673445E1,5.833026412115E1,3.272345965495E1));
#2632=CARTESIAN_POINT('',(-7.300626734452E0,5.795171569435E1,3.279178085887E1));
#2633=CARTESIAN_POINT('',(-7.300626734452E0,5.785643261501E1,3.282662064368E1));
#2634=CARTESIAN_POINT('',(-7.327833305691E0,5.766606390566E1,3.292209327161E1));
#2635=CARTESIAN_POINT('',(-7.449578637628E0,5.740017323095E1,3.313578237446E1));
#2636=CARTESIAN_POINT('',(-7.644560735131E0,5.717728728131E1,3.340404597247E1));
#2637=CARTESIAN_POINT('',(-7.821699956937E0,5.706724547848E1,3.361347463326E1));
#2638=CARTESIAN_POINT('',(-7.921618519192E0,5.702632238598E1,3.372345965495E1));
#2640=DIRECTION('',(-8.566245543478E-12,4.210265520668E-11,-1.E0));
#2641=VECTOR('',#2640,2.844691930991E1);
#2642=CARTESIAN_POINT('',(-7.921618519192E0,5.702632238598E1,3.372345965495E1));
#2643=LINE('',#2642,#2641);
#2644=DIRECTION('',(7.829292112458E-11,1.735409283546E-10,1.E0));
#2645=VECTOR('',#2644,4.276540347633E0);
#2646=CARTESIAN_POINT('',(-2.538958431225E0,5.859252937834E1,
9.999999974135E-1));
#2647=LINE('',#2646,#2645);
#2648=CARTESIAN_POINT('',(2.16E0,3.241086041653E1,1.E0));
#2649=DIRECTION('',(0.E0,0.E0,1.E0));
#2650=DIRECTION('',(-1.766525726119E-1,9.842732692650E-1,0.E0));
#2651=AXIS2_PLACEMENT_3D('',#2648,#2649,#2650);
#2653=DIRECTION('',(0.E0,0.E0,1.E0));
#2654=VECTOR('',#2653,3.6E1);
#2655=CARTESIAN_POINT('',(-1.620068299155E1,5.165781654093E1,1.E0));
#2656=LINE('',#2655,#2654);
#2657=CARTESIAN_POINT('',(2.16E0,3.241086041653E1,3.7E1));
#2658=DIRECTION('',(0.E0,0.E0,-1.E0));
#2659=DIRECTION('',(-6.902512403611E-1,7.235697790677E-1,0.E0));
#2660=AXIS2_PLACEMENT_3D('',#2657,#2658,#2659);
#2662=CARTESIAN_POINT('',(2.16E0,3.241086041653E1,3.372345965495E1));
#2663=DIRECTION('',(0.E0,0.E0,-1.E0));
#2664=DIRECTION('',(-3.790082150283E-1,9.253933071625E-1,0.E0));
#2665=AXIS2_PLACEMENT_3D('',#2662,#2663,#2664);
#2667=CARTESIAN_POINT('',(-8.300626734452E0,5.795171569435E1,5.276540345046E0));
#2668=DIRECTION('',(0.E0,0.E0,-1.E0));
#2669=DIRECTION('',(1.E0,0.E0,0.E0));
#2670=AXIS2_PLACEMENT_3D('',#2667,#2668,#2669);
#2672=DIRECTION('',(0.E0,0.E0,1.E0));
#2673=VECTOR('',#2672,2.751524051382E1);
#2674=CARTESIAN_POINT('',(-7.300626734452E0,5.795171569435E1,5.276540345046E0));
#2675=LINE('',#2674,#2673);
#2676=CARTESIAN_POINT('',(-7.300626734452E0,5.833877089522E1,3.272345965495E1));
#2677=CARTESIAN_POINT('',(-7.300626734452E0,5.827308014478E1,3.272345965473E1));
#2678=CARTESIAN_POINT('',(-7.300626734452E0,5.814292856417E1,3.273477727786E1));
#2679=CARTESIAN_POINT('',(-7.300626734452E0,5.801494690255E1,3.276866068158E1));
#2680=CARTESIAN_POINT('',(-7.300626734452E0,5.795171569435E1,3.279178085887E1));
#2682=DIRECTION('',(0.E0,1.E0,0.E0));
#2683=VECTOR('',#2682,3.971871778053E1);
#2684=CARTESIAN_POINT('',(-7.300626734452E0,5.833877089522E1,3.272345965495E1));
#2685=LINE('',#2684,#2683);
#2686=DIRECTION('',(0.E0,0.E0,-1.E0));
#2687=VECTOR('',#2686,2.744691930991E1);
#2688=CARTESIAN_POINT('',(-7.300626734452E0,9.805748867575E1,3.272345965495E1));
#2689=LINE('',#2688,#2687);
#2690=CARTESIAN_POINT('',(2.16E0,3.241086041653E1,5.276540345046E0));
#2691=DIRECTION('',(0.E0,0.E0,1.E0));
#2692=DIRECTION('',(-1.766525725899E-1,9.842732692690E-1,0.E0));
#2693=AXIS2_PLACEMENT_3D('',#2690,#2691,#2692);
#2695=DIRECTION('',(0.E0,1.E0,0.E0));
#2696=VECTOR('',#2695,4.010577298140E1);
#2697=CARTESIAN_POINT('',(-7.300626734452E0,5.795171569435E1,5.276540345046E0));
#2698=LINE('',#2697,#2696);
#2699=DIRECTION('',(0.E0,-1.E0,0.E0));
#2700=VECTOR('',#2699,2.884885883451E1);
#2701=CARTESIAN_POINT('',(0.E0,9.805748867575E1,5.276540345046E0));
#2702=LINE('',#2701,#2700);
#2703=DIRECTION('',(1.E0,0.E0,0.E0));
#2704=VECTOR('',#2703,1.043E1);
#2705=CARTESIAN_POINT('',(0.E0,6.920862984123E1,5.276540345046E0));
#2706=LINE('',#2705,#2704);
#2707=DIRECTION('',(0.E0,-1.E0,0.E0));
#2708=VECTOR('',#2707,2.884885883451E1);
#2709=CARTESIAN_POINT('',(1.043E1,9.805748867575E1,5.276540345046E0));
#2710=LINE('',#2709,#2708);
#2711=CARTESIAN_POINT('',(3.920223950545E0,4.251066445070E0,5.276540345046E0));
#2712=DIRECTION('',(0.E0,0.E0,1.E0));
#2713=DIRECTION('',(2.474328311389E-1,9.689050490500E-1,0.E0));
#2714=AXIS2_PLACEMENT_3D('',#2711,#2712,#2713);
#2716=DIRECTION('',(0.E0,1.E0,0.E0));
#2717=VECTOR('',#2716,2.684885884443E1);
#2718=CARTESIAN_POINT('',(0.E0,6.920862984123E1,3.6E1));
#2719=LINE('',#2718,#2717);
#2720=DIRECTION('',(0.E0,-3.026378179096E-9,-1.E0));
#2721=VECTOR('',#2720,3.276540345046E0);
#2722=CARTESIAN_POINT('',(0.E0,9.605748868567E1,3.6E1));
#2723=LINE('',#2722,#2721);
#2724=DIRECTION('',(0.E0,-1.E0,0.E0));
#2725=VECTOR('',#2724,2.884885883451E1);
#2726=CARTESIAN_POINT('',(0.E0,9.805748867575E1,2.E0));
#2727=LINE('',#2726,#2725);
#2728=DIRECTION('',(0.E0,0.E0,-1.E0));
#2729=VECTOR('',#2728,3.276540345046E0);
#2730=CARTESIAN_POINT('',(0.E0,9.805748867575E1,5.276540345046E0));
#2731=LINE('',#2730,#2729);
#2732=CARTESIAN_POINT('',(-2.E0,9.605748867575E1,3.6E1));
#2733=DIRECTION('',(0.E0,1.E0,0.E0));
#2734=DIRECTION('',(0.E0,0.E0,1.E0));
#2735=AXIS2_PLACEMENT_3D('',#2732,#2733,#2734);
#2737=CARTESIAN_POINT('',(2.E0,1.000574886757E2,3.6E1));
#2738=DIRECTION('',(1.E0,0.E0,0.E0));
#2739=DIRECTION('',(0.E0,0.E0,1.E0));
#2740=AXIS2_PLACEMENT_3D('',#2737,#2738,#2739);
#2742=CARTESIAN_POINT('',(2.E0,9.605748867575E1,3.6E1));
#2743=DIRECTION('',(0.E0,0.E0,-1.E0));
#2744=DIRECTION('',(-1.E0,0.E0,0.E0));
#2745=AXIS2_PLACEMENT_3D('',#2742,#2743,#2744);
#2747=CARTESIAN_POINT('',(2.E0,9.605748867575E1,3.272345965495E1));
#2748=DIRECTION('',(0.E0,0.E0,1.E0));
#2749=DIRECTION('',(0.E0,1.E0,0.E0));
#2750=AXIS2_PLACEMENT_3D('',#2747,#2748,#2749);
#2752=CARTESIAN_POINT('',(0.E0,6.920862984123E1,3.6E1));
#2753=CARTESIAN_POINT('',(0.E0,6.920862984123E1,3.615936002021E1));
#2754=CARTESIAN_POINT('',(-3.841023905396E-2,6.917021960218E1,
3.648329242787E1));
#2755=CARTESIAN_POINT('',(-2.175509014587E-1,6.899107893978E1,
3.695453387979E1));
#2756=CARTESIAN_POINT('',(-5.211612436285E-1,6.868746859761E1,
3.737927142194E1));
#2757=CARTESIAN_POINT('',(-9.197454261998E-1,6.828888441504E1,
3.771041474535E1));
#2758=CARTESIAN_POINT('',(-1.415775983503E0,6.779285385773E1,3.793995090275E1));
#2759=CARTESIAN_POINT('',(-1.798684238316E0,6.740994560292E1,3.8E1));
#2760=CARTESIAN_POINT('',(-2.E0,6.720862984123E1,3.8E1));
#2762=DIRECTION('',(-1.E0,0.E0,0.E0));
#2763=VECTOR('',#2762,1.043E1);
#2764=CARTESIAN_POINT('',(1.043E1,6.920862984123E1,3.6E1));
#2765=LINE('',#2764,#2763);
#2766=DIRECTION('',(0.E0,0.E0,-1.E0));
#2767=VECTOR('',#2766,3.276540345046E0);
#2768=CARTESIAN_POINT('',(0.E0,6.920862984123E1,3.6E1));
#2769=LINE('',#2768,#2767);
#2770=DIRECTION('',(1.E0,0.E0,0.E0));
#2771=VECTOR('',#2770,1.043E1);
#2772=CARTESIAN_POINT('',(0.E0,6.920862984123E1,2.E0));
#2773=LINE('',#2772,#2771);
#2774=DIRECTION('',(0.E0,0.E0,-1.E0));
#2775=VECTOR('',#2774,3.276540345046E0);
#2776=CARTESIAN_POINT('',(0.E0,6.920862984123E1,5.276540345046E0));
#2777=LINE('',#2776,#2775);
#2778=CARTESIAN_POINT('',(1.043E1,6.920862984123E1,2.E0));
#2779=CARTESIAN_POINT('',(1.043E1,6.920862984123E1,1.840639979788E0));
#2780=CARTESIAN_POINT('',(1.046841023905E1,6.917021960218E1,1.516707572127E0));
#2781=CARTESIAN_POINT('',(1.064755090146E1,6.899107893978E1,1.045466120210E0));
#2782=CARTESIAN_POINT('',(1.095116124363E1,6.868746859761E1,6.207285780592E-1));
#2783=CARTESIAN_POINT('',(1.134974542620E1,6.828888441504E1,2.895852546519E-1));
#2784=CARTESIAN_POINT('',(1.184577598350E1,6.779285385773E1,6.004909724992E-2));
#2785=CARTESIAN_POINT('',(1.222868423832E1,6.740994560292E1,0.E0));
#2786=CARTESIAN_POINT('',(1.243E1,6.720862984123E1,0.E0));
#2788=CARTESIAN_POINT('',(0.E0,6.920862984123E1,2.E0));
#2789=CARTESIAN_POINT('',(0.E0,6.920862984123E1,1.840639979788E0));
#2790=CARTESIAN_POINT('',(-3.841023905391E-2,6.917021960218E1,
1.516707572127E0));
#2791=CARTESIAN_POINT('',(-2.175509014587E-1,6.899107893978E1,
1.045466120210E0));
#2792=CARTESIAN_POINT('',(-5.211612436285E-1,6.868746859761E1,
6.207285780592E-1));
#2793=CARTESIAN_POINT('',(-9.197454261998E-1,6.828888441504E1,
2.895852546519E-1));
#2794=CARTESIAN_POINT('',(-1.415775983502E0,6.779285385773E1,
6.004909724994E-2));
#2795=CARTESIAN_POINT('',(-1.798684238316E0,6.740994560292E1,0.E0));
#2796=CARTESIAN_POINT('',(-2.E0,6.720862984123E1,0.E0));
#2798=DIRECTION('',(0.E0,0.E0,-1.E0));
#2799=VECTOR('',#2798,2.751408726857E1);
#2800=CARTESIAN_POINT('',(1.773062673445E1,5.806499415653E1,3.275704363408E1));
#2801=LINE('',#2800,#2799);
#2802=CARTESIAN_POINT('',(1.773062673445E1,5.833026412127E1,5.276540345046E0));
#2803=CARTESIAN_POINT('',(1.773062673445E1,5.828496653776E1,5.276540345046E0));
#2804=CARTESIAN_POINT('',(1.773062673445E1,5.819545500116E1,5.270785108489E0));
#2805=CARTESIAN_POINT('',(1.773062673445E1,5.810812477573E1,5.254065372025E0));
#2806=CARTESIAN_POINT('',(1.773062673445E1,5.806499415653E1,5.242956365503E0));
#2808=DIRECTION('',(1.502385089147E-14,1.E0,0.E0));
#2809=VECTOR('',#2808,3.972722455448E1);
#2810=CARTESIAN_POINT('',(1.773062673445E1,5.833026412127E1,5.276540345046E0));
#2811=LINE('',#2810,#2809);
#2812=CARTESIAN_POINT('',(1.773062673445E1,5.806499415653E1,3.275704363408E1));
#2813=CARTESIAN_POINT('',(1.773062673445E1,5.796070131675E1,3.278390598502E1));
#2814=CARTESIAN_POINT('',(1.776323136693E1,5.775151960311E1,3.286951737419E1));
#2815=CARTESIAN_POINT('',(1.791063823386E1,5.746305630577E1,3.308788062824E1));
#2816=CARTESIAN_POINT('',(1.814261809806E1,5.723385288097E1,3.337394969206E1));
#2817=CARTESIAN_POINT('',(1.834987469573E1,5.713260237903E1,3.360267926114E1));
#2818=CARTESIAN_POINT('',(1.846527749380E1,5.710084179225E1,3.372345965495E1));
#2820=CARTESIAN_POINT('',(3.920223950545E0,4.251066445070E0,3.372345965495E1));
#2821=DIRECTION('',(0.E0,0.E0,-1.E0));
#2822=DIRECTION('',(-6.238664723301E-2,9.980520558804E-1,0.E0));
#2823=AXIS2_PLACEMENT_3D('',#2820,#2821,#2822);
#2825=DIRECTION('',(-1.992780216641E-10,1.678196051375E-10,1.E0));
#2826=VECTOR('',#2825,3.276540345046E0);
#2827=CARTESIAN_POINT('',(5.005151843016E-1,5.895904510169E1,3.372345965495E1));
#2828=LINE('',#2827,#2826);
#2829=CARTESIAN_POINT('',(3.920223950545E0,4.251066445070E0,3.7E1));
#2830=DIRECTION('',(0.E0,0.E0,-1.E0));
#2831=DIRECTION('',(-6.238664723301E-2,9.980520558804E-1,0.E0));
#2832=AXIS2_PLACEMENT_3D('',#2829,#2830,#2831);
#2834=CARTESIAN_POINT('',(3.920223950545E0,4.251066445070E0,1.E0));
#2835=DIRECTION('',(0.E0,0.E0,1.E0));
#2836=DIRECTION('',(9.895973586642E-1,1.438647549777E-1,0.E0));
#2837=AXIS2_PLACEMENT_3D('',#2834,#2835,#2836);
#2839=DIRECTION('',(-6.318092493836E-11,1.346208722685E-10,1.E0));
#2840=VECTOR('',#2839,3.276540346771E0);
#2841=CARTESIAN_POINT('',(1.033492288576E1,5.868918704458E1,9.999999982748E-1));
#2842=LINE('',#2841,#2840);
#2843=CARTESIAN_POINT('',(3.920223950545E0,4.251066445070E0,4.276540345046E0));
#2844=DIRECTION('',(0.E0,0.E0,1.E0));
#2845=DIRECTION('',(2.653492406054E-1,9.641523637424E-1,0.E0));
#2846=AXIS2_PLACEMENT_3D('',#2843,#2844,#2845);
#2848=DIRECTION('',(4.750637998637E-12,1.726425475043E-11,-1.E0));
#2849=VECTOR('',#2848,2.944691930991E1);
#2850=CARTESIAN_POINT('',(1.846527749380E1,5.710084179225E1,3.372345965495E1));
#2851=LINE('',#2850,#2849);
#2852=CARTESIAN_POINT('',(3.920223950545E0,4.251066445070E0,3.8E1));
#2853=DIRECTION('',(0.E0,0.E0,-1.E0));
#2854=DIRECTION('',(-6.238664723301E-2,9.980520558804E-1,0.E0));
#2855=AXIS2_PLACEMENT_3D('',#2852,#2853,#2854);
#2857=CARTESIAN_POINT('',(4.381285364370E-1,5.995709715774E1,3.7E1));
#2858=DIRECTION('',(9.980520558804E-1,6.238664723301E-2,0.E0));
#2859=DIRECTION('',(-6.796246898588E-11,1.087251177978E-9,1.E0));
#2860=AXIS2_PLACEMENT_3D('',#2857,#2858,#2859);
#2862=CARTESIAN_POINT('',(-4.213929276878E1,2.331854702741E1,3.7E1));
#2863=DIRECTION('',(6.557422633019E-1,7.549848237678E-1,0.E0));
#2864=DIRECTION('',(0.E0,0.E0,1.E0));
#2865=AXIS2_PLACEMENT_3D('',#2862,#2863,#2864);
#2867=CARTESIAN_POINT('',(-1.620068299155E1,5.165781654094E1,3.7E1));
#2868=CARTESIAN_POINT('',(-1.620068299155E1,5.165781654094E1,3.710477778549E1));
#2869=CARTESIAN_POINT('',(-1.622472421295E1,5.168076210940E1,3.731436432415E1));
#2870=CARTESIAN_POINT('',(-1.632957151013E1,5.178081348702E1,3.759817444148E1));
#2871=CARTESIAN_POINT('',(-1.649284461580E1,5.193656593306E1,3.782311136590E1));
#2872=CARTESIAN_POINT('',(-1.669822428125E1,5.213239630160E1,3.796709214599E1));
#2873=CARTESIAN_POINT('',(-1.684956624213E1,5.227662587601E1,3.800000000009E1));
#2874=CARTESIAN_POINT('',(-1.692517719740E1,5.234866399024E1,3.8E1));
#2876=DIRECTION('',(6.557422633034E-1,7.549848237665E-1,0.E0));
#2877=VECTOR('',#2876,3.840476108151E1);
#2878=CARTESIAN_POINT('',(-4.138430794477E1,2.266280476402E1,3.7E1));
#2879=LINE('',#2878,#2877);
#2880=DIRECTION('',(-6.557422633034E-1,-7.549848237665E-1,0.E0));
#2881=VECTOR('',#2880,3.840476108146E1);
#2882=CARTESIAN_POINT('',(-1.620068299155E1,5.165781654093E1,1.E0));
#2883=LINE('',#2882,#2881);
#2884=DIRECTION('',(-9.623906609906E-13,-1.108249294804E-12,1.E0));
#2885=VECTOR('',#2884,3.6E1);
#2886=CARTESIAN_POINT('',(-4.138430794473E1,2.266280476406E1,1.E0));
#2887=LINE('',#2886,#2885);
#2888=CARTESIAN_POINT('',(-6.457969754077E0,-7.672475274867E0,1.E0));
#2889=DIRECTION('',(0.E0,0.E0,1.E0));
#2890=DIRECTION('',(-7.549848237678E-1,6.557422633019E-1,0.E0));
#2891=AXIS2_PLACEMENT_3D('',#2888,#2889,#2890);
#2893=DIRECTION('',(2.337882973633E-11,8.698875027122E-10,1.E0));
#2894=VECTOR('',#2893,5.04E0);
#2895=CARTESIAN_POINT('',(-5.207826608847E1,-4.384225427145E-9,1.E0));
#2896=LINE('',#2895,#2894);
#2897=CARTESIAN_POINT('',(-6.457969754077E0,-7.672475274867E0,6.04E0));
#2898=DIRECTION('',(0.E0,0.E0,1.E0));
#2899=DIRECTION('',(-9.707737432273E-1,2.399965405179E-1,0.E0));
#2900=AXIS2_PLACEMENT_3D('',#2897,#2898,#2899);
#2902=DIRECTION('',(0.E0,0.E0,1.E0));
#2903=VECTOR('',#2902,2.5E1);
#2904=CARTESIAN_POINT('',(-5.136691493476E1,3.43E0,6.04E0));
#2905=LINE('',#2904,#2903);
#2906=CARTESIAN_POINT('',(-6.457969754077E0,-7.672475274867E0,3.104E1));
#2907=DIRECTION('',(0.E0,0.E0,1.E0));
#2908=DIRECTION('',(-9.707737432273E-1,2.399965405179E-1,0.E0));
#2909=AXIS2_PLACEMENT_3D('',#2906,#2907,#2908);
#2911=DIRECTION('',(2.000487769472E-11,-1.296434250035E-10,1.E0));
#2912=VECTOR('',#2911,5.96E0);
#2913=CARTESIAN_POINT('',(-5.207826608836E1,0.E0,3.104E1));
#2914=LINE('',#2913,#2912);
#2915=CARTESIAN_POINT('',(-6.457969754077E0,-7.672475274867E0,3.7E1));
#2916=DIRECTION('',(0.E0,0.E0,-1.E0));
#2917=DIRECTION('',(-9.861506579899E-1,1.658519814356E-1,0.E0));
#2918=AXIS2_PLACEMENT_3D('',#2915,#2916,#2917);
#2920=DIRECTION('',(0.E0,0.E0,-1.E0));
#2921=VECTOR('',#2920,5.96E0);
#2922=CARTESIAN_POINT('',(-5.207826608836E1,-6.918903415372E0,3.7E1));
#2923=LINE('',#2922,#2921);
#2924=DIRECTION('',(-1.723236529202E-11,-1.E0,0.E0));
#2925=VECTOR('',#2924,6.918903414599E0);
#2926=CARTESIAN_POINT('',(-5.207826608824E1,-7.726672635044E-10,3.7E1));
#2927=LINE('',#2926,#2925);
#2928=DIRECTION('',(-1.703108141549E-11,1.E0,0.E0));
#2929=VECTOR('',#2928,6.918903410987E0);
#2930=CARTESIAN_POINT('',(-5.207826608836E1,-6.918903415372E0,1.E0));
#2931=LINE('',#2930,#2929);
#2932=DIRECTION('',(0.E0,0.E0,-1.E0));
#2933=VECTOR('',#2932,5.04E0);
#2934=CARTESIAN_POINT('',(-5.207826608836E1,-6.918903415372E0,6.04E0));
#2935=LINE('',#2934,#2933);
#2936=CARTESIAN_POINT('',(-5.307826608836E1,8.305468969190E-2,3.8E1));
#2937=CARTESIAN_POINT('',(-5.297371386244E1,7.441763288408E-2,3.8E1));
#2938=CARTESIAN_POINT('',(-5.276471331222E1,5.712234602896E-2,
3.796704393564E1));
#2939=CARTESIAN_POINT('',(-5.248113942571E1,3.357804553882E-2,
3.782256587341E1));
#2940=CARTESIAN_POINT('',(-5.225729193678E1,1.494002057369E-2,
3.759946458581E1));
#2941=CARTESIAN_POINT('',(-5.211152104080E1,2.777716219035E-3,
3.731498839714E1));
#2942=CARTESIAN_POINT('',(-5.207826608824E1,-7.726671859345E-10,
3.710505176365E1));
#2943=CARTESIAN_POINT('',(-5.207826608824E1,-7.726672635044E-10,3.7E1));
#2945=CARTESIAN_POINT('',(-6.457969754077E0,-7.672475274867E0,3.8E1));
#2946=DIRECTION('',(0.E0,0.E0,-1.E0));
#2947=DIRECTION('',(-9.864436976780E-1,1.641000649339E-1,0.E0));
#2948=AXIS2_PLACEMENT_3D('',#2945,#2946,#2947);
#2950=DIRECTION('',(1.E0,0.E0,0.E0));
#2951=VECTOR('',#2950,9.870531207025E0);
#2952=CARTESIAN_POINT('',(5.816476045361E1,3.43E0,6.04E0));
#2953=LINE('',#2952,#2951);
#2954=DIRECTION('',(1.E0,0.E0,0.E0));
#2955=VECTOR('',#2954,9.028522938054E0);
#2956=CARTESIAN_POINT('',(-6.039543787282E1,3.43E0,6.04E0));
#2957=LINE('',#2956,#2955);
#2958=DIRECTION('',(7.584198674280E-12,1.E0,0.E0));
#2959=VECTOR('',#2958,1.740521775849E1);
#2960=CARTESIAN_POINT('',(5.816476045361E1,-5.268240056004E0,3.7E1));
#2961=LINE('',#2960,#2959);
#2962=DIRECTION('',(0.E0,0.E0,1.E0));
#2963=VECTOR('',#2962,5.96E0);
#2964=CARTESIAN_POINT('',(5.816476045361E1,-5.268240056004E0,3.104E1));
#2965=LINE('',#2964,#2963);
#2966=DIRECTION('',(0.E0,0.E0,1.E0));
#2967=VECTOR('',#2966,2.5E1);
#2968=CARTESIAN_POINT('',(5.816476045361E1,3.43E0,6.04E0));
#2969=LINE('',#2968,#2967);
#2970=DIRECTION('',(0.E0,0.E0,-1.E0));
#2971=VECTOR('',#2970,5.04E0);
#2972=CARTESIAN_POINT('',(5.816476045361E1,-5.268240056004E0,6.04E0));
#2973=LINE('',#2972,#2971);
#2974=DIRECTION('',(-3.347530903169E-14,1.E0,0.E0));
#2975=VECTOR('',#2974,1.740521776130E1);
#2976=CARTESIAN_POINT('',(5.816476045361E1,-5.268240056004E0,1.E0));
#2977=LINE('',#2976,#2975);
#2978=DIRECTION('',(3.683177220005E-12,-7.793296872036E-11,1.E0));
#2979=VECTOR('',#2978,3.6E1);
#2980=CARTESIAN_POINT('',(5.816476045361E1,1.213697770529E1,1.E0));
#2981=LINE('',#2980,#2979);
#2982=DIRECTION('',(0.E0,0.E0,1.E0));
#2983=VECTOR('',#2982,5.959999999997E0);
#2984=CARTESIAN_POINT('',(5.916476045361E1,-6.268240056004E0,3.104E1));
#2985=LINE('',#2984,#2983);
#2986=DIRECTION('',(1.E0,0.E0,3.493792623474E-13));
#2987=VECTOR('',#2986,7.870531207022E0);
#2988=CARTESIAN_POINT('',(5.916476045361E1,-6.268240056004E0,3.7E1));
#2989=LINE('',#2988,#2987);
#2990=DIRECTION('',(-5.431704468922E-13,0.E0,-1.E0));
#2991=VECTOR('',#2990,3.6E1);
#2992=CARTESIAN_POINT('',(6.703529166064E1,-6.268240056004E0,3.7E1));
#2993=LINE('',#2992,#2991);
#2994=DIRECTION('',(-1.E0,0.E0,-9.201549778535E-10));
#2995=VECTOR('',#2994,7.870531207003E0);
#2996=CARTESIAN_POINT('',(6.703529166062E1,-6.268240056004E0,1.E0));
#2997=LINE('',#2996,#2995);
#2998=DIRECTION('',(0.E0,0.E0,-1.E0));
#2999=VECTOR('',#2998,5.040000007242E0);
#3000=CARTESIAN_POINT('',(5.916476045361E1,-6.268240056004E0,6.04E0));
#3001=LINE('',#3000,#2999);
#3002=DIRECTION('',(1.E0,0.E0,0.E0));
#3003=VECTOR('',#3002,9.793101846454E-1);
#3004=CARTESIAN_POINT('',(5.916476045361E1,-6.268240056004E0,6.04E0));
#3005=LINE('',#3004,#3003);
#3006=DIRECTION('',(0.E0,0.E0,-1.E0));
#3007=VECTOR('',#3006,2.5E1);
#3008=CARTESIAN_POINT('',(6.014407063826E1,-6.268240056004E0,3.104E1));
#3009=LINE('',#3008,#3007);
#3010=DIRECTION('',(1.E0,0.E0,0.E0));
#3011=VECTOR('',#3010,9.793101846454E-1);
#3012=CARTESIAN_POINT('',(5.916476045361E1,-6.268240056004E0,3.104E1));
#3013=LINE('',#3012,#3011);
#3014=CARTESIAN_POINT('',(5.916476045361E1,-5.268240056004E0,1.E0));
#3015=DIRECTION('',(1.E0,0.E0,0.E0));
#3016=DIRECTION('',(0.E0,-1.E0,0.E0));
#3017=AXIS2_PLACEMENT_3D('',#3014,#3015,#3016);
#3019=CARTESIAN_POINT('',(6.703529166064E1,-5.268240056004E0,1.E0));
#3020=DIRECTION('',(-1.E0,0.E0,0.E0));
#3021=DIRECTION('',(0.E0,0.E0,-1.E0));
#3022=AXIS2_PLACEMENT_3D('',#3019,#3020,#3021);
#3024=CARTESIAN_POINT('',(5.916476045361E1,-5.268240056004E0,1.E0));
#3025=DIRECTION('',(0.E0,0.E0,-1.E0));
#3026=DIRECTION('',(0.E0,-1.E0,0.E0));
#3027=AXIS2_PLACEMENT_3D('',#3024,#3025,#3026);
#3029=CARTESIAN_POINT('',(5.916476045361E1,-5.268240056004E0,1.E0));
#3030=DIRECTION('',(0.E0,1.E0,0.E0));
#3031=DIRECTION('',(0.E0,0.E0,-1.E0));
#3032=AXIS2_PLACEMENT_3D('',#3029,#3030,#3031);
#3034=CARTESIAN_POINT('',(5.916476045361E1,1.220895767295E1,0.E0));
#3035=CARTESIAN_POINT('',(5.906031830918E1,1.220147392967E1,0.E0));
#3036=CARTESIAN_POINT('',(5.885146938541E1,1.218648721254E1,3.286566215599E-2));
#3037=CARTESIAN_POINT('',(5.856780514994E1,1.216607479779E1,1.773443956011E-1));
#3038=CARTESIAN_POINT('',(5.834406106930E1,1.214993577923E1,4.000986179393E-1));
#3039=CARTESIAN_POINT('',(5.819785016479E1,1.213937095538E1,6.853335808317E-1));
#3040=CARTESIAN_POINT('',(5.816476045361E1,1.213697770529E1,8.951091999866E-1));
#3041=CARTESIAN_POINT('',(5.816476045361E1,1.213697770529E1,1.E0));
#3043=CARTESIAN_POINT('',(1.033492288576E1,5.868918704458E1,9.999999982748E-1));
#3044=CARTESIAN_POINT('',(1.033492288576E1,5.868918704458E1,8.977316094603E-1));
#3045=CARTESIAN_POINT('',(1.032026019645E1,5.872076228374E1,7.017700588441E-1));
#3046=CARTESIAN_POINT('',(1.025012372207E1,5.886589487570E1,4.196291807612E-1));
#3047=CARTESIAN_POINT('',(1.012831795497E1,5.909968834035E1,1.910558661164E-1));
#3048=CARTESIAN_POINT('',(9.950230160305E0,5.940700413705E1,3.785727179269E-2));
#3049=CARTESIAN_POINT('',(9.797006902708E0,5.964070054267E1,0.E0));
#3050=CARTESIAN_POINT('',(9.709428304927E0,5.976477609572E1,0.E0));
#3052=CARTESIAN_POINT('',(3.920223950545E0,4.251066445070E0,0.E0));
#3053=DIRECTION('',(0.E0,0.E0,1.E0));
#3054=DIRECTION('',(3.219016692478E-1,9.467731065759E-1,0.E0));
#3055=AXIS2_PLACEMENT_3D('',#3052,#3053,#3054);
#3057=CARTESIAN_POINT('',(6.703529166064E1,-5.268240056004E0,1.E0));
#3058=DIRECTION('',(0.E0,-1.E0,0.E0));
#3059=DIRECTION('',(0.E0,0.E0,-1.E0));
#3060=AXIS2_PLACEMENT_3D('',#3057,#3058,#3059);
#3062=CARTESIAN_POINT('',(6.703529166064E1,1.305748867575E1,1.E0));
#3063=DIRECTION('',(0.E0,1.E0,0.E0));
#3064=DIRECTION('',(1.E0,0.E0,0.E0));
#3065=AXIS2_PLACEMENT_3D('',#3062,#3063,#3064);
#3067=CARTESIAN_POINT('',(6.703529166064E1,1.305748867575E1,1.E0));
#3068=DIRECTION('',(4.852785141173E-13,-5.641710703948E-12,-1.E0));
#3069=DIRECTION('',(9.853329538812E-1,1.706428140762E-1,-4.845013279464E-13));
#3070=AXIS2_PLACEMENT_3D('',#3067,#3068,#3069);
#3072=CARTESIAN_POINT('',(6.703529165992E1,1.305748867562E1,1.E0));
#3073=DIRECTION('',(-1.706428140762E-1,9.853329538812E-1,0.E0));
#3074=DIRECTION('',(9.853329538812E-1,1.706428140762E-1,0.E0));
#3075=AXIS2_PLACEMENT_3D('',#3072,#3073,#3074);
#3077=CARTESIAN_POINT('',(2.145606797742E1,6.469384850314E1,9.999999999428E-1));
#3078=CARTESIAN_POINT('',(2.136507100175E1,6.471916904143E1,8.982622882917E-1));
#3079=CARTESIAN_POINT('',(2.116029680010E1,6.474381286215E1,6.969677519328E-1));
#3080=CARTESIAN_POINT('',(2.077472076873E1,6.470699548556E1,4.187072990230E-1));
#3081=CARTESIAN_POINT('',(2.032378802864E1,6.460494375210E1,1.945571568594E-1));
#3082=CARTESIAN_POINT('',(1.981036343147E1,6.444925880584E1,4.110417934926E-2));
#3083=CARTESIAN_POINT('',(1.942262702285E1,6.431540133036E1,4.726051878042E-7));
#3084=CARTESIAN_POINT('',(1.922000461622E1,6.424447056070E1,
1.088007461902E-11));
#3086=CARTESIAN_POINT('',(4.052809248555E0,2.15E0,0.E0));
#3087=DIRECTION('',(0.E0,0.E0,1.E0));
#3088=DIRECTION('',(2.786033981575E-1,9.604062403666E-1,0.E0));
#3089=AXIS2_PLACEMENT_3D('',#3086,#3087,#3088);
#3091=DIRECTION('',(0.E0,0.E0,1.E0));
#3092=VECTOR('',#3091,2.5E1);
#3093=CARTESIAN_POINT('',(6.014407063826E1,-1.75E0,6.04E0));
#3094=LINE('',#3093,#3092);
#3095=CARTESIAN_POINT('',(6.164407063826E1,-1.75E0,6.04E0));
#3096=DIRECTION('',(0.E0,0.E0,-1.E0));
#3097=DIRECTION('',(-1.E0,0.E0,0.E0));
#3098=AXIS2_PLACEMENT_3D('',#3095,#3096,#3097);
#3100=CARTESIAN_POINT('',(6.164407063826E1,-1.75E0,3.104E1));
#3101=DIRECTION('',(0.E0,0.E0,1.E0));
#3102=DIRECTION('',(0.E0,1.E0,0.E0));
#3103=AXIS2_PLACEMENT_3D('',#3100,#3101,#3102);
#3105=CARTESIAN_POINT('',(2.107649131421E0,-1.411908872109E1,4.082641364268E0));
#3106=DIRECTION('',(0.E0,0.E0,1.E0));
#3107=DIRECTION('',(-7.549848237678E-1,6.557422633019E-1,0.E0));
#3108=AXIS2_PLACEMENT_3D('',#3105,#3106,#3107);
#3110=DIRECTION('',(-8.114993317813E-8,3.816194926435E-8,1.E0));
#3111=VECTOR('',#3110,6.726013144455E0);
#3112=CARTESIAN_POINT('',(-5.664051438217E1,1.350809902767E1,6.301227979911E0));
#3113=LINE('',#3112,#3111);
#3114=CARTESIAN_POINT('',(2.107649131421E0,-1.411908872109E1,1.524582957683E1));
#3115=DIRECTION('',(0.E0,0.E0,1.E0));
#3116=DIRECTION('',(-7.549848237678E-1,6.557422633019E-1,0.E0));
#3117=AXIS2_PLACEMENT_3D('',#3114,#3115,#3116);
#3119=DIRECTION('',(0.E0,0.E0,1.E0));
#3120=VECTOR('',#3119,5.559754735354E0);
#3121=CARTESIAN_POINT('',(-4.690596562759E1,2.845169901247E1,1.524582957683E1));
#3122=LINE('',#3121,#3120);
#3123=CARTESIAN_POINT('',(2.107649131421E0,-1.411908872109E1,2.080558431218E1));
#3124=DIRECTION('',(0.E0,0.E0,1.E0));
#3125=DIRECTION('',(-7.549848237678E-1,6.557422633019E-1,0.E0));
#3126=AXIS2_PLACEMENT_3D('',#3123,#3124,#3125);
#3128=DIRECTION('',(-8.114993317813E-8,3.816194926435E-8,1.E0));
#3129=VECTOR('',#3128,6.726013144455E0);
#3130=CARTESIAN_POINT('',(-5.664051438217E1,1.350809902767E1,2.302417092782E1));
#3131=LINE('',#3130,#3129);
#3132=CARTESIAN_POINT('',(2.107649131421E0,-1.411908872109E1,3.196877252474E1));
#3133=DIRECTION('',(0.E0,0.E0,1.E0));
#3134=DIRECTION('',(-7.549848237678E-1,6.557422633019E-1,0.E0));
#3135=AXIS2_PLACEMENT_3D('',#3132,#3133,#3134);
#3137=DIRECTION('',(8.480652383973E-12,9.759458501157E-12,1.E0));
#3138=VECTOR('',#3137,5.031227475262E0);
#3139=CARTESIAN_POINT('',(-4.690596562759E1,2.845169901247E1,3.196877252474E1));
#3140=LINE('',#3139,#3138);
#3141=CARTESIAN_POINT('',(2.107649131421E0,-1.411908872109E1,3.7E1));
#3142=DIRECTION('',(0.E0,0.E0,1.E0));
#3143=DIRECTION('',(-7.549848237678E-1,6.557422633019E-1,0.E0));
#3144=AXIS2_PLACEMENT_3D('',#3141,#3142,#3143);
#3146=DIRECTION('',(2.897011489760E-12,1.289276990537E-11,-1.E0));
#3147=VECTOR('',#3146,5.96E0);
#3148=CARTESIAN_POINT('',(-6.123410156027E1,1.086665239102E-1,3.7E1));
#3149=LINE('',#3148,#3147);
#3150=CARTESIAN_POINT('',(2.107649131421E0,-1.411908872109E1,3.104E1));
#3151=DIRECTION('',(0.E0,0.E0,1.E0));
#3152=DIRECTION('',(-9.627709027147E-1,2.703186802386E-1,0.E0));
#3153=AXIS2_PLACEMENT_3D('',#3150,#3151,#3152);
#3155=DIRECTION('',(0.E0,0.E0,1.E0));
#3156=VECTOR('',#3155,2.5E1);
#3157=CARTESIAN_POINT('',(-6.039543787282E1,3.43E0,6.04E0));
#3158=LINE('',#3157,#3156);
#3159=CARTESIAN_POINT('',(2.107649131421E0,-1.411908872109E1,6.04E0));
#3160=DIRECTION('',(0.E0,0.E0,1.E0));
#3161=DIRECTION('',(-9.627709027147E-1,2.703186802386E-1,0.E0));
#3162=AXIS2_PLACEMENT_3D('',#3159,#3160,#3161);
#3164=DIRECTION('',(-3.396225100091E-12,-1.512109441187E-11,-1.E0));
#3165=VECTOR('',#3164,5.04E0);
#3166=CARTESIAN_POINT('',(-6.123410156025E1,1.086665239871E-1,6.04E0));
#3167=LINE('',#3166,#3165);
#3168=CARTESIAN_POINT('',(2.107649131421E0,-1.411908872109E1,1.E0));
#3169=DIRECTION('',(0.E0,0.E0,-1.E0));
#3170=DIRECTION('',(-9.756893205742E-1,2.191582754941E-1,0.E0));
#3171=AXIS2_PLACEMENT_3D('',#3168,#3169,#3170);
#3173=DIRECTION('',(-6.995614955502E-12,-8.052448384529E-12,1.E0));
#3174=VECTOR('',#3173,3.082641364268E0);
#3175=CARTESIAN_POINT('',(-4.690596562757E1,2.845169901249E1,1.E0));
#3176=LINE('',#3175,#3174);
#3177=CARTESIAN_POINT('',(-5.599652786272E1,1.483798055091E1,1.524580579715E1));
#3178=CARTESIAN_POINT('',(-5.578377474205E1,1.473666152931E1,1.503939744962E1));
#3179=CARTESIAN_POINT('',(-5.519941447871E1,1.445834116704E1,1.439585602901E1));
#3180=CARTESIAN_POINT('',(-5.442033313429E1,1.408716507031E1,1.314535080007E1));
#3181=CARTESIAN_POINT('',(-5.384240141477E1,1.381174610004E1,1.145694183511E1));
#3182=CARTESIAN_POINT('',(-5.364592694063E1,1.371810065212E1,9.664495539125E0));
#3183=CARTESIAN_POINT('',(-5.384228504633E1,1.381169063823E1,7.872044350531E0));
#3184=CARTESIAN_POINT('',(-5.442012548953E1,1.408706612428E1,6.183565034147E0));
#3185=CARTESIAN_POINT('',(-5.519918086955E1,1.445822988950E1,4.932906250184E0));
#3186=CARTESIAN_POINT('',(-5.578364995817E1,1.473660210317E1,4.289196279914E0));
#3187=CARTESIAN_POINT('',(-5.599652763418E1,1.483798044169E1,4.082666578515E0));
#3189=CARTESIAN_POINT('',(-5.599652786272E1,1.483798055091E1,1.524580579715E1));
#3190=CARTESIAN_POINT('',(-5.608659662558E1,1.465725192606E1,1.497826206699E1));
#3191=CARTESIAN_POINT('',(-5.625399933145E1,1.431711219795E1,1.445756185719E1));
#3192=CARTESIAN_POINT('',(-5.646742079618E1,1.387439820091E1,1.372147314376E1));
#3193=CARTESIAN_POINT('',(-5.658665733478E1,1.362262540698E1,1.325425178770E1));
#3194=CARTESIAN_POINT('',(-5.664051492799E1,1.350809928435E1,1.302724112437E1));
#3196=CARTESIAN_POINT('',(-5.664051438217E1,1.350809902767E1,6.301227979911E0));
#3197=CARTESIAN_POINT('',(-5.655890028192E1,1.368164830637E1,5.957222852637E0));
#3198=CARTESIAN_POINT('',(-5.637028948874E1,1.407873811746E1,5.243787233522E0));
#3199=CARTESIAN_POINT('',(-5.612998765576E1,1.457018453324E1,4.479101650209E0));
#3200=CARTESIAN_POINT('',(-5.599652763418E1,1.483798044169E1,4.082666578515E0));
#3202=CARTESIAN_POINT('',(-5.664051492799E1,1.350809928435E1,1.302724112437E1));
#3203=CARTESIAN_POINT('',(-5.651770372437E1,1.345034550998E1,1.283069178250E1));
#3204=CARTESIAN_POINT('',(-5.618196800255E1,1.329246085001E1,1.221784972669E1));
#3205=CARTESIAN_POINT('',(-5.579655108249E1,1.311121287602E1,1.109446806712E1));
#3206=CARTESIAN_POINT('',(-5.563940432030E1,1.303731230036E1,9.664443088235E0));
#3207=CARTESIAN_POINT('',(-5.579645836003E1,1.311116927193E1,8.234413482280E0));
#3208=CARTESIAN_POINT('',(-5.618185873553E1,1.329240946558E1,7.110853258223E0));
#3209=CARTESIAN_POINT('',(-5.651763328539E1,1.345031238502E1,6.497889339372E0));
#3210=CARTESIAN_POINT('',(-5.664051438217E1,1.350809902767E1,6.301227979911E0));
#3212=CARTESIAN_POINT('',(-5.664051492799E1,1.350809928435E1,2.975018407228E1));
#3213=CARTESIAN_POINT('',(-5.651770372437E1,1.345034550998E1,2.955363473041E1));
#3214=CARTESIAN_POINT('',(-5.618196800255E1,1.329246085001E1,2.894079267460E1));
#3215=CARTESIAN_POINT('',(-5.579655108249E1,1.311121287602E1,2.781741101503E1));
#3216=CARTESIAN_POINT('',(-5.563940432030E1,1.303731230036E1,2.638738603615E1));
#3217=CARTESIAN_POINT('',(-5.579645836003E1,1.311116927193E1,2.495735643019E1));
#3218=CARTESIAN_POINT('',(-5.618185873553E1,1.329240946558E1,2.383379620613E1));
#3219=CARTESIAN_POINT('',(-5.651763328539E1,1.345031238502E1,2.322083228728E1));
#3220=CARTESIAN_POINT('',(-5.664051438217E1,1.350809902767E1,2.302417092782E1));
#3222=CARTESIAN_POINT('',(-5.599652786234E1,1.483798055073E1,3.196874874469E1));
#3223=CARTESIAN_POINT('',(-5.608664923086E1,1.465714636931E1,3.170104875258E1));
#3224=CARTESIAN_POINT('',(-5.625411574080E1,1.431687393568E1,3.118013224672E1));
#3225=CARTESIAN_POINT('',(-5.646753502848E1,1.387415846967E1,3.044399290054E1));
#3226=CARTESIAN_POINT('',(-5.658670169909E1,1.362253106798E1,2.997700773933E1));
#3227=CARTESIAN_POINT('',(-5.664051492799E1,1.350809928435E1,2.975018407228E1));
#3229=CARTESIAN_POINT('',(-5.664051438217E1,1.350809902767E1,2.302417092782E1));
#3230=CARTESIAN_POINT('',(-5.655916978684E1,1.368107521442E1,2.268130176938E1));
#3231=CARTESIAN_POINT('',(-5.637092442510E1,1.407741870716E1,2.196889735625E1));
#3232=CARTESIAN_POINT('',(-5.613033756570E1,1.456948241157E1,2.120308399388E1));
#3233=CARTESIAN_POINT('',(-5.599652763199E1,1.483798044065E1,2.080560952855E1));
#3235=CARTESIAN_POINT('',(-5.599652786234E1,1.483798055073E1,3.196874874469E1));
#3236=CARTESIAN_POINT('',(-5.578377474209E1,1.473666152933E1,3.176234039748E1));
#3237=CARTESIAN_POINT('',(-5.519941447772E1,1.445834116657E1,3.111879897578E1));
#3238=CARTESIAN_POINT('',(-5.442033313453E1,1.408716507042E1,2.986829374821E1));
#3239=CARTESIAN_POINT('',(-5.384240141468E1,1.38117461E1,2.817988478299E1));
#3240=CARTESIAN_POINT('',(-5.364592694074E1,1.371810065217E1,2.638743848696E1));
#3241=CARTESIAN_POINT('',(-5.384228504597E1,1.381169063805E1,2.459498729878E1));
#3242=CARTESIAN_POINT('',(-5.442012549086E1,1.408706612492E1,2.290650798077E1));
#3243=CARTESIAN_POINT('',(-5.519918086393E1,1.445822988682E1,2.165584920461E1));
#3244=CARTESIAN_POINT('',(-5.578364995841E1,1.473660210328E1,2.101213922813E1));
#3245=CARTESIAN_POINT('',(-5.599652763199E1,1.483798044065E1,2.080560952855E1));
#3247=CARTESIAN_POINT('',(-2.544495046834E1,6.061735572252E1,2.638717841846E1));
#3248=DIRECTION('',(-6.557422633019E-1,-7.549848237678E-1,0.E0));
#3249=DIRECTION('',(7.151273157723E-1,-6.211240144579E-1,-3.206210861750E-1));
#3250=AXIS2_PLACEMENT_3D('',#3247,#3248,#3249);
#3252=CARTESIAN_POINT('',(-5.059756945802E1,3.165804247100E1,2.638717841846E1));
#3253=DIRECTION('',(6.557422633019E-1,7.549848237678E-1,0.E0));
#3254=DIRECTION('',(4.974919529824E-1,-4.320967640052E-1,7.521928896593E-1));
#3255=AXIS2_PLACEMENT_3D('',#3252,#3253,#3254);
#3257=DIRECTION('',(0.E0,0.E0,1.E0));
#3258=VECTOR('',#3257,4.758292160283E0);
#3259=CARTESIAN_POINT('',(-2.013839883002E1,5.600834892915E1,7.285089390405E0));
#3260=LINE('',#3259,#3258);
#3261=DIRECTION('',(0.E0,0.E0,1.E0));
#3262=VECTOR('',#3261,4.758292160283E0);
#3263=CARTESIAN_POINT('',(-2.013839883002E1,5.600834892915E1,2.400803233832E1));
#3264=LINE('',#3263,#3262);
#3265=CARTESIAN_POINT('',(-2.013839883002E1,5.600834892915E1,7.285089390405E0));
#3266=CARTESIAN_POINT('',(-1.989406024762E1,5.660477695982E1,6.674641149134E0));
#3267=CARTESIAN_POINT('',(-1.933676230515E1,5.796513565164E1,5.746744626869E0));
#3268=CARTESIAN_POINT('',(-1.872336167993E1,5.946244042978E1,5.058397762636E0));
#3269=CARTESIAN_POINT('',(-1.840706556730E1,6.023451607049E1,4.755196891852E0));
#3271=CARTESIAN_POINT('',(-1.840706556730E1,6.023451607049E1,1.457327404924E1));
#3272=CARTESIAN_POINT('',(-1.872336167993E1,5.946244042978E1,1.427007317846E1));
#3273=CARTESIAN_POINT('',(-1.933676230515E1,5.796513565164E1,1.358172631422E1));
#3274=CARTESIAN_POINT('',(-1.989406024762E1,5.660477695982E1,1.265382979196E1));
#3275=CARTESIAN_POINT('',(-2.013839883002E1,5.600834892915E1,1.204338155069E1));
#3277=CARTESIAN_POINT('',(-2.544495046834E1,6.061735572252E1,9.664235470547E0));
#3278=DIRECTION('',(-6.557422633019E-1,-7.549848237678E-1,0.E0));
#3279=DIRECTION('',(7.151273157723E-1,-6.211240144579E-1,-3.206210861750E-1));
#3280=AXIS2_PLACEMENT_3D('',#3277,#3278,#3279);
#3282=CARTESIAN_POINT('',(-5.059756945802E1,3.165804247100E1,9.664235470547E0));
#3283=DIRECTION('',(6.557422633019E-1,7.549848237678E-1,0.E0));
#3284=DIRECTION('',(4.974919529824E-1,-4.320967640052E-1,7.521928896593E-1));
#3285=AXIS2_PLACEMENT_3D('',#3282,#3283,#3284);
#3287=DIRECTION('',(1.738348175450E-12,1.285306561032E-12,1.E0));
#3288=VECTOR('',#3287,9.818077157378E0);
#3289=CARTESIAN_POINT('',(-1.840706556729E1,6.023451607050E1,2.147813983977E1));
#3290=LINE('',#3289,#3288);
#3291=CARTESIAN_POINT('',(-2.168759876402E1,5.747980601043E1,2.080955394033E1));
#3292=CARTESIAN_POINT('',(-2.137072276594E1,5.778124396409E1,2.084603098504E1));
#3293=CARTESIAN_POINT('',(-2.075675446405E1,5.834234643412E1,2.093160401607E1));
#3294=CARTESIAN_POINT('',(-1.991421651008E1,5.906146276352E1,2.108766538E1));
#3295=CARTESIAN_POINT('',(-1.913256909248E1,5.968894741064E1,2.126849821836E1));
#3296=CARTESIAN_POINT('',(-1.864257984232E1,6.006042544787E1,2.140598940740E1));
#3297=CARTESIAN_POINT('',(-1.840706556729E1,6.023451607050E1,2.147813983977E1));
#3299=DIRECTION('',(0.E0,0.E0,1.E0));
#3300=VECTOR('',#3299,5.567693991660E0);
#3301=CARTESIAN_POINT('',(-2.168759876402E1,5.747980601043E1,1.524185994867E1));
#3302=LINE('',#3301,#3300);
#3303=CARTESIAN_POINT('',(-1.840706556726E1,6.023451607052E1,1.457327404923E1));
#3304=CARTESIAN_POINT('',(-1.876914915348E1,5.996686623503E1,1.468419933091E1));
#3305=CARTESIAN_POINT('',(-1.949773914737E1,5.940662649427E1,1.487814757867E1));
#3306=CARTESIAN_POINT('',(-2.060681305086E1,5.847890405737E1,1.509879914061E1));
#3307=CARTESIAN_POINT('',(-2.132934916686E1,5.782060186156E1,1.520062019984E1));
#3308=CARTESIAN_POINT('',(-2.168759876402E1,5.747980601043E1,1.524185994867E1));
#3310=DIRECTION('',(0.E0,0.E0,1.E0));
#3311=VECTOR('',#3310,9.818077157368E0);
#3312=CARTESIAN_POINT('',(-1.840706556726E1,6.023451607052E1,4.755196891863E0));
#3313=LINE('',#3312,#3311);
#3314=CARTESIAN_POINT('',(-2.168759876402E1,5.747980601043E1,4.086610992421E0));
#3315=CARTESIAN_POINT('',(-2.137072276594E1,5.778124396409E1,4.123088037128E0));
#3316=CARTESIAN_POINT('',(-2.075675446405E1,5.834234643412E1,4.208661068158E0));
#3317=CARTESIAN_POINT('',(-1.991421651009E1,5.906146276352E1,4.364722432085E0));
#3318=CARTESIAN_POINT('',(-1.913256909247E1,5.968894741064E1,4.545555270450E0));
#3319=CARTESIAN_POINT('',(-1.864257984233E1,6.006042544787E1,4.683046459486E0));
#3320=CARTESIAN_POINT('',(-1.840706556726E1,6.023451607052E1,4.755196891863E0));
#3322=DIRECTION('',(-3.314672589883E-11,1.081072672867E-10,1.E0));
#3323=VECTOR('',#3322,3.086610992421E0);
#3324=CARTESIAN_POINT('',(-2.168759876392E1,5.747980601010E1,1.E0));
#3325=LINE('',#3324,#3323);
#3326=CARTESIAN_POINT('',(2.16E0,3.241086041653E1,1.E0));
#3327=DIRECTION('',(0.E0,0.E0,1.E0));
#3328=DIRECTION('',(-3.811002305705E-1,9.245337280268E-1,0.E0));
#3329=AXIS2_PLACEMENT_3D('',#3326,#3327,#3328);
#3331=DIRECTION('',(0.E0,0.E0,1.E0));
#3332=VECTOR('',#3331,3.2E1);
#3333=CARTESIAN_POINT('',(-1.179E1,6.407404882199E1,3.E0));
#3334=LINE('',#3333,#3332);
#3335=CARTESIAN_POINT('',(2.16E0,3.241086041653E1,3.7E1));
#3336=DIRECTION('',(0.E0,0.E0,-1.E0));
#3337=DIRECTION('',(-6.892369584977E-1,7.245359998239E-1,0.E0));
#3338=AXIS2_PLACEMENT_3D('',#3335,#3336,#3337);
#3340=DIRECTION('',(2.433531245454E-11,-6.245193319735E-11,1.E0));
#3341=VECTOR('',#3340,5.035197103416E0);
#3342=CARTESIAN_POINT('',(-2.168759876402E1,5.747980601043E1,3.196480289658E1));
#3343=LINE('',#3342,#3341);
#3344=CARTESIAN_POINT('',(-1.840706556727E1,6.023451607051E1,3.129621699715E1));
#3345=CARTESIAN_POINT('',(-1.876914915347E1,5.996686623503E1,3.140714227882E1));
#3346=CARTESIAN_POINT('',(-1.949773914737E1,5.940662649426E1,3.160109052658E1));
#3347=CARTESIAN_POINT('',(-2.060681305086E1,5.847890405737E1,3.182174208852E1));
#3348=CARTESIAN_POINT('',(-2.132934916686E1,5.782060186156E1,3.192356314775E1));
#3349=CARTESIAN_POINT('',(-2.168759876402E1,5.747980601043E1,3.196480289658E1));
#3351=CARTESIAN_POINT('',(-2.013839883002E1,5.600834892915E1,2.400803233832E1));
#3352=CARTESIAN_POINT('',(-1.989406024762E1,5.660477695982E1,2.339758409705E1));
#3353=CARTESIAN_POINT('',(-1.933676230515E1,5.796513565164E1,2.246968757478E1));
#3354=CARTESIAN_POINT('',(-1.872336167993E1,5.946244042978E1,2.178134071055E1));
#3355=CARTESIAN_POINT('',(-1.840706556730E1,6.023451607049E1,2.147813983976E1));
#3357=CARTESIAN_POINT('',(-1.840706556730E1,6.023451607049E1,3.129621699715E1));
#3358=CARTESIAN_POINT('',(-1.872336167993E1,5.946244042978E1,3.099301612637E1));
#3359=CARTESIAN_POINT('',(-1.933676230515E1,5.796513565164E1,3.030466926214E1));
#3360=CARTESIAN_POINT('',(-1.989406024762E1,5.660477695982E1,2.937677273987E1));
#3361=CARTESIAN_POINT('',(-2.013839883002E1,5.600834892915E1,2.876632449860E1));
#3363=CARTESIAN_POINT('',(-2.175334662929E1,5.741101227391E1,4.082641364268E0));
#3364=CARTESIAN_POINT('',(-2.174296548921E1,5.742296453573E1,4.082641364268E0));
#3365=CARTESIAN_POINT('',(-2.172161264695E1,5.744640219358E1,4.083300011261E0));
#3366=CARTESIAN_POINT('',(-2.169911933010E1,5.746884672073E1,4.085284807395E0));
#3367=CARTESIAN_POINT('',(-2.168759876402E1,5.747980601043E1,4.086610992421E0));
#3369=CARTESIAN_POINT('',(-2.099836180552E1,5.675527001061E1,1.E0));
#3370=DIRECTION('',(0.E0,0.E0,1.E0));
#3371=DIRECTION('',(-6.892369584978E-1,7.245359998239E-1,0.E0));
#3372=AXIS2_PLACEMENT_3D('',#3369,#3370,#3371);
#3374=CARTESIAN_POINT('',(-2.175334662929E1,5.741101227391E1,2.080558431218E1));
#3375=CARTESIAN_POINT('',(-2.174296548921E1,5.742296453573E1,2.080558431218E1));
#3376=CARTESIAN_POINT('',(-2.172161264695E1,5.744640219358E1,2.080624295917E1));
#3377=CARTESIAN_POINT('',(-2.169911933010E1,5.746884672073E1,2.080822775531E1));
#3378=CARTESIAN_POINT('',(-2.168759876402E1,5.747980601043E1,2.080955394033E1));
#3380=CARTESIAN_POINT('',(-2.168759876402E1,5.747980601043E1,1.524185994867E1));
#3381=CARTESIAN_POINT('',(-2.169911932899E1,5.746884672179E1,1.524318613357E1));
#3382=CARTESIAN_POINT('',(-2.172161261072E1,5.744640223528E1,1.524517093095E1));
#3383=CARTESIAN_POINT('',(-2.174296556279E1,5.742296445125E1,1.524582957471E1));
#3384=CARTESIAN_POINT('',(-2.175334670598E1,5.741101218561E1,1.524582957457E1));
#3386=CARTESIAN_POINT('',(-2.168759876402E1,5.747980601043E1,3.196480289658E1));
#3387=CARTESIAN_POINT('',(-2.169911932899E1,5.746884672179E1,3.196612908148E1));
#3388=CARTESIAN_POINT('',(-2.172161261072E1,5.744640223528E1,3.196811387887E1));
#3389=CARTESIAN_POINT('',(-2.174296556279E1,5.742296445125E1,3.196877252262E1));
#3390=CARTESIAN_POINT('',(-2.175334670598E1,5.741101218561E1,3.196877252248E1));
#3392=DIRECTION('',(6.557422633019E-1,7.549848237678E-1,0.E0));
#3393=VECTOR('',#3392,3.835747732904E1);
#3394=CARTESIAN_POINT('',(-4.690596562759E1,2.845169901247E1,4.082641364268E0));
#3395=LINE('',#3394,#3393);
#3396=DIRECTION('',(6.557422633041E-1,7.549848237658E-1,1.419231925041E-7));
#3397=VECTOR('',#3396,3.835748267192E1);
#3398=CARTESIAN_POINT('',(-4.690596562757E1,2.845169901249E1,1.E0));
#3399=LINE('',#3398,#3397);
#3400=DIRECTION('',(-1.136579686525E-6,-1.308536474623E-6,9.999999999985E-1));
#3401=VECTOR('',#3400,3.082635920456E0);
#3402=CARTESIAN_POINT('',(-2.175334312563E1,5.741101630765E1,1.000005443816E0));
#3403=LINE('',#3402,#3401);
#3404=DIRECTION('',(6.557422633019E-1,7.549848237678E-1,-5.874153787317E-11));
#3405=VECTOR('',#3404,3.835747721209E1);
#3406=CARTESIAN_POINT('',(-4.690596562759E1,2.845169901247E1,3.196877252474E1));
#3407=LINE('',#3406,#3405);
#3408=DIRECTION('',(1.667388584826E-8,1.919736640335E-8,1.E0));
#3409=VECTOR('',#3408,5.031227583908E0);
#3410=CARTESIAN_POINT('',(-2.175334670598E1,5.741101218561E1,3.196877252248E1));
#3411=LINE('',#3410,#3409);
#3412=DIRECTION('',(-6.557422633019E-1,-7.549848237678E-1,-2.773705770986E-9));
#3413=VECTOR('',#3412,3.835747733996E1);
#3414=CARTESIAN_POINT('',(-2.175334662209E1,5.741101228220E1,3.700000010639E1));
#3415=LINE('',#3414,#3413);
#3416=DIRECTION('',(6.557422633019E-1,7.549848237678E-1,0.E0));
#3417=VECTOR('',#3416,3.835747732904E1);
#3418=CARTESIAN_POINT('',(-4.690596562759E1,2.845169901247E1,2.080558431218E1));
#3419=LINE('',#3418,#3417);
#3420=DIRECTION('',(6.557422633019E-1,7.549848237678E-1,-5.874153787317E-11));
#3421=VECTOR('',#3420,3.835747721209E1);
#3422=CARTESIAN_POINT('',(-4.690596562759E1,2.845169901247E1,1.524582957683E1));
#3423=LINE('',#3422,#3421);
#3424=DIRECTION('',(1.379387108964E-8,1.588148533989E-8,1.E0));
#3425=VECTOR('',#3424,5.559754737607E0);
#3426=CARTESIAN_POINT('',(-2.175334670598E1,5.741101218561E1,1.524582957457E1));
#3427=LINE('',#3426,#3425);
#3428=CARTESIAN_POINT('',(-2.099836180552E1,5.675527001061E1,1.E0));
#3429=DIRECTION('',(6.557422633019E-1,7.549848237678E-1,0.E0));
#3430=DIRECTION('',(0.E0,0.E0,-1.E0));
#3431=AXIS2_PLACEMENT_3D('',#3428,#3429,#3430);
#3433=CARTESIAN_POINT('',(-4.615098080382E1,2.779595674916E1,1.E0));
#3434=DIRECTION('',(6.557422633019E-1,7.549848237678E-1,0.E0));
#3435=DIRECTION('',(0.E0,0.E0,-1.E0));
#3436=AXIS2_PLACEMENT_3D('',#3433,#3434,#3435);
#3438=CARTESIAN_POINT('',(-2.099836180466E1,5.675527000971E1,1.E0));
#3439=DIRECTION('',(-7.245359998239E-1,-6.892369584977E-1,0.E0));
#3440=DIRECTION('',(-6.892369584977E-1,7.245359998239E-1,0.E0));
#3441=AXIS2_PLACEMENT_3D('',#3438,#3439,#3440);
#3443=CARTESIAN_POINT('',(2.16E0,3.241086041653E1,0.E0));
#3444=DIRECTION('',(0.E0,0.E0,1.E0));
#3445=DIRECTION('',(-3.258928571550E-1,9.454067091233E-1,0.E0));
#3446=AXIS2_PLACEMENT_3D('',#3443,#3444,#3445);
#3448=CARTESIAN_POINT('',(-8.79E0,6.417652584189E1,0.E0));
#3449=CARTESIAN_POINT('',(-8.991917419694E0,6.423023143897E1,0.E0));
#3450=CARTESIAN_POINT('',(-9.379916639861E0,6.433030958581E1,
4.081893788729E-2));
#3451=CARTESIAN_POINT('',(-9.897878104418E0,6.443850485877E1,
1.958438269167E-1));
#3452=CARTESIAN_POINT('',(-1.035191524912E1,6.449431845232E1,
4.229081620868E-1));
#3453=CARTESIAN_POINT('',(-1.073626856135E1,6.448664127288E1,
7.022550580744E-1));
#3454=CARTESIAN_POINT('',(-1.093722911539E1,6.443634749858E1,
9.006751327923E-1));
#3455=CARTESIAN_POINT('',(-1.102606797720E1,6.439972740600E1,
9.999999997512E-1));
#3457=DIRECTION('',(0.E0,1.E0,0.E0));
#3458=VECTOR('',#3457,1.010236291463E0);
#3459=CARTESIAN_POINT('',(-8.79E0,6.417652584189E1,0.E0));
#3460=LINE('',#3459,#3458);
#3461=DIRECTION('',(0.E0,1.E0,0.E0));
#3462=VECTOR('',#3461,4.451323786665E1);
#3463=CARTESIAN_POINT('',(-8.79E0,6.518676213335E1,0.E0));
#3464=LINE('',#3463,#3462);
#3465=CARTESIAN_POINT('',(-1.179E1,6.407404882199E1,3.E0));
#3466=CARTESIAN_POINT('',(-1.179E1,6.407404882199E1,2.768439493700E0));
#3467=CARTESIAN_POINT('',(-1.173728329640E1,6.409738027411E1,2.296798639855E0));
#3468=CARTESIAN_POINT('',(-1.147313573753E1,6.421249179516E1,1.589772772753E0));
#3469=CARTESIAN_POINT('',(-1.119071750310E1,6.433185754859E1,1.184083765821E0));
#3470=CARTESIAN_POINT('',(-1.102606797720E1,6.439972740600E1,
9.999999997512E-1));
#3472=DIRECTION('',(0.E0,1.E0,0.E0));
#3473=VECTOR('',#3472,4.562595117801E1);
#3474=CARTESIAN_POINT('',(-1.179E1,6.407404882199E1,3.5E1));
#3475=LINE('',#3474,#3473);
#3476=DIRECTION('',(0.E0,1.E0,0.E0));
#3477=VECTOR('',#3476,4.562595117801E1);
#3478=CARTESIAN_POINT('',(-1.179E1,6.407404882199E1,3.E0));
#3479=LINE('',#3478,#3477);
#3480=DIRECTION('',(0.E0,-1.E0,0.E0));
#3481=VECTOR('',#3480,4.552347415811E1);
#3482=CARTESIAN_POINT('',(-8.79E0,1.097E2,3.8E1));
#3483=LINE('',#3482,#3481);
#3484=CARTESIAN_POINT('',(-1.102606797726E1,6.439972740597E1,3.700000000018E1));
#3485=CARTESIAN_POINT('',(-1.119067061680E1,6.433187687551E1,3.681596865463E1));
#3486=CARTESIAN_POINT('',(-1.147299564831E1,6.421255108507E1,3.641035251956E1));
#3487=CARTESIAN_POINT('',(-1.173700334110E1,6.409750330184E1,3.570428615872E1));
#3488=CARTESIAN_POINT('',(-1.179E1,6.407404882199E1,3.523204081780E1));
#3489=CARTESIAN_POINT('',(-1.179E1,6.407404882199E1,3.5E1));
#3491=CARTESIAN_POINT('',(-2.099836180466E1,5.675527000971E1,3.7E1));
#3492=DIRECTION('',(7.245359998239E-1,6.892369584977E-1,0.E0));
#3493=DIRECTION('',(-6.892369584977E-1,7.245359998239E-1,0.E0));
#3494=AXIS2_PLACEMENT_3D('',#3491,#3492,#3493);
#3496=CARTESIAN_POINT('',(-1.102606797726E1,6.439972740597E1,3.700000000018E1));
#3497=CARTESIAN_POINT('',(-1.091634502406E1,6.444495608882E1,3.712267399114E1));
#3498=CARTESIAN_POINT('',(-1.066089749988E1,6.450055230160E1,3.736824102741E1));
#3499=CARTESIAN_POINT('',(-1.014914386730E1,6.448054111365E1,3.769968826899E1));
#3500=CARTESIAN_POINT('',(-9.526346820103E0,6.436725149830E1,3.793570639064E1));
#3501=CARTESIAN_POINT('',(-9.043741945837E0,6.424401562423E1,3.8E1));
#3502=CARTESIAN_POINT('',(-8.79E0,6.417652584189E1,3.8E1));
#3504=CARTESIAN_POINT('',(-2.099836180552E1,5.675527001061E1,3.7E1));
#3505=DIRECTION('',(-7.435057188758E-10,-7.779312485327E-10,1.E0));
#3506=DIRECTION('',(-6.892369584979E-1,7.245359998237E-1,5.118749868416E-11));
#3507=AXIS2_PLACEMENT_3D('',#3504,#3505,#3506);
#3509=CARTESIAN_POINT('',(-2.099836180552E1,5.675527001061E1,3.7E1));
#3510=DIRECTION('',(6.557422633019E-1,7.549848237678E-1,0.E0));
#3511=DIRECTION('',(-7.549848237678E-1,6.557422633019E-1,0.E0));
#3512=AXIS2_PLACEMENT_3D('',#3509,#3510,#3511);
#3514=CARTESIAN_POINT('',(-4.615098080382E1,2.779595674916E1,3.7E1));
#3515=DIRECTION('',(-6.557422633019E-1,-7.549848237678E-1,0.E0));
#3516=DIRECTION('',(0.E0,0.E0,1.E0));
#3517=AXIS2_PLACEMENT_3D('',#3514,#3515,#3516);
#3519=CARTESIAN_POINT('',(-6.025841223968E1,-1.104917515070E-1,1.E0));
#3520=DIRECTION('',(2.191582754941E-1,9.756893205742E-1,0.E0));
#3521=DIRECTION('',(-2.131628207280E-14,0.E0,-1.E0));
#3522=AXIS2_PLACEMENT_3D('',#3519,#3520,#3521);
#3524=CARTESIAN_POINT('',(-6.025841223968E1,-1.104917515070E-1,1.E0));
#3525=DIRECTION('',(0.E0,0.E0,-1.E0));
#3526=DIRECTION('',(-1.E0,-1.061650767298E-14,0.E0));
#3527=AXIS2_PLACEMENT_3D('',#3524,#3525,#3526);
#3529=CARTESIAN_POINT('',(-6.025841223968E1,-1.104917515070E-1,1.E0));
#3530=DIRECTION('',(0.E0,-1.E0,0.E0));
#3531=DIRECTION('',(-1.E0,0.E0,0.E0));
#3532=AXIS2_PLACEMENT_3D('',#3529,#3530,#3531);
#3534=CARTESIAN_POINT('',(-6.025841223968E1,-6.918903415372E0,1.E0));
#3535=DIRECTION('',(0.E0,1.E0,0.E0));
#3536=DIRECTION('',(0.E0,0.E0,-1.E0));
#3537=AXIS2_PLACEMENT_3D('',#3534,#3535,#3536);
#3539=CARTESIAN_POINT('',(1.773062673445E1,5.806499415653E1,5.242956365503E0));
#3540=CARTESIAN_POINT('',(1.773062673445E1,5.796070131680E1,5.216094014393E0));
#3541=CARTESIAN_POINT('',(1.776323136676E1,5.775151960337E1,5.130482624774E0));
#3542=CARTESIAN_POINT('',(1.791063823398E1,5.746305630615E1,4.912119370905E0));
#3543=CARTESIAN_POINT('',(1.814261809528E1,5.723385288249E1,4.626050303784E0));
#3544=CARTESIAN_POINT('',(1.834987469608E1,5.713260237948E1,4.397320738634E0));
#3545=CARTESIAN_POINT('',(1.846527749394E1,5.710084179276E1,4.276540345046E0));
#3547=DIRECTION('',(0.E0,-1.E0,0.E0));
#3548=VECTOR('',#3547,4.522376491235E1);
#3549=CARTESIAN_POINT('',(2.222E1,1.097E2,3.E0));
#3550=LINE('',#3549,#3548);
#3551=DIRECTION('',(0.E0,-1.E0,0.E0));
#3552=VECTOR('',#3551,4.522376491235E1);
#3553=CARTESIAN_POINT('',(2.222E1,1.097E2,3.5E1));
#3554=LINE('',#3553,#3552);
#3555=CARTESIAN_POINT('',(6.653529166064E1,-1.75E0,6.04E0));
#3556=DIRECTION('',(0.E0,0.E0,-1.E0));
#3557=DIRECTION('',(0.E0,1.E0,0.E0));
#3558=AXIS2_PLACEMENT_3D('',#3555,#3556,#3557);
#3560=CARTESIAN_POINT('',(6.653529166064E1,-1.75E0,3.104E1));
#3561=DIRECTION('',(0.E0,0.E0,1.E0));
#3562=DIRECTION('',(1.E0,0.E0,0.E0));
#3563=AXIS2_PLACEMENT_3D('',#3560,#3561,#3562);
#3565=CARTESIAN_POINT('',(4.551096125434E0,8.761182150958E0,-9.E1));
#3566=DIRECTION('',(0.E0,0.E0,1.E0));
#3567=DIRECTION('',(3.117737155586E-1,9.501563820166E-1,0.E0));
#3568=AXIS2_PLACEMENT_3D('',#3565,#3566,#3567);
#3570=DIRECTION('',(8.161428117755E-6,-1.667527183607E-5,-9.999999998277E-1));
#3571=VECTOR('',#3570,9.000000001551E1);
#3572=CARTESIAN_POINT('',(1.028428307066E1,5.879480303096E1,0.E0));
#3573=LINE('',#3572,#3571);
#3574=DIRECTION('',(2.014020076477E-6,1.146547330359E-7,9.999999999980E-1));
#3575=VECTOR('',#3574,9.000000000018E1);
#3576=CARTESIAN_POINT('',(2.025215816486E1,5.661201936589E1,-9.E1));
#3577=LINE('',#3576,#3575);
#3578=CARTESIAN_POINT('',(2.072E1,5.803726425784E1,0.E0));
#3579=DIRECTION('',(0.E0,0.E0,1.E0));
#3580=DIRECTION('',(7.780577791357E-1,-6.281927190969E-1,0.E0));
#3581=AXIS2_PLACEMENT_3D('',#3578,#3579,#3580);
#3583=CARTESIAN_POINT('',(2.072E1,5.803726425784E1,-9.E1));
#3584=DIRECTION('',(0.E0,0.E0,-1.E0));
#3585=DIRECTION('',(1.E0,0.E0,0.E0));
#3586=AXIS2_PLACEMENT_3D('',#3583,#3584,#3585);
#3588=DIRECTION('',(0.E0,0.E0,1.E0));
#3589=VECTOR('',#3588,2.5E1);
#3590=CARTESIAN_POINT('',(-2.089973837741E1,4.546015797932E1,-1.22E2));
#3591=LINE('',#3590,#3589);
#3592=DIRECTION('',(4.987903134290E-1,8.667226910780E-1,0.E0));
#3593=VECTOR('',#3592,5.094307586011E0);
#3594=CARTESIAN_POINT('',(-2.924847546610E1,4.438710611811E1,-1.22E2));
#3595=LINE('',#3594,#3593);
#3596=DIRECTION('',(0.E0,0.E0,-1.E0));
#3597=VECTOR('',#3596,2.5E1);
#3598=CARTESIAN_POINT('',(-2.924847546610E1,4.438710611811E1,-9.7E1));
#3599=LINE('',#3598,#3597);
#3600=DIRECTION('',(4.987903134290E-1,8.667226910780E-1,0.E0));
#3601=VECTOR('',#3600,5.094307586011E0);
#3602=CARTESIAN_POINT('',(-2.924847546610E1,4.438710611811E1,-9.7E1));
#3603=LINE('',#3602,#3601);
#3604=DIRECTION('',(0.E0,0.E0,-1.E0));
#3605=VECTOR('',#3604,2.5E1);
#3606=CARTESIAN_POINT('',(-2.670748418857E1,4.880245809824E1,-9.7E1));
#3607=LINE('',#3606,#3605);
#3608=DIRECTION('',(4.987903134290E-1,8.667226910780E-1,0.E0));
#3609=VECTOR('',#3608,1.684980558512E1);
#3610=CARTESIAN_POINT('',(-3.015786644478E1,4.280690342559E1,-1.285E2));
#3611=LINE('',#3610,#3609);
#3612=DIRECTION('',(-4.987903134289E-1,-8.667226910780E-1,0.E0));
#3613=VECTOR('',#3612,1.684980558512E1);
#3614=CARTESIAN_POINT('',(-2.175334663576E1,5.741101226647E1,-9.15E1));
#3615=LINE('',#3614,#3613);
#3616=CARTESIAN_POINT('',(-3.015786644478E1,4.280690342559E1,-9.15E1));
#3617=CARTESIAN_POINT('',(-3.023170093520E1,4.267860496728E1,
-9.150002217180E1));
#3618=CARTESIAN_POINT('',(-3.037136871527E1,4.243591133241E1,
-9.154199030903E1));
#3619=CARTESIAN_POINT('',(-3.056441435806E1,4.210046568619E1,
-9.171742731679E1));
#3620=CARTESIAN_POINT('',(-3.071854797925E1,4.183263549113E1,
-9.198283677607E1));
#3621=CARTESIAN_POINT('',(-3.081958572835E1,4.165706730658E1,
-9.227335203896E1));
#3622=CARTESIAN_POINT('',(-3.088575335826E1,4.154209116387E1,
-9.259314741188E1));
#3623=CARTESIAN_POINT('',(-3.090608091579E1,4.150676899564E1,
-9.285752550619E1));
#3624=CARTESIAN_POINT('',(-3.090608765268E1,4.150675728927E1,-9.3E1));
#3626=DIRECTION('',(0.E0,0.E0,-1.E0));
#3627=VECTOR('',#3626,3.4E1);
#3628=CARTESIAN_POINT('',(-3.090608765268E1,4.150675728927E1,-9.3E1));
#3629=LINE('',#3628,#3627);
#3630=CARTESIAN_POINT('',(-3.090608765268E1,4.150675728927E1,-1.27E2));
#3631=CARTESIAN_POINT('',(-3.090607586172E1,4.150677777783E1,
-1.271504620663E2));
#3632=CARTESIAN_POINT('',(-3.088452089561E1,4.154423275186E1,
-1.274342530975E2));
#3633=CARTESIAN_POINT('',(-3.079453755929E1,4.170059224263E1,
-1.278252654897E2));
#3634=CARTESIAN_POINT('',(-3.066073061490E1,4.193310179985E1,
-1.281318848576E2));
#3635=CARTESIAN_POINT('',(-3.051645087482E1,4.218380940428E1,
-1.283305015359E2));
#3636=CARTESIAN_POINT('',(-3.035839783677E1,4.245845017172E1,
-1.284602335775E2));
#3637=CARTESIAN_POINT('',(-3.022803765516E1,4.268497046365E1,
-1.284999870350E2));
#3638=CARTESIAN_POINT('',(-3.015786644478E1,4.280690342559E1,-1.285E2));
#3640=DIRECTION('',(0.E0,0.E0,1.E0));
#3641=VECTOR('',#3640,2.5E1);
#3642=CARTESIAN_POINT('',(-2.442921034314E1,4.218395215892E1,-1.22E2));
#3643=LINE('',#3642,#3641);
#3644=DIRECTION('',(0.E0,0.E0,1.E0));
#3645=VECTOR('',#3644,2.5E1);
#3646=CARTESIAN_POINT('',(-2.595423801599E1,3.884804699230E1,-1.22E2));
#3647=LINE('',#3646,#3645);
#3648=CARTESIAN_POINT('',(-2.731844316458E1,3.947170099298E1,-1.22E2));
#3649=DIRECTION('',(0.E0,0.E0,-1.E0));
#3650=DIRECTION('',(9.094700990594E-1,-4.157693337860E-1,0.E0));
#3651=AXIS2_PLACEMENT_3D('',#3648,#3649,#3650);
#3653=CARTESIAN_POINT('',(-2.731844316458E1,3.947170099298E1,-9.7E1));
#3654=DIRECTION('',(0.E0,0.E0,1.E0));
#3655=DIRECTION('',(-4.902954120546E-1,-8.715563142553E-1,0.E0));
#3656=AXIS2_PLACEMENT_3D('',#3653,#3654,#3655);
#3658=DIRECTION('',(0.E0,0.E0,1.E0));
#3659=VECTOR('',#3658,4.999999992773E0);
#3660=CARTESIAN_POINT('',(-2.733311262851E1,3.775889413848E1,
-1.269999999928E2));
#3661=LINE('',#3660,#3659);
#3662=DIRECTION('',(-8.715563142553E-1,4.902954120545E-1,-3.817523718334E-10));
#3663=VECTOR('',#3662,3.451680696269E0);
#3664=CARTESIAN_POINT('',(-2.733311262851E1,3.775889413848E1,
-1.269999999928E2));
#3665=LINE('',#3664,#3663);
#3666=DIRECTION('',(1.592451661331E-13,-9.508733673299E-14,-1.E0));
#3667=VECTOR('',#3666,3.399999998724E1);
#3668=CARTESIAN_POINT('',(-3.034144673414E1,3.945123734775E1,
-9.300000000685E1));
#3669=LINE('',#3668,#3667);
#3670=DIRECTION('',(8.715563142553E-1,-4.902954120545E-1,1.256524797919E-9));
#3671=VECTOR('',#3670,5.451680696275E0);
#3672=CARTESIAN_POINT('',(-3.034144673414E1,3.945123734775E1,
-9.300000000685E1));
#3673=LINE('',#3672,#3671);
#3674=DIRECTION('',(0.E0,0.E0,-1.E0));
#3675=VECTOR('',#3674,4.E0);
#3676=CARTESIAN_POINT('',(-2.559E1,3.677830331438E1,-9.3E1));
#3677=LINE('',#3676,#3675);
#3678=DIRECTION('',(0.E0,0.E0,1.E0));
#3679=VECTOR('',#3678,2.5E1);
#3680=CARTESIAN_POINT('',(-2.805388628266E1,3.816436652160E1,-1.22E2));
#3681=LINE('',#3680,#3679);
#3682=CARTESIAN_POINT('',(-2.635252180440E1,3.950200676699E1,-1.27E2));
#3683=DIRECTION('',(0.E0,0.E0,1.E0));
#3684=DIRECTION('',(-4.902954120546E-1,-8.715563142553E-1,0.E0));
#3685=AXIS2_PLACEMENT_3D('',#3682,#3683,#3684);
#3687=CARTESIAN_POINT('',(-2.960600361606E1,4.075857181913E1,-9.3E1));
#3688=DIRECTION('',(0.E0,0.E0,-1.E0));
#3689=DIRECTION('',(-4.902954120546E-1,-8.715563142553E-1,0.E0));
#3690=AXIS2_PLACEMENT_3D('',#3687,#3688,#3689);
#3692=DIRECTION('',(0.E0,0.E0,-1.E0));
#3693=VECTOR('',#3692,3.988225497592E1);
#3694=CARTESIAN_POINT('',(-1.510932933574E1,6.252779832591E1,-9.E1));
#3695=LINE('',#3694,#3693);
#3696=CARTESIAN_POINT('',(-1.179E1,6.407404882199E1,-1.295071698703E2));
#3697=CARTESIAN_POINT('',(-1.238868969450E1,6.384244123794E1,
-1.295820844347E2));
#3698=CARTESIAN_POINT('',(-1.353992796060E1,6.334879084641E1,
-1.297258711916E2));
#3699=CARTESIAN_POINT('',(-1.460098490759E1,6.280733126770E1,
-1.298375437641E2));
#3700=CARTESIAN_POINT('',(-1.510932933574E1,6.252779832591E1,
-1.298822549759E2));
#3702=DIRECTION('',(0.E0,0.E0,-1.E0));
#3703=VECTOR('',#3702,3.892160201828E1);
#3704=CARTESIAN_POINT('',(-2.080730138151E1,5.835700817905E1,
-9.053919899086E1));
#3705=LINE('',#3704,#3703);
#3706=CARTESIAN_POINT('',(-2.175334663576E1,5.741101226647E1,-9.15E1));
#3707=CARTESIAN_POINT('',(-2.175334663576E1,5.741101226647E1,
-9.143558242415E1));
#3708=CARTESIAN_POINT('',(-2.172919489975E1,5.743640593634E1,
-9.131337934444E1));
#3709=CARTESIAN_POINT('',(-2.164176691967E1,5.752768879495E1,
-9.115004244304E1));
#3710=CARTESIAN_POINT('',(-2.151811799394E1,5.765529025180E1,
-9.100353264473E1));
#3711=CARTESIAN_POINT('',(-2.137103334338E1,5.780490248608E1,
-9.087336394778E1));
#3712=CARTESIAN_POINT('',(-2.120357810907E1,5.797247641147E1,
-9.075393568584E1));
#3713=CARTESIAN_POINT('',(-2.101641200388E1,5.815638611757E1,
-9.064251551040E1));
#3714=CARTESIAN_POINT('',(-2.087916127757E1,5.828857523016E1,
-9.057294643777E1));
#3715=CARTESIAN_POINT('',(-2.080730138151E1,5.835700817905E1,
-9.053919899086E1));
#3717=DIRECTION('',(0.E0,0.E0,-1.E0));
#3718=VECTOR('',#3717,3.7E1);
#3719=CARTESIAN_POINT('',(-2.175334663576E1,5.741101226647E1,-9.15E1));
#3720=LINE('',#3719,#3718);
#3721=CARTESIAN_POINT('',(-2.080730138151E1,5.835700817905E1,
-1.294608010091E2));
#3722=CARTESIAN_POINT('',(-2.088307246671E1,5.828485056285E1,
-1.294252167568E2));
#3723=CARTESIAN_POINT('',(-2.102619923219E1,5.814689427930E1,
-1.293522790143E2));
#3724=CARTESIAN_POINT('',(-2.121529296357E1,5.796085694865E1,
-1.292384799739E2));
#3725=CARTESIAN_POINT('',(-2.138256287133E1,5.779325943525E1,
-1.291175358994E2));
#3726=CARTESIAN_POINT('',(-2.152634562618E1,5.764682765172E1,
-1.289876043024E2));
#3727=CARTESIAN_POINT('',(-2.164220243154E1,5.752721621073E1,
-1.288483009984E2));
#3728=CARTESIAN_POINT('',(-2.172826830607E1,5.743738027686E1,
-1.286887821276E2));
#3729=CARTESIAN_POINT('',(-2.175334663576E1,5.741101226647E1,
-1.285657019255E2));
#3730=CARTESIAN_POINT('',(-2.175334663576E1,5.741101226647E1,-1.285E2));
#3732=CARTESIAN_POINT('',(1.5215E1,1.037E2,1.9E1));
#3733=CARTESIAN_POINT('',(-4.785E0,1.037E2,1.9E1));
#3734=VERTEX_POINT('',#3732);
#3735=VERTEX_POINT('',#3733);
#3736=CARTESIAN_POINT('',(-4.087383895726E0,1.037E2,7.057183594556E0));
#3737=CARTESIAN_POINT('',(-8.287383895726E0,1.037E2,7.057183594556E0));
#3738=VERTEX_POINT('',#3736);
#3739=VERTEX_POINT('',#3737);
#3740=CARTESIAN_POINT('',(1.871738389573E1,1.037E2,7.057183594556E0));
#3741=CARTESIAN_POINT('',(1.451738389573E1,1.037E2,7.057183594556E0));
#3742=VERTEX_POINT('',#3740);
#3743=VERTEX_POINT('',#3741);
#3744=CARTESIAN_POINT('',(1.871738389573E1,1.037E2,3.094281640544E1));
#3745=CARTESIAN_POINT('',(1.451738389573E1,1.037E2,3.094281640544E1));
#3746=VERTEX_POINT('',#3744);
#3747=VERTEX_POINT('',#3745);
#3748=CARTESIAN_POINT('',(-4.087383895726E0,1.037E2,3.094281640544E1));
#3749=CARTESIAN_POINT('',(-8.287383895726E0,1.037E2,3.094281640544E1));
#3750=VERTEX_POINT('',#3748);
#3751=VERTEX_POINT('',#3749);
#3752=CARTESIAN_POINT('',(5.215E0,1.097E2,2.9E1));
#3753=CARTESIAN_POINT('',(5.215E0,1.097E2,9.E0));
#3754=VERTEX_POINT('',#3752);
#3755=VERTEX_POINT('',#3753);
#3756=CARTESIAN_POINT('',(1.661738389573E1,1.097E2,9.157183594556E0));
#3757=CARTESIAN_POINT('',(1.661738389573E1,1.097E2,4.957183594556E0));
#3758=VERTEX_POINT('',#3756);
#3759=VERTEX_POINT('',#3757);
#3760=CARTESIAN_POINT('',(1.661738389573E1,1.097E2,3.304281640544E1));
#3761=CARTESIAN_POINT('',(1.661738389573E1,1.097E2,2.884281640544E1));
#3762=VERTEX_POINT('',#3760);
#3763=VERTEX_POINT('',#3761);
#3764=CARTESIAN_POINT('',(-6.187383895726E0,1.097E2,3.304281640544E1));
#3765=CARTESIAN_POINT('',(-6.187383895726E0,1.097E2,2.884281640544E1));
#3766=VERTEX_POINT('',#3764);
#3767=VERTEX_POINT('',#3765);
#3768=CARTESIAN_POINT('',(-6.187383895726E0,1.097E2,9.157183594556E0));
#3769=CARTESIAN_POINT('',(-6.187383895726E0,1.097E2,4.957183594556E0));
#3770=VERTEX_POINT('',#3768);
#3771=VERTEX_POINT('',#3769);
#3772=CARTESIAN_POINT('',(-4.785E0,1.087E2,1.9E1));
#3773=CARTESIAN_POINT('',(5.215E0,1.087E2,2.9E1));
#3774=VERTEX_POINT('',#3772);
#3775=VERTEX_POINT('',#3773);
#3776=CARTESIAN_POINT('',(1.5215E1,1.087E2,1.9E1));
#3777=CARTESIAN_POINT('',(5.215E0,1.087E2,9.E0));
#3778=VERTEX_POINT('',#3776);
#3779=VERTEX_POINT('',#3777);
#3780=CARTESIAN_POINT('',(1.451738389573E1,1.087E2,7.057183594556E0));
#3781=CARTESIAN_POINT('',(1.661738389573E1,1.087E2,9.157183594556E0));
#3782=VERTEX_POINT('',#3780);
#3783=VERTEX_POINT('',#3781);
#3784=CARTESIAN_POINT('',(1.871738389573E1,1.087E2,7.057183594556E0));
#3785=CARTESIAN_POINT('',(1.661738389573E1,1.087E2,4.957183594556E0));
#3786=VERTEX_POINT('',#3784);
#3787=VERTEX_POINT('',#3785);
#3788=CARTESIAN_POINT('',(1.451738389573E1,1.087E2,3.094281640544E1));
#3789=CARTESIAN_POINT('',(1.661738389573E1,1.087E2,3.304281640544E1));
#3790=VERTEX_POINT('',#3788);
#3791=VERTEX_POINT('',#3789);
#3792=CARTESIAN_POINT('',(1.871738389573E1,1.087E2,3.094281640544E1));
#3793=CARTESIAN_POINT('',(1.661738389573E1,1.087E2,2.884281640544E1));
#3794=VERTEX_POINT('',#3792);
#3795=VERTEX_POINT('',#3793);
#3796=CARTESIAN_POINT('',(-8.287383895726E0,1.087E2,3.094281640544E1));
#3797=CARTESIAN_POINT('',(-6.187383895726E0,1.087E2,3.304281640544E1));
#3798=VERTEX_POINT('',#3796);
#3799=VERTEX_POINT('',#3797);
#3800=CARTESIAN_POINT('',(-4.087383895726E0,1.087E2,3.094281640544E1));
#3801=CARTESIAN_POINT('',(-6.187383895726E0,1.087E2,2.884281640544E1));
#3802=VERTEX_POINT('',#3800);
#3803=VERTEX_POINT('',#3801);
#3804=CARTESIAN_POINT('',(-8.287383895726E0,1.087E2,7.057183594556E0));
#3805=CARTESIAN_POINT('',(-6.187383895726E0,1.087E2,9.157183594556E0));
#3806=VERTEX_POINT('',#3804);
#3807=VERTEX_POINT('',#3805);
#3808=CARTESIAN_POINT('',(-4.087383895726E0,1.087E2,7.057183594556E0));
#3809=CARTESIAN_POINT('',(-6.187383895726E0,1.087E2,4.957183594556E0));
#3810=VERTEX_POINT('',#3808);
#3811=VERTEX_POINT('',#3809);
#3812=CARTESIAN_POINT('',(5.816476045361E1,3.43E0,6.04E0));
#3813=CARTESIAN_POINT('',(5.816476045361E1,3.43E0,3.104E1));
#3814=VERTEX_POINT('',#3812);
#3815=VERTEX_POINT('',#3813);
#3816=CARTESIAN_POINT('',(6.803529166064E1,3.43E0,6.04E0));
#3817=CARTESIAN_POINT('',(6.803529166064E1,3.43E0,3.104E1));
#3818=VERTEX_POINT('',#3816);
#3819=VERTEX_POINT('',#3817);
#3820=CARTESIAN_POINT('',(-6.039543787282E1,3.43E0,6.04E0));
#3821=CARTESIAN_POINT('',(-6.039543787282E1,3.43E0,3.104E1));
#3822=VERTEX_POINT('',#3820);
#3823=VERTEX_POINT('',#3821);
#3824=CARTESIAN_POINT('',(-5.136691493476E1,3.43E0,6.04E0));
#3825=CARTESIAN_POINT('',(-5.207826608836E1,3.197442310920E-14,6.04E0));
#3826=VERTEX_POINT('',#3824);
#3827=VERTEX_POINT('',#3825);
#3828=CARTESIAN_POINT('',(-5.136691493476E1,3.43E0,3.104E1));
#3829=VERTEX_POINT('',#3828);
#3830=CARTESIAN_POINT('',(-5.207826608836E1,3.197442310920E-14,3.104E1));
#3831=VERTEX_POINT('',#3830);
#3832=CARTESIAN_POINT('',(6.014407063826E1,-6.268240056004E0,3.104E1));
#3833=CARTESIAN_POINT('',(6.014407063826E1,-6.268240056004E0,6.04E0));
#3834=VERTEX_POINT('',#3832);
#3835=VERTEX_POINT('',#3833);
#3836=CARTESIAN_POINT('',(-5.403461166115E1,-7.918903415372E0,3.104E1));
#3837=CARTESIAN_POINT('',(-5.403461166115E1,-7.918903415372E0,6.04E0));
#3838=VERTEX_POINT('',#3836);
#3839=VERTEX_POINT('',#3837);
#3840=CARTESIAN_POINT('',(-1.179E1,1.097E2,3.5E1));
#3841=CARTESIAN_POINT('',(-8.79E0,1.097E2,3.8E1));
#3842=VERTEX_POINT('',#3840);
#3843=VERTEX_POINT('',#3841);
#3844=CARTESIAN_POINT('',(-1.179E1,6.407404882199E1,3.5E1));
#3845=VERTEX_POINT('',#3844);
#3846=CARTESIAN_POINT('',(-8.79E0,1.097E2,0.E0));
#3847=CARTESIAN_POINT('',(-1.179E1,1.097E2,3.E0));
#3848=VERTEX_POINT('',#3846);
#3849=VERTEX_POINT('',#3847);
#3850=CARTESIAN_POINT('',(-1.179E1,6.407404882199E1,3.E0));
#3851=VERTEX_POINT('',#3850);
#3852=CARTESIAN_POINT('',(2.222E1,1.097E2,3.E0));
#3853=CARTESIAN_POINT('',(2.222E1,6.447623508765E1,3.E0));
#3854=VERTEX_POINT('',#3852);
#3855=VERTEX_POINT('',#3853);
#3856=CARTESIAN_POINT('',(1.922E1,1.097E2,0.E0));
#3857=VERTEX_POINT('',#3856);
#3858=CARTESIAN_POINT('',(1.922E1,1.097E2,3.8E1));
#3859=CARTESIAN_POINT('',(2.222E1,1.097E2,3.5E1));
#3860=VERTEX_POINT('',#3858);
#3861=VERTEX_POINT('',#3859);
#3862=CARTESIAN_POINT('',(2.222E1,6.447623508765E1,3.5E1));
#3863=VERTEX_POINT('',#3862);
#3864=CARTESIAN_POINT('',(-6.125841223968E1,-6.918903415372E0,3.7E1));
#3865=CARTESIAN_POINT('',(-6.025841223968E1,-7.918903415372E0,3.7E1));
#3866=VERTEX_POINT('',#3864);
#3867=VERTEX_POINT('',#3865);
#3868=CARTESIAN_POINT('',(6.703529166064E1,-6.268240056004E0,3.7E1));
#3869=CARTESIAN_POINT('',(6.803529166064E1,-5.268240056004E0,3.7E1));
#3870=VERTEX_POINT('',#3868);
#3871=VERTEX_POINT('',#3869);
#3872=CARTESIAN_POINT('',(6.803529166064E1,-5.268240056004E0,1.E0));
#3873=CARTESIAN_POINT('',(6.703529166064E1,-6.268240056004E0,1.E0));
#3874=VERTEX_POINT('',#3872);
#3875=VERTEX_POINT('',#3873);
#3876=CARTESIAN_POINT('',(-6.025841223968E1,-7.918903415372E0,1.E0));
#3877=CARTESIAN_POINT('',(-6.125841223968E1,-6.918903415372E0,1.E0));
#3878=VERTEX_POINT('',#3876);
#3879=VERTEX_POINT('',#3877);
#3880=CARTESIAN_POINT('',(-6.025841223968E1,-6.918903415372E0,3.8E1));
#3881=VERTEX_POINT('',#3880);
#3882=CARTESIAN_POINT('',(6.703529166064E1,-5.268240056004E0,3.8E1));
#3883=VERTEX_POINT('',#3882);
#3884=CARTESIAN_POINT('',(6.703529166064E1,-5.268240056004E0,0.E0));
#3885=VERTEX_POINT('',#3884);
#3886=CARTESIAN_POINT('',(-6.025841223968E1,-6.918903415372E0,0.E0));
#3887=VERTEX_POINT('',#3886);
#3888=CARTESIAN_POINT('',(-6.025841223968E1,-1.104917515070E-1,0.E0));
#3889=CARTESIAN_POINT('',(-4.615098080382E1,2.779595674916E1,0.E0));
#3890=VERTEX_POINT('',#3888);
#3891=VERTEX_POINT('',#3889);
#3892=CARTESIAN_POINT('',(-6.123410156025E1,1.086665239871E-1,1.E0));
#3893=CARTESIAN_POINT('',(-4.690596562759E1,2.845169901247E1,1.E0));
#3894=VERTEX_POINT('',#3892);
#3895=VERTEX_POINT('',#3893);
#3896=CARTESIAN_POINT('',(-6.125841223968E1,-1.104917515070E-1,1.E0));
#3897=VERTEX_POINT('',#3896);
#3898=CARTESIAN_POINT('',(-6.123410156025E1,1.086665239871E-1,6.04E0));
#3899=VERTEX_POINT('',#3898);
#3900=CARTESIAN_POINT('',(-6.125841223968E1,-1.104917515070E-1,6.04E0));
#3901=VERTEX_POINT('',#3900);
#3902=CARTESIAN_POINT('',(6.802062461452E1,1.322813148983E1,1.E0));
#3903=CARTESIAN_POINT('',(2.145606797760E1,6.469384850335E1,1.E0));
#3904=VERTEX_POINT('',#3902);
#3905=VERTEX_POINT('',#3903);
#3906=CARTESIAN_POINT('',(6.803529166064E1,1.305748867575E1,1.E0));
#3907=CARTESIAN_POINT('',(6.703529166064E1,1.305748867575E1,0.E0));
#3908=VERTEX_POINT('',#3906);
#3909=VERTEX_POINT('',#3907);
#3910=CARTESIAN_POINT('',(6.803529166063E1,1.305748966392E1,3.699999800012E1));
#3911=VERTEX_POINT('',#3910);
#3912=CARTESIAN_POINT('',(6.703529166064E1,1.305748867575E1,3.8E1));
#3913=VERTEX_POINT('',#3912);
#3914=CARTESIAN_POINT('',(2.145606797760E1,6.469384850335E1,3.7E1));
#3915=CARTESIAN_POINT('',(6.802062461452E1,1.322813148983E1,3.7E1));
#3916=VERTEX_POINT('',#3914);
#3917=VERTEX_POINT('',#3915);
#3918=CARTESIAN_POINT('',(1.922E1,6.424446613520E1,3.8E1));
#3919=VERTEX_POINT('',#3918);
#3920=CARTESIAN_POINT('',(-6.125841223968E1,-1.104907779908E-1,
3.700000036080E1));
#3921=CARTESIAN_POINT('',(-6.125841223968E1,-1.104917515070E-1,3.104E1));
#3922=VERTEX_POINT('',#3920);
#3923=VERTEX_POINT('',#3921);
#3924=CARTESIAN_POINT('',(-6.123410156025E1,1.086665239871E-1,3.104E1));
#3925=VERTEX_POINT('',#3924);
#3926=CARTESIAN_POINT('',(-6.123410156027E1,1.086665239102E-1,3.7E1));
#3927=VERTEX_POINT('',#3926);
#3928=CARTESIAN_POINT('',(-6.025841223968E1,-1.104917515070E-1,3.8E1));
#3929=VERTEX_POINT('',#3928);
#3930=CARTESIAN_POINT('',(-4.615098080382E1,2.779595674916E1,3.8E1));
#3931=VERTEX_POINT('',#3930);
#3932=CARTESIAN_POINT('',(-4.690596562759E1,2.845169901247E1,3.7E1));
#3933=VERTEX_POINT('',#3932);
#3934=CARTESIAN_POINT('',(-2.099836180466E1,5.675527000970E1,3.8E1));
#3935=CARTESIAN_POINT('',(-8.79E0,6.417652584189E1,3.8E1));
#3936=VERTEX_POINT('',#3934);
#3937=VERTEX_POINT('',#3935);
#3938=CARTESIAN_POINT('',(-2.168759876402E1,5.747980601043E1,3.7E1));
#3939=CARTESIAN_POINT('',(-1.102606797774E1,6.439972740626E1,3.7E1));
#3940=VERTEX_POINT('',#3938);
#3941=VERTEX_POINT('',#3939);
#3942=CARTESIAN_POINT('',(-2.175334662929E1,5.741101227391E1,3.7E1));
#3943=VERTEX_POINT('',#3942);
#3944=CARTESIAN_POINT('',(-2.099836180552E1,5.675527001061E1,0.E0));
#3945=CARTESIAN_POINT('',(-2.175334662929E1,5.741101227391E1,1.E0));
#3946=VERTEX_POINT('',#3944);
#3947=VERTEX_POINT('',#3945);
#3948=CARTESIAN_POINT('',(-1.102606797774E1,6.439972740626E1,1.E0));
#3949=CARTESIAN_POINT('',(-2.168759876402E1,5.747980601043E1,1.E0));
#3950=VERTEX_POINT('',#3948);
#3951=VERTEX_POINT('',#3949);
#3952=CARTESIAN_POINT('',(-1.692517719740E1,5.234866399024E1,0.E0));
#3953=CARTESIAN_POINT('',(-4.213929276878E1,2.331854702741E1,0.E0));
#3954=VERTEX_POINT('',#3952);
#3955=VERTEX_POINT('',#3953);
#3956=CARTESIAN_POINT('',(-1.620068299155E1,5.165781654093E1,1.E0));
#3957=CARTESIAN_POINT('',(-4.138430794473E1,2.266280476406E1,1.E0));
#3958=VERTEX_POINT('',#3956);
#3959=VERTEX_POINT('',#3957);
#3960=CARTESIAN_POINT('',(-4.138430794477E1,2.266280476402E1,3.7E1));
#3961=CARTESIAN_POINT('',(-1.620068299155E1,5.165781654094E1,3.7E1));
#3962=VERTEX_POINT('',#3960);
#3963=VERTEX_POINT('',#3961);
#3964=CARTESIAN_POINT('',(-4.213929276878E1,2.331854702741E1,3.8E1));
#3965=CARTESIAN_POINT('',(-1.692517719740E1,5.234866399024E1,3.8E1));
#3966=VERTEX_POINT('',#3964);
#3967=VERTEX_POINT('',#3965);
#3968=CARTESIAN_POINT('',(4.381285364773E-1,5.995709715709E1,3.8E1));
#3969=VERTEX_POINT('',#3968);
#3970=CARTESIAN_POINT('',(5.005151836020E-1,5.895904510295E1,3.7E1));
#3971=VERTEX_POINT('',#3970);
#3972=CARTESIAN_POINT('',(-5.207826608836E1,-6.918903415372E0,3.104E1));
#3973=CARTESIAN_POINT('',(-5.307826608836E1,-7.918903415372E0,3.104E1));
#3974=VERTEX_POINT('',#3972);
#3975=VERTEX_POINT('',#3973);
#3976=CARTESIAN_POINT('',(-5.307826608836E1,-7.918903415372E0,
3.699999999998E1));
#3977=VERTEX_POINT('',#3976);
#3978=CARTESIAN_POINT('',(-5.207826608836E1,-6.918903415372E0,3.7E1));
#3979=VERTEX_POINT('',#3978);
#3980=CARTESIAN_POINT('',(-5.307826608836E1,-6.918903415372E0,3.8E1));
#3981=VERTEX_POINT('',#3980);
#3982=CARTESIAN_POINT('',(-5.207826608824E1,-7.726672635044E-10,3.7E1));
#3983=VERTEX_POINT('',#3982);
#3984=CARTESIAN_POINT('',(-5.307826608836E1,8.305468969190E-2,3.8E1));
#3985=VERTEX_POINT('',#3984);
#3986=CARTESIAN_POINT('',(-5.307826608836E1,-6.918903415373E0,0.E0));
#3987=CARTESIAN_POINT('',(-5.307826608836E1,8.305468969196E-2,0.E0));
#3988=VERTEX_POINT('',#3986);
#3989=VERTEX_POINT('',#3987);
#3990=CARTESIAN_POINT('',(-5.207826608836E1,-6.918903415372E0,1.E0));
#3991=CARTESIAN_POINT('',(-5.207826608847E1,-4.384225427145E-9,1.E0));
#3992=VERTEX_POINT('',#3990);
#3993=VERTEX_POINT('',#3991);
#3994=CARTESIAN_POINT('',(-5.307826608836E1,-7.918903415372E0,1.E0));
#3995=VERTEX_POINT('',#3994);
#3996=CARTESIAN_POINT('',(-5.307826608836E1,-7.918903415372E0,6.04E0));
#3997=CARTESIAN_POINT('',(-5.207826608836E1,-6.918903415372E0,6.04E0));
#3998=VERTEX_POINT('',#3996);
#3999=VERTEX_POINT('',#3997);
#4000=CARTESIAN_POINT('',(5.916476045361E1,-5.268240056005E0,3.8E1));
#4001=CARTESIAN_POINT('',(5.916476045361E1,1.220895767295E1,3.8E1));
#4002=VERTEX_POINT('',#4000);
#4003=VERTEX_POINT('',#4001);
#4004=CARTESIAN_POINT('',(5.816476045361E1,-5.268240056004E0,3.7E1));
#4005=CARTESIAN_POINT('',(5.816476045375E1,1.213697770249E1,3.7E1));
#4006=VERTEX_POINT('',#4004);
#4007=VERTEX_POINT('',#4005);
#4008=CARTESIAN_POINT('',(5.916476045361E1,-6.268240056004E0,3.7E1));
#4009=VERTEX_POINT('',#4008);
#4010=CARTESIAN_POINT('',(5.916476045361E1,-6.268240056004E0,3.104E1));
#4011=CARTESIAN_POINT('',(5.816476045361E1,-5.268240056004E0,3.104E1));
#4012=VERTEX_POINT('',#4010);
#4013=VERTEX_POINT('',#4011);
#4014=CARTESIAN_POINT('',(5.816476045361E1,-5.268240056004E0,1.E0));
#4015=CARTESIAN_POINT('',(5.816476045361E1,1.213697770529E1,1.E0));
#4016=VERTEX_POINT('',#4014);
#4017=VERTEX_POINT('',#4015);
#4018=CARTESIAN_POINT('',(5.916476045361E1,-5.268240061789E0,0.E0));
#4019=CARTESIAN_POINT('',(5.916476045361E1,1.220895767295E1,0.E0));
#4020=VERTEX_POINT('',#4018);
#4021=VERTEX_POINT('',#4019);
#4022=CARTESIAN_POINT('',(5.916476045361E1,-6.268240056004E0,1.E0));
#4023=VERTEX_POINT('',#4022);
#4024=CARTESIAN_POINT('',(5.816476045361E1,-5.268240056004E0,6.04E0));
#4025=CARTESIAN_POINT('',(5.916476045361E1,-6.268240056004E0,6.04E0));
#4026=VERTEX_POINT('',#4024);
#4027=VERTEX_POINT('',#4025);
#4028=CARTESIAN_POINT('',(1.3965E1,1.037E2,1.9E1));
#4029=CARTESIAN_POINT('',(-3.535E0,1.037E2,1.9E1));
#4030=VERTEX_POINT('',#4028);
#4031=VERTEX_POINT('',#4029);
#4032=CARTESIAN_POINT('',(-8.79E0,6.417652584189E1,0.E0));
#4033=CARTESIAN_POINT('',(-8.79E0,6.518676213335E1,0.E0));
#4034=VERTEX_POINT('',#4032);
#4035=VERTEX_POINT('',#4033);
#4036=CARTESIAN_POINT('',(1.922E1,6.518676213335E1,0.E0));
#4037=CARTESIAN_POINT('',(1.922000461622E1,6.424447056070E1,
1.088007461902E-11));
#4038=VERTEX_POINT('',#4036);
#4039=VERTEX_POINT('',#4037);
#4040=CARTESIAN_POINT('',(-5.975841223968E1,-2.5E-1,3.104E1));
#4041=CARTESIAN_POINT('',(-5.975841223968E1,-2.5E-1,6.04E0));
#4042=VERTEX_POINT('',#4040);
#4043=VERTEX_POINT('',#4041);
#4044=CARTESIAN_POINT('',(-6.125841223968E1,-1.75E0,3.104E1));
#4045=CARTESIAN_POINT('',(-6.125841223968E1,-1.75E0,6.04E0));
#4046=VERTEX_POINT('',#4044);
#4047=VERTEX_POINT('',#4045);
#4048=CARTESIAN_POINT('',(-5.403461166115E1,-1.75E0,3.104E1));
#4049=CARTESIAN_POINT('',(-5.403461166115E1,-1.75E0,6.04E0));
#4050=VERTEX_POINT('',#4048);
#4051=VERTEX_POINT('',#4049);
#4052=CARTESIAN_POINT('',(-5.553461166115E1,-2.5E-1,3.104E1));
#4053=CARTESIAN_POINT('',(-5.553461166115E1,-2.5E-1,6.04E0));
#4054=VERTEX_POINT('',#4052);
#4055=VERTEX_POINT('',#4053);
#4056=CARTESIAN_POINT('',(6.653529166064E1,-2.5E-1,6.04E0));
#4057=CARTESIAN_POINT('',(6.653529166064E1,-2.5E-1,3.104E1));
#4058=VERTEX_POINT('',#4056);
#4059=VERTEX_POINT('',#4057);
#4060=CARTESIAN_POINT('',(6.803529166064E1,-1.75E0,6.04E0));
#4061=CARTESIAN_POINT('',(6.803529166064E1,-1.75E0,3.104E1));
#4062=VERTEX_POINT('',#4060);
#4063=VERTEX_POINT('',#4061);
#4064=CARTESIAN_POINT('',(6.014407063826E1,-1.75E0,6.04E0));
#4065=CARTESIAN_POINT('',(6.014407063826E1,-1.75E0,3.104E1));
#4066=VERTEX_POINT('',#4064);
#4067=VERTEX_POINT('',#4065);
#4068=CARTESIAN_POINT('',(6.164407063826E1,-2.5E-1,6.04E0));
#4069=CARTESIAN_POINT('',(6.164407063826E1,-2.5E-1,3.104E1));
#4070=VERTEX_POINT('',#4068);
#4071=VERTEX_POINT('',#4069);
#4072=CARTESIAN_POINT('',(-4.690596562759E1,2.845169901247E1,4.082641364268E0));
#4073=VERTEX_POINT('',#4072);
#4074=CARTESIAN_POINT('',(-4.690596562759E1,2.845169901247E1,1.524582957683E1));
#4075=CARTESIAN_POINT('',(-4.690596562759E1,2.845169901247E1,2.080558431218E1));
#4076=VERTEX_POINT('',#4074);
#4077=VERTEX_POINT('',#4075);
#4078=CARTESIAN_POINT('',(-4.690596562759E1,2.845169901247E1,3.196877252474E1));
#4079=VERTEX_POINT('',#4078);
#4080=CARTESIAN_POINT('',(-2.013839883002E1,5.600834892915E1,7.285089390405E0));
#4081=CARTESIAN_POINT('',(-2.013839883002E1,5.600834892915E1,1.204338155069E1));
#4082=VERTEX_POINT('',#4080);
#4083=VERTEX_POINT('',#4081);
#4084=CARTESIAN_POINT('',(-1.840706556726E1,6.023451607052E1,4.755196891863E0));
#4085=CARTESIAN_POINT('',(-1.840706556726E1,6.023451607052E1,1.457327404923E1));
#4086=VERTEX_POINT('',#4084);
#4087=VERTEX_POINT('',#4085);
#4088=VERTEX_POINT('',#3363);
#4089=VERTEX_POINT('',#3367);
#4090=VERTEX_POINT('',#3308);
#4091=VERTEX_POINT('',#3384);
#4092=CARTESIAN_POINT('',(-2.013839883002E1,5.600834892915E1,2.400803233832E1));
#4093=CARTESIAN_POINT('',(-2.013839883002E1,5.600834892915E1,2.876632449860E1));
#4094=VERTEX_POINT('',#4092);
#4095=VERTEX_POINT('',#4093);
#4096=CARTESIAN_POINT('',(-1.840706556729E1,6.023451607050E1,2.147813983977E1));
#4097=CARTESIAN_POINT('',(-1.840706556727E1,6.023451607051E1,3.129621699715E1));
#4098=VERTEX_POINT('',#4096);
#4099=VERTEX_POINT('',#4097);
#4100=VERTEX_POINT('',#3374);
#4101=VERTEX_POINT('',#3378);
#4102=VERTEX_POINT('',#3349);
#4103=VERTEX_POINT('',#3390);
#4104=VERTEX_POINT('',#2087);
#4105=VERTEX_POINT('',#2098);
#4106=VERTEX_POINT('',#2116);
#4107=VERTEX_POINT('',#2125);
#4108=VERTEX_POINT('',#2011);
#4109=VERTEX_POINT('',#2022);
#4110=VERTEX_POINT('',#2127);
#4111=VERTEX_POINT('',#2134);
#4112=VERTEX_POINT('',#1998);
#4113=VERTEX_POINT('',#2009);
#4114=VERTEX_POINT('',#2038);
#4115=VERTEX_POINT('',#2047);
#4116=VERTEX_POINT('',#2074);
#4117=VERTEX_POINT('',#2085);
#4118=VERTEX_POINT('',#2049);
#4119=VERTEX_POINT('',#2058);
#4120=VERTEX_POINT('',#3177);
#4121=VERTEX_POINT('',#3187);
#4122=VERTEX_POINT('',#3202);
#4123=VERTEX_POINT('',#3210);
#4124=VERTEX_POINT('',#3235);
#4125=VERTEX_POINT('',#3245);
#4126=VERTEX_POINT('',#3212);
#4127=VERTEX_POINT('',#3220);
#4128=CARTESIAN_POINT('',(-2.442921034314E1,4.218395215892E1,-1.22E2));
#4129=CARTESIAN_POINT('',(-2.442921034314E1,4.218395215892E1,-9.7E1));
#4130=VERTEX_POINT('',#4128);
#4131=VERTEX_POINT('',#4129);
#4132=CARTESIAN_POINT('',(4.216304657949E1,4.163259538633E1,-1.22E2));
#4133=CARTESIAN_POINT('',(4.216304657949E1,4.163259538633E1,-9.7E1));
#4134=VERTEX_POINT('',#4132);
#4135=VERTEX_POINT('',#4133);
#4136=CARTESIAN_POINT('',(4.409977999024E1,4.907080675876E1,-9.7E1));
#4137=CARTESIAN_POINT('',(4.409977999024E1,4.907080675876E1,-1.22E2));
#4138=VERTEX_POINT('',#4136);
#4139=VERTEX_POINT('',#4137);
#4140=CARTESIAN_POINT('',(4.715949520127E1,4.465036859848E1,-1.22E2));
#4141=VERTEX_POINT('',#4140);
#4142=CARTESIAN_POINT('',(4.715949520127E1,4.465036859848E1,-9.7E1));
#4143=VERTEX_POINT('',#4142);
#4144=CARTESIAN_POINT('',(4.350135318244E1,3.558E1,-9.7E1));
#4145=CARTESIAN_POINT('',(3.770130918329E1,4.520623508765E1,-9.7E1));
#4146=VERTEX_POINT('',#4144);
#4147=VERTEX_POINT('',#4145);
#4148=CARTESIAN_POINT('',(3.770130918329E1,4.520623508765E1,-1.22E2));
#4149=VERTEX_POINT('',#4148);
#4150=CARTESIAN_POINT('',(-2.924847546610E1,4.438710611811E1,-1.22E2));
#4151=CARTESIAN_POINT('',(-2.670748418857E1,4.880245809824E1,-1.22E2));
#4152=VERTEX_POINT('',#4150);
#4153=VERTEX_POINT('',#4151);
#4154=CARTESIAN_POINT('',(-2.924847546610E1,4.438710611811E1,-9.7E1));
#4155=CARTESIAN_POINT('',(-2.670748418857E1,4.880245809824E1,-9.7E1));
#4156=VERTEX_POINT('',#4154);
#4157=VERTEX_POINT('',#4155);
#4158=CARTESIAN_POINT('',(3.770130918329E1,4.520623508765E1,-9.E1));
#4159=VERTEX_POINT('',#4158);
#4160=CARTESIAN_POINT('',(-2.411911376384E1,3.939297225714E1,-9.E1));
#4161=CARTESIAN_POINT('',(-2.559E1,3.677830331438E1,-9.3E1));
#4162=VERTEX_POINT('',#4160);
#4163=VERTEX_POINT('',#4161);
#4164=VERTEX_POINT('',#930);
#4165=VERTEX_POINT('',#936);
#4166=CARTESIAN_POINT('',(-2.559E1,3.677830331438E1,-9.7E1));
#4167=VERTEX_POINT('',#4166);
#4168=CARTESIAN_POINT('',(-3.015786644478E1,4.280690342559E1,-1.285E2));
#4169=CARTESIAN_POINT('',(-2.175334663576E1,5.741101226647E1,-1.285E2));
#4170=VERTEX_POINT('',#4168);
#4171=VERTEX_POINT('',#4169);
#4172=VERTEX_POINT('',#569);
#4173=VERTEX_POINT('',#577);
#4174=VERTEX_POINT('',#3630);
#4175=CARTESIAN_POINT('',(-3.034144673414E1,3.945123734775E1,
-9.300000000685E1));
#4176=VERTEX_POINT('',#4175);
#4177=CARTESIAN_POINT('',(-3.090608765268E1,4.150675728927E1,-9.3E1));
#4178=VERTEX_POINT('',#4177);
#4179=VERTEX_POINT('',#608);
#4180=VERTEX_POINT('',#3616);
#4181=CARTESIAN_POINT('',(-2.175334663576E1,5.741101226647E1,-9.15E1));
#4182=VERTEX_POINT('',#4181);
#4183=CARTESIAN_POINT('',(-2.595423801599E1,3.884804699230E1,-1.22E2));
#4184=CARTESIAN_POINT('',(-2.595423801599E1,3.884804699230E1,-9.7E1));
#4185=VERTEX_POINT('',#4183);
#4186=VERTEX_POINT('',#4184);
#4187=CARTESIAN_POINT('',(-2.805388628266E1,3.816436652160E1,-1.22E2));
#4188=CARTESIAN_POINT('',(-2.805388628266E1,3.816436652160E1,-9.7E1));
#4189=VERTEX_POINT('',#4187);
#4190=VERTEX_POINT('',#4188);
#4191=CARTESIAN_POINT('',(4.431029942433E1,3.807744469639E1,-9.7E1));
#4192=CARTESIAN_POINT('',(4.431029942433E1,3.807744469639E1,-1.22E2));
#4193=VERTEX_POINT('',#4191);
#4194=VERTEX_POINT('',#4192);
#4195=CARTESIAN_POINT('',(4.644798077622E1,3.761958090646E1,-9.7E1));
#4196=CARTESIAN_POINT('',(4.644798077622E1,3.761958090646E1,-1.22E2));
#4197=VERTEX_POINT('',#4195);
#4198=VERTEX_POINT('',#4196);
#4199=CARTESIAN_POINT('',(4.727843725859E1,4.184295656711E1,-9.E1));
#4200=CARTESIAN_POINT('',(4.286641491045E1,4.821710272343E1,-9.E1));
#4201=VERTEX_POINT('',#4199);
#4202=VERTEX_POINT('',#4200);
#4203=CARTESIAN_POINT('',(4.851180234162E1,4.269666059777E1,-9.15E1));
#4204=CARTESIAN_POINT('',(4.409977998969E1,4.907080675834E1,-9.15E1));
#4205=VERTEX_POINT('',#4203);
#4206=VERTEX_POINT('',#4204);
#4207=CARTESIAN_POINT('',(4.898584533250E1,3.937622640285E1,-9.3E1));
#4208=VERTEX_POINT('',#4207);
#4209=CARTESIAN_POINT('',(4.936550637695E1,4.146329551798E1,-9.3E1));
#4210=VERTEX_POINT('',#4209);
#4211=CARTESIAN_POINT('',(4.898584533250E1,3.937622640285E1,-1.269999999924E2));
#4212=VERTEX_POINT('',#4211);
#4213=CARTESIAN_POINT('',(4.936550637695E1,4.146329551798E1,-1.27E2));
#4214=VERTEX_POINT('',#4213);
#4215=CARTESIAN_POINT('',(4.727843726183E1,4.184295656244E1,-1.3E2));
#4216=VERTEX_POINT('',#4215);
#4217=CARTESIAN_POINT('',(4.851180234162E1,4.269666059777E1,-1.285E2));
#4218=VERTEX_POINT('',#4217);
#4219=CARTESIAN_POINT('',(4.286641491045E1,4.821710272343E1,-1.3E2));
#4220=VERTEX_POINT('',#4219);
#4221=CARTESIAN_POINT('',(4.409977999025E1,4.907080675876E1,-1.285E2));
#4222=VERTEX_POINT('',#4221);
#4223=VERTEX_POINT('',#189);
#4224=VERTEX_POINT('',#194);
#4225=CARTESIAN_POINT('',(2.183206691365E1,6.302726720653E1,-1.3E2));
#4226=CARTESIAN_POINT('',(2.222E1,6.447623508765E1,-1.285E2));
#4227=VERTEX_POINT('',#4225);
#4228=VERTEX_POINT('',#4226);
#4229=CARTESIAN_POINT('',(2.221999999995E1,6.447623508658E1,-9.15E1));
#4230=VERTEX_POINT('',#4229);
#4231=CARTESIAN_POINT('',(-9.443480253018E0,6.504431991267E1,0.E0));
#4232=CARTESIAN_POINT('',(-1.164267505623E1,6.304492905274E1,0.E0));
#4233=VERTEX_POINT('',#4231);
#4234=VERTEX_POINT('',#4232);
#4235=CARTESIAN_POINT('',(-1.179E1,6.211635755654E1,-9.E1));
#4236=CARTESIAN_POINT('',(-1.179E1,6.211635755654E1,0.E0));
#4237=VERTEX_POINT('',#4235);
#4238=VERTEX_POINT('',#4236);
#4239=CARTESIAN_POINT('',(-9.447134553743E0,6.504620937197E1,-9.E1));
#4240=VERTEX_POINT('',#4239);
#4241=CARTESIAN_POINT('',(-1.179E1,6.407404882199E1,-9.E1));
#4242=CARTESIAN_POINT('',(-1.179E1,6.447623508765E1,-9.E1));
#4243=VERTEX_POINT('',#4241);
#4244=VERTEX_POINT('',#4242);
#4245=CARTESIAN_POINT('',(2.186113864477E1,6.353916698128E1,
-5.684341886081E-14));
#4246=CARTESIAN_POINT('',(1.987348025302E1,6.504431991267E1,
-5.684341886081E-14));
#4247=VERTEX_POINT('',#4245);
#4248=VERTEX_POINT('',#4246);
#4249=CARTESIAN_POINT('',(2.222E1,6.211635755654E1,-9.E1));
#4250=CARTESIAN_POINT('',(2.222E1,6.211635755654E1,0.E0));
#4251=VERTEX_POINT('',#4249);
#4252=VERTEX_POINT('',#4250);
#4253=CARTESIAN_POINT('',(2.222E1,6.292116223948E1,-9.E1));
#4254=CARTESIAN_POINT('',(2.221999999999E1,6.447623508765E1,-9.E1));
#4255=VERTEX_POINT('',#4253);
#4256=VERTEX_POINT('',#4254);
#4257=CARTESIAN_POINT('',(2.025233942666E1,5.661202968482E1,0.E0));
#4258=CARTESIAN_POINT('',(2.188708666870E1,5.709497517920E1,0.E0));
#4259=VERTEX_POINT('',#4257);
#4260=VERTEX_POINT('',#4258);
#4261=CARTESIAN_POINT('',(2.222E1,5.803726425784E1,-9.E1));
#4262=CARTESIAN_POINT('',(2.222E1,5.803726425784E1,0.E0));
#4263=VERTEX_POINT('',#4261);
#4264=VERTEX_POINT('',#4262);
#4265=CARTESIAN_POINT('',(-1.128207044528E1,5.651626939560E1,
-5.684341886081E-14));
#4266=CARTESIAN_POINT('',(-9.613674759122E0,5.630247127911E1,
-5.684341886081E-14));
#4267=VERTEX_POINT('',#4265);
#4268=VERTEX_POINT('',#4266);
#4269=CARTESIAN_POINT('',(-1.179E1,5.764134549596E1,-9.E1));
#4270=CARTESIAN_POINT('',(-1.179E1,5.764134549596E1,0.E0));
#4271=VERTEX_POINT('',#4269);
#4272=VERTEX_POINT('',#4270);
#4273=CARTESIAN_POINT('',(3.576868389349E1,5.589701123964E1,-9.E1));
#4274=CARTESIAN_POINT('',(3.110339185621E1,5.914367884758E1,-9.E1));
#4275=VERTEX_POINT('',#4273);
#4276=VERTEX_POINT('',#4274);
#4277=CARTESIAN_POINT('',(-1.510932933574E1,6.252779832591E1,-9.E1));
#4278=CARTESIAN_POINT('',(-1.946788801609E1,5.837506235373E1,-9.E1));
#4279=VERTEX_POINT('',#4277);
#4280=VERTEX_POINT('',#4278);
#4281=CARTESIAN_POINT('',(3.576868389805E1,5.589701123950E1,-1.3E2));
#4282=CARTESIAN_POINT('',(3.110339185450E1,5.914367885181E1,-1.3E2));
#4283=VERTEX_POINT('',#4281);
#4284=VERTEX_POINT('',#4282);
#4285=CARTESIAN_POINT('',(-1.528724819517E1,6.185440263194E1,-1.3E2));
#4286=CARTESIAN_POINT('',(-1.946788801609E1,5.837506235373E1,-1.3E2));
#4287=VERTEX_POINT('',#4285);
#4288=VERTEX_POINT('',#4286);
#4289=CARTESIAN_POINT('',(3.771595318217E1,5.621600229187E1,-9.150000000446E1));
#4290=CARTESIAN_POINT('',(3.771595318327E1,5.621600229228E1,-1.285E2));
#4291=VERTEX_POINT('',#4289);
#4292=VERTEX_POINT('',#4290);
#4293=CARTESIAN_POINT('',(3.072596581067E1,6.108047066762E1,-9.150000000530E1));
#4294=CARTESIAN_POINT('',(3.072596581067E1,6.108047066879E1,-1.285E2));
#4295=VERTEX_POINT('',#4293);
#4296=VERTEX_POINT('',#4294);
#4297=CARTESIAN_POINT('',(-1.510932933574E1,6.252779832591E1,
-1.298822549759E2));
#4298=VERTEX_POINT('',#4297);
#4299=CARTESIAN_POINT('',(-2.080730138151E1,5.835700817905E1,
-9.053919899086E1));
#4300=CARTESIAN_POINT('',(-2.080730138151E1,5.835700817905E1,
-1.294608010091E2));
#4301=VERTEX_POINT('',#4299);
#4302=VERTEX_POINT('',#4300);
#4303=CARTESIAN_POINT('',(2.117121001231E1,6.474778877781E1,-9.E1));
#4304=CARTESIAN_POINT('',(2.117121001183E1,6.474778877729E1,-1.284999999968E2));
#4305=VERTEX_POINT('',#4303);
#4306=VERTEX_POINT('',#4304);
#4307=CARTESIAN_POINT('',(1.257544244511E1,6.629995198384E1,-9.E1));
#4308=CARTESIAN_POINT('',(1.257544244538E1,6.629995198319E1,-1.284999999968E2));
#4309=VERTEX_POINT('',#4307);
#4310=VERTEX_POINT('',#4308);
#4311=CARTESIAN_POINT('',(2.000127701009E0,6.663458137409E1,-9.E1));
#4312=CARTESIAN_POINT('',(2.000127700534E0,6.663458137341E1,-1.284999999977E2));
#4313=VERTEX_POINT('',#4311);
#4314=VERTEX_POINT('',#4312);
#4315=CARTESIAN_POINT('',(-5.791097697441E0,6.578553758134E1,-9.E1));
#4316=CARTESIAN_POINT('',(-5.791097696830E0,6.578553758078E1,
-1.284999999975E2));
#4317=VERTEX_POINT('',#4315);
#4318=VERTEX_POINT('',#4316);
#4319=VERTEX_POINT('',#433);
#4320=VERTEX_POINT('',#451);
#4321=VERTEX_POINT('',#453);
#4322=VERTEX_POINT('',#472);
#4323=CARTESIAN_POINT('',(1.955898540163E1,6.357760438265E1,-9.E1));
#4324=CARTESIAN_POINT('',(1.370672762149E1,6.460993182925E1,-9.E1));
#4325=VERTEX_POINT('',#4323);
#4326=VERTEX_POINT('',#4324);
#4327=CARTESIAN_POINT('',(1.987348025302E1,6.504431991267E1,-8.700000000440E1));
#4328=CARTESIAN_POINT('',(1.259458011054E1,6.625437396899E1,-8.700000000440E1));
#4329=VERTEX_POINT('',#4327);
#4330=VERTEX_POINT('',#4328);
#4331=CARTESIAN_POINT('',(2.097570888549E1,6.454894595358E1,-8.7E1));
#4332=VERTEX_POINT('',#4331);
#4333=CARTESIAN_POINT('',(2.097570888549E1,6.454894595358E1,-9.E1));
#4334=VERTEX_POINT('',#4333);
#4335=CARTESIAN_POINT('',(1.259458011054E1,6.625437396899E1,-9.E1));
#4336=VERTEX_POINT('',#4335);
#4337=CARTESIAN_POINT('',(7.043571231255E-2,6.495878589053E1,-9.E1));
#4338=CARTESIAN_POINT('',(-3.570351754151E0,6.457104343342E1,-9.E1));
#4339=VERTEX_POINT('',#4337);
#4340=VERTEX_POINT('',#4338);
#4341=CARTESIAN_POINT('',(1.962835834639E0,6.658159498963E1,-8.7E1));
#4342=CARTESIAN_POINT('',(-5.762086022496E0,6.575889379944E1,-8.7E1));
#4343=VERTEX_POINT('',#4341);
#4344=VERTEX_POINT('',#4342);
#4345=CARTESIAN_POINT('',(1.962835834639E0,6.658159498963E1,-9.E1));
#4346=VERTEX_POINT('',#4345);
#4347=CARTESIAN_POINT('',(-5.762086022496E0,6.575889379944E1,-9.E1));
#4348=VERTEX_POINT('',#4347);
#4349=CARTESIAN_POINT('',(1.3965E1,9.805748867575E1,1.9E1));
#4350=CARTESIAN_POINT('',(-3.535E0,9.805748867575E1,1.9E1));
#4351=VERTEX_POINT('',#4349);
#4352=VERTEX_POINT('',#4350);
#4353=CARTESIAN_POINT('',(1.773062673445E1,9.805748867575E1,5.276540345046E0));
#4354=CARTESIAN_POINT('',(1.773062673445E1,9.805748867575E1,3.272345965495E1));
#4355=VERTEX_POINT('',#4353);
#4356=VERTEX_POINT('',#4354);
#4357=CARTESIAN_POINT('',(-7.300626734452E0,9.805748867575E1,3.272345965495E1));
#4358=CARTESIAN_POINT('',(-7.300626734452E0,9.805748867575E1,5.276540345046E0));
#4359=VERTEX_POINT('',#4357);
#4360=VERTEX_POINT('',#4358);
#4361=CARTESIAN_POINT('',(-2.538958431225E0,5.859252937834E1,
9.999999974135E-1));
#4362=CARTESIAN_POINT('',(-2.538958430890E0,5.859252937908E1,5.276540345046E0));
#4363=VERTEX_POINT('',#4361);
#4364=VERTEX_POINT('',#4362);
#4365=VERTEX_POINT('',#1480);
#4366=VERTEX_POINT('',#3043);
#4367=VERTEX_POINT('',#3050);
#4368=CARTESIAN_POINT('',(-2.530620271012E0,5.861094131554E1,0.E0));
#4369=VERTEX_POINT('',#4368);
#4370=CARTESIAN_POINT('',(1.028428307066E1,5.879480303096E1,0.E0));
#4371=VERTEX_POINT('',#4370);
#4372=CARTESIAN_POINT('',(0.E0,6.920862984123E1,5.276540345046E0));
#4373=CARTESIAN_POINT('',(1.043E1,6.920862984123E1,5.276540345046E0));
#4374=VERTEX_POINT('',#4372);
#4375=VERTEX_POINT('',#4373);
#4376=CARTESIAN_POINT('',(1.043E1,9.805748867575E1,5.276540345046E0));
#4377=VERTEX_POINT('',#4376);
#4378=CARTESIAN_POINT('',(0.E0,9.805748867575E1,5.276540345046E0));
#4379=VERTEX_POINT('',#4378);
#4380=CARTESIAN_POINT('',(0.E0,6.920862984123E1,3.272345965495E1));
#4381=CARTESIAN_POINT('',(1.043E1,6.920862984123E1,3.272345965495E1));
#4382=VERTEX_POINT('',#4380);
#4383=VERTEX_POINT('',#4381);
#4384=CARTESIAN_POINT('',(1.043E1,9.605748867575E1,3.272345965495E1));
#4385=VERTEX_POINT('',#4384);
#4386=CARTESIAN_POINT('',(0.E0,9.605748867575E1,3.272345965495E1));
#4387=VERTEX_POINT('',#4386);
#4388=CARTESIAN_POINT('',(2.E0,9.805748867575E1,3.272345965495E1));
#4389=VERTEX_POINT('',#4388);
#4390=CARTESIAN_POINT('',(8.43E0,9.805748867575E1,3.272345965495E1));
#4391=VERTEX_POINT('',#4390);
#4392=CARTESIAN_POINT('',(9.929484816399E0,6.541347527667E1,-6.021997252270E1));
#4393=CARTESIAN_POINT('',(9.929484816399E0,6.541347527667E1,-2.972656289793E1));
#4394=VERTEX_POINT('',#4392);
#4395=VERTEX_POINT('',#4393);
#4396=CARTESIAN_POINT('',(1.101568366197E1,6.640975322936E1,-6.021997252270E1));
#4397=CARTESIAN_POINT('',(1.101568366197E1,6.640975322936E1,-2.972656289793E1));
#4398=VERTEX_POINT('',#4396);
#4399=VERTEX_POINT('',#4397);
#4400=CARTESIAN_POINT('',(7.929484816399E0,6.152129637604E1,-6.221997252270E1));
#4401=CARTESIAN_POINT('',(7.929484816399E0,6.560460998330E1,-6.221997252270E1));
#4402=VERTEX_POINT('',#4400);
#4403=VERTEX_POINT('',#4401);
#4404=CARTESIAN_POINT('',(9.929484816399E0,5.943367530301E1,-6.021997252270E1));
#4405=VERTEX_POINT('',#4404);
#4406=CARTESIAN_POINT('',(2.500515110814E0,6.560462847966E1,-6.221997252270E1));
#4407=VERTEX_POINT('',#4406);
#4408=CARTESIAN_POINT('',(2.459569155215E0,6.660378984236E1,-6.321997252270E1));
#4409=CARTESIAN_POINT('',(7.970430844785E0,6.660378984236E1,-6.321997252270E1));
#4410=VERTEX_POINT('',#4408);
#4411=VERTEX_POINT('',#4409);
#4412=CARTESIAN_POINT('',(5.005151836012E-1,6.188478826402E1,
-6.021997252270E1));
#4413=CARTESIAN_POINT('',(5.005151836012E-1,6.541347527667E1,
-6.021997252270E1));
#4414=VERTEX_POINT('',#4412);
#4415=VERTEX_POINT('',#4413);
#4416=CARTESIAN_POINT('',(2.500515183601E0,6.262089212003E1,-6.221997252270E1));
#4417=VERTEX_POINT('',#4416);
#4418=CARTESIAN_POINT('',(-5.856836619743E-1,6.640975322936E1,
-2.972656289793E1));
#4419=CARTESIAN_POINT('',(-5.856836619743E-1,6.640975322936E1,
-6.021997252270E1));
#4420=VERTEX_POINT('',#4418);
#4421=VERTEX_POINT('',#4419);
#4422=CARTESIAN_POINT('',(5.005151836012E-1,6.541347527667E1,
-2.972656289793E1));
#4423=VERTEX_POINT('',#4422);
#4424=CARTESIAN_POINT('',(2.500515183601E0,6.262089212003E1,-2.772656289793E1));
#4425=CARTESIAN_POINT('',(2.500515183601E0,6.560460938875E1,-2.772656289793E1));
#4426=VERTEX_POINT('',#4424);
#4427=VERTEX_POINT('',#4425);
#4428=CARTESIAN_POINT('',(5.005151836012E-1,6.188478826402E1,
-2.972656289793E1));
#4429=VERTEX_POINT('',#4428);
#4430=CARTESIAN_POINT('',(7.929484833328E0,6.560462848195E1,-2.772656289793E1));
#4431=VERTEX_POINT('',#4430);
#4432=CARTESIAN_POINT('',(7.970430844785E0,6.660378984236E1,-2.672656289793E1));
#4433=CARTESIAN_POINT('',(2.459569155215E0,6.660378984236E1,-2.672656289793E1));
#4434=VERTEX_POINT('',#4432);
#4435=VERTEX_POINT('',#4433);
#4436=CARTESIAN_POINT('',(9.929484816399E0,5.943367530301E1,-2.972656289793E1));
#4437=VERTEX_POINT('',#4436);
#4438=CARTESIAN_POINT('',(7.929484816399E0,6.152129637604E1,-2.772656289793E1));
#4439=VERTEX_POINT('',#4438);
#4440=CARTESIAN_POINT('',(-7.921618519192E0,5.702632238598E1,3.372345965495E1));
#4441=CARTESIAN_POINT('',(-7.921618519436E0,5.702632238718E1,5.276540345046E0));
#4442=VERTEX_POINT('',#4440);
#4443=VERTEX_POINT('',#4441);
#4444=CARTESIAN_POINT('',(4.381285364677E-1,5.995709715725E1,3.272345965495E1));
#4445=CARTESIAN_POINT('',(1.773062673406E1,5.833026411974E1,3.272345965495E1));
#4446=VERTEX_POINT('',#4444);
#4447=VERTEX_POINT('',#4445);
#4448=CARTESIAN_POINT('',(5.005151836020E-1,5.895904510295E1,3.372345965495E1));
#4449=CARTESIAN_POINT('',(1.846527749399E1,5.710084179274E1,3.372345965495E1));
#4450=VERTEX_POINT('',#4448);
#4451=VERTEX_POINT('',#4449);
#4452=CARTESIAN_POINT('',(-7.300626733217E0,5.833877089184E1,3.272345965495E1));
#4453=VERTEX_POINT('',#4452);
#4454=VERTEX_POINT('',#1144);
#4455=VERTEX_POINT('',#1151);
#4456=CARTESIAN_POINT('',(1.773062673445E1,5.833026412127E1,5.276540345046E0));
#4457=VERTEX_POINT('',#4456);
#4458=CARTESIAN_POINT('',(1.846527749399E1,5.710084179274E1,4.276540345046E0));
#4459=VERTEX_POINT('',#4458);
#4460=CARTESIAN_POINT('',(-7.300626734452E0,5.795171569435E1,5.276540345046E0));
#4461=VERTEX_POINT('',#4460);
#4462=VERTEX_POINT('',#2806);
#4463=VERTEX_POINT('',#2680);
#4464=VERTEX_POINT('',#2812);
#4465=CARTESIAN_POINT('',(-9.613674759122E0,5.630247127911E1,-9.E1));
#4466=CARTESIAN_POINT('',(-2.530620271013E0,5.861094131554E1,-9.E1));
#4467=VERTEX_POINT('',#4465);
#4468=VERTEX_POINT('',#4466);
#4469=CARTESIAN_POINT('',(-1.027550149222E1,5.614141556651E1,-9.E1));
#4470=CARTESIAN_POINT('',(-2.174E1,4.362211977152E1,-9.E1));
#4471=VERTEX_POINT('',#4469);
#4472=VERTEX_POINT('',#4470);
#4473=CARTESIAN_POINT('',(-2.174E1,4.362211977152E1,-9.7E1));
#4474=VERTEX_POINT('',#4473);
#4475=CARTESIAN_POINT('',(-2.089973837741E1,4.546015797932E1,-9.7E1));
#4476=VERTEX_POINT('',#4475);
#4477=CARTESIAN_POINT('',(-2.089973837741E1,4.546015797932E1,-1.22E2));
#4478=VERTEX_POINT('',#4477);
#4479=CARTESIAN_POINT('',(-2.530620271012E0,5.861094131554E1,
-9.472345965495E1));
#4480=VERTEX_POINT('',#4479);
#4481=CARTESIAN_POINT('',(2.025233942666E1,5.661202968482E1,-9.E1));
#4482=CARTESIAN_POINT('',(1.028428307066E1,5.879480303096E1,-9.E1));
#4483=VERTEX_POINT('',#4481);
#4484=VERTEX_POINT('',#4482);
#4485=CARTESIAN_POINT('',(2.222E1,5.592093709926E1,-9.E1));
#4486=VERTEX_POINT('',#4485);
#4487=CARTESIAN_POINT('',(1.028575200976E1,5.879180142430E1,-9.472345965495E1));
#4488=CARTESIAN_POINT('',(4.619276035838E0,5.911644242152E1,-9.472345965495E1));
#4489=VERTEX_POINT('',#4487);
#4490=VERTEX_POINT('',#4488);
#4491=CARTESIAN_POINT('',(4.619276035835E0,5.911644242152E1,-1.28E2));
#4492=CARTESIAN_POINT('',(-2.530620271012E0,5.861094131554E1,-1.28E2));
#4493=VERTEX_POINT('',#4491);
#4494=VERTEX_POINT('',#4492);
#4495=CARTESIAN_POINT('',(4.641174370403E0,6.111642245068E1,-1.3E2));
#4496=CARTESIAN_POINT('',(-2.833892537034E0,6.058791318014E1,-1.3E2));
#4497=VERTEX_POINT('',#4495);
#4498=VERTEX_POINT('',#4496);
#4499=CARTESIAN_POINT('',(2.222E1,5.592093709926E1,-1.28E2));
#4500=VERTEX_POINT('',#4499);
#4501=CARTESIAN_POINT('',(2.285632128416E1,5.781824326768E1,-1.3E2));
#4502=VERTEX_POINT('',#4501);
#4503=CARTESIAN_POINT('',(4.240181944140E1,3.740487758361E1,-1.22E2));
#4504=CARTESIAN_POINT('',(4.525316633538E1,3.679256064593E1,-1.22E2));
#4505=VERTEX_POINT('',#4503);
#4506=VERTEX_POINT('',#4504);
#4507=CARTESIAN_POINT('',(4.525316633536E1,3.679256064591E1,-1.270000000045E2));
#4508=VERTEX_POINT('',#4507);
#4509=CARTESIAN_POINT('',(4.240181944140E1,3.740487758361E1,-1.27E2));
#4510=VERTEX_POINT('',#4509);
#4511=VERTEX_POINT('',#950);
#4512=VERTEX_POINT('',#910);
#4513=CARTESIAN_POINT('',(3.770130918329E1,4.520623508765E1,-1.28E2));
#4514=VERTEX_POINT('',#4513);
#4515=CARTESIAN_POINT('',(3.936050338227E1,4.632782972449E1,-1.3E2));
#4516=VERTEX_POINT('',#4515);
#4517=CARTESIAN_POINT('',(-2.733311262851E1,3.775889413848E1,-1.22E2));
#4518=CARTESIAN_POINT('',(-2.460940917589E1,3.852141594289E1,-1.22E2));
#4519=VERTEX_POINT('',#4517);
#4520=VERTEX_POINT('',#4518);
#4521=CARTESIAN_POINT('',(-2.460940917589E1,3.852141594289E1,-1.27E2));
#4522=VERTEX_POINT('',#4521);
#4523=CARTESIAN_POINT('',(-2.733311262851E1,3.775889413848E1,
-1.269999999928E2));
#4524=VERTEX_POINT('',#4523);
#4525=CARTESIAN_POINT('',(-2.586222639235E1,4.037356308125E1,-1.3E2));
#4526=VERTEX_POINT('',#4525);
#4527=CARTESIAN_POINT('',(-2.411911376384E1,3.939297225714E1,-1.28E2));
#4528=VERTEX_POINT('',#4527);
#4529=CARTESIAN_POINT('',(-2.354323140385E1,4.449584257899E1,-1.3E2));
#4530=VERTEX_POINT('',#4529);
#4531=CARTESIAN_POINT('',(-2.180011877537E1,4.351525175483E1,-1.28E2));
#4532=VERTEX_POINT('',#4531);
#4533=CARTESIAN_POINT('',(-2.169518570771E1,4.373116806984E1,-1.28E2));
#4534=VERTEX_POINT('',#4533);
#4535=CARTESIAN_POINT('',(-2.180011877537E1,4.351525175483E1,-1.22E2));
#4536=VERTEX_POINT('',#4535);
#4537=CARTESIAN_POINT('',(-2.169518570771E1,4.373116806984E1,-1.22E2));
#4538=VERTEX_POINT('',#4537);
#4539=CARTESIAN_POINT('',(-2.E0,6.720862984123E1,3.8E1));
#4540=CARTESIAN_POINT('',(-1.999999996755E0,9.605748868620E1,3.8E1));
#4541=VERTEX_POINT('',#4539);
#4542=VERTEX_POINT('',#4540);
#4543=CARTESIAN_POINT('',(0.E0,6.920862984123E1,3.6E1));
#4544=CARTESIAN_POINT('',(0.E0,9.605748868567E1,3.6E1));
#4545=VERTEX_POINT('',#4543);
#4546=VERTEX_POINT('',#4544);
#4547=CARTESIAN_POINT('',(2.E0,1.000574886757E2,3.8E1));
#4548=VERTEX_POINT('',#4547);
#4549=CARTESIAN_POINT('',(2.E0,9.805748867575E1,3.6E1));
#4550=VERTEX_POINT('',#4549);
#4551=CARTESIAN_POINT('',(8.430000010450E0,1.000574886725E2,3.8E1));
#4552=VERTEX_POINT('',#4551);
#4553=CARTESIAN_POINT('',(8.430000004958E0,9.805748867575E1,3.6E1));
#4554=VERTEX_POINT('',#4553);
#4555=CARTESIAN_POINT('',(1.243E1,9.605748867575E1,3.8E1));
#4556=VERTEX_POINT('',#4555);
#4557=CARTESIAN_POINT('',(1.043E1,9.605748867575E1,3.6E1));
#4558=VERTEX_POINT('',#4557);
#4559=CARTESIAN_POINT('',(1.043E1,6.920862984123E1,3.6E1));
#4560=VERTEX_POINT('',#4559);
#4561=CARTESIAN_POINT('',(1.243E1,6.720862984123E1,3.8E1));
#4562=VERTEX_POINT('',#4561);
#4563=CARTESIAN_POINT('',(0.E0,6.920862984123E1,2.E0));
#4564=CARTESIAN_POINT('',(1.043E1,6.920862984123E1,2.E0));
#4565=VERTEX_POINT('',#4563);
#4566=VERTEX_POINT('',#4564);
#4567=CARTESIAN_POINT('',(-2.E0,6.720862984123E1,0.E0));
#4568=CARTESIAN_POINT('',(1.243E1,6.720862984123E1,0.E0));
#4569=VERTEX_POINT('',#4567);
#4570=VERTEX_POINT('',#4568);
#4571=CARTESIAN_POINT('',(0.E0,9.805748867575E1,2.E0));
#4572=VERTEX_POINT('',#4571);
#4573=CARTESIAN_POINT('',(-2.E0,1.000574886757E2,0.E0));
#4574=VERTEX_POINT('',#4573);
#4575=CARTESIAN_POINT('',(1.043E1,9.805748867575E1,2.E0));
#4576=VERTEX_POINT('',#4575);
#4577=CARTESIAN_POINT('',(1.243E1,1.000574886757E2,0.E0));
#4578=VERTEX_POINT('',#4577);
#4579=CARTESIAN_POINT('',(0.E0,0.E0,0.E0));
#4580=DIRECTION('',(0.E0,0.E0,1.E0));
#4581=DIRECTION('',(1.E0,0.E0,0.E0));
#4582=AXIS2_PLACEMENT_3D('',#4579,#4580,#4581);
#4583=PLANE('',#4582);
#4585=ORIENTED_EDGE('',*,*,#4584,.F.);
#4587=ORIENTED_EDGE('',*,*,#4586,.T.);
#4589=ORIENTED_EDGE('',*,*,#4588,.F.);
#4591=ORIENTED_EDGE('',*,*,#4590,.T.);
#4592=EDGE_LOOP('',(#4585,#4587,#4589,#4591));
#4593=FACE_OUTER_BOUND('',#4592,.F.);
#4595=ORIENTED_EDGE('',*,*,#4594,.F.);
#4597=ORIENTED_EDGE('',*,*,#4596,.F.);
#4599=ORIENTED_EDGE('',*,*,#4598,.F.);
#4601=ORIENTED_EDGE('',*,*,#4600,.F.);
#4602=EDGE_LOOP('',(#4595,#4597,#4599,#4601));
#4603=FACE_BOUND('',#4602,.F.);
#4605=CARTESIAN_POINT('',(0.E0,0.E0,0.E0));
#4606=DIRECTION('',(0.E0,0.E0,1.E0));
#4607=DIRECTION('',(1.E0,0.E0,0.E0));
#4608=AXIS2_PLACEMENT_3D('',#4605,#4606,#4607);
#4609=PLANE('',#4608);
#4611=ORIENTED_EDGE('',*,*,#4610,.F.);
#4613=ORIENTED_EDGE('',*,*,#4612,.F.);
#4615=ORIENTED_EDGE('',*,*,#4614,.T.);
#4617=ORIENTED_EDGE('',*,*,#4616,.F.);
#4619=ORIENTED_EDGE('',*,*,#4618,.F.);
#4621=ORIENTED_EDGE('',*,*,#4620,.F.);
#4623=ORIENTED_EDGE('',*,*,#4622,.T.);
#4625=ORIENTED_EDGE('',*,*,#4624,.F.);
#4626=EDGE_LOOP('',(#4611,#4613,#4615,#4617,#4619,#4621,#4623,#4625));
#4627=FACE_OUTER_BOUND('',#4626,.F.);
#4629=CARTESIAN_POINT('',(0.E0,0.E0,0.E0));
#4630=DIRECTION('',(0.E0,0.E0,1.E0));
#4631=DIRECTION('',(1.E0,0.E0,0.E0));
#4632=AXIS2_PLACEMENT_3D('',#4629,#4630,#4631);
#4633=PLANE('',#4632);
#4635=ORIENTED_EDGE('',*,*,#4634,.T.);
#4637=ORIENTED_EDGE('',*,*,#4636,.F.);
#4639=ORIENTED_EDGE('',*,*,#4638,.F.);
#4641=ORIENTED_EDGE('',*,*,#4640,.F.);
#4643=ORIENTED_EDGE('',*,*,#4642,.T.);
#4645=ORIENTED_EDGE('',*,*,#4644,.F.);
#4647=ORIENTED_EDGE('',*,*,#4646,.F.);
#4649=ORIENTED_EDGE('',*,*,#4648,.F.);
#4651=ORIENTED_EDGE('',*,*,#4650,.F.);
#4653=ORIENTED_EDGE('',*,*,#4652,.T.);
#4655=ORIENTED_EDGE('',*,*,#4654,.F.);
#4657=ORIENTED_EDGE('',*,*,#4656,.F.);
#4658=EDGE_LOOP('',(#4635,#4637,#4639,#4641,#4643,#4645,#4647,#4649,#4651,#4653,
#4655,#4657));
#4659=FACE_OUTER_BOUND('',#4658,.F.);
#4661=CARTESIAN_POINT('',(1.922E1,2.633219980152E2,3.E0));
#4662=DIRECTION('',(0.E0,-1.E0,0.E0));
#4663=DIRECTION('',(0.E0,0.E0,-1.E0));
#4664=AXIS2_PLACEMENT_3D('',#4661,#4662,#4663);
#4665=CYLINDRICAL_SURFACE('',#4664,3.E0);
#4667=ORIENTED_EDGE('',*,*,#4666,.T.);
#4669=ORIENTED_EDGE('',*,*,#4668,.F.);
#4671=ORIENTED_EDGE('',*,*,#4670,.T.);
#4673=ORIENTED_EDGE('',*,*,#4672,.F.);
#4675=ORIENTED_EDGE('',*,*,#4674,.T.);
#4676=ORIENTED_EDGE('',*,*,#4584,.T.);
#4677=EDGE_LOOP('',(#4667,#4669,#4671,#4673,#4675,#4676));
#4678=FACE_OUTER_BOUND('',#4677,.F.);
#4680=CARTESIAN_POINT('',(0.E0,0.E0,0.E0));
#4681=DIRECTION('',(0.E0,0.E0,-1.E0));
#4682=DIRECTION('',(-1.E0,0.E0,0.E0));
#4683=AXIS2_PLACEMENT_3D('',#4680,#4681,#4682);
#4684=PLANE('',#4683);
#4686=ORIENTED_EDGE('',*,*,#4685,.F.);
#4688=ORIENTED_EDGE('',*,*,#4687,.T.);
#4690=ORIENTED_EDGE('',*,*,#4689,.F.);
#4692=ORIENTED_EDGE('',*,*,#4691,.T.);
#4693=EDGE_LOOP('',(#4686,#4688,#4690,#4692));
#4694=FACE_OUTER_BOUND('',#4693,.F.);
#4696=CARTESIAN_POINT('',(0.E0,0.E0,0.E0));
#4697=DIRECTION('',(0.E0,0.E0,-1.E0));
#4698=DIRECTION('',(-1.E0,0.E0,0.E0));
#4699=AXIS2_PLACEMENT_3D('',#4696,#4697,#4698);
#4700=PLANE('',#4699);
#4702=ORIENTED_EDGE('',*,*,#4701,.F.);
#4704=ORIENTED_EDGE('',*,*,#4703,.T.);
#4705=ORIENTED_EDGE('',*,*,#4666,.F.);
#4707=ORIENTED_EDGE('',*,*,#4706,.T.);
#4708=EDGE_LOOP('',(#4702,#4704,#4705,#4707));
#4709=FACE_OUTER_BOUND('',#4708,.F.);
#4711=CARTESIAN_POINT('',(0.E0,0.E0,0.E0));
#4712=DIRECTION('',(0.E0,0.E0,-1.E0));
#4713=DIRECTION('',(-1.E0,0.E0,0.E0));
#4714=AXIS2_PLACEMENT_3D('',#4711,#4712,#4713);
#4715=PLANE('',#4714);
#4717=ORIENTED_EDGE('',*,*,#4716,.T.);
#4719=ORIENTED_EDGE('',*,*,#4718,.T.);
#4721=ORIENTED_EDGE('',*,*,#4720,.F.);
#4723=ORIENTED_EDGE('',*,*,#4722,.F.);
#4724=EDGE_LOOP('',(#4717,#4719,#4721,#4723));
#4725=FACE_OUTER_BOUND('',#4724,.F.);
#4727=CARTESIAN_POINT('',(0.E0,0.E0,0.E0));
#4728=DIRECTION('',(0.E0,0.E0,-1.E0));
#4729=DIRECTION('',(-1.E0,0.E0,0.E0));
#4730=AXIS2_PLACEMENT_3D('',#4727,#4728,#4729);
#4731=PLANE('',#4730);
#4733=ORIENTED_EDGE('',*,*,#4732,.T.);
#4735=ORIENTED_EDGE('',*,*,#4734,.F.);
#4737=ORIENTED_EDGE('',*,*,#4736,.F.);
#4739=ORIENTED_EDGE('',*,*,#4738,.T.);
#4740=EDGE_LOOP('',(#4733,#4735,#4737,#4739));
#4741=FACE_OUTER_BOUND('',#4740,.F.);
#4743=CARTESIAN_POINT('',(-8.79E0,6.211635755654E1,-3.490048E2));
#4744=DIRECTION('',(0.E0,0.E0,1.E0));
#4745=DIRECTION('',(-2.178267510060E-1,9.759874520434E-1,0.E0));
#4746=AXIS2_PLACEMENT_3D('',#4743,#4744,#4745);
#4747=CYLINDRICAL_SURFACE('',#4746,3.E0);
#4748=ORIENTED_EDGE('',*,*,#4685,.T.);
#4749=ORIENTED_EDGE('',*,*,#4640,.T.);
#4751=ORIENTED_EDGE('',*,*,#4750,.F.);
#4753=ORIENTED_EDGE('',*,*,#4752,.T.);
#4755=ORIENTED_EDGE('',*,*,#4754,.T.);
#4756=EDGE_LOOP('',(#4748,#4749,#4751,#4753,#4755));
#4757=FACE_OUTER_BOUND('',#4756,.F.);
#4759=CARTESIAN_POINT('',(-1.179E1,5.505942549249E1,0.E0));
#4760=DIRECTION('',(-1.E0,0.E0,0.E0));
#4761=DIRECTION('',(0.E0,1.E0,0.E0));
#4762=AXIS2_PLACEMENT_3D('',#4759,#4760,#4761);
#4763=PLANE('',#4762);
#4765=ORIENTED_EDGE('',*,*,#4764,.F.);
#4767=ORIENTED_EDGE('',*,*,#4766,.T.);
#4769=ORIENTED_EDGE('',*,*,#4768,.F.);
#4771=ORIENTED_EDGE('',*,*,#4770,.F.);
#4772=EDGE_LOOP('',(#4765,#4767,#4769,#4771));
#4773=FACE_OUTER_BOUND('',#4772,.F.);
#4775=CARTESIAN_POINT('',(-1.179E1,5.505942549249E1,0.E0));
#4776=DIRECTION('',(-1.E0,0.E0,0.E0));
#4777=DIRECTION('',(0.E0,1.E0,0.E0));
#4778=AXIS2_PLACEMENT_3D('',#4775,#4776,#4777);
#4779=PLANE('',#4778);
#4781=ORIENTED_EDGE('',*,*,#4780,.F.);
#4783=ORIENTED_EDGE('',*,*,#4782,.T.);
#4784=ORIENTED_EDGE('',*,*,#4750,.T.);
#4785=ORIENTED_EDGE('',*,*,#4638,.T.);
#4786=EDGE_LOOP('',(#4781,#4783,#4784,#4785));
#4787=FACE_OUTER_BOUND('',#4786,.F.);
#4789=CARTESIAN_POINT('',(0.E0,0.E0,-9.E1));
#4790=DIRECTION('',(0.E0,0.E0,-1.E0));
#4791=DIRECTION('',(-1.E0,0.E0,0.E0));
#4792=AXIS2_PLACEMENT_3D('',#4789,#4790,#4791);
#4793=PLANE('',#4792);
#4795=ORIENTED_EDGE('',*,*,#4794,.F.);
#4797=ORIENTED_EDGE('',*,*,#4796,.F.);
#4799=ORIENTED_EDGE('',*,*,#4798,.F.);
#4801=ORIENTED_EDGE('',*,*,#4800,.T.);
#4802=EDGE_LOOP('',(#4795,#4797,#4799,#4801));
#4803=FACE_OUTER_BOUND('',#4802,.F.);
#4805=CARTESIAN_POINT('',(0.E0,0.E0,-9.E1));
#4806=DIRECTION('',(0.E0,0.E0,-1.E0));
#4807=DIRECTION('',(-1.E0,0.E0,0.E0));
#4808=AXIS2_PLACEMENT_3D('',#4805,#4806,#4807);
#4809=PLANE('',#4808);
#4811=ORIENTED_EDGE('',*,*,#4810,.F.);
#4813=ORIENTED_EDGE('',*,*,#4812,.F.);
#4815=ORIENTED_EDGE('',*,*,#4814,.T.);
#4816=EDGE_LOOP('',(#4811,#4813,#4815));
#4817=FACE_OUTER_BOUND('',#4816,.F.);
#4819=CARTESIAN_POINT('',(0.E0,0.E0,-9.E1));
#4820=DIRECTION('',(0.E0,0.E0,-1.E0));
#4821=DIRECTION('',(-1.E0,0.E0,0.E0));
#4822=AXIS2_PLACEMENT_3D('',#4819,#4820,#4821);
#4823=PLANE('',#4822);
#4825=ORIENTED_EDGE('',*,*,#4824,.T.);
#4827=ORIENTED_EDGE('',*,*,#4826,.T.);
#4829=ORIENTED_EDGE('',*,*,#4828,.F.);
#4831=ORIENTED_EDGE('',*,*,#4830,.F.);
#4833=ORIENTED_EDGE('',*,*,#4832,.F.);
#4835=ORIENTED_EDGE('',*,*,#4834,.T.);
#4836=ORIENTED_EDGE('',*,*,#4764,.T.);
#4838=ORIENTED_EDGE('',*,*,#4837,.T.);
#4839=ORIENTED_EDGE('',*,*,#4752,.F.);
#4840=ORIENTED_EDGE('',*,*,#4782,.F.);
#4842=ORIENTED_EDGE('',*,*,#4841,.F.);
#4843=EDGE_LOOP('',(#4825,#4827,#4829,#4831,#4833,#4835,#4836,#4838,#4839,#4840,
#4842));
#4844=FACE_OUTER_BOUND('',#4843,.F.);
#4846=CARTESIAN_POINT('',(0.E0,0.E0,-9.E1));
#4847=DIRECTION('',(0.E0,0.E0,-1.E0));
#4848=DIRECTION('',(-1.E0,0.E0,0.E0));
#4849=AXIS2_PLACEMENT_3D('',#4846,#4847,#4848);
#4850=PLANE('',#4849);
#4852=ORIENTED_EDGE('',*,*,#4851,.F.);
#4854=ORIENTED_EDGE('',*,*,#4853,.F.);
#4856=ORIENTED_EDGE('',*,*,#4855,.F.);
#4858=ORIENTED_EDGE('',*,*,#4857,.F.);
#4860=ORIENTED_EDGE('',*,*,#4859,.T.);
#4862=ORIENTED_EDGE('',*,*,#4861,.F.);
#4864=ORIENTED_EDGE('',*,*,#4863,.F.);
#4866=ORIENTED_EDGE('',*,*,#4865,.F.);
#4868=ORIENTED_EDGE('',*,*,#4867,.F.);
#4870=ORIENTED_EDGE('',*,*,#4869,.F.);
#4872=ORIENTED_EDGE('',*,*,#4871,.F.);
#4874=ORIENTED_EDGE('',*,*,#4873,.T.);
#4876=ORIENTED_EDGE('',*,*,#4875,.T.);
#4878=ORIENTED_EDGE('',*,*,#4877,.T.);
#4879=EDGE_LOOP('',(#4852,#4854,#4856,#4858,#4860,#4862,#4864,#4866,#4868,#4870,
#4872,#4874,#4876,#4878));
#4880=FACE_OUTER_BOUND('',#4879,.F.);
#4882=CARTESIAN_POINT('',(1.737232685407E1,6.828729975141E1,-1.3E2));
#4883=DIRECTION('',(0.E0,0.E0,-1.E0));
#4884=DIRECTION('',(0.E0,1.E0,0.E0));
#4885=AXIS2_PLACEMENT_3D('',#4882,#4883,#4884);
#4886=CYLINDRICAL_SURFACE('',#4885,5.192268404287E0);
#4888=ORIENTED_EDGE('',*,*,#4887,.T.);
#4890=ORIENTED_EDGE('',*,*,#4889,.F.);
#4892=ORIENTED_EDGE('',*,*,#4891,.T.);
#4893=ORIENTED_EDGE('',*,*,#4794,.T.);
#4895=ORIENTED_EDGE('',*,*,#4894,.T.);
#4897=ORIENTED_EDGE('',*,*,#4896,.T.);
#4899=ORIENTED_EDGE('',*,*,#4898,.T.);
#4901=ORIENTED_EDGE('',*,*,#4900,.T.);
#4903=ORIENTED_EDGE('',*,*,#4902,.F.);
#4904=ORIENTED_EDGE('',*,*,#4857,.T.);
#4906=ORIENTED_EDGE('',*,*,#4905,.F.);
#4908=ORIENTED_EDGE('',*,*,#4907,.F.);
#4909=EDGE_LOOP('',(#4888,#4890,#4892,#4893,#4895,#4897,#4899,#4901,#4903,#4904,
#4906,#4908));
#4910=FACE_OUTER_BOUND('',#4909,.F.);
#4912=CARTESIAN_POINT('',(0.E0,0.E0,-9.E1));
#4913=DIRECTION('',(0.E0,0.E0,-1.E0));
#4914=DIRECTION('',(-1.E0,0.E0,0.E0));
#4915=AXIS2_PLACEMENT_3D('',#4912,#4913,#4914);
#4916=PLANE('',#4915);
#4918=ORIENTED_EDGE('',*,*,#4917,.T.);
#4919=ORIENTED_EDGE('',*,*,#4887,.F.);
#4920=EDGE_LOOP('',(#4918,#4919));
#4921=FACE_OUTER_BOUND('',#4920,.F.);
#4923=CARTESIAN_POINT('',(0.E0,0.E0,-9.E1));
#4924=DIRECTION('',(0.E0,0.E0,-1.E0));
#4925=DIRECTION('',(-1.E0,0.E0,0.E0));
#4926=AXIS2_PLACEMENT_3D('',#4923,#4924,#4925);
#4927=PLANE('',#4926);
#4929=ORIENTED_EDGE('',*,*,#4928,.T.);
#4931=ORIENTED_EDGE('',*,*,#4930,.F.);
#4932=EDGE_LOOP('',(#4929,#4931));
#4933=FACE_OUTER_BOUND('',#4932,.F.);
#4935=CARTESIAN_POINT('',(5.214999779526E0,-6.339896538764E-1,
-8.849999999799E1));
#4936=DIRECTION('',(0.E0,0.E0,1.E0));
#4937=DIRECTION('',(0.E0,-1.E0,0.E0));
#4938=AXIS2_PLACEMENT_3D('',#4935,#4936,#4937);
#4939=CONICAL_SURFACE('',#4938,6.654421510640E1,2.656505328935E1);
#4940=ORIENTED_EDGE('',*,*,#4917,.F.);
#4942=ORIENTED_EDGE('',*,*,#4941,.T.);
#4944=ORIENTED_EDGE('',*,*,#4943,.T.);
#4945=ORIENTED_EDGE('',*,*,#4889,.T.);
#4946=EDGE_LOOP('',(#4940,#4942,#4944,#4945));
#4947=FACE_OUTER_BOUND('',#4946,.F.);
#4949=CARTESIAN_POINT('',(1.922E1,6.211635755654E1,-8.851054132974E1));
#4950=DIRECTION('',(0.E0,0.E0,1.E0));
#4951=DIRECTION('',(0.E0,-1.E0,0.E0));
#4952=AXIS2_PLACEMENT_3D('',#4949,#4950,#4951);
#4953=CONICAL_SURFACE('',#4952,2.244729335128E0,2.656505117708E1);
#4955=ORIENTED_EDGE('',*,*,#4954,.T.);
#4956=ORIENTED_EDGE('',*,*,#4941,.F.);
#4957=ORIENTED_EDGE('',*,*,#4907,.T.);
#4958=EDGE_LOOP('',(#4955,#4956,#4957));
#4959=FACE_OUTER_BOUND('',#4958,.F.);
#4961=CARTESIAN_POINT('',(1.922E1,6.211635755654E1,-3.490048E2));
#4962=DIRECTION('',(0.E0,0.E0,1.E0));
#4963=DIRECTION('',(1.E0,0.E0,0.E0));
#4964=AXIS2_PLACEMENT_3D('',#4961,#4962,#4963);
#4965=CYLINDRICAL_SURFACE('',#4964,3.E0);
#4966=ORIENTED_EDGE('',*,*,#4954,.F.);
#4967=ORIENTED_EDGE('',*,*,#4905,.T.);
#4968=ORIENTED_EDGE('',*,*,#4855,.T.);
#4970=ORIENTED_EDGE('',*,*,#4969,.T.);
#4971=ORIENTED_EDGE('',*,*,#4624,.T.);
#4972=ORIENTED_EDGE('',*,*,#4701,.T.);
#4974=ORIENTED_EDGE('',*,*,#4973,.F.);
#4975=EDGE_LOOP('',(#4966,#4967,#4968,#4970,#4971,#4972,#4974));
#4976=FACE_OUTER_BOUND('',#4975,.F.);
#4978=CARTESIAN_POINT('',(2.222E1,6.447623508765E1,0.E0));
#4979=DIRECTION('',(1.E0,0.E0,0.E0));
#4980=DIRECTION('',(0.E0,-1.E0,0.E0));
#4981=AXIS2_PLACEMENT_3D('',#4978,#4979,#4980);
#4982=PLANE('',#4981);
#4983=ORIENTED_EDGE('',*,*,#4861,.T.);
#4985=ORIENTED_EDGE('',*,*,#4984,.F.);
#4987=ORIENTED_EDGE('',*,*,#4986,.F.);
#4988=EDGE_LOOP('',(#4983,#4985,#4987));
#4989=FACE_OUTER_BOUND('',#4988,.F.);
#4991=CARTESIAN_POINT('',(2.222E1,6.447623508765E1,0.E0));
#4992=DIRECTION('',(1.E0,0.E0,0.E0));
#4993=DIRECTION('',(0.E0,-1.E0,0.E0));
#4994=AXIS2_PLACEMENT_3D('',#4991,#4992,#4993);
#4995=PLANE('',#4994);
#4997=ORIENTED_EDGE('',*,*,#4996,.T.);
#4998=ORIENTED_EDGE('',*,*,#4610,.T.);
#4999=ORIENTED_EDGE('',*,*,#4969,.F.);
#5000=ORIENTED_EDGE('',*,*,#4853,.T.);
#5001=EDGE_LOOP('',(#4997,#4998,#4999,#5000));
#5002=FACE_OUTER_BOUND('',#5001,.F.);
#5004=CARTESIAN_POINT('',(5.215E0,9.609029717561E-1,-9.E1));
#5005=DIRECTION('',(0.E0,0.E0,-1.E0));
#5006=DIRECTION('',(-1.E0,0.E0,0.E0));
#5007=AXIS2_PLACEMENT_3D('',#5004,#5005,#5006);
#5008=CYLINDRICAL_SURFACE('',#5007,6.575231888528E1);
#5009=ORIENTED_EDGE('',*,*,#4902,.T.);
#5011=ORIENTED_EDGE('',*,*,#5010,.T.);
#5013=ORIENTED_EDGE('',*,*,#5012,.F.);
#5014=ORIENTED_EDGE('',*,*,#4984,.T.);
#5015=ORIENTED_EDGE('',*,*,#4859,.F.);
#5016=EDGE_LOOP('',(#5009,#5011,#5013,#5014,#5015));
#5017=FACE_OUTER_BOUND('',#5016,.F.);
#5019=CARTESIAN_POINT('',(5.215E0,9.609029717561E-1,-9.E1));
#5020=DIRECTION('',(0.E0,0.E0,-1.E0));
#5021=DIRECTION('',(-1.E0,0.E0,0.E0));
#5022=AXIS2_PLACEMENT_3D('',#5019,#5020,#5021);
#5023=CYLINDRICAL_SURFACE('',#5022,6.575231888528E1);
#5024=ORIENTED_EDGE('',*,*,#4894,.F.);
#5025=ORIENTED_EDGE('',*,*,#4800,.F.);
#5027=ORIENTED_EDGE('',*,*,#5026,.T.);
#5029=ORIENTED_EDGE('',*,*,#5028,.T.);
#5030=EDGE_LOOP('',(#5024,#5025,#5027,#5029));
#5031=FACE_OUTER_BOUND('',#5030,.F.);
#5033=CARTESIAN_POINT('',(5.215E0,9.609029717561E-1,-9.E1));
#5034=DIRECTION('',(0.E0,0.E0,-1.E0));
#5035=DIRECTION('',(-1.E0,0.E0,0.E0));
#5036=AXIS2_PLACEMENT_3D('',#5033,#5034,#5035);
#5037=CYLINDRICAL_SURFACE('',#5036,6.575231888528E1);
#5039=ORIENTED_EDGE('',*,*,#5038,.F.);
#5040=ORIENTED_EDGE('',*,*,#4814,.F.);
#5041=ORIENTED_EDGE('',*,*,#4837,.F.);
#5042=ORIENTED_EDGE('',*,*,#4770,.T.);
#5044=ORIENTED_EDGE('',*,*,#5043,.T.);
#5045=EDGE_LOOP('',(#5039,#5040,#5041,#5042,#5044));
#5046=FACE_OUTER_BOUND('',#5045,.F.);
#5048=CARTESIAN_POINT('',(5.215E0,9.609029717561E-1,-1.285E2));
#5049=DIRECTION('',(0.E0,0.E0,-1.E0));
#5050=DIRECTION('',(2.665661451942E-1,9.638166268727E-1,0.E0));
#5051=AXIS2_PLACEMENT_3D('',#5048,#5049,#5050);
#5052=TOROIDAL_SURFACE('',#5051,6.425231888361E1,1.5E0);
#5053=ORIENTED_EDGE('',*,*,#4900,.F.);
#5055=ORIENTED_EDGE('',*,*,#5054,.T.);
#5057=ORIENTED_EDGE('',*,*,#5056,.T.);
#5058=ORIENTED_EDGE('',*,*,#5010,.F.);
#5059=EDGE_LOOP('',(#5053,#5055,#5057,#5058));
#5060=FACE_OUTER_BOUND('',#5059,.F.);
#5062=CARTESIAN_POINT('',(5.215E0,9.609029717561E-1,-1.285E2));
#5063=DIRECTION('',(0.E0,0.E0,-1.E0));
#5064=DIRECTION('',(2.665661451942E-1,9.638166268727E-1,0.E0));
#5065=AXIS2_PLACEMENT_3D('',#5062,#5063,#5064);
#5066=TOROIDAL_SURFACE('',#5065,6.425231888361E1,1.5E0);
#5067=ORIENTED_EDGE('',*,*,#4896,.F.);
#5068=ORIENTED_EDGE('',*,*,#5028,.F.);
#5070=ORIENTED_EDGE('',*,*,#5069,.F.);
#5072=ORIENTED_EDGE('',*,*,#5071,.T.);
#5073=EDGE_LOOP('',(#5067,#5068,#5070,#5072));
#5074=FACE_OUTER_BOUND('',#5073,.F.);
#5076=CARTESIAN_POINT('',(5.215E0,9.609029717561E-1,-1.285E2));
#5077=DIRECTION('',(0.E0,0.E0,-1.E0));
#5078=DIRECTION('',(2.665661451942E-1,9.638166268727E-1,0.E0));
#5079=AXIS2_PLACEMENT_3D('',#5076,#5077,#5078);
#5080=TOROIDAL_SURFACE('',#5079,6.425231888361E1,1.5E0);
#5082=ORIENTED_EDGE('',*,*,#5081,.F.);
#5083=ORIENTED_EDGE('',*,*,#5043,.F.);
#5084=ORIENTED_EDGE('',*,*,#4768,.T.);
#5086=ORIENTED_EDGE('',*,*,#5085,.T.);
#5088=ORIENTED_EDGE('',*,*,#5087,.F.);
#5090=ORIENTED_EDGE('',*,*,#5089,.T.);
#5091=EDGE_LOOP('',(#5082,#5083,#5084,#5086,#5088,#5090));
#5092=FACE_OUTER_BOUND('',#5091,.F.);
#5094=CARTESIAN_POINT('',(0.E0,0.E0,-1.3E2));
#5095=DIRECTION('',(0.E0,0.E0,-1.E0));
#5096=DIRECTION('',(-1.E0,0.E0,0.E0));
#5097=AXIS2_PLACEMENT_3D('',#5094,#5095,#5096);
#5098=PLANE('',#5097);
#5100=ORIENTED_EDGE('',*,*,#5099,.F.);
#5102=ORIENTED_EDGE('',*,*,#5101,.F.);
#5104=ORIENTED_EDGE('',*,*,#5103,.F.);
#5106=ORIENTED_EDGE('',*,*,#5105,.F.);
#5108=ORIENTED_EDGE('',*,*,#5107,.F.);
#5110=ORIENTED_EDGE('',*,*,#5109,.T.);
#5112=ORIENTED_EDGE('',*,*,#5111,.F.);
#5114=ORIENTED_EDGE('',*,*,#5113,.F.);
#5116=ORIENTED_EDGE('',*,*,#5115,.F.);
#5118=ORIENTED_EDGE('',*,*,#5117,.T.);
#5120=ORIENTED_EDGE('',*,*,#5119,.F.);
#5121=ORIENTED_EDGE('',*,*,#5054,.F.);
#5122=ORIENTED_EDGE('',*,*,#4898,.F.);
#5123=ORIENTED_EDGE('',*,*,#5071,.F.);
#5125=ORIENTED_EDGE('',*,*,#5124,.F.);
#5126=ORIENTED_EDGE('',*,*,#5089,.F.);
#5128=ORIENTED_EDGE('',*,*,#5127,.T.);
#5130=ORIENTED_EDGE('',*,*,#5129,.F.);
#5132=ORIENTED_EDGE('',*,*,#5131,.F.);
#5133=EDGE_LOOP('',(#5100,#5102,#5104,#5106,#5108,#5110,#5112,#5114,#5116,#5118,
#5120,#5121,#5122,#5123,#5125,#5126,#5128,#5130,#5132));
#5134=FACE_OUTER_BOUND('',#5133,.F.);
#5136=CARTESIAN_POINT('',(-2.329643508690E1,4.493455133107E1,-1.28E2));
#5137=DIRECTION('',(-4.902954120546E-1,-8.715563142553E-1,0.E0));
#5138=DIRECTION('',(0.E0,0.E0,-1.E0));
#5139=AXIS2_PLACEMENT_3D('',#5136,#5137,#5138);
#5140=CYLINDRICAL_SURFACE('',#5139,2.E0);
#5141=ORIENTED_EDGE('',*,*,#5099,.T.);
#5143=ORIENTED_EDGE('',*,*,#5142,.T.);
#5145=ORIENTED_EDGE('',*,*,#5144,.F.);
#5147=ORIENTED_EDGE('',*,*,#5146,.F.);
#5148=EDGE_LOOP('',(#5141,#5143,#5145,#5147));
#5149=FACE_OUTER_BOUND('',#5148,.F.);
#5151=CARTESIAN_POINT('',(-2.403726236591E1,3.958341083487E1,
-1.276730986269E2));
#5152=CARTESIAN_POINT('',(-2.363920016269E1,3.984752060468E1,
-1.290621945580E2));
#5153=CARTESIAN_POINT('',(-2.439537625308E1,4.062184941032E1,
-1.300553751131E2));
#5154=CARTESIAN_POINT('',(-2.569275374421E1,4.127864383418E1,
-1.298474623326E2));
#5155=CARTESIAN_POINT('',(-2.433801591885E1,3.904878690885E1,
-1.278609316038E2));
#5156=CARTESIAN_POINT('',(-2.456062878462E1,3.820957557433E1,
-1.296376646709E2));
#5157=CARTESIAN_POINT('',(-2.576057725657E1,3.819504808696E1,
-1.309079993499E2));
#5158=CARTESIAN_POINT('',(-2.696505527512E1,3.901698197557E1,
-1.306420670238E2));
#5159=CARTESIAN_POINT('',(-2.456042763073E1,3.865342458832E1,
-1.274073036339E2));
#5160=CARTESIAN_POINT('',(-2.524203891321E1,3.699829093743E1,
-1.282478696343E2));
#5161=CARTESIAN_POINT('',(-2.677016364144E1,3.640039252443E1,
-1.288488603853E2));
#5162=CARTESIAN_POINT('',(-2.790594112253E1,3.734444949587E1,
-1.287230487618E2));
#5163=CARTESIAN_POINT('',(-2.446833398325E1,3.881713160656E1,
-1.267938906887E2));
#5164=CARTESIAN_POINT('',(-2.495988855503E1,3.749984555163E1,
-1.263685360761E2));
#5165=CARTESIAN_POINT('',(-2.635212588686E1,3.714350256716E1,
-1.260644145819E2));
#5166=CARTESIAN_POINT('',(-2.751635008519E1,3.803699223689E1,
-1.261280794866E2));
#5167=(BOUNDED_SURFACE()B_SPLINE_SURFACE(3,3,((#5151,#5152,#5153,#5154),(#5155,
#5156,#5157,#5158),(#5159,#5160,#5161,#5162),(#5163,#5164,#5165,#5166)),
.UNSPECIFIED.,.F.,.F.,.F.)B_SPLINE_SURFACE_WITH_KNOTS((4,4),(4,4),(0.E0,1.E0),(
0.E0,1.E0),.UNSPECIFIED.)GEOMETRIC_REPRESENTATION_ITEM()RATIONAL_B_SPLINE_SURFACE(((1.707452530875E0,1.246038226486E0,1.246038226486E0,1.707452530875E0),(
1.103110859567E0,8.050111345517E-1,8.050111345517E-1,1.103110859567E0),(
1.103110859567E0,8.050111345517E-1,8.050111345517E-1,1.103110859567E0),(
1.707452530875E0,1.246038226486E0,1.246038226486E0,1.707452530875E0)))REPRESENTATION_ITEM('')SURFACE());
#5169=ORIENTED_EDGE('',*,*,#5168,.T.);
#5171=ORIENTED_EDGE('',*,*,#5170,.T.);
#5173=ORIENTED_EDGE('',*,*,#5172,.F.);
#5174=ORIENTED_EDGE('',*,*,#5142,.F.);
#5175=EDGE_LOOP('',(#5169,#5171,#5173,#5174));
#5176=FACE_OUTER_BOUND('',#5175,.F.);
#5178=CARTESIAN_POINT('',(2.579706883276E2,-1.192971014543E2,-1.27E2));
#5179=DIRECTION('',(-8.715563142553E-1,4.902954120546E-1,0.E0));
#5180=DIRECTION('',(0.E0,0.E0,-1.E0));
#5181=AXIS2_PLACEMENT_3D('',#5178,#5179,#5180);
#5182=CYLINDRICAL_SURFACE('',#5181,3.E0);
#5183=ORIENTED_EDGE('',*,*,#5168,.F.);
#5184=ORIENTED_EDGE('',*,*,#5131,.T.);
#5186=ORIENTED_EDGE('',*,*,#5185,.F.);
#5188=ORIENTED_EDGE('',*,*,#5187,.F.);
#5189=EDGE_LOOP('',(#5183,#5184,#5186,#5188));
#5190=FACE_OUTER_BOUND('',#5189,.F.);
#5192=CARTESIAN_POINT('',(-3.006234536192E1,3.934498020455E1,
-1.267059278743E2));
#5193=CARTESIAN_POINT('',(-3.006731385564E1,3.933634670439E1,
-1.268034307429E2));
#5194=CARTESIAN_POINT('',(-3.007694324578E1,3.931961420036E1,
-1.271870308296E2));
#5195=CARTESIAN_POINT('',(-3.002864214955E1,3.940354457145E1,
-1.278522046582E2));
#5196=CARTESIAN_POINT('',(-2.985451961705E1,3.970610848635E1,
-1.286116969077E2));
#5197=CARTESIAN_POINT('',(-2.960153828760E1,4.014570134282E1,
-1.292087540917E2));
#5198=CARTESIAN_POINT('',(-2.930255169193E1,4.066523522272E1,
-1.296320533651E2));
#5199=CARTESIAN_POINT('',(-2.896421285545E1,4.125314950042E1,
-1.299027739922E2));
#5200=CARTESIAN_POINT('',(-2.866968431091E1,4.176493685044E1,
-1.299806950521E2));
#5201=CARTESIAN_POINT('',(-2.849174524399E1,4.207413256412E1,
-1.299628012847E2));
#5202=CARTESIAN_POINT('',(-2.844327584532E1,4.215835538585E1,
-1.299529098855E2));
#5203=CARTESIAN_POINT('',(-3.119627678409E1,3.971491051448E1,
-1.266815300204E2));
#5204=CARTESIAN_POINT('',(-3.120165854279E1,3.970555890467E1,
-1.267871223303E2));
#5205=CARTESIAN_POINT('',(-3.121208951093E1,3.968743353910E1,
-1.272025479839E2));
#5206=CARTESIAN_POINT('',(-3.115977901452E1,3.977833084204E1,
-1.279229069400E2));
#5207=CARTESIAN_POINT('',(-3.097121139970E1,4.010599524563E1,
-1.287454091790E2));
#5208=CARTESIAN_POINT('',(-3.069724212376E1,4.058205779481E1,
-1.293919990347E2));
#5209=CARTESIAN_POINT('',(-3.037345161293E1,4.114469218312E1,
-1.298504154157E2));
#5210=CARTESIAN_POINT('',(-3.000704451017E1,4.178137926701E1,
-1.301435938921E2));
#5211=CARTESIAN_POINT('',(-2.968808257274E1,4.233562328764E1,
-1.302279816907E2));
#5212=CARTESIAN_POINT('',(-2.949538183520E1,4.267046960946E1,
-1.302086000179E2));
#5213=CARTESIAN_POINT('',(-2.944289142431E1,4.276167954067E1,
-1.301978865340E2));
#5214=CARTESIAN_POINT('',(-3.151439265461E1,4.086163543865E1,
-1.267647149374E2));
#5215=CARTESIAN_POINT('',(-3.151836537902E1,4.085473223644E1,
-1.268427261530E2));
#5216=CARTESIAN_POINT('',(-3.152606335269E1,4.084135585708E1,
-1.271496419703E2));
#5217=CARTESIAN_POINT('',(-3.148742297753E1,4.090849928197E1,
-1.276818462526E2));
#5218=CARTESIAN_POINT('',(-3.134810612781E1,4.115058312290E1,
-1.282895148115E2));
#5219=CARTESIAN_POINT('',(-3.114569562874E1,4.150230160608E1,
-1.287672221420E2));
#5220=CARTESIAN_POINT('',(-3.090647450785E1,4.191798404433E1,
-1.291059061202E2));
#5221=CARTESIAN_POINT('',(-3.063576665823E1,4.238837937800E1,
-1.293225141599E2));
#5222=CARTESIAN_POINT('',(-3.040011080846E1,4.279786662500E1,
-1.293848534978E2));
#5223=CARTESIAN_POINT('',(-3.025774024944E1,4.304525674210E1,
-1.293705448650E2));
#5224=CARTESIAN_POINT('',(-3.021895955124E1,4.311264399923E1,
-1.293626342933E2));
#5225=CARTESIAN_POINT('',(-3.073041580753E1,4.175320029689E1,
-1.268806232911E2));
#5226=CARTESIAN_POINT('',(-3.073242520913E1,4.174970866140E1,
-1.269202035105E2));
#5227=CARTESIAN_POINT('',(-3.073631507790E1,4.174294943325E1,
-1.270759236910E2));
#5228=CARTESIAN_POINT('',(-3.071672240160E1,4.177699463555E1,
-1.273459566656E2));
#5229=CARTESIAN_POINT('',(-3.064603067416E1,4.189983207363E1,
-1.276542798736E2));
#5230=CARTESIAN_POINT('',(-3.054332887610E1,4.207829179188E1,
-1.278966693583E2));
#5231=CARTESIAN_POINT('',(-3.042194520834E1,4.228921404987E1,
-1.280685203794E2));
#5232=CARTESIAN_POINT('',(-3.028458296126E1,4.252790147670E1,
-1.281784365623E2));
#5233=CARTESIAN_POINT('',(-3.016500430217E1,4.273568726245E1,
-1.282100539752E2));
#5234=CARTESIAN_POINT('',(-3.009276290048E1,4.286121749108E1,
-1.282028140243E2));
#5235=CARTESIAN_POINT('',(-3.007308506712E1,4.289541066649E1,
-1.281988089795E2));
#5236=(BOUNDED_SURFACE()B_SPLINE_SURFACE(3,3,((#5192,#5193,#5194,#5195,#5196,
#5197,#5198,#5199,#5200,#5201,#5202),(#5203,#5204,#5205,#5206,#5207,#5208,#5209,
#5210,#5211,#5212,#5213),(#5214,#5215,#5216,#5217,#5218,#5219,#5220,#5221,#5222,
#5223,#5224),(#5225,#5226,#5227,#5228,#5229,#5230,#5231,#5232,#5233,#5234,
#5235)),.UNSPECIFIED.,.F.,.F.,.F.)B_SPLINE_SURFACE_WITH_KNOTS((4,4),(4,1,1,1,1,
1,1,1,4),(0.E0,1.E0),(-6.342399559384E-2,0.E0,1.843079916012E-1,
3.635735203924E-1,5.326168076909E-1,6.839377835239E-1,8.327709988627E-1,1.E0,
1.063241970764E0),.UNSPECIFIED.)GEOMETRIC_REPRESENTATION_ITEM()RATIONAL_B_SPLINE_SURFACE(((1.290287100186E0,1.290287100186E0,1.290287100186E0,1.290287100186E0,
1.290287100186E0,1.290287100186E0,1.290287100186E0,1.290287100186E0,
1.290287100186E0,1.290287100186E0,1.290287100186E0),(9.032376332713E-1,
9.032376332713E-1,9.032376332713E-1,9.032376332713E-1,9.032376332713E-1,
9.032376332713E-1,9.032376332713E-1,9.032376332713E-1,9.032376332713E-1,
9.032376332713E-1,9.032376332713E-1),(9.032376332713E-1,9.032376332713E-1,
9.032376332713E-1,9.032376332713E-1,9.032376332713E-1,9.032376332713E-1,
9.032376332713E-1,9.032376332713E-1,9.032376332713E-1,9.032376332713E-1,
9.032376332713E-1),(1.290287100186E0,1.290287100186E0,1.290287100186E0,
1.290287100186E0,1.290287100186E0,1.290287100186E0,1.290287100186E0,
1.290287100186E0,1.290287100186E0,1.290287100186E0,1.290287100186E0)))REPRESENTATION_ITEM('')SURFACE());
#5237=ORIENTED_EDGE('',*,*,#5185,.T.);
#5239=ORIENTED_EDGE('',*,*,#5238,.T.);
#5241=ORIENTED_EDGE('',*,*,#5240,.F.);
#5243=ORIENTED_EDGE('',*,*,#5242,.F.);
#5244=EDGE_LOOP('',(#5237,#5239,#5241,#5243));
#5245=FACE_OUTER_BOUND('',#5244,.F.);
#5247=CARTESIAN_POINT('',(-3.053127462678E1,3.915077519840E1,-1.285E2));
#5248=DIRECTION('',(4.987903134290E-1,8.667226910780E-1,0.E0));
#5249=DIRECTION('',(0.E0,0.E0,-1.E0));
#5250=AXIS2_PLACEMENT_3D('',#5247,#5248,#5249);
#5251=CYLINDRICAL_SURFACE('',#5250,1.5E0);
#5253=ORIENTED_EDGE('',*,*,#5252,.F.);
#5255=ORIENTED_EDGE('',*,*,#5254,.T.);
#5257=ORIENTED_EDGE('',*,*,#5256,.F.);
#5258=ORIENTED_EDGE('',*,*,#5238,.F.);
#5259=ORIENTED_EDGE('',*,*,#5129,.T.);
#5260=EDGE_LOOP('',(#5253,#5255,#5257,#5258,#5259));
#5261=FACE_OUTER_BOUND('',#5260,.F.);
#5263=CARTESIAN_POINT('',(-2.020699112900E1,6.351445704286E1,-1.3E2));
#5264=DIRECTION('',(0.E0,0.E0,-1.E0));
#5265=DIRECTION('',(0.E0,1.E0,0.E0));
#5266=AXIS2_PLACEMENT_3D('',#5263,#5264,#5265);
#5267=CYLINDRICAL_SURFACE('',#5266,5.192268404287E0);
#5269=ORIENTED_EDGE('',*,*,#5268,.T.);
#5271=ORIENTED_EDGE('',*,*,#5270,.T.);
#5272=ORIENTED_EDGE('',*,*,#5252,.T.);
#5273=ORIENTED_EDGE('',*,*,#5127,.F.);
#5274=ORIENTED_EDGE('',*,*,#5087,.T.);
#5276=ORIENTED_EDGE('',*,*,#5275,.F.);
#5277=ORIENTED_EDGE('',*,*,#4832,.T.);
#5278=EDGE_LOOP('',(#5269,#5271,#5272,#5273,#5274,#5276,#5277));
#5279=FACE_OUTER_BOUND('',#5278,.F.);
#5281=CARTESIAN_POINT('',(9.847704099893E1,2.633219980152E2,-9.15E1));
#5282=DIRECTION('',(-4.987903134290E-1,-8.667226910780E-1,0.E0));
#5283=DIRECTION('',(0.E0,0.E0,1.E0));
#5284=AXIS2_PLACEMENT_3D('',#5281,#5282,#5283);
#5285=CYLINDRICAL_SURFACE('',#5284,1.5E0);
#5286=ORIENTED_EDGE('',*,*,#5268,.F.);
#5287=ORIENTED_EDGE('',*,*,#4830,.T.);
#5289=ORIENTED_EDGE('',*,*,#5288,.T.);
#5291=ORIENTED_EDGE('',*,*,#5290,.F.);
#5293=ORIENTED_EDGE('',*,*,#5292,.T.);
#5294=EDGE_LOOP('',(#5286,#5287,#5289,#5291,#5293));
#5295=FACE_OUTER_BOUND('',#5294,.F.);
#5297=CARTESIAN_POINT('',(-2.844280638813E1,4.215917113788E1,
-9.004717984024E1));
#5298=CARTESIAN_POINT('',(-2.849143774084E1,4.207466689680E1,
-9.003722568263E1));
#5299=CARTESIAN_POINT('',(-2.868074697169E1,4.174571382456E1,
-9.001813389710E1));
#5300=CARTESIAN_POINT('',(-2.900890452261E1,4.117549105163E1,
-9.011252060823E1));
#5301=CARTESIAN_POINT('',(-2.938521764763E1,4.052159077405E1,
-9.045404583712E1));
#5302=CARTESIAN_POINT('',(-2.968430703023E1,4.000187828649E1,
-9.095577207869E1));
#5303=CARTESIAN_POINT('',(-2.989864706336E1,3.962943045558E1,
-9.155576606522E1));
#5304=CARTESIAN_POINT('',(-3.003661232421E1,3.938969520222E1,
-9.223992047270E1));
#5305=CARTESIAN_POINT('',(-3.007633399485E1,3.932067286489E1,
-9.283610528344E1));
#5306=CARTESIAN_POINT('',(-3.006732743928E1,3.933632310082E1,
-9.319594367202E1));
#5307=CARTESIAN_POINT('',(-3.006239096349E1,3.934490096504E1,
-9.329311811361E1));
#5308=CARTESIAN_POINT('',(-2.944238297828E1,4.276256304163E1,
-8.980221178268E1));
#5309=CARTESIAN_POINT('',(-2.949504879810E1,4.267104831119E1,
-8.979142980667E1));
#5310=CARTESIAN_POINT('',(-2.970006301265E1,4.231480548337E1,
-8.977074909020E1));
#5311=CARTESIAN_POINT('',(-3.005544369484E1,4.169727845261E1,
-8.987296996045E1));
#5312=CARTESIAN_POINT('',(-3.046297548735E1,4.098913107606E1,
-9.024282638393E1));
#5313=CARTESIAN_POINT('',(-3.078687747048E1,4.042630298797E1,
-9.078617639120E1));
#5314=CARTESIAN_POINT('',(-3.101899974119E1,4.002295586252E1,
-9.143594700188E1));
#5315=CARTESIAN_POINT('',(-3.116841067079E1,3.976333204967E1,
-9.217686122980E1));
#5316=CARTESIAN_POINT('',(-3.121142916084E1,3.968858099606E1,
-9.282250768315E1));
#5317=CARTESIAN_POINT('',(-3.120167358498E1,3.970553276664E1,
-9.321220013502E1));
#5318=CARTESIAN_POINT('',(-3.119632678193E1,3.971482363577E1,
-9.331743673183E1));
#5319=CARTESIAN_POINT('',(-3.021858403833E1,4.311329650901E1,
-9.063743473228E1));
#5320=CARTESIAN_POINT('',(-3.025749427078E1,4.304568416677E1,
-9.062947521781E1));
#5321=CARTESIAN_POINT('',(-3.040896206405E1,4.278248624599E1,
-9.061421198964E1));
#5322=CARTESIAN_POINT('',(-3.067152499596E1,4.232624392374E1,
-9.068972215502E1));
#5323=CARTESIAN_POINT('',(-3.097261618638E1,4.180305299601E1,
-9.096298286661E1));
#5324=CARTESIAN_POINT('',(-3.121191916666E1,4.138722831484E1,
-9.136441590436E1));
#5325=CARTESIAN_POINT('',(-3.138341258202E1,4.108923288377E1,
-9.184447222961E1));
#5326=CARTESIAN_POINT('',(-3.149379930045E1,4.089741946823E1,
-9.239186284012E1));
#5327=CARTESIAN_POINT('',(-3.152557722608E1,4.084220057469E1,
-9.286886894322E1));
#5328=CARTESIAN_POINT('',(-3.151837544819E1,4.085471473975E1,
-9.315677343524E1));
#5329=CARTESIAN_POINT('',(-3.151442766323E1,4.086157460594E1,
-9.323452197044E1));
#5330=CARTESIAN_POINT('',(-3.007289478084E1,4.289574131734E1,
-9.180121923228E1));
#5331=CARTESIAN_POINT('',(-3.009263822747E1,4.286143412906E1,
-9.179719248449E1));
#5332=CARTESIAN_POINT('',(-3.016949540913E1,4.272788329311E1,
-9.178947788621E1));
#5333=CARTESIAN_POINT('',(-3.030272777228E1,4.249637215664E1,
-9.182776984019E1));
#5334=CARTESIAN_POINT('',(-3.045550655949E1,4.223089618802E1,
-9.196643583988E1));
#5335=CARTESIAN_POINT('',(-3.057693082454E1,4.201990338617E1,
-9.217012434786E1));
#5336=CARTESIAN_POINT('',(-3.066394509318E1,4.186870309409E1,
-9.241370386784E1));
#5337=CARTESIAN_POINT('',(-3.071995618398E1,4.177137545552E1,
-9.269144218199E1));
#5338=CARTESIAN_POINT('',(-3.073607171115E1,4.174337231934E1,
-9.293346788163E1));
#5339=CARTESIAN_POINT('',(-3.073242834901E1,4.174970320539E1,
-9.307954287767E1));
#5340=CARTESIAN_POINT('',(-3.073042993044E1,4.175317575623E1,
-9.311899004670E1));
#5341=(BOUNDED_SURFACE()B_SPLINE_SURFACE(3,3,((#5297,#5298,#5299,#5300,#5301,
#5302,#5303,#5304,#5305,#5306,#5307),(#5308,#5309,#5310,#5311,#5312,#5313,#5314,
#5315,#5316,#5317,#5318),(#5319,#5320,#5321,#5322,#5323,#5324,#5325,#5326,#5327,
#5328,#5329),(#5330,#5331,#5332,#5333,#5334,#5335,#5336,#5337,#5338,#5339,
#5340)),.UNSPECIFIED.,.F.,.F.,.F.)B_SPLINE_SURFACE_WITH_KNOTS((4,4),(4,1,1,1,1,
1,1,1,4),(0.E0,1.E0),(-6.342165552753E-2,0.E0,1.816950708468E-1,
3.589923032959E-1,5.278591967273E-1,6.803424223316E-1,8.307807122170E-1,1.E0,
1.063240535974E0),.UNSPECIFIED.)GEOMETRIC_REPRESENTATION_ITEM()RATIONAL_B_SPLINE_SURFACE(((1.290287100184E0,1.290287100184E0,1.290287100184E0,1.290287100184E0,
1.290287100184E0,1.290287100184E0,1.290287100184E0,1.290287100184E0,
1.290287100184E0,1.290287100184E0,1.290287100184E0),(9.032376332721E-1,
9.032376332721E-1,9.032376332721E-1,9.032376332721E-1,9.032376332721E-1,
9.032376332721E-1,9.032376332721E-1,9.032376332721E-1,9.032376332721E-1,
9.032376332721E-1,9.032376332721E-1),(9.032376332721E-1,9.032376332721E-1,
9.032376332721E-1,9.032376332721E-1,9.032376332721E-1,9.032376332721E-1,
9.032376332721E-1,9.032376332721E-1,9.032376332721E-1,9.032376332721E-1,
9.032376332721E-1),(1.290287100184E0,1.290287100184E0,1.290287100184E0,
1.290287100184E0,1.290287100184E0,1.290287100184E0,1.290287100184E0,
1.290287100184E0,1.290287100184E0,1.290287100184E0,1.290287100184E0)))REPRESENTATION_ITEM('')SURFACE());
#5343=ORIENTED_EDGE('',*,*,#5342,.T.);
#5345=ORIENTED_EDGE('',*,*,#5344,.T.);
#5347=ORIENTED_EDGE('',*,*,#5346,.F.);
#5348=ORIENTED_EDGE('',*,*,#5288,.F.);
#5349=EDGE_LOOP('',(#5343,#5345,#5347,#5348));
#5350=FACE_OUTER_BOUND('',#5349,.F.);
#5352=CARTESIAN_POINT('',(-2.419091569434E2,1.619111127554E2,-9.3E1));
#5353=DIRECTION('',(8.715563142553E-1,-4.902954120546E-1,0.E0));
#5354=DIRECTION('',(0.E0,0.E0,1.E0));
#5355=AXIS2_PLACEMENT_3D('',#5352,#5353,#5354);
#5356=CYLINDRICAL_SURFACE('',#5355,3.E0);
#5357=ORIENTED_EDGE('',*,*,#5342,.F.);
#5358=ORIENTED_EDGE('',*,*,#4828,.T.);
#5360=ORIENTED_EDGE('',*,*,#5359,.T.);
#5362=ORIENTED_EDGE('',*,*,#5361,.F.);
#5363=EDGE_LOOP('',(#5357,#5358,#5360,#5362));
#5364=FACE_OUTER_BOUND('',#5363,.F.);
#5366=CARTESIAN_POINT('',(-2.174E1,4.362211977152E1,-9.E1));
#5367=DIRECTION('',(8.715563142553E-1,-4.902954120546E-1,0.E0));
#5368=DIRECTION('',(-4.902954120546E-1,-8.715563142553E-1,0.E0));
#5369=AXIS2_PLACEMENT_3D('',#5366,#5367,#5368);
#5370=PLANE('',#5369);
#5372=ORIENTED_EDGE('',*,*,#5371,.F.);
#5374=ORIENTED_EDGE('',*,*,#5373,.T.);
#5376=ORIENTED_EDGE('',*,*,#5375,.F.);
#5377=ORIENTED_EDGE('',*,*,#5359,.F.);
#5378=ORIENTED_EDGE('',*,*,#4826,.F.);
#5379=EDGE_LOOP('',(#5372,#5374,#5376,#5377,#5378));
#5380=FACE_OUTER_BOUND('',#5379,.F.);
#5382=CARTESIAN_POINT('',(-2.174E1,4.362211977152E1,-9.E1));
#5383=DIRECTION('',(8.715563142553E-1,-4.902954120546E-1,0.E0));
#5384=DIRECTION('',(-4.902954120546E-1,-8.715563142553E-1,0.E0));
#5385=AXIS2_PLACEMENT_3D('',#5382,#5383,#5384);
#5386=PLANE('',#5385);
#5388=ORIENTED_EDGE('',*,*,#5387,.T.);
#5390=ORIENTED_EDGE('',*,*,#5389,.F.);
#5392=ORIENTED_EDGE('',*,*,#5391,.T.);
#5393=ORIENTED_EDGE('',*,*,#5144,.T.);
#5394=ORIENTED_EDGE('',*,*,#5172,.T.);
#5395=EDGE_LOOP('',(#5388,#5390,#5392,#5393,#5394));
#5396=FACE_OUTER_BOUND('',#5395,.F.);
#5398=CARTESIAN_POINT('',(9.332796818156E-1,3.436808213576E1,-9.E1));
#5399=DIRECTION('',(0.E0,0.E0,1.E0));
#5400=DIRECTION('',(0.E0,1.E0,0.E0));
#5401=AXIS2_PLACEMENT_3D('',#5398,#5399,#5400);
#5402=CYLINDRICAL_SURFACE('',#5401,2.448907560718E1);
#5404=ORIENTED_EDGE('',*,*,#5403,.F.);
#5406=ORIENTED_EDGE('',*,*,#5405,.F.);
#5408=ORIENTED_EDGE('',*,*,#5407,.T.);
#5410=ORIENTED_EDGE('',*,*,#5409,.T.);
#5411=ORIENTED_EDGE('',*,*,#5371,.T.);
#5412=ORIENTED_EDGE('',*,*,#4824,.F.);
#5414=ORIENTED_EDGE('',*,*,#5413,.F.);
#5416=ORIENTED_EDGE('',*,*,#5415,.F.);
#5418=ORIENTED_EDGE('',*,*,#5417,.T.);
#5420=ORIENTED_EDGE('',*,*,#5419,.T.);
#5421=EDGE_LOOP('',(#5404,#5406,#5408,#5410,#5411,#5412,#5414,#5416,#5418,
#5420));
#5422=FACE_OUTER_BOUND('',#5421,.F.);
#5424=CARTESIAN_POINT('',(-2.354323140388E1,4.449584257894E1,2.570062534423E2));
#5425=DIRECTION('',(0.E0,0.E0,-1.E0));
#5426=DIRECTION('',(9.240228480855E-1,-3.823372545489E-1,0.E0));
#5427=AXIS2_PLACEMENT_3D('',#5424,#5425,#5426);
#5428=CYLINDRICAL_SURFACE('',#5427,2.E0);
#5429=ORIENTED_EDGE('',*,*,#5391,.F.);
#5431=ORIENTED_EDGE('',*,*,#5430,.F.);
#5432=ORIENTED_EDGE('',*,*,#5403,.T.);
#5434=ORIENTED_EDGE('',*,*,#5433,.T.);
#5435=EDGE_LOOP('',(#5429,#5431,#5432,#5434));
#5436=FACE_OUTER_BOUND('',#5435,.F.);
#5438=CARTESIAN_POINT('',(0.E0,0.E0,-1.22E2));
#5439=DIRECTION('',(0.E0,0.E0,-1.E0));
#5440=DIRECTION('',(1.E0,0.E0,0.E0));
#5441=AXIS2_PLACEMENT_3D('',#5438,#5439,#5440);
#5442=PLANE('',#5441);
#5444=ORIENTED_EDGE('',*,*,#5443,.F.);
#5446=ORIENTED_EDGE('',*,*,#5445,.T.);
#5448=ORIENTED_EDGE('',*,*,#5447,.T.);
#5450=ORIENTED_EDGE('',*,*,#5449,.T.);
#5452=ORIENTED_EDGE('',*,*,#5451,.T.);
#5454=ORIENTED_EDGE('',*,*,#5453,.T.);
#5456=ORIENTED_EDGE('',*,*,#5455,.F.);
#5458=ORIENTED_EDGE('',*,*,#5457,.T.);
#5459=EDGE_LOOP('',(#5444,#5446,#5448,#5450,#5452,#5454,#5456,#5458));
#5460=FACE_OUTER_BOUND('',#5459,.F.);
#5462=CARTESIAN_POINT('',(0.E0,0.E0,-1.22E2));
#5463=DIRECTION('',(0.E0,0.E0,-1.E0));
#5464=DIRECTION('',(1.E0,0.E0,0.E0));
#5465=AXIS2_PLACEMENT_3D('',#5462,#5463,#5464);
#5466=PLANE('',#5465);
#5468=ORIENTED_EDGE('',*,*,#5467,.F.);
#5470=ORIENTED_EDGE('',*,*,#5469,.T.);
#5472=ORIENTED_EDGE('',*,*,#5471,.F.);
#5474=ORIENTED_EDGE('',*,*,#5473,.T.);
#5476=ORIENTED_EDGE('',*,*,#5475,.T.);
#5478=ORIENTED_EDGE('',*,*,#5477,.T.);
#5480=ORIENTED_EDGE('',*,*,#5479,.T.);
#5481=ORIENTED_EDGE('',*,*,#5405,.T.);
#5482=ORIENTED_EDGE('',*,*,#5430,.T.);
#5483=ORIENTED_EDGE('',*,*,#5389,.T.);
#5484=EDGE_LOOP('',(#5468,#5470,#5472,#5474,#5476,#5478,#5480,#5481,#5482,
#5483));
#5485=FACE_OUTER_BOUND('',#5484,.F.);
#5487=CARTESIAN_POINT('',(4.411489428827E1,3.843704741898E1,-1.275715038174E2));
#5488=DIRECTION('',(0.E0,0.E0,1.E0));
#5489=DIRECTION('',(-8.565374234313E-1,-5.160849176848E-1,0.E0));
#5490=AXIS2_PLACEMENT_3D('',#5487,#5488,#5489);
#5491=CYLINDRICAL_SURFACE('',#5490,2.E0);
#5492=ORIENTED_EDGE('',*,*,#5443,.T.);
#5494=ORIENTED_EDGE('',*,*,#5493,.F.);
#5496=ORIENTED_EDGE('',*,*,#5495,.F.);
#5498=ORIENTED_EDGE('',*,*,#5497,.T.);
#5499=EDGE_LOOP('',(#5492,#5494,#5496,#5498));
#5500=FACE_OUTER_BOUND('',#5499,.F.);
#5502=CARTESIAN_POINT('',(5.021921041229E1,4.022993043819E1,-9.E1));
#5503=DIRECTION('',(5.691360235565E-1,-8.222433865287E-1,0.E0));
#5504=DIRECTION('',(-8.222433865287E-1,-5.691360235565E-1,0.E0));
#5505=AXIS2_PLACEMENT_3D('',#5502,#5503,#5504);
#5506=PLANE('',#5505);
#5507=ORIENTED_EDGE('',*,*,#5493,.T.);
#5508=ORIENTED_EDGE('',*,*,#5457,.F.);
#5510=ORIENTED_EDGE('',*,*,#5509,.F.);
#5512=ORIENTED_EDGE('',*,*,#5511,.F.);
#5514=ORIENTED_EDGE('',*,*,#5513,.F.);
#5516=ORIENTED_EDGE('',*,*,#5515,.T.);
#5518=ORIENTED_EDGE('',*,*,#5517,.F.);
#5520=ORIENTED_EDGE('',*,*,#5519,.T.);
#5521=EDGE_LOOP('',(#5507,#5508,#5510,#5512,#5514,#5516,#5518,#5520));
#5522=FACE_OUTER_BOUND('',#5521,.F.);
#5524=CARTESIAN_POINT('',(4.559427674088E1,3.885294598625E1,2.570048E2));
#5525=DIRECTION('',(0.E0,0.E0,-1.E0));
#5526=DIRECTION('',(5.691360235565E-1,-8.222433865287E-1,0.E0));
#5527=AXIS2_PLACEMENT_3D('',#5524,#5525,#5526);
#5528=CYLINDRICAL_SURFACE('',#5527,1.5E0);
#5530=ORIENTED_EDGE('',*,*,#5529,.F.);
#5532=ORIENTED_EDGE('',*,*,#5531,.T.);
#5533=ORIENTED_EDGE('',*,*,#5509,.T.);
#5534=ORIENTED_EDGE('',*,*,#5455,.T.);
#5535=EDGE_LOOP('',(#5530,#5532,#5533,#5534));
#5536=FACE_OUTER_BOUND('',#5535,.F.);
#5538=CARTESIAN_POINT('',(4.216304657949E1,4.163259538633E1,-1.22E2));
#5539=DIRECTION('',(8.559848777033E-1,5.170008599057E-1,0.E0));
#5540=DIRECTION('',(5.170008599057E-1,-8.559848777033E-1,0.E0));
#5541=AXIS2_PLACEMENT_3D('',#5538,#5539,#5540);
#5542=PLANE('',#5541);
#5543=ORIENTED_EDGE('',*,*,#5529,.T.);
#5544=ORIENTED_EDGE('',*,*,#5453,.F.);
#5546=ORIENTED_EDGE('',*,*,#5545,.T.);
#5548=ORIENTED_EDGE('',*,*,#5547,.T.);
#5549=EDGE_LOOP('',(#5543,#5544,#5546,#5548));
#5550=FACE_OUTER_BOUND('',#5549,.F.);
#5552=CARTESIAN_POINT('',(4.715949520127E1,4.465036859848E1,-1.22E2));
#5553=DIRECTION('',(5.170008599057E-1,-8.559848777033E-1,0.E0));
#5554=DIRECTION('',(-8.559848777033E-1,-5.170008599057E-1,0.E0));
#5555=AXIS2_PLACEMENT_3D('',#5552,#5553,#5554);
#5556=PLANE('',#5555);
#5558=ORIENTED_EDGE('',*,*,#5557,.F.);
#5560=ORIENTED_EDGE('',*,*,#5559,.T.);
#5561=ORIENTED_EDGE('',*,*,#5545,.F.);
#5562=ORIENTED_EDGE('',*,*,#5451,.F.);
#5563=EDGE_LOOP('',(#5558,#5560,#5561,#5562));
#5564=FACE_OUTER_BOUND('',#5563,.F.);
#5566=CARTESIAN_POINT('',(4.409977999024E1,4.907080675876E1,-9.E1));
#5567=DIRECTION('',(8.222433865287E-1,5.691360235565E-1,0.E0));
#5568=DIRECTION('',(5.691360235565E-1,-8.222433865287E-1,0.E0));
#5569=AXIS2_PLACEMENT_3D('',#5566,#5567,#5568);
#5570=PLANE('',#5569);
#5572=ORIENTED_EDGE('',*,*,#5571,.T.);
#5574=ORIENTED_EDGE('',*,*,#5573,.T.);
#5576=ORIENTED_EDGE('',*,*,#5575,.T.);
#5577=ORIENTED_EDGE('',*,*,#5557,.T.);
#5578=ORIENTED_EDGE('',*,*,#5449,.F.);
#5580=ORIENTED_EDGE('',*,*,#5579,.T.);
#5582=ORIENTED_EDGE('',*,*,#5581,.T.);
#5584=ORIENTED_EDGE('',*,*,#5583,.T.);
#5586=ORIENTED_EDGE('',*,*,#5585,.T.);
#5588=ORIENTED_EDGE('',*,*,#5587,.T.);
#5589=EDGE_LOOP('',(#5572,#5574,#5576,#5577,#5578,#5580,#5582,#5584,#5586,
#5588));
#5590=FACE_OUTER_BOUND('',#5589,.F.);
#5592=CARTESIAN_POINT('',(4.891090891462E1,3.948448870125E1,-9.15E1));
#5593=DIRECTION('',(-5.691360235565E-1,8.222433865287E-1,0.E0));
#5594=DIRECTION('',(0.E0,0.E0,1.E0));
#5595=AXIS2_PLACEMENT_3D('',#5592,#5593,#5594);
#5596=CYLINDRICAL_SURFACE('',#5595,1.5E0);
#5597=ORIENTED_EDGE('',*,*,#4869,.T.);
#5599=ORIENTED_EDGE('',*,*,#5598,.T.);
#5600=ORIENTED_EDGE('',*,*,#5571,.F.);
#5602=ORIENTED_EDGE('',*,*,#5601,.F.);
#5603=EDGE_LOOP('',(#5597,#5599,#5600,#5602));
#5604=FACE_OUTER_BOUND('',#5603,.F.);
#5606=CARTESIAN_POINT('',(1.218029172520E1,2.697694632430E1,-9.15E1));
#5607=DIRECTION('',(0.E0,0.E0,-1.E0));
#5608=DIRECTION('',(8.300997373421E-1,5.576149442623E-1,0.E0));
#5609=AXIS2_PLACEMENT_3D('',#5606,#5607,#5608);
#5610=TOROIDAL_SURFACE('',#5609,3.731999999722E1,1.5E0);
#5612=ORIENTED_EDGE('',*,*,#5611,.F.);
#5614=ORIENTED_EDGE('',*,*,#5613,.F.);
#5615=ORIENTED_EDGE('',*,*,#5598,.F.);
#5616=ORIENTED_EDGE('',*,*,#4867,.T.);
#5617=EDGE_LOOP('',(#5612,#5614,#5615,#5616));
#5618=FACE_OUTER_BOUND('',#5617,.F.);
#5620=CARTESIAN_POINT('',(1.218029172520E1,2.697694632430E1,-9.15E1));
#5621=DIRECTION('',(0.E0,0.E0,-1.E0));
#5622=DIRECTION('',(8.300997373421E-1,5.576149442623E-1,0.E0));
#5623=AXIS2_PLACEMENT_3D('',#5620,#5621,#5622);
#5624=TOROIDAL_SURFACE('',#5623,3.731999999722E1,1.5E0);
#5626=ORIENTED_EDGE('',*,*,#5625,.F.);
#5627=ORIENTED_EDGE('',*,*,#4863,.T.);
#5628=ORIENTED_EDGE('',*,*,#4986,.T.);
#5630=ORIENTED_EDGE('',*,*,#5629,.F.);
#5631=EDGE_LOOP('',(#5626,#5627,#5628,#5630));
#5632=FACE_OUTER_BOUND('',#5631,.F.);
#5634=CARTESIAN_POINT('',(3.591822995013E1,6.108712560823E1,-1.3E2));
#5635=DIRECTION('',(0.E0,0.E0,-1.E0));
#5636=DIRECTION('',(0.E0,1.E0,0.E0));
#5637=AXIS2_PLACEMENT_3D('',#5634,#5635,#5636);
#5638=CYLINDRICAL_SURFACE('',#5637,5.192268404287E0);
#5639=ORIENTED_EDGE('',*,*,#5611,.T.);
#5640=ORIENTED_EDGE('',*,*,#4865,.T.);
#5641=ORIENTED_EDGE('',*,*,#5625,.T.);
#5643=ORIENTED_EDGE('',*,*,#5642,.T.);
#5645=ORIENTED_EDGE('',*,*,#5644,.T.);
#5646=ORIENTED_EDGE('',*,*,#5117,.F.);
#5648=ORIENTED_EDGE('',*,*,#5647,.T.);
#5650=ORIENTED_EDGE('',*,*,#5649,.F.);
#5651=EDGE_LOOP('',(#5639,#5640,#5641,#5643,#5645,#5646,#5648,#5650));
#5652=FACE_OUTER_BOUND('',#5651,.F.);
#5654=CARTESIAN_POINT('',(1.218029172520E1,2.697694632430E1,-9.E1));
#5655=DIRECTION('',(0.E0,0.E0,-1.E0));
#5656=DIRECTION('',(-1.E0,0.E0,0.E0));
#5657=AXIS2_PLACEMENT_3D('',#5654,#5655,#5656);
#5658=CYLINDRICAL_SURFACE('',#5657,3.882E1);
#5659=ORIENTED_EDGE('',*,*,#5649,.T.);
#5661=ORIENTED_EDGE('',*,*,#5660,.T.);
#5662=ORIENTED_EDGE('',*,*,#5579,.F.);
#5664=ORIENTED_EDGE('',*,*,#5663,.F.);
#5665=ORIENTED_EDGE('',*,*,#5573,.F.);
#5666=ORIENTED_EDGE('',*,*,#5613,.T.);
#5667=EDGE_LOOP('',(#5659,#5661,#5662,#5664,#5665,#5666));
#5668=FACE_OUTER_BOUND('',#5667,.F.);
#5670=CARTESIAN_POINT('',(1.218029172520E1,2.697694632430E1,-9.E1));
#5671=DIRECTION('',(0.E0,0.E0,-1.E0));
#5672=DIRECTION('',(-1.E0,0.E0,0.E0));
#5673=AXIS2_PLACEMENT_3D('',#5670,#5671,#5672);
#5674=CYLINDRICAL_SURFACE('',#5673,3.882E1);
#5675=ORIENTED_EDGE('',*,*,#5642,.F.);
#5676=ORIENTED_EDGE('',*,*,#5629,.T.);
#5677=ORIENTED_EDGE('',*,*,#5012,.T.);
#5679=ORIENTED_EDGE('',*,*,#5678,.T.);
#5680=EDGE_LOOP('',(#5675,#5676,#5677,#5679));
#5681=FACE_OUTER_BOUND('',#5680,.F.);
#5683=CARTESIAN_POINT('',(1.218029172520E1,2.697694632430E1,-1.285E2));
#5684=DIRECTION('',(0.E0,0.E0,-1.E0));
#5685=DIRECTION('',(2.491355194416E-1,9.684686329214E-1,0.E0));
#5686=AXIS2_PLACEMENT_3D('',#5683,#5684,#5685);
#5687=TOROIDAL_SURFACE('',#5686,3.732E1,1.5E0);
#5688=ORIENTED_EDGE('',*,*,#5647,.F.);
#5689=ORIENTED_EDGE('',*,*,#5115,.T.);
#5691=ORIENTED_EDGE('',*,*,#5690,.T.);
#5692=ORIENTED_EDGE('',*,*,#5660,.F.);
#5693=EDGE_LOOP('',(#5688,#5689,#5691,#5692));
#5694=FACE_OUTER_BOUND('',#5693,.F.);
#5696=CARTESIAN_POINT('',(1.218029172520E1,2.697694632430E1,-1.285E2));
#5697=DIRECTION('',(0.E0,0.E0,-1.E0));
#5698=DIRECTION('',(2.491355194416E-1,9.684686329214E-1,0.E0));
#5699=AXIS2_PLACEMENT_3D('',#5696,#5697,#5698);
#5700=TOROIDAL_SURFACE('',#5699,3.732E1,1.5E0);
#5701=ORIENTED_EDGE('',*,*,#5644,.F.);
#5702=ORIENTED_EDGE('',*,*,#5678,.F.);
#5703=ORIENTED_EDGE('',*,*,#5056,.F.);
#5704=ORIENTED_EDGE('',*,*,#5119,.T.);
#5705=EDGE_LOOP('',(#5701,#5702,#5703,#5704));
#5706=FACE_OUTER_BOUND('',#5705,.F.);
#5708=CARTESIAN_POINT('',(4.264971985979E1,4.853016685033E1,-1.285E2));
#5709=DIRECTION('',(5.691360235565E-1,-8.222433865287E-1,0.E0));
#5710=DIRECTION('',(0.E0,0.E0,-1.E0));
#5711=AXIS2_PLACEMENT_3D('',#5708,#5709,#5710);
#5712=CYLINDRICAL_SURFACE('',#5711,1.5E0);
#5713=ORIENTED_EDGE('',*,*,#5113,.T.);
#5715=ORIENTED_EDGE('',*,*,#5714,.T.);
#5716=ORIENTED_EDGE('',*,*,#5581,.F.);
#5717=ORIENTED_EDGE('',*,*,#5690,.F.);
#5718=EDGE_LOOP('',(#5713,#5715,#5716,#5717));
#5719=FACE_OUTER_BOUND('',#5718,.F.);
#5721=CARTESIAN_POINT('',(4.835273521643E1,4.287492466496E1,-1.281812335572E2));
#5722=CARTESIAN_POINT('',(4.841433527379E1,4.319553912849E1,-1.293199072919E2));
#5723=CARTESIAN_POINT('',(4.763180145598E1,4.285436887439E1,-1.301411318391E2));
#5724=CARTESIAN_POINT('',(4.670297036943E1,4.215565774096E1,-1.299125675375E2));
#5725=CARTESIAN_POINT('',(4.888363816329E1,4.210791744896E1,-1.283684776717E2));
#5726=CARTESIAN_POINT('',(4.945701274445E1,4.168915995191E1,-1.296876491189E2));
#5727=CARTESIAN_POINT('',(4.904357657840E1,4.081474616623E1,-1.306390506851E2));
#5728=CARTESIAN_POINT('',(4.801201774550E1,4.026444807742E1,-1.303742553435E2));
#5729=CARTESIAN_POINT('',(4.926653145310E1,4.155474305433E1,-1.276957153180E2));
#5730=CARTESIAN_POINT('',(5.020900368613E1,4.060274202555E1,-1.283663640264E2));
#5731=CARTESIAN_POINT('',(5.006176497666E1,3.934374689355E1,-1.288500435608E2));
#5732=CARTESIAN_POINT('',(4.895611771574E1,3.890048599344E1,-1.287154252334E2));
#5733=CARTESIAN_POINT('',(4.915996408104E1,4.170870329102E1,-1.267628927157E2));
#5734=CARTESIAN_POINT('',(4.999970856239E1,4.090511531454E1,-1.265343284022E2));
#5735=CARTESIAN_POINT('',(4.977838142110E1,3.975315737674E1,-1.263694851999E2));
#5736=CARTESIAN_POINT('',(4.869335455047E1,3.928010574324E1,-1.264153645779E2));
#5737=(BOUNDED_SURFACE()B_SPLINE_SURFACE(3,3,((#5721,#5722,#5723,#5724),(#5725,
#5726,#5727,#5728),(#5729,#5730,#5731,#5732),(#5733,#5734,#5735,#5736)),
.UNSPECIFIED.,.F.,.F.,.F.)B_SPLINE_SURFACE_WITH_KNOTS((4,4),(4,4),(0.E0,1.E0),(
0.E0,1.E0),.UNSPECIFIED.)GEOMETRIC_REPRESENTATION_ITEM()RATIONAL_B_SPLINE_SURFACE(((1.656122326073E0,1.163831446721E0,1.163831446721E0,1.656122326073E0),(
1.163831438605E0,8.178765575501E-1,8.178765575501E-1,1.163831438605E0),(
1.163831438605E0,8.178765575501E-1,8.178765575501E-1,1.163831438605E0),(
1.656122326073E0,1.163831446721E0,1.163831446721E0,1.656122326073E0)))REPRESENTATION_ITEM('')SURFACE());
#5739=ORIENTED_EDGE('',*,*,#5738,.T.);
#5741=ORIENTED_EDGE('',*,*,#5740,.T.);
#5742=ORIENTED_EDGE('',*,*,#5583,.F.);
#5743=ORIENTED_EDGE('',*,*,#5714,.F.);
#5744=EDGE_LOOP('',(#5739,#5741,#5742,#5743));
#5745=FACE_OUTER_BOUND('',#5744,.F.);
#5747=CARTESIAN_POINT('',(2.579706883276E2,1.876787904899E2,-1.27E2));
#5748=DIRECTION('',(-8.222433865287E-1,-5.691360235565E-1,0.E0));
#5749=DIRECTION('',(0.E0,0.E0,-1.E0));
#5750=AXIS2_PLACEMENT_3D('',#5747,#5748,#5749);
#5751=CYLINDRICAL_SURFACE('',#5750,3.E0);
#5753=ORIENTED_EDGE('',*,*,#5752,.T.);
#5754=ORIENTED_EDGE('',*,*,#5519,.F.);
#5755=ORIENTED_EDGE('',*,*,#5738,.F.);
#5756=ORIENTED_EDGE('',*,*,#5111,.T.);
#5757=EDGE_LOOP('',(#5753,#5754,#5755,#5756));
#5758=FACE_OUTER_BOUND('',#5757,.F.);
#5760=CARTESIAN_POINT('',(4.184957161653E1,3.836412667284E1,-1.276960015784E2));
#5761=CARTESIAN_POINT('',(4.186737431175E1,3.833457984019E1,-1.277013280373E2));
#5762=CARTESIAN_POINT('',(4.192228362038E1,3.824344778784E1,-1.277093167491E2));
#5763=CARTESIAN_POINT('',(4.201322894223E1,3.809250737284E1,-1.276824052872E2));
#5764=CARTESIAN_POINT('',(4.210832853618E1,3.793467218259E1,-1.275932707057E2));
#5765=CARTESIAN_POINT('',(4.218025838008E1,3.781529143524E1,-1.274690253159E2));
#5766=CARTESIAN_POINT('',(4.222952489228E1,3.773352463686E1,-1.273279814529E2));
#5767=CARTESIAN_POINT('',(4.226051616470E1,3.768208894533E1,-1.271716476613E2));
#5768=CARTESIAN_POINT('',(4.227019702327E1,3.766602178783E1,-1.270241902297E2));
#5769=CARTESIAN_POINT('',(4.226655669940E1,3.767206357188E1,-1.269303567700E2));
#5770=CARTESIAN_POINT('',(4.226382993036E1,3.767658914441E1,-1.268961038981E2));
#5771=CARTESIAN_POINT('',(4.153839811503E1,3.843925649018E1,-1.292004635582E2));
#5772=CARTESIAN_POINT('',(4.159447674456E1,3.834618373567E1,-1.292173119736E2));
#5773=CARTESIAN_POINT('',(4.176741618802E1,3.805915906157E1,-1.292426113056E2));
#5774=CARTESIAN_POINT('',(4.205383995865E1,3.758378636592E1,-1.291577831957E2));
#5775=CARTESIAN_POINT('',(4.235367141724E1,3.708616115695E1,-1.288768619022E2));
#5776=CARTESIAN_POINT('',(4.258081094436E1,3.670918151921E1,-1.284845944116E2));
#5777=CARTESIAN_POINT('',(4.273661545455E1,3.645059540451E1,-1.280386233702E2));
#5778=CARTESIAN_POINT('',(4.283472855221E1,3.628775875303E1,-1.275437406698E2));
#5779=CARTESIAN_POINT('',(4.286542355221E1,3.623681477985E1,-1.270766336315E2));
#5780=CARTESIAN_POINT('',(4.285385103534E1,3.625602149068E1,-1.267793802615E2));
#5781=CARTESIAN_POINT('',(4.284518172861E1,3.627040979266E1,-1.266708813953E2));
#5782=CARTESIAN_POINT('',(4.241892461369E1,3.915153962766E1,-1.302416171241E2));
#5783=CARTESIAN_POINT('',(4.250149186575E1,3.901450415362E1,-1.302664392379E2));
#5784=CARTESIAN_POINT('',(4.275611333070E1,3.859191320770E1,-1.303037182770E2));
#5785=CARTESIAN_POINT('',(4.317781674730E1,3.789201916793E1,-1.301788093107E2));
#5786=CARTESIAN_POINT('',(4.361933162083E1,3.715924438760E1,-1.297651632148E2));
#5787=CARTESIAN_POINT('',(4.395388304490E1,3.660399503821E1,-1.291874126945E2));
#5788=CARTESIAN_POINT('',(4.418341651469E1,3.622304221423E1,-1.285304186939E2));
#5789=CARTESIAN_POINT('',(4.432798085448E1,3.598311122055E1,-1.278012453244E2));
#5790=CARTESIAN_POINT('',(4.437321856049E1,3.590803096376E1,-1.271129267619E2));
#5791=CARTESIAN_POINT('',(4.435615661874E1,3.593634838038E1,-1.266748979068E2));
#5792=CARTESIAN_POINT('',(4.434337481573E1,3.595756212301E1,-1.265150175615E2));
#5793=CARTESIAN_POINT('',(4.373205969088E1,3.988692526426E1,-1.299218961703E2));
#5794=CARTESIAN_POINT('',(4.380649272726E1,3.976339001062E1,-1.299442696939E2));
#5795=CARTESIAN_POINT('',(4.403603100116E1,3.938242921336E1,-1.299778699641E2));
#5796=CARTESIAN_POINT('',(4.441619228713E1,3.875148194632E1,-1.298652691626E2));
#5797=CARTESIAN_POINT('',(4.481419853903E1,3.809091769064E1,-1.294923806473E2));
#5798=CARTESIAN_POINT('',(4.511576555498E1,3.759041200645E1,-1.289715888823E2));
#5799=CARTESIAN_POINT('',(4.532265808682E1,3.724703596488E1,-1.283793965247E2));
#5800=CARTESIAN_POINT('',(4.545295802227E1,3.703077936220E1,-1.277221699253E2));
#5801=CARTESIAN_POINT('',(4.549372990499E1,3.696311095691E1,-1.271017817448E2));
#5802=CARTESIAN_POINT('',(4.547835367438E1,3.698863062722E1,-1.267069827012E2));
#5803=CARTESIAN_POINT('',(4.546683475062E1,3.700774839048E1,-1.265628807541E2));
#5804=(BOUNDED_SURFACE()B_SPLINE_SURFACE(3,3,((#5760,#5761,#5762,#5763,#5764,
#5765,#5766,#5767,#5768,#5769,#5770),(#5771,#5772,#5773,#5774,#5775,#5776,#5777,
#5778,#5779,#5780,#5781),(#5782,#5783,#5784,#5785,#5786,#5787,#5788,#5789,#5790,
#5791,#5792),(#5793,#5794,#5795,#5796,#5797,#5798,#5799,#5800,#5801,#5802,
#5803)),.UNSPECIFIED.,.F.,.F.,.F.)B_SPLINE_SURFACE_WITH_KNOTS((4,4),(4,1,1,1,1,
1,1,1,4),(0.E0,1.E0),(-9.513572550346E-2,0.E0,1.938250477956E-1,
3.799095570539E-1,5.478716797478E-1,6.951616249577E-1,8.389453835158E-1,1.E0,
1.094862254219E0),.UNSPECIFIED.)GEOMETRIC_REPRESENTATION_ITEM()RATIONAL_B_SPLINE_SURFACE(((1.274733050284E0,1.274733050284E0,1.274733050284E0,1.274733050284E0,
1.274733050284E0,1.274733050284E0,1.274733050284E0,1.274733050284E0,
1.274733050284E0,1.274733050284E0,1.274733050284E0),(9.084223165720E-1,
9.084223165720E-1,9.084223165720E-1,9.084223165720E-1,9.084223165720E-1,
9.084223165720E-1,9.084223165720E-1,9.084223165720E-1,9.084223165720E-1,
9.084223165720E-1,9.084223165720E-1),(9.084223165720E-1,9.084223165720E-1,
9.084223165720E-1,9.084223165720E-1,9.084223165720E-1,9.084223165720E-1,
9.084223165720E-1,9.084223165720E-1,9.084223165720E-1,9.084223165720E-1,
9.084223165720E-1),(1.274733050284E0,1.274733050284E0,1.274733050284E0,
1.274733050284E0,1.274733050284E0,1.274733050284E0,1.274733050284E0,
1.274733050284E0,1.274733050284E0,1.274733050284E0,1.274733050284E0)))REPRESENTATION_ITEM('')SURFACE());
#5806=ORIENTED_EDGE('',*,*,#5805,.T.);
#5807=ORIENTED_EDGE('',*,*,#5495,.T.);
#5808=ORIENTED_EDGE('',*,*,#5752,.F.);
#5810=ORIENTED_EDGE('',*,*,#5809,.F.);
#5811=EDGE_LOOP('',(#5806,#5807,#5808,#5810));
#5812=FACE_OUTER_BOUND('',#5811,.F.);
#5814=CARTESIAN_POINT('',(4.350135318244E1,3.558E1,-9.E1));
#5815=DIRECTION('',(-8.565374234313E-1,-5.160849176848E-1,0.E0));
#5816=DIRECTION('',(-5.160849176848E-1,8.565374234313E-1,0.E0));
#5817=AXIS2_PLACEMENT_3D('',#5814,#5815,#5816);
#5818=PLANE('',#5817);
#5820=ORIENTED_EDGE('',*,*,#5819,.F.);
#5821=ORIENTED_EDGE('',*,*,#5513,.T.);
#5823=ORIENTED_EDGE('',*,*,#5822,.T.);
#5825=ORIENTED_EDGE('',*,*,#5824,.F.);
#5826=ORIENTED_EDGE('',*,*,#4873,.F.);
#5827=EDGE_LOOP('',(#5820,#5821,#5823,#5825,#5826));
#5828=FACE_OUTER_BOUND('',#5827,.F.);
#5830=CARTESIAN_POINT('',(4.350135318244E1,3.558E1,-9.E1));
#5831=DIRECTION('',(-8.565374234313E-1,-5.160849176848E-1,0.E0));
#5832=DIRECTION('',(-5.160849176848E-1,8.565374234313E-1,0.E0));
#5833=AXIS2_PLACEMENT_3D('',#5830,#5831,#5832);
#5834=PLANE('',#5833);
#5835=ORIENTED_EDGE('',*,*,#5497,.F.);
#5836=ORIENTED_EDGE('',*,*,#5805,.F.);
#5838=ORIENTED_EDGE('',*,*,#5837,.F.);
#5840=ORIENTED_EDGE('',*,*,#5839,.F.);
#5841=ORIENTED_EDGE('',*,*,#5445,.F.);
#5842=EDGE_LOOP('',(#5835,#5836,#5838,#5840,#5841));
#5843=FACE_OUTER_BOUND('',#5842,.F.);
#5845=CARTESIAN_POINT('',(-2.419091569434E2,-1.583253635778E2,-9.3E1));
#5846=DIRECTION('',(8.222433865287E-1,5.691360235565E-1,0.E0));
#5847=DIRECTION('',(0.E0,0.E0,1.E0));
#5848=AXIS2_PLACEMENT_3D('',#5845,#5846,#5847);
#5849=CYLINDRICAL_SURFACE('',#5848,3.E0);
#5851=ORIENTED_EDGE('',*,*,#5850,.F.);
#5852=ORIENTED_EDGE('',*,*,#5515,.F.);
#5853=ORIENTED_EDGE('',*,*,#5819,.T.);
#5854=ORIENTED_EDGE('',*,*,#4871,.T.);
#5855=EDGE_LOOP('',(#5851,#5852,#5853,#5854));
#5856=FACE_OUTER_BOUND('',#5855,.F.);
#5858=CARTESIAN_POINT('',(4.670297036943E1,4.215565774096E1,-9.008743246248E1));
#5859=CARTESIAN_POINT('',(4.763180145598E1,4.285436887439E1,-8.985886816089E1));
#5860=CARTESIAN_POINT('',(4.841433527379E1,4.319553912849E1,-9.068009270812E1));
#5861=CARTESIAN_POINT('',(4.835273521643E1,4.287492466496E1,-9.181876644276E1));
#5862=CARTESIAN_POINT('',(4.801201774550E1,4.026444807742E1,-8.962574465652E1));
#5863=CARTESIAN_POINT('',(4.904357657840E1,4.081474616623E1,-8.936094931494E1));
#5864=CARTESIAN_POINT('',(4.945701274445E1,4.168915995191E1,-9.031235088108E1));
#5865=CARTESIAN_POINT('',(4.888363816329E1,4.210791744896E1,-9.163152232830E1));
#5866=CARTESIAN_POINT('',(4.895611771575E1,3.890048599344E1,-9.128457476658E1));
#5867=CARTESIAN_POINT('',(5.006176497666E1,3.934374689355E1,-9.114995643916E1));
#5868=CARTESIAN_POINT('',(5.020900368613E1,4.060274202555E1,-9.163363597362E1));
#5869=CARTESIAN_POINT('',(4.926653145311E1,4.155474305433E1,-9.230428468197E1));
#5870=CARTESIAN_POINT('',(4.869335455047E1,3.928010574324E1,-9.358463542208E1));
#5871=CARTESIAN_POINT('',(4.977838142110E1,3.975315737674E1,-9.363051480005E1));
#5872=CARTESIAN_POINT('',(4.999970856239E1,4.090511531454E1,-9.346567159776E1));
#5873=CARTESIAN_POINT('',(4.915996408104E1,4.170870329102E1,-9.323710728435E1));
#5874=(BOUNDED_SURFACE()B_SPLINE_SURFACE(3,3,((#5858,#5859,#5860,#5861),(#5862,
#5863,#5864,#5865),(#5866,#5867,#5868,#5869),(#5870,#5871,#5872,#5873)),
.UNSPECIFIED.,.F.,.F.,.F.)B_SPLINE_SURFACE_WITH_KNOTS((4,4),(4,4),(0.E0,1.E0),(
0.E0,1.E0),.UNSPECIFIED.)GEOMETRIC_REPRESENTATION_ITEM()RATIONAL_B_SPLINE_SURFACE(((1.656122326073E0,1.163831446721E0,1.163831446721E0,1.656122326073E0),(
1.163831438605E0,8.178765575501E-1,8.178765575501E-1,1.163831438605E0),(
1.163831438605E0,8.178765575501E-1,8.178765575501E-1,1.163831438605E0),(
1.656122326073E0,1.163831446721E0,1.163831446721E0,1.656122326073E0)))REPRESENTATION_ITEM('')SURFACE());
#5875=ORIENTED_EDGE('',*,*,#5850,.T.);
#5876=ORIENTED_EDGE('',*,*,#5601,.T.);
#5877=ORIENTED_EDGE('',*,*,#5587,.F.);
#5879=ORIENTED_EDGE('',*,*,#5878,.F.);
#5880=EDGE_LOOP('',(#5875,#5876,#5877,#5879));
#5881=FACE_OUTER_BOUND('',#5880,.F.);
#5883=CARTESIAN_POINT('',(4.813214129716E1,4.060959148264E1,-1.273874590316E2));
#5884=DIRECTION('',(0.E0,0.E0,1.E0));
#5885=DIRECTION('',(5.691360235565E-1,-8.222433865287E-1,0.E0));
#5886=AXIS2_PLACEMENT_3D('',#5883,#5884,#5885);
#5887=CYLINDRICAL_SURFACE('',#5886,1.5E0);
#5888=ORIENTED_EDGE('',*,*,#5517,.T.);
#5889=ORIENTED_EDGE('',*,*,#5878,.T.);
#5890=ORIENTED_EDGE('',*,*,#5585,.F.);
#5891=ORIENTED_EDGE('',*,*,#5740,.F.);
#5892=EDGE_LOOP('',(#5888,#5889,#5890,#5891));
#5893=FACE_OUTER_BOUND('',#5892,.F.);
#5895=CARTESIAN_POINT('',(0.E0,0.E0,-9.7E1));
#5896=DIRECTION('',(0.E0,0.E0,-1.E0));
#5897=DIRECTION('',(1.E0,0.E0,0.E0));
#5898=AXIS2_PLACEMENT_3D('',#5895,#5896,#5897);
#5899=PLANE('',#5898);
#5900=ORIENTED_EDGE('',*,*,#5511,.T.);
#5901=ORIENTED_EDGE('',*,*,#5531,.F.);
#5902=ORIENTED_EDGE('',*,*,#5547,.F.);
#5903=ORIENTED_EDGE('',*,*,#5559,.F.);
#5904=ORIENTED_EDGE('',*,*,#5575,.F.);
#5906=ORIENTED_EDGE('',*,*,#5905,.F.);
#5907=ORIENTED_EDGE('',*,*,#5822,.F.);
#5908=EDGE_LOOP('',(#5900,#5901,#5902,#5903,#5904,#5906,#5907));
#5909=FACE_OUTER_BOUND('',#5908,.F.);
#5911=CARTESIAN_POINT('',(0.E0,0.E0,-9.7E1));
#5912=DIRECTION('',(0.E0,0.E0,-1.E0));
#5913=DIRECTION('',(1.E0,0.E0,0.E0));
#5914=AXIS2_PLACEMENT_3D('',#5911,#5912,#5913);
#5915=PLANE('',#5914);
#5916=ORIENTED_EDGE('',*,*,#5409,.F.);
#5918=ORIENTED_EDGE('',*,*,#5917,.F.);
#5920=ORIENTED_EDGE('',*,*,#5919,.F.);
#5922=ORIENTED_EDGE('',*,*,#5921,.F.);
#5924=ORIENTED_EDGE('',*,*,#5923,.F.);
#5926=ORIENTED_EDGE('',*,*,#5925,.F.);
#5928=ORIENTED_EDGE('',*,*,#5927,.T.);
#5929=ORIENTED_EDGE('',*,*,#5373,.F.);
#5930=EDGE_LOOP('',(#5916,#5918,#5920,#5922,#5924,#5926,#5928,#5929));
#5931=FACE_OUTER_BOUND('',#5930,.F.);
#5933=CARTESIAN_POINT('',(3.770130918329E1,4.520623508765E1,-1.22E2));
#5934=DIRECTION('',(-5.170008599057E-1,8.559848777033E-1,0.E0));
#5935=DIRECTION('',(8.559848777033E-1,5.170008599057E-1,0.E0));
#5936=AXIS2_PLACEMENT_3D('',#5933,#5934,#5935);
#5937=PLANE('',#5936);
#5938=ORIENTED_EDGE('',*,*,#5663,.T.);
#5939=ORIENTED_EDGE('',*,*,#5447,.F.);
#5941=ORIENTED_EDGE('',*,*,#5940,.F.);
#5942=ORIENTED_EDGE('',*,*,#5905,.T.);
#5943=EDGE_LOOP('',(#5938,#5939,#5941,#5942));
#5944=FACE_OUTER_BOUND('',#5943,.F.);
#5946=CARTESIAN_POINT('',(1.363620724744E1,2.697694632430E1,-9.E1));
#5947=DIRECTION('',(0.E0,0.E0,-1.E0));
#5948=DIRECTION('',(-1.E0,0.E0,0.E0));
#5949=AXIS2_PLACEMENT_3D('',#5946,#5947,#5948);
#5950=CYLINDRICAL_SURFACE('',#5949,3.019E1);
#5952=ORIENTED_EDGE('',*,*,#5951,.T.);
#5954=ORIENTED_EDGE('',*,*,#5953,.F.);
#5955=ORIENTED_EDGE('',*,*,#4875,.F.);
#5956=ORIENTED_EDGE('',*,*,#5824,.T.);
#5957=ORIENTED_EDGE('',*,*,#5940,.T.);
#5958=ORIENTED_EDGE('',*,*,#5839,.T.);
#5959=EDGE_LOOP('',(#5952,#5954,#5955,#5956,#5957,#5958));
#5960=FACE_OUTER_BOUND('',#5959,.F.);
#5962=CARTESIAN_POINT('',(1.363620724744E1,2.697694632430E1,-1.28E2));
#5963=DIRECTION('',(0.E0,0.E0,-1.E0));
#5964=DIRECTION('',(-5.683299841013E-1,-8.228007226366E-1,0.E0));
#5965=AXIS2_PLACEMENT_3D('',#5962,#5963,#5964);
#5966=TOROIDAL_SURFACE('',#5965,3.219E1,2.E0);
#5967=ORIENTED_EDGE('',*,*,#5951,.F.);
#5969=ORIENTED_EDGE('',*,*,#5968,.F.);
#5970=ORIENTED_EDGE('',*,*,#5107,.T.);
#5972=ORIENTED_EDGE('',*,*,#5971,.F.);
#5973=EDGE_LOOP('',(#5967,#5969,#5970,#5972));
#5974=FACE_OUTER_BOUND('',#5973,.F.);
#5976=CARTESIAN_POINT('',(-9.138383354556E1,2.633219980152E2,-1.28E2));
#5977=DIRECTION('',(5.160849176848E-1,-8.565374234313E-1,0.E0));
#5978=DIRECTION('',(-8.565374234313E-1,-5.160849176848E-1,0.E0));
#5979=AXIS2_PLACEMENT_3D('',#5976,#5977,#5978);
#5980=CYLINDRICAL_SURFACE('',#5979,2.E0);
#5981=ORIENTED_EDGE('',*,*,#5837,.T.);
#5982=ORIENTED_EDGE('',*,*,#5809,.T.);
#5983=ORIENTED_EDGE('',*,*,#5109,.F.);
#5984=ORIENTED_EDGE('',*,*,#5968,.T.);
#5985=EDGE_LOOP('',(#5981,#5982,#5983,#5984));
#5986=FACE_OUTER_BOUND('',#5985,.F.);
#5988=CARTESIAN_POINT('',(4.581233024793E0,8.837085169169E0,-1.28E2));
#5989=DIRECTION('',(0.E0,0.E0,1.E0));
#5990=DIRECTION('',(-1.771728326782E-1,-9.841797535820E-1,0.E0));
#5991=AXIS2_PLACEMENT_3D('',#5988,#5989,#5990);
#5992=TOROIDAL_SURFACE('',#5991,5.227937164465E1,2.E0);
#5994=ORIENTED_EDGE('',*,*,#5993,.F.);
#5995=ORIENTED_EDGE('',*,*,#5971,.T.);
#5996=ORIENTED_EDGE('',*,*,#5105,.T.);
#5998=ORIENTED_EDGE('',*,*,#5997,.F.);
#5999=EDGE_LOOP('',(#5994,#5995,#5996,#5998));
#6000=FACE_OUTER_BOUND('',#5999,.F.);
#6002=CARTESIAN_POINT('',(4.581233024793E0,8.837085169169E0,-9.E1));
#6003=DIRECTION('',(0.E0,0.E0,1.E0));
#6004=DIRECTION('',(0.E0,1.E0,0.E0));
#6005=AXIS2_PLACEMENT_3D('',#6002,#6003,#6004);
#6006=CYLINDRICAL_SURFACE('',#6005,5.027937164465E1);
#6007=ORIENTED_EDGE('',*,*,#5993,.T.);
#6009=ORIENTED_EDGE('',*,*,#6008,.T.);
#6011=ORIENTED_EDGE('',*,*,#6010,.F.);
#6013=ORIENTED_EDGE('',*,*,#6012,.T.);
#6015=ORIENTED_EDGE('',*,*,#6014,.F.);
#6016=ORIENTED_EDGE('',*,*,#4877,.F.);
#6017=ORIENTED_EDGE('',*,*,#5953,.T.);
#6018=EDGE_LOOP('',(#6007,#6009,#6011,#6013,#6015,#6016,#6017));
#6019=FACE_OUTER_BOUND('',#6018,.F.);
#6021=CARTESIAN_POINT('',(3.790475636994E0,2.002169635934E1,-9.E1));
#6022=DIRECTION('',(0.E0,0.E0,1.E0));
#6023=DIRECTION('',(0.E0,1.E0,0.E0));
#6024=AXIS2_PLACEMENT_3D('',#6021,#6022,#6023);
#6025=CYLINDRICAL_SURFACE('',#6024,3.910353027244E1);
#6027=ORIENTED_EDGE('',*,*,#6026,.T.);
#6028=ORIENTED_EDGE('',*,*,#5417,.F.);
#6030=ORIENTED_EDGE('',*,*,#6029,.F.);
#6031=ORIENTED_EDGE('',*,*,#6008,.F.);
#6032=EDGE_LOOP('',(#6027,#6028,#6030,#6031));
#6033=FACE_OUTER_BOUND('',#6032,.F.);
#6035=CARTESIAN_POINT('',(3.790475636994E0,2.002169635934E1,-1.28E2));
#6036=DIRECTION('',(0.E0,0.E0,1.E0));
#6037=DIRECTION('',(7.200662199904E-2,-9.974041539859E-1,0.E0));
#6038=AXIS2_PLACEMENT_3D('',#6035,#6036,#6037);
#6039=TOROIDAL_SURFACE('',#6038,4.110353027244E1,2.E0);
#6040=ORIENTED_EDGE('',*,*,#6026,.F.);
#6041=ORIENTED_EDGE('',*,*,#5997,.T.);
#6042=ORIENTED_EDGE('',*,*,#5103,.T.);
#6044=ORIENTED_EDGE('',*,*,#6043,.F.);
#6045=EDGE_LOOP('',(#6040,#6041,#6042,#6044));
#6046=FACE_OUTER_BOUND('',#6045,.F.);
#6048=CARTESIAN_POINT('',(9.332796818156E-1,3.436808213576E1,-1.28E2));
#6049=DIRECTION('',(0.E0,0.E0,1.E0));
#6050=DIRECTION('',(6.163431114800E-1,-7.874777259905E-1,0.E0));
#6051=AXIS2_PLACEMENT_3D('',#6048,#6049,#6050);
#6052=TOROIDAL_SURFACE('',#6051,2.648907560718E1,2.E0);
#6054=ORIENTED_EDGE('',*,*,#6053,.F.);
#6055=ORIENTED_EDGE('',*,*,#5419,.F.);
#6056=ORIENTED_EDGE('',*,*,#6043,.T.);
#6057=ORIENTED_EDGE('',*,*,#5101,.T.);
#6058=EDGE_LOOP('',(#6054,#6055,#6056,#6057));
#6059=FACE_OUTER_BOUND('',#6058,.F.);
#6061=CARTESIAN_POINT('',(-2.354323140388E1,4.449584257894E1,-1.28E2));
#6062=DIRECTION('',(3.823401865621E-1,9.240216348872E-1,1.056522092036E-10));
#6063=DIRECTION('',(6.533830711948E-1,-2.703557968557E-1,7.071055829101E-1));
#6064=AXIS2_PLACEMENT_3D('',#6061,#6062,#6063);
#6065=SPHERICAL_SURFACE('',#6064,2.E0);
#6066=ORIENTED_EDGE('',*,*,#6053,.T.);
#6067=ORIENTED_EDGE('',*,*,#5146,.T.);
#6068=ORIENTED_EDGE('',*,*,#5433,.F.);
#6069=EDGE_LOOP('',(#6066,#6067,#6068));
#6070=FACE_OUTER_BOUND('',#6069,.F.);
#6072=CARTESIAN_POINT('',(6.803529166064E1,9.805748867575E1,-9.472345965495E1));
#6073=DIRECTION('',(0.E0,0.E0,1.E0));
#6074=DIRECTION('',(0.E0,1.E0,0.E0));
#6075=AXIS2_PLACEMENT_3D('',#6072,#6073,#6074);
#6076=PLANE('',#6075);
#6077=ORIENTED_EDGE('',*,*,#6010,.T.);
#6078=ORIENTED_EDGE('',*,*,#6029,.T.);
#6080=ORIENTED_EDGE('',*,*,#6079,.F.);
#6081=EDGE_LOOP('',(#6077,#6078,#6080));
#6082=FACE_OUTER_BOUND('',#6081,.F.);
#6084=CARTESIAN_POINT('',(3.920223950545E0,5.567847233025E1,5.276540345046E0));
#6085=DIRECTION('',(0.E0,0.E0,1.E0));
#6086=DIRECTION('',(0.E0,1.E0,0.E0));
#6087=AXIS2_PLACEMENT_3D('',#6084,#6085,#6086);
#6088=CYLINDRICAL_SURFACE('',#6087,7.086096634993E0);
#6089=ORIENTED_EDGE('',*,*,#6012,.F.);
#6090=ORIENTED_EDGE('',*,*,#6079,.T.);
#6091=ORIENTED_EDGE('',*,*,#5415,.T.);
#6093=ORIENTED_EDGE('',*,*,#6092,.F.);
#6094=ORIENTED_EDGE('',*,*,#4716,.F.);
#6096=ORIENTED_EDGE('',*,*,#6095,.T.);
#6098=ORIENTED_EDGE('',*,*,#6097,.T.);
#6100=ORIENTED_EDGE('',*,*,#6099,.T.);
#6102=ORIENTED_EDGE('',*,*,#6101,.F.);
#6104=ORIENTED_EDGE('',*,*,#6103,.F.);
#6106=ORIENTED_EDGE('',*,*,#6105,.T.);
#6107=ORIENTED_EDGE('',*,*,#4732,.F.);
#6109=ORIENTED_EDGE('',*,*,#6108,.T.);
#6110=EDGE_LOOP('',(#6089,#6090,#6091,#6093,#6094,#6096,#6098,#6100,#6102,#6104,
#6106,#6107,#6109));
#6111=FACE_OUTER_BOUND('',#6110,.F.);
#6113=ORIENTED_EDGE('',*,*,#6112,.T.);
#6115=ORIENTED_EDGE('',*,*,#6114,.F.);
#6117=ORIENTED_EDGE('',*,*,#6116,.T.);
#6119=ORIENTED_EDGE('',*,*,#6118,.F.);
#6121=ORIENTED_EDGE('',*,*,#6120,.T.);
#6123=ORIENTED_EDGE('',*,*,#6122,.F.);
#6125=ORIENTED_EDGE('',*,*,#6124,.F.);
#6127=ORIENTED_EDGE('',*,*,#6126,.F.);
#6128=EDGE_LOOP('',(#6113,#6115,#6117,#6119,#6121,#6123,#6125,#6127));
#6129=FACE_BOUND('',#6128,.F.);
#6131=CARTESIAN_POINT('',(5.005151836012E-1,1.305748867575E1,
-6.221997252270E1));
#6132=DIRECTION('',(0.E0,0.E0,-1.E0));
#6133=DIRECTION('',(1.E0,0.E0,0.E0));
#6134=AXIS2_PLACEMENT_3D('',#6131,#6132,#6133);
#6135=PLANE('',#6134);
#6137=ORIENTED_EDGE('',*,*,#6136,.F.);
#6138=ORIENTED_EDGE('',*,*,#6112,.F.);
#6140=ORIENTED_EDGE('',*,*,#6139,.T.);
#6142=ORIENTED_EDGE('',*,*,#6141,.T.);
#6143=EDGE_LOOP('',(#6137,#6138,#6140,#6142));
#6144=FACE_OUTER_BOUND('',#6143,.F.);
#6146=CARTESIAN_POINT('',(7.929484816399E0,-1.617664272997E2,
-6.021997252270E1));
#6147=DIRECTION('',(0.E0,1.E0,0.E0));
#6148=DIRECTION('',(1.E0,0.E0,0.E0));
#6149=AXIS2_PLACEMENT_3D('',#6146,#6147,#6148);
#6150=CYLINDRICAL_SURFACE('',#6149,2.E0);
#6151=ORIENTED_EDGE('',*,*,#6136,.T.);
#6153=ORIENTED_EDGE('',*,*,#6152,.T.);
#6155=ORIENTED_EDGE('',*,*,#6154,.F.);
#6156=ORIENTED_EDGE('',*,*,#6114,.T.);
#6157=EDGE_LOOP('',(#6151,#6153,#6155,#6156));
#6158=FACE_OUTER_BOUND('',#6157,.F.);
#6160=CARTESIAN_POINT('',(7.712670588514E0,6.654002523030E1,-6.358717327105E1));
#6161=CARTESIAN_POINT('',(7.797387934004E0,6.653728659291E1,-6.359276292438E1));
#6162=CARTESIAN_POINT('',(8.241146946497E0,6.652184207511E1,-6.360474295021E1));
#6163=CARTESIAN_POINT('',(9.046452780237E0,6.648703558471E1,-6.346555796475E1));
#6164=CARTESIAN_POINT('',(1.000076022247E1,6.643350273503E1,-6.295507083791E1));
#6165=CARTESIAN_POINT('',(1.074077296743E1,6.638374795789E1,-6.218323318417E1));
#6166=CARTESIAN_POINT('',(1.120033206040E1,6.634906638330E1,-6.124216137250E1));
#6167=CARTESIAN_POINT('',(1.131595723319E1,6.633990746406E1,-6.047473339380E1));
#6168=CARTESIAN_POINT('',(1.130062094400E1,6.634107437252E1,-6.005631809488E1));
#6169=CARTESIAN_POINT('',(1.129456225439E1,6.634147513474E1,-5.997487455304E1));
#6170=CARTESIAN_POINT('',(7.793263911779E0,6.690260687707E1,-6.269122438713E1));
#6171=CARTESIAN_POINT('',(7.856163658380E0,6.689988304182E1,-6.269481198983E1));
#6172=CARTESIAN_POINT('',(8.185455555195E0,6.688437198306E1,-6.270063423249E1));
#6173=CARTESIAN_POINT('',(8.780650276778E0,6.684938052220E1,-6.259042901287E1));
#6174=CARTESIAN_POINT('',(9.476854859640E0,6.679579336599E1,-6.220494615375E1));
#6175=CARTESIAN_POINT('',(1.000762706928E1,6.674623058952E1,-6.163541576318E1));
#6176=CARTESIAN_POINT('',(1.033193273226E1,6.671184063818E1,-6.095331796106E1));
#6177=CARTESIAN_POINT('',(1.041275037733E1,6.670280663086E1,-6.040273229503E1));
#6178=CARTESIAN_POINT('',(1.040201760584E1,6.670393865348E1,-6.010256886615E1));
#6179=CARTESIAN_POINT('',(1.039776771168E1,6.670430084247E1,-6.004412552476E1));
#6180=CARTESIAN_POINT('',(7.822040729306E0,6.624751058344E1,-6.197661495584E1));
#6181=CARTESIAN_POINT('',(7.866416249829E0,6.624476000433E1,-6.197940368620E1));
#6182=CARTESIAN_POINT('',(8.098814693171E0,6.622936916881E1,-6.198491876726E1));
#6183=CARTESIAN_POINT('',(8.519967057643E0,6.619471190430E1,-6.191031430824E1));
#6184=CARTESIAN_POINT('',(9.016787804462E0,6.614122286669E1,-6.164131861494E1));
#6185=CARTESIAN_POINT('',(9.399794525788E0,6.609131319201E1,-6.123789882601E1));
#6186=CARTESIAN_POINT('',(9.636333327880E0,6.605639634883E1,-6.074906980399E1));
#6187=CARTESIAN_POINT('',(9.695654134040E0,6.604713665625E1,-6.035183674435E1));
#6188=CARTESIAN_POINT('',(9.687782656173E0,6.604833170904E1,-6.013526459427E1));
#6189=CARTESIAN_POINT('',(9.684670546304E0,6.604876359041E1,-6.009310507456E1));
#6190=CARTESIAN_POINT('',(7.766226884609E0,6.532083095906E1,-6.225721959361E1));
#6191=CARTESIAN_POINT('',(7.816468946799E0,6.531804254891E1,-6.226132247226E1));
#6192=CARTESIAN_POINT('',(8.079900357774E0,6.530282177758E1,-6.227273084218E1));
#6193=CARTESIAN_POINT('',(8.561297406188E0,6.526863725724E1,-6.219980213660E1));
#6194=CARTESIAN_POINT('',(9.144533247122E0,6.521528701526E1,-6.190610830658E1));
#6195=CARTESIAN_POINT('',(9.609540869034E0,6.516488662875E1,-6.144341771394E1));
#6196=CARTESIAN_POINT('',(9.905757786161E0,6.512922446013E1,-6.086203682374E1));
#6197=CARTESIAN_POINT('',(9.981375370588E0,6.511964551992E1,-6.038001210714E1));
#6198=CARTESIAN_POINT('',(9.971364211185E0,6.512092973329E1,-6.011716784294E1));
#6199=CARTESIAN_POINT('',(9.967423042482E0,6.512146019942E1,-6.006602998639E1));
#6200=(BOUNDED_SURFACE()B_SPLINE_SURFACE(3,3,((#6160,#6161,#6162,#6163,#6164,
#6165,#6166,#6167,#6168,#6169),(#6170,#6171,#6172,#6173,#6174,#6175,#6176,#6177,
#6178,#6179),(#6180,#6181,#6182,#6183,#6184,#6185,#6186,#6187,#6188,#6189),(
#6190,#6191,#6192,#6193,#6194,#6195,#6196,#6197,#6198,#6199)),.UNSPECIFIED.,.F.,
.F.,.F.)B_SPLINE_SURFACE_WITH_KNOTS((4,4),(4,1,1,1,1,1,1,4),(0.E0,1.E0),(
-4.783346475956E-2,0.E0,2.018200465056E-1,4.046258934021E-1,6.052020073481E-1,
8.048148683148E-1,1.E0,1.047415256981E0),.UNSPECIFIED.)GEOMETRIC_REPRESENTATION_ITEM()RATIONAL_B_SPLINE_SURFACE(((1.398067740216E0,1.398067740216E0,
1.398067740216E0,1.398067740216E0,1.398067740216E0,1.398067740216E0,
1.398067740216E0,1.398067740216E0,1.398067740216E0,1.398067740216E0),(
8.673107532614E-1,8.673107532614E-1,8.673107532614E-1,8.673107532614E-1,
8.673107532614E-1,8.673107532614E-1,8.673107532614E-1,8.673107532614E-1,
8.673107532614E-1,8.673107532614E-1),(8.673107532614E-1,8.673107532614E-1,
8.673107532614E-1,8.673107532614E-1,8.673107532614E-1,8.673107532614E-1,
8.673107532614E-1,8.673107532614E-1,8.673107532614E-1,8.673107532614E-1),(
1.398067740216E0,1.398067740216E0,1.398067740216E0,1.398067740216E0,
1.398067740216E0,1.398067740216E0,1.398067740216E0,1.398067740216E0,
1.398067740216E0,1.398067740216E0)))REPRESENTATION_ITEM('')SURFACE());
#6202=ORIENTED_EDGE('',*,*,#6201,.T.);
#6204=ORIENTED_EDGE('',*,*,#6203,.F.);
#6205=ORIENTED_EDGE('',*,*,#6152,.F.);
#6207=ORIENTED_EDGE('',*,*,#6206,.F.);
#6208=EDGE_LOOP('',(#6202,#6204,#6205,#6207));
#6209=FACE_OUTER_BOUND('',#6208,.F.);
#6211=CARTESIAN_POINT('',(5.215E0,-6.339896930132E-1,0.E0));
#6212=DIRECTION('',(0.E0,0.E0,-1.E0));
#6213=DIRECTION('',(-1.E0,0.E0,0.E0));
#6214=AXIS2_PLACEMENT_3D('',#6211,#6212,#6213);
#6215=CYLINDRICAL_SURFACE('',#6214,6.729421517477E1);
#6216=ORIENTED_EDGE('',*,*,#4943,.F.);
#6217=ORIENTED_EDGE('',*,*,#4973,.T.);
#6218=ORIENTED_EDGE('',*,*,#4706,.F.);
#6219=ORIENTED_EDGE('',*,*,#4590,.F.);
#6220=ORIENTED_EDGE('',*,*,#4687,.F.);
#6221=ORIENTED_EDGE('',*,*,#4754,.F.);
#6222=ORIENTED_EDGE('',*,*,#4812,.T.);
#6224=ORIENTED_EDGE('',*,*,#6223,.F.);
#6226=ORIENTED_EDGE('',*,*,#6225,.F.);
#6228=ORIENTED_EDGE('',*,*,#6227,.T.);
#6229=ORIENTED_EDGE('',*,*,#4796,.T.);
#6230=ORIENTED_EDGE('',*,*,#4891,.F.);
#6231=EDGE_LOOP('',(#6216,#6217,#6218,#6219,#6220,#6221,#6222,#6224,#6226,#6228,
#6229,#6230));
#6232=FACE_OUTER_BOUND('',#6231,.F.);
#6234=ORIENTED_EDGE('',*,*,#6233,.F.);
#6235=ORIENTED_EDGE('',*,*,#6201,.F.);
#6237=ORIENTED_EDGE('',*,*,#6236,.F.);
#6239=ORIENTED_EDGE('',*,*,#6238,.F.);
#6241=ORIENTED_EDGE('',*,*,#6240,.F.);
#6243=ORIENTED_EDGE('',*,*,#6242,.F.);
#6245=ORIENTED_EDGE('',*,*,#6244,.F.);
#6247=ORIENTED_EDGE('',*,*,#6246,.F.);
#6248=EDGE_LOOP('',(#6234,#6235,#6237,#6239,#6241,#6243,#6245,#6247));
#6249=FACE_BOUND('',#6248,.F.);
#6251=CARTESIAN_POINT('',(-2.264511718231E0,6.959642232289E1,-1.3E2));
#6252=DIRECTION('',(0.E0,0.E0,-1.E0));
#6253=DIRECTION('',(0.E0,1.E0,0.E0));
#6254=AXIS2_PLACEMENT_3D('',#6251,#6252,#6253);
#6255=CYLINDRICAL_SURFACE('',#6254,5.192268404287E0);
#6256=ORIENTED_EDGE('',*,*,#4930,.T.);
#6258=ORIENTED_EDGE('',*,*,#6257,.F.);
#6259=ORIENTED_EDGE('',*,*,#6223,.T.);
#6260=ORIENTED_EDGE('',*,*,#4810,.T.);
#6261=ORIENTED_EDGE('',*,*,#5038,.T.);
#6262=ORIENTED_EDGE('',*,*,#5081,.T.);
#6263=ORIENTED_EDGE('',*,*,#5124,.T.);
#6264=ORIENTED_EDGE('',*,*,#5069,.T.);
#6265=ORIENTED_EDGE('',*,*,#5026,.F.);
#6266=ORIENTED_EDGE('',*,*,#4798,.T.);
#6267=ORIENTED_EDGE('',*,*,#6227,.F.);
#6269=ORIENTED_EDGE('',*,*,#6268,.F.);
#6270=EDGE_LOOP('',(#6256,#6258,#6259,#6260,#6261,#6262,#6263,#6264,#6265,#6266,
#6267,#6269));
#6271=FACE_OUTER_BOUND('',#6270,.F.);
#6273=CARTESIAN_POINT('',(5.215E0,-6.339896930098E-1,-8.85E1));
#6274=DIRECTION('',(0.E0,0.E0,1.E0));
#6275=DIRECTION('',(0.E0,-1.E0,0.E0));
#6276=AXIS2_PLACEMENT_3D('',#6273,#6274,#6275);
#6277=CONICAL_SURFACE('',#6276,6.654421517477E1,2.656505117708E1);
#6278=ORIENTED_EDGE('',*,*,#4928,.F.);
#6279=ORIENTED_EDGE('',*,*,#6268,.T.);
#6280=ORIENTED_EDGE('',*,*,#6225,.T.);
#6281=ORIENTED_EDGE('',*,*,#6257,.T.);
#6282=EDGE_LOOP('',(#6278,#6279,#6280,#6281));
#6283=FACE_OUTER_BOUND('',#6282,.F.);
#6285=CARTESIAN_POINT('',(1.092948481640E1,6.541347527667E1,-3.490073683873E2));
#6286=DIRECTION('',(0.E0,0.E0,1.E0));
#6287=DIRECTION('',(8.619884557547E-2,9.962779526926E-1,0.E0));
#6288=AXIS2_PLACEMENT_3D('',#6285,#6286,#6287);
#6289=CYLINDRICAL_SURFACE('',#6288,1.E0);
#6291=ORIENTED_EDGE('',*,*,#6290,.F.);
#6292=ORIENTED_EDGE('',*,*,#6203,.T.);
#6293=ORIENTED_EDGE('',*,*,#6233,.T.);
#6295=ORIENTED_EDGE('',*,*,#6294,.T.);
#6296=EDGE_LOOP('',(#6291,#6292,#6293,#6295));
#6297=FACE_OUTER_BOUND('',#6296,.F.);
#6299=CARTESIAN_POINT('',(9.929484816399E0,1.305748867575E1,-6.221997252270E1));
#6300=DIRECTION('',(1.E0,0.E0,0.E0));
#6301=DIRECTION('',(0.E0,0.E0,1.E0));
#6302=AXIS2_PLACEMENT_3D('',#6299,#6300,#6301);
#6303=PLANE('',#6302);
#6304=ORIENTED_EDGE('',*,*,#6290,.T.);
#6306=ORIENTED_EDGE('',*,*,#6305,.F.);
#6307=ORIENTED_EDGE('',*,*,#6116,.F.);
#6308=ORIENTED_EDGE('',*,*,#6154,.T.);
#6309=EDGE_LOOP('',(#6304,#6306,#6307,#6308));
#6310=FACE_OUTER_BOUND('',#6309,.F.);
#6312=CARTESIAN_POINT('',(7.929484816399E0,-1.617664272997E2,
-2.972656289793E1));
#6313=DIRECTION('',(0.E0,1.E0,0.E0));
#6314=DIRECTION('',(0.E0,0.E0,1.E0));
#6315=AXIS2_PLACEMENT_3D('',#6312,#6313,#6314);
#6316=CYLINDRICAL_SURFACE('',#6315,2.E0);
#6317=ORIENTED_EDGE('',*,*,#6305,.T.);
#6319=ORIENTED_EDGE('',*,*,#6318,.T.);
#6321=ORIENTED_EDGE('',*,*,#6320,.F.);
#6322=ORIENTED_EDGE('',*,*,#6118,.T.);
#6323=EDGE_LOOP('',(#6317,#6319,#6321,#6322));
#6324=FACE_OUTER_BOUND('',#6323,.F.);
#6326=CARTESIAN_POINT('',(1.129451271497E1,6.634147569659E1,-2.997224648898E1));
#6327=CARTESIAN_POINT('',(1.130060435114E1,6.634107469756E1,-2.989061187369E1));
#6328=CARTESIAN_POINT('',(1.131605996770E1,6.633990130887E1,-2.947019606580E1));
#6329=CARTESIAN_POINT('',(1.119952332098E1,6.634913142974E1,-2.870101003710E1));
#6330=CARTESIAN_POINT('',(1.073791190062E1,6.638395352292E1,-2.775931204888E1));
#6331=CARTESIAN_POINT('',(9.996866712073E0,6.643374643425E1,-2.698843688452E1));
#6332=CARTESIAN_POINT('',(9.043027724028E0,6.648719898948E1,-2.648005928858E1));
#6333=CARTESIAN_POINT('',(8.239504532403E0,6.652189539257E1,-2.634188293592E1));
#6334=CARTESIAN_POINT('',(7.797793289899E0,6.653727345399E1,-2.635375995531E1));
#6335=CARTESIAN_POINT('',(7.713273456229E0,6.654000859306E1,-2.635931768336E1));
#6336=CARTESIAN_POINT('',(1.039773296883E1,6.670429988153E1,-2.990283007932E1));
#6337=CARTESIAN_POINT('',(1.040200610636E1,6.670393847389E1,-2.984424957742E1));
#6338=CARTESIAN_POINT('',(1.041282245678E1,6.670280136901E1,-2.954265120023E1));
#6339=CARTESIAN_POINT('',(1.033136970197E1,6.671190448223E1,-2.899080209709E1));
#6340=CARTESIAN_POINT('',(1.000559251815E1,6.674643487946E1,-2.830820101319E1));
#6341=CARTESIAN_POINT('',(9.474040246755E0,6.679603654383E1,-2.773933145462E1));
#6342=CARTESIAN_POINT('',(8.778125525226E0,6.684954483750E1,-2.735539147229E1));
#6343=CARTESIAN_POINT('',(8.184235984838E0,6.688442479870E1,-2.724595717242E1));
#6344=CARTESIAN_POINT('',(7.856464480645E0,6.689987009052E1,-2.725171675578E1));
#6345=CARTESIAN_POINT('',(7.793711622214E0,6.690259122752E1,-2.725528186749E1));
#6346=CARTESIAN_POINT('',(9.684645300178E0,6.604876548556E1,-2.985373349508E1));
#6347=CARTESIAN_POINT('',(9.687774366581E0,6.604833254597E1,-2.981147504928E1));
#6348=CARTESIAN_POINT('',(9.695707108393E0,6.604712988515E1,-2.959386745505E1));
#6349=CARTESIAN_POINT('',(9.635919158865E0,6.605646247007E1,-2.919572382907E1));
#6350=CARTESIAN_POINT('',(9.398318238930E0,6.609151989040E1,-2.870655726574E1));
#6351=CARTESIAN_POINT('',(9.014767333740E0,6.614146709116E1,-2.830362828303E1));
#6352=CARTESIAN_POINT('',(8.518177574143E0,6.619487467914E1,-2.803573176022E1));
#6353=CARTESIAN_POINT('',(8.097954376609E0,6.622942299580E1,-2.796166107373E1));
#6354=CARTESIAN_POINT('',(7.866628540487E0,6.624474681876E1,-2.796712561830E1));
#6355=CARTESIAN_POINT('',(7.822356532804E0,6.624749325408E1,-2.796989792616E1));
#6356=CARTESIAN_POINT('',(9.967390988620E0,6.512146590327E1,-2.988087323083E1));
#6357=CARTESIAN_POINT('',(9.971353403220E0,6.512093177669E1,-2.982961546289E1));
#6358=CARTESIAN_POINT('',(9.981442358982E0,6.511963638236E1,-2.956551422584E1));
#6359=CARTESIAN_POINT('',(9.905225907173E0,6.512929357117E1,-2.908238822476E1));
#6360=CARTESIAN_POINT('',(9.607718622515E0,6.516509650280E1,-2.850068966741E1));
#6361=CARTESIAN_POINT('',(9.142117586573E0,6.521553248915E1,-2.803864517448E1));
#6362=CARTESIAN_POINT('',(8.559240682451E0,6.526879762181E1,-2.774623512798E1));
#6363=CARTESIAN_POINT('',(8.078926525100E0,6.530287680390E1,-2.767387371182E1));
#6364=CARTESIAN_POINT('',(7.816709539943E0,6.531802880062E1,-2.768520163692E1));
#6365=CARTESIAN_POINT('',(7.766584269E0,6.532081102219E1,-2.768928388407E1));
#6366=(BOUNDED_SURFACE()B_SPLINE_SURFACE(3,3,((#6326,#6327,#6328,#6329,#6330,
#6331,#6332,#6333,#6334,#6335),(#6336,#6337,#6338,#6339,#6340,#6341,#6342,#6343,
#6344,#6345),(#6346,#6347,#6348,#6349,#6350,#6351,#6352,#6353,#6354,#6355),(
#6356,#6357,#6358,#6359,#6360,#6361,#6362,#6363,#6364,#6365)),.UNSPECIFIED.,.F.,
.F.,.F.)B_SPLINE_SURFACE_WITH_KNOTS((4,4),(4,1,1,1,1,1,1,4),(0.E0,1.E0),(
-4.753113758719E-2,0.E0,1.962407012484E-1,3.956448521608E-1,5.962272120176E-1,
7.992242169273E-1,1.E0,1.047718544142E0),.UNSPECIFIED.)GEOMETRIC_REPRESENTATION_ITEM()RATIONAL_B_SPLINE_SURFACE(((1.398067610902E0,1.398067610902E0,
1.398067610902E0,1.398067610902E0,1.398067610902E0,1.398067610902E0,
1.398067610902E0,1.398067610902E0,1.398067610902E0,1.398067610902E0),(
8.673107963659E-1,8.673107963659E-1,8.673107963659E-1,8.673107963659E-1,
8.673107963659E-1,8.673107963659E-1,8.673107963659E-1,8.673107963659E-1,
8.673107963659E-1,8.673107963659E-1),(8.673107963659E-1,8.673107963659E-1,
8.673107963659E-1,8.673107963659E-1,8.673107963659E-1,8.673107963659E-1,
8.673107963659E-1,8.673107963659E-1,8.673107963659E-1,8.673107963659E-1),(
1.398067610902E0,1.398067610902E0,1.398067610902E0,1.398067610902E0,
1.398067610902E0,1.398067610902E0,1.398067610902E0,1.398067610902E0,
1.398067610902E0,1.398067610902E0)))REPRESENTATION_ITEM('')SURFACE());
#6367=ORIENTED_EDGE('',*,*,#6246,.T.);
#6369=ORIENTED_EDGE('',*,*,#6368,.F.);
#6370=ORIENTED_EDGE('',*,*,#6318,.F.);
#6371=ORIENTED_EDGE('',*,*,#6294,.F.);
#6372=EDGE_LOOP('',(#6367,#6369,#6370,#6371));
#6373=FACE_OUTER_BOUND('',#6372,.F.);
#6375=CARTESIAN_POINT('',(5.215E0,-6.339896930132E-1,-2.672656289793E1));
#6376=DIRECTION('',(0.E0,0.E0,-1.E0));
#6377=DIRECTION('',(1.087730577645E-3,-9.999994084209E-1,0.E0));
#6378=AXIS2_PLACEMENT_3D('',#6375,#6376,#6377);
#6379=TOROIDAL_SURFACE('',#6378,6.629421517477E1,1.E0);
#6381=ORIENTED_EDGE('',*,*,#6380,.F.);
#6382=ORIENTED_EDGE('',*,*,#6368,.T.);
#6383=ORIENTED_EDGE('',*,*,#6244,.T.);
#6385=ORIENTED_EDGE('',*,*,#6384,.T.);
#6386=EDGE_LOOP('',(#6381,#6382,#6383,#6385));
#6387=FACE_OUTER_BOUND('',#6386,.F.);
#6389=CARTESIAN_POINT('',(9.929484816399E0,1.305748867575E1,-2.772656289793E1));
#6390=DIRECTION('',(0.E0,0.E0,1.E0));
#6391=DIRECTION('',(-1.E0,0.E0,0.E0));
#6392=AXIS2_PLACEMENT_3D('',#6389,#6390,#6391);
#6393=PLANE('',#6392);
#6395=ORIENTED_EDGE('',*,*,#6394,.F.);
#6396=ORIENTED_EDGE('',*,*,#6120,.F.);
#6397=ORIENTED_EDGE('',*,*,#6320,.T.);
#6398=ORIENTED_EDGE('',*,*,#6380,.T.);
#6399=EDGE_LOOP('',(#6395,#6396,#6397,#6398));
#6400=FACE_OUTER_BOUND('',#6399,.F.);
#6402=CARTESIAN_POINT('',(2.500515183601E0,-1.617664272997E2,
-2.972656289793E1));
#6403=DIRECTION('',(0.E0,1.E0,0.E0));
#6404=DIRECTION('',(-1.E0,0.E0,0.E0));
#6405=AXIS2_PLACEMENT_3D('',#6402,#6403,#6404);
#6406=CYLINDRICAL_SURFACE('',#6405,2.E0);
#6407=ORIENTED_EDGE('',*,*,#6394,.T.);
#6409=ORIENTED_EDGE('',*,*,#6408,.T.);
#6411=ORIENTED_EDGE('',*,*,#6410,.F.);
#6412=ORIENTED_EDGE('',*,*,#6122,.T.);
#6413=EDGE_LOOP('',(#6407,#6409,#6411,#6412));
#6414=FACE_OUTER_BOUND('',#6413,.F.);
#6416=CARTESIAN_POINT('',(2.717329411486E0,6.654002523030E1,-2.635936214958E1));
#6417=CARTESIAN_POINT('',(2.632612065996E0,6.653728659291E1,-2.635377249625E1));
#6418=CARTESIAN_POINT('',(2.188853053503E0,6.652184207511E1,-2.634179247041E1));
#6419=CARTESIAN_POINT('',(1.383547219763E0,6.648703558471E1,-2.648097745588E1));
#6420=CARTESIAN_POINT('',(4.292397775332E-1,6.643350273503E1,
-2.699146458271E1));
#6421=CARTESIAN_POINT('',(-3.107729674328E-1,6.638374795789E1,
-2.776330223646E1));
#6422=CARTESIAN_POINT('',(-7.703320604027E-1,6.634906638330E1,
-2.870437404813E1));
#6423=CARTESIAN_POINT('',(-8.859572331873E-1,6.633990746406E1,
-2.947180202683E1));
#6424=CARTESIAN_POINT('',(-8.706209440025E-1,6.634107437252E1,
-2.989021732575E1));
#6425=CARTESIAN_POINT('',(-8.645622543939E-1,6.634147513474E1,
-2.997166086758E1));
#6426=CARTESIAN_POINT('',(2.636736088221E0,6.690260687707E1,-2.725531103350E1));
#6427=CARTESIAN_POINT('',(2.573836341620E0,6.689988304182E1,-2.725172343080E1));
#6428=CARTESIAN_POINT('',(2.244544444805E0,6.688437198306E1,-2.724590118813E1));
#6429=CARTESIAN_POINT('',(1.649349723222E0,6.684938052220E1,-2.735610640776E1));
#6430=CARTESIAN_POINT('',(9.531451403598E-1,6.679579336599E1,
-2.774158926687E1));
#6431=CARTESIAN_POINT('',(4.223729307158E-1,6.674623058952E1,
-2.831111965745E1));
#6432=CARTESIAN_POINT('',(9.806726774463E-2,6.671184063818E1,
-2.899321745956E1));
#6433=CARTESIAN_POINT('',(1.724962267408E-2,6.670280663086E1,
-2.954380312560E1));
#6434=CARTESIAN_POINT('',(2.798239415562E-2,6.670393865348E1,
-2.984396655448E1));
#6435=CARTESIAN_POINT('',(3.223228832124E-2,6.670430084247E1,
-2.990240989587E1));
#6436=CARTESIAN_POINT('',(2.607959270694E0,6.624751058344E1,-2.796992046478E1));
#6437=CARTESIAN_POINT('',(2.563583750171E0,6.624476000433E1,-2.796713173443E1));
#6438=CARTESIAN_POINT('',(2.331185306829E0,6.622936916881E1,-2.796161665337E1));
#6439=CARTESIAN_POINT('',(1.910032942357E0,6.619471190430E1,-2.803622111239E1));
#6440=CARTESIAN_POINT('',(1.413212195538E0,6.614122286669E1,-2.830521680569E1));
#6441=CARTESIAN_POINT('',(1.030205474212E0,6.609131319201E1,-2.870863659462E1));
#6442=CARTESIAN_POINT('',(7.936666721200E-1,6.605639634883E1,
-2.919746561663E1));
#6443=CARTESIAN_POINT('',(7.343458659604E-1,6.604713665625E1,
-2.959469867627E1));
#6444=CARTESIAN_POINT('',(7.422173438275E-1,6.604833170904E1,
-2.981127082635E1));
#6445=CARTESIAN_POINT('',(7.453294536959E-1,6.604876359041E1,
-2.985343034606E1));
#6446=CARTESIAN_POINT('',(2.663773115391E0,6.532083095906E1,-2.768931582702E1));
#6447=CARTESIAN_POINT('',(2.613531053201E0,6.531804254891E1,-2.768521294837E1));
#6448=CARTESIAN_POINT('',(2.350099642226E0,6.530282177758E1,-2.767380457844E1));
#6449=CARTESIAN_POINT('',(1.868702593812E0,6.526863725724E1,-2.774673328403E1));
#6450=CARTESIAN_POINT('',(1.285466752878E0,6.521528701526E1,-2.804042711405E1));
#6451=CARTESIAN_POINT('',(8.204591309664E-1,6.516488662875E1,
-2.850311770668E1));
#6452=CARTESIAN_POINT('',(5.242422138393E-1,6.512922446013E1,
-2.908449859689E1));
#6453=CARTESIAN_POINT('',(4.486246294117E-1,6.511964551992E1,
-2.956652331349E1));
#6454=CARTESIAN_POINT('',(4.586357888149E-1,6.512092973329E1,
-2.982936757769E1));
#6455=CARTESIAN_POINT('',(4.625769575177E-1,6.512146019942E1,
-2.988050543424E1));
#6456=(BOUNDED_SURFACE()B_SPLINE_SURFACE(3,3,((#6416,#6417,#6418,#6419,#6420,
#6421,#6422,#6423,#6424,#6425),(#6426,#6427,#6428,#6429,#6430,#6431,#6432,#6433,
#6434,#6435),(#6436,#6437,#6438,#6439,#6440,#6441,#6442,#6443,#6444,#6445),(
#6446,#6447,#6448,#6449,#6450,#6451,#6452,#6453,#6454,#6455)),.UNSPECIFIED.,.F.,
.F.,.F.)B_SPLINE_SURFACE_WITH_KNOTS((4,4),(4,1,1,1,1,1,1,4),(0.E0,1.E0),(
-4.783346475956E-2,0.E0,2.018200465056E-1,4.046258934021E-1,6.052020073481E-1,
8.048148683148E-1,1.E0,1.047415256981E0),.UNSPECIFIED.)GEOMETRIC_REPRESENTATION_ITEM()RATIONAL_B_SPLINE_SURFACE(((1.398067740216E0,1.398067740216E0,
1.398067740216E0,1.398067740216E0,1.398067740216E0,1.398067740216E0,
1.398067740216E0,1.398067740216E0,1.398067740216E0,1.398067740216E0),(
8.673107532614E-1,8.673107532614E-1,8.673107532614E-1,8.673107532614E-1,
8.673107532614E-1,8.673107532614E-1,8.673107532614E-1,8.673107532614E-1,
8.673107532614E-1,8.673107532614E-1),(8.673107532614E-1,8.673107532614E-1,
8.673107532614E-1,8.673107532614E-1,8.673107532614E-1,8.673107532614E-1,
8.673107532614E-1,8.673107532614E-1,8.673107532614E-1,8.673107532614E-1),(
1.398067740216E0,1.398067740216E0,1.398067740216E0,1.398067740216E0,
1.398067740216E0,1.398067740216E0,1.398067740216E0,1.398067740216E0,
1.398067740216E0,1.398067740216E0)))REPRESENTATION_ITEM('')SURFACE());
#6457=ORIENTED_EDGE('',*,*,#6242,.T.);
#6459=ORIENTED_EDGE('',*,*,#6458,.F.);
#6460=ORIENTED_EDGE('',*,*,#6408,.F.);
#6461=ORIENTED_EDGE('',*,*,#6384,.F.);
#6462=EDGE_LOOP('',(#6457,#6459,#6460,#6461));
#6463=FACE_OUTER_BOUND('',#6462,.F.);
#6465=CARTESIAN_POINT('',(-4.994848163988E-1,6.541347527667E1,
2.546975759739E2));
#6466=DIRECTION('',(0.E0,0.E0,-1.E0));
#6467=DIRECTION('',(-8.619884557548E-2,9.962779526926E-1,0.E0));
#6468=AXIS2_PLACEMENT_3D('',#6465,#6466,#6467);
#6469=CYLINDRICAL_SURFACE('',#6468,1.E0);
#6470=ORIENTED_EDGE('',*,*,#6240,.T.);
#6472=ORIENTED_EDGE('',*,*,#6471,.T.);
#6474=ORIENTED_EDGE('',*,*,#6473,.F.);
#6475=ORIENTED_EDGE('',*,*,#6458,.T.);
#6476=EDGE_LOOP('',(#6470,#6472,#6474,#6475));
#6477=FACE_OUTER_BOUND('',#6476,.F.);
#6479=CARTESIAN_POINT('',(-8.645127149749E-1,6.634147569659E1,
-5.997428893165E1));
#6480=CARTESIAN_POINT('',(-8.706043511445E-1,6.634107469756E1,
-6.005592354694E1));
#6481=CARTESIAN_POINT('',(-8.860599677009E-1,6.633990130887E1,
-6.047633935482E1));
#6482=CARTESIAN_POINT('',(-7.695233209767E-1,6.634913142974E1,
-6.124552538353E1));
#6483=CARTESIAN_POINT('',(-3.079119006198E-1,6.638395352292E1,
-6.218722337175E1));
#6484=CARTESIAN_POINT('',(4.331332879272E-1,6.643374643425E1,
-6.295809853611E1));
#6485=CARTESIAN_POINT('',(1.386972275972E0,6.648719898948E1,-6.346647613205E1));
#6486=CARTESIAN_POINT('',(2.190495467597E0,6.652189539257E1,-6.360465248471E1));
#6487=CARTESIAN_POINT('',(2.632206710101E0,6.653727345399E1,-6.359277546531E1));
#6488=CARTESIAN_POINT('',(2.716726543771E0,6.654000859306E1,-6.358721773727E1));
#6489=CARTESIAN_POINT('',(3.226703116609E-2,6.670429988153E1,
-6.004370534131E1));
#6490=CARTESIAN_POINT('',(2.799389363984E-2,6.670393847389E1,
-6.010228584320E1));
#6491=CARTESIAN_POINT('',(1.717754321919E-2,6.670280136901E1,
-6.040388422040E1));
#6492=CARTESIAN_POINT('',(9.863029803255E-2,6.671190448223E1,
-6.095573332354E1));
#6493=CARTESIAN_POINT('',(4.244074818462E-1,6.674643487946E1,
-6.163833440744E1));
#6494=CARTESIAN_POINT('',(9.559597532451E-1,6.679603654383E1,
-6.220720396600E1));
#6495=CARTESIAN_POINT('',(1.651874474774E0,6.684954483750E1,-6.259114394834E1));
#6496=CARTESIAN_POINT('',(2.245764015162E0,6.688442479870E1,-6.270057824820E1));
#6497=CARTESIAN_POINT('',(2.573535519355E0,6.689987009052E1,-6.269481866485E1));
#6498=CARTESIAN_POINT('',(2.636288377786E0,6.690259122752E1,-6.269125355314E1));
#6499=CARTESIAN_POINT('',(7.453546998218E-1,6.604876548556E1,
-6.009280192554E1));
#6500=CARTESIAN_POINT('',(7.422256334195E-1,6.604833254597E1,
-6.013506037135E1));
#6501=CARTESIAN_POINT('',(7.342928916072E-1,6.604712988515E1,
-6.035266796557E1));
#6502=CARTESIAN_POINT('',(7.940808411347E-1,6.605646247007E1,
-6.075081159156E1));
#6503=CARTESIAN_POINT('',(1.031681761070E0,6.609151989040E1,-6.123997815489E1));
#6504=CARTESIAN_POINT('',(1.415232666260E0,6.614146709116E1,-6.164290713760E1));
#6505=CARTESIAN_POINT('',(1.911822425857E0,6.619487467914E1,-6.191080366041E1));
#6506=CARTESIAN_POINT('',(2.332045623391E0,6.622942299580E1,-6.198487434690E1));
#6507=CARTESIAN_POINT('',(2.563371459513E0,6.624474681876E1,-6.197940980233E1));
#6508=CARTESIAN_POINT('',(2.607643467196E0,6.624749325408E1,-6.197663749447E1));
#6509=CARTESIAN_POINT('',(4.626090113801E-1,6.512146590327E1,
-6.006566218979E1));
#6510=CARTESIAN_POINT('',(4.586465967800E-1,6.512093177669E1,
-6.011691995773E1));
#6511=CARTESIAN_POINT('',(4.485576410181E-1,6.511963638236E1,
-6.038102119478E1));
#6512=CARTESIAN_POINT('',(5.247740928267E-1,6.512929357117E1,
-6.086414719587E1));
#6513=CARTESIAN_POINT('',(8.222813774855E-1,6.516509650280E1,
-6.144584575322E1));
#6514=CARTESIAN_POINT('',(1.287882413427E0,6.521553248915E1,-6.190789024615E1));
#6515=CARTESIAN_POINT('',(1.870759317549E0,6.526879762181E1,-6.220030029265E1));
#6516=CARTESIAN_POINT('',(2.351073474900E0,6.530287680390E1,-6.227266170881E1));
#6517=CARTESIAN_POINT('',(2.613290460057E0,6.531802880062E1,-6.226133378371E1));
#6518=CARTESIAN_POINT('',(2.663415731E0,6.532081102219E1,-6.225725153656E1));
#6519=(BOUNDED_SURFACE()B_SPLINE_SURFACE(3,3,((#6479,#6480,#6481,#6482,#6483,
#6484,#6485,#6486,#6487,#6488),(#6489,#6490,#6491,#6492,#6493,#6494,#6495,#6496,
#6497,#6498),(#6499,#6500,#6501,#6502,#6503,#6504,#6505,#6506,#6507,#6508),(
#6509,#6510,#6511,#6512,#6513,#6514,#6515,#6516,#6517,#6518)),.UNSPECIFIED.,.F.,
.F.,.F.)B_SPLINE_SURFACE_WITH_KNOTS((4,4),(4,1,1,1,1,1,1,4),(0.E0,1.E0),(
-4.753113758719E-2,0.E0,1.962407012485E-1,3.956448521609E-1,5.962272120176E-1,
7.992242169273E-1,1.E0,1.047718544142E0),.UNSPECIFIED.)GEOMETRIC_REPRESENTATION_ITEM()RATIONAL_B_SPLINE_SURFACE(((1.398067610902E0,1.398067610902E0,
1.398067610902E0,1.398067610902E0,1.398067610902E0,1.398067610902E0,
1.398067610902E0,1.398067610902E0,1.398067610902E0,1.398067610902E0),(
8.673107963659E-1,8.673107963659E-1,8.673107963659E-1,8.673107963659E-1,
8.673107963659E-1,8.673107963659E-1,8.673107963659E-1,8.673107963659E-1,
8.673107963659E-1,8.673107963659E-1),(8.673107963659E-1,8.673107963659E-1,
8.673107963659E-1,8.673107963659E-1,8.673107963659E-1,8.673107963659E-1,
8.673107963659E-1,8.673107963659E-1,8.673107963659E-1,8.673107963659E-1),(
1.398067610902E0,1.398067610902E0,1.398067610902E0,1.398067610902E0,
1.398067610902E0,1.398067610902E0,1.398067610902E0,1.398067610902E0,
1.398067610902E0,1.398067610902E0)))REPRESENTATION_ITEM('')SURFACE());
#6520=ORIENTED_EDGE('',*,*,#6238,.T.);
#6522=ORIENTED_EDGE('',*,*,#6521,.F.);
#6524=ORIENTED_EDGE('',*,*,#6523,.F.);
#6525=ORIENTED_EDGE('',*,*,#6471,.F.);
#6526=EDGE_LOOP('',(#6520,#6522,#6524,#6525));
#6527=FACE_OUTER_BOUND('',#6526,.F.);
#6529=CARTESIAN_POINT('',(5.215E0,-6.339896930132E-1,-6.321997252270E1));
#6530=DIRECTION('',(0.E0,0.E0,-1.E0));
#6531=DIRECTION('',(-9.333331978278E-4,-9.999995644445E-1,0.E0));
#6532=AXIS2_PLACEMENT_3D('',#6529,#6530,#6531);
#6533=TOROIDAL_SURFACE('',#6532,6.629421517477E1,1.E0);
#6534=ORIENTED_EDGE('',*,*,#6141,.F.);
#6535=ORIENTED_EDGE('',*,*,#6521,.T.);
#6536=ORIENTED_EDGE('',*,*,#6236,.T.);
#6537=ORIENTED_EDGE('',*,*,#6206,.T.);
#6538=EDGE_LOOP('',(#6534,#6535,#6536,#6537));
#6539=FACE_OUTER_BOUND('',#6538,.F.);
#6541=CARTESIAN_POINT('',(2.500515183601E0,-1.617664272997E2,
-6.021997252270E1));
#6542=DIRECTION('',(0.E0,1.E0,0.E0));
#6543=DIRECTION('',(0.E0,0.E0,-1.E0));
#6544=AXIS2_PLACEMENT_3D('',#6541,#6542,#6543);
#6545=CYLINDRICAL_SURFACE('',#6544,2.E0);
#6547=ORIENTED_EDGE('',*,*,#6546,.T.);
#6548=ORIENTED_EDGE('',*,*,#6523,.T.);
#6549=ORIENTED_EDGE('',*,*,#6139,.F.);
#6550=ORIENTED_EDGE('',*,*,#6126,.T.);
#6551=EDGE_LOOP('',(#6547,#6548,#6549,#6550));
#6552=FACE_OUTER_BOUND('',#6551,.F.);
#6554=CARTESIAN_POINT('',(5.005151836012E-1,1.305748867575E1,
-2.772656289793E1));
#6555=DIRECTION('',(-1.E0,0.E0,0.E0));
#6556=DIRECTION('',(0.E0,0.E0,-1.E0));
#6557=AXIS2_PLACEMENT_3D('',#6554,#6555,#6556);
#6558=PLANE('',#6557);
#6559=ORIENTED_EDGE('',*,*,#6546,.F.);
#6560=ORIENTED_EDGE('',*,*,#6124,.T.);
#6561=ORIENTED_EDGE('',*,*,#6410,.T.);
#6562=ORIENTED_EDGE('',*,*,#6473,.T.);
#6563=EDGE_LOOP('',(#6559,#6560,#6561,#6562));
#6564=FACE_OUTER_BOUND('',#6563,.F.);
#6566=CARTESIAN_POINT('',(1.428045213482E0,3.444394332912E1,0.E0));
#6567=DIRECTION('',(0.E0,0.E0,-1.E0));
#6568=DIRECTION('',(-1.E0,0.E0,0.E0));
#6569=AXIS2_PLACEMENT_3D('',#6566,#6567,#6568);
#6570=CYLINDRICAL_SURFACE('',#6569,2.448907560718E1);
#6572=ORIENTED_EDGE('',*,*,#6571,.F.);
#6574=ORIENTED_EDGE('',*,*,#6573,.T.);
#6575=ORIENTED_EDGE('',*,*,#4718,.F.);
#6576=ORIENTED_EDGE('',*,*,#6092,.T.);
#6577=EDGE_LOOP('',(#6572,#6574,#6575,#6576));
#6578=FACE_OUTER_BOUND('',#6577,.F.);
#6580=CARTESIAN_POINT('',(0.E0,0.E0,-9.E1));
#6581=DIRECTION('',(0.E0,0.E0,1.E0));
#6582=DIRECTION('',(0.E0,1.E0,0.E0));
#6583=AXIS2_PLACEMENT_3D('',#6580,#6581,#6582);
#6584=PLANE('',#6583);
#6585=ORIENTED_EDGE('',*,*,#6571,.T.);
#6586=ORIENTED_EDGE('',*,*,#5413,.T.);
#6588=ORIENTED_EDGE('',*,*,#6587,.T.);
#6589=EDGE_LOOP('',(#6585,#6586,#6588));
#6590=FACE_OUTER_BOUND('',#6589,.F.);
#6592=CARTESIAN_POINT('',(-1.029E1,5.764134549596E1,-3.490048E2));
#6593=DIRECTION('',(0.E0,0.E0,1.E0));
#6594=DIRECTION('',(-1.E0,0.E0,0.E0));
#6595=AXIS2_PLACEMENT_3D('',#6592,#6593,#6594);
#6596=CYLINDRICAL_SURFACE('',#6595,1.5E0);
#6597=ORIENTED_EDGE('',*,*,#6587,.F.);
#6598=ORIENTED_EDGE('',*,*,#4841,.T.);
#6599=ORIENTED_EDGE('',*,*,#4780,.T.);
#6600=ORIENTED_EDGE('',*,*,#4636,.T.);
#6601=ORIENTED_EDGE('',*,*,#4720,.T.);
#6602=ORIENTED_EDGE('',*,*,#6573,.F.);
#6603=EDGE_LOOP('',(#6597,#6598,#6599,#6600,#6601,#6602));
#6604=FACE_OUTER_BOUND('',#6603,.F.);
#6606=CARTESIAN_POINT('',(2.16E0,3.241086041653E1,1.E0));
#6607=DIRECTION('',(0.E0,0.E0,1.E0));
#6608=DIRECTION('',(-5.204415810316E-2,9.986447844991E-1,0.E0));
#6609=AXIS2_PLACEMENT_3D('',#6606,#6607,#6608);
#6610=TOROIDAL_SURFACE('',#6609,2.759999999826E1,1.E0);
#6611=ORIENTED_EDGE('',*,*,#6095,.F.);
#6612=ORIENTED_EDGE('',*,*,#4722,.T.);
#6613=ORIENTED_EDGE('',*,*,#4634,.F.);
#6615=ORIENTED_EDGE('',*,*,#6614,.F.);
#6617=ORIENTED_EDGE('',*,*,#6616,.F.);
#6618=EDGE_LOOP('',(#6611,#6612,#6613,#6615,#6617));
#6619=FACE_OUTER_BOUND('',#6618,.F.);
#6621=CARTESIAN_POINT('',(1.663157664542E2,2.633219980152E2,1.E0));
#6622=DIRECTION('',(-6.557422633019E-1,-7.549848237678E-1,0.E0));
#6623=DIRECTION('',(0.E0,0.E0,-1.E0));
#6624=AXIS2_PLACEMENT_3D('',#6621,#6622,#6623);
#6625=CYLINDRICAL_SURFACE('',#6624,1.E0);
#6626=ORIENTED_EDGE('',*,*,#4656,.T.);
#6628=ORIENTED_EDGE('',*,*,#6627,.T.);
#6630=ORIENTED_EDGE('',*,*,#6629,.F.);
#6631=ORIENTED_EDGE('',*,*,#6614,.T.);
#6632=EDGE_LOOP('',(#6626,#6628,#6630,#6631));
#6633=FACE_OUTER_BOUND('',#6632,.F.);
#6635=CARTESIAN_POINT('',(-6.457969754077E0,-7.672475274867E0,1.E0));
#6636=DIRECTION('',(0.E0,0.E0,1.E0));
#6637=DIRECTION('',(-7.510653915052E-1,6.602278225606E-1,0.E0));
#6638=AXIS2_PLACEMENT_3D('',#6635,#6636,#6637);
#6639=TOROIDAL_SURFACE('',#6638,4.726098047361E1,1.E0);
#6640=ORIENTED_EDGE('',*,*,#4654,.T.);
#6642=ORIENTED_EDGE('',*,*,#6641,.F.);
#6644=ORIENTED_EDGE('',*,*,#6643,.F.);
#6645=ORIENTED_EDGE('',*,*,#6627,.F.);
#6646=EDGE_LOOP('',(#6640,#6642,#6644,#6645));
#6647=FACE_OUTER_BOUND('',#6646,.F.);
#6649=CARTESIAN_POINT('',(-5.307826608836E1,-7.158250782903E0,1.E0));
#6650=DIRECTION('',(0.E0,1.E0,0.E0));
#6651=DIRECTION('',(1.E0,0.E0,0.E0));
#6652=AXIS2_PLACEMENT_3D('',#6649,#6650,#6651);
#6653=CYLINDRICAL_SURFACE('',#6652,1.E0);
#6654=ORIENTED_EDGE('',*,*,#4652,.F.);
#6656=ORIENTED_EDGE('',*,*,#6655,.F.);
#6658=ORIENTED_EDGE('',*,*,#6657,.T.);
#6659=ORIENTED_EDGE('',*,*,#6641,.T.);
#6660=EDGE_LOOP('',(#6654,#6656,#6658,#6659));
#6661=FACE_OUTER_BOUND('',#6660,.F.);
#6663=CARTESIAN_POINT('',(-5.307826608836E1,-6.918903415372E0,1.E0));
#6664=DIRECTION('',(-1.507289637316E-14,-7.071067811831E-1,7.071067811900E-1));
#6665=DIRECTION('',(1.507289637318E-14,-7.071067811900E-1,-7.071067811831E-1));
#6666=AXIS2_PLACEMENT_3D('',#6663,#6664,#6665);
#6667=SPHERICAL_SURFACE('',#6666,1.E0);
#6669=ORIENTED_EDGE('',*,*,#6668,.F.);
#6671=ORIENTED_EDGE('',*,*,#6670,.F.);
#6672=ORIENTED_EDGE('',*,*,#6655,.T.);
#6673=EDGE_LOOP('',(#6669,#6671,#6672));
#6674=FACE_OUTER_BOUND('',#6673,.F.);
#6676=CARTESIAN_POINT('',(2.365825640651E2,-6.918903415372E0,1.E0));
#6677=DIRECTION('',(-1.E0,0.E0,0.E0));
#6678=DIRECTION('',(0.E0,0.E0,-1.E0));
#6679=AXIS2_PLACEMENT_3D('',#6676,#6677,#6678);
#6680=CYLINDRICAL_SURFACE('',#6679,1.E0);
#6681=ORIENTED_EDGE('',*,*,#6668,.T.);
#6682=ORIENTED_EDGE('',*,*,#4650,.T.);
#6684=ORIENTED_EDGE('',*,*,#6683,.T.);
#6686=ORIENTED_EDGE('',*,*,#6685,.F.);
#6687=EDGE_LOOP('',(#6681,#6682,#6684,#6686));
#6688=FACE_OUTER_BOUND('',#6687,.F.);
#6690=CARTESIAN_POINT('',(-6.025841223968E1,-6.918903415372E0,1.E0));
#6691=DIRECTION('',(7.071067811619E-1,-7.071067812112E-1,0.E0));
#6692=DIRECTION('',(-7.071067812112E-1,-7.071067811619E-1,0.E0));
#6693=AXIS2_PLACEMENT_3D('',#6690,#6691,#6692);
#6694=SPHERICAL_SURFACE('',#6693,1.E0);
#6696=ORIENTED_EDGE('',*,*,#6695,.F.);
#6697=ORIENTED_EDGE('',*,*,#6683,.F.);
#6699=ORIENTED_EDGE('',*,*,#6698,.T.);
#6700=EDGE_LOOP('',(#6696,#6697,#6699));
#6701=FACE_OUTER_BOUND('',#6700,.F.);
#6703=CARTESIAN_POINT('',(-6.025841223968E1,-6.918903415372E0,8.75368E1));
#6704=DIRECTION('',(0.E0,0.E0,-1.E0));
#6705=DIRECTION('',(0.E0,-1.E0,0.E0));
#6706=AXIS2_PLACEMENT_3D('',#6703,#6704,#6705);
#6707=CYLINDRICAL_SURFACE('',#6706,1.E0);
#6709=ORIENTED_EDGE('',*,*,#6708,.T.);
#6711=ORIENTED_EDGE('',*,*,#6710,.T.);
#6712=ORIENTED_EDGE('',*,*,#6695,.T.);
#6714=ORIENTED_EDGE('',*,*,#6713,.F.);
#6715=EDGE_LOOP('',(#6709,#6711,#6712,#6714));
#6716=FACE_OUTER_BOUND('',#6715,.F.);
#6718=CARTESIAN_POINT('',(-6.025841223968E1,-6.918903415372E0,3.7E1));
#6719=DIRECTION('',(-7.071067811831E-1,7.071067811900E-1,0.E0));
#6720=DIRECTION('',(-7.071067811900E-1,-7.071067811831E-1,0.E0));
#6721=AXIS2_PLACEMENT_3D('',#6718,#6719,#6720);
#6722=SPHERICAL_SURFACE('',#6721,1.E0);
#6723=ORIENTED_EDGE('',*,*,#6708,.F.);
#6725=ORIENTED_EDGE('',*,*,#6724,.F.);
#6727=ORIENTED_EDGE('',*,*,#6726,.T.);
#6728=EDGE_LOOP('',(#6723,#6725,#6727));
#6729=FACE_OUTER_BOUND('',#6728,.F.);
#6731=CARTESIAN_POINT('',(-6.025841223968E1,2.633219980152E2,3.7E1));
#6732=DIRECTION('',(0.E0,-1.E0,0.E0));
#6733=DIRECTION('',(0.E0,0.E0,1.E0));
#6734=AXIS2_PLACEMENT_3D('',#6731,#6732,#6733);
#6735=CYLINDRICAL_SURFACE('',#6734,1.E0);
#6737=ORIENTED_EDGE('',*,*,#6736,.F.);
#6739=ORIENTED_EDGE('',*,*,#6738,.T.);
#6740=ORIENTED_EDGE('',*,*,#6724,.T.);
#6742=ORIENTED_EDGE('',*,*,#6741,.F.);
#6743=EDGE_LOOP('',(#6737,#6739,#6740,#6742));
#6744=FACE_OUTER_BOUND('',#6743,.F.);
#6746=CARTESIAN_POINT('',(-6.025841223968E1,-1.104917515070E-1,3.7E1));
#6747=DIRECTION('',(7.071072914325E-1,-2.753485489849E-6,7.071062709349E-1));
#6748=DIRECTION('',(-7.071062709296E-1,2.753554046927E-6,7.071072914378E-1));
#6749=AXIS2_PLACEMENT_3D('',#6746,#6747,#6748);
#6750=SPHERICAL_SURFACE('',#6749,1.E0);
#6751=ORIENTED_EDGE('',*,*,#6736,.T.);
#6753=ORIENTED_EDGE('',*,*,#6752,.T.);
#6755=ORIENTED_EDGE('',*,*,#6754,.F.);
#6756=EDGE_LOOP('',(#6751,#6753,#6755));
#6757=FACE_OUTER_BOUND('',#6756,.F.);
#6759=CARTESIAN_POINT('',(-6.025841223968E1,-1.104917515070E-1,
3.728011933877E1));
#6760=DIRECTION('',(0.E0,0.E0,-1.E0));
#6761=DIRECTION('',(-1.E0,0.E0,0.E0));
#6762=AXIS2_PLACEMENT_3D('',#6759,#6760,#6761);
#6763=CYLINDRICAL_SURFACE('',#6762,1.E0);
#6765=ORIENTED_EDGE('',*,*,#6764,.T.);
#6767=ORIENTED_EDGE('',*,*,#6766,.F.);
#6769=ORIENTED_EDGE('',*,*,#6768,.F.);
#6770=ORIENTED_EDGE('',*,*,#6752,.F.);
#6771=EDGE_LOOP('',(#6765,#6767,#6769,#6770));
#6772=FACE_OUTER_BOUND('',#6771,.F.);
#6774=CARTESIAN_POINT('',(-6.125841223968E1,0.E0,0.E0));
#6775=DIRECTION('',(-1.E0,0.E0,0.E0));
#6776=DIRECTION('',(0.E0,-1.E0,0.E0));
#6777=AXIS2_PLACEMENT_3D('',#6774,#6775,#6776);
#6778=PLANE('',#6777);
#6780=ORIENTED_EDGE('',*,*,#6779,.F.);
#6782=ORIENTED_EDGE('',*,*,#6781,.F.);
#6783=ORIENTED_EDGE('',*,*,#6764,.F.);
#6784=ORIENTED_EDGE('',*,*,#6741,.T.);
#6785=ORIENTED_EDGE('',*,*,#6713,.T.);
#6787=ORIENTED_EDGE('',*,*,#6786,.T.);
#6789=ORIENTED_EDGE('',*,*,#6788,.F.);
#6791=ORIENTED_EDGE('',*,*,#6790,.F.);
#6792=EDGE_LOOP('',(#6780,#6782,#6783,#6784,#6785,#6787,#6789,#6791));
#6793=FACE_OUTER_BOUND('',#6792,.F.);
#6795=CARTESIAN_POINT('',(-5.975841223968E1,-1.75E0,2.048608E2));
#6796=DIRECTION('',(0.E0,0.E0,-1.E0));
#6797=DIRECTION('',(-1.E0,0.E0,0.E0));
#6798=AXIS2_PLACEMENT_3D('',#6795,#6796,#6797);
#6799=CYLINDRICAL_SURFACE('',#6798,1.5E0);
#6801=ORIENTED_EDGE('',*,*,#6800,.F.);
#6803=ORIENTED_EDGE('',*,*,#6802,.T.);
#6804=ORIENTED_EDGE('',*,*,#6779,.T.);
#6806=ORIENTED_EDGE('',*,*,#6805,.T.);
#6807=EDGE_LOOP('',(#6801,#6803,#6804,#6806));
#6808=FACE_OUTER_BOUND('',#6807,.F.);
#6810=CARTESIAN_POINT('',(-9.5E1,-2.5E-1,3.104E1));
#6811=DIRECTION('',(0.E0,-1.E0,0.E0));
#6812=DIRECTION('',(0.E0,0.E0,-1.E0));
#6813=AXIS2_PLACEMENT_3D('',#6810,#6811,#6812);
#6814=PLANE('',#6813);
#6815=ORIENTED_EDGE('',*,*,#6800,.T.);
#6817=ORIENTED_EDGE('',*,*,#6816,.T.);
#6819=ORIENTED_EDGE('',*,*,#6818,.F.);
#6821=ORIENTED_EDGE('',*,*,#6820,.F.);
#6822=EDGE_LOOP('',(#6815,#6817,#6819,#6821));
#6823=FACE_OUTER_BOUND('',#6822,.F.);
#6825=CARTESIAN_POINT('',(-9.5E1,-2.5E-1,3.104E1));
#6826=DIRECTION('',(0.E0,-1.E0,0.E0));
#6827=DIRECTION('',(0.E0,0.E0,-1.E0));
#6828=AXIS2_PLACEMENT_3D('',#6825,#6826,#6827);
#6829=PLANE('',#6828);
#6831=ORIENTED_EDGE('',*,*,#6830,.T.);
#6833=ORIENTED_EDGE('',*,*,#6832,.F.);
#6835=ORIENTED_EDGE('',*,*,#6834,.F.);
#6837=ORIENTED_EDGE('',*,*,#6836,.T.);
#6838=EDGE_LOOP('',(#6831,#6833,#6835,#6837));
#6839=FACE_OUTER_BOUND('',#6838,.F.);
#6841=CARTESIAN_POINT('',(-9.5E1,-2.5E-1,6.04E0));
#6842=DIRECTION('',(0.E0,0.E0,-1.E0));
#6843=DIRECTION('',(0.E0,1.E0,0.E0));
#6844=AXIS2_PLACEMENT_3D('',#6841,#6842,#6843);
#6845=PLANE('',#6844);
#6847=ORIENTED_EDGE('',*,*,#6846,.T.);
#6849=ORIENTED_EDGE('',*,*,#6848,.F.);
#6850=ORIENTED_EDGE('',*,*,#6816,.F.);
#6851=ORIENTED_EDGE('',*,*,#6805,.F.);
#6852=ORIENTED_EDGE('',*,*,#6790,.T.);
#6854=ORIENTED_EDGE('',*,*,#6853,.T.);
#6856=ORIENTED_EDGE('',*,*,#6855,.F.);
#6858=ORIENTED_EDGE('',*,*,#6857,.T.);
#6860=ORIENTED_EDGE('',*,*,#6859,.T.);
#6862=ORIENTED_EDGE('',*,*,#6861,.T.);
#6864=ORIENTED_EDGE('',*,*,#6863,.F.);
#6866=ORIENTED_EDGE('',*,*,#6865,.T.);
#6867=EDGE_LOOP('',(#6847,#6849,#6850,#6851,#6852,#6854,#6856,#6858,#6860,#6862,
#6864,#6866));
#6868=FACE_OUTER_BOUND('',#6867,.F.);
#6870=CARTESIAN_POINT('',(-9.5E1,-2.5E-1,6.04E0));
#6871=DIRECTION('',(0.E0,0.E0,-1.E0));
#6872=DIRECTION('',(0.E0,1.E0,0.E0));
#6873=AXIS2_PLACEMENT_3D('',#6870,#6871,#6872);
#6874=PLANE('',#6873);
#6876=ORIENTED_EDGE('',*,*,#6875,.T.);
#6878=ORIENTED_EDGE('',*,*,#6877,.F.);
#6879=ORIENTED_EDGE('',*,*,#6836,.F.);
#6881=ORIENTED_EDGE('',*,*,#6880,.F.);
#6883=ORIENTED_EDGE('',*,*,#6882,.T.);
#6885=ORIENTED_EDGE('',*,*,#6884,.F.);
#6887=ORIENTED_EDGE('',*,*,#6886,.F.);
#6889=ORIENTED_EDGE('',*,*,#6888,.T.);
#6891=ORIENTED_EDGE('',*,*,#6890,.T.);
#6892=EDGE_LOOP('',(#6876,#6878,#6879,#6881,#6883,#6885,#6887,#6889,#6891));
#6893=FACE_OUTER_BOUND('',#6892,.F.);
#6895=CARTESIAN_POINT('',(-5.403461166115E1,-8.144429284453E0,3.104E1));
#6896=DIRECTION('',(-1.E0,0.E0,0.E0));
#6897=DIRECTION('',(0.E0,1.E0,0.E0));
#6898=AXIS2_PLACEMENT_3D('',#6895,#6896,#6897);
#6899=PLANE('',#6898);
#6901=ORIENTED_EDGE('',*,*,#6900,.T.);
#6902=ORIENTED_EDGE('',*,*,#6846,.F.);
#6904=ORIENTED_EDGE('',*,*,#6903,.F.);
#6906=ORIENTED_EDGE('',*,*,#6905,.T.);
#6907=EDGE_LOOP('',(#6901,#6902,#6904,#6906));
#6908=FACE_OUTER_BOUND('',#6907,.F.);
#6910=CARTESIAN_POINT('',(-5.553461166115E1,-1.75E0,2.048608E2));
#6911=DIRECTION('',(0.E0,0.E0,-1.E0));
#6912=DIRECTION('',(0.E0,1.E0,0.E0));
#6913=AXIS2_PLACEMENT_3D('',#6910,#6911,#6912);
#6914=CYLINDRICAL_SURFACE('',#6913,1.5E0);
#6915=ORIENTED_EDGE('',*,*,#6900,.F.);
#6917=ORIENTED_EDGE('',*,*,#6916,.T.);
#6918=ORIENTED_EDGE('',*,*,#6818,.T.);
#6919=ORIENTED_EDGE('',*,*,#6848,.T.);
#6920=EDGE_LOOP('',(#6915,#6917,#6918,#6919));
#6921=FACE_OUTER_BOUND('',#6920,.F.);
#6923=CARTESIAN_POINT('',(-9.5E1,3.43E0,3.104E1));
#6924=DIRECTION('',(0.E0,0.E0,1.E0));
#6925=DIRECTION('',(0.E0,-1.E0,0.E0));
#6926=AXIS2_PLACEMENT_3D('',#6923,#6924,#6925);
#6927=PLANE('',#6926);
#6928=ORIENTED_EDGE('',*,*,#6820,.T.);
#6929=ORIENTED_EDGE('',*,*,#6916,.F.);
#6930=ORIENTED_EDGE('',*,*,#6905,.F.);
#6932=ORIENTED_EDGE('',*,*,#6931,.F.);
#6934=ORIENTED_EDGE('',*,*,#6933,.F.);
#6936=ORIENTED_EDGE('',*,*,#6935,.T.);
#6938=ORIENTED_EDGE('',*,*,#6937,.F.);
#6940=ORIENTED_EDGE('',*,*,#6939,.F.);
#6942=ORIENTED_EDGE('',*,*,#6941,.T.);
#6943=ORIENTED_EDGE('',*,*,#6766,.T.);
#6944=ORIENTED_EDGE('',*,*,#6781,.T.);
#6945=ORIENTED_EDGE('',*,*,#6802,.F.);
#6946=EDGE_LOOP('',(#6928,#6929,#6930,#6932,#6934,#6936,#6938,#6940,#6942,#6943,
#6944,#6945));
#6947=FACE_OUTER_BOUND('',#6946,.F.);
#6949=CARTESIAN_POINT('',(-9.5E1,3.43E0,3.104E1));
#6950=DIRECTION('',(0.E0,0.E0,1.E0));
#6951=DIRECTION('',(0.E0,-1.E0,0.E0));
#6952=AXIS2_PLACEMENT_3D('',#6949,#6950,#6951);
#6953=PLANE('',#6952);
#6954=ORIENTED_EDGE('',*,*,#6832,.T.);
#6956=ORIENTED_EDGE('',*,*,#6955,.F.);
#6958=ORIENTED_EDGE('',*,*,#6957,.T.);
#6960=ORIENTED_EDGE('',*,*,#6959,.F.);
#6962=ORIENTED_EDGE('',*,*,#6961,.T.);
#6964=ORIENTED_EDGE('',*,*,#6963,.F.);
#6966=ORIENTED_EDGE('',*,*,#6965,.T.);
#6968=ORIENTED_EDGE('',*,*,#6967,.F.);
#6970=ORIENTED_EDGE('',*,*,#6969,.F.);
#6971=EDGE_LOOP('',(#6954,#6956,#6958,#6960,#6962,#6964,#6966,#6968,#6970));
#6972=FACE_OUTER_BOUND('',#6971,.F.);
#6974=CARTESIAN_POINT('',(-6.125841223968E1,-7.918903415372E0,0.E0));
#6975=DIRECTION('',(0.E0,-1.E0,0.E0));
#6976=DIRECTION('',(1.E0,0.E0,0.E0));
#6977=AXIS2_PLACEMENT_3D('',#6974,#6975,#6976);
#6978=PLANE('',#6977);
#6980=ORIENTED_EDGE('',*,*,#6979,.T.);
#6981=ORIENTED_EDGE('',*,*,#6931,.T.);
#6982=ORIENTED_EDGE('',*,*,#6903,.T.);
#6983=ORIENTED_EDGE('',*,*,#6865,.F.);
#6985=ORIENTED_EDGE('',*,*,#6984,.T.);
#6986=ORIENTED_EDGE('',*,*,#6685,.T.);
#6987=ORIENTED_EDGE('',*,*,#6710,.F.);
#6989=ORIENTED_EDGE('',*,*,#6988,.T.);
#6990=EDGE_LOOP('',(#6980,#6981,#6982,#6983,#6985,#6986,#6987,#6989));
#6991=FACE_OUTER_BOUND('',#6990,.F.);
#6993=CARTESIAN_POINT('',(-5.307826608836E1,-6.918903415372E0,
3.741317602469E1));
#6994=DIRECTION('',(0.E0,0.E0,-1.E0));
#6995=DIRECTION('',(1.E0,0.E0,0.E0));
#6996=AXIS2_PLACEMENT_3D('',#6993,#6994,#6995);
#6997=CYLINDRICAL_SURFACE('',#6996,1.E0);
#6998=ORIENTED_EDGE('',*,*,#6933,.T.);
#6999=ORIENTED_EDGE('',*,*,#6979,.F.);
#7001=ORIENTED_EDGE('',*,*,#7000,.F.);
#7003=ORIENTED_EDGE('',*,*,#7002,.T.);
#7004=EDGE_LOOP('',(#6998,#6999,#7001,#7003));
#7005=FACE_OUTER_BOUND('',#7004,.F.);
#7007=CARTESIAN_POINT('',(-5.307826608836E1,-6.918903415372E0,3.7E1));
#7008=DIRECTION('',(0.E0,7.071067811619E-1,7.071067812112E-1));
#7009=DIRECTION('',(0.E0,-7.071067812112E-1,7.071067811619E-1));
#7010=AXIS2_PLACEMENT_3D('',#7007,#7008,#7009);
#7011=SPHERICAL_SURFACE('',#7010,1.E0);
#7013=ORIENTED_EDGE('',*,*,#7012,.F.);
#7015=ORIENTED_EDGE('',*,*,#7014,.F.);
#7016=ORIENTED_EDGE('',*,*,#7000,.T.);
#7017=EDGE_LOOP('',(#7013,#7015,#7016));
#7018=FACE_OUTER_BOUND('',#7017,.F.);
#7020=CARTESIAN_POINT('',(-6.053367674942E1,-6.918903415372E0,3.7E1));
#7021=DIRECTION('',(1.E0,0.E0,0.E0));
#7022=DIRECTION('',(0.E0,0.E0,1.E0));
#7023=AXIS2_PLACEMENT_3D('',#7020,#7021,#7022);
#7024=CYLINDRICAL_SURFACE('',#7023,1.E0);
#7025=ORIENTED_EDGE('',*,*,#7012,.T.);
#7026=ORIENTED_EDGE('',*,*,#6988,.F.);
#7027=ORIENTED_EDGE('',*,*,#6726,.F.);
#7029=ORIENTED_EDGE('',*,*,#7028,.T.);
#7030=EDGE_LOOP('',(#7025,#7026,#7027,#7029));
#7031=FACE_OUTER_BOUND('',#7030,.F.);
#7033=CARTESIAN_POINT('',(0.E0,0.E0,3.8E1));
#7034=DIRECTION('',(0.E0,0.E0,1.E0));
#7035=DIRECTION('',(1.E0,0.E0,0.E0));
#7036=AXIS2_PLACEMENT_3D('',#7033,#7034,#7035);
#7037=PLANE('',#7036);
#7039=ORIENTED_EDGE('',*,*,#7038,.T.);
#7041=ORIENTED_EDGE('',*,*,#7040,.F.);
#7043=ORIENTED_EDGE('',*,*,#7042,.F.);
#7045=ORIENTED_EDGE('',*,*,#7044,.F.);
#7047=ORIENTED_EDGE('',*,*,#7046,.F.);
#7049=ORIENTED_EDGE('',*,*,#7048,.T.);
#7050=ORIENTED_EDGE('',*,*,#7028,.F.);
#7051=ORIENTED_EDGE('',*,*,#6738,.F.);
#7053=ORIENTED_EDGE('',*,*,#7052,.F.);
#7055=ORIENTED_EDGE('',*,*,#7054,.F.);
#7057=ORIENTED_EDGE('',*,*,#7056,.T.);
#7059=ORIENTED_EDGE('',*,*,#7058,.F.);
#7061=ORIENTED_EDGE('',*,*,#7060,.T.);
#7063=ORIENTED_EDGE('',*,*,#7062,.F.);
#7065=ORIENTED_EDGE('',*,*,#7064,.T.);
#7067=ORIENTED_EDGE('',*,*,#7066,.F.);
#7069=ORIENTED_EDGE('',*,*,#7068,.F.);
#7070=EDGE_LOOP('',(#7039,#7041,#7043,#7045,#7047,#7049,#7050,#7051,#7053,#7055,
#7057,#7059,#7061,#7063,#7065,#7067,#7069));
#7071=FACE_OUTER_BOUND('',#7070,.F.);
#7073=ORIENTED_EDGE('',*,*,#7072,.F.);
#7075=ORIENTED_EDGE('',*,*,#7074,.F.);
#7077=ORIENTED_EDGE('',*,*,#7076,.F.);
#7079=ORIENTED_EDGE('',*,*,#7078,.F.);
#7081=ORIENTED_EDGE('',*,*,#7080,.F.);
#7083=ORIENTED_EDGE('',*,*,#7082,.F.);
#7084=EDGE_LOOP('',(#7073,#7075,#7077,#7079,#7081,#7083));
#7085=FACE_BOUND('',#7084,.F.);
#7087=CARTESIAN_POINT('',(5.916476045361E1,-6.532914164365E0,3.7E1));
#7088=DIRECTION('',(0.E0,1.E0,0.E0));
#7089=DIRECTION('',(-1.E0,0.E0,0.E0));
#7090=AXIS2_PLACEMENT_3D('',#7087,#7088,#7089);
#7091=CYLINDRICAL_SURFACE('',#7090,1.E0);
#7092=ORIENTED_EDGE('',*,*,#7038,.F.);
#7094=ORIENTED_EDGE('',*,*,#7093,.F.);
#7096=ORIENTED_EDGE('',*,*,#7095,.T.);
#7098=ORIENTED_EDGE('',*,*,#7097,.T.);
#7099=EDGE_LOOP('',(#7092,#7094,#7096,#7098));
#7100=FACE_OUTER_BOUND('',#7099,.F.);
#7102=CARTESIAN_POINT('',(5.916476045361E1,-5.268240056004E0,3.7E1));
#7103=DIRECTION('',(0.E0,-7.071067811831E-1,-7.071067811900E-1));
#7104=DIRECTION('',(-2.009719163769E-14,-7.071067811900E-1,7.071067811831E-1));
#7105=AXIS2_PLACEMENT_3D('',#7102,#7103,#7104);
#7106=SPHERICAL_SURFACE('',#7105,1.E0);
#7108=ORIENTED_EDGE('',*,*,#7107,.F.);
#7110=ORIENTED_EDGE('',*,*,#7109,.F.);
#7111=ORIENTED_EDGE('',*,*,#7093,.T.);
#7112=EDGE_LOOP('',(#7108,#7110,#7111));
#7113=FACE_OUTER_BOUND('',#7112,.F.);
#7115=CARTESIAN_POINT('',(-2.102246903275E2,-5.268240056004E0,3.7E1));
#7116=DIRECTION('',(1.E0,0.E0,0.E0));
#7117=DIRECTION('',(0.E0,0.E0,1.E0));
#7118=AXIS2_PLACEMENT_3D('',#7115,#7116,#7117);
#7119=CYLINDRICAL_SURFACE('',#7118,1.E0);
#7120=ORIENTED_EDGE('',*,*,#7107,.T.);
#7121=ORIENTED_EDGE('',*,*,#7068,.T.);
#7123=ORIENTED_EDGE('',*,*,#7122,.T.);
#7125=ORIENTED_EDGE('',*,*,#7124,.F.);
#7126=EDGE_LOOP('',(#7120,#7121,#7123,#7125));
#7127=FACE_OUTER_BOUND('',#7126,.F.);
#7129=CARTESIAN_POINT('',(6.703529166064E1,-5.268240056004E0,3.7E1));
#7130=DIRECTION('',(-7.071067811900E-1,-7.071067811831E-1,0.E0));
#7131=DIRECTION('',(7.071067811831E-1,-7.071067811900E-1,0.E0));
#7132=AXIS2_PLACEMENT_3D('',#7129,#7130,#7131);
#7133=SPHERICAL_SURFACE('',#7132,1.E0);
#7135=ORIENTED_EDGE('',*,*,#7134,.F.);
#7136=ORIENTED_EDGE('',*,*,#7122,.F.);
#7138=ORIENTED_EDGE('',*,*,#7137,.T.);
#7139=EDGE_LOOP('',(#7135,#7136,#7138));
#7140=FACE_OUTER_BOUND('',#7139,.F.);
#7142=CARTESIAN_POINT('',(6.703529166064E1,-5.268240056004E0,8.75368E1));
#7143=DIRECTION('',(0.E0,0.E0,-1.E0));
#7144=DIRECTION('',(1.E0,0.E0,0.E0));
#7145=AXIS2_PLACEMENT_3D('',#7142,#7143,#7144);
#7146=CYLINDRICAL_SURFACE('',#7145,1.E0);
#7147=ORIENTED_EDGE('',*,*,#7134,.T.);
#7149=ORIENTED_EDGE('',*,*,#7148,.T.);
#7151=ORIENTED_EDGE('',*,*,#7150,.T.);
#7153=ORIENTED_EDGE('',*,*,#7152,.F.);
#7154=EDGE_LOOP('',(#7147,#7149,#7151,#7153));
#7155=FACE_OUTER_BOUND('',#7154,.F.);
#7157=CARTESIAN_POINT('',(6.803529166064E1,-6.268240056004E0,0.E0));
#7158=DIRECTION('',(1.E0,0.E0,0.E0));
#7159=DIRECTION('',(0.E0,1.E0,0.E0));
#7160=AXIS2_PLACEMENT_3D('',#7157,#7158,#7159);
#7161=PLANE('',#7160);
#7163=ORIENTED_EDGE('',*,*,#7162,.T.);
#7165=ORIENTED_EDGE('',*,*,#7164,.T.);
#7166=ORIENTED_EDGE('',*,*,#7148,.F.);
#7168=ORIENTED_EDGE('',*,*,#7167,.T.);
#7169=EDGE_LOOP('',(#7163,#7165,#7166,#7168));
#7170=FACE_OUTER_BOUND('',#7169,.F.);
#7172=ORIENTED_EDGE('',*,*,#7171,.F.);
#7173=ORIENTED_EDGE('',*,*,#6875,.F.);
#7175=ORIENTED_EDGE('',*,*,#7174,.T.);
#7176=ORIENTED_EDGE('',*,*,#6957,.F.);
#7177=EDGE_LOOP('',(#7172,#7173,#7175,#7176));
#7178=FACE_BOUND('',#7177,.F.);
#7180=CARTESIAN_POINT('',(6.703529166064E1,1.305748867575E1,3.741317602469E1));
#7181=DIRECTION('',(0.E0,0.E0,-1.E0));
#7182=DIRECTION('',(9.853329538812E-1,1.706428140762E-1,0.E0));
#7183=AXIS2_PLACEMENT_3D('',#7180,#7181,#7182);
#7184=CYLINDRICAL_SURFACE('',#7183,1.E0);
#7186=ORIENTED_EDGE('',*,*,#7185,.F.);
#7188=ORIENTED_EDGE('',*,*,#7187,.F.);
#7190=ORIENTED_EDGE('',*,*,#7189,.F.);
#7192=ORIENTED_EDGE('',*,*,#7191,.T.);
#7193=ORIENTED_EDGE('',*,*,#7162,.F.);
#7195=ORIENTED_EDGE('',*,*,#7194,.F.);
#7197=ORIENTED_EDGE('',*,*,#7196,.F.);
#7199=ORIENTED_EDGE('',*,*,#7198,.F.);
#7200=EDGE_LOOP('',(#7186,#7188,#7190,#7192,#7193,#7195,#7197,#7199));
#7201=FACE_OUTER_BOUND('',#7200,.F.);
#7203=CARTESIAN_POINT('',(4.052809248555E0,2.15E0,0.E0));
#7204=DIRECTION('',(0.E0,0.E0,1.E0));
#7205=DIRECTION('',(1.E0,0.E0,0.E0));
#7206=AXIS2_PLACEMENT_3D('',#7203,#7204,#7205);
#7207=CYLINDRICAL_SURFACE('',#7206,6.492E1);
#7209=ORIENTED_EDGE('',*,*,#7208,.F.);
#7211=ORIENTED_EDGE('',*,*,#7210,.F.);
#7212=ORIENTED_EDGE('',*,*,#7196,.T.);
#7214=ORIENTED_EDGE('',*,*,#7213,.F.);
#7216=ORIENTED_EDGE('',*,*,#7215,.F.);
#7218=ORIENTED_EDGE('',*,*,#7217,.F.);
#7219=ORIENTED_EDGE('',*,*,#4670,.F.);
#7221=ORIENTED_EDGE('',*,*,#7220,.F.);
#7222=ORIENTED_EDGE('',*,*,#7189,.T.);
#7224=ORIENTED_EDGE('',*,*,#7223,.F.);
#7226=ORIENTED_EDGE('',*,*,#7225,.T.);
#7228=ORIENTED_EDGE('',*,*,#7227,.F.);
#7230=ORIENTED_EDGE('',*,*,#7229,.T.);
#7232=ORIENTED_EDGE('',*,*,#7231,.F.);
#7234=ORIENTED_EDGE('',*,*,#7233,.F.);
#7236=ORIENTED_EDGE('',*,*,#7235,.F.);
#7237=ORIENTED_EDGE('',*,*,#7185,.T.);
#7239=ORIENTED_EDGE('',*,*,#7238,.F.);
#7241=ORIENTED_EDGE('',*,*,#7240,.T.);
#7243=ORIENTED_EDGE('',*,*,#7242,.F.);
#7245=ORIENTED_EDGE('',*,*,#7244,.T.);
#7247=ORIENTED_EDGE('',*,*,#7246,.F.);
#7248=EDGE_LOOP('',(#7209,#7211,#7212,#7214,#7216,#7218,#7219,#7221,#7222,#7224,
#7226,#7228,#7230,#7232,#7234,#7236,#7237,#7239,#7241,#7243,#7245,#7247));
#7249=FACE_OUTER_BOUND('',#7248,.F.);
#7251=CARTESIAN_POINT('',(4.052809248555E0,2.15E0,2.702143248320E1));
#7252=DIRECTION('',(0.E0,0.E0,1.E0));
#7253=DIRECTION('',(-9.853329538812E-1,-1.706428140762E-1,0.E0));
#7254=AXIS2_PLACEMENT_3D('',#7251,#7252,#7253);
#7255=TOROIDAL_SURFACE('',#7254,6.817455623297E1,6.273828087026E0);
#7257=ORIENTED_EDGE('',*,*,#7256,.T.);
#7258=ORIENTED_EDGE('',*,*,#7208,.T.);
#7260=ORIENTED_EDGE('',*,*,#7259,.T.);
#7261=ORIENTED_EDGE('',*,*,#7240,.F.);
#7262=EDGE_LOOP('',(#7257,#7258,#7260,#7261));
#7263=FACE_OUTER_BOUND('',#7262,.F.);
#7265=CARTESIAN_POINT('',(6.777854667525E1,1.490363722364E1,2.137520388969E1));
#7266=CARTESIAN_POINT('',(6.819727976437E1,1.433297458532E1,2.193321517540E1));
#7267=CARTESIAN_POINT('',(6.861601285350E1,1.376231194700E1,2.249122646112E1));
#7268=CARTESIAN_POINT('',(6.903474594262E1,1.319164930868E1,2.304923774683E1));
#7269=CARTESIAN_POINT('',(6.745041125894E1,1.484470272846E1,2.156360201172E1));
#7270=CARTESIAN_POINT('',(6.790146313268E1,1.428042624574E1,2.210299409409E1));
#7271=CARTESIAN_POINT('',(6.835251500643E1,1.371614976303E1,2.264238617646E1));
#7272=CARTESIAN_POINT('',(6.880356688017E1,1.315187328031E1,2.318177825883E1));
#7273=CARTESIAN_POINT('',(6.669645857266E1,1.470923279104E1,2.209056953165E1));
#7274=CARTESIAN_POINT('',(6.722176576144E1,1.415965045292E1,2.257788192606E1));
#7275=CARTESIAN_POINT('',(6.774707295023E1,1.361006811479E1,2.306519432046E1));
#7276=CARTESIAN_POINT('',(6.827238013902E1,1.306048577666E1,2.355250671487E1));
#7277=CARTESIAN_POINT('',(6.569891941297E1,1.452982818155E1,2.317026982416E1));
#7278=CARTESIAN_POINT('',(6.632246297365E1,1.399974834778E1,2.355087648775E1));
#7279=CARTESIAN_POINT('',(6.694600653433E1,1.346966851402E1,2.393148315134E1));
#7280=CARTESIAN_POINT('',(6.756955009502E1,1.293958868025E1,2.431208981494E1));
#7281=CARTESIAN_POINT('',(6.492039757533E1,1.438969520492E1,2.460950628316E1));
#7282=CARTESIAN_POINT('',(6.562060238664E1,1.387487901015E1,2.484787460595E1));
#7283=CARTESIAN_POINT('',(6.632080719794E1,1.336006281538E1,2.508624292874E1));
#7284=CARTESIAN_POINT('',(6.702101200925E1,1.284524662061E1,2.532461125153E1));
#7285=CARTESIAN_POINT('',(6.451851855551E1,1.431731823735E1,2.620012731736E1));
#7286=CARTESIAN_POINT('',(6.525829430962E1,1.381039556642E1,2.628129610888E1));
#7287=CARTESIAN_POINT('',(6.599807006372E1,1.330347289550E1,2.636246490039E1));
#7288=CARTESIAN_POINT('',(6.673784581782E1,1.279655022457E1,2.644363369191E1));
#7289=CARTESIAN_POINT('',(6.451845971641E1,1.431730763929E1,2.784228259981E1));
#7290=CARTESIAN_POINT('',(6.525824126402E1,1.381038612454E1,2.776115878036E1));
#7291=CARTESIAN_POINT('',(6.599802281163E1,1.330346460980E1,2.768003496092E1));
#7292=CARTESIAN_POINT('',(6.673780435924E1,1.279654309506E1,2.759891114148E1));
#7293=CARTESIAN_POINT('',(6.492023998288E1,1.438966682700E1,2.943294592148E1));
#7294=CARTESIAN_POINT('',(6.562046031172E1,1.387485372616E1,2.919461839153E1));
#7295=CARTESIAN_POINT('',(6.632068064055E1,1.336004062532E1,2.895629086158E1));
#7296=CARTESIAN_POINT('',(6.702090096939E1,1.284522752448E1,2.871796333164E1));
#7297=CARTESIAN_POINT('',(6.569863554167E1,1.452977710534E1,3.087220328180E1));
#7298=CARTESIAN_POINT('',(6.632220705636E1,1.399970282973E1,3.049163534539E1));
#7299=CARTESIAN_POINT('',(6.694577857106E1,1.346962855413E1,3.011106740898E1));
#7300=CARTESIAN_POINT('',(6.756935008575E1,1.293955427852E1,2.973049947258E1));
#7301=CARTESIAN_POINT('',(6.669630967294E1,1.470920603287E1,3.195219315723E1));
#7302=CARTESIAN_POINT('',(6.722163152635E1,1.415962659816E1,3.146489087081E1));
#7303=CARTESIAN_POINT('',(6.774695337976E1,1.361004716344E1,3.097758858439E1));
#7304=CARTESIAN_POINT('',(6.827227523317E1,1.306046772872E1,3.049028629798E1));
#7305=CARTESIAN_POINT('',(6.745041856914E1,1.484470405326E1,3.247928738607E1));
#7306=CARTESIAN_POINT('',(6.790146972355E1,1.428042742395E1,3.193989288917E1));
#7307=CARTESIAN_POINT('',(6.835252087795E1,1.371615079463E1,3.140049839227E1));
#7308=CARTESIAN_POINT('',(6.880357203236E1,1.315187416532E1,3.086110389537E1));
#7309=CARTESIAN_POINT('',(6.777874780133E1,1.490367334822E1,3.266777922964E1));
#7310=CARTESIAN_POINT('',(6.819746108118E1,1.433300679505E1,3.210975626699E1));
#7311=CARTESIAN_POINT('',(6.861617436103E1,1.376234024187E1,3.155173330434E1));
#7312=CARTESIAN_POINT('',(6.903488764089E1,1.319167368870E1,3.099371034168E1));
#7313=B_SPLINE_SURFACE_WITH_KNOTS('',3,3,((#7265,#7266,#7267,#7268),(#7269,
#7270,#7271,#7272),(#7273,#7274,#7275,#7276),(#7277,#7278,#7279,#7280),(#7281,
#7282,#7283,#7284),(#7285,#7286,#7287,#7288),(#7289,#7290,#7291,#7292),(#7293,
#7294,#7295,#7296),(#7297,#7298,#7299,#7300),(#7301,#7302,#7303,#7304),(#7305,
#7306,#7307,#7308),(#7309,#7310,#7311,#7312)),.UNSPECIFIED.,.F.,.F.,.F.,(4,1,1,
1,1,1,1,1,1,4),(4,4),(3.318026288525E-1,3.6E-1,4.E-1,4.4E-1,4.8E-1,5.2E-1,
5.6E-1,6.E-1,6.4E-1,6.682141157558E-1),(-1.409497721962E-1,1.140912682592E0),
.UNSPECIFIED.);
#7314=ORIENTED_EDGE('',*,*,#7256,.F.);
#7315=ORIENTED_EDGE('',*,*,#7238,.T.);
#7317=ORIENTED_EDGE('',*,*,#7316,.T.);
#7318=ORIENTED_EDGE('',*,*,#7210,.T.);
#7319=EDGE_LOOP('',(#7314,#7315,#7317,#7318));
#7320=FACE_OUTER_BOUND('',#7319,.F.);
#7322=CARTESIAN_POINT('',(4.052809248555E0,2.15E0,-1.E0));
#7323=DIRECTION('',(-1.706428140762E-1,9.853329538812E-1,0.E0));
#7324=DIRECTION('',(-9.853329538812E-1,-1.706428140762E-1,0.E0));
#7325=AXIS2_PLACEMENT_3D('',#7322,#7323,#7324);
#7326=PLANE('',#7325);
#7327=ORIENTED_EDGE('',*,*,#7316,.F.);
#7328=ORIENTED_EDGE('',*,*,#7198,.T.);
#7329=EDGE_LOOP('',(#7327,#7328));
#7330=FACE_OUTER_BOUND('',#7329,.F.);
#7332=CARTESIAN_POINT('',(4.052809248555E0,2.15E0,-1.E0));
#7333=DIRECTION('',(-1.706428140762E-1,9.853329538812E-1,0.E0));
#7334=DIRECTION('',(-9.853329538812E-1,-1.706428140762E-1,0.E0));
#7335=AXIS2_PLACEMENT_3D('',#7332,#7333,#7334);
#7336=PLANE('',#7335);
#7338=ORIENTED_EDGE('',*,*,#7337,.F.);
#7339=ORIENTED_EDGE('',*,*,#7187,.T.);
#7340=EDGE_LOOP('',(#7338,#7339));
#7341=FACE_OUTER_BOUND('',#7340,.F.);
#7343=CARTESIAN_POINT('',(6.777854667274E1,1.490363722319E1,4.892885928190E0));
#7344=CARTESIAN_POINT('',(6.819727976211E1,1.433297458491E1,5.450897213761E0));
#7345=CARTESIAN_POINT('',(6.861601285148E1,1.376231194664E1,6.008908499331E0));
#7346=CARTESIAN_POINT('',(6.903474594085E1,1.319164930837E1,6.566919784902E0));
#7347=CARTESIAN_POINT('',(6.745041125735E1,1.484470272818E1,5.081284049887E0));
#7348=CARTESIAN_POINT('',(6.790146313125E1,1.428042624549E1,5.620676132148E0));
#7349=CARTESIAN_POINT('',(6.835251500515E1,1.371614976280E1,6.160068214409E0));
#7350=CARTESIAN_POINT('',(6.880356687905E1,1.315187328012E1,6.699460296670E0));
#7351=CARTESIAN_POINT('',(6.669645857199E1,1.470923279093E1,5.608251569426E0));
#7352=CARTESIAN_POINT('',(6.722176576084E1,1.415965045281E1,6.095563963761E0));
#7353=CARTESIAN_POINT('',(6.774707294970E1,1.361006811470E1,6.582876358097E0));
#7354=CARTESIAN_POINT('',(6.827238013855E1,1.306048577658E1,7.070188752432E0));
#7355=CARTESIAN_POINT('',(6.569891941297E1,1.452982818155E1,6.687951861212E0));
#7356=CARTESIAN_POINT('',(6.632246297365E1,1.399974834778E1,7.068558524806E0));
#7357=CARTESIAN_POINT('',(6.694600653433E1,1.346966851402E1,7.449165188400E0));
#7358=CARTESIAN_POINT('',(6.756955009502E1,1.293958868025E1,7.829771851994E0));
#7359=CARTESIAN_POINT('',(6.492039757533E1,1.438969520492E1,8.127188320213E0));
#7360=CARTESIAN_POINT('',(6.562060238664E1,1.387487901015E1,8.365556643005E0));
#7361=CARTESIAN_POINT('',(6.632080719794E1,1.336006281538E1,8.603924965796E0));
#7362=CARTESIAN_POINT('',(6.702101200925E1,1.284524662061E1,8.842293288588E0));
#7363=CARTESIAN_POINT('',(6.451851855551E1,1.431731823735E1,9.717809354418E0));
#7364=CARTESIAN_POINT('',(6.525829430961E1,1.381039556642E1,9.798978145934E0));
#7365=CARTESIAN_POINT('',(6.599807006372E1,1.330347289550E1,9.880146937449E0));
#7366=CARTESIAN_POINT('',(6.673784581782E1,1.279655022457E1,9.961315728964E0));
#7367=CARTESIAN_POINT('',(6.451845971641E1,1.431730763929E1,1.135996463686E1));
#7368=CARTESIAN_POINT('',(6.525824126402E1,1.381038612454E1,1.127884081742E1));
#7369=CARTESIAN_POINT('',(6.599802281163E1,1.330346460980E1,1.119771699798E1));
#7370=CARTESIAN_POINT('',(6.673780435924E1,1.279654309506E1,1.111659317854E1));
#7371=CARTESIAN_POINT('',(6.492023998288E1,1.438966682700E1,1.295062795853E1));
#7372=CARTESIAN_POINT('',(6.562046031172E1,1.387485372616E1,1.271230042859E1));
#7373=CARTESIAN_POINT('',(6.632068064055E1,1.336004062532E1,1.247397289864E1));
#7374=CARTESIAN_POINT('',(6.702090096939E1,1.284522752448E1,1.223564536869E1));
#7375=CARTESIAN_POINT('',(6.569863554166E1,1.452977710534E1,1.438988531885E1));
#7376=CARTESIAN_POINT('',(6.632220705636E1,1.399970282973E1,1.400931738245E1));
#7377=CARTESIAN_POINT('',(6.694577857106E1,1.346962855413E1,1.362874944604E1));
#7378=CARTESIAN_POINT('',(6.756935008575E1,1.293955427852E1,1.324818150964E1));
#7379=CARTESIAN_POINT('',(6.669630966918E1,1.470920603220E1,1.546987519022E1));
#7380=CARTESIAN_POINT('',(6.722163152296E1,1.415962659756E1,1.498257290420E1));
#7381=CARTESIAN_POINT('',(6.774695337674E1,1.361004716291E1,1.449527061819E1));
#7382=CARTESIAN_POINT('',(6.827227523052E1,1.306046772827E1,1.400796833217E1));
#7383=CARTESIAN_POINT('',(6.745041856012E1,1.484470405164E1,1.599696941682E1));
#7384=CARTESIAN_POINT('',(6.790146971542E1,1.428042742250E1,1.545757492054E1));
#7385=CARTESIAN_POINT('',(6.835252087071E1,1.371615079336E1,1.491818042427E1));
#7386=CARTESIAN_POINT('',(6.880357202600E1,1.315187416423E1,1.437878592799E1));
#7387=CARTESIAN_POINT('',(6.777874778708E1,1.490367334566E1,1.618546125852E1));
#7388=CARTESIAN_POINT('',(6.819746106834E1,1.433300679277E1,1.562743829668E1));
#7389=CARTESIAN_POINT('',(6.861617434960E1,1.376234023987E1,1.506941533483E1));
#7390=CARTESIAN_POINT('',(6.903488763086E1,1.319167368698E1,1.451139237299E1));
#7391=B_SPLINE_SURFACE_WITH_KNOTS('',3,3,((#7343,#7344,#7345,#7346),(#7347,
#7348,#7349,#7350),(#7351,#7352,#7353,#7354),(#7355,#7356,#7357,#7358),(#7359,
#7360,#7361,#7362),(#7363,#7364,#7365,#7366),(#7367,#7368,#7369,#7370),(#7371,
#7372,#7373,#7374),(#7375,#7376,#7377,#7378),(#7379,#7380,#7381,#7382),(#7383,
#7384,#7385,#7386),(#7387,#7388,#7389,#7390)),.UNSPECIFIED.,.F.,.F.,.F.,(4,1,1,
1,1,1,1,1,1,4),(4,4),(3.318026289245E-1,3.6E-1,4.E-1,4.4E-1,4.8E-1,5.2E-1,
5.6E-1,6.E-1,6.4E-1,6.682141153479E-1),(-1.409497721968E-1,1.140912682593E0),
.UNSPECIFIED.);
#7393=ORIENTED_EDGE('',*,*,#7392,.F.);
#7394=ORIENTED_EDGE('',*,*,#7223,.T.);
#7395=ORIENTED_EDGE('',*,*,#7337,.T.);
#7396=ORIENTED_EDGE('',*,*,#7235,.T.);
#7397=EDGE_LOOP('',(#7393,#7394,#7395,#7396));
#7398=FACE_OUTER_BOUND('',#7397,.F.);
#7400=CARTESIAN_POINT('',(4.052809248555E0,2.15E0,1.053911452026E1));
#7401=DIRECTION('',(0.E0,0.E0,1.E0));
#7402=DIRECTION('',(-9.853329538812E-1,-1.706428140762E-1,0.E0));
#7403=AXIS2_PLACEMENT_3D('',#7400,#7401,#7402);
#7404=TOROIDAL_SURFACE('',#7403,6.817455623297E1,6.273828087026E0);
#7405=ORIENTED_EDGE('',*,*,#7392,.T.);
#7406=ORIENTED_EDGE('',*,*,#7233,.T.);
#7408=ORIENTED_EDGE('',*,*,#7407,.T.);
#7409=ORIENTED_EDGE('',*,*,#7225,.F.);
#7410=EDGE_LOOP('',(#7405,#7406,#7408,#7409));
#7411=FACE_OUTER_BOUND('',#7410,.F.);
#7413=CARTESIAN_POINT('',(2.656187860372E1,6.318582069804E1,1.609311032706E1));
#7414=CARTESIAN_POINT('',(2.519970540027E1,6.388170969647E1,1.559658380677E1));
#7415=CARTESIAN_POINT('',(2.383753219682E1,6.457759869491E1,1.510005728648E1));
#7416=CARTESIAN_POINT('',(2.247535899337E1,6.527348769334E1,1.460353076618E1));
#7417=CARTESIAN_POINT('',(2.646342544894E1,6.287201620605E1,1.590741541681E1));
#7418=CARTESIAN_POINT('',(2.511135634582E1,6.359548535441E1,1.542748999793E1));
#7419=CARTESIAN_POINT('',(2.375928724271E1,6.431895450276E1,1.494756457905E1));
#7420=CARTESIAN_POINT('',(2.240721813959E1,6.504242365112E1,1.446763916017E1));
#7421=CARTESIAN_POINT('',(2.623734218382E1,6.215187915580E1,1.538842379064E1));
#7422=CARTESIAN_POINT('',(2.490850870797E1,6.293862691675E1,1.495489615728E1));
#7423=CARTESIAN_POINT('',(2.357967523212E1,6.372537467771E1,1.452136852391E1));
#7424=CARTESIAN_POINT('',(2.225084175627E1,6.451212243866E1,1.408784089055E1));
#7425=CARTESIAN_POINT('',(2.593804652285E1,6.119991465701E1,1.432552941658E1));
#7426=CARTESIAN_POINT('',(2.464006980307E1,6.207027077552E1,1.398702440537E1));
#7427=CARTESIAN_POINT('',(2.334209308328E1,6.294062689403E1,1.364851939416E1));
#7428=CARTESIAN_POINT('',(2.204411636349E1,6.381098301255E1,1.331001438295E1));
#7429=CARTESIAN_POINT('',(2.570439802156E1,6.045771973101E1,1.290998494794E1));
#7430=CARTESIAN_POINT('',(2.443057802039E1,6.139323176537E1,1.269802943258E1));
#7431=CARTESIAN_POINT('',(2.315675801923E1,6.232874379974E1,1.248607391723E1));
#7432=CARTESIAN_POINT('',(2.188293801806E1,6.326425583410E1,1.227411840187E1));
#7433=CARTESIAN_POINT('',(2.558374864692E1,6.007479230115E1,1.134608263906E1));
#7434=CARTESIAN_POINT('',(2.432242504795E1,6.104391117938E1,1.127393979165E1));
#7435=CARTESIAN_POINT('',(2.306110144899E1,6.201303005761E1,1.120179694424E1));
#7436=CARTESIAN_POINT('',(2.179977785002E1,6.298214893584E1,1.112965409682E1));
#7437=CARTESIAN_POINT('',(2.558376279940E1,6.007483719822E1,9.731742219252E0));
#7438=CARTESIAN_POINT('',(2.432243773308E1,6.104395213679E1,9.803921200502E0));
#7439=CARTESIAN_POINT('',(2.306111266675E1,6.201306707536E1,9.876100181751E0));
#7440=CARTESIAN_POINT('',(2.179978760042E1,6.298218201393E1,9.948279163001E0));
#7441=CARTESIAN_POINT('',(2.570444763197E1,6.045787725174E1,8.167839988616E0));
#7442=CARTESIAN_POINT('',(2.443062249678E1,6.139337545973E1,8.379831630815E0));
#7443=CARTESIAN_POINT('',(2.315679736158E1,6.232887366771E1,8.591823273015E0));
#7444=CARTESIAN_POINT('',(2.188297222638E1,6.326437187570E1,8.803814915215E0));
#7445=CARTESIAN_POINT('',(2.593810928368E1,6.120011410232E1,6.752404867021E0));
#7446=CARTESIAN_POINT('',(2.464012608092E1,6.207045270941E1,7.090936229464E0));
#7447=CARTESIAN_POINT('',(2.334214287817E1,6.294079131650E1,7.429467591907E0));
#7448=CARTESIAN_POINT('',(2.204415967542E1,6.381112992359E1,7.767998954349E0));
#7449=CARTESIAN_POINT('',(2.623743663795E1,6.215217981094E1,5.689540646563E0));
#7450=CARTESIAN_POINT('',(2.490859344003E1,6.293890115942E1,6.123091935430E0));
#7451=CARTESIAN_POINT('',(2.357975024210E1,6.372562250791E1,6.556643224298E0));
#7452=CARTESIAN_POINT('',(2.225090704418E1,6.451234385640E1,6.990194513166E0));
#7453=CARTESIAN_POINT('',(2.646350180172E1,6.287225947307E1,5.170649146072E0));
#7454=CARTESIAN_POINT('',(2.511142485588E1,6.359570724364E1,5.650589269233E0));
#7455=CARTESIAN_POINT('',(2.375934791004E1,6.431915501421E1,6.130529392394E0));
#7456=CARTESIAN_POINT('',(2.240727096419E1,6.504260278477E1,6.610469515555E0));
#7457=CARTESIAN_POINT('',(2.656193584581E1,6.318600313650E1,4.985007444056E0));
#7458=CARTESIAN_POINT('',(2.519975676685E1,6.388187610085E1,5.481543911819E0));
#7459=CARTESIAN_POINT('',(2.383757768788E1,6.457774906520E1,5.978080379581E0));
#7460=CARTESIAN_POINT('',(2.247539860891E1,6.527362202955E1,6.474616847343E0));
#7461=B_SPLINE_SURFACE_WITH_KNOTS('',3,3,((#7413,#7414,#7415,#7416),(#7417,
#7418,#7419,#7420),(#7421,#7422,#7423,#7424),(#7425,#7426,#7427,#7428),(#7429,
#7430,#7431,#7432),(#7433,#7434,#7435,#7436),(#7437,#7438,#7439,#7440),(#7441,
#7442,#7443,#7444),(#7445,#7446,#7447,#7448),(#7449,#7450,#7451,#7452),(#7453,
#7454,#7455,#7456),(#7457,#7458,#7459,#7460)),.UNSPECIFIED.,.F.,.F.,.F.,(4,1,1,
1,1,1,1,1,1,4),(4,4),(3.317542897721E-1,3.6E-1,4.E-1,4.4E-1,4.8E-1,5.2E-1,
5.6E-1,6.E-1,6.4E-1,6.682405736939E-1),(-7.033194215668E-2,1.070289927539E0),
.UNSPECIFIED.);
#7462=ORIENTED_EDGE('',*,*,#7407,.F.);
#7463=ORIENTED_EDGE('',*,*,#7231,.T.);
#7465=ORIENTED_EDGE('',*,*,#7464,.T.);
#7466=ORIENTED_EDGE('',*,*,#7227,.T.);
#7467=EDGE_LOOP('',(#7462,#7463,#7465,#7466));
#7468=FACE_OUTER_BOUND('',#7467,.F.);
#7470=CARTESIAN_POINT('',(4.052809248555E0,2.15E0,-1.E0));
#7471=DIRECTION('',(-9.587597927541E-1,2.842176275290E-1,0.E0));
#7472=DIRECTION('',(-2.842176275290E-1,-9.587597927541E-1,0.E0));
#7473=AXIS2_PLACEMENT_3D('',#7470,#7471,#7472);
#7474=PLANE('',#7473);
#7475=ORIENTED_EDGE('',*,*,#7464,.F.);
#7476=ORIENTED_EDGE('',*,*,#7229,.F.);
#7477=EDGE_LOOP('',(#7475,#7476));
#7478=FACE_OUTER_BOUND('',#7477,.F.);
#7480=CARTESIAN_POINT('',(4.052809248555E0,2.15E0,-1.E0));
#7481=DIRECTION('',(-9.587597927541E-1,2.842176275290E-1,0.E0));
#7482=DIRECTION('',(-2.842176275290E-1,-9.587597927541E-1,0.E0));
#7483=AXIS2_PLACEMENT_3D('',#7480,#7481,#7482);
#7484=PLANE('',#7483);
#7486=ORIENTED_EDGE('',*,*,#7485,.F.);
#7487=ORIENTED_EDGE('',*,*,#7244,.F.);
#7488=EDGE_LOOP('',(#7486,#7487));
#7489=FACE_OUTER_BOUND('',#7488,.F.);
#7491=CARTESIAN_POINT('',(2.521488968665E1,6.365979207077E1,3.269963808487E1));
#7492=CARTESIAN_POINT('',(2.439188449159E1,6.442003582502E1,3.180241035759E1));
#7493=CARTESIAN_POINT('',(2.356887929653E1,6.518027957927E1,3.090518263031E1));
#7494=CARTESIAN_POINT('',(2.274587410147E1,6.594052333352E1,3.000795490304E1));
#7495=CARTESIAN_POINT('',(2.510812118581E1,6.332213778833E1,3.250410489584E1));
#7496=CARTESIAN_POINT('',(2.430319935416E1,6.413532238550E1,3.163777386571E1));
#7497=CARTESIAN_POINT('',(2.349827752252E1,6.494850698268E1,3.077144283558E1));
#7498=CARTESIAN_POINT('',(2.269335569087E1,6.576169157986E1,2.990511180544E1));
#7499=CARTESIAN_POINT('',(2.487072488787E1,6.257181848609E1,3.196838803259E1));
#7500=CARTESIAN_POINT('',(2.410603459512E1,6.350263651092E1,3.118670698828E1));
#7501=CARTESIAN_POINT('',(2.334134430237E1,6.443345453574E1,3.040502594397E1));
#7502=CARTESIAN_POINT('',(2.257665400963E1,6.536427256057E1,2.962334489966E1));
#7503=CARTESIAN_POINT('',(2.456012021031E1,6.159133740948E1,3.087263718300E1));
#7504=CARTESIAN_POINT('',(2.384813347341E1,6.267584775433E1,3.026409852088E1));
#7505=CARTESIAN_POINT('',(2.313614673650E1,6.376035809919E1,2.965555985876E1));
#7506=CARTESIAN_POINT('',(2.242415999960E1,6.484486844405E1,2.904702119664E1));
#7507=CARTESIAN_POINT('',(2.432098515768E1,6.083728842240E1,2.943316057765E1));
#7508=CARTESIAN_POINT('',(2.364961911643E1,6.203998023852E1,2.905207727972E1));
#7509=CARTESIAN_POINT('',(2.297825307518E1,6.324267205465E1,2.867099398180E1));
#7510=CARTESIAN_POINT('',(2.230688703393E1,6.444536387077E1,2.828991068387E1));
#7511=CARTESIAN_POINT('',(2.419748216971E1,6.044812648549E1,2.784236695129E1));
#7512=CARTESIAN_POINT('',(2.354710952444E1,6.171180565262E1,2.771264900539E1));
#7513=CARTESIAN_POINT('',(2.289673687918E1,6.297548481975E1,2.758293105949E1));
#7514=CARTESIAN_POINT('',(2.224636423392E1,6.423916398689E1,2.745321311359E1));
#7515=CARTESIAN_POINT('',(2.419750059831E1,6.044818454612E1,2.620004899478E1));
#7516=CARTESIAN_POINT('',(2.354712482004E1,6.171185461449E1,2.632983789152E1));
#7517=CARTESIAN_POINT('',(2.289674904178E1,6.297552468285E1,2.645962678827E1));
#7518=CARTESIAN_POINT('',(2.224637326352E1,6.423919475121E1,2.658941568502E1));
#7519=CARTESIAN_POINT('',(2.432103048212E1,6.083743126571E1,2.460931604742E1));
#7520=CARTESIAN_POINT('',(2.364965673780E1,6.204010069569E1,2.499046070815E1));
#7521=CARTESIAN_POINT('',(2.297828299349E1,6.324277012567E1,2.537160536888E1));
#7522=CARTESIAN_POINT('',(2.230690924917E1,6.444543955566E1,2.575275002961E1));
#7523=CARTESIAN_POINT('',(2.456020830825E1,6.159161533497E1,2.316982528927E1));
#7524=CARTESIAN_POINT('',(2.384820661365E1,6.267608211804E1,2.377842755051E1));
#7525=CARTESIAN_POINT('',(2.313620491904E1,6.376054890111E1,2.438702981175E1));
#7526=CARTESIAN_POINT('',(2.242420322443E1,6.484501568419E1,2.499563207300E1));
#7527=CARTESIAN_POINT('',(2.487082225261E1,6.257212601052E1,2.207420165794E1));
#7528=CARTESIAN_POINT('',(2.410611544831E1,6.350289582666E1,2.285592619929E1));
#7529=CARTESIAN_POINT('',(2.334140864401E1,6.443366564280E1,2.363765074064E1));
#7530=CARTESIAN_POINT('',(2.257670183971E1,6.536443545894E1,2.441937528200E1));
#7531=CARTESIAN_POINT('',(2.510822891145E1,6.332247834620E1,2.153853549189E1));
#7532=CARTESIAN_POINT('',(2.430328882773E1,6.413560954984E1,2.240490200828E1));
#7533=CARTESIAN_POINT('',(2.349834874401E1,6.494874075347E1,2.327126852466E1));
#7534=CARTESIAN_POINT('',(2.269340866028E1,6.576187195711E1,2.413763504104E1));
#7535=CARTESIAN_POINT('',(2.521500001690E1,6.366014099339E1,2.134302610699E1));
#7536=CARTESIAN_POINT('',(2.439197613546E1,6.442033003995E1,2.224028555916E1));
#7537=CARTESIAN_POINT('',(2.356895225401E1,6.518051908650E1,2.313754501134E1));
#7538=CARTESIAN_POINT('',(2.274592837257E1,6.594070813305E1,2.403480446351E1));
#7539=B_SPLINE_SURFACE_WITH_KNOTS('',3,3,((#7491,#7492,#7493,#7494),(#7495,
#7496,#7497,#7498),(#7499,#7500,#7501,#7502),(#7503,#7504,#7505,#7506),(#7507,
#7508,#7509,#7510),(#7511,#7512,#7513,#7514),(#7515,#7516,#7517,#7518),(#7519,
#7520,#7521,#7522),(#7523,#7524,#7525,#7526),(#7527,#7528,#7529,#7530),(#7531,
#7532,#7533,#7534),(#7535,#7536,#7537,#7538)),.UNSPECIFIED.,.F.,.F.,.F.,(4,1,1,
1,1,1,1,1,1,4),(4,4),(3.302203158591E-1,3.6E-1,4.E-1,4.4E-1,4.8E-1,5.2E-1,
5.6E-1,6.E-1,6.4E-1,6.697791658333E-1),(-8.014356049072E-2,1.080123224155E0),
.UNSPECIFIED.);
#7540=ORIENTED_EDGE('',*,*,#7259,.F.);
#7541=ORIENTED_EDGE('',*,*,#7246,.T.);
#7542=ORIENTED_EDGE('',*,*,#7485,.T.);
#7543=ORIENTED_EDGE('',*,*,#7242,.T.);
#7544=EDGE_LOOP('',(#7540,#7541,#7542,#7543));
#7545=FACE_OUTER_BOUND('',#7544,.F.);
#7547=CARTESIAN_POINT('',(4.052809248555E0,2.15E0,3.7E1));
#7548=DIRECTION('',(0.E0,0.E0,1.E0));
#7549=DIRECTION('',(9.863025405682E-1,1.649463502741E-1,0.E0));
#7550=AXIS2_PLACEMENT_3D('',#7547,#7548,#7549);
#7551=TOROIDAL_SURFACE('',#7550,6.391999999927E1,1.E0);
#7552=ORIENTED_EDGE('',*,*,#7213,.T.);
#7554=ORIENTED_EDGE('',*,*,#7553,.T.);
#7555=ORIENTED_EDGE('',*,*,#7064,.F.);
#7557=ORIENTED_EDGE('',*,*,#7556,.T.);
#7558=EDGE_LOOP('',(#7552,#7554,#7555,#7557));
#7559=FACE_OUTER_BOUND('',#7558,.F.);
#7561=CARTESIAN_POINT('',(6.703529166064E1,1.305748867575E1,3.7E1));
#7562=DIRECTION('',(-3.952678236510E-6,9.999999999922E-1,-1.958966795728E-11));
#7563=DIRECTION('',(-7.071039529164E-1,-2.794940553622E-6,7.071096094399E-1));
#7564=AXIS2_PLACEMENT_3D('',#7561,#7562,#7563);
#7565=SPHERICAL_SURFACE('',#7564,1.E0);
#7567=ORIENTED_EDGE('',*,*,#7566,.F.);
#7568=ORIENTED_EDGE('',*,*,#7553,.F.);
#7569=ORIENTED_EDGE('',*,*,#7194,.T.);
#7570=EDGE_LOOP('',(#7567,#7568,#7569));
#7571=FACE_OUTER_BOUND('',#7570,.F.);
#7573=CARTESIAN_POINT('',(6.703529166064E1,-5.543504565746E0,3.7E1));
#7574=DIRECTION('',(0.E0,1.E0,0.E0));
#7575=DIRECTION('',(0.E0,0.E0,1.E0));
#7576=AXIS2_PLACEMENT_3D('',#7573,#7574,#7575);
#7577=CYLINDRICAL_SURFACE('',#7576,1.E0);
#7578=ORIENTED_EDGE('',*,*,#7566,.T.);
#7579=ORIENTED_EDGE('',*,*,#7167,.F.);
#7580=ORIENTED_EDGE('',*,*,#7137,.F.);
#7581=ORIENTED_EDGE('',*,*,#7066,.T.);
#7582=EDGE_LOOP('',(#7578,#7579,#7580,#7581));
#7583=FACE_OUTER_BOUND('',#7582,.F.);
#7585=CARTESIAN_POINT('',(1.922E1,2.633219980152E2,3.5E1));
#7586=DIRECTION('',(0.E0,-1.E0,0.E0));
#7587=DIRECTION('',(1.E0,0.E0,0.E0));
#7588=AXIS2_PLACEMENT_3D('',#7585,#7586,#7587);
#7589=CYLINDRICAL_SURFACE('',#7588,3.E0);
#7590=ORIENTED_EDGE('',*,*,#7215,.T.);
#7591=ORIENTED_EDGE('',*,*,#7556,.F.);
#7592=ORIENTED_EDGE('',*,*,#7062,.T.);
#7594=ORIENTED_EDGE('',*,*,#7593,.T.);
#7596=ORIENTED_EDGE('',*,*,#7595,.T.);
#7597=EDGE_LOOP('',(#7590,#7591,#7592,#7594,#7596));
#7598=FACE_OUTER_BOUND('',#7597,.F.);
#7600=CARTESIAN_POINT('',(0.E0,1.097E2,3.8E1));
#7601=DIRECTION('',(0.E0,1.E0,0.E0));
#7602=DIRECTION('',(0.E0,0.E0,1.E0));
#7603=AXIS2_PLACEMENT_3D('',#7600,#7601,#7602);
#7604=PLANE('',#7603);
#7606=ORIENTED_EDGE('',*,*,#7605,.F.);
#7608=ORIENTED_EDGE('',*,*,#7607,.F.);
#7610=ORIENTED_EDGE('',*,*,#7609,.F.);
#7611=ORIENTED_EDGE('',*,*,#4586,.F.);
#7612=ORIENTED_EDGE('',*,*,#4674,.F.);
#7614=ORIENTED_EDGE('',*,*,#7613,.F.);
#7615=ORIENTED_EDGE('',*,*,#7593,.F.);
#7616=ORIENTED_EDGE('',*,*,#7060,.F.);
#7617=EDGE_LOOP('',(#7606,#7608,#7610,#7611,#7612,#7614,#7615,#7616));
#7618=FACE_OUTER_BOUND('',#7617,.F.);
#7620=ORIENTED_EDGE('',*,*,#7619,.F.);
#7622=ORIENTED_EDGE('',*,*,#7621,.F.);
#7623=EDGE_LOOP('',(#7620,#7622));
#7624=FACE_BOUND('',#7623,.F.);
#7626=ORIENTED_EDGE('',*,*,#7625,.F.);
#7628=ORIENTED_EDGE('',*,*,#7627,.F.);
#7629=EDGE_LOOP('',(#7626,#7628));
#7630=FACE_BOUND('',#7629,.F.);
#7632=ORIENTED_EDGE('',*,*,#7631,.F.);
#7634=ORIENTED_EDGE('',*,*,#7633,.F.);
#7635=EDGE_LOOP('',(#7632,#7634));
#7636=FACE_BOUND('',#7635,.F.);
#7638=ORIENTED_EDGE('',*,*,#7637,.F.);
#7640=ORIENTED_EDGE('',*,*,#7639,.F.);
#7641=EDGE_LOOP('',(#7638,#7640));
#7642=FACE_BOUND('',#7641,.F.);
#7644=ORIENTED_EDGE('',*,*,#7643,.F.);
#7646=ORIENTED_EDGE('',*,*,#7645,.F.);
#7647=EDGE_LOOP('',(#7644,#7646));
#7648=FACE_BOUND('',#7647,.F.);
#7650=CARTESIAN_POINT('',(5.215E0,1.087E2,1.9E1));
#7651=DIRECTION('',(0.E0,1.E0,0.E0));
#7652=DIRECTION('',(1.E0,0.E0,0.E0));
#7653=AXIS2_PLACEMENT_3D('',#7650,#7651,#7652);
#7654=CYLINDRICAL_SURFACE('',#7653,1.E1);
#7656=ORIENTED_EDGE('',*,*,#7655,.F.);
#7658=ORIENTED_EDGE('',*,*,#7657,.T.);
#7660=ORIENTED_EDGE('',*,*,#7659,.T.);
#7661=ORIENTED_EDGE('',*,*,#7643,.T.);
#7663=ORIENTED_EDGE('',*,*,#7662,.F.);
#7665=ORIENTED_EDGE('',*,*,#7664,.F.);
#7667=ORIENTED_EDGE('',*,*,#7666,.T.);
#7669=ORIENTED_EDGE('',*,*,#7668,.T.);
#7670=EDGE_LOOP('',(#7656,#7658,#7660,#7661,#7663,#7665,#7667,#7669));
#7671=FACE_OUTER_BOUND('',#7670,.F.);
#7673=CARTESIAN_POINT('',(5.215E0,1.087E2,1.9E1));
#7674=DIRECTION('',(0.E0,1.E0,0.E0));
#7675=DIRECTION('',(1.E0,0.E0,0.E0));
#7676=AXIS2_PLACEMENT_3D('',#7673,#7674,#7675);
#7677=CYLINDRICAL_SURFACE('',#7676,1.E1);
#7678=ORIENTED_EDGE('',*,*,#7666,.F.);
#7679=ORIENTED_EDGE('',*,*,#7664,.T.);
#7680=ORIENTED_EDGE('',*,*,#7662,.T.);
#7681=ORIENTED_EDGE('',*,*,#7645,.T.);
#7682=ORIENTED_EDGE('',*,*,#7659,.F.);
#7683=ORIENTED_EDGE('',*,*,#7657,.F.);
#7684=ORIENTED_EDGE('',*,*,#7655,.T.);
#7686=ORIENTED_EDGE('',*,*,#7685,.T.);
#7687=EDGE_LOOP('',(#7678,#7679,#7680,#7681,#7682,#7683,#7684,#7686));
#7688=FACE_OUTER_BOUND('',#7687,.F.);
#7690=CARTESIAN_POINT('',(0.E0,1.037E2,3.8E1));
#7691=DIRECTION('',(0.E0,1.E0,0.E0));
#7692=DIRECTION('',(1.E0,0.E0,0.E0));
#7693=AXIS2_PLACEMENT_3D('',#7690,#7691,#7692);
#7694=PLANE('',#7693);
#7695=ORIENTED_EDGE('',*,*,#7668,.F.);
#7696=ORIENTED_EDGE('',*,*,#7685,.F.);
#7697=EDGE_LOOP('',(#7695,#7696));
#7698=FACE_OUTER_BOUND('',#7697,.F.);
#7700=ORIENTED_EDGE('',*,*,#7699,.T.);
#7702=ORIENTED_EDGE('',*,*,#7701,.T.);
#7703=EDGE_LOOP('',(#7700,#7702));
#7704=FACE_BOUND('',#7703,.F.);
#7706=CARTESIAN_POINT('',(0.E0,1.037E2,3.8E1));
#7707=DIRECTION('',(0.E0,1.E0,0.E0));
#7708=DIRECTION('',(1.E0,0.E0,0.E0));
#7709=AXIS2_PLACEMENT_3D('',#7706,#7707,#7708);
#7710=PLANE('',#7709);
#7712=ORIENTED_EDGE('',*,*,#7711,.F.);
#7714=ORIENTED_EDGE('',*,*,#7713,.F.);
#7715=EDGE_LOOP('',(#7712,#7714));
#7716=FACE_OUTER_BOUND('',#7715,.F.);
#7718=CARTESIAN_POINT('',(0.E0,1.037E2,3.8E1));
#7719=DIRECTION('',(0.E0,1.E0,0.E0));
#7720=DIRECTION('',(1.E0,0.E0,0.E0));
#7721=AXIS2_PLACEMENT_3D('',#7718,#7719,#7720);
#7722=PLANE('',#7721);
#7724=ORIENTED_EDGE('',*,*,#7723,.F.);
#7726=ORIENTED_EDGE('',*,*,#7725,.F.);
#7727=EDGE_LOOP('',(#7724,#7726));
#7728=FACE_OUTER_BOUND('',#7727,.F.);
#7730=CARTESIAN_POINT('',(0.E0,1.037E2,3.8E1));
#7731=DIRECTION('',(0.E0,1.E0,0.E0));
#7732=DIRECTION('',(1.E0,0.E0,0.E0));
#7733=AXIS2_PLACEMENT_3D('',#7730,#7731,#7732);
#7734=PLANE('',#7733);
#7736=ORIENTED_EDGE('',*,*,#7735,.F.);
#7738=ORIENTED_EDGE('',*,*,#7737,.F.);
#7739=EDGE_LOOP('',(#7736,#7738));
#7740=FACE_OUTER_BOUND('',#7739,.F.);
#7742=CARTESIAN_POINT('',(0.E0,1.037E2,3.8E1));
#7743=DIRECTION('',(0.E0,1.E0,0.E0));
#7744=DIRECTION('',(1.E0,0.E0,0.E0));
#7745=AXIS2_PLACEMENT_3D('',#7742,#7743,#7744);
#7746=PLANE('',#7745);
#7748=ORIENTED_EDGE('',*,*,#7747,.F.);
#7750=ORIENTED_EDGE('',*,*,#7749,.F.);
#7751=EDGE_LOOP('',(#7748,#7750));
#7752=FACE_OUTER_BOUND('',#7751,.F.);
#7754=CARTESIAN_POINT('',(-6.187383895726E0,1.087E2,7.057183594556E0));
#7755=DIRECTION('',(0.E0,1.E0,0.E0));
#7756=DIRECTION('',(1.E0,0.E0,0.E0));
#7757=AXIS2_PLACEMENT_3D('',#7754,#7755,#7756);
#7758=CYLINDRICAL_SURFACE('',#7757,2.1E0);
#7760=ORIENTED_EDGE('',*,*,#7759,.F.);
#7762=ORIENTED_EDGE('',*,*,#7761,.T.);
#7764=ORIENTED_EDGE('',*,*,#7763,.T.);
#7765=ORIENTED_EDGE('',*,*,#7637,.T.);
#7767=ORIENTED_EDGE('',*,*,#7766,.F.);
#7769=ORIENTED_EDGE('',*,*,#7768,.F.);
#7771=ORIENTED_EDGE('',*,*,#7770,.T.);
#7772=ORIENTED_EDGE('',*,*,#7711,.T.);
#7773=EDGE_LOOP('',(#7760,#7762,#7764,#7765,#7767,#7769,#7771,#7772));
#7774=FACE_OUTER_BOUND('',#7773,.F.);
#7776=CARTESIAN_POINT('',(-6.187383895726E0,1.087E2,7.057183594556E0));
#7777=DIRECTION('',(0.E0,1.E0,0.E0));
#7778=DIRECTION('',(1.E0,0.E0,0.E0));
#7779=AXIS2_PLACEMENT_3D('',#7776,#7777,#7778);
#7780=CYLINDRICAL_SURFACE('',#7779,2.1E0);
#7781=ORIENTED_EDGE('',*,*,#7770,.F.);
#7782=ORIENTED_EDGE('',*,*,#7768,.T.);
#7783=ORIENTED_EDGE('',*,*,#7766,.T.);
#7784=ORIENTED_EDGE('',*,*,#7639,.T.);
#7785=ORIENTED_EDGE('',*,*,#7763,.F.);
#7786=ORIENTED_EDGE('',*,*,#7761,.F.);
#7787=ORIENTED_EDGE('',*,*,#7759,.T.);
#7788=ORIENTED_EDGE('',*,*,#7713,.T.);
#7789=EDGE_LOOP('',(#7781,#7782,#7783,#7784,#7785,#7786,#7787,#7788));
#7790=FACE_OUTER_BOUND('',#7789,.F.);
#7792=CARTESIAN_POINT('',(1.661738389573E1,1.087E2,7.057183594556E0));
#7793=DIRECTION('',(0.E0,1.E0,0.E0));
#7794=DIRECTION('',(1.E0,0.E0,0.E0));
#7795=AXIS2_PLACEMENT_3D('',#7792,#7793,#7794);
#7796=CYLINDRICAL_SURFACE('',#7795,2.1E0);
#7798=ORIENTED_EDGE('',*,*,#7797,.F.);
#7800=ORIENTED_EDGE('',*,*,#7799,.T.);
#7802=ORIENTED_EDGE('',*,*,#7801,.T.);
#7803=ORIENTED_EDGE('',*,*,#7619,.T.);
#7805=ORIENTED_EDGE('',*,*,#7804,.F.);
#7807=ORIENTED_EDGE('',*,*,#7806,.F.);
#7809=ORIENTED_EDGE('',*,*,#7808,.T.);
#7810=ORIENTED_EDGE('',*,*,#7723,.T.);
#7811=EDGE_LOOP('',(#7798,#7800,#7802,#7803,#7805,#7807,#7809,#7810));
#7812=FACE_OUTER_BOUND('',#7811,.F.);
#7814=CARTESIAN_POINT('',(1.661738389573E1,1.087E2,7.057183594556E0));
#7815=DIRECTION('',(0.E0,1.E0,0.E0));
#7816=DIRECTION('',(1.E0,0.E0,0.E0));
#7817=AXIS2_PLACEMENT_3D('',#7814,#7815,#7816);
#7818=CYLINDRICAL_SURFACE('',#7817,2.1E0);
#7819=ORIENTED_EDGE('',*,*,#7808,.F.);
#7820=ORIENTED_EDGE('',*,*,#7806,.T.);
#7821=ORIENTED_EDGE('',*,*,#7804,.T.);
#7822=ORIENTED_EDGE('',*,*,#7621,.T.);
#7823=ORIENTED_EDGE('',*,*,#7801,.F.);
#7824=ORIENTED_EDGE('',*,*,#7799,.F.);
#7825=ORIENTED_EDGE('',*,*,#7797,.T.);
#7826=ORIENTED_EDGE('',*,*,#7725,.T.);
#7827=EDGE_LOOP('',(#7819,#7820,#7821,#7822,#7823,#7824,#7825,#7826));
#7828=FACE_OUTER_BOUND('',#7827,.F.);
#7830=CARTESIAN_POINT('',(1.661738389573E1,1.087E2,3.094281640544E1));
#7831=DIRECTION('',(0.E0,1.E0,0.E0));
#7832=DIRECTION('',(1.E0,0.E0,0.E0));
#7833=AXIS2_PLACEMENT_3D('',#7830,#7831,#7832);
#7834=CYLINDRICAL_SURFACE('',#7833,2.1E0);
#7836=ORIENTED_EDGE('',*,*,#7835,.F.);
#7838=ORIENTED_EDGE('',*,*,#7837,.T.);
#7840=ORIENTED_EDGE('',*,*,#7839,.T.);
#7841=ORIENTED_EDGE('',*,*,#7625,.T.);
#7843=ORIENTED_EDGE('',*,*,#7842,.F.);
#7845=ORIENTED_EDGE('',*,*,#7844,.F.);
#7847=ORIENTED_EDGE('',*,*,#7846,.T.);
#7848=ORIENTED_EDGE('',*,*,#7735,.T.);
#7849=EDGE_LOOP('',(#7836,#7838,#7840,#7841,#7843,#7845,#7847,#7848));
#7850=FACE_OUTER_BOUND('',#7849,.F.);
#7852=CARTESIAN_POINT('',(1.661738389573E1,1.087E2,3.094281640544E1));
#7853=DIRECTION('',(0.E0,1.E0,0.E0));
#7854=DIRECTION('',(1.E0,0.E0,0.E0));
#7855=AXIS2_PLACEMENT_3D('',#7852,#7853,#7854);
#7856=CYLINDRICAL_SURFACE('',#7855,2.1E0);
#7857=ORIENTED_EDGE('',*,*,#7846,.F.);
#7858=ORIENTED_EDGE('',*,*,#7844,.T.);
#7859=ORIENTED_EDGE('',*,*,#7842,.T.);
#7860=ORIENTED_EDGE('',*,*,#7627,.T.);
#7861=ORIENTED_EDGE('',*,*,#7839,.F.);
#7862=ORIENTED_EDGE('',*,*,#7837,.F.);
#7863=ORIENTED_EDGE('',*,*,#7835,.T.);
#7864=ORIENTED_EDGE('',*,*,#7737,.T.);
#7865=EDGE_LOOP('',(#7857,#7858,#7859,#7860,#7861,#7862,#7863,#7864));
#7866=FACE_OUTER_BOUND('',#7865,.F.);
#7868=CARTESIAN_POINT('',(-6.187383895726E0,1.087E2,3.094281640544E1));
#7869=DIRECTION('',(0.E0,1.E0,0.E0));
#7870=DIRECTION('',(1.E0,0.E0,0.E0));
#7871=AXIS2_PLACEMENT_3D('',#7868,#7869,#7870);
#7872=CYLINDRICAL_SURFACE('',#7871,2.1E0);
#7874=ORIENTED_EDGE('',*,*,#7873,.F.);
#7876=ORIENTED_EDGE('',*,*,#7875,.T.);
#7878=ORIENTED_EDGE('',*,*,#7877,.T.);
#7879=ORIENTED_EDGE('',*,*,#7631,.T.);
#7881=ORIENTED_EDGE('',*,*,#7880,.F.);
#7883=ORIENTED_EDGE('',*,*,#7882,.F.);
#7885=ORIENTED_EDGE('',*,*,#7884,.T.);
#7886=ORIENTED_EDGE('',*,*,#7747,.T.);
#7887=EDGE_LOOP('',(#7874,#7876,#7878,#7879,#7881,#7883,#7885,#7886));
#7888=FACE_OUTER_BOUND('',#7887,.F.);
#7890=CARTESIAN_POINT('',(-6.187383895726E0,1.087E2,3.094281640544E1));
#7891=DIRECTION('',(0.E0,1.E0,0.E0));
#7892=DIRECTION('',(1.E0,0.E0,0.E0));
#7893=AXIS2_PLACEMENT_3D('',#7890,#7891,#7892);
#7894=CYLINDRICAL_SURFACE('',#7893,2.1E0);
#7895=ORIENTED_EDGE('',*,*,#7884,.F.);
#7896=ORIENTED_EDGE('',*,*,#7882,.T.);
#7897=ORIENTED_EDGE('',*,*,#7880,.T.);
#7898=ORIENTED_EDGE('',*,*,#7633,.T.);
#7899=ORIENTED_EDGE('',*,*,#7877,.F.);
#7900=ORIENTED_EDGE('',*,*,#7875,.F.);
#7901=ORIENTED_EDGE('',*,*,#7873,.T.);
#7902=ORIENTED_EDGE('',*,*,#7749,.T.);
#7903=EDGE_LOOP('',(#7895,#7896,#7897,#7898,#7899,#7900,#7901,#7902));
#7904=FACE_OUTER_BOUND('',#7903,.F.);
#7906=CARTESIAN_POINT('',(5.215E0,1.037E2,1.9E1));
#7907=DIRECTION('',(0.E0,1.E0,0.E0));
#7908=DIRECTION('',(1.E0,0.E0,0.E0));
#7909=AXIS2_PLACEMENT_3D('',#7906,#7907,#7908);
#7910=CYLINDRICAL_SURFACE('',#7909,8.75E0);
#7912=ORIENTED_EDGE('',*,*,#7911,.T.);
#7914=ORIENTED_EDGE('',*,*,#7913,.F.);
#7915=ORIENTED_EDGE('',*,*,#7699,.F.);
#7917=ORIENTED_EDGE('',*,*,#7916,.T.);
#7918=EDGE_LOOP('',(#7912,#7914,#7915,#7917));
#7919=FACE_OUTER_BOUND('',#7918,.F.);
#7921=CARTESIAN_POINT('',(6.803529166064E1,9.805748867575E1,0.E0));
#7922=DIRECTION('',(0.E0,-1.E0,0.E0));
#7923=DIRECTION('',(0.E0,0.E0,1.E0));
#7924=AXIS2_PLACEMENT_3D('',#7921,#7922,#7923);
#7925=PLANE('',#7924);
#7927=ORIENTED_EDGE('',*,*,#7926,.T.);
#7929=ORIENTED_EDGE('',*,*,#7928,.F.);
#7931=ORIENTED_EDGE('',*,*,#7930,.F.);
#7933=ORIENTED_EDGE('',*,*,#7932,.F.);
#7935=ORIENTED_EDGE('',*,*,#7934,.F.);
#7937=ORIENTED_EDGE('',*,*,#7936,.F.);
#7939=ORIENTED_EDGE('',*,*,#7938,.T.);
#7941=ORIENTED_EDGE('',*,*,#7940,.T.);
#7943=ORIENTED_EDGE('',*,*,#7942,.F.);
#7945=ORIENTED_EDGE('',*,*,#7944,.F.);
#7947=ORIENTED_EDGE('',*,*,#7946,.F.);
#7949=ORIENTED_EDGE('',*,*,#7948,.T.);
#7950=EDGE_LOOP('',(#7927,#7929,#7931,#7933,#7935,#7937,#7939,#7941,#7943,#7945,
#7947,#7949));
#7951=FACE_OUTER_BOUND('',#7950,.F.);
#7952=ORIENTED_EDGE('',*,*,#7911,.F.);
#7954=ORIENTED_EDGE('',*,*,#7953,.F.);
#7955=EDGE_LOOP('',(#7952,#7954));
#7956=FACE_BOUND('',#7955,.F.);
#7958=CARTESIAN_POINT('',(5.215E0,1.037E2,1.9E1));
#7959=DIRECTION('',(0.E0,1.E0,0.E0));
#7960=DIRECTION('',(1.E0,0.E0,0.E0));
#7961=AXIS2_PLACEMENT_3D('',#7958,#7959,#7960);
#7962=CYLINDRICAL_SURFACE('',#7961,8.75E0);
#7963=ORIENTED_EDGE('',*,*,#7953,.T.);
#7964=ORIENTED_EDGE('',*,*,#7916,.F.);
#7965=ORIENTED_EDGE('',*,*,#7701,.F.);
#7966=ORIENTED_EDGE('',*,*,#7913,.T.);
#7967=EDGE_LOOP('',(#7963,#7964,#7965,#7966));
#7968=FACE_OUTER_BOUND('',#7967,.F.);
#7970=CARTESIAN_POINT('',(2.579706883276E2,1.000574886757E2,2.E0));
#7971=DIRECTION('',(-1.E0,0.E0,0.E0));
#7972=DIRECTION('',(0.E0,0.E0,-1.E0));
#7973=AXIS2_PLACEMENT_3D('',#7970,#7971,#7972);
#7974=CYLINDRICAL_SURFACE('',#7973,2.E0);
#7975=ORIENTED_EDGE('',*,*,#7926,.F.);
#7977=ORIENTED_EDGE('',*,*,#7976,.T.);
#7978=ORIENTED_EDGE('',*,*,#4598,.T.);
#7980=ORIENTED_EDGE('',*,*,#7979,.F.);
#7981=EDGE_LOOP('',(#7975,#7977,#7978,#7980));
#7982=FACE_OUTER_BOUND('',#7981,.F.);
#7984=CARTESIAN_POINT('',(1.243E1,-1.617664272997E2,2.E0));
#7985=DIRECTION('',(0.E0,1.E0,0.E0));
#7986=DIRECTION('',(0.E0,0.E0,-1.E0));
#7987=AXIS2_PLACEMENT_3D('',#7984,#7985,#7986);
#7988=CYLINDRICAL_SURFACE('',#7987,2.E0);
#7989=ORIENTED_EDGE('',*,*,#4600,.T.);
#7990=ORIENTED_EDGE('',*,*,#7976,.F.);
#7992=ORIENTED_EDGE('',*,*,#7991,.F.);
#7994=ORIENTED_EDGE('',*,*,#7993,.T.);
#7995=EDGE_LOOP('',(#7989,#7990,#7992,#7994));
#7996=FACE_OUTER_BOUND('',#7995,.F.);
#7998=CARTESIAN_POINT('',(1.043E1,6.920862984123E1,3.8E1));
#7999=DIRECTION('',(1.E0,0.E0,0.E0));
#8000=DIRECTION('',(0.E0,1.E0,0.E0));
#8001=AXIS2_PLACEMENT_3D('',#7998,#7999,#8000);
#8002=PLANE('',#8001);
#8004=ORIENTED_EDGE('',*,*,#8003,.T.);
#8006=ORIENTED_EDGE('',*,*,#8005,.T.);
#8008=ORIENTED_EDGE('',*,*,#8007,.F.);
#8010=ORIENTED_EDGE('',*,*,#8009,.F.);
#8011=EDGE_LOOP('',(#8004,#8006,#8008,#8010));
#8012=FACE_OUTER_BOUND('',#8011,.F.);
#8014=CARTESIAN_POINT('',(1.043E1,6.920862984123E1,3.8E1));
#8015=DIRECTION('',(1.E0,0.E0,0.E0));
#8016=DIRECTION('',(0.E0,1.E0,0.E0));
#8017=AXIS2_PLACEMENT_3D('',#8014,#8015,#8016);
#8018=PLANE('',#8017);
#8019=ORIENTED_EDGE('',*,*,#7991,.T.);
#8020=ORIENTED_EDGE('',*,*,#7948,.F.);
#8022=ORIENTED_EDGE('',*,*,#8021,.T.);
#8024=ORIENTED_EDGE('',*,*,#8023,.T.);
#8025=EDGE_LOOP('',(#8019,#8020,#8022,#8024));
#8026=FACE_OUTER_BOUND('',#8025,.F.);
#8028=CARTESIAN_POINT('',(1.243E1,9.859835817707E1,3.6E1));
#8029=DIRECTION('',(0.E0,-1.E0,0.E0));
#8030=DIRECTION('',(0.E0,0.E0,1.E0));
#8031=AXIS2_PLACEMENT_3D('',#8028,#8029,#8030);
#8032=CYLINDRICAL_SURFACE('',#8031,2.E0);
#8033=ORIENTED_EDGE('',*,*,#8003,.F.);
#8035=ORIENTED_EDGE('',*,*,#8034,.F.);
#8036=ORIENTED_EDGE('',*,*,#7076,.T.);
#8038=ORIENTED_EDGE('',*,*,#8037,.F.);
#8039=EDGE_LOOP('',(#8033,#8035,#8036,#8038));
#8040=FACE_OUTER_BOUND('',#8039,.F.);
#8042=CARTESIAN_POINT('',(8.43E0,9.605748867575E1,3.6E1));
#8043=DIRECTION('',(0.E0,0.E0,-1.E0));
#8044=DIRECTION('',(-1.892246934117E-1,9.819338141663E-1,0.E0));
#8045=AXIS2_PLACEMENT_3D('',#8042,#8043,#8044);
#8046=TOROIDAL_SURFACE('',#8045,4.E0,2.E0);
#8047=ORIENTED_EDGE('',*,*,#7078,.T.);
#8048=ORIENTED_EDGE('',*,*,#8034,.T.);
#8050=ORIENTED_EDGE('',*,*,#8049,.F.);
#8052=ORIENTED_EDGE('',*,*,#8051,.F.);
#8053=EDGE_LOOP('',(#8047,#8048,#8050,#8052));
#8054=FACE_OUTER_BOUND('',#8053,.F.);
#8056=CARTESIAN_POINT('',(8.43E0,9.605748867575E1,2.570062534423E2));
#8057=DIRECTION('',(0.E0,0.E0,-1.E0));
#8058=DIRECTION('',(0.E0,1.E0,0.E0));
#8059=AXIS2_PLACEMENT_3D('',#8056,#8057,#8058);
#8060=CYLINDRICAL_SURFACE('',#8059,2.E0);
#8061=ORIENTED_EDGE('',*,*,#8049,.T.);
#8062=ORIENTED_EDGE('',*,*,#8009,.T.);
#8064=ORIENTED_EDGE('',*,*,#8063,.T.);
#8065=ORIENTED_EDGE('',*,*,#7940,.F.);
#8066=EDGE_LOOP('',(#8061,#8062,#8064,#8065));
#8067=FACE_OUTER_BOUND('',#8066,.F.);
#8069=CARTESIAN_POINT('',(1.773062673445E1,1.305748867575E1,3.272345965495E1));
#8070=DIRECTION('',(0.E0,0.E0,1.E0));
#8071=DIRECTION('',(-1.E0,0.E0,0.E0));
#8072=AXIS2_PLACEMENT_3D('',#8069,#8070,#8071);
#8073=PLANE('',#8072);
#8075=ORIENTED_EDGE('',*,*,#8074,.T.);
#8077=ORIENTED_EDGE('',*,*,#8076,.T.);
#8078=ORIENTED_EDGE('',*,*,#7942,.T.);
#8079=ORIENTED_EDGE('',*,*,#8063,.F.);
#8080=ORIENTED_EDGE('',*,*,#8007,.T.);
#8082=ORIENTED_EDGE('',*,*,#8081,.F.);
#8084=ORIENTED_EDGE('',*,*,#8083,.F.);
#8086=ORIENTED_EDGE('',*,*,#8085,.F.);
#8087=ORIENTED_EDGE('',*,*,#7934,.T.);
#8089=ORIENTED_EDGE('',*,*,#8088,.F.);
#8091=ORIENTED_EDGE('',*,*,#8090,.T.);
#8092=EDGE_LOOP('',(#8075,#8077,#8078,#8079,#8080,#8082,#8084,#8086,#8087,#8089,
#8091));
#8093=FACE_OUTER_BOUND('',#8092,.F.);
#8095=CARTESIAN_POINT('',(3.920223950545E0,4.251066445070E0,3.372345965495E1));
#8096=DIRECTION('',(0.E0,0.E0,1.E0));
#8097=DIRECTION('',(-6.905850042150E-2,9.976126119489E-1,0.E0));
#8098=AXIS2_PLACEMENT_3D('',#8095,#8096,#8097);
#8099=TOROIDAL_SURFACE('',#8098,5.581475473545E1,1.E0);
#8100=ORIENTED_EDGE('',*,*,#8074,.F.);
#8102=ORIENTED_EDGE('',*,*,#8101,.F.);
#8104=ORIENTED_EDGE('',*,*,#8103,.T.);
#8106=ORIENTED_EDGE('',*,*,#8105,.F.);
#8108=ORIENTED_EDGE('',*,*,#8107,.T.);
#8109=EDGE_LOOP('',(#8100,#8102,#8104,#8106,#8108));
#8110=FACE_OUTER_BOUND('',#8109,.F.);
#8112=CARTESIAN_POINT('',(2.16E0,3.241086041653E1,3.372345965495E1));
#8113=DIRECTION('',(0.E0,0.E0,1.E0));
#8114=DIRECTION('',(-4.738922376539E-2,9.988764996089E-1,0.E0));
#8115=AXIS2_PLACEMENT_3D('',#8112,#8113,#8114);
#8116=TOROIDAL_SURFACE('',#8115,2.759999999640E1,1.E0);
#8118=ORIENTED_EDGE('',*,*,#8117,.T.);
#8119=ORIENTED_EDGE('',*,*,#8101,.T.);
#8120=ORIENTED_EDGE('',*,*,#8090,.F.);
#8122=ORIENTED_EDGE('',*,*,#8121,.T.);
#8124=ORIENTED_EDGE('',*,*,#8123,.T.);
#8125=EDGE_LOOP('',(#8118,#8119,#8120,#8122,#8124));
#8126=FACE_OUTER_BOUND('',#8125,.F.);
#8128=CARTESIAN_POINT('',(2.16E0,3.241086041653E1,0.E0));
#8129=DIRECTION('',(0.E0,0.E0,1.E0));
#8130=DIRECTION('',(1.E0,0.E0,0.E0));
#8131=AXIS2_PLACEMENT_3D('',#8128,#8129,#8130);
#8132=CYLINDRICAL_SURFACE('',#8131,2.66E1);
#8134=ORIENTED_EDGE('',*,*,#8133,.T.);
#8136=ORIENTED_EDGE('',*,*,#8135,.F.);
#8137=ORIENTED_EDGE('',*,*,#6097,.F.);
#8138=ORIENTED_EDGE('',*,*,#6616,.T.);
#8140=ORIENTED_EDGE('',*,*,#8139,.T.);
#8142=ORIENTED_EDGE('',*,*,#8141,.T.);
#8144=ORIENTED_EDGE('',*,*,#8143,.F.);
#8145=ORIENTED_EDGE('',*,*,#8117,.F.);
#8146=EDGE_LOOP('',(#8134,#8136,#8137,#8138,#8140,#8142,#8144,#8145));
#8147=FACE_OUTER_BOUND('',#8146,.F.);
#8149=CARTESIAN_POINT('',(-8.300626734452E0,5.795171569435E1,2.570062534423E2));
#8150=DIRECTION('',(0.E0,0.E0,-1.E0));
#8151=DIRECTION('',(1.E0,0.E0,0.E0));
#8152=AXIS2_PLACEMENT_3D('',#8149,#8150,#8151);
#8153=CYLINDRICAL_SURFACE('',#8152,1.E0);
#8154=ORIENTED_EDGE('',*,*,#8133,.F.);
#8155=ORIENTED_EDGE('',*,*,#8123,.F.);
#8157=ORIENTED_EDGE('',*,*,#8156,.F.);
#8159=ORIENTED_EDGE('',*,*,#8158,.T.);
#8160=EDGE_LOOP('',(#8154,#8155,#8157,#8159));
#8161=FACE_OUTER_BOUND('',#8160,.F.);
#8163=CARTESIAN_POINT('',(-7.300626734452E0,1.305748867575E1,3.272345965495E1));
#8164=DIRECTION('',(-1.E0,0.E0,0.E0));
#8165=DIRECTION('',(0.E0,0.E0,-1.E0));
#8166=AXIS2_PLACEMENT_3D('',#8163,#8164,#8165);
#8167=PLANE('',#8166);
#8168=ORIENTED_EDGE('',*,*,#8156,.T.);
#8169=ORIENTED_EDGE('',*,*,#8121,.F.);
#8170=ORIENTED_EDGE('',*,*,#8088,.T.);
#8171=ORIENTED_EDGE('',*,*,#7932,.T.);
#8173=ORIENTED_EDGE('',*,*,#8172,.F.);
#8174=EDGE_LOOP('',(#8168,#8169,#8170,#8171,#8173));
#8175=FACE_OUTER_BOUND('',#8174,.F.);
#8177=CARTESIAN_POINT('',(-7.300626734452E0,1.305748867575E1,5.276540345046E0));
#8178=DIRECTION('',(0.E0,0.E0,-1.E0));
#8179=DIRECTION('',(1.E0,0.E0,0.E0));
#8180=AXIS2_PLACEMENT_3D('',#8177,#8178,#8179);
#8181=PLANE('',#8180);
#8182=ORIENTED_EDGE('',*,*,#8135,.T.);
#8183=ORIENTED_EDGE('',*,*,#8158,.F.);
#8184=ORIENTED_EDGE('',*,*,#8172,.T.);
#8185=ORIENTED_EDGE('',*,*,#7930,.T.);
#8187=ORIENTED_EDGE('',*,*,#8186,.T.);
#8189=ORIENTED_EDGE('',*,*,#8188,.T.);
#8190=ORIENTED_EDGE('',*,*,#8021,.F.);
#8191=ORIENTED_EDGE('',*,*,#7946,.T.);
#8193=ORIENTED_EDGE('',*,*,#8192,.F.);
#8195=ORIENTED_EDGE('',*,*,#8194,.T.);
#8196=ORIENTED_EDGE('',*,*,#6099,.F.);
#8197=EDGE_LOOP('',(#8182,#8183,#8184,#8185,#8187,#8189,#8190,#8191,#8193,#8195,
#8196));
#8198=FACE_OUTER_BOUND('',#8197,.F.);
#8200=CARTESIAN_POINT('',(0.E0,9.805748867575E1,3.8E1));
#8201=DIRECTION('',(-1.E0,0.E0,0.E0));
#8202=DIRECTION('',(0.E0,-1.E0,0.E0));
#8203=AXIS2_PLACEMENT_3D('',#8200,#8201,#8202);
#8204=PLANE('',#8203);
#8206=ORIENTED_EDGE('',*,*,#8205,.T.);
#8208=ORIENTED_EDGE('',*,*,#8207,.T.);
#8209=ORIENTED_EDGE('',*,*,#8083,.T.);
#8211=ORIENTED_EDGE('',*,*,#8210,.F.);
#8212=EDGE_LOOP('',(#8206,#8208,#8209,#8211));
#8213=FACE_OUTER_BOUND('',#8212,.F.);
#8215=CARTESIAN_POINT('',(0.E0,9.805748867575E1,3.8E1));
#8216=DIRECTION('',(-1.E0,0.E0,0.E0));
#8217=DIRECTION('',(0.E0,-1.E0,0.E0));
#8218=AXIS2_PLACEMENT_3D('',#8215,#8216,#8217);
#8219=PLANE('',#8218);
#8221=ORIENTED_EDGE('',*,*,#8220,.T.);
#8223=ORIENTED_EDGE('',*,*,#8222,.F.);
#8224=ORIENTED_EDGE('',*,*,#8186,.F.);
#8225=ORIENTED_EDGE('',*,*,#7928,.T.);
#8226=EDGE_LOOP('',(#8221,#8223,#8224,#8225));
#8227=FACE_OUTER_BOUND('',#8226,.F.);
#8229=CARTESIAN_POINT('',(-2.E0,-1.617664272997E2,3.6E1));
#8230=DIRECTION('',(0.E0,1.E0,0.E0));
#8231=DIRECTION('',(0.E0,0.E0,1.E0));
#8232=AXIS2_PLACEMENT_3D('',#8229,#8230,#8231);
#8233=CYLINDRICAL_SURFACE('',#8232,2.E0);
#8234=ORIENTED_EDGE('',*,*,#7072,.T.);
#8236=ORIENTED_EDGE('',*,*,#8235,.T.);
#8237=ORIENTED_EDGE('',*,*,#8205,.F.);
#8239=ORIENTED_EDGE('',*,*,#8238,.T.);
#8240=EDGE_LOOP('',(#8234,#8236,#8237,#8239));
#8241=FACE_OUTER_BOUND('',#8240,.F.);
#8243=CARTESIAN_POINT('',(2.E0,9.605748867575E1,3.6E1));
#8244=DIRECTION('',(0.E0,0.E0,-1.E0));
#8245=DIRECTION('',(-9.819338141663E-1,-1.892246934117E-1,0.E0));
#8246=AXIS2_PLACEMENT_3D('',#8243,#8244,#8245);
#8247=TOROIDAL_SURFACE('',#8246,4.E0,2.E0);
#8248=ORIENTED_EDGE('',*,*,#7082,.T.);
#8250=ORIENTED_EDGE('',*,*,#8249,.T.);
#8252=ORIENTED_EDGE('',*,*,#8251,.F.);
#8253=ORIENTED_EDGE('',*,*,#8235,.F.);
#8254=EDGE_LOOP('',(#8248,#8250,#8252,#8253));
#8255=FACE_OUTER_BOUND('',#8254,.F.);
#8257=CARTESIAN_POINT('',(-7.872130551872E0,1.000574886757E2,3.6E1));
#8258=DIRECTION('',(1.E0,0.E0,0.E0));
#8259=DIRECTION('',(0.E0,0.E0,1.E0));
#8260=AXIS2_PLACEMENT_3D('',#8257,#8258,#8259);
#8261=CYLINDRICAL_SURFACE('',#8260,2.E0);
#8262=ORIENTED_EDGE('',*,*,#7080,.T.);
#8263=ORIENTED_EDGE('',*,*,#8051,.T.);
#8264=ORIENTED_EDGE('',*,*,#7938,.F.);
#8265=ORIENTED_EDGE('',*,*,#8249,.F.);
#8266=EDGE_LOOP('',(#8262,#8263,#8264,#8265));
#8267=FACE_OUTER_BOUND('',#8266,.F.);
#8269=CARTESIAN_POINT('',(2.E0,9.605748867575E1,2.570062534423E2));
#8270=DIRECTION('',(0.E0,0.E0,-1.E0));
#8271=DIRECTION('',(-1.E0,0.E0,0.E0));
#8272=AXIS2_PLACEMENT_3D('',#8269,#8270,#8271);
#8273=CYLINDRICAL_SURFACE('',#8272,2.E0);
#8274=ORIENTED_EDGE('',*,*,#8251,.T.);
#8275=ORIENTED_EDGE('',*,*,#7936,.T.);
#8276=ORIENTED_EDGE('',*,*,#8085,.T.);
#8277=ORIENTED_EDGE('',*,*,#8207,.F.);
#8278=EDGE_LOOP('',(#8274,#8275,#8276,#8277));
#8279=FACE_OUTER_BOUND('',#8278,.F.);
#8281=CARTESIAN_POINT('',(2.579706883276E2,6.720862984123E1,3.6E1));
#8282=DIRECTION('',(-1.E0,0.E0,0.E0));
#8283=DIRECTION('',(0.E0,0.E0,1.E0));
#8284=AXIS2_PLACEMENT_3D('',#8281,#8282,#8283);
#8285=CYLINDRICAL_SURFACE('',#8284,2.E0);
#8287=ORIENTED_EDGE('',*,*,#8286,.F.);
#8288=ORIENTED_EDGE('',*,*,#8037,.T.);
#8289=ORIENTED_EDGE('',*,*,#7074,.T.);
#8290=ORIENTED_EDGE('',*,*,#8238,.F.);
#8291=EDGE_LOOP('',(#8287,#8288,#8289,#8290));
#8292=FACE_OUTER_BOUND('',#8291,.F.);
#8294=CARTESIAN_POINT('',(0.E0,6.920862984123E1,3.8E1));
#8295=DIRECTION('',(0.E0,-1.E0,0.E0));
#8296=DIRECTION('',(1.E0,0.E0,0.E0));
#8297=AXIS2_PLACEMENT_3D('',#8294,#8295,#8296);
#8298=PLANE('',#8297);
#8299=ORIENTED_EDGE('',*,*,#8286,.T.);
#8300=ORIENTED_EDGE('',*,*,#8210,.T.);
#8301=ORIENTED_EDGE('',*,*,#8081,.T.);
#8302=ORIENTED_EDGE('',*,*,#8005,.F.);
#8303=EDGE_LOOP('',(#8299,#8300,#8301,#8302));
#8304=FACE_OUTER_BOUND('',#8303,.F.);
#8306=CARTESIAN_POINT('',(0.E0,6.920862984123E1,3.8E1));
#8307=DIRECTION('',(0.E0,-1.E0,0.E0));
#8308=DIRECTION('',(1.E0,0.E0,0.E0));
#8309=AXIS2_PLACEMENT_3D('',#8306,#8307,#8308);
#8310=PLANE('',#8309);
#8312=ORIENTED_EDGE('',*,*,#8311,.T.);
#8313=ORIENTED_EDGE('',*,*,#8023,.F.);
#8314=ORIENTED_EDGE('',*,*,#8188,.F.);
#8315=ORIENTED_EDGE('',*,*,#8222,.T.);
#8316=EDGE_LOOP('',(#8312,#8313,#8314,#8315));
#8317=FACE_OUTER_BOUND('',#8316,.F.);
#8319=CARTESIAN_POINT('',(-2.419091569434E2,6.720862984123E1,2.E0));
#8320=DIRECTION('',(1.E0,0.E0,0.E0));
#8321=DIRECTION('',(0.E0,0.E0,-1.E0));
#8322=AXIS2_PLACEMENT_3D('',#8319,#8320,#8321);
#8323=CYLINDRICAL_SURFACE('',#8322,2.E0);
#8324=ORIENTED_EDGE('',*,*,#8311,.F.);
#8326=ORIENTED_EDGE('',*,*,#8325,.T.);
#8327=ORIENTED_EDGE('',*,*,#4594,.T.);
#8328=ORIENTED_EDGE('',*,*,#7993,.F.);
#8329=EDGE_LOOP('',(#8324,#8326,#8327,#8328));
#8330=FACE_OUTER_BOUND('',#8329,.F.);
#8332=CARTESIAN_POINT('',(-2.E0,2.633219980152E2,2.E0));
#8333=DIRECTION('',(0.E0,-1.E0,0.E0));
#8334=DIRECTION('',(0.E0,0.E0,-1.E0));
#8335=AXIS2_PLACEMENT_3D('',#8332,#8333,#8334);
#8336=CYLINDRICAL_SURFACE('',#8335,2.E0);
#8337=ORIENTED_EDGE('',*,*,#8220,.F.);
#8338=ORIENTED_EDGE('',*,*,#7979,.T.);
#8339=ORIENTED_EDGE('',*,*,#4596,.T.);
#8340=ORIENTED_EDGE('',*,*,#8325,.F.);
#8341=EDGE_LOOP('',(#8337,#8338,#8339,#8340));
#8342=FACE_OUTER_BOUND('',#8341,.F.);
#8344=CARTESIAN_POINT('',(1.773062673445E1,1.305748867575E1,5.276540345046E0));
#8345=DIRECTION('',(1.E0,0.E0,0.E0));
#8346=DIRECTION('',(0.E0,0.E0,1.E0));
#8347=AXIS2_PLACEMENT_3D('',#8344,#8345,#8346);
#8348=PLANE('',#8347);
#8349=ORIENTED_EDGE('',*,*,#8076,.F.);
#8350=ORIENTED_EDGE('',*,*,#8107,.F.);
#8352=ORIENTED_EDGE('',*,*,#8351,.T.);
#8354=ORIENTED_EDGE('',*,*,#8353,.F.);
#8355=ORIENTED_EDGE('',*,*,#8192,.T.);
#8356=ORIENTED_EDGE('',*,*,#7944,.T.);
#8357=EDGE_LOOP('',(#8349,#8350,#8352,#8354,#8355,#8356));
#8358=FACE_OUTER_BOUND('',#8357,.F.);
#8360=CARTESIAN_POINT('',(1.873062673445E1,5.806499415653E1,2.570062534423E2));
#8361=DIRECTION('',(0.E0,0.E0,-1.E0));
#8362=DIRECTION('',(-2.653492406029E-1,-9.641523637431E-1,0.E0));
#8363=AXIS2_PLACEMENT_3D('',#8360,#8361,#8362);
#8364=CYLINDRICAL_SURFACE('',#8363,1.E0);
#8366=ORIENTED_EDGE('',*,*,#8365,.T.);
#8368=ORIENTED_EDGE('',*,*,#8367,.F.);
#8369=ORIENTED_EDGE('',*,*,#8351,.F.);
#8370=ORIENTED_EDGE('',*,*,#8105,.T.);
#8371=EDGE_LOOP('',(#8366,#8368,#8369,#8370));
#8372=FACE_OUTER_BOUND('',#8371,.F.);
#8374=CARTESIAN_POINT('',(3.920223950545E0,4.251066445070E0,0.E0));
#8375=DIRECTION('',(0.E0,0.E0,1.E0));
#8376=DIRECTION('',(1.E0,0.E0,0.E0));
#8377=AXIS2_PLACEMENT_3D('',#8374,#8375,#8376);
#8378=CYLINDRICAL_SURFACE('',#8377,5.481475473703E1);
#8379=ORIENTED_EDGE('',*,*,#8103,.F.);
#8380=ORIENTED_EDGE('',*,*,#8143,.T.);
#8382=ORIENTED_EDGE('',*,*,#8381,.T.);
#8384=ORIENTED_EDGE('',*,*,#8383,.F.);
#8386=ORIENTED_EDGE('',*,*,#8385,.T.);
#8387=ORIENTED_EDGE('',*,*,#6103,.T.);
#8389=ORIENTED_EDGE('',*,*,#8388,.F.);
#8390=ORIENTED_EDGE('',*,*,#8365,.F.);
#8391=EDGE_LOOP('',(#8379,#8380,#8382,#8384,#8386,#8387,#8389,#8390));
#8392=FACE_OUTER_BOUND('',#8391,.F.);
#8394=CARTESIAN_POINT('',(3.920223950545E0,4.251066445070E0,3.7E1));
#8395=DIRECTION('',(0.E0,0.E0,1.E0));
#8396=DIRECTION('',(-6.951097390080E-2,9.975811869253E-1,0.E0));
#8397=AXIS2_PLACEMENT_3D('',#8394,#8395,#8396);
#8398=TOROIDAL_SURFACE('',#8397,5.581475473594E1,1.E0);
#8399=ORIENTED_EDGE('',*,*,#7040,.T.);
#8400=ORIENTED_EDGE('',*,*,#7097,.F.);
#8401=ORIENTED_EDGE('',*,*,#8381,.F.);
#8403=ORIENTED_EDGE('',*,*,#8402,.F.);
#8404=EDGE_LOOP('',(#8399,#8400,#8401,#8403));
#8405=FACE_OUTER_BOUND('',#8404,.F.);
#8407=CARTESIAN_POINT('',(2.16E0,3.241086041653E1,3.7E1));
#8408=DIRECTION('',(0.E0,0.E0,1.E0));
#8409=DIRECTION('',(-5.204415810316E-2,9.986447844991E-1,0.E0));
#8410=AXIS2_PLACEMENT_3D('',#8407,#8408,#8409);
#8411=TOROIDAL_SURFACE('',#8410,2.759999999826E1,1.E0);
#8412=ORIENTED_EDGE('',*,*,#7042,.T.);
#8413=ORIENTED_EDGE('',*,*,#8402,.T.);
#8414=ORIENTED_EDGE('',*,*,#8141,.F.);
#8416=ORIENTED_EDGE('',*,*,#8415,.T.);
#8417=EDGE_LOOP('',(#8412,#8413,#8414,#8416));
#8418=FACE_OUTER_BOUND('',#8417,.F.);
#8420=CARTESIAN_POINT('',(-4.231979534141E1,2.311072650003E1,3.7E1));
#8421=DIRECTION('',(6.557422633019E-1,7.549848237678E-1,0.E0));
#8422=DIRECTION('',(0.E0,0.E0,1.E0));
#8423=AXIS2_PLACEMENT_3D('',#8420,#8421,#8422);
#8424=CYLINDRICAL_SURFACE('',#8423,1.E0);
#8426=ORIENTED_EDGE('',*,*,#8425,.F.);
#8428=ORIENTED_EDGE('',*,*,#8427,.F.);
#8429=ORIENTED_EDGE('',*,*,#7044,.T.);
#8430=ORIENTED_EDGE('',*,*,#8415,.F.);
#8431=EDGE_LOOP('',(#8426,#8428,#8429,#8430));
#8432=FACE_OUTER_BOUND('',#8431,.F.);
#8434=CARTESIAN_POINT('',(-4.138430794502E1,2.266280476411E1,0.E0));
#8435=DIRECTION('',(7.549848237678E-1,-6.557422633019E-1,0.E0));
#8436=DIRECTION('',(6.557422633019E-1,7.549848237678E-1,0.E0));
#8437=AXIS2_PLACEMENT_3D('',#8434,#8435,#8436);
#8438=PLANE('',#8437);
#8439=ORIENTED_EDGE('',*,*,#8425,.T.);
#8440=ORIENTED_EDGE('',*,*,#8139,.F.);
#8441=ORIENTED_EDGE('',*,*,#6629,.T.);
#8443=ORIENTED_EDGE('',*,*,#8442,.T.);
#8444=EDGE_LOOP('',(#8439,#8440,#8441,#8443));
#8445=FACE_OUTER_BOUND('',#8444,.F.);
#8447=CARTESIAN_POINT('',(-6.457969754077E0,-7.672475274867E0,0.E0));
#8448=DIRECTION('',(0.E0,0.E0,1.E0));
#8449=DIRECTION('',(1.E0,0.E0,0.E0));
#8450=AXIS2_PLACEMENT_3D('',#8447,#8448,#8449);
#8451=CYLINDRICAL_SURFACE('',#8450,4.626098047459E1);
#8452=ORIENTED_EDGE('',*,*,#6643,.T.);
#8454=ORIENTED_EDGE('',*,*,#8453,.T.);
#8455=ORIENTED_EDGE('',*,*,#6859,.F.);
#8457=ORIENTED_EDGE('',*,*,#8456,.T.);
#8458=ORIENTED_EDGE('',*,*,#6937,.T.);
#8460=ORIENTED_EDGE('',*,*,#8459,.T.);
#8462=ORIENTED_EDGE('',*,*,#8461,.T.);
#8463=ORIENTED_EDGE('',*,*,#8442,.F.);
#8464=EDGE_LOOP('',(#8452,#8454,#8455,#8457,#8458,#8460,#8462,#8463));
#8465=FACE_OUTER_BOUND('',#8464,.F.);
#8467=CARTESIAN_POINT('',(-5.207826608836E1,-7.918903415372E0,0.E0));
#8468=DIRECTION('',(1.E0,0.E0,0.E0));
#8469=DIRECTION('',(0.E0,1.E0,0.E0));
#8470=AXIS2_PLACEMENT_3D('',#8467,#8468,#8469);
#8471=PLANE('',#8470);
#8472=ORIENTED_EDGE('',*,*,#7002,.F.);
#8474=ORIENTED_EDGE('',*,*,#8473,.F.);
#8475=ORIENTED_EDGE('',*,*,#8459,.F.);
#8476=ORIENTED_EDGE('',*,*,#6935,.F.);
#8477=EDGE_LOOP('',(#8472,#8474,#8475,#8476));
#8478=FACE_OUTER_BOUND('',#8477,.F.);
#8480=CARTESIAN_POINT('',(-5.207826608836E1,-7.918903415372E0,0.E0));
#8481=DIRECTION('',(1.E0,0.E0,0.E0));
#8482=DIRECTION('',(0.E0,1.E0,0.E0));
#8483=AXIS2_PLACEMENT_3D('',#8480,#8481,#8482);
#8484=PLANE('',#8483);
#8485=ORIENTED_EDGE('',*,*,#6657,.F.);
#8487=ORIENTED_EDGE('',*,*,#8486,.F.);
#8488=ORIENTED_EDGE('',*,*,#6861,.F.);
#8489=ORIENTED_EDGE('',*,*,#8453,.F.);
#8490=EDGE_LOOP('',(#8485,#8487,#8488,#8489));
#8491=FACE_OUTER_BOUND('',#8490,.F.);
#8493=CARTESIAN_POINT('',(-5.307826608836E1,2.633219980152E2,3.7E1));
#8494=DIRECTION('',(0.E0,-1.E0,0.E0));
#8495=DIRECTION('',(1.E0,0.E0,0.E0));
#8496=AXIS2_PLACEMENT_3D('',#8493,#8494,#8495);
#8497=CYLINDRICAL_SURFACE('',#8496,1.E0);
#8498=ORIENTED_EDGE('',*,*,#8473,.T.);
#8499=ORIENTED_EDGE('',*,*,#7014,.T.);
#8500=ORIENTED_EDGE('',*,*,#7048,.F.);
#8502=ORIENTED_EDGE('',*,*,#8501,.T.);
#8503=EDGE_LOOP('',(#8498,#8499,#8500,#8502));
#8504=FACE_OUTER_BOUND('',#8503,.F.);
#8506=CARTESIAN_POINT('',(-6.457969754077E0,-7.672475274867E0,3.7E1));
#8507=DIRECTION('',(0.E0,0.E0,1.E0));
#8508=DIRECTION('',(-7.510653915052E-1,6.602278225606E-1,0.E0));
#8509=AXIS2_PLACEMENT_3D('',#8506,#8507,#8508);
#8510=TOROIDAL_SURFACE('',#8509,4.726098047361E1,1.E0);
#8511=ORIENTED_EDGE('',*,*,#8461,.F.);
#8512=ORIENTED_EDGE('',*,*,#8501,.F.);
#8513=ORIENTED_EDGE('',*,*,#7046,.T.);
#8514=ORIENTED_EDGE('',*,*,#8427,.T.);
#8515=EDGE_LOOP('',(#8511,#8512,#8513,#8514));
#8516=FACE_OUTER_BOUND('',#8515,.F.);
#8518=CARTESIAN_POINT('',(-5.307826608836E1,-6.918903415372E0,8.75368E1));
#8519=DIRECTION('',(0.E0,0.E0,-1.E0));
#8520=DIRECTION('',(1.E0,0.E0,0.E0));
#8521=AXIS2_PLACEMENT_3D('',#8518,#8519,#8520);
#8522=CYLINDRICAL_SURFACE('',#8521,1.E0);
#8523=ORIENTED_EDGE('',*,*,#6863,.T.);
#8524=ORIENTED_EDGE('',*,*,#8486,.T.);
#8525=ORIENTED_EDGE('',*,*,#6670,.T.);
#8526=ORIENTED_EDGE('',*,*,#6984,.F.);
#8527=EDGE_LOOP('',(#8523,#8524,#8525,#8526));
#8528=FACE_OUTER_BOUND('',#8527,.F.);
#8530=CARTESIAN_POINT('',(-9.5E1,3.43E0,6.04E0));
#8531=DIRECTION('',(0.E0,1.E0,0.E0));
#8532=DIRECTION('',(0.E0,0.E0,1.E0));
#8533=AXIS2_PLACEMENT_3D('',#8530,#8531,#8532);
#8534=PLANE('',#8533);
#8536=ORIENTED_EDGE('',*,*,#8535,.T.);
#8537=ORIENTED_EDGE('',*,*,#6959,.T.);
#8538=ORIENTED_EDGE('',*,*,#7174,.F.);
#8539=ORIENTED_EDGE('',*,*,#6890,.F.);
#8540=EDGE_LOOP('',(#8536,#8537,#8538,#8539));
#8541=FACE_OUTER_BOUND('',#8540,.F.);
#8543=CARTESIAN_POINT('',(-9.5E1,3.43E0,6.04E0));
#8544=DIRECTION('',(0.E0,1.E0,0.E0));
#8545=DIRECTION('',(0.E0,0.E0,1.E0));
#8546=AXIS2_PLACEMENT_3D('',#8543,#8544,#8545);
#8547=PLANE('',#8546);
#8549=ORIENTED_EDGE('',*,*,#8548,.T.);
#8550=ORIENTED_EDGE('',*,*,#6939,.T.);
#8551=ORIENTED_EDGE('',*,*,#8456,.F.);
#8552=ORIENTED_EDGE('',*,*,#6857,.F.);
#8553=EDGE_LOOP('',(#8549,#8550,#8551,#8552));
#8554=FACE_OUTER_BOUND('',#8553,.F.);
#8556=CARTESIAN_POINT('',(5.816476045361E1,1.213697770811E1,0.E0));
#8557=DIRECTION('',(-1.E0,0.E0,0.E0));
#8558=DIRECTION('',(0.E0,-1.E0,0.E0));
#8559=AXIS2_PLACEMENT_3D('',#8556,#8557,#8558);
#8560=PLANE('',#8559);
#8561=ORIENTED_EDGE('',*,*,#7095,.F.);
#8563=ORIENTED_EDGE('',*,*,#8562,.F.);
#8564=ORIENTED_EDGE('',*,*,#6961,.F.);
#8565=ORIENTED_EDGE('',*,*,#8535,.F.);
#8566=ORIENTED_EDGE('',*,*,#6888,.F.);
#8568=ORIENTED_EDGE('',*,*,#8567,.T.);
#8570=ORIENTED_EDGE('',*,*,#8569,.T.);
#8571=ORIENTED_EDGE('',*,*,#8383,.T.);
#8572=EDGE_LOOP('',(#8561,#8563,#8564,#8565,#8566,#8568,#8570,#8571));
#8573=FACE_OUTER_BOUND('',#8572,.F.);
#8575=CARTESIAN_POINT('',(5.916476045361E1,-5.268240056004E0,-4.95368E1));
#8576=DIRECTION('',(0.E0,0.E0,1.E0));
#8577=DIRECTION('',(-1.E0,0.E0,0.E0));
#8578=AXIS2_PLACEMENT_3D('',#8575,#8576,#8577);
#8579=CYLINDRICAL_SURFACE('',#8578,1.E0);
#8580=ORIENTED_EDGE('',*,*,#6963,.T.);
#8581=ORIENTED_EDGE('',*,*,#8562,.T.);
#8582=ORIENTED_EDGE('',*,*,#7109,.T.);
#8584=ORIENTED_EDGE('',*,*,#8583,.F.);
#8585=EDGE_LOOP('',(#8580,#8581,#8582,#8584));
#8586=FACE_OUTER_BOUND('',#8585,.F.);
#8588=CARTESIAN_POINT('',(5.816476045361E1,-6.268240056004E0,0.E0));
#8589=DIRECTION('',(0.E0,-1.E0,0.E0));
#8590=DIRECTION('',(1.E0,0.E0,0.E0));
#8591=AXIS2_PLACEMENT_3D('',#8588,#8589,#8590);
#8592=PLANE('',#8591);
#8593=ORIENTED_EDGE('',*,*,#8583,.T.);
#8594=ORIENTED_EDGE('',*,*,#7124,.T.);
#8595=ORIENTED_EDGE('',*,*,#7152,.T.);
#8597=ORIENTED_EDGE('',*,*,#8596,.T.);
#8599=ORIENTED_EDGE('',*,*,#8598,.F.);
#8600=ORIENTED_EDGE('',*,*,#6884,.T.);
#8602=ORIENTED_EDGE('',*,*,#8601,.F.);
#8603=ORIENTED_EDGE('',*,*,#6965,.F.);
#8604=EDGE_LOOP('',(#8593,#8594,#8595,#8597,#8599,#8600,#8602,#8603));
#8605=FACE_OUTER_BOUND('',#8604,.F.);
#8607=CARTESIAN_POINT('',(6.742632021307E1,-5.268240056004E0,1.E0));
#8608=DIRECTION('',(-1.E0,0.E0,0.E0));
#8609=DIRECTION('',(0.E0,0.E0,-1.E0));
#8610=AXIS2_PLACEMENT_3D('',#8607,#8608,#8609);
#8611=CYLINDRICAL_SURFACE('',#8610,1.E0);
#8613=ORIENTED_EDGE('',*,*,#8612,.F.);
#8614=ORIENTED_EDGE('',*,*,#8596,.F.);
#8616=ORIENTED_EDGE('',*,*,#8615,.F.);
#8617=ORIENTED_EDGE('',*,*,#4618,.T.);
#8618=EDGE_LOOP('',(#8613,#8614,#8616,#8617));
#8619=FACE_OUTER_BOUND('',#8618,.F.);
#8621=CARTESIAN_POINT('',(5.916476045361E1,-5.268240056004E0,1.E0));
#8622=DIRECTION('',(0.E0,-7.071067832473E-1,7.071067791258E-1));
#8623=DIRECTION('',(0.E0,-7.071067791258E-1,-7.071067832473E-1));
#8624=AXIS2_PLACEMENT_3D('',#8621,#8622,#8623);
#8625=SPHERICAL_SURFACE('',#8624,1.E0);
#8626=ORIENTED_EDGE('',*,*,#8612,.T.);
#8628=ORIENTED_EDGE('',*,*,#8627,.T.);
#8630=ORIENTED_EDGE('',*,*,#8629,.F.);
#8631=EDGE_LOOP('',(#8626,#8628,#8630));
#8632=FACE_OUTER_BOUND('',#8631,.F.);
#8634=CARTESIAN_POINT('',(5.916476045361E1,-6.659268608434E0,1.E0));
#8635=DIRECTION('',(0.E0,1.E0,0.E0));
#8636=DIRECTION('',(0.E0,0.E0,-1.E0));
#8637=AXIS2_PLACEMENT_3D('',#8634,#8635,#8636);
#8638=CYLINDRICAL_SURFACE('',#8637,1.E0);
#8639=ORIENTED_EDGE('',*,*,#8569,.F.);
#8640=ORIENTED_EDGE('',*,*,#8627,.F.);
#8641=ORIENTED_EDGE('',*,*,#4616,.T.);
#8643=ORIENTED_EDGE('',*,*,#8642,.T.);
#8644=EDGE_LOOP('',(#8639,#8640,#8641,#8643));
#8645=FACE_OUTER_BOUND('',#8644,.F.);
#8647=CARTESIAN_POINT('',(3.920223950545E0,4.251066445070E0,1.E0));
#8648=DIRECTION('',(0.E0,0.E0,1.E0));
#8649=DIRECTION('',(-6.951097390080E-2,9.975811869253E-1,0.E0));
#8650=AXIS2_PLACEMENT_3D('',#8647,#8648,#8649);
#8651=TOROIDAL_SURFACE('',#8650,5.581475473594E1,1.E0);
#8652=ORIENTED_EDGE('',*,*,#6105,.F.);
#8653=ORIENTED_EDGE('',*,*,#8385,.F.);
#8654=ORIENTED_EDGE('',*,*,#8642,.F.);
#8655=ORIENTED_EDGE('',*,*,#4614,.F.);
#8656=ORIENTED_EDGE('',*,*,#4734,.T.);
#8657=EDGE_LOOP('',(#8652,#8653,#8654,#8655,#8656));
#8658=FACE_OUTER_BOUND('',#8657,.F.);
#8660=CARTESIAN_POINT('',(5.916476045361E1,-5.268240056004E0,8.75368E1));
#8661=DIRECTION('',(0.E0,0.E0,-1.E0));
#8662=DIRECTION('',(0.E0,-1.E0,0.E0));
#8663=AXIS2_PLACEMENT_3D('',#8660,#8661,#8662);
#8664=CYLINDRICAL_SURFACE('',#8663,1.E0);
#8665=ORIENTED_EDGE('',*,*,#6886,.T.);
#8666=ORIENTED_EDGE('',*,*,#8598,.T.);
#8667=ORIENTED_EDGE('',*,*,#8629,.T.);
#8668=ORIENTED_EDGE('',*,*,#8567,.F.);
#8669=EDGE_LOOP('',(#8665,#8666,#8667,#8668));
#8670=FACE_OUTER_BOUND('',#8669,.F.);
#8672=CARTESIAN_POINT('',(6.703529166064E1,-5.268240056004E0,1.E0));
#8673=DIRECTION('',(7.071067812112E-1,7.071067811619E-1,0.E0));
#8674=DIRECTION('',(7.071067811619E-1,-7.071067812112E-1,0.E0));
#8675=AXIS2_PLACEMENT_3D('',#8672,#8673,#8674);
#8676=SPHERICAL_SURFACE('',#8675,1.E0);
#8677=ORIENTED_EDGE('',*,*,#7150,.F.);
#8679=ORIENTED_EDGE('',*,*,#8678,.F.);
#8680=ORIENTED_EDGE('',*,*,#8615,.T.);
#8681=EDGE_LOOP('',(#8677,#8679,#8680));
#8682=FACE_OUTER_BOUND('',#8681,.F.);
#8684=CARTESIAN_POINT('',(6.703529166064E1,2.633219980152E2,1.E0));
#8685=DIRECTION('',(0.E0,-1.E0,0.E0));
#8686=DIRECTION('',(0.E0,0.E0,-1.E0));
#8687=AXIS2_PLACEMENT_3D('',#8684,#8685,#8686);
#8688=CYLINDRICAL_SURFACE('',#8687,1.E0);
#8690=ORIENTED_EDGE('',*,*,#8689,.T.);
#8691=ORIENTED_EDGE('',*,*,#4620,.T.);
#8692=ORIENTED_EDGE('',*,*,#8678,.T.);
#8693=ORIENTED_EDGE('',*,*,#7164,.F.);
#8694=EDGE_LOOP('',(#8690,#8691,#8692,#8693));
#8695=FACE_OUTER_BOUND('',#8694,.F.);
#8697=CARTESIAN_POINT('',(6.703529166064E1,1.305748867575E1,1.E0));
#8698=DIRECTION('',(-5.327040866857E-9,1.E0,-5.641710706533E-12));
#8699=DIRECTION('',(7.071068161538E-1,3.770776198585E-9,7.071067462193E-1));
#8700=AXIS2_PLACEMENT_3D('',#8697,#8698,#8699);
#8701=SPHERICAL_SURFACE('',#8700,1.E0);
#8702=ORIENTED_EDGE('',*,*,#8689,.F.);
#8703=ORIENTED_EDGE('',*,*,#7191,.F.);
#8705=ORIENTED_EDGE('',*,*,#8704,.T.);
#8706=EDGE_LOOP('',(#8702,#8703,#8705));
#8707=FACE_OUTER_BOUND('',#8706,.F.);
#8709=CARTESIAN_POINT('',(4.052809248555E0,2.15E0,1.E0));
#8710=DIRECTION('',(0.E0,0.E0,1.E0));
#8711=DIRECTION('',(9.863025405682E-1,1.649463502741E-1,0.E0));
#8712=AXIS2_PLACEMENT_3D('',#8709,#8710,#8711);
#8713=TOROIDAL_SURFACE('',#8712,6.391999999927E1,1.E0);
#8714=ORIENTED_EDGE('',*,*,#4622,.F.);
#8715=ORIENTED_EDGE('',*,*,#8704,.F.);
#8716=ORIENTED_EDGE('',*,*,#7220,.T.);
#8717=ORIENTED_EDGE('',*,*,#4668,.T.);
#8718=ORIENTED_EDGE('',*,*,#4703,.F.);
#8719=EDGE_LOOP('',(#8714,#8715,#8716,#8717,#8718));
#8720=FACE_OUTER_BOUND('',#8719,.F.);
#8722=CARTESIAN_POINT('',(6.014407063826E1,-2.5E-1,3.104E1));
#8723=DIRECTION('',(1.E0,0.E0,0.E0));
#8724=DIRECTION('',(0.E0,-1.E0,0.E0));
#8725=AXIS2_PLACEMENT_3D('',#8722,#8723,#8724);
#8726=PLANE('',#8725);
#8728=ORIENTED_EDGE('',*,*,#8727,.T.);
#8729=ORIENTED_EDGE('',*,*,#6967,.T.);
#8730=ORIENTED_EDGE('',*,*,#8601,.T.);
#8731=ORIENTED_EDGE('',*,*,#6882,.F.);
#8732=EDGE_LOOP('',(#8728,#8729,#8730,#8731));
#8733=FACE_OUTER_BOUND('',#8732,.F.);
#8735=CARTESIAN_POINT('',(6.164407063826E1,-1.75E0,-2.568608E2));
#8736=DIRECTION('',(0.E0,0.E0,1.E0));
#8737=DIRECTION('',(0.E0,1.E0,0.E0));
#8738=AXIS2_PLACEMENT_3D('',#8735,#8736,#8737);
#8739=CYLINDRICAL_SURFACE('',#8738,1.5E0);
#8740=ORIENTED_EDGE('',*,*,#8727,.F.);
#8741=ORIENTED_EDGE('',*,*,#6880,.T.);
#8742=ORIENTED_EDGE('',*,*,#6834,.T.);
#8743=ORIENTED_EDGE('',*,*,#6969,.T.);
#8744=EDGE_LOOP('',(#8740,#8741,#8742,#8743));
#8745=FACE_OUTER_BOUND('',#8744,.F.);
#8747=CARTESIAN_POINT('',(2.107649131421E0,-1.411908872109E1,0.E0));
#8748=DIRECTION('',(0.E0,0.E0,1.E0));
#8749=DIRECTION('',(1.E0,0.E0,0.E0));
#8750=AXIS2_PLACEMENT_3D('',#8747,#8748,#8749);
#8751=CYLINDRICAL_SURFACE('',#8750,6.492E1);
#8753=ORIENTED_EDGE('',*,*,#8752,.T.);
#8755=ORIENTED_EDGE('',*,*,#8754,.F.);
#8757=ORIENTED_EDGE('',*,*,#8756,.T.);
#8759=ORIENTED_EDGE('',*,*,#8758,.F.);
#8761=ORIENTED_EDGE('',*,*,#8760,.F.);
#8763=ORIENTED_EDGE('',*,*,#8762,.T.);
#8765=ORIENTED_EDGE('',*,*,#8764,.T.);
#8767=ORIENTED_EDGE('',*,*,#8766,.F.);
#8769=ORIENTED_EDGE('',*,*,#8768,.T.);
#8771=ORIENTED_EDGE('',*,*,#8770,.F.);
#8773=ORIENTED_EDGE('',*,*,#8772,.F.);
#8775=ORIENTED_EDGE('',*,*,#8774,.T.);
#8777=ORIENTED_EDGE('',*,*,#8776,.T.);
#8778=ORIENTED_EDGE('',*,*,#6768,.T.);
#8779=ORIENTED_EDGE('',*,*,#6941,.F.);
#8780=ORIENTED_EDGE('',*,*,#8548,.F.);
#8781=ORIENTED_EDGE('',*,*,#6855,.T.);
#8783=ORIENTED_EDGE('',*,*,#8782,.T.);
#8785=ORIENTED_EDGE('',*,*,#8784,.T.);
#8787=ORIENTED_EDGE('',*,*,#8786,.T.);
#8788=EDGE_LOOP('',(#8753,#8755,#8757,#8759,#8761,#8763,#8765,#8767,#8769,#8771,
#8773,#8775,#8777,#8778,#8779,#8780,#8781,#8783,#8785,#8787));
#8789=FACE_OUTER_BOUND('',#8788,.F.);
#8791=CARTESIAN_POINT('',(2.107649131421E0,-1.411908872109E1,9.664235470547E0));
#8792=DIRECTION('',(0.E0,0.E0,-1.E0));
#8793=DIRECTION('',(9.049314669599E-1,-4.255573288122E-1,0.E0));
#8794=AXIS2_PLACEMENT_3D('',#8791,#8792,#8793);
#8795=TOROIDAL_SURFACE('',#8794,6.980963978376E1,7.420429231666E0);
#8797=ORIENTED_EDGE('',*,*,#8796,.T.);
#8798=ORIENTED_EDGE('',*,*,#8752,.F.);
#8800=ORIENTED_EDGE('',*,*,#8799,.F.);
#8801=ORIENTED_EDGE('',*,*,#8760,.T.);
#8802=EDGE_LOOP('',(#8797,#8798,#8800,#8801));
#8803=FACE_OUTER_BOUND('',#8802,.F.);
#8805=CARTESIAN_POINT('',(-5.591285401313E1,1.503000284172E1,1.552930473223E1));
#8806=CARTESIAN_POINT('',(-5.655290168421E1,1.463278010396E1,1.503659805425E1));
#8807=CARTESIAN_POINT('',(-5.719294935529E1,1.423555736620E1,1.454389137626E1));
#8808=CARTESIAN_POINT('',(-5.783299702636E1,1.383833462844E1,1.405118469827E1));
#8809=CARTESIAN_POINT('',(-5.564512020511E1,1.490233118733E1,1.528232088838E1));
#8810=CARTESIAN_POINT('',(-5.630745224350E1,1.451624943289E1,1.481036257394E1));
#8811=CARTESIAN_POINT('',(-5.696978428188E1,1.413016767846E1,1.433840425949E1));
#8812=CARTESIAN_POINT('',(-5.763211632027E1,1.374408592402E1,1.386644594504E1));
#8813=CARTESIAN_POINT('',(-5.499479298735E1,1.459216809112E1,1.458380556006E1));
#8814=CARTESIAN_POINT('',(-5.571124816915E1,1.423316306358E1,1.417052739952E1));
#8815=CARTESIAN_POINT('',(-5.642770335094E1,1.387415803603E1,1.375724923898E1));
#8816=CARTESIAN_POINT('',(-5.714415853274E1,1.351515300849E1,1.334397107843E1));
#8817=CARTESIAN_POINT('',(-5.416078169699E1,1.419425725830E1,1.324468074369E1));
#8818=CARTESIAN_POINT('',(-5.494662991109E1,1.387002209476E1,1.294389839696E1));
#8819=CARTESIAN_POINT('',(-5.573247812519E1,1.354578693121E1,1.264311605023E1));
#8820=CARTESIAN_POINT('',(-5.651832633929E1,1.322155176767E1,1.234233370351E1));
#8821=CARTESIAN_POINT('',(-5.356651774162E1,1.391064419907E1,1.150810612889E1));
#8822=CARTESIAN_POINT('',(-5.440180062470E1,1.361121147134E1,1.135320814795E1));
#8823=CARTESIAN_POINT('',(-5.523708350778E1,1.331177874360E1,1.119831016701E1));
#8824=CARTESIAN_POINT('',(-5.607236639086E1,1.301234601587E1,1.104341218607E1));
#8825=CARTESIAN_POINT('',(-5.336449476954E1,1.381421295553E1,9.664503024701E0));
#8826=CARTESIAN_POINT('',(-5.421658133909E1,1.352321689327E1,9.664480548288E0));
#8827=CARTESIAN_POINT('',(-5.506866790865E1,1.323222083101E1,9.664458071875E0));
#8828=CARTESIAN_POINT('',(-5.592075447820E1,1.294122476875E1,9.664435595462E0));
#8829=CARTESIAN_POINT('',(-5.356639812207E1,1.391058710451E1,7.820894506157E0));
#8830=CARTESIAN_POINT('',(-5.440169095514E1,1.361115937118E1,7.975747989114E0));
#8831=CARTESIAN_POINT('',(-5.523698378822E1,1.331173163784E1,8.130601472072E0));
#8832=CARTESIAN_POINT('',(-5.607227662129E1,1.301230390451E1,8.285454955030E0));
#8833=CARTESIAN_POINT('',(-5.416056804062E1,1.419415530075E1,6.084248678610E0));
#8834=CARTESIAN_POINT('',(-5.494643402924E1,1.386992905122E1,6.384992509721E0));
#8835=CARTESIAN_POINT('',(-5.573230001786E1,1.354570280169E1,6.685736340832E0));
#8836=CARTESIAN_POINT('',(-5.651816600648E1,1.322147655216E1,6.986480171943E0));
#8837=CARTESIAN_POINT('',(-5.499458232584E1,1.459206760938E1,4.744907259343E0));
#8838=CARTESIAN_POINT('',(-5.571105503862E1,1.423307135606E1,5.158165100423E0));
#8839=CARTESIAN_POINT('',(-5.642752775139E1,1.387407510275E1,5.571422941503E0));
#8840=CARTESIAN_POINT('',(-5.714400046417E1,1.351507884943E1,5.984680782582E0));
#8841=CARTESIAN_POINT('',(-5.564507664336E1,1.490231041918E1,4.046181546888E0));
#8842=CARTESIAN_POINT('',(-5.630741230810E1,1.451623047594E1,4.518137215606E0));
#8843=CARTESIAN_POINT('',(-5.696974797284E1,1.413015053270E1,4.990092884324E0));
#8844=CARTESIAN_POINT('',(-5.763208363758E1,1.374407058946E1,5.462048553041E0));
#8845=CARTESIAN_POINT('',(-5.591299374809E1,1.503006947455E1,3.799040590807E0));
#8846=CARTESIAN_POINT('',(-5.655302978841E1,1.463284092251E1,4.291757821585E0));
#8847=CARTESIAN_POINT('',(-5.719306582874E1,1.423561237047E1,4.784475052363E0));
#8848=CARTESIAN_POINT('',(-5.783310186907E1,1.383838381843E1,5.277192283141E0));
#8849=B_SPLINE_SURFACE_WITH_KNOTS('',3,3,((#8805,#8806,#8807,#8808),(#8809,
#8810,#8811,#8812),(#8813,#8814,#8815,#8816),(#8817,#8818,#8819,#8820),(#8821,
#8822,#8823,#8824),(#8825,#8826,#8827,#8828),(#8829,#8830,#8831,#8832),(#8833,
#8834,#8835,#8836),(#8837,#8838,#8839,#8840),(#8841,#8842,#8843,#8844),(#8845,
#8846,#8847,#8848)),.UNSPECIFIED.,.F.,.F.,.F.,(4,1,1,1,1,1,1,1,4),(4,4),(
3.604639088874E-1,3.846153846154E-1,4.230769230769E-1,4.615384615385E-1,5.E-1,
5.384615384615E-1,5.769230769231E-1,6.153846153846E-1,6.395515083326E-1),(
-1.411771131189E-1,1.141137972281E0),.UNSPECIFIED.);
#8850=ORIENTED_EDGE('',*,*,#8796,.F.);
#8851=ORIENTED_EDGE('',*,*,#8758,.T.);
#8853=ORIENTED_EDGE('',*,*,#8852,.T.);
#8854=ORIENTED_EDGE('',*,*,#8754,.T.);
#8855=EDGE_LOOP('',(#8850,#8851,#8853,#8854));
#8856=FACE_OUTER_BOUND('',#8855,.F.);
#8858=CARTESIAN_POINT('',(2.107649131421E0,-1.411908872109E1,3.9E1));
#8859=DIRECTION('',(4.255573288122E-1,9.049314669599E-1,0.E0));
#8860=DIRECTION('',(9.049314669599E-1,-4.255573288122E-1,0.E0));
#8861=AXIS2_PLACEMENT_3D('',#8858,#8859,#8860);
#8862=PLANE('',#8861);
#8863=ORIENTED_EDGE('',*,*,#8852,.F.);
#8864=ORIENTED_EDGE('',*,*,#8756,.F.);
#8865=EDGE_LOOP('',(#8863,#8864));
#8866=FACE_OUTER_BOUND('',#8865,.F.);
#8868=CARTESIAN_POINT('',(2.107649131421E0,-1.411908872109E1,3.9E1));
#8869=DIRECTION('',(4.255573288122E-1,9.049314669599E-1,0.E0));
#8870=DIRECTION('',(9.049314669599E-1,-4.255573288122E-1,0.E0));
#8871=AXIS2_PLACEMENT_3D('',#8868,#8869,#8870);
#8872=PLANE('',#8871);
#8874=ORIENTED_EDGE('',*,*,#8873,.F.);
#8875=ORIENTED_EDGE('',*,*,#8768,.F.);
#8876=EDGE_LOOP('',(#8874,#8875));
#8877=FACE_OUTER_BOUND('',#8876,.F.);
#8879=CARTESIAN_POINT('',(-5.591285401192E1,1.503000284115E1,3.225224767903E1));
#8880=CARTESIAN_POINT('',(-5.655290168310E1,1.463278010343E1,3.175954100114E1));
#8881=CARTESIAN_POINT('',(-5.719294935428E1,1.423555736572E1,3.126683432324E1));
#8882=CARTESIAN_POINT('',(-5.783299702546E1,1.383833462801E1,3.077412764535E1));
#8883=CARTESIAN_POINT('',(-5.564512020436E1,1.490233118697E1,3.200526383549E1));
#8884=CARTESIAN_POINT('',(-5.630745224281E1,1.451624943257E1,3.153330552110E1));
#8885=CARTESIAN_POINT('',(-5.696978428126E1,1.413016767816E1,3.106134720672E1));
#8886=CARTESIAN_POINT('',(-5.763211631971E1,1.374408592375E1,3.058938889234E1));
#8887=CARTESIAN_POINT('',(-5.499479298705E1,1.459216809098E1,3.130674850749E1));
#8888=CARTESIAN_POINT('',(-5.571124816887E1,1.423316306345E1,3.089347034699E1));
#8889=CARTESIAN_POINT('',(-5.642770335070E1,1.387415803592E1,3.048019218649E1));
#8890=CARTESIAN_POINT('',(-5.714415853252E1,1.351515300838E1,3.006691402598E1));
#8891=CARTESIAN_POINT('',(-5.416078169699E1,1.419425725831E1,2.996762369160E1));
#8892=CARTESIAN_POINT('',(-5.494662991109E1,1.387002209476E1,2.966684134487E1));
#8893=CARTESIAN_POINT('',(-5.573247812519E1,1.354578693121E1,2.936605899815E1));
#8894=CARTESIAN_POINT('',(-5.651832633929E1,1.322155176767E1,2.906527665142E1));
#8895=CARTESIAN_POINT('',(-5.356651774162E1,1.391064419907E1,2.823104907680E1));
#8896=CARTESIAN_POINT('',(-5.440180062470E1,1.361121147134E1,2.807615109586E1));
#8897=CARTESIAN_POINT('',(-5.523708350778E1,1.331177874360E1,2.792125311492E1));
#8898=CARTESIAN_POINT('',(-5.607236639086E1,1.301234601587E1,2.776635513398E1));
#8899=CARTESIAN_POINT('',(-5.336449476953E1,1.381421295553E1,2.638744597261E1));
#8900=CARTESIAN_POINT('',(-5.421658133909E1,1.352321689327E1,2.638742349620E1));
#8901=CARTESIAN_POINT('',(-5.506866790865E1,1.323222083101E1,2.638740101979E1));
#8902=CARTESIAN_POINT('',(-5.592075447821E1,1.294122476875E1,2.638737854337E1));
#8903=CARTESIAN_POINT('',(-5.356639812207E1,1.391058710452E1,2.454383745407E1));
#8904=CARTESIAN_POINT('',(-5.440169095514E1,1.361115937118E1,2.469869093703E1));
#8905=CARTESIAN_POINT('',(-5.523698378822E1,1.331173163784E1,2.485354441998E1));
#8906=CARTESIAN_POINT('',(-5.607227662129E1,1.301230390451E1,2.500839790294E1));
#8907=CARTESIAN_POINT('',(-5.416056804061E1,1.419415530075E1,2.280719162652E1));
#8908=CARTESIAN_POINT('',(-5.494643402924E1,1.386992905122E1,2.310793545763E1));
#8909=CARTESIAN_POINT('',(-5.573230001786E1,1.354570280169E1,2.340867928874E1));
#8910=CARTESIAN_POINT('',(-5.651816600648E1,1.322147655216E1,2.370942311986E1));
#8911=CARTESIAN_POINT('',(-5.499458232413E1,1.459206760856E1,2.146785021E1));
#8912=CARTESIAN_POINT('',(-5.571105503705E1,1.423307135532E1,2.188110805085E1));
#8913=CARTESIAN_POINT('',(-5.642752774997E1,1.387407510207E1,2.229436589170E1));
#8914=CARTESIAN_POINT('',(-5.714400046289E1,1.351507884883E1,2.270762373255E1));
#8915=CARTESIAN_POINT('',(-5.564507663906E1,1.490231041713E1,2.076912449942E1));
#8916=CARTESIAN_POINT('',(-5.630741230416E1,1.451623047407E1,2.124108016775E1));
#8917=CARTESIAN_POINT('',(-5.696974796926E1,1.413015053101E1,2.171303583608E1));
#8918=CARTESIAN_POINT('',(-5.763208363436E1,1.374407058794E1,2.218499150441E1));
#8919=CARTESIAN_POINT('',(-5.591299374120E1,1.503006947127E1,2.052198354507E1));
#8920=CARTESIAN_POINT('',(-5.655302978210E1,1.463284091951E1,2.101470077531E1));
#8921=CARTESIAN_POINT('',(-5.719306582300E1,1.423561236776E1,2.150741800556E1));
#8922=CARTESIAN_POINT('',(-5.783310186391E1,1.383838381600E1,2.200013523581E1));
#8923=B_SPLINE_SURFACE_WITH_KNOTS('',3,3,((#8879,#8880,#8881,#8882),(#8883,
#8884,#8885,#8886),(#8887,#8888,#8889,#8890),(#8891,#8892,#8893,#8894),(#8895,
#8896,#8897,#8898),(#8899,#8900,#8901,#8902),(#8903,#8904,#8905,#8906),(#8907,
#8908,#8909,#8910),(#8911,#8912,#8913,#8914),(#8915,#8916,#8917,#8918),(#8919,
#8920,#8921,#8922)),.UNSPECIFIED.,.F.,.F.,.F.,(4,1,1,1,1,1,1,1,4),(4,4),(
3.604639089238E-1,3.846153846154E-1,4.230769230769E-1,4.615384615385E-1,5.E-1,
5.384615384615E-1,5.769230769231E-1,6.153846153846E-1,6.395515081255E-1),(
-1.411771131205E-1,1.141137972282E0),.UNSPECIFIED.);
#8925=ORIENTED_EDGE('',*,*,#8924,.F.);
#8926=ORIENTED_EDGE('',*,*,#8770,.T.);
#8927=ORIENTED_EDGE('',*,*,#8873,.T.);
#8928=ORIENTED_EDGE('',*,*,#8766,.T.);
#8929=EDGE_LOOP('',(#8925,#8926,#8927,#8928));
#8930=FACE_OUTER_BOUND('',#8929,.F.);
#8932=CARTESIAN_POINT('',(2.107649131421E0,-1.411908872109E1,2.638717841846E1));
#8933=DIRECTION('',(0.E0,0.E0,-1.E0));
#8934=DIRECTION('',(9.049314669599E-1,-4.255573288122E-1,0.E0));
#8935=AXIS2_PLACEMENT_3D('',#8932,#8933,#8934);
#8936=TOROIDAL_SURFACE('',#8935,6.980963978376E1,7.420429231666E0);
#8937=ORIENTED_EDGE('',*,*,#8924,.T.);
#8938=ORIENTED_EDGE('',*,*,#8764,.F.);
#8940=ORIENTED_EDGE('',*,*,#8939,.F.);
#8941=ORIENTED_EDGE('',*,*,#8772,.T.);
#8942=EDGE_LOOP('',(#8937,#8938,#8940,#8941));
#8943=FACE_OUTER_BOUND('',#8942,.F.);
#8945=CARTESIAN_POINT('',(-5.059756945802E1,3.165804247100E1,2.638717841846E1));
#8946=DIRECTION('',(6.557422633019E-1,7.549848237678E-1,0.E0));
#8947=DIRECTION('',(-7.549848237678E-1,6.557422633019E-1,0.E0));
#8948=AXIS2_PLACEMENT_3D('',#8945,#8946,#8947);
#8949=CYLINDRICAL_SURFACE('',#8948,7.420429231666E0);
#8951=ORIENTED_EDGE('',*,*,#8950,.T.);
#8953=ORIENTED_EDGE('',*,*,#8952,.F.);
#8955=ORIENTED_EDGE('',*,*,#8954,.T.);
#8957=ORIENTED_EDGE('',*,*,#8956,.T.);
#8959=ORIENTED_EDGE('',*,*,#8958,.F.);
#8960=ORIENTED_EDGE('',*,*,#8939,.T.);
#8962=ORIENTED_EDGE('',*,*,#8961,.T.);
#8964=ORIENTED_EDGE('',*,*,#8963,.T.);
#8966=ORIENTED_EDGE('',*,*,#8965,.T.);
#8968=ORIENTED_EDGE('',*,*,#8967,.F.);
#8969=EDGE_LOOP('',(#8951,#8953,#8955,#8957,#8959,#8960,#8962,#8964,#8966,
#8968));
#8970=FACE_OUTER_BOUND('',#8969,.F.);
#8972=CARTESIAN_POINT('',(-2.099836181414E1,5.675527000069E1,3.8E1));
#8973=DIRECTION('',(6.557422633019E-1,7.549848237678E-1,0.E0));
#8974=DIRECTION('',(-7.549848237678E-1,6.557422633019E-1,0.E0));
#8975=AXIS2_PLACEMENT_3D('',#8972,#8973,#8974);
#8976=PLANE('',#8975);
#8978=ORIENTED_EDGE('',*,*,#8977,.T.);
#8980=ORIENTED_EDGE('',*,*,#8979,.F.);
#8981=EDGE_LOOP('',(#8978,#8980));
#8982=FACE_OUTER_BOUND('',#8981,.F.);
#8984=CARTESIAN_POINT('',(-2.099836181414E1,5.675527000069E1,3.8E1));
#8985=DIRECTION('',(6.557422633019E-1,7.549848237678E-1,0.E0));
#8986=DIRECTION('',(-7.549848237678E-1,6.557422633019E-1,0.E0));
#8987=AXIS2_PLACEMENT_3D('',#8984,#8985,#8986);
#8988=PLANE('',#8987);
#8990=ORIENTED_EDGE('',*,*,#8989,.T.);
#8991=ORIENTED_EDGE('',*,*,#8950,.F.);
#8992=EDGE_LOOP('',(#8990,#8991));
#8993=FACE_OUTER_BOUND('',#8992,.F.);
#8995=CARTESIAN_POINT('',(-1.927273219866E1,5.812143249982E1,9.664235470547E0));
#8996=DIRECTION('',(-9.253591002015E-1,3.790917246185E-1,0.E0));
#8997=DIRECTION('',(-3.790917246185E-1,-9.253591002015E-1,0.E0));
#8998=AXIS2_PLACEMENT_3D('',#8995,#8996,#8997);
#8999=PLANE('',#8998);
#9000=ORIENTED_EDGE('',*,*,#8977,.F.);
#9002=ORIENTED_EDGE('',*,*,#9001,.T.);
#9004=ORIENTED_EDGE('',*,*,#9003,.T.);
#9006=ORIENTED_EDGE('',*,*,#9005,.T.);
#9007=EDGE_LOOP('',(#9000,#9002,#9004,#9006));
#9008=FACE_OUTER_BOUND('',#9007,.F.);
#9010=CARTESIAN_POINT('',(-5.059756945802E1,3.165804247100E1,9.664235470547E0));
#9011=DIRECTION('',(6.557422633019E-1,7.549848237678E-1,0.E0));
#9012=DIRECTION('',(-7.549848237678E-1,6.557422633019E-1,0.E0));
#9013=AXIS2_PLACEMENT_3D('',#9010,#9011,#9012);
#9014=CYLINDRICAL_SURFACE('',#9013,7.420429231666E0);
#9015=ORIENTED_EDGE('',*,*,#8979,.T.);
#9016=ORIENTED_EDGE('',*,*,#9005,.F.);
#9018=ORIENTED_EDGE('',*,*,#9017,.T.);
#9020=ORIENTED_EDGE('',*,*,#9019,.T.);
#9022=ORIENTED_EDGE('',*,*,#9021,.F.);
#9023=ORIENTED_EDGE('',*,*,#8799,.T.);
#9025=ORIENTED_EDGE('',*,*,#9024,.T.);
#9027=ORIENTED_EDGE('',*,*,#9026,.T.);
#9029=ORIENTED_EDGE('',*,*,#9028,.T.);
#9030=ORIENTED_EDGE('',*,*,#9001,.F.);
#9031=EDGE_LOOP('',(#9015,#9016,#9018,#9020,#9022,#9023,#9025,#9027,#9029,
#9030));
#9032=FACE_OUTER_BOUND('',#9031,.F.);
#9034=CARTESIAN_POINT('',(2.16E0,3.241086041653E1,0.E0));
#9035=DIRECTION('',(0.E0,0.E0,1.E0));
#9036=DIRECTION('',(1.E0,0.E0,0.E0));
#9037=AXIS2_PLACEMENT_3D('',#9034,#9035,#9036);
#9038=CYLINDRICAL_SURFACE('',#9037,3.46E1);
#9040=ORIENTED_EDGE('',*,*,#9039,.F.);
#9041=ORIENTED_EDGE('',*,*,#8965,.F.);
#9043=ORIENTED_EDGE('',*,*,#9042,.F.);
#9044=ORIENTED_EDGE('',*,*,#9017,.F.);
#9045=ORIENTED_EDGE('',*,*,#9003,.F.);
#9046=ORIENTED_EDGE('',*,*,#9028,.F.);
#9048=ORIENTED_EDGE('',*,*,#9047,.F.);
#9050=ORIENTED_EDGE('',*,*,#9049,.F.);
#9052=ORIENTED_EDGE('',*,*,#9051,.F.);
#9054=ORIENTED_EDGE('',*,*,#9053,.T.);
#9056=ORIENTED_EDGE('',*,*,#9055,.F.);
#9058=ORIENTED_EDGE('',*,*,#9057,.F.);
#9060=ORIENTED_EDGE('',*,*,#9059,.F.);
#9061=ORIENTED_EDGE('',*,*,#8954,.F.);
#9062=EDGE_LOOP('',(#9040,#9041,#9043,#9044,#9045,#9046,#9048,#9050,#9052,#9054,
#9056,#9058,#9060,#9061));
#9063=FACE_OUTER_BOUND('',#9062,.F.);
#9065=CARTESIAN_POINT('',(-1.927273219866E1,5.812143249982E1,2.638717841846E1));
#9066=DIRECTION('',(-9.253591002015E-1,3.790917246185E-1,0.E0));
#9067=DIRECTION('',(-3.790917246185E-1,-9.253591002015E-1,0.E0));
#9068=AXIS2_PLACEMENT_3D('',#9065,#9066,#9067);
#9069=PLANE('',#9068);
#9070=ORIENTED_EDGE('',*,*,#8989,.F.);
#9071=ORIENTED_EDGE('',*,*,#8967,.T.);
#9072=ORIENTED_EDGE('',*,*,#9039,.T.);
#9073=ORIENTED_EDGE('',*,*,#8952,.T.);
#9074=EDGE_LOOP('',(#9070,#9071,#9072,#9073));
#9075=FACE_OUTER_BOUND('',#9074,.F.);
#9077=CARTESIAN_POINT('',(-2.099836180552E1,5.675527001061E1,
7.606526324686E-1));
#9078=DIRECTION('',(0.E0,0.E0,1.E0));
#9079=DIRECTION('',(-6.892369584978E-1,7.245359998239E-1,0.E0));
#9080=AXIS2_PLACEMENT_3D('',#9077,#9078,#9079);
#9081=CYLINDRICAL_SURFACE('',#9080,1.E0);
#9082=ORIENTED_EDGE('',*,*,#9026,.F.);
#9084=ORIENTED_EDGE('',*,*,#9083,.F.);
#9086=ORIENTED_EDGE('',*,*,#9085,.F.);
#9087=ORIENTED_EDGE('',*,*,#9047,.T.);
#9088=EDGE_LOOP('',(#9082,#9084,#9086,#9087));
#9089=FACE_OUTER_BOUND('',#9088,.F.);
#9091=CARTESIAN_POINT('',(-2.099836180552E1,5.675527001061E1,
7.606526324686E-1));
#9092=DIRECTION('',(0.E0,0.E0,1.E0));
#9093=DIRECTION('',(-6.892369584978E-1,7.245359998239E-1,0.E0));
#9094=AXIS2_PLACEMENT_3D('',#9091,#9092,#9093);
#9095=CYLINDRICAL_SURFACE('',#9094,1.E0);
#9096=ORIENTED_EDGE('',*,*,#8963,.F.);
#9098=ORIENTED_EDGE('',*,*,#9097,.F.);
#9099=ORIENTED_EDGE('',*,*,#9019,.F.);
#9100=ORIENTED_EDGE('',*,*,#9042,.T.);
#9101=EDGE_LOOP('',(#9096,#9098,#9099,#9100));
#9102=FACE_OUTER_BOUND('',#9101,.F.);
#9104=CARTESIAN_POINT('',(-2.099836180552E1,5.675527001061E1,
7.606526324686E-1));
#9105=DIRECTION('',(0.E0,0.E0,1.E0));
#9106=DIRECTION('',(-6.892369584978E-1,7.245359998239E-1,0.E0));
#9107=AXIS2_PLACEMENT_3D('',#9104,#9105,#9106);
#9108=CYLINDRICAL_SURFACE('',#9107,1.E0);
#9109=ORIENTED_EDGE('',*,*,#8956,.F.);
#9110=ORIENTED_EDGE('',*,*,#9059,.T.);
#9112=ORIENTED_EDGE('',*,*,#9111,.T.);
#9114=ORIENTED_EDGE('',*,*,#9113,.F.);
#9115=EDGE_LOOP('',(#9109,#9110,#9112,#9114));
#9116=FACE_OUTER_BOUND('',#9115,.F.);
#9118=CARTESIAN_POINT('',(-2.172234067284E1,5.744671079127E1,0.E0));
#9119=DIRECTION('',(-7.549848237678E-1,6.557422633019E-1,0.E0));
#9120=DIRECTION('',(-6.557422633019E-1,-7.549848237678E-1,0.E0));
#9121=AXIS2_PLACEMENT_3D('',#9118,#9119,#9120);
#9122=PLANE('',#9121);
#9123=ORIENTED_EDGE('',*,*,#9024,.F.);
#9124=ORIENTED_EDGE('',*,*,#8786,.F.);
#9126=ORIENTED_EDGE('',*,*,#9125,.T.);
#9127=ORIENTED_EDGE('',*,*,#9083,.T.);
#9128=EDGE_LOOP('',(#9123,#9124,#9126,#9127));
#9129=FACE_OUTER_BOUND('',#9128,.F.);
#9131=CARTESIAN_POINT('',(-2.172234067284E1,5.744671079127E1,0.E0));
#9132=DIRECTION('',(-7.549848237678E-1,6.557422633019E-1,0.E0));
#9133=DIRECTION('',(-6.557422633019E-1,-7.549848237678E-1,0.E0));
#9134=AXIS2_PLACEMENT_3D('',#9131,#9132,#9133);
#9135=PLANE('',#9134);
#9136=ORIENTED_EDGE('',*,*,#8958,.T.);
#9137=ORIENTED_EDGE('',*,*,#9113,.T.);
#9139=ORIENTED_EDGE('',*,*,#9138,.T.);
#9140=ORIENTED_EDGE('',*,*,#8774,.F.);
#9141=EDGE_LOOP('',(#9136,#9137,#9139,#9140));
#9142=FACE_OUTER_BOUND('',#9141,.F.);
#9144=CARTESIAN_POINT('',(-2.172234067284E1,5.744671079127E1,0.E0));
#9145=DIRECTION('',(-7.549848237678E-1,6.557422633019E-1,0.E0));
#9146=DIRECTION('',(-6.557422633019E-1,-7.549848237678E-1,0.E0));
#9147=AXIS2_PLACEMENT_3D('',#9144,#9145,#9146);
#9148=PLANE('',#9147);
#9149=ORIENTED_EDGE('',*,*,#8961,.F.);
#9150=ORIENTED_EDGE('',*,*,#8762,.F.);
#9151=ORIENTED_EDGE('',*,*,#9021,.T.);
#9152=ORIENTED_EDGE('',*,*,#9097,.T.);
#9153=EDGE_LOOP('',(#9149,#9150,#9151,#9152));
#9154=FACE_OUTER_BOUND('',#9153,.F.);
#9156=CARTESIAN_POINT('',(-4.640739475181E1,2.750073612642E1,1.E0));
#9157=DIRECTION('',(6.557422633019E-1,7.549848237678E-1,0.E0));
#9158=DIRECTION('',(0.E0,0.E0,-1.E0));
#9159=AXIS2_PLACEMENT_3D('',#9156,#9157,#9158);
#9160=CYLINDRICAL_SURFACE('',#9159,1.E0);
#9162=ORIENTED_EDGE('',*,*,#9161,.T.);
#9163=ORIENTED_EDGE('',*,*,#9125,.F.);
#9165=ORIENTED_EDGE('',*,*,#9164,.F.);
#9166=ORIENTED_EDGE('',*,*,#4644,.T.);
#9167=EDGE_LOOP('',(#9162,#9163,#9165,#9166));
#9168=FACE_OUTER_BOUND('',#9167,.F.);
#9170=CARTESIAN_POINT('',(-2.099836180552E1,5.675527001061E1,1.E0));
#9171=DIRECTION('',(6.557583984234E-1,7.549708093014E-1,9.272804746274E-12));
#9172=DIRECTION('',(5.338391665197E-1,-4.636861618133E-1,-7.071144798633E-1));
#9173=AXIS2_PLACEMENT_3D('',#9170,#9171,#9172);
#9174=SPHERICAL_SURFACE('',#9173,1.E0);
#9175=ORIENTED_EDGE('',*,*,#9161,.F.);
#9177=ORIENTED_EDGE('',*,*,#9176,.F.);
#9178=ORIENTED_EDGE('',*,*,#9085,.T.);
#9179=EDGE_LOOP('',(#9175,#9177,#9178));
#9180=FACE_OUTER_BOUND('',#9179,.F.);
#9182=CARTESIAN_POINT('',(2.16E0,3.241086041653E1,1.E0));
#9183=DIRECTION('',(0.E0,0.E0,1.E0));
#9184=DIRECTION('',(-6.957620555683E-1,7.182723453060E-1,0.E0));
#9185=AXIS2_PLACEMENT_3D('',#9182,#9183,#9184);
#9186=TOROIDAL_SURFACE('',#9185,3.359999999875E1,1.E0);
#9187=ORIENTED_EDGE('',*,*,#4642,.F.);
#9188=ORIENTED_EDGE('',*,*,#4691,.F.);
#9190=ORIENTED_EDGE('',*,*,#9189,.T.);
#9191=ORIENTED_EDGE('',*,*,#9049,.T.);
#9192=ORIENTED_EDGE('',*,*,#9176,.T.);
#9193=EDGE_LOOP('',(#9187,#9188,#9190,#9191,#9192));
#9194=FACE_OUTER_BOUND('',#9193,.F.);
#9196=CARTESIAN_POINT('',(-8.79E0,-1.617664272997E2,3.E0));
#9197=DIRECTION('',(0.E0,1.E0,0.E0));
#9198=DIRECTION('',(0.E0,0.E0,-1.E0));
#9199=AXIS2_PLACEMENT_3D('',#9196,#9197,#9198);
#9200=CYLINDRICAL_SURFACE('',#9199,3.E0);
#9201=ORIENTED_EDGE('',*,*,#4689,.T.);
#9202=ORIENTED_EDGE('',*,*,#4588,.T.);
#9203=ORIENTED_EDGE('',*,*,#7609,.T.);
#9205=ORIENTED_EDGE('',*,*,#9204,.F.);
#9206=ORIENTED_EDGE('',*,*,#9051,.T.);
#9207=ORIENTED_EDGE('',*,*,#9189,.F.);
#9208=EDGE_LOOP('',(#9201,#9202,#9203,#9205,#9206,#9207));
#9209=FACE_OUTER_BOUND('',#9208,.F.);
#9211=CARTESIAN_POINT('',(-1.179E1,1.087E2,3.8E1));
#9212=DIRECTION('',(-1.E0,0.E0,0.E0));
#9213=DIRECTION('',(0.E0,-1.E0,0.E0));
#9214=AXIS2_PLACEMENT_3D('',#9211,#9212,#9213);
#9215=PLANE('',#9214);
#9217=ORIENTED_EDGE('',*,*,#9216,.F.);
#9218=ORIENTED_EDGE('',*,*,#9053,.F.);
#9219=ORIENTED_EDGE('',*,*,#9204,.T.);
#9220=ORIENTED_EDGE('',*,*,#7607,.T.);
#9221=EDGE_LOOP('',(#9217,#9218,#9219,#9220));
#9222=FACE_OUTER_BOUND('',#9221,.F.);
#9224=CARTESIAN_POINT('',(-8.79E0,-1.617664272997E2,3.5E1));
#9225=DIRECTION('',(0.E0,1.E0,0.E0));
#9226=DIRECTION('',(-1.E0,0.E0,0.E0));
#9227=AXIS2_PLACEMENT_3D('',#9224,#9225,#9226);
#9228=CYLINDRICAL_SURFACE('',#9227,3.E0);
#9229=ORIENTED_EDGE('',*,*,#7058,.T.);
#9231=ORIENTED_EDGE('',*,*,#9230,.F.);
#9232=ORIENTED_EDGE('',*,*,#9055,.T.);
#9233=ORIENTED_EDGE('',*,*,#9216,.T.);
#9234=ORIENTED_EDGE('',*,*,#7605,.T.);
#9235=EDGE_LOOP('',(#9229,#9231,#9232,#9233,#9234));
#9236=FACE_OUTER_BOUND('',#9235,.F.);
#9238=CARTESIAN_POINT('',(2.16E0,3.241086041653E1,3.7E1));
#9239=DIRECTION('',(0.E0,0.E0,1.E0));
#9240=DIRECTION('',(-6.957620555683E-1,7.182723453060E-1,0.E0));
#9241=AXIS2_PLACEMENT_3D('',#9238,#9239,#9240);
#9242=TOROIDAL_SURFACE('',#9241,3.359999999875E1,1.E0);
#9243=ORIENTED_EDGE('',*,*,#7056,.F.);
#9245=ORIENTED_EDGE('',*,*,#9244,.F.);
#9246=ORIENTED_EDGE('',*,*,#9057,.T.);
#9247=ORIENTED_EDGE('',*,*,#9230,.T.);
#9248=EDGE_LOOP('',(#9243,#9245,#9246,#9247));
#9249=FACE_OUTER_BOUND('',#9248,.F.);
#9251=CARTESIAN_POINT('',(-2.099836180552E1,5.675527001061E1,3.7E1));
#9252=DIRECTION('',(6.557422964582E-1,7.549847949699E-1,1.074874411700E-9));
#9253=DIRECTION('',(-5.338549812863E-1,4.636799237505E-1,-7.071066307613E-1));
#9254=AXIS2_PLACEMENT_3D('',#9251,#9252,#9253);
#9255=SPHERICAL_SURFACE('',#9254,1.E0);
#9257=ORIENTED_EDGE('',*,*,#9256,.F.);
#9258=ORIENTED_EDGE('',*,*,#9111,.F.);
#9259=ORIENTED_EDGE('',*,*,#9244,.T.);
#9260=EDGE_LOOP('',(#9257,#9258,#9259));
#9261=FACE_OUTER_BOUND('',#9260,.F.);
#9263=CARTESIAN_POINT('',(1.584152230512E2,2.633219980152E2,3.7E1));
#9264=DIRECTION('',(-6.557422633019E-1,-7.549848237678E-1,0.E0));
#9265=DIRECTION('',(0.E0,0.E0,1.E0));
#9266=AXIS2_PLACEMENT_3D('',#9263,#9264,#9265);
#9267=CYLINDRICAL_SURFACE('',#9266,1.E0);
#9268=ORIENTED_EDGE('',*,*,#9256,.T.);
#9269=ORIENTED_EDGE('',*,*,#7054,.T.);
#9271=ORIENTED_EDGE('',*,*,#9270,.T.);
#9272=ORIENTED_EDGE('',*,*,#9138,.F.);
#9273=EDGE_LOOP('',(#9268,#9269,#9271,#9272));
#9274=FACE_OUTER_BOUND('',#9273,.F.);
#9276=CARTESIAN_POINT('',(2.107649131421E0,-1.411908872109E1,3.7E1));
#9277=DIRECTION('',(0.E0,0.E0,1.E0));
#9278=DIRECTION('',(-7.521976608508E-1,6.589375380190E-1,0.E0));
#9279=AXIS2_PLACEMENT_3D('',#9276,#9277,#9278);
#9280=TOROIDAL_SURFACE('',#9279,6.392E1,1.E0);
#9281=ORIENTED_EDGE('',*,*,#7052,.T.);
#9282=ORIENTED_EDGE('',*,*,#6754,.T.);
#9283=ORIENTED_EDGE('',*,*,#8776,.F.);
#9284=ORIENTED_EDGE('',*,*,#9270,.F.);
#9285=EDGE_LOOP('',(#9281,#9282,#9283,#9284));
#9286=FACE_OUTER_BOUND('',#9285,.F.);
#9288=CARTESIAN_POINT('',(2.107649131421E0,-1.411908872109E1,1.E0));
#9289=DIRECTION('',(0.E0,0.E0,1.E0));
#9290=DIRECTION('',(-9.773560387934E-1,2.116014495084E-1,0.E0));
#9291=AXIS2_PLACEMENT_3D('',#9288,#9289,#9290);
#9292=TOROIDAL_SURFACE('',#9291,6.392E1,1.E0);
#9293=ORIENTED_EDGE('',*,*,#4646,.T.);
#9294=ORIENTED_EDGE('',*,*,#9164,.T.);
#9295=ORIENTED_EDGE('',*,*,#8784,.F.);
#9297=ORIENTED_EDGE('',*,*,#9296,.F.);
#9298=EDGE_LOOP('',(#9293,#9294,#9295,#9297));
#9299=FACE_OUTER_BOUND('',#9298,.F.);
#9301=CARTESIAN_POINT('',(-6.025841223968E1,-1.104917515070E-1,1.E0));
#9302=DIRECTION('',(-7.071065143627E-1,8.736245621853E-8,7.071070480103E-1));
#9303=DIRECTION('',(-7.071070480103E-1,8.711743530259E-8,-7.071065143627E-1));
#9304=AXIS2_PLACEMENT_3D('',#9301,#9302,#9303);
#9305=SPHERICAL_SURFACE('',#9304,1.E0);
#9307=ORIENTED_EDGE('',*,*,#9306,.T.);
#9308=ORIENTED_EDGE('',*,*,#9296,.T.);
#9310=ORIENTED_EDGE('',*,*,#9309,.F.);
#9311=EDGE_LOOP('',(#9307,#9308,#9310));
#9312=FACE_OUTER_BOUND('',#9311,.F.);
#9314=CARTESIAN_POINT('',(-6.025841223968E1,-7.309931967802E0,1.E0));
#9315=DIRECTION('',(0.E0,1.E0,0.E0));
#9316=DIRECTION('',(0.E0,0.E0,-1.E0));
#9317=AXIS2_PLACEMENT_3D('',#9314,#9315,#9316);
#9318=CYLINDRICAL_SURFACE('',#9317,1.E0);
#9319=ORIENTED_EDGE('',*,*,#9306,.F.);
#9320=ORIENTED_EDGE('',*,*,#6786,.F.);
#9321=ORIENTED_EDGE('',*,*,#6698,.F.);
#9322=ORIENTED_EDGE('',*,*,#4648,.T.);
#9323=EDGE_LOOP('',(#9319,#9320,#9321,#9322));
#9324=FACE_OUTER_BOUND('',#9323,.F.);
#9326=CARTESIAN_POINT('',(-6.025841223968E1,-1.104917515070E-1,8.75368E1));
#9327=DIRECTION('',(0.E0,0.E0,-1.E0));
#9328=DIRECTION('',(-1.E0,0.E0,0.E0));
#9329=AXIS2_PLACEMENT_3D('',#9326,#9327,#9328);
#9330=CYLINDRICAL_SURFACE('',#9329,1.E0);
#9331=ORIENTED_EDGE('',*,*,#8782,.F.);
#9332=ORIENTED_EDGE('',*,*,#6853,.F.);
#9333=ORIENTED_EDGE('',*,*,#6788,.T.);
#9334=ORIENTED_EDGE('',*,*,#9309,.T.);
#9335=EDGE_LOOP('',(#9331,#9332,#9333,#9334));
#9336=FACE_OUTER_BOUND('',#9335,.F.);
#9338=CARTESIAN_POINT('',(3.920223950545E0,4.251066445070E0,4.276540345046E0));
#9339=DIRECTION('',(0.E0,0.E0,1.E0));
#9340=DIRECTION('',(-6.296234139152E-1,-7.769004805313E-1,0.E0));
#9341=AXIS2_PLACEMENT_3D('',#9338,#9339,#9340);
#9342=TOROIDAL_SURFACE('',#9341,5.581475473703E1,1.E0);
#9343=ORIENTED_EDGE('',*,*,#6101,.T.);
#9344=ORIENTED_EDGE('',*,*,#8194,.F.);
#9345=ORIENTED_EDGE('',*,*,#8353,.T.);
#9346=ORIENTED_EDGE('',*,*,#8367,.T.);
#9347=ORIENTED_EDGE('',*,*,#8388,.T.);
#9348=EDGE_LOOP('',(#9343,#9344,#9345,#9346,#9347));
#9349=FACE_OUTER_BOUND('',#9348,.F.);
#9351=CARTESIAN_POINT('',(2.222E1,6.525E1,3.8E1));
#9352=DIRECTION('',(1.E0,0.E0,0.E0));
#9353=DIRECTION('',(0.E0,1.E0,0.E0));
#9354=AXIS2_PLACEMENT_3D('',#9351,#9352,#9353);
#9355=PLANE('',#9354);
#9356=ORIENTED_EDGE('',*,*,#4672,.T.);
#9357=ORIENTED_EDGE('',*,*,#7217,.T.);
#9358=ORIENTED_EDGE('',*,*,#7595,.F.);
#9359=ORIENTED_EDGE('',*,*,#7613,.T.);
#9360=EDGE_LOOP('',(#9356,#9357,#9358,#9359));
#9361=FACE_OUTER_BOUND('',#9360,.F.);
#9363=CARTESIAN_POINT('',(6.653529166064E1,-1.75E0,-2.568608E2));
#9364=DIRECTION('',(0.E0,0.E0,1.E0));
#9365=DIRECTION('',(1.E0,0.E0,0.E0));
#9366=AXIS2_PLACEMENT_3D('',#9363,#9364,#9365);
#9367=CYLINDRICAL_SURFACE('',#9366,1.5E0);
#9368=ORIENTED_EDGE('',*,*,#6830,.F.);
#9369=ORIENTED_EDGE('',*,*,#6877,.T.);
#9370=ORIENTED_EDGE('',*,*,#7171,.T.);
#9371=ORIENTED_EDGE('',*,*,#6955,.T.);
#9372=EDGE_LOOP('',(#9368,#9369,#9370,#9371));
#9373=FACE_OUTER_BOUND('',#9372,.F.);
#9375=CARTESIAN_POINT('',(4.551096125434E0,8.761182150958E0,0.E0));
#9376=DIRECTION('',(0.E0,0.E0,-1.E0));
#9377=DIRECTION('',(-1.E0,0.E0,0.E0));
#9378=AXIS2_PLACEMENT_3D('',#9375,#9376,#9377);
#9379=CYLINDRICAL_SURFACE('',#9378,5.036102313211E1);
#9380=ORIENTED_EDGE('',*,*,#6014,.T.);
#9381=ORIENTED_EDGE('',*,*,#6108,.F.);
#9382=ORIENTED_EDGE('',*,*,#4738,.F.);
#9384=ORIENTED_EDGE('',*,*,#9383,.F.);
#9385=EDGE_LOOP('',(#9380,#9381,#9382,#9384));
#9386=FACE_OUTER_BOUND('',#9385,.F.);
#9388=CARTESIAN_POINT('',(2.072E1,5.803726425784E1,-3.490048E2));
#9389=DIRECTION('',(0.E0,0.E0,1.E0));
#9390=DIRECTION('',(-3.117737155585E-1,-9.501563820166E-1,0.E0));
#9391=AXIS2_PLACEMENT_3D('',#9388,#9389,#9390);
#9392=CYLINDRICAL_SURFACE('',#9391,1.5E0);
#9393=ORIENTED_EDGE('',*,*,#9383,.T.);
#9394=ORIENTED_EDGE('',*,*,#4736,.T.);
#9395=ORIENTED_EDGE('',*,*,#4612,.T.);
#9396=ORIENTED_EDGE('',*,*,#4996,.F.);
#9397=ORIENTED_EDGE('',*,*,#4851,.T.);
#9398=EDGE_LOOP('',(#9393,#9394,#9395,#9396,#9397));
#9399=FACE_OUTER_BOUND('',#9398,.F.);
#9401=CARTESIAN_POINT('',(-2.670748418857E1,4.880245809824E1,-1.22E2));
#9402=DIRECTION('',(4.987903134290E-1,8.667226910780E-1,0.E0));
#9403=DIRECTION('',(8.667226910780E-1,-4.987903134290E-1,0.E0));
#9404=AXIS2_PLACEMENT_3D('',#9401,#9402,#9403);
#9405=PLANE('',#9404);
#9406=ORIENTED_EDGE('',*,*,#5407,.F.);
#9407=ORIENTED_EDGE('',*,*,#5479,.F.);
#9409=ORIENTED_EDGE('',*,*,#9408,.F.);
#9410=ORIENTED_EDGE('',*,*,#5917,.T.);
#9411=EDGE_LOOP('',(#9406,#9407,#9409,#9410));
#9412=FACE_OUTER_BOUND('',#9411,.F.);
#9414=CARTESIAN_POINT('',(-3.166162174138E1,4.019390393001E1,-9.E1));
#9415=DIRECTION('',(-8.667226910780E-1,4.987903134290E-1,0.E0));
#9416=DIRECTION('',(4.987903134290E-1,8.667226910780E-1,0.E0));
#9417=AXIS2_PLACEMENT_3D('',#9414,#9415,#9416);
#9418=PLANE('',#9417);
#9419=ORIENTED_EDGE('',*,*,#5256,.T.);
#9421=ORIENTED_EDGE('',*,*,#9420,.F.);
#9422=ORIENTED_EDGE('',*,*,#5290,.T.);
#9423=ORIENTED_EDGE('',*,*,#5346,.T.);
#9425=ORIENTED_EDGE('',*,*,#9424,.T.);
#9426=ORIENTED_EDGE('',*,*,#5240,.T.);
#9427=EDGE_LOOP('',(#9419,#9421,#9422,#9423,#9425,#9426));
#9428=FACE_OUTER_BOUND('',#9427,.F.);
#9429=ORIENTED_EDGE('',*,*,#5477,.F.);
#9431=ORIENTED_EDGE('',*,*,#9430,.F.);
#9432=ORIENTED_EDGE('',*,*,#5919,.T.);
#9433=ORIENTED_EDGE('',*,*,#9408,.T.);
#9434=EDGE_LOOP('',(#9429,#9431,#9432,#9433));
#9435=FACE_BOUND('',#9434,.F.);
#9437=CARTESIAN_POINT('',(-2.442921034314E1,4.218395215892E1,-1.22E2));
#9438=DIRECTION('',(-4.157693337860E-1,-9.094700990594E-1,0.E0));
#9439=DIRECTION('',(-9.094700990594E-1,4.157693337860E-1,0.E0));
#9440=AXIS2_PLACEMENT_3D('',#9437,#9438,#9439);
#9441=PLANE('',#9440);
#9442=ORIENTED_EDGE('',*,*,#9430,.T.);
#9443=ORIENTED_EDGE('',*,*,#5475,.F.);
#9445=ORIENTED_EDGE('',*,*,#9444,.T.);
#9446=ORIENTED_EDGE('',*,*,#5921,.T.);
#9447=EDGE_LOOP('',(#9442,#9443,#9445,#9446));
#9448=FACE_OUTER_BOUND('',#9447,.F.);
#9450=CARTESIAN_POINT('',(-2.663236430233E1,3.736468703596E1,-1.22E2));
#9451=DIRECTION('',(-9.094700990594E-1,4.157693337860E-1,0.E0));
#9452=DIRECTION('',(4.157693337860E-1,9.094700990594E-1,0.E0));
#9453=AXIS2_PLACEMENT_3D('',#9450,#9451,#9452);
#9454=PLANE('',#9453);
#9456=ORIENTED_EDGE('',*,*,#9455,.T.);
#9457=ORIENTED_EDGE('',*,*,#5923,.T.);
#9458=ORIENTED_EDGE('',*,*,#9444,.F.);
#9459=ORIENTED_EDGE('',*,*,#5473,.F.);
#9460=EDGE_LOOP('',(#9456,#9457,#9458,#9459));
#9461=FACE_OUTER_BOUND('',#9460,.F.);
#9463=CARTESIAN_POINT('',(-2.731844316458E1,3.947170099298E1,-3.490048E2));
#9464=DIRECTION('',(0.E0,0.E0,1.E0));
#9465=DIRECTION('',(-4.902954120546E-1,-8.715563142553E-1,0.E0));
#9466=AXIS2_PLACEMENT_3D('',#9463,#9464,#9465);
#9467=CYLINDRICAL_SURFACE('',#9466,1.5E0);
#9468=ORIENTED_EDGE('',*,*,#9455,.F.);
#9469=ORIENTED_EDGE('',*,*,#5471,.T.);
#9471=ORIENTED_EDGE('',*,*,#9470,.T.);
#9472=ORIENTED_EDGE('',*,*,#5925,.T.);
#9473=EDGE_LOOP('',(#9468,#9469,#9471,#9472));
#9474=FACE_OUTER_BOUND('',#9473,.F.);
#9476=CARTESIAN_POINT('',(-2.559E1,3.677830331438E1,-9.E1));
#9477=DIRECTION('',(-4.902954120546E-1,-8.715563142553E-1,0.E0));
#9478=DIRECTION('',(-8.715563142553E-1,4.902954120546E-1,0.E0));
#9479=AXIS2_PLACEMENT_3D('',#9476,#9477,#9478);
#9480=PLANE('',#9479);
#9482=ORIENTED_EDGE('',*,*,#9481,.F.);
#9483=ORIENTED_EDGE('',*,*,#5187,.T.);
#9485=ORIENTED_EDGE('',*,*,#9484,.F.);
#9486=ORIENTED_EDGE('',*,*,#5361,.T.);
#9487=ORIENTED_EDGE('',*,*,#5375,.T.);
#9488=ORIENTED_EDGE('',*,*,#5927,.F.);
#9489=ORIENTED_EDGE('',*,*,#9470,.F.);
#9490=ORIENTED_EDGE('',*,*,#5469,.F.);
#9491=EDGE_LOOP('',(#9482,#9483,#9485,#9486,#9487,#9488,#9489,#9490));
#9492=FACE_OUTER_BOUND('',#9491,.F.);
#9494=CARTESIAN_POINT('',(-2.635252180440E1,3.950200676699E1,
-1.273874602152E2));
#9495=DIRECTION('',(0.E0,0.E0,1.E0));
#9496=DIRECTION('',(-4.902954120546E-1,-8.715563142553E-1,0.E0));
#9497=AXIS2_PLACEMENT_3D('',#9494,#9495,#9496);
#9498=CYLINDRICAL_SURFACE('',#9497,2.E0);
#9499=ORIENTED_EDGE('',*,*,#5467,.T.);
#9500=ORIENTED_EDGE('',*,*,#5387,.F.);
#9501=ORIENTED_EDGE('',*,*,#5170,.F.);
#9502=ORIENTED_EDGE('',*,*,#9481,.T.);
#9503=EDGE_LOOP('',(#9499,#9500,#9501,#9502));
#9504=FACE_OUTER_BOUND('',#9503,.F.);
#9506=CARTESIAN_POINT('',(-2.960600361606E1,4.075857181913E1,
-9.262659527227E1));
#9507=DIRECTION('',(0.E0,0.E0,-1.E0));
#9508=DIRECTION('',(-4.902954120546E-1,-8.715563142553E-1,0.E0));
#9509=AXIS2_PLACEMENT_3D('',#9506,#9507,#9508);
#9510=CYLINDRICAL_SURFACE('',#9509,1.5E0);
#9511=ORIENTED_EDGE('',*,*,#9484,.T.);
#9512=ORIENTED_EDGE('',*,*,#5242,.T.);
#9513=ORIENTED_EDGE('',*,*,#9424,.F.);
#9514=ORIENTED_EDGE('',*,*,#5344,.F.);
#9515=EDGE_LOOP('',(#9511,#9512,#9513,#9514));
#9516=FACE_OUTER_BOUND('',#9515,.F.);
#9518=CARTESIAN_POINT('',(-1.895960039539E0,3.849863519545E1,-9.E1));
#9519=DIRECTION('',(0.E0,0.E0,-1.E0));
#9520=DIRECTION('',(-1.E0,0.E0,0.E0));
#9521=AXIS2_PLACEMENT_3D('',#9518,#9519,#9520);
#9522=CYLINDRICAL_SURFACE('',#9521,2.742250551843E1);
#9523=ORIENTED_EDGE('',*,*,#5275,.T.);
#9524=ORIENTED_EDGE('',*,*,#5085,.F.);
#9525=ORIENTED_EDGE('',*,*,#4766,.F.);
#9526=ORIENTED_EDGE('',*,*,#4834,.F.);
#9527=EDGE_LOOP('',(#9523,#9524,#9525,#9526));
#9528=FACE_OUTER_BOUND('',#9527,.F.);
#9530=CARTESIAN_POINT('',(-1.895960039539E0,3.849863519545E1,-9.E1));
#9531=DIRECTION('',(0.E0,0.E0,-1.E0));
#9532=DIRECTION('',(-1.E0,0.E0,0.E0));
#9533=AXIS2_PLACEMENT_3D('',#9530,#9531,#9532);
#9534=CYLINDRICAL_SURFACE('',#9533,2.742250551843E1);
#9535=ORIENTED_EDGE('',*,*,#5270,.F.);
#9536=ORIENTED_EDGE('',*,*,#5292,.F.);
#9537=ORIENTED_EDGE('',*,*,#9420,.T.);
#9538=ORIENTED_EDGE('',*,*,#5254,.F.);
#9539=EDGE_LOOP('',(#9535,#9536,#9537,#9538));
#9540=FACE_OUTER_BOUND('',#9539,.F.);
#9542=CLOSED_SHELL('',(#4604,#4628,#4660,#4679,#4695,#4710,#4726,#4742,#4758,
#4774,#4788,#4804,#4818,#4845,#4881,#4911,#4922,#4934,#4948,#4960,#4977,#4990,
#5003,#5018,#5032,#5047,#5061,#5075,#5093,#5135,#5150,#5177,#5191,#5246,#5262,
#5280,#5296,#5351,#5365,#5381,#5397,#5423,#5437,#5461,#5486,#5501,#5523,#5537,
#5551,#5565,#5591,#5605,#5619,#5633,#5653,#5669,#5682,#5695,#5707,#5720,#5746,
#5759,#5813,#5829,#5844,#5857,#5882,#5894,#5910,#5932,#5945,#5961,#5975,#5987,
#6001,#6020,#6034,#6047,#6060,#6071,#6083,#6130,#6145,#6159,#6210,#6250,#6272,
#6284,#6298,#6311,#6325,#6374,#6388,#6401,#6415,#6464,#6478,#6528,#6540,#6553,
#6565,#6579,#6591,#6605,#6620,#6634,#6648,#6662,#6675,#6689,#6702,#6717,#6730,
#6745,#6758,#6773,#6794,#6809,#6824,#6840,#6869,#6894,#6909,#6922,#6948,#6973,
#6992,#7006,#7019,#7032,#7086,#7101,#7114,#7128,#7141,#7156,#7179,#7202,#7250,
#7264,#7321,#7331,#7342,#7399,#7412,#7469,#7479,#7490,#7546,#7560,#7572,#7584,
#7599,#7649,#7672,#7689,#7705,#7717,#7729,#7741,#7753,#7775,#7791,#7813,#7829,
#7851,#7867,#7889,#7905,#7920,#7957,#7969,#7983,#7997,#8013,#8027,#8041,#8055,
#8068,#8094,#8111,#8127,#8148,#8162,#8176,#8199,#8214,#8228,#8242,#8256,#8268,
#8280,#8293,#8305,#8318,#8331,#8343,#8359,#8373,#8393,#8406,#8419,#8433,#8446,
#8466,#8479,#8492,#8505,#8517,#8529,#8542,#8555,#8574,#8587,#8606,#8620,#8633,
#8646,#8659,#8671,#8683,#8696,#8708,#8721,#8734,#8746,#8790,#8804,#8857,#8867,
#8878,#8931,#8944,#8971,#8983,#8994,#9009,#9033,#9064,#9076,#9090,#9103,#9117,
#9130,#9143,#9155,#9169,#9181,#9195,#9210,#9223,#9237,#9250,#9262,#9275,#9287,
#9300,#9313,#9325,#9337,#9350,#9362,#9374,#9387,#9400,#9413,#9436,#9449,#9462,
#9475,#9493,#9505,#9517,#9529,#9541));
#9543=MANIFOLD_SOLID_BREP('',#9542);
#9546=PLANE_ANGLE_MEASURE_WITH_UNIT(PLANE_ANGLE_MEASURE(1.745329251994E-2),
#9545);
#9547=(CONVERSION_BASED_UNIT('DEGREE',#9546)NAMED_UNIT(*)PLANE_ANGLE_UNIT());
#9549=UNCERTAINTY_MEASURE_WITH_UNIT(LENGTH_MEASURE(2.476100557258E-2),#9544,
'distance_accuracy_value',
'Maximum model space distance between geometric entities at asserted connectivities');
#9551=CARTESIAN_POINT('',(0.E0,0.E0,0.E0));
#9552=DIRECTION('',(0.E0,0.E0,1.E0));
#9553=DIRECTION('',(1.E0,0.E0,0.E0));
#9556=APPLICATION_CONTEXT('automotive_design');
#9557=APPLICATION_PROTOCOL_DEFINITION('international standard',
'automotive_design',2001,#9556);
#9558=PRODUCT_DEFINITION_CONTEXT('part definition',#9556,'design');
#9559=PRODUCT_CONTEXT('',#9556,'mechanical');
#9560=PRODUCT('BRACE2','BRACE2','NOT SPECIFIED',(#9559));
#9561=PRODUCT_DEFINITION_FORMATION('12','LAST_VERSION',#9560);
#9569=DERIVED_UNIT_ELEMENT(#9568,2.E0);
#9570=DERIVED_UNIT((#9569));
#9571=MEASURE_REPRESENTATION_ITEM('surface area measure',AREA_MEASURE(
4.754039272387E4),#9570);
#9576=DERIVED_UNIT_ELEMENT(#9575,3.E0);
#9577=DERIVED_UNIT((#9576));
#9578=MEASURE_REPRESENTATION_ITEM('volume measure',VOLUME_MEASURE(
1.238107289949E5),#9577);
#9582=CARTESIAN_POINT('centre point',(7.191449851611E0,5.467502410548E1,
-1.678138905744E1));
#9587=DERIVED_UNIT_ELEMENT(#9586,2.E0);
#9588=DERIVED_UNIT((#9587));
#9589=MEASURE_REPRESENTATION_ITEM('surface area measure',AREA_MEASURE(
4.754039272387E4),#9588);
#9594=DERIVED_UNIT_ELEMENT(#9593,3.E0);
#9595=DERIVED_UNIT((#9594));
#9596=MEASURE_REPRESENTATION_ITEM('volume measure',VOLUME_MEASURE(
1.238107289949E5),#9595);
#9600=CARTESIAN_POINT('centre point',(7.191449851611E0,5.467502410548E1,
-1.678138905744E1));
#1=DRAUGHTING_PRE_DEFINED_COLOUR('green');
#2=DRAUGHTING_PRE_DEFINED_COLOUR('green');
#3=DRAUGHTING_PRE_DEFINED_COLOUR('green');
#4=COLOUR_RGB('',1.1E-2,1.2E-2,1.E0);
#5=COLOUR_RGB('',1.1E-2,1.2E-2,1.E0);
#6=COLOUR_RGB('',4.1E-1,2.61589E-1,1.12848E-1);
#7=COLOUR_RGB('',5.04854E-1,1.5455E-2,1.5455E-2);
#8=COLOUR_RGB('',6.35294E-1,6.86275E-1,7.4902E-1);
#9=COLOUR_RGB('',6.40777E-1,6.40777E-1,6.40777E-1);
#10=COLOUR_RGB('',6.66667E-1,6.66667E-1,6.66667E-1);
#11=COLOUR_RGB('',6.69062E-1,6.69903E-1,6.55217E-1);
#12=COLOUR_RGB('',7.45098E-1,3.92157E-1,2.94118E-1);
#13=COLOUR_RGB('',8.03922E-1,5.88235E-1,1.96078E-1);
#14=COLOUR_RGB('',9.21569E-1,7.05882E-1,4.70588E-1);
#15=DRAUGHTING_PRE_DEFINED_COLOUR('red');
#16=DRAUGHTING_PRE_DEFINED_COLOUR('red');
#17=DRAUGHTING_PRE_DEFINED_COLOUR('red');
#18=DRAUGHTING_PRE_DEFINED_COLOUR('red');
#19=DRAUGHTING_PRE_DEFINED_COLOUR('red');
#20=DRAUGHTING_PRE_DEFINED_COLOUR('red');
#21=DRAUGHTING_PRE_DEFINED_COLOUR('red');
#22=DRAUGHTING_PRE_DEFINED_COLOUR('yellow');
#23=DRAUGHTING_PRE_DEFINED_COLOUR('yellow');
#24=COLOUR_RGB('',1.E0,1.E0,5.3E-1);
#25=COLOUR_RGB('',1.E0,1.E0,9.49E-1);
#26=COLOUR_RGB('',1.E0,1.E0,9.49E-1);
#27=DRAUGHTING_PRE_DEFINED_COLOUR('white');
#32=CIRCLE('',#31,6.729421517477E1);
#37=CIRCLE('',#36,5.581475473594E1);
#54=CIRCLE('',#53,6.391999999927E1);
#59=CIRCLE('',#58,2.759999999826E1);
#64=CIRCLE('',#63,3.359999999875E1);
#73=CIRCLE('',#72,6.392E1);
#116=B_SPLINE_CURVE_WITH_KNOTS('',3,(#110,#111,#112,#113,#114,#115),
.UNSPECIFIED.,.F.,.F.,(4,1,1,4),(0.E0,3.333333333333E-1,6.666666666667E-1,1.E0),
.UNSPECIFIED.);
#125=CIRCLE('',#124,3.E0);
#130=CIRCLE('',#129,6.729421517477E1);
#135=CIRCLE('',#134,3.E0);
#140=CIRCLE('',#139,6.729421517477E1);
#145=CIRCLE('',#144,7.086096634993E0);
#150=CIRCLE('',#149,2.448907560718E1);
#155=CIRCLE('',#154,1.5E0);
#160=CIRCLE('',#159,7.086096634993E0);
#165=CIRCLE('',#164,1.5E0);
#170=CIRCLE('',#169,5.036102313211E1);
#175=CIRCLE('',#174,3.E0);
#180=CIRCLE('',#179,3.E0);
#195=B_SPLINE_CURVE_WITH_KNOTS('',3,(#189,#190,#191,#192,#193,#194),
.UNSPECIFIED.,.F.,.F.,(4,1,1,4),(0.E0,3.333333333333E-1,6.666666666667E-1,1.E0),
.UNSPECIFIED.);
#216=CIRCLE('',#215,5.192268404287E0);
#221=CIRCLE('',#220,5.192268404287E0);
#226=CIRCLE('',#225,6.575231888528E1);
#231=CIRCLE('',#230,5.192268404287E0);
#236=CIRCLE('',#235,6.575231888528E1);
#241=CIRCLE('',#240,2.448907560718E1);
#258=CIRCLE('',#257,5.192268404287E0);
#263=CIRCLE('',#262,2.742250551843E1);
#268=CIRCLE('',#267,6.575231888528E1);
#273=CIRCLE('',#272,5.192268404287E0);
#278=CIRCLE('',#277,6.575231888528E1);
#283=CIRCLE('',#282,3.731999999722E1);
#288=CIRCLE('',#287,5.192268404287E0);
#293=CIRCLE('',#292,3.731999999722E1);
#310=CIRCLE('',#309,3.019E1);
#315=CIRCLE('',#314,5.027937164465E1);
#320=CIRCLE('',#319,5.192268404287E0);
#325=CIRCLE('',#324,5.192268404287E0);
#330=CIRCLE('',#329,6.579421503627E1);
#335=CIRCLE('',#334,6.579421517477E1);
#346=B_SPLINE_CURVE_WITH_KNOTS('',3,(#340,#341,#342,#343,#344,#345),
.UNSPECIFIED.,.F.,.F.,(4,1,1,4),(0.E0,3.333333333333E-1,6.666666666667E-1,1.E0),
.UNSPECIFIED.);
#354=B_SPLINE_CURVE_WITH_KNOTS('',3,(#347,#348,#349,#350,#351,#352,#353),
.UNSPECIFIED.,.F.,.F.,(4,1,1,1,4),(0.E0,2.5E-1,5.E-1,7.5E-1,1.E0),
.UNSPECIFIED.);
#359=CIRCLE('',#358,3.E0);
#368=CIRCLE('',#367,3.E0);
#373=CIRCLE('',#372,3.E0);
#402=CIRCLE('',#401,6.575231888528E1);
#419=CIRCLE('',#418,6.575231888528E1);
#432=CIRCLE('',#431,6.575231888528E1);
#442=B_SPLINE_CURVE_WITH_KNOTS('',3,(#433,#434,#435,#436,#437,#438,#439,#440,
#441),.UNSPECIFIED.,.F.,.F.,(4,1,1,1,1,1,4),(0.E0,1.666666666667E-1,
3.333333333333E-1,5.E-1,6.666666666667E-1,8.333333333333E-1,1.E0),
.UNSPECIFIED.);
#452=B_SPLINE_CURVE_WITH_KNOTS('',3,(#443,#444,#445,#446,#447,#448,#449,#450,
#451),.UNSPECIFIED.,.F.,.F.,(4,1,1,1,1,1,4),(0.E0,1.666666666667E-1,
3.333333333333E-1,5.E-1,6.666666666667E-1,8.333333333333E-1,1.E0),
.UNSPECIFIED.);
#463=B_SPLINE_CURVE_WITH_KNOTS('',3,(#453,#454,#455,#456,#457,#458,#459,#460,
#461,#462),.UNSPECIFIED.,.F.,.F.,(4,1,1,1,1,1,1,4),(0.E0,1.428571428571E-1,
2.857142857143E-1,4.285714285714E-1,5.714285714286E-1,7.142857142857E-1,
8.571428571429E-1,1.E0),.UNSPECIFIED.);
#473=B_SPLINE_CURVE_WITH_KNOTS('',3,(#464,#465,#466,#467,#468,#469,#470,#471,
#472),.UNSPECIFIED.,.F.,.F.,(4,1,1,1,1,1,4),(0.E0,1.666666666667E-1,
3.333333333333E-1,5.E-1,6.666666666667E-1,8.333333333333E-1,1.E0),
.UNSPECIFIED.);
#479=B_SPLINE_CURVE_WITH_KNOTS('',3,(#474,#475,#476,#477,#478),.UNSPECIFIED.,
.F.,.F.,(4,1,4),(0.E0,5.E-1,1.E0),.UNSPECIFIED.);
#488=CIRCLE('',#487,2.648907560718E1);
#493=CIRCLE('',#492,4.110353027244E1);
#498=CIRCLE('',#497,5.227937164465E1);
#515=CIRCLE('',#514,3.732E1);
#520=CIRCLE('',#519,5.192268404287E0);
#525=CIRCLE('',#524,3.732E1);
#530=CIRCLE('',#529,6.425231888361E1);
#535=CIRCLE('',#534,6.425231888361E1);
#540=CIRCLE('',#539,6.425231888361E1);
#545=CIRCLE('',#544,5.192268404287E0);
#558=CIRCLE('',#557,2.E0);
#563=CIRCLE('',#562,2.E0);
#568=CIRCLE('',#567,3.E0);
#578=B_SPLINE_CURVE_WITH_KNOTS('',3,(#569,#570,#571,#572,#573,#574,#575,#576,
#577),.UNSPECIFIED.,.F.,.F.,(4,1,1,1,1,1,4),(0.E0,1.666666666667E-1,
3.333333333333E-1,5.E-1,6.666666666667E-1,8.333333333333E-1,1.E0),
.UNSPECIFIED.);
#583=CIRCLE('',#582,1.5E0);
#588=CIRCLE('',#587,1.5E0);
#595=B_SPLINE_CURVE_WITH_KNOTS('',3,(#589,#590,#591,#592,#593,#594),
.UNSPECIFIED.,.F.,.F.,(4,1,1,4),(0.E0,3.333333333333E-1,6.666666666667E-1,1.E0),
.UNSPECIFIED.);
#602=B_SPLINE_CURVE_WITH_KNOTS('',3,(#596,#597,#598,#599,#600,#601),
.UNSPECIFIED.,.F.,.F.,(4,1,1,4),(0.E0,3.333333333333E-1,6.666666666667E-1,1.E0),
.UNSPECIFIED.);
#607=CIRCLE('',#606,1.5E0);
#617=B_SPLINE_CURVE_WITH_KNOTS('',3,(#608,#609,#610,#611,#612,#613,#614,#615,
#616),.UNSPECIFIED.,.F.,.F.,(4,1,1,1,1,1,4),(0.E0,1.666666666667E-1,
3.333333333333E-1,5.E-1,6.666666666667E-1,8.333333333333E-1,1.E0),
.UNSPECIFIED.);
#630=CIRCLE('',#629,3.E0);
#651=CIRCLE('',#650,1.E0);
#664=CIRCLE('',#663,2.448907560718E1);
#669=CIRCLE('',#668,2.E0);
#690=CIRCLE('',#689,2.E0);
#711=CIRCLE('',#710,2.448907560718E1);
#716=CIRCLE('',#715,2.E0);
#721=CIRCLE('',#720,2.E0);
#746=CIRCLE('',#745,1.5E0);
#751=CIRCLE('',#750,1.5E0);
#792=CIRCLE('',#791,1.5E0);
#801=CIRCLE('',#800,1.5E0);
#806=CIRCLE('',#805,1.5E0);
#811=CIRCLE('',#810,1.5E0);
#821=B_SPLINE_CURVE_WITH_KNOTS('',3,(#812,#813,#814,#815,#816,#817,#818,#819,
#820),.UNSPECIFIED.,.F.,.F.,(4,1,1,1,1,1,4),(0.E0,1.666666666667E-1,
3.333333333333E-1,5.E-1,6.666666666667E-1,8.333333333333E-1,1.E0),
.UNSPECIFIED.);
#830=B_SPLINE_CURVE_WITH_KNOTS('',3,(#822,#823,#824,#825,#826,#827,#828,#829),
.UNSPECIFIED.,.F.,.F.,(4,1,1,1,1,4),(0.E0,2.E-1,4.E-1,6.E-1,8.E-1,1.E0),
.UNSPECIFIED.);
#839=B_SPLINE_CURVE_WITH_KNOTS('',3,(#831,#832,#833,#834,#835,#836,#837,#838),
.UNSPECIFIED.,.F.,.F.,(4,1,1,1,1,4),(0.E0,2.E-1,4.E-1,6.E-1,8.E-1,1.E0),
.UNSPECIFIED.);
#848=B_SPLINE_CURVE_WITH_KNOTS('',3,(#840,#841,#842,#843,#844,#845,#846,#847),
.UNSPECIFIED.,.F.,.F.,(4,1,1,1,1,4),(0.E0,2.E-1,4.E-1,6.E-1,8.E-1,1.E0),
.UNSPECIFIED.);
#857=CIRCLE('',#856,3.882E1);
#866=CIRCLE('',#865,3.882E1);
#875=CIRCLE('',#874,3.882E1);
#884=CIRCLE('',#883,3.882E1);
#894=B_SPLINE_CURVE_WITH_KNOTS('',3,(#885,#886,#887,#888,#889,#890,#891,#892,
#893),.UNSPECIFIED.,.F.,.F.,(4,1,1,1,1,1,4),(0.E0,1.666666666667E-1,
3.333333333333E-1,5.E-1,6.666666666667E-1,8.333333333333E-1,1.E0),
.UNSPECIFIED.);
#899=CIRCLE('',#898,1.5E0);
#904=CIRCLE('',#903,1.5E0);
#909=CIRCLE('',#908,1.5E0);
#919=B_SPLINE_CURVE_WITH_KNOTS('',3,(#910,#911,#912,#913,#914,#915,#916,#917,
#918),.UNSPECIFIED.,.F.,.F.,(4,1,1,1,1,1,4),(0.E0,1.666666666667E-1,
3.333333333333E-1,5.E-1,6.666666666667E-1,8.333333333333E-1,1.E0),
.UNSPECIFIED.);
#924=CIRCLE('',#923,3.E0);
#929=CIRCLE('',#928,2.E0);
#937=B_SPLINE_CURVE_WITH_KNOTS('',3,(#930,#931,#932,#933,#934,#935,#936),
.UNSPECIFIED.,.F.,.F.,(4,1,1,1,4),(0.E0,2.5E-1,5.E-1,7.5E-1,1.E0),
.UNSPECIFIED.);
#959=B_SPLINE_CURVE_WITH_KNOTS('',3,(#950,#951,#952,#953,#954,#955,#956,#957,
#958),.UNSPECIFIED.,.F.,.F.,(4,1,1,1,1,1,4),(0.E0,1.666666666667E-1,
3.333333333333E-1,5.E-1,6.666666666667E-1,8.333333333333E-1,1.E0),
.UNSPECIFIED.);
#972=CIRCLE('',#971,3.E0);
#977=CIRCLE('',#976,1.5E0);
#982=CIRCLE('',#981,1.5E0);
#1003=CIRCLE('',#1002,2.448907560718E1);
#1024=CIRCLE('',#1023,3.019E1);
#1045=CIRCLE('',#1044,3.219E1);
#1054=B_SPLINE_CURVE_WITH_KNOTS('',3,(#1046,#1047,#1048,#1049,#1050,#1051,#1052,
#1053),.UNSPECIFIED.,.F.,.F.,(4,1,1,1,1,4),(0.E0,2.E-1,4.E-1,6.E-1,8.E-1,1.E0),
.UNSPECIFIED.);
#1063=B_SPLINE_CURVE_WITH_KNOTS('',3,(#1055,#1056,#1057,#1058,#1059,#1060,#1061,
#1062),.UNSPECIFIED.,.F.,.F.,(4,1,1,1,1,4),(0.E0,2.E-1,4.E-1,6.E-1,8.E-1,1.E0),
.UNSPECIFIED.);
#1072=B_SPLINE_CURVE_WITH_KNOTS('',3,(#1064,#1065,#1066,#1067,#1068,#1069,#1070,
#1071),.UNSPECIFIED.,.F.,.F.,(4,1,1,1,1,4),(0.E0,2.E-1,4.E-1,6.E-1,8.E-1,1.E0),
.UNSPECIFIED.);
#1077=CIRCLE('',#1076,5.027937164465E1);
#1082=CIRCLE('',#1081,3.910353027244E1);
#1095=B_SPLINE_CURVE_WITH_KNOTS('',3,(#1087,#1088,#1089,#1090,#1091,#1092,#1093,
#1094),.UNSPECIFIED.,.F.,.F.,(4,1,1,1,1,4),(0.E0,2.E-1,4.E-1,6.E-1,8.E-1,1.E0),
.UNSPECIFIED.);
#1100=CIRCLE('',#1099,2.E0);
#1105=CIRCLE('',#1104,2.E0);
#1110=CIRCLE('',#1109,5.027937164465E1);
#1115=CIRCLE('',#1114,3.910353027244E1);
#1120=CIRCLE('',#1119,7.086096634993E0);
#1125=CIRCLE('',#1124,7.086096634993E0);
#1134=CIRCLE('',#1133,7.086096634993E0);
#1143=CIRCLE('',#1142,7.086096634993E0);
#1152=B_SPLINE_CURVE_WITH_KNOTS('',3,(#1144,#1145,#1146,#1147,#1148,#1149,#1150,
#1151),.UNSPECIFIED.,.F.,.F.,(4,1,1,1,1,4),(0.E0,2.E-1,4.E-1,6.E-1,8.E-1,1.E0),
.UNSPECIFIED.);
#1165=CIRCLE('',#1164,6.629421517477E1);
#1176=B_SPLINE_CURVE_WITH_KNOTS('',3,(#1166,#1167,#1168,#1169,#1170,#1171,#1172,
#1173,#1174,#1175),.UNSPECIFIED.,.F.,.F.,(4,1,1,1,1,1,1,4),(0.E0,
1.428571428571E-1,2.857142857143E-1,4.285714285714E-1,5.714285714286E-1,
7.142857142857E-1,8.571428571429E-1,1.E0),.UNSPECIFIED.);
#1185=B_SPLINE_CURVE_WITH_KNOTS('',3,(#1177,#1178,#1179,#1180,#1181,#1182,#1183,
#1184),.UNSPECIFIED.,.F.,.F.,(4,1,1,1,1,4),(0.E0,2.E-1,4.E-1,6.E-1,8.E-1,1.E0),
.UNSPECIFIED.);
#1190=CIRCLE('',#1189,1.E0);
#1195=CIRCLE('',#1194,6.729421517477E1);
#1208=CIRCLE('',#1207,6.729421517477E1);
#1217=CIRCLE('',#1216,6.729421517477E1);
#1226=CIRCLE('',#1225,6.729421517477E1);
#1243=B_SPLINE_CURVE_WITH_KNOTS('',3,(#1235,#1236,#1237,#1238,#1239,#1240,#1241,
#1242),.UNSPECIFIED.,.F.,.F.,(4,1,1,1,1,4),(0.E0,2.E-1,4.E-1,6.E-1,8.E-1,1.E0),
.UNSPECIFIED.);
#1248=CIRCLE('',#1247,6.729421517477E1);
#1257=B_SPLINE_CURVE_WITH_KNOTS('',3,(#1249,#1250,#1251,#1252,#1253,#1254,#1255,
#1256),.UNSPECIFIED.,.F.,.F.,(4,1,1,1,1,4),(0.E0,2.E-1,4.E-1,6.E-1,8.E-1,1.E0),
.UNSPECIFIED.);
#1270=B_SPLINE_CURVE_WITH_KNOTS('',3,(#1262,#1263,#1264,#1265,#1266,#1267,#1268,
#1269),.UNSPECIFIED.,.F.,.F.,(4,1,1,1,1,4),(0.E0,2.E-1,4.E-1,6.E-1,8.E-1,1.E0),
.UNSPECIFIED.);
#1275=CIRCLE('',#1274,6.729421517477E1);
#1284=B_SPLINE_CURVE_WITH_KNOTS('',3,(#1276,#1277,#1278,#1279,#1280,#1281,#1282,
#1283),.UNSPECIFIED.,.F.,.F.,(4,1,1,1,1,4),(0.E0,2.E-1,4.E-1,6.E-1,8.E-1,1.E0),
.UNSPECIFIED.);
#1289=CIRCLE('',#1288,5.192268404287E0);
#1294=CIRCLE('',#1293,5.192268404287E0);
#1302=B_SPLINE_CURVE_WITH_KNOTS('',3,(#1295,#1296,#1297,#1298,#1299,#1300,
#1301),.UNSPECIFIED.,.F.,.F.,(4,1,1,1,4),(0.E0,2.5E-1,5.E-1,7.5E-1,1.E0),
.UNSPECIFIED.);
#1310=B_SPLINE_CURVE_WITH_KNOTS('',3,(#1303,#1304,#1305,#1306,#1307,#1308,
#1309),.UNSPECIFIED.,.F.,.F.,(4,1,1,1,4),(0.E0,2.5E-1,5.E-1,7.5E-1,1.E0),
.UNSPECIFIED.);
#1315=CIRCLE('',#1314,1.E0);
#1342=B_SPLINE_CURVE_WITH_KNOTS('',3,(#1332,#1333,#1334,#1335,#1336,#1337,#1338,
#1339,#1340,#1341),.UNSPECIFIED.,.F.,.F.,(4,1,1,1,1,1,1,4),(0.E0,
1.428571428571E-1,2.857142857143E-1,4.285714285714E-1,5.714285714286E-1,
7.142857142857E-1,8.571428571429E-1,1.E0),.UNSPECIFIED.);
#1351=B_SPLINE_CURVE_WITH_KNOTS('',3,(#1343,#1344,#1345,#1346,#1347,#1348,#1349,
#1350),.UNSPECIFIED.,.F.,.F.,(4,1,1,1,1,4),(0.E0,2.E-1,4.E-1,6.E-1,8.E-1,1.E0),
.UNSPECIFIED.);
#1356=CIRCLE('',#1355,1.E0);
#1361=CIRCLE('',#1360,1.E0);
#1374=CIRCLE('',#1373,6.629421517477E1);
#1383=B_SPLINE_CURVE_WITH_KNOTS('',3,(#1375,#1376,#1377,#1378,#1379,#1380,#1381,
#1382),.UNSPECIFIED.,.F.,.F.,(4,1,1,1,1,4),(0.E0,2.E-1,4.E-1,6.E-1,8.E-1,1.E0),
.UNSPECIFIED.);
#1392=B_SPLINE_CURVE_WITH_KNOTS('',3,(#1384,#1385,#1386,#1387,#1388,#1389,#1390,
#1391),.UNSPECIFIED.,.F.,.F.,(4,1,1,1,1,4),(0.E0,2.E-1,4.E-1,6.E-1,8.E-1,1.E0),
.UNSPECIFIED.);
#1397=CIRCLE('',#1396,1.E0);
#1402=CIRCLE('',#1401,1.E0);
#1411=B_SPLINE_CURVE_WITH_KNOTS('',3,(#1403,#1404,#1405,#1406,#1407,#1408,#1409,
#1410),.UNSPECIFIED.,.F.,.F.,(4,1,1,1,1,4),(0.E0,2.E-1,4.E-1,6.E-1,8.E-1,1.E0),
.UNSPECIFIED.);
#1416=CIRCLE('',#1415,1.E0);
#1421=CIRCLE('',#1420,1.E0);
#1430=B_SPLINE_CURVE_WITH_KNOTS('',3,(#1422,#1423,#1424,#1425,#1426,#1427,#1428,
#1429),.UNSPECIFIED.,.F.,.F.,(4,1,1,1,1,4),(0.E0,2.E-1,4.E-1,6.E-1,8.E-1,1.E0),
.UNSPECIFIED.);
#1451=CIRCLE('',#1450,2.448907560718E1);
#1464=CIRCLE('',#1463,2.448907560718E1);
#1469=CIRCLE('',#1468,1.5E0);
#1474=CIRCLE('',#1473,1.5E0);
#1479=CIRCLE('',#1478,1.5E0);
#1488=B_SPLINE_CURVE_WITH_KNOTS('',3,(#1480,#1481,#1482,#1483,#1484,#1485,#1486,
#1487),.UNSPECIFIED.,.F.,.F.,(4,1,1,1,1,4),(0.E0,2.E-1,4.E-1,6.E-1,8.E-1,1.E0),
.UNSPECIFIED.);
#1493=CIRCLE('',#1492,2.759999999826E1);
#1502=B_SPLINE_CURVE_WITH_KNOTS('',3,(#1494,#1495,#1496,#1497,#1498,#1499,#1500,
#1501),.UNSPECIFIED.,.F.,.F.,(4,1,1,1,1,4),(0.E0,2.E-1,4.E-1,6.E-1,8.E-1,1.E0),
.UNSPECIFIED.);
#1507=CIRCLE('',#1506,4.726098047361E1);
#1512=CIRCLE('',#1511,1.E0);
#1517=CIRCLE('',#1516,1.E0);
#1526=B_SPLINE_CURVE_WITH_KNOTS('',3,(#1518,#1519,#1520,#1521,#1522,#1523,#1524,
#1525),.UNSPECIFIED.,.F.,.F.,(4,1,1,1,1,4),(0.E0,2.E-1,4.E-1,6.E-1,8.E-1,1.E0),
.UNSPECIFIED.);
#1531=CIRCLE('',#1530,1.E0);
#1536=CIRCLE('',#1535,1.E0);
#1541=CIRCLE('',#1540,1.E0);
#1546=CIRCLE('',#1545,1.E0);
#1551=CIRCLE('',#1550,1.E0);
#1556=CIRCLE('',#1555,1.E0);
#1561=CIRCLE('',#1560,1.E0);
#1566=CIRCLE('',#1565,1.E0);
#1571=CIRCLE('',#1570,1.E0);
#1600=CIRCLE('',#1599,1.5E0);
#1605=CIRCLE('',#1604,1.5E0);
#1646=CIRCLE('',#1645,1.E0);
#1655=CIRCLE('',#1654,1.E0);
#1672=CIRCLE('',#1671,1.E0);
#1685=CIRCLE('',#1684,1.5E0);
#1690=CIRCLE('',#1689,1.5E0);
#1699=CIRCLE('',#1698,1.E0);
#1712=CIRCLE('',#1711,1.E0);
#1733=CIRCLE('',#1732,1.E0);
#1774=CIRCLE('',#1773,1.E0);
#1779=CIRCLE('',#1778,1.E0);
#1784=CIRCLE('',#1783,1.E0);
#1789=CIRCLE('',#1788,1.E0);
#1798=CIRCLE('',#1797,2.759999999826E1);
#1819=CIRCLE('',#1818,6.392E1);
#1828=CIRCLE('',#1827,3.359999999875E1);
#1833=CIRCLE('',#1832,6.391999999927E1);
#1858=CIRCLE('',#1857,4.E0);
#1867=CIRCLE('',#1866,4.E0);
#1872=CIRCLE('',#1871,1.E0);
#1881=B_SPLINE_CURVE_WITH_KNOTS('',3,(#1873,#1874,#1875,#1876,#1877,#1878,#1879,
#1880),.UNSPECIFIED.,.F.,.F.,(4,1,1,1,1,4),(0.E0,2.E-1,4.E-1,6.E-1,8.E-1,1.E0),
.UNSPECIFIED.);
#1886=CIRCLE('',#1885,1.E0);
#1891=CIRCLE('',#1890,1.E0);
#1896=CIRCLE('',#1895,1.E0);
#1901=CIRCLE('',#1900,1.E0);
#1906=CIRCLE('',#1905,1.E0);
#1939=CIRCLE('',#1938,1.E0);
#1948=CIRCLE('',#1947,6.492E1);
#1957=CIRCLE('',#1956,6.492E1);
#1966=CIRCLE('',#1965,6.492E1);
#1975=CIRCLE('',#1974,6.492E1);
#1984=CIRCLE('',#1983,6.492E1);
#1993=CIRCLE('',#1992,6.492E1);
#2010=B_SPLINE_CURVE_WITH_KNOTS('',3,(#1998,#1999,#2000,#2001,#2002,#2003,#2004,
#2005,#2006,#2007,#2008,#2009),.UNSPECIFIED.,.F.,.F.,(4,1,1,1,1,1,1,1,1,4),
(0.E0,7.120528629650E-2,1.937133181124E-1,3.162213499282E-1,4.387293817441E-1,
5.612374135600E-1,6.837454453759E-1,8.062534771917E-1,9.287615090076E-1,1.E0),
.UNSPECIFIED.);
#2023=B_SPLINE_CURVE_WITH_KNOTS('',3,(#2011,#2012,#2013,#2014,#2015,#2016,#2017,
#2018,#2019,#2020,#2021,#2022),.UNSPECIFIED.,.F.,.F.,(4,1,1,1,1,1,1,1,1,4),
(0.E0,7.125012231357E-2,1.937547807389E-1,3.162594391642E-1,4.387640975896E-1,
5.612687560149E-1,6.837734144402E-1,8.062780728656E-1,9.287827312909E-1,1.E0),
.UNSPECIFIED.);
#2030=B_SPLINE_CURVE_WITH_KNOTS('',3,(#2024,#2025,#2026,#2027,#2028,#2029),
.UNSPECIFIED.,.F.,.F.,(4,1,1,4),(0.E0,3.333333333333E-1,6.666666666667E-1,1.E0),
.UNSPECIFIED.);
#2037=B_SPLINE_CURVE_WITH_KNOTS('',3,(#2031,#2032,#2033,#2034,#2035,#2036),
.UNSPECIFIED.,.F.,.F.,(4,1,1,4),(0.E0,3.333333333333E-1,6.666666666667E-1,1.E0),
.UNSPECIFIED.);
#2048=B_SPLINE_CURVE_WITH_KNOTS('',3,(#2038,#2039,#2040,#2041,#2042,#2043,#2044,
#2045,#2046,#2047),.UNSPECIFIED.,.F.,.F.,(4,1,1,1,1,1,1,4),(0.E0,
1.195903422549E-1,2.717462394417E-1,4.239021366284E-1,5.760580338152E-1,
7.282139310020E-1,8.803698281888E-1,1.E0),.UNSPECIFIED.);
#2059=B_SPLINE_CURVE_WITH_KNOTS('',3,(#2049,#2050,#2051,#2052,#2053,#2054,#2055,
#2056,#2057,#2058),.UNSPECIFIED.,.F.,.F.,(4,1,1,1,1,1,1,4),(0.E0,
1.195903422549E-1,2.717462394417E-1,4.239021366285E-1,5.760580338152E-1,
7.282139310020E-1,8.803698281888E-1,1.E0),.UNSPECIFIED.);
#2066=B_SPLINE_CURVE_WITH_KNOTS('',3,(#2060,#2061,#2062,#2063,#2064,#2065),
.UNSPECIFIED.,.F.,.F.,(4,1,1,4),(0.E0,3.333333333333E-1,6.666666666667E-1,1.E0),
.UNSPECIFIED.);
#2073=B_SPLINE_CURVE_WITH_KNOTS('',3,(#2067,#2068,#2069,#2070,#2071,#2072),
.UNSPECIFIED.,.F.,.F.,(4,1,1,4),(0.E0,3.333333333333E-1,6.666666666667E-1,1.E0),
.UNSPECIFIED.);
#2086=B_SPLINE_CURVE_WITH_KNOTS('',3,(#2074,#2075,#2076,#2077,#2078,#2079,#2080,
#2081,#2082,#2083,#2084,#2085),.UNSPECIFIED.,.F.,.F.,(4,1,1,1,1,1,1,1,1,4),
(0.E0,7.120528618084E-2,1.937133181767E-1,3.162213501727E-1,4.387293821686E-1,
5.612374141645E-1,6.837454461604E-1,8.062534781563E-1,9.287615101522E-1,1.E0),
.UNSPECIFIED.);
#2099=B_SPLINE_CURVE_WITH_KNOTS('',3,(#2087,#2088,#2089,#2090,#2091,#2092,#2093,
#2094,#2095,#2096,#2097,#2098),.UNSPECIFIED.,.F.,.F.,(4,1,1,1,1,1,1,1,1,4),
(0.E0,7.134308180952E-2,1.938212200839E-1,3.162993583582E-1,4.387774966326E-1,
5.612556349070E-1,6.837337731813E-1,8.062119114557E-1,9.286900497301E-1,1.E0),
.UNSPECIFIED.);
#2107=B_SPLINE_CURVE_WITH_KNOTS('',3,(#2100,#2101,#2102,#2103,#2104,#2105,
#2106),.UNSPECIFIED.,.F.,.F.,(4,1,1,1,4),(0.E0,2.5E-1,5.E-1,7.5E-1,1.E0),
.UNSPECIFIED.);
#2115=B_SPLINE_CURVE_WITH_KNOTS('',3,(#2108,#2109,#2110,#2111,#2112,#2113,
#2114),.UNSPECIFIED.,.F.,.F.,(4,1,1,1,4),(0.E0,2.5E-1,5.E-1,7.5E-1,1.E0),
.UNSPECIFIED.);
#2126=B_SPLINE_CURVE_WITH_KNOTS('',3,(#2116,#2117,#2118,#2119,#2120,#2121,#2122,
#2123,#2124,#2125),.UNSPECIFIED.,.F.,.F.,(4,1,1,1,1,1,1,4),(0.E0,
1.329808637988E-1,2.797967398384E-1,4.266126158779E-1,5.734284919175E-1,
7.202443679571E-1,8.670602439966E-1,1.E0),.UNSPECIFIED.);
#2135=B_SPLINE_CURVE_WITH_KNOTS('',3,(#2127,#2128,#2129,#2130,#2131,#2132,#2133,
#2134),.UNSPECIFIED.,.F.,.F.,(4,1,1,1,1,4),(0.E0,1.140988266272E-1,
3.713898679425E-1,6.286809092578E-1,8.859719505731E-1,1.E0),.UNSPECIFIED.);
#2146=B_SPLINE_CURVE_WITH_KNOTS('',3,(#2136,#2137,#2138,#2139,#2140,#2141,#2142,
#2143,#2144,#2145),.UNSPECIFIED.,.F.,.F.,(4,1,1,1,1,1,1,4),(0.E0,
1.428571428571E-1,2.857142857143E-1,4.285714285714E-1,5.714285714286E-1,
7.142857142857E-1,8.571428571429E-1,1.E0),.UNSPECIFIED.);
#2155=B_SPLINE_CURVE_WITH_KNOTS('',3,(#2147,#2148,#2149,#2150,#2151,#2152,#2153,
#2154),.UNSPECIFIED.,.F.,.F.,(4,1,1,1,1,4),(0.E0,2.E-1,4.E-1,6.E-1,8.E-1,1.E0),
.UNSPECIFIED.);
#2164=B_SPLINE_CURVE_WITH_KNOTS('',3,(#2156,#2157,#2158,#2159,#2160,#2161,#2162,
#2163),.UNSPECIFIED.,.F.,.F.,(4,1,1,1,1,4),(0.E0,2.E-1,4.E-1,6.E-1,8.E-1,1.E0),
.UNSPECIFIED.);
#2169=CIRCLE('',#2168,1.E0);
#2174=CIRCLE('',#2173,1.E0);
#2179=CIRCLE('',#2178,1.E0);
#2186=B_SPLINE_CURVE_WITH_KNOTS('',3,(#2180,#2181,#2182,#2183,#2184,#2185),
.UNSPECIFIED.,.F.,.F.,(4,1,1,4),(0.E0,3.333333333333E-1,6.666666666667E-1,1.E0),
.UNSPECIFIED.);
#2195=CIRCLE('',#2194,1.E1);
#2200=CIRCLE('',#2199,1.E1);
#2205=CIRCLE('',#2204,2.1E0);
#2210=CIRCLE('',#2209,2.1E0);
#2215=CIRCLE('',#2214,2.1E0);
#2220=CIRCLE('',#2219,2.1E0);
#2225=CIRCLE('',#2224,2.1E0);
#2230=CIRCLE('',#2229,2.1E0);
#2235=CIRCLE('',#2234,2.1E0);
#2240=CIRCLE('',#2239,2.1E0);
#2245=CIRCLE('',#2244,3.E0);
#2254=CIRCLE('',#2253,3.E0);
#2263=CIRCLE('',#2262,3.E0);
#2272=CIRCLE('',#2271,3.E0);
#2285=CIRCLE('',#2284,1.E1);
#2298=CIRCLE('',#2297,1.E1);
#2307=CIRCLE('',#2306,1.E1);
#2312=CIRCLE('',#2311,1.E1);
#2317=CIRCLE('',#2316,2.1E0);
#2322=CIRCLE('',#2321,2.1E0);
#2327=CIRCLE('',#2326,2.1E0);
#2332=CIRCLE('',#2331,2.1E0);
#2337=CIRCLE('',#2336,2.1E0);
#2342=CIRCLE('',#2341,2.1E0);
#2347=CIRCLE('',#2346,2.1E0);
#2352=CIRCLE('',#2351,2.1E0);
#2357=CIRCLE('',#2356,8.75E0);
#2362=CIRCLE('',#2361,8.75E0);
#2371=CIRCLE('',#2370,2.1E0);
#2384=CIRCLE('',#2383,2.1E0);
#2397=CIRCLE('',#2396,2.1E0);
#2410=CIRCLE('',#2409,2.1E0);
#2423=CIRCLE('',#2422,2.1E0);
#2436=CIRCLE('',#2435,2.1E0);
#2449=CIRCLE('',#2448,2.1E0);
#2462=CIRCLE('',#2461,2.1E0);
#2471=CIRCLE('',#2470,8.75E0);
#2512=CIRCLE('',#2511,8.75E0);
#2526=B_SPLINE_CURVE_WITH_KNOTS('',3,(#2517,#2518,#2519,#2520,#2521,#2522,#2523,
#2524,#2525),.UNSPECIFIED.,.F.,.F.,(4,1,1,1,1,1,4),(0.E0,1.666666666667E-1,
3.333333333333E-1,5.E-1,6.666666666667E-1,8.333333333333E-1,1.E0),
.UNSPECIFIED.);
#2536=B_SPLINE_CURVE_WITH_KNOTS('',3,(#2527,#2528,#2529,#2530,#2531,#2532,#2533,
#2534,#2535),.UNSPECIFIED.,.F.,.F.,(4,1,1,1,1,1,4),(0.E0,1.666666666667E-1,
3.333333333333E-1,5.E-1,6.666666666667E-1,8.333333333333E-1,1.E0),
.UNSPECIFIED.);
#2561=CIRCLE('',#2560,2.E0);
#2571=B_SPLINE_CURVE_WITH_KNOTS('',3,(#2562,#2563,#2564,#2565,#2566,#2567,#2568,
#2569,#2570),.UNSPECIFIED.,.F.,.F.,(4,1,1,1,1,1,4),(0.E0,1.666666666667E-1,
3.333333333333E-1,5.E-1,6.666666666667E-1,8.333333333333E-1,1.E0),
.UNSPECIFIED.);
#2576=CIRCLE('',#2575,2.E0);
#2581=CIRCLE('',#2580,2.E0);
#2586=CIRCLE('',#2585,2.E0);
#2591=CIRCLE('',#2590,5.581475473545E1);
#2620=CIRCLE('',#2619,2.759999999640E1);
#2625=CIRCLE('',#2624,1.E0);
#2631=B_SPLINE_CURVE_WITH_KNOTS('',3,(#2626,#2627,#2628,#2629,#2630),
.UNSPECIFIED.,.F.,.F.,(4,1,4),(0.E0,5.E-1,1.E0),.UNSPECIFIED.);
#2639=B_SPLINE_CURVE_WITH_KNOTS('',3,(#2632,#2633,#2634,#2635,#2636,#2637,
#2638),.UNSPECIFIED.,.F.,.F.,(4,1,1,1,4),(0.E0,2.5E-1,5.E-1,7.5E-1,1.E0),
.UNSPECIFIED.);
#2652=CIRCLE('',#2651,2.66E1);
#2661=CIRCLE('',#2660,2.66E1);
#2666=CIRCLE('',#2665,2.66E1);
#2671=CIRCLE('',#2670,1.E0);
#2681=B_SPLINE_CURVE_WITH_KNOTS('',3,(#2676,#2677,#2678,#2679,#2680),
.UNSPECIFIED.,.F.,.F.,(4,1,4),(0.E0,5.E-1,1.E0),.UNSPECIFIED.);
#2694=CIRCLE('',#2693,2.66E1);
#2715=CIRCLE('',#2714,5.581475473703E1);
#2736=CIRCLE('',#2735,2.E0);
#2741=CIRCLE('',#2740,2.E0);
#2746=CIRCLE('',#2745,2.E0);
#2751=CIRCLE('',#2750,2.E0);
#2761=B_SPLINE_CURVE_WITH_KNOTS('',3,(#2752,#2753,#2754,#2755,#2756,#2757,#2758,
#2759,#2760),.UNSPECIFIED.,.F.,.F.,(4,1,1,1,1,1,4),(0.E0,1.666666666667E-1,
3.333333333333E-1,5.E-1,6.666666666667E-1,8.333333333333E-1,1.E0),
.UNSPECIFIED.);
#2787=B_SPLINE_CURVE_WITH_KNOTS('',3,(#2778,#2779,#2780,#2781,#2782,#2783,#2784,
#2785,#2786),.UNSPECIFIED.,.F.,.F.,(4,1,1,1,1,1,4),(0.E0,1.666666666667E-1,
3.333333333333E-1,5.E-1,6.666666666667E-1,8.333333333333E-1,1.E0),
.UNSPECIFIED.);
#2797=B_SPLINE_CURVE_WITH_KNOTS('',3,(#2788,#2789,#2790,#2791,#2792,#2793,#2794,
#2795,#2796),.UNSPECIFIED.,.F.,.F.,(4,1,1,1,1,1,4),(0.E0,1.666666666667E-1,
3.333333333333E-1,5.E-1,6.666666666667E-1,8.333333333333E-1,1.E0),
.UNSPECIFIED.);
#2807=B_SPLINE_CURVE_WITH_KNOTS('',3,(#2802,#2803,#2804,#2805,#2806),
.UNSPECIFIED.,.F.,.F.,(4,1,4),(0.E0,5.E-1,1.E0),.UNSPECIFIED.);
#2819=B_SPLINE_CURVE_WITH_KNOTS('',3,(#2812,#2813,#2814,#2815,#2816,#2817,
#2818),.UNSPECIFIED.,.F.,.F.,(4,1,1,1,4),(0.E0,2.5E-1,5.E-1,7.5E-1,1.E0),
.UNSPECIFIED.);
#2824=CIRCLE('',#2823,5.481475473703E1);
#2833=CIRCLE('',#2832,5.481475473703E1);
#2838=CIRCLE('',#2837,5.481475473703E1);
#2847=CIRCLE('',#2846,5.481475473703E1);
#2856=CIRCLE('',#2855,5.581475473594E1);
#2861=CIRCLE('',#2860,1.E0);
#2866=CIRCLE('',#2865,1.E0);
#2875=B_SPLINE_CURVE_WITH_KNOTS('',3,(#2867,#2868,#2869,#2870,#2871,#2872,#2873,
#2874),.UNSPECIFIED.,.F.,.F.,(4,1,1,1,1,4),(0.E0,2.E-1,4.E-1,6.E-1,8.E-1,1.E0),
.UNSPECIFIED.);
#2892=CIRCLE('',#2891,4.626098047459E1);
#2901=CIRCLE('',#2900,4.626098047459E1);
#2910=CIRCLE('',#2909,4.626098047459E1);
#2919=CIRCLE('',#2918,4.626098047459E1);
#2944=B_SPLINE_CURVE_WITH_KNOTS('',3,(#2936,#2937,#2938,#2939,#2940,#2941,#2942,
#2943),.UNSPECIFIED.,.F.,.F.,(4,1,1,1,1,4),(0.E0,2.E-1,4.E-1,6.E-1,8.E-1,1.E0),
.UNSPECIFIED.);
#2949=CIRCLE('',#2948,4.726098047361E1);
#3018=CIRCLE('',#3017,1.E0);
#3023=CIRCLE('',#3022,1.E0);
#3028=CIRCLE('',#3027,1.E0);
#3033=CIRCLE('',#3032,1.E0);
#3042=B_SPLINE_CURVE_WITH_KNOTS('',3,(#3034,#3035,#3036,#3037,#3038,#3039,#3040,
#3041),.UNSPECIFIED.,.F.,.F.,(4,1,1,1,1,4),(0.E0,2.E-1,4.E-1,6.E-1,8.E-1,1.E0),
.UNSPECIFIED.);
#3051=B_SPLINE_CURVE_WITH_KNOTS('',3,(#3043,#3044,#3045,#3046,#3047,#3048,#3049,
#3050),.UNSPECIFIED.,.F.,.F.,(4,1,1,1,1,4),(0.E0,2.E-1,4.E-1,6.E-1,8.E-1,1.E0),
.UNSPECIFIED.);
#3056=CIRCLE('',#3055,5.581475473594E1);
#3061=CIRCLE('',#3060,1.E0);
#3066=CIRCLE('',#3065,1.E0);
#3071=CIRCLE('',#3070,1.E0);
#3076=CIRCLE('',#3075,1.E0);
#3085=B_SPLINE_CURVE_WITH_KNOTS('',3,(#3077,#3078,#3079,#3080,#3081,#3082,#3083,
#3084),.UNSPECIFIED.,.F.,.F.,(4,1,1,1,1,4),(0.E0,2.E-1,4.E-1,6.E-1,8.E-1,1.E0),
.UNSPECIFIED.);
#3090=CIRCLE('',#3089,6.391999999927E1);
#3099=CIRCLE('',#3098,1.5E0);
#3104=CIRCLE('',#3103,1.5E0);
#3109=CIRCLE('',#3108,6.492E1);
#3118=CIRCLE('',#3117,6.492E1);
#3127=CIRCLE('',#3126,6.492E1);
#3136=CIRCLE('',#3135,6.492E1);
#3145=CIRCLE('',#3144,6.492E1);
#3154=CIRCLE('',#3153,6.492E1);
#3163=CIRCLE('',#3162,6.492E1);
#3172=CIRCLE('',#3171,6.492E1);
#3188=B_SPLINE_CURVE_WITH_KNOTS('',3,(#3177,#3178,#3179,#3180,#3181,#3182,#3183,
#3184,#3185,#3186,#3187),.UNSPECIFIED.,.F.,.F.,(4,1,1,1,1,1,1,1,4),(0.E0,
7.436578122264E-2,2.162369111546E-1,3.581080410865E-1,4.999791710184E-1,
6.418503009503E-1,7.837214308822E-1,9.255925608141E-1,1.E0),.UNSPECIFIED.);
#3195=B_SPLINE_CURVE_WITH_KNOTS('',3,(#3189,#3190,#3191,#3192,#3193,#3194),
.UNSPECIFIED.,.F.,.F.,(4,1,1,4),(0.E0,3.333333333333E-1,6.666666666667E-1,1.E0),
.UNSPECIFIED.);
#3201=B_SPLINE_CURVE_WITH_KNOTS('',3,(#3196,#3197,#3198,#3199,#3200),
.UNSPECIFIED.,.F.,.F.,(4,1,4),(0.E0,5.E-1,1.E0),.UNSPECIFIED.);
#3211=B_SPLINE_CURVE_WITH_KNOTS('',3,(#3202,#3203,#3204,#3205,#3206,#3207,#3208,
#3209,#3210),.UNSPECIFIED.,.F.,.F.,(4,1,1,1,1,1,4),(0.E0,1.001462796292E-1,
3.000582775953E-1,4.999702755613E-1,6.998822735274E-1,8.997942714935E-1,1.E0),
.UNSPECIFIED.);
#3221=B_SPLINE_CURVE_WITH_KNOTS('',3,(#3212,#3213,#3214,#3215,#3216,#3217,#3218,
#3219,#3220),.UNSPECIFIED.,.F.,.F.,(4,1,1,1,1,1,4),(0.E0,1.001462796292E-1,
3.000582775953E-1,4.999702755613E-1,6.998822735274E-1,8.997942714935E-1,1.E0),
.UNSPECIFIED.);
#3228=B_SPLINE_CURVE_WITH_KNOTS('',3,(#3222,#3223,#3224,#3225,#3226,#3227),
.UNSPECIFIED.,.F.,.F.,(4,1,1,4),(0.E0,3.333333333333E-1,6.666666666667E-1,1.E0),
.UNSPECIFIED.);
#3234=B_SPLINE_CURVE_WITH_KNOTS('',3,(#3229,#3230,#3231,#3232,#3233),
.UNSPECIFIED.,.F.,.F.,(4,1,4),(0.E0,5.E-1,1.E0),.UNSPECIFIED.);
#3246=B_SPLINE_CURVE_WITH_KNOTS('',3,(#3235,#3236,#3237,#3238,#3239,#3240,#3241,
#3242,#3243,#3244,#3245),.UNSPECIFIED.,.F.,.F.,(4,1,1,1,1,1,1,1,4),(0.E0,
7.436578115535E-2,2.162369112146E-1,3.581080412739E-1,4.999791713332E-1,
6.418503013925E-1,7.837214314517E-1,9.255925615110E-1,1.E0),.UNSPECIFIED.);
#3251=CIRCLE('',#3250,7.420429231666E0);
#3256=CIRCLE('',#3255,7.420429231666E0);
#3270=B_SPLINE_CURVE_WITH_KNOTS('',3,(#3265,#3266,#3267,#3268,#3269),
.UNSPECIFIED.,.F.,.F.,(4,1,4),(0.E0,5.E-1,1.E0),.UNSPECIFIED.);
#3276=B_SPLINE_CURVE_WITH_KNOTS('',3,(#3271,#3272,#3273,#3274,#3275),
.UNSPECIFIED.,.F.,.F.,(4,1,4),(0.E0,5.E-1,1.E0),.UNSPECIFIED.);
#3281=CIRCLE('',#3280,7.420429231666E0);
#3286=CIRCLE('',#3285,7.420429231666E0);
#3298=B_SPLINE_CURVE_WITH_KNOTS('',3,(#3291,#3292,#3293,#3294,#3295,#3296,
#3297),.UNSPECIFIED.,.F.,.F.,(4,1,1,1,4),(0.E0,2.5E-1,5.E-1,7.5E-1,1.E0),
.UNSPECIFIED.);
#3309=B_SPLINE_CURVE_WITH_KNOTS('',3,(#3303,#3304,#3305,#3306,#3307,#3308),
.UNSPECIFIED.,.F.,.F.,(4,1,1,4),(0.E0,3.333333333333E-1,6.666666666667E-1,1.E0),
.UNSPECIFIED.);
#3321=B_SPLINE_CURVE_WITH_KNOTS('',3,(#3314,#3315,#3316,#3317,#3318,#3319,
#3320),.UNSPECIFIED.,.F.,.F.,(4,1,1,1,4),(0.E0,2.5E-1,5.E-1,7.5E-1,1.E0),
.UNSPECIFIED.);
#3330=CIRCLE('',#3329,3.46E1);
#3339=CIRCLE('',#3338,3.46E1);
#3350=B_SPLINE_CURVE_WITH_KNOTS('',3,(#3344,#3345,#3346,#3347,#3348,#3349),
.UNSPECIFIED.,.F.,.F.,(4,1,1,4),(0.E0,3.333333333333E-1,6.666666666667E-1,1.E0),
.UNSPECIFIED.);
#3356=B_SPLINE_CURVE_WITH_KNOTS('',3,(#3351,#3352,#3353,#3354,#3355),
.UNSPECIFIED.,.F.,.F.,(4,1,4),(0.E0,5.E-1,1.E0),.UNSPECIFIED.);
#3362=B_SPLINE_CURVE_WITH_KNOTS('',3,(#3357,#3358,#3359,#3360,#3361),
.UNSPECIFIED.,.F.,.F.,(4,1,4),(0.E0,5.E-1,1.E0),.UNSPECIFIED.);
#3368=B_SPLINE_CURVE_WITH_KNOTS('',3,(#3363,#3364,#3365,#3366,#3367),
.UNSPECIFIED.,.F.,.F.,(4,1,4),(0.E0,5.E-1,1.E0),.UNSPECIFIED.);
#3373=CIRCLE('',#3372,1.E0);
#3379=B_SPLINE_CURVE_WITH_KNOTS('',3,(#3374,#3375,#3376,#3377,#3378),
.UNSPECIFIED.,.F.,.F.,(4,1,4),(0.E0,5.E-1,1.E0),.UNSPECIFIED.);
#3385=B_SPLINE_CURVE_WITH_KNOTS('',3,(#3380,#3381,#3382,#3383,#3384),
.UNSPECIFIED.,.F.,.F.,(4,1,4),(0.E0,5.E-1,1.E0),.UNSPECIFIED.);
#3391=B_SPLINE_CURVE_WITH_KNOTS('',3,(#3386,#3387,#3388,#3389,#3390),
.UNSPECIFIED.,.F.,.F.,(4,1,4),(0.E0,5.E-1,1.E0),.UNSPECIFIED.);
#3432=CIRCLE('',#3431,1.E0);
#3437=CIRCLE('',#3436,1.E0);
#3442=CIRCLE('',#3441,1.E0);
#3447=CIRCLE('',#3446,3.359999999875E1);
#3456=B_SPLINE_CURVE_WITH_KNOTS('',3,(#3448,#3449,#3450,#3451,#3452,#3453,#3454,
#3455),.UNSPECIFIED.,.F.,.F.,(4,1,1,1,1,4),(0.E0,2.E-1,4.E-1,6.E-1,8.E-1,1.E0),
.UNSPECIFIED.);
#3471=B_SPLINE_CURVE_WITH_KNOTS('',3,(#3465,#3466,#3467,#3468,#3469,#3470),
.UNSPECIFIED.,.F.,.F.,(4,1,1,4),(0.E0,3.333333333333E-1,6.666666666667E-1,1.E0),
.UNSPECIFIED.);
#3490=B_SPLINE_CURVE_WITH_KNOTS('',3,(#3484,#3485,#3486,#3487,#3488,#3489),
.UNSPECIFIED.,.F.,.F.,(4,1,1,4),(0.E0,3.333333333333E-1,6.666666666667E-1,1.E0),
.UNSPECIFIED.);
#3495=CIRCLE('',#3494,1.E0);
#3503=B_SPLINE_CURVE_WITH_KNOTS('',3,(#3496,#3497,#3498,#3499,#3500,#3501,
#3502),.UNSPECIFIED.,.F.,.F.,(4,1,1,1,4),(0.E0,2.5E-1,5.E-1,7.5E-1,1.E0),
.UNSPECIFIED.);
#3508=CIRCLE('',#3507,1.E0);
#3513=CIRCLE('',#3512,1.E0);
#3518=CIRCLE('',#3517,1.E0);
#3523=CIRCLE('',#3522,1.E0);
#3528=CIRCLE('',#3527,1.E0);
#3533=CIRCLE('',#3532,1.E0);
#3538=CIRCLE('',#3537,1.E0);
#3546=B_SPLINE_CURVE_WITH_KNOTS('',3,(#3539,#3540,#3541,#3542,#3543,#3544,
#3545),.UNSPECIFIED.,.F.,.F.,(4,1,1,1,4),(0.E0,2.5E-1,5.E-1,7.5E-1,1.E0),
.UNSPECIFIED.);
#3559=CIRCLE('',#3558,1.5E0);
#3564=CIRCLE('',#3563,1.5E0);
#3569=CIRCLE('',#3568,5.036102313211E1);
#3582=CIRCLE('',#3581,1.5E0);
#3587=CIRCLE('',#3586,1.5E0);
#3625=B_SPLINE_CURVE_WITH_KNOTS('',3,(#3616,#3617,#3618,#3619,#3620,#3621,#3622,
#3623,#3624),.UNSPECIFIED.,.F.,.F.,(4,1,1,1,1,1,4),(0.E0,1.666666666667E-1,
3.333333333333E-1,5.E-1,6.666666666667E-1,8.333333333333E-1,1.E0),
.UNSPECIFIED.);
#3639=B_SPLINE_CURVE_WITH_KNOTS('',3,(#3630,#3631,#3632,#3633,#3634,#3635,#3636,
#3637,#3638),.UNSPECIFIED.,.F.,.F.,(4,1,1,1,1,1,4),(0.E0,1.666666666667E-1,
3.333333333333E-1,5.E-1,6.666666666667E-1,8.333333333333E-1,1.E0),
.UNSPECIFIED.);
#3652=CIRCLE('',#3651,1.5E0);
#3657=CIRCLE('',#3656,1.5E0);
#3686=CIRCLE('',#3685,2.E0);
#3691=CIRCLE('',#3690,1.5E0);
#3701=B_SPLINE_CURVE_WITH_KNOTS('',3,(#3696,#3697,#3698,#3699,#3700),
.UNSPECIFIED.,.F.,.F.,(4,1,4),(0.E0,5.E-1,1.E0),.UNSPECIFIED.);
#3716=B_SPLINE_CURVE_WITH_KNOTS('',3,(#3706,#3707,#3708,#3709,#3710,#3711,#3712,
#3713,#3714,#3715),.UNSPECIFIED.,.F.,.F.,(4,1,1,1,1,1,1,4),(0.E0,
1.428571428571E-1,2.857142857143E-1,4.285714285714E-1,5.714285714286E-1,
7.142857142857E-1,8.571428571429E-1,1.E0),.UNSPECIFIED.);
#3731=B_SPLINE_CURVE_WITH_KNOTS('',3,(#3721,#3722,#3723,#3724,#3725,#3726,#3727,
#3728,#3729,#3730),.UNSPECIFIED.,.F.,.F.,(4,1,1,1,1,1,1,4),(0.E0,
1.428571428571E-1,2.857142857143E-1,4.285714285714E-1,5.714285714286E-1,
7.142857142857E-1,8.571428571429E-1,1.E0),.UNSPECIFIED.);
#4584=EDGE_CURVE('',#3857,#4038,#120,.T.);
#4586=EDGE_CURVE('',#3857,#3848,#2258,.T.);
#4588=EDGE_CURVE('',#4035,#3848,#3464,.T.);
#4590=EDGE_CURVE('',#4035,#4038,#32,.T.);
#4594=EDGE_CURVE('',#4569,#4570,#93,.T.);
#4596=EDGE_CURVE('',#4574,#4569,#97,.T.);
#4598=EDGE_CURVE('',#4578,#4574,#101,.T.);
#4600=EDGE_CURVE('',#4570,#4578,#105,.T.);
#4604=ADVANCED_FACE('',(#4593,#4603),#4583,.F.);
#4610=EDGE_CURVE('',#4264,#4252,#385,.T.);
#4612=EDGE_CURVE('',#4260,#4264,#3582,.T.);
#4614=EDGE_CURVE('',#4260,#4021,#37,.T.);
#4616=EDGE_CURVE('',#4020,#4021,#41,.T.);
#4618=EDGE_CURVE('',#3885,#4020,#45,.T.);
#4620=EDGE_CURVE('',#3909,#3885,#49,.T.);
#4622=EDGE_CURVE('',#3909,#4247,#54,.T.);
#4624=EDGE_CURVE('',#4252,#4247,#373,.T.);
#4628=ADVANCED_FACE('',(#4627),#4609,.F.);
#4634=EDGE_CURVE('',#3954,#4267,#59,.T.);
#4636=EDGE_CURVE('',#4272,#4267,#1479,.T.);
#4638=EDGE_CURVE('',#4238,#4272,#211,.T.);
#4640=EDGE_CURVE('',#4234,#4238,#175,.T.);
#4642=EDGE_CURVE('',#4234,#3946,#64,.T.);
#4644=EDGE_CURVE('',#3891,#3946,#68,.T.);
#4646=EDGE_CURVE('',#3890,#3891,#73,.T.);
#4648=EDGE_CURVE('',#3887,#3890,#77,.T.);
#4650=EDGE_CURVE('',#3988,#3887,#81,.T.);
#4652=EDGE_CURVE('',#3988,#3989,#85,.T.);
#4654=EDGE_CURVE('',#3955,#3989,#1507,.T.);
#4656=EDGE_CURVE('',#3954,#3955,#89,.T.);
#4660=ADVANCED_FACE('',(#4659),#4633,.F.);
#4666=EDGE_CURVE('',#4038,#4039,#109,.T.);
#4668=EDGE_CURVE('',#3905,#4039,#3085,.T.);
#4670=EDGE_CURVE('',#3905,#3855,#116,.T.);
#4672=EDGE_CURVE('',#3854,#3855,#3550,.T.);
#4674=EDGE_CURVE('',#3854,#3857,#2263,.T.);
#4679=ADVANCED_FACE('',(#4678),#4665,.T.);
#4685=EDGE_CURVE('',#4233,#4234,#125,.T.);
#4687=EDGE_CURVE('',#4233,#4035,#130,.T.);
#4689=EDGE_CURVE('',#4034,#4035,#3460,.T.);
#4691=EDGE_CURVE('',#4034,#4234,#3447,.T.);
#4695=ADVANCED_FACE('',(#4694),#4684,.F.);
#4701=EDGE_CURVE('',#4247,#4248,#135,.T.);
#4703=EDGE_CURVE('',#4247,#4039,#3090,.T.);
#4706=EDGE_CURVE('',#4038,#4248,#140,.T.);
#4710=ADVANCED_FACE('',(#4709),#4700,.F.);
#4716=EDGE_CURVE('',#4365,#4369,#145,.T.);
#4718=EDGE_CURVE('',#4369,#4268,#150,.T.);
#4720=EDGE_CURVE('',#4267,#4268,#155,.T.);
#4722=EDGE_CURVE('',#4365,#4267,#1493,.T.);
#4726=ADVANCED_FACE('',(#4725),#4715,.F.);
#4732=EDGE_CURVE('',#4371,#4367,#160,.T.);
#4734=EDGE_CURVE('',#4260,#4367,#3056,.T.);
#4736=EDGE_CURVE('',#4259,#4260,#165,.T.);
#4738=EDGE_CURVE('',#4259,#4371,#170,.T.);
#4742=ADVANCED_FACE('',(#4741),#4731,.F.);
#4750=EDGE_CURVE('',#4237,#4238,#207,.T.);
#4752=EDGE_CURVE('',#4237,#4240,#180,.T.);
#4754=EDGE_CURVE('',#4240,#4233,#1203,.T.);
#4758=ADVANCED_FACE('',(#4757),#4747,.T.);
#4764=EDGE_CURVE('',#4243,#4244,#184,.T.);
#4766=EDGE_CURVE('',#4243,#4224,#188,.T.);
#4768=EDGE_CURVE('',#4223,#4224,#195,.T.);
#4770=EDGE_CURVE('',#4244,#4223,#427,.T.);
#4774=ADVANCED_FACE('',(#4773),#4763,.T.);
#4780=EDGE_CURVE('',#4271,#4272,#199,.T.);
#4782=EDGE_CURVE('',#4271,#4237,#203,.T.);
#4788=ADVANCED_FACE('',(#4787),#4779,.T.);
#4794=EDGE_CURVE('',#4336,#4309,#216,.T.);
#4796=EDGE_CURVE('',#4346,#4336,#1226,.T.);
#4798=EDGE_CURVE('',#4313,#4346,#221,.T.);
#4800=EDGE_CURVE('',#4313,#4309,#226,.T.);
#4804=ADVANCED_FACE('',(#4803),#4793,.F.);
#4810=EDGE_CURVE('',#4348,#4317,#231,.T.);
#4812=EDGE_CURVE('',#4240,#4348,#1208,.T.);
#4814=EDGE_CURVE('',#4240,#4317,#236,.T.);
#4818=ADVANCED_FACE('',(#4817),#4809,.F.);
#4824=EDGE_CURVE('',#4471,#4472,#241,.T.);
#4826=EDGE_CURVE('',#4472,#4162,#245,.T.);
#4828=EDGE_CURVE('',#4179,#4162,#249,.T.);
#4830=EDGE_CURVE('',#4280,#4179,#253,.T.);
#4832=EDGE_CURVE('',#4279,#4280,#258,.T.);
#4834=EDGE_CURVE('',#4279,#4243,#263,.T.);
#4837=EDGE_CURVE('',#4244,#4240,#268,.T.);
#4841=EDGE_CURVE('',#4471,#4271,#1474,.T.);
#4845=ADVANCED_FACE('',(#4844),#4823,.F.);
#4851=EDGE_CURVE('',#4263,#4483,#3587,.T.);
#4853=EDGE_CURVE('',#4251,#4263,#393,.T.);
#4855=EDGE_CURVE('',#4334,#4251,#368,.T.);
#4857=EDGE_CURVE('',#4305,#4334,#273,.T.);
#4859=EDGE_CURVE('',#4305,#4256,#278,.T.);
#4861=EDGE_CURVE('',#4255,#4256,#377,.T.);
#4863=EDGE_CURVE('',#4276,#4255,#283,.T.);
#4865=EDGE_CURVE('',#4275,#4276,#288,.T.);
#4867=EDGE_CURVE('',#4202,#4275,#293,.T.);
#4869=EDGE_CURVE('',#4201,#4202,#297,.T.);
#4871=EDGE_CURVE('',#4165,#4201,#301,.T.);
#4873=EDGE_CURVE('',#4165,#4159,#305,.T.);
#4875=EDGE_CURVE('',#4159,#4486,#310,.T.);
#4877=EDGE_CURVE('',#4486,#4483,#315,.T.);
#4881=ADVANCED_FACE('',(#4880),#4850,.F.);
#4887=EDGE_CURVE('',#4325,#4326,#320,.T.);
#4889=EDGE_CURVE('',#4330,#4326,#346,.T.);
#4891=EDGE_CURVE('',#4330,#4336,#1230,.T.);
#4894=EDGE_CURVE('',#4309,#4310,#410,.T.);
#4896=EDGE_CURVE('',#4310,#4320,#452,.T.);
#4898=EDGE_CURVE('',#4320,#4319,#325,.T.);
#4900=EDGE_CURVE('',#4319,#4306,#442,.T.);
#4902=EDGE_CURVE('',#4305,#4306,#397,.T.);
#4905=EDGE_CURVE('',#4332,#4334,#363,.T.);
#4907=EDGE_CURVE('',#4325,#4332,#354,.T.);
#4911=ADVANCED_FACE('',(#4910),#4886,.F.);
#4917=EDGE_CURVE('',#4325,#4326,#330,.T.);
#4922=ADVANCED_FACE('',(#4921),#4916,.T.);
#4928=EDGE_CURVE('',#4339,#4340,#335,.T.);
#4930=EDGE_CURVE('',#4339,#4340,#1289,.T.);
#4934=ADVANCED_FACE('',(#4933),#4927,.T.);
#4941=EDGE_CURVE('',#4325,#4329,#339,.T.);
#4943=EDGE_CURVE('',#4329,#4330,#1195,.T.);
#4948=ADVANCED_FACE('',(#4947),#4939,.T.);
#4954=EDGE_CURVE('',#4332,#4329,#359,.T.);
#4960=ADVANCED_FACE('',(#4959),#4953,.T.);
#4969=EDGE_CURVE('',#4251,#4252,#389,.T.);
#4973=EDGE_CURVE('',#4329,#4248,#1199,.T.);
#4977=ADVANCED_FACE('',(#4976),#4965,.T.);
#4984=EDGE_CURVE('',#4230,#4256,#406,.T.);
#4986=EDGE_CURVE('',#4255,#4230,#830,.T.);
#4990=ADVANCED_FACE('',(#4989),#4982,.T.);
#4996=EDGE_CURVE('',#4263,#4264,#381,.T.);
#5003=ADVANCED_FACE('',(#5002),#4995,.T.);
#5010=EDGE_CURVE('',#4306,#4228,#402,.T.);
#5012=EDGE_CURVE('',#4230,#4228,#879,.T.);
#5018=ADVANCED_FACE('',(#5017),#5008,.T.);
#5026=EDGE_CURVE('',#4313,#4314,#414,.T.);
#5028=EDGE_CURVE('',#4314,#4310,#419,.T.);
#5032=ADVANCED_FACE('',(#5031),#5023,.T.);
#5038=EDGE_CURVE('',#4317,#4318,#423,.T.);
#5043=EDGE_CURVE('',#4223,#4318,#432,.T.);
#5047=ADVANCED_FACE('',(#5046),#5037,.T.);
#5054=EDGE_CURVE('',#4319,#4227,#530,.T.);
#5056=EDGE_CURVE('',#4227,#4228,#899,.T.);
#5061=ADVANCED_FACE('',(#5060),#5052,.T.);
#5069=EDGE_CURVE('',#4321,#4314,#463,.T.);
#5071=EDGE_CURVE('',#4321,#4320,#535,.T.);
#5075=ADVANCED_FACE('',(#5074),#5066,.T.);
#5081=EDGE_CURVE('',#4318,#4322,#473,.T.);
#5085=EDGE_CURVE('',#4224,#4298,#3701,.T.);
#5087=EDGE_CURVE('',#4287,#4298,#479,.T.);
#5089=EDGE_CURVE('',#4287,#4322,#540,.T.);
#5093=ADVANCED_FACE('',(#5092),#5080,.T.);
#5099=EDGE_CURVE('',#4530,#4526,#483,.T.);
#5101=EDGE_CURVE('',#4498,#4530,#488,.T.);
#5103=EDGE_CURVE('',#4497,#4498,#493,.T.);
#5105=EDGE_CURVE('',#4502,#4497,#498,.T.);
#5107=EDGE_CURVE('',#4516,#4502,#1045,.T.);
#5109=EDGE_CURVE('',#4516,#4512,#502,.T.);
#5111=EDGE_CURVE('',#4216,#4512,#506,.T.);
#5113=EDGE_CURVE('',#4220,#4216,#510,.T.);
#5115=EDGE_CURVE('',#4283,#4220,#515,.T.);
#5117=EDGE_CURVE('',#4283,#4284,#520,.T.);
#5119=EDGE_CURVE('',#4227,#4284,#525,.T.);
#5124=EDGE_CURVE('',#4322,#4321,#1294,.T.);
#5127=EDGE_CURVE('',#4287,#4288,#545,.T.);
#5129=EDGE_CURVE('',#4173,#4288,#549,.T.);
#5131=EDGE_CURVE('',#4526,#4173,#553,.T.);
#5135=ADVANCED_FACE('',(#5134),#5098,.T.);
#5142=EDGE_CURVE('',#4526,#4528,#563,.T.);
#5144=EDGE_CURVE('',#4532,#4528,#646,.T.);
#5146=EDGE_CURVE('',#4530,#4532,#558,.T.);
#5150=ADVANCED_FACE('',(#5149),#5140,.T.);
#5168=EDGE_CURVE('',#4526,#4524,#568,.T.);
#5170=EDGE_CURVE('',#4524,#4522,#3686,.T.);
#5172=EDGE_CURVE('',#4528,#4522,#651,.T.);
#5177=ADVANCED_FACE('',(#5176),#5167,.T.);
#5185=EDGE_CURVE('',#4172,#4173,#578,.T.);
#5187=EDGE_CURVE('',#4524,#4172,#3665,.T.);
#5191=ADVANCED_FACE('',(#5190),#5182,.T.);
#5238=EDGE_CURVE('',#4173,#4170,#588,.T.);
#5240=EDGE_CURVE('',#4174,#4170,#3639,.T.);
#5242=EDGE_CURVE('',#4172,#4174,#583,.T.);
#5246=ADVANCED_FACE('',(#5245),#5236,.T.);
#5252=EDGE_CURVE('',#4302,#4288,#602,.T.);
#5254=EDGE_CURVE('',#4302,#4171,#3731,.T.);
#5256=EDGE_CURVE('',#4170,#4171,#3611,.T.);
#5262=ADVANCED_FACE('',(#5261),#5251,.T.);
#5268=EDGE_CURVE('',#4280,#4301,#595,.T.);
#5270=EDGE_CURVE('',#4301,#4302,#3705,.T.);
#5275=EDGE_CURVE('',#4279,#4298,#3695,.T.);
#5280=ADVANCED_FACE('',(#5279),#5267,.F.);
#5288=EDGE_CURVE('',#4179,#4180,#607,.T.);
#5290=EDGE_CURVE('',#4182,#4180,#3615,.T.);
#5292=EDGE_CURVE('',#4182,#4301,#3716,.T.);
#5296=ADVANCED_FACE('',(#5295),#5285,.T.);
#5342=EDGE_CURVE('',#4179,#4176,#617,.T.);
#5344=EDGE_CURVE('',#4176,#4178,#3691,.T.);
#5346=EDGE_CURVE('',#4180,#4178,#3625,.T.);
#5351=ADVANCED_FACE('',(#5350),#5341,.T.);
#5359=EDGE_CURVE('',#4162,#4163,#630,.T.);
#5361=EDGE_CURVE('',#4176,#4163,#3673,.T.);
#5365=ADVANCED_FACE('',(#5364),#5356,.T.);
#5371=EDGE_CURVE('',#4474,#4472,#621,.T.);
#5373=EDGE_CURVE('',#4474,#4167,#625,.T.);
#5375=EDGE_CURVE('',#4163,#4167,#3677,.T.);
#5381=ADVANCED_FACE('',(#5380),#5370,.T.);
#5387=EDGE_CURVE('',#4522,#4520,#634,.T.);
#5389=EDGE_CURVE('',#4536,#4520,#638,.T.);
#5391=EDGE_CURVE('',#4536,#4532,#642,.T.);
#5397=ADVANCED_FACE('',(#5396),#5386,.T.);
#5403=EDGE_CURVE('',#4538,#4534,#655,.T.);
#5405=EDGE_CURVE('',#4478,#4538,#711,.T.);
#5407=EDGE_CURVE('',#4478,#4476,#3591,.T.);
#5409=EDGE_CURVE('',#4476,#4474,#1003,.T.);
#5413=EDGE_CURVE('',#4468,#4471,#1464,.T.);
#5415=EDGE_CURVE('',#4480,#4468,#1138,.T.);
#5417=EDGE_CURVE('',#4480,#4494,#659,.T.);
#5419=EDGE_CURVE('',#4494,#4534,#664,.T.);
#5423=ADVANCED_FACE('',(#5422),#5402,.F.);
#5430=EDGE_CURVE('',#4538,#4536,#716,.T.);
#5433=EDGE_CURVE('',#4534,#4532,#1105,.T.);
#5437=ADVANCED_FACE('',(#5436),#5428,.T.);
#5443=EDGE_CURVE('',#4505,#4506,#669,.T.);
#5445=EDGE_CURVE('',#4505,#4149,#967,.T.);
#5447=EDGE_CURVE('',#4149,#4139,#673,.T.);
#5449=EDGE_CURVE('',#4139,#4141,#779,.T.);
#5451=EDGE_CURVE('',#4141,#4134,#677,.T.);
#5453=EDGE_CURVE('',#4134,#4194,#681,.T.);
#5455=EDGE_CURVE('',#4198,#4194,#751,.T.);
#5457=EDGE_CURVE('',#4198,#4506,#685,.T.);
#5461=ADVANCED_FACE('',(#5460),#5442,.F.);
#5467=EDGE_CURVE('',#4519,#4520,#690,.T.);
#5469=EDGE_CURVE('',#4519,#4189,#694,.T.);
#5471=EDGE_CURVE('',#4185,#4189,#3652,.T.);
#5473=EDGE_CURVE('',#4185,#4130,#698,.T.);
#5475=EDGE_CURVE('',#4130,#4152,#702,.T.);
#5477=EDGE_CURVE('',#4152,#4153,#3595,.T.);
#5479=EDGE_CURVE('',#4153,#4478,#706,.T.);
#5486=ADVANCED_FACE('',(#5485),#5466,.F.);
#5493=EDGE_CURVE('',#4508,#4506,#725,.T.);
#5495=EDGE_CURVE('',#4510,#4508,#721,.T.);
#5497=EDGE_CURVE('',#4510,#4505,#949,.T.);
#5501=ADVANCED_FACE('',(#5500),#5491,.T.);
#5509=EDGE_CURVE('',#4197,#4198,#729,.T.);
#5511=EDGE_CURVE('',#4146,#4197,#986,.T.);
#5513=EDGE_CURVE('',#4164,#4146,#941,.T.);
#5515=EDGE_CURVE('',#4164,#4208,#733,.T.);
#5517=EDGE_CURVE('',#4212,#4208,#737,.T.);
#5519=EDGE_CURVE('',#4212,#4508,#741,.T.);
#5523=ADVANCED_FACE('',(#5522),#5506,.T.);
#5529=EDGE_CURVE('',#4193,#4194,#755,.T.);
#5531=EDGE_CURVE('',#4193,#4197,#746,.T.);
#5537=ADVANCED_FACE('',(#5536),#5528,.T.);
#5545=EDGE_CURVE('',#4134,#4135,#759,.T.);
#5547=EDGE_CURVE('',#4135,#4193,#990,.T.);
#5551=ADVANCED_FACE('',(#5550),#5542,.F.);
#5557=EDGE_CURVE('',#4143,#4141,#775,.T.);
#5559=EDGE_CURVE('',#4143,#4135,#994,.T.);
#5565=ADVANCED_FACE('',(#5564),#5556,.F.);
#5571=EDGE_CURVE('',#4205,#4206,#763,.T.);
#5573=EDGE_CURVE('',#4206,#4138,#767,.T.);
#5575=EDGE_CURVE('',#4138,#4143,#771,.T.);
#5579=EDGE_CURVE('',#4139,#4222,#783,.T.);
#5581=EDGE_CURVE('',#4222,#4218,#787,.T.);
#5583=EDGE_CURVE('',#4218,#4214,#792,.T.);
#5585=EDGE_CURVE('',#4214,#4210,#796,.T.);
#5587=EDGE_CURVE('',#4210,#4205,#801,.T.);
#5591=ADVANCED_FACE('',(#5590),#5570,.T.);
#5598=EDGE_CURVE('',#4202,#4206,#811,.T.);
#5601=EDGE_CURVE('',#4201,#4205,#806,.T.);
#5605=ADVANCED_FACE('',(#5604),#5596,.T.);
#5611=EDGE_CURVE('',#4291,#4275,#839,.T.);
#5613=EDGE_CURVE('',#4206,#4291,#866,.T.);
#5619=ADVANCED_FACE('',(#5618),#5610,.T.);
#5625=EDGE_CURVE('',#4276,#4295,#821,.T.);
#5629=EDGE_CURVE('',#4295,#4230,#875,.T.);
#5633=ADVANCED_FACE('',(#5632),#5624,.T.);
#5642=EDGE_CURVE('',#4295,#4296,#870,.T.);
#5644=EDGE_CURVE('',#4296,#4284,#894,.T.);
#5647=EDGE_CURVE('',#4283,#4292,#848,.T.);
#5649=EDGE_CURVE('',#4291,#4292,#852,.T.);
#5653=ADVANCED_FACE('',(#5652),#5638,.F.);
#5660=EDGE_CURVE('',#4292,#4222,#857,.T.);
#5663=EDGE_CURVE('',#4138,#4139,#861,.T.);
#5669=ADVANCED_FACE('',(#5668),#5658,.T.);
#5678=EDGE_CURVE('',#4228,#4296,#884,.T.);
#5682=ADVANCED_FACE('',(#5681),#5674,.T.);
#5690=EDGE_CURVE('',#4220,#4222,#904,.T.);
#5695=ADVANCED_FACE('',(#5694),#5687,.T.);
#5707=ADVANCED_FACE('',(#5706),#5700,.T.);
#5714=EDGE_CURVE('',#4216,#4218,#909,.T.);
#5720=ADVANCED_FACE('',(#5719),#5712,.T.);
#5738=EDGE_CURVE('',#4216,#4212,#924,.T.);
#5740=EDGE_CURVE('',#4212,#4214,#982,.T.);
#5746=ADVANCED_FACE('',(#5745),#5737,.T.);
#5752=EDGE_CURVE('',#4512,#4508,#919,.T.);
#5759=ADVANCED_FACE('',(#5758),#5751,.T.);
#5805=EDGE_CURVE('',#4511,#4510,#959,.T.);
#5809=EDGE_CURVE('',#4511,#4512,#929,.T.);
#5813=ADVANCED_FACE('',(#5812),#5804,.T.);
#5819=EDGE_CURVE('',#4164,#4165,#937,.T.);
#5822=EDGE_CURVE('',#4146,#4147,#945,.T.);
#5824=EDGE_CURVE('',#4159,#4147,#1032,.T.);
#5829=ADVANCED_FACE('',(#5828),#5818,.T.);
#5837=EDGE_CURVE('',#4514,#4511,#963,.T.);
#5839=EDGE_CURVE('',#4149,#4514,#1040,.T.);
#5844=ADVANCED_FACE('',(#5843),#5834,.T.);
#5850=EDGE_CURVE('',#4208,#4201,#972,.T.);
#5857=ADVANCED_FACE('',(#5856),#5849,.T.);
#5878=EDGE_CURVE('',#4208,#4210,#977,.T.);
#5882=ADVANCED_FACE('',(#5881),#5874,.T.);
#5894=ADVANCED_FACE('',(#5893),#5887,.T.);
#5905=EDGE_CURVE('',#4147,#4138,#998,.T.);
#5910=ADVANCED_FACE('',(#5909),#5899,.T.);
#5917=EDGE_CURVE('',#4157,#4476,#1007,.T.);
#5919=EDGE_CURVE('',#4156,#4157,#3603,.T.);
#5921=EDGE_CURVE('',#4131,#4156,#1011,.T.);
#5923=EDGE_CURVE('',#4186,#4131,#1015,.T.);
#5925=EDGE_CURVE('',#4190,#4186,#3657,.T.);
#5927=EDGE_CURVE('',#4190,#4167,#1019,.T.);
#5932=ADVANCED_FACE('',(#5931),#5915,.T.);
#5940=EDGE_CURVE('',#4147,#4149,#1036,.T.);
#5945=ADVANCED_FACE('',(#5944),#5937,.F.);
#5951=EDGE_CURVE('',#4514,#4500,#1024,.T.);
#5953=EDGE_CURVE('',#4486,#4500,#1028,.T.);
#5961=ADVANCED_FACE('',(#5960),#5950,.F.);
#5968=EDGE_CURVE('',#4516,#4514,#1063,.T.);
#5971=EDGE_CURVE('',#4500,#4502,#1054,.T.);
#5975=ADVANCED_FACE('',(#5974),#5966,.T.);
#5987=ADVANCED_FACE('',(#5986),#5980,.T.);
#5993=EDGE_CURVE('',#4500,#4493,#1077,.T.);
#5997=EDGE_CURVE('',#4493,#4497,#1072,.T.);
#6001=ADVANCED_FACE('',(#6000),#5992,.T.);
#6008=EDGE_CURVE('',#4493,#4490,#1086,.T.);
#6010=EDGE_CURVE('',#4489,#4490,#1110,.T.);
#6012=EDGE_CURVE('',#4489,#4484,#1129,.T.);
#6014=EDGE_CURVE('',#4483,#4484,#3569,.T.);
#6020=ADVANCED_FACE('',(#6019),#6006,.F.);
#6026=EDGE_CURVE('',#4493,#4494,#1082,.T.);
#6029=EDGE_CURVE('',#4490,#4480,#1115,.T.);
#6034=ADVANCED_FACE('',(#6033),#6025,.F.);
#6043=EDGE_CURVE('',#4494,#4498,#1095,.T.);
#6047=ADVANCED_FACE('',(#6046),#6039,.T.);
#6053=EDGE_CURVE('',#4534,#4530,#1100,.T.);
#6060=ADVANCED_FACE('',(#6059),#6052,.T.);
#6071=ADVANCED_FACE('',(#6070),#6065,.T.);
#6079=EDGE_CURVE('',#4489,#4480,#1134,.T.);
#6083=ADVANCED_FACE('',(#6082),#6076,.T.);
#6092=EDGE_CURVE('',#4369,#4468,#1459,.T.);
#6095=EDGE_CURVE('',#4365,#4363,#1488,.T.);
#6097=EDGE_CURVE('',#4363,#4364,#2647,.T.);
#6099=EDGE_CURVE('',#4364,#4455,#1143,.T.);
#6101=EDGE_CURVE('',#4454,#4455,#1152,.T.);
#6103=EDGE_CURVE('',#4366,#4454,#2842,.T.);
#6105=EDGE_CURVE('',#4366,#4367,#3051,.T.);
#6108=EDGE_CURVE('',#4371,#4484,#3573,.T.);
#6112=EDGE_CURVE('',#4417,#4402,#1120,.T.);
#6114=EDGE_CURVE('',#4405,#4402,#1176,.T.);
#6116=EDGE_CURVE('',#4405,#4437,#1327,.T.);
#6118=EDGE_CURVE('',#4439,#4437,#1342,.T.);
#6120=EDGE_CURVE('',#4439,#4426,#1125,.T.);
#6122=EDGE_CURVE('',#4429,#4426,#1383,.T.);
#6124=EDGE_CURVE('',#4414,#4429,#1438,.T.);
#6126=EDGE_CURVE('',#4417,#4414,#1430,.T.);
#6130=ADVANCED_FACE('',(#6111,#6129),#6088,.F.);
#6136=EDGE_CURVE('',#4402,#4403,#1156,.T.);
#6139=EDGE_CURVE('',#4417,#4407,#1160,.T.);
#6141=EDGE_CURVE('',#4407,#4403,#1165,.T.);
#6145=ADVANCED_FACE('',(#6144),#6135,.F.);
#6152=EDGE_CURVE('',#4403,#4394,#1185,.T.);
#6154=EDGE_CURVE('',#4405,#4394,#1331,.T.);
#6159=ADVANCED_FACE('',(#6158),#6150,.F.);
#6201=EDGE_CURVE('',#4411,#4398,#1243,.T.);
#6203=EDGE_CURVE('',#4394,#4398,#1315,.T.);
#6206=EDGE_CURVE('',#4411,#4403,#1190,.T.);
#6210=ADVANCED_FACE('',(#6209),#6200,.T.);
#6223=EDGE_CURVE('',#4344,#4348,#1212,.T.);
#6225=EDGE_CURVE('',#4343,#4344,#1217,.T.);
#6227=EDGE_CURVE('',#4343,#4346,#1221,.T.);
#6233=EDGE_CURVE('',#4398,#4399,#1234,.T.);
#6236=EDGE_CURVE('',#4410,#4411,#1248,.T.);
#6238=EDGE_CURVE('',#4421,#4410,#1257,.T.);
#6240=EDGE_CURVE('',#4420,#4421,#1261,.T.);
#6242=EDGE_CURVE('',#4435,#4420,#1270,.T.);
#6244=EDGE_CURVE('',#4434,#4435,#1275,.T.);
#6246=EDGE_CURVE('',#4399,#4434,#1284,.T.);
#6250=ADVANCED_FACE('',(#6232,#6249),#6215,.T.);
#6257=EDGE_CURVE('',#4344,#4340,#1310,.T.);
#6268=EDGE_CURVE('',#4339,#4343,#1302,.T.);
#6272=ADVANCED_FACE('',(#6271),#6255,.F.);
#6284=ADVANCED_FACE('',(#6283),#6277,.T.);
#6290=EDGE_CURVE('',#4394,#4395,#1319,.T.);
#6294=EDGE_CURVE('',#4399,#4395,#1356,.T.);
#6298=ADVANCED_FACE('',(#6297),#6289,.T.);
#6305=EDGE_CURVE('',#4437,#4395,#1323,.T.);
#6311=ADVANCED_FACE('',(#6310),#6303,.F.);
#6318=EDGE_CURVE('',#4395,#4431,#1351,.T.);
#6320=EDGE_CURVE('',#4439,#4431,#1369,.T.);
#6325=ADVANCED_FACE('',(#6324),#6316,.F.);
#6368=EDGE_CURVE('',#4431,#4434,#1361,.T.);
#6374=ADVANCED_FACE('',(#6373),#6366,.T.);
#6380=EDGE_CURVE('',#4431,#4427,#1374,.T.);
#6384=EDGE_CURVE('',#4435,#4427,#1397,.T.);
#6388=ADVANCED_FACE('',(#6387),#6379,.T.);
#6394=EDGE_CURVE('',#4426,#4427,#1365,.T.);
#6401=ADVANCED_FACE('',(#6400),#6393,.F.);
#6408=EDGE_CURVE('',#4427,#4423,#1392,.T.);
#6410=EDGE_CURVE('',#4429,#4423,#1442,.T.);
#6415=ADVANCED_FACE('',(#6414),#6406,.F.);
#6458=EDGE_CURVE('',#4423,#4420,#1402,.T.);
#6464=ADVANCED_FACE('',(#6463),#6456,.T.);
#6471=EDGE_CURVE('',#4421,#4415,#1416,.T.);
#6473=EDGE_CURVE('',#4423,#4415,#1446,.T.);
#6478=ADVANCED_FACE('',(#6477),#6469,.T.);
#6521=EDGE_CURVE('',#4407,#4410,#1421,.T.);
#6523=EDGE_CURVE('',#4415,#4407,#1411,.T.);
#6528=ADVANCED_FACE('',(#6527),#6519,.T.);
#6540=ADVANCED_FACE('',(#6539),#6533,.T.);
#6546=EDGE_CURVE('',#4414,#4415,#1434,.T.);
#6553=ADVANCED_FACE('',(#6552),#6545,.F.);
#6565=ADVANCED_FACE('',(#6564),#6558,.F.);
#6571=EDGE_CURVE('',#4467,#4468,#1451,.T.);
#6573=EDGE_CURVE('',#4467,#4268,#1455,.T.);
#6579=ADVANCED_FACE('',(#6578),#6570,.F.);
#6587=EDGE_CURVE('',#4471,#4467,#1469,.T.);
#6591=ADVANCED_FACE('',(#6590),#6584,.F.);
#6605=ADVANCED_FACE('',(#6604),#6596,.T.);
#6614=EDGE_CURVE('',#3958,#3954,#1502,.T.);
#6616=EDGE_CURVE('',#4363,#3958,#2652,.T.);
#6620=ADVANCED_FACE('',(#6619),#6610,.T.);
#6627=EDGE_CURVE('',#3955,#3959,#1512,.T.);
#6629=EDGE_CURVE('',#3958,#3959,#2883,.T.);
#6634=ADVANCED_FACE('',(#6633),#6625,.T.);
#6641=EDGE_CURVE('',#3993,#3989,#1526,.T.);
#6643=EDGE_CURVE('',#3959,#3993,#2892,.T.);
#6648=ADVANCED_FACE('',(#6647),#6639,.T.);
#6655=EDGE_CURVE('',#3992,#3988,#1517,.T.);
#6657=EDGE_CURVE('',#3992,#3993,#2931,.T.);
#6662=ADVANCED_FACE('',(#6661),#6653,.T.);
#6668=EDGE_CURVE('',#3995,#3988,#1536,.T.);
#6670=EDGE_CURVE('',#3992,#3995,#1531,.T.);
#6675=ADVANCED_FACE('',(#6674),#6667,.T.);
#6683=EDGE_CURVE('',#3887,#3878,#1541,.T.);
#6685=EDGE_CURVE('',#3995,#3878,#1761,.T.);
#6689=ADVANCED_FACE('',(#6688),#6680,.T.);
#6695=EDGE_CURVE('',#3878,#3879,#1551,.T.);
#6698=EDGE_CURVE('',#3887,#3879,#3538,.T.);
#6702=ADVANCED_FACE('',(#6701),#6694,.T.);
#6708=EDGE_CURVE('',#3866,#3867,#1546,.T.);
#6710=EDGE_CURVE('',#3867,#3878,#1765,.T.);
#6713=EDGE_CURVE('',#3866,#3879,#1587,.T.);
#6717=ADVANCED_FACE('',(#6716),#6707,.T.);
#6724=EDGE_CURVE('',#3881,#3866,#1556,.T.);
#6726=EDGE_CURVE('',#3881,#3867,#1789,.T.);
#6730=ADVANCED_FACE('',(#6729),#6722,.T.);
#6736=EDGE_CURVE('',#3929,#3922,#1561,.T.);
#6738=EDGE_CURVE('',#3929,#3881,#1814,.T.);
#6741=EDGE_CURVE('',#3922,#3866,#1583,.T.);
#6745=ADVANCED_FACE('',(#6744),#6735,.T.);
#6752=EDGE_CURVE('',#3922,#3927,#1571,.T.);
#6754=EDGE_CURVE('',#3929,#3927,#1566,.T.);
#6758=ADVANCED_FACE('',(#6757),#6750,.T.);
#6764=EDGE_CURVE('',#3922,#3923,#1579,.T.);
#6766=EDGE_CURVE('',#3925,#3923,#1712,.T.);
#6768=EDGE_CURVE('',#3927,#3925,#3149,.T.);
#6773=ADVANCED_FACE('',(#6772),#6763,.T.);
#6779=EDGE_CURVE('',#4046,#4047,#1575,.T.);
#6781=EDGE_CURVE('',#3923,#4046,#1716,.T.);
#6786=EDGE_CURVE('',#3879,#3897,#1591,.T.);
#6788=EDGE_CURVE('',#3901,#3897,#1595,.T.);
#6790=EDGE_CURVE('',#4047,#3901,#1641,.T.);
#6794=ADVANCED_FACE('',(#6793),#6778,.T.);
#6800=EDGE_CURVE('',#4042,#4043,#1609,.T.);
#6802=EDGE_CURVE('',#4042,#4046,#1600,.T.);
#6805=EDGE_CURVE('',#4047,#4043,#1605,.T.);
#6809=ADVANCED_FACE('',(#6808),#6799,.T.);
#6816=EDGE_CURVE('',#4043,#4055,#1637,.T.);
#6818=EDGE_CURVE('',#4054,#4055,#1613,.T.);
#6820=EDGE_CURVE('',#4042,#4054,#1617,.T.);
#6824=ADVANCED_FACE('',(#6823),#6814,.F.);
#6830=EDGE_CURVE('',#4058,#4059,#1621,.T.);
#6832=EDGE_CURVE('',#4071,#4059,#1625,.T.);
#6834=EDGE_CURVE('',#4070,#4071,#1629,.T.);
#6836=EDGE_CURVE('',#4070,#4058,#1663,.T.);
#6840=ADVANCED_FACE('',(#6839),#6829,.F.);
#6846=EDGE_CURVE('',#3839,#4051,#1633,.T.);
#6848=EDGE_CURVE('',#4055,#4051,#1690,.T.);
#6853=EDGE_CURVE('',#3901,#3899,#1646,.T.);
#6855=EDGE_CURVE('',#3822,#3899,#3163,.T.);
#6857=EDGE_CURVE('',#3822,#3826,#2957,.T.);
#6859=EDGE_CURVE('',#3826,#3827,#2901,.T.);
#6861=EDGE_CURVE('',#3827,#3999,#1650,.T.);
#6863=EDGE_CURVE('',#3998,#3999,#1655,.T.);
#6865=EDGE_CURVE('',#3998,#3839,#1753,.T.);
#6869=ADVANCED_FACE('',(#6868),#6845,.F.);
#6875=EDGE_CURVE('',#3818,#4062,#1659,.T.);
#6877=EDGE_CURVE('',#4058,#4062,#3559,.T.);
#6880=EDGE_CURVE('',#4066,#4070,#3099,.T.);
#6882=EDGE_CURVE('',#4066,#3835,#1667,.T.);
#6884=EDGE_CURVE('',#4027,#3835,#3005,.T.);
#6886=EDGE_CURVE('',#4026,#4027,#1672,.T.);
#6888=EDGE_CURVE('',#4026,#3814,#1676,.T.);
#6890=EDGE_CURVE('',#3814,#3818,#2953,.T.);
#6894=ADVANCED_FACE('',(#6893),#6874,.F.);
#6900=EDGE_CURVE('',#4050,#4051,#1680,.T.);
#6903=EDGE_CURVE('',#3838,#3839,#1749,.T.);
#6905=EDGE_CURVE('',#3838,#4050,#1694,.T.);
#6909=ADVANCED_FACE('',(#6908),#6899,.F.);
#6916=EDGE_CURVE('',#4050,#4054,#1685,.T.);
#6922=ADVANCED_FACE('',(#6921),#6914,.T.);
#6931=EDGE_CURVE('',#3975,#3838,#1745,.T.);
#6933=EDGE_CURVE('',#3974,#3975,#1699,.T.);
#6935=EDGE_CURVE('',#3974,#3831,#1703,.T.);
#6937=EDGE_CURVE('',#3829,#3831,#2910,.T.);
#6939=EDGE_CURVE('',#3823,#3829,#1707,.T.);
#6941=EDGE_CURVE('',#3823,#3925,#3154,.T.);
#6948=ADVANCED_FACE('',(#6947),#6927,.F.);
#6955=EDGE_CURVE('',#4063,#4059,#3564,.T.);
#6957=EDGE_CURVE('',#4063,#3819,#1720,.T.);
#6959=EDGE_CURVE('',#3815,#3819,#1724,.T.);
#6961=EDGE_CURVE('',#3815,#4013,#1728,.T.);
#6963=EDGE_CURVE('',#4012,#4013,#1733,.T.);
#6965=EDGE_CURVE('',#4012,#3834,#3013,.T.);
#6967=EDGE_CURVE('',#4067,#3834,#1737,.T.);
#6969=EDGE_CURVE('',#4071,#4067,#3104,.T.);
#6973=ADVANCED_FACE('',(#6972),#6953,.F.);
#6979=EDGE_CURVE('',#3977,#3975,#1741,.T.);
#6984=EDGE_CURVE('',#3998,#3995,#1757,.T.);
#6988=EDGE_CURVE('',#3867,#3977,#1769,.T.);
#6992=ADVANCED_FACE('',(#6991),#6978,.T.);
#7000=EDGE_CURVE('',#3979,#3977,#1774,.T.);
#7002=EDGE_CURVE('',#3979,#3974,#2923,.T.);
#7006=ADVANCED_FACE('',(#7005),#6997,.T.);
#7012=EDGE_CURVE('',#3981,#3977,#1784,.T.);
#7014=EDGE_CURVE('',#3979,#3981,#1779,.T.);
#7019=ADVANCED_FACE('',(#7018),#7011,.T.);
#7028=EDGE_CURVE('',#3881,#3981,#1810,.T.);
#7032=ADVANCED_FACE('',(#7031),#7024,.T.);
#7038=EDGE_CURVE('',#4002,#4003,#1793,.T.);
#7040=EDGE_CURVE('',#3969,#4003,#2856,.T.);
#7042=EDGE_CURVE('',#3967,#3969,#1798,.T.);
#7044=EDGE_CURVE('',#3966,#3967,#1802,.T.);
#7046=EDGE_CURVE('',#3985,#3966,#2949,.T.);
#7048=EDGE_CURVE('',#3985,#3981,#1806,.T.);
#7052=EDGE_CURVE('',#3931,#3929,#1819,.T.);
#7054=EDGE_CURVE('',#3936,#3931,#1823,.T.);
#7056=EDGE_CURVE('',#3936,#3937,#1828,.T.);
#7058=EDGE_CURVE('',#3843,#3937,#3483,.T.);
#7060=EDGE_CURVE('',#3843,#3860,#2276,.T.);
#7062=EDGE_CURVE('',#3919,#3860,#2190,.T.);
#7064=EDGE_CURVE('',#3919,#3913,#1833,.T.);
#7066=EDGE_CURVE('',#3883,#3913,#1837,.T.);
#7068=EDGE_CURVE('',#4002,#3883,#1841,.T.);
#7072=EDGE_CURVE('',#4541,#4542,#1845,.T.);
#7074=EDGE_CURVE('',#4562,#4541,#1849,.T.);
#7076=EDGE_CURVE('',#4556,#4562,#1853,.T.);
#7078=EDGE_CURVE('',#4552,#4556,#1858,.T.);
#7080=EDGE_CURVE('',#4548,#4552,#1862,.T.);
#7082=EDGE_CURVE('',#4542,#4548,#1867,.T.);
#7086=ADVANCED_FACE('',(#7071,#7085),#7037,.T.);
#7093=EDGE_CURVE('',#4006,#4002,#1872,.T.);
#7095=EDGE_CURVE('',#4006,#4007,#2961,.T.);
#7097=EDGE_CURVE('',#4007,#4003,#1881,.T.);
#7101=ADVANCED_FACE('',(#7100),#7091,.T.);
#7107=EDGE_CURVE('',#4009,#4002,#1891,.T.);
#7109=EDGE_CURVE('',#4006,#4009,#1886,.T.);
#7114=ADVANCED_FACE('',(#7113),#7106,.T.);
#7122=EDGE_CURVE('',#3883,#3870,#1896,.T.);
#7124=EDGE_CURVE('',#4009,#3870,#2989,.T.);
#7128=ADVANCED_FACE('',(#7127),#7119,.T.);
#7134=EDGE_CURVE('',#3870,#3871,#1901,.T.);
#7137=EDGE_CURVE('',#3883,#3871,#2179,.T.);
#7141=ADVANCED_FACE('',(#7140),#7133,.T.);
#7148=EDGE_CURVE('',#3871,#3874,#1918,.T.);
#7150=EDGE_CURVE('',#3874,#3875,#1906,.T.);
#7152=EDGE_CURVE('',#3870,#3875,#2993,.T.);
#7156=ADVANCED_FACE('',(#7155),#7146,.T.);
#7162=EDGE_CURVE('',#3911,#3908,#1910,.T.);
#7164=EDGE_CURVE('',#3908,#3874,#1914,.T.);
#7167=EDGE_CURVE('',#3871,#3911,#1922,.T.);
#7171=EDGE_CURVE('',#4062,#4063,#1926,.T.);
#7174=EDGE_CURVE('',#3818,#3819,#1930,.T.);
#7179=ADVANCED_FACE('',(#7170,#7178),#7161,.T.);
#7185=EDGE_CURVE('',#4119,#4114,#1988,.T.);
#7187=EDGE_CURVE('',#4118,#4119,#1934,.T.);
#7189=EDGE_CURVE('',#3904,#4118,#1970,.T.);
#7191=EDGE_CURVE('',#3904,#3908,#3071,.T.);
#7194=EDGE_CURVE('',#3917,#3911,#1939,.T.);
#7196=EDGE_CURVE('',#4115,#3917,#1952,.T.);
#7198=EDGE_CURVE('',#4114,#4115,#1943,.T.);
#7202=ADVANCED_FACE('',(#7201),#7184,.T.);
#7208=EDGE_CURVE('',#4113,#4108,#1948,.T.);
#7210=EDGE_CURVE('',#4115,#4113,#2037,.T.);
#7213=EDGE_CURVE('',#3916,#3917,#1957,.T.);
#7215=EDGE_CURVE('',#3863,#3916,#2186,.T.);
#7217=EDGE_CURVE('',#3855,#3863,#1961,.T.);
#7220=EDGE_CURVE('',#3904,#3905,#1966,.T.);
#7223=EDGE_CURVE('',#4116,#4118,#2066,.T.);
#7225=EDGE_CURVE('',#4116,#4105,#1975,.T.);
#7227=EDGE_CURVE('',#4107,#4105,#2115,.T.);
#7229=EDGE_CURVE('',#4107,#4106,#1979,.T.);
#7231=EDGE_CURVE('',#4104,#4106,#2107,.T.);
#7233=EDGE_CURVE('',#4117,#4104,#1984,.T.);
#7235=EDGE_CURVE('',#4119,#4117,#2073,.T.);
#7238=EDGE_CURVE('',#4112,#4114,#2030,.T.);
#7240=EDGE_CURVE('',#4112,#4109,#1993,.T.);
#7242=EDGE_CURVE('',#4111,#4109,#2155,.T.);
#7244=EDGE_CURVE('',#4111,#4110,#1997,.T.);
#7246=EDGE_CURVE('',#4108,#4110,#2146,.T.);
#7250=ADVANCED_FACE('',(#7249),#7207,.T.);
#7256=EDGE_CURVE('',#4112,#4113,#2010,.T.);
#7259=EDGE_CURVE('',#4108,#4109,#2023,.T.);
#7264=ADVANCED_FACE('',(#7263),#7255,.F.);
#7316=EDGE_CURVE('',#4114,#4115,#2048,.T.);
#7321=ADVANCED_FACE('',(#7320),#7313,.T.);
#7331=ADVANCED_FACE('',(#7330),#7326,.T.);
#7337=EDGE_CURVE('',#4118,#4119,#2059,.T.);
#7342=ADVANCED_FACE('',(#7341),#7336,.T.);
#7392=EDGE_CURVE('',#4116,#4117,#2086,.T.);
#7399=ADVANCED_FACE('',(#7398),#7391,.T.);
#7407=EDGE_CURVE('',#4104,#4105,#2099,.T.);
#7412=ADVANCED_FACE('',(#7411),#7404,.F.);
#7464=EDGE_CURVE('',#4106,#4107,#2126,.T.);
#7469=ADVANCED_FACE('',(#7468),#7461,.T.);
#7479=ADVANCED_FACE('',(#7478),#7474,.F.);
#7485=EDGE_CURVE('',#4110,#4111,#2135,.T.);
#7490=ADVANCED_FACE('',(#7489),#7484,.F.);
#7546=ADVANCED_FACE('',(#7545),#7539,.T.);
#7553=EDGE_CURVE('',#3917,#3913,#2169,.T.);
#7556=EDGE_CURVE('',#3919,#3916,#2164,.T.);
#7560=ADVANCED_FACE('',(#7559),#7551,.T.);
#7566=EDGE_CURVE('',#3913,#3911,#2174,.T.);
#7572=ADVANCED_FACE('',(#7571),#7565,.T.);
#7584=ADVANCED_FACE('',(#7583),#7577,.T.);
#7593=EDGE_CURVE('',#3860,#3861,#2272,.T.);
#7595=EDGE_CURVE('',#3861,#3863,#3554,.T.);
#7599=ADVANCED_FACE('',(#7598),#7589,.T.);
#7605=EDGE_CURVE('',#3842,#3843,#2245,.T.);
#7607=EDGE_CURVE('',#3849,#3842,#2249,.T.);
#7609=EDGE_CURVE('',#3848,#3849,#2254,.T.);
#7613=EDGE_CURVE('',#3861,#3854,#2267,.T.);
#7619=EDGE_CURVE('',#3758,#3759,#2205,.T.);
#7621=EDGE_CURVE('',#3759,#3758,#2210,.T.);
#7625=EDGE_CURVE('',#3762,#3763,#2215,.T.);
#7627=EDGE_CURVE('',#3763,#3762,#2220,.T.);
#7631=EDGE_CURVE('',#3766,#3767,#2225,.T.);
#7633=EDGE_CURVE('',#3767,#3766,#2230,.T.);
#7637=EDGE_CURVE('',#3770,#3771,#2235,.T.);
#7639=EDGE_CURVE('',#3771,#3770,#2240,.T.);
#7643=EDGE_CURVE('',#3754,#3755,#2195,.T.);
#7645=EDGE_CURVE('',#3755,#3754,#2200,.T.);
#7649=ADVANCED_FACE('',(#7618,#7624,#7630,#7636,#7642,#7648),#7604,.T.);
#7655=EDGE_CURVE('',#3774,#3735,#2302,.T.);
#7657=EDGE_CURVE('',#3774,#3775,#2298,.T.);
#7659=EDGE_CURVE('',#3775,#3754,#2280,.T.);
#7662=EDGE_CURVE('',#3779,#3755,#2293,.T.);
#7664=EDGE_CURVE('',#3778,#3779,#2285,.T.);
#7666=EDGE_CURVE('',#3778,#3734,#2289,.T.);
#7668=EDGE_CURVE('',#3734,#3735,#2307,.T.);
#7672=ADVANCED_FACE('',(#7671),#7654,.F.);
#7685=EDGE_CURVE('',#3735,#3734,#2312,.T.);
#7689=ADVANCED_FACE('',(#7688),#7677,.F.);
#7699=EDGE_CURVE('',#4030,#4031,#2357,.T.);
#7701=EDGE_CURVE('',#4031,#4030,#2362,.T.);
#7705=ADVANCED_FACE('',(#7698,#7704),#7694,.T.);
#7711=EDGE_CURVE('',#3738,#3739,#2317,.T.);
#7713=EDGE_CURVE('',#3739,#3738,#2322,.T.);
#7717=ADVANCED_FACE('',(#7716),#7710,.T.);
#7723=EDGE_CURVE('',#3742,#3743,#2327,.T.);
#7725=EDGE_CURVE('',#3743,#3742,#2332,.T.);
#7729=ADVANCED_FACE('',(#7728),#7722,.T.);
#7735=EDGE_CURVE('',#3746,#3747,#2337,.T.);
#7737=EDGE_CURVE('',#3747,#3746,#2342,.T.);
#7741=ADVANCED_FACE('',(#7740),#7734,.T.);
#7747=EDGE_CURVE('',#3750,#3751,#2347,.T.);
#7749=EDGE_CURVE('',#3751,#3750,#2352,.T.);
#7753=ADVANCED_FACE('',(#7752),#7746,.T.);
#7759=EDGE_CURVE('',#3806,#3739,#2388,.T.);
#7761=EDGE_CURVE('',#3806,#3807,#2384,.T.);
#7763=EDGE_CURVE('',#3807,#3770,#2366,.T.);
#7766=EDGE_CURVE('',#3811,#3771,#2379,.T.);
#7768=EDGE_CURVE('',#3810,#3811,#2371,.T.);
#7770=EDGE_CURVE('',#3810,#3738,#2375,.T.);
#7775=ADVANCED_FACE('',(#7774),#7758,.F.);
#7791=ADVANCED_FACE('',(#7790),#7780,.F.);
#7797=EDGE_CURVE('',#3782,#3743,#2414,.T.);
#7799=EDGE_CURVE('',#3782,#3783,#2410,.T.);
#7801=EDGE_CURVE('',#3783,#3758,#2392,.T.);
#7804=EDGE_CURVE('',#3787,#3759,#2405,.T.);
#7806=EDGE_CURVE('',#3786,#3787,#2397,.T.);
#7808=EDGE_CURVE('',#3786,#3742,#2401,.T.);
#7813=ADVANCED_FACE('',(#7812),#7796,.F.);
#7829=ADVANCED_FACE('',(#7828),#7818,.F.);
#7835=EDGE_CURVE('',#3790,#3747,#2440,.T.);
#7837=EDGE_CURVE('',#3790,#3791,#2436,.T.);
#7839=EDGE_CURVE('',#3791,#3762,#2418,.T.);
#7842=EDGE_CURVE('',#3795,#3763,#2431,.T.);
#7844=EDGE_CURVE('',#3794,#3795,#2423,.T.);
#7846=EDGE_CURVE('',#3794,#3746,#2427,.T.);
#7851=ADVANCED_FACE('',(#7850),#7834,.F.);
#7867=ADVANCED_FACE('',(#7866),#7856,.F.);
#7873=EDGE_CURVE('',#3798,#3751,#2466,.T.);
#7875=EDGE_CURVE('',#3798,#3799,#2462,.T.);
#7877=EDGE_CURVE('',#3799,#3766,#2444,.T.);
#7880=EDGE_CURVE('',#3803,#3767,#2457,.T.);
#7882=EDGE_CURVE('',#3802,#3803,#2449,.T.);
#7884=EDGE_CURVE('',#3802,#3750,#2453,.T.);
#7889=ADVANCED_FACE('',(#7888),#7872,.F.);
#7905=ADVANCED_FACE('',(#7904),#7894,.F.);
#7911=EDGE_CURVE('',#4351,#4352,#2471,.T.);
#7913=EDGE_CURVE('',#4031,#4352,#2516,.T.);
#7916=EDGE_CURVE('',#4030,#4351,#2475,.T.);
#7920=ADVANCED_FACE('',(#7919),#7910,.F.);
#7926=EDGE_CURVE('',#4576,#4572,#2479,.T.);
#7928=EDGE_CURVE('',#4379,#4572,#2731,.T.);
#7930=EDGE_CURVE('',#4360,#4379,#2483,.T.);
#7932=EDGE_CURVE('',#4359,#4360,#2689,.T.);
#7934=EDGE_CURVE('',#4389,#4359,#2615,.T.);
#7936=EDGE_CURVE('',#4550,#4389,#2487,.T.);
#7938=EDGE_CURVE('',#4550,#4554,#2491,.T.);
#7940=EDGE_CURVE('',#4554,#4391,#2495,.T.);
#7942=EDGE_CURVE('',#4356,#4391,#2599,.T.);
#7944=EDGE_CURVE('',#4355,#4356,#2499,.T.);
#7946=EDGE_CURVE('',#4377,#4355,#2503,.T.);
#7948=EDGE_CURVE('',#4377,#4576,#2507,.T.);
#7953=EDGE_CURVE('',#4352,#4351,#2512,.T.);
#7957=ADVANCED_FACE('',(#7951,#7956),#7925,.T.);
#7969=ADVANCED_FACE('',(#7968),#7962,.F.);
#7976=EDGE_CURVE('',#4576,#4578,#2536,.T.);
#7979=EDGE_CURVE('',#4572,#4574,#2526,.T.);
#7983=ADVANCED_FACE('',(#7982),#7974,.T.);
#7991=EDGE_CURVE('',#4566,#4576,#2552,.T.);
#7993=EDGE_CURVE('',#4566,#4570,#2787,.T.);
#7997=ADVANCED_FACE('',(#7996),#7988,.T.);
#8003=EDGE_CURVE('',#4558,#4560,#2540,.T.);
#8005=EDGE_CURVE('',#4560,#4383,#2544,.T.);
#8007=EDGE_CURVE('',#4385,#4383,#2603,.T.);
#8009=EDGE_CURVE('',#4558,#4385,#2548,.T.);
#8013=ADVANCED_FACE('',(#8012),#8002,.F.);
#8021=EDGE_CURVE('',#4377,#4375,#2710,.T.);
#8023=EDGE_CURVE('',#4375,#4566,#2556,.T.);
#8027=ADVANCED_FACE('',(#8026),#8018,.F.);
#8034=EDGE_CURVE('',#4556,#4558,#2561,.T.);
#8037=EDGE_CURVE('',#4560,#4562,#2571,.T.);
#8041=ADVANCED_FACE('',(#8040),#8032,.T.);
#8049=EDGE_CURVE('',#4554,#4558,#2581,.T.);
#8051=EDGE_CURVE('',#4552,#4554,#2576,.T.);
#8055=ADVANCED_FACE('',(#8054),#8046,.T.);
#8063=EDGE_CURVE('',#4385,#4391,#2586,.T.);
#8068=ADVANCED_FACE('',(#8067),#8060,.F.);
#8074=EDGE_CURVE('',#4446,#4447,#2591,.T.);
#8076=EDGE_CURVE('',#4447,#4356,#2595,.T.);
#8081=EDGE_CURVE('',#4382,#4383,#2607,.T.);
#8083=EDGE_CURVE('',#4387,#4382,#2611,.T.);
#8085=EDGE_CURVE('',#4389,#4387,#2751,.T.);
#8088=EDGE_CURVE('',#4453,#4359,#2685,.T.);
#8090=EDGE_CURVE('',#4453,#4446,#2620,.T.);
#8094=ADVANCED_FACE('',(#8093),#8073,.F.);
#8101=EDGE_CURVE('',#4450,#4446,#2625,.T.);
#8103=EDGE_CURVE('',#4450,#4451,#2824,.T.);
#8105=EDGE_CURVE('',#4464,#4451,#2819,.T.);
#8107=EDGE_CURVE('',#4464,#4447,#2631,.T.);
#8111=ADVANCED_FACE('',(#8110),#8099,.T.);
#8117=EDGE_CURVE('',#4442,#4450,#2666,.T.);
#8121=EDGE_CURVE('',#4453,#4463,#2681,.T.);
#8123=EDGE_CURVE('',#4463,#4442,#2639,.T.);
#8127=ADVANCED_FACE('',(#8126),#8116,.T.);
#8133=EDGE_CURVE('',#4442,#4443,#2643,.T.);
#8135=EDGE_CURVE('',#4364,#4443,#2694,.T.);
#8139=EDGE_CURVE('',#3958,#3963,#2656,.T.);
#8141=EDGE_CURVE('',#3963,#3971,#2661,.T.);
#8143=EDGE_CURVE('',#4450,#3971,#2828,.T.);
#8148=ADVANCED_FACE('',(#8147),#8132,.F.);
#8156=EDGE_CURVE('',#4461,#4463,#2675,.T.);
#8158=EDGE_CURVE('',#4461,#4443,#2671,.T.);
#8162=ADVANCED_FACE('',(#8161),#8153,.T.);
#8172=EDGE_CURVE('',#4461,#4360,#2698,.T.);
#8176=ADVANCED_FACE('',(#8175),#8167,.F.);
#8186=EDGE_CURVE('',#4379,#4374,#2702,.T.);
#8188=EDGE_CURVE('',#4374,#4375,#2706,.T.);
#8192=EDGE_CURVE('',#4457,#4355,#2811,.T.);
#8194=EDGE_CURVE('',#4457,#4455,#2715,.T.);
#8199=ADVANCED_FACE('',(#8198),#8181,.F.);
#8205=EDGE_CURVE('',#4545,#4546,#2719,.T.);
#8207=EDGE_CURVE('',#4546,#4387,#2723,.T.);
#8210=EDGE_CURVE('',#4545,#4382,#2769,.T.);
#8214=ADVANCED_FACE('',(#8213),#8204,.F.);
#8220=EDGE_CURVE('',#4572,#4565,#2727,.T.);
#8222=EDGE_CURVE('',#4374,#4565,#2777,.T.);
#8228=ADVANCED_FACE('',(#8227),#8219,.F.);
#8235=EDGE_CURVE('',#4542,#4546,#2736,.T.);
#8238=EDGE_CURVE('',#4545,#4541,#2761,.T.);
#8242=ADVANCED_FACE('',(#8241),#8233,.T.);
#8249=EDGE_CURVE('',#4548,#4550,#2741,.T.);
#8251=EDGE_CURVE('',#4546,#4550,#2746,.T.);
#8256=ADVANCED_FACE('',(#8255),#8247,.T.);
#8268=ADVANCED_FACE('',(#8267),#8261,.T.);
#8280=ADVANCED_FACE('',(#8279),#8273,.F.);
#8286=EDGE_CURVE('',#4560,#4545,#2765,.T.);
#8293=ADVANCED_FACE('',(#8292),#8285,.T.);
#8305=ADVANCED_FACE('',(#8304),#8298,.F.);
#8311=EDGE_CURVE('',#4565,#4566,#2773,.T.);
#8318=ADVANCED_FACE('',(#8317),#8310,.F.);
#8325=EDGE_CURVE('',#4565,#4569,#2797,.T.);
#8331=ADVANCED_FACE('',(#8330),#8323,.T.);
#8343=ADVANCED_FACE('',(#8342),#8336,.T.);
#8351=EDGE_CURVE('',#4464,#4462,#2801,.T.);
#8353=EDGE_CURVE('',#4457,#4462,#2807,.T.);
#8359=ADVANCED_FACE('',(#8358),#8348,.F.);
#8365=EDGE_CURVE('',#4451,#4459,#2851,.T.);
#8367=EDGE_CURVE('',#4462,#4459,#3546,.T.);
#8373=ADVANCED_FACE('',(#8372),#8364,.T.);
#8381=EDGE_CURVE('',#3971,#4007,#2833,.T.);
#8383=EDGE_CURVE('',#4017,#4007,#2981,.T.);
#8385=EDGE_CURVE('',#4017,#4366,#2838,.T.);
#8388=EDGE_CURVE('',#4459,#4454,#2847,.T.);
#8393=ADVANCED_FACE('',(#8392),#8378,.F.);
#8402=EDGE_CURVE('',#3969,#3971,#2861,.T.);
#8406=ADVANCED_FACE('',(#8405),#8398,.T.);
#8415=EDGE_CURVE('',#3963,#3967,#2875,.T.);
#8419=ADVANCED_FACE('',(#8418),#8411,.T.);
#8425=EDGE_CURVE('',#3962,#3963,#2879,.T.);
#8427=EDGE_CURVE('',#3966,#3962,#2866,.T.);
#8433=ADVANCED_FACE('',(#8432),#8424,.T.);
#8442=EDGE_CURVE('',#3959,#3962,#2887,.T.);
#8446=ADVANCED_FACE('',(#8445),#8438,.T.);
#8453=EDGE_CURVE('',#3993,#3827,#2896,.T.);
#8456=EDGE_CURVE('',#3826,#3829,#2905,.T.);
#8459=EDGE_CURVE('',#3831,#3983,#2914,.T.);
#8461=EDGE_CURVE('',#3983,#3962,#2919,.T.);
#8466=ADVANCED_FACE('',(#8465),#8451,.F.);
#8473=EDGE_CURVE('',#3983,#3979,#2927,.T.);
#8479=ADVANCED_FACE('',(#8478),#8471,.T.);
#8486=EDGE_CURVE('',#3999,#3992,#2935,.T.);
#8492=ADVANCED_FACE('',(#8491),#8484,.T.);
#8501=EDGE_CURVE('',#3985,#3983,#2944,.T.);
#8505=ADVANCED_FACE('',(#8504),#8497,.T.);
#8517=ADVANCED_FACE('',(#8516),#8510,.T.);
#8529=ADVANCED_FACE('',(#8528),#8522,.T.);
#8535=EDGE_CURVE('',#3814,#3815,#2969,.T.);
#8542=ADVANCED_FACE('',(#8541),#8534,.F.);
#8548=EDGE_CURVE('',#3822,#3823,#3158,.T.);
#8555=ADVANCED_FACE('',(#8554),#8547,.F.);
#8562=EDGE_CURVE('',#4013,#4006,#2965,.T.);
#8567=EDGE_CURVE('',#4026,#4016,#2973,.T.);
#8569=EDGE_CURVE('',#4016,#4017,#2977,.T.);
#8574=ADVANCED_FACE('',(#8573),#8560,.T.);
#8583=EDGE_CURVE('',#4012,#4009,#2985,.T.);
#8587=ADVANCED_FACE('',(#8586),#8579,.T.);
#8596=EDGE_CURVE('',#3875,#4023,#2997,.T.);
#8598=EDGE_CURVE('',#4027,#4023,#3001,.T.);
#8601=EDGE_CURVE('',#3834,#3835,#3009,.T.);
#8606=ADVANCED_FACE('',(#8605),#8592,.T.);
#8612=EDGE_CURVE('',#4023,#4020,#3018,.T.);
#8615=EDGE_CURVE('',#3885,#3875,#3023,.T.);
#8620=ADVANCED_FACE('',(#8619),#8611,.T.);
#8627=EDGE_CURVE('',#4020,#4016,#3033,.T.);
#8629=EDGE_CURVE('',#4023,#4016,#3028,.T.);
#8633=ADVANCED_FACE('',(#8632),#8625,.T.);
#8642=EDGE_CURVE('',#4021,#4017,#3042,.T.);
#8646=ADVANCED_FACE('',(#8645),#8638,.T.);
#8659=ADVANCED_FACE('',(#8658),#8651,.T.);
#8671=ADVANCED_FACE('',(#8670),#8664,.T.);
#8678=EDGE_CURVE('',#3885,#3874,#3061,.T.);
#8683=ADVANCED_FACE('',(#8682),#8676,.T.);
#8689=EDGE_CURVE('',#3908,#3909,#3066,.T.);
#8696=ADVANCED_FACE('',(#8695),#8688,.T.);
#8704=EDGE_CURVE('',#3904,#3909,#3076,.T.);
#8708=ADVANCED_FACE('',(#8707),#8701,.T.);
#8721=ADVANCED_FACE('',(#8720),#8713,.T.);
#8727=EDGE_CURVE('',#4066,#4067,#3094,.T.);
#8734=ADVANCED_FACE('',(#8733),#8726,.F.);
#8746=ADVANCED_FACE('',(#8745),#8739,.T.);
#8752=EDGE_CURVE('',#4073,#4121,#3109,.T.);
#8754=EDGE_CURVE('',#4123,#4121,#3201,.T.);
#8756=EDGE_CURVE('',#4123,#4122,#3113,.T.);
#8758=EDGE_CURVE('',#4120,#4122,#3195,.T.);
#8760=EDGE_CURVE('',#4076,#4120,#3118,.T.);
#8762=EDGE_CURVE('',#4076,#4077,#3122,.T.);
#8764=EDGE_CURVE('',#4077,#4125,#3127,.T.);
#8766=EDGE_CURVE('',#4127,#4125,#3234,.T.);
#8768=EDGE_CURVE('',#4127,#4126,#3131,.T.);
#8770=EDGE_CURVE('',#4124,#4126,#3228,.T.);
#8772=EDGE_CURVE('',#4079,#4124,#3136,.T.);
#8774=EDGE_CURVE('',#4079,#3933,#3140,.T.);
#8776=EDGE_CURVE('',#3933,#3927,#3145,.T.);
#8782=EDGE_CURVE('',#3899,#3894,#3167,.T.);
#8784=EDGE_CURVE('',#3894,#3895,#3172,.T.);
#8786=EDGE_CURVE('',#3895,#4073,#3176,.T.);
#8790=ADVANCED_FACE('',(#8789),#8751,.T.);
#8796=EDGE_CURVE('',#4120,#4121,#3188,.T.);
#8799=EDGE_CURVE('',#4076,#4073,#3286,.T.);
#8804=ADVANCED_FACE('',(#8803),#8795,.F.);
#8852=EDGE_CURVE('',#4122,#4123,#3211,.T.);
#8857=ADVANCED_FACE('',(#8856),#8849,.T.);
#8867=ADVANCED_FACE('',(#8866),#8862,.T.);
#8873=EDGE_CURVE('',#4126,#4127,#3221,.T.);
#8878=ADVANCED_FACE('',(#8877),#8872,.T.);
#8924=EDGE_CURVE('',#4124,#4125,#3246,.T.);
#8931=ADVANCED_FACE('',(#8930),#8923,.T.);
#8939=EDGE_CURVE('',#4079,#4077,#3256,.T.);
#8944=ADVANCED_FACE('',(#8943),#8936,.F.);
#8950=EDGE_CURVE('',#4094,#4095,#3251,.T.);
#8952=EDGE_CURVE('',#4099,#4095,#3362,.T.);
#8954=EDGE_CURVE('',#4099,#4102,#3350,.T.);
#8956=EDGE_CURVE('',#4102,#4103,#3391,.T.);
#8958=EDGE_CURVE('',#4079,#4103,#3407,.T.);
#8961=EDGE_CURVE('',#4077,#4100,#3419,.T.);
#8963=EDGE_CURVE('',#4100,#4101,#3379,.T.);
#8965=EDGE_CURVE('',#4101,#4098,#3298,.T.);
#8967=EDGE_CURVE('',#4094,#4098,#3356,.T.);
#8971=ADVANCED_FACE('',(#8970),#8949,.F.);
#8977=EDGE_CURVE('',#4082,#4083,#3260,.T.);
#8979=EDGE_CURVE('',#4082,#4083,#3281,.T.);
#8983=ADVANCED_FACE('',(#8982),#8976,.F.);
#8989=EDGE_CURVE('',#4094,#4095,#3264,.T.);
#8994=ADVANCED_FACE('',(#8993),#8988,.F.);
#9001=EDGE_CURVE('',#4082,#4086,#3270,.T.);
#9003=EDGE_CURVE('',#4086,#4087,#3313,.T.);
#9005=EDGE_CURVE('',#4087,#4083,#3276,.T.);
#9009=ADVANCED_FACE('',(#9008),#8999,.T.);
#9017=EDGE_CURVE('',#4087,#4090,#3309,.T.);
#9019=EDGE_CURVE('',#4090,#4091,#3385,.T.);
#9021=EDGE_CURVE('',#4076,#4091,#3423,.T.);
#9024=EDGE_CURVE('',#4073,#4088,#3395,.T.);
#9026=EDGE_CURVE('',#4088,#4089,#3368,.T.);
#9028=EDGE_CURVE('',#4089,#4086,#3321,.T.);
#9033=ADVANCED_FACE('',(#9032),#9014,.F.);
#9039=EDGE_CURVE('',#4098,#4099,#3290,.T.);
#9042=EDGE_CURVE('',#4090,#4101,#3302,.T.);
#9047=EDGE_CURVE('',#3951,#4089,#3325,.T.);
#9049=EDGE_CURVE('',#3950,#3951,#3330,.T.);
#9051=EDGE_CURVE('',#3851,#3950,#3471,.T.);
#9053=EDGE_CURVE('',#3851,#3845,#3334,.T.);
#9055=EDGE_CURVE('',#3941,#3845,#3490,.T.);
#9057=EDGE_CURVE('',#3940,#3941,#3339,.T.);
#9059=EDGE_CURVE('',#4102,#3940,#3343,.T.);
#9064=ADVANCED_FACE('',(#9063),#9038,.T.);
#9076=ADVANCED_FACE('',(#9075),#9069,.T.);
#9083=EDGE_CURVE('',#3947,#4088,#3403,.T.);
#9085=EDGE_CURVE('',#3951,#3947,#3373,.T.);
#9090=ADVANCED_FACE('',(#9089),#9081,.T.);
#9097=EDGE_CURVE('',#4091,#4100,#3427,.T.);
#9103=ADVANCED_FACE('',(#9102),#9095,.T.);
#9111=EDGE_CURVE('',#3940,#3943,#3508,.T.);
#9113=EDGE_CURVE('',#4103,#3943,#3411,.T.);
#9117=ADVANCED_FACE('',(#9116),#9108,.T.);
#9125=EDGE_CURVE('',#3895,#3947,#3399,.T.);
#9130=ADVANCED_FACE('',(#9129),#9122,.T.);
#9138=EDGE_CURVE('',#3943,#3933,#3415,.T.);
#9143=ADVANCED_FACE('',(#9142),#9135,.T.);
#9155=ADVANCED_FACE('',(#9154),#9148,.T.);
#9161=EDGE_CURVE('',#3946,#3947,#3432,.T.);
#9164=EDGE_CURVE('',#3891,#3895,#3437,.T.);
#9169=ADVANCED_FACE('',(#9168),#9160,.T.);
#9176=EDGE_CURVE('',#3951,#3946,#3442,.T.);
#9181=ADVANCED_FACE('',(#9180),#9174,.T.);
#9189=EDGE_CURVE('',#4034,#3950,#3456,.T.);
#9195=ADVANCED_FACE('',(#9194),#9186,.T.);
#9204=EDGE_CURVE('',#3851,#3849,#3479,.T.);
#9210=ADVANCED_FACE('',(#9209),#9200,.T.);
#9216=EDGE_CURVE('',#3845,#3842,#3475,.T.);
#9223=ADVANCED_FACE('',(#9222),#9215,.T.);
#9230=EDGE_CURVE('',#3941,#3937,#3503,.T.);
#9237=ADVANCED_FACE('',(#9236),#9228,.T.);
#9244=EDGE_CURVE('',#3940,#3936,#3495,.T.);
#9250=ADVANCED_FACE('',(#9249),#9242,.T.);
#9256=EDGE_CURVE('',#3943,#3936,#3513,.T.);
#9262=ADVANCED_FACE('',(#9261),#9255,.T.);
#9270=EDGE_CURVE('',#3931,#3933,#3518,.T.);
#9275=ADVANCED_FACE('',(#9274),#9267,.T.);
#9287=ADVANCED_FACE('',(#9286),#9280,.T.);
#9296=EDGE_CURVE('',#3890,#3894,#3523,.T.);
#9300=ADVANCED_FACE('',(#9299),#9292,.T.);
#9306=EDGE_CURVE('',#3897,#3890,#3533,.T.);
#9309=EDGE_CURVE('',#3897,#3894,#3528,.T.);
#9313=ADVANCED_FACE('',(#9312),#9305,.T.);
#9325=ADVANCED_FACE('',(#9324),#9318,.T.);
#9337=ADVANCED_FACE('',(#9336),#9330,.T.);
#9350=ADVANCED_FACE('',(#9349),#9342,.T.);
#9362=ADVANCED_FACE('',(#9361),#9355,.T.);
#9374=ADVANCED_FACE('',(#9373),#9367,.T.);
#9383=EDGE_CURVE('',#4483,#4259,#3577,.T.);
#9387=ADVANCED_FACE('',(#9386),#9379,.F.);
#9400=ADVANCED_FACE('',(#9399),#9392,.T.);
#9408=EDGE_CURVE('',#4157,#4153,#3607,.T.);
#9413=ADVANCED_FACE('',(#9412),#9405,.F.);
#9420=EDGE_CURVE('',#4182,#4171,#3720,.T.);
#9424=EDGE_CURVE('',#4178,#4174,#3629,.T.);
#9430=EDGE_CURVE('',#4156,#4152,#3599,.T.);
#9436=ADVANCED_FACE('',(#9428,#9435),#9418,.T.);
#9444=EDGE_CURVE('',#4130,#4131,#3643,.T.);
#9449=ADVANCED_FACE('',(#9448),#9441,.F.);
#9455=EDGE_CURVE('',#4185,#4186,#3647,.T.);
#9462=ADVANCED_FACE('',(#9461),#9454,.F.);
#9470=EDGE_CURVE('',#4189,#4190,#3681,.T.);
#9475=ADVANCED_FACE('',(#9474),#9467,.T.);
#9481=EDGE_CURVE('',#4524,#4519,#3661,.T.);
#9484=EDGE_CURVE('',#4176,#4172,#3669,.T.);
#9493=ADVANCED_FACE('',(#9492),#9480,.T.);
#9505=ADVANCED_FACE('',(#9504),#9498,.T.);
#9517=ADVANCED_FACE('',(#9516),#9510,.T.);
#9529=ADVANCED_FACE('',(#9528),#9522,.T.);
#9541=ADVANCED_FACE('',(#9540),#9534,.T.);
#9544=(LENGTH_UNIT()NAMED_UNIT(*)SI_UNIT(.MILLI.,.METRE.));
#9545=(NAMED_UNIT(*)PLANE_ANGLE_UNIT()SI_UNIT($,.RADIAN.));
#9548=(NAMED_UNIT(*)SI_UNIT($,.STERADIAN.)SOLID_ANGLE_UNIT());
#9550=(GEOMETRIC_REPRESENTATION_CONTEXT(3)GLOBAL_UNCERTAINTY_ASSIGNED_CONTEXT((
#9549))GLOBAL_UNIT_ASSIGNED_CONTEXT((#9544,#9547,#9548))REPRESENTATION_CONTEXT(
'ID1','external'));
#9554=AXIS2_PLACEMENT_3D('',#9551,#9552,#9553);
#9555=ADVANCED_BREP_SHAPE_REPRESENTATION('',(#9554,#9543),#9550);
#9562=PRODUCT_DEFINITION('part definition','',#9561,#9558);
#9563=PRODUCT_DEFINITION_SHAPE('','SHAPE FOR BRACE2.',#9562);
#9564=SHAPE_ASPECT('','solid data associated with BRACE2',#9563,.F.);
#9565=PROPERTY_DEFINITION('',
'shape for solid data with which properties are associated',#9564);
#9566=SHAPE_REPRESENTATION('',(#9543),#9550);
#9567=SHAPE_DEFINITION_REPRESENTATION(#9565,#9566);
#9568=(LENGTH_UNIT()NAMED_UNIT(*)SI_UNIT(.MILLI.,.METRE.));
#9572=PROPERTY_DEFINITION('geometric validation property','area of BRACE2',
#9564);
#9573=REPRESENTATION('surface area',(#9571),#9550);
#9574=PROPERTY_DEFINITION_REPRESENTATION(#9572,#9573);
#9575=(LENGTH_UNIT()NAMED_UNIT(*)SI_UNIT(.MILLI.,.METRE.));
#9579=PROPERTY_DEFINITION('geometric validation property','volume of BRACE2',
#9564);
#9580=REPRESENTATION('volume',(#9578),#9550);
#9581=PROPERTY_DEFINITION_REPRESENTATION(#9579,#9580);
#9583=PROPERTY_DEFINITION('geometric validation property','centroid of BRACE2',
#9564);
#9584=REPRESENTATION('centroid',(#9582),#9550);
#9585=PROPERTY_DEFINITION_REPRESENTATION(#9583,#9584);
#9586=(LENGTH_UNIT()NAMED_UNIT(*)SI_UNIT(.MILLI.,.METRE.));
#9590=PROPERTY_DEFINITION('geometric validation property','area of BRACE2',
#9563);
#9591=REPRESENTATION('surface area',(#9589),#9550);
#9592=PROPERTY_DEFINITION_REPRESENTATION(#9590,#9591);
#9593=(LENGTH_UNIT()NAMED_UNIT(*)SI_UNIT(.MILLI.,.METRE.));
#9597=PROPERTY_DEFINITION('geometric validation property','volume of BRACE2',
#9563);
#9598=REPRESENTATION('volume',(#9596),#9550);
#9599=PROPERTY_DEFINITION_REPRESENTATION(#9597,#9598);
#9601=PROPERTY_DEFINITION('geometric validation property','centroid of BRACE2',
#9563);
#9602=REPRESENTATION('centroid',(#9600),#9550);
#9603=PROPERTY_DEFINITION_REPRESENTATION(#9601,#9602);
#9604=SHAPE_DEFINITION_REPRESENTATION(#9563,#9555);
#9605=PRODUCT_RELATED_PRODUCT_CATEGORY('part','',(#9560));
ENDSEC;
END-ISO-10303-21;
