ISO-10303-21;
HEADER;
FILE_DESCRIPTION((''),'2;1');
FILE_NAME('CAMGEAR2','2026-08-09T09:56:41',('gram2'),(''),
'CREO PARAMETRIC BY PTC INC, 2016510','CREO PARAMETRIC BY PTC INC, 2016510','');
FILE_SCHEMA(('AUTOMOTIVE_DESIGN { 1 0 10303 214 1 1 1 1 }'));
ENDSEC;
DATA;
#29=CARTESIAN_POINT('',(0.E0,-2.025256353956E-3,0.E0));
#30=DIRECTION('',(0.E0,0.E0,1.E0));
#31=DIRECTION('',(-6.775242961115E-2,9.977021641160E-1,0.E0));
#32=AXIS2_PLACEMENT_3D('',#29,#30,#31);
#34=DRAUGHTING_PRE_DEFINED_CURVE_FONT('continuous');
#35=CURVE_STYLE('',#34,POSITIVE_LENGTH_MEASURE(2.E-2),#5);
#36=PRESENTATION_STYLE_ASSIGNMENT((#35));
#37=STYLED_ITEM('',(#36),#33);
#38=CARTESIAN_POINT('',(-3.081952851282E0,6.419094808346E0,0.E0));
#39=DIRECTION('',(0.E0,0.E0,1.E0));
#40=DIRECTION('',(9.781979506793E-1,2.076746717508E-1,0.E0));
#41=AXIS2_PLACEMENT_3D('',#38,#39,#40);
#43=CURVE_STYLE('',#34,POSITIVE_LENGTH_MEASURE(2.E-2),#5);
#44=PRESENTATION_STYLE_ASSIGNMENT((#43));
#45=STYLED_ITEM('',(#44),#42);
#46=DIRECTION('',(-9.781476007338E-1,-2.079116908178E-1,0.E0));
#47=VECTOR('',#46,3.6E-1);
#48=CARTESIAN_POINT('',(-1.486805883937E0,7.860623910574E0,0.E0));
#49=LINE('',#48,#47);
#50=CURVE_STYLE('',#34,POSITIVE_LENGTH_MEASURE(2.E-2),#5);
#51=PRESENTATION_STYLE_ASSIGNMENT((#50));
#52=STYLED_ITEM('',(#51),#49);
#53=CARTESIAN_POINT('',(2.046229540255E-1,7.117678061190E0,0.E0));
#54=DIRECTION('',(0.E0,0.E0,1.E0));
#55=DIRECTION('',(-9.504939415008E-1,3.107430886927E-1,0.E0));
#56=AXIS2_PLACEMENT_3D('',#53,#54,#55);
#58=CURVE_STYLE('',#34,POSITIVE_LENGTH_MEASURE(2.E-2),#5);
#59=PRESENTATION_STYLE_ASSIGNMENT((#58));
#60=STYLED_ITEM('',(#59),#57);
#61=CARTESIAN_POINT('',(0.E0,-2.025256353956E-3,0.E0));
#62=DIRECTION('',(0.E0,0.E0,1.E0));
#63=DIRECTION('',(-2.736467869230E-1,9.618302532187E-1,0.E0));
#64=AXIS2_PLACEMENT_3D('',#61,#62,#63);
#66=CURVE_STYLE('',#34,POSITIVE_LENGTH_MEASURE(2.E-2),#5);
#67=PRESENTATION_STYLE_ASSIGNMENT((#66));
#68=STYLED_ITEM('',(#67),#65);
#69=CARTESIAN_POINT('',(-4.349209642179E0,5.638048157336E0,0.E0));
#70=DIRECTION('',(0.E0,0.E0,1.E0));
#71=DIRECTION('',(9.136189489574E-1,4.065715387308E-1,0.E0));
#72=AXIS2_PLACEMENT_3D('',#69,#70,#71);
#74=CURVE_STYLE('',#34,POSITIVE_LENGTH_MEASURE(2.E-2),#5);
#75=PRESENTATION_STYLE_ASSIGNMENT((#74));
#76=STYLED_ITEM('',(#75),#73);
#77=DIRECTION('',(-9.135454576426E-1,-4.067366430758E-1,0.E0));
#78=VECTOR('',#77,3.6E-1);
#79=CARTESIAN_POINT('',(-3.088631216260E0,7.379726093152E0,0.E0));
#80=LINE('',#79,#78);
#81=CURVE_STYLE('',#34,POSITIVE_LENGTH_MEASURE(2.E-2),#5);
#82=PRESENTATION_STYLE_ASSIGNMENT((#81));
#83=STYLED_ITEM('',(#82),#80);
#84=CARTESIAN_POINT('',(-1.279697028864E0,7.004683222701E0,0.E0));
#85=DIRECTION('',(0.E0,0.E0,1.E0));
#86=DIRECTION('',(-9.943304893711E-1,1.063338041599E-1,0.E0));
#87=AXIS2_PLACEMENT_3D('',#84,#85,#86);
#89=CURVE_STYLE('',#34,POSITIVE_LENGTH_MEASURE(2.E-2),#5);
#90=PRESENTATION_STYLE_ASSIGNMENT((#89));
#91=STYLED_ITEM('',(#90),#88);
#92=CARTESIAN_POINT('',(0.E0,-2.025256353956E-3,0.E0));
#93=DIRECTION('',(0.E0,0.E0,1.E0));
#94=DIRECTION('',(-4.675927483857E-1,8.839440150016E-1,0.E0));
#95=AXIS2_PLACEMENT_3D('',#92,#93,#94);
#97=CURVE_STYLE('',#34,POSITIVE_LENGTH_MEASURE(2.E-2),#5);
#98=PRESENTATION_STYLE_ASSIGNMENT((#97));
#99=STYLED_ITEM('',(#98),#96);
#100=CARTESIAN_POINT('',(-5.426385101890E0,4.610591747494E0,0.E0));
#101=DIRECTION('',(0.E0,0.E0,1.E0));
#102=DIRECTION('',(8.090810403299E-1,5.876970904970E-1,0.E0));
#103=AXIS2_PLACEMENT_3D('',#100,#101,#102);
#105=CURVE_STYLE('',#34,POSITIVE_LENGTH_MEASURE(2.E-2),#5);
#106=PRESENTATION_STYLE_ASSIGNMENT((#105));
#107=STYLED_ITEM('',(#106),#104);
#108=DIRECTION('',(-8.090169943749E-1,-5.877852522925E-1,0.E0));
#109=VECTOR('',#108,3.6E-1);
#110=CARTESIAN_POINT('',(-4.555468543535E0,6.576298833604E0,0.E0));
#111=LINE('',#110,#109);
#112=CURVE_STYLE('',#34,POSITIVE_LENGTH_MEASURE(2.E-2),#5);
#113=PRESENTATION_STYLE_ASSIGNMENT((#112));
#114=STYLED_ITEM('',(#113),#111);
#115=CARTESIAN_POINT('',(-2.708088110924E0,6.585550115180E0,0.E0));
#116=DIRECTION('',(0.E0,0.E0,1.E0));
#117=DIRECTION('',(-9.947100235287E-1,-1.027227778609E-1,0.E0));
#118=AXIS2_PLACEMENT_3D('',#115,#116,#117);
#120=CURVE_STYLE('',#34,POSITIVE_LENGTH_MEASURE(2.E-2),#5);
#121=PRESENTATION_STYLE_ASSIGNMENT((#120));
#122=STYLED_ITEM('',(#121),#119);
#123=CARTESIAN_POINT('',(0.E0,-2.025256353956E-3,0.E0));
#124=DIRECTION('',(0.E0,0.E0,1.E0));
#125=DIRECTION('',(-6.411172476272E-1,7.674429456284E-1,0.E0));
#126=AXIS2_PLACEMENT_3D('',#123,#124,#125);
#128=CURVE_STYLE('',#34,POSITIVE_LENGTH_MEASURE(2.E-2),#5);
#129=PRESENTATION_STYLE_ASSIGNMENT((#128));
#130=STYLED_ITEM('',(#129),#127);
#131=CARTESIAN_POINT('',(-6.266401493963E0,3.381630354212E0,0.E0));
#132=DIRECTION('',(0.E0,0.E0,1.E0));
#133=DIRECTION('',(6.691208090342E-1,7.431536469112E-1,0.E0));
#134=AXIS2_PLACEMENT_3D('',#131,#132,#133);
#136=CURVE_STYLE('',#34,POSITIVE_LENGTH_MEASURE(2.E-2),#5);
#137=PRESENTATION_STYLE_ASSIGNMENT((#136));
#138=STYLED_ITEM('',(#137),#135);
#139=DIRECTION('',(-6.691306063589E-1,-7.431448254774E-1,0.E0));
#140=VECTOR('',#139,3.6E-1);
#141=CARTESIAN_POINT('',(-5.823210035895E0,5.485455758445E0,0.E0));
#142=LINE('',#141,#140);
#143=CURVE_STYLE('',#34,POSITIVE_LENGTH_MEASURE(2.E-2),#5);
#144=PRESENTATION_STYLE_ASSIGNMENT((#143));
#145=STYLED_ITEM('',(#144),#142);
#146=CARTESIAN_POINT('',(-4.018122747688E0,5.878596866650E0,0.E0));
#147=DIRECTION('',(0.E0,0.E0,1.E0));
#148=DIRECTION('',(-9.516159565099E-1,-3.072898815706E-1,0.E0));
#149=AXIS2_PLACEMENT_3D('',#146,#147,#148);
#151=CURVE_STYLE('',#34,POSITIVE_LENGTH_MEASURE(2.E-2),#5);
#152=PRESENTATION_STYLE_ASSIGNMENT((#151));
#153=STYLED_ITEM('',(#152),#150);
#154=CARTESIAN_POINT('',(0.E0,-2.025256353956E-3,0.E0));
#155=DIRECTION('',(0.E0,0.E0,1.E0));
#156=DIRECTION('',(-7.866405047723E-1,6.174113023355E-1,0.E0));
#157=AXIS2_PLACEMENT_3D('',#154,#155,#156);
#159=CURVE_STYLE('',#34,POSITIVE_LENGTH_MEASURE(2.E-2),#5);
#160=PRESENTATION_STYLE_ASSIGNMENT((#159));
#161=STYLED_ITEM('',(#160),#158);
#162=CARTESIAN_POINT('',(-6.832546071219E0,2.004875487588E0,0.E0));
#163=DIRECTION('',(0.E0,0.E0,1.E0));
#164=DIRECTION('',(4.998567064919E-1,8.661081185251E-1,0.E0));
#165=AXIS2_PLACEMENT_3D('',#162,#163,#164);
#167=CURVE_STYLE('',#34,POSITIVE_LENGTH_MEASURE(2.E-2),#5);
#168=PRESENTATION_STYLE_ASSIGNMENT((#167));
#169=STYLED_ITEM('',(#168),#166);
#170=DIRECTION('',(-5.E-1,-8.660254037844E-1,0.E0));
#171=VECTOR('',#170,3.6E-1);
#172=CARTESIAN_POINT('',(-6.836449306824E0,4.154871944504E0,0.E0));
#173=LINE('',#172,#171);
#174=CURVE_STYLE('',#34,POSITIVE_LENGTH_MEASURE(2.E-2),#5);
#175=PRESENTATION_STYLE_ASSIGNMENT((#174));
#176=STYLED_ITEM('',(#175),#173);
#177=CARTESIAN_POINT('',(-5.152546139286E0,4.914720726409E0,0.E0));
#178=DIRECTION('',(0.E0,0.E0,1.E0));
#179=DIRECTION('',(-8.669317058317E-1,-4.984269429152E-1,0.E0));
#180=AXIS2_PLACEMENT_3D('',#177,#178,#179);
#182=CURVE_STYLE('',#34,POSITIVE_LENGTH_MEASURE(2.E-2),#5);
#183=PRESENTATION_STYLE_ASSIGNMENT((#182));
#184=STYLED_ITEM('',(#183),#181);
#185=CARTESIAN_POINT('',(0.E0,-2.025256353956E-3,0.E0));
#186=DIRECTION('',(0.E0,0.E0,1.E0));
#187=DIRECTION('',(-8.978024823822E-1,4.403983453969E-1,0.E0));
#188=AXIS2_PLACEMENT_3D('',#185,#186,#187);
#190=CURVE_STYLE('',#34,POSITIVE_LENGTH_MEASURE(2.E-2),#5);
#191=PRESENTATION_STYLE_ASSIGNMENT((#190));
#192=STYLED_ITEM('',(#191),#189);
#193=CARTESIAN_POINT('',(-7.100075598970E0,5.404979416967E-1,0.E0));
#194=DIRECTION('',(0.E0,0.E0,1.E0));
#195=DIRECTION('',(3.086930710358E-1,9.511617043881E-1,0.E0));
#196=AXIS2_PLACEMENT_3D('',#193,#194,#195);
#198=CURVE_STYLE('',#34,POSITIVE_LENGTH_MEASURE(2.E-2),#5);
#199=PRESENTATION_STYLE_ASSIGNMENT((#198));
#200=STYLED_ITEM('',(#199),#197);
#201=DIRECTION('',(-3.090169943750E-1,-9.510565162952E-1,0.E0));
#202=VECTOR('',#201,3.6E-1);
#203=CARTESIAN_POINT('',(-7.550902938121E0,2.642700289301E0,0.E0));
#204=LINE('',#203,#202);
#205=CURVE_STYLE('',#34,POSITIVE_LENGTH_MEASURE(2.E-2),#5);
#206=PRESENTATION_STYLE_ASSIGNMENT((#205));
#207=STYLED_ITEM('',(#206),#204);
#208=CARTESIAN_POINT('',(-6.061778539937E0,3.736047706979E0,0.E0));
#209=DIRECTION('',(0.E0,0.E0,1.E0));
#210=DIRECTION('',(-7.443583796087E-1,-6.677803551366E-1,0.E0));
#211=AXIS2_PLACEMENT_3D('',#208,#209,#210);
#213=CURVE_STYLE('',#34,POSITIVE_LENGTH_MEASURE(2.E-2),#5);
#214=PRESENTATION_STYLE_ASSIGNMENT((#213));
#215=STYLED_ITEM('',(#214),#212);
#216=CARTESIAN_POINT('',(0.E0,-2.025256353956E-3,0.E0));
#217=DIRECTION('',(0.E0,0.E0,1.E0));
#218=DIRECTION('',(-9.697417046461E-1,2.441332141886E-1,0.E0));
#219=AXIS2_PLACEMENT_3D('',#216,#217,#218);
#221=CURVE_STYLE('',#34,POSITIVE_LENGTH_MEASURE(2.E-2),#5);
#222=PRESENTATION_STYLE_ASSIGNMENT((#221));
#223=STYLED_ITEM('',(#222),#220);
#224=CARTESIAN_POINT('',(-7.057297753103E0,-9.475019578436E-1,0.E0));
#225=DIRECTION('',(0.E0,0.E0,1.E0));
#226=DIRECTION('',(1.040002096532E-1,9.945772752240E-1,0.E0));
#227=AXIS2_PLACEMENT_3D('',#224,#225,#226);
#229=CURVE_STYLE('',#34,POSITIVE_LENGTH_MEASURE(2.E-2),#5);
#230=PRESENTATION_STYLE_ASSIGNMENT((#229));
#231=STYLED_ITEM('',(#230),#228);
#232=DIRECTION('',(-1.045284632677E-1,-9.945218953683E-1,0.E0));
#233=VECTOR('',#232,3.6E-1);
#234=CARTESIAN_POINT('',(-7.935345877770E0,1.015029950373E0,0.E0));
#235=LINE('',#234,#233);
#236=CURVE_STYLE('',#34,POSITIVE_LENGTH_MEASURE(2.E-2),#5);
#237=PRESENTATION_STYLE_ASSIGNMENT((#236));
#238=STYLED_ITEM('',(#237),#235);
#239=CARTESIAN_POINT('',(-6.706082130753E0,2.394091475207E0,0.E0));
#240=DIRECTION('',(0.E0,0.E0,1.E0));
#241=DIRECTION('',(-5.892530203690E-1,-8.079485614728E-1,0.E0));
#242=AXIS2_PLACEMENT_3D('',#239,#240,#241);
#244=CURVE_STYLE('',#34,POSITIVE_LENGTH_MEASURE(2.E-2),#5);
#245=PRESENTATION_STYLE_ASSIGNMENT((#244));
#246=STYLED_ITEM('',(#245),#243);
#247=CARTESIAN_POINT('',(-6.706082130753E0,-2.394091475207E0,0.E0));
#248=DIRECTION('',(0.E0,0.E0,1.E0));
#249=DIRECTION('',(-1.052530452908E-1,9.944454718370E-1,0.E0));
#250=AXIS2_PLACEMENT_3D('',#247,#248,#249);
#252=CURVE_STYLE('',#34,POSITIVE_LENGTH_MEASURE(2.E-2),#5);
#253=PRESENTATION_STYLE_ASSIGNMENT((#252));
#254=STYLED_ITEM('',(#253),#251);
#255=DIRECTION('',(1.045284632677E-1,-9.945218953683E-1,0.E0));
#256=VECTOR('',#255,3.6E-1);
#257=CARTESIAN_POINT('',(-7.972976124547E0,-6.570020680405E-1,0.E0));
#258=LINE('',#257,#256);
#259=CURVE_STYLE('',#34,POSITIVE_LENGTH_MEASURE(2.E-2),#5);
#260=PRESENTATION_STYLE_ASSIGNMENT((#259));
#261=STYLED_ITEM('',(#260),#258);
#262=CARTESIAN_POINT('',(-7.057297753103E0,9.475019578434E-1,0.E0));
#263=DIRECTION('',(0.E0,0.E0,1.E0));
#264=DIRECTION('',(-4.083944765895E-1,-9.128055387053E-1,0.E0));
#265=AXIS2_PLACEMENT_3D('',#262,#263,#264);
#267=CURVE_STYLE('',#34,POSITIVE_LENGTH_MEASURE(2.E-2),#5);
#268=PRESENTATION_STYLE_ASSIGNMENT((#267));
#269=STYLED_ITEM('',(#268),#266);
#270=CARTESIAN_POINT('',(0.E0,-2.025256353956E-3,0.E0));
#271=DIRECTION('',(0.E0,0.E0,1.E0));
#272=DIRECTION('',(-9.852045243596E-1,-1.713827447015E-1,0.E0));
#273=AXIS2_PLACEMENT_3D('',#270,#271,#272);
#275=CURVE_STYLE('',#34,POSITIVE_LENGTH_MEASURE(2.E-2),#5);
#276=PRESENTATION_STYLE_ASSIGNMENT((#275));
#277=STYLED_ITEM('',(#276),#274);
#278=CARTESIAN_POINT('',(-6.061778539937E0,-3.736047706979E0,0.E0));
#279=DIRECTION('',(0.E0,0.E0,1.E0));
#280=DIRECTION('',(-3.098923125273E-1,9.507716627227E-1,0.E0));
#281=AXIS2_PLACEMENT_3D('',#278,#279,#280);
#283=CURVE_STYLE('',#34,POSITIVE_LENGTH_MEASURE(2.E-2),#5);
#284=PRESENTATION_STYLE_ASSIGNMENT((#283));
#285=STYLED_ITEM('',(#284),#282);
#286=DIRECTION('',(3.090169943749E-1,-9.510565162952E-1,0.E0));
#287=VECTOR('',#286,3.6E-1);
#288=CARTESIAN_POINT('',(-7.662149056096E0,-2.300319943435E0,0.E0));
#289=LINE('',#288,#287);
#290=CURVE_STYLE('',#34,POSITIVE_LENGTH_MEASURE(2.E-2),#5);
#291=PRESENTATION_STYLE_ASSIGNMENT((#290));
#292=STYLED_ITEM('',(#291),#289);
#293=CARTESIAN_POINT('',(-7.100075598970E0,-5.404979416969E-1,0.E0));
#294=DIRECTION('',(0.E0,0.E0,1.E0));
#295=DIRECTION('',(-2.096871344889E-1,-9.777685337695E-1,0.E0));
#296=AXIS2_PLACEMENT_3D('',#293,#294,#295);
#298=CURVE_STYLE('',#34,POSITIVE_LENGTH_MEASURE(2.E-2),#5);
#299=PRESENTATION_STYLE_ASSIGNMENT((#298));
#300=STYLED_ITEM('',(#299),#297);
#301=CARTESIAN_POINT('',(0.E0,-2.025256353956E-3,0.E0));
#302=DIRECTION('',(0.E0,0.E0,1.E0));
#303=DIRECTION('',(-9.280382488842E-1,-3.724849105775E-1,0.E0));
#304=AXIS2_PLACEMENT_3D('',#301,#302,#303);
#306=CURVE_STYLE('',#34,POSITIVE_LENGTH_MEASURE(2.E-2),#5);
#307=PRESENTATION_STYLE_ASSIGNMENT((#306));
#308=STYLED_ITEM('',(#307),#305);
#309=CARTESIAN_POINT('',(-5.152546139286E0,-4.914720726410E0,0.E0));
#310=DIRECTION('',(0.E0,0.E0,1.E0));
#311=DIRECTION('',(-5.009574120352E-1,8.654719356091E-1,0.E0));
#312=AXIS2_PLACEMENT_3D('',#309,#310,#311);
#314=CURVE_STYLE('',#34,POSITIVE_LENGTH_MEASURE(2.E-2),#5);
#315=PRESENTATION_STYLE_ASSIGNMENT((#314));
#316=STYLED_ITEM('',(#315),#313);
#317=DIRECTION('',(5.E-1,-8.660254037844E-1,0.E0));
#318=VECTOR('',#317,3.6E-1);
#319=CARTESIAN_POINT('',(-7.016449306824E0,-3.843102799142E0,0.E0));
#320=LINE('',#319,#318);
#321=CURVE_STYLE('',#34,POSITIVE_LENGTH_MEASURE(2.E-2),#5);
#322=PRESENTATION_STYLE_ASSIGNMENT((#321));
#323=STYLED_ITEM('',(#322),#320);
#324=CARTESIAN_POINT('',(-6.832546071219E0,-2.004875487588E0,0.E0));
#325=DIRECTION('',(0.E0,0.E0,1.E0));
#326=DIRECTION('',(-1.815458420685E-3,-9.999983520540E-1,0.E0));
#327=AXIS2_PLACEMENT_3D('',#324,#325,#326);
#329=CURVE_STYLE('',#34,POSITIVE_LENGTH_MEASURE(2.E-2),#5);
#330=PRESENTATION_STYLE_ASSIGNMENT((#329));
#331=STYLED_ITEM('',(#330),#328);
#332=CARTESIAN_POINT('',(0.E0,-2.025256353956E-3,0.E0));
#333=DIRECTION('',(0.E0,0.E0,1.E0));
#334=DIRECTION('',(-8.303005865084E-1,-5.573158315030E-1,0.E0));
#335=AXIS2_PLACEMENT_3D('',#332,#333,#334);
#337=CURVE_STYLE('',#34,POSITIVE_LENGTH_MEASURE(2.E-2),#5);
#338=PRESENTATION_STYLE_ASSIGNMENT((#337));
#339=STYLED_ITEM('',(#338),#336);
#340=CARTESIAN_POINT('',(-4.018122747688E0,-5.878596866650E0,0.E0));
#341=DIRECTION('',(0.E0,0.E0,1.E0));
#342=DIRECTION('',(-6.700761589665E-1,7.422923556017E-1,0.E0));
#343=AXIS2_PLACEMENT_3D('',#340,#341,#342);
#345=CURVE_STYLE('',#34,POSITIVE_LENGTH_MEASURE(2.E-2),#5);
#346=PRESENTATION_STYLE_ASSIGNMENT((#345));
#347=STYLED_ITEM('',(#346),#344);
#348=DIRECTION('',(6.691306063589E-1,-7.431448254774E-1,0.E0));
#349=VECTOR('',#348,3.6E-1);
#350=CARTESIAN_POINT('',(-6.064097054184E0,-5.217923621273E0,0.E0));
#351=LINE('',#350,#349);
#352=CURVE_STYLE('',#34,POSITIVE_LENGTH_MEASURE(2.E-2),#5);
#353=PRESENTATION_STYLE_ASSIGNMENT((#352));
#354=STYLED_ITEM('',(#353),#351);
#355=CARTESIAN_POINT('',(-6.266401493963E0,-3.381630354212E0,0.E0));
#356=DIRECTION('',(0.E0,0.E0,1.E0));
#357=DIRECTION('',(2.061355618921E-1,-9.785234438292E-1,0.E0));
#358=AXIS2_PLACEMENT_3D('',#355,#356,#357);
#360=CURVE_STYLE('',#34,POSITIVE_LENGTH_MEASURE(2.E-2),#5);
#361=PRESENTATION_STYLE_ASSIGNMENT((#360));
#362=STYLED_ITEM('',(#361),#359);
#363=CARTESIAN_POINT('',(0.E0,-2.025256353956E-3,0.E0));
#364=DIRECTION('',(0.E0,0.E0,1.E0));
#365=DIRECTION('',(-6.962582842795E-1,-7.177913356764E-1,0.E0));
#366=AXIS2_PLACEMENT_3D('',#363,#364,#365);
#368=CURVE_STYLE('',#34,POSITIVE_LENGTH_MEASURE(2.E-2),#5);
#369=PRESENTATION_STYLE_ASSIGNMENT((#368));
#370=STYLED_ITEM('',(#369),#367);
#371=CARTESIAN_POINT('',(-2.708088110923E0,-6.585550115180E0,0.E0));
#372=DIRECTION('',(0.E0,0.E0,1.E0));
#373=DIRECTION('',(-8.098478102574E-1,5.866400295081E-1,0.E0));
#374=AXIS2_PLACEMENT_3D('',#371,#372,#373);
#376=CURVE_STYLE('',#34,POSITIVE_LENGTH_MEASURE(2.E-2),#5);
#377=PRESENTATION_STYLE_ASSIGNMENT((#376));
#378=STYLED_ITEM('',(#377),#375);
#379=DIRECTION('',(8.090169943749E-1,-5.877852522925E-1,0.E0));
#380=VECTOR('',#379,3.6E-1);
#381=CARTESIAN_POINT('',(-4.846714661510E0,-6.364696142779E0,0.E0));
#382=LINE('',#381,#380);
#383=CURVE_STYLE('',#34,POSITIVE_LENGTH_MEASURE(2.E-2),#5);
#384=PRESENTATION_STYLE_ASSIGNMENT((#383));
#385=STYLED_ITEM('',(#384),#382);
#386=CARTESIAN_POINT('',(-5.426385101890E0,-4.610591747494E0,0.E0));
#387=DIRECTION('',(0.E0,0.E0,1.E0));
#388=DIRECTION('',(4.050774690020E-1,-9.142823656327E-1,0.E0));
#389=AXIS2_PLACEMENT_3D('',#386,#387,#388);
#391=CURVE_STYLE('',#34,POSITIVE_LENGTH_MEASURE(2.E-2),#5);
#392=PRESENTATION_STYLE_ASSIGNMENT((#391));
#393=STYLED_ITEM('',(#392),#390);
#394=CARTESIAN_POINT('',(0.E0,-2.025256353956E-3,0.E0));
#395=DIRECTION('',(0.E0,0.E0,1.E0));
#396=DIRECTION('',(-5.317677059485E-1,-8.468902567100E-1,0.E0));
#397=AXIS2_PLACEMENT_3D('',#394,#395,#396);
#399=CURVE_STYLE('',#34,POSITIVE_LENGTH_MEASURE(2.E-2),#5);
#400=PRESENTATION_STYLE_ASSIGNMENT((#399));
#401=STYLED_ITEM('',(#400),#398);
#402=CARTESIAN_POINT('',(-1.279697028863E0,-7.004683222701E0,0.E0));
#403=DIRECTION('',(0.E0,0.E0,1.E0));
#404=DIRECTION('',(-9.141646391444E-1,4.053430800420E-1,0.E0));
#405=AXIS2_PLACEMENT_3D('',#402,#403,#404);
#407=CURVE_STYLE('',#34,POSITIVE_LENGTH_MEASURE(2.E-2),#5);
#408=PRESENTATION_STYLE_ASSIGNMENT((#407));
#409=STYLED_ITEM('',(#408),#406);
#410=DIRECTION('',(9.135454576426E-1,-4.067366430758E-1,0.E0));
#411=VECTOR('',#410,3.6E-1);
#412=CARTESIAN_POINT('',(-3.417507581011E0,-7.233300901644E0,0.E0));
#413=LINE('',#412,#411);
#414=CURVE_STYLE('',#34,POSITIVE_LENGTH_MEASURE(2.E-2),#5);
#415=PRESENTATION_STYLE_ASSIGNMENT((#414));
#416=STYLED_ITEM('',(#415),#413);
#417=CARTESIAN_POINT('',(-4.349209642179E0,-5.638048157336E0,0.E0));
#418=DIRECTION('',(0.E0,0.E0,1.E0));
#419=DIRECTION('',(5.863155469392E-1,-8.100827608445E-1,0.E0));
#420=AXIS2_PLACEMENT_3D('',#417,#418,#419);
#422=CURVE_STYLE('',#34,POSITIVE_LENGTH_MEASURE(2.E-2),#5);
#423=PRESENTATION_STYLE_ASSIGNMENT((#422));
#424=STYLED_ITEM('',(#423),#421);
#425=CARTESIAN_POINT('',(0.E0,-2.025256353956E-3,0.E0));
#426=DIRECTION('',(0.E0,0.E0,1.E0));
#427=DIRECTION('',(-3.440192153449E-1,-9.389626081338E-1,0.E0));
#428=AXIS2_PLACEMENT_3D('',#425,#426,#427);
#430=CURVE_STYLE('',#34,POSITIVE_LENGTH_MEASURE(2.E-2),#5);
#431=PRESENTATION_STYLE_ASSIGNMENT((#430));
#432=STYLED_ITEM('',(#431),#429);
#433=CARTESIAN_POINT('',(2.046229540256E-1,-7.117678061191E0,0.E0));
#434=DIRECTION('',(0.E0,0.E0,1.E0));
#435=DIRECTION('',(-9.784787028559E-1,2.063478326940E-1,0.E0));
#436=AXIS2_PLACEMENT_3D('',#433,#434,#435);
#438=CURVE_STYLE('',#34,POSITIVE_LENGTH_MEASURE(2.E-2),#5);
#439=PRESENTATION_STYLE_ASSIGNMENT((#438));
#440=STYLED_ITEM('',(#439),#437);
#441=DIRECTION('',(9.781476007338E-1,-2.079116908178E-1,0.E0));
#442=VECTOR('',#441,3.6E-1);
#443=CARTESIAN_POINT('',(-1.838939020201E0,-7.785775701880E0,0.E0));
#444=LINE('',#443,#442);
#445=CURVE_STYLE('',#34,POSITIVE_LENGTH_MEASURE(2.E-2),#5);
#446=PRESENTATION_STYLE_ASSIGNMENT((#445));
#447=STYLED_ITEM('',(#446),#444);
#448=CARTESIAN_POINT('',(-3.081952851282E0,-6.419094808346E0,0.E0));
#449=DIRECTION('',(0.E0,0.E0,1.E0));
#450=DIRECTION('',(7.419288220210E-1,-6.704786521990E-1,0.E0));
#451=AXIS2_PLACEMENT_3D('',#448,#449,#450);
#453=CURVE_STYLE('',#34,POSITIVE_LENGTH_MEASURE(2.E-2),#5);
#454=PRESENTATION_STYLE_ASSIGNMENT((#453));
#455=STYLED_ITEM('',(#454),#452);
#456=CARTESIAN_POINT('',(0.E0,-2.025256353956E-3,0.E0));
#457=DIRECTION('',(0.E0,0.E0,1.E0));
#458=DIRECTION('',(-1.412226935816E-1,-9.899778537006E-1,0.E0));
#459=AXIS2_PLACEMENT_3D('',#456,#457,#458);
#461=CURVE_STYLE('',#34,POSITIVE_LENGTH_MEASURE(2.E-2),#5);
#462=PRESENTATION_STYLE_ASSIGNMENT((#461));
#463=STYLED_ITEM('',(#462),#460);
#464=CARTESIAN_POINT('',(1.679999931934E0,-6.919596213998E0,0.E0));
#465=DIRECTION('',(0.E0,0.E0,1.E0));
#466=DIRECTION('',(-9.999986676049E-1,-1.632417996141E-3,0.E0));
#467=AXIS2_PLACEMENT_3D('',#464,#465,#466);
#469=CURVE_STYLE('',#34,POSITIVE_LENGTH_MEASURE(2.E-2),#5);
#470=PRESENTATION_STYLE_ASSIGNMENT((#469));
#471=STYLED_ITEM('',(#470),#468);
#472=DIRECTION('',(1.E0,0.E0,0.E0));
#473=VECTOR('',#472,3.6E-1);
#474=CARTESIAN_POINT('',(-1.8E-1,-7.997974743646E0,0.E0));
#475=LINE('',#474,#473);
#476=CURVE_STYLE('',#34,POSITIVE_LENGTH_MEASURE(2.E-2),#5);
#477=PRESENTATION_STYLE_ASSIGNMENT((#476));
#478=STYLED_ITEM('',(#477),#475);
#479=CARTESIAN_POINT('',(-1.679999931934E0,-6.919596213998E0,0.E0));
#480=DIRECTION('',(0.E0,0.E0,1.E0));
#481=DIRECTION('',(8.651162474110E-1,-5.015714091388E-1,0.E0));
#482=AXIS2_PLACEMENT_3D('',#479,#480,#481);
#484=CURVE_STYLE('',#34,POSITIVE_LENGTH_MEASURE(2.E-2),#5);
#485=PRESENTATION_STYLE_ASSIGNMENT((#484));
#486=STYLED_ITEM('',(#485),#483);
#487=CARTESIAN_POINT('',(0.E0,-2.025256353956E-3,0.E0));
#488=DIRECTION('',(0.E0,0.E0,1.E0));
#489=DIRECTION('',(6.775202647220E-2,-9.977021914925E-1,0.E0));
#490=AXIS2_PLACEMENT_3D('',#487,#488,#489);
#492=CURVE_STYLE('',#34,POSITIVE_LENGTH_MEASURE(2.E-2),#5);
#493=PRESENTATION_STYLE_ASSIGNMENT((#492));
#494=STYLED_ITEM('',(#493),#491);
#495=CARTESIAN_POINT('',(3.081952851282E0,-6.419094808346E0,0.E0));
#496=DIRECTION('',(0.E0,0.E0,1.E0));
#497=DIRECTION('',(-9.778084262964E-1,-2.095010297437E-1,0.E0));
#498=AXIS2_PLACEMENT_3D('',#495,#496,#497);
#500=CURVE_STYLE('',#34,POSITIVE_LENGTH_MEASURE(2.E-2),#5);
#501=PRESENTATION_STYLE_ASSIGNMENT((#500));
#502=STYLED_ITEM('',(#501),#499);
#503=DIRECTION('',(9.781476007338E-1,2.079116908178E-1,0.E0));
#504=VECTOR('',#503,3.6E-1);
#505=CARTESIAN_POINT('',(1.486805883937E0,-7.860623910574E0,0.E0));
#506=LINE('',#505,#504);
#507=CURVE_STYLE('',#34,POSITIVE_LENGTH_MEASURE(2.E-2),#5);
#508=PRESENTATION_STYLE_ASSIGNMENT((#507));
#509=STYLED_ITEM('',(#508),#506);
#510=CARTESIAN_POINT('',(-2.046229540255E-1,-7.117678061190E0,0.E0));
#511=DIRECTION('',(0.E0,0.E0,1.E0));
#512=DIRECTION('',(9.504939415008E-1,-3.107430886927E-1,0.E0));
#513=AXIS2_PLACEMENT_3D('',#510,#511,#512);
#515=CURVE_STYLE('',#34,POSITIVE_LENGTH_MEASURE(2.E-2),#5);
#516=PRESENTATION_STYLE_ASSIGNMENT((#515));
#517=STYLED_ITEM('',(#516),#514);
#518=CARTESIAN_POINT('',(0.E0,-2.025256353956E-3,0.E0));
#519=DIRECTION('',(0.E0,0.E0,1.E0));
#520=DIRECTION('',(2.737639638495E-1,-9.617969079267E-1,0.E0));
#521=AXIS2_PLACEMENT_3D('',#518,#519,#520);
#523=CURVE_STYLE('',#34,POSITIVE_LENGTH_MEASURE(2.E-2),#5);
#524=PRESENTATION_STYLE_ASSIGNMENT((#523));
#525=STYLED_ITEM('',(#524),#522);
#526=CARTESIAN_POINT('',(4.349209642179E0,-5.638048157336E0,0.E0));
#527=DIRECTION('',(0.E0,0.E0,1.E0));
#528=DIRECTION('',(-9.129029107407E-1,-4.081767699921E-1,0.E0));
#529=AXIS2_PLACEMENT_3D('',#526,#527,#528);
#531=CURVE_STYLE('',#34,POSITIVE_LENGTH_MEASURE(2.E-2),#5);
#532=PRESENTATION_STYLE_ASSIGNMENT((#531));
#533=STYLED_ITEM('',(#532),#530);
#534=DIRECTION('',(9.135454576426E-1,4.067366430758E-1,0.E0));
#535=VECTOR('',#534,3.6E-1);
#536=CARTESIAN_POINT('',(3.088631216260E0,-7.379726093152E0,0.E0));
#537=LINE('',#536,#535);
#538=CURVE_STYLE('',#34,POSITIVE_LENGTH_MEASURE(2.E-2),#5);
#539=PRESENTATION_STYLE_ASSIGNMENT((#538));
#540=STYLED_ITEM('',(#539),#537);
#541=CARTESIAN_POINT('',(1.279697028864E0,-7.004683222701E0,0.E0));
#542=DIRECTION('',(0.E0,0.E0,1.E0));
#543=DIRECTION('',(9.943304893711E-1,-1.063338041599E-1,0.E0));
#544=AXIS2_PLACEMENT_3D('',#541,#542,#543);
#546=CURVE_STYLE('',#34,POSITIVE_LENGTH_MEASURE(2.E-2),#5);
#547=PRESENTATION_STYLE_ASSIGNMENT((#546));
#548=STYLED_ITEM('',(#547),#545);
#549=CARTESIAN_POINT('',(0.E0,-2.025256353956E-3,0.E0));
#550=DIRECTION('',(0.E0,0.E0,1.E0));
#551=DIRECTION('',(4.678018402339E-1,-8.838333769856E-1,0.E0));
#552=AXIS2_PLACEMENT_3D('',#549,#550,#551);
#554=CURVE_STYLE('',#34,POSITIVE_LENGTH_MEASURE(2.E-2),#5);
#555=PRESENTATION_STYLE_ASSIGNMENT((#554));
#556=STYLED_ITEM('',(#555),#553);
#557=CARTESIAN_POINT('',(5.426385101890E0,-4.610591747494E0,0.E0));
#558=DIRECTION('',(0.E0,0.E0,1.E0));
#559=DIRECTION('',(-8.081402654067E-1,-5.889900775297E-1,0.E0));
#560=AXIS2_PLACEMENT_3D('',#557,#558,#559);
#562=CURVE_STYLE('',#34,POSITIVE_LENGTH_MEASURE(2.E-2),#5);
#563=PRESENTATION_STYLE_ASSIGNMENT((#562));
#564=STYLED_ITEM('',(#563),#561);
#565=DIRECTION('',(8.090169943749E-1,5.877852522925E-1,0.E0));
#566=VECTOR('',#565,3.6E-1);
#567=CARTESIAN_POINT('',(4.555468543535E0,-6.576298833604E0,0.E0));
#568=LINE('',#567,#566);
#569=CURVE_STYLE('',#34,POSITIVE_LENGTH_MEASURE(2.E-2),#5);
#570=PRESENTATION_STYLE_ASSIGNMENT((#569));
#571=STYLED_ITEM('',(#570),#568);
#572=CARTESIAN_POINT('',(2.708088110924E0,-6.585550115180E0,0.E0));
#573=DIRECTION('',(0.E0,0.E0,1.E0));
#574=DIRECTION('',(9.947100235287E-1,1.027227778609E-1,0.E0));
#575=AXIS2_PLACEMENT_3D('',#572,#573,#574);
#577=CURVE_STYLE('',#34,POSITIVE_LENGTH_MEASURE(2.E-2),#5);
#578=PRESENTATION_STYLE_ASSIGNMENT((#577));
#579=STYLED_ITEM('',(#578),#576);
#580=CARTESIAN_POINT('',(0.E0,-2.025256353956E-3,0.E0));
#581=DIRECTION('',(0.E0,0.E0,1.E0));
#582=DIRECTION('',(6.413792258523E-1,-7.672240146431E-1,0.E0));
#583=AXIS2_PLACEMENT_3D('',#580,#581,#582);
#585=CURVE_STYLE('',#34,POSITIVE_LENGTH_MEASURE(2.E-2),#5);
#586=PRESENTATION_STYLE_ASSIGNMENT((#585));
#587=STYLED_ITEM('',(#586),#584);
#588=CARTESIAN_POINT('',(6.266401493963E0,-3.381630354212E0,0.E0));
#589=DIRECTION('',(0.E0,0.E0,1.E0));
#590=DIRECTION('',(-6.681132242312E-1,-7.440596210031E-1,0.E0));
#591=AXIS2_PLACEMENT_3D('',#588,#589,#590);
#593=CURVE_STYLE('',#34,POSITIVE_LENGTH_MEASURE(2.E-2),#5);
#594=PRESENTATION_STYLE_ASSIGNMENT((#593));
#595=STYLED_ITEM('',(#594),#592);
#596=DIRECTION('',(6.691306063589E-1,7.431448254774E-1,0.E0));
#597=VECTOR('',#596,3.6E-1);
#598=CARTESIAN_POINT('',(5.823210035895E0,-5.485455758445E0,0.E0));
#599=LINE('',#598,#597);
#600=CURVE_STYLE('',#34,POSITIVE_LENGTH_MEASURE(2.E-2),#5);
#601=PRESENTATION_STYLE_ASSIGNMENT((#600));
#602=STYLED_ITEM('',(#601),#599);
#603=CARTESIAN_POINT('',(4.018122747688E0,-5.878596866650E0,0.E0));
#604=DIRECTION('',(0.E0,0.E0,1.E0));
#605=DIRECTION('',(9.516159565099E-1,3.072898815706E-1,0.E0));
#606=AXIS2_PLACEMENT_3D('',#603,#604,#605);
#608=CURVE_STYLE('',#34,POSITIVE_LENGTH_MEASURE(2.E-2),#5);
#609=PRESENTATION_STYLE_ASSIGNMENT((#608));
#610=STYLED_ITEM('',(#609),#607);
#611=CARTESIAN_POINT('',(0.E0,-2.025256353956E-3,0.E0));
#612=DIRECTION('',(0.E0,0.E0,1.E0));
#613=DIRECTION('',(7.869064838082E-1,-6.170722694634E-1,0.E0));
#614=AXIS2_PLACEMENT_3D('',#611,#612,#613);
#616=CURVE_STYLE('',#34,POSITIVE_LENGTH_MEASURE(2.E-2),#5);
#617=PRESENTATION_STYLE_ASSIGNMENT((#616));
#618=STYLED_ITEM('',(#617),#615);
#619=CARTESIAN_POINT('',(6.832546071219E0,-2.004875487588E0,0.E0));
#620=DIRECTION('',(0.E0,0.E0,1.E0));
#621=DIRECTION('',(-4.989459522548E-1,-8.666331038730E-1,0.E0));
#622=AXIS2_PLACEMENT_3D('',#619,#620,#621);
#624=CURVE_STYLE('',#34,POSITIVE_LENGTH_MEASURE(2.E-2),#5);
#625=PRESENTATION_STYLE_ASSIGNMENT((#624));
#626=STYLED_ITEM('',(#625),#623);
#627=DIRECTION('',(5.E-1,8.660254037844E-1,0.E0));
#628=VECTOR('',#627,3.6E-1);
#629=CARTESIAN_POINT('',(6.836449306824E0,-4.154871944504E0,0.E0));
#630=LINE('',#629,#628);
#631=CURVE_STYLE('',#34,POSITIVE_LENGTH_MEASURE(2.E-2),#5);
#632=PRESENTATION_STYLE_ASSIGNMENT((#631));
#633=STYLED_ITEM('',(#632),#630);
#634=CARTESIAN_POINT('',(5.152546139286E0,-4.914720726409E0,0.E0));
#635=DIRECTION('',(0.E0,0.E0,1.E0));
#636=DIRECTION('',(8.669317058317E-1,4.984269429152E-1,0.E0));
#637=AXIS2_PLACEMENT_3D('',#634,#635,#636);
#639=CURVE_STYLE('',#34,POSITIVE_LENGTH_MEASURE(2.E-2),#5);
#640=PRESENTATION_STYLE_ASSIGNMENT((#639));
#641=STYLED_ITEM('',(#640),#638);
#642=CARTESIAN_POINT('',(0.E0,-2.025256353956E-3,0.E0));
#643=DIRECTION('',(0.E0,0.E0,1.E0));
#644=DIRECTION('',(8.980230754977E-1,-4.399483559164E-1,0.E0));
#645=AXIS2_PLACEMENT_3D('',#642,#643,#644);
#647=CURVE_STYLE('',#34,POSITIVE_LENGTH_MEASURE(2.E-2),#5);
#648=PRESENTATION_STYLE_ASSIGNMENT((#647));
#649=STYLED_ITEM('',(#648),#646);
#650=CARTESIAN_POINT('',(7.100075598970E0,-5.404979416967E-1,0.E0));
#651=DIRECTION('',(0.E0,0.E0,1.E0));
#652=DIRECTION('',(-3.080256500815E-1,-9.513780525595E-1,0.E0));
#653=AXIS2_PLACEMENT_3D('',#650,#651,#652);
#655=CURVE_STYLE('',#34,POSITIVE_LENGTH_MEASURE(2.E-2),#5);
#656=PRESENTATION_STYLE_ASSIGNMENT((#655));
#657=STYLED_ITEM('',(#656),#654);
#658=DIRECTION('',(3.090169943749E-1,9.510565162952E-1,0.E0));
#659=VECTOR('',#658,3.6E-1);
#660=CARTESIAN_POINT('',(7.550902938121E0,-2.642700289301E0,0.E0));
#661=LINE('',#660,#659);
#662=CURVE_STYLE('',#34,POSITIVE_LENGTH_MEASURE(2.E-2),#5);
#663=PRESENTATION_STYLE_ASSIGNMENT((#662));
#664=STYLED_ITEM('',(#663),#661);
#665=CARTESIAN_POINT('',(6.061778539937E0,-3.736047706979E0,0.E0));
#666=DIRECTION('',(0.E0,0.E0,1.E0));
#667=DIRECTION('',(7.443583796087E-1,6.677803551366E-1,0.E0));
#668=AXIS2_PLACEMENT_3D('',#665,#666,#667);
#670=CURVE_STYLE('',#34,POSITIVE_LENGTH_MEASURE(2.E-2),#5);
#671=PRESENTATION_STYLE_ASSIGNMENT((#670));
#672=STYLED_ITEM('',(#671),#669);
#673=CARTESIAN_POINT('',(0.E0,-2.025256353956E-3,0.E0));
#674=DIRECTION('',(0.E0,0.E0,1.E0));
#675=DIRECTION('',(9.698755991326E-1,-2.436007434455E-1,0.E0));
#676=AXIS2_PLACEMENT_3D('',#673,#674,#675);
#678=CURVE_STYLE('',#34,POSITIVE_LENGTH_MEASURE(2.E-2),#5);
#679=PRESENTATION_STYLE_ASSIGNMENT((#678));
#680=STYLED_ITEM('',(#679),#677);
#681=CARTESIAN_POINT('',(7.057297753103E0,9.475019578436E-1,0.E0));
#682=DIRECTION('',(0.E0,0.E0,1.E0));
#683=DIRECTION('',(-1.036807772728E-1,-9.946106255335E-1,0.E0));
#684=AXIS2_PLACEMENT_3D('',#681,#682,#683);
#686=CURVE_STYLE('',#34,POSITIVE_LENGTH_MEASURE(2.E-2),#5);
#687=PRESENTATION_STYLE_ASSIGNMENT((#686));
#688=STYLED_ITEM('',(#687),#685);
#689=DIRECTION('',(1.045284632677E-1,9.945218953683E-1,0.E0));
#690=VECTOR('',#689,3.6E-1);
#691=CARTESIAN_POINT('',(7.935345877770E0,-1.015029950373E0,0.E0));
#692=LINE('',#691,#690);
#693=CURVE_STYLE('',#34,POSITIVE_LENGTH_MEASURE(2.E-2),#5);
#694=PRESENTATION_STYLE_ASSIGNMENT((#693));
#695=STYLED_ITEM('',(#694),#692);
#696=CARTESIAN_POINT('',(6.706082130753E0,-2.394091475207E0,0.E0));
#697=DIRECTION('',(0.E0,0.E0,1.E0));
#698=DIRECTION('',(5.892530203690E-1,8.079485614728E-1,0.E0));
#699=AXIS2_PLACEMENT_3D('',#696,#697,#698);
#701=CURVE_STYLE('',#34,POSITIVE_LENGTH_MEASURE(2.E-2),#5);
#702=PRESENTATION_STYLE_ASSIGNMENT((#701));
#703=STYLED_ITEM('',(#702),#700);
#704=CARTESIAN_POINT('',(6.706082130753E0,2.394091475207E0,0.E0));
#705=DIRECTION('',(0.E0,0.E0,1.E0));
#706=DIRECTION('',(1.051834613463E-1,-9.944528342054E-1,0.E0));
#707=AXIS2_PLACEMENT_3D('',#704,#705,#706);
#709=CURVE_STYLE('',#34,POSITIVE_LENGTH_MEASURE(2.E-2),#5);
#710=PRESENTATION_STYLE_ASSIGNMENT((#709));
#711=STYLED_ITEM('',(#710),#708);
#712=DIRECTION('',(-1.045284632677E-1,9.945218953683E-1,0.E0));
#713=VECTOR('',#712,3.6E-1);
#714=CARTESIAN_POINT('',(7.972976124547E0,6.570020680405E-1,0.E0));
#715=LINE('',#714,#713);
#716=CURVE_STYLE('',#34,POSITIVE_LENGTH_MEASURE(2.E-2),#5);
#717=PRESENTATION_STYLE_ASSIGNMENT((#716));
#718=STYLED_ITEM('',(#717),#715);
#719=CARTESIAN_POINT('',(7.057297753103E0,-9.475019578434E-1,0.E0));
#720=DIRECTION('',(0.E0,0.E0,1.E0));
#721=DIRECTION('',(4.083944765895E-1,9.128055387053E-1,0.E0));
#722=AXIS2_PLACEMENT_3D('',#719,#720,#721);
#724=CURVE_STYLE('',#34,POSITIVE_LENGTH_MEASURE(2.E-2),#5);
#725=PRESENTATION_STYLE_ASSIGNMENT((#724));
#726=STYLED_ITEM('',(#725),#723);
#727=CARTESIAN_POINT('',(0.E0,-2.025256353956E-3,0.E0));
#728=DIRECTION('',(0.E0,0.E0,1.E0));
#729=DIRECTION('',(9.851031775568E-1,1.719643264389E-1,0.E0));
#730=AXIS2_PLACEMENT_3D('',#727,#728,#729);
#732=CURVE_STYLE('',#34,POSITIVE_LENGTH_MEASURE(2.E-2),#5);
#733=PRESENTATION_STYLE_ASSIGNMENT((#732));
#734=STYLED_ITEM('',(#733),#731);
#735=CARTESIAN_POINT('',(6.061778539937E0,3.736047706979E0,0.E0));
#736=DIRECTION('',(0.E0,0.E0,1.E0));
#737=DIRECTION('',(3.094570216136E-1,-9.509134302207E-1,0.E0));
#738=AXIS2_PLACEMENT_3D('',#735,#736,#737);
#740=CURVE_STYLE('',#34,POSITIVE_LENGTH_MEASURE(2.E-2),#5);
#741=PRESENTATION_STYLE_ASSIGNMENT((#740));
#742=STYLED_ITEM('',(#741),#739);
#743=DIRECTION('',(-3.090169943749E-1,9.510565162952E-1,0.E0));
#744=VECTOR('',#743,3.6E-1);
#745=CARTESIAN_POINT('',(7.662149056096E0,2.300319943435E0,0.E0));
#746=LINE('',#745,#744);
#747=CURVE_STYLE('',#34,POSITIVE_LENGTH_MEASURE(2.E-2),#5);
#748=PRESENTATION_STYLE_ASSIGNMENT((#747));
#749=STYLED_ITEM('',(#748),#746);
#750=CARTESIAN_POINT('',(7.100075598970E0,5.404979416969E-1,0.E0));
#751=DIRECTION('',(0.E0,0.E0,1.E0));
#752=DIRECTION('',(2.096871344889E-1,9.777685337695E-1,0.E0));
#753=AXIS2_PLACEMENT_3D('',#750,#751,#752);
#755=CURVE_STYLE('',#34,POSITIVE_LENGTH_MEASURE(2.E-2),#5);
#756=PRESENTATION_STYLE_ASSIGNMENT((#755));
#757=STYLED_ITEM('',(#756),#754);
#758=CARTESIAN_POINT('',(0.E0,-2.025256353956E-3,0.E0));
#759=DIRECTION('',(0.E0,0.E0,1.E0));
#760=DIRECTION('',(9.278284026205E-1,3.730073126504E-1,0.E0));
#761=AXIS2_PLACEMENT_3D('',#758,#759,#760);
#763=CURVE_STYLE('',#34,POSITIVE_LENGTH_MEASURE(2.E-2),#5);
#764=PRESENTATION_STYLE_ASSIGNMENT((#763));
#765=STYLED_ITEM('',(#764),#762);
#766=CARTESIAN_POINT('',(5.152546139286E0,4.914720726410E0,0.E0));
#767=DIRECTION('',(0.E0,0.E0,1.E0));
#768=DIRECTION('',(5.002395819840E-1,-8.658870368683E-1,0.E0));
#769=AXIS2_PLACEMENT_3D('',#766,#767,#768);
#771=CURVE_STYLE('',#34,POSITIVE_LENGTH_MEASURE(2.E-2),#5);
#772=PRESENTATION_STYLE_ASSIGNMENT((#771));
#773=STYLED_ITEM('',(#772),#770);
#774=DIRECTION('',(-5.E-1,8.660254037844E-1,0.E0));
#775=VECTOR('',#774,3.6E-1);
#776=CARTESIAN_POINT('',(7.016449306824E0,3.843102799142E0,0.E0));
#777=LINE('',#776,#775);
#778=CURVE_STYLE('',#34,POSITIVE_LENGTH_MEASURE(2.E-2),#5);
#779=PRESENTATION_STYLE_ASSIGNMENT((#778));
#780=STYLED_ITEM('',(#779),#777);
#781=CARTESIAN_POINT('',(6.832546071219E0,2.004875487588E0,0.E0));
#782=DIRECTION('',(0.E0,0.E0,1.E0));
#783=DIRECTION('',(1.815458420685E-3,9.999983520540E-1,0.E0));
#784=AXIS2_PLACEMENT_3D('',#781,#782,#783);
#786=CURVE_STYLE('',#34,POSITIVE_LENGTH_MEASURE(2.E-2),#5);
#787=PRESENTATION_STYLE_ASSIGNMENT((#786));
#788=STYLED_ITEM('',(#787),#785);
#789=CARTESIAN_POINT('',(0.E0,-2.025256353956E-3,0.E0));
#790=DIRECTION('',(0.E0,0.E0,1.E0));
#791=DIRECTION('',(8.300154460086E-1,5.577404050158E-1,0.E0));
#792=AXIS2_PLACEMENT_3D('',#789,#790,#791);
#794=CURVE_STYLE('',#34,POSITIVE_LENGTH_MEASURE(2.E-2),#5);
#795=PRESENTATION_STYLE_ASSIGNMENT((#794));
#796=STYLED_ITEM('',(#795),#793);
#797=CARTESIAN_POINT('',(4.018122747688E0,5.878596866650E0,0.E0));
#798=DIRECTION('',(0.E0,0.E0,1.E0));
#799=DIRECTION('',(6.692115119005E-1,-7.430719698251E-1,0.E0));
#800=AXIS2_PLACEMENT_3D('',#797,#798,#799);
#802=CURVE_STYLE('',#34,POSITIVE_LENGTH_MEASURE(2.E-2),#5);
#803=PRESENTATION_STYLE_ASSIGNMENT((#802));
#804=STYLED_ITEM('',(#803),#801);
#805=DIRECTION('',(-6.691306063589E-1,7.431448254774E-1,0.E0));
#806=VECTOR('',#805,3.6E-1);
#807=CARTESIAN_POINT('',(6.064097054184E0,5.217923621273E0,0.E0));
#808=LINE('',#807,#806);
#809=CURVE_STYLE('',#34,POSITIVE_LENGTH_MEASURE(2.E-2),#5);
#810=PRESENTATION_STYLE_ASSIGNMENT((#809));
#811=STYLED_ITEM('',(#810),#808);
#812=CARTESIAN_POINT('',(6.266401493963E0,3.381630354212E0,0.E0));
#813=DIRECTION('',(0.E0,0.E0,1.E0));
#814=DIRECTION('',(-2.061355618921E-1,9.785234438292E-1,0.E0));
#815=AXIS2_PLACEMENT_3D('',#812,#813,#814);
#817=CURVE_STYLE('',#34,POSITIVE_LENGTH_MEASURE(2.E-2),#5);
#818=PRESENTATION_STYLE_ASSIGNMENT((#817));
#819=STYLED_ITEM('',(#818),#816);
#820=CARTESIAN_POINT('',(0.E0,-2.025256353956E-3,0.E0));
#821=DIRECTION('',(0.E0,0.E0,1.E0));
#822=DIRECTION('',(6.959438339341E-1,7.180962191859E-1,0.E0));
#823=AXIS2_PLACEMENT_3D('',#820,#821,#822);
#825=CURVE_STYLE('',#34,POSITIVE_LENGTH_MEASURE(2.E-2),#5);
#826=PRESENTATION_STYLE_ASSIGNMENT((#825));
#827=STYLED_ITEM('',(#826),#824);
#828=CARTESIAN_POINT('',(2.708088110923E0,6.585550115180E0,0.E0));
#829=DIRECTION('',(0.E0,0.E0,1.E0));
#830=DIRECTION('',(8.089973923919E-1,-5.878122311616E-1,0.E0));
#831=AXIS2_PLACEMENT_3D('',#828,#829,#830);
#833=CURVE_STYLE('',#34,POSITIVE_LENGTH_MEASURE(2.E-2),#5);
#834=PRESENTATION_STYLE_ASSIGNMENT((#833));
#835=STYLED_ITEM('',(#834),#832);
#836=DIRECTION('',(-8.090169943749E-1,5.877852522925E-1,0.E0));
#837=VECTOR('',#836,3.6E-1);
#838=CARTESIAN_POINT('',(4.846714661510E0,6.364696142779E0,0.E0));
#839=LINE('',#838,#837);
#840=CURVE_STYLE('',#34,POSITIVE_LENGTH_MEASURE(2.E-2),#5);
#841=PRESENTATION_STYLE_ASSIGNMENT((#840));
#842=STYLED_ITEM('',(#841),#839);
#843=CARTESIAN_POINT('',(5.426385101890E0,4.610591747494E0,0.E0));
#844=DIRECTION('',(0.E0,0.E0,1.E0));
#845=DIRECTION('',(-4.050774690020E-1,9.142823656327E-1,0.E0));
#846=AXIS2_PLACEMENT_3D('',#843,#844,#845);
#848=CURVE_STYLE('',#34,POSITIVE_LENGTH_MEASURE(2.E-2),#5);
#849=PRESENTATION_STYLE_ASSIGNMENT((#848));
#850=STYLED_ITEM('',(#849),#847);
#851=CARTESIAN_POINT('',(0.E0,-2.025256353956E-3,0.E0));
#852=DIRECTION('',(0.E0,0.E0,1.E0));
#853=DIRECTION('',(5.314747911322E-1,8.470741091492E-1,0.E0));
#854=AXIS2_PLACEMENT_3D('',#851,#852,#853);
#856=CURVE_STYLE('',#34,POSITIVE_LENGTH_MEASURE(2.E-2),#5);
#857=PRESENTATION_STYLE_ASSIGNMENT((#856));
#858=STYLED_ITEM('',(#857),#855);
#859=CARTESIAN_POINT('',(1.279697028863E0,7.004683222701E0,0.E0));
#860=DIRECTION('',(0.E0,0.E0,1.E0));
#861=DIRECTION('',(9.134869645107E-1,-4.068679953856E-1,0.E0));
#862=AXIS2_PLACEMENT_3D('',#859,#860,#861);
#864=CURVE_STYLE('',#34,POSITIVE_LENGTH_MEASURE(2.E-2),#5);
#865=PRESENTATION_STYLE_ASSIGNMENT((#864));
#866=STYLED_ITEM('',(#865),#863);
#867=DIRECTION('',(-9.135454576426E-1,4.067366430758E-1,0.E0));
#868=VECTOR('',#867,3.6E-1);
#869=CARTESIAN_POINT('',(3.417507581011E0,7.233300901644E0,0.E0));
#870=LINE('',#869,#868);
#871=CURVE_STYLE('',#34,POSITIVE_LENGTH_MEASURE(2.E-2),#5);
#872=PRESENTATION_STYLE_ASSIGNMENT((#871));
#873=STYLED_ITEM('',(#872),#870);
#874=CARTESIAN_POINT('',(4.349209642179E0,5.638048157336E0,0.E0));
#875=DIRECTION('',(0.E0,0.E0,1.E0));
#876=DIRECTION('',(-5.863155469392E-1,8.100827608445E-1,0.E0));
#877=AXIS2_PLACEMENT_3D('',#874,#875,#876);
#879=CURVE_STYLE('',#34,POSITIVE_LENGTH_MEASURE(2.E-2),#5);
#880=PRESENTATION_STYLE_ASSIGNMENT((#879));
#881=STYLED_ITEM('',(#880),#878);
#882=CARTESIAN_POINT('',(0.E0,-2.025256353956E-3,0.E0));
#883=DIRECTION('',(0.E0,0.E0,1.E0));
#884=DIRECTION('',(3.437963959627E-1,9.390442152120E-1,0.E0));
#885=AXIS2_PLACEMENT_3D('',#882,#883,#884);
#887=CURVE_STYLE('',#34,POSITIVE_LENGTH_MEASURE(2.E-2),#5);
#888=PRESENTATION_STYLE_ASSIGNMENT((#887));
#889=STYLED_ITEM('',(#888),#886);
#890=CARTESIAN_POINT('',(-2.046229540256E-1,7.117678061191E0,0.E0));
#891=DIRECTION('',(0.E0,0.E0,1.E0));
#892=DIRECTION('',(9.781043004450E-1,-2.081152984549E-1,0.E0));
#893=AXIS2_PLACEMENT_3D('',#890,#891,#892);
#895=CURVE_STYLE('',#34,POSITIVE_LENGTH_MEASURE(2.E-2),#5);
#896=PRESENTATION_STYLE_ASSIGNMENT((#895));
#897=STYLED_ITEM('',(#896),#894);
#898=DIRECTION('',(-9.781476007338E-1,2.079116908178E-1,0.E0));
#899=VECTOR('',#898,3.6E-1);
#900=CARTESIAN_POINT('',(1.838939020201E0,7.785775701880E0,0.E0));
#901=LINE('',#900,#899);
#902=CURVE_STYLE('',#34,POSITIVE_LENGTH_MEASURE(2.E-2),#5);
#903=PRESENTATION_STYLE_ASSIGNMENT((#902));
#904=STYLED_ITEM('',(#903),#901);
#905=CARTESIAN_POINT('',(3.081952851282E0,6.419094808346E0,0.E0));
#906=DIRECTION('',(0.E0,0.E0,1.E0));
#907=DIRECTION('',(-7.419288220210E-1,6.704786521990E-1,0.E0));
#908=AXIS2_PLACEMENT_3D('',#905,#906,#907);
#910=CURVE_STYLE('',#34,POSITIVE_LENGTH_MEASURE(2.E-2),#5);
#911=PRESENTATION_STYLE_ASSIGNMENT((#910));
#912=STYLED_ITEM('',(#911),#909);
#913=CARTESIAN_POINT('',(0.E0,-2.025256353956E-3,0.E0));
#914=DIRECTION('',(0.E0,0.E0,1.E0));
#915=DIRECTION('',(1.411019831665E-1,9.899950658193E-1,0.E0));
#916=AXIS2_PLACEMENT_3D('',#913,#914,#915);
#918=CURVE_STYLE('',#34,POSITIVE_LENGTH_MEASURE(2.E-2),#5);
#919=PRESENTATION_STYLE_ASSIGNMENT((#918));
#920=STYLED_ITEM('',(#919),#917);
#921=CARTESIAN_POINT('',(-1.679999931934E0,6.919596213998E0,0.E0));
#922=DIRECTION('',(0.E0,0.E0,1.E0));
#923=DIRECTION('',(9.999999683412E-1,-2.516297336438E-4,0.E0));
#924=AXIS2_PLACEMENT_3D('',#921,#922,#923);
#926=CURVE_STYLE('',#34,POSITIVE_LENGTH_MEASURE(2.E-2),#5);
#927=PRESENTATION_STYLE_ASSIGNMENT((#926));
#928=STYLED_ITEM('',(#927),#925);
#929=DIRECTION('',(-1.E0,0.E0,0.E0));
#930=VECTOR('',#929,3.6E-1);
#931=CARTESIAN_POINT('',(1.8E-1,7.997974743646E0,0.E0));
#932=LINE('',#931,#930);
#933=CURVE_STYLE('',#34,POSITIVE_LENGTH_MEASURE(2.E-2),#5);
#934=PRESENTATION_STYLE_ASSIGNMENT((#933));
#935=STYLED_ITEM('',(#934),#932);
#936=CARTESIAN_POINT('',(1.679999931934E0,6.919596213998E0,0.E0));
#937=DIRECTION('',(0.E0,0.E0,1.E0));
#938=DIRECTION('',(-8.651162474110E-1,5.015714091388E-1,0.E0));
#939=AXIS2_PLACEMENT_3D('',#936,#937,#938);
#941=CURVE_STYLE('',#34,POSITIVE_LENGTH_MEASURE(2.E-2),#5);
#942=PRESENTATION_STYLE_ASSIGNMENT((#941));
#943=STYLED_ITEM('',(#942),#940);
#944=CARTESIAN_POINT('',(0.E0,0.E0,0.E0));
#945=DIRECTION('',(0.E0,0.E0,1.E0));
#946=DIRECTION('',(1.E0,0.E0,0.E0));
#947=AXIS2_PLACEMENT_3D('',#944,#945,#946);
#949=CURVE_STYLE('',#34,POSITIVE_LENGTH_MEASURE(2.E-2),#5);
#950=PRESENTATION_STYLE_ASSIGNMENT((#949));
#951=STYLED_ITEM('',(#950),#948);
#952=CARTESIAN_POINT('',(0.E0,0.E0,0.E0));
#953=DIRECTION('',(0.E0,0.E0,1.E0));
#954=DIRECTION('',(-1.E0,0.E0,0.E0));
#955=AXIS2_PLACEMENT_3D('',#952,#953,#954);
#957=CURVE_STYLE('',#34,POSITIVE_LENGTH_MEASURE(2.E-2),#5);
#958=PRESENTATION_STYLE_ASSIGNMENT((#957));
#959=STYLED_ITEM('',(#958),#956);
#960=CARTESIAN_POINT('',(0.E0,-2.025256353956E-3,0.E0));
#961=DIRECTION('',(0.E0,0.E0,-1.E0));
#962=DIRECTION('',(9.993074560464E-1,3.721032504779E-2,0.E0));
#963=AXIS2_PLACEMENT_3D('',#960,#961,#962);
#965=CURVE_STYLE('',#34,POSITIVE_LENGTH_MEASURE(2.E-2),#5);
#966=PRESENTATION_STYLE_ASSIGNMENT((#965));
#967=STYLED_ITEM('',(#966),#964);
#968=CARTESIAN_POINT('',(0.E0,-2.025256353956E-3,5.E0));
#969=DIRECTION('',(0.E0,0.E0,1.E0));
#970=DIRECTION('',(9.993289089194E-1,-3.662965735645E-2,0.E0));
#971=AXIS2_PLACEMENT_3D('',#968,#969,#970);
#973=CURVE_STYLE('',#34,POSITIVE_LENGTH_MEASURE(2.E-2),#5);
#974=PRESENTATION_STYLE_ASSIGNMENT((#973));
#975=STYLED_ITEM('',(#974),#972);
#976=CARTESIAN_POINT('',(0.E0,-2.025256353956E-3,5.E0));
#977=DIRECTION('',(0.E0,0.E0,1.E0));
#978=DIRECTION('',(-9.993074560464E-1,3.721032504779E-2,0.E0));
#979=AXIS2_PLACEMENT_3D('',#976,#977,#978);
#981=CURVE_STYLE('',#34,POSITIVE_LENGTH_MEASURE(2.E-2),#5);
#982=PRESENTATION_STYLE_ASSIGNMENT((#981));
#983=STYLED_ITEM('',(#982),#980);
#984=CARTESIAN_POINT('',(0.E0,-2.025256353956E-3,0.E0));
#985=DIRECTION('',(0.E0,0.E0,-1.E0));
#986=DIRECTION('',(-9.993289089194E-1,-3.662965735645E-2,0.E0));
#987=AXIS2_PLACEMENT_3D('',#984,#985,#986);
#989=CURVE_STYLE('',#34,POSITIVE_LENGTH_MEASURE(2.E-2),#5);
#990=PRESENTATION_STYLE_ASSIGNMENT((#989));
#991=STYLED_ITEM('',(#990),#988);
#992=DIRECTION('',(0.E0,0.E0,1.E0));
#993=VECTOR('',#992,5.E0);
#994=CARTESIAN_POINT('',(6.728047011871E0,-1.691888632125E0,0.E0));
#995=LINE('',#994,#993);
#996=CURVE_STYLE('',#34,POSITIVE_LENGTH_MEASURE(2.E-2),#5);
#997=PRESENTATION_STYLE_ASSIGNMENT((#996));
#998=STYLED_ITEM('',(#997),#995);
#999=DIRECTION('',(0.E0,0.E0,1.E0));
#1000=VECTOR('',#999,5.E0);
#1001=CARTESIAN_POINT('',(7.662149056096E0,-2.300319943435E0,0.E0));
#1002=LINE('',#1001,#1000);
#1003=CURVE_STYLE('',#34,POSITIVE_LENGTH_MEASURE(2.E-2),#5);
#1004=PRESENTATION_STYLE_ASSIGNMENT((#1003));
#1005=STYLED_ITEM('',(#1004),#1002);
#1006=DIRECTION('',(0.E0,0.E0,1.E0));
#1007=VECTOR('',#1006,5.E0);
#1008=CARTESIAN_POINT('',(7.550902938121E0,-2.642700289301E0,0.E0));
#1009=LINE('',#1008,#1007);
#1010=CURVE_STYLE('',#34,POSITIVE_LENGTH_MEASURE(2.E-2),#5);
#1011=PRESENTATION_STYLE_ASSIGNMENT((#1010));
#1012=STYLED_ITEM('',(#1011),#1009);
#1013=DIRECTION('',(0.E0,0.E0,1.E0));
#1014=VECTOR('',#1013,5.E0);
#1015=CARTESIAN_POINT('',(6.437820451295E0,-2.585960754700E0,0.E0));
#1016=LINE('',#1015,#1014);
#1017=CURVE_STYLE('',#34,POSITIVE_LENGTH_MEASURE(2.E-2),#5);
#1018=PRESENTATION_STYLE_ASSIGNMENT((#1017));
#1019=STYLED_ITEM('',(#1018),#1016);
#1020=CARTESIAN_POINT('',(0.E0,-2.025256353956E-3,5.E0));
#1021=DIRECTION('',(0.E0,0.E0,1.E0));
#1022=DIRECTION('',(-2.736467869230E-1,9.618302532187E-1,0.E0));
#1023=AXIS2_PLACEMENT_3D('',#1020,#1021,#1022);
#1025=CURVE_STYLE('',#34,POSITIVE_LENGTH_MEASURE(2.E-2),#5);
#1026=PRESENTATION_STYLE_ASSIGNMENT((#1025));
#1027=STYLED_ITEM('',(#1026),#1024);
#1028=CARTESIAN_POINT('',(2.046229540255E-1,7.117678061190E0,5.E0));
#1029=DIRECTION('',(0.E0,0.E0,1.E0));
#1030=DIRECTION('',(-9.504939415008E-1,3.107430886927E-1,0.E0));
#1031=AXIS2_PLACEMENT_3D('',#1028,#1029,#1030);
#1033=CURVE_STYLE('',#34,POSITIVE_LENGTH_MEASURE(2.E-2),#5);
#1034=PRESENTATION_STYLE_ASSIGNMENT((#1033));
#1035=STYLED_ITEM('',(#1034),#1032);
#1036=DIRECTION('',(-9.781476007338E-1,-2.079116908178E-1,0.E0));
#1037=VECTOR('',#1036,3.6E-1);
#1038=CARTESIAN_POINT('',(-1.486805883937E0,7.860623910574E0,5.E0));
#1039=LINE('',#1038,#1037);
#1040=CURVE_STYLE('',#34,POSITIVE_LENGTH_MEASURE(2.E-2),#5);
#1041=PRESENTATION_STYLE_ASSIGNMENT((#1040));
#1042=STYLED_ITEM('',(#1041),#1039);
#1043=CARTESIAN_POINT('',(-3.081952851282E0,6.419094808346E0,5.E0));
#1044=DIRECTION('',(0.E0,0.E0,1.E0));
#1045=DIRECTION('',(9.781979506793E-1,2.076746717508E-1,0.E0));
#1046=AXIS2_PLACEMENT_3D('',#1043,#1044,#1045);
#1048=CURVE_STYLE('',#34,POSITIVE_LENGTH_MEASURE(2.E-2),#5);
#1049=PRESENTATION_STYLE_ASSIGNMENT((#1048));
#1050=STYLED_ITEM('',(#1049),#1047);
#1051=CARTESIAN_POINT('',(0.E0,-2.025256353956E-3,5.E0));
#1052=DIRECTION('',(0.E0,0.E0,1.E0));
#1053=DIRECTION('',(-6.775242961115E-2,9.977021641160E-1,0.E0));
#1054=AXIS2_PLACEMENT_3D('',#1051,#1052,#1053);
#1056=CURVE_STYLE('',#34,POSITIVE_LENGTH_MEASURE(2.E-2),#5);
#1057=PRESENTATION_STYLE_ASSIGNMENT((#1056));
#1058=STYLED_ITEM('',(#1057),#1055);
#1059=CARTESIAN_POINT('',(1.679999931934E0,6.919596213998E0,5.E0));
#1060=DIRECTION('',(0.E0,0.E0,1.E0));
#1061=DIRECTION('',(-8.651162474110E-1,5.015714091388E-1,0.E0));
#1062=AXIS2_PLACEMENT_3D('',#1059,#1060,#1061);
#1064=CURVE_STYLE('',#34,POSITIVE_LENGTH_MEASURE(2.E-2),#5);
#1065=PRESENTATION_STYLE_ASSIGNMENT((#1064));
#1066=STYLED_ITEM('',(#1065),#1063);
#1067=DIRECTION('',(-1.E0,0.E0,0.E0));
#1068=VECTOR('',#1067,3.6E-1);
#1069=CARTESIAN_POINT('',(1.8E-1,7.997974743646E0,5.E0));
#1070=LINE('',#1069,#1068);
#1071=CURVE_STYLE('',#34,POSITIVE_LENGTH_MEASURE(2.E-2),#5);
#1072=PRESENTATION_STYLE_ASSIGNMENT((#1071));
#1073=STYLED_ITEM('',(#1072),#1070);
#1074=CARTESIAN_POINT('',(-1.679999931934E0,6.919596213998E0,5.E0));
#1075=DIRECTION('',(0.E0,0.E0,1.E0));
#1076=DIRECTION('',(9.999999683412E-1,-2.516297336438E-4,0.E0));
#1077=AXIS2_PLACEMENT_3D('',#1074,#1075,#1076);
#1079=CURVE_STYLE('',#34,POSITIVE_LENGTH_MEASURE(2.E-2),#5);
#1080=PRESENTATION_STYLE_ASSIGNMENT((#1079));
#1081=STYLED_ITEM('',(#1080),#1078);
#1082=CARTESIAN_POINT('',(0.E0,-2.025256353956E-3,5.E0));
#1083=DIRECTION('',(0.E0,0.E0,1.E0));
#1084=DIRECTION('',(1.411019831665E-1,9.899950658193E-1,0.E0));
#1085=AXIS2_PLACEMENT_3D('',#1082,#1083,#1084);
#1087=CURVE_STYLE('',#34,POSITIVE_LENGTH_MEASURE(2.E-2),#5);
#1088=PRESENTATION_STYLE_ASSIGNMENT((#1087));
#1089=STYLED_ITEM('',(#1088),#1086);
#1090=CARTESIAN_POINT('',(3.081952851282E0,6.419094808346E0,5.E0));
#1091=DIRECTION('',(0.E0,0.E0,1.E0));
#1092=DIRECTION('',(-7.419288220210E-1,6.704786521990E-1,0.E0));
#1093=AXIS2_PLACEMENT_3D('',#1090,#1091,#1092);
#1095=CURVE_STYLE('',#34,POSITIVE_LENGTH_MEASURE(2.E-2),#5);
#1096=PRESENTATION_STYLE_ASSIGNMENT((#1095));
#1097=STYLED_ITEM('',(#1096),#1094);
#1098=DIRECTION('',(-9.781476007338E-1,2.079116908178E-1,0.E0));
#1099=VECTOR('',#1098,3.6E-1);
#1100=CARTESIAN_POINT('',(1.838939020201E0,7.785775701880E0,5.E0));
#1101=LINE('',#1100,#1099);
#1102=CURVE_STYLE('',#34,POSITIVE_LENGTH_MEASURE(2.E-2),#5);
#1103=PRESENTATION_STYLE_ASSIGNMENT((#1102));
#1104=STYLED_ITEM('',(#1103),#1101);
#1105=CARTESIAN_POINT('',(-2.046229540256E-1,7.117678061191E0,5.E0));
#1106=DIRECTION('',(0.E0,0.E0,1.E0));
#1107=DIRECTION('',(9.781043004450E-1,-2.081152984549E-1,0.E0));
#1108=AXIS2_PLACEMENT_3D('',#1105,#1106,#1107);
#1110=CURVE_STYLE('',#34,POSITIVE_LENGTH_MEASURE(2.E-2),#5);
#1111=PRESENTATION_STYLE_ASSIGNMENT((#1110));
#1112=STYLED_ITEM('',(#1111),#1109);
#1113=CARTESIAN_POINT('',(0.E0,-2.025256353956E-3,5.E0));
#1114=DIRECTION('',(0.E0,0.E0,1.E0));
#1115=DIRECTION('',(3.437963959627E-1,9.390442152120E-1,0.E0));
#1116=AXIS2_PLACEMENT_3D('',#1113,#1114,#1115);
#1118=CURVE_STYLE('',#34,POSITIVE_LENGTH_MEASURE(2.E-2),#5);
#1119=PRESENTATION_STYLE_ASSIGNMENT((#1118));
#1120=STYLED_ITEM('',(#1119),#1117);
#1121=CARTESIAN_POINT('',(4.349209642179E0,5.638048157336E0,5.E0));
#1122=DIRECTION('',(0.E0,0.E0,1.E0));
#1123=DIRECTION('',(-5.863155469392E-1,8.100827608445E-1,0.E0));
#1124=AXIS2_PLACEMENT_3D('',#1121,#1122,#1123);
#1126=CURVE_STYLE('',#34,POSITIVE_LENGTH_MEASURE(2.E-2),#5);
#1127=PRESENTATION_STYLE_ASSIGNMENT((#1126));
#1128=STYLED_ITEM('',(#1127),#1125);
#1129=DIRECTION('',(-9.135454576426E-1,4.067366430758E-1,0.E0));
#1130=VECTOR('',#1129,3.6E-1);
#1131=CARTESIAN_POINT('',(3.417507581011E0,7.233300901644E0,5.E0));
#1132=LINE('',#1131,#1130);
#1133=CURVE_STYLE('',#34,POSITIVE_LENGTH_MEASURE(2.E-2),#5);
#1134=PRESENTATION_STYLE_ASSIGNMENT((#1133));
#1135=STYLED_ITEM('',(#1134),#1132);
#1136=CARTESIAN_POINT('',(1.279697028863E0,7.004683222701E0,5.E0));
#1137=DIRECTION('',(0.E0,0.E0,1.E0));
#1138=DIRECTION('',(9.134649410584E-1,-4.069174381335E-1,0.E0));
#1139=AXIS2_PLACEMENT_3D('',#1136,#1137,#1138);
#1141=CURVE_STYLE('',#34,POSITIVE_LENGTH_MEASURE(2.E-2),#5);
#1142=PRESENTATION_STYLE_ASSIGNMENT((#1141));
#1143=STYLED_ITEM('',(#1142),#1140);
#1144=CARTESIAN_POINT('',(0.E0,-2.025256353956E-3,5.E0));
#1145=DIRECTION('',(0.E0,0.E0,1.E0));
#1146=DIRECTION('',(5.314777145220E-1,8.470722749367E-1,0.E0));
#1147=AXIS2_PLACEMENT_3D('',#1144,#1145,#1146);
#1149=CURVE_STYLE('',#34,POSITIVE_LENGTH_MEASURE(2.E-2),#5);
#1150=PRESENTATION_STYLE_ASSIGNMENT((#1149));
#1151=STYLED_ITEM('',(#1150),#1148);
#1152=CARTESIAN_POINT('',(5.426385101890E0,4.610591747494E0,5.E0));
#1153=DIRECTION('',(0.E0,0.E0,1.E0));
#1154=DIRECTION('',(-4.050774690020E-1,9.142823656327E-1,0.E0));
#1155=AXIS2_PLACEMENT_3D('',#1152,#1153,#1154);
#1157=CURVE_STYLE('',#34,POSITIVE_LENGTH_MEASURE(2.E-2),#5);
#1158=PRESENTATION_STYLE_ASSIGNMENT((#1157));
#1159=STYLED_ITEM('',(#1158),#1156);
#1160=DIRECTION('',(-8.090169943749E-1,5.877852522925E-1,0.E0));
#1161=VECTOR('',#1160,3.6E-1);
#1162=CARTESIAN_POINT('',(4.846714661510E0,6.364696142779E0,5.E0));
#1163=LINE('',#1162,#1161);
#1164=CURVE_STYLE('',#34,POSITIVE_LENGTH_MEASURE(2.E-2),#5);
#1165=PRESENTATION_STYLE_ASSIGNMENT((#1164));
#1166=STYLED_ITEM('',(#1165),#1163);
#1167=CARTESIAN_POINT('',(2.708088110923E0,6.585550115180E0,5.E0));
#1168=DIRECTION('',(0.E0,0.E0,1.E0));
#1169=DIRECTION('',(8.089329893648E-1,-5.879008578981E-1,0.E0));
#1170=AXIS2_PLACEMENT_3D('',#1167,#1168,#1169);
#1172=CURVE_STYLE('',#34,POSITIVE_LENGTH_MEASURE(2.E-2),#5);
#1173=PRESENTATION_STYLE_ASSIGNMENT((#1172));
#1174=STYLED_ITEM('',(#1173),#1171);
#1175=CARTESIAN_POINT('',(0.E0,-2.025256353956E-3,5.E0));
#1176=DIRECTION('',(0.E0,0.E0,1.E0));
#1177=DIRECTION('',(6.959484370821E-1,7.180917580107E-1,0.E0));
#1178=AXIS2_PLACEMENT_3D('',#1175,#1176,#1177);
#1180=CURVE_STYLE('',#34,POSITIVE_LENGTH_MEASURE(2.E-2),#5);
#1181=PRESENTATION_STYLE_ASSIGNMENT((#1180));
#1182=STYLED_ITEM('',(#1181),#1179);
#1183=CARTESIAN_POINT('',(6.266401493963E0,3.381630354212E0,5.E0));
#1184=DIRECTION('',(0.E0,0.E0,1.E0));
#1185=DIRECTION('',(-2.061355618921E-1,9.785234438292E-1,0.E0));
#1186=AXIS2_PLACEMENT_3D('',#1183,#1184,#1185);
#1188=CURVE_STYLE('',#34,POSITIVE_LENGTH_MEASURE(2.E-2),#5);
#1189=PRESENTATION_STYLE_ASSIGNMENT((#1188));
#1190=STYLED_ITEM('',(#1189),#1187);
#1191=DIRECTION('',(-6.691306063589E-1,7.431448254774E-1,0.E0));
#1192=VECTOR('',#1191,3.6E-1);
#1193=CARTESIAN_POINT('',(6.064097054184E0,5.217923621273E0,5.E0));
#1194=LINE('',#1193,#1192);
#1195=CURVE_STYLE('',#34,POSITIVE_LENGTH_MEASURE(2.E-2),#5);
#1196=PRESENTATION_STYLE_ASSIGNMENT((#1195));
#1197=STYLED_ITEM('',(#1196),#1194);
#1198=CARTESIAN_POINT('',(4.018122747688E0,5.878596866650E0,5.E0));
#1199=DIRECTION('',(0.E0,0.E0,1.E0));
#1200=DIRECTION('',(6.690770507641E-1,-7.431930436574E-1,0.E0));
#1201=AXIS2_PLACEMENT_3D('',#1198,#1199,#1200);
#1203=CURVE_STYLE('',#34,POSITIVE_LENGTH_MEASURE(2.E-2),#5);
#1204=PRESENTATION_STYLE_ASSIGNMENT((#1203));
#1205=STYLED_ITEM('',(#1204),#1202);
#1206=CARTESIAN_POINT('',(0.E0,-2.025256353956E-3,5.E0));
#1207=DIRECTION('',(0.E0,0.E0,1.E0));
#1208=DIRECTION('',(8.300210751608E-1,5.577320277596E-1,0.E0));
#1209=AXIS2_PLACEMENT_3D('',#1206,#1207,#1208);
#1211=CURVE_STYLE('',#34,POSITIVE_LENGTH_MEASURE(2.E-2),#5);
#1212=PRESENTATION_STYLE_ASSIGNMENT((#1211));
#1213=STYLED_ITEM('',(#1212),#1210);
#1214=CARTESIAN_POINT('',(6.832546071219E0,2.004875487588E0,5.E0));
#1215=DIRECTION('',(0.E0,0.E0,1.E0));
#1216=DIRECTION('',(1.815458420685E-3,9.999983520540E-1,0.E0));
#1217=AXIS2_PLACEMENT_3D('',#1214,#1215,#1216);
#1219=CURVE_STYLE('',#34,POSITIVE_LENGTH_MEASURE(2.E-2),#5);
#1220=PRESENTATION_STYLE_ASSIGNMENT((#1219));
#1221=STYLED_ITEM('',(#1220),#1218);
#1222=DIRECTION('',(-5.E-1,8.660254037844E-1,0.E0));
#1223=VECTOR('',#1222,3.6E-1);
#1224=CARTESIAN_POINT('',(7.016449306824E0,3.843102799142E0,5.E0));
#1225=LINE('',#1224,#1223);
#1226=CURVE_STYLE('',#34,POSITIVE_LENGTH_MEASURE(2.E-2),#5);
#1227=PRESENTATION_STYLE_ASSIGNMENT((#1226));
#1228=STYLED_ITEM('',(#1227),#1225);
#1229=CARTESIAN_POINT('',(5.152546139286E0,4.914720726410E0,5.E0));
#1230=DIRECTION('',(0.E0,0.E0,1.E0));
#1231=DIRECTION('',(5.000099701767E-1,-8.660196474237E-1,0.E0));
#1232=AXIS2_PLACEMENT_3D('',#1229,#1230,#1231);
#1234=CURVE_STYLE('',#34,POSITIVE_LENGTH_MEASURE(2.E-2),#5);
#1235=PRESENTATION_STYLE_ASSIGNMENT((#1234));
#1236=STYLED_ITEM('',(#1235),#1233);
#1237=CARTESIAN_POINT('',(0.E0,-2.025256353956E-3,5.E0));
#1238=DIRECTION('',(0.E0,0.E0,1.E0));
#1239=DIRECTION('',(9.278337513057E-1,3.729940079117E-1,0.E0));
#1240=AXIS2_PLACEMENT_3D('',#1237,#1238,#1239);
#1242=CURVE_STYLE('',#34,POSITIVE_LENGTH_MEASURE(2.E-2),#5);
#1243=PRESENTATION_STYLE_ASSIGNMENT((#1242));
#1244=STYLED_ITEM('',(#1243),#1241);
#1245=CARTESIAN_POINT('',(7.100075598970E0,5.404979416969E-1,5.E0));
#1246=DIRECTION('',(0.E0,0.E0,1.E0));
#1247=DIRECTION('',(2.096871344889E-1,9.777685337695E-1,0.E0));
#1248=AXIS2_PLACEMENT_3D('',#1245,#1246,#1247);
#1250=CURVE_STYLE('',#34,POSITIVE_LENGTH_MEASURE(2.E-2),#5);
#1251=PRESENTATION_STYLE_ASSIGNMENT((#1250));
#1252=STYLED_ITEM('',(#1251),#1249);
#1253=DIRECTION('',(-3.090169943749E-1,9.510565162952E-1,0.E0));
#1254=VECTOR('',#1253,3.6E-1);
#1255=CARTESIAN_POINT('',(7.662149056096E0,2.300319943435E0,5.E0));
#1256=LINE('',#1255,#1254);
#1257=CURVE_STYLE('',#34,POSITIVE_LENGTH_MEASURE(2.E-2),#5);
#1258=PRESENTATION_STYLE_ASSIGNMENT((#1257));
#1259=STYLED_ITEM('',(#1258),#1256);
#1260=CARTESIAN_POINT('',(6.061778539937E0,3.736047706979E0,5.E0));
#1261=DIRECTION('',(0.E0,0.E0,1.E0));
#1262=DIRECTION('',(3.091160689421E-1,-9.510243193114E-1,0.E0));
#1263=AXIS2_PLACEMENT_3D('',#1260,#1261,#1262);
#1265=CURVE_STYLE('',#34,POSITIVE_LENGTH_MEASURE(2.E-2),#5);
#1266=PRESENTATION_STYLE_ASSIGNMENT((#1265));
#1267=STYLED_ITEM('',(#1266),#1264);
#1268=CARTESIAN_POINT('',(0.E0,-2.025256353956E-3,5.E0));
#1269=DIRECTION('',(0.E0,0.E0,1.E0));
#1270=DIRECTION('',(9.851064387449E-1,1.719456435720E-1,0.E0));
#1271=AXIS2_PLACEMENT_3D('',#1268,#1269,#1270);
#1273=CURVE_STYLE('',#34,POSITIVE_LENGTH_MEASURE(2.E-2),#5);
#1274=PRESENTATION_STYLE_ASSIGNMENT((#1273));
#1275=STYLED_ITEM('',(#1274),#1272);
#1276=CARTESIAN_POINT('',(7.057297753103E0,-9.475019578434E-1,5.E0));
#1277=DIRECTION('',(0.E0,0.E0,1.E0));
#1278=DIRECTION('',(4.083944765895E-1,9.128055387053E-1,0.E0));
#1279=AXIS2_PLACEMENT_3D('',#1276,#1277,#1278);
#1281=CURVE_STYLE('',#34,POSITIVE_LENGTH_MEASURE(2.E-2),#5);
#1282=PRESENTATION_STYLE_ASSIGNMENT((#1281));
#1283=STYLED_ITEM('',(#1282),#1280);
#1284=DIRECTION('',(-1.045284632677E-1,9.945218953683E-1,0.E0));
#1285=VECTOR('',#1284,3.6E-1);
#1286=CARTESIAN_POINT('',(7.972976124547E0,6.570020680405E-1,5.E0));
#1287=LINE('',#1286,#1285);
#1288=CURVE_STYLE('',#34,POSITIVE_LENGTH_MEASURE(2.E-2),#5);
#1289=PRESENTATION_STYLE_ASSIGNMENT((#1288));
#1290=STYLED_ITEM('',(#1289),#1287);
#1291=CARTESIAN_POINT('',(6.706082130753E0,2.394091475207E0,5.E0));
#1292=DIRECTION('',(0.E0,0.E0,1.E0));
#1293=DIRECTION('',(1.047292302447E-1,-9.945007734197E-1,0.E0));
#1294=AXIS2_PLACEMENT_3D('',#1291,#1292,#1293);
#1296=CURVE_STYLE('',#34,POSITIVE_LENGTH_MEASURE(2.E-2),#5);
#1297=PRESENTATION_STYLE_ASSIGNMENT((#1296));
#1298=STYLED_ITEM('',(#1297),#1295);
#1299=CARTESIAN_POINT('',(6.706082130753E0,-2.394091475207E0,5.E0));
#1300=DIRECTION('',(0.E0,0.E0,1.E0));
#1301=DIRECTION('',(5.892530203690E-1,8.079485614728E-1,0.E0));
#1302=AXIS2_PLACEMENT_3D('',#1299,#1300,#1301);
#1304=CURVE_STYLE('',#34,POSITIVE_LENGTH_MEASURE(2.E-2),#5);
#1305=PRESENTATION_STYLE_ASSIGNMENT((#1304));
#1306=STYLED_ITEM('',(#1305),#1303);
#1307=DIRECTION('',(1.045284632677E-1,9.945218953683E-1,0.E0));
#1308=VECTOR('',#1307,3.6E-1);
#1309=CARTESIAN_POINT('',(7.935345877770E0,-1.015029950373E0,5.E0));
#1310=LINE('',#1309,#1308);
#1311=CURVE_STYLE('',#34,POSITIVE_LENGTH_MEASURE(2.E-2),#5);
#1312=PRESENTATION_STYLE_ASSIGNMENT((#1311));
#1313=STYLED_ITEM('',(#1312),#1310);
#1314=CARTESIAN_POINT('',(7.057297753103E0,9.475019578436E-1,5.E0));
#1315=DIRECTION('',(0.E0,0.E0,1.E0));
#1316=DIRECTION('',(-1.036807772728E-1,-9.946106255335E-1,0.E0));
#1317=AXIS2_PLACEMENT_3D('',#1314,#1315,#1316);
#1319=CURVE_STYLE('',#34,POSITIVE_LENGTH_MEASURE(2.E-2),#5);
#1320=PRESENTATION_STYLE_ASSIGNMENT((#1319));
#1321=STYLED_ITEM('',(#1320),#1318);
#1322=CARTESIAN_POINT('',(0.E0,-2.025256353956E-3,5.E0));
#1323=DIRECTION('',(0.E0,0.E0,1.E0));
#1324=DIRECTION('',(9.698755991326E-1,-2.436007434455E-1,0.E0));
#1325=AXIS2_PLACEMENT_3D('',#1322,#1323,#1324);
#1327=CURVE_STYLE('',#34,POSITIVE_LENGTH_MEASURE(2.E-2),#5);
#1328=PRESENTATION_STYLE_ASSIGNMENT((#1327));
#1329=STYLED_ITEM('',(#1328),#1326);
#1330=CARTESIAN_POINT('',(6.061778539937E0,-3.736047706979E0,5.E0));
#1331=DIRECTION('',(0.E0,0.E0,1.E0));
#1332=DIRECTION('',(7.443583796087E-1,6.677803551366E-1,0.E0));
#1333=AXIS2_PLACEMENT_3D('',#1330,#1331,#1332);
#1335=CURVE_STYLE('',#34,POSITIVE_LENGTH_MEASURE(2.E-2),#5);
#1336=PRESENTATION_STYLE_ASSIGNMENT((#1335));
#1337=STYLED_ITEM('',(#1336),#1334);
#1338=DIRECTION('',(3.090169943749E-1,9.510565162952E-1,0.E0));
#1339=VECTOR('',#1338,3.6E-1);
#1340=CARTESIAN_POINT('',(7.550902938121E0,-2.642700289301E0,5.E0));
#1341=LINE('',#1340,#1339);
#1342=CURVE_STYLE('',#34,POSITIVE_LENGTH_MEASURE(2.E-2),#5);
#1343=PRESENTATION_STYLE_ASSIGNMENT((#1342));
#1344=STYLED_ITEM('',(#1343),#1341);
#1345=CARTESIAN_POINT('',(7.100075598970E0,-5.404979416967E-1,5.E0));
#1346=DIRECTION('',(0.E0,0.E0,1.E0));
#1347=DIRECTION('',(-3.080256500815E-1,-9.513780525595E-1,0.E0));
#1348=AXIS2_PLACEMENT_3D('',#1345,#1346,#1347);
#1350=CURVE_STYLE('',#34,POSITIVE_LENGTH_MEASURE(2.E-2),#5);
#1351=PRESENTATION_STYLE_ASSIGNMENT((#1350));
#1352=STYLED_ITEM('',(#1351),#1349);
#1353=CARTESIAN_POINT('',(0.E0,-2.025256353956E-3,5.E0));
#1354=DIRECTION('',(0.E0,0.E0,1.E0));
#1355=DIRECTION('',(8.980230754977E-1,-4.399483559164E-1,0.E0));
#1356=AXIS2_PLACEMENT_3D('',#1353,#1354,#1355);
#1358=CURVE_STYLE('',#34,POSITIVE_LENGTH_MEASURE(2.E-2),#5);
#1359=PRESENTATION_STYLE_ASSIGNMENT((#1358));
#1360=STYLED_ITEM('',(#1359),#1357);
#1361=CARTESIAN_POINT('',(5.152546139286E0,-4.914720726409E0,5.E0));
#1362=DIRECTION('',(0.E0,0.E0,1.E0));
#1363=DIRECTION('',(8.669317058317E-1,4.984269429152E-1,0.E0));
#1364=AXIS2_PLACEMENT_3D('',#1361,#1362,#1363);
#1366=CURVE_STYLE('',#34,POSITIVE_LENGTH_MEASURE(2.E-2),#5);
#1367=PRESENTATION_STYLE_ASSIGNMENT((#1366));
#1368=STYLED_ITEM('',(#1367),#1365);
#1369=DIRECTION('',(5.E-1,8.660254037844E-1,0.E0));
#1370=VECTOR('',#1369,3.6E-1);
#1371=CARTESIAN_POINT('',(6.836449306824E0,-4.154871944504E0,5.E0));
#1372=LINE('',#1371,#1370);
#1373=CURVE_STYLE('',#34,POSITIVE_LENGTH_MEASURE(2.E-2),#5);
#1374=PRESENTATION_STYLE_ASSIGNMENT((#1373));
#1375=STYLED_ITEM('',(#1374),#1372);
#1376=CARTESIAN_POINT('',(6.832546071219E0,-2.004875487588E0,5.E0));
#1377=DIRECTION('',(0.E0,0.E0,1.E0));
#1378=DIRECTION('',(-4.989459522548E-1,-8.666331038730E-1,0.E0));
#1379=AXIS2_PLACEMENT_3D('',#1376,#1377,#1378);
#1381=CURVE_STYLE('',#34,POSITIVE_LENGTH_MEASURE(2.E-2),#5);
#1382=PRESENTATION_STYLE_ASSIGNMENT((#1381));
#1383=STYLED_ITEM('',(#1382),#1380);
#1384=CARTESIAN_POINT('',(0.E0,-2.025256353956E-3,5.E0));
#1385=DIRECTION('',(0.E0,0.E0,1.E0));
#1386=DIRECTION('',(7.869064838082E-1,-6.170722694634E-1,0.E0));
#1387=AXIS2_PLACEMENT_3D('',#1384,#1385,#1386);
#1389=CURVE_STYLE('',#34,POSITIVE_LENGTH_MEASURE(2.E-2),#5);
#1390=PRESENTATION_STYLE_ASSIGNMENT((#1389));
#1391=STYLED_ITEM('',(#1390),#1388);
#1392=CARTESIAN_POINT('',(4.018122747688E0,-5.878596866650E0,5.E0));
#1393=DIRECTION('',(0.E0,0.E0,1.E0));
#1394=DIRECTION('',(9.516159565099E-1,3.072898815706E-1,0.E0));
#1395=AXIS2_PLACEMENT_3D('',#1392,#1393,#1394);
#1397=CURVE_STYLE('',#34,POSITIVE_LENGTH_MEASURE(2.E-2),#5);
#1398=PRESENTATION_STYLE_ASSIGNMENT((#1397));
#1399=STYLED_ITEM('',(#1398),#1396);
#1400=DIRECTION('',(6.691306063589E-1,7.431448254774E-1,0.E0));
#1401=VECTOR('',#1400,3.6E-1);
#1402=CARTESIAN_POINT('',(5.823210035895E0,-5.485455758445E0,5.E0));
#1403=LINE('',#1402,#1401);
#1404=CURVE_STYLE('',#34,POSITIVE_LENGTH_MEASURE(2.E-2),#5);
#1405=PRESENTATION_STYLE_ASSIGNMENT((#1404));
#1406=STYLED_ITEM('',(#1405),#1403);
#1407=CARTESIAN_POINT('',(6.266401493963E0,-3.381630354212E0,5.E0));
#1408=DIRECTION('',(0.E0,0.E0,1.E0));
#1409=DIRECTION('',(-6.681132242312E-1,-7.440596210031E-1,0.E0));
#1410=AXIS2_PLACEMENT_3D('',#1407,#1408,#1409);
#1412=CURVE_STYLE('',#34,POSITIVE_LENGTH_MEASURE(2.E-2),#5);
#1413=PRESENTATION_STYLE_ASSIGNMENT((#1412));
#1414=STYLED_ITEM('',(#1413),#1411);
#1415=CARTESIAN_POINT('',(0.E0,-2.025256353956E-3,5.E0));
#1416=DIRECTION('',(0.E0,0.E0,1.E0));
#1417=DIRECTION('',(6.413792258523E-1,-7.672240146431E-1,0.E0));
#1418=AXIS2_PLACEMENT_3D('',#1415,#1416,#1417);
#1420=CURVE_STYLE('',#34,POSITIVE_LENGTH_MEASURE(2.E-2),#5);
#1421=PRESENTATION_STYLE_ASSIGNMENT((#1420));
#1422=STYLED_ITEM('',(#1421),#1419);
#1423=CARTESIAN_POINT('',(2.708088110924E0,-6.585550115180E0,5.E0));
#1424=DIRECTION('',(0.E0,0.E0,1.E0));
#1425=DIRECTION('',(9.947100235287E-1,1.027227778609E-1,0.E0));
#1426=AXIS2_PLACEMENT_3D('',#1423,#1424,#1425);
#1428=CURVE_STYLE('',#34,POSITIVE_LENGTH_MEASURE(2.E-2),#5);
#1429=PRESENTATION_STYLE_ASSIGNMENT((#1428));
#1430=STYLED_ITEM('',(#1429),#1427);
#1431=DIRECTION('',(8.090169943749E-1,5.877852522925E-1,0.E0));
#1432=VECTOR('',#1431,3.6E-1);
#1433=CARTESIAN_POINT('',(4.555468543535E0,-6.576298833604E0,5.E0));
#1434=LINE('',#1433,#1432);
#1435=CURVE_STYLE('',#34,POSITIVE_LENGTH_MEASURE(2.E-2),#5);
#1436=PRESENTATION_STYLE_ASSIGNMENT((#1435));
#1437=STYLED_ITEM('',(#1436),#1434);
#1438=CARTESIAN_POINT('',(5.426385101890E0,-4.610591747494E0,5.E0));
#1439=DIRECTION('',(0.E0,0.E0,1.E0));
#1440=DIRECTION('',(-8.081402654067E-1,-5.889900775297E-1,0.E0));
#1441=AXIS2_PLACEMENT_3D('',#1438,#1439,#1440);
#1443=CURVE_STYLE('',#34,POSITIVE_LENGTH_MEASURE(2.E-2),#5);
#1444=PRESENTATION_STYLE_ASSIGNMENT((#1443));
#1445=STYLED_ITEM('',(#1444),#1442);
#1446=CARTESIAN_POINT('',(0.E0,-2.025256353956E-3,5.E0));
#1447=DIRECTION('',(0.E0,0.E0,1.E0));
#1448=DIRECTION('',(4.678018402339E-1,-8.838333769856E-1,0.E0));
#1449=AXIS2_PLACEMENT_3D('',#1446,#1447,#1448);
#1451=CURVE_STYLE('',#34,POSITIVE_LENGTH_MEASURE(2.E-2),#5);
#1452=PRESENTATION_STYLE_ASSIGNMENT((#1451));
#1453=STYLED_ITEM('',(#1452),#1450);
#1454=CARTESIAN_POINT('',(1.279697028864E0,-7.004683222701E0,5.E0));
#1455=DIRECTION('',(0.E0,0.E0,1.E0));
#1456=DIRECTION('',(9.943304893711E-1,-1.063338041599E-1,0.E0));
#1457=AXIS2_PLACEMENT_3D('',#1454,#1455,#1456);
#1459=CURVE_STYLE('',#34,POSITIVE_LENGTH_MEASURE(2.E-2),#5);
#1460=PRESENTATION_STYLE_ASSIGNMENT((#1459));
#1461=STYLED_ITEM('',(#1460),#1458);
#1462=DIRECTION('',(9.135454576426E-1,4.067366430758E-1,0.E0));
#1463=VECTOR('',#1462,3.6E-1);
#1464=CARTESIAN_POINT('',(3.088631216260E0,-7.379726093152E0,5.E0));
#1465=LINE('',#1464,#1463);
#1466=CURVE_STYLE('',#34,POSITIVE_LENGTH_MEASURE(2.E-2),#5);
#1467=PRESENTATION_STYLE_ASSIGNMENT((#1466));
#1468=STYLED_ITEM('',(#1467),#1465);
#1469=CARTESIAN_POINT('',(4.349209642179E0,-5.638048157336E0,5.E0));
#1470=DIRECTION('',(0.E0,0.E0,1.E0));
#1471=DIRECTION('',(-9.129029107407E-1,-4.081767699921E-1,0.E0));
#1472=AXIS2_PLACEMENT_3D('',#1469,#1470,#1471);
#1474=CURVE_STYLE('',#34,POSITIVE_LENGTH_MEASURE(2.E-2),#5);
#1475=PRESENTATION_STYLE_ASSIGNMENT((#1474));
#1476=STYLED_ITEM('',(#1475),#1473);
#1477=CARTESIAN_POINT('',(0.E0,-2.025256353956E-3,5.E0));
#1478=DIRECTION('',(0.E0,0.E0,1.E0));
#1479=DIRECTION('',(2.737639638495E-1,-9.617969079267E-1,0.E0));
#1480=AXIS2_PLACEMENT_3D('',#1477,#1478,#1479);
#1482=CURVE_STYLE('',#34,POSITIVE_LENGTH_MEASURE(2.E-2),#5);
#1483=PRESENTATION_STYLE_ASSIGNMENT((#1482));
#1484=STYLED_ITEM('',(#1483),#1481);
#1485=CARTESIAN_POINT('',(-2.046229540255E-1,-7.117678061190E0,5.E0));
#1486=DIRECTION('',(0.E0,0.E0,1.E0));
#1487=DIRECTION('',(9.504939415008E-1,-3.107430886927E-1,0.E0));
#1488=AXIS2_PLACEMENT_3D('',#1485,#1486,#1487);
#1490=CURVE_STYLE('',#34,POSITIVE_LENGTH_MEASURE(2.E-2),#5);
#1491=PRESENTATION_STYLE_ASSIGNMENT((#1490));
#1492=STYLED_ITEM('',(#1491),#1489);
#1493=DIRECTION('',(9.781476007338E-1,2.079116908178E-1,0.E0));
#1494=VECTOR('',#1493,3.6E-1);
#1495=CARTESIAN_POINT('',(1.486805883937E0,-7.860623910574E0,5.E0));
#1496=LINE('',#1495,#1494);
#1497=CURVE_STYLE('',#34,POSITIVE_LENGTH_MEASURE(2.E-2),#5);
#1498=PRESENTATION_STYLE_ASSIGNMENT((#1497));
#1499=STYLED_ITEM('',(#1498),#1496);
#1500=CARTESIAN_POINT('',(3.081952851282E0,-6.419094808346E0,5.E0));
#1501=DIRECTION('',(0.E0,0.E0,1.E0));
#1502=DIRECTION('',(-9.778084262964E-1,-2.095010297437E-1,0.E0));
#1503=AXIS2_PLACEMENT_3D('',#1500,#1501,#1502);
#1505=CURVE_STYLE('',#34,POSITIVE_LENGTH_MEASURE(2.E-2),#5);
#1506=PRESENTATION_STYLE_ASSIGNMENT((#1505));
#1507=STYLED_ITEM('',(#1506),#1504);
#1508=CARTESIAN_POINT('',(0.E0,-2.025256353956E-3,5.E0));
#1509=DIRECTION('',(0.E0,0.E0,1.E0));
#1510=DIRECTION('',(6.775202647220E-2,-9.977021914925E-1,0.E0));
#1511=AXIS2_PLACEMENT_3D('',#1508,#1509,#1510);
#1513=CURVE_STYLE('',#34,POSITIVE_LENGTH_MEASURE(2.E-2),#5);
#1514=PRESENTATION_STYLE_ASSIGNMENT((#1513));
#1515=STYLED_ITEM('',(#1514),#1512);
#1516=CARTESIAN_POINT('',(-1.679999931934E0,-6.919596213998E0,5.E0));
#1517=DIRECTION('',(0.E0,0.E0,1.E0));
#1518=DIRECTION('',(8.651162474110E-1,-5.015714091388E-1,0.E0));
#1519=AXIS2_PLACEMENT_3D('',#1516,#1517,#1518);
#1521=CURVE_STYLE('',#34,POSITIVE_LENGTH_MEASURE(2.E-2),#5);
#1522=PRESENTATION_STYLE_ASSIGNMENT((#1521));
#1523=STYLED_ITEM('',(#1522),#1520);
#1524=DIRECTION('',(1.E0,0.E0,0.E0));
#1525=VECTOR('',#1524,3.6E-1);
#1526=CARTESIAN_POINT('',(-1.8E-1,-7.997974743646E0,5.E0));
#1527=LINE('',#1526,#1525);
#1528=CURVE_STYLE('',#34,POSITIVE_LENGTH_MEASURE(2.E-2),#5);
#1529=PRESENTATION_STYLE_ASSIGNMENT((#1528));
#1530=STYLED_ITEM('',(#1529),#1527);
#1531=CARTESIAN_POINT('',(1.679999931934E0,-6.919596213998E0,5.E0));
#1532=DIRECTION('',(0.E0,0.E0,1.E0));
#1533=DIRECTION('',(-9.999986676049E-1,-1.632417996141E-3,0.E0));
#1534=AXIS2_PLACEMENT_3D('',#1531,#1532,#1533);
#1536=CURVE_STYLE('',#34,POSITIVE_LENGTH_MEASURE(2.E-2),#5);
#1537=PRESENTATION_STYLE_ASSIGNMENT((#1536));
#1538=STYLED_ITEM('',(#1537),#1535);
#1539=CARTESIAN_POINT('',(0.E0,-2.025256353956E-3,5.E0));
#1540=DIRECTION('',(0.E0,0.E0,1.E0));
#1541=DIRECTION('',(-1.412226935816E-1,-9.899778537006E-1,0.E0));
#1542=AXIS2_PLACEMENT_3D('',#1539,#1540,#1541);
#1544=CURVE_STYLE('',#34,POSITIVE_LENGTH_MEASURE(2.E-2),#5);
#1545=PRESENTATION_STYLE_ASSIGNMENT((#1544));
#1546=STYLED_ITEM('',(#1545),#1543);
#1547=CARTESIAN_POINT('',(-3.081952851282E0,-6.419094808346E0,5.E0));
#1548=DIRECTION('',(0.E0,0.E0,1.E0));
#1549=DIRECTION('',(7.419288220210E-1,-6.704786521990E-1,0.E0));
#1550=AXIS2_PLACEMENT_3D('',#1547,#1548,#1549);
#1552=CURVE_STYLE('',#34,POSITIVE_LENGTH_MEASURE(2.E-2),#5);
#1553=PRESENTATION_STYLE_ASSIGNMENT((#1552));
#1554=STYLED_ITEM('',(#1553),#1551);
#1555=DIRECTION('',(9.781476007338E-1,-2.079116908178E-1,0.E0));
#1556=VECTOR('',#1555,3.6E-1);
#1557=CARTESIAN_POINT('',(-1.838939020201E0,-7.785775701880E0,5.E0));
#1558=LINE('',#1557,#1556);
#1559=CURVE_STYLE('',#34,POSITIVE_LENGTH_MEASURE(2.E-2),#5);
#1560=PRESENTATION_STYLE_ASSIGNMENT((#1559));
#1561=STYLED_ITEM('',(#1560),#1558);
#1562=CARTESIAN_POINT('',(2.046229540256E-1,-7.117678061191E0,5.E0));
#1563=DIRECTION('',(0.E0,0.E0,1.E0));
#1564=DIRECTION('',(-9.784787028559E-1,2.063478326940E-1,0.E0));
#1565=AXIS2_PLACEMENT_3D('',#1562,#1563,#1564);
#1567=CURVE_STYLE('',#34,POSITIVE_LENGTH_MEASURE(2.E-2),#5);
#1568=PRESENTATION_STYLE_ASSIGNMENT((#1567));
#1569=STYLED_ITEM('',(#1568),#1566);
#1570=CARTESIAN_POINT('',(0.E0,-2.025256353956E-3,5.E0));
#1571=DIRECTION('',(0.E0,0.E0,1.E0));
#1572=DIRECTION('',(-3.440192153449E-1,-9.389626081338E-1,0.E0));
#1573=AXIS2_PLACEMENT_3D('',#1570,#1571,#1572);
#1575=CURVE_STYLE('',#34,POSITIVE_LENGTH_MEASURE(2.E-2),#5);
#1576=PRESENTATION_STYLE_ASSIGNMENT((#1575));
#1577=STYLED_ITEM('',(#1576),#1574);
#1578=CARTESIAN_POINT('',(-4.349209642179E0,-5.638048157336E0,5.E0));
#1579=DIRECTION('',(0.E0,0.E0,1.E0));
#1580=DIRECTION('',(5.863155469392E-1,-8.100827608445E-1,0.E0));
#1581=AXIS2_PLACEMENT_3D('',#1578,#1579,#1580);
#1583=CURVE_STYLE('',#34,POSITIVE_LENGTH_MEASURE(2.E-2),#5);
#1584=PRESENTATION_STYLE_ASSIGNMENT((#1583));
#1585=STYLED_ITEM('',(#1584),#1582);
#1586=DIRECTION('',(9.135454576426E-1,-4.067366430758E-1,0.E0));
#1587=VECTOR('',#1586,3.6E-1);
#1588=CARTESIAN_POINT('',(-3.417507581011E0,-7.233300901644E0,5.E0));
#1589=LINE('',#1588,#1587);
#1590=CURVE_STYLE('',#34,POSITIVE_LENGTH_MEASURE(2.E-2),#5);
#1591=PRESENTATION_STYLE_ASSIGNMENT((#1590));
#1592=STYLED_ITEM('',(#1591),#1589);
#1593=CARTESIAN_POINT('',(-1.279697028863E0,-7.004683222701E0,5.E0));
#1594=DIRECTION('',(0.E0,0.E0,1.E0));
#1595=DIRECTION('',(-9.141646391444E-1,4.053430800420E-1,0.E0));
#1596=AXIS2_PLACEMENT_3D('',#1593,#1594,#1595);
#1598=CURVE_STYLE('',#34,POSITIVE_LENGTH_MEASURE(2.E-2),#5);
#1599=PRESENTATION_STYLE_ASSIGNMENT((#1598));
#1600=STYLED_ITEM('',(#1599),#1597);
#1601=CARTESIAN_POINT('',(0.E0,-2.025256353956E-3,5.E0));
#1602=DIRECTION('',(0.E0,0.E0,1.E0));
#1603=DIRECTION('',(-5.317677059485E-1,-8.468902567100E-1,0.E0));
#1604=AXIS2_PLACEMENT_3D('',#1601,#1602,#1603);
#1606=CURVE_STYLE('',#34,POSITIVE_LENGTH_MEASURE(2.E-2),#5);
#1607=PRESENTATION_STYLE_ASSIGNMENT((#1606));
#1608=STYLED_ITEM('',(#1607),#1605);
#1609=CARTESIAN_POINT('',(-5.426385101890E0,-4.610591747494E0,5.E0));
#1610=DIRECTION('',(0.E0,0.E0,1.E0));
#1611=DIRECTION('',(4.050774690020E-1,-9.142823656327E-1,0.E0));
#1612=AXIS2_PLACEMENT_3D('',#1609,#1610,#1611);
#1614=CURVE_STYLE('',#34,POSITIVE_LENGTH_MEASURE(2.E-2),#5);
#1615=PRESENTATION_STYLE_ASSIGNMENT((#1614));
#1616=STYLED_ITEM('',(#1615),#1613);
#1617=DIRECTION('',(8.090169943749E-1,-5.877852522925E-1,0.E0));
#1618=VECTOR('',#1617,3.6E-1);
#1619=CARTESIAN_POINT('',(-4.846714661510E0,-6.364696142779E0,5.E0));
#1620=LINE('',#1619,#1618);
#1621=CURVE_STYLE('',#34,POSITIVE_LENGTH_MEASURE(2.E-2),#5);
#1622=PRESENTATION_STYLE_ASSIGNMENT((#1621));
#1623=STYLED_ITEM('',(#1622),#1620);
#1624=CARTESIAN_POINT('',(-2.708088110923E0,-6.585550115180E0,5.E0));
#1625=DIRECTION('',(0.E0,0.E0,1.E0));
#1626=DIRECTION('',(-8.098478102574E-1,5.866400295081E-1,0.E0));
#1627=AXIS2_PLACEMENT_3D('',#1624,#1625,#1626);
#1629=CURVE_STYLE('',#34,POSITIVE_LENGTH_MEASURE(2.E-2),#5);
#1630=PRESENTATION_STYLE_ASSIGNMENT((#1629));
#1631=STYLED_ITEM('',(#1630),#1628);
#1632=CARTESIAN_POINT('',(0.E0,-2.025256353956E-3,5.E0));
#1633=DIRECTION('',(0.E0,0.E0,1.E0));
#1634=DIRECTION('',(-6.962582842795E-1,-7.177913356764E-1,0.E0));
#1635=AXIS2_PLACEMENT_3D('',#1632,#1633,#1634);
#1637=CURVE_STYLE('',#34,POSITIVE_LENGTH_MEASURE(2.E-2),#5);
#1638=PRESENTATION_STYLE_ASSIGNMENT((#1637));
#1639=STYLED_ITEM('',(#1638),#1636);
#1640=CARTESIAN_POINT('',(-6.266401493963E0,-3.381630354212E0,5.E0));
#1641=DIRECTION('',(0.E0,0.E0,1.E0));
#1642=DIRECTION('',(2.061355618921E-1,-9.785234438292E-1,0.E0));
#1643=AXIS2_PLACEMENT_3D('',#1640,#1641,#1642);
#1645=CURVE_STYLE('',#34,POSITIVE_LENGTH_MEASURE(2.E-2),#5);
#1646=PRESENTATION_STYLE_ASSIGNMENT((#1645));
#1647=STYLED_ITEM('',(#1646),#1644);
#1648=DIRECTION('',(6.691306063589E-1,-7.431448254774E-1,0.E0));
#1649=VECTOR('',#1648,3.6E-1);
#1650=CARTESIAN_POINT('',(-6.064097054184E0,-5.217923621273E0,5.E0));
#1651=LINE('',#1650,#1649);
#1652=CURVE_STYLE('',#34,POSITIVE_LENGTH_MEASURE(2.E-2),#5);
#1653=PRESENTATION_STYLE_ASSIGNMENT((#1652));
#1654=STYLED_ITEM('',(#1653),#1651);
#1655=CARTESIAN_POINT('',(-4.018122747688E0,-5.878596866650E0,5.E0));
#1656=DIRECTION('',(0.E0,0.E0,1.E0));
#1657=DIRECTION('',(-6.700761589665E-1,7.422923556017E-1,0.E0));
#1658=AXIS2_PLACEMENT_3D('',#1655,#1656,#1657);
#1660=CURVE_STYLE('',#34,POSITIVE_LENGTH_MEASURE(2.E-2),#5);
#1661=PRESENTATION_STYLE_ASSIGNMENT((#1660));
#1662=STYLED_ITEM('',(#1661),#1659);
#1663=CARTESIAN_POINT('',(0.E0,-2.025256353956E-3,5.E0));
#1664=DIRECTION('',(0.E0,0.E0,1.E0));
#1665=DIRECTION('',(-8.303005865084E-1,-5.573158315030E-1,0.E0));
#1666=AXIS2_PLACEMENT_3D('',#1663,#1664,#1665);
#1668=CURVE_STYLE('',#34,POSITIVE_LENGTH_MEASURE(2.E-2),#5);
#1669=PRESENTATION_STYLE_ASSIGNMENT((#1668));
#1670=STYLED_ITEM('',(#1669),#1667);
#1671=CARTESIAN_POINT('',(-6.832546071219E0,-2.004875487588E0,5.E0));
#1672=DIRECTION('',(0.E0,0.E0,1.E0));
#1673=DIRECTION('',(-1.815458420685E-3,-9.999983520540E-1,0.E0));
#1674=AXIS2_PLACEMENT_3D('',#1671,#1672,#1673);
#1676=CURVE_STYLE('',#34,POSITIVE_LENGTH_MEASURE(2.E-2),#5);
#1677=PRESENTATION_STYLE_ASSIGNMENT((#1676));
#1678=STYLED_ITEM('',(#1677),#1675);
#1679=DIRECTION('',(5.E-1,-8.660254037844E-1,0.E0));
#1680=VECTOR('',#1679,3.6E-1);
#1681=CARTESIAN_POINT('',(-7.016449306824E0,-3.843102799142E0,5.E0));
#1682=LINE('',#1681,#1680);
#1683=CURVE_STYLE('',#34,POSITIVE_LENGTH_MEASURE(2.E-2),#5);
#1684=PRESENTATION_STYLE_ASSIGNMENT((#1683));
#1685=STYLED_ITEM('',(#1684),#1682);
#1686=CARTESIAN_POINT('',(-5.152546139286E0,-4.914720726410E0,5.E0));
#1687=DIRECTION('',(0.E0,0.E0,1.E0));
#1688=DIRECTION('',(-5.009574120352E-1,8.654719356091E-1,0.E0));
#1689=AXIS2_PLACEMENT_3D('',#1686,#1687,#1688);
#1691=CURVE_STYLE('',#34,POSITIVE_LENGTH_MEASURE(2.E-2),#5);
#1692=PRESENTATION_STYLE_ASSIGNMENT((#1691));
#1693=STYLED_ITEM('',(#1692),#1690);
#1694=CARTESIAN_POINT('',(0.E0,-2.025256353956E-3,5.E0));
#1695=DIRECTION('',(0.E0,0.E0,1.E0));
#1696=DIRECTION('',(-9.280382488842E-1,-3.724849105775E-1,0.E0));
#1697=AXIS2_PLACEMENT_3D('',#1694,#1695,#1696);
#1699=CURVE_STYLE('',#34,POSITIVE_LENGTH_MEASURE(2.E-2),#5);
#1700=PRESENTATION_STYLE_ASSIGNMENT((#1699));
#1701=STYLED_ITEM('',(#1700),#1698);
#1702=CARTESIAN_POINT('',(-7.100075598970E0,-5.404979416969E-1,5.E0));
#1703=DIRECTION('',(0.E0,0.E0,1.E0));
#1704=DIRECTION('',(-2.096871344889E-1,-9.777685337695E-1,0.E0));
#1705=AXIS2_PLACEMENT_3D('',#1702,#1703,#1704);
#1707=CURVE_STYLE('',#34,POSITIVE_LENGTH_MEASURE(2.E-2),#5);
#1708=PRESENTATION_STYLE_ASSIGNMENT((#1707));
#1709=STYLED_ITEM('',(#1708),#1706);
#1710=DIRECTION('',(3.090169943749E-1,-9.510565162952E-1,0.E0));
#1711=VECTOR('',#1710,3.6E-1);
#1712=CARTESIAN_POINT('',(-7.662149056096E0,-2.300319943435E0,5.E0));
#1713=LINE('',#1712,#1711);
#1714=CURVE_STYLE('',#34,POSITIVE_LENGTH_MEASURE(2.E-2),#5);
#1715=PRESENTATION_STYLE_ASSIGNMENT((#1714));
#1716=STYLED_ITEM('',(#1715),#1713);
#1717=CARTESIAN_POINT('',(-6.061778539937E0,-3.736047706979E0,5.E0));
#1718=DIRECTION('',(0.E0,0.E0,1.E0));
#1719=DIRECTION('',(-3.098923125273E-1,9.507716627227E-1,0.E0));
#1720=AXIS2_PLACEMENT_3D('',#1717,#1718,#1719);
#1722=CURVE_STYLE('',#34,POSITIVE_LENGTH_MEASURE(2.E-2),#5);
#1723=PRESENTATION_STYLE_ASSIGNMENT((#1722));
#1724=STYLED_ITEM('',(#1723),#1721);
#1725=CARTESIAN_POINT('',(0.E0,-2.025256353956E-3,5.E0));
#1726=DIRECTION('',(0.E0,0.E0,1.E0));
#1727=DIRECTION('',(-9.852045243596E-1,-1.713827447015E-1,0.E0));
#1728=AXIS2_PLACEMENT_3D('',#1725,#1726,#1727);
#1730=CURVE_STYLE('',#34,POSITIVE_LENGTH_MEASURE(2.E-2),#5);
#1731=PRESENTATION_STYLE_ASSIGNMENT((#1730));
#1732=STYLED_ITEM('',(#1731),#1729);
#1733=CARTESIAN_POINT('',(-7.057297753103E0,9.475019578434E-1,5.E0));
#1734=DIRECTION('',(0.E0,0.E0,1.E0));
#1735=DIRECTION('',(-4.083944765895E-1,-9.128055387053E-1,0.E0));
#1736=AXIS2_PLACEMENT_3D('',#1733,#1734,#1735);
#1738=CURVE_STYLE('',#34,POSITIVE_LENGTH_MEASURE(2.E-2),#5);
#1739=PRESENTATION_STYLE_ASSIGNMENT((#1738));
#1740=STYLED_ITEM('',(#1739),#1737);
#1741=DIRECTION('',(1.045284632677E-1,-9.945218953683E-1,0.E0));
#1742=VECTOR('',#1741,3.6E-1);
#1743=CARTESIAN_POINT('',(-7.972976124547E0,-6.570020680405E-1,5.E0));
#1744=LINE('',#1743,#1742);
#1745=CURVE_STYLE('',#34,POSITIVE_LENGTH_MEASURE(2.E-2),#5);
#1746=PRESENTATION_STYLE_ASSIGNMENT((#1745));
#1747=STYLED_ITEM('',(#1746),#1744);
#1748=CARTESIAN_POINT('',(-6.706082130753E0,-2.394091475207E0,5.E0));
#1749=DIRECTION('',(0.E0,0.E0,1.E0));
#1750=DIRECTION('',(-1.047638859607E-1,9.944971232731E-1,0.E0));
#1751=AXIS2_PLACEMENT_3D('',#1748,#1749,#1750);
#1753=CURVE_STYLE('',#34,POSITIVE_LENGTH_MEASURE(2.E-2),#5);
#1754=PRESENTATION_STYLE_ASSIGNMENT((#1753));
#1755=STYLED_ITEM('',(#1754),#1752);
#1756=CARTESIAN_POINT('',(-6.706082130753E0,2.394091475207E0,5.E0));
#1757=DIRECTION('',(0.E0,0.E0,1.E0));
#1758=DIRECTION('',(-5.892530203690E-1,-8.079485614728E-1,0.E0));
#1759=AXIS2_PLACEMENT_3D('',#1756,#1757,#1758);
#1761=CURVE_STYLE('',#34,POSITIVE_LENGTH_MEASURE(2.E-2),#5);
#1762=PRESENTATION_STYLE_ASSIGNMENT((#1761));
#1763=STYLED_ITEM('',(#1762),#1760);
#1764=DIRECTION('',(-1.045284632677E-1,-9.945218953683E-1,0.E0));
#1765=VECTOR('',#1764,3.6E-1);
#1766=CARTESIAN_POINT('',(-7.935345877770E0,1.015029950373E0,5.E0));
#1767=LINE('',#1766,#1765);
#1768=CURVE_STYLE('',#34,POSITIVE_LENGTH_MEASURE(2.E-2),#5);
#1769=PRESENTATION_STYLE_ASSIGNMENT((#1768));
#1770=STYLED_ITEM('',(#1769),#1767);
#1771=CARTESIAN_POINT('',(-7.057297753103E0,-9.475019578436E-1,5.E0));
#1772=DIRECTION('',(0.E0,0.E0,1.E0));
#1773=DIRECTION('',(1.043909651455E-1,9.945363373935E-1,0.E0));
#1774=AXIS2_PLACEMENT_3D('',#1771,#1772,#1773);
#1776=CURVE_STYLE('',#34,POSITIVE_LENGTH_MEASURE(2.E-2),#5);
#1777=PRESENTATION_STYLE_ASSIGNMENT((#1776));
#1778=STYLED_ITEM('',(#1777),#1775);
#1779=CARTESIAN_POINT('',(0.E0,-2.025256353956E-3,5.E0));
#1780=DIRECTION('',(0.E0,0.E0,1.E0));
#1781=DIRECTION('',(-9.697374954501E-1,2.441499332750E-1,0.E0));
#1782=AXIS2_PLACEMENT_3D('',#1779,#1780,#1781);
#1784=CURVE_STYLE('',#34,POSITIVE_LENGTH_MEASURE(2.E-2),#5);
#1785=PRESENTATION_STYLE_ASSIGNMENT((#1784));
#1786=STYLED_ITEM('',(#1785),#1783);
#1787=CARTESIAN_POINT('',(-6.061778539937E0,3.736047706979E0,5.E0));
#1788=DIRECTION('',(0.E0,0.E0,1.E0));
#1789=DIRECTION('',(-7.443583796087E-1,-6.677803551366E-1,0.E0));
#1790=AXIS2_PLACEMENT_3D('',#1787,#1788,#1789);
#1792=CURVE_STYLE('',#34,POSITIVE_LENGTH_MEASURE(2.E-2),#5);
#1793=PRESENTATION_STYLE_ASSIGNMENT((#1792));
#1794=STYLED_ITEM('',(#1793),#1791);
#1795=DIRECTION('',(-3.090169943750E-1,-9.510565162952E-1,0.E0));
#1796=VECTOR('',#1795,3.6E-1);
#1797=CARTESIAN_POINT('',(-7.550902938121E0,2.642700289301E0,5.E0));
#1798=LINE('',#1797,#1796);
#1799=CURVE_STYLE('',#34,POSITIVE_LENGTH_MEASURE(2.E-2),#5);
#1800=PRESENTATION_STYLE_ASSIGNMENT((#1799));
#1801=STYLED_ITEM('',(#1800),#1798);
#1802=CARTESIAN_POINT('',(-7.100075598970E0,5.404979416967E-1,5.E0));
#1803=DIRECTION('',(0.E0,0.E0,1.E0));
#1804=DIRECTION('',(3.089757793660E-1,9.510699068760E-1,0.E0));
#1805=AXIS2_PLACEMENT_3D('',#1802,#1803,#1804);
#1807=CURVE_STYLE('',#34,POSITIVE_LENGTH_MEASURE(2.E-2),#5);
#1808=PRESENTATION_STYLE_ASSIGNMENT((#1807));
#1809=STYLED_ITEM('',(#1808),#1806);
#1810=CARTESIAN_POINT('',(0.E0,-2.025256353956E-3,5.E0));
#1811=DIRECTION('',(0.E0,0.E0,1.E0));
#1812=DIRECTION('',(-8.977968688537E-1,4.404097890334E-1,0.E0));
#1813=AXIS2_PLACEMENT_3D('',#1810,#1811,#1812);
#1815=CURVE_STYLE('',#34,POSITIVE_LENGTH_MEASURE(2.E-2),#5);
#1816=PRESENTATION_STYLE_ASSIGNMENT((#1815));
#1817=STYLED_ITEM('',(#1816),#1814);
#1818=CARTESIAN_POINT('',(-5.152546139286E0,4.914720726409E0,5.E0));
#1819=DIRECTION('',(0.E0,0.E0,1.E0));
#1820=DIRECTION('',(-8.669317058317E-1,-4.984269429152E-1,0.E0));
#1821=AXIS2_PLACEMENT_3D('',#1818,#1819,#1820);
#1823=CURVE_STYLE('',#34,POSITIVE_LENGTH_MEASURE(2.E-2),#5);
#1824=PRESENTATION_STYLE_ASSIGNMENT((#1823));
#1825=STYLED_ITEM('',(#1824),#1822);
#1826=DIRECTION('',(-5.E-1,-8.660254037844E-1,0.E0));
#1827=VECTOR('',#1826,3.6E-1);
#1828=CARTESIAN_POINT('',(-6.836449306824E0,4.154871944504E0,5.E0));
#1829=LINE('',#1828,#1827);
#1830=CURVE_STYLE('',#34,POSITIVE_LENGTH_MEASURE(2.E-2),#5);
#1831=PRESENTATION_STYLE_ASSIGNMENT((#1830));
#1832=STYLED_ITEM('',(#1831),#1829);
#1833=CARTESIAN_POINT('',(-6.832546071219E0,2.004875487588E0,5.E0));
#1834=DIRECTION('',(0.E0,0.E0,1.E0));
#1835=DIRECTION('',(5.000380063287E-1,8.660034597083E-1,0.E0));
#1836=AXIS2_PLACEMENT_3D('',#1833,#1834,#1835);
#1838=CURVE_STYLE('',#34,POSITIVE_LENGTH_MEASURE(2.E-2),#5);
#1839=PRESENTATION_STYLE_ASSIGNMENT((#1838));
#1840=STYLED_ITEM('',(#1839),#1837);
#1841=CARTESIAN_POINT('',(0.E0,-2.025256353956E-3,5.E0));
#1842=DIRECTION('',(0.E0,0.E0,1.E0));
#1843=DIRECTION('',(-7.866359053377E-1,6.174171624060E-1,0.E0));
#1844=AXIS2_PLACEMENT_3D('',#1841,#1842,#1843);
#1846=CURVE_STYLE('',#34,POSITIVE_LENGTH_MEASURE(2.E-2),#5);
#1847=PRESENTATION_STYLE_ASSIGNMENT((#1846));
#1848=STYLED_ITEM('',(#1847),#1845);
#1849=CARTESIAN_POINT('',(-4.018122747688E0,5.878596866650E0,5.E0));
#1850=DIRECTION('',(0.E0,0.E0,1.E0));
#1851=DIRECTION('',(-9.516159565099E-1,-3.072898815706E-1,0.E0));
#1852=AXIS2_PLACEMENT_3D('',#1849,#1850,#1851);
#1854=CURVE_STYLE('',#34,POSITIVE_LENGTH_MEASURE(2.E-2),#5);
#1855=PRESENTATION_STYLE_ASSIGNMENT((#1854));
#1856=STYLED_ITEM('',(#1855),#1853);
#1857=DIRECTION('',(-6.691306063589E-1,-7.431448254774E-1,0.E0));
#1858=VECTOR('',#1857,3.6E-1);
#1859=CARTESIAN_POINT('',(-5.823210035895E0,5.485455758445E0,5.E0));
#1860=LINE('',#1859,#1858);
#1861=CURVE_STYLE('',#34,POSITIVE_LENGTH_MEASURE(2.E-2),#5);
#1862=PRESENTATION_STYLE_ASSIGNMENT((#1861));
#1863=STYLED_ITEM('',(#1862),#1860);
#1864=CARTESIAN_POINT('',(-6.266401493963E0,3.381630354212E0,5.E0));
#1865=DIRECTION('',(0.E0,0.E0,1.E0));
#1866=DIRECTION('',(6.692194830401E-1,7.430647909298E-1,0.E0));
#1867=AXIS2_PLACEMENT_3D('',#1864,#1865,#1866);
#1869=CURVE_STYLE('',#34,POSITIVE_LENGTH_MEASURE(2.E-2),#5);
#1870=PRESENTATION_STYLE_ASSIGNMENT((#1869));
#1871=STYLED_ITEM('',(#1870),#1868);
#1872=CARTESIAN_POINT('',(0.E0,-2.025256353956E-3,5.E0));
#1873=DIRECTION('',(0.E0,0.E0,1.E0));
#1874=DIRECTION('',(-6.411137864385E-1,7.674458370716E-1,0.E0));
#1875=AXIS2_PLACEMENT_3D('',#1872,#1873,#1874);
#1877=CURVE_STYLE('',#34,POSITIVE_LENGTH_MEASURE(2.E-2),#5);
#1878=PRESENTATION_STYLE_ASSIGNMENT((#1877));
#1879=STYLED_ITEM('',(#1878),#1876);
#1880=CARTESIAN_POINT('',(-2.708088110924E0,6.585550115180E0,5.E0));
#1881=DIRECTION('',(0.E0,0.E0,1.E0));
#1882=DIRECTION('',(-9.947100235287E-1,-1.027227778609E-1,0.E0));
#1883=AXIS2_PLACEMENT_3D('',#1880,#1881,#1882);
#1885=CURVE_STYLE('',#34,POSITIVE_LENGTH_MEASURE(2.E-2),#5);
#1886=PRESENTATION_STYLE_ASSIGNMENT((#1885));
#1887=STYLED_ITEM('',(#1886),#1884);
#1888=DIRECTION('',(-8.090169943750E-1,-5.877852522925E-1,0.E0));
#1889=VECTOR('',#1888,3.6E-1);
#1890=CARTESIAN_POINT('',(-4.555468543535E0,6.576298833604E0,5.E0));
#1891=LINE('',#1890,#1889);
#1892=CURVE_STYLE('',#34,POSITIVE_LENGTH_MEASURE(2.E-2),#5);
#1893=PRESENTATION_STYLE_ASSIGNMENT((#1892));
#1894=STYLED_ITEM('',(#1893),#1891);
#1895=CARTESIAN_POINT('',(-5.426385101890E0,4.610591747494E0,5.E0));
#1896=DIRECTION('',(0.E0,0.E0,1.E0));
#1897=DIRECTION('',(8.091230783796E-1,5.876392124709E-1,0.E0));
#1898=AXIS2_PLACEMENT_3D('',#1895,#1896,#1897);
#1900=CURVE_STYLE('',#34,POSITIVE_LENGTH_MEASURE(2.E-2),#5);
#1901=PRESENTATION_STYLE_ASSIGNMENT((#1900));
#1902=STYLED_ITEM('',(#1901),#1899);
#1903=CARTESIAN_POINT('',(0.E0,-2.025256353956E-3,5.E0));
#1904=DIRECTION('',(0.E0,0.E0,1.E0));
#1905=DIRECTION('',(-4.675907787371E-1,8.839450569125E-1,0.E0));
#1906=AXIS2_PLACEMENT_3D('',#1903,#1904,#1905);
#1908=CURVE_STYLE('',#34,POSITIVE_LENGTH_MEASURE(2.E-2),#5);
#1909=PRESENTATION_STYLE_ASSIGNMENT((#1908));
#1910=STYLED_ITEM('',(#1909),#1907);
#1911=CARTESIAN_POINT('',(-1.279697028864E0,7.004683222701E0,5.E0));
#1912=DIRECTION('',(0.E0,0.E0,1.E0));
#1913=DIRECTION('',(-9.943304893711E-1,1.063338041599E-1,0.E0));
#1914=AXIS2_PLACEMENT_3D('',#1911,#1912,#1913);
#1916=CURVE_STYLE('',#34,POSITIVE_LENGTH_MEASURE(2.E-2),#5);
#1917=PRESENTATION_STYLE_ASSIGNMENT((#1916));
#1918=STYLED_ITEM('',(#1917),#1915);
#1919=DIRECTION('',(-9.135454576426E-1,-4.067366430758E-1,0.E0));
#1920=VECTOR('',#1919,3.6E-1);
#1921=CARTESIAN_POINT('',(-3.088631216260E0,7.379726093152E0,5.E0));
#1922=LINE('',#1921,#1920);
#1923=CURVE_STYLE('',#34,POSITIVE_LENGTH_MEASURE(2.E-2),#5);
#1924=PRESENTATION_STYLE_ASSIGNMENT((#1923));
#1925=STYLED_ITEM('',(#1924),#1922);
#1926=CARTESIAN_POINT('',(-4.349209642179E0,5.638048157336E0,5.E0));
#1927=DIRECTION('',(0.E0,0.E0,1.E0));
#1928=DIRECTION('',(9.136189489574E-1,4.065715387308E-1,0.E0));
#1929=AXIS2_PLACEMENT_3D('',#1926,#1927,#1928);
#1931=CURVE_STYLE('',#34,POSITIVE_LENGTH_MEASURE(2.E-2),#5);
#1932=PRESENTATION_STYLE_ASSIGNMENT((#1931));
#1933=STYLED_ITEM('',(#1932),#1930);
#1934=CARTESIAN_POINT('',(0.E0,0.E0,5.E0));
#1935=DIRECTION('',(0.E0,0.E0,1.E0));
#1936=DIRECTION('',(1.E0,0.E0,0.E0));
#1937=AXIS2_PLACEMENT_3D('',#1934,#1935,#1936);
#1939=CURVE_STYLE('',#34,POSITIVE_LENGTH_MEASURE(2.E-2),#5);
#1940=PRESENTATION_STYLE_ASSIGNMENT((#1939));
#1941=STYLED_ITEM('',(#1940),#1938);
#1942=CARTESIAN_POINT('',(0.E0,0.E0,5.E0));
#1943=DIRECTION('',(0.E0,0.E0,1.E0));
#1944=DIRECTION('',(-1.E0,0.E0,0.E0));
#1945=AXIS2_PLACEMENT_3D('',#1942,#1943,#1944);
#1947=CURVE_STYLE('',#34,POSITIVE_LENGTH_MEASURE(2.E-2),#5);
#1948=PRESENTATION_STYLE_ASSIGNMENT((#1947));
#1949=STYLED_ITEM('',(#1948),#1946);
#1950=DIRECTION('',(0.E0,0.E0,1.E0));
#1951=VECTOR('',#1950,5.E0);
#1952=CARTESIAN_POINT('',(-1.898296706598E0,6.670213529615E0,0.E0));
#1953=LINE('',#1952,#1951);
#1954=CURVE_STYLE('',#34,POSITIVE_LENGTH_MEASURE(2.E-2),#5);
#1955=PRESENTATION_STYLE_ASSIGNMENT((#1954));
#1956=STYLED_ITEM('',(#1955),#1953);
#1957=DIRECTION('',(0.E0,0.E0,1.E0));
#1958=VECTOR('',#1957,5.E0);
#1959=CARTESIAN_POINT('',(-1.838939020201E0,7.785775701880E0,0.E0));
#1960=LINE('',#1959,#1958);
#1961=CURVE_STYLE('',#34,POSITIVE_LENGTH_MEASURE(2.E-2),#5);
#1962=PRESENTATION_STYLE_ASSIGNMENT((#1961));
#1963=STYLED_ITEM('',(#1962),#1960);
#1964=DIRECTION('',(0.E0,0.E0,1.E0));
#1965=VECTOR('',#1964,5.E0);
#1966=CARTESIAN_POINT('',(-1.486805883937E0,7.860623910574E0,0.E0));
#1967=LINE('',#1966,#1965);
#1968=CURVE_STYLE('',#34,POSITIVE_LENGTH_MEASURE(2.E-2),#5);
#1969=PRESENTATION_STYLE_ASSIGNMENT((#1968));
#1970=STYLED_ITEM('',(#1969),#1967);
#1971=DIRECTION('',(0.E0,0.E0,1.E0));
#1972=VECTOR('',#1971,5.E0);
#1973=CARTESIAN_POINT('',(-9.788270785191E-1,6.865592396815E0,0.E0));
#1974=LINE('',#1973,#1972);
#1975=CURVE_STYLE('',#34,POSITIVE_LENGTH_MEASURE(2.E-2),#5);
#1976=PRESENTATION_STYLE_ASSIGNMENT((#1975));
#1977=STYLED_ITEM('',(#1976),#1974);
#1978=DIRECTION('',(0.E0,0.E0,1.E0));
#1979=VECTOR('',#1978,5.E0);
#1980=CARTESIAN_POINT('',(-4.7E-1,6.919055210070E0,0.E0));
#1981=LINE('',#1980,#1979);
#1982=CURVE_STYLE('',#34,POSITIVE_LENGTH_MEASURE(2.E-2),#5);
#1983=PRESENTATION_STYLE_ASSIGNMENT((#1982));
#1984=STYLED_ITEM('',(#1983),#1981);
#1985=DIRECTION('',(0.E0,0.E0,1.E0));
#1986=VECTOR('',#1985,5.E0);
#1987=CARTESIAN_POINT('',(-1.8E-1,7.997974743646E0,0.E0));
#1988=LINE('',#1987,#1986);
#1989=CURVE_STYLE('',#34,POSITIVE_LENGTH_MEASURE(2.E-2),#5);
#1990=PRESENTATION_STYLE_ASSIGNMENT((#1989));
#1991=STYLED_ITEM('',(#1990),#1988);
#1992=DIRECTION('',(0.E0,0.E0,1.E0));
#1993=VECTOR('',#1992,5.E0);
#1994=CARTESIAN_POINT('',(1.8E-1,7.997974743646E0,0.E0));
#1995=LINE('',#1994,#1993);
#1996=CURVE_STYLE('',#34,POSITIVE_LENGTH_MEASURE(2.E-2),#5);
#1997=PRESENTATION_STYLE_ASSIGNMENT((#1996));
#1998=STYLED_ITEM('',(#1997),#1995);
#1999=DIRECTION('',(0.E0,0.E0,1.E0));
#2000=VECTOR('',#1999,5.E0);
#2001=CARTESIAN_POINT('',(4.7E-1,6.919055210070E0,0.E0));
#2002=LINE('',#2001,#2000);
#2003=CURVE_STYLE('',#34,POSITIVE_LENGTH_MEASURE(2.E-2),#5);
#2004=PRESENTATION_STYLE_ASSIGNMENT((#2003));
#2005=STYLED_ITEM('',(#2004),#2002);
#2006=DIRECTION('',(0.E0,0.E0,1.E0));
#2007=VECTOR('',#2006,5.E0);
#2008=CARTESIAN_POINT('',(9.788267858499E-1,6.865591716585E0,0.E0));
#2009=LINE('',#2008,#2007);
#2010=CURVE_STYLE('',#34,POSITIVE_LENGTH_MEASURE(2.E-2),#5);
#2011=PRESENTATION_STYLE_ASSIGNMENT((#2010));
#2012=STYLED_ITEM('',(#2011),#2009);
#2013=DIRECTION('',(0.E0,0.E0,1.E0));
#2014=VECTOR('',#2013,5.E0);
#2015=CARTESIAN_POINT('',(1.486805883937E0,7.860623910574E0,0.E0));
#2016=LINE('',#2015,#2014);
#2017=CURVE_STYLE('',#34,POSITIVE_LENGTH_MEASURE(2.E-2),#5);
#2018=PRESENTATION_STYLE_ASSIGNMENT((#2017));
#2019=STYLED_ITEM('',(#2018),#2016);
#2020=DIRECTION('',(0.E0,0.E0,1.E0));
#2021=VECTOR('',#2020,5.E0);
#2022=CARTESIAN_POINT('',(1.838939020201E0,7.785775701880E0,0.E0));
#2023=LINE('',#2022,#2021);
#2024=CURVE_STYLE('',#34,POSITIVE_LENGTH_MEASURE(2.E-2),#5);
#2025=PRESENTATION_STYLE_ASSIGNMENT((#2024));
#2026=STYLED_ITEM('',(#2025),#2023);
#2027=DIRECTION('',(0.E0,0.E0,1.E0));
#2028=VECTOR('',#2027,5.E0);
#2029=CARTESIAN_POINT('',(1.898295759013E0,6.670217291926E0,0.E0));
#2030=LINE('',#2029,#2028);
#2031=CURVE_STYLE('',#34,POSITIVE_LENGTH_MEASURE(2.E-2),#5);
#2032=PRESENTATION_STYLE_ASSIGNMENT((#2031));
#2033=STYLED_ITEM('',(#2032),#2030);
#2034=DIRECTION('',(0.E0,0.E0,1.E0));
#2035=VECTOR('',#2034,5.E0);
#2036=CARTESIAN_POINT('',(2.384919648986E0,6.512150680808E0,0.E0));
#2037=LINE('',#2036,#2035);
#2038=CURVE_STYLE('',#34,POSITIVE_LENGTH_MEASURE(2.E-2),#5);
#2039=PRESENTATION_STYLE_ASSIGNMENT((#2038));
#2040=STYLED_ITEM('',(#2039),#2037);
#2041=DIRECTION('',(0.E0,0.E0,1.E0));
#2042=VECTOR('',#2041,5.E0);
#2043=CARTESIAN_POINT('',(3.088631216260E0,7.379726093152E0,0.E0));
#2044=LINE('',#2043,#2042);
#2045=CURVE_STYLE('',#34,POSITIVE_LENGTH_MEASURE(2.E-2),#5);
#2046=PRESENTATION_STYLE_ASSIGNMENT((#2045));
#2047=STYLED_ITEM('',(#2046),#2044);
#2048=DIRECTION('',(0.E0,0.E0,1.E0));
#2049=VECTOR('',#2048,5.E0);
#2050=CARTESIAN_POINT('',(3.417507581011E0,7.233300901644E0,0.E0));
#2051=LINE('',#2050,#2049);
#2052=CURVE_STYLE('',#34,POSITIVE_LENGTH_MEASURE(2.E-2),#5);
#2053=PRESENTATION_STYLE_ASSIGNMENT((#2052));
#2054=STYLED_ITEM('',(#2053),#2051);
#2055=DIRECTION('',(-2.534473588967E-6,-7.363931791414E-6,9.999999999697E-1));
#2056=VECTOR('',#2055,5.000000000152E0);
#2057=CARTESIAN_POINT('',(3.243690651549E0,6.129917882224E0,0.E0));
#2058=LINE('',#2057,#2056);
#2059=CURVE_STYLE('',#34,POSITIVE_LENGTH_MEASURE(2.E-2),#5);
#2060=PRESENTATION_STYLE_ASSIGNMENT((#2059));
#2061=STYLED_ITEM('',(#2060),#2058);
#2062=DIRECTION('',(6.766676145005E-6,7.781784603841E-6,9.999999999468E-1));
#2063=VECTOR('',#2062,5.000000000266E0);
#2064=CARTESIAN_POINT('',(3.686830396343E0,5.874098539489E0,0.E0));
#2065=LINE('',#2064,#2063);
#2066=CURVE_STYLE('',#34,POSITIVE_LENGTH_MEASURE(2.E-2),#5);
#2067=PRESENTATION_STYLE_ASSIGNMENT((#2066));
#2068=STYLED_ITEM('',(#2067),#2065);
#2069=DIRECTION('',(0.E0,0.E0,1.E0));
#2070=VECTOR('',#2069,5.E0);
#2071=CARTESIAN_POINT('',(4.555468543535E0,6.576298833604E0,0.E0));
#2072=LINE('',#2071,#2070);
#2073=CURVE_STYLE('',#34,POSITIVE_LENGTH_MEASURE(2.E-2),#5);
#2074=PRESENTATION_STYLE_ASSIGNMENT((#2073));
#2075=STYLED_ITEM('',(#2074),#2072);
#2076=DIRECTION('',(0.E0,0.E0,1.E0));
#2077=VECTOR('',#2076,5.E0);
#2078=CARTESIAN_POINT('',(4.846714661510E0,6.364696142779E0,0.E0));
#2079=LINE('',#2078,#2077);
#2080=CURVE_STYLE('',#34,POSITIVE_LENGTH_MEASURE(2.E-2),#5);
#2081=PRESENTATION_STYLE_ASSIGNMENT((#2080));
#2082=STYLED_ITEM('',(#2081),#2079);
#2083=DIRECTION('',(-8.116209043032E-6,-1.351323835045E-5,9.999999998758E-1));
#2084=VECTOR('',#2083,5.000000000621E0);
#2085=CARTESIAN_POINT('',(4.447426227586E0,5.321756908882E0,0.E0));
#2086=LINE('',#2085,#2084);
#2087=CURVE_STYLE('',#34,POSITIVE_LENGTH_MEASURE(2.E-2),#5);
#2088=PRESENTATION_STYLE_ASSIGNMENT((#2087));
#2089=STYLED_ITEM('',(#2088),#2086);
#2090=DIRECTION('',(1.529008991529E-5,1.151706277638E-5,9.999999998168E-1));
#2091=VECTOR('',#2090,5.000000000916E0);
#2092=CARTESIAN_POINT('',(4.827720235567E0,4.979346283899E0,0.E0));
#2093=LINE('',#2092,#2091);
#2094=CURVE_STYLE('',#34,POSITIVE_LENGTH_MEASURE(2.E-2),#5);
#2095=PRESENTATION_STYLE_ASSIGNMENT((#2094));
#2096=STYLED_ITEM('',(#2095),#2093);
#2097=DIRECTION('',(0.E0,0.E0,1.E0));
#2098=VECTOR('',#2097,5.E0);
#2099=CARTESIAN_POINT('',(5.823210035895E0,5.485455758445E0,0.E0));
#2100=LINE('',#2099,#2098);
#2101=CURVE_STYLE('',#34,POSITIVE_LENGTH_MEASURE(2.E-2),#5);
#2102=PRESENTATION_STYLE_ASSIGNMENT((#2101));
#2103=STYLED_ITEM('',(#2102),#2100);
#2104=DIRECTION('',(0.E0,0.E0,1.E0));
#2105=VECTOR('',#2104,5.E0);
#2106=CARTESIAN_POINT('',(6.064097054184E0,5.217923621273E0,0.E0));
#2107=LINE('',#2106,#2105);
#2108=CURVE_STYLE('',#34,POSITIVE_LENGTH_MEASURE(2.E-2),#5);
#2109=PRESENTATION_STYLE_ASSIGNMENT((#2108));
#2110=STYLED_ITEM('',(#2109),#2107);
#2111=DIRECTION('',(-1.775044899850E-5,-1.904424604090E-5,9.999999996611E-1));
#2112=VECTOR('',#2111,5.000000001694E0);
#2113=CARTESIAN_POINT('',(5.456918417280E0,4.280999275361E0,0.E0));
#2114=LINE('',#2113,#2112);
#2115=CURVE_STYLE('',#34,POSITIVE_LENGTH_MEASURE(2.E-2),#5);
#2116=PRESENTATION_STYLE_ASSIGNMENT((#2115));
#2117=STYLED_ITEM('',(#2116),#2114);
#2118=DIRECTION('',(2.730156923386E-5,1.272212911010E-5,9.999999995464E-1));
#2119=VECTOR('',#2118,5.000000002268E0);
#2120=CARTESIAN_POINT('',(5.757722246614E0,3.866931779764E0,0.E0));
#2121=LINE('',#2120,#2119);
#2122=CURVE_STYLE('',#34,POSITIVE_LENGTH_MEASURE(2.E-2),#5);
#2123=PRESENTATION_STYLE_ASSIGNMENT((#2122));
#2124=STYLED_ITEM('',(#2123),#2121);
#2125=DIRECTION('',(0.E0,0.E0,1.E0));
#2126=VECTOR('',#2125,5.E0);
#2127=CARTESIAN_POINT('',(6.836449306824E0,4.154871944504E0,0.E0));
#2128=LINE('',#2127,#2126);
#2129=CURVE_STYLE('',#34,POSITIVE_LENGTH_MEASURE(2.E-2),#5);
#2130=PRESENTATION_STYLE_ASSIGNMENT((#2129));
#2131=STYLED_ITEM('',(#2130),#2128);
#2132=DIRECTION('',(0.E0,0.E0,1.E0));
#2133=VECTOR('',#2132,5.E0);
#2134=CARTESIAN_POINT('',(7.016449306824E0,3.843102799142E0,0.E0));
#2135=LINE('',#2134,#2133);
#2136=CURVE_STYLE('',#34,POSITIVE_LENGTH_MEASURE(2.E-2),#5);
#2137=PRESENTATION_STYLE_ASSIGNMENT((#2136));
#2138=STYLED_ITEM('',(#2137),#2135);
#2139=DIRECTION('',(-3.124452932699E-5,-2.189212328881E-5,9.999999992723E-1));
#2140=VECTOR('',#2139,5.000000003639E0);
#2141=CARTESIAN_POINT('',(6.228050397819E0,3.053076598633E0,0.E0));
#2142=LINE('',#2141,#2140);
#2143=CURVE_STYLE('',#34,POSITIVE_LENGTH_MEASURE(2.E-2),#5);
#2144=PRESENTATION_STYLE_ASSIGNMENT((#2143));
#2145=STYLED_ITEM('',(#2144),#2142);
#2146=DIRECTION('',(4.167404996140E-5,9.606422492688E-6,9.999999990855E-1));
#2147=VECTOR('',#2146,5.000000004573E0);
#2148=CARTESIAN_POINT('',(6.436179799195E0,2.585428782485E0,0.E0));
#2149=LINE('',#2148,#2147);
#2150=CURVE_STYLE('',#34,POSITIVE_LENGTH_MEASURE(2.E-2),#5);
#2151=PRESENTATION_STYLE_ASSIGNMENT((#2150));
#2152=STYLED_ITEM('',(#2151),#2149);
#2153=DIRECTION('',(0.E0,0.E0,1.E0));
#2154=VECTOR('',#2153,5.E0);
#2155=CARTESIAN_POINT('',(7.550902938121E0,2.642700289301E0,0.E0));
#2156=LINE('',#2155,#2154);
#2157=CURVE_STYLE('',#34,POSITIVE_LENGTH_MEASURE(2.E-2),#5);
#2158=PRESENTATION_STYLE_ASSIGNMENT((#2157));
#2159=STYLED_ITEM('',(#2158),#2156);
#2160=DIRECTION('',(0.E0,0.E0,1.E0));
#2161=VECTOR('',#2160,5.E0);
#2162=CARTESIAN_POINT('',(7.662149056096E0,2.300319943435E0,0.E0));
#2163=LINE('',#2162,#2161);
#2164=CURVE_STYLE('',#34,POSITIVE_LENGTH_MEASURE(2.E-2),#5);
#2165=PRESENTATION_STYLE_ASSIGNMENT((#2164));
#2166=STYLED_ITEM('',(#2165),#2163);
#2167=DIRECTION('',(-4.747691792495E-5,-2.017445762313E-5,9.999999986695E-1));
#2168=VECTOR('',#2167,5.000000006653E0);
#2169=CARTESIAN_POINT('',(6.727100440415E0,1.691604067250E0,0.E0));
#2170=LINE('',#2169,#2168);
#2171=CURVE_STYLE('',#34,POSITIVE_LENGTH_MEASURE(2.E-2),#5);
#2172=PRESENTATION_STYLE_ASSIGNMENT((#2171));
#2173=STYLED_ITEM('',(#2172),#2170);
#2174=DIRECTION('',(5.652114980219E-5,9.630940900051E-7,9.999999984022E-1));
#2175=VECTOR('',#2174,5.000000007989E0);
#2176=CARTESIAN_POINT('',(6.833412975870E0,1.190809342261E0,0.E0));
#2177=LINE('',#2176,#2175);
#2178=CURVE_STYLE('',#34,POSITIVE_LENGTH_MEASURE(2.E-2),#5);
#2179=PRESENTATION_STYLE_ASSIGNMENT((#2178));
#2180=STYLED_ITEM('',(#2179),#2177);
#2181=DIRECTION('',(0.E0,0.E0,1.E0));
#2182=VECTOR('',#2181,5.E0);
#2183=CARTESIAN_POINT('',(7.935345877770E0,1.015029950373E0,0.E0));
#2184=LINE('',#2183,#2182);
#2185=CURVE_STYLE('',#34,POSITIVE_LENGTH_MEASURE(2.E-2),#5);
#2186=PRESENTATION_STYLE_ASSIGNMENT((#2185));
#2187=STYLED_ITEM('',(#2186),#2184);
#2188=DIRECTION('',(0.E0,0.E0,1.E0));
#2189=VECTOR('',#2188,5.E0);
#2190=CARTESIAN_POINT('',(7.972976124547E0,6.570020680405E-1,0.E0));
#2191=LINE('',#2190,#2189);
#2192=CURVE_STYLE('',#34,POSITIVE_LENGTH_MEASURE(2.E-2),#5);
#2193=PRESENTATION_STYLE_ASSIGNMENT((#2192));
#2194=STYLED_ITEM('',(#2193),#2191);
#2195=DIRECTION('',(-6.450374094589E-5,-1.256958530054E-5,9.999999978406E-1));
#2196=VECTOR('',#2195,5.000000010797E0);
#2197=CARTESIAN_POINT('',(6.932218920138E0,2.560459566110E-1,0.E0));
#2198=LINE('',#2197,#2196);
#2199=CURVE_STYLE('',#34,POSITIVE_LENGTH_MEASURE(2.E-2),#5);
#2200=PRESENTATION_STYLE_ASSIGNMENT((#2199));
#2201=STYLED_ITEM('',(#2200),#2198);
#2202=DIRECTION('',(6.946351786694E-5,-1.353815173180E-5,9.999999974958E-1));
#2203=VECTOR('',#2202,5.000000012521E0);
#2204=CARTESIAN_POINT('',(6.932020578242E0,-2.559962468562E-1,0.E0));
#2205=LINE('',#2204,#2203);
#2206=CURVE_STYLE('',#34,POSITIVE_LENGTH_MEASURE(2.E-2),#5);
#2207=PRESENTATION_STYLE_ASSIGNMENT((#2206));
#2208=STYLED_ITEM('',(#2207),#2205);
#2209=DIRECTION('',(0.E0,0.E0,1.E0));
#2210=VECTOR('',#2209,5.E0);
#2211=CARTESIAN_POINT('',(7.972976124547E0,-6.570020680406E-1,0.E0));
#2212=LINE('',#2211,#2210);
#2213=CURVE_STYLE('',#34,POSITIVE_LENGTH_MEASURE(2.E-2),#5);
#2214=PRESENTATION_STYLE_ASSIGNMENT((#2213));
#2215=STYLED_ITEM('',(#2214),#2212);
#2216=DIRECTION('',(0.E0,0.E0,1.E0));
#2217=VECTOR('',#2216,5.E0);
#2218=CARTESIAN_POINT('',(7.935345877770E0,-1.015029950373E0,0.E0));
#2219=LINE('',#2218,#2217);
#2220=CURVE_STYLE('',#34,POSITIVE_LENGTH_MEASURE(2.E-2),#5);
#2221=PRESENTATION_STYLE_ASSIGNMENT((#2220));
#2222=STYLED_ITEM('',(#2221),#2219);
#2223=DIRECTION('',(0.E0,0.E0,1.E0));
#2224=VECTOR('',#2223,5.E0);
#2225=CARTESIAN_POINT('',(6.834384081966E0,-1.190910887054E0,0.E0));
#2226=LINE('',#2225,#2224);
#2227=CURVE_STYLE('',#34,POSITIVE_LENGTH_MEASURE(2.E-2),#5);
#2228=PRESENTATION_STYLE_ASSIGNMENT((#2227));
#2229=STYLED_ITEM('',(#2228),#2226);
#2230=DIRECTION('',(0.E0,0.E0,1.E0));
#2231=VECTOR('',#2230,5.E0);
#2232=CARTESIAN_POINT('',(6.229604575161E0,-3.053956064850E0,0.E0));
#2233=LINE('',#2232,#2231);
#2234=CURVE_STYLE('',#34,POSITIVE_LENGTH_MEASURE(2.E-2),#5);
#2235=PRESENTATION_STYLE_ASSIGNMENT((#2234));
#2236=STYLED_ITEM('',(#2235),#2233);
#2237=DIRECTION('',(0.E0,0.E0,1.E0));
#2238=VECTOR('',#2237,5.E0);
#2239=CARTESIAN_POINT('',(7.016449306824E0,-3.843102799142E0,0.E0));
#2240=LINE('',#2239,#2238);
#2241=CURVE_STYLE('',#34,POSITIVE_LENGTH_MEASURE(2.E-2),#5);
#2242=PRESENTATION_STYLE_ASSIGNMENT((#2241));
#2243=STYLED_ITEM('',(#2242),#2240);
#2244=DIRECTION('',(0.E0,0.E0,1.E0));
#2245=VECTOR('',#2244,5.E0);
#2246=CARTESIAN_POINT('',(6.836449306824E0,-4.154871944504E0,0.E0));
#2247=LINE('',#2246,#2245);
#2248=CURVE_STYLE('',#34,POSITIVE_LENGTH_MEASURE(2.E-2),#5);
#2249=PRESENTATION_STYLE_ASSIGNMENT((#2248));
#2250=STYLED_ITEM('',(#2249),#2247);
#2251=DIRECTION('',(0.E0,0.E0,1.E0));
#2252=VECTOR('',#2251,5.E0);
#2253=CARTESIAN_POINT('',(5.759812273872E0,-3.868136660915E0,0.E0));
#2254=LINE('',#2253,#2252);
#2255=CURVE_STYLE('',#34,POSITIVE_LENGTH_MEASURE(2.E-2),#5);
#2256=PRESENTATION_STYLE_ASSIGNMENT((#2255));
#2257=STYLED_ITEM('',(#2256),#2254);
#2258=DIRECTION('',(0.E0,0.E0,1.E0));
#2259=VECTOR('',#2258,5.E0);
#2260=CARTESIAN_POINT('',(5.458786489466E0,-4.282668302106E0,0.E0));
#2261=LINE('',#2260,#2259);
#2262=CURVE_STYLE('',#34,POSITIVE_LENGTH_MEASURE(2.E-2),#5);
#2263=PRESENTATION_STYLE_ASSIGNMENT((#2262));
#2264=STYLED_ITEM('',(#2263),#2261);
#2265=DIRECTION('',(0.E0,0.E0,1.E0));
#2266=VECTOR('',#2265,5.E0);
#2267=CARTESIAN_POINT('',(6.064097054184E0,-5.217923621273E0,0.E0));
#2268=LINE('',#2267,#2266);
#2269=CURVE_STYLE('',#34,POSITIVE_LENGTH_MEASURE(2.E-2),#5);
#2270=PRESENTATION_STYLE_ASSIGNMENT((#2269));
#2271=STYLED_ITEM('',(#2270),#2268);
#2272=DIRECTION('',(0.E0,0.E0,1.E0));
#2273=VECTOR('',#2272,5.E0);
#2274=CARTESIAN_POINT('',(5.823210035895E0,-5.485455758445E0,0.E0));
#2275=LINE('',#2274,#2273);
#2276=CURVE_STYLE('',#34,POSITIVE_LENGTH_MEASURE(2.E-2),#5);
#2277=PRESENTATION_STYLE_ASSIGNMENT((#2276));
#2278=STYLED_ITEM('',(#2277),#2275);
#2279=DIRECTION('',(0.E0,0.E0,1.E0));
#2280=VECTOR('',#2279,5.E0);
#2281=CARTESIAN_POINT('',(4.829958061866E0,-4.981358539369E0,0.E0));
#2282=LINE('',#2281,#2280);
#2283=CURVE_STYLE('',#34,POSITIVE_LENGTH_MEASURE(2.E-2),#5);
#2284=PRESENTATION_STYLE_ASSIGNMENT((#2283));
#2285=STYLED_ITEM('',(#2284),#2282);
#2286=DIRECTION('',(0.E0,0.E0,1.E0));
#2287=VECTOR('',#2286,5.E0);
#2288=CARTESIAN_POINT('',(4.449260902977E0,-5.324274051737E0,0.E0));
#2289=LINE('',#2288,#2287);
#2290=CURVE_STYLE('',#34,POSITIVE_LENGTH_MEASURE(2.E-2),#5);
#2291=PRESENTATION_STYLE_ASSIGNMENT((#2290));
#2292=STYLED_ITEM('',(#2291),#2289);
#2293=DIRECTION('',(0.E0,0.E0,1.E0));
#2294=VECTOR('',#2293,5.E0);
#2295=CARTESIAN_POINT('',(4.846714661510E0,-6.364696142779E0,0.E0));
#2296=LINE('',#2295,#2294);
#2297=CURVE_STYLE('',#34,POSITIVE_LENGTH_MEASURE(2.E-2),#5);
#2298=PRESENTATION_STYLE_ASSIGNMENT((#2297));
#2299=STYLED_ITEM('',(#2298),#2296);
#2300=DIRECTION('',(0.E0,0.E0,1.E0));
#2301=VECTOR('',#2300,5.E0);
#2302=CARTESIAN_POINT('',(4.555468543535E0,-6.576298833604E0,0.E0));
#2303=LINE('',#2302,#2301);
#2304=CURVE_STYLE('',#34,POSITIVE_LENGTH_MEASURE(2.E-2),#5);
#2305=PRESENTATION_STYLE_ASSIGNMENT((#2304));
#2306=STYLED_ITEM('',(#2305),#2303);
#2307=DIRECTION('',(0.E0,0.E0,1.E0));
#2308=VECTOR('',#2307,5.E0);
#2309=CARTESIAN_POINT('',(3.688883531265E0,-5.876920414183E0,0.E0));
#2310=LINE('',#2309,#2308);
#2311=CURVE_STYLE('',#34,POSITIVE_LENGTH_MEASURE(2.E-2),#5);
#2312=PRESENTATION_STYLE_ASSIGNMENT((#2311));
#2313=STYLED_ITEM('',(#2312),#2310);
#2314=DIRECTION('',(0.E0,0.E0,1.E0));
#2315=VECTOR('',#2314,5.E0);
#2316=CARTESIAN_POINT('',(3.245151003024E0,-6.133195600610E0,0.E0));
#2317=LINE('',#2316,#2315);
#2318=CURVE_STYLE('',#34,POSITIVE_LENGTH_MEASURE(2.E-2),#5);
#2319=PRESENTATION_STYLE_ASSIGNMENT((#2318));
#2320=STYLED_ITEM('',(#2319),#2317);
#2321=DIRECTION('',(0.E0,0.E0,1.E0));
#2322=VECTOR('',#2321,5.E0);
#2323=CARTESIAN_POINT('',(3.417507581011E0,-7.233300901644E0,0.E0));
#2324=LINE('',#2323,#2322);
#2325=CURVE_STYLE('',#34,POSITIVE_LENGTH_MEASURE(2.E-2),#5);
#2326=PRESENTATION_STYLE_ASSIGNMENT((#2325));
#2327=STYLED_ITEM('',(#2326),#2324);
#2328=DIRECTION('',(0.E0,0.E0,1.E0));
#2329=VECTOR('',#2328,5.E0);
#2330=CARTESIAN_POINT('',(3.088631216260E0,-7.379726093152E0,0.E0));
#2331=LINE('',#2330,#2329);
#2332=CURVE_STYLE('',#34,POSITIVE_LENGTH_MEASURE(2.E-2),#5);
#2333=PRESENTATION_STYLE_ASSIGNMENT((#2332));
#2334=STYLED_ITEM('',(#2333),#2331);
#2335=DIRECTION('',(0.E0,0.E0,1.E0));
#2336=VECTOR('',#2335,5.E0);
#2337=CARTESIAN_POINT('',(2.386468384087E0,-6.515628212819E0,0.E0));
#2338=LINE('',#2337,#2336);
#2339=CURVE_STYLE('',#34,POSITIVE_LENGTH_MEASURE(2.E-2),#5);
#2340=PRESENTATION_STYLE_ASSIGNMENT((#2339));
#2341=STYLED_ITEM('',(#2340),#2338);
#2342=DIRECTION('',(0.E0,0.E0,1.E0));
#2343=VECTOR('',#2342,5.E0);
#2344=CARTESIAN_POINT('',(1.899106257115E0,-6.674030220898E0,0.E0));
#2345=LINE('',#2344,#2343);
#2346=CURVE_STYLE('',#34,POSITIVE_LENGTH_MEASURE(2.E-2),#5);
#2347=PRESENTATION_STYLE_ASSIGNMENT((#2346));
#2348=STYLED_ITEM('',(#2347),#2345);
#2349=DIRECTION('',(0.E0,0.E0,1.E0));
#2350=VECTOR('',#2349,5.E0);
#2351=CARTESIAN_POINT('',(1.838939020201E0,-7.785775701880E0,0.E0));
#2352=LINE('',#2351,#2350);
#2353=CURVE_STYLE('',#34,POSITIVE_LENGTH_MEASURE(2.E-2),#5);
#2354=PRESENTATION_STYLE_ASSIGNMENT((#2353));
#2355=STYLED_ITEM('',(#2354),#2352);
#2356=DIRECTION('',(0.E0,0.E0,1.E0));
#2357=VECTOR('',#2356,5.E0);
#2358=CARTESIAN_POINT('',(1.486805883937E0,-7.860623910574E0,0.E0));
#2359=LINE('',#2358,#2357);
#2360=CURVE_STYLE('',#34,POSITIVE_LENGTH_MEASURE(2.E-2),#5);
#2361=PRESENTATION_STYLE_ASSIGNMENT((#2360));
#2362=STYLED_ITEM('',(#2361),#2359);
#2363=DIRECTION('',(0.E0,0.E0,1.E0));
#2364=VECTOR('',#2363,5.E0);
#2365=CARTESIAN_POINT('',(9.796647347449E-1,-6.869522022295E0,0.E0));
#2366=LINE('',#2365,#2364);
#2367=CURVE_STYLE('',#34,POSITIVE_LENGTH_MEASURE(2.E-2),#5);
#2368=PRESENTATION_STYLE_ASSIGNMENT((#2367));
#2369=STYLED_ITEM('',(#2368),#2366);
#2370=DIRECTION('',(0.E0,0.E0,1.E0));
#2371=VECTOR('',#2370,5.E0);
#2372=CARTESIAN_POINT('',(4.699972034168E-1,-6.923105912689E0,0.E0));
#2373=LINE('',#2372,#2371);
#2374=CURVE_STYLE('',#34,POSITIVE_LENGTH_MEASURE(2.E-2),#5);
#2375=PRESENTATION_STYLE_ASSIGNMENT((#2374));
#2376=STYLED_ITEM('',(#2375),#2373);
#2377=DIRECTION('',(0.E0,0.E0,1.E0));
#2378=VECTOR('',#2377,5.E0);
#2379=CARTESIAN_POINT('',(1.8E-1,-7.997974743646E0,0.E0));
#2380=LINE('',#2379,#2378);
#2381=CURVE_STYLE('',#34,POSITIVE_LENGTH_MEASURE(2.E-2),#5);
#2382=PRESENTATION_STYLE_ASSIGNMENT((#2381));
#2383=STYLED_ITEM('',(#2382),#2380);
#2384=DIRECTION('',(0.E0,0.E0,1.E0));
#2385=VECTOR('',#2384,5.E0);
#2386=CARTESIAN_POINT('',(-1.8E-1,-7.997974743646E0,0.E0));
#2387=LINE('',#2386,#2385);
#2388=CURVE_STYLE('',#34,POSITIVE_LENGTH_MEASURE(2.E-2),#5);
#2389=PRESENTATION_STYLE_ASSIGNMENT((#2388));
#2390=STYLED_ITEM('',(#2389),#2387);
#2391=DIRECTION('',(0.E0,0.E0,1.E0));
#2392=VECTOR('',#2391,5.E0);
#2393=CARTESIAN_POINT('',(-4.699972034168E-1,-6.923105912689E0,0.E0));
#2394=LINE('',#2393,#2392);
#2395=CURVE_STYLE('',#34,POSITIVE_LENGTH_MEASURE(2.E-2),#5);
#2396=PRESENTATION_STYLE_ASSIGNMENT((#2395));
#2397=STYLED_ITEM('',(#2396),#2394);
#2398=DIRECTION('',(0.E0,0.E0,1.E0));
#2399=VECTOR('',#2398,5.E0);
#2400=CARTESIAN_POINT('',(-9.796647347449E-1,-6.869522022295E0,0.E0));
#2401=LINE('',#2400,#2399);
#2402=CURVE_STYLE('',#34,POSITIVE_LENGTH_MEASURE(2.E-2),#5);
#2403=PRESENTATION_STYLE_ASSIGNMENT((#2402));
#2404=STYLED_ITEM('',(#2403),#2401);
#2405=DIRECTION('',(0.E0,0.E0,1.E0));
#2406=VECTOR('',#2405,5.E0);
#2407=CARTESIAN_POINT('',(-1.486805883937E0,-7.860623910574E0,0.E0));
#2408=LINE('',#2407,#2406);
#2409=CURVE_STYLE('',#34,POSITIVE_LENGTH_MEASURE(2.E-2),#5);
#2410=PRESENTATION_STYLE_ASSIGNMENT((#2409));
#2411=STYLED_ITEM('',(#2410),#2408);
#2412=DIRECTION('',(0.E0,0.E0,1.E0));
#2413=VECTOR('',#2412,5.E0);
#2414=CARTESIAN_POINT('',(-1.838939020201E0,-7.785775701880E0,0.E0));
#2415=LINE('',#2414,#2413);
#2416=CURVE_STYLE('',#34,POSITIVE_LENGTH_MEASURE(2.E-2),#5);
#2417=PRESENTATION_STYLE_ASSIGNMENT((#2416));
#2418=STYLED_ITEM('',(#2417),#2415);
#2419=DIRECTION('',(0.E0,0.E0,1.E0));
#2420=VECTOR('',#2419,5.E0);
#2421=CARTESIAN_POINT('',(-1.899106257115E0,-6.674030220898E0,0.E0));
#2422=LINE('',#2421,#2420);
#2423=CURVE_STYLE('',#34,POSITIVE_LENGTH_MEASURE(2.E-2),#5);
#2424=PRESENTATION_STYLE_ASSIGNMENT((#2423));
#2425=STYLED_ITEM('',(#2424),#2422);
#2426=DIRECTION('',(0.E0,0.E0,1.E0));
#2427=VECTOR('',#2426,5.E0);
#2428=CARTESIAN_POINT('',(-2.386468384087E0,-6.515628212819E0,0.E0));
#2429=LINE('',#2428,#2427);
#2430=CURVE_STYLE('',#34,POSITIVE_LENGTH_MEASURE(2.E-2),#5);
#2431=PRESENTATION_STYLE_ASSIGNMENT((#2430));
#2432=STYLED_ITEM('',(#2431),#2429);
#2433=DIRECTION('',(0.E0,0.E0,1.E0));
#2434=VECTOR('',#2433,5.E0);
#2435=CARTESIAN_POINT('',(-3.088631216260E0,-7.379726093152E0,0.E0));
#2436=LINE('',#2435,#2434);
#2437=CURVE_STYLE('',#34,POSITIVE_LENGTH_MEASURE(2.E-2),#5);
#2438=PRESENTATION_STYLE_ASSIGNMENT((#2437));
#2439=STYLED_ITEM('',(#2438),#2436);
#2440=DIRECTION('',(0.E0,0.E0,1.E0));
#2441=VECTOR('',#2440,5.E0);
#2442=CARTESIAN_POINT('',(-3.417507581011E0,-7.233300901644E0,0.E0));
#2443=LINE('',#2442,#2441);
#2444=CURVE_STYLE('',#34,POSITIVE_LENGTH_MEASURE(2.E-2),#5);
#2445=PRESENTATION_STYLE_ASSIGNMENT((#2444));
#2446=STYLED_ITEM('',(#2445),#2443);
#2447=DIRECTION('',(0.E0,0.E0,1.E0));
#2448=VECTOR('',#2447,5.E0);
#2449=CARTESIAN_POINT('',(-3.245151003024E0,-6.133195600610E0,0.E0));
#2450=LINE('',#2449,#2448);
#2451=CURVE_STYLE('',#34,POSITIVE_LENGTH_MEASURE(2.E-2),#5);
#2452=PRESENTATION_STYLE_ASSIGNMENT((#2451));
#2453=STYLED_ITEM('',(#2452),#2450);
#2454=DIRECTION('',(0.E0,0.E0,1.E0));
#2455=VECTOR('',#2454,5.E0);
#2456=CARTESIAN_POINT('',(-3.688883531265E0,-5.876920414183E0,0.E0));
#2457=LINE('',#2456,#2455);
#2458=CURVE_STYLE('',#34,POSITIVE_LENGTH_MEASURE(2.E-2),#5);
#2459=PRESENTATION_STYLE_ASSIGNMENT((#2458));
#2460=STYLED_ITEM('',(#2459),#2457);
#2461=DIRECTION('',(0.E0,0.E0,1.E0));
#2462=VECTOR('',#2461,5.E0);
#2463=CARTESIAN_POINT('',(-4.555468543535E0,-6.576298833604E0,0.E0));
#2464=LINE('',#2463,#2462);
#2465=CURVE_STYLE('',#34,POSITIVE_LENGTH_MEASURE(2.E-2),#5);
#2466=PRESENTATION_STYLE_ASSIGNMENT((#2465));
#2467=STYLED_ITEM('',(#2466),#2464);
#2468=DIRECTION('',(0.E0,0.E0,1.E0));
#2469=VECTOR('',#2468,5.E0);
#2470=CARTESIAN_POINT('',(-4.846714661510E0,-6.364696142779E0,0.E0));
#2471=LINE('',#2470,#2469);
#2472=CURVE_STYLE('',#34,POSITIVE_LENGTH_MEASURE(2.E-2),#5);
#2473=PRESENTATION_STYLE_ASSIGNMENT((#2472));
#2474=STYLED_ITEM('',(#2473),#2471);
#2475=DIRECTION('',(0.E0,0.E0,1.E0));
#2476=VECTOR('',#2475,5.E0);
#2477=CARTESIAN_POINT('',(-4.449260902977E0,-5.324274051737E0,0.E0));
#2478=LINE('',#2477,#2476);
#2479=CURVE_STYLE('',#34,POSITIVE_LENGTH_MEASURE(2.E-2),#5);
#2480=PRESENTATION_STYLE_ASSIGNMENT((#2479));
#2481=STYLED_ITEM('',(#2480),#2478);
#2482=DIRECTION('',(0.E0,0.E0,1.E0));
#2483=VECTOR('',#2482,5.E0);
#2484=CARTESIAN_POINT('',(-4.829958061866E0,-4.981358539369E0,0.E0));
#2485=LINE('',#2484,#2483);
#2486=CURVE_STYLE('',#34,POSITIVE_LENGTH_MEASURE(2.E-2),#5);
#2487=PRESENTATION_STYLE_ASSIGNMENT((#2486));
#2488=STYLED_ITEM('',(#2487),#2485);
#2489=DIRECTION('',(0.E0,0.E0,1.E0));
#2490=VECTOR('',#2489,5.E0);
#2491=CARTESIAN_POINT('',(-5.823210035895E0,-5.485455758445E0,0.E0));
#2492=LINE('',#2491,#2490);
#2493=CURVE_STYLE('',#34,POSITIVE_LENGTH_MEASURE(2.E-2),#5);
#2494=PRESENTATION_STYLE_ASSIGNMENT((#2493));
#2495=STYLED_ITEM('',(#2494),#2492);
#2496=DIRECTION('',(0.E0,0.E0,1.E0));
#2497=VECTOR('',#2496,5.E0);
#2498=CARTESIAN_POINT('',(-6.064097054184E0,-5.217923621273E0,0.E0));
#2499=LINE('',#2498,#2497);
#2500=CURVE_STYLE('',#34,POSITIVE_LENGTH_MEASURE(2.E-2),#5);
#2501=PRESENTATION_STYLE_ASSIGNMENT((#2500));
#2502=STYLED_ITEM('',(#2501),#2499);
#2503=DIRECTION('',(0.E0,0.E0,1.E0));
#2504=VECTOR('',#2503,5.E0);
#2505=CARTESIAN_POINT('',(-5.458786489466E0,-4.282668302106E0,0.E0));
#2506=LINE('',#2505,#2504);
#2507=CURVE_STYLE('',#34,POSITIVE_LENGTH_MEASURE(2.E-2),#5);
#2508=PRESENTATION_STYLE_ASSIGNMENT((#2507));
#2509=STYLED_ITEM('',(#2508),#2506);
#2510=DIRECTION('',(0.E0,0.E0,1.E0));
#2511=VECTOR('',#2510,5.E0);
#2512=CARTESIAN_POINT('',(-5.759812273872E0,-3.868136660915E0,0.E0));
#2513=LINE('',#2512,#2511);
#2514=CURVE_STYLE('',#34,POSITIVE_LENGTH_MEASURE(2.E-2),#5);
#2515=PRESENTATION_STYLE_ASSIGNMENT((#2514));
#2516=STYLED_ITEM('',(#2515),#2513);
#2517=DIRECTION('',(0.E0,0.E0,1.E0));
#2518=VECTOR('',#2517,5.E0);
#2519=CARTESIAN_POINT('',(-6.836449306824E0,-4.154871944504E0,0.E0));
#2520=LINE('',#2519,#2518);
#2521=CURVE_STYLE('',#34,POSITIVE_LENGTH_MEASURE(2.E-2),#5);
#2522=PRESENTATION_STYLE_ASSIGNMENT((#2521));
#2523=STYLED_ITEM('',(#2522),#2520);
#2524=DIRECTION('',(0.E0,0.E0,1.E0));
#2525=VECTOR('',#2524,5.E0);
#2526=CARTESIAN_POINT('',(-7.016449306824E0,-3.843102799142E0,0.E0));
#2527=LINE('',#2526,#2525);
#2528=CURVE_STYLE('',#34,POSITIVE_LENGTH_MEASURE(2.E-2),#5);
#2529=PRESENTATION_STYLE_ASSIGNMENT((#2528));
#2530=STYLED_ITEM('',(#2529),#2527);
#2531=DIRECTION('',(0.E0,0.E0,1.E0));
#2532=VECTOR('',#2531,5.E0);
#2533=CARTESIAN_POINT('',(-6.229604575161E0,-3.053956064850E0,0.E0));
#2534=LINE('',#2533,#2532);
#2535=CURVE_STYLE('',#34,POSITIVE_LENGTH_MEASURE(2.E-2),#5);
#2536=PRESENTATION_STYLE_ASSIGNMENT((#2535));
#2537=STYLED_ITEM('',(#2536),#2534);
#2538=DIRECTION('',(0.E0,0.E0,1.E0));
#2539=VECTOR('',#2538,5.E0);
#2540=CARTESIAN_POINT('',(-6.437820451295E0,-2.585960754700E0,0.E0));
#2541=LINE('',#2540,#2539);
#2542=CURVE_STYLE('',#34,POSITIVE_LENGTH_MEASURE(2.E-2),#5);
#2543=PRESENTATION_STYLE_ASSIGNMENT((#2542));
#2544=STYLED_ITEM('',(#2543),#2541);
#2545=DIRECTION('',(0.E0,0.E0,1.E0));
#2546=VECTOR('',#2545,5.E0);
#2547=CARTESIAN_POINT('',(-7.550902938121E0,-2.642700289301E0,0.E0));
#2548=LINE('',#2547,#2546);
#2549=CURVE_STYLE('',#34,POSITIVE_LENGTH_MEASURE(2.E-2),#5);
#2550=PRESENTATION_STYLE_ASSIGNMENT((#2549));
#2551=STYLED_ITEM('',(#2550),#2548);
#2552=DIRECTION('',(0.E0,0.E0,1.E0));
#2553=VECTOR('',#2552,5.E0);
#2554=CARTESIAN_POINT('',(-7.662149056096E0,-2.300319943435E0,0.E0));
#2555=LINE('',#2554,#2553);
#2556=CURVE_STYLE('',#34,POSITIVE_LENGTH_MEASURE(2.E-2),#5);
#2557=PRESENTATION_STYLE_ASSIGNMENT((#2556));
#2558=STYLED_ITEM('',(#2557),#2555);
#2559=DIRECTION('',(0.E0,0.E0,1.E0));
#2560=VECTOR('',#2559,5.E0);
#2561=CARTESIAN_POINT('',(-6.728047011871E0,-1.691888632125E0,0.E0));
#2562=LINE('',#2561,#2560);
#2563=CURVE_STYLE('',#34,POSITIVE_LENGTH_MEASURE(2.E-2),#5);
#2564=PRESENTATION_STYLE_ASSIGNMENT((#2563));
#2565=STYLED_ITEM('',(#2564),#2562);
#2566=DIRECTION('',(0.E0,0.E0,1.E0));
#2567=VECTOR('',#2566,5.E0);
#2568=CARTESIAN_POINT('',(-6.834384081966E0,-1.190910887054E0,0.E0));
#2569=LINE('',#2568,#2567);
#2570=CURVE_STYLE('',#34,POSITIVE_LENGTH_MEASURE(2.E-2),#5);
#2571=PRESENTATION_STYLE_ASSIGNMENT((#2570));
#2572=STYLED_ITEM('',(#2571),#2569);
#2573=DIRECTION('',(0.E0,0.E0,1.E0));
#2574=VECTOR('',#2573,5.E0);
#2575=CARTESIAN_POINT('',(-7.935345877770E0,-1.015029950373E0,0.E0));
#2576=LINE('',#2575,#2574);
#2577=CURVE_STYLE('',#34,POSITIVE_LENGTH_MEASURE(2.E-2),#5);
#2578=PRESENTATION_STYLE_ASSIGNMENT((#2577));
#2579=STYLED_ITEM('',(#2578),#2576);
#2580=DIRECTION('',(0.E0,0.E0,1.E0));
#2581=VECTOR('',#2580,5.E0);
#2582=CARTESIAN_POINT('',(-7.972976124547E0,-6.570020680405E-1,0.E0));
#2583=LINE('',#2582,#2581);
#2584=CURVE_STYLE('',#34,POSITIVE_LENGTH_MEASURE(2.E-2),#5);
#2585=PRESENTATION_STYLE_ASSIGNMENT((#2584));
#2586=STYLED_ITEM('',(#2585),#2583);
#2587=DIRECTION('',(6.946351786694E-5,1.353815173181E-5,9.999999974958E-1));
#2588=VECTOR('',#2587,5.000000012521E0);
#2589=CARTESIAN_POINT('',(-6.932367895832E0,-2.560639376151E-1,0.E0));
#2590=LINE('',#2589,#2588);
#2591=CURVE_STYLE('',#34,POSITIVE_LENGTH_MEASURE(2.E-2),#5);
#2592=PRESENTATION_STYLE_ASSIGNMENT((#2591));
#2593=STYLED_ITEM('',(#2592),#2590);
#2594=DIRECTION('',(-6.450374094607E-5,1.256958530054E-5,9.999999978406E-1));
#2595=VECTOR('',#2594,5.000000010797E0);
#2596=CARTESIAN_POINT('',(-6.931896401433E0,2.559831086844E-1,0.E0));
#2597=LINE('',#2596,#2595);
#2598=CURVE_STYLE('',#34,POSITIVE_LENGTH_MEASURE(2.E-2),#5);
#2599=PRESENTATION_STYLE_ASSIGNMENT((#2598));
#2600=STYLED_ITEM('',(#2599),#2597);
#2601=DIRECTION('',(0.E0,0.E0,1.E0));
#2602=VECTOR('',#2601,5.E0);
#2603=CARTESIAN_POINT('',(-7.972976124547E0,6.570020680406E-1,0.E0));
#2604=LINE('',#2603,#2602);
#2605=CURVE_STYLE('',#34,POSITIVE_LENGTH_MEASURE(2.E-2),#5);
#2606=PRESENTATION_STYLE_ASSIGNMENT((#2605));
#2607=STYLED_ITEM('',(#2606),#2604);
#2608=DIRECTION('',(0.E0,0.E0,1.E0));
#2609=VECTOR('',#2608,5.E0);
#2610=CARTESIAN_POINT('',(-7.935345877770E0,1.015029950373E0,0.E0));
#2611=LINE('',#2610,#2609);
#2612=CURVE_STYLE('',#34,POSITIVE_LENGTH_MEASURE(2.E-2),#5);
#2613=PRESENTATION_STYLE_ASSIGNMENT((#2612));
#2614=STYLED_ITEM('',(#2613),#2611);
#2615=DIRECTION('',(5.652114980219E-5,-9.630940900051E-7,9.999999984022E-1));
#2616=VECTOR('',#2615,5.000000007989E0);
#2617=CARTESIAN_POINT('',(-6.833695581620E0,1.190814157731E0,0.E0));
#2618=LINE('',#2617,#2616);
#2619=CURVE_STYLE('',#34,POSITIVE_LENGTH_MEASURE(2.E-2),#5);
#2620=PRESENTATION_STYLE_ASSIGNMENT((#2619));
#2621=STYLED_ITEM('',(#2620),#2618);
#2622=DIRECTION('',(-4.747691792513E-5,2.017445762308E-5,9.999999986695E-1));
#2623=VECTOR('',#2622,5.000000006653E0);
#2624=CARTESIAN_POINT('',(-6.726863055825E0,1.691503194962E0,0.E0));
#2625=LINE('',#2624,#2623);
#2626=CURVE_STYLE('',#34,POSITIVE_LENGTH_MEASURE(2.E-2),#5);
#2627=PRESENTATION_STYLE_ASSIGNMENT((#2626));
#2628=STYLED_ITEM('',(#2627),#2625);
#2629=DIRECTION('',(0.E0,0.E0,1.E0));
#2630=VECTOR('',#2629,5.E0);
#2631=CARTESIAN_POINT('',(-7.662149056096E0,2.300319943435E0,0.E0));
#2632=LINE('',#2631,#2630);
#2633=CURVE_STYLE('',#34,POSITIVE_LENGTH_MEASURE(2.E-2),#5);
#2634=PRESENTATION_STYLE_ASSIGNMENT((#2633));
#2635=STYLED_ITEM('',(#2634),#2632);
#2636=DIRECTION('',(0.E0,0.E0,1.E0));
#2637=VECTOR('',#2636,5.E0);
#2638=CARTESIAN_POINT('',(-7.550902938121E0,2.642700289301E0,0.E0));
#2639=LINE('',#2638,#2637);
#2640=CURVE_STYLE('',#34,POSITIVE_LENGTH_MEASURE(2.E-2),#5);
#2641=PRESENTATION_STYLE_ASSIGNMENT((#2640));
#2642=STYLED_ITEM('',(#2641),#2639);
#2643=DIRECTION('',(4.167404996175E-5,-9.606422492600E-6,9.999999990855E-1));
#2644=VECTOR('',#2643,5.000000004573E0);
#2645=CARTESIAN_POINT('',(-6.436388169445E0,2.585476814598E0,0.E0));
#2646=LINE('',#2645,#2644);
#2647=CURVE_STYLE('',#34,POSITIVE_LENGTH_MEASURE(2.E-2),#5);
#2648=PRESENTATION_STYLE_ASSIGNMENT((#2647));
#2649=STYLED_ITEM('',(#2648),#2646);
#2650=DIRECTION('',(-3.124452932681E-5,2.189212328890E-5,9.999999992723E-1));
#2651=VECTOR('',#2650,5.000000003639E0);
#2652=CARTESIAN_POINT('',(-6.227894175172E0,3.052967138017E0,0.E0));
#2653=LINE('',#2652,#2651);
#2654=CURVE_STYLE('',#34,POSITIVE_LENGTH_MEASURE(2.E-2),#5);
#2655=PRESENTATION_STYLE_ASSIGNMENT((#2654));
#2656=STYLED_ITEM('',(#2655),#2653);
#2657=DIRECTION('',(0.E0,0.E0,1.E0));
#2658=VECTOR('',#2657,5.E0);
#2659=CARTESIAN_POINT('',(-7.016449306824E0,3.843102799142E0,0.E0));
#2660=LINE('',#2659,#2658);
#2661=CURVE_STYLE('',#34,POSITIVE_LENGTH_MEASURE(2.E-2),#5);
#2662=PRESENTATION_STYLE_ASSIGNMENT((#2661));
#2663=STYLED_ITEM('',(#2662),#2660);
#2664=DIRECTION('',(0.E0,0.E0,1.E0));
#2665=VECTOR('',#2664,5.E0);
#2666=CARTESIAN_POINT('',(-6.836449306824E0,4.154871944504E0,0.E0));
#2667=LINE('',#2666,#2665);
#2668=CURVE_STYLE('',#34,POSITIVE_LENGTH_MEASURE(2.E-2),#5);
#2669=PRESENTATION_STYLE_ASSIGNMENT((#2668));
#2670=STYLED_ITEM('',(#2669),#2667);
#2671=DIRECTION('',(2.730156923386E-5,-1.272212911028E-5,9.999999995464E-1));
#2672=VECTOR('',#2671,5.000000002268E0);
#2673=CARTESIAN_POINT('',(-5.757858754460E0,3.866995390409E0,0.E0));
#2674=LINE('',#2673,#2672);
#2675=CURVE_STYLE('',#34,POSITIVE_LENGTH_MEASURE(2.E-2),#5);
#2676=PRESENTATION_STYLE_ASSIGNMENT((#2675));
#2677=STYLED_ITEM('',(#2676),#2674);
#2678=DIRECTION('',(-1.809800005001E-5,1.858418298482E-5,9.999999996635E-1));
#2679=VECTOR('',#2678,5.000000001682E0);
#2680=CARTESIAN_POINT('',(-5.456829665035E0,4.280904054131E0,0.E0));
#2681=LINE('',#2680,#2679);
#2682=CURVE_STYLE('',#34,POSITIVE_LENGTH_MEASURE(2.E-2),#5);
#2683=PRESENTATION_STYLE_ASSIGNMENT((#2682));
#2684=STYLED_ITEM('',(#2683),#2681);
#2685=DIRECTION('',(0.E0,0.E0,1.E0));
#2686=VECTOR('',#2685,5.E0);
#2687=CARTESIAN_POINT('',(-6.064097054184E0,5.217923621273E0,0.E0));
#2688=LINE('',#2687,#2686);
#2689=CURVE_STYLE('',#34,POSITIVE_LENGTH_MEASURE(2.E-2),#5);
#2690=PRESENTATION_STYLE_ASSIGNMENT((#2689));
#2691=STYLED_ITEM('',(#2690),#2688);
#2692=DIRECTION('',(0.E0,0.E0,1.E0));
#2693=VECTOR('',#2692,5.E0);
#2694=CARTESIAN_POINT('',(-5.823210035895E0,5.485455758445E0,0.E0));
#2695=LINE('',#2694,#2693);
#2696=CURVE_STYLE('',#34,POSITIVE_LENGTH_MEASURE(2.E-2),#5);
#2697=PRESENTATION_STYLE_ASSIGNMENT((#2696));
#2698=STYLED_ITEM('',(#2697),#2695);
#2699=DIRECTION('',(1.498021021374E-5,-1.180648745097E-5,9.999999998181E-1));
#2700=VECTOR('',#2699,5.000000000909E0);
#2701=CARTESIAN_POINT('',(-4.827795136618E0,4.979405316336E0,0.E0));
#2702=LINE('',#2701,#2700);
#2703=CURVE_STYLE('',#34,POSITIVE_LENGTH_MEASURE(2.E-2),#5);
#2704=PRESENTATION_STYLE_ASSIGNMENT((#2703));
#2705=STYLED_ITEM('',(#2704),#2702);
#2706=DIRECTION('',(-8.379999687090E-6,1.328448324958E-5,9.999999998766E-1));
#2707=VECTOR('',#2706,5.000000000617E0);
#2708=CARTESIAN_POINT('',(-4.447385646541E0,5.321689342691E0,0.E0));
#2709=LINE('',#2708,#2707);
#2710=CURVE_STYLE('',#34,POSITIVE_LENGTH_MEASURE(2.E-2),#5);
#2711=PRESENTATION_STYLE_ASSIGNMENT((#2710));
#2712=STYLED_ITEM('',(#2711),#2709);
#2713=DIRECTION('',(0.E0,0.E0,1.E0));
#2714=VECTOR('',#2713,5.E0);
#2715=CARTESIAN_POINT('',(-4.846714661510E0,6.364696142779E0,0.E0));
#2716=LINE('',#2715,#2714);
#2717=CURVE_STYLE('',#34,POSITIVE_LENGTH_MEASURE(2.E-2),#5);
#2718=PRESENTATION_STYLE_ASSIGNMENT((#2717));
#2719=STYLED_ITEM('',(#2718),#2716);
#2720=DIRECTION('',(0.E0,0.E0,1.E0));
#2721=VECTOR('',#2720,5.E0);
#2722=CARTESIAN_POINT('',(-4.555468543535E0,6.576298833604E0,0.E0));
#2723=LINE('',#2722,#2721);
#2724=CURVE_STYLE('',#34,POSITIVE_LENGTH_MEASURE(2.E-2),#5);
#2725=PRESENTATION_STYLE_ASSIGNMENT((#2724));
#2726=STYLED_ITEM('',(#2725),#2723);
#2727=DIRECTION('',(6.570955726390E-6,-7.899610828526E-6,9.999999999472E-1));
#2728=VECTOR('',#2727,5.000000000264E0);
#2729=CARTESIAN_POINT('',(-3.686863251121E0,5.874138037543E0,0.E0));
#2730=LINE('',#2729,#2728);
#2731=CURVE_STYLE('',#34,POSITIVE_LENGTH_MEASURE(2.E-2),#5);
#2732=PRESENTATION_STYLE_ASSIGNMENT((#2731));
#2733=STYLED_ITEM('',(#2732),#2730);
#2734=DIRECTION('',(-2.685461188009E-6,7.280462225048E-6,9.999999999699E-1));
#2735=VECTOR('',#2734,5.000000000151E0);
#2736=CARTESIAN_POINT('',(-3.243677979182E0,6.129881062565E0,0.E0));
#2737=LINE('',#2736,#2735);
#2738=CURVE_STYLE('',#34,POSITIVE_LENGTH_MEASURE(2.E-2),#5);
#2739=PRESENTATION_STYLE_ASSIGNMENT((#2738));
#2740=STYLED_ITEM('',(#2739),#2737);
#2741=DIRECTION('',(0.E0,0.E0,1.E0));
#2742=VECTOR('',#2741,5.E0);
#2743=CARTESIAN_POINT('',(-3.417507581011E0,7.233300901644E0,0.E0));
#2744=LINE('',#2743,#2742);
#2745=CURVE_STYLE('',#34,POSITIVE_LENGTH_MEASURE(2.E-2),#5);
#2746=PRESENTATION_STYLE_ASSIGNMENT((#2745));
#2747=STYLED_ITEM('',(#2746),#2744);
#2748=DIRECTION('',(0.E0,0.E0,1.E0));
#2749=VECTOR('',#2748,5.E0);
#2750=CARTESIAN_POINT('',(-3.088631216260E0,7.379726093152E0,0.E0));
#2751=LINE('',#2750,#2749);
#2752=CURVE_STYLE('',#34,POSITIVE_LENGTH_MEASURE(2.E-2),#5);
#2753=PRESENTATION_STYLE_ASSIGNMENT((#2752));
#2754=STYLED_ITEM('',(#2753),#2751);
#2755=DIRECTION('',(0.E0,0.E0,1.E0));
#2756=VECTOR('',#2755,5.E0);
#2757=CARTESIAN_POINT('',(-2.384922911776E0,6.512155296169E0,0.E0));
#2758=LINE('',#2757,#2756);
#2759=CURVE_STYLE('',#34,POSITIVE_LENGTH_MEASURE(2.E-2),#5);
#2760=PRESENTATION_STYLE_ASSIGNMENT((#2759));
#2761=STYLED_ITEM('',(#2760),#2758);
#2762=DIRECTION('',(0.E0,0.E0,-1.E0));
#2763=VECTOR('',#2762,5.E0);
#2764=CARTESIAN_POINT('',(4.E0,0.E0,5.E0));
#2765=LINE('',#2764,#2763);
#2766=CURVE_STYLE('',#34,POSITIVE_LENGTH_MEASURE(2.E-2),#5);
#2767=PRESENTATION_STYLE_ASSIGNMENT((#2766));
#2768=STYLED_ITEM('',(#2767),#2765);
#2769=DIRECTION('',(0.E0,0.E0,-1.E0));
#2770=VECTOR('',#2769,5.E0);
#2771=CARTESIAN_POINT('',(-4.E0,0.E0,5.E0));
#2772=LINE('',#2771,#2770);
#2773=CURVE_STYLE('',#34,POSITIVE_LENGTH_MEASURE(2.E-2),#5);
#2774=PRESENTATION_STYLE_ASSIGNMENT((#2773));
#2775=STYLED_ITEM('',(#2774),#2772);
#2776=CARTESIAN_POINT('',(1.8E-1,7.997974743646E0,0.E0));
#2777=CARTESIAN_POINT('',(-1.8E-1,7.997974743646E0,0.E0));
#2778=VERTEX_POINT('',#2776);
#2779=VERTEX_POINT('',#2777);
#2780=CARTESIAN_POINT('',(1.8E-1,7.997974743646E0,5.E0));
#2781=CARTESIAN_POINT('',(-1.8E-1,7.997974743646E0,5.E0));
#2782=VERTEX_POINT('',#2780);
#2783=VERTEX_POINT('',#2781);
#2784=CARTESIAN_POINT('',(-4.7E-1,6.919055210070E0,0.E0));
#2785=CARTESIAN_POINT('',(-4.7E-1,6.919055210070E0,5.E0));
#2786=VERTEX_POINT('',#2784);
#2787=VERTEX_POINT('',#2785);
#2788=CARTESIAN_POINT('',(4.7E-1,6.919055210070E0,0.E0));
#2789=CARTESIAN_POINT('',(4.7E-1,6.919055210070E0,5.E0));
#2790=VERTEX_POINT('',#2788);
#2791=VERTEX_POINT('',#2789);
#2792=CARTESIAN_POINT('',(6.833703660036E0,1.190765215407E0,5.E0));
#2793=CARTESIAN_POINT('',(6.727118183060E0,1.691531879931E0,5.E0));
#2794=VERTEX_POINT('',#2792);
#2795=VERTEX_POINT('',#2793);
#2796=CARTESIAN_POINT('',(6.833681037107E0,1.190894818840E0,0.E0));
#2797=CARTESIAN_POINT('',(6.727088983780E0,1.691647860578E0,0.E0));
#2798=VERTEX_POINT('',#2796);
#2799=VERTEX_POINT('',#2797);
#2800=CARTESIAN_POINT('',(-1.486805883937E0,7.860623910574E0,0.E0));
#2801=CARTESIAN_POINT('',(-1.838939020201E0,7.785775701880E0,0.E0));
#2802=VERTEX_POINT('',#2800);
#2803=VERTEX_POINT('',#2801);
#2804=CARTESIAN_POINT('',(-1.486805883937E0,7.860623910574E0,5.E0));
#2805=CARTESIAN_POINT('',(-1.838939020201E0,7.785775701880E0,5.E0));
#2806=VERTEX_POINT('',#2804);
#2807=VERTEX_POINT('',#2805);
#2808=CARTESIAN_POINT('',(-3.088631216260E0,7.379726093152E0,0.E0));
#2809=CARTESIAN_POINT('',(-3.417507581011E0,7.233300901644E0,0.E0));
#2810=VERTEX_POINT('',#2808);
#2811=VERTEX_POINT('',#2809);
#2812=CARTESIAN_POINT('',(-3.088631216260E0,7.379726093152E0,5.E0));
#2813=CARTESIAN_POINT('',(-3.417507581011E0,7.233300901644E0,5.E0));
#2814=VERTEX_POINT('',#2812);
#2815=VERTEX_POINT('',#2813);
#2816=CARTESIAN_POINT('',(-4.555468543535E0,6.576298833604E0,0.E0));
#2817=CARTESIAN_POINT('',(-4.846714661510E0,6.364696142779E0,0.E0));
#2818=VERTEX_POINT('',#2816);
#2819=VERTEX_POINT('',#2817);
#2820=CARTESIAN_POINT('',(-4.555468543535E0,6.576298833604E0,5.E0));
#2821=CARTESIAN_POINT('',(-4.846714661510E0,6.364696142779E0,5.E0));
#2822=VERTEX_POINT('',#2820);
#2823=VERTEX_POINT('',#2821);
#2824=CARTESIAN_POINT('',(-5.823210035895E0,5.485455758445E0,0.E0));
#2825=CARTESIAN_POINT('',(-6.064097054184E0,5.217923621273E0,0.E0));
#2826=VERTEX_POINT('',#2824);
#2827=VERTEX_POINT('',#2825);
#2828=CARTESIAN_POINT('',(-5.823210035895E0,5.485455758445E0,5.E0));
#2829=CARTESIAN_POINT('',(-6.064097054184E0,5.217923621273E0,5.E0));
#2830=VERTEX_POINT('',#2828);
#2831=VERTEX_POINT('',#2829);
#2832=CARTESIAN_POINT('',(-6.836449306824E0,4.154871944504E0,0.E0));
#2833=CARTESIAN_POINT('',(-7.016449306824E0,3.843102799142E0,0.E0));
#2834=VERTEX_POINT('',#2832);
#2835=VERTEX_POINT('',#2833);
#2836=CARTESIAN_POINT('',(-6.836449306824E0,4.154871944504E0,5.E0));
#2837=CARTESIAN_POINT('',(-7.016449306824E0,3.843102799142E0,5.E0));
#2838=VERTEX_POINT('',#2836);
#2839=VERTEX_POINT('',#2837);
#2840=CARTESIAN_POINT('',(-7.550902938121E0,2.642700289301E0,0.E0));
#2841=CARTESIAN_POINT('',(-7.662149056096E0,2.300319943435E0,0.E0));
#2842=VERTEX_POINT('',#2840);
#2843=VERTEX_POINT('',#2841);
#2844=CARTESIAN_POINT('',(-7.550902938121E0,2.642700289301E0,5.E0));
#2845=CARTESIAN_POINT('',(-7.662149056096E0,2.300319943435E0,5.E0));
#2846=VERTEX_POINT('',#2844);
#2847=VERTEX_POINT('',#2845);
#2848=CARTESIAN_POINT('',(-7.935345877770E0,1.015029950373E0,0.E0));
#2849=CARTESIAN_POINT('',(-7.972976124547E0,6.570020680406E-1,0.E0));
#2850=VERTEX_POINT('',#2848);
#2851=VERTEX_POINT('',#2849);
#2852=CARTESIAN_POINT('',(-7.935345877770E0,1.015029950373E0,5.E0));
#2853=CARTESIAN_POINT('',(-7.972976124547E0,6.570020680406E-1,5.E0));
#2854=VERTEX_POINT('',#2852);
#2855=VERTEX_POINT('',#2853);
#2856=CARTESIAN_POINT('',(-7.972976124547E0,-6.570020680405E-1,0.E0));
#2857=CARTESIAN_POINT('',(-7.935345877770E0,-1.015029950373E0,0.E0));
#2858=VERTEX_POINT('',#2856);
#2859=VERTEX_POINT('',#2857);
#2860=CARTESIAN_POINT('',(-7.972976124547E0,-6.570020680405E-1,5.E0));
#2861=CARTESIAN_POINT('',(-7.935345877770E0,-1.015029950373E0,5.E0));
#2862=VERTEX_POINT('',#2860);
#2863=VERTEX_POINT('',#2861);
#2864=CARTESIAN_POINT('',(-7.662149056096E0,-2.300319943435E0,0.E0));
#2865=CARTESIAN_POINT('',(-7.550902938121E0,-2.642700289301E0,0.E0));
#2866=VERTEX_POINT('',#2864);
#2867=VERTEX_POINT('',#2865);
#2868=CARTESIAN_POINT('',(-7.662149056096E0,-2.300319943435E0,5.E0));
#2869=CARTESIAN_POINT('',(-7.550902938121E0,-2.642700289301E0,5.E0));
#2870=VERTEX_POINT('',#2868);
#2871=VERTEX_POINT('',#2869);
#2872=CARTESIAN_POINT('',(-7.016449306824E0,-3.843102799142E0,0.E0));
#2873=CARTESIAN_POINT('',(-6.836449306824E0,-4.154871944504E0,0.E0));
#2874=VERTEX_POINT('',#2872);
#2875=VERTEX_POINT('',#2873);
#2876=CARTESIAN_POINT('',(-7.016449306824E0,-3.843102799142E0,5.E0));
#2877=CARTESIAN_POINT('',(-6.836449306824E0,-4.154871944504E0,5.E0));
#2878=VERTEX_POINT('',#2876);
#2879=VERTEX_POINT('',#2877);
#2880=CARTESIAN_POINT('',(-6.064097054184E0,-5.217923621273E0,0.E0));
#2881=CARTESIAN_POINT('',(-5.823210035895E0,-5.485455758445E0,0.E0));
#2882=VERTEX_POINT('',#2880);
#2883=VERTEX_POINT('',#2881);
#2884=CARTESIAN_POINT('',(-6.064097054184E0,-5.217923621273E0,5.E0));
#2885=CARTESIAN_POINT('',(-5.823210035895E0,-5.485455758445E0,5.E0));
#2886=VERTEX_POINT('',#2884);
#2887=VERTEX_POINT('',#2885);
#2888=CARTESIAN_POINT('',(-4.846714661510E0,-6.364696142779E0,0.E0));
#2889=CARTESIAN_POINT('',(-4.555468543535E0,-6.576298833604E0,0.E0));
#2890=VERTEX_POINT('',#2888);
#2891=VERTEX_POINT('',#2889);
#2892=CARTESIAN_POINT('',(-4.846714661510E0,-6.364696142779E0,5.E0));
#2893=CARTESIAN_POINT('',(-4.555468543535E0,-6.576298833604E0,5.E0));
#2894=VERTEX_POINT('',#2892);
#2895=VERTEX_POINT('',#2893);
#2896=CARTESIAN_POINT('',(-3.417507581011E0,-7.233300901644E0,0.E0));
#2897=CARTESIAN_POINT('',(-3.088631216260E0,-7.379726093152E0,0.E0));
#2898=VERTEX_POINT('',#2896);
#2899=VERTEX_POINT('',#2897);
#2900=CARTESIAN_POINT('',(-3.417507581011E0,-7.233300901644E0,5.E0));
#2901=CARTESIAN_POINT('',(-3.088631216260E0,-7.379726093152E0,5.E0));
#2902=VERTEX_POINT('',#2900);
#2903=VERTEX_POINT('',#2901);
#2904=CARTESIAN_POINT('',(-1.838939020201E0,-7.785775701880E0,0.E0));
#2905=CARTESIAN_POINT('',(-1.486805883937E0,-7.860623910574E0,0.E0));
#2906=VERTEX_POINT('',#2904);
#2907=VERTEX_POINT('',#2905);
#2908=CARTESIAN_POINT('',(-1.838939020201E0,-7.785775701880E0,5.E0));
#2909=CARTESIAN_POINT('',(-1.486805883937E0,-7.860623910574E0,5.E0));
#2910=VERTEX_POINT('',#2908);
#2911=VERTEX_POINT('',#2909);
#2912=CARTESIAN_POINT('',(-1.8E-1,-7.997974743646E0,0.E0));
#2913=CARTESIAN_POINT('',(1.8E-1,-7.997974743646E0,0.E0));
#2914=VERTEX_POINT('',#2912);
#2915=VERTEX_POINT('',#2913);
#2916=CARTESIAN_POINT('',(-1.8E-1,-7.997974743646E0,5.E0));
#2917=CARTESIAN_POINT('',(1.8E-1,-7.997974743646E0,5.E0));
#2918=VERTEX_POINT('',#2916);
#2919=VERTEX_POINT('',#2917);
#2920=CARTESIAN_POINT('',(1.486805883937E0,-7.860623910574E0,0.E0));
#2921=CARTESIAN_POINT('',(1.838939020201E0,-7.785775701880E0,0.E0));
#2922=VERTEX_POINT('',#2920);
#2923=VERTEX_POINT('',#2921);
#2924=CARTESIAN_POINT('',(1.486805883937E0,-7.860623910574E0,5.E0));
#2925=CARTESIAN_POINT('',(1.838939020201E0,-7.785775701880E0,5.E0));
#2926=VERTEX_POINT('',#2924);
#2927=VERTEX_POINT('',#2925);
#2928=CARTESIAN_POINT('',(3.088631216260E0,-7.379726093152E0,0.E0));
#2929=CARTESIAN_POINT('',(3.417507581011E0,-7.233300901644E0,0.E0));
#2930=VERTEX_POINT('',#2928);
#2931=VERTEX_POINT('',#2929);
#2932=CARTESIAN_POINT('',(3.088631216260E0,-7.379726093152E0,5.E0));
#2933=CARTESIAN_POINT('',(3.417507581011E0,-7.233300901644E0,5.E0));
#2934=VERTEX_POINT('',#2932);
#2935=VERTEX_POINT('',#2933);
#2936=CARTESIAN_POINT('',(4.555468543535E0,-6.576298833604E0,0.E0));
#2937=CARTESIAN_POINT('',(4.846714661510E0,-6.364696142779E0,0.E0));
#2938=VERTEX_POINT('',#2936);
#2939=VERTEX_POINT('',#2937);
#2940=CARTESIAN_POINT('',(4.555468543535E0,-6.576298833604E0,5.E0));
#2941=CARTESIAN_POINT('',(4.846714661510E0,-6.364696142779E0,5.E0));
#2942=VERTEX_POINT('',#2940);
#2943=VERTEX_POINT('',#2941);
#2944=CARTESIAN_POINT('',(5.823210035895E0,-5.485455758445E0,0.E0));
#2945=CARTESIAN_POINT('',(6.064097054184E0,-5.217923621273E0,0.E0));
#2946=VERTEX_POINT('',#2944);
#2947=VERTEX_POINT('',#2945);
#2948=CARTESIAN_POINT('',(5.823210035895E0,-5.485455758445E0,5.E0));
#2949=CARTESIAN_POINT('',(6.064097054184E0,-5.217923621273E0,5.E0));
#2950=VERTEX_POINT('',#2948);
#2951=VERTEX_POINT('',#2949);
#2952=CARTESIAN_POINT('',(6.836449306824E0,-4.154871944504E0,0.E0));
#2953=CARTESIAN_POINT('',(7.016449306824E0,-3.843102799142E0,0.E0));
#2954=VERTEX_POINT('',#2952);
#2955=VERTEX_POINT('',#2953);
#2956=CARTESIAN_POINT('',(6.836449306824E0,-4.154871944504E0,5.E0));
#2957=CARTESIAN_POINT('',(7.016449306824E0,-3.843102799142E0,5.E0));
#2958=VERTEX_POINT('',#2956);
#2959=VERTEX_POINT('',#2957);
#2960=CARTESIAN_POINT('',(7.550902938121E0,-2.642700289301E0,0.E0));
#2961=CARTESIAN_POINT('',(7.662149056096E0,-2.300319943435E0,0.E0));
#2962=VERTEX_POINT('',#2960);
#2963=VERTEX_POINT('',#2961);
#2964=CARTESIAN_POINT('',(7.550902938121E0,-2.642700289301E0,5.E0));
#2965=CARTESIAN_POINT('',(7.662149056096E0,-2.300319943435E0,5.E0));
#2966=VERTEX_POINT('',#2964);
#2967=VERTEX_POINT('',#2965);
#2968=CARTESIAN_POINT('',(7.935345877770E0,-1.015029950373E0,0.E0));
#2969=CARTESIAN_POINT('',(7.972976124547E0,-6.570020680406E-1,0.E0));
#2970=VERTEX_POINT('',#2968);
#2971=VERTEX_POINT('',#2969);
#2972=CARTESIAN_POINT('',(7.935345877770E0,-1.015029950373E0,5.E0));
#2973=CARTESIAN_POINT('',(7.972976124547E0,-6.570020680406E-1,5.E0));
#2974=VERTEX_POINT('',#2972);
#2975=VERTEX_POINT('',#2973);
#2976=CARTESIAN_POINT('',(7.972976124547E0,6.570020680405E-1,0.E0));
#2977=CARTESIAN_POINT('',(7.935345877770E0,1.015029950373E0,0.E0));
#2978=VERTEX_POINT('',#2976);
#2979=VERTEX_POINT('',#2977);
#2980=CARTESIAN_POINT('',(7.972976124547E0,6.570020680405E-1,5.E0));
#2981=CARTESIAN_POINT('',(7.935345877770E0,1.015029950373E0,5.E0));
#2982=VERTEX_POINT('',#2980);
#2983=VERTEX_POINT('',#2981);
#2984=CARTESIAN_POINT('',(7.662149056096E0,2.300319943435E0,0.E0));
#2985=CARTESIAN_POINT('',(7.550902938121E0,2.642700289301E0,0.E0));
#2986=VERTEX_POINT('',#2984);
#2987=VERTEX_POINT('',#2985);
#2988=CARTESIAN_POINT('',(7.662149056096E0,2.300319943435E0,5.E0));
#2989=CARTESIAN_POINT('',(7.550902938121E0,2.642700289301E0,5.E0));
#2990=VERTEX_POINT('',#2988);
#2991=VERTEX_POINT('',#2989);
#2992=CARTESIAN_POINT('',(7.016449306824E0,3.843102799142E0,0.E0));
#2993=CARTESIAN_POINT('',(6.836449306824E0,4.154871944504E0,0.E0));
#2994=VERTEX_POINT('',#2992);
#2995=VERTEX_POINT('',#2993);
#2996=CARTESIAN_POINT('',(7.016449306824E0,3.843102799142E0,5.E0));
#2997=CARTESIAN_POINT('',(6.836449306824E0,4.154871944504E0,5.E0));
#2998=VERTEX_POINT('',#2996);
#2999=VERTEX_POINT('',#2997);
#3000=CARTESIAN_POINT('',(6.064097054184E0,5.217923621273E0,0.E0));
#3001=CARTESIAN_POINT('',(5.823210035895E0,5.485455758445E0,0.E0));
#3002=VERTEX_POINT('',#3000);
#3003=VERTEX_POINT('',#3001);
#3004=CARTESIAN_POINT('',(6.064097054184E0,5.217923621273E0,5.E0));
#3005=CARTESIAN_POINT('',(5.823210035895E0,5.485455758445E0,5.E0));
#3006=VERTEX_POINT('',#3004);
#3007=VERTEX_POINT('',#3005);
#3008=CARTESIAN_POINT('',(4.846714661510E0,6.364696142779E0,0.E0));
#3009=CARTESIAN_POINT('',(4.555468543535E0,6.576298833604E0,0.E0));
#3010=VERTEX_POINT('',#3008);
#3011=VERTEX_POINT('',#3009);
#3012=CARTESIAN_POINT('',(4.846714661510E0,6.364696142779E0,5.E0));
#3013=CARTESIAN_POINT('',(4.555468543535E0,6.576298833604E0,5.E0));
#3014=VERTEX_POINT('',#3012);
#3015=VERTEX_POINT('',#3013);
#3016=CARTESIAN_POINT('',(3.417507581011E0,7.233300901644E0,0.E0));
#3017=CARTESIAN_POINT('',(3.088631216260E0,7.379726093152E0,0.E0));
#3018=VERTEX_POINT('',#3016);
#3019=VERTEX_POINT('',#3017);
#3020=CARTESIAN_POINT('',(3.417507581011E0,7.233300901644E0,5.E0));
#3021=CARTESIAN_POINT('',(3.088631216260E0,7.379726093152E0,5.E0));
#3022=VERTEX_POINT('',#3020);
#3023=VERTEX_POINT('',#3021);
#3024=CARTESIAN_POINT('',(1.838939020201E0,7.785775701880E0,0.E0));
#3025=CARTESIAN_POINT('',(1.486805883937E0,7.860623910574E0,0.E0));
#3026=VERTEX_POINT('',#3024);
#3027=VERTEX_POINT('',#3025);
#3028=CARTESIAN_POINT('',(1.838939020201E0,7.785775701880E0,5.E0));
#3029=CARTESIAN_POINT('',(1.486805883937E0,7.860623910574E0,5.E0));
#3030=VERTEX_POINT('',#3028);
#3031=VERTEX_POINT('',#3029);
#3032=CARTESIAN_POINT('',(-1.898296706598E0,6.670213529615E0,0.E0));
#3033=CARTESIAN_POINT('',(-1.898296706598E0,6.670213529615E0,5.E0));
#3034=VERTEX_POINT('',#3032);
#3035=VERTEX_POINT('',#3033);
#3036=CARTESIAN_POINT('',(-9.788270785191E-1,6.865592396815E0,0.E0));
#3037=CARTESIAN_POINT('',(-9.788270785191E-1,6.865592396815E0,5.E0));
#3038=VERTEX_POINT('',#3036);
#3039=VERTEX_POINT('',#3037);
#3040=CARTESIAN_POINT('',(-3.243677979182E0,6.129881062565E0,0.E0));
#3041=CARTESIAN_POINT('',(-3.243691406487E0,6.129917464876E0,5.E0));
#3042=VERTEX_POINT('',#3040);
#3043=VERTEX_POINT('',#3041);
#3044=CARTESIAN_POINT('',(-2.384922911776E0,6.512155296169E0,0.E0));
#3045=CARTESIAN_POINT('',(-2.384922911776E0,6.512155296169E0,5.E0));
#3046=VERTEX_POINT('',#3044);
#3047=VERTEX_POINT('',#3045);
#3048=CARTESIAN_POINT('',(-4.447385646541E0,5.321689342691E0,0.E0));
#3049=CARTESIAN_POINT('',(-4.447427546540E0,5.321755765107E0,5.E0));
#3050=VERTEX_POINT('',#3048);
#3051=VERTEX_POINT('',#3049);
#3052=CARTESIAN_POINT('',(-3.686863251121E0,5.874138037543E0,0.E0));
#3053=CARTESIAN_POINT('',(-3.686830396343E0,5.874098539489E0,5.E0));
#3054=VERTEX_POINT('',#3052);
#3055=VERTEX_POINT('',#3053);
#3056=CARTESIAN_POINT('',(-5.456829665035E0,4.280904054131E0,0.E0));
#3057=CARTESIAN_POINT('',(-5.456920155035E0,4.280996975046E0,5.E0));
#3058=VERTEX_POINT('',#3056);
#3059=VERTEX_POINT('',#3057);
#3060=CARTESIAN_POINT('',(-4.827795136618E0,4.979405316336E0,0.E0));
#3061=CARTESIAN_POINT('',(-4.827720235567E0,4.979346283899E0,5.E0));
#3062=VERTEX_POINT('',#3060);
#3063=VERTEX_POINT('',#3061);
#3064=CARTESIAN_POINT('',(-6.227894175172E0,3.052967138017E0,0.E0));
#3065=CARTESIAN_POINT('',(-6.228050397819E0,3.053076598633E0,5.E0));
#3066=VERTEX_POINT('',#3064);
#3067=VERTEX_POINT('',#3065);
#3068=CARTESIAN_POINT('',(-5.757858754460E0,3.866995390409E0,0.E0));
#3069=CARTESIAN_POINT('',(-5.757722246614E0,3.866931779764E0,5.E0));
#3070=VERTEX_POINT('',#3068);
#3071=VERTEX_POINT('',#3069);
#3072=CARTESIAN_POINT('',(-6.726863055825E0,1.691503194962E0,0.E0));
#3073=CARTESIAN_POINT('',(-6.727100440415E0,1.691604067250E0,5.E0));
#3074=VERTEX_POINT('',#3072);
#3075=VERTEX_POINT('',#3073);
#3076=CARTESIAN_POINT('',(-6.436388169445E0,2.585476814598E0,0.E0));
#3077=CARTESIAN_POINT('',(-6.436179799195E0,2.585428782485E0,5.E0));
#3078=VERTEX_POINT('',#3076);
#3079=VERTEX_POINT('',#3077);
#3080=CARTESIAN_POINT('',(-6.931896401433E0,2.559831086844E-1,0.E0));
#3081=CARTESIAN_POINT('',(-6.932218920138E0,2.560459566110E-1,5.E0));
#3082=VERTEX_POINT('',#3080);
#3083=VERTEX_POINT('',#3081);
#3084=CARTESIAN_POINT('',(-6.833695581620E0,1.190814157731E0,0.E0));
#3085=CARTESIAN_POINT('',(-6.833412975870E0,1.190809342261E0,5.E0));
#3086=VERTEX_POINT('',#3084);
#3087=VERTEX_POINT('',#3085);
#3088=CARTESIAN_POINT('',(-6.834384081966E0,-1.190910887054E0,0.E0));
#3089=CARTESIAN_POINT('',(-6.834384081966E0,-1.190910887054E0,5.E0));
#3090=VERTEX_POINT('',#3088);
#3091=VERTEX_POINT('',#3089);
#3092=CARTESIAN_POINT('',(-6.932367895832E0,-2.560639376151E-1,0.E0));
#3093=CARTESIAN_POINT('',(-6.932020578242E0,-2.559962468562E-1,5.E0));
#3094=VERTEX_POINT('',#3092);
#3095=VERTEX_POINT('',#3093);
#3096=CARTESIAN_POINT('',(-6.437820451295E0,-2.585960754700E0,0.E0));
#3097=CARTESIAN_POINT('',(-6.437820451295E0,-2.585960754700E0,5.E0));
#3098=VERTEX_POINT('',#3096);
#3099=VERTEX_POINT('',#3097);
#3100=CARTESIAN_POINT('',(-6.728047011871E0,-1.691888632125E0,0.E0));
#3101=CARTESIAN_POINT('',(-6.728047011871E0,-1.691888632125E0,5.E0));
#3102=VERTEX_POINT('',#3100);
#3103=VERTEX_POINT('',#3101);
#3104=CARTESIAN_POINT('',(-5.759812273872E0,-3.868136660915E0,0.E0));
#3105=CARTESIAN_POINT('',(-5.759812273872E0,-3.868136660915E0,5.E0));
#3106=VERTEX_POINT('',#3104);
#3107=VERTEX_POINT('',#3105);
#3108=CARTESIAN_POINT('',(-6.229604575161E0,-3.053956064850E0,0.E0));
#3109=CARTESIAN_POINT('',(-6.229604575161E0,-3.053956064850E0,5.E0));
#3110=VERTEX_POINT('',#3108);
#3111=VERTEX_POINT('',#3109);
#3112=CARTESIAN_POINT('',(-4.829958061866E0,-4.981358539369E0,0.E0));
#3113=CARTESIAN_POINT('',(-4.829958061866E0,-4.981358539369E0,5.E0));
#3114=VERTEX_POINT('',#3112);
#3115=VERTEX_POINT('',#3113);
#3116=CARTESIAN_POINT('',(-5.458786489466E0,-4.282668302106E0,0.E0));
#3117=CARTESIAN_POINT('',(-5.458786489466E0,-4.282668302106E0,5.E0));
#3118=VERTEX_POINT('',#3116);
#3119=VERTEX_POINT('',#3117);
#3120=CARTESIAN_POINT('',(-3.688883531265E0,-5.876920414183E0,0.E0));
#3121=CARTESIAN_POINT('',(-3.688883531265E0,-5.876920414183E0,5.E0));
#3122=VERTEX_POINT('',#3120);
#3123=VERTEX_POINT('',#3121);
#3124=CARTESIAN_POINT('',(-4.449260902977E0,-5.324274051737E0,0.E0));
#3125=CARTESIAN_POINT('',(-4.449260902977E0,-5.324274051737E0,5.E0));
#3126=VERTEX_POINT('',#3124);
#3127=VERTEX_POINT('',#3125);
#3128=CARTESIAN_POINT('',(-2.386468384087E0,-6.515628212819E0,0.E0));
#3129=CARTESIAN_POINT('',(-2.386468384087E0,-6.515628212819E0,5.E0));
#3130=VERTEX_POINT('',#3128);
#3131=VERTEX_POINT('',#3129);
#3132=CARTESIAN_POINT('',(-3.245151003024E0,-6.133195600610E0,0.E0));
#3133=CARTESIAN_POINT('',(-3.245151003024E0,-6.133195600610E0,5.E0));
#3134=VERTEX_POINT('',#3132);
#3135=VERTEX_POINT('',#3133);
#3136=CARTESIAN_POINT('',(-9.796647347449E-1,-6.869522022295E0,0.E0));
#3137=CARTESIAN_POINT('',(-9.796647347449E-1,-6.869522022295E0,5.E0));
#3138=VERTEX_POINT('',#3136);
#3139=VERTEX_POINT('',#3137);
#3140=CARTESIAN_POINT('',(-1.899106257115E0,-6.674030220898E0,0.E0));
#3141=CARTESIAN_POINT('',(-1.899106257115E0,-6.674030220898E0,5.E0));
#3142=VERTEX_POINT('',#3140);
#3143=VERTEX_POINT('',#3141);
#3144=CARTESIAN_POINT('',(4.699972034168E-1,-6.923105912689E0,0.E0));
#3145=CARTESIAN_POINT('',(4.699972034168E-1,-6.923105912689E0,5.E0));
#3146=VERTEX_POINT('',#3144);
#3147=VERTEX_POINT('',#3145);
#3148=CARTESIAN_POINT('',(-4.699972034168E-1,-6.923105912689E0,0.E0));
#3149=CARTESIAN_POINT('',(-4.699972034168E-1,-6.923105912689E0,5.E0));
#3150=VERTEX_POINT('',#3148);
#3151=VERTEX_POINT('',#3149);
#3152=CARTESIAN_POINT('',(1.899106257115E0,-6.674030220898E0,0.E0));
#3153=CARTESIAN_POINT('',(1.899106257115E0,-6.674030220898E0,5.E0));
#3154=VERTEX_POINT('',#3152);
#3155=VERTEX_POINT('',#3153);
#3156=CARTESIAN_POINT('',(9.796647347449E-1,-6.869522022295E0,0.E0));
#3157=CARTESIAN_POINT('',(9.796647347449E-1,-6.869522022295E0,5.E0));
#3158=VERTEX_POINT('',#3156);
#3159=VERTEX_POINT('',#3157);
#3160=CARTESIAN_POINT('',(3.245151003024E0,-6.133195600610E0,0.E0));
#3161=CARTESIAN_POINT('',(3.245151003024E0,-6.133195600610E0,5.E0));
#3162=VERTEX_POINT('',#3160);
#3163=VERTEX_POINT('',#3161);
#3164=CARTESIAN_POINT('',(2.386468384087E0,-6.515628212819E0,0.E0));
#3165=CARTESIAN_POINT('',(2.386468384087E0,-6.515628212819E0,5.E0));
#3166=VERTEX_POINT('',#3164);
#3167=VERTEX_POINT('',#3165);
#3168=CARTESIAN_POINT('',(4.449260902977E0,-5.324274051737E0,0.E0));
#3169=CARTESIAN_POINT('',(4.449260902977E0,-5.324274051737E0,5.E0));
#3170=VERTEX_POINT('',#3168);
#3171=VERTEX_POINT('',#3169);
#3172=CARTESIAN_POINT('',(3.688883531265E0,-5.876920414183E0,0.E0));
#3173=CARTESIAN_POINT('',(3.688883531265E0,-5.876920414183E0,5.E0));
#3174=VERTEX_POINT('',#3172);
#3175=VERTEX_POINT('',#3173);
#3176=CARTESIAN_POINT('',(5.458786489466E0,-4.282668302106E0,0.E0));
#3177=CARTESIAN_POINT('',(5.458786489466E0,-4.282668302106E0,5.E0));
#3178=VERTEX_POINT('',#3176);
#3179=VERTEX_POINT('',#3177);
#3180=CARTESIAN_POINT('',(4.829958061866E0,-4.981358539369E0,0.E0));
#3181=CARTESIAN_POINT('',(4.829958061866E0,-4.981358539369E0,5.E0));
#3182=VERTEX_POINT('',#3180);
#3183=VERTEX_POINT('',#3181);
#3184=CARTESIAN_POINT('',(6.229604575161E0,-3.053956064850E0,0.E0));
#3185=CARTESIAN_POINT('',(6.229604575161E0,-3.053956064850E0,5.E0));
#3186=VERTEX_POINT('',#3184);
#3187=VERTEX_POINT('',#3185);
#3188=CARTESIAN_POINT('',(5.759812273872E0,-3.868136660915E0,0.E0));
#3189=CARTESIAN_POINT('',(5.759812273872E0,-3.868136660915E0,5.E0));
#3190=VERTEX_POINT('',#3188);
#3191=VERTEX_POINT('',#3189);
#3192=CARTESIAN_POINT('',(6.728047011871E0,-1.691888632125E0,0.E0));
#3193=CARTESIAN_POINT('',(6.728047011871E0,-1.691888632125E0,5.E0));
#3194=VERTEX_POINT('',#3192);
#3195=VERTEX_POINT('',#3193);
#3196=CARTESIAN_POINT('',(6.437820451295E0,-2.585960754700E0,0.E0));
#3197=CARTESIAN_POINT('',(6.437820451295E0,-2.585960754700E0,5.E0));
#3198=VERTEX_POINT('',#3196);
#3199=VERTEX_POINT('',#3197);
#3200=CARTESIAN_POINT('',(6.932020578242E0,-2.559962468562E-1,0.E0));
#3201=CARTESIAN_POINT('',(6.932367895832E0,-2.560639376151E-1,5.E0));
#3202=VERTEX_POINT('',#3200);
#3203=VERTEX_POINT('',#3201);
#3204=CARTESIAN_POINT('',(6.834384081966E0,-1.190910887054E0,0.E0));
#3205=CARTESIAN_POINT('',(6.834384081966E0,-1.190910887054E0,5.E0));
#3206=VERTEX_POINT('',#3204);
#3207=VERTEX_POINT('',#3205);
#3208=CARTESIAN_POINT('',(6.932218920138E0,2.560459566110E-1,0.E0));
#3209=CARTESIAN_POINT('',(6.931896401433E0,2.559831086844E-1,5.E0));
#3210=VERTEX_POINT('',#3208);
#3211=VERTEX_POINT('',#3209);
#3212=CARTESIAN_POINT('',(6.436179799195E0,2.585428782485E0,0.E0));
#3213=CARTESIAN_POINT('',(6.436388169445E0,2.585476814598E0,5.E0));
#3214=VERTEX_POINT('',#3212);
#3215=VERTEX_POINT('',#3213);
#3216=CARTESIAN_POINT('',(5.757722246614E0,3.866931779764E0,0.E0));
#3217=CARTESIAN_POINT('',(5.757858754460E0,3.866995390409E0,5.E0));
#3218=VERTEX_POINT('',#3216);
#3219=VERTEX_POINT('',#3217);
#3220=CARTESIAN_POINT('',(6.228050397819E0,3.053076598633E0,0.E0));
#3221=CARTESIAN_POINT('',(6.227894175172E0,3.052967138017E0,5.E0));
#3222=VERTEX_POINT('',#3220);
#3223=VERTEX_POINT('',#3221);
#3224=CARTESIAN_POINT('',(4.827720235567E0,4.979346283899E0,0.E0));
#3225=CARTESIAN_POINT('',(4.827796686016E0,4.979403869213E0,5.E0));
#3226=VERTEX_POINT('',#3224);
#3227=VERTEX_POINT('',#3225);
#3228=CARTESIAN_POINT('',(5.456918417280E0,4.280999275361E0,0.E0));
#3229=CARTESIAN_POINT('',(5.456829665035E0,4.280904054131E0,5.E0));
#3230=VERTEX_POINT('',#3228);
#3231=VERTEX_POINT('',#3229);
#3232=CARTESIAN_POINT('',(3.686830396343E0,5.874098539489E0,0.E0));
#3233=CARTESIAN_POINT('',(3.686864229723E0,5.874137448412E0,5.E0));
#3234=VERTEX_POINT('',#3232);
#3235=VERTEX_POINT('',#3233);
#3236=CARTESIAN_POINT('',(4.447426227586E0,5.321756908882E0,0.E0));
#3237=CARTESIAN_POINT('',(4.447385646541E0,5.321689342691E0,5.E0));
#3238=VERTEX_POINT('',#3236);
#3239=VERTEX_POINT('',#3237);
#3240=CARTESIAN_POINT('',(2.384919648986E0,6.512150680808E0,0.E0));
#3241=CARTESIAN_POINT('',(2.384919648986E0,6.512150680808E0,5.E0));
#3242=VERTEX_POINT('',#3240);
#3243=VERTEX_POINT('',#3241);
#3244=CARTESIAN_POINT('',(3.243690651549E0,6.129917882224E0,0.E0));
#3245=CARTESIAN_POINT('',(3.243677979182E0,6.129881062565E0,5.E0));
#3246=VERTEX_POINT('',#3244);
#3247=VERTEX_POINT('',#3245);
#3248=CARTESIAN_POINT('',(9.788267858499E-1,6.865591716585E0,0.E0));
#3249=CARTESIAN_POINT('',(9.788267858499E-1,6.865591716585E0,5.E0));
#3250=VERTEX_POINT('',#3248);
#3251=VERTEX_POINT('',#3249);
#3252=CARTESIAN_POINT('',(1.898295759013E0,6.670217291926E0,0.E0));
#3253=CARTESIAN_POINT('',(1.898295759013E0,6.670217291926E0,5.E0));
#3254=VERTEX_POINT('',#3252);
#3255=VERTEX_POINT('',#3253);
#3256=CARTESIAN_POINT('',(4.E0,0.E0,0.E0));
#3257=CARTESIAN_POINT('',(-4.E0,0.E0,0.E0));
#3258=VERTEX_POINT('',#3256);
#3259=VERTEX_POINT('',#3257);
#3260=CARTESIAN_POINT('',(4.E0,0.E0,5.E0));
#3261=CARTESIAN_POINT('',(-4.E0,0.E0,5.E0));
#3262=VERTEX_POINT('',#3260);
#3263=VERTEX_POINT('',#3261);
#3264=CARTESIAN_POINT('',(0.E0,0.E0,0.E0));
#3265=DIRECTION('',(0.E0,0.E0,1.E0));
#3266=DIRECTION('',(1.E0,0.E0,0.E0));
#3267=AXIS2_PLACEMENT_3D('',#3264,#3265,#3266);
#3268=PLANE('',#3267);
#3270=ORIENTED_EDGE('',*,*,#3269,.T.);
#3272=ORIENTED_EDGE('',*,*,#3271,.T.);
#3274=ORIENTED_EDGE('',*,*,#3273,.T.);
#3276=ORIENTED_EDGE('',*,*,#3275,.T.);
#3278=ORIENTED_EDGE('',*,*,#3277,.T.);
#3280=ORIENTED_EDGE('',*,*,#3279,.T.);
#3282=ORIENTED_EDGE('',*,*,#3281,.T.);
#3284=ORIENTED_EDGE('',*,*,#3283,.T.);
#3286=ORIENTED_EDGE('',*,*,#3285,.T.);
#3288=ORIENTED_EDGE('',*,*,#3287,.T.);
#3290=ORIENTED_EDGE('',*,*,#3289,.T.);
#3292=ORIENTED_EDGE('',*,*,#3291,.T.);
#3294=ORIENTED_EDGE('',*,*,#3293,.T.);
#3296=ORIENTED_EDGE('',*,*,#3295,.T.);
#3298=ORIENTED_EDGE('',*,*,#3297,.T.);
#3300=ORIENTED_EDGE('',*,*,#3299,.T.);
#3302=ORIENTED_EDGE('',*,*,#3301,.T.);
#3304=ORIENTED_EDGE('',*,*,#3303,.T.);
#3306=ORIENTED_EDGE('',*,*,#3305,.T.);
#3308=ORIENTED_EDGE('',*,*,#3307,.T.);
#3310=ORIENTED_EDGE('',*,*,#3309,.T.);
#3312=ORIENTED_EDGE('',*,*,#3311,.T.);
#3314=ORIENTED_EDGE('',*,*,#3313,.T.);
#3316=ORIENTED_EDGE('',*,*,#3315,.T.);
#3318=ORIENTED_EDGE('',*,*,#3317,.T.);
#3320=ORIENTED_EDGE('',*,*,#3319,.T.);
#3322=ORIENTED_EDGE('',*,*,#3321,.T.);
#3324=ORIENTED_EDGE('',*,*,#3323,.T.);
#3326=ORIENTED_EDGE('',*,*,#3325,.F.);
#3328=ORIENTED_EDGE('',*,*,#3327,.T.);
#3330=ORIENTED_EDGE('',*,*,#3329,.T.);
#3332=ORIENTED_EDGE('',*,*,#3331,.T.);
#3334=ORIENTED_EDGE('',*,*,#3333,.T.);
#3336=ORIENTED_EDGE('',*,*,#3335,.T.);
#3338=ORIENTED_EDGE('',*,*,#3337,.T.);
#3340=ORIENTED_EDGE('',*,*,#3339,.T.);
#3342=ORIENTED_EDGE('',*,*,#3341,.T.);
#3344=ORIENTED_EDGE('',*,*,#3343,.T.);
#3346=ORIENTED_EDGE('',*,*,#3345,.T.);
#3348=ORIENTED_EDGE('',*,*,#3347,.T.);
#3350=ORIENTED_EDGE('',*,*,#3349,.T.);
#3352=ORIENTED_EDGE('',*,*,#3351,.T.);
#3354=ORIENTED_EDGE('',*,*,#3353,.T.);
#3356=ORIENTED_EDGE('',*,*,#3355,.T.);
#3358=ORIENTED_EDGE('',*,*,#3357,.T.);
#3360=ORIENTED_EDGE('',*,*,#3359,.T.);
#3362=ORIENTED_EDGE('',*,*,#3361,.T.);
#3364=ORIENTED_EDGE('',*,*,#3363,.T.);
#3366=ORIENTED_EDGE('',*,*,#3365,.T.);
#3368=ORIENTED_EDGE('',*,*,#3367,.T.);
#3370=ORIENTED_EDGE('',*,*,#3369,.T.);
#3372=ORIENTED_EDGE('',*,*,#3371,.T.);
#3374=ORIENTED_EDGE('',*,*,#3373,.T.);
#3376=ORIENTED_EDGE('',*,*,#3375,.T.);
#3378=ORIENTED_EDGE('',*,*,#3377,.T.);
#3380=ORIENTED_EDGE('',*,*,#3379,.T.);
#3382=ORIENTED_EDGE('',*,*,#3381,.T.);
#3384=ORIENTED_EDGE('',*,*,#3383,.T.);
#3386=ORIENTED_EDGE('',*,*,#3385,.T.);
#3388=ORIENTED_EDGE('',*,*,#3387,.T.);
#3390=ORIENTED_EDGE('',*,*,#3389,.T.);
#3392=ORIENTED_EDGE('',*,*,#3391,.T.);
#3394=ORIENTED_EDGE('',*,*,#3393,.T.);
#3396=ORIENTED_EDGE('',*,*,#3395,.T.);
#3398=ORIENTED_EDGE('',*,*,#3397,.T.);
#3400=ORIENTED_EDGE('',*,*,#3399,.T.);
#3402=ORIENTED_EDGE('',*,*,#3401,.T.);
#3404=ORIENTED_EDGE('',*,*,#3403,.T.);
#3406=ORIENTED_EDGE('',*,*,#3405,.T.);
#3408=ORIENTED_EDGE('',*,*,#3407,.T.);
#3410=ORIENTED_EDGE('',*,*,#3409,.T.);
#3412=ORIENTED_EDGE('',*,*,#3411,.T.);
#3414=ORIENTED_EDGE('',*,*,#3413,.T.);
#3416=ORIENTED_EDGE('',*,*,#3415,.T.);
#3418=ORIENTED_EDGE('',*,*,#3417,.T.);
#3420=ORIENTED_EDGE('',*,*,#3419,.T.);
#3422=ORIENTED_EDGE('',*,*,#3421,.T.);
#3424=ORIENTED_EDGE('',*,*,#3423,.T.);
#3426=ORIENTED_EDGE('',*,*,#3425,.T.);
#3428=ORIENTED_EDGE('',*,*,#3427,.T.);
#3430=ORIENTED_EDGE('',*,*,#3429,.T.);
#3432=ORIENTED_EDGE('',*,*,#3431,.T.);
#3434=ORIENTED_EDGE('',*,*,#3433,.T.);
#3436=ORIENTED_EDGE('',*,*,#3435,.T.);
#3438=ORIENTED_EDGE('',*,*,#3437,.T.);
#3440=ORIENTED_EDGE('',*,*,#3439,.T.);
#3442=ORIENTED_EDGE('',*,*,#3441,.T.);
#3444=ORIENTED_EDGE('',*,*,#3443,.T.);
#3446=ORIENTED_EDGE('',*,*,#3445,.F.);
#3448=ORIENTED_EDGE('',*,*,#3447,.T.);
#3450=ORIENTED_EDGE('',*,*,#3449,.T.);
#3452=ORIENTED_EDGE('',*,*,#3451,.T.);
#3454=ORIENTED_EDGE('',*,*,#3453,.T.);
#3456=ORIENTED_EDGE('',*,*,#3455,.T.);
#3458=ORIENTED_EDGE('',*,*,#3457,.T.);
#3460=ORIENTED_EDGE('',*,*,#3459,.T.);
#3462=ORIENTED_EDGE('',*,*,#3461,.T.);
#3464=ORIENTED_EDGE('',*,*,#3463,.T.);
#3466=ORIENTED_EDGE('',*,*,#3465,.T.);
#3468=ORIENTED_EDGE('',*,*,#3467,.T.);
#3470=ORIENTED_EDGE('',*,*,#3469,.T.);
#3472=ORIENTED_EDGE('',*,*,#3471,.T.);
#3474=ORIENTED_EDGE('',*,*,#3473,.T.);
#3476=ORIENTED_EDGE('',*,*,#3475,.T.);
#3478=ORIENTED_EDGE('',*,*,#3477,.T.);
#3480=ORIENTED_EDGE('',*,*,#3479,.T.);
#3482=ORIENTED_EDGE('',*,*,#3481,.T.);
#3484=ORIENTED_EDGE('',*,*,#3483,.T.);
#3486=ORIENTED_EDGE('',*,*,#3485,.T.);
#3488=ORIENTED_EDGE('',*,*,#3487,.T.);
#3490=ORIENTED_EDGE('',*,*,#3489,.T.);
#3492=ORIENTED_EDGE('',*,*,#3491,.T.);
#3494=ORIENTED_EDGE('',*,*,#3493,.T.);
#3496=ORIENTED_EDGE('',*,*,#3495,.T.);
#3498=ORIENTED_EDGE('',*,*,#3497,.T.);
#3500=ORIENTED_EDGE('',*,*,#3499,.T.);
#3502=ORIENTED_EDGE('',*,*,#3501,.T.);
#3504=ORIENTED_EDGE('',*,*,#3503,.T.);
#3506=ORIENTED_EDGE('',*,*,#3505,.T.);
#3508=ORIENTED_EDGE('',*,*,#3507,.T.);
#3509=EDGE_LOOP('',(#3270,#3272,#3274,#3276,#3278,#3280,#3282,#3284,#3286,#3288,
#3290,#3292,#3294,#3296,#3298,#3300,#3302,#3304,#3306,#3308,#3310,#3312,#3314,
#3316,#3318,#3320,#3322,#3324,#3326,#3328,#3330,#3332,#3334,#3336,#3338,#3340,
#3342,#3344,#3346,#3348,#3350,#3352,#3354,#3356,#3358,#3360,#3362,#3364,#3366,
#3368,#3370,#3372,#3374,#3376,#3378,#3380,#3382,#3384,#3386,#3388,#3390,#3392,
#3394,#3396,#3398,#3400,#3402,#3404,#3406,#3408,#3410,#3412,#3414,#3416,#3418,
#3420,#3422,#3424,#3426,#3428,#3430,#3432,#3434,#3436,#3438,#3440,#3442,#3444,
#3446,#3448,#3450,#3452,#3454,#3456,#3458,#3460,#3462,#3464,#3466,#3468,#3470,
#3472,#3474,#3476,#3478,#3480,#3482,#3484,#3486,#3488,#3490,#3492,#3494,#3496,
#3498,#3500,#3502,#3504,#3506,#3508));
#3510=FACE_OUTER_BOUND('',#3509,.F.);
#3512=ORIENTED_EDGE('',*,*,#3511,.F.);
#3514=ORIENTED_EDGE('',*,*,#3513,.F.);
#3515=EDGE_LOOP('',(#3512,#3514));
#3516=FACE_BOUND('',#3515,.F.);
#3518=FILL_AREA_STYLE_COLOUR('',#5);
#3519=FILL_AREA_STYLE('',(#3518));
#3520=SURFACE_STYLE_FILL_AREA(#3519);
#3521=SURFACE_SIDE_STYLE('',(#3520));
#3522=SURFACE_STYLE_USAGE(.BOTH.,#3521);
#3523=PRESENTATION_STYLE_ASSIGNMENT((#3522));
#3524=STYLED_ITEM('',(#3523),#3517);
#3525=CARTESIAN_POINT('',(0.E0,-2.025256353956E-3,5.E0));
#3526=DIRECTION('',(0.E0,0.E0,1.E0));
#3527=DIRECTION('',(1.E0,0.E0,0.E0));
#3528=AXIS2_PLACEMENT_3D('',#3525,#3526,#3527);
#3529=CYLINDRICAL_SURFACE('',#3528,6.937020601290E0);
#3531=ORIENTED_EDGE('',*,*,#3530,.T.);
#3533=ORIENTED_EDGE('',*,*,#3532,.T.);
#3535=ORIENTED_EDGE('',*,*,#3534,.F.);
#3536=ORIENTED_EDGE('',*,*,#3437,.F.);
#3537=EDGE_LOOP('',(#3531,#3533,#3535,#3536));
#3538=FACE_OUTER_BOUND('',#3537,.F.);
#3540=FILL_AREA_STYLE_COLOUR('',#5);
#3541=FILL_AREA_STYLE('',(#3540));
#3542=SURFACE_STYLE_FILL_AREA(#3541);
#3543=SURFACE_SIDE_STYLE('',(#3542));
#3544=SURFACE_STYLE_USAGE(.BOTH.,#3543);
#3545=PRESENTATION_STYLE_ASSIGNMENT((#3544));
#3546=STYLED_ITEM('',(#3545),#3539);
#3547=CARTESIAN_POINT('',(0.E0,-2.025256353956E-3,5.E0));
#3548=DIRECTION('',(0.E0,0.E0,1.E0));
#3549=DIRECTION('',(1.E0,0.E0,0.E0));
#3550=AXIS2_PLACEMENT_3D('',#3547,#3548,#3549);
#3551=CYLINDRICAL_SURFACE('',#3550,6.937020601290E0);
#3553=ORIENTED_EDGE('',*,*,#3552,.T.);
#3555=ORIENTED_EDGE('',*,*,#3554,.T.);
#3557=ORIENTED_EDGE('',*,*,#3556,.F.);
#3558=ORIENTED_EDGE('',*,*,#3429,.F.);
#3559=EDGE_LOOP('',(#3553,#3555,#3557,#3558));
#3560=FACE_OUTER_BOUND('',#3559,.F.);
#3562=FILL_AREA_STYLE_COLOUR('',#5);
#3563=FILL_AREA_STYLE('',(#3562));
#3564=SURFACE_STYLE_FILL_AREA(#3563);
#3565=SURFACE_SIDE_STYLE('',(#3564));
#3566=SURFACE_STYLE_USAGE(.POSITIVE.,#3565);
#3567=PRESENTATION_STYLE_ASSIGNMENT((#3566));
#3568=STYLED_ITEM('',(#3567),#3561);
#3569=CARTESIAN_POINT('',(0.E0,-2.025256353956E-3,5.E0));
#3570=DIRECTION('',(0.E0,0.E0,1.E0));
#3571=DIRECTION('',(1.E0,0.E0,0.E0));
#3572=AXIS2_PLACEMENT_3D('',#3569,#3570,#3571);
#3573=CYLINDRICAL_SURFACE('',#3572,6.937020601290E0);
#3575=ORIENTED_EDGE('',*,*,#3574,.T.);
#3577=ORIENTED_EDGE('',*,*,#3576,.T.);
#3579=ORIENTED_EDGE('',*,*,#3578,.F.);
#3580=ORIENTED_EDGE('',*,*,#3421,.F.);
#3581=EDGE_LOOP('',(#3575,#3577,#3579,#3580));
#3582=FACE_OUTER_BOUND('',#3581,.F.);
#3584=FILL_AREA_STYLE_COLOUR('',#5);
#3585=FILL_AREA_STYLE('',(#3584));
#3586=SURFACE_STYLE_FILL_AREA(#3585);
#3587=SURFACE_SIDE_STYLE('',(#3586));
#3588=SURFACE_STYLE_USAGE(.POSITIVE.,#3587);
#3589=PRESENTATION_STYLE_ASSIGNMENT((#3588));
#3590=STYLED_ITEM('',(#3589),#3583);
#3591=CARTESIAN_POINT('',(0.E0,-2.025256353956E-3,5.E0));
#3592=DIRECTION('',(0.E0,0.E0,1.E0));
#3593=DIRECTION('',(1.E0,0.E0,0.E0));
#3594=AXIS2_PLACEMENT_3D('',#3591,#3592,#3593);
#3595=CYLINDRICAL_SURFACE('',#3594,6.937020601290E0);
#3597=ORIENTED_EDGE('',*,*,#3596,.T.);
#3599=ORIENTED_EDGE('',*,*,#3598,.T.);
#3601=ORIENTED_EDGE('',*,*,#3600,.F.);
#3602=ORIENTED_EDGE('',*,*,#3413,.F.);
#3603=EDGE_LOOP('',(#3597,#3599,#3601,#3602));
#3604=FACE_OUTER_BOUND('',#3603,.F.);
#3606=FILL_AREA_STYLE_COLOUR('',#5);
#3607=FILL_AREA_STYLE('',(#3606));
#3608=SURFACE_STYLE_FILL_AREA(#3607);
#3609=SURFACE_SIDE_STYLE('',(#3608));
#3610=SURFACE_STYLE_USAGE(.POSITIVE.,#3609);
#3611=PRESENTATION_STYLE_ASSIGNMENT((#3610));
#3612=STYLED_ITEM('',(#3611),#3605);
#3613=CARTESIAN_POINT('',(0.E0,-2.025256353956E-3,5.E0));
#3614=DIRECTION('',(0.E0,0.E0,1.E0));
#3615=DIRECTION('',(1.E0,0.E0,0.E0));
#3616=AXIS2_PLACEMENT_3D('',#3613,#3614,#3615);
#3617=CYLINDRICAL_SURFACE('',#3616,6.937020601290E0);
#3619=ORIENTED_EDGE('',*,*,#3618,.T.);
#3621=ORIENTED_EDGE('',*,*,#3620,.T.);
#3623=ORIENTED_EDGE('',*,*,#3622,.F.);
#3624=ORIENTED_EDGE('',*,*,#3405,.F.);
#3625=EDGE_LOOP('',(#3619,#3621,#3623,#3624));
#3626=FACE_OUTER_BOUND('',#3625,.F.);
#3628=FILL_AREA_STYLE_COLOUR('',#5);
#3629=FILL_AREA_STYLE('',(#3628));
#3630=SURFACE_STYLE_FILL_AREA(#3629);
#3631=SURFACE_SIDE_STYLE('',(#3630));
#3632=SURFACE_STYLE_USAGE(.POSITIVE.,#3631);
#3633=PRESENTATION_STYLE_ASSIGNMENT((#3632));
#3634=STYLED_ITEM('',(#3633),#3627);
#3635=CARTESIAN_POINT('',(0.E0,-2.025256353956E-3,5.E0));
#3636=DIRECTION('',(0.E0,0.E0,1.E0));
#3637=DIRECTION('',(1.E0,0.E0,0.E0));
#3638=AXIS2_PLACEMENT_3D('',#3635,#3636,#3637);
#3639=CYLINDRICAL_SURFACE('',#3638,6.937020601290E0);
#3641=ORIENTED_EDGE('',*,*,#3640,.T.);
#3643=ORIENTED_EDGE('',*,*,#3642,.T.);
#3645=ORIENTED_EDGE('',*,*,#3644,.F.);
#3646=ORIENTED_EDGE('',*,*,#3397,.F.);
#3647=EDGE_LOOP('',(#3641,#3643,#3645,#3646));
#3648=FACE_OUTER_BOUND('',#3647,.F.);
#3650=FILL_AREA_STYLE_COLOUR('',#5);
#3651=FILL_AREA_STYLE('',(#3650));
#3652=SURFACE_STYLE_FILL_AREA(#3651);
#3653=SURFACE_SIDE_STYLE('',(#3652));
#3654=SURFACE_STYLE_USAGE(.POSITIVE.,#3653);
#3655=PRESENTATION_STYLE_ASSIGNMENT((#3654));
#3656=STYLED_ITEM('',(#3655),#3649);
#3657=CARTESIAN_POINT('',(0.E0,-2.025256353956E-3,5.E0));
#3658=DIRECTION('',(0.E0,0.E0,1.E0));
#3659=DIRECTION('',(1.E0,0.E0,0.E0));
#3660=AXIS2_PLACEMENT_3D('',#3657,#3658,#3659);
#3661=CYLINDRICAL_SURFACE('',#3660,6.937020601290E0);
#3663=ORIENTED_EDGE('',*,*,#3662,.T.);
#3665=ORIENTED_EDGE('',*,*,#3664,.T.);
#3667=ORIENTED_EDGE('',*,*,#3666,.F.);
#3668=ORIENTED_EDGE('',*,*,#3389,.F.);
#3669=EDGE_LOOP('',(#3663,#3665,#3667,#3668));
#3670=FACE_OUTER_BOUND('',#3669,.F.);
#3672=FILL_AREA_STYLE_COLOUR('',#5);
#3673=FILL_AREA_STYLE('',(#3672));
#3674=SURFACE_STYLE_FILL_AREA(#3673);
#3675=SURFACE_SIDE_STYLE('',(#3674));
#3676=SURFACE_STYLE_USAGE(.POSITIVE.,#3675);
#3677=PRESENTATION_STYLE_ASSIGNMENT((#3676));
#3678=STYLED_ITEM('',(#3677),#3671);
#3679=CARTESIAN_POINT('',(0.E0,-2.025256353956E-3,5.E0));
#3680=DIRECTION('',(0.E0,0.E0,1.E0));
#3681=DIRECTION('',(1.E0,0.E0,0.E0));
#3682=AXIS2_PLACEMENT_3D('',#3679,#3680,#3681);
#3683=CYLINDRICAL_SURFACE('',#3682,6.937020601290E0);
#3685=ORIENTED_EDGE('',*,*,#3684,.T.);
#3687=ORIENTED_EDGE('',*,*,#3686,.T.);
#3689=ORIENTED_EDGE('',*,*,#3688,.F.);
#3690=ORIENTED_EDGE('',*,*,#3381,.F.);
#3691=EDGE_LOOP('',(#3685,#3687,#3689,#3690));
#3692=FACE_OUTER_BOUND('',#3691,.F.);
#3694=FILL_AREA_STYLE_COLOUR('',#5);
#3695=FILL_AREA_STYLE('',(#3694));
#3696=SURFACE_STYLE_FILL_AREA(#3695);
#3697=SURFACE_SIDE_STYLE('',(#3696));
#3698=SURFACE_STYLE_USAGE(.POSITIVE.,#3697);
#3699=PRESENTATION_STYLE_ASSIGNMENT((#3698));
#3700=STYLED_ITEM('',(#3699),#3693);
#3701=CARTESIAN_POINT('',(0.E0,-2.025256353956E-3,5.E0));
#3702=DIRECTION('',(0.E0,0.E0,1.E0));
#3703=DIRECTION('',(1.E0,0.E0,0.E0));
#3704=AXIS2_PLACEMENT_3D('',#3701,#3702,#3703);
#3705=CYLINDRICAL_SURFACE('',#3704,6.937020601290E0);
#3707=ORIENTED_EDGE('',*,*,#3706,.T.);
#3709=ORIENTED_EDGE('',*,*,#3708,.T.);
#3711=ORIENTED_EDGE('',*,*,#3710,.F.);
#3712=ORIENTED_EDGE('',*,*,#3373,.F.);
#3713=EDGE_LOOP('',(#3707,#3709,#3711,#3712));
#3714=FACE_OUTER_BOUND('',#3713,.F.);
#3716=FILL_AREA_STYLE_COLOUR('',#5);
#3717=FILL_AREA_STYLE('',(#3716));
#3718=SURFACE_STYLE_FILL_AREA(#3717);
#3719=SURFACE_SIDE_STYLE('',(#3718));
#3720=SURFACE_STYLE_USAGE(.POSITIVE.,#3719);
#3721=PRESENTATION_STYLE_ASSIGNMENT((#3720));
#3722=STYLED_ITEM('',(#3721),#3715);
#3723=CARTESIAN_POINT('',(0.E0,-2.025256353956E-3,5.E0));
#3724=DIRECTION('',(0.E0,0.E0,1.E0));
#3725=DIRECTION('',(1.E0,0.E0,0.E0));
#3726=AXIS2_PLACEMENT_3D('',#3723,#3724,#3725);
#3727=CYLINDRICAL_SURFACE('',#3726,6.937020601290E0);
#3729=ORIENTED_EDGE('',*,*,#3728,.T.);
#3731=ORIENTED_EDGE('',*,*,#3730,.T.);
#3733=ORIENTED_EDGE('',*,*,#3732,.F.);
#3734=ORIENTED_EDGE('',*,*,#3365,.F.);
#3735=EDGE_LOOP('',(#3729,#3731,#3733,#3734));
#3736=FACE_OUTER_BOUND('',#3735,.F.);
#3738=FILL_AREA_STYLE_COLOUR('',#5);
#3739=FILL_AREA_STYLE('',(#3738));
#3740=SURFACE_STYLE_FILL_AREA(#3739);
#3741=SURFACE_SIDE_STYLE('',(#3740));
#3742=SURFACE_STYLE_USAGE(.POSITIVE.,#3741);
#3743=PRESENTATION_STYLE_ASSIGNMENT((#3742));
#3744=STYLED_ITEM('',(#3743),#3737);
#3745=CARTESIAN_POINT('',(0.E0,-2.025256353956E-3,5.E0));
#3746=DIRECTION('',(0.E0,0.E0,1.E0));
#3747=DIRECTION('',(1.E0,0.E0,0.E0));
#3748=AXIS2_PLACEMENT_3D('',#3745,#3746,#3747);
#3749=CYLINDRICAL_SURFACE('',#3748,6.937020601290E0);
#3751=ORIENTED_EDGE('',*,*,#3750,.T.);
#3753=ORIENTED_EDGE('',*,*,#3752,.T.);
#3755=ORIENTED_EDGE('',*,*,#3754,.F.);
#3756=ORIENTED_EDGE('',*,*,#3357,.F.);
#3757=EDGE_LOOP('',(#3751,#3753,#3755,#3756));
#3758=FACE_OUTER_BOUND('',#3757,.F.);
#3760=FILL_AREA_STYLE_COLOUR('',#5);
#3761=FILL_AREA_STYLE('',(#3760));
#3762=SURFACE_STYLE_FILL_AREA(#3761);
#3763=SURFACE_SIDE_STYLE('',(#3762));
#3764=SURFACE_STYLE_USAGE(.POSITIVE.,#3763);
#3765=PRESENTATION_STYLE_ASSIGNMENT((#3764));
#3766=STYLED_ITEM('',(#3765),#3759);
#3767=CARTESIAN_POINT('',(0.E0,-2.025256353956E-3,5.E0));
#3768=DIRECTION('',(0.E0,0.E0,1.E0));
#3769=DIRECTION('',(1.E0,0.E0,0.E0));
#3770=AXIS2_PLACEMENT_3D('',#3767,#3768,#3769);
#3771=CYLINDRICAL_SURFACE('',#3770,6.937020601290E0);
#3773=ORIENTED_EDGE('',*,*,#3772,.T.);
#3775=ORIENTED_EDGE('',*,*,#3774,.T.);
#3777=ORIENTED_EDGE('',*,*,#3776,.F.);
#3778=ORIENTED_EDGE('',*,*,#3349,.F.);
#3779=EDGE_LOOP('',(#3773,#3775,#3777,#3778));
#3780=FACE_OUTER_BOUND('',#3779,.F.);
#3782=FILL_AREA_STYLE_COLOUR('',#5);
#3783=FILL_AREA_STYLE('',(#3782));
#3784=SURFACE_STYLE_FILL_AREA(#3783);
#3785=SURFACE_SIDE_STYLE('',(#3784));
#3786=SURFACE_STYLE_USAGE(.POSITIVE.,#3785);
#3787=PRESENTATION_STYLE_ASSIGNMENT((#3786));
#3788=STYLED_ITEM('',(#3787),#3781);
#3789=CARTESIAN_POINT('',(0.E0,-2.025256353956E-3,5.E0));
#3790=DIRECTION('',(0.E0,0.E0,1.E0));
#3791=DIRECTION('',(1.E0,0.E0,0.E0));
#3792=AXIS2_PLACEMENT_3D('',#3789,#3790,#3791);
#3793=CYLINDRICAL_SURFACE('',#3792,6.937020601290E0);
#3795=ORIENTED_EDGE('',*,*,#3794,.T.);
#3797=ORIENTED_EDGE('',*,*,#3796,.T.);
#3799=ORIENTED_EDGE('',*,*,#3798,.F.);
#3800=ORIENTED_EDGE('',*,*,#3341,.F.);
#3801=EDGE_LOOP('',(#3795,#3797,#3799,#3800));
#3802=FACE_OUTER_BOUND('',#3801,.F.);
#3804=FILL_AREA_STYLE_COLOUR('',#5);
#3805=FILL_AREA_STYLE('',(#3804));
#3806=SURFACE_STYLE_FILL_AREA(#3805);
#3807=SURFACE_SIDE_STYLE('',(#3806));
#3808=SURFACE_STYLE_USAGE(.POSITIVE.,#3807);
#3809=PRESENTATION_STYLE_ASSIGNMENT((#3808));
#3810=STYLED_ITEM('',(#3809),#3803);
#3811=CARTESIAN_POINT('',(0.E0,-2.025256353956E-3,5.E0));
#3812=DIRECTION('',(0.E0,0.E0,1.E0));
#3813=DIRECTION('',(1.E0,0.E0,0.E0));
#3814=AXIS2_PLACEMENT_3D('',#3811,#3812,#3813);
#3815=CYLINDRICAL_SURFACE('',#3814,6.937020601290E0);
#3817=ORIENTED_EDGE('',*,*,#3816,.T.);
#3819=ORIENTED_EDGE('',*,*,#3818,.T.);
#3821=ORIENTED_EDGE('',*,*,#3820,.F.);
#3822=ORIENTED_EDGE('',*,*,#3333,.F.);
#3823=EDGE_LOOP('',(#3817,#3819,#3821,#3822));
#3824=FACE_OUTER_BOUND('',#3823,.F.);
#3826=FILL_AREA_STYLE_COLOUR('',#5);
#3827=FILL_AREA_STYLE('',(#3826));
#3828=SURFACE_STYLE_FILL_AREA(#3827);
#3829=SURFACE_SIDE_STYLE('',(#3828));
#3830=SURFACE_STYLE_USAGE(.POSITIVE.,#3829);
#3831=PRESENTATION_STYLE_ASSIGNMENT((#3830));
#3832=STYLED_ITEM('',(#3831),#3825);
#3833=CARTESIAN_POINT('',(0.E0,-2.025256353956E-3,5.E0));
#3834=DIRECTION('',(0.E0,0.E0,1.E0));
#3835=DIRECTION('',(1.E0,0.E0,0.E0));
#3836=AXIS2_PLACEMENT_3D('',#3833,#3834,#3835);
#3837=CYLINDRICAL_SURFACE('',#3836,6.937020601290E0);
#3839=ORIENTED_EDGE('',*,*,#3838,.T.);
#3841=ORIENTED_EDGE('',*,*,#3840,.T.);
#3843=ORIENTED_EDGE('',*,*,#3842,.F.);
#3844=ORIENTED_EDGE('',*,*,#3269,.F.);
#3845=EDGE_LOOP('',(#3839,#3841,#3843,#3844));
#3846=FACE_OUTER_BOUND('',#3845,.F.);
#3848=FILL_AREA_STYLE_COLOUR('',#5);
#3849=FILL_AREA_STYLE('',(#3848));
#3850=SURFACE_STYLE_FILL_AREA(#3849);
#3851=SURFACE_SIDE_STYLE('',(#3850));
#3852=SURFACE_STYLE_USAGE(.POSITIVE.,#3851);
#3853=PRESENTATION_STYLE_ASSIGNMENT((#3852));
#3854=STYLED_ITEM('',(#3853),#3847);
#3855=CARTESIAN_POINT('',(0.E0,-2.025256353956E-3,5.E0));
#3856=DIRECTION('',(0.E0,0.E0,1.E0));
#3857=DIRECTION('',(1.E0,0.E0,0.E0));
#3858=AXIS2_PLACEMENT_3D('',#3855,#3856,#3857);
#3859=CYLINDRICAL_SURFACE('',#3858,6.937020601290E0);
#3861=ORIENTED_EDGE('',*,*,#3860,.F.);
#3862=ORIENTED_EDGE('',*,*,#3501,.F.);
#3864=ORIENTED_EDGE('',*,*,#3863,.T.);
#3866=ORIENTED_EDGE('',*,*,#3865,.T.);
#3867=EDGE_LOOP('',(#3861,#3862,#3864,#3866));
#3868=FACE_OUTER_BOUND('',#3867,.F.);
#3870=FILL_AREA_STYLE_COLOUR('',#5);
#3871=FILL_AREA_STYLE('',(#3870));
#3872=SURFACE_STYLE_FILL_AREA(#3871);
#3873=SURFACE_SIDE_STYLE('',(#3872));
#3874=SURFACE_STYLE_USAGE(.POSITIVE.,#3873);
#3875=PRESENTATION_STYLE_ASSIGNMENT((#3874));
#3876=STYLED_ITEM('',(#3875),#3869);
#3877=CARTESIAN_POINT('',(0.E0,-2.025256353956E-3,5.E0));
#3878=DIRECTION('',(0.E0,0.E0,1.E0));
#3879=DIRECTION('',(1.E0,0.E0,0.E0));
#3880=AXIS2_PLACEMENT_3D('',#3877,#3878,#3879);
#3881=CYLINDRICAL_SURFACE('',#3880,6.937020601290E0);
#3882=ORIENTED_EDGE('',*,*,#3445,.T.);
#3884=ORIENTED_EDGE('',*,*,#3883,.T.);
#3886=ORIENTED_EDGE('',*,*,#3885,.T.);
#3888=ORIENTED_EDGE('',*,*,#3887,.F.);
#3889=EDGE_LOOP('',(#3882,#3884,#3886,#3888));
#3890=FACE_OUTER_BOUND('',#3889,.F.);
#3892=FILL_AREA_STYLE_COLOUR('',#5);
#3893=FILL_AREA_STYLE('',(#3892));
#3894=SURFACE_STYLE_FILL_AREA(#3893);
#3895=SURFACE_SIDE_STYLE('',(#3894));
#3896=SURFACE_STYLE_USAGE(.POSITIVE.,#3895);
#3897=PRESENTATION_STYLE_ASSIGNMENT((#3896));
#3898=STYLED_ITEM('',(#3897),#3891);
#3899=CARTESIAN_POINT('',(0.E0,-2.025256353956E-3,5.E0));
#3900=DIRECTION('',(0.E0,0.E0,1.E0));
#3901=DIRECTION('',(1.E0,0.E0,0.E0));
#3902=AXIS2_PLACEMENT_3D('',#3899,#3900,#3901);
#3903=CYLINDRICAL_SURFACE('',#3902,6.937020601290E0);
#3905=ORIENTED_EDGE('',*,*,#3904,.T.);
#3907=ORIENTED_EDGE('',*,*,#3906,.F.);
#3908=ORIENTED_EDGE('',*,*,#3453,.F.);
#3910=ORIENTED_EDGE('',*,*,#3909,.T.);
#3911=EDGE_LOOP('',(#3905,#3907,#3908,#3910));
#3912=FACE_OUTER_BOUND('',#3911,.F.);
#3914=FILL_AREA_STYLE_COLOUR('',#5);
#3915=FILL_AREA_STYLE('',(#3914));
#3916=SURFACE_STYLE_FILL_AREA(#3915);
#3917=SURFACE_SIDE_STYLE('',(#3916));
#3918=SURFACE_STYLE_USAGE(.POSITIVE.,#3917);
#3919=PRESENTATION_STYLE_ASSIGNMENT((#3918));
#3920=STYLED_ITEM('',(#3919),#3913);
#3921=CARTESIAN_POINT('',(0.E0,-2.025256353956E-3,5.E0));
#3922=DIRECTION('',(0.E0,0.E0,1.E0));
#3923=DIRECTION('',(1.E0,0.E0,0.E0));
#3924=AXIS2_PLACEMENT_3D('',#3921,#3922,#3923);
#3925=CYLINDRICAL_SURFACE('',#3924,6.937020601290E0);
#3927=ORIENTED_EDGE('',*,*,#3926,.T.);
#3929=ORIENTED_EDGE('',*,*,#3928,.T.);
#3931=ORIENTED_EDGE('',*,*,#3930,.F.);
#3932=ORIENTED_EDGE('',*,*,#3277,.F.);
#3933=EDGE_LOOP('',(#3927,#3929,#3931,#3932));
#3934=FACE_OUTER_BOUND('',#3933,.F.);
#3936=FILL_AREA_STYLE_COLOUR('',#5);
#3937=FILL_AREA_STYLE('',(#3936));
#3938=SURFACE_STYLE_FILL_AREA(#3937);
#3939=SURFACE_SIDE_STYLE('',(#3938));
#3940=SURFACE_STYLE_USAGE(.POSITIVE.,#3939);
#3941=PRESENTATION_STYLE_ASSIGNMENT((#3940));
#3942=STYLED_ITEM('',(#3941),#3935);
#3943=CARTESIAN_POINT('',(0.E0,-2.025256353956E-3,5.E0));
#3944=DIRECTION('',(0.E0,0.E0,1.E0));
#3945=DIRECTION('',(1.E0,0.E0,0.E0));
#3946=AXIS2_PLACEMENT_3D('',#3943,#3944,#3945);
#3947=CYLINDRICAL_SURFACE('',#3946,6.937020601290E0);
#3949=ORIENTED_EDGE('',*,*,#3948,.T.);
#3951=ORIENTED_EDGE('',*,*,#3950,.T.);
#3953=ORIENTED_EDGE('',*,*,#3952,.F.);
#3954=ORIENTED_EDGE('',*,*,#3285,.F.);
#3955=EDGE_LOOP('',(#3949,#3951,#3953,#3954));
#3956=FACE_OUTER_BOUND('',#3955,.F.);
#3958=FILL_AREA_STYLE_COLOUR('',#5);
#3959=FILL_AREA_STYLE('',(#3958));
#3960=SURFACE_STYLE_FILL_AREA(#3959);
#3961=SURFACE_SIDE_STYLE('',(#3960));
#3962=SURFACE_STYLE_USAGE(.POSITIVE.,#3961);
#3963=PRESENTATION_STYLE_ASSIGNMENT((#3962));
#3964=STYLED_ITEM('',(#3963),#3957);
#3965=CARTESIAN_POINT('',(0.E0,-2.025256353956E-3,5.E0));
#3966=DIRECTION('',(0.E0,0.E0,1.E0));
#3967=DIRECTION('',(1.E0,0.E0,0.E0));
#3968=AXIS2_PLACEMENT_3D('',#3965,#3966,#3967);
#3969=CYLINDRICAL_SURFACE('',#3968,6.937020601290E0);
#3971=ORIENTED_EDGE('',*,*,#3970,.T.);
#3973=ORIENTED_EDGE('',*,*,#3972,.T.);
#3975=ORIENTED_EDGE('',*,*,#3974,.F.);
#3976=ORIENTED_EDGE('',*,*,#3293,.F.);
#3977=EDGE_LOOP('',(#3971,#3973,#3975,#3976));
#3978=FACE_OUTER_BOUND('',#3977,.F.);
#3980=FILL_AREA_STYLE_COLOUR('',#5);
#3981=FILL_AREA_STYLE('',(#3980));
#3982=SURFACE_STYLE_FILL_AREA(#3981);
#3983=SURFACE_SIDE_STYLE('',(#3982));
#3984=SURFACE_STYLE_USAGE(.POSITIVE.,#3983);
#3985=PRESENTATION_STYLE_ASSIGNMENT((#3984));
#3986=STYLED_ITEM('',(#3985),#3979);
#3987=CARTESIAN_POINT('',(0.E0,-2.025256353956E-3,5.E0));
#3988=DIRECTION('',(0.E0,0.E0,1.E0));
#3989=DIRECTION('',(1.E0,0.E0,0.E0));
#3990=AXIS2_PLACEMENT_3D('',#3987,#3988,#3989);
#3991=CYLINDRICAL_SURFACE('',#3990,6.937020601290E0);
#3993=ORIENTED_EDGE('',*,*,#3992,.T.);
#3995=ORIENTED_EDGE('',*,*,#3994,.T.);
#3997=ORIENTED_EDGE('',*,*,#3996,.F.);
#3998=ORIENTED_EDGE('',*,*,#3301,.F.);
#3999=EDGE_LOOP('',(#3993,#3995,#3997,#3998));
#4000=FACE_OUTER_BOUND('',#3999,.F.);
#4002=FILL_AREA_STYLE_COLOUR('',#5);
#4003=FILL_AREA_STYLE('',(#4002));
#4004=SURFACE_STYLE_FILL_AREA(#4003);
#4005=SURFACE_SIDE_STYLE('',(#4004));
#4006=SURFACE_STYLE_USAGE(.POSITIVE.,#4005);
#4007=PRESENTATION_STYLE_ASSIGNMENT((#4006));
#4008=STYLED_ITEM('',(#4007),#4001);
#4009=CARTESIAN_POINT('',(0.E0,-2.025256353956E-3,5.E0));
#4010=DIRECTION('',(0.E0,0.E0,1.E0));
#4011=DIRECTION('',(1.E0,0.E0,0.E0));
#4012=AXIS2_PLACEMENT_3D('',#4009,#4010,#4011);
#4013=CYLINDRICAL_SURFACE('',#4012,6.937020601290E0);
#4015=ORIENTED_EDGE('',*,*,#4014,.T.);
#4017=ORIENTED_EDGE('',*,*,#4016,.T.);
#4019=ORIENTED_EDGE('',*,*,#4018,.F.);
#4020=ORIENTED_EDGE('',*,*,#3309,.F.);
#4021=EDGE_LOOP('',(#4015,#4017,#4019,#4020));
#4022=FACE_OUTER_BOUND('',#4021,.F.);
#4024=FILL_AREA_STYLE_COLOUR('',#5);
#4025=FILL_AREA_STYLE('',(#4024));
#4026=SURFACE_STYLE_FILL_AREA(#4025);
#4027=SURFACE_SIDE_STYLE('',(#4026));
#4028=SURFACE_STYLE_USAGE(.POSITIVE.,#4027);
#4029=PRESENTATION_STYLE_ASSIGNMENT((#4028));
#4030=STYLED_ITEM('',(#4029),#4023);
#4031=CARTESIAN_POINT('',(0.E0,-2.025256353956E-3,5.E0));
#4032=DIRECTION('',(0.E0,0.E0,1.E0));
#4033=DIRECTION('',(1.E0,0.E0,0.E0));
#4034=AXIS2_PLACEMENT_3D('',#4031,#4032,#4033);
#4035=CYLINDRICAL_SURFACE('',#4034,6.937020601290E0);
#4037=ORIENTED_EDGE('',*,*,#4036,.T.);
#4039=ORIENTED_EDGE('',*,*,#4038,.T.);
#4041=ORIENTED_EDGE('',*,*,#4040,.F.);
#4042=ORIENTED_EDGE('',*,*,#3317,.F.);
#4043=EDGE_LOOP('',(#4037,#4039,#4041,#4042));
#4044=FACE_OUTER_BOUND('',#4043,.F.);
#4046=FILL_AREA_STYLE_COLOUR('',#5);
#4047=FILL_AREA_STYLE('',(#4046));
#4048=SURFACE_STYLE_FILL_AREA(#4047);
#4049=SURFACE_SIDE_STYLE('',(#4048));
#4050=SURFACE_STYLE_USAGE(.POSITIVE.,#4049);
#4051=PRESENTATION_STYLE_ASSIGNMENT((#4050));
#4052=STYLED_ITEM('',(#4051),#4045);
#4053=CARTESIAN_POINT('',(0.E0,-2.025256353956E-3,5.E0));
#4054=DIRECTION('',(0.E0,0.E0,1.E0));
#4055=DIRECTION('',(1.E0,0.E0,0.E0));
#4056=AXIS2_PLACEMENT_3D('',#4053,#4054,#4055);
#4057=CYLINDRICAL_SURFACE('',#4056,6.937020601290E0);
#4059=ORIENTED_EDGE('',*,*,#4058,.T.);
#4061=ORIENTED_EDGE('',*,*,#4060,.F.);
#4062=ORIENTED_EDGE('',*,*,#3325,.T.);
#4064=ORIENTED_EDGE('',*,*,#4063,.T.);
#4065=EDGE_LOOP('',(#4059,#4061,#4062,#4064));
#4066=FACE_OUTER_BOUND('',#4065,.F.);
#4068=FILL_AREA_STYLE_COLOUR('',#5);
#4069=FILL_AREA_STYLE('',(#4068));
#4070=SURFACE_STYLE_FILL_AREA(#4069);
#4071=SURFACE_SIDE_STYLE('',(#4070));
#4072=SURFACE_STYLE_USAGE(.POSITIVE.,#4071);
#4073=PRESENTATION_STYLE_ASSIGNMENT((#4072));
#4074=STYLED_ITEM('',(#4073),#4067);
#4075=CARTESIAN_POINT('',(0.E0,-2.025256353956E-3,5.E0));
#4076=DIRECTION('',(0.E0,0.E0,1.E0));
#4077=DIRECTION('',(1.E0,0.E0,0.E0));
#4078=AXIS2_PLACEMENT_3D('',#4075,#4076,#4077);
#4079=CYLINDRICAL_SURFACE('',#4078,6.937020601290E0);
#4081=ORIENTED_EDGE('',*,*,#4080,.T.);
#4083=ORIENTED_EDGE('',*,*,#4082,.T.);
#4085=ORIENTED_EDGE('',*,*,#4084,.F.);
#4086=ORIENTED_EDGE('',*,*,#3461,.F.);
#4087=EDGE_LOOP('',(#4081,#4083,#4085,#4086));
#4088=FACE_OUTER_BOUND('',#4087,.F.);
#4090=FILL_AREA_STYLE_COLOUR('',#5);
#4091=FILL_AREA_STYLE('',(#4090));
#4092=SURFACE_STYLE_FILL_AREA(#4091);
#4093=SURFACE_SIDE_STYLE('',(#4092));
#4094=SURFACE_STYLE_USAGE(.POSITIVE.,#4093);
#4095=PRESENTATION_STYLE_ASSIGNMENT((#4094));
#4096=STYLED_ITEM('',(#4095),#4089);
#4097=CARTESIAN_POINT('',(0.E0,-2.025256353956E-3,5.E0));
#4098=DIRECTION('',(0.E0,0.E0,1.E0));
#4099=DIRECTION('',(1.E0,0.E0,0.E0));
#4100=AXIS2_PLACEMENT_3D('',#4097,#4098,#4099);
#4101=CYLINDRICAL_SURFACE('',#4100,6.937020601290E0);
#4103=ORIENTED_EDGE('',*,*,#4102,.T.);
#4105=ORIENTED_EDGE('',*,*,#4104,.T.);
#4107=ORIENTED_EDGE('',*,*,#4106,.F.);
#4108=ORIENTED_EDGE('',*,*,#3469,.F.);
#4109=EDGE_LOOP('',(#4103,#4105,#4107,#4108));
#4110=FACE_OUTER_BOUND('',#4109,.F.);
#4112=FILL_AREA_STYLE_COLOUR('',#5);
#4113=FILL_AREA_STYLE('',(#4112));
#4114=SURFACE_STYLE_FILL_AREA(#4113);
#4115=SURFACE_SIDE_STYLE('',(#4114));
#4116=SURFACE_STYLE_USAGE(.POSITIVE.,#4115);
#4117=PRESENTATION_STYLE_ASSIGNMENT((#4116));
#4118=STYLED_ITEM('',(#4117),#4111);
#4119=CARTESIAN_POINT('',(0.E0,-2.025256353956E-3,5.E0));
#4120=DIRECTION('',(0.E0,0.E0,1.E0));
#4121=DIRECTION('',(1.E0,0.E0,0.E0));
#4122=AXIS2_PLACEMENT_3D('',#4119,#4120,#4121);
#4123=CYLINDRICAL_SURFACE('',#4122,6.937020601290E0);
#4125=ORIENTED_EDGE('',*,*,#4124,.T.);
#4127=ORIENTED_EDGE('',*,*,#4126,.T.);
#4129=ORIENTED_EDGE('',*,*,#4128,.F.);
#4130=ORIENTED_EDGE('',*,*,#3477,.F.);
#4131=EDGE_LOOP('',(#4125,#4127,#4129,#4130));
#4132=FACE_OUTER_BOUND('',#4131,.F.);
#4134=FILL_AREA_STYLE_COLOUR('',#5);
#4135=FILL_AREA_STYLE('',(#4134));
#4136=SURFACE_STYLE_FILL_AREA(#4135);
#4137=SURFACE_SIDE_STYLE('',(#4136));
#4138=SURFACE_STYLE_USAGE(.POSITIVE.,#4137);
#4139=PRESENTATION_STYLE_ASSIGNMENT((#4138));
#4140=STYLED_ITEM('',(#4139),#4133);
#4141=CARTESIAN_POINT('',(0.E0,-2.025256353956E-3,5.E0));
#4142=DIRECTION('',(0.E0,0.E0,1.E0));
#4143=DIRECTION('',(1.E0,0.E0,0.E0));
#4144=AXIS2_PLACEMENT_3D('',#4141,#4142,#4143);
#4145=CYLINDRICAL_SURFACE('',#4144,6.937020601290E0);
#4147=ORIENTED_EDGE('',*,*,#4146,.T.);
#4149=ORIENTED_EDGE('',*,*,#4148,.T.);
#4151=ORIENTED_EDGE('',*,*,#4150,.F.);
#4152=ORIENTED_EDGE('',*,*,#3485,.F.);
#4153=EDGE_LOOP('',(#4147,#4149,#4151,#4152));
#4154=FACE_OUTER_BOUND('',#4153,.F.);
#4156=FILL_AREA_STYLE_COLOUR('',#5);
#4157=FILL_AREA_STYLE('',(#4156));
#4158=SURFACE_STYLE_FILL_AREA(#4157);
#4159=SURFACE_SIDE_STYLE('',(#4158));
#4160=SURFACE_STYLE_USAGE(.POSITIVE.,#4159);
#4161=PRESENTATION_STYLE_ASSIGNMENT((#4160));
#4162=STYLED_ITEM('',(#4161),#4155);
#4163=CARTESIAN_POINT('',(0.E0,-2.025256353956E-3,5.E0));
#4164=DIRECTION('',(0.E0,0.E0,1.E0));
#4165=DIRECTION('',(1.E0,0.E0,0.E0));
#4166=AXIS2_PLACEMENT_3D('',#4163,#4164,#4165);
#4167=CYLINDRICAL_SURFACE('',#4166,6.937020601290E0);
#4169=ORIENTED_EDGE('',*,*,#4168,.T.);
#4171=ORIENTED_EDGE('',*,*,#4170,.T.);
#4173=ORIENTED_EDGE('',*,*,#4172,.F.);
#4174=ORIENTED_EDGE('',*,*,#3493,.F.);
#4175=EDGE_LOOP('',(#4169,#4171,#4173,#4174));
#4176=FACE_OUTER_BOUND('',#4175,.F.);
#4178=FILL_AREA_STYLE_COLOUR('',#5);
#4179=FILL_AREA_STYLE('',(#4178));
#4180=SURFACE_STYLE_FILL_AREA(#4179);
#4181=SURFACE_SIDE_STYLE('',(#4180));
#4182=SURFACE_STYLE_USAGE(.POSITIVE.,#4181);
#4183=PRESENTATION_STYLE_ASSIGNMENT((#4182));
#4184=STYLED_ITEM('',(#4183),#4177);
#4185=CARTESIAN_POINT('',(6.061778539937E0,-3.736047706979E0,0.E0));
#4186=DIRECTION('',(0.E0,0.E0,1.E0));
#4187=DIRECTION('',(-3.090169943749E-1,-9.510565162952E-1,0.E0));
#4188=AXIS2_PLACEMENT_3D('',#4185,#4186,#4187);
#4189=CYLINDRICAL_SURFACE('',#4188,2.15E0);
#4190=ORIENTED_EDGE('',*,*,#3530,.F.);
#4191=ORIENTED_EDGE('',*,*,#3435,.F.);
#4193=ORIENTED_EDGE('',*,*,#4192,.T.);
#4195=ORIENTED_EDGE('',*,*,#4194,.T.);
#4196=EDGE_LOOP('',(#4190,#4191,#4193,#4195));
#4197=FACE_OUTER_BOUND('',#4196,.F.);
#4199=FILL_AREA_STYLE_COLOUR('',#5);
#4200=FILL_AREA_STYLE('',(#4199));
#4201=SURFACE_STYLE_FILL_AREA(#4200);
#4202=SURFACE_SIDE_STYLE('',(#4201));
#4203=SURFACE_STYLE_USAGE(.BOTH.,#4202);
#4204=PRESENTATION_STYLE_ASSIGNMENT((#4203));
#4205=STYLED_ITEM('',(#4204),#4198);
#4206=CARTESIAN_POINT('',(7.550902938121E0,-2.642700289301E0,0.E0));
#4207=DIRECTION('',(9.510565162952E-1,-3.090169943749E-1,0.E0));
#4208=DIRECTION('',(3.090169943749E-1,9.510565162952E-1,0.E0));
#4209=AXIS2_PLACEMENT_3D('',#4206,#4207,#4208);
#4210=PLANE('',#4209);
#4211=ORIENTED_EDGE('',*,*,#3433,.F.);
#4213=ORIENTED_EDGE('',*,*,#4212,.T.);
#4215=ORIENTED_EDGE('',*,*,#4214,.T.);
#4216=ORIENTED_EDGE('',*,*,#4192,.F.);
#4217=EDGE_LOOP('',(#4211,#4213,#4215,#4216));
#4218=FACE_OUTER_BOUND('',#4217,.F.);
#4220=FILL_AREA_STYLE_COLOUR('',#5);
#4221=FILL_AREA_STYLE('',(#4220));
#4222=SURFACE_STYLE_FILL_AREA(#4221);
#4223=SURFACE_SIDE_STYLE('',(#4222));
#4224=SURFACE_STYLE_USAGE(.BOTH.,#4223);
#4225=PRESENTATION_STYLE_ASSIGNMENT((#4224));
#4226=STYLED_ITEM('',(#4225),#4219);
#4227=CARTESIAN_POINT('',(7.100075598970E0,-5.404979416967E-1,0.E0));
#4228=DIRECTION('',(0.E0,0.E0,1.E0));
#4229=DIRECTION('',(-3.090169943749E-1,-9.510565162952E-1,0.E0));
#4230=AXIS2_PLACEMENT_3D('',#4227,#4228,#4229);
#4231=CYLINDRICAL_SURFACE('',#4230,2.15E0);
#4232=ORIENTED_EDGE('',*,*,#3556,.T.);
#4234=ORIENTED_EDGE('',*,*,#4233,.T.);
#4235=ORIENTED_EDGE('',*,*,#4212,.F.);
#4236=ORIENTED_EDGE('',*,*,#3431,.F.);
#4237=EDGE_LOOP('',(#4232,#4234,#4235,#4236));
#4238=FACE_OUTER_BOUND('',#4237,.F.);
#4240=FILL_AREA_STYLE_COLOUR('',#5);
#4241=FILL_AREA_STYLE('',(#4240));
#4242=SURFACE_STYLE_FILL_AREA(#4241);
#4243=SURFACE_SIDE_STYLE('',(#4242));
#4244=SURFACE_STYLE_USAGE(.BOTH.,#4243);
#4245=PRESENTATION_STYLE_ASSIGNMENT((#4244));
#4246=STYLED_ITEM('',(#4245),#4239);
#4247=CARTESIAN_POINT('',(0.E0,0.E0,5.E0));
#4248=DIRECTION('',(0.E0,0.E0,1.E0));
#4249=DIRECTION('',(1.E0,0.E0,0.E0));
#4250=AXIS2_PLACEMENT_3D('',#4247,#4248,#4249);
#4251=PLANE('',#4250);
#4252=ORIENTED_EDGE('',*,*,#3928,.F.);
#4254=ORIENTED_EDGE('',*,*,#4253,.F.);
#4256=ORIENTED_EDGE('',*,*,#4255,.F.);
#4258=ORIENTED_EDGE('',*,*,#4257,.F.);
#4259=ORIENTED_EDGE('',*,*,#3840,.F.);
#4261=ORIENTED_EDGE('',*,*,#4260,.F.);
#4263=ORIENTED_EDGE('',*,*,#4262,.F.);
#4265=ORIENTED_EDGE('',*,*,#4264,.F.);
#4266=ORIENTED_EDGE('',*,*,#3865,.F.);
#4268=ORIENTED_EDGE('',*,*,#4267,.F.);
#4270=ORIENTED_EDGE('',*,*,#4269,.F.);
#4272=ORIENTED_EDGE('',*,*,#4271,.F.);
#4273=ORIENTED_EDGE('',*,*,#4170,.F.);
#4275=ORIENTED_EDGE('',*,*,#4274,.F.);
#4277=ORIENTED_EDGE('',*,*,#4276,.F.);
#4279=ORIENTED_EDGE('',*,*,#4278,.F.);
#4280=ORIENTED_EDGE('',*,*,#4148,.F.);
#4282=ORIENTED_EDGE('',*,*,#4281,.F.);
#4284=ORIENTED_EDGE('',*,*,#4283,.F.);
#4286=ORIENTED_EDGE('',*,*,#4285,.F.);
#4287=ORIENTED_EDGE('',*,*,#4126,.F.);
#4289=ORIENTED_EDGE('',*,*,#4288,.F.);
#4291=ORIENTED_EDGE('',*,*,#4290,.F.);
#4293=ORIENTED_EDGE('',*,*,#4292,.F.);
#4294=ORIENTED_EDGE('',*,*,#4104,.F.);
#4296=ORIENTED_EDGE('',*,*,#4295,.F.);
#4298=ORIENTED_EDGE('',*,*,#4297,.F.);
#4300=ORIENTED_EDGE('',*,*,#4299,.F.);
#4301=ORIENTED_EDGE('',*,*,#4082,.F.);
#4303=ORIENTED_EDGE('',*,*,#4302,.F.);
#4305=ORIENTED_EDGE('',*,*,#4304,.F.);
#4307=ORIENTED_EDGE('',*,*,#4306,.F.);
#4308=ORIENTED_EDGE('',*,*,#3904,.F.);
#4310=ORIENTED_EDGE('',*,*,#4309,.F.);
#4312=ORIENTED_EDGE('',*,*,#4311,.F.);
#4314=ORIENTED_EDGE('',*,*,#4313,.F.);
#4315=ORIENTED_EDGE('',*,*,#3885,.F.);
#4317=ORIENTED_EDGE('',*,*,#4316,.F.);
#4319=ORIENTED_EDGE('',*,*,#4318,.F.);
#4321=ORIENTED_EDGE('',*,*,#4320,.F.);
#4322=ORIENTED_EDGE('',*,*,#3532,.F.);
#4323=ORIENTED_EDGE('',*,*,#4194,.F.);
#4324=ORIENTED_EDGE('',*,*,#4214,.F.);
#4325=ORIENTED_EDGE('',*,*,#4233,.F.);
#4326=ORIENTED_EDGE('',*,*,#3554,.F.);
#4328=ORIENTED_EDGE('',*,*,#4327,.F.);
#4330=ORIENTED_EDGE('',*,*,#4329,.F.);
#4332=ORIENTED_EDGE('',*,*,#4331,.F.);
#4333=ORIENTED_EDGE('',*,*,#3576,.F.);
#4335=ORIENTED_EDGE('',*,*,#4334,.F.);
#4337=ORIENTED_EDGE('',*,*,#4336,.F.);
#4339=ORIENTED_EDGE('',*,*,#4338,.F.);
#4340=ORIENTED_EDGE('',*,*,#3598,.F.);
#4342=ORIENTED_EDGE('',*,*,#4341,.F.);
#4344=ORIENTED_EDGE('',*,*,#4343,.F.);
#4346=ORIENTED_EDGE('',*,*,#4345,.F.);
#4347=ORIENTED_EDGE('',*,*,#3620,.F.);
#4349=ORIENTED_EDGE('',*,*,#4348,.F.);
#4351=ORIENTED_EDGE('',*,*,#4350,.F.);
#4353=ORIENTED_EDGE('',*,*,#4352,.F.);
#4354=ORIENTED_EDGE('',*,*,#3642,.F.);
#4356=ORIENTED_EDGE('',*,*,#4355,.F.);
#4358=ORIENTED_EDGE('',*,*,#4357,.F.);
#4360=ORIENTED_EDGE('',*,*,#4359,.F.);
#4361=ORIENTED_EDGE('',*,*,#3664,.F.);
#4363=ORIENTED_EDGE('',*,*,#4362,.F.);
#4365=ORIENTED_EDGE('',*,*,#4364,.F.);
#4367=ORIENTED_EDGE('',*,*,#4366,.F.);
#4368=ORIENTED_EDGE('',*,*,#3686,.F.);
#4370=ORIENTED_EDGE('',*,*,#4369,.F.);
#4372=ORIENTED_EDGE('',*,*,#4371,.F.);
#4374=ORIENTED_EDGE('',*,*,#4373,.F.);
#4375=ORIENTED_EDGE('',*,*,#3708,.F.);
#4377=ORIENTED_EDGE('',*,*,#4376,.F.);
#4379=ORIENTED_EDGE('',*,*,#4378,.F.);
#4381=ORIENTED_EDGE('',*,*,#4380,.F.);
#4382=ORIENTED_EDGE('',*,*,#3730,.F.);
#4384=ORIENTED_EDGE('',*,*,#4383,.F.);
#4386=ORIENTED_EDGE('',*,*,#4385,.F.);
#4388=ORIENTED_EDGE('',*,*,#4387,.F.);
#4389=ORIENTED_EDGE('',*,*,#3752,.F.);
#4391=ORIENTED_EDGE('',*,*,#4390,.F.);
#4393=ORIENTED_EDGE('',*,*,#4392,.F.);
#4395=ORIENTED_EDGE('',*,*,#4394,.F.);
#4396=ORIENTED_EDGE('',*,*,#3774,.F.);
#4398=ORIENTED_EDGE('',*,*,#4397,.F.);
#4400=ORIENTED_EDGE('',*,*,#4399,.F.);
#4402=ORIENTED_EDGE('',*,*,#4401,.F.);
#4403=ORIENTED_EDGE('',*,*,#3796,.F.);
#4405=ORIENTED_EDGE('',*,*,#4404,.F.);
#4407=ORIENTED_EDGE('',*,*,#4406,.F.);
#4409=ORIENTED_EDGE('',*,*,#4408,.F.);
#4410=ORIENTED_EDGE('',*,*,#3818,.F.);
#4412=ORIENTED_EDGE('',*,*,#4411,.F.);
#4414=ORIENTED_EDGE('',*,*,#4413,.F.);
#4416=ORIENTED_EDGE('',*,*,#4415,.F.);
#4417=ORIENTED_EDGE('',*,*,#4058,.F.);
#4419=ORIENTED_EDGE('',*,*,#4418,.F.);
#4421=ORIENTED_EDGE('',*,*,#4420,.F.);
#4423=ORIENTED_EDGE('',*,*,#4422,.F.);
#4424=ORIENTED_EDGE('',*,*,#4038,.F.);
#4426=ORIENTED_EDGE('',*,*,#4425,.F.);
#4428=ORIENTED_EDGE('',*,*,#4427,.F.);
#4430=ORIENTED_EDGE('',*,*,#4429,.F.);
#4431=ORIENTED_EDGE('',*,*,#4016,.F.);
#4433=ORIENTED_EDGE('',*,*,#4432,.F.);
#4435=ORIENTED_EDGE('',*,*,#4434,.F.);
#4437=ORIENTED_EDGE('',*,*,#4436,.F.);
#4438=ORIENTED_EDGE('',*,*,#3994,.F.);
#4440=ORIENTED_EDGE('',*,*,#4439,.F.);
#4442=ORIENTED_EDGE('',*,*,#4441,.F.);
#4444=ORIENTED_EDGE('',*,*,#4443,.F.);
#4445=ORIENTED_EDGE('',*,*,#3972,.F.);
#4447=ORIENTED_EDGE('',*,*,#4446,.F.);
#4449=ORIENTED_EDGE('',*,*,#4448,.F.);
#4451=ORIENTED_EDGE('',*,*,#4450,.F.);
#4452=ORIENTED_EDGE('',*,*,#3950,.F.);
#4454=ORIENTED_EDGE('',*,*,#4453,.F.);
#4456=ORIENTED_EDGE('',*,*,#4455,.F.);
#4458=ORIENTED_EDGE('',*,*,#4457,.F.);
#4459=EDGE_LOOP('',(#4252,#4254,#4256,#4258,#4259,#4261,#4263,#4265,#4266,#4268,
#4270,#4272,#4273,#4275,#4277,#4279,#4280,#4282,#4284,#4286,#4287,#4289,#4291,
#4293,#4294,#4296,#4298,#4300,#4301,#4303,#4305,#4307,#4308,#4310,#4312,#4314,
#4315,#4317,#4319,#4321,#4322,#4323,#4324,#4325,#4326,#4328,#4330,#4332,#4333,
#4335,#4337,#4339,#4340,#4342,#4344,#4346,#4347,#4349,#4351,#4353,#4354,#4356,
#4358,#4360,#4361,#4363,#4365,#4367,#4368,#4370,#4372,#4374,#4375,#4377,#4379,
#4381,#4382,#4384,#4386,#4388,#4389,#4391,#4393,#4395,#4396,#4398,#4400,#4402,
#4403,#4405,#4407,#4409,#4410,#4412,#4414,#4416,#4417,#4419,#4421,#4423,#4424,
#4426,#4428,#4430,#4431,#4433,#4435,#4437,#4438,#4440,#4442,#4444,#4445,#4447,
#4449,#4451,#4452,#4454,#4456,#4458));
#4460=FACE_OUTER_BOUND('',#4459,.F.);
#4462=ORIENTED_EDGE('',*,*,#4461,.T.);
#4464=ORIENTED_EDGE('',*,*,#4463,.T.);
#4465=EDGE_LOOP('',(#4462,#4464));
#4466=FACE_BOUND('',#4465,.F.);
#4468=FILL_AREA_STYLE_COLOUR('',#5);
#4469=FILL_AREA_STYLE('',(#4468));
#4470=SURFACE_STYLE_FILL_AREA(#4469);
#4471=SURFACE_SIDE_STYLE('',(#4470));
#4472=SURFACE_STYLE_USAGE(.BOTH.,#4471);
#4473=PRESENTATION_STYLE_ASSIGNMENT((#4472));
#4474=STYLED_ITEM('',(#4473),#4467);
#4475=CARTESIAN_POINT('',(2.046229540255E-1,7.117678061190E0,0.E0));
#4476=DIRECTION('',(0.E0,0.E0,1.E0));
#4477=DIRECTION('',(9.781476007338E-1,2.079116908178E-1,0.E0));
#4478=AXIS2_PLACEMENT_3D('',#4475,#4476,#4477);
#4479=CYLINDRICAL_SURFACE('',#4478,2.15E0);
#4480=ORIENTED_EDGE('',*,*,#3926,.F.);
#4481=ORIENTED_EDGE('',*,*,#3275,.F.);
#4483=ORIENTED_EDGE('',*,*,#4482,.T.);
#4484=ORIENTED_EDGE('',*,*,#4253,.T.);
#4485=EDGE_LOOP('',(#4480,#4481,#4483,#4484));
#4486=FACE_OUTER_BOUND('',#4485,.F.);
#4488=FILL_AREA_STYLE_COLOUR('',#5);
#4489=FILL_AREA_STYLE('',(#4488));
#4490=SURFACE_STYLE_FILL_AREA(#4489);
#4491=SURFACE_SIDE_STYLE('',(#4490));
#4492=SURFACE_STYLE_USAGE(.BOTH.,#4491);
#4493=PRESENTATION_STYLE_ASSIGNMENT((#4492));
#4494=STYLED_ITEM('',(#4493),#4487);
#4495=CARTESIAN_POINT('',(-1.486805883937E0,7.860623910574E0,0.E0));
#4496=DIRECTION('',(-2.079116908178E-1,9.781476007338E-1,0.E0));
#4497=DIRECTION('',(-9.781476007338E-1,-2.079116908178E-1,0.E0));
#4498=AXIS2_PLACEMENT_3D('',#4495,#4496,#4497);
#4499=PLANE('',#4498);
#4500=ORIENTED_EDGE('',*,*,#3273,.F.);
#4502=ORIENTED_EDGE('',*,*,#4501,.T.);
#4503=ORIENTED_EDGE('',*,*,#4255,.T.);
#4504=ORIENTED_EDGE('',*,*,#4482,.F.);
#4505=EDGE_LOOP('',(#4500,#4502,#4503,#4504));
#4506=FACE_OUTER_BOUND('',#4505,.F.);
#4508=FILL_AREA_STYLE_COLOUR('',#5);
#4509=FILL_AREA_STYLE('',(#4508));
#4510=SURFACE_STYLE_FILL_AREA(#4509);
#4511=SURFACE_SIDE_STYLE('',(#4510));
#4512=SURFACE_STYLE_USAGE(.BOTH.,#4511);
#4513=PRESENTATION_STYLE_ASSIGNMENT((#4512));
#4514=STYLED_ITEM('',(#4513),#4507);
#4515=CARTESIAN_POINT('',(-3.081952851282E0,6.419094808346E0,0.E0));
#4516=DIRECTION('',(0.E0,0.E0,1.E0));
#4517=DIRECTION('',(9.781476007338E-1,2.079116908178E-1,0.E0));
#4518=AXIS2_PLACEMENT_3D('',#4515,#4516,#4517);
#4519=CYLINDRICAL_SURFACE('',#4518,2.15E0);
#4520=ORIENTED_EDGE('',*,*,#3842,.T.);
#4521=ORIENTED_EDGE('',*,*,#4257,.T.);
#4522=ORIENTED_EDGE('',*,*,#4501,.F.);
#4523=ORIENTED_EDGE('',*,*,#3271,.F.);
#4524=EDGE_LOOP('',(#4520,#4521,#4522,#4523));
#4525=FACE_OUTER_BOUND('',#4524,.F.);
#4527=FILL_AREA_STYLE_COLOUR('',#5);
#4528=FILL_AREA_STYLE('',(#4527));
#4529=SURFACE_STYLE_FILL_AREA(#4528);
#4530=SURFACE_SIDE_STYLE('',(#4529));
#4531=SURFACE_STYLE_USAGE(.BOTH.,#4530);
#4532=PRESENTATION_STYLE_ASSIGNMENT((#4531));
#4533=STYLED_ITEM('',(#4532),#4526);
#4534=CARTESIAN_POINT('',(1.679999931934E0,6.919596213998E0,0.E0));
#4535=DIRECTION('',(0.E0,0.E0,1.E0));
#4536=DIRECTION('',(1.E0,0.E0,0.E0));
#4537=AXIS2_PLACEMENT_3D('',#4534,#4535,#4536);
#4538=CYLINDRICAL_SURFACE('',#4537,2.15E0);
#4539=ORIENTED_EDGE('',*,*,#3838,.F.);
#4540=ORIENTED_EDGE('',*,*,#3507,.F.);
#4542=ORIENTED_EDGE('',*,*,#4541,.T.);
#4543=ORIENTED_EDGE('',*,*,#4260,.T.);
#4544=EDGE_LOOP('',(#4539,#4540,#4542,#4543));
#4545=FACE_OUTER_BOUND('',#4544,.F.);
#4547=FILL_AREA_STYLE_COLOUR('',#5);
#4548=FILL_AREA_STYLE('',(#4547));
#4549=SURFACE_STYLE_FILL_AREA(#4548);
#4550=SURFACE_SIDE_STYLE('',(#4549));
#4551=SURFACE_STYLE_USAGE(.BOTH.,#4550);
#4552=PRESENTATION_STYLE_ASSIGNMENT((#4551));
#4553=STYLED_ITEM('',(#4552),#4546);
#4554=CARTESIAN_POINT('',(1.8E-1,7.997974743646E0,0.E0));
#4555=DIRECTION('',(0.E0,1.E0,0.E0));
#4556=DIRECTION('',(-1.E0,0.E0,0.E0));
#4557=AXIS2_PLACEMENT_3D('',#4554,#4555,#4556);
#4558=PLANE('',#4557);
#4559=ORIENTED_EDGE('',*,*,#3505,.F.);
#4561=ORIENTED_EDGE('',*,*,#4560,.T.);
#4562=ORIENTED_EDGE('',*,*,#4262,.T.);
#4563=ORIENTED_EDGE('',*,*,#4541,.F.);
#4564=EDGE_LOOP('',(#4559,#4561,#4562,#4563));
#4565=FACE_OUTER_BOUND('',#4564,.F.);
#4567=FILL_AREA_STYLE_COLOUR('',#5);
#4568=FILL_AREA_STYLE('',(#4567));
#4569=SURFACE_STYLE_FILL_AREA(#4568);
#4570=SURFACE_SIDE_STYLE('',(#4569));
#4571=SURFACE_STYLE_USAGE(.BOTH.,#4570);
#4572=PRESENTATION_STYLE_ASSIGNMENT((#4571));
#4573=STYLED_ITEM('',(#4572),#4566);
#4574=CARTESIAN_POINT('',(-1.679999931934E0,6.919596213998E0,0.E0));
#4575=DIRECTION('',(0.E0,0.E0,1.E0));
#4576=DIRECTION('',(1.E0,0.E0,0.E0));
#4577=AXIS2_PLACEMENT_3D('',#4574,#4575,#4576);
#4578=CYLINDRICAL_SURFACE('',#4577,2.15E0);
#4579=ORIENTED_EDGE('',*,*,#3860,.T.);
#4580=ORIENTED_EDGE('',*,*,#4264,.T.);
#4581=ORIENTED_EDGE('',*,*,#4560,.F.);
#4582=ORIENTED_EDGE('',*,*,#3503,.F.);
#4583=EDGE_LOOP('',(#4579,#4580,#4581,#4582));
#4584=FACE_OUTER_BOUND('',#4583,.F.);
#4586=FILL_AREA_STYLE_COLOUR('',#5);
#4587=FILL_AREA_STYLE('',(#4586));
#4588=SURFACE_STYLE_FILL_AREA(#4587);
#4589=SURFACE_SIDE_STYLE('',(#4588));
#4590=SURFACE_STYLE_USAGE(.BOTH.,#4589);
#4591=PRESENTATION_STYLE_ASSIGNMENT((#4590));
#4592=STYLED_ITEM('',(#4591),#4585);
#4593=CARTESIAN_POINT('',(3.081952851282E0,6.419094808346E0,0.E0));
#4594=DIRECTION('',(0.E0,0.E0,1.E0));
#4595=DIRECTION('',(9.781476007338E-1,-2.079116908178E-1,0.E0));
#4596=AXIS2_PLACEMENT_3D('',#4593,#4594,#4595);
#4597=CYLINDRICAL_SURFACE('',#4596,2.15E0);
#4598=ORIENTED_EDGE('',*,*,#3863,.F.);
#4599=ORIENTED_EDGE('',*,*,#3499,.F.);
#4601=ORIENTED_EDGE('',*,*,#4600,.T.);
#4602=ORIENTED_EDGE('',*,*,#4267,.T.);
#4603=EDGE_LOOP('',(#4598,#4599,#4601,#4602));
#4604=FACE_OUTER_BOUND('',#4603,.F.);
#4606=FILL_AREA_STYLE_COLOUR('',#5);
#4607=FILL_AREA_STYLE('',(#4606));
#4608=SURFACE_STYLE_FILL_AREA(#4607);
#4609=SURFACE_SIDE_STYLE('',(#4608));
#4610=SURFACE_STYLE_USAGE(.BOTH.,#4609);
#4611=PRESENTATION_STYLE_ASSIGNMENT((#4610));
#4612=STYLED_ITEM('',(#4611),#4605);
#4613=CARTESIAN_POINT('',(1.838939020201E0,7.785775701880E0,0.E0));
#4614=DIRECTION('',(2.079116908178E-1,9.781476007338E-1,0.E0));
#4615=DIRECTION('',(-9.781476007338E-1,2.079116908178E-1,0.E0));
#4616=AXIS2_PLACEMENT_3D('',#4613,#4614,#4615);
#4617=PLANE('',#4616);
#4618=ORIENTED_EDGE('',*,*,#3497,.F.);
#4620=ORIENTED_EDGE('',*,*,#4619,.T.);
#4621=ORIENTED_EDGE('',*,*,#4269,.T.);
#4622=ORIENTED_EDGE('',*,*,#4600,.F.);
#4623=EDGE_LOOP('',(#4618,#4620,#4621,#4622));
#4624=FACE_OUTER_BOUND('',#4623,.F.);
#4626=FILL_AREA_STYLE_COLOUR('',#5);
#4627=FILL_AREA_STYLE('',(#4626));
#4628=SURFACE_STYLE_FILL_AREA(#4627);
#4629=SURFACE_SIDE_STYLE('',(#4628));
#4630=SURFACE_STYLE_USAGE(.BOTH.,#4629);
#4631=PRESENTATION_STYLE_ASSIGNMENT((#4630));
#4632=STYLED_ITEM('',(#4631),#4625);
#4633=CARTESIAN_POINT('',(-2.046229540256E-1,7.117678061191E0,0.E0));
#4634=DIRECTION('',(0.E0,0.E0,1.E0));
#4635=DIRECTION('',(9.781476007338E-1,-2.079116908178E-1,0.E0));
#4636=AXIS2_PLACEMENT_3D('',#4633,#4634,#4635);
#4637=CYLINDRICAL_SURFACE('',#4636,2.15E0);
#4638=ORIENTED_EDGE('',*,*,#4172,.T.);
#4639=ORIENTED_EDGE('',*,*,#4271,.T.);
#4640=ORIENTED_EDGE('',*,*,#4619,.F.);
#4641=ORIENTED_EDGE('',*,*,#3495,.F.);
#4642=EDGE_LOOP('',(#4638,#4639,#4640,#4641));
#4643=FACE_OUTER_BOUND('',#4642,.F.);
#4645=FILL_AREA_STYLE_COLOUR('',#5);
#4646=FILL_AREA_STYLE('',(#4645));
#4647=SURFACE_STYLE_FILL_AREA(#4646);
#4648=SURFACE_SIDE_STYLE('',(#4647));
#4649=SURFACE_STYLE_USAGE(.BOTH.,#4648);
#4650=PRESENTATION_STYLE_ASSIGNMENT((#4649));
#4651=STYLED_ITEM('',(#4650),#4644);
#4652=CARTESIAN_POINT('',(4.349209642179E0,5.638048157336E0,0.E0));
#4653=DIRECTION('',(0.E0,0.E0,1.E0));
#4654=DIRECTION('',(9.135454576426E-1,-4.067366430758E-1,0.E0));
#4655=AXIS2_PLACEMENT_3D('',#4652,#4653,#4654);
#4656=CYLINDRICAL_SURFACE('',#4655,2.15E0);
#4657=ORIENTED_EDGE('',*,*,#4168,.F.);
#4658=ORIENTED_EDGE('',*,*,#3491,.F.);
#4660=ORIENTED_EDGE('',*,*,#4659,.T.);
#4661=ORIENTED_EDGE('',*,*,#4274,.T.);
#4662=EDGE_LOOP('',(#4657,#4658,#4660,#4661));
#4663=FACE_OUTER_BOUND('',#4662,.F.);
#4665=FILL_AREA_STYLE_COLOUR('',#5);
#4666=FILL_AREA_STYLE('',(#4665));
#4667=SURFACE_STYLE_FILL_AREA(#4666);
#4668=SURFACE_SIDE_STYLE('',(#4667));
#4669=SURFACE_STYLE_USAGE(.BOTH.,#4668);
#4670=PRESENTATION_STYLE_ASSIGNMENT((#4669));
#4671=STYLED_ITEM('',(#4670),#4664);
#4672=CARTESIAN_POINT('',(3.417507581011E0,7.233300901644E0,0.E0));
#4673=DIRECTION('',(4.067366430758E-1,9.135454576426E-1,0.E0));
#4674=DIRECTION('',(-9.135454576426E-1,4.067366430758E-1,0.E0));
#4675=AXIS2_PLACEMENT_3D('',#4672,#4673,#4674);
#4676=PLANE('',#4675);
#4677=ORIENTED_EDGE('',*,*,#3489,.F.);
#4679=ORIENTED_EDGE('',*,*,#4678,.T.);
#4680=ORIENTED_EDGE('',*,*,#4276,.T.);
#4681=ORIENTED_EDGE('',*,*,#4659,.F.);
#4682=EDGE_LOOP('',(#4677,#4679,#4680,#4681));
#4683=FACE_OUTER_BOUND('',#4682,.F.);
#4685=FILL_AREA_STYLE_COLOUR('',#5);
#4686=FILL_AREA_STYLE('',(#4685));
#4687=SURFACE_STYLE_FILL_AREA(#4686);
#4688=SURFACE_SIDE_STYLE('',(#4687));
#4689=SURFACE_STYLE_USAGE(.BOTH.,#4688);
#4690=PRESENTATION_STYLE_ASSIGNMENT((#4689));
#4691=STYLED_ITEM('',(#4690),#4684);
#4692=CARTESIAN_POINT('',(1.279697028863E0,7.004683222701E0,0.E0));
#4693=DIRECTION('',(0.E0,0.E0,1.E0));
#4694=DIRECTION('',(9.135454576426E-1,-4.067366430758E-1,0.E0));
#4695=AXIS2_PLACEMENT_3D('',#4692,#4693,#4694);
#4696=CYLINDRICAL_SURFACE('',#4695,2.15E0);
#4697=ORIENTED_EDGE('',*,*,#4150,.T.);
#4698=ORIENTED_EDGE('',*,*,#4278,.T.);
#4699=ORIENTED_EDGE('',*,*,#4678,.F.);
#4700=ORIENTED_EDGE('',*,*,#3487,.F.);
#4701=EDGE_LOOP('',(#4697,#4698,#4699,#4700));
#4702=FACE_OUTER_BOUND('',#4701,.F.);
#4704=FILL_AREA_STYLE_COLOUR('',#5);
#4705=FILL_AREA_STYLE('',(#4704));
#4706=SURFACE_STYLE_FILL_AREA(#4705);
#4707=SURFACE_SIDE_STYLE('',(#4706));
#4708=SURFACE_STYLE_USAGE(.BOTH.,#4707);
#4709=PRESENTATION_STYLE_ASSIGNMENT((#4708));
#4710=STYLED_ITEM('',(#4709),#4703);
#4711=CARTESIAN_POINT('',(5.426385101890E0,4.610591747494E0,0.E0));
#4712=DIRECTION('',(0.E0,0.E0,1.E0));
#4713=DIRECTION('',(8.090169943749E-1,-5.877852522925E-1,0.E0));
#4714=AXIS2_PLACEMENT_3D('',#4711,#4712,#4713);
#4715=CYLINDRICAL_SURFACE('',#4714,2.15E0);
#4716=ORIENTED_EDGE('',*,*,#4146,.F.);
#4717=ORIENTED_EDGE('',*,*,#3483,.F.);
#4719=ORIENTED_EDGE('',*,*,#4718,.T.);
#4720=ORIENTED_EDGE('',*,*,#4281,.T.);
#4721=EDGE_LOOP('',(#4716,#4717,#4719,#4720));
#4722=FACE_OUTER_BOUND('',#4721,.F.);
#4724=FILL_AREA_STYLE_COLOUR('',#5);
#4725=FILL_AREA_STYLE('',(#4724));
#4726=SURFACE_STYLE_FILL_AREA(#4725);
#4727=SURFACE_SIDE_STYLE('',(#4726));
#4728=SURFACE_STYLE_USAGE(.BOTH.,#4727);
#4729=PRESENTATION_STYLE_ASSIGNMENT((#4728));
#4730=STYLED_ITEM('',(#4729),#4723);
#4731=CARTESIAN_POINT('',(4.846714661510E0,6.364696142779E0,0.E0));
#4732=DIRECTION('',(5.877852522925E-1,8.090169943749E-1,0.E0));
#4733=DIRECTION('',(-8.090169943749E-1,5.877852522925E-1,0.E0));
#4734=AXIS2_PLACEMENT_3D('',#4731,#4732,#4733);
#4735=PLANE('',#4734);
#4736=ORIENTED_EDGE('',*,*,#3481,.F.);
#4738=ORIENTED_EDGE('',*,*,#4737,.T.);
#4739=ORIENTED_EDGE('',*,*,#4283,.T.);
#4740=ORIENTED_EDGE('',*,*,#4718,.F.);
#4741=EDGE_LOOP('',(#4736,#4738,#4739,#4740));
#4742=FACE_OUTER_BOUND('',#4741,.F.);
#4744=FILL_AREA_STYLE_COLOUR('',#5);
#4745=FILL_AREA_STYLE('',(#4744));
#4746=SURFACE_STYLE_FILL_AREA(#4745);
#4747=SURFACE_SIDE_STYLE('',(#4746));
#4748=SURFACE_STYLE_USAGE(.BOTH.,#4747);
#4749=PRESENTATION_STYLE_ASSIGNMENT((#4748));
#4750=STYLED_ITEM('',(#4749),#4743);
#4751=CARTESIAN_POINT('',(2.708088110923E0,6.585550115180E0,0.E0));
#4752=DIRECTION('',(0.E0,0.E0,1.E0));
#4753=DIRECTION('',(8.090169943749E-1,-5.877852522925E-1,0.E0));
#4754=AXIS2_PLACEMENT_3D('',#4751,#4752,#4753);
#4755=CYLINDRICAL_SURFACE('',#4754,2.15E0);
#4756=ORIENTED_EDGE('',*,*,#4128,.T.);
#4757=ORIENTED_EDGE('',*,*,#4285,.T.);
#4758=ORIENTED_EDGE('',*,*,#4737,.F.);
#4759=ORIENTED_EDGE('',*,*,#3479,.F.);
#4760=EDGE_LOOP('',(#4756,#4757,#4758,#4759));
#4761=FACE_OUTER_BOUND('',#4760,.F.);
#4763=FILL_AREA_STYLE_COLOUR('',#5);
#4764=FILL_AREA_STYLE('',(#4763));
#4765=SURFACE_STYLE_FILL_AREA(#4764);
#4766=SURFACE_SIDE_STYLE('',(#4765));
#4767=SURFACE_STYLE_USAGE(.BOTH.,#4766);
#4768=PRESENTATION_STYLE_ASSIGNMENT((#4767));
#4769=STYLED_ITEM('',(#4768),#4762);
#4770=CARTESIAN_POINT('',(6.266401493963E0,3.381630354212E0,0.E0));
#4771=DIRECTION('',(0.E0,0.E0,1.E0));
#4772=DIRECTION('',(6.691306063589E-1,-7.431448254774E-1,0.E0));
#4773=AXIS2_PLACEMENT_3D('',#4770,#4771,#4772);
#4774=CYLINDRICAL_SURFACE('',#4773,2.15E0);
#4775=ORIENTED_EDGE('',*,*,#4124,.F.);
#4776=ORIENTED_EDGE('',*,*,#3475,.F.);
#4778=ORIENTED_EDGE('',*,*,#4777,.T.);
#4779=ORIENTED_EDGE('',*,*,#4288,.T.);
#4780=EDGE_LOOP('',(#4775,#4776,#4778,#4779));
#4781=FACE_OUTER_BOUND('',#4780,.F.);
#4783=FILL_AREA_STYLE_COLOUR('',#5);
#4784=FILL_AREA_STYLE('',(#4783));
#4785=SURFACE_STYLE_FILL_AREA(#4784);
#4786=SURFACE_SIDE_STYLE('',(#4785));
#4787=SURFACE_STYLE_USAGE(.BOTH.,#4786);
#4788=PRESENTATION_STYLE_ASSIGNMENT((#4787));
#4789=STYLED_ITEM('',(#4788),#4782);
#4790=CARTESIAN_POINT('',(6.064097054184E0,5.217923621273E0,0.E0));
#4791=DIRECTION('',(7.431448254774E-1,6.691306063589E-1,0.E0));
#4792=DIRECTION('',(-6.691306063589E-1,7.431448254774E-1,0.E0));
#4793=AXIS2_PLACEMENT_3D('',#4790,#4791,#4792);
#4794=PLANE('',#4793);
#4795=ORIENTED_EDGE('',*,*,#3473,.F.);
#4797=ORIENTED_EDGE('',*,*,#4796,.T.);
#4798=ORIENTED_EDGE('',*,*,#4290,.T.);
#4799=ORIENTED_EDGE('',*,*,#4777,.F.);
#4800=EDGE_LOOP('',(#4795,#4797,#4798,#4799));
#4801=FACE_OUTER_BOUND('',#4800,.F.);
#4803=FILL_AREA_STYLE_COLOUR('',#5);
#4804=FILL_AREA_STYLE('',(#4803));
#4805=SURFACE_STYLE_FILL_AREA(#4804);
#4806=SURFACE_SIDE_STYLE('',(#4805));
#4807=SURFACE_STYLE_USAGE(.BOTH.,#4806);
#4808=PRESENTATION_STYLE_ASSIGNMENT((#4807));
#4809=STYLED_ITEM('',(#4808),#4802);
#4810=CARTESIAN_POINT('',(4.018122747688E0,5.878596866650E0,0.E0));
#4811=DIRECTION('',(0.E0,0.E0,1.E0));
#4812=DIRECTION('',(6.691306063589E-1,-7.431448254774E-1,0.E0));
#4813=AXIS2_PLACEMENT_3D('',#4810,#4811,#4812);
#4814=CYLINDRICAL_SURFACE('',#4813,2.15E0);
#4815=ORIENTED_EDGE('',*,*,#4106,.T.);
#4816=ORIENTED_EDGE('',*,*,#4292,.T.);
#4817=ORIENTED_EDGE('',*,*,#4796,.F.);
#4818=ORIENTED_EDGE('',*,*,#3471,.F.);
#4819=EDGE_LOOP('',(#4815,#4816,#4817,#4818));
#4820=FACE_OUTER_BOUND('',#4819,.F.);
#4822=FILL_AREA_STYLE_COLOUR('',#5);
#4823=FILL_AREA_STYLE('',(#4822));
#4824=SURFACE_STYLE_FILL_AREA(#4823);
#4825=SURFACE_SIDE_STYLE('',(#4824));
#4826=SURFACE_STYLE_USAGE(.BOTH.,#4825);
#4827=PRESENTATION_STYLE_ASSIGNMENT((#4826));
#4828=STYLED_ITEM('',(#4827),#4821);
#4829=CARTESIAN_POINT('',(6.832546071219E0,2.004875487588E0,0.E0));
#4830=DIRECTION('',(0.E0,0.E0,1.E0));
#4831=DIRECTION('',(5.E-1,-8.660254037844E-1,0.E0));
#4832=AXIS2_PLACEMENT_3D('',#4829,#4830,#4831);
#4833=CYLINDRICAL_SURFACE('',#4832,2.15E0);
#4834=ORIENTED_EDGE('',*,*,#4102,.F.);
#4835=ORIENTED_EDGE('',*,*,#3467,.F.);
#4837=ORIENTED_EDGE('',*,*,#4836,.T.);
#4838=ORIENTED_EDGE('',*,*,#4295,.T.);
#4839=EDGE_LOOP('',(#4834,#4835,#4837,#4838));
#4840=FACE_OUTER_BOUND('',#4839,.F.);
#4842=FILL_AREA_STYLE_COLOUR('',#5);
#4843=FILL_AREA_STYLE('',(#4842));
#4844=SURFACE_STYLE_FILL_AREA(#4843);
#4845=SURFACE_SIDE_STYLE('',(#4844));
#4846=SURFACE_STYLE_USAGE(.BOTH.,#4845);
#4847=PRESENTATION_STYLE_ASSIGNMENT((#4846));
#4848=STYLED_ITEM('',(#4847),#4841);
#4849=CARTESIAN_POINT('',(7.016449306824E0,3.843102799142E0,0.E0));
#4850=DIRECTION('',(8.660254037844E-1,5.E-1,0.E0));
#4851=DIRECTION('',(-5.E-1,8.660254037844E-1,0.E0));
#4852=AXIS2_PLACEMENT_3D('',#4849,#4850,#4851);
#4853=PLANE('',#4852);
#4854=ORIENTED_EDGE('',*,*,#3465,.F.);
#4856=ORIENTED_EDGE('',*,*,#4855,.T.);
#4857=ORIENTED_EDGE('',*,*,#4297,.T.);
#4858=ORIENTED_EDGE('',*,*,#4836,.F.);
#4859=EDGE_LOOP('',(#4854,#4856,#4857,#4858));
#4860=FACE_OUTER_BOUND('',#4859,.F.);
#4862=FILL_AREA_STYLE_COLOUR('',#5);
#4863=FILL_AREA_STYLE('',(#4862));
#4864=SURFACE_STYLE_FILL_AREA(#4863);
#4865=SURFACE_SIDE_STYLE('',(#4864));
#4866=SURFACE_STYLE_USAGE(.BOTH.,#4865);
#4867=PRESENTATION_STYLE_ASSIGNMENT((#4866));
#4868=STYLED_ITEM('',(#4867),#4861);
#4869=CARTESIAN_POINT('',(5.152546139286E0,4.914720726410E0,0.E0));
#4870=DIRECTION('',(0.E0,0.E0,1.E0));
#4871=DIRECTION('',(5.E-1,-8.660254037844E-1,0.E0));
#4872=AXIS2_PLACEMENT_3D('',#4869,#4870,#4871);
#4873=CYLINDRICAL_SURFACE('',#4872,2.15E0);
#4874=ORIENTED_EDGE('',*,*,#4084,.T.);
#4875=ORIENTED_EDGE('',*,*,#4299,.T.);
#4876=ORIENTED_EDGE('',*,*,#4855,.F.);
#4877=ORIENTED_EDGE('',*,*,#3463,.F.);
#4878=EDGE_LOOP('',(#4874,#4875,#4876,#4877));
#4879=FACE_OUTER_BOUND('',#4878,.F.);
#4881=FILL_AREA_STYLE_COLOUR('',#5);
#4882=FILL_AREA_STYLE('',(#4881));
#4883=SURFACE_STYLE_FILL_AREA(#4882);
#4884=SURFACE_SIDE_STYLE('',(#4883));
#4885=SURFACE_STYLE_USAGE(.BOTH.,#4884);
#4886=PRESENTATION_STYLE_ASSIGNMENT((#4885));
#4887=STYLED_ITEM('',(#4886),#4880);
#4888=CARTESIAN_POINT('',(7.100075598970E0,5.404979416969E-1,0.E0));
#4889=DIRECTION('',(0.E0,0.E0,1.E0));
#4890=DIRECTION('',(3.090169943749E-1,-9.510565162952E-1,0.E0));
#4891=AXIS2_PLACEMENT_3D('',#4888,#4889,#4890);
#4892=CYLINDRICAL_SURFACE('',#4891,2.15E0);
#4893=ORIENTED_EDGE('',*,*,#4080,.F.);
#4894=ORIENTED_EDGE('',*,*,#3459,.F.);
#4896=ORIENTED_EDGE('',*,*,#4895,.T.);
#4897=ORIENTED_EDGE('',*,*,#4302,.T.);
#4898=EDGE_LOOP('',(#4893,#4894,#4896,#4897));
#4899=FACE_OUTER_BOUND('',#4898,.F.);
#4901=FILL_AREA_STYLE_COLOUR('',#5);
#4902=FILL_AREA_STYLE('',(#4901));
#4903=SURFACE_STYLE_FILL_AREA(#4902);
#4904=SURFACE_SIDE_STYLE('',(#4903));
#4905=SURFACE_STYLE_USAGE(.BOTH.,#4904);
#4906=PRESENTATION_STYLE_ASSIGNMENT((#4905));
#4907=STYLED_ITEM('',(#4906),#4900);
#4908=CARTESIAN_POINT('',(7.662149056096E0,2.300319943435E0,0.E0));
#4909=DIRECTION('',(9.510565162952E-1,3.090169943749E-1,0.E0));
#4910=DIRECTION('',(-3.090169943749E-1,9.510565162952E-1,0.E0));
#4911=AXIS2_PLACEMENT_3D('',#4908,#4909,#4910);
#4912=PLANE('',#4911);
#4913=ORIENTED_EDGE('',*,*,#3457,.F.);
#4915=ORIENTED_EDGE('',*,*,#4914,.T.);
#4916=ORIENTED_EDGE('',*,*,#4304,.T.);
#4917=ORIENTED_EDGE('',*,*,#4895,.F.);
#4918=EDGE_LOOP('',(#4913,#4915,#4916,#4917));
#4919=FACE_OUTER_BOUND('',#4918,.F.);
#4921=FILL_AREA_STYLE_COLOUR('',#5);
#4922=FILL_AREA_STYLE('',(#4921));
#4923=SURFACE_STYLE_FILL_AREA(#4922);
#4924=SURFACE_SIDE_STYLE('',(#4923));
#4925=SURFACE_STYLE_USAGE(.BOTH.,#4924);
#4926=PRESENTATION_STYLE_ASSIGNMENT((#4925));
#4927=STYLED_ITEM('',(#4926),#4920);
#4928=CARTESIAN_POINT('',(6.061778539937E0,3.736047706979E0,0.E0));
#4929=DIRECTION('',(0.E0,0.E0,1.E0));
#4930=DIRECTION('',(3.090169943749E-1,-9.510565162952E-1,0.E0));
#4931=AXIS2_PLACEMENT_3D('',#4928,#4929,#4930);
#4932=CYLINDRICAL_SURFACE('',#4931,2.15E0);
#4933=ORIENTED_EDGE('',*,*,#3906,.T.);
#4934=ORIENTED_EDGE('',*,*,#4306,.T.);
#4935=ORIENTED_EDGE('',*,*,#4914,.F.);
#4936=ORIENTED_EDGE('',*,*,#3455,.F.);
#4937=EDGE_LOOP('',(#4933,#4934,#4935,#4936));
#4938=FACE_OUTER_BOUND('',#4937,.F.);
#4940=FILL_AREA_STYLE_COLOUR('',#5);
#4941=FILL_AREA_STYLE('',(#4940));
#4942=SURFACE_STYLE_FILL_AREA(#4941);
#4943=SURFACE_SIDE_STYLE('',(#4942));
#4944=SURFACE_STYLE_USAGE(.BOTH.,#4943);
#4945=PRESENTATION_STYLE_ASSIGNMENT((#4944));
#4946=STYLED_ITEM('',(#4945),#4939);
#4947=CARTESIAN_POINT('',(7.057297753103E0,-9.475019578434E-1,0.E0));
#4948=DIRECTION('',(0.E0,0.E0,1.E0));
#4949=DIRECTION('',(1.045284632677E-1,-9.945218953683E-1,0.E0));
#4950=AXIS2_PLACEMENT_3D('',#4947,#4948,#4949);
#4951=CYLINDRICAL_SURFACE('',#4950,2.15E0);
#4952=ORIENTED_EDGE('',*,*,#3909,.F.);
#4953=ORIENTED_EDGE('',*,*,#3451,.F.);
#4955=ORIENTED_EDGE('',*,*,#4954,.T.);
#4956=ORIENTED_EDGE('',*,*,#4309,.T.);
#4957=EDGE_LOOP('',(#4952,#4953,#4955,#4956));
#4958=FACE_OUTER_BOUND('',#4957,.F.);
#4960=FILL_AREA_STYLE_COLOUR('',#5);
#4961=FILL_AREA_STYLE('',(#4960));
#4962=SURFACE_STYLE_FILL_AREA(#4961);
#4963=SURFACE_SIDE_STYLE('',(#4962));
#4964=SURFACE_STYLE_USAGE(.BOTH.,#4963);
#4965=PRESENTATION_STYLE_ASSIGNMENT((#4964));
#4966=STYLED_ITEM('',(#4965),#4959);
#4967=CARTESIAN_POINT('',(7.972976124547E0,6.570020680405E-1,0.E0));
#4968=DIRECTION('',(9.945218953683E-1,1.045284632677E-1,0.E0));
#4969=DIRECTION('',(-1.045284632677E-1,9.945218953683E-1,0.E0));
#4970=AXIS2_PLACEMENT_3D('',#4967,#4968,#4969);
#4971=PLANE('',#4970);
#4972=ORIENTED_EDGE('',*,*,#3449,.F.);
#4974=ORIENTED_EDGE('',*,*,#4973,.T.);
#4975=ORIENTED_EDGE('',*,*,#4311,.T.);
#4976=ORIENTED_EDGE('',*,*,#4954,.F.);
#4977=EDGE_LOOP('',(#4972,#4974,#4975,#4976));
#4978=FACE_OUTER_BOUND('',#4977,.F.);
#4980=FILL_AREA_STYLE_COLOUR('',#5);
#4981=FILL_AREA_STYLE('',(#4980));
#4982=SURFACE_STYLE_FILL_AREA(#4981);
#4983=SURFACE_SIDE_STYLE('',(#4982));
#4984=SURFACE_STYLE_USAGE(.BOTH.,#4983);
#4985=PRESENTATION_STYLE_ASSIGNMENT((#4984));
#4986=STYLED_ITEM('',(#4985),#4979);
#4987=CARTESIAN_POINT('',(6.706082130753E0,2.394091475207E0,0.E0));
#4988=DIRECTION('',(0.E0,0.E0,1.E0));
#4989=DIRECTION('',(1.045284632677E-1,-9.945218953683E-1,0.E0));
#4990=AXIS2_PLACEMENT_3D('',#4987,#4988,#4989);
#4991=CYLINDRICAL_SURFACE('',#4990,2.15E0);
#4992=ORIENTED_EDGE('',*,*,#3887,.T.);
#4993=ORIENTED_EDGE('',*,*,#4313,.T.);
#4994=ORIENTED_EDGE('',*,*,#4973,.F.);
#4995=ORIENTED_EDGE('',*,*,#3447,.F.);
#4996=EDGE_LOOP('',(#4992,#4993,#4994,#4995));
#4997=FACE_OUTER_BOUND('',#4996,.F.);
#4999=FILL_AREA_STYLE_COLOUR('',#5);
#5000=FILL_AREA_STYLE('',(#4999));
#5001=SURFACE_STYLE_FILL_AREA(#5000);
#5002=SURFACE_SIDE_STYLE('',(#5001));
#5003=SURFACE_STYLE_USAGE(.BOTH.,#5002);
#5004=PRESENTATION_STYLE_ASSIGNMENT((#5003));
#5005=STYLED_ITEM('',(#5004),#4998);
#5006=CARTESIAN_POINT('',(6.706082130753E0,-2.394091475207E0,0.E0));
#5007=DIRECTION('',(0.E0,0.E0,1.E0));
#5008=DIRECTION('',(-1.045284632677E-1,-9.945218953683E-1,0.E0));
#5009=AXIS2_PLACEMENT_3D('',#5006,#5007,#5008);
#5010=CYLINDRICAL_SURFACE('',#5009,2.15E0);
#5011=ORIENTED_EDGE('',*,*,#3883,.F.);
#5012=ORIENTED_EDGE('',*,*,#3443,.F.);
#5014=ORIENTED_EDGE('',*,*,#5013,.T.);
#5015=ORIENTED_EDGE('',*,*,#4316,.T.);
#5016=EDGE_LOOP('',(#5011,#5012,#5014,#5015));
#5017=FACE_OUTER_BOUND('',#5016,.F.);
#5019=FILL_AREA_STYLE_COLOUR('',#5);
#5020=FILL_AREA_STYLE('',(#5019));
#5021=SURFACE_STYLE_FILL_AREA(#5020);
#5022=SURFACE_SIDE_STYLE('',(#5021));
#5023=SURFACE_STYLE_USAGE(.BOTH.,#5022);
#5024=PRESENTATION_STYLE_ASSIGNMENT((#5023));
#5025=STYLED_ITEM('',(#5024),#5018);
#5026=CARTESIAN_POINT('',(7.935345877770E0,-1.015029950373E0,0.E0));
#5027=DIRECTION('',(9.945218953683E-1,-1.045284632677E-1,0.E0));
#5028=DIRECTION('',(1.045284632677E-1,9.945218953683E-1,0.E0));
#5029=AXIS2_PLACEMENT_3D('',#5026,#5027,#5028);
#5030=PLANE('',#5029);
#5031=ORIENTED_EDGE('',*,*,#3441,.F.);
#5033=ORIENTED_EDGE('',*,*,#5032,.T.);
#5034=ORIENTED_EDGE('',*,*,#4318,.T.);
#5035=ORIENTED_EDGE('',*,*,#5013,.F.);
#5036=EDGE_LOOP('',(#5031,#5033,#5034,#5035));
#5037=FACE_OUTER_BOUND('',#5036,.F.);
#5039=FILL_AREA_STYLE_COLOUR('',#5);
#5040=FILL_AREA_STYLE('',(#5039));
#5041=SURFACE_STYLE_FILL_AREA(#5040);
#5042=SURFACE_SIDE_STYLE('',(#5041));
#5043=SURFACE_STYLE_USAGE(.BOTH.,#5042);
#5044=PRESENTATION_STYLE_ASSIGNMENT((#5043));
#5045=STYLED_ITEM('',(#5044),#5038);
#5046=CARTESIAN_POINT('',(7.057297753103E0,9.475019578436E-1,0.E0));
#5047=DIRECTION('',(0.E0,0.E0,1.E0));
#5048=DIRECTION('',(-1.045284632677E-1,-9.945218953683E-1,0.E0));
#5049=AXIS2_PLACEMENT_3D('',#5046,#5047,#5048);
#5050=CYLINDRICAL_SURFACE('',#5049,2.15E0);
#5051=ORIENTED_EDGE('',*,*,#3534,.T.);
#5052=ORIENTED_EDGE('',*,*,#4320,.T.);
#5053=ORIENTED_EDGE('',*,*,#5032,.F.);
#5054=ORIENTED_EDGE('',*,*,#3439,.F.);
#5055=EDGE_LOOP('',(#5051,#5052,#5053,#5054));
#5056=FACE_OUTER_BOUND('',#5055,.F.);
#5058=FILL_AREA_STYLE_COLOUR('',#5);
#5059=FILL_AREA_STYLE('',(#5058));
#5060=SURFACE_STYLE_FILL_AREA(#5059);
#5061=SURFACE_SIDE_STYLE('',(#5060));
#5062=SURFACE_STYLE_USAGE(.BOTH.,#5061);
#5063=PRESENTATION_STYLE_ASSIGNMENT((#5062));
#5064=STYLED_ITEM('',(#5063),#5057);
#5065=CARTESIAN_POINT('',(5.152546139286E0,-4.914720726409E0,0.E0));
#5066=DIRECTION('',(0.E0,0.E0,1.E0));
#5067=DIRECTION('',(-5.E-1,-8.660254037844E-1,0.E0));
#5068=AXIS2_PLACEMENT_3D('',#5065,#5066,#5067);
#5069=CYLINDRICAL_SURFACE('',#5068,2.15E0);
#5070=ORIENTED_EDGE('',*,*,#3552,.F.);
#5071=ORIENTED_EDGE('',*,*,#3427,.F.);
#5073=ORIENTED_EDGE('',*,*,#5072,.T.);
#5074=ORIENTED_EDGE('',*,*,#4327,.T.);
#5075=EDGE_LOOP('',(#5070,#5071,#5073,#5074));
#5076=FACE_OUTER_BOUND('',#5075,.F.);
#5078=FILL_AREA_STYLE_COLOUR('',#5);
#5079=FILL_AREA_STYLE('',(#5078));
#5080=SURFACE_STYLE_FILL_AREA(#5079);
#5081=SURFACE_SIDE_STYLE('',(#5080));
#5082=SURFACE_STYLE_USAGE(.BOTH.,#5081);
#5083=PRESENTATION_STYLE_ASSIGNMENT((#5082));
#5084=STYLED_ITEM('',(#5083),#5077);
#5085=CARTESIAN_POINT('',(6.836449306824E0,-4.154871944504E0,0.E0));
#5086=DIRECTION('',(8.660254037844E-1,-5.E-1,0.E0));
#5087=DIRECTION('',(5.E-1,8.660254037844E-1,0.E0));
#5088=AXIS2_PLACEMENT_3D('',#5085,#5086,#5087);
#5089=PLANE('',#5088);
#5090=ORIENTED_EDGE('',*,*,#3425,.F.);
#5092=ORIENTED_EDGE('',*,*,#5091,.T.);
#5093=ORIENTED_EDGE('',*,*,#4329,.T.);
#5094=ORIENTED_EDGE('',*,*,#5072,.F.);
#5095=EDGE_LOOP('',(#5090,#5092,#5093,#5094));
#5096=FACE_OUTER_BOUND('',#5095,.F.);
#5098=FILL_AREA_STYLE_COLOUR('',#5);
#5099=FILL_AREA_STYLE('',(#5098));
#5100=SURFACE_STYLE_FILL_AREA(#5099);
#5101=SURFACE_SIDE_STYLE('',(#5100));
#5102=SURFACE_STYLE_USAGE(.BOTH.,#5101);
#5103=PRESENTATION_STYLE_ASSIGNMENT((#5102));
#5104=STYLED_ITEM('',(#5103),#5097);
#5105=CARTESIAN_POINT('',(6.832546071219E0,-2.004875487588E0,0.E0));
#5106=DIRECTION('',(0.E0,0.E0,1.E0));
#5107=DIRECTION('',(-5.E-1,-8.660254037844E-1,0.E0));
#5108=AXIS2_PLACEMENT_3D('',#5105,#5106,#5107);
#5109=CYLINDRICAL_SURFACE('',#5108,2.15E0);
#5110=ORIENTED_EDGE('',*,*,#3578,.T.);
#5111=ORIENTED_EDGE('',*,*,#4331,.T.);
#5112=ORIENTED_EDGE('',*,*,#5091,.F.);
#5113=ORIENTED_EDGE('',*,*,#3423,.F.);
#5114=EDGE_LOOP('',(#5110,#5111,#5112,#5113));
#5115=FACE_OUTER_BOUND('',#5114,.F.);
#5117=FILL_AREA_STYLE_COLOUR('',#5);
#5118=FILL_AREA_STYLE('',(#5117));
#5119=SURFACE_STYLE_FILL_AREA(#5118);
#5120=SURFACE_SIDE_STYLE('',(#5119));
#5121=SURFACE_STYLE_USAGE(.BOTH.,#5120);
#5122=PRESENTATION_STYLE_ASSIGNMENT((#5121));
#5123=STYLED_ITEM('',(#5122),#5116);
#5124=CARTESIAN_POINT('',(4.018122747688E0,-5.878596866650E0,0.E0));
#5125=DIRECTION('',(0.E0,0.E0,1.E0));
#5126=DIRECTION('',(-6.691306063589E-1,-7.431448254774E-1,0.E0));
#5127=AXIS2_PLACEMENT_3D('',#5124,#5125,#5126);
#5128=CYLINDRICAL_SURFACE('',#5127,2.15E0);
#5129=ORIENTED_EDGE('',*,*,#3574,.F.);
#5130=ORIENTED_EDGE('',*,*,#3419,.F.);
#5132=ORIENTED_EDGE('',*,*,#5131,.T.);
#5133=ORIENTED_EDGE('',*,*,#4334,.T.);
#5134=EDGE_LOOP('',(#5129,#5130,#5132,#5133));
#5135=FACE_OUTER_BOUND('',#5134,.F.);
#5137=FILL_AREA_STYLE_COLOUR('',#5);
#5138=FILL_AREA_STYLE('',(#5137));
#5139=SURFACE_STYLE_FILL_AREA(#5138);
#5140=SURFACE_SIDE_STYLE('',(#5139));
#5141=SURFACE_STYLE_USAGE(.BOTH.,#5140);
#5142=PRESENTATION_STYLE_ASSIGNMENT((#5141));
#5143=STYLED_ITEM('',(#5142),#5136);
#5144=CARTESIAN_POINT('',(5.823210035895E0,-5.485455758445E0,0.E0));
#5145=DIRECTION('',(7.431448254774E-1,-6.691306063589E-1,0.E0));
#5146=DIRECTION('',(6.691306063589E-1,7.431448254774E-1,0.E0));
#5147=AXIS2_PLACEMENT_3D('',#5144,#5145,#5146);
#5148=PLANE('',#5147);
#5149=ORIENTED_EDGE('',*,*,#3417,.F.);
#5151=ORIENTED_EDGE('',*,*,#5150,.T.);
#5152=ORIENTED_EDGE('',*,*,#4336,.T.);
#5153=ORIENTED_EDGE('',*,*,#5131,.F.);
#5154=EDGE_LOOP('',(#5149,#5151,#5152,#5153));
#5155=FACE_OUTER_BOUND('',#5154,.F.);
#5157=FILL_AREA_STYLE_COLOUR('',#5);
#5158=FILL_AREA_STYLE('',(#5157));
#5159=SURFACE_STYLE_FILL_AREA(#5158);
#5160=SURFACE_SIDE_STYLE('',(#5159));
#5161=SURFACE_STYLE_USAGE(.BOTH.,#5160);
#5162=PRESENTATION_STYLE_ASSIGNMENT((#5161));
#5163=STYLED_ITEM('',(#5162),#5156);
#5164=CARTESIAN_POINT('',(6.266401493963E0,-3.381630354212E0,0.E0));
#5165=DIRECTION('',(0.E0,0.E0,1.E0));
#5166=DIRECTION('',(-6.691306063589E-1,-7.431448254774E-1,0.E0));
#5167=AXIS2_PLACEMENT_3D('',#5164,#5165,#5166);
#5168=CYLINDRICAL_SURFACE('',#5167,2.15E0);
#5169=ORIENTED_EDGE('',*,*,#3600,.T.);
#5170=ORIENTED_EDGE('',*,*,#4338,.T.);
#5171=ORIENTED_EDGE('',*,*,#5150,.F.);
#5172=ORIENTED_EDGE('',*,*,#3415,.F.);
#5173=EDGE_LOOP('',(#5169,#5170,#5171,#5172));
#5174=FACE_OUTER_BOUND('',#5173,.F.);
#5176=FILL_AREA_STYLE_COLOUR('',#5);
#5177=FILL_AREA_STYLE('',(#5176));
#5178=SURFACE_STYLE_FILL_AREA(#5177);
#5179=SURFACE_SIDE_STYLE('',(#5178));
#5180=SURFACE_STYLE_USAGE(.BOTH.,#5179);
#5181=PRESENTATION_STYLE_ASSIGNMENT((#5180));
#5182=STYLED_ITEM('',(#5181),#5175);
#5183=CARTESIAN_POINT('',(2.708088110924E0,-6.585550115180E0,0.E0));
#5184=DIRECTION('',(0.E0,0.E0,1.E0));
#5185=DIRECTION('',(-8.090169943749E-1,-5.877852522925E-1,0.E0));
#5186=AXIS2_PLACEMENT_3D('',#5183,#5184,#5185);
#5187=CYLINDRICAL_SURFACE('',#5186,2.15E0);
#5188=ORIENTED_EDGE('',*,*,#3596,.F.);
#5189=ORIENTED_EDGE('',*,*,#3411,.F.);
#5191=ORIENTED_EDGE('',*,*,#5190,.T.);
#5192=ORIENTED_EDGE('',*,*,#4341,.T.);
#5193=EDGE_LOOP('',(#5188,#5189,#5191,#5192));
#5194=FACE_OUTER_BOUND('',#5193,.F.);
#5196=FILL_AREA_STYLE_COLOUR('',#5);
#5197=FILL_AREA_STYLE('',(#5196));
#5198=SURFACE_STYLE_FILL_AREA(#5197);
#5199=SURFACE_SIDE_STYLE('',(#5198));
#5200=SURFACE_STYLE_USAGE(.BOTH.,#5199);
#5201=PRESENTATION_STYLE_ASSIGNMENT((#5200));
#5202=STYLED_ITEM('',(#5201),#5195);
#5203=CARTESIAN_POINT('',(4.555468543535E0,-6.576298833604E0,0.E0));
#5204=DIRECTION('',(5.877852522925E-1,-8.090169943749E-1,0.E0));
#5205=DIRECTION('',(8.090169943749E-1,5.877852522925E-1,0.E0));
#5206=AXIS2_PLACEMENT_3D('',#5203,#5204,#5205);
#5207=PLANE('',#5206);
#5208=ORIENTED_EDGE('',*,*,#3409,.F.);
#5210=ORIENTED_EDGE('',*,*,#5209,.T.);
#5211=ORIENTED_EDGE('',*,*,#4343,.T.);
#5212=ORIENTED_EDGE('',*,*,#5190,.F.);
#5213=EDGE_LOOP('',(#5208,#5210,#5211,#5212));
#5214=FACE_OUTER_BOUND('',#5213,.F.);
#5216=FILL_AREA_STYLE_COLOUR('',#5);
#5217=FILL_AREA_STYLE('',(#5216));
#5218=SURFACE_STYLE_FILL_AREA(#5217);
#5219=SURFACE_SIDE_STYLE('',(#5218));
#5220=SURFACE_STYLE_USAGE(.BOTH.,#5219);
#5221=PRESENTATION_STYLE_ASSIGNMENT((#5220));
#5222=STYLED_ITEM('',(#5221),#5215);
#5223=CARTESIAN_POINT('',(5.426385101890E0,-4.610591747494E0,0.E0));
#5224=DIRECTION('',(0.E0,0.E0,1.E0));
#5225=DIRECTION('',(-8.090169943749E-1,-5.877852522925E-1,0.E0));
#5226=AXIS2_PLACEMENT_3D('',#5223,#5224,#5225);
#5227=CYLINDRICAL_SURFACE('',#5226,2.15E0);
#5228=ORIENTED_EDGE('',*,*,#3622,.T.);
#5229=ORIENTED_EDGE('',*,*,#4345,.T.);
#5230=ORIENTED_EDGE('',*,*,#5209,.F.);
#5231=ORIENTED_EDGE('',*,*,#3407,.F.);
#5232=EDGE_LOOP('',(#5228,#5229,#5230,#5231));
#5233=FACE_OUTER_BOUND('',#5232,.F.);
#5235=FILL_AREA_STYLE_COLOUR('',#5);
#5236=FILL_AREA_STYLE('',(#5235));
#5237=SURFACE_STYLE_FILL_AREA(#5236);
#5238=SURFACE_SIDE_STYLE('',(#5237));
#5239=SURFACE_STYLE_USAGE(.BOTH.,#5238);
#5240=PRESENTATION_STYLE_ASSIGNMENT((#5239));
#5241=STYLED_ITEM('',(#5240),#5234);
#5242=CARTESIAN_POINT('',(1.279697028864E0,-7.004683222701E0,0.E0));
#5243=DIRECTION('',(0.E0,0.E0,1.E0));
#5244=DIRECTION('',(-9.135454576426E-1,-4.067366430758E-1,0.E0));
#5245=AXIS2_PLACEMENT_3D('',#5242,#5243,#5244);
#5246=CYLINDRICAL_SURFACE('',#5245,2.15E0);
#5247=ORIENTED_EDGE('',*,*,#3618,.F.);
#5248=ORIENTED_EDGE('',*,*,#3403,.F.);
#5250=ORIENTED_EDGE('',*,*,#5249,.T.);
#5251=ORIENTED_EDGE('',*,*,#4348,.T.);
#5252=EDGE_LOOP('',(#5247,#5248,#5250,#5251));
#5253=FACE_OUTER_BOUND('',#5252,.F.);
#5255=FILL_AREA_STYLE_COLOUR('',#5);
#5256=FILL_AREA_STYLE('',(#5255));
#5257=SURFACE_STYLE_FILL_AREA(#5256);
#5258=SURFACE_SIDE_STYLE('',(#5257));
#5259=SURFACE_STYLE_USAGE(.BOTH.,#5258);
#5260=PRESENTATION_STYLE_ASSIGNMENT((#5259));
#5261=STYLED_ITEM('',(#5260),#5254);
#5262=CARTESIAN_POINT('',(3.088631216260E0,-7.379726093152E0,0.E0));
#5263=DIRECTION('',(4.067366430758E-1,-9.135454576426E-1,0.E0));
#5264=DIRECTION('',(9.135454576426E-1,4.067366430758E-1,0.E0));
#5265=AXIS2_PLACEMENT_3D('',#5262,#5263,#5264);
#5266=PLANE('',#5265);
#5267=ORIENTED_EDGE('',*,*,#3401,.F.);
#5269=ORIENTED_EDGE('',*,*,#5268,.T.);
#5270=ORIENTED_EDGE('',*,*,#4350,.T.);
#5271=ORIENTED_EDGE('',*,*,#5249,.F.);
#5272=EDGE_LOOP('',(#5267,#5269,#5270,#5271));
#5273=FACE_OUTER_BOUND('',#5272,.F.);
#5275=FILL_AREA_STYLE_COLOUR('',#5);
#5276=FILL_AREA_STYLE('',(#5275));
#5277=SURFACE_STYLE_FILL_AREA(#5276);
#5278=SURFACE_SIDE_STYLE('',(#5277));
#5279=SURFACE_STYLE_USAGE(.BOTH.,#5278);
#5280=PRESENTATION_STYLE_ASSIGNMENT((#5279));
#5281=STYLED_ITEM('',(#5280),#5274);
#5282=CARTESIAN_POINT('',(4.349209642179E0,-5.638048157336E0,0.E0));
#5283=DIRECTION('',(0.E0,0.E0,1.E0));
#5284=DIRECTION('',(-9.135454576426E-1,-4.067366430758E-1,0.E0));
#5285=AXIS2_PLACEMENT_3D('',#5282,#5283,#5284);
#5286=CYLINDRICAL_SURFACE('',#5285,2.15E0);
#5287=ORIENTED_EDGE('',*,*,#3644,.T.);
#5288=ORIENTED_EDGE('',*,*,#4352,.T.);
#5289=ORIENTED_EDGE('',*,*,#5268,.F.);
#5290=ORIENTED_EDGE('',*,*,#3399,.F.);
#5291=EDGE_LOOP('',(#5287,#5288,#5289,#5290));
#5292=FACE_OUTER_BOUND('',#5291,.F.);
#5294=FILL_AREA_STYLE_COLOUR('',#5);
#5295=FILL_AREA_STYLE('',(#5294));
#5296=SURFACE_STYLE_FILL_AREA(#5295);
#5297=SURFACE_SIDE_STYLE('',(#5296));
#5298=SURFACE_STYLE_USAGE(.BOTH.,#5297);
#5299=PRESENTATION_STYLE_ASSIGNMENT((#5298));
#5300=STYLED_ITEM('',(#5299),#5293);
#5301=CARTESIAN_POINT('',(-2.046229540255E-1,-7.117678061190E0,0.E0));
#5302=DIRECTION('',(0.E0,0.E0,1.E0));
#5303=DIRECTION('',(-9.781476007338E-1,-2.079116908178E-1,0.E0));
#5304=AXIS2_PLACEMENT_3D('',#5301,#5302,#5303);
#5305=CYLINDRICAL_SURFACE('',#5304,2.15E0);
#5306=ORIENTED_EDGE('',*,*,#3640,.F.);
#5307=ORIENTED_EDGE('',*,*,#3395,.F.);
#5309=ORIENTED_EDGE('',*,*,#5308,.T.);
#5310=ORIENTED_EDGE('',*,*,#4355,.T.);
#5311=EDGE_LOOP('',(#5306,#5307,#5309,#5310));
#5312=FACE_OUTER_BOUND('',#5311,.F.);
#5314=FILL_AREA_STYLE_COLOUR('',#5);
#5315=FILL_AREA_STYLE('',(#5314));
#5316=SURFACE_STYLE_FILL_AREA(#5315);
#5317=SURFACE_SIDE_STYLE('',(#5316));
#5318=SURFACE_STYLE_USAGE(.BOTH.,#5317);
#5319=PRESENTATION_STYLE_ASSIGNMENT((#5318));
#5320=STYLED_ITEM('',(#5319),#5313);
#5321=CARTESIAN_POINT('',(1.486805883937E0,-7.860623910574E0,0.E0));
#5322=DIRECTION('',(2.079116908178E-1,-9.781476007338E-1,0.E0));
#5323=DIRECTION('',(9.781476007338E-1,2.079116908178E-1,0.E0));
#5324=AXIS2_PLACEMENT_3D('',#5321,#5322,#5323);
#5325=PLANE('',#5324);
#5326=ORIENTED_EDGE('',*,*,#3393,.F.);
#5328=ORIENTED_EDGE('',*,*,#5327,.T.);
#5329=ORIENTED_EDGE('',*,*,#4357,.T.);
#5330=ORIENTED_EDGE('',*,*,#5308,.F.);
#5331=EDGE_LOOP('',(#5326,#5328,#5329,#5330));
#5332=FACE_OUTER_BOUND('',#5331,.F.);
#5334=FILL_AREA_STYLE_COLOUR('',#5);
#5335=FILL_AREA_STYLE('',(#5334));
#5336=SURFACE_STYLE_FILL_AREA(#5335);
#5337=SURFACE_SIDE_STYLE('',(#5336));
#5338=SURFACE_STYLE_USAGE(.BOTH.,#5337);
#5339=PRESENTATION_STYLE_ASSIGNMENT((#5338));
#5340=STYLED_ITEM('',(#5339),#5333);
#5341=CARTESIAN_POINT('',(3.081952851282E0,-6.419094808346E0,0.E0));
#5342=DIRECTION('',(0.E0,0.E0,1.E0));
#5343=DIRECTION('',(-9.781476007338E-1,-2.079116908178E-1,0.E0));
#5344=AXIS2_PLACEMENT_3D('',#5341,#5342,#5343);
#5345=CYLINDRICAL_SURFACE('',#5344,2.15E0);
#5346=ORIENTED_EDGE('',*,*,#3666,.T.);
#5347=ORIENTED_EDGE('',*,*,#4359,.T.);
#5348=ORIENTED_EDGE('',*,*,#5327,.F.);
#5349=ORIENTED_EDGE('',*,*,#3391,.F.);
#5350=EDGE_LOOP('',(#5346,#5347,#5348,#5349));
#5351=FACE_OUTER_BOUND('',#5350,.F.);
#5353=FILL_AREA_STYLE_COLOUR('',#5);
#5354=FILL_AREA_STYLE('',(#5353));
#5355=SURFACE_STYLE_FILL_AREA(#5354);
#5356=SURFACE_SIDE_STYLE('',(#5355));
#5357=SURFACE_STYLE_USAGE(.BOTH.,#5356);
#5358=PRESENTATION_STYLE_ASSIGNMENT((#5357));
#5359=STYLED_ITEM('',(#5358),#5352);
#5360=CARTESIAN_POINT('',(-1.679999931934E0,-6.919596213998E0,0.E0));
#5361=DIRECTION('',(0.E0,0.E0,1.E0));
#5362=DIRECTION('',(-1.E0,0.E0,0.E0));
#5363=AXIS2_PLACEMENT_3D('',#5360,#5361,#5362);
#5364=CYLINDRICAL_SURFACE('',#5363,2.15E0);
#5365=ORIENTED_EDGE('',*,*,#3662,.F.);
#5366=ORIENTED_EDGE('',*,*,#3387,.F.);
#5368=ORIENTED_EDGE('',*,*,#5367,.T.);
#5369=ORIENTED_EDGE('',*,*,#4362,.T.);
#5370=EDGE_LOOP('',(#5365,#5366,#5368,#5369));
#5371=FACE_OUTER_BOUND('',#5370,.F.);
#5373=FILL_AREA_STYLE_COLOUR('',#5);
#5374=FILL_AREA_STYLE('',(#5373));
#5375=SURFACE_STYLE_FILL_AREA(#5374);
#5376=SURFACE_SIDE_STYLE('',(#5375));
#5377=SURFACE_STYLE_USAGE(.BOTH.,#5376);
#5378=PRESENTATION_STYLE_ASSIGNMENT((#5377));
#5379=STYLED_ITEM('',(#5378),#5372);
#5380=CARTESIAN_POINT('',(-1.8E-1,-7.997974743646E0,0.E0));
#5381=DIRECTION('',(0.E0,-1.E0,0.E0));
#5382=DIRECTION('',(1.E0,0.E0,0.E0));
#5383=AXIS2_PLACEMENT_3D('',#5380,#5381,#5382);
#5384=PLANE('',#5383);
#5385=ORIENTED_EDGE('',*,*,#3385,.F.);
#5387=ORIENTED_EDGE('',*,*,#5386,.T.);
#5388=ORIENTED_EDGE('',*,*,#4364,.T.);
#5389=ORIENTED_EDGE('',*,*,#5367,.F.);
#5390=EDGE_LOOP('',(#5385,#5387,#5388,#5389));
#5391=FACE_OUTER_BOUND('',#5390,.F.);
#5393=FILL_AREA_STYLE_COLOUR('',#5);
#5394=FILL_AREA_STYLE('',(#5393));
#5395=SURFACE_STYLE_FILL_AREA(#5394);
#5396=SURFACE_SIDE_STYLE('',(#5395));
#5397=SURFACE_STYLE_USAGE(.BOTH.,#5396);
#5398=PRESENTATION_STYLE_ASSIGNMENT((#5397));
#5399=STYLED_ITEM('',(#5398),#5392);
#5400=CARTESIAN_POINT('',(1.679999931934E0,-6.919596213998E0,0.E0));
#5401=DIRECTION('',(0.E0,0.E0,1.E0));
#5402=DIRECTION('',(-1.E0,0.E0,0.E0));
#5403=AXIS2_PLACEMENT_3D('',#5400,#5401,#5402);
#5404=CYLINDRICAL_SURFACE('',#5403,2.15E0);
#5405=ORIENTED_EDGE('',*,*,#3688,.T.);
#5406=ORIENTED_EDGE('',*,*,#4366,.T.);
#5407=ORIENTED_EDGE('',*,*,#5386,.F.);
#5408=ORIENTED_EDGE('',*,*,#3383,.F.);
#5409=EDGE_LOOP('',(#5405,#5406,#5407,#5408));
#5410=FACE_OUTER_BOUND('',#5409,.F.);
#5412=FILL_AREA_STYLE_COLOUR('',#5);
#5413=FILL_AREA_STYLE('',(#5412));
#5414=SURFACE_STYLE_FILL_AREA(#5413);
#5415=SURFACE_SIDE_STYLE('',(#5414));
#5416=SURFACE_STYLE_USAGE(.BOTH.,#5415);
#5417=PRESENTATION_STYLE_ASSIGNMENT((#5416));
#5418=STYLED_ITEM('',(#5417),#5411);
#5419=CARTESIAN_POINT('',(-3.081952851282E0,-6.419094808346E0,0.E0));
#5420=DIRECTION('',(0.E0,0.E0,1.E0));
#5421=DIRECTION('',(-9.781476007338E-1,2.079116908178E-1,0.E0));
#5422=AXIS2_PLACEMENT_3D('',#5419,#5420,#5421);
#5423=CYLINDRICAL_SURFACE('',#5422,2.15E0);
#5424=ORIENTED_EDGE('',*,*,#3684,.F.);
#5425=ORIENTED_EDGE('',*,*,#3379,.F.);
#5427=ORIENTED_EDGE('',*,*,#5426,.T.);
#5428=ORIENTED_EDGE('',*,*,#4369,.T.);
#5429=EDGE_LOOP('',(#5424,#5425,#5427,#5428));
#5430=FACE_OUTER_BOUND('',#5429,.F.);
#5432=FILL_AREA_STYLE_COLOUR('',#5);
#5433=FILL_AREA_STYLE('',(#5432));
#5434=SURFACE_STYLE_FILL_AREA(#5433);
#5435=SURFACE_SIDE_STYLE('',(#5434));
#5436=SURFACE_STYLE_USAGE(.BOTH.,#5435);
#5437=PRESENTATION_STYLE_ASSIGNMENT((#5436));
#5438=STYLED_ITEM('',(#5437),#5431);
#5439=CARTESIAN_POINT('',(-1.838939020201E0,-7.785775701880E0,0.E0));
#5440=DIRECTION('',(-2.079116908178E-1,-9.781476007338E-1,0.E0));
#5441=DIRECTION('',(9.781476007338E-1,-2.079116908178E-1,0.E0));
#5442=AXIS2_PLACEMENT_3D('',#5439,#5440,#5441);
#5443=PLANE('',#5442);
#5444=ORIENTED_EDGE('',*,*,#3377,.F.);
#5446=ORIENTED_EDGE('',*,*,#5445,.T.);
#5447=ORIENTED_EDGE('',*,*,#4371,.T.);
#5448=ORIENTED_EDGE('',*,*,#5426,.F.);
#5449=EDGE_LOOP('',(#5444,#5446,#5447,#5448));
#5450=FACE_OUTER_BOUND('',#5449,.F.);
#5452=FILL_AREA_STYLE_COLOUR('',#5);
#5453=FILL_AREA_STYLE('',(#5452));
#5454=SURFACE_STYLE_FILL_AREA(#5453);
#5455=SURFACE_SIDE_STYLE('',(#5454));
#5456=SURFACE_STYLE_USAGE(.BOTH.,#5455);
#5457=PRESENTATION_STYLE_ASSIGNMENT((#5456));
#5458=STYLED_ITEM('',(#5457),#5451);
#5459=CARTESIAN_POINT('',(2.046229540256E-1,-7.117678061191E0,0.E0));
#5460=DIRECTION('',(0.E0,0.E0,1.E0));
#5461=DIRECTION('',(-9.781476007338E-1,2.079116908178E-1,0.E0));
#5462=AXIS2_PLACEMENT_3D('',#5459,#5460,#5461);
#5463=CYLINDRICAL_SURFACE('',#5462,2.15E0);
#5464=ORIENTED_EDGE('',*,*,#3710,.T.);
#5465=ORIENTED_EDGE('',*,*,#4373,.T.);
#5466=ORIENTED_EDGE('',*,*,#5445,.F.);
#5467=ORIENTED_EDGE('',*,*,#3375,.F.);
#5468=EDGE_LOOP('',(#5464,#5465,#5466,#5467));
#5469=FACE_OUTER_BOUND('',#5468,.F.);
#5471=FILL_AREA_STYLE_COLOUR('',#5);
#5472=FILL_AREA_STYLE('',(#5471));
#5473=SURFACE_STYLE_FILL_AREA(#5472);
#5474=SURFACE_SIDE_STYLE('',(#5473));
#5475=SURFACE_STYLE_USAGE(.BOTH.,#5474);
#5476=PRESENTATION_STYLE_ASSIGNMENT((#5475));
#5477=STYLED_ITEM('',(#5476),#5470);
#5478=CARTESIAN_POINT('',(-4.349209642179E0,-5.638048157336E0,0.E0));
#5479=DIRECTION('',(0.E0,0.E0,1.E0));
#5480=DIRECTION('',(-9.135454576426E-1,4.067366430758E-1,0.E0));
#5481=AXIS2_PLACEMENT_3D('',#5478,#5479,#5480);
#5482=CYLINDRICAL_SURFACE('',#5481,2.15E0);
#5483=ORIENTED_EDGE('',*,*,#3706,.F.);
#5484=ORIENTED_EDGE('',*,*,#3371,.F.);
#5486=ORIENTED_EDGE('',*,*,#5485,.T.);
#5487=ORIENTED_EDGE('',*,*,#4376,.T.);
#5488=EDGE_LOOP('',(#5483,#5484,#5486,#5487));
#5489=FACE_OUTER_BOUND('',#5488,.F.);
#5491=FILL_AREA_STYLE_COLOUR('',#5);
#5492=FILL_AREA_STYLE('',(#5491));
#5493=SURFACE_STYLE_FILL_AREA(#5492);
#5494=SURFACE_SIDE_STYLE('',(#5493));
#5495=SURFACE_STYLE_USAGE(.BOTH.,#5494);
#5496=PRESENTATION_STYLE_ASSIGNMENT((#5495));
#5497=STYLED_ITEM('',(#5496),#5490);
#5498=CARTESIAN_POINT('',(-3.417507581011E0,-7.233300901644E0,0.E0));
#5499=DIRECTION('',(-4.067366430758E-1,-9.135454576426E-1,0.E0));
#5500=DIRECTION('',(9.135454576426E-1,-4.067366430758E-1,0.E0));
#5501=AXIS2_PLACEMENT_3D('',#5498,#5499,#5500);
#5502=PLANE('',#5501);
#5503=ORIENTED_EDGE('',*,*,#3369,.F.);
#5505=ORIENTED_EDGE('',*,*,#5504,.T.);
#5506=ORIENTED_EDGE('',*,*,#4378,.T.);
#5507=ORIENTED_EDGE('',*,*,#5485,.F.);
#5508=EDGE_LOOP('',(#5503,#5505,#5506,#5507));
#5509=FACE_OUTER_BOUND('',#5508,.F.);
#5511=FILL_AREA_STYLE_COLOUR('',#5);
#5512=FILL_AREA_STYLE('',(#5511));
#5513=SURFACE_STYLE_FILL_AREA(#5512);
#5514=SURFACE_SIDE_STYLE('',(#5513));
#5515=SURFACE_STYLE_USAGE(.BOTH.,#5514);
#5516=PRESENTATION_STYLE_ASSIGNMENT((#5515));
#5517=STYLED_ITEM('',(#5516),#5510);
#5518=CARTESIAN_POINT('',(-1.279697028863E0,-7.004683222701E0,0.E0));
#5519=DIRECTION('',(0.E0,0.E0,1.E0));
#5520=DIRECTION('',(-9.135454576426E-1,4.067366430758E-1,0.E0));
#5521=AXIS2_PLACEMENT_3D('',#5518,#5519,#5520);
#5522=CYLINDRICAL_SURFACE('',#5521,2.15E0);
#5523=ORIENTED_EDGE('',*,*,#3732,.T.);
#5524=ORIENTED_EDGE('',*,*,#4380,.T.);
#5525=ORIENTED_EDGE('',*,*,#5504,.F.);
#5526=ORIENTED_EDGE('',*,*,#3367,.F.);
#5527=EDGE_LOOP('',(#5523,#5524,#5525,#5526));
#5528=FACE_OUTER_BOUND('',#5527,.F.);
#5530=FILL_AREA_STYLE_COLOUR('',#5);
#5531=FILL_AREA_STYLE('',(#5530));
#5532=SURFACE_STYLE_FILL_AREA(#5531);
#5533=SURFACE_SIDE_STYLE('',(#5532));
#5534=SURFACE_STYLE_USAGE(.BOTH.,#5533);
#5535=PRESENTATION_STYLE_ASSIGNMENT((#5534));
#5536=STYLED_ITEM('',(#5535),#5529);
#5537=CARTESIAN_POINT('',(-5.426385101890E0,-4.610591747494E0,0.E0));
#5538=DIRECTION('',(0.E0,0.E0,1.E0));
#5539=DIRECTION('',(-8.090169943749E-1,5.877852522925E-1,0.E0));
#5540=AXIS2_PLACEMENT_3D('',#5537,#5538,#5539);
#5541=CYLINDRICAL_SURFACE('',#5540,2.15E0);
#5542=ORIENTED_EDGE('',*,*,#3728,.F.);
#5543=ORIENTED_EDGE('',*,*,#3363,.F.);
#5545=ORIENTED_EDGE('',*,*,#5544,.T.);
#5546=ORIENTED_EDGE('',*,*,#4383,.T.);
#5547=EDGE_LOOP('',(#5542,#5543,#5545,#5546));
#5548=FACE_OUTER_BOUND('',#5547,.F.);
#5550=FILL_AREA_STYLE_COLOUR('',#5);
#5551=FILL_AREA_STYLE('',(#5550));
#5552=SURFACE_STYLE_FILL_AREA(#5551);
#5553=SURFACE_SIDE_STYLE('',(#5552));
#5554=SURFACE_STYLE_USAGE(.BOTH.,#5553);
#5555=PRESENTATION_STYLE_ASSIGNMENT((#5554));
#5556=STYLED_ITEM('',(#5555),#5549);
#5557=CARTESIAN_POINT('',(-4.846714661510E0,-6.364696142779E0,0.E0));
#5558=DIRECTION('',(-5.877852522925E-1,-8.090169943749E-1,0.E0));
#5559=DIRECTION('',(8.090169943749E-1,-5.877852522925E-1,0.E0));
#5560=AXIS2_PLACEMENT_3D('',#5557,#5558,#5559);
#5561=PLANE('',#5560);
#5562=ORIENTED_EDGE('',*,*,#3361,.F.);
#5564=ORIENTED_EDGE('',*,*,#5563,.T.);
#5565=ORIENTED_EDGE('',*,*,#4385,.T.);
#5566=ORIENTED_EDGE('',*,*,#5544,.F.);
#5567=EDGE_LOOP('',(#5562,#5564,#5565,#5566));
#5568=FACE_OUTER_BOUND('',#5567,.F.);
#5570=FILL_AREA_STYLE_COLOUR('',#5);
#5571=FILL_AREA_STYLE('',(#5570));
#5572=SURFACE_STYLE_FILL_AREA(#5571);
#5573=SURFACE_SIDE_STYLE('',(#5572));
#5574=SURFACE_STYLE_USAGE(.BOTH.,#5573);
#5575=PRESENTATION_STYLE_ASSIGNMENT((#5574));
#5576=STYLED_ITEM('',(#5575),#5569);
#5577=CARTESIAN_POINT('',(-2.708088110923E0,-6.585550115180E0,0.E0));
#5578=DIRECTION('',(0.E0,0.E0,1.E0));
#5579=DIRECTION('',(-8.090169943749E-1,5.877852522925E-1,0.E0));
#5580=AXIS2_PLACEMENT_3D('',#5577,#5578,#5579);
#5581=CYLINDRICAL_SURFACE('',#5580,2.15E0);
#5582=ORIENTED_EDGE('',*,*,#3754,.T.);
#5583=ORIENTED_EDGE('',*,*,#4387,.T.);
#5584=ORIENTED_EDGE('',*,*,#5563,.F.);
#5585=ORIENTED_EDGE('',*,*,#3359,.F.);
#5586=EDGE_LOOP('',(#5582,#5583,#5584,#5585));
#5587=FACE_OUTER_BOUND('',#5586,.F.);
#5589=FILL_AREA_STYLE_COLOUR('',#5);
#5590=FILL_AREA_STYLE('',(#5589));
#5591=SURFACE_STYLE_FILL_AREA(#5590);
#5592=SURFACE_SIDE_STYLE('',(#5591));
#5593=SURFACE_STYLE_USAGE(.BOTH.,#5592);
#5594=PRESENTATION_STYLE_ASSIGNMENT((#5593));
#5595=STYLED_ITEM('',(#5594),#5588);
#5596=CARTESIAN_POINT('',(-6.266401493963E0,-3.381630354212E0,0.E0));
#5597=DIRECTION('',(0.E0,0.E0,1.E0));
#5598=DIRECTION('',(-6.691306063589E-1,7.431448254774E-1,0.E0));
#5599=AXIS2_PLACEMENT_3D('',#5596,#5597,#5598);
#5600=CYLINDRICAL_SURFACE('',#5599,2.15E0);
#5601=ORIENTED_EDGE('',*,*,#3750,.F.);
#5602=ORIENTED_EDGE('',*,*,#3355,.F.);
#5604=ORIENTED_EDGE('',*,*,#5603,.T.);
#5605=ORIENTED_EDGE('',*,*,#4390,.T.);
#5606=EDGE_LOOP('',(#5601,#5602,#5604,#5605));
#5607=FACE_OUTER_BOUND('',#5606,.F.);
#5609=FILL_AREA_STYLE_COLOUR('',#5);
#5610=FILL_AREA_STYLE('',(#5609));
#5611=SURFACE_STYLE_FILL_AREA(#5610);
#5612=SURFACE_SIDE_STYLE('',(#5611));
#5613=SURFACE_STYLE_USAGE(.BOTH.,#5612);
#5614=PRESENTATION_STYLE_ASSIGNMENT((#5613));
#5615=STYLED_ITEM('',(#5614),#5608);
#5616=CARTESIAN_POINT('',(-6.064097054184E0,-5.217923621273E0,0.E0));
#5617=DIRECTION('',(-7.431448254774E-1,-6.691306063589E-1,0.E0));
#5618=DIRECTION('',(6.691306063589E-1,-7.431448254774E-1,0.E0));
#5619=AXIS2_PLACEMENT_3D('',#5616,#5617,#5618);
#5620=PLANE('',#5619);
#5621=ORIENTED_EDGE('',*,*,#3353,.F.);
#5623=ORIENTED_EDGE('',*,*,#5622,.T.);
#5624=ORIENTED_EDGE('',*,*,#4392,.T.);
#5625=ORIENTED_EDGE('',*,*,#5603,.F.);
#5626=EDGE_LOOP('',(#5621,#5623,#5624,#5625));
#5627=FACE_OUTER_BOUND('',#5626,.F.);
#5629=FILL_AREA_STYLE_COLOUR('',#5);
#5630=FILL_AREA_STYLE('',(#5629));
#5631=SURFACE_STYLE_FILL_AREA(#5630);
#5632=SURFACE_SIDE_STYLE('',(#5631));
#5633=SURFACE_STYLE_USAGE(.BOTH.,#5632);
#5634=PRESENTATION_STYLE_ASSIGNMENT((#5633));
#5635=STYLED_ITEM('',(#5634),#5628);
#5636=CARTESIAN_POINT('',(-4.018122747688E0,-5.878596866650E0,0.E0));
#5637=DIRECTION('',(0.E0,0.E0,1.E0));
#5638=DIRECTION('',(-6.691306063589E-1,7.431448254774E-1,0.E0));
#5639=AXIS2_PLACEMENT_3D('',#5636,#5637,#5638);
#5640=CYLINDRICAL_SURFACE('',#5639,2.15E0);
#5641=ORIENTED_EDGE('',*,*,#3776,.T.);
#5642=ORIENTED_EDGE('',*,*,#4394,.T.);
#5643=ORIENTED_EDGE('',*,*,#5622,.F.);
#5644=ORIENTED_EDGE('',*,*,#3351,.F.);
#5645=EDGE_LOOP('',(#5641,#5642,#5643,#5644));
#5646=FACE_OUTER_BOUND('',#5645,.F.);
#5648=FILL_AREA_STYLE_COLOUR('',#5);
#5649=FILL_AREA_STYLE('',(#5648));
#5650=SURFACE_STYLE_FILL_AREA(#5649);
#5651=SURFACE_SIDE_STYLE('',(#5650));
#5652=SURFACE_STYLE_USAGE(.BOTH.,#5651);
#5653=PRESENTATION_STYLE_ASSIGNMENT((#5652));
#5654=STYLED_ITEM('',(#5653),#5647);
#5655=CARTESIAN_POINT('',(-6.832546071219E0,-2.004875487588E0,0.E0));
#5656=DIRECTION('',(0.E0,0.E0,1.E0));
#5657=DIRECTION('',(-5.E-1,8.660254037844E-1,0.E0));
#5658=AXIS2_PLACEMENT_3D('',#5655,#5656,#5657);
#5659=CYLINDRICAL_SURFACE('',#5658,2.15E0);
#5660=ORIENTED_EDGE('',*,*,#3772,.F.);
#5661=ORIENTED_EDGE('',*,*,#3347,.F.);
#5663=ORIENTED_EDGE('',*,*,#5662,.T.);
#5664=ORIENTED_EDGE('',*,*,#4397,.T.);
#5665=EDGE_LOOP('',(#5660,#5661,#5663,#5664));
#5666=FACE_OUTER_BOUND('',#5665,.F.);
#5668=FILL_AREA_STYLE_COLOUR('',#5);
#5669=FILL_AREA_STYLE('',(#5668));
#5670=SURFACE_STYLE_FILL_AREA(#5669);
#5671=SURFACE_SIDE_STYLE('',(#5670));
#5672=SURFACE_STYLE_USAGE(.BOTH.,#5671);
#5673=PRESENTATION_STYLE_ASSIGNMENT((#5672));
#5674=STYLED_ITEM('',(#5673),#5667);
#5675=CARTESIAN_POINT('',(-7.016449306824E0,-3.843102799142E0,0.E0));
#5676=DIRECTION('',(-8.660254037844E-1,-5.E-1,0.E0));
#5677=DIRECTION('',(5.E-1,-8.660254037844E-1,0.E0));
#5678=AXIS2_PLACEMENT_3D('',#5675,#5676,#5677);
#5679=PLANE('',#5678);
#5680=ORIENTED_EDGE('',*,*,#3345,.F.);
#5682=ORIENTED_EDGE('',*,*,#5681,.T.);
#5683=ORIENTED_EDGE('',*,*,#4399,.T.);
#5684=ORIENTED_EDGE('',*,*,#5662,.F.);
#5685=EDGE_LOOP('',(#5680,#5682,#5683,#5684));
#5686=FACE_OUTER_BOUND('',#5685,.F.);
#5688=FILL_AREA_STYLE_COLOUR('',#5);
#5689=FILL_AREA_STYLE('',(#5688));
#5690=SURFACE_STYLE_FILL_AREA(#5689);
#5691=SURFACE_SIDE_STYLE('',(#5690));
#5692=SURFACE_STYLE_USAGE(.BOTH.,#5691);
#5693=PRESENTATION_STYLE_ASSIGNMENT((#5692));
#5694=STYLED_ITEM('',(#5693),#5687);
#5695=CARTESIAN_POINT('',(-5.152546139286E0,-4.914720726410E0,0.E0));
#5696=DIRECTION('',(0.E0,0.E0,1.E0));
#5697=DIRECTION('',(-5.E-1,8.660254037844E-1,0.E0));
#5698=AXIS2_PLACEMENT_3D('',#5695,#5696,#5697);
#5699=CYLINDRICAL_SURFACE('',#5698,2.15E0);
#5700=ORIENTED_EDGE('',*,*,#3798,.T.);
#5701=ORIENTED_EDGE('',*,*,#4401,.T.);
#5702=ORIENTED_EDGE('',*,*,#5681,.F.);
#5703=ORIENTED_EDGE('',*,*,#3343,.F.);
#5704=EDGE_LOOP('',(#5700,#5701,#5702,#5703));
#5705=FACE_OUTER_BOUND('',#5704,.F.);
#5707=FILL_AREA_STYLE_COLOUR('',#5);
#5708=FILL_AREA_STYLE('',(#5707));
#5709=SURFACE_STYLE_FILL_AREA(#5708);
#5710=SURFACE_SIDE_STYLE('',(#5709));
#5711=SURFACE_STYLE_USAGE(.BOTH.,#5710);
#5712=PRESENTATION_STYLE_ASSIGNMENT((#5711));
#5713=STYLED_ITEM('',(#5712),#5706);
#5714=CARTESIAN_POINT('',(-7.100075598970E0,-5.404979416969E-1,0.E0));
#5715=DIRECTION('',(0.E0,0.E0,1.E0));
#5716=DIRECTION('',(-3.090169943749E-1,9.510565162952E-1,0.E0));
#5717=AXIS2_PLACEMENT_3D('',#5714,#5715,#5716);
#5718=CYLINDRICAL_SURFACE('',#5717,2.15E0);
#5719=ORIENTED_EDGE('',*,*,#3794,.F.);
#5720=ORIENTED_EDGE('',*,*,#3339,.F.);
#5722=ORIENTED_EDGE('',*,*,#5721,.T.);
#5723=ORIENTED_EDGE('',*,*,#4404,.T.);
#5724=EDGE_LOOP('',(#5719,#5720,#5722,#5723));
#5725=FACE_OUTER_BOUND('',#5724,.F.);
#5727=FILL_AREA_STYLE_COLOUR('',#5);
#5728=FILL_AREA_STYLE('',(#5727));
#5729=SURFACE_STYLE_FILL_AREA(#5728);
#5730=SURFACE_SIDE_STYLE('',(#5729));
#5731=SURFACE_STYLE_USAGE(.BOTH.,#5730);
#5732=PRESENTATION_STYLE_ASSIGNMENT((#5731));
#5733=STYLED_ITEM('',(#5732),#5726);
#5734=CARTESIAN_POINT('',(-7.662149056096E0,-2.300319943435E0,0.E0));
#5735=DIRECTION('',(-9.510565162952E-1,-3.090169943749E-1,0.E0));
#5736=DIRECTION('',(3.090169943749E-1,-9.510565162952E-1,0.E0));
#5737=AXIS2_PLACEMENT_3D('',#5734,#5735,#5736);
#5738=PLANE('',#5737);
#5739=ORIENTED_EDGE('',*,*,#3337,.F.);
#5741=ORIENTED_EDGE('',*,*,#5740,.T.);
#5742=ORIENTED_EDGE('',*,*,#4406,.T.);
#5743=ORIENTED_EDGE('',*,*,#5721,.F.);
#5744=EDGE_LOOP('',(#5739,#5741,#5742,#5743));
#5745=FACE_OUTER_BOUND('',#5744,.F.);
#5747=FILL_AREA_STYLE_COLOUR('',#5);
#5748=FILL_AREA_STYLE('',(#5747));
#5749=SURFACE_STYLE_FILL_AREA(#5748);
#5750=SURFACE_SIDE_STYLE('',(#5749));
#5751=SURFACE_STYLE_USAGE(.BOTH.,#5750);
#5752=PRESENTATION_STYLE_ASSIGNMENT((#5751));
#5753=STYLED_ITEM('',(#5752),#5746);
#5754=CARTESIAN_POINT('',(-6.061778539937E0,-3.736047706979E0,0.E0));
#5755=DIRECTION('',(0.E0,0.E0,1.E0));
#5756=DIRECTION('',(-3.090169943749E-1,9.510565162952E-1,0.E0));
#5757=AXIS2_PLACEMENT_3D('',#5754,#5755,#5756);
#5758=CYLINDRICAL_SURFACE('',#5757,2.15E0);
#5759=ORIENTED_EDGE('',*,*,#3820,.T.);
#5760=ORIENTED_EDGE('',*,*,#4408,.T.);
#5761=ORIENTED_EDGE('',*,*,#5740,.F.);
#5762=ORIENTED_EDGE('',*,*,#3335,.F.);
#5763=EDGE_LOOP('',(#5759,#5760,#5761,#5762));
#5764=FACE_OUTER_BOUND('',#5763,.F.);
#5766=FILL_AREA_STYLE_COLOUR('',#5);
#5767=FILL_AREA_STYLE('',(#5766));
#5768=SURFACE_STYLE_FILL_AREA(#5767);
#5769=SURFACE_SIDE_STYLE('',(#5768));
#5770=SURFACE_STYLE_USAGE(.BOTH.,#5769);
#5771=PRESENTATION_STYLE_ASSIGNMENT((#5770));
#5772=STYLED_ITEM('',(#5771),#5765);
#5773=CARTESIAN_POINT('',(-7.057297753103E0,9.475019578434E-1,0.E0));
#5774=DIRECTION('',(0.E0,0.E0,1.E0));
#5775=DIRECTION('',(-1.045284632677E-1,9.945218953683E-1,0.E0));
#5776=AXIS2_PLACEMENT_3D('',#5773,#5774,#5775);
#5777=CYLINDRICAL_SURFACE('',#5776,2.15E0);
#5778=ORIENTED_EDGE('',*,*,#3816,.F.);
#5779=ORIENTED_EDGE('',*,*,#3331,.F.);
#5781=ORIENTED_EDGE('',*,*,#5780,.T.);
#5782=ORIENTED_EDGE('',*,*,#4411,.T.);
#5783=EDGE_LOOP('',(#5778,#5779,#5781,#5782));
#5784=FACE_OUTER_BOUND('',#5783,.F.);
#5786=FILL_AREA_STYLE_COLOUR('',#5);
#5787=FILL_AREA_STYLE('',(#5786));
#5788=SURFACE_STYLE_FILL_AREA(#5787);
#5789=SURFACE_SIDE_STYLE('',(#5788));
#5790=SURFACE_STYLE_USAGE(.BOTH.,#5789);
#5791=PRESENTATION_STYLE_ASSIGNMENT((#5790));
#5792=STYLED_ITEM('',(#5791),#5785);
#5793=CARTESIAN_POINT('',(-7.972976124547E0,-6.570020680405E-1,0.E0));
#5794=DIRECTION('',(-9.945218953683E-1,-1.045284632677E-1,0.E0));
#5795=DIRECTION('',(1.045284632677E-1,-9.945218953683E-1,0.E0));
#5796=AXIS2_PLACEMENT_3D('',#5793,#5794,#5795);
#5797=PLANE('',#5796);
#5798=ORIENTED_EDGE('',*,*,#3329,.F.);
#5800=ORIENTED_EDGE('',*,*,#5799,.T.);
#5801=ORIENTED_EDGE('',*,*,#4413,.T.);
#5802=ORIENTED_EDGE('',*,*,#5780,.F.);
#5803=EDGE_LOOP('',(#5798,#5800,#5801,#5802));
#5804=FACE_OUTER_BOUND('',#5803,.F.);
#5806=FILL_AREA_STYLE_COLOUR('',#5);
#5807=FILL_AREA_STYLE('',(#5806));
#5808=SURFACE_STYLE_FILL_AREA(#5807);
#5809=SURFACE_SIDE_STYLE('',(#5808));
#5810=SURFACE_STYLE_USAGE(.BOTH.,#5809);
#5811=PRESENTATION_STYLE_ASSIGNMENT((#5810));
#5812=STYLED_ITEM('',(#5811),#5805);
#5813=CARTESIAN_POINT('',(-6.706082130753E0,-2.394091475207E0,0.E0));
#5814=DIRECTION('',(0.E0,0.E0,1.E0));
#5815=DIRECTION('',(-1.045284632677E-1,9.945218953683E-1,0.E0));
#5816=AXIS2_PLACEMENT_3D('',#5813,#5814,#5815);
#5817=CYLINDRICAL_SURFACE('',#5816,2.15E0);
#5818=ORIENTED_EDGE('',*,*,#4060,.T.);
#5819=ORIENTED_EDGE('',*,*,#4415,.T.);
#5820=ORIENTED_EDGE('',*,*,#5799,.F.);
#5821=ORIENTED_EDGE('',*,*,#3327,.F.);
#5822=EDGE_LOOP('',(#5818,#5819,#5820,#5821));
#5823=FACE_OUTER_BOUND('',#5822,.F.);
#5825=FILL_AREA_STYLE_COLOUR('',#5);
#5826=FILL_AREA_STYLE('',(#5825));
#5827=SURFACE_STYLE_FILL_AREA(#5826);
#5828=SURFACE_SIDE_STYLE('',(#5827));
#5829=SURFACE_STYLE_USAGE(.BOTH.,#5828);
#5830=PRESENTATION_STYLE_ASSIGNMENT((#5829));
#5831=STYLED_ITEM('',(#5830),#5824);
#5832=CARTESIAN_POINT('',(-6.706082130753E0,2.394091475207E0,0.E0));
#5833=DIRECTION('',(0.E0,0.E0,1.E0));
#5834=DIRECTION('',(1.045284632677E-1,9.945218953683E-1,0.E0));
#5835=AXIS2_PLACEMENT_3D('',#5832,#5833,#5834);
#5836=CYLINDRICAL_SURFACE('',#5835,2.15E0);
#5837=ORIENTED_EDGE('',*,*,#4063,.F.);
#5838=ORIENTED_EDGE('',*,*,#3323,.F.);
#5840=ORIENTED_EDGE('',*,*,#5839,.T.);
#5841=ORIENTED_EDGE('',*,*,#4418,.T.);
#5842=EDGE_LOOP('',(#5837,#5838,#5840,#5841));
#5843=FACE_OUTER_BOUND('',#5842,.F.);
#5845=FILL_AREA_STYLE_COLOUR('',#5);
#5846=FILL_AREA_STYLE('',(#5845));
#5847=SURFACE_STYLE_FILL_AREA(#5846);
#5848=SURFACE_SIDE_STYLE('',(#5847));
#5849=SURFACE_STYLE_USAGE(.BOTH.,#5848);
#5850=PRESENTATION_STYLE_ASSIGNMENT((#5849));
#5851=STYLED_ITEM('',(#5850),#5844);
#5852=CARTESIAN_POINT('',(-7.935345877770E0,1.015029950373E0,0.E0));
#5853=DIRECTION('',(-9.945218953683E-1,1.045284632677E-1,0.E0));
#5854=DIRECTION('',(-1.045284632677E-1,-9.945218953683E-1,0.E0));
#5855=AXIS2_PLACEMENT_3D('',#5852,#5853,#5854);
#5856=PLANE('',#5855);
#5857=ORIENTED_EDGE('',*,*,#3321,.F.);
#5859=ORIENTED_EDGE('',*,*,#5858,.T.);
#5860=ORIENTED_EDGE('',*,*,#4420,.T.);
#5861=ORIENTED_EDGE('',*,*,#5839,.F.);
#5862=EDGE_LOOP('',(#5857,#5859,#5860,#5861));
#5863=FACE_OUTER_BOUND('',#5862,.F.);
#5865=FILL_AREA_STYLE_COLOUR('',#5);
#5866=FILL_AREA_STYLE('',(#5865));
#5867=SURFACE_STYLE_FILL_AREA(#5866);
#5868=SURFACE_SIDE_STYLE('',(#5867));
#5869=SURFACE_STYLE_USAGE(.BOTH.,#5868);
#5870=PRESENTATION_STYLE_ASSIGNMENT((#5869));
#5871=STYLED_ITEM('',(#5870),#5864);
#5872=CARTESIAN_POINT('',(-7.057297753103E0,-9.475019578436E-1,0.E0));
#5873=DIRECTION('',(0.E0,0.E0,1.E0));
#5874=DIRECTION('',(1.045284632677E-1,9.945218953683E-1,0.E0));
#5875=AXIS2_PLACEMENT_3D('',#5872,#5873,#5874);
#5876=CYLINDRICAL_SURFACE('',#5875,2.15E0);
#5877=ORIENTED_EDGE('',*,*,#4040,.T.);
#5878=ORIENTED_EDGE('',*,*,#4422,.T.);
#5879=ORIENTED_EDGE('',*,*,#5858,.F.);
#5880=ORIENTED_EDGE('',*,*,#3319,.F.);
#5881=EDGE_LOOP('',(#5877,#5878,#5879,#5880));
#5882=FACE_OUTER_BOUND('',#5881,.F.);
#5884=FILL_AREA_STYLE_COLOUR('',#5);
#5885=FILL_AREA_STYLE('',(#5884));
#5886=SURFACE_STYLE_FILL_AREA(#5885);
#5887=SURFACE_SIDE_STYLE('',(#5886));
#5888=SURFACE_STYLE_USAGE(.BOTH.,#5887);
#5889=PRESENTATION_STYLE_ASSIGNMENT((#5888));
#5890=STYLED_ITEM('',(#5889),#5883);
#5891=CARTESIAN_POINT('',(-6.061778539937E0,3.736047706979E0,0.E0));
#5892=DIRECTION('',(0.E0,0.E0,1.E0));
#5893=DIRECTION('',(3.090169943749E-1,9.510565162952E-1,0.E0));
#5894=AXIS2_PLACEMENT_3D('',#5891,#5892,#5893);
#5895=CYLINDRICAL_SURFACE('',#5894,2.15E0);
#5896=ORIENTED_EDGE('',*,*,#4036,.F.);
#5897=ORIENTED_EDGE('',*,*,#3315,.F.);
#5899=ORIENTED_EDGE('',*,*,#5898,.T.);
#5900=ORIENTED_EDGE('',*,*,#4425,.T.);
#5901=EDGE_LOOP('',(#5896,#5897,#5899,#5900));
#5902=FACE_OUTER_BOUND('',#5901,.F.);
#5904=FILL_AREA_STYLE_COLOUR('',#5);
#5905=FILL_AREA_STYLE('',(#5904));
#5906=SURFACE_STYLE_FILL_AREA(#5905);
#5907=SURFACE_SIDE_STYLE('',(#5906));
#5908=SURFACE_STYLE_USAGE(.BOTH.,#5907);
#5909=PRESENTATION_STYLE_ASSIGNMENT((#5908));
#5910=STYLED_ITEM('',(#5909),#5903);
#5911=CARTESIAN_POINT('',(-7.550902938121E0,2.642700289301E0,0.E0));
#5912=DIRECTION('',(-9.510565162952E-1,3.090169943749E-1,0.E0));
#5913=DIRECTION('',(-3.090169943749E-1,-9.510565162952E-1,0.E0));
#5914=AXIS2_PLACEMENT_3D('',#5911,#5912,#5913);
#5915=PLANE('',#5914);
#5916=ORIENTED_EDGE('',*,*,#3313,.F.);
#5918=ORIENTED_EDGE('',*,*,#5917,.T.);
#5919=ORIENTED_EDGE('',*,*,#4427,.T.);
#5920=ORIENTED_EDGE('',*,*,#5898,.F.);
#5921=EDGE_LOOP('',(#5916,#5918,#5919,#5920));
#5922=FACE_OUTER_BOUND('',#5921,.F.);
#5924=FILL_AREA_STYLE_COLOUR('',#5);
#5925=FILL_AREA_STYLE('',(#5924));
#5926=SURFACE_STYLE_FILL_AREA(#5925);
#5927=SURFACE_SIDE_STYLE('',(#5926));
#5928=SURFACE_STYLE_USAGE(.BOTH.,#5927);
#5929=PRESENTATION_STYLE_ASSIGNMENT((#5928));
#5930=STYLED_ITEM('',(#5929),#5923);
#5931=CARTESIAN_POINT('',(-7.100075598970E0,5.404979416967E-1,0.E0));
#5932=DIRECTION('',(0.E0,0.E0,1.E0));
#5933=DIRECTION('',(3.090169943749E-1,9.510565162952E-1,0.E0));
#5934=AXIS2_PLACEMENT_3D('',#5931,#5932,#5933);
#5935=CYLINDRICAL_SURFACE('',#5934,2.15E0);
#5936=ORIENTED_EDGE('',*,*,#4018,.T.);
#5937=ORIENTED_EDGE('',*,*,#4429,.T.);
#5938=ORIENTED_EDGE('',*,*,#5917,.F.);
#5939=ORIENTED_EDGE('',*,*,#3311,.F.);
#5940=EDGE_LOOP('',(#5936,#5937,#5938,#5939));
#5941=FACE_OUTER_BOUND('',#5940,.F.);
#5943=FILL_AREA_STYLE_COLOUR('',#5);
#5944=FILL_AREA_STYLE('',(#5943));
#5945=SURFACE_STYLE_FILL_AREA(#5944);
#5946=SURFACE_SIDE_STYLE('',(#5945));
#5947=SURFACE_STYLE_USAGE(.BOTH.,#5946);
#5948=PRESENTATION_STYLE_ASSIGNMENT((#5947));
#5949=STYLED_ITEM('',(#5948),#5942);
#5950=CARTESIAN_POINT('',(-5.152546139286E0,4.914720726409E0,0.E0));
#5951=DIRECTION('',(0.E0,0.E0,1.E0));
#5952=DIRECTION('',(5.E-1,8.660254037844E-1,0.E0));
#5953=AXIS2_PLACEMENT_3D('',#5950,#5951,#5952);
#5954=CYLINDRICAL_SURFACE('',#5953,2.15E0);
#5955=ORIENTED_EDGE('',*,*,#4014,.F.);
#5956=ORIENTED_EDGE('',*,*,#3307,.F.);
#5958=ORIENTED_EDGE('',*,*,#5957,.T.);
#5959=ORIENTED_EDGE('',*,*,#4432,.T.);
#5960=EDGE_LOOP('',(#5955,#5956,#5958,#5959));
#5961=FACE_OUTER_BOUND('',#5960,.F.);
#5963=FILL_AREA_STYLE_COLOUR('',#5);
#5964=FILL_AREA_STYLE('',(#5963));
#5965=SURFACE_STYLE_FILL_AREA(#5964);
#5966=SURFACE_SIDE_STYLE('',(#5965));
#5967=SURFACE_STYLE_USAGE(.BOTH.,#5966);
#5968=PRESENTATION_STYLE_ASSIGNMENT((#5967));
#5969=STYLED_ITEM('',(#5968),#5962);
#5970=CARTESIAN_POINT('',(-6.836449306824E0,4.154871944504E0,0.E0));
#5971=DIRECTION('',(-8.660254037844E-1,5.E-1,0.E0));
#5972=DIRECTION('',(-5.E-1,-8.660254037844E-1,0.E0));
#5973=AXIS2_PLACEMENT_3D('',#5970,#5971,#5972);
#5974=PLANE('',#5973);
#5975=ORIENTED_EDGE('',*,*,#3305,.F.);
#5977=ORIENTED_EDGE('',*,*,#5976,.T.);
#5978=ORIENTED_EDGE('',*,*,#4434,.T.);
#5979=ORIENTED_EDGE('',*,*,#5957,.F.);
#5980=EDGE_LOOP('',(#5975,#5977,#5978,#5979));
#5981=FACE_OUTER_BOUND('',#5980,.F.);
#5983=FILL_AREA_STYLE_COLOUR('',#5);
#5984=FILL_AREA_STYLE('',(#5983));
#5985=SURFACE_STYLE_FILL_AREA(#5984);
#5986=SURFACE_SIDE_STYLE('',(#5985));
#5987=SURFACE_STYLE_USAGE(.BOTH.,#5986);
#5988=PRESENTATION_STYLE_ASSIGNMENT((#5987));
#5989=STYLED_ITEM('',(#5988),#5982);
#5990=CARTESIAN_POINT('',(-6.832546071219E0,2.004875487588E0,0.E0));
#5991=DIRECTION('',(0.E0,0.E0,1.E0));
#5992=DIRECTION('',(5.E-1,8.660254037844E-1,0.E0));
#5993=AXIS2_PLACEMENT_3D('',#5990,#5991,#5992);
#5994=CYLINDRICAL_SURFACE('',#5993,2.15E0);
#5995=ORIENTED_EDGE('',*,*,#3996,.T.);
#5996=ORIENTED_EDGE('',*,*,#4436,.T.);
#5997=ORIENTED_EDGE('',*,*,#5976,.F.);
#5998=ORIENTED_EDGE('',*,*,#3303,.F.);
#5999=EDGE_LOOP('',(#5995,#5996,#5997,#5998));
#6000=FACE_OUTER_BOUND('',#5999,.F.);
#6002=FILL_AREA_STYLE_COLOUR('',#5);
#6003=FILL_AREA_STYLE('',(#6002));
#6004=SURFACE_STYLE_FILL_AREA(#6003);
#6005=SURFACE_SIDE_STYLE('',(#6004));
#6006=SURFACE_STYLE_USAGE(.BOTH.,#6005);
#6007=PRESENTATION_STYLE_ASSIGNMENT((#6006));
#6008=STYLED_ITEM('',(#6007),#6001);
#6009=CARTESIAN_POINT('',(-4.018122747688E0,5.878596866650E0,0.E0));
#6010=DIRECTION('',(0.E0,0.E0,1.E0));
#6011=DIRECTION('',(6.691306063589E-1,7.431448254774E-1,0.E0));
#6012=AXIS2_PLACEMENT_3D('',#6009,#6010,#6011);
#6013=CYLINDRICAL_SURFACE('',#6012,2.15E0);
#6014=ORIENTED_EDGE('',*,*,#3992,.F.);
#6015=ORIENTED_EDGE('',*,*,#3299,.F.);
#6017=ORIENTED_EDGE('',*,*,#6016,.T.);
#6018=ORIENTED_EDGE('',*,*,#4439,.T.);
#6019=EDGE_LOOP('',(#6014,#6015,#6017,#6018));
#6020=FACE_OUTER_BOUND('',#6019,.F.);
#6022=FILL_AREA_STYLE_COLOUR('',#5);
#6023=FILL_AREA_STYLE('',(#6022));
#6024=SURFACE_STYLE_FILL_AREA(#6023);
#6025=SURFACE_SIDE_STYLE('',(#6024));
#6026=SURFACE_STYLE_USAGE(.BOTH.,#6025);
#6027=PRESENTATION_STYLE_ASSIGNMENT((#6026));
#6028=STYLED_ITEM('',(#6027),#6021);
#6029=CARTESIAN_POINT('',(-5.823210035895E0,5.485455758445E0,0.E0));
#6030=DIRECTION('',(-7.431448254774E-1,6.691306063589E-1,0.E0));
#6031=DIRECTION('',(-6.691306063589E-1,-7.431448254774E-1,0.E0));
#6032=AXIS2_PLACEMENT_3D('',#6029,#6030,#6031);
#6033=PLANE('',#6032);
#6034=ORIENTED_EDGE('',*,*,#3297,.F.);
#6036=ORIENTED_EDGE('',*,*,#6035,.T.);
#6037=ORIENTED_EDGE('',*,*,#4441,.T.);
#6038=ORIENTED_EDGE('',*,*,#6016,.F.);
#6039=EDGE_LOOP('',(#6034,#6036,#6037,#6038));
#6040=FACE_OUTER_BOUND('',#6039,.F.);
#6042=FILL_AREA_STYLE_COLOUR('',#5);
#6043=FILL_AREA_STYLE('',(#6042));
#6044=SURFACE_STYLE_FILL_AREA(#6043);
#6045=SURFACE_SIDE_STYLE('',(#6044));
#6046=SURFACE_STYLE_USAGE(.BOTH.,#6045);
#6047=PRESENTATION_STYLE_ASSIGNMENT((#6046));
#6048=STYLED_ITEM('',(#6047),#6041);
#6049=CARTESIAN_POINT('',(-6.266401493963E0,3.381630354212E0,0.E0));
#6050=DIRECTION('',(0.E0,0.E0,1.E0));
#6051=DIRECTION('',(6.691306063589E-1,7.431448254774E-1,0.E0));
#6052=AXIS2_PLACEMENT_3D('',#6049,#6050,#6051);
#6053=CYLINDRICAL_SURFACE('',#6052,2.15E0);
#6054=ORIENTED_EDGE('',*,*,#3974,.T.);
#6055=ORIENTED_EDGE('',*,*,#4443,.T.);
#6056=ORIENTED_EDGE('',*,*,#6035,.F.);
#6057=ORIENTED_EDGE('',*,*,#3295,.F.);
#6058=EDGE_LOOP('',(#6054,#6055,#6056,#6057));
#6059=FACE_OUTER_BOUND('',#6058,.F.);
#6061=FILL_AREA_STYLE_COLOUR('',#5);
#6062=FILL_AREA_STYLE('',(#6061));
#6063=SURFACE_STYLE_FILL_AREA(#6062);
#6064=SURFACE_SIDE_STYLE('',(#6063));
#6065=SURFACE_STYLE_USAGE(.BOTH.,#6064);
#6066=PRESENTATION_STYLE_ASSIGNMENT((#6065));
#6067=STYLED_ITEM('',(#6066),#6060);
#6068=CARTESIAN_POINT('',(-2.708088110924E0,6.585550115180E0,0.E0));
#6069=DIRECTION('',(0.E0,0.E0,1.E0));
#6070=DIRECTION('',(8.090169943749E-1,5.877852522925E-1,0.E0));
#6071=AXIS2_PLACEMENT_3D('',#6068,#6069,#6070);
#6072=CYLINDRICAL_SURFACE('',#6071,2.15E0);
#6073=ORIENTED_EDGE('',*,*,#3970,.F.);
#6074=ORIENTED_EDGE('',*,*,#3291,.F.);
#6076=ORIENTED_EDGE('',*,*,#6075,.T.);
#6077=ORIENTED_EDGE('',*,*,#4446,.T.);
#6078=EDGE_LOOP('',(#6073,#6074,#6076,#6077));
#6079=FACE_OUTER_BOUND('',#6078,.F.);
#6081=FILL_AREA_STYLE_COLOUR('',#5);
#6082=FILL_AREA_STYLE('',(#6081));
#6083=SURFACE_STYLE_FILL_AREA(#6082);
#6084=SURFACE_SIDE_STYLE('',(#6083));
#6085=SURFACE_STYLE_USAGE(.BOTH.,#6084);
#6086=PRESENTATION_STYLE_ASSIGNMENT((#6085));
#6087=STYLED_ITEM('',(#6086),#6080);
#6088=CARTESIAN_POINT('',(-4.555468543535E0,6.576298833604E0,0.E0));
#6089=DIRECTION('',(-5.877852522925E-1,8.090169943749E-1,0.E0));
#6090=DIRECTION('',(-8.090169943749E-1,-5.877852522925E-1,0.E0));
#6091=AXIS2_PLACEMENT_3D('',#6088,#6089,#6090);
#6092=PLANE('',#6091);
#6093=ORIENTED_EDGE('',*,*,#3289,.F.);
#6095=ORIENTED_EDGE('',*,*,#6094,.T.);
#6096=ORIENTED_EDGE('',*,*,#4448,.T.);
#6097=ORIENTED_EDGE('',*,*,#6075,.F.);
#6098=EDGE_LOOP('',(#6093,#6095,#6096,#6097));
#6099=FACE_OUTER_BOUND('',#6098,.F.);
#6101=FILL_AREA_STYLE_COLOUR('',#5);
#6102=FILL_AREA_STYLE('',(#6101));
#6103=SURFACE_STYLE_FILL_AREA(#6102);
#6104=SURFACE_SIDE_STYLE('',(#6103));
#6105=SURFACE_STYLE_USAGE(.BOTH.,#6104);
#6106=PRESENTATION_STYLE_ASSIGNMENT((#6105));
#6107=STYLED_ITEM('',(#6106),#6100);
#6108=CARTESIAN_POINT('',(-5.426385101890E0,4.610591747494E0,0.E0));
#6109=DIRECTION('',(0.E0,0.E0,1.E0));
#6110=DIRECTION('',(8.090169943749E-1,5.877852522925E-1,0.E0));
#6111=AXIS2_PLACEMENT_3D('',#6108,#6109,#6110);
#6112=CYLINDRICAL_SURFACE('',#6111,2.15E0);
#6113=ORIENTED_EDGE('',*,*,#3952,.T.);
#6114=ORIENTED_EDGE('',*,*,#4450,.T.);
#6115=ORIENTED_EDGE('',*,*,#6094,.F.);
#6116=ORIENTED_EDGE('',*,*,#3287,.F.);
#6117=EDGE_LOOP('',(#6113,#6114,#6115,#6116));
#6118=FACE_OUTER_BOUND('',#6117,.F.);
#6120=FILL_AREA_STYLE_COLOUR('',#5);
#6121=FILL_AREA_STYLE('',(#6120));
#6122=SURFACE_STYLE_FILL_AREA(#6121);
#6123=SURFACE_SIDE_STYLE('',(#6122));
#6124=SURFACE_STYLE_USAGE(.BOTH.,#6123);
#6125=PRESENTATION_STYLE_ASSIGNMENT((#6124));
#6126=STYLED_ITEM('',(#6125),#6119);
#6127=CARTESIAN_POINT('',(-1.279697028864E0,7.004683222701E0,0.E0));
#6128=DIRECTION('',(0.E0,0.E0,1.E0));
#6129=DIRECTION('',(9.135454576426E-1,4.067366430758E-1,0.E0));
#6130=AXIS2_PLACEMENT_3D('',#6127,#6128,#6129);
#6131=CYLINDRICAL_SURFACE('',#6130,2.15E0);
#6132=ORIENTED_EDGE('',*,*,#3948,.F.);
#6133=ORIENTED_EDGE('',*,*,#3283,.F.);
#6135=ORIENTED_EDGE('',*,*,#6134,.T.);
#6136=ORIENTED_EDGE('',*,*,#4453,.T.);
#6137=EDGE_LOOP('',(#6132,#6133,#6135,#6136));
#6138=FACE_OUTER_BOUND('',#6137,.F.);
#6140=FILL_AREA_STYLE_COLOUR('',#5);
#6141=FILL_AREA_STYLE('',(#6140));
#6142=SURFACE_STYLE_FILL_AREA(#6141);
#6143=SURFACE_SIDE_STYLE('',(#6142));
#6144=SURFACE_STYLE_USAGE(.BOTH.,#6143);
#6145=PRESENTATION_STYLE_ASSIGNMENT((#6144));
#6146=STYLED_ITEM('',(#6145),#6139);
#6147=CARTESIAN_POINT('',(-3.088631216260E0,7.379726093152E0,0.E0));
#6148=DIRECTION('',(-4.067366430758E-1,9.135454576426E-1,0.E0));
#6149=DIRECTION('',(-9.135454576426E-1,-4.067366430758E-1,0.E0));
#6150=AXIS2_PLACEMENT_3D('',#6147,#6148,#6149);
#6151=PLANE('',#6150);
#6152=ORIENTED_EDGE('',*,*,#3281,.F.);
#6154=ORIENTED_EDGE('',*,*,#6153,.T.);
#6155=ORIENTED_EDGE('',*,*,#4455,.T.);
#6156=ORIENTED_EDGE('',*,*,#6134,.F.);
#6157=EDGE_LOOP('',(#6152,#6154,#6155,#6156));
#6158=FACE_OUTER_BOUND('',#6157,.F.);
#6160=FILL_AREA_STYLE_COLOUR('',#5);
#6161=FILL_AREA_STYLE('',(#6160));
#6162=SURFACE_STYLE_FILL_AREA(#6161);
#6163=SURFACE_SIDE_STYLE('',(#6162));
#6164=SURFACE_STYLE_USAGE(.BOTH.,#6163);
#6165=PRESENTATION_STYLE_ASSIGNMENT((#6164));
#6166=STYLED_ITEM('',(#6165),#6159);
#6167=CARTESIAN_POINT('',(-4.349209642179E0,5.638048157336E0,0.E0));
#6168=DIRECTION('',(0.E0,0.E0,1.E0));
#6169=DIRECTION('',(9.135454576426E-1,4.067366430758E-1,0.E0));
#6170=AXIS2_PLACEMENT_3D('',#6167,#6168,#6169);
#6171=CYLINDRICAL_SURFACE('',#6170,2.15E0);
#6172=ORIENTED_EDGE('',*,*,#3930,.T.);
#6173=ORIENTED_EDGE('',*,*,#4457,.T.);
#6174=ORIENTED_EDGE('',*,*,#6153,.F.);
#6175=ORIENTED_EDGE('',*,*,#3279,.F.);
#6176=EDGE_LOOP('',(#6172,#6173,#6174,#6175));
#6177=FACE_OUTER_BOUND('',#6176,.F.);
#6179=FILL_AREA_STYLE_COLOUR('',#5);
#6180=FILL_AREA_STYLE('',(#6179));
#6181=SURFACE_STYLE_FILL_AREA(#6180);
#6182=SURFACE_SIDE_STYLE('',(#6181));
#6183=SURFACE_STYLE_USAGE(.BOTH.,#6182);
#6184=PRESENTATION_STYLE_ASSIGNMENT((#6183));
#6185=STYLED_ITEM('',(#6184),#6178);
#6186=CARTESIAN_POINT('',(0.E0,0.E0,5.E0));
#6187=DIRECTION('',(0.E0,0.E0,1.E0));
#6188=DIRECTION('',(1.E0,0.E0,0.E0));
#6189=AXIS2_PLACEMENT_3D('',#6186,#6187,#6188);
#6190=CYLINDRICAL_SURFACE('',#6189,4.E0);
#6191=ORIENTED_EDGE('',*,*,#3511,.T.);
#6193=ORIENTED_EDGE('',*,*,#6192,.F.);
#6194=ORIENTED_EDGE('',*,*,#4461,.F.);
#6196=ORIENTED_EDGE('',*,*,#6195,.T.);
#6197=EDGE_LOOP('',(#6191,#6193,#6194,#6196));
#6198=FACE_OUTER_BOUND('',#6197,.F.);
#6200=FILL_AREA_STYLE_COLOUR('',#5);
#6201=FILL_AREA_STYLE('',(#6200));
#6202=SURFACE_STYLE_FILL_AREA(#6201);
#6203=SURFACE_SIDE_STYLE('',(#6202));
#6204=SURFACE_STYLE_USAGE(.BOTH.,#6203);
#6205=PRESENTATION_STYLE_ASSIGNMENT((#6204));
#6206=STYLED_ITEM('',(#6205),#6199);
#6207=CARTESIAN_POINT('',(0.E0,0.E0,5.E0));
#6208=DIRECTION('',(0.E0,0.E0,1.E0));
#6209=DIRECTION('',(1.E0,0.E0,0.E0));
#6210=AXIS2_PLACEMENT_3D('',#6207,#6208,#6209);
#6211=CYLINDRICAL_SURFACE('',#6210,4.E0);
#6212=ORIENTED_EDGE('',*,*,#3513,.T.);
#6213=ORIENTED_EDGE('',*,*,#6195,.F.);
#6214=ORIENTED_EDGE('',*,*,#4463,.F.);
#6215=ORIENTED_EDGE('',*,*,#6192,.T.);
#6216=EDGE_LOOP('',(#6212,#6213,#6214,#6215));
#6217=FACE_OUTER_BOUND('',#6216,.F.);
#6219=FILL_AREA_STYLE_COLOUR('',#5);
#6220=FILL_AREA_STYLE('',(#6219));
#6221=SURFACE_STYLE_FILL_AREA(#6220);
#6222=SURFACE_SIDE_STYLE('',(#6221));
#6223=SURFACE_STYLE_USAGE(.BOTH.,#6222);
#6224=PRESENTATION_STYLE_ASSIGNMENT((#6223));
#6225=STYLED_ITEM('',(#6224),#6218);
#6226=CLOSED_SHELL('',(#3517,#3539,#3561,#3583,#3605,#3627,#3649,#3671,#3693,
#3715,#3737,#3759,#3781,#3803,#3825,#3847,#3869,#3891,#3913,#3935,#3957,#3979,
#4001,#4023,#4045,#4067,#4089,#4111,#4133,#4155,#4177,#4198,#4219,#4239,#4467,
#4487,#4507,#4526,#4546,#4566,#4585,#4605,#4625,#4644,#4664,#4684,#4703,#4723,
#4743,#4762,#4782,#4802,#4821,#4841,#4861,#4880,#4900,#4920,#4939,#4959,#4979,
#4998,#5018,#5038,#5057,#5077,#5097,#5116,#5136,#5156,#5175,#5195,#5215,#5234,
#5254,#5274,#5293,#5313,#5333,#5352,#5372,#5392,#5411,#5431,#5451,#5470,#5490,
#5510,#5529,#5549,#5569,#5588,#5608,#5628,#5647,#5667,#5687,#5706,#5726,#5746,
#5765,#5785,#5805,#5824,#5844,#5864,#5883,#5903,#5923,#5942,#5962,#5982,#6001,
#6021,#6041,#6060,#6080,#6100,#6119,#6139,#6159,#6178,#6199,#6218));
#6227=MANIFOLD_SOLID_BREP('',#6226);
#6228=FILL_AREA_STYLE_COLOUR('',#5);
#6229=FILL_AREA_STYLE('',(#6228));
#6230=SURFACE_STYLE_FILL_AREA(#6229);
#6231=SURFACE_SIDE_STYLE('',(#6230));
#6232=SURFACE_STYLE_USAGE(.BOTH.,#6231);
#6233=PRESENTATION_STYLE_ASSIGNMENT((#6232));
#28=STYLED_ITEM('',(#6233),#6227);
#6236=PLANE_ANGLE_MEASURE_WITH_UNIT(PLANE_ANGLE_MEASURE(1.745329251994E-2),
#6235);
#6237=(CONVERSION_BASED_UNIT('DEGREE',#6236)NAMED_UNIT(*)PLANE_ANGLE_UNIT());
#6239=UNCERTAINTY_MEASURE_WITH_UNIT(LENGTH_MEASURE(2.317408030347E-3),#6234,
'distance_accuracy_value',
'Maximum model space distance between geometric entities at asserted connectivities');
#6241=CARTESIAN_POINT('',(0.E0,0.E0,0.E0));
#6242=DIRECTION('',(0.E0,0.E0,1.E0));
#6243=DIRECTION('',(1.E0,0.E0,0.E0));
#6246=MECHANICAL_DESIGN_GEOMETRIC_PRESENTATION_REPRESENTATION('',(#37,#45,#52,
#60,#68,#76,#83,#91,#99,#107,#114,#122,#130,#138,#145,#153,#161,#169,#176,#184,
#192,#200,#207,#215,#223,#231,#238,#246,#254,#261,#269,#277,#285,#292,#300,#308,
#316,#323,#331,#339,#347,#354,#362,#370,#378,#385,#393,#401,#409,#416,#424,#432,
#440,#447,#455,#463,#471,#478,#486,#494,#502,#509,#517,#525,#533,#540,#548,#556,
#564,#571,#579,#587,#595,#602,#610,#618,#626,#633,#641,#649,#657,#664,#672,#680,
#688,#695,#703,#711,#718,#726,#734,#742,#749,#757,#765,#773,#780,#788,#796,#804,
#811,#819,#827,#835,#842,#850,#858,#866,#873,#881,#889,#897,#904,#912,#920,#928,
#935,#943,#951,#959,#967,#975,#983,#991,#998,#1005,#1012,#1019,#1027,#1035,
#1042,#1050,#1058,#1066,#1073,#1081,#1089,#1097,#1104,#1112,#1120,#1128,#1135,
#1143,#1151,#1159,#1166,#1174,#1182,#1190,#1197,#1205,#1213,#1221,#1228,#1236,
#1244,#1252,#1259,#1267,#1275,#1283,#1290,#1298,#1306,#1313,#1321,#1329,#1337,
#1344,#1352,#1360,#1368,#1375,#1383,#1391,#1399,#1406,#1414,#1422,#1430,#1437,
#1445,#1453,#1461,#1468,#1476,#1484,#1492,#1499,#1507,#1515,#1523,#1530,#1538,
#1546,#1554,#1561,#1569,#1577,#1585,#1592,#1600,#1608,#1616,#1623,#1631,#1639,
#1647,#1654,#1662,#1670,#1678,#1685,#1693,#1701,#1709,#1716,#1724,#1732,#1740,
#1747,#1755,#1763,#1770,#1778,#1786,#1794,#1801,#1809,#1817,#1825,#1832,#1840,
#1848,#1856,#1863,#1871,#1879,#1887,#1894,#1902,#1910,#1918,#1925,#1933,#1941,
#1949,#1956,#1963,#1970,#1977,#1984,#1991,#1998,#2005,#2012,#2019,#2026,#2033,
#2040,#2047,#2054,#2061,#2068,#2075,#2082,#2089,#2096,#2103,#2110,#2117,#2124,
#2131,#2138,#2145,#2152,#2159,#2166,#2173,#2180,#2187,#2194,#2201,#2208,#2215,
#2222,#2229,#2236,#2243,#2250,#2257,#2264,#2271,#2278,#2285,#2292,#2299,#2306,
#2313,#2320,#2327,#2334,#2341,#2348,#2355,#2362,#2369,#2376,#2383,#2390,#2397,
#2404,#2411,#2418,#2425,#2432,#2439,#2446,#2453,#2460,#2467,#2474,#2481,#2488,
#2495,#2502,#2509,#2516,#2523,#2530,#2537,#2544,#2551,#2558,#2565,#2572,#2579,
#2586,#2593,#2600,#2607,#2614,#2621,#2628,#2635,#2642,#2649,#2656,#2663,#2670,
#2677,#2684,#2691,#2698,#2705,#2712,#2719,#2726,#2733,#2740,#2747,#2754,#2761,
#2768,#2775,#3524,#3546,#3568,#3590,#3612,#3634,#3656,#3678,#3700,#3722,#3744,
#3766,#3788,#3810,#3832,#3854,#3876,#3898,#3920,#3942,#3964,#3986,#4008,#4030,
#4052,#4074,#4096,#4118,#4140,#4162,#4184,#4205,#4226,#4246,#4474,#4494,#4514,
#4533,#4553,#4573,#4592,#4612,#4632,#4651,#4671,#4691,#4710,#4730,#4750,#4769,
#4789,#4809,#4828,#4848,#4868,#4887,#4907,#4927,#4946,#4966,#4986,#5005,#5025,
#5045,#5064,#5084,#5104,#5123,#5143,#5163,#5182,#5202,#5222,#5241,#5261,#5281,
#5300,#5320,#5340,#5359,#5379,#5399,#5418,#5438,#5458,#5477,#5497,#5517,#5536,
#5556,#5576,#5595,#5615,#5635,#5654,#5674,#5694,#5713,#5733,#5753,#5772,#5792,
#5812,#5831,#5851,#5871,#5890,#5910,#5930,#5949,#5969,#5989,#6008,#6028,#6048,
#6067,#6087,#6107,#6126,#6146,#6166,#6185,#6206,#6225,#28),#6240);
#6247=APPLICATION_CONTEXT('automotive_design');
#6248=APPLICATION_PROTOCOL_DEFINITION('international standard',
'automotive_design',2001,#6247);
#6249=PRODUCT_DEFINITION_CONTEXT('part definition',#6247,'design');
#6250=PRODUCT_CONTEXT('',#6247,'mechanical');
#6251=PRODUCT('CAMGEAR2','CAMGEAR2','NOT SPECIFIED',(#6250));
#6252=PRODUCT_DEFINITION_FORMATION('1','LAST_VERSION',#6251);
#6260=DERIVED_UNIT_ELEMENT(#6259,2.E0);
#6261=DERIVED_UNIT((#6260));
#6262=MEASURE_REPRESENTATION_ITEM('surface area measure',AREA_MEASURE(
8.447522083435E2),#6261);
#6267=DERIVED_UNIT_ELEMENT(#6266,3.E0);
#6268=DERIVED_UNIT((#6267));
#6269=MEASURE_REPRESENTATION_ITEM('volume measure',VOLUME_MEASURE(
6.245411601296E2),#6268);
#6273=CARTESIAN_POINT('centre point',(-2.683696737224E-11,-8.641012271693E-4,
2.5E0));
#6278=DERIVED_UNIT_ELEMENT(#6277,2.E0);
#6279=DERIVED_UNIT((#6278));
#6280=MEASURE_REPRESENTATION_ITEM('surface area measure',AREA_MEASURE(
8.447522083435E2),#6279);
#6285=DERIVED_UNIT_ELEMENT(#6284,3.E0);
#6286=DERIVED_UNIT((#6285));
#6287=MEASURE_REPRESENTATION_ITEM('volume measure',VOLUME_MEASURE(
6.245411601296E2),#6286);
#6291=CARTESIAN_POINT('centre point',(-2.683696737224E-11,-8.641012271693E-4,
2.5E0));
#1=DRAUGHTING_PRE_DEFINED_COLOUR('green');
#2=DRAUGHTING_PRE_DEFINED_COLOUR('green');
#3=DRAUGHTING_PRE_DEFINED_COLOUR('green');
#4=COLOUR_RGB('',1.1E-2,1.2E-2,1.E0);
#5=COLOUR_RGB('',1.1E-2,1.2E-2,1.E0);
#6=COLOUR_RGB('',4.1E-1,2.61589E-1,1.12848E-1);
#7=COLOUR_RGB('',5.04854E-1,1.5455E-2,1.5455E-2);
#8=COLOUR_RGB('',6.35294E-1,6.86275E-1,7.4902E-1);
#9=COLOUR_RGB('',6.40777E-1,6.40777E-1,6.40777E-1);
#10=COLOUR_RGB('',6.66667E-1,6.66667E-1,6.66667E-1);
#11=COLOUR_RGB('',6.69062E-1,6.69903E-1,6.55217E-1);
#12=COLOUR_RGB('',7.45098E-1,3.92157E-1,2.94118E-1);
#13=COLOUR_RGB('',8.03922E-1,5.88235E-1,1.96078E-1);
#14=COLOUR_RGB('',9.21569E-1,7.05882E-1,4.70588E-1);
#15=DRAUGHTING_PRE_DEFINED_COLOUR('red');
#16=DRAUGHTING_PRE_DEFINED_COLOUR('red');
#17=DRAUGHTING_PRE_DEFINED_COLOUR('red');
#18=DRAUGHTING_PRE_DEFINED_COLOUR('red');
#19=DRAUGHTING_PRE_DEFINED_COLOUR('red');
#20=DRAUGHTING_PRE_DEFINED_COLOUR('red');
#21=DRAUGHTING_PRE_DEFINED_COLOUR('red');
#22=DRAUGHTING_PRE_DEFINED_COLOUR('yellow');
#23=DRAUGHTING_PRE_DEFINED_COLOUR('yellow');
#24=COLOUR_RGB('',1.E0,1.E0,5.3E-1);
#25=COLOUR_RGB('',1.E0,1.E0,9.49E-1);
#26=COLOUR_RGB('',1.E0,1.E0,9.49E-1);
#27=DRAUGHTING_PRE_DEFINED_COLOUR('white');
#33=CIRCLE('',#32,6.937020601290E0);
#42=CIRCLE('',#41,2.15E0);
#57=CIRCLE('',#56,2.15E0);
#65=CIRCLE('',#64,6.937020601290E0);
#73=CIRCLE('',#72,2.15E0);
#88=CIRCLE('',#87,2.15E0);
#96=CIRCLE('',#95,6.937020601290E0);
#104=CIRCLE('',#103,2.15E0);
#119=CIRCLE('',#118,2.15E0);
#127=CIRCLE('',#126,6.937020601290E0);
#135=CIRCLE('',#134,2.15E0);
#150=CIRCLE('',#149,2.15E0);
#158=CIRCLE('',#157,6.937020601290E0);
#166=CIRCLE('',#165,2.15E0);
#181=CIRCLE('',#180,2.15E0);
#189=CIRCLE('',#188,6.937020601290E0);
#197=CIRCLE('',#196,2.15E0);
#212=CIRCLE('',#211,2.15E0);
#220=CIRCLE('',#219,6.937020601290E0);
#228=CIRCLE('',#227,2.15E0);
#243=CIRCLE('',#242,2.15E0);
#251=CIRCLE('',#250,2.15E0);
#266=CIRCLE('',#265,2.15E0);
#274=CIRCLE('',#273,6.937020601290E0);
#282=CIRCLE('',#281,2.15E0);
#297=CIRCLE('',#296,2.15E0);
#305=CIRCLE('',#304,6.937020601290E0);
#313=CIRCLE('',#312,2.15E0);
#328=CIRCLE('',#327,2.15E0);
#336=CIRCLE('',#335,6.937020601290E0);
#344=CIRCLE('',#343,2.15E0);
#359=CIRCLE('',#358,2.15E0);
#367=CIRCLE('',#366,6.937020601290E0);
#375=CIRCLE('',#374,2.15E0);
#390=CIRCLE('',#389,2.15E0);
#398=CIRCLE('',#397,6.937020601290E0);
#406=CIRCLE('',#405,2.15E0);
#421=CIRCLE('',#420,2.15E0);
#429=CIRCLE('',#428,6.937020601290E0);
#437=CIRCLE('',#436,2.15E0);
#452=CIRCLE('',#451,2.15E0);
#460=CIRCLE('',#459,6.937020601290E0);
#468=CIRCLE('',#467,2.15E0);
#483=CIRCLE('',#482,2.15E0);
#491=CIRCLE('',#490,6.937020601290E0);
#499=CIRCLE('',#498,2.15E0);
#514=CIRCLE('',#513,2.15E0);
#522=CIRCLE('',#521,6.937020601290E0);
#530=CIRCLE('',#529,2.15E0);
#545=CIRCLE('',#544,2.15E0);
#553=CIRCLE('',#552,6.937020601290E0);
#561=CIRCLE('',#560,2.15E0);
#576=CIRCLE('',#575,2.15E0);
#584=CIRCLE('',#583,6.937020601290E0);
#592=CIRCLE('',#591,2.15E0);
#607=CIRCLE('',#606,2.15E0);
#615=CIRCLE('',#614,6.937020601290E0);
#623=CIRCLE('',#622,2.15E0);
#638=CIRCLE('',#637,2.15E0);
#646=CIRCLE('',#645,6.937020601290E0);
#654=CIRCLE('',#653,2.15E0);
#669=CIRCLE('',#668,2.15E0);
#677=CIRCLE('',#676,6.937020601290E0);
#685=CIRCLE('',#684,2.15E0);
#700=CIRCLE('',#699,2.15E0);
#708=CIRCLE('',#707,2.15E0);
#723=CIRCLE('',#722,2.15E0);
#731=CIRCLE('',#730,6.937020601290E0);
#739=CIRCLE('',#738,2.15E0);
#754=CIRCLE('',#753,2.15E0);
#762=CIRCLE('',#761,6.937020601290E0);
#770=CIRCLE('',#769,2.15E0);
#785=CIRCLE('',#784,2.15E0);
#793=CIRCLE('',#792,6.937020601290E0);
#801=CIRCLE('',#800,2.15E0);
#816=CIRCLE('',#815,2.15E0);
#824=CIRCLE('',#823,6.937020601290E0);
#832=CIRCLE('',#831,2.15E0);
#847=CIRCLE('',#846,2.15E0);
#855=CIRCLE('',#854,6.937020601290E0);
#863=CIRCLE('',#862,2.15E0);
#878=CIRCLE('',#877,2.15E0);
#886=CIRCLE('',#885,6.937020601290E0);
#894=CIRCLE('',#893,2.15E0);
#909=CIRCLE('',#908,2.15E0);
#917=CIRCLE('',#916,6.937020601290E0);
#925=CIRCLE('',#924,2.15E0);
#940=CIRCLE('',#939,2.15E0);
#948=CIRCLE('',#947,4.E0);
#956=CIRCLE('',#955,4.E0);
#964=CIRCLE('',#963,6.937020601290E0);
#972=CIRCLE('',#971,6.937020601290E0);
#980=CIRCLE('',#979,6.937020601290E0);
#988=CIRCLE('',#987,6.937020601290E0);
#1024=CIRCLE('',#1023,6.937020601290E0);
#1032=CIRCLE('',#1031,2.15E0);
#1047=CIRCLE('',#1046,2.15E0);
#1055=CIRCLE('',#1054,6.937020601290E0);
#1063=CIRCLE('',#1062,2.15E0);
#1078=CIRCLE('',#1077,2.15E0);
#1086=CIRCLE('',#1085,6.937020601290E0);
#1094=CIRCLE('',#1093,2.15E0);
#1109=CIRCLE('',#1108,2.15E0);
#1117=CIRCLE('',#1116,6.937020601290E0);
#1125=CIRCLE('',#1124,2.15E0);
#1140=CIRCLE('',#1139,2.15E0);
#1148=CIRCLE('',#1147,6.937020601290E0);
#1156=CIRCLE('',#1155,2.15E0);
#1171=CIRCLE('',#1170,2.15E0);
#1179=CIRCLE('',#1178,6.937020601290E0);
#1187=CIRCLE('',#1186,2.15E0);
#1202=CIRCLE('',#1201,2.15E0);
#1210=CIRCLE('',#1209,6.937020601290E0);
#1218=CIRCLE('',#1217,2.15E0);
#1233=CIRCLE('',#1232,2.15E0);
#1241=CIRCLE('',#1240,6.937020601290E0);
#1249=CIRCLE('',#1248,2.15E0);
#1264=CIRCLE('',#1263,2.15E0);
#1272=CIRCLE('',#1271,6.937020601290E0);
#1280=CIRCLE('',#1279,2.15E0);
#1295=CIRCLE('',#1294,2.15E0);
#1303=CIRCLE('',#1302,2.15E0);
#1318=CIRCLE('',#1317,2.15E0);
#1326=CIRCLE('',#1325,6.937020601290E0);
#1334=CIRCLE('',#1333,2.15E0);
#1349=CIRCLE('',#1348,2.15E0);
#1357=CIRCLE('',#1356,6.937020601290E0);
#1365=CIRCLE('',#1364,2.15E0);
#1380=CIRCLE('',#1379,2.15E0);
#1388=CIRCLE('',#1387,6.937020601290E0);
#1396=CIRCLE('',#1395,2.15E0);
#1411=CIRCLE('',#1410,2.15E0);
#1419=CIRCLE('',#1418,6.937020601290E0);
#1427=CIRCLE('',#1426,2.15E0);
#1442=CIRCLE('',#1441,2.15E0);
#1450=CIRCLE('',#1449,6.937020601290E0);
#1458=CIRCLE('',#1457,2.15E0);
#1473=CIRCLE('',#1472,2.15E0);
#1481=CIRCLE('',#1480,6.937020601290E0);
#1489=CIRCLE('',#1488,2.15E0);
#1504=CIRCLE('',#1503,2.15E0);
#1512=CIRCLE('',#1511,6.937020601290E0);
#1520=CIRCLE('',#1519,2.15E0);
#1535=CIRCLE('',#1534,2.15E0);
#1543=CIRCLE('',#1542,6.937020601290E0);
#1551=CIRCLE('',#1550,2.15E0);
#1566=CIRCLE('',#1565,2.15E0);
#1574=CIRCLE('',#1573,6.937020601290E0);
#1582=CIRCLE('',#1581,2.15E0);
#1597=CIRCLE('',#1596,2.15E0);
#1605=CIRCLE('',#1604,6.937020601290E0);
#1613=CIRCLE('',#1612,2.15E0);
#1628=CIRCLE('',#1627,2.15E0);
#1636=CIRCLE('',#1635,6.937020601290E0);
#1644=CIRCLE('',#1643,2.15E0);
#1659=CIRCLE('',#1658,2.15E0);
#1667=CIRCLE('',#1666,6.937020601290E0);
#1675=CIRCLE('',#1674,2.15E0);
#1690=CIRCLE('',#1689,2.15E0);
#1698=CIRCLE('',#1697,6.937020601290E0);
#1706=CIRCLE('',#1705,2.15E0);
#1721=CIRCLE('',#1720,2.15E0);
#1729=CIRCLE('',#1728,6.937020601290E0);
#1737=CIRCLE('',#1736,2.15E0);
#1752=CIRCLE('',#1751,2.15E0);
#1760=CIRCLE('',#1759,2.15E0);
#1775=CIRCLE('',#1774,2.15E0);
#1783=CIRCLE('',#1782,6.937020601290E0);
#1791=CIRCLE('',#1790,2.15E0);
#1806=CIRCLE('',#1805,2.15E0);
#1814=CIRCLE('',#1813,6.937020601290E0);
#1822=CIRCLE('',#1821,2.15E0);
#1837=CIRCLE('',#1836,2.15E0);
#1845=CIRCLE('',#1844,6.937020601290E0);
#1853=CIRCLE('',#1852,2.15E0);
#1868=CIRCLE('',#1867,2.15E0);
#1876=CIRCLE('',#1875,6.937020601290E0);
#1884=CIRCLE('',#1883,2.15E0);
#1899=CIRCLE('',#1898,2.15E0);
#1907=CIRCLE('',#1906,6.937020601290E0);
#1915=CIRCLE('',#1914,2.15E0);
#1930=CIRCLE('',#1929,2.15E0);
#1938=CIRCLE('',#1937,4.E0);
#1946=CIRCLE('',#1945,4.E0);
#3269=EDGE_CURVE('',#2786,#3038,#33,.T.);
#3271=EDGE_CURVE('',#3038,#2802,#42,.T.);
#3273=EDGE_CURVE('',#2802,#2803,#49,.T.);
#3275=EDGE_CURVE('',#2803,#3034,#57,.T.);
#3277=EDGE_CURVE('',#3034,#3046,#65,.T.);
#3279=EDGE_CURVE('',#3046,#2810,#73,.T.);
#3281=EDGE_CURVE('',#2810,#2811,#80,.T.);
#3283=EDGE_CURVE('',#2811,#3042,#88,.T.);
#3285=EDGE_CURVE('',#3042,#3054,#96,.T.);
#3287=EDGE_CURVE('',#3054,#2818,#104,.T.);
#3289=EDGE_CURVE('',#2818,#2819,#111,.T.);
#3291=EDGE_CURVE('',#2819,#3050,#119,.T.);
#3293=EDGE_CURVE('',#3050,#3062,#127,.T.);
#3295=EDGE_CURVE('',#3062,#2826,#135,.T.);
#3297=EDGE_CURVE('',#2826,#2827,#142,.T.);
#3299=EDGE_CURVE('',#2827,#3058,#150,.T.);
#3301=EDGE_CURVE('',#3058,#3070,#158,.T.);
#3303=EDGE_CURVE('',#3070,#2834,#166,.T.);
#3305=EDGE_CURVE('',#2834,#2835,#173,.T.);
#3307=EDGE_CURVE('',#2835,#3066,#181,.T.);
#3309=EDGE_CURVE('',#3066,#3078,#189,.T.);
#3311=EDGE_CURVE('',#3078,#2842,#197,.T.);
#3313=EDGE_CURVE('',#2842,#2843,#204,.T.);
#3315=EDGE_CURVE('',#2843,#3074,#212,.T.);
#3317=EDGE_CURVE('',#3074,#3086,#220,.T.);
#3319=EDGE_CURVE('',#3086,#2850,#228,.T.);
#3321=EDGE_CURVE('',#2850,#2851,#235,.T.);
#3323=EDGE_CURVE('',#2851,#3082,#243,.T.);
#3325=EDGE_CURVE('',#3094,#3082,#988,.T.);
#3327=EDGE_CURVE('',#3094,#2858,#251,.T.);
#3329=EDGE_CURVE('',#2858,#2859,#258,.T.);
#3331=EDGE_CURVE('',#2859,#3090,#266,.T.);
#3333=EDGE_CURVE('',#3090,#3102,#274,.T.);
#3335=EDGE_CURVE('',#3102,#2866,#282,.T.);
#3337=EDGE_CURVE('',#2866,#2867,#289,.T.);
#3339=EDGE_CURVE('',#2867,#3098,#297,.T.);
#3341=EDGE_CURVE('',#3098,#3110,#305,.T.);
#3343=EDGE_CURVE('',#3110,#2874,#313,.T.);
#3345=EDGE_CURVE('',#2874,#2875,#320,.T.);
#3347=EDGE_CURVE('',#2875,#3106,#328,.T.);
#3349=EDGE_CURVE('',#3106,#3118,#336,.T.);
#3351=EDGE_CURVE('',#3118,#2882,#344,.T.);
#3353=EDGE_CURVE('',#2882,#2883,#351,.T.);
#3355=EDGE_CURVE('',#2883,#3114,#359,.T.);
#3357=EDGE_CURVE('',#3114,#3126,#367,.T.);
#3359=EDGE_CURVE('',#3126,#2890,#375,.T.);
#3361=EDGE_CURVE('',#2890,#2891,#382,.T.);
#3363=EDGE_CURVE('',#2891,#3122,#390,.T.);
#3365=EDGE_CURVE('',#3122,#3134,#398,.T.);
#3367=EDGE_CURVE('',#3134,#2898,#406,.T.);
#3369=EDGE_CURVE('',#2898,#2899,#413,.T.);
#3371=EDGE_CURVE('',#2899,#3130,#421,.T.);
#3373=EDGE_CURVE('',#3130,#3142,#429,.T.);
#3375=EDGE_CURVE('',#3142,#2906,#437,.T.);
#3377=EDGE_CURVE('',#2906,#2907,#444,.T.);
#3379=EDGE_CURVE('',#2907,#3138,#452,.T.);
#3381=EDGE_CURVE('',#3138,#3150,#460,.T.);
#3383=EDGE_CURVE('',#3150,#2914,#468,.T.);
#3385=EDGE_CURVE('',#2914,#2915,#475,.T.);
#3387=EDGE_CURVE('',#2915,#3146,#483,.T.);
#3389=EDGE_CURVE('',#3146,#3158,#491,.T.);
#3391=EDGE_CURVE('',#3158,#2922,#499,.T.);
#3393=EDGE_CURVE('',#2922,#2923,#506,.T.);
#3395=EDGE_CURVE('',#2923,#3154,#514,.T.);
#3397=EDGE_CURVE('',#3154,#3166,#522,.T.);
#3399=EDGE_CURVE('',#3166,#2930,#530,.T.);
#3401=EDGE_CURVE('',#2930,#2931,#537,.T.);
#3403=EDGE_CURVE('',#2931,#3162,#545,.T.);
#3405=EDGE_CURVE('',#3162,#3174,#553,.T.);
#3407=EDGE_CURVE('',#3174,#2938,#561,.T.);
#3409=EDGE_CURVE('',#2938,#2939,#568,.T.);
#3411=EDGE_CURVE('',#2939,#3170,#576,.T.);
#3413=EDGE_CURVE('',#3170,#3182,#584,.T.);
#3415=EDGE_CURVE('',#3182,#2946,#592,.T.);
#3417=EDGE_CURVE('',#2946,#2947,#599,.T.);
#3419=EDGE_CURVE('',#2947,#3178,#607,.T.);
#3421=EDGE_CURVE('',#3178,#3190,#615,.T.);
#3423=EDGE_CURVE('',#3190,#2954,#623,.T.);
#3425=EDGE_CURVE('',#2954,#2955,#630,.T.);
#3427=EDGE_CURVE('',#2955,#3186,#638,.T.);
#3429=EDGE_CURVE('',#3186,#3198,#646,.T.);
#3431=EDGE_CURVE('',#3198,#2962,#654,.T.);
#3433=EDGE_CURVE('',#2962,#2963,#661,.T.);
#3435=EDGE_CURVE('',#2963,#3194,#669,.T.);
#3437=EDGE_CURVE('',#3194,#3206,#677,.T.);
#3439=EDGE_CURVE('',#3206,#2970,#685,.T.);
#3441=EDGE_CURVE('',#2970,#2971,#692,.T.);
#3443=EDGE_CURVE('',#2971,#3202,#700,.T.);
#3445=EDGE_CURVE('',#3210,#3202,#964,.T.);
#3447=EDGE_CURVE('',#3210,#2978,#708,.T.);
#3449=EDGE_CURVE('',#2978,#2979,#715,.T.);
#3451=EDGE_CURVE('',#2979,#2798,#723,.T.);
#3453=EDGE_CURVE('',#2798,#2799,#731,.T.);
#3455=EDGE_CURVE('',#2799,#2986,#739,.T.);
#3457=EDGE_CURVE('',#2986,#2987,#746,.T.);
#3459=EDGE_CURVE('',#2987,#3214,#754,.T.);
#3461=EDGE_CURVE('',#3214,#3222,#762,.T.);
#3463=EDGE_CURVE('',#3222,#2994,#770,.T.);
#3465=EDGE_CURVE('',#2994,#2995,#777,.T.);
#3467=EDGE_CURVE('',#2995,#3218,#785,.T.);
#3469=EDGE_CURVE('',#3218,#3230,#793,.T.);
#3471=EDGE_CURVE('',#3230,#3002,#801,.T.);
#3473=EDGE_CURVE('',#3002,#3003,#808,.T.);
#3475=EDGE_CURVE('',#3003,#3226,#816,.T.);
#3477=EDGE_CURVE('',#3226,#3238,#824,.T.);
#3479=EDGE_CURVE('',#3238,#3010,#832,.T.);
#3481=EDGE_CURVE('',#3010,#3011,#839,.T.);
#3483=EDGE_CURVE('',#3011,#3234,#847,.T.);
#3485=EDGE_CURVE('',#3234,#3246,#855,.T.);
#3487=EDGE_CURVE('',#3246,#3018,#863,.T.);
#3489=EDGE_CURVE('',#3018,#3019,#870,.T.);
#3491=EDGE_CURVE('',#3019,#3242,#878,.T.);
#3493=EDGE_CURVE('',#3242,#3254,#886,.T.);
#3495=EDGE_CURVE('',#3254,#3026,#894,.T.);
#3497=EDGE_CURVE('',#3026,#3027,#901,.T.);
#3499=EDGE_CURVE('',#3027,#3250,#909,.T.);
#3501=EDGE_CURVE('',#3250,#2790,#917,.T.);
#3503=EDGE_CURVE('',#2790,#2778,#925,.T.);
#3505=EDGE_CURVE('',#2778,#2779,#932,.T.);
#3507=EDGE_CURVE('',#2779,#2786,#940,.T.);
#3511=EDGE_CURVE('',#3258,#3259,#948,.T.);
#3513=EDGE_CURVE('',#3259,#3258,#956,.T.);
#3517=ADVANCED_FACE('',(#3510,#3516),#3268,.F.);
#3530=EDGE_CURVE('',#3194,#3195,#995,.T.);
#3532=EDGE_CURVE('',#3195,#3207,#1326,.T.);
#3534=EDGE_CURVE('',#3206,#3207,#2226,.T.);
#3539=ADVANCED_FACE('',(#3538),#3529,.T.);
#3552=EDGE_CURVE('',#3186,#3187,#2233,.T.);
#3554=EDGE_CURVE('',#3187,#3199,#1357,.T.);
#3556=EDGE_CURVE('',#3198,#3199,#1016,.T.);
#3561=ADVANCED_FACE('',(#3560),#3551,.T.);
#3574=EDGE_CURVE('',#3178,#3179,#2261,.T.);
#3576=EDGE_CURVE('',#3179,#3191,#1388,.T.);
#3578=EDGE_CURVE('',#3190,#3191,#2254,.T.);
#3583=ADVANCED_FACE('',(#3582),#3573,.T.);
#3596=EDGE_CURVE('',#3170,#3171,#2289,.T.);
#3598=EDGE_CURVE('',#3171,#3183,#1419,.T.);
#3600=EDGE_CURVE('',#3182,#3183,#2282,.T.);
#3605=ADVANCED_FACE('',(#3604),#3595,.T.);
#3618=EDGE_CURVE('',#3162,#3163,#2317,.T.);
#3620=EDGE_CURVE('',#3163,#3175,#1450,.T.);
#3622=EDGE_CURVE('',#3174,#3175,#2310,.T.);
#3627=ADVANCED_FACE('',(#3626),#3617,.T.);
#3640=EDGE_CURVE('',#3154,#3155,#2345,.T.);
#3642=EDGE_CURVE('',#3155,#3167,#1481,.T.);
#3644=EDGE_CURVE('',#3166,#3167,#2338,.T.);
#3649=ADVANCED_FACE('',(#3648),#3639,.T.);
#3662=EDGE_CURVE('',#3146,#3147,#2373,.T.);
#3664=EDGE_CURVE('',#3147,#3159,#1512,.T.);
#3666=EDGE_CURVE('',#3158,#3159,#2366,.T.);
#3671=ADVANCED_FACE('',(#3670),#3661,.T.);
#3684=EDGE_CURVE('',#3138,#3139,#2401,.T.);
#3686=EDGE_CURVE('',#3139,#3151,#1543,.T.);
#3688=EDGE_CURVE('',#3150,#3151,#2394,.T.);
#3693=ADVANCED_FACE('',(#3692),#3683,.T.);
#3706=EDGE_CURVE('',#3130,#3131,#2429,.T.);
#3708=EDGE_CURVE('',#3131,#3143,#1574,.T.);
#3710=EDGE_CURVE('',#3142,#3143,#2422,.T.);
#3715=ADVANCED_FACE('',(#3714),#3705,.T.);
#3728=EDGE_CURVE('',#3122,#3123,#2457,.T.);
#3730=EDGE_CURVE('',#3123,#3135,#1605,.T.);
#3732=EDGE_CURVE('',#3134,#3135,#2450,.T.);
#3737=ADVANCED_FACE('',(#3736),#3727,.T.);
#3750=EDGE_CURVE('',#3114,#3115,#2485,.T.);
#3752=EDGE_CURVE('',#3115,#3127,#1636,.T.);
#3754=EDGE_CURVE('',#3126,#3127,#2478,.T.);
#3759=ADVANCED_FACE('',(#3758),#3749,.T.);
#3772=EDGE_CURVE('',#3106,#3107,#2513,.T.);
#3774=EDGE_CURVE('',#3107,#3119,#1667,.T.);
#3776=EDGE_CURVE('',#3118,#3119,#2506,.T.);
#3781=ADVANCED_FACE('',(#3780),#3771,.T.);
#3794=EDGE_CURVE('',#3098,#3099,#2541,.T.);
#3796=EDGE_CURVE('',#3099,#3111,#1698,.T.);
#3798=EDGE_CURVE('',#3110,#3111,#2534,.T.);
#3803=ADVANCED_FACE('',(#3802),#3793,.T.);
#3816=EDGE_CURVE('',#3090,#3091,#2569,.T.);
#3818=EDGE_CURVE('',#3091,#3103,#1729,.T.);
#3820=EDGE_CURVE('',#3102,#3103,#2562,.T.);
#3825=ADVANCED_FACE('',(#3824),#3815,.T.);
#3838=EDGE_CURVE('',#2786,#2787,#1981,.T.);
#3840=EDGE_CURVE('',#2787,#3039,#1055,.T.);
#3842=EDGE_CURVE('',#3038,#3039,#1974,.T.);
#3847=ADVANCED_FACE('',(#3846),#3837,.T.);
#3860=EDGE_CURVE('',#2790,#2791,#2002,.T.);
#3863=EDGE_CURVE('',#3250,#3251,#2009,.T.);
#3865=EDGE_CURVE('',#3251,#2791,#1086,.T.);
#3869=ADVANCED_FACE('',(#3868),#3859,.T.);
#3883=EDGE_CURVE('',#3202,#3203,#2205,.T.);
#3885=EDGE_CURVE('',#3203,#3211,#972,.T.);
#3887=EDGE_CURVE('',#3210,#3211,#2198,.T.);
#3891=ADVANCED_FACE('',(#3890),#3881,.T.);
#3904=EDGE_CURVE('',#2794,#2795,#1272,.T.);
#3906=EDGE_CURVE('',#2799,#2795,#2170,.T.);
#3909=EDGE_CURVE('',#2798,#2794,#2177,.T.);
#3913=ADVANCED_FACE('',(#3912),#3903,.T.);
#3926=EDGE_CURVE('',#3034,#3035,#1953,.T.);
#3928=EDGE_CURVE('',#3035,#3047,#1024,.T.);
#3930=EDGE_CURVE('',#3046,#3047,#2758,.T.);
#3935=ADVANCED_FACE('',(#3934),#3925,.T.);
#3948=EDGE_CURVE('',#3042,#3043,#2737,.T.);
#3950=EDGE_CURVE('',#3043,#3055,#1907,.T.);
#3952=EDGE_CURVE('',#3054,#3055,#2730,.T.);
#3957=ADVANCED_FACE('',(#3956),#3947,.T.);
#3970=EDGE_CURVE('',#3050,#3051,#2709,.T.);
#3972=EDGE_CURVE('',#3051,#3063,#1876,.T.);
#3974=EDGE_CURVE('',#3062,#3063,#2702,.T.);
#3979=ADVANCED_FACE('',(#3978),#3969,.T.);
#3992=EDGE_CURVE('',#3058,#3059,#2681,.T.);
#3994=EDGE_CURVE('',#3059,#3071,#1845,.T.);
#3996=EDGE_CURVE('',#3070,#3071,#2674,.T.);
#4001=ADVANCED_FACE('',(#4000),#3991,.T.);
#4014=EDGE_CURVE('',#3066,#3067,#2653,.T.);
#4016=EDGE_CURVE('',#3067,#3079,#1814,.T.);
#4018=EDGE_CURVE('',#3078,#3079,#2646,.T.);
#4023=ADVANCED_FACE('',(#4022),#4013,.T.);
#4036=EDGE_CURVE('',#3074,#3075,#2625,.T.);
#4038=EDGE_CURVE('',#3075,#3087,#1783,.T.);
#4040=EDGE_CURVE('',#3086,#3087,#2618,.T.);
#4045=ADVANCED_FACE('',(#4044),#4035,.T.);
#4058=EDGE_CURVE('',#3083,#3095,#980,.T.);
#4060=EDGE_CURVE('',#3094,#3095,#2590,.T.);
#4063=EDGE_CURVE('',#3082,#3083,#2597,.T.);
#4067=ADVANCED_FACE('',(#4066),#4057,.T.);
#4080=EDGE_CURVE('',#3214,#3215,#2149,.T.);
#4082=EDGE_CURVE('',#3215,#3223,#1241,.T.);
#4084=EDGE_CURVE('',#3222,#3223,#2142,.T.);
#4089=ADVANCED_FACE('',(#4088),#4079,.T.);
#4102=EDGE_CURVE('',#3218,#3219,#2121,.T.);
#4104=EDGE_CURVE('',#3219,#3231,#1210,.T.);
#4106=EDGE_CURVE('',#3230,#3231,#2114,.T.);
#4111=ADVANCED_FACE('',(#4110),#4101,.T.);
#4124=EDGE_CURVE('',#3226,#3227,#2093,.T.);
#4126=EDGE_CURVE('',#3227,#3239,#1179,.T.);
#4128=EDGE_CURVE('',#3238,#3239,#2086,.T.);
#4133=ADVANCED_FACE('',(#4132),#4123,.T.);
#4146=EDGE_CURVE('',#3234,#3235,#2065,.T.);
#4148=EDGE_CURVE('',#3235,#3247,#1148,.T.);
#4150=EDGE_CURVE('',#3246,#3247,#2058,.T.);
#4155=ADVANCED_FACE('',(#4154),#4145,.T.);
#4168=EDGE_CURVE('',#3242,#3243,#2037,.T.);
#4170=EDGE_CURVE('',#3243,#3255,#1117,.T.);
#4172=EDGE_CURVE('',#3254,#3255,#2030,.T.);
#4177=ADVANCED_FACE('',(#4176),#4167,.T.);
#4192=EDGE_CURVE('',#2963,#2967,#1002,.T.);
#4194=EDGE_CURVE('',#2967,#3195,#1334,.T.);
#4198=ADVANCED_FACE('',(#4197),#4189,.T.);
#4212=EDGE_CURVE('',#2962,#2966,#1009,.T.);
#4214=EDGE_CURVE('',#2966,#2967,#1341,.T.);
#4219=ADVANCED_FACE('',(#4218),#4210,.T.);
#4233=EDGE_CURVE('',#3199,#2966,#1349,.T.);
#4239=ADVANCED_FACE('',(#4238),#4231,.T.);
#4253=EDGE_CURVE('',#2807,#3035,#1032,.T.);
#4255=EDGE_CURVE('',#2806,#2807,#1039,.T.);
#4257=EDGE_CURVE('',#3039,#2806,#1047,.T.);
#4260=EDGE_CURVE('',#2783,#2787,#1063,.T.);
#4262=EDGE_CURVE('',#2782,#2783,#1070,.T.);
#4264=EDGE_CURVE('',#2791,#2782,#1078,.T.);
#4267=EDGE_CURVE('',#3031,#3251,#1094,.T.);
#4269=EDGE_CURVE('',#3030,#3031,#1101,.T.);
#4271=EDGE_CURVE('',#3255,#3030,#1109,.T.);
#4274=EDGE_CURVE('',#3023,#3243,#1125,.T.);
#4276=EDGE_CURVE('',#3022,#3023,#1132,.T.);
#4278=EDGE_CURVE('',#3247,#3022,#1140,.T.);
#4281=EDGE_CURVE('',#3015,#3235,#1156,.T.);
#4283=EDGE_CURVE('',#3014,#3015,#1163,.T.);
#4285=EDGE_CURVE('',#3239,#3014,#1171,.T.);
#4288=EDGE_CURVE('',#3007,#3227,#1187,.T.);
#4290=EDGE_CURVE('',#3006,#3007,#1194,.T.);
#4292=EDGE_CURVE('',#3231,#3006,#1202,.T.);
#4295=EDGE_CURVE('',#2999,#3219,#1218,.T.);
#4297=EDGE_CURVE('',#2998,#2999,#1225,.T.);
#4299=EDGE_CURVE('',#3223,#2998,#1233,.T.);
#4302=EDGE_CURVE('',#2991,#3215,#1249,.T.);
#4304=EDGE_CURVE('',#2990,#2991,#1256,.T.);
#4306=EDGE_CURVE('',#2795,#2990,#1264,.T.);
#4309=EDGE_CURVE('',#2983,#2794,#1280,.T.);
#4311=EDGE_CURVE('',#2982,#2983,#1287,.T.);
#4313=EDGE_CURVE('',#3211,#2982,#1295,.T.);
#4316=EDGE_CURVE('',#2975,#3203,#1303,.T.);
#4318=EDGE_CURVE('',#2974,#2975,#1310,.T.);
#4320=EDGE_CURVE('',#3207,#2974,#1318,.T.);
#4327=EDGE_CURVE('',#2959,#3187,#1365,.T.);
#4329=EDGE_CURVE('',#2958,#2959,#1372,.T.);
#4331=EDGE_CURVE('',#3191,#2958,#1380,.T.);
#4334=EDGE_CURVE('',#2951,#3179,#1396,.T.);
#4336=EDGE_CURVE('',#2950,#2951,#1403,.T.);
#4338=EDGE_CURVE('',#3183,#2950,#1411,.T.);
#4341=EDGE_CURVE('',#2943,#3171,#1427,.T.);
#4343=EDGE_CURVE('',#2942,#2943,#1434,.T.);
#4345=EDGE_CURVE('',#3175,#2942,#1442,.T.);
#4348=EDGE_CURVE('',#2935,#3163,#1458,.T.);
#4350=EDGE_CURVE('',#2934,#2935,#1465,.T.);
#4352=EDGE_CURVE('',#3167,#2934,#1473,.T.);
#4355=EDGE_CURVE('',#2927,#3155,#1489,.T.);
#4357=EDGE_CURVE('',#2926,#2927,#1496,.T.);
#4359=EDGE_CURVE('',#3159,#2926,#1504,.T.);
#4362=EDGE_CURVE('',#2919,#3147,#1520,.T.);
#4364=EDGE_CURVE('',#2918,#2919,#1527,.T.);
#4366=EDGE_CURVE('',#3151,#2918,#1535,.T.);
#4369=EDGE_CURVE('',#2911,#3139,#1551,.T.);
#4371=EDGE_CURVE('',#2910,#2911,#1558,.T.);
#4373=EDGE_CURVE('',#3143,#2910,#1566,.T.);
#4376=EDGE_CURVE('',#2903,#3131,#1582,.T.);
#4378=EDGE_CURVE('',#2902,#2903,#1589,.T.);
#4380=EDGE_CURVE('',#3135,#2902,#1597,.T.);
#4383=EDGE_CURVE('',#2895,#3123,#1613,.T.);
#4385=EDGE_CURVE('',#2894,#2895,#1620,.T.);
#4387=EDGE_CURVE('',#3127,#2894,#1628,.T.);
#4390=EDGE_CURVE('',#2887,#3115,#1644,.T.);
#4392=EDGE_CURVE('',#2886,#2887,#1651,.T.);
#4394=EDGE_CURVE('',#3119,#2886,#1659,.T.);
#4397=EDGE_CURVE('',#2879,#3107,#1675,.T.);
#4399=EDGE_CURVE('',#2878,#2879,#1682,.T.);
#4401=EDGE_CURVE('',#3111,#2878,#1690,.T.);
#4404=EDGE_CURVE('',#2871,#3099,#1706,.T.);
#4406=EDGE_CURVE('',#2870,#2871,#1713,.T.);
#4408=EDGE_CURVE('',#3103,#2870,#1721,.T.);
#4411=EDGE_CURVE('',#2863,#3091,#1737,.T.);
#4413=EDGE_CURVE('',#2862,#2863,#1744,.T.);
#4415=EDGE_CURVE('',#3095,#2862,#1752,.T.);
#4418=EDGE_CURVE('',#2855,#3083,#1760,.T.);
#4420=EDGE_CURVE('',#2854,#2855,#1767,.T.);
#4422=EDGE_CURVE('',#3087,#2854,#1775,.T.);
#4425=EDGE_CURVE('',#2847,#3075,#1791,.T.);
#4427=EDGE_CURVE('',#2846,#2847,#1798,.T.);
#4429=EDGE_CURVE('',#3079,#2846,#1806,.T.);
#4432=EDGE_CURVE('',#2839,#3067,#1822,.T.);
#4434=EDGE_CURVE('',#2838,#2839,#1829,.T.);
#4436=EDGE_CURVE('',#3071,#2838,#1837,.T.);
#4439=EDGE_CURVE('',#2831,#3059,#1853,.T.);
#4441=EDGE_CURVE('',#2830,#2831,#1860,.T.);
#4443=EDGE_CURVE('',#3063,#2830,#1868,.T.);
#4446=EDGE_CURVE('',#2823,#3051,#1884,.T.);
#4448=EDGE_CURVE('',#2822,#2823,#1891,.T.);
#4450=EDGE_CURVE('',#3055,#2822,#1899,.T.);
#4453=EDGE_CURVE('',#2815,#3043,#1915,.T.);
#4455=EDGE_CURVE('',#2814,#2815,#1922,.T.);
#4457=EDGE_CURVE('',#3047,#2814,#1930,.T.);
#4461=EDGE_CURVE('',#3262,#3263,#1938,.T.);
#4463=EDGE_CURVE('',#3263,#3262,#1946,.T.);
#4467=ADVANCED_FACE('',(#4460,#4466),#4251,.T.);
#4482=EDGE_CURVE('',#2803,#2807,#1960,.T.);
#4487=ADVANCED_FACE('',(#4486),#4479,.T.);
#4501=EDGE_CURVE('',#2802,#2806,#1967,.T.);
#4507=ADVANCED_FACE('',(#4506),#4499,.T.);
#4526=ADVANCED_FACE('',(#4525),#4519,.T.);
#4541=EDGE_CURVE('',#2779,#2783,#1988,.T.);
#4546=ADVANCED_FACE('',(#4545),#4538,.T.);
#4560=EDGE_CURVE('',#2778,#2782,#1995,.T.);
#4566=ADVANCED_FACE('',(#4565),#4558,.T.);
#4585=ADVANCED_FACE('',(#4584),#4578,.T.);
#4600=EDGE_CURVE('',#3027,#3031,#2016,.T.);
#4605=ADVANCED_FACE('',(#4604),#4597,.T.);
#4619=EDGE_CURVE('',#3026,#3030,#2023,.T.);
#4625=ADVANCED_FACE('',(#4624),#4617,.T.);
#4644=ADVANCED_FACE('',(#4643),#4637,.T.);
#4659=EDGE_CURVE('',#3019,#3023,#2044,.T.);
#4664=ADVANCED_FACE('',(#4663),#4656,.T.);
#4678=EDGE_CURVE('',#3018,#3022,#2051,.T.);
#4684=ADVANCED_FACE('',(#4683),#4676,.T.);
#4703=ADVANCED_FACE('',(#4702),#4696,.T.);
#4718=EDGE_CURVE('',#3011,#3015,#2072,.T.);
#4723=ADVANCED_FACE('',(#4722),#4715,.T.);
#4737=EDGE_CURVE('',#3010,#3014,#2079,.T.);
#4743=ADVANCED_FACE('',(#4742),#4735,.T.);
#4762=ADVANCED_FACE('',(#4761),#4755,.T.);
#4777=EDGE_CURVE('',#3003,#3007,#2100,.T.);
#4782=ADVANCED_FACE('',(#4781),#4774,.T.);
#4796=EDGE_CURVE('',#3002,#3006,#2107,.T.);
#4802=ADVANCED_FACE('',(#4801),#4794,.T.);
#4821=ADVANCED_FACE('',(#4820),#4814,.T.);
#4836=EDGE_CURVE('',#2995,#2999,#2128,.T.);
#4841=ADVANCED_FACE('',(#4840),#4833,.T.);
#4855=EDGE_CURVE('',#2994,#2998,#2135,.T.);
#4861=ADVANCED_FACE('',(#4860),#4853,.T.);
#4880=ADVANCED_FACE('',(#4879),#4873,.T.);
#4895=EDGE_CURVE('',#2987,#2991,#2156,.T.);
#4900=ADVANCED_FACE('',(#4899),#4892,.T.);
#4914=EDGE_CURVE('',#2986,#2990,#2163,.T.);
#4920=ADVANCED_FACE('',(#4919),#4912,.T.);
#4939=ADVANCED_FACE('',(#4938),#4932,.T.);
#4954=EDGE_CURVE('',#2979,#2983,#2184,.T.);
#4959=ADVANCED_FACE('',(#4958),#4951,.T.);
#4973=EDGE_CURVE('',#2978,#2982,#2191,.T.);
#4979=ADVANCED_FACE('',(#4978),#4971,.T.);
#4998=ADVANCED_FACE('',(#4997),#4991,.T.);
#5013=EDGE_CURVE('',#2971,#2975,#2212,.T.);
#5018=ADVANCED_FACE('',(#5017),#5010,.T.);
#5032=EDGE_CURVE('',#2970,#2974,#2219,.T.);
#5038=ADVANCED_FACE('',(#5037),#5030,.T.);
#5057=ADVANCED_FACE('',(#5056),#5050,.T.);
#5072=EDGE_CURVE('',#2955,#2959,#2240,.T.);
#5077=ADVANCED_FACE('',(#5076),#5069,.T.);
#5091=EDGE_CURVE('',#2954,#2958,#2247,.T.);
#5097=ADVANCED_FACE('',(#5096),#5089,.T.);
#5116=ADVANCED_FACE('',(#5115),#5109,.T.);
#5131=EDGE_CURVE('',#2947,#2951,#2268,.T.);
#5136=ADVANCED_FACE('',(#5135),#5128,.T.);
#5150=EDGE_CURVE('',#2946,#2950,#2275,.T.);
#5156=ADVANCED_FACE('',(#5155),#5148,.T.);
#5175=ADVANCED_FACE('',(#5174),#5168,.T.);
#5190=EDGE_CURVE('',#2939,#2943,#2296,.T.);
#5195=ADVANCED_FACE('',(#5194),#5187,.T.);
#5209=EDGE_CURVE('',#2938,#2942,#2303,.T.);
#5215=ADVANCED_FACE('',(#5214),#5207,.T.);
#5234=ADVANCED_FACE('',(#5233),#5227,.T.);
#5249=EDGE_CURVE('',#2931,#2935,#2324,.T.);
#5254=ADVANCED_FACE('',(#5253),#5246,.T.);
#5268=EDGE_CURVE('',#2930,#2934,#2331,.T.);
#5274=ADVANCED_FACE('',(#5273),#5266,.T.);
#5293=ADVANCED_FACE('',(#5292),#5286,.T.);
#5308=EDGE_CURVE('',#2923,#2927,#2352,.T.);
#5313=ADVANCED_FACE('',(#5312),#5305,.T.);
#5327=EDGE_CURVE('',#2922,#2926,#2359,.T.);
#5333=ADVANCED_FACE('',(#5332),#5325,.T.);
#5352=ADVANCED_FACE('',(#5351),#5345,.T.);
#5367=EDGE_CURVE('',#2915,#2919,#2380,.T.);
#5372=ADVANCED_FACE('',(#5371),#5364,.T.);
#5386=EDGE_CURVE('',#2914,#2918,#2387,.T.);
#5392=ADVANCED_FACE('',(#5391),#5384,.T.);
#5411=ADVANCED_FACE('',(#5410),#5404,.T.);
#5426=EDGE_CURVE('',#2907,#2911,#2408,.T.);
#5431=ADVANCED_FACE('',(#5430),#5423,.T.);
#5445=EDGE_CURVE('',#2906,#2910,#2415,.T.);
#5451=ADVANCED_FACE('',(#5450),#5443,.T.);
#5470=ADVANCED_FACE('',(#5469),#5463,.T.);
#5485=EDGE_CURVE('',#2899,#2903,#2436,.T.);
#5490=ADVANCED_FACE('',(#5489),#5482,.T.);
#5504=EDGE_CURVE('',#2898,#2902,#2443,.T.);
#5510=ADVANCED_FACE('',(#5509),#5502,.T.);
#5529=ADVANCED_FACE('',(#5528),#5522,.T.);
#5544=EDGE_CURVE('',#2891,#2895,#2464,.T.);
#5549=ADVANCED_FACE('',(#5548),#5541,.T.);
#5563=EDGE_CURVE('',#2890,#2894,#2471,.T.);
#5569=ADVANCED_FACE('',(#5568),#5561,.T.);
#5588=ADVANCED_FACE('',(#5587),#5581,.T.);
#5603=EDGE_CURVE('',#2883,#2887,#2492,.T.);
#5608=ADVANCED_FACE('',(#5607),#5600,.T.);
#5622=EDGE_CURVE('',#2882,#2886,#2499,.T.);
#5628=ADVANCED_FACE('',(#5627),#5620,.T.);
#5647=ADVANCED_FACE('',(#5646),#5640,.T.);
#5662=EDGE_CURVE('',#2875,#2879,#2520,.T.);
#5667=ADVANCED_FACE('',(#5666),#5659,.T.);
#5681=EDGE_CURVE('',#2874,#2878,#2527,.T.);
#5687=ADVANCED_FACE('',(#5686),#5679,.T.);
#5706=ADVANCED_FACE('',(#5705),#5699,.T.);
#5721=EDGE_CURVE('',#2867,#2871,#2548,.T.);
#5726=ADVANCED_FACE('',(#5725),#5718,.T.);
#5740=EDGE_CURVE('',#2866,#2870,#2555,.T.);
#5746=ADVANCED_FACE('',(#5745),#5738,.T.);
#5765=ADVANCED_FACE('',(#5764),#5758,.T.);
#5780=EDGE_CURVE('',#2859,#2863,#2576,.T.);
#5785=ADVANCED_FACE('',(#5784),#5777,.T.);
#5799=EDGE_CURVE('',#2858,#2862,#2583,.T.);
#5805=ADVANCED_FACE('',(#5804),#5797,.T.);
#5824=ADVANCED_FACE('',(#5823),#5817,.T.);
#5839=EDGE_CURVE('',#2851,#2855,#2604,.T.);
#5844=ADVANCED_FACE('',(#5843),#5836,.T.);
#5858=EDGE_CURVE('',#2850,#2854,#2611,.T.);
#5864=ADVANCED_FACE('',(#5863),#5856,.T.);
#5883=ADVANCED_FACE('',(#5882),#5876,.T.);
#5898=EDGE_CURVE('',#2843,#2847,#2632,.T.);
#5903=ADVANCED_FACE('',(#5902),#5895,.T.);
#5917=EDGE_CURVE('',#2842,#2846,#2639,.T.);
#5923=ADVANCED_FACE('',(#5922),#5915,.T.);
#5942=ADVANCED_FACE('',(#5941),#5935,.T.);
#5957=EDGE_CURVE('',#2835,#2839,#2660,.T.);
#5962=ADVANCED_FACE('',(#5961),#5954,.T.);
#5976=EDGE_CURVE('',#2834,#2838,#2667,.T.);
#5982=ADVANCED_FACE('',(#5981),#5974,.T.);
#6001=ADVANCED_FACE('',(#6000),#5994,.T.);
#6016=EDGE_CURVE('',#2827,#2831,#2688,.T.);
#6021=ADVANCED_FACE('',(#6020),#6013,.T.);
#6035=EDGE_CURVE('',#2826,#2830,#2695,.T.);
#6041=ADVANCED_FACE('',(#6040),#6033,.T.);
#6060=ADVANCED_FACE('',(#6059),#6053,.T.);
#6075=EDGE_CURVE('',#2819,#2823,#2716,.T.);
#6080=ADVANCED_FACE('',(#6079),#6072,.T.);
#6094=EDGE_CURVE('',#2818,#2822,#2723,.T.);
#6100=ADVANCED_FACE('',(#6099),#6092,.T.);
#6119=ADVANCED_FACE('',(#6118),#6112,.T.);
#6134=EDGE_CURVE('',#2811,#2815,#2744,.T.);
#6139=ADVANCED_FACE('',(#6138),#6131,.T.);
#6153=EDGE_CURVE('',#2810,#2814,#2751,.T.);
#6159=ADVANCED_FACE('',(#6158),#6151,.T.);
#6178=ADVANCED_FACE('',(#6177),#6171,.T.);
#6192=EDGE_CURVE('',#3263,#3259,#2772,.T.);
#6195=EDGE_CURVE('',#3262,#3258,#2765,.T.);
#6199=ADVANCED_FACE('',(#6198),#6190,.F.);
#6218=ADVANCED_FACE('',(#6217),#6211,.F.);
#6234=(LENGTH_UNIT()NAMED_UNIT(*)SI_UNIT(.MILLI.,.METRE.));
#6235=(NAMED_UNIT(*)PLANE_ANGLE_UNIT()SI_UNIT($,.RADIAN.));
#6238=(NAMED_UNIT(*)SI_UNIT($,.STERADIAN.)SOLID_ANGLE_UNIT());
#6240=(GEOMETRIC_REPRESENTATION_CONTEXT(3)GLOBAL_UNCERTAINTY_ASSIGNED_CONTEXT((
#6239))GLOBAL_UNIT_ASSIGNED_CONTEXT((#6234,#6237,#6238))REPRESENTATION_CONTEXT(
'ID1','external'));
#6244=AXIS2_PLACEMENT_3D('',#6241,#6242,#6243);
#6245=ADVANCED_BREP_SHAPE_REPRESENTATION('',(#6244,#6227),#6240);
#6253=PRODUCT_DEFINITION('part definition','',#6252,#6249);
#6254=PRODUCT_DEFINITION_SHAPE('','SHAPE FOR CAMGEAR2.',#6253);
#6255=SHAPE_ASPECT('','solid data associated with CAMGEAR2',#6254,.F.);
#6256=PROPERTY_DEFINITION('',
'shape for solid data with which properties are associated',#6255);
#6257=SHAPE_REPRESENTATION('',(#6227),#6240);
#6258=SHAPE_DEFINITION_REPRESENTATION(#6256,#6257);
#6259=(LENGTH_UNIT()NAMED_UNIT(*)SI_UNIT(.MILLI.,.METRE.));
#6263=PROPERTY_DEFINITION('geometric validation property','area of CAMGEAR2',
#6255);
#6264=REPRESENTATION('surface area',(#6262),#6240);
#6265=PROPERTY_DEFINITION_REPRESENTATION(#6263,#6264);
#6266=(LENGTH_UNIT()NAMED_UNIT(*)SI_UNIT(.MILLI.,.METRE.));
#6270=PROPERTY_DEFINITION('geometric validation property','volume of CAMGEAR2',
#6255);
#6271=REPRESENTATION('volume',(#6269),#6240);
#6272=PROPERTY_DEFINITION_REPRESENTATION(#6270,#6271);
#6274=PROPERTY_DEFINITION('geometric validation property',
'centroid of CAMGEAR2',#6255);
#6275=REPRESENTATION('centroid',(#6273),#6240);
#6276=PROPERTY_DEFINITION_REPRESENTATION(#6274,#6275);
#6277=(LENGTH_UNIT()NAMED_UNIT(*)SI_UNIT(.MILLI.,.METRE.));
#6281=PROPERTY_DEFINITION('geometric validation property','area of CAMGEAR2',
#6254);
#6282=REPRESENTATION('surface area',(#6280),#6240);
#6283=PROPERTY_DEFINITION_REPRESENTATION(#6281,#6282);
#6284=(LENGTH_UNIT()NAMED_UNIT(*)SI_UNIT(.MILLI.,.METRE.));
#6288=PROPERTY_DEFINITION('geometric validation property','volume of CAMGEAR2',
#6254);
#6289=REPRESENTATION('volume',(#6287),#6240);
#6290=PROPERTY_DEFINITION_REPRESENTATION(#6288,#6289);
#6292=PROPERTY_DEFINITION('geometric validation property',
'centroid of CAMGEAR2',#6254);
#6293=REPRESENTATION('centroid',(#6291),#6240);
#6294=PROPERTY_DEFINITION_REPRESENTATION(#6292,#6293);
#6295=SHAPE_DEFINITION_REPRESENTATION(#6254,#6245);
#6296=PRODUCT_RELATED_PRODUCT_CATEGORY('part','',(#6251));
ENDSEC;
END-ISO-10303-21;
