ISO-10303-21;
HEADER;
FILE_DESCRIPTION((''),'2;1');
FILE_NAME('CAMGEAR','2026-08-09T09:56:41',('gram2'),(''),
'CREO PARAMETRIC BY PTC INC, 2016510','CREO PARAMETRIC BY PTC INC, 2016510','');
FILE_SCHEMA(('AUTOMOTIVE_DESIGN { 1 0 10303 214 1 1 1 1 }'));
ENDSEC;
DATA;
#29=CARTESIAN_POINT('',(0.E0,-2.025256353960E-3,0.E0));
#30=DIRECTION('',(0.E0,0.E0,1.E0));
#31=DIRECTION('',(-5.396895337330E-2,9.985426140490E-1,0.E0));
#32=AXIS2_PLACEMENT_3D('',#29,#30,#31);
#34=DRAUGHTING_PRE_DEFINED_CURVE_FONT('continuous');
#35=CURVE_STYLE('',#34,POSITIVE_LENGTH_MEASURE(2.E-2),#21);
#36=PRESENTATION_STYLE_ASSIGNMENT((#35));
#37=STYLED_ITEM('',(#36),#33);
#38=CARTESIAN_POINT('',(-1.000422403413E1,6.154126993616E0,0.E0));
#39=DIRECTION('',(0.E0,0.E0,1.E0));
#40=DIRECTION('',(9.459038578601E-1,3.244470552886E-1,0.E0));
#41=AXIS2_PLACEMENT_3D('',#38,#39,#40);
#43=CURVE_STYLE('',#34,POSITIVE_LENGTH_MEASURE(2.E-2),#21);
#44=PRESENTATION_STYLE_ASSIGNMENT((#43));
#45=STYLED_ITEM('',(#44),#42);
#46=DIRECTION('',(-9.870524161682E-1,-1.603980290918E-1,0.E0));
#47=VECTOR('',#46,5.8E-1);
#48=CARTESIAN_POINT('',(-1.354769507244E0,1.014494083680E1,0.E0));
#49=LINE('',#48,#47);
#50=CURVE_STYLE('',#34,POSITIVE_LENGTH_MEASURE(2.E-2),#21);
#51=PRESENTATION_STYLE_ASSIGNMENT((#50));
#52=STYLED_ITEM('',(#51),#49);
#53=CARTESIAN_POINT('',(7.540797825204E0,9.005228799876E0,0.E0));
#54=DIRECTION('',(0.E0,0.E0,1.E0));
#55=DIRECTION('',(-9.939449389309E-1,1.098792900124E-1,0.E0));
#56=AXIS2_PLACEMENT_3D('',#53,#54,#55);
#58=CURVE_STYLE('',#34,POSITIVE_LENGTH_MEASURE(2.E-2),#21);
#59=PRESENTATION_STYLE_ASSIGNMENT((#58));
#60=STYLED_ITEM('',(#59),#57);
#61=CARTESIAN_POINT('',(0.E0,-2.025256353960E-3,0.E0));
#62=DIRECTION('',(0.E0,0.E0,1.E0));
#63=DIRECTION('',(-2.133994835670E-1,9.769650251740E-1,0.E0));
#64=AXIS2_PLACEMENT_3D('',#61,#62,#63);
#66=CURVE_STYLE('',#34,POSITIVE_LENGTH_MEASURE(2.E-2),#21);
#67=PRESENTATION_STYLE_ASSIGNMENT((#66));
#68=STYLED_ITEM('',(#67),#65);
#69=CARTESIAN_POINT('',(-1.086180334534E1,4.469788100787E0,0.E0));
#70=DIRECTION('',(0.E0,0.E0,1.E0));
#71=DIRECTION('',(8.816129319756E-1,4.719731328935E-1,0.E0));
#72=AXIS2_PLACEMENT_3D('',#69,#70,#71);
#74=CURVE_STYLE('',#34,POSITIVE_LENGTH_MEASURE(2.E-2),#21);
#75=PRESENTATION_STYLE_ASSIGNMENT((#74));
#76=STYLED_ITEM('',(#75),#73);
#77=DIRECTION('',(-9.485449445269E-1,-3.166425243273E-1,0.E0));
#78=VECTOR('',#77,5.8E-1);
#79=CARTESIAN_POINT('',(-2.964457030952E0,9.796286006015E0,0.E0));
#80=LINE('',#79,#78);
#81=CURVE_STYLE('',#34,POSITIVE_LENGTH_MEASURE(2.E-2),#21);
#82=PRESENTATION_STYLE_ASSIGNMENT((#81));
#83=STYLED_ITEM('',(#82),#80);
#84=CARTESIAN_POINT('',(5.998741762182E0,1.009816195401E1,0.E0));
#85=DIRECTION('',(0.E0,0.E0,1.E0));
#86=DIRECTION('',(-9.987001750659E-1,-5.097019053669E-2,0.E0));
#87=AXIS2_PLACEMENT_3D('',#84,#85,#86);
#89=CURVE_STYLE('',#34,POSITIVE_LENGTH_MEASURE(2.E-2),#21);
#90=PRESENTATION_STYLE_ASSIGNMENT((#89));
#91=STYLED_ITEM('',(#90),#88);
#92=CARTESIAN_POINT('',(0.E0,-2.025256353960E-3,0.E0));
#93=DIRECTION('',(0.E0,0.E0,1.E0));
#94=DIRECTION('',(-3.673064043455E-1,9.300999974878E-1,0.E0));
#95=AXIS2_PLACEMENT_3D('',#92,#93,#94);
#97=CURVE_STYLE('',#34,POSITIVE_LENGTH_MEASURE(2.E-2),#21);
#98=PRESENTATION_STYLE_ASSIGNMENT((#97));
#99=STYLED_ITEM('',(#98),#96);
#100=CARTESIAN_POINT('',(-1.143811443778E1,2.669703295667E0,0.E0));
#101=DIRECTION('',(0.E0,0.E0,1.E0));
#102=DIRECTION('',(7.944873353431E-1,6.072807209022E-1,0.E0));
#103=AXIS2_PLACEMENT_3D('',#100,#101,#102);
#105=CURVE_STYLE('',#34,POSITIVE_LENGTH_MEASURE(2.E-2),#21);
#106=PRESENTATION_STYLE_ASSIGNMENT((#105));
#107=STYLED_ITEM('',(#106),#104);
#108=DIRECTION('',(-8.854747425107E-1,-4.646875083060E-1,0.E0));
#109=VECTOR('',#108,5.8E-1);
#110=CARTESIAN_POINT('',(-4.497379442812E0,9.193954706619E0,0.E0));
#111=LINE('',#110,#109);
#112=CURVE_STYLE('',#34,POSITIVE_LENGTH_MEASURE(2.E-2),#21);
#113=PRESENTATION_STYLE_ASSIGNMENT((#112));
#114=STYLED_ITEM('',(#113),#111);
#115=CARTESIAN_POINT('',(4.301347275459E0,1.092960151125E1,0.E0));
#116=DIRECTION('',(0.E0,0.E0,1.E0));
#117=DIRECTION('',(-9.775939027219E-1,-2.104997894560E-1,0.E0));
#118=AXIS2_PLACEMENT_3D('',#115,#116,#117);
#120=CURVE_STYLE('',#34,POSITIVE_LENGTH_MEASURE(2.E-2),#21);
#121=PRESENTATION_STYLE_ASSIGNMENT((#120));
#122=STYLED_ITEM('',(#121),#119);
#123=CARTESIAN_POINT('',(0.E0,-2.025256353960E-3,0.E0));
#124=DIRECTION('',(0.E0,0.E0,1.E0));
#125=DIRECTION('',(-5.117068434579E-1,8.591601168341E-1,0.E0));
#126=AXIS2_PLACEMENT_3D('',#123,#124,#125);
#128=CURVE_STYLE('',#34,POSITIVE_LENGTH_MEASURE(2.E-2),#21);
#129=PRESENTATION_STYLE_ASSIGNMENT((#128));
#130=STYLED_ITEM('',(#129),#127);
#131=CARTESIAN_POINT('',(-1.171823363911E1,8.004860760936E-1,0.E0));
#132=DIRECTION('',(0.E0,0.E0,1.E0));
#133=DIRECTION('',(6.867815698777E-1,7.268638629595E-1,0.E0));
#134=AXIS2_PLACEMENT_3D('',#131,#132,#133);
#136=CURVE_STYLE('',#34,POSITIVE_LENGTH_MEASURE(2.E-2),#21);
#137=PRESENTATION_STYLE_ASSIGNMENT((#136));
#138=STYLED_ITEM('',(#137),#135);
#139=DIRECTION('',(-7.994750235752E-1,-6.006993313459E-1,0.E0));
#140=VECTOR('',#139,5.8E-1);
#141=CARTESIAN_POINT('',(-5.913841459954E0,8.353544408605E0,0.E0));
#142=LINE('',#141,#140);
#143=CURVE_STYLE('',#34,POSITIVE_LENGTH_MEASURE(2.E-2),#21);
#144=PRESENTATION_STYLE_ASSIGNMENT((#143));
#145=STYLED_ITEM('',(#144),#142);
#146=CARTESIAN_POINT('',(2.492568679857E0,1.147801720485E1,0.E0));
#147=DIRECTION('',(0.E0,0.E0,1.E0));
#148=DIRECTION('',(-9.311726723599E-1,-3.645784610342E-1,0.E0));
#149=AXIS2_PLACEMENT_3D('',#146,#147,#148);
#151=CURVE_STYLE('',#34,POSITIVE_LENGTH_MEASURE(2.E-2),#21);
#152=PRESENTATION_STYLE_ASSIGNMENT((#151));
#153=STYLED_ITEM('',(#152),#150);
#154=CARTESIAN_POINT('',(0.E0,-2.025256353960E-3,0.E0));
#155=DIRECTION('',(0.E0,0.E0,1.E0));
#156=DIRECTION('',(-6.428636541340E-1,7.659806278187E-1,0.E0));
#157=AXIS2_PLACEMENT_3D('',#154,#155,#156);
#159=CURVE_STYLE('',#34,POSITIVE_LENGTH_MEASURE(2.E-2),#21);
#160=PRESENTATION_STYLE_ASSIGNMENT((#159));
#161=STYLED_ITEM('',(#160),#158);
#162=CARTESIAN_POINT('',(-1.169490721562E1,-1.089459864633E0,0.E0));
#163=DIRECTION('',(0.E0,0.E0,1.E0));
#164=DIRECTION('',(5.612838269742E-1,8.276233838994E-1,0.E0));
#165=AXIS2_PLACEMENT_3D('',#162,#163,#164);
#167=CURVE_STYLE('',#34,POSITIVE_LENGTH_MEASURE(2.E-2),#21);
#168=PRESENTATION_STYLE_ASSIGNMENT((#167));
#169=STYLED_ITEM('',(#168),#166);
#170=DIRECTION('',(-6.927727648614E-1,-7.211559444852E-1,0.E0));
#171=VECTOR('',#170,5.8E-1);
#172=CARTESIAN_POINT('',(-7.177163560954E0,7.296817677543E0,0.E0));
#173=LINE('',#172,#171);
#174=CURVE_STYLE('',#34,POSITIVE_LENGTH_MEASURE(2.E-2),#21);
#175=PRESENTATION_STYLE_ASSIGNMENT((#174));
#176=STYLED_ITEM('',(#175),#173);
#177=CARTESIAN_POINT('',(6.192446003783E-1,1.172920771850E1,0.E0));
#178=DIRECTION('',(0.E0,0.E0,1.E0));
#179=DIRECTION('',(-8.606385695235E-1,-5.092163122373E-1,0.E0));
#180=AXIS2_PLACEMENT_3D('',#177,#178,#179);
#182=CURVE_STYLE('',#34,POSITIVE_LENGTH_MEASURE(2.E-2),#21);
#183=PRESENTATION_STYLE_ASSIGNMENT((#182));
#184=STYLED_ITEM('',(#183),#181);
#185=CARTESIAN_POINT('',(0.E0,-2.025256353960E-3,0.E0));
#186=DIRECTION('',(0.E0,0.E0,1.E0));
#187=DIRECTION('',(-7.573819703906E-1,6.529720904658E-1,0.E0));
#188=AXIS2_PLACEMENT_3D('',#185,#186,#187);
#190=CURVE_STYLE('',#34,POSITIVE_LENGTH_MEASURE(2.E-2),#21);
#191=PRESENTATION_STYLE_ASSIGNMENT((#190));
#192=STYLED_ITEM('',(#191),#189);
#193=CARTESIAN_POINT('',(-1.136873920898E1,-2.951194059501E0,0.E0));
#194=DIRECTION('',(0.E0,0.E0,1.E0));
#195=DIRECTION('',(4.212438762136E-1,9.069474057257E-1,0.E0));
#196=AXIS2_PLACEMENT_3D('',#193,#194,#195);
#198=CURVE_STYLE('',#34,POSITIVE_LENGTH_MEASURE(2.E-2),#21);
#199=PRESENTATION_STYLE_ASSIGNMENT((#198));
#200=STYLED_ITEM('',(#199),#197);
#201=DIRECTION('',(-5.681310392487E-1,-8.229381035304E-1,0.E0));
#202=VECTOR('',#201,5.8E-1);
#203=CARTESIAN_POINT('',(-8.254631808194E0,6.051138629312E0,0.E0));
#204=LINE('',#203,#202);
#205=CURVE_STYLE('',#34,POSITIVE_LENGTH_MEASURE(2.E-2),#21);
#206=PRESENTATION_STYLE_ASSIGNMENT((#205));
#207=STYLED_ITEM('',(#206),#204);
#208=CARTESIAN_POINT('',(-1.270114921852E0,1.167666843171E1,0.E0));
#209=DIRECTION('',(0.E0,0.E0,1.E0));
#210=DIRECTION('',(-7.678180866314E-1,-6.406679216581E-1,0.E0));
#211=AXIS2_PLACEMENT_3D('',#208,#209,#210);
#213=CURVE_STYLE('',#34,POSITIVE_LENGTH_MEASURE(2.E-2),#21);
#214=PRESENTATION_STYLE_ASSIGNMENT((#213));
#215=STYLED_ITEM('',(#214),#212);
#216=CARTESIAN_POINT('',(0.E0,-2.025256353960E-3,0.E0));
#217=DIRECTION('',(0.E0,0.E0,1.E0));
#218=DIRECTION('',(-8.522969673434E-1,5.230581989199E-1,0.E0));
#219=AXIS2_PLACEMENT_3D('',#216,#217,#218);
#221=CURVE_STYLE('',#34,POSITIVE_LENGTH_MEASURE(2.E-2),#21);
#222=PRESENTATION_STYLE_ASSIGNMENT((#221));
#223=STYLED_ITEM('',(#222),#220);
#224=CARTESIAN_POINT('',(-1.074817579440E1,-4.736506589392E0,0.E0));
#225=DIRECTION('',(0.E0,0.E0,1.E0));
#226=DIRECTION('',(2.702889137670E-1,9.627792597967E-1,0.E0));
#227=AXIS2_PLACEMENT_3D('',#224,#225,#226);
#229=CURVE_STYLE('',#34,POSITIVE_LENGTH_MEASURE(2.E-2),#21);
#230=PRESENTATION_STYLE_ASSIGNMENT((#229));
#231=STYLED_ITEM('',(#230),#228);
#232=DIRECTION('',(-4.287774651198E-1,-9.034101424079E-1,0.E0));
#233=VECTOR('',#232,5.8E-1);
#234=CARTESIAN_POINT('',(-9.118344980760E0,4.648764331718E0,0.E0));
#235=LINE('',#234,#233);
#236=CURVE_STYLE('',#34,POSITIVE_LENGTH_MEASURE(2.E-2),#21);
#237=PRESENTATION_STYLE_ASSIGNMENT((#236));
#238=STYLED_ITEM('',(#237),#235);
#239=CARTESIAN_POINT('',(-3.126584605230E0,1.132175985812E1,0.E0));
#240=DIRECTION('',(0.E0,0.E0,1.E0));
#241=DIRECTION('',(-6.551148256509E-1,-7.555293278308E-1,0.E0));
#242=AXIS2_PLACEMENT_3D('',#239,#240,#241);
#244=CURVE_STYLE('',#34,POSITIVE_LENGTH_MEASURE(2.E-2),#21);
#245=PRESENTATION_STYLE_ASSIGNMENT((#244));
#246=STYLED_ITEM('',(#245),#243);
#247=CARTESIAN_POINT('',(0.E0,-2.025256353960E-3,0.E0));
#248=DIRECTION('',(0.E0,0.E0,1.E0));
#249=DIRECTION('',(-9.251505693998E-1,3.796003476543E-1,0.E0));
#250=AXIS2_PLACEMENT_3D('',#247,#248,#249);
#252=CURVE_STYLE('',#34,POSITIVE_LENGTH_MEASURE(2.E-2),#21);
#253=PRESENTATION_STYLE_ASSIGNMENT((#252));
#254=STYLED_ITEM('',(#253),#251);
#255=CARTESIAN_POINT('',(-9.849286565546E0,-6.399166487010E0,0.E0));
#256=DIRECTION('',(0.E0,0.E0,1.E0));
#257=DIRECTION('',(1.123295494091E-1,9.936710080955E-1,0.E0));
#258=AXIS2_PLACEMENT_3D('',#255,#256,#257);
#260=CURVE_STYLE('',#34,POSITIVE_LENGTH_MEASURE(2.E-2),#21);
#261=PRESENTATION_STYLE_ASSIGNMENT((#260));
#262=STYLED_ITEM('',(#261),#259);
#263=DIRECTION('',(-2.783206266412E-1,-9.604882241787E-1,0.E0));
#264=VECTOR('',#263,5.8E-1);
#265=CARTESIAN_POINT('',(-9.745937081234E0,3.126009502326E0,0.E0));
#266=LINE('',#265,#264);
#267=CURVE_STYLE('',#34,POSITIVE_LENGTH_MEASURE(2.E-2),#21);
#268=PRESENTATION_STYLE_ASSIGNMENT((#267));
#269=STYLED_ITEM('',(#268),#266);
#270=CARTESIAN_POINT('',(-4.902090856040E0,1.067367241477E1,0.E0));
#271=DIRECTION('',(0.E0,0.E0,1.E0));
#272=DIRECTION('',(-5.254472564212E-1,-8.508261753845E-1,0.E0));
#273=AXIS2_PLACEMENT_3D('',#270,#271,#272);
#275=CURVE_STYLE('',#34,POSITIVE_LENGTH_MEASURE(2.E-2),#21);
#276=PRESENTATION_STYLE_ASSIGNMENT((#275));
#277=STYLED_ITEM('',(#276),#274);
#278=CARTESIAN_POINT('',(0.E0,-2.025256353960E-3,0.E0));
#279=DIRECTION('',(0.E0,0.E0,1.E0));
#280=DIRECTION('',(-9.740551267899E-1,2.263108702079E-1,0.E0));
#281=AXIS2_PLACEMENT_3D('',#278,#279,#280);
#283=CURVE_STYLE('',#34,POSITIVE_LENGTH_MEASURE(2.E-2),#21);
#284=PRESENTATION_STYLE_ASSIGNMENT((#283));
#285=STYLED_ITEM('',(#284),#282);
#286=CARTESIAN_POINT('',(-8.695348409708E0,-7.896118895539E0,0.E0));
#287=DIRECTION('',(0.E0,0.E0,1.E0));
#288=DIRECTION('',(-4.854162454332E-2,9.988211605121E-1,0.E0));
#289=AXIS2_PLACEMENT_3D('',#286,#287,#288);
#291=CURVE_STYLE('',#34,POSITIVE_LENGTH_MEASURE(2.E-2),#21);
#292=PRESENTATION_STYLE_ASSIGNMENT((#291));
#293=STYLED_ITEM('',(#292),#290);
#294=DIRECTION('',(-1.206566288715E-1,-9.926943023456E-1,0.E0));
#295=VECTOR('',#294,5.8E-1);
#296=CARTESIAN_POINT('',(-1.012115650695E1,1.522306132753E0,0.E0));
#297=LINE('',#296,#295);
#298=CURVE_STYLE('',#34,POSITIVE_LENGTH_MEASURE(2.E-2),#21);
#299=PRESENTATION_STYLE_ASSIGNMENT((#298));
#300=STYLED_ITEM('',(#299),#297);
#301=CARTESIAN_POINT('',(-6.550656642231E0,9.749188434650E0,0.E0));
#302=DIRECTION('',(0.E0,0.E0,1.E0));
#303=DIRECTION('',(-3.821731423881E-1,-9.240907364741E-1,0.E0));
#304=AXIS2_PLACEMENT_3D('',#301,#302,#303);
#306=CURVE_STYLE('',#34,POSITIVE_LENGTH_MEASURE(2.E-2),#21);
#307=PRESENTATION_STYLE_ASSIGNMENT((#306));
#308=STYLED_ITEM('',(#307),#305);
#309=CARTESIAN_POINT('',(0.E0,-2.025256353960E-3,0.E0));
#310=DIRECTION('',(0.E0,0.E0,1.E0));
#311=DIRECTION('',(-9.977424090281E-1,6.715716809679E-2,0.E0));
#312=AXIS2_PLACEMENT_3D('',#309,#310,#311);
#314=CURVE_STYLE('',#34,POSITIVE_LENGTH_MEASURE(2.E-2),#21);
#315=PRESENTATION_STYLE_ASSIGNMENT((#314));
#316=STYLED_ITEM('',(#315),#313);
#317=CARTESIAN_POINT('',(-7.316242748908E0,-9.188599981377E0,0.E0));
#318=DIRECTION('',(0.E0,0.E0,1.E0));
#319=DIRECTION('',(-2.081562388117E-1,9.780955885003E-1,0.E0));
#320=AXIS2_PLACEMENT_3D('',#317,#318,#319);
#322=CURVE_STYLE('',#34,POSITIVE_LENGTH_MEASURE(2.E-2),#21);
#323=PRESENTATION_STYLE_ASSIGNMENT((#322));
#324=STYLED_ITEM('',(#323),#321);
#325=DIRECTION('',(4.013179253255E-2,-9.991943951144E-1,0.E0));
#326=VECTOR('',#325,5.8E-1);
#327=CARTESIAN_POINT('',(-1.023428688797E1,-1.208176093631E-1,0.E0));
#328=LINE('',#327,#326);
#329=CURVE_STYLE('',#34,POSITIVE_LENGTH_MEASURE(2.E-2),#21);
#330=PRESENTATION_STYLE_ASSIGNMENT((#329));
#331=STYLED_ITEM('',(#330),#328);
#332=CARTESIAN_POINT('',(-8.029592076365E0,8.572247585429E0,0.E0));
#333=DIRECTION('',(0.E0,0.E0,1.E0));
#334=DIRECTION('',(-2.290025907564E-1,-9.734258130062E-1,0.E0));
#335=AXIS2_PLACEMENT_3D('',#332,#333,#334);
#337=CURVE_STYLE('',#34,POSITIVE_LENGTH_MEASURE(2.E-2),#21);
#338=PRESENTATION_STYLE_ASSIGNMENT((#337));
#339=STYLED_ITEM('',(#338),#336);
#340=CARTESIAN_POINT('',(0.E0,-2.025256353960E-3,0.E0));
#341=DIRECTION('',(0.E0,0.E0,1.E0));
#342=DIRECTION('',(-9.955966350581E-1,-9.374081427543E-2,0.E0));
#343=AXIS2_PLACEMENT_3D('',#340,#341,#342);
#345=CURVE_STYLE('',#34,POSITIVE_LENGTH_MEASURE(2.E-2),#21);
#346=PRESENTATION_STYLE_ASSIGNMENT((#345));
#347=STYLED_ITEM('',(#346),#344);
#348=CARTESIAN_POINT('',(-5.747681755457E0,-1.024314073010E1,0.E0));
#349=DIRECTION('',(0.E0,0.E0,1.E0));
#350=DIRECTION('',(-3.623783536669E-1,9.320310771609E-1,0.E0));
#351=AXIS2_PLACEMENT_3D('',#348,#349,#350);
#353=CURVE_STYLE('',#34,POSITIVE_LENGTH_MEASURE(2.E-2),#21);
#354=PRESENTATION_STYLE_ASSIGNMENT((#353));
#355=STYLED_ITEM('',(#354),#352);
#356=DIRECTION('',(1.998809944403E-1,-9.798201814933E-1,0.E0));
#357=VECTOR('',#356,5.8E-1);
#358=CARTESIAN_POINT('',(-1.008239869411E1,-1.760812759228E0,0.E0));
#359=LINE('',#358,#357);
#360=CURVE_STYLE('',#34,POSITIVE_LENGTH_MEASURE(2.E-2),#21);
#361=PRESENTATION_STYLE_ASSIGNMENT((#360));
#362=STYLED_ITEM('',(#361),#359);
#363=CARTESIAN_POINT('',(-9.300599877410E0,7.173326947730E0,0.E0));
#364=DIRECTION('',(0.E0,0.E0,1.E0));
#365=DIRECTION('',(-6.990197864159E-2,-9.975538649025E-1,0.E0));
#366=AXIS2_PLACEMENT_3D('',#363,#364,#365);
#368=CURVE_STYLE('',#34,POSITIVE_LENGTH_MEASURE(2.E-2),#21);
#369=PRESENTATION_STYLE_ASSIGNMENT((#368));
#370=STYLED_ITEM('',(#369),#367);
#371=CARTESIAN_POINT('',(0.E0,-2.025256353960E-3,0.E0));
#372=DIRECTION('',(0.E0,0.E0,1.E0));
#373=DIRECTION('',(-9.676706653278E-1,-2.522171355479E-1,0.E0));
#374=AXIS2_PLACEMENT_3D('',#371,#372,#373);
#376=CURVE_STYLE('',#34,POSITIVE_LENGTH_MEASURE(2.E-2),#21);
#377=PRESENTATION_STYLE_ASSIGNMENT((#376));
#378=STYLED_ITEM('',(#377),#375);
#379=CARTESIAN_POINT('',(-4.030283579271E0,-1.103243363222E1,0.E0));
#380=DIRECTION('',(0.E0,0.E0,1.E0));
#381=DIRECTION('',(-5.072118369717E-1,8.618214156284E-1,0.E0));
#382=AXIS2_PLACEMENT_3D('',#379,#380,#381);
#384=CURVE_STYLE('',#34,POSITIVE_LENGTH_MEASURE(2.E-2),#21);
#385=PRESENTATION_STYLE_ASSIGNMENT((#384));
#386=STYLED_ITEM('',(#385),#383);
#387=DIRECTION('',(3.544542444843E-1,-9.350733599922E-1,0.E0));
#388=VECTOR('',#387,5.8E-1);
#389=CARTESIAN_POINT('',(-9.669425095610E0,-3.355211367468E0,0.E0));
#390=LINE('',#389,#388);
#391=CURVE_STYLE('',#34,POSITIVE_LENGTH_MEASURE(2.E-2),#21);
#392=PRESENTATION_STYLE_ASSIGNMENT((#391));
#393=STYLED_ITEM('',(#392),#390);
#394=CARTESIAN_POINT('',(-1.033076708526E1,5.588651806013E0,0.E0));
#395=DIRECTION('',(0.E0,0.E0,1.E0));
#396=DIRECTION('',(9.100875693015E-2,-9.958500922137E-1,0.E0));
#397=AXIS2_PLACEMENT_3D('',#394,#395,#396);
#399=CURVE_STYLE('',#34,POSITIVE_LENGTH_MEASURE(2.E-2),#21);
#400=PRESENTATION_STYLE_ASSIGNMENT((#399));
#401=STYLED_ITEM('',(#400),#398);
#402=CARTESIAN_POINT('',(0.E0,-2.025256353960E-3,0.E0));
#403=DIRECTION('',(0.E0,0.E0,1.E0));
#404=DIRECTION('',(-9.146849111808E-1,-4.041676796308E-1,0.E0));
#405=AXIS2_PLACEMENT_3D('',#402,#403,#404);
#407=CURVE_STYLE('',#34,POSITIVE_LENGTH_MEASURE(2.E-2),#21);
#408=PRESENTATION_STYLE_ASSIGNMENT((#407));
#409=STYLED_ITEM('',(#408),#406);
#410=CARTESIAN_POINT('',(-2.208520534068E0,-1.153603981570E1,0.E0));
#411=DIRECTION('',(0.E0,0.E0,1.E0));
#412=DIRECTION('',(-6.389041046322E-1,7.692863869094E-1,0.E0));
#413=AXIS2_PLACEMENT_3D('',#410,#411,#412);
#415=CURVE_STYLE('',#34,POSITIVE_LENGTH_MEASURE(2.E-2),#21);
#416=PRESENTATION_STYLE_ASSIGNMENT((#415));
#417=STYLED_ITEM('',(#416),#414);
#418=DIRECTION('',(4.998488424383E-1,-8.661126570563E-1,0.E0));
#419=VECTOR('',#418,5.8E-1);
#420=CARTESIAN_POINT('',(-9.006060113051E0,-4.862726214801E0,0.E0));
#421=LINE('',#420,#419);
#422=CURVE_STYLE('',#34,POSITIVE_LENGTH_MEASURE(2.E-2),#21);
#423=PRESENTATION_STYLE_ASSIGNMENT((#422));
#424=STYLED_ITEM('',(#423),#421);
#425=CARTESIAN_POINT('',(-1.109341734734E1,3.859257588766E0,0.E0));
#426=DIRECTION('',(0.E0,0.E0,1.E0));
#427=DIRECTION('',(2.495628054823E-1,-9.683586144192E-1,0.E0));
#428=AXIS2_PLACEMENT_3D('',#425,#426,#427);
#430=CURVE_STYLE('',#34,POSITIVE_LENGTH_MEASURE(2.E-2),#21);
#431=PRESENTATION_STYLE_ASSIGNMENT((#430));
#432=STYLED_ITEM('',(#431),#429);
#433=CARTESIAN_POINT('',(0.E0,-2.025256353960E-3,0.E0));
#434=DIRECTION('',(0.E0,0.E0,1.E0));
#435=DIRECTION('',(-8.380089612010E-1,-5.456564678870E-1,0.E0));
#436=AXIS2_PLACEMENT_3D('',#433,#434,#435);
#438=CURVE_STYLE('',#34,POSITIVE_LENGTH_MEASURE(2.E-2),#21);
#439=PRESENTATION_STYLE_ASSIGNMENT((#438));
#440=STYLED_ITEM('',(#439),#437);
#441=CARTESIAN_POINT('',(-3.295674793472E-1,-1.174091831397E1,0.E0));
#442=DIRECTION('',(0.E0,0.E0,1.E0));
#443=DIRECTION('',(-7.540435103031E-1,6.568244701362E-1,0.E0));
#444=AXIS2_PLACEMENT_3D('',#441,#442,#443);
#446=CURVE_STYLE('',#34,POSITIVE_LENGTH_MEASURE(2.E-2),#21);
#447=PRESENTATION_STYLE_ASSIGNMENT((#446));
#448=STYLED_ITEM('',(#447),#445);
#449=DIRECTION('',(6.322997708109E-1,-7.747238216503E-1,0.E0));
#450=VECTOR('',#449,5.8E-1);
#451=CARTESIAN_POINT('',(-8.109481693876E0,-6.244319951499E0,0.E0));
#452=LINE('',#451,#450);
#453=CURVE_STYLE('',#34,POSITIVE_LENGTH_MEASURE(2.E-2),#21);
#454=PRESENTATION_STYLE_ASSIGNMENT((#453));
#455=STYLED_ITEM('',(#454),#452);
#456=CARTESIAN_POINT('',(-1.156880170725E1,2.029927249201E0,0.E0));
#457=DIRECTION('',(0.E0,0.E0,1.E0));
#458=DIRECTION('',(4.016543833439E-1,-9.157913279457E-1,0.E0));
#459=AXIS2_PLACEMENT_3D('',#456,#457,#458);
#461=CURVE_STYLE('',#34,POSITIVE_LENGTH_MEASURE(2.E-2),#21);
#462=PRESENTATION_STYLE_ASSIGNMENT((#461));
#463=STYLED_ITEM('',(#462),#460);
#464=CARTESIAN_POINT('',(0.E0,-2.025256353960E-3,0.E0));
#465=DIRECTION('',(0.E0,0.E0,1.E0));
#466=DIRECTION('',(-7.396263713479E-1,-6.730177046756E-1,0.E0));
#467=AXIS2_PLACEMENT_3D('',#464,#465,#466);
#469=CURVE_STYLE('',#34,POSITIVE_LENGTH_MEASURE(2.E-2),#21);
#470=PRESENTATION_STYLE_ASSIGNMENT((#469));
#471=STYLED_ITEM('',(#470),#468);
#472=CARTESIAN_POINT('',(1.557919780508E0,-1.164176376398E1,0.E0));
#473=DIRECTION('',(0.E0,0.E0,1.E0));
#474=DIRECTION('',(-8.496478401732E-1,5.273504979509E-1,0.E0));
#475=AXIS2_PLACEMENT_3D('',#472,#473,#474);
#477=CURVE_STYLE('',#34,POSITIVE_LENGTH_MEASURE(2.E-2),#21);
#478=PRESENTATION_STYLE_ASSIGNMENT((#477));
#479=STYLED_ITEM('',(#478),#476);
#480=DIRECTION('',(7.483771906047E-1,-6.632733829898E-1,0.E0));
#481=VECTOR('',#480,5.8E-1);
#482=CARTESIAN_POINT('',(-7.002906886573E0,-7.464215976108E0,0.E0));
#483=LINE('',#482,#481);
#484=CURVE_STYLE('',#34,POSITIVE_LENGTH_MEASURE(2.E-2),#21);
#485=PRESENTATION_STYLE_ASSIGNMENT((#484));
#486=STYLED_ITEM('',(#485),#483);
#487=CARTESIAN_POINT('',(-1.174461000728E1,1.480316031730E-1,0.E0));
#488=DIRECTION('',(0.E0,0.E0,1.E0));
#489=DIRECTION('',(5.433450536060E-1,-8.395094714903E-1,0.E0));
#490=AXIS2_PLACEMENT_3D('',#487,#488,#489);
#492=CURVE_STYLE('',#34,POSITIVE_LENGTH_MEASURE(2.E-2),#21);
#493=PRESENTATION_STYLE_ASSIGNMENT((#492));
#494=STYLED_ITEM('',(#493),#491);
#495=CARTESIAN_POINT('',(0.E0,-2.025256353960E-3,0.E0));
#496=DIRECTION('',(0.E0,0.E0,1.E0));
#497=DIRECTION('',(-6.220835043196E-1,-7.829509011767E-1,0.E0));
#498=AXIS2_PLACEMENT_3D('',#495,#496,#497);
#500=CURVE_STYLE('',#34,POSITIVE_LENGTH_MEASURE(2.E-2),#21);
#501=PRESENTATION_STYLE_ASSIGNMENT((#500));
#502=STYLED_ITEM('',(#501),#499);
#503=CARTESIAN_POINT('',(3.405064446441E0,-1.124114378941E1,0.E0));
#504=DIRECTION('',(0.E0,0.E0,1.E0));
#505=DIRECTION('',(-9.232416058208E-1,3.842199074506E-1,0.E0));
#506=AXIS2_PLACEMENT_3D('',#503,#504,#505);
#508=CURVE_STYLE('',#34,POSITIVE_LENGTH_MEASURE(2.E-2),#21);
#509=PRESENTATION_STYLE_ASSIGNMENT((#508));
#510=STYLED_ITEM('',(#509),#507);
#511=DIRECTION('',(8.450752575721E-1,-5.346473688699E-1,0.E0));
#512=VECTOR('',#511,5.8E-1);
#513=CARTESIAN_POINT('',(-5.714990631309E0,-8.490824876538E0,0.E0));
#514=LINE('',#513,#512);
#515=CURVE_STYLE('',#34,POSITIVE_LENGTH_MEASURE(2.E-2),#21);
#516=PRESENTATION_STYLE_ASSIGNMENT((#515));
#517=STYLED_ITEM('',(#516),#514);
#518=CARTESIAN_POINT('',(-1.161628966203E1,-1.737697346039E0,0.E0));
#519=DIRECTION('',(0.E0,0.E0,1.E0));
#520=DIRECTION('',(6.709657126058E-1,-7.414883765154E-1,0.E0));
#521=AXIS2_PLACEMENT_3D('',#518,#519,#520);
#523=CURVE_STYLE('',#34,POSITIVE_LENGTH_MEASURE(2.E-2),#21);
#524=PRESENTATION_STYLE_ASSIGNMENT((#523));
#525=STYLED_ITEM('',(#524),#522);
#526=CARTESIAN_POINT('',(0.E0,-2.025256353960E-3,0.E0));
#527=DIRECTION('',(0.E0,0.E0,1.E0));
#528=DIRECTION('',(-4.884237219638E-1,-8.726065939603E-1,0.E0));
#529=AXIS2_PLACEMENT_3D('',#526,#527,#528);
#531=CURVE_STYLE('',#34,POSITIVE_LENGTH_MEASURE(2.E-2),#21);
#532=PRESENTATION_STYLE_ASSIGNMENT((#531));
#533=STYLED_ITEM('',(#532),#530);
#534=CARTESIAN_POINT('',(5.164034397627E0,-1.054943251170E1,0.E0));
#535=DIRECTION('',(0.E0,0.E0,1.E0));
#536=DIRECTION('',(-9.729201266275E-1,2.311415739392E-1,0.E0));
#537=AXIS2_PLACEMENT_3D('',#534,#535,#536);
#539=CURVE_STYLE('',#34,POSITIVE_LENGTH_MEASURE(2.E-2),#21);
#540=PRESENTATION_STYLE_ASSIGNMENT((#539));
#541=STYLED_ITEM('',(#540),#538);
#542=DIRECTION('',(9.198899590563E-1,-3.921765714922E-1,0.E0));
#543=VECTOR('',#542,5.8E-1);
#544=CARTESIAN_POINT('',(-4.279083735452E0,-9.297562443188E0,0.E0));
#545=LINE('',#544,#543);
#546=CURVE_STYLE('',#34,POSITIVE_LENGTH_MEASURE(2.E-2),#21);
#547=PRESENTATION_STYLE_ASSIGNMENT((#546));
#548=STYLED_ITEM('',(#547),#545);
#549=CARTESIAN_POINT('',(-1.118716354836E1,-3.578428331126E0,0.E0));
#550=DIRECTION('',(0.E0,0.E0,1.E0));
#551=DIRECTION('',(7.812116019811E-1,-6.242663157100E-1,0.E0));
#552=AXIS2_PLACEMENT_3D('',#549,#550,#551);
#554=CURVE_STYLE('',#34,POSITIVE_LENGTH_MEASURE(2.E-2),#21);
#555=PRESENTATION_STYLE_ASSIGNMENT((#554));
#556=STYLED_ITEM('',(#555),#553);
#557=CARTESIAN_POINT('',(0.E0,-2.025256353960E-3,0.E0));
#558=DIRECTION('',(0.E0,0.E0,1.E0));
#559=DIRECTION('',(-3.421086213412E-1,-9.396604127045E-1,0.E0));
#560=AXIS2_PLACEMENT_3D('',#557,#558,#559);
#562=CURVE_STYLE('',#34,POSITIVE_LENGTH_MEASURE(2.E-2),#21);
#563=PRESENTATION_STYLE_ASSIGNMENT((#562));
#564=STYLED_ITEM('',(#563),#561);
#565=CARTESIAN_POINT('',(6.789280812266E0,-9.584541910331E0,0.E0));
#566=DIRECTION('',(0.E0,0.E0,1.E0));
#567=DIRECTION('',(-9.973987444645E-1,7.208151316837E-2,0.E0));
#568=AXIS2_PLACEMENT_3D('',#565,#566,#567);
#570=CURVE_STYLE('',#34,POSITIVE_LENGTH_MEASURE(2.E-2),#21);
#571=PRESENTATION_STYLE_ASSIGNMENT((#570));
#572=STYLED_ITEM('',(#571),#569);
#573=DIRECTION('',(9.708839558187E-1,-2.395502960419E-1,0.E0));
#574=VECTOR('',#573,5.8E-1);
#575=CARTESIAN_POINT('',(-2.732369248819E0,-9.863538071509E0,0.E0));
#576=LINE('',#575,#574);
#577=CURVE_STYLE('',#34,POSITIVE_LENGTH_MEASURE(2.E-2),#21);
#578=PRESENTATION_STYLE_ASSIGNMENT((#577));
#579=STYLED_ITEM('',(#578),#576);
#580=CARTESIAN_POINT('',(-1.046834395892E1,-5.326495314607E0,0.E0));
#581=DIRECTION('',(0.E0,0.E0,1.E0));
#582=DIRECTION('',(8.712278859423E-1,-4.908787739926E-1,0.E0));
#583=AXIS2_PLACEMENT_3D('',#580,#581,#582);
#585=CURVE_STYLE('',#34,POSITIVE_LENGTH_MEASURE(2.E-2),#21);
#586=PRESENTATION_STYLE_ASSIGNMENT((#585));
#587=STYLED_ITEM('',(#586),#584);
#588=CARTESIAN_POINT('',(0.E0,-2.025256353960E-3,0.E0));
#589=DIRECTION('',(0.E0,0.E0,1.E0));
#590=DIRECTION('',(-1.869283494426E-1,-9.823735502214E-1,0.E0));
#591=AXIS2_PLACEMENT_3D('',#588,#589,#590);
#593=CURVE_STYLE('',#34,POSITIVE_LENGTH_MEASURE(2.E-2),#21);
#594=PRESENTATION_STYLE_ASSIGNMENT((#593));
#595=STYLED_ITEM('',(#594),#592);
#596=CARTESIAN_POINT('',(8.238717661957E0,-8.371457989219E0,0.E0));
#597=DIRECTION('',(0.E0,0.E0,1.E0));
#598=DIRECTION('',(-9.960459072940E-1,-8.884002793146E-2,0.E0));
#599=AXIS2_PLACEMENT_3D('',#596,#597,#598);
#601=CURVE_STYLE('',#34,POSITIVE_LENGTH_MEASURE(2.E-2),#21);
#602=PRESENTATION_STYLE_ASSIGNMENT((#601));
#603=STYLED_ITEM('',(#602),#600);
#604=DIRECTION('',(9.967367497633E-1,-8.072082551182E-2,0.E0));
#605=VECTOR('',#604,5.8E-1);
#606=CARTESIAN_POINT('',(-1.114899602368E0,-1.017409572771E1,0.E0));
#607=LINE('',#606,#605);
#608=CURVE_STYLE('',#34,POSITIVE_LENGTH_MEASURE(2.E-2),#21);
#609=PRESENTATION_STYLE_ASSIGNMENT((#608));
#610=STYLED_ITEM('',(#609),#607);
#611=CARTESIAN_POINT('',(-9.478444847498E0,-6.936631808857E0,0.E0));
#612=DIRECTION('',(0.E0,0.E0,1.E0));
#613=DIRECTION('',(9.386835777239E-1,-3.447798441201E-1,0.E0));
#614=AXIS2_PLACEMENT_3D('',#611,#612,#613);
#616=CURVE_STYLE('',#34,POSITIVE_LENGTH_MEASURE(2.E-2),#21);
#617=PRESENTATION_STYLE_ASSIGNMENT((#616));
#618=STYLED_ITEM('',(#617),#615);
#619=CARTESIAN_POINT('',(0.E0,-2.025256353960E-3,0.E0));
#620=DIRECTION('',(0.E0,0.E0,1.E0));
#621=DIRECTION('',(-2.690332374527E-2,-9.996380400782E-1,0.E0));
#622=AXIS2_PLACEMENT_3D('',#619,#620,#621);
#624=CURVE_STYLE('',#34,POSITIVE_LENGTH_MEASURE(2.E-2),#21);
#625=PRESENTATION_STYLE_ASSIGNMENT((#624));
#626=STYLED_ITEM('',(#625),#623);
#627=CARTESIAN_POINT('',(9.474811536457E0,-6.941593759888E0,0.E0));
#628=DIRECTION('',(0.E0,0.E0,1.E0));
#629=DIRECTION('',(-9.688992838228E-1,-2.474554056949E-1,0.E0));
#630=AXIS2_PLACEMENT_3D('',#627,#628,#629);
#632=CURVE_STYLE('',#34,POSITIVE_LENGTH_MEASURE(2.E-2),#21);
#633=PRESENTATION_STYLE_ASSIGNMENT((#632));
#634=STYLED_ITEM('',(#633),#631);
#635=DIRECTION('',(9.967788784562E-1,8.019892432886E-2,0.E0));
#636=VECTOR('',#635,5.8E-1);
#637=CARTESIAN_POINT('',(5.314405562134E-1,-1.022119346922E1,0.E0));
#638=LINE('',#637,#636);
#639=CURVE_STYLE('',#34,POSITIVE_LENGTH_MEASURE(2.E-2),#21);
#640=PRESENTATION_STYLE_ASSIGNMENT((#639));
#641=STYLED_ITEM('',(#640),#638);
#642=CARTESIAN_POINT('',(-8.243099817564E0,-8.367143059395E0,0.E0));
#643=DIRECTION('',(0.E0,0.E0,1.E0));
#644=DIRECTION('',(9.818319008772E-1,-1.897527823771E-1,0.E0));
#645=AXIS2_PLACEMENT_3D('',#642,#643,#644);
#647=CURVE_STYLE('',#34,POSITIVE_LENGTH_MEASURE(2.E-2),#21);
#648=PRESENTATION_STYLE_ASSIGNMENT((#647));
#649=STYLED_ITEM('',(#648),#646);
#650=CARTESIAN_POINT('',(0.E0,-2.025256353960E-3,0.E0));
#651=DIRECTION('',(0.E0,0.E0,1.E0));
#652=DIRECTION('',(1.338200827712E-1,-9.910056434991E-1,0.E0));
#653=AXIS2_PLACEMENT_3D('',#650,#651,#652);
#655=CURVE_STYLE('',#34,POSITIVE_LENGTH_MEASURE(2.E-2),#21);
#656=PRESENTATION_STYLE_ASSIGNMENT((#655));
#657=STYLED_ITEM('',(#656),#654);
#658=CARTESIAN_POINT('',(1.046555357764E1,-5.331975796292E0,0.E0));
#659=DIRECTION('',(0.E0,0.E0,1.E0));
#660=DIRECTION('',(-9.166645165938E-1,-3.996575584396E-1,0.E0));
#661=AXIS2_PLACEMENT_3D('',#658,#659,#660);
#663=CURVE_STYLE('',#34,POSITIVE_LENGTH_MEASURE(2.E-2),#21);
#664=PRESENTATION_STYLE_ASSIGNMENT((#663));
#665=STYLED_ITEM('',(#664),#662);
#666=DIRECTION('',(9.710092509680E-1,2.390419095776E-1,0.E0));
#667=VECTOR('',#666,5.8E-1);
#668=CARTESIAN_POINT('',(2.164018972489E0,-1.000361169212E1,0.E0));
#669=LINE('',#668,#667);
#670=CURVE_STYLE('',#34,POSITIVE_LENGTH_MEASURE(2.E-2),#21);
#671=PRESENTATION_STYLE_ASSIGNMENT((#670));
#672=STYLED_ITEM('',(#671),#669);
#673=CARTESIAN_POINT('',(-6.794298335786E0,-9.580985737545E0,0.E0));
#674=DIRECTION('',(0.E0,0.E0,1.E0));
#675=DIRECTION('',(9.995555223398E-1,-2.981204051976E-2,0.E0));
#676=AXIS2_PLACEMENT_3D('',#673,#674,#675);
#678=CURVE_STYLE('',#34,POSITIVE_LENGTH_MEASURE(2.E-2),#21);
#679=PRESENTATION_STYLE_ASSIGNMENT((#678));
#680=STYLED_ITEM('',(#679),#677);
#681=CARTESIAN_POINT('',(0.E0,-2.025256353960E-3,0.E0));
#682=DIRECTION('',(0.E0,0.E0,1.E0));
#683=DIRECTION('',(2.910771697475E-1,-9.566995773239E-1,0.E0));
#684=AXIS2_PLACEMENT_3D('',#681,#682,#683);
#686=CURVE_STYLE('',#34,POSITIVE_LENGTH_MEASURE(2.E-2),#21);
#687=PRESENTATION_STYLE_ASSIGNMENT((#686));
#688=STYLED_ITEM('',(#687),#685);
#689=CARTESIAN_POINT('',(1.118528835424E1,-3.584285425472E0,0.E0));
#690=DIRECTION('',(0.E0,0.E0,1.E0));
#691=DIRECTION('',(-8.406966737692E-1,-5.415063274916E-1,0.E0));
#692=AXIS2_PLACEMENT_3D('',#689,#690,#691);
#694=CURVE_STYLE('',#34,POSITIVE_LENGTH_MEASURE(2.E-2),#21);
#695=PRESENTATION_STYLE_ASSIGNMENT((#694));
#696=STYLED_ITEM('',(#695),#693);
#697=DIRECTION('',(9.200951761231E-1,3.916948644992E-1,0.E0));
#698=VECTOR('',#697,5.8E-1);
#699=CARTESIAN_POINT('',(3.740559754644E0,-9.526984713010E0,0.E0));
#700=LINE('',#699,#698);
#701=CURVE_STYLE('',#34,POSITIVE_LENGTH_MEASURE(2.E-2),#21);
#702=PRESENTATION_STYLE_ASSIGNMENT((#701));
#703=STYLED_ITEM('',(#702),#700);
#704=CARTESIAN_POINT('',(-5.169557359447E0,-1.054672718364E1,0.E0));
#705=DIRECTION('',(0.E0,0.E0,1.E0));
#706=DIRECTION('',(9.913954859624E-1,1.309006891252E-1,0.E0));
#707=AXIS2_PLACEMENT_3D('',#704,#705,#706);
#709=CURVE_STYLE('',#34,POSITIVE_LENGTH_MEASURE(2.E-2),#21);
#710=PRESENTATION_STYLE_ASSIGNMENT((#709));
#711=STYLED_ITEM('',(#710),#708);
#712=CARTESIAN_POINT('',(0.E0,-2.025256353960E-3,0.E0));
#713=DIRECTION('',(0.E0,0.E0,1.E0));
#714=DIRECTION('',(4.407930371954E-1,-8.976087668690E-1,0.E0));
#715=AXIS2_PLACEMENT_3D('',#712,#713,#714);
#717=CURVE_STYLE('',#34,POSITIVE_LENGTH_MEASURE(2.E-2),#21);
#718=PRESENTATION_STYLE_ASSIGNMENT((#717));
#719=STYLED_ITEM('',(#718),#716);
#720=CARTESIAN_POINT('',(1.161537821354E1,-1.743779382605E0,0.E0));
#721=DIRECTION('',(0.E0,0.E0,1.E0));
#722=DIRECTION('',(-7.429649082838E-1,-6.693303706384E-1,0.E0));
#723=AXIS2_PLACEMENT_3D('',#720,#721,#722);
#725=CURVE_STYLE('',#34,POSITIVE_LENGTH_MEASURE(2.E-2),#21);
#726=PRESENTATION_STYLE_ASSIGNMENT((#725));
#727=STYLED_ITEM('',(#726),#724);
#728=DIRECTION('',(8.453550824259E-1,5.342048152316E-1,0.E0));
#729=VECTOR('',#728,5.8E-1);
#730=CARTESIAN_POINT('',(5.220238114798E0,-8.803654867429E0,0.E0));
#731=LINE('',#730,#729);
#732=CURVE_STYLE('',#34,POSITIVE_LENGTH_MEASURE(2.E-2),#21);
#733=PRESENTATION_STYLE_ASSIGNMENT((#732));
#734=STYLED_ITEM('',(#733),#731);
#735=CARTESIAN_POINT('',(-3.410949828537E0,-1.123935936101E1,0.E0));
#736=DIRECTION('',(0.E0,0.E0,1.E0));
#737=DIRECTION('',(9.575630972550E-1,2.882237234780E-1,0.E0));
#738=AXIS2_PLACEMENT_3D('',#735,#736,#737);
#740=CURVE_STYLE('',#34,POSITIVE_LENGTH_MEASURE(2.E-2),#21);
#741=PRESENTATION_STYLE_ASSIGNMENT((#740));
#742=STYLED_ITEM('',(#741),#739);
#743=CARTESIAN_POINT('',(0.E0,-2.025256353960E-3,0.E0));
#744=DIRECTION('',(0.E0,0.E0,1.E0));
#745=DIRECTION('',(5.790883838372E-1,-8.152647690811E-1,0.E0));
#746=AXIS2_PLACEMENT_3D('',#743,#744,#745);
#748=CURVE_STYLE('',#34,POSITIVE_LENGTH_MEASURE(2.E-2),#21);
#749=PRESENTATION_STYLE_ASSIGNMENT((#748));
#750=STYLED_ITEM('',(#749),#747);
#751=CARTESIAN_POINT('',(1.174468590652E1,1.418821197422E-1,0.E0));
#752=DIRECTION('',(0.E0,0.E0,1.E0));
#753=DIRECTION('',(-6.260012653716E-1,-7.798220410793E-1,0.E0));
#754=AXIS2_PLACEMENT_3D('',#751,#752,#753);
#756=CURVE_STYLE('',#34,POSITIVE_LENGTH_MEASURE(2.E-2),#21);
#757=PRESENTATION_STYLE_ASSIGNMENT((#756));
#758=STYLED_ITEM('',(#757),#755);
#759=DIRECTION('',(7.487243771341E-1,6.628814427069E-1,0.E0));
#760=VECTOR('',#759,5.8E-1);
#761=CARTESIAN_POINT('',(6.564737533725E0,-7.852352903004E0,0.E0));
#762=LINE('',#761,#760);
#763=CURVE_STYLE('',#34,POSITIVE_LENGTH_MEASURE(2.E-2),#21);
#764=PRESENTATION_STYLE_ASSIGNMENT((#763));
#765=STYLED_ITEM('',(#764),#762);
#766=CARTESIAN_POINT('',(-1.564015179926E0,-1.164094644330E1,0.E0));
#767=DIRECTION('',(0.E0,0.E0,1.E0));
#768=DIRECTION('',(8.989344515956E-1,4.380831561866E-1,0.E0));
#769=AXIS2_PLACEMENT_3D('',#766,#767,#768);
#771=CURVE_STYLE('',#34,POSITIVE_LENGTH_MEASURE(2.E-2),#21);
#772=PRESENTATION_STYLE_ASSIGNMENT((#771));
#773=STYLED_ITEM('',(#772),#770);
#774=CARTESIAN_POINT('',(0.E0,-2.025256353960E-3,0.E0));
#775=DIRECTION('',(0.E0,0.E0,1.E0));
#776=DIRECTION('',(7.023802077184E-1,-7.118019695150E-1,0.E0));
#777=AXIS2_PLACEMENT_3D('',#774,#775,#776);
#779=CURVE_STYLE('',#34,POSITIVE_LENGTH_MEASURE(2.E-2),#21);
#780=PRESENTATION_STYLE_ASSIGNMENT((#779));
#781=STYLED_ITEM('',(#780),#778);
#782=CARTESIAN_POINT('',(1.156986298880E1,2.023869560810E0,0.E0));
#783=DIRECTION('',(0.E0,0.E0,1.E0));
#784=DIRECTION('',(-4.928349847726E-1,-8.701227946584E-1,0.E0));
#785=AXIS2_PLACEMENT_3D('',#782,#783,#784);
#787=CURVE_STYLE('',#34,POSITIVE_LENGTH_MEASURE(2.E-2),#21);
#788=PRESENTATION_STYLE_ASSIGNMENT((#787));
#789=STYLED_ITEM('',(#788),#786);
#790=DIRECTION('',(6.327053285625E-1,7.743926440822E-1,0.E0));
#791=VECTOR('',#790,5.8E-1);
#792=CARTESIAN_POINT('',(7.739241973548E0,-6.697712943601E0,0.E0));
#793=LINE('',#792,#791);
#794=CURVE_STYLE('',#34,POSITIVE_LENGTH_MEASURE(2.E-2),#21);
#795=PRESENTATION_STYLE_ASSIGNMENT((#794));
#796=STYLED_ITEM('',(#795),#793);
#797=CARTESIAN_POINT('',(3.234199039979E-1,-1.174108926567E1,0.E0));
#798=DIRECTION('',(0.E0,0.E0,1.E0));
#799=DIRECTION('',(8.170277475937E-1,5.765983521153E-1,0.E0));
#800=AXIS2_PLACEMENT_3D('',#797,#798,#799);
#802=CURVE_STYLE('',#34,POSITIVE_LENGTH_MEASURE(2.E-2),#21);
#803=PRESENTATION_STYLE_ASSIGNMENT((#802));
#804=STYLED_ITEM('',(#803),#801);
#805=CARTESIAN_POINT('',(0.E0,-2.025256353960E-3,0.E0));
#806=DIRECTION('',(0.E0,0.E0,1.E0));
#807=DIRECTION('',(8.074747761422E-1,-5.899020985673E-1,0.E0));
#808=AXIS2_PLACEMENT_3D('',#805,#806,#807);
#810=CURVE_STYLE('',#34,POSITIVE_LENGTH_MEASURE(2.E-2),#21);
#811=PRESENTATION_STYLE_ASSIGNMENT((#810));
#812=STYLED_ITEM('',(#811),#809);
#813=CARTESIAN_POINT('',(1.109543652913E1,3.853448560272E0,0.E0));
#814=DIRECTION('',(0.E0,0.E0,1.E0));
#815=DIRECTION('',(-3.469140122337E-1,-9.378969389629E-1,0.E0));
#816=AXIS2_PLACEMENT_3D('',#813,#814,#815);
#818=CURVE_STYLE('',#34,POSITIVE_LENGTH_MEASURE(2.E-2),#21);
#819=PRESENTATION_STYLE_ASSIGNMENT((#818));
#820=STYLED_ITEM('',(#819),#817);
#821=DIRECTION('',(5.003022694262E-1,8.658508181015E-1,0.E0));
#822=VECTOR('',#821,5.8E-1);
#823=CARTESIAN_POINT('',(8.713337444877E0,-5.369634584560E0,0.E0));
#824=LINE('',#823,#822);
#825=CURVE_STYLE('',#34,POSITIVE_LENGTH_MEASURE(2.E-2),#21);
#826=PRESENTATION_STYLE_ASSIGNMENT((#825));
#827=STYLED_ITEM('',(#826),#824);
#828=CARTESIAN_POINT('',(2.202479975282E0,-1.153719461295E1,0.E0));
#829=DIRECTION('',(0.E0,0.E0,1.E0));
#830=DIRECTION('',(7.139639730819E-1,7.001824370413E-1,0.E0));
#831=AXIS2_PLACEMENT_3D('',#828,#829,#830);
#833=CURVE_STYLE('',#34,POSITIVE_LENGTH_MEASURE(2.E-2),#21);
#834=PRESENTATION_STYLE_ASSIGNMENT((#833));
#835=STYLED_ITEM('',(#834),#832);
#836=CARTESIAN_POINT('',(0.E0,-2.025256353960E-3,0.E0));
#837=DIRECTION('',(0.E0,0.E0,1.E0));
#838=DIRECTION('',(8.916504381299E-1,-4.527245257138E-1,0.E0));
#839=AXIS2_PLACEMENT_3D('',#836,#837,#838);
#841=CURVE_STYLE('',#34,POSITIVE_LENGTH_MEASURE(2.E-2),#21);
#842=PRESENTATION_STYLE_ASSIGNMENT((#841));
#843=STYLED_ITEM('',(#842),#840);
#844=CARTESIAN_POINT('',(1.033369188025E1,5.583241863183E0,0.E0));
#845=DIRECTION('',(0.E0,0.E0,1.E0));
#846=DIRECTION('',(-1.920157574650E-1,-9.813918426832E-1,0.E0));
#847=AXIS2_PLACEMENT_3D('',#844,#845,#846);
#849=CURVE_STYLE('',#34,POSITIVE_LENGTH_MEASURE(2.E-2),#21);
#850=PRESENTATION_STYLE_ASSIGNMENT((#849));
#851=STYLED_ITEM('',(#850),#848);
#852=DIRECTION('',(3.549437991405E-1,9.348876400144E-1,0.E0));
#853=VECTOR('',#852,5.8E-1);
#854=CARTESIAN_POINT('',(9.461799582161E0,-3.902508637661E0,0.E0));
#855=LINE('',#854,#853);
#856=CURVE_STYLE('',#34,POSITIVE_LENGTH_MEASURE(2.E-2),#21);
#857=PRESENTATION_STYLE_ASSIGNMENT((#856));
#858=STYLED_ITEM('',(#857),#855);
#859=CARTESIAN_POINT('',(4.024506458331E0,-1.103454237137E1,0.E0));
#860=DIRECTION('',(0.E0,0.E0,1.E0));
#861=DIRECTION('',(5.924119817814E-1,8.056351803650E-1,0.E0));
#862=AXIS2_PLACEMENT_3D('',#859,#860,#861);
#864=CURVE_STYLE('',#34,POSITIVE_LENGTH_MEASURE(2.E-2),#21);
#865=PRESENTATION_STYLE_ASSIGNMENT((#864));
#866=STYLED_ITEM('',(#865),#863);
#867=CARTESIAN_POINT('',(0.E0,-2.025256353960E-3,0.E0));
#868=DIRECTION('',(0.E0,0.E0,1.E0));
#869=DIRECTION('',(9.527281236051E-1,-3.038241637723E-1,0.E0));
#870=AXIS2_PLACEMENT_3D('',#867,#868,#869);
#872=CURVE_STYLE('',#34,POSITIVE_LENGTH_MEASURE(2.E-2),#21);
#873=PRESENTATION_STYLE_ASSIGNMENT((#872));
#874=STYLED_ITEM('',(#873),#871);
#875=CARTESIAN_POINT('',(9.304354547539E0,7.168456181940E0,0.E0));
#876=DIRECTION('',(0.E0,0.E0,1.E0));
#877=DIRECTION('',(-3.214940502278E-2,-9.994830742722E-1,0.E0));
#878=AXIS2_PLACEMENT_3D('',#875,#876,#877);
#880=CURVE_STYLE('',#34,POSITIVE_LENGTH_MEASURE(2.E-2),#21);
#881=PRESENTATION_STYLE_ASSIGNMENT((#880));
#882=STYLED_ITEM('',(#881),#879);
#883=DIRECTION('',(2.003939996650E-1,9.797153897425E-1,0.E0));
#884=VECTOR('',#883,5.8E-1);
#885=CARTESIAN_POINT('',(9.965246832866E0,-2.334326575280E0,0.E0));
#886=LINE('',#885,#884);
#887=CURVE_STYLE('',#34,POSITIVE_LENGTH_MEASURE(2.E-2),#21);
#888=PRESENTATION_STYLE_ASSIGNMENT((#887));
#889=STYLED_ITEM('',(#888),#886);
#890=CARTESIAN_POINT('',(5.742317671877E0,-1.024614880499E1,0.E0));
#891=DIRECTION('',(0.E0,0.E0,1.E0));
#892=DIRECTION('',(4.555193828868E-1,8.902258656175E-1,0.E0));
#893=AXIS2_PLACEMENT_3D('',#890,#891,#892);
#895=CURVE_STYLE('',#34,POSITIVE_LENGTH_MEASURE(2.E-2),#21);
#896=PRESENTATION_STYLE_ASSIGNMENT((#895));
#897=STYLED_ITEM('',(#896),#894);
#898=CARTESIAN_POINT('',(0.E0,-2.025256353960E-3,0.E0));
#899=DIRECTION('',(0.E0,0.E0,1.E0));
#900=DIRECTION('',(9.891277014892E-1,-1.470591382632E-1,0.E0));
#901=AXIS2_PLACEMENT_3D('',#898,#899,#900);
#903=CURVE_STYLE('',#34,POSITIVE_LENGTH_MEASURE(2.E-2),#21);
#904=PRESENTATION_STYLE_ASSIGNMENT((#903));
#905=STYLED_ITEM('',(#904),#902);
#906=CARTESIAN_POINT('',(8.034079393820E0,8.568042125976E0,0.E0));
#907=DIRECTION('',(0.E0,0.E0,1.E0));
#908=DIRECTION('',(1.285477053531E-1,-9.917033263272E-1,0.E0));
#909=AXIS2_PLACEMENT_3D('',#906,#907,#908);
#911=CURVE_STYLE('',#34,POSITIVE_LENGTH_MEASURE(2.E-2),#21);
#912=PRESENTATION_STYLE_ASSIGNMENT((#911));
#913=STYLED_ITEM('',(#912),#910);
#914=DIRECTION('',(4.065496396934E-2,9.991732451906E-1,0.E0));
#915=VECTOR('',#914,5.8E-1);
#916=CARTESIAN_POINT('',(1.021064234602E1,-7.056967348510E-1,0.E0));
#917=LINE('',#916,#915);
#918=CURVE_STYLE('',#34,POSITIVE_LENGTH_MEASURE(2.E-2),#21);
#919=PRESENTATION_STYLE_ASSIGNMENT((#918));
#920=STYLED_ITEM('',(#919),#917);
#921=CARTESIAN_POINT('',(7.311430606533E0,-9.192429497394E0,0.E0));
#922=DIRECTION('',(0.E0,0.E0,1.E0));
#923=DIRECTION('',(3.068310331983E-1,9.517640028213E-1,0.E0));
#924=AXIS2_PLACEMENT_3D('',#921,#922,#923);
#926=CURVE_STYLE('',#34,POSITIVE_LENGTH_MEASURE(2.E-2),#21);
#927=PRESENTATION_STYLE_ASSIGNMENT((#926));
#928=STYLED_ITEM('',(#927),#925);
#929=CARTESIAN_POINT('',(0.E0,-2.025256353960E-3,0.E0));
#930=DIRECTION('',(0.E0,0.E0,1.E0));
#931=DIRECTION('',(9.999087444483E-1,1.350935882551E-2,0.E0));
#932=AXIS2_PLACEMENT_3D('',#929,#930,#931);
#934=CURVE_STYLE('',#34,POSITIVE_LENGTH_MEASURE(2.E-2),#21);
#935=PRESENTATION_STYLE_ASSIGNMENT((#934));
#936=STYLED_ITEM('',(#935),#933);
#937=CARTESIAN_POINT('',(6.555760407175E0,9.745757182611E0,0.E0));
#938=DIRECTION('',(0.E0,0.E0,1.E0));
#939=DIRECTION('',(2.859169661732E-1,-9.582543965223E-1,0.E0));
#940=AXIS2_PLACEMENT_3D('',#937,#938,#939);
#942=CURVE_STYLE('',#34,POSITIVE_LENGTH_MEASURE(2.E-2),#21);
#943=PRESENTATION_STYLE_ASSIGNMENT((#942));
#944=STYLED_ITEM('',(#943),#941);
#945=DIRECTION('',(-1.201368388346E-1,9.927573419294E-1,0.E0));
#946=VECTOR('',#945,5.8E-1);
#947=CARTESIAN_POINT('',(1.019163156368E1,9.412072408468E-1,0.E0));
#948=LINE('',#947,#946);
#949=CURVE_STYLE('',#34,POSITIVE_LENGTH_MEASURE(2.E-2),#21);
#950=PRESENTATION_STYLE_ASSIGNMENT((#949));
#951=STYLED_ITEM('',(#950),#948);
#952=CARTESIAN_POINT('',(8.691212819772E0,-7.900670686729E0,0.E0));
#953=DIRECTION('',(0.E0,0.E0,1.E0));
#954=DIRECTION('',(1.501972424607E-1,9.886560515959E-1,0.E0));
#955=AXIS2_PLACEMENT_3D('',#952,#953,#954);
#957=CURVE_STYLE('',#34,POSITIVE_LENGTH_MEASURE(2.E-2),#21);
#958=PRESENTATION_STYLE_ASSIGNMENT((#957));
#959=STYLED_ITEM('',(#958),#956);
#960=CARTESIAN_POINT('',(0.E0,-2.025256353960E-3,0.E0));
#961=DIRECTION('',(0.E0,0.E0,1.E0));
#962=DIRECTION('',(9.847946604520E-1,1.737224129039E-1,0.E0));
#963=AXIS2_PLACEMENT_3D('',#960,#961,#962);
#965=CURVE_STYLE('',#34,POSITIVE_LENGTH_MEASURE(2.E-2),#21);
#966=PRESENTATION_STYLE_ASSIGNMENT((#965));
#967=STYLED_ITEM('',(#966),#964);
#968=CARTESIAN_POINT('',(4.907678905624E0,1.067110422299E1,0.E0));
#969=DIRECTION('',(0.E0,0.E0,1.E0));
#970=DIRECTION('',(4.358859152266E-1,-9.000019271685E-1,0.E0));
#971=AXIS2_PLACEMENT_3D('',#968,#969,#970);
#973=CURVE_STYLE('',#34,POSITIVE_LENGTH_MEASURE(2.E-2),#21);
#974=PRESENTATION_STYLE_ASSIGNMENT((#973));
#975=STYLED_ITEM('',(#974),#972);
#976=DIRECTION('',(-2.778176780544E-1,9.606338208498E-1,0.E0));
#977=VECTOR('',#976,5.8E-1);
#978=CARTESIAN_POINT('',(9.908706773227E0,2.563738497237E0,0.E0));
#979=LINE('',#978,#977);
#980=CURVE_STYLE('',#34,POSITIVE_LENGTH_MEASURE(2.E-2),#21);
#981=PRESENTATION_STYLE_ASSIGNMENT((#980));
#982=STYLED_ITEM('',(#981),#979);
#983=CARTESIAN_POINT('',(9.845934619842E0,-6.404322683977E0,0.E0));
#984=DIRECTION('',(0.E0,0.E0,1.E0));
#985=DIRECTION('',(-1.032593105304E-2,9.999466861528E-1,0.E0));
#986=AXIS2_PLACEMENT_3D('',#983,#984,#985);
#988=CURVE_STYLE('',#34,POSITIVE_LENGTH_MEASURE(2.E-2),#21);
#989=PRESENTATION_STYLE_ASSIGNMENT((#988));
#990=STYLED_ITEM('',(#989),#987);
#991=CARTESIAN_POINT('',(0.E0,-2.025256353960E-3,0.E0));
#992=DIRECTION('',(0.E0,0.E0,1.E0));
#993=DIRECTION('',(9.441795890250E-1,3.294311819920E-1,0.E0));
#994=AXIS2_PLACEMENT_3D('',#991,#992,#993);
#996=CURVE_STYLE('',#34,POSITIVE_LENGTH_MEASURE(2.E-2),#21);
#997=PRESENTATION_STYLE_ASSIGNMENT((#996));
#998=STYLED_ITEM('',(#997),#995);
#999=CARTESIAN_POINT('',(3.132512235973E0,1.132012123037E1,0.E0));
#1000=DIRECTION('',(0.E0,0.E0,1.E0));
#1001=DIRECTION('',(5.745734209876E-1,-8.184530431824E-1,0.E0));
#1002=AXIS2_PLACEMENT_3D('',#999,#1000,#1001);
#1004=CURVE_STYLE('',#34,POSITIVE_LENGTH_MEASURE(2.E-2),#21);
#1005=PRESENTATION_STYLE_ASSIGNMENT((#1004));
#1006=STYLED_ITEM('',(#1005),#1003);
#1007=DIRECTION('',(-4.283043819211E-1,9.036345259159E-1,0.E0));
#1008=VECTOR('',#1007,5.8E-1);
#1009=CARTESIAN_POINT('',(9.369194359552E0,4.119881315395E0,0.E0));
#1010=LINE('',#1009,#1008);
#1011=CURVE_STYLE('',#34,POSITIVE_LENGTH_MEASURE(2.E-2),#21);
#1012=PRESENTATION_STYLE_ASSIGNMENT((#1011));
#1013=STYLED_ITEM('',(#1012),#1010);
#1014=CARTESIAN_POINT('',(1.074569429213E1,-4.742133671550E0,0.E0));
#1015=DIRECTION('',(0.E0,0.E0,1.E0));
#1016=DIRECTION('',(-1.705817128509E-1,9.853435336170E-1,0.E0));
#1017=AXIS2_PLACEMENT_3D('',#1014,#1015,#1016);
#1019=CURVE_STYLE('',#34,POSITIVE_LENGTH_MEASURE(2.E-2),#21);
#1020=PRESENTATION_STYLE_ASSIGNMENT((#1019));
#1021=STYLED_ITEM('',(#1020),#1018);
#1022=CARTESIAN_POINT('',(0.E0,-2.025256353960E-3,0.E0));
#1023=DIRECTION('',(0.E0,0.E0,1.E0));
#1024=DIRECTION('',(8.791179110300E-1,4.766043416780E-1,0.E0));
#1025=AXIS2_PLACEMENT_3D('',#1022,#1023,#1024);
#1027=CURVE_STYLE('',#34,POSITIVE_LENGTH_MEASURE(2.E-2),#21);
#1028=PRESENTATION_STYLE_ASSIGNMENT((#1027));
#1029=STYLED_ITEM('',(#1028),#1026);
#1030=CARTESIAN_POINT('',(1.276228636762E0,1.167600180051E1,0.E0));
#1031=DIRECTION('',(0.E0,0.E0,1.E0));
#1032=DIRECTION('',(6.983899445397E-1,-7.157174619680E-1,0.E0));
#1033=AXIS2_PLACEMENT_3D('',#1030,#1031,#1032);
#1035=CURVE_STYLE('',#34,POSITIVE_LENGTH_MEASURE(2.E-2),#21);
#1036=PRESENTATION_STYLE_ASSIGNMENT((#1035));
#1037=STYLED_ITEM('',(#1036),#1034);
#1038=DIRECTION('',(-5.677000720068E-1,8.232354634267E-1,0.E0));
#1039=VECTOR('',#1038,5.8E-1);
#1040=CARTESIAN_POINT('',(8.587065087064E0,5.569339116137E0,0.E0));
#1041=LINE('',#1040,#1039);
#1042=CURVE_STYLE('',#34,POSITIVE_LENGTH_MEASURE(2.E-2),#21);
#1043=PRESENTATION_STYLE_ASSIGNMENT((#1042));
#1044=STYLED_ITEM('',(#1043),#1041);
#1045=CARTESIAN_POINT('',(1.136719240906E1,-2.957146312616E0,0.E0));
#1046=DIRECTION('',(0.E0,0.E0,1.E0));
#1047=DIRECTION('',(-3.264202525941E-1,9.452247450720E-1,0.E0));
#1048=AXIS2_PLACEMENT_3D('',#1045,#1046,#1047);
#1050=CURVE_STYLE('',#34,POSITIVE_LENGTH_MEASURE(2.E-2),#21);
#1051=PRESENTATION_STYLE_ASSIGNMENT((#1050));
#1052=STYLED_ITEM('',(#1051),#1049);
#1053=CARTESIAN_POINT('',(0.E0,-2.025256353960E-3,0.E0));
#1054=DIRECTION('',(0.E0,0.E0,1.E0));
#1055=DIRECTION('',(7.912966728710E-1,6.114323965110E-1,0.E0));
#1056=AXIS2_PLACEMENT_3D('',#1053,#1054,#1055);
#1058=CURVE_STYLE('',#34,POSITIVE_LENGTH_MEASURE(2.E-2),#21);
#1059=PRESENTATION_STYLE_ASSIGNMENT((#1058));
#1060=STYLED_ITEM('',(#1059),#1057);
#1061=CARTESIAN_POINT('',(-6.131031169739E-1,1.172953034638E1,0.E0));
#1062=DIRECTION('',(0.E0,0.E0,1.E0));
#1063=DIRECTION('',(8.041303064490E-1,-5.944530681645E-1,0.E0));
#1064=AXIS2_PLACEMENT_3D('',#1061,#1062,#1063);
#1066=CURVE_STYLE('',#34,POSITIVE_LENGTH_MEASURE(2.E-2),#21);
#1067=PRESENTATION_STYLE_ASSIGNMENT((#1066));
#1068=STYLED_ITEM('',(#1067),#1065);
#1069=DIRECTION('',(-6.923950735453E-1,7.215185805855E-1,0.E0));
#1070=VECTOR('',#1069,5.8E-1);
#1071=CARTESIAN_POINT('',(7.582572324408E0,6.874577946691E0,0.E0));
#1072=LINE('',#1071,#1070);
#1073=CURVE_STYLE('',#34,POSITIVE_LENGTH_MEASURE(2.E-2),#21);
#1074=PRESENTATION_STYLE_ASSIGNMENT((#1073));
#1075=STYLED_ITEM('',(#1074),#1072);
#1076=CARTESIAN_POINT('',(1.169433517269E1,-1.095583154111E0,0.E0));
#1077=DIRECTION('',(0.E0,0.E0,1.E0));
#1078=DIRECTION('',(-4.738060851675E-1,8.806292032735E-1,0.E0));
#1079=AXIS2_PLACEMENT_3D('',#1076,#1077,#1078);
#1081=CURVE_STYLE('',#34,POSITIVE_LENGTH_MEASURE(2.E-2),#21);
#1082=PRESENTATION_STYLE_ASSIGNMENT((#1081));
#1083=STYLED_ITEM('',(#1082),#1080);
#1084=CARTESIAN_POINT('',(0.E0,-2.025256353960E-3,0.E0));
#1085=DIRECTION('',(0.E0,0.E0,1.E0));
#1086=DIRECTION('',(6.829916672415E-1,7.304261649740E-1,0.E0));
#1087=AXIS2_PLACEMENT_3D('',#1084,#1085,#1086);
#1089=CURVE_STYLE('',#34,POSITIVE_LENGTH_MEASURE(2.E-2),#21);
#1090=PRESENTATION_STYLE_ASSIGNMENT((#1089));
#1091=STYLED_ITEM('',(#1090),#1088);
#1092=CARTESIAN_POINT('',(-2.486558462701E0,1.147932073732E1,0.E0));
#1093=DIRECTION('',(0.E0,0.E0,1.E0));
#1094=DIRECTION('',(8.890565753674E-1,-4.577973414034E-1,0.E0));
#1095=AXIS2_PLACEMENT_3D('',#1092,#1093,#1094);
#1097=CURVE_STYLE('',#34,POSITIVE_LENGTH_MEASURE(2.E-2),#21);
#1098=PRESENTATION_STYLE_ASSIGNMENT((#1097));
#1099=STYLED_ITEM('',(#1098),#1096);
#1100=DIRECTION('',(-7.991603885649E-1,6.011178531277E-1,0.E0));
#1101=VECTOR('',#1100,5.8E-1);
#1102=CARTESIAN_POINT('',(6.381727580090E0,8.001798428699E0,0.E0));
#1103=LINE('',#1102,#1101);
#1104=CURVE_STYLE('',#34,POSITIVE_LENGTH_MEASURE(2.E-2),#21);
#1105=PRESENTATION_STYLE_ASSIGNMENT((#1104));
#1106=STYLED_ITEM('',(#1105),#1103);
#1107=CARTESIAN_POINT('',(1.171865116631E1,7.943503138592E-1,0.E0));
#1108=DIRECTION('',(0.E0,0.E0,1.E0));
#1109=DIRECTION('',(-6.089226297256E-1,7.932296206069E-1,0.E0));
#1110=AXIS2_PLACEMENT_3D('',#1107,#1108,#1109);
#1112=CURVE_STYLE('',#34,POSITIVE_LENGTH_MEASURE(2.E-2),#21);
#1113=PRESENTATION_STYLE_ASSIGNMENT((#1112));
#1114=STYLED_ITEM('',(#1113),#1111);
#1115=CARTESIAN_POINT('',(0.E0,-2.025256353960E-3,0.E0));
#1116=DIRECTION('',(0.E0,0.E0,1.E0));
#1117=DIRECTION('',(5.570083316779E-1,8.305069045116E-1,0.E0));
#1118=AXIS2_PLACEMENT_3D('',#1115,#1116,#1117);
#1120=CURVE_STYLE('',#34,POSITIVE_LENGTH_MEASURE(2.E-2),#21);
#1121=PRESENTATION_STYLE_ASSIGNMENT((#1120));
#1122=STYLED_ITEM('',(#1121),#1119);
#1123=CARTESIAN_POINT('',(-4.295623960131E0,1.093185219310E1,0.E0));
#1124=DIRECTION('',(0.E0,0.E0,1.E0));
#1125=DIRECTION('',(9.509689432586E-1,-3.092863866349E-1,0.E0));
#1126=AXIS2_PLACEMENT_3D('',#1123,#1124,#1125);
#1128=CURVE_STYLE('',#34,POSITIVE_LENGTH_MEASURE(2.E-2),#21);
#1129=PRESENTATION_STYLE_ASSIGNMENT((#1128));
#1130=STYLED_ITEM('',(#1129),#1127);
#1131=DIRECTION('',(-8.852313113325E-1,4.651510780775E-1,0.E0));
#1132=VECTOR('',#1131,5.8E-1);
#1133=CARTESIAN_POINT('',(5.015626930102E0,8.921810998785E0,0.E0));
#1134=LINE('',#1133,#1132);
#1135=CURVE_STYLE('',#34,POSITIVE_LENGTH_MEASURE(2.E-2),#21);
#1136=PRESENTATION_STYLE_ASSIGNMENT((#1135));
#1137=STYLED_ITEM('',(#1136),#1134);
#1138=CARTESIAN_POINT('',(1.143951072318E1,2.663713947269E0,0.E0));
#1139=DIRECTION('',(0.E0,0.E0,1.E0));
#1140=DIRECTION('',(-7.282710206927E-1,6.852892239188E-1,0.E0));
#1141=AXIS2_PLACEMENT_3D('',#1138,#1139,#1140);
#1143=CURVE_STYLE('',#34,POSITIVE_LENGTH_MEASURE(2.E-2),#21);
#1144=PRESENTATION_STYLE_ASSIGNMENT((#1143));
#1145=STYLED_ITEM('',(#1144),#1142);
#1146=CARTESIAN_POINT('',(0.E0,-2.025256353960E-3,0.E0));
#1147=DIRECTION('',(0.E0,0.E0,1.E0));
#1148=DIRECTION('',(4.166090127766E-1,9.090857662912E-1,0.E0));
#1149=AXIS2_PLACEMENT_3D('',#1146,#1147,#1148);
#1151=CURVE_STYLE('',#34,POSITIVE_LENGTH_MEASURE(2.E-2),#21);
#1152=PRESENTATION_STYLE_ASSIGNMENT((#1151));
#1153=STYLED_ITEM('',(#1152),#1150);
#1154=CARTESIAN_POINT('',(-5.993453554894E0,1.010130150347E1,0.E0));
#1155=DIRECTION('',(0.E0,0.E0,1.E0));
#1156=DIRECTION('',(9.882627543840E-1,-1.527636353892E-1,0.E0));
#1157=AXIS2_PLACEMENT_3D('',#1154,#1155,#1156);
#1159=CURVE_STYLE('',#34,POSITIVE_LENGTH_MEASURE(2.E-2),#21);
#1160=PRESENTATION_STYLE_ASSIGNMENT((#1159));
#1161=STYLED_ITEM('',(#1160),#1158);
#1162=DIRECTION('',(-9.483790208720E-1,3.171391378715E-1,0.E0));
#1163=VECTOR('',#1162,5.8E-1);
#1164=CARTESIAN_POINT('',(3.519645779820E0,9.610791777195E0,0.E0));
#1165=LINE('',#1164,#1163);
#1166=CURVE_STYLE('',#34,POSITIVE_LENGTH_MEASURE(2.E-2),#21);
#1167=PRESENTATION_STYLE_ASSIGNMENT((#1166));
#1168=STYLED_ITEM('',(#1167),#1165);
#1169=CARTESIAN_POINT('',(1.086414223189E1,4.464100261405E0,0.E0));
#1170=DIRECTION('',(0.E0,0.E0,1.E0));
#1171=DIRECTION('',(-8.287607114744E-1,5.596031478793E-1,0.E0));
#1172=AXIS2_PLACEMENT_3D('',#1169,#1170,#1171);
#1174=CURVE_STYLE('',#34,POSITIVE_LENGTH_MEASURE(2.E-2),#21);
#1175=PRESENTATION_STYLE_ASSIGNMENT((#1174));
#1176=STYLED_ITEM('',(#1175),#1173);
#1177=CARTESIAN_POINT('',(0.E0,-2.025256353960E-3,0.E0));
#1178=DIRECTION('',(0.E0,0.E0,1.E0));
#1179=DIRECTION('',(2.654284886596E-1,9.641305499816E-1,0.E0));
#1180=AXIS2_PLACEMENT_3D('',#1177,#1178,#1179);
#1182=CURVE_STYLE('',#34,POSITIVE_LENGTH_MEASURE(2.E-2),#21);
#1183=PRESENTATION_STYLE_ASSIGNMENT((#1182));
#1184=STYLED_ITEM('',(#1183),#1181);
#1185=CARTESIAN_POINT('',(-7.536081664969E0,9.009175917787E0,0.E0));
#1186=DIRECTION('',(0.E0,0.E0,1.E0));
#1187=DIRECTION('',(9.999702046366E-1,7.719445516687E-3,0.E0));
#1188=AXIS2_PLACEMENT_3D('',#1185,#1186,#1187);
#1190=CURVE_STYLE('',#34,POSITIVE_LENGTH_MEASURE(2.E-2),#21);
#1191=PRESENTATION_STYLE_ASSIGNMENT((#1190));
#1192=STYLED_ITEM('',(#1191),#1189);
#1193=DIRECTION('',(-9.869682966574E-1,1.609148265177E-1,0.E0));
#1194=VECTOR('',#1193,5.8E-1);
#1195=CARTESIAN_POINT('',(1.932522811954E0,1.005089949115E1,0.E0));
#1196=LINE('',#1195,#1194);
#1197=CURVE_STYLE('',#34,POSITIVE_LENGTH_MEASURE(2.E-2),#21);
#1198=PRESENTATION_STYLE_ASSIGNMENT((#1197));
#1199=STYLED_ITEM('',(#1198),#1196);
#1200=CARTESIAN_POINT('',(1.000744495599E1,6.148887950806E0,0.E0));
#1201=DIRECTION('',(0.E0,0.E0,1.E0));
#1202=DIRECTION('',(-9.077895046795E-1,4.194260545004E-1,0.E0));
#1203=AXIS2_PLACEMENT_3D('',#1200,#1201,#1202);
#1205=CURVE_STYLE('',#34,POSITIVE_LENGTH_MEASURE(2.E-2),#21);
#1206=PRESENTATION_STYLE_ASSIGNMENT((#1205));
#1207=STYLED_ITEM('',(#1206),#1204);
#1208=CARTESIAN_POINT('',(0.E0,-2.025256353960E-3,0.E0));
#1209=DIRECTION('',(0.E0,0.E0,1.E0));
#1210=DIRECTION('',(1.073799370638E-1,9.942180591380E-1,0.E0));
#1211=AXIS2_PLACEMENT_3D('',#1208,#1209,#1210);
#1213=CURVE_STYLE('',#34,POSITIVE_LENGTH_MEASURE(2.E-2),#21);
#1214=PRESENTATION_STYLE_ASSIGNMENT((#1213));
#1215=STYLED_ITEM('',(#1214),#1212);
#1216=CARTESIAN_POINT('',(-8.887583664223E0,7.679103736123E0,0.E0));
#1217=DIRECTION('',(0.E0,0.E0,1.E0));
#1218=DIRECTION('',(9.856975134448E-1,1.685242178110E-1,0.E0));
#1219=AXIS2_PLACEMENT_3D('',#1216,#1217,#1218);
#1221=CURVE_STYLE('',#34,POSITIVE_LENGTH_MEASURE(2.E-2),#21);
#1222=PRESENTATION_STYLE_ASSIGNMENT((#1221));
#1223=STYLED_ITEM('',(#1222),#1220);
#1224=DIRECTION('',(-1.E0,0.E0,0.E0));
#1225=VECTOR('',#1224,5.8E-1);
#1226=CARTESIAN_POINT('',(2.9E-1,1.023089072369E1,0.E0));
#1227=LINE('',#1226,#1225);
#1228=CURVE_STYLE('',#34,POSITIVE_LENGTH_MEASURE(2.E-2),#21);
#1229=PRESENTATION_STYLE_ASSIGNMENT((#1228));
#1230=STYLED_ITEM('',(#1229),#1227);
#1231=CARTESIAN_POINT('',(8.887583664224E0,7.679103736123E0,0.E0));
#1232=DIRECTION('',(0.E0,0.E0,1.E0));
#1233=DIRECTION('',(-9.634513319539E-1,2.678834279239E-1,0.E0));
#1234=AXIS2_PLACEMENT_3D('',#1231,#1232,#1233);
#1236=CURVE_STYLE('',#34,POSITIVE_LENGTH_MEASURE(2.E-2),#21);
#1237=PRESENTATION_STYLE_ASSIGNMENT((#1236));
#1238=STYLED_ITEM('',(#1237),#1235);
#1239=CARTESIAN_POINT('',(0.E0,0.E0,0.E0));
#1240=DIRECTION('',(0.E0,0.E0,1.E0));
#1241=DIRECTION('',(1.E0,0.E0,0.E0));
#1242=AXIS2_PLACEMENT_3D('',#1239,#1240,#1241);
#1244=CURVE_STYLE('',#34,POSITIVE_LENGTH_MEASURE(2.E-2),#21);
#1245=PRESENTATION_STYLE_ASSIGNMENT((#1244));
#1246=STYLED_ITEM('',(#1245),#1243);
#1247=CARTESIAN_POINT('',(0.E0,0.E0,0.E0));
#1248=DIRECTION('',(0.E0,0.E0,1.E0));
#1249=DIRECTION('',(-1.E0,0.E0,0.E0));
#1250=AXIS2_PLACEMENT_3D('',#1247,#1248,#1249);
#1252=CURVE_STYLE('',#34,POSITIVE_LENGTH_MEASURE(2.E-2),#21);
#1253=PRESENTATION_STYLE_ASSIGNMENT((#1252));
#1254=STYLED_ITEM('',(#1253),#1251);
#1255=CARTESIAN_POINT('',(0.E0,-2.025256353960E-3,5.E0));
#1256=DIRECTION('',(0.E0,0.E0,1.E0));
#1257=DIRECTION('',(-2.133994835670E-1,9.769650251740E-1,0.E0));
#1258=AXIS2_PLACEMENT_3D('',#1255,#1256,#1257);
#1260=CURVE_STYLE('',#34,POSITIVE_LENGTH_MEASURE(2.E-2),#21);
#1261=PRESENTATION_STYLE_ASSIGNMENT((#1260));
#1262=STYLED_ITEM('',(#1261),#1259);
#1263=CARTESIAN_POINT('',(7.540797825204E0,9.005228799876E0,5.E0));
#1264=DIRECTION('',(0.E0,0.E0,1.E0));
#1265=DIRECTION('',(-9.939449389309E-1,1.098792900124E-1,0.E0));
#1266=AXIS2_PLACEMENT_3D('',#1263,#1264,#1265);
#1268=CURVE_STYLE('',#34,POSITIVE_LENGTH_MEASURE(2.E-2),#21);
#1269=PRESENTATION_STYLE_ASSIGNMENT((#1268));
#1270=STYLED_ITEM('',(#1269),#1267);
#1271=DIRECTION('',(-9.870524161682E-1,-1.603980290918E-1,0.E0));
#1272=VECTOR('',#1271,5.8E-1);
#1273=CARTESIAN_POINT('',(-1.354769507244E0,1.014494083680E1,5.E0));
#1274=LINE('',#1273,#1272);
#1275=CURVE_STYLE('',#34,POSITIVE_LENGTH_MEASURE(2.E-2),#21);
#1276=PRESENTATION_STYLE_ASSIGNMENT((#1275));
#1277=STYLED_ITEM('',(#1276),#1274);
#1278=CARTESIAN_POINT('',(-1.000422403413E1,6.154126993616E0,5.E0));
#1279=DIRECTION('',(0.E0,0.E0,1.E0));
#1280=DIRECTION('',(9.459038578601E-1,3.244470552886E-1,0.E0));
#1281=AXIS2_PLACEMENT_3D('',#1278,#1279,#1280);
#1283=CURVE_STYLE('',#34,POSITIVE_LENGTH_MEASURE(2.E-2),#21);
#1284=PRESENTATION_STYLE_ASSIGNMENT((#1283));
#1285=STYLED_ITEM('',(#1284),#1282);
#1286=CARTESIAN_POINT('',(0.E0,-2.025256353960E-3,5.E0));
#1287=DIRECTION('',(0.E0,0.E0,1.E0));
#1288=DIRECTION('',(-5.396895337330E-2,9.985426140490E-1,0.E0));
#1289=AXIS2_PLACEMENT_3D('',#1286,#1287,#1288);
#1291=CURVE_STYLE('',#34,POSITIVE_LENGTH_MEASURE(2.E-2),#21);
#1292=PRESENTATION_STYLE_ASSIGNMENT((#1291));
#1293=STYLED_ITEM('',(#1292),#1290);
#1294=CARTESIAN_POINT('',(8.887583664224E0,7.679103736123E0,5.E0));
#1295=DIRECTION('',(0.E0,0.E0,1.E0));
#1296=DIRECTION('',(-9.634513319539E-1,2.678834279239E-1,0.E0));
#1297=AXIS2_PLACEMENT_3D('',#1294,#1295,#1296);
#1299=CURVE_STYLE('',#34,POSITIVE_LENGTH_MEASURE(2.E-2),#21);
#1300=PRESENTATION_STYLE_ASSIGNMENT((#1299));
#1301=STYLED_ITEM('',(#1300),#1298);
#1302=DIRECTION('',(-1.E0,0.E0,0.E0));
#1303=VECTOR('',#1302,5.8E-1);
#1304=CARTESIAN_POINT('',(2.9E-1,1.023089072369E1,5.E0));
#1305=LINE('',#1304,#1303);
#1306=CURVE_STYLE('',#34,POSITIVE_LENGTH_MEASURE(2.E-2),#21);
#1307=PRESENTATION_STYLE_ASSIGNMENT((#1306));
#1308=STYLED_ITEM('',(#1307),#1305);
#1309=CARTESIAN_POINT('',(-8.887583664223E0,7.679103736123E0,5.E0));
#1310=DIRECTION('',(0.E0,0.E0,1.E0));
#1311=DIRECTION('',(9.856975134448E-1,1.685242178110E-1,0.E0));
#1312=AXIS2_PLACEMENT_3D('',#1309,#1310,#1311);
#1314=CURVE_STYLE('',#34,POSITIVE_LENGTH_MEASURE(2.E-2),#21);
#1315=PRESENTATION_STYLE_ASSIGNMENT((#1314));
#1316=STYLED_ITEM('',(#1315),#1313);
#1317=CARTESIAN_POINT('',(0.E0,-2.025256353960E-3,5.E0));
#1318=DIRECTION('',(0.E0,0.E0,1.E0));
#1319=DIRECTION('',(1.073799370638E-1,9.942180591380E-1,0.E0));
#1320=AXIS2_PLACEMENT_3D('',#1317,#1318,#1319);
#1322=CURVE_STYLE('',#34,POSITIVE_LENGTH_MEASURE(2.E-2),#21);
#1323=PRESENTATION_STYLE_ASSIGNMENT((#1322));
#1324=STYLED_ITEM('',(#1323),#1321);
#1325=CARTESIAN_POINT('',(1.000744495599E1,6.148887950806E0,5.E0));
#1326=DIRECTION('',(0.E0,0.E0,1.E0));
#1327=DIRECTION('',(-9.077895046795E-1,4.194260545004E-1,0.E0));
#1328=AXIS2_PLACEMENT_3D('',#1325,#1326,#1327);
#1330=CURVE_STYLE('',#34,POSITIVE_LENGTH_MEASURE(2.E-2),#21);
#1331=PRESENTATION_STYLE_ASSIGNMENT((#1330));
#1332=STYLED_ITEM('',(#1331),#1329);
#1333=DIRECTION('',(-9.869682966574E-1,1.609148265177E-1,0.E0));
#1334=VECTOR('',#1333,5.8E-1);
#1335=CARTESIAN_POINT('',(1.932522811954E0,1.005089949115E1,5.E0));
#1336=LINE('',#1335,#1334);
#1337=CURVE_STYLE('',#34,POSITIVE_LENGTH_MEASURE(2.E-2),#21);
#1338=PRESENTATION_STYLE_ASSIGNMENT((#1337));
#1339=STYLED_ITEM('',(#1338),#1336);
#1340=CARTESIAN_POINT('',(-7.536081664969E0,9.009175917787E0,5.E0));
#1341=DIRECTION('',(0.E0,0.E0,1.E0));
#1342=DIRECTION('',(9.999702046366E-1,7.719445516687E-3,0.E0));
#1343=AXIS2_PLACEMENT_3D('',#1340,#1341,#1342);
#1345=CURVE_STYLE('',#34,POSITIVE_LENGTH_MEASURE(2.E-2),#21);
#1346=PRESENTATION_STYLE_ASSIGNMENT((#1345));
#1347=STYLED_ITEM('',(#1346),#1344);
#1348=CARTESIAN_POINT('',(0.E0,-2.025256353960E-3,5.E0));
#1349=DIRECTION('',(0.E0,0.E0,1.E0));
#1350=DIRECTION('',(2.654284886596E-1,9.641305499816E-1,0.E0));
#1351=AXIS2_PLACEMENT_3D('',#1348,#1349,#1350);
#1353=CURVE_STYLE('',#34,POSITIVE_LENGTH_MEASURE(2.E-2),#21);
#1354=PRESENTATION_STYLE_ASSIGNMENT((#1353));
#1355=STYLED_ITEM('',(#1354),#1352);
#1356=CARTESIAN_POINT('',(1.086414223189E1,4.464100261405E0,5.E0));
#1357=DIRECTION('',(0.E0,0.E0,1.E0));
#1358=DIRECTION('',(-8.287607114744E-1,5.596031478793E-1,0.E0));
#1359=AXIS2_PLACEMENT_3D('',#1356,#1357,#1358);
#1361=CURVE_STYLE('',#34,POSITIVE_LENGTH_MEASURE(2.E-2),#21);
#1362=PRESENTATION_STYLE_ASSIGNMENT((#1361));
#1363=STYLED_ITEM('',(#1362),#1360);
#1364=DIRECTION('',(-9.483790208720E-1,3.171391378715E-1,0.E0));
#1365=VECTOR('',#1364,5.8E-1);
#1366=CARTESIAN_POINT('',(3.519645779820E0,9.610791777195E0,5.E0));
#1367=LINE('',#1366,#1365);
#1368=CURVE_STYLE('',#34,POSITIVE_LENGTH_MEASURE(2.E-2),#21);
#1369=PRESENTATION_STYLE_ASSIGNMENT((#1368));
#1370=STYLED_ITEM('',(#1369),#1367);
#1371=CARTESIAN_POINT('',(-5.993453554894E0,1.010130150347E1,5.E0));
#1372=DIRECTION('',(0.E0,0.E0,1.E0));
#1373=DIRECTION('',(9.882627543840E-1,-1.527636353892E-1,0.E0));
#1374=AXIS2_PLACEMENT_3D('',#1371,#1372,#1373);
#1376=CURVE_STYLE('',#34,POSITIVE_LENGTH_MEASURE(2.E-2),#21);
#1377=PRESENTATION_STYLE_ASSIGNMENT((#1376));
#1378=STYLED_ITEM('',(#1377),#1375);
#1379=CARTESIAN_POINT('',(0.E0,-2.025256353960E-3,5.E0));
#1380=DIRECTION('',(0.E0,0.E0,1.E0));
#1381=DIRECTION('',(4.166090127766E-1,9.090857662912E-1,0.E0));
#1382=AXIS2_PLACEMENT_3D('',#1379,#1380,#1381);
#1384=CURVE_STYLE('',#34,POSITIVE_LENGTH_MEASURE(2.E-2),#21);
#1385=PRESENTATION_STYLE_ASSIGNMENT((#1384));
#1386=STYLED_ITEM('',(#1385),#1383);
#1387=CARTESIAN_POINT('',(1.143951072318E1,2.663713947269E0,5.E0));
#1388=DIRECTION('',(0.E0,0.E0,1.E0));
#1389=DIRECTION('',(-7.282710206927E-1,6.852892239188E-1,0.E0));
#1390=AXIS2_PLACEMENT_3D('',#1387,#1388,#1389);
#1392=CURVE_STYLE('',#34,POSITIVE_LENGTH_MEASURE(2.E-2),#21);
#1393=PRESENTATION_STYLE_ASSIGNMENT((#1392));
#1394=STYLED_ITEM('',(#1393),#1391);
#1395=DIRECTION('',(-8.852313113325E-1,4.651510780775E-1,0.E0));
#1396=VECTOR('',#1395,5.8E-1);
#1397=CARTESIAN_POINT('',(5.015626930102E0,8.921810998785E0,5.E0));
#1398=LINE('',#1397,#1396);
#1399=CURVE_STYLE('',#34,POSITIVE_LENGTH_MEASURE(2.E-2),#21);
#1400=PRESENTATION_STYLE_ASSIGNMENT((#1399));
#1401=STYLED_ITEM('',(#1400),#1398);
#1402=CARTESIAN_POINT('',(-4.295623960131E0,1.093185219310E1,5.E0));
#1403=DIRECTION('',(0.E0,0.E0,1.E0));
#1404=DIRECTION('',(9.509689432586E-1,-3.092863866349E-1,0.E0));
#1405=AXIS2_PLACEMENT_3D('',#1402,#1403,#1404);
#1407=CURVE_STYLE('',#34,POSITIVE_LENGTH_MEASURE(2.E-2),#21);
#1408=PRESENTATION_STYLE_ASSIGNMENT((#1407));
#1409=STYLED_ITEM('',(#1408),#1406);
#1410=CARTESIAN_POINT('',(0.E0,-2.025256353960E-3,5.E0));
#1411=DIRECTION('',(0.E0,0.E0,1.E0));
#1412=DIRECTION('',(5.570083316779E-1,8.305069045116E-1,0.E0));
#1413=AXIS2_PLACEMENT_3D('',#1410,#1411,#1412);
#1415=CURVE_STYLE('',#34,POSITIVE_LENGTH_MEASURE(2.E-2),#21);
#1416=PRESENTATION_STYLE_ASSIGNMENT((#1415));
#1417=STYLED_ITEM('',(#1416),#1414);
#1418=CARTESIAN_POINT('',(1.171865116631E1,7.943503138592E-1,5.E0));
#1419=DIRECTION('',(0.E0,0.E0,1.E0));
#1420=DIRECTION('',(-6.089226297256E-1,7.932296206069E-1,0.E0));
#1421=AXIS2_PLACEMENT_3D('',#1418,#1419,#1420);
#1423=CURVE_STYLE('',#34,POSITIVE_LENGTH_MEASURE(2.E-2),#21);
#1424=PRESENTATION_STYLE_ASSIGNMENT((#1423));
#1425=STYLED_ITEM('',(#1424),#1422);
#1426=DIRECTION('',(-7.991603885649E-1,6.011178531277E-1,0.E0));
#1427=VECTOR('',#1426,5.8E-1);
#1428=CARTESIAN_POINT('',(6.381727580090E0,8.001798428699E0,5.E0));
#1429=LINE('',#1428,#1427);
#1430=CURVE_STYLE('',#34,POSITIVE_LENGTH_MEASURE(2.E-2),#21);
#1431=PRESENTATION_STYLE_ASSIGNMENT((#1430));
#1432=STYLED_ITEM('',(#1431),#1429);
#1433=CARTESIAN_POINT('',(-2.486558462701E0,1.147932073732E1,5.E0));
#1434=DIRECTION('',(0.E0,0.E0,1.E0));
#1435=DIRECTION('',(8.890565753674E-1,-4.577973414034E-1,0.E0));
#1436=AXIS2_PLACEMENT_3D('',#1433,#1434,#1435);
#1438=CURVE_STYLE('',#34,POSITIVE_LENGTH_MEASURE(2.E-2),#21);
#1439=PRESENTATION_STYLE_ASSIGNMENT((#1438));
#1440=STYLED_ITEM('',(#1439),#1437);
#1441=CARTESIAN_POINT('',(0.E0,-2.025256353960E-3,5.E0));
#1442=DIRECTION('',(0.E0,0.E0,1.E0));
#1443=DIRECTION('',(6.829916672415E-1,7.304261649740E-1,0.E0));
#1444=AXIS2_PLACEMENT_3D('',#1441,#1442,#1443);
#1446=CURVE_STYLE('',#34,POSITIVE_LENGTH_MEASURE(2.E-2),#21);
#1447=PRESENTATION_STYLE_ASSIGNMENT((#1446));
#1448=STYLED_ITEM('',(#1447),#1445);
#1449=CARTESIAN_POINT('',(1.169433517269E1,-1.095583154111E0,5.E0));
#1450=DIRECTION('',(0.E0,0.E0,1.E0));
#1451=DIRECTION('',(-4.738060851675E-1,8.806292032735E-1,0.E0));
#1452=AXIS2_PLACEMENT_3D('',#1449,#1450,#1451);
#1454=CURVE_STYLE('',#34,POSITIVE_LENGTH_MEASURE(2.E-2),#21);
#1455=PRESENTATION_STYLE_ASSIGNMENT((#1454));
#1456=STYLED_ITEM('',(#1455),#1453);
#1457=DIRECTION('',(-6.923950735453E-1,7.215185805855E-1,0.E0));
#1458=VECTOR('',#1457,5.8E-1);
#1459=CARTESIAN_POINT('',(7.582572324408E0,6.874577946691E0,5.E0));
#1460=LINE('',#1459,#1458);
#1461=CURVE_STYLE('',#34,POSITIVE_LENGTH_MEASURE(2.E-2),#21);
#1462=PRESENTATION_STYLE_ASSIGNMENT((#1461));
#1463=STYLED_ITEM('',(#1462),#1460);
#1464=CARTESIAN_POINT('',(-6.131031169739E-1,1.172953034638E1,5.E0));
#1465=DIRECTION('',(0.E0,0.E0,1.E0));
#1466=DIRECTION('',(8.041303064490E-1,-5.944530681645E-1,0.E0));
#1467=AXIS2_PLACEMENT_3D('',#1464,#1465,#1466);
#1469=CURVE_STYLE('',#34,POSITIVE_LENGTH_MEASURE(2.E-2),#21);
#1470=PRESENTATION_STYLE_ASSIGNMENT((#1469));
#1471=STYLED_ITEM('',(#1470),#1468);
#1472=CARTESIAN_POINT('',(0.E0,-2.025256353960E-3,5.E0));
#1473=DIRECTION('',(0.E0,0.E0,1.E0));
#1474=DIRECTION('',(7.912966728710E-1,6.114323965110E-1,0.E0));
#1475=AXIS2_PLACEMENT_3D('',#1472,#1473,#1474);
#1477=CURVE_STYLE('',#34,POSITIVE_LENGTH_MEASURE(2.E-2),#21);
#1478=PRESENTATION_STYLE_ASSIGNMENT((#1477));
#1479=STYLED_ITEM('',(#1478),#1476);
#1480=CARTESIAN_POINT('',(1.136719240906E1,-2.957146312616E0,5.E0));
#1481=DIRECTION('',(0.E0,0.E0,1.E0));
#1482=DIRECTION('',(-3.264202525941E-1,9.452247450720E-1,0.E0));
#1483=AXIS2_PLACEMENT_3D('',#1480,#1481,#1482);
#1485=CURVE_STYLE('',#34,POSITIVE_LENGTH_MEASURE(2.E-2),#21);
#1486=PRESENTATION_STYLE_ASSIGNMENT((#1485));
#1487=STYLED_ITEM('',(#1486),#1484);
#1488=DIRECTION('',(-5.677000720068E-1,8.232354634267E-1,0.E0));
#1489=VECTOR('',#1488,5.8E-1);
#1490=CARTESIAN_POINT('',(8.587065087064E0,5.569339116137E0,5.E0));
#1491=LINE('',#1490,#1489);
#1492=CURVE_STYLE('',#34,POSITIVE_LENGTH_MEASURE(2.E-2),#21);
#1493=PRESENTATION_STYLE_ASSIGNMENT((#1492));
#1494=STYLED_ITEM('',(#1493),#1491);
#1495=CARTESIAN_POINT('',(1.276228636762E0,1.167600180051E1,5.E0));
#1496=DIRECTION('',(0.E0,0.E0,1.E0));
#1497=DIRECTION('',(6.983899445397E-1,-7.157174619680E-1,0.E0));
#1498=AXIS2_PLACEMENT_3D('',#1495,#1496,#1497);
#1500=CURVE_STYLE('',#34,POSITIVE_LENGTH_MEASURE(2.E-2),#21);
#1501=PRESENTATION_STYLE_ASSIGNMENT((#1500));
#1502=STYLED_ITEM('',(#1501),#1499);
#1503=CARTESIAN_POINT('',(0.E0,-2.025256353960E-3,5.E0));
#1504=DIRECTION('',(0.E0,0.E0,1.E0));
#1505=DIRECTION('',(8.791179110300E-1,4.766043416780E-1,0.E0));
#1506=AXIS2_PLACEMENT_3D('',#1503,#1504,#1505);
#1508=CURVE_STYLE('',#34,POSITIVE_LENGTH_MEASURE(2.E-2),#21);
#1509=PRESENTATION_STYLE_ASSIGNMENT((#1508));
#1510=STYLED_ITEM('',(#1509),#1507);
#1511=CARTESIAN_POINT('',(1.074569429213E1,-4.742133671550E0,5.E0));
#1512=DIRECTION('',(0.E0,0.E0,1.E0));
#1513=DIRECTION('',(-1.705817128509E-1,9.853435336170E-1,0.E0));
#1514=AXIS2_PLACEMENT_3D('',#1511,#1512,#1513);
#1516=CURVE_STYLE('',#34,POSITIVE_LENGTH_MEASURE(2.E-2),#21);
#1517=PRESENTATION_STYLE_ASSIGNMENT((#1516));
#1518=STYLED_ITEM('',(#1517),#1515);
#1519=DIRECTION('',(-4.283043819211E-1,9.036345259159E-1,0.E0));
#1520=VECTOR('',#1519,5.8E-1);
#1521=CARTESIAN_POINT('',(9.369194359552E0,4.119881315395E0,5.E0));
#1522=LINE('',#1521,#1520);
#1523=CURVE_STYLE('',#34,POSITIVE_LENGTH_MEASURE(2.E-2),#21);
#1524=PRESENTATION_STYLE_ASSIGNMENT((#1523));
#1525=STYLED_ITEM('',(#1524),#1522);
#1526=CARTESIAN_POINT('',(3.132512235973E0,1.132012123037E1,5.E0));
#1527=DIRECTION('',(0.E0,0.E0,1.E0));
#1528=DIRECTION('',(5.745734209876E-1,-8.184530431824E-1,0.E0));
#1529=AXIS2_PLACEMENT_3D('',#1526,#1527,#1528);
#1531=CURVE_STYLE('',#34,POSITIVE_LENGTH_MEASURE(2.E-2),#21);
#1532=PRESENTATION_STYLE_ASSIGNMENT((#1531));
#1533=STYLED_ITEM('',(#1532),#1530);
#1534=CARTESIAN_POINT('',(0.E0,-2.025256353960E-3,5.E0));
#1535=DIRECTION('',(0.E0,0.E0,1.E0));
#1536=DIRECTION('',(9.441795890250E-1,3.294311819920E-1,0.E0));
#1537=AXIS2_PLACEMENT_3D('',#1534,#1535,#1536);
#1539=CURVE_STYLE('',#34,POSITIVE_LENGTH_MEASURE(2.E-2),#21);
#1540=PRESENTATION_STYLE_ASSIGNMENT((#1539));
#1541=STYLED_ITEM('',(#1540),#1538);
#1542=CARTESIAN_POINT('',(9.845934619842E0,-6.404322683977E0,5.E0));
#1543=DIRECTION('',(0.E0,0.E0,1.E0));
#1544=DIRECTION('',(-1.032593105304E-2,9.999466861528E-1,0.E0));
#1545=AXIS2_PLACEMENT_3D('',#1542,#1543,#1544);
#1547=CURVE_STYLE('',#34,POSITIVE_LENGTH_MEASURE(2.E-2),#21);
#1548=PRESENTATION_STYLE_ASSIGNMENT((#1547));
#1549=STYLED_ITEM('',(#1548),#1546);
#1550=DIRECTION('',(-2.778176780544E-1,9.606338208498E-1,0.E0));
#1551=VECTOR('',#1550,5.8E-1);
#1552=CARTESIAN_POINT('',(9.908706773227E0,2.563738497237E0,5.E0));
#1553=LINE('',#1552,#1551);
#1554=CURVE_STYLE('',#34,POSITIVE_LENGTH_MEASURE(2.E-2),#21);
#1555=PRESENTATION_STYLE_ASSIGNMENT((#1554));
#1556=STYLED_ITEM('',(#1555),#1553);
#1557=CARTESIAN_POINT('',(4.907678905624E0,1.067110422299E1,5.E0));
#1558=DIRECTION('',(0.E0,0.E0,1.E0));
#1559=DIRECTION('',(4.358859152266E-1,-9.000019271685E-1,0.E0));
#1560=AXIS2_PLACEMENT_3D('',#1557,#1558,#1559);
#1562=CURVE_STYLE('',#34,POSITIVE_LENGTH_MEASURE(2.E-2),#21);
#1563=PRESENTATION_STYLE_ASSIGNMENT((#1562));
#1564=STYLED_ITEM('',(#1563),#1561);
#1565=CARTESIAN_POINT('',(0.E0,-2.025256353960E-3,5.E0));
#1566=DIRECTION('',(0.E0,0.E0,1.E0));
#1567=DIRECTION('',(9.847946604520E-1,1.737224129039E-1,0.E0));
#1568=AXIS2_PLACEMENT_3D('',#1565,#1566,#1567);
#1570=CURVE_STYLE('',#34,POSITIVE_LENGTH_MEASURE(2.E-2),#21);
#1571=PRESENTATION_STYLE_ASSIGNMENT((#1570));
#1572=STYLED_ITEM('',(#1571),#1569);
#1573=CARTESIAN_POINT('',(8.691212819772E0,-7.900670686729E0,5.E0));
#1574=DIRECTION('',(0.E0,0.E0,1.E0));
#1575=DIRECTION('',(1.501972424607E-1,9.886560515959E-1,0.E0));
#1576=AXIS2_PLACEMENT_3D('',#1573,#1574,#1575);
#1578=CURVE_STYLE('',#34,POSITIVE_LENGTH_MEASURE(2.E-2),#21);
#1579=PRESENTATION_STYLE_ASSIGNMENT((#1578));
#1580=STYLED_ITEM('',(#1579),#1577);
#1581=DIRECTION('',(-1.201368388346E-1,9.927573419294E-1,0.E0));
#1582=VECTOR('',#1581,5.8E-1);
#1583=CARTESIAN_POINT('',(1.019163156368E1,9.412072408468E-1,5.E0));
#1584=LINE('',#1583,#1582);
#1585=CURVE_STYLE('',#34,POSITIVE_LENGTH_MEASURE(2.E-2),#21);
#1586=PRESENTATION_STYLE_ASSIGNMENT((#1585));
#1587=STYLED_ITEM('',(#1586),#1584);
#1588=CARTESIAN_POINT('',(6.555760407175E0,9.745757182611E0,5.E0));
#1589=DIRECTION('',(0.E0,0.E0,1.E0));
#1590=DIRECTION('',(2.859169661732E-1,-9.582543965223E-1,0.E0));
#1591=AXIS2_PLACEMENT_3D('',#1588,#1589,#1590);
#1593=CURVE_STYLE('',#34,POSITIVE_LENGTH_MEASURE(2.E-2),#21);
#1594=PRESENTATION_STYLE_ASSIGNMENT((#1593));
#1595=STYLED_ITEM('',(#1594),#1592);
#1596=CARTESIAN_POINT('',(0.E0,-2.025256353960E-3,5.E0));
#1597=DIRECTION('',(0.E0,0.E0,1.E0));
#1598=DIRECTION('',(9.999087444483E-1,1.350935882551E-2,0.E0));
#1599=AXIS2_PLACEMENT_3D('',#1596,#1597,#1598);
#1601=CURVE_STYLE('',#34,POSITIVE_LENGTH_MEASURE(2.E-2),#21);
#1602=PRESENTATION_STYLE_ASSIGNMENT((#1601));
#1603=STYLED_ITEM('',(#1602),#1600);
#1604=CARTESIAN_POINT('',(7.311430606533E0,-9.192429497394E0,5.E0));
#1605=DIRECTION('',(0.E0,0.E0,1.E0));
#1606=DIRECTION('',(3.068310331983E-1,9.517640028213E-1,0.E0));
#1607=AXIS2_PLACEMENT_3D('',#1604,#1605,#1606);
#1609=CURVE_STYLE('',#34,POSITIVE_LENGTH_MEASURE(2.E-2),#21);
#1610=PRESENTATION_STYLE_ASSIGNMENT((#1609));
#1611=STYLED_ITEM('',(#1610),#1608);
#1612=DIRECTION('',(4.065496396935E-2,9.991732451906E-1,0.E0));
#1613=VECTOR('',#1612,5.8E-1);
#1614=CARTESIAN_POINT('',(1.021064234602E1,-7.056967348510E-1,5.E0));
#1615=LINE('',#1614,#1613);
#1616=CURVE_STYLE('',#34,POSITIVE_LENGTH_MEASURE(2.E-2),#21);
#1617=PRESENTATION_STYLE_ASSIGNMENT((#1616));
#1618=STYLED_ITEM('',(#1617),#1615);
#1619=CARTESIAN_POINT('',(8.034079393820E0,8.568042125976E0,5.E0));
#1620=DIRECTION('',(0.E0,0.E0,1.E0));
#1621=DIRECTION('',(1.285477053531E-1,-9.917033263272E-1,0.E0));
#1622=AXIS2_PLACEMENT_3D('',#1619,#1620,#1621);
#1624=CURVE_STYLE('',#34,POSITIVE_LENGTH_MEASURE(2.E-2),#21);
#1625=PRESENTATION_STYLE_ASSIGNMENT((#1624));
#1626=STYLED_ITEM('',(#1625),#1623);
#1627=CARTESIAN_POINT('',(0.E0,-2.025256353960E-3,5.E0));
#1628=DIRECTION('',(0.E0,0.E0,1.E0));
#1629=DIRECTION('',(9.891277014892E-1,-1.470591382632E-1,0.E0));
#1630=AXIS2_PLACEMENT_3D('',#1627,#1628,#1629);
#1632=CURVE_STYLE('',#34,POSITIVE_LENGTH_MEASURE(2.E-2),#21);
#1633=PRESENTATION_STYLE_ASSIGNMENT((#1632));
#1634=STYLED_ITEM('',(#1633),#1631);
#1635=CARTESIAN_POINT('',(5.742317671877E0,-1.024614880499E1,5.E0));
#1636=DIRECTION('',(0.E0,0.E0,1.E0));
#1637=DIRECTION('',(4.555193828868E-1,8.902258656175E-1,0.E0));
#1638=AXIS2_PLACEMENT_3D('',#1635,#1636,#1637);
#1640=CURVE_STYLE('',#34,POSITIVE_LENGTH_MEASURE(2.E-2),#21);
#1641=PRESENTATION_STYLE_ASSIGNMENT((#1640));
#1642=STYLED_ITEM('',(#1641),#1639);
#1643=DIRECTION('',(2.003939996650E-1,9.797153897425E-1,0.E0));
#1644=VECTOR('',#1643,5.8E-1);
#1645=CARTESIAN_POINT('',(9.965246832866E0,-2.334326575280E0,5.E0));
#1646=LINE('',#1645,#1644);
#1647=CURVE_STYLE('',#34,POSITIVE_LENGTH_MEASURE(2.E-2),#21);
#1648=PRESENTATION_STYLE_ASSIGNMENT((#1647));
#1649=STYLED_ITEM('',(#1648),#1646);
#1650=CARTESIAN_POINT('',(9.304354547539E0,7.168456181940E0,5.E0));
#1651=DIRECTION('',(0.E0,0.E0,1.E0));
#1652=DIRECTION('',(-3.214940502278E-2,-9.994830742722E-1,0.E0));
#1653=AXIS2_PLACEMENT_3D('',#1650,#1651,#1652);
#1655=CURVE_STYLE('',#34,POSITIVE_LENGTH_MEASURE(2.E-2),#21);
#1656=PRESENTATION_STYLE_ASSIGNMENT((#1655));
#1657=STYLED_ITEM('',(#1656),#1654);
#1658=CARTESIAN_POINT('',(0.E0,-2.025256353960E-3,5.E0));
#1659=DIRECTION('',(0.E0,0.E0,1.E0));
#1660=DIRECTION('',(9.527281236051E-1,-3.038241637723E-1,0.E0));
#1661=AXIS2_PLACEMENT_3D('',#1658,#1659,#1660);
#1663=CURVE_STYLE('',#34,POSITIVE_LENGTH_MEASURE(2.E-2),#21);
#1664=PRESENTATION_STYLE_ASSIGNMENT((#1663));
#1665=STYLED_ITEM('',(#1664),#1662);
#1666=CARTESIAN_POINT('',(4.024506458331E0,-1.103454237137E1,5.E0));
#1667=DIRECTION('',(0.E0,0.E0,1.E0));
#1668=DIRECTION('',(5.924119817814E-1,8.056351803650E-1,0.E0));
#1669=AXIS2_PLACEMENT_3D('',#1666,#1667,#1668);
#1671=CURVE_STYLE('',#34,POSITIVE_LENGTH_MEASURE(2.E-2),#21);
#1672=PRESENTATION_STYLE_ASSIGNMENT((#1671));
#1673=STYLED_ITEM('',(#1672),#1670);
#1674=DIRECTION('',(3.549437991405E-1,9.348876400144E-1,0.E0));
#1675=VECTOR('',#1674,5.8E-1);
#1676=CARTESIAN_POINT('',(9.461799582161E0,-3.902508637661E0,5.E0));
#1677=LINE('',#1676,#1675);
#1678=CURVE_STYLE('',#34,POSITIVE_LENGTH_MEASURE(2.E-2),#21);
#1679=PRESENTATION_STYLE_ASSIGNMENT((#1678));
#1680=STYLED_ITEM('',(#1679),#1677);
#1681=CARTESIAN_POINT('',(1.033369188025E1,5.583241863183E0,5.E0));
#1682=DIRECTION('',(0.E0,0.E0,1.E0));
#1683=DIRECTION('',(-1.920157574650E-1,-9.813918426832E-1,0.E0));
#1684=AXIS2_PLACEMENT_3D('',#1681,#1682,#1683);
#1686=CURVE_STYLE('',#34,POSITIVE_LENGTH_MEASURE(2.E-2),#21);
#1687=PRESENTATION_STYLE_ASSIGNMENT((#1686));
#1688=STYLED_ITEM('',(#1687),#1685);
#1689=CARTESIAN_POINT('',(0.E0,-2.025256353960E-3,5.E0));
#1690=DIRECTION('',(0.E0,0.E0,1.E0));
#1691=DIRECTION('',(8.916504381299E-1,-4.527245257138E-1,0.E0));
#1692=AXIS2_PLACEMENT_3D('',#1689,#1690,#1691);
#1694=CURVE_STYLE('',#34,POSITIVE_LENGTH_MEASURE(2.E-2),#21);
#1695=PRESENTATION_STYLE_ASSIGNMENT((#1694));
#1696=STYLED_ITEM('',(#1695),#1693);
#1697=CARTESIAN_POINT('',(2.202479975282E0,-1.153719461295E1,5.E0));
#1698=DIRECTION('',(0.E0,0.E0,1.E0));
#1699=DIRECTION('',(7.139639730819E-1,7.001824370413E-1,0.E0));
#1700=AXIS2_PLACEMENT_3D('',#1697,#1698,#1699);
#1702=CURVE_STYLE('',#34,POSITIVE_LENGTH_MEASURE(2.E-2),#21);
#1703=PRESENTATION_STYLE_ASSIGNMENT((#1702));
#1704=STYLED_ITEM('',(#1703),#1701);
#1705=DIRECTION('',(5.003022694262E-1,8.658508181015E-1,0.E0));
#1706=VECTOR('',#1705,5.8E-1);
#1707=CARTESIAN_POINT('',(8.713337444877E0,-5.369634584560E0,5.E0));
#1708=LINE('',#1707,#1706);
#1709=CURVE_STYLE('',#34,POSITIVE_LENGTH_MEASURE(2.E-2),#21);
#1710=PRESENTATION_STYLE_ASSIGNMENT((#1709));
#1711=STYLED_ITEM('',(#1710),#1708);
#1712=CARTESIAN_POINT('',(1.109543652913E1,3.853448560272E0,5.E0));
#1713=DIRECTION('',(0.E0,0.E0,1.E0));
#1714=DIRECTION('',(-3.469140122337E-1,-9.378969389629E-1,0.E0));
#1715=AXIS2_PLACEMENT_3D('',#1712,#1713,#1714);
#1717=CURVE_STYLE('',#34,POSITIVE_LENGTH_MEASURE(2.E-2),#21);
#1718=PRESENTATION_STYLE_ASSIGNMENT((#1717));
#1719=STYLED_ITEM('',(#1718),#1716);
#1720=CARTESIAN_POINT('',(0.E0,-2.025256353960E-3,5.E0));
#1721=DIRECTION('',(0.E0,0.E0,1.E0));
#1722=DIRECTION('',(8.074747761422E-1,-5.899020985673E-1,0.E0));
#1723=AXIS2_PLACEMENT_3D('',#1720,#1721,#1722);
#1725=CURVE_STYLE('',#34,POSITIVE_LENGTH_MEASURE(2.E-2),#21);
#1726=PRESENTATION_STYLE_ASSIGNMENT((#1725));
#1727=STYLED_ITEM('',(#1726),#1724);
#1728=CARTESIAN_POINT('',(3.234199039979E-1,-1.174108926567E1,5.E0));
#1729=DIRECTION('',(0.E0,0.E0,1.E0));
#1730=DIRECTION('',(8.170277475937E-1,5.765983521153E-1,0.E0));
#1731=AXIS2_PLACEMENT_3D('',#1728,#1729,#1730);
#1733=CURVE_STYLE('',#34,POSITIVE_LENGTH_MEASURE(2.E-2),#21);
#1734=PRESENTATION_STYLE_ASSIGNMENT((#1733));
#1735=STYLED_ITEM('',(#1734),#1732);
#1736=DIRECTION('',(6.327053285625E-1,7.743926440822E-1,0.E0));
#1737=VECTOR('',#1736,5.8E-1);
#1738=CARTESIAN_POINT('',(7.739241973548E0,-6.697712943601E0,5.E0));
#1739=LINE('',#1738,#1737);
#1740=CURVE_STYLE('',#34,POSITIVE_LENGTH_MEASURE(2.E-2),#21);
#1741=PRESENTATION_STYLE_ASSIGNMENT((#1740));
#1742=STYLED_ITEM('',(#1741),#1739);
#1743=CARTESIAN_POINT('',(1.156986298880E1,2.023869560810E0,5.E0));
#1744=DIRECTION('',(0.E0,0.E0,1.E0));
#1745=DIRECTION('',(-4.928349847726E-1,-8.701227946584E-1,0.E0));
#1746=AXIS2_PLACEMENT_3D('',#1743,#1744,#1745);
#1748=CURVE_STYLE('',#34,POSITIVE_LENGTH_MEASURE(2.E-2),#21);
#1749=PRESENTATION_STYLE_ASSIGNMENT((#1748));
#1750=STYLED_ITEM('',(#1749),#1747);
#1751=CARTESIAN_POINT('',(0.E0,-2.025256353960E-3,5.E0));
#1752=DIRECTION('',(0.E0,0.E0,1.E0));
#1753=DIRECTION('',(7.023802077184E-1,-7.118019695150E-1,0.E0));
#1754=AXIS2_PLACEMENT_3D('',#1751,#1752,#1753);
#1756=CURVE_STYLE('',#34,POSITIVE_LENGTH_MEASURE(2.E-2),#21);
#1757=PRESENTATION_STYLE_ASSIGNMENT((#1756));
#1758=STYLED_ITEM('',(#1757),#1755);
#1759=CARTESIAN_POINT('',(-1.564015179926E0,-1.164094644330E1,5.E0));
#1760=DIRECTION('',(0.E0,0.E0,1.E0));
#1761=DIRECTION('',(8.989344515956E-1,4.380831561866E-1,0.E0));
#1762=AXIS2_PLACEMENT_3D('',#1759,#1760,#1761);
#1764=CURVE_STYLE('',#34,POSITIVE_LENGTH_MEASURE(2.E-2),#21);
#1765=PRESENTATION_STYLE_ASSIGNMENT((#1764));
#1766=STYLED_ITEM('',(#1765),#1763);
#1767=DIRECTION('',(7.487243771341E-1,6.628814427069E-1,0.E0));
#1768=VECTOR('',#1767,5.8E-1);
#1769=CARTESIAN_POINT('',(6.564737533725E0,-7.852352903004E0,5.E0));
#1770=LINE('',#1769,#1768);
#1771=CURVE_STYLE('',#34,POSITIVE_LENGTH_MEASURE(2.E-2),#21);
#1772=PRESENTATION_STYLE_ASSIGNMENT((#1771));
#1773=STYLED_ITEM('',(#1772),#1770);
#1774=CARTESIAN_POINT('',(1.174468590652E1,1.418821197422E-1,5.E0));
#1775=DIRECTION('',(0.E0,0.E0,1.E0));
#1776=DIRECTION('',(-6.260012653716E-1,-7.798220410793E-1,0.E0));
#1777=AXIS2_PLACEMENT_3D('',#1774,#1775,#1776);
#1779=CURVE_STYLE('',#34,POSITIVE_LENGTH_MEASURE(2.E-2),#21);
#1780=PRESENTATION_STYLE_ASSIGNMENT((#1779));
#1781=STYLED_ITEM('',(#1780),#1778);
#1782=CARTESIAN_POINT('',(0.E0,-2.025256353960E-3,5.E0));
#1783=DIRECTION('',(0.E0,0.E0,1.E0));
#1784=DIRECTION('',(5.790883838372E-1,-8.152647690811E-1,0.E0));
#1785=AXIS2_PLACEMENT_3D('',#1782,#1783,#1784);
#1787=CURVE_STYLE('',#34,POSITIVE_LENGTH_MEASURE(2.E-2),#21);
#1788=PRESENTATION_STYLE_ASSIGNMENT((#1787));
#1789=STYLED_ITEM('',(#1788),#1786);
#1790=CARTESIAN_POINT('',(-3.410949828537E0,-1.123935936101E1,5.E0));
#1791=DIRECTION('',(0.E0,0.E0,1.E0));
#1792=DIRECTION('',(9.575630972550E-1,2.882237234780E-1,0.E0));
#1793=AXIS2_PLACEMENT_3D('',#1790,#1791,#1792);
#1795=CURVE_STYLE('',#34,POSITIVE_LENGTH_MEASURE(2.E-2),#21);
#1796=PRESENTATION_STYLE_ASSIGNMENT((#1795));
#1797=STYLED_ITEM('',(#1796),#1794);
#1798=DIRECTION('',(8.453550824259E-1,5.342048152316E-1,0.E0));
#1799=VECTOR('',#1798,5.8E-1);
#1800=CARTESIAN_POINT('',(5.220238114798E0,-8.803654867429E0,5.E0));
#1801=LINE('',#1800,#1799);
#1802=CURVE_STYLE('',#34,POSITIVE_LENGTH_MEASURE(2.E-2),#21);
#1803=PRESENTATION_STYLE_ASSIGNMENT((#1802));
#1804=STYLED_ITEM('',(#1803),#1801);
#1805=CARTESIAN_POINT('',(1.161537821354E1,-1.743779382605E0,5.E0));
#1806=DIRECTION('',(0.E0,0.E0,1.E0));
#1807=DIRECTION('',(-7.429649082838E-1,-6.693303706384E-1,0.E0));
#1808=AXIS2_PLACEMENT_3D('',#1805,#1806,#1807);
#1810=CURVE_STYLE('',#34,POSITIVE_LENGTH_MEASURE(2.E-2),#21);
#1811=PRESENTATION_STYLE_ASSIGNMENT((#1810));
#1812=STYLED_ITEM('',(#1811),#1809);
#1813=CARTESIAN_POINT('',(0.E0,-2.025256353960E-3,5.E0));
#1814=DIRECTION('',(0.E0,0.E0,1.E0));
#1815=DIRECTION('',(4.407930371954E-1,-8.976087668690E-1,0.E0));
#1816=AXIS2_PLACEMENT_3D('',#1813,#1814,#1815);
#1818=CURVE_STYLE('',#34,POSITIVE_LENGTH_MEASURE(2.E-2),#21);
#1819=PRESENTATION_STYLE_ASSIGNMENT((#1818));
#1820=STYLED_ITEM('',(#1819),#1817);
#1821=CARTESIAN_POINT('',(-5.169557359447E0,-1.054672718364E1,5.E0));
#1822=DIRECTION('',(0.E0,0.E0,1.E0));
#1823=DIRECTION('',(9.913954859624E-1,1.309006891252E-1,0.E0));
#1824=AXIS2_PLACEMENT_3D('',#1821,#1822,#1823);
#1826=CURVE_STYLE('',#34,POSITIVE_LENGTH_MEASURE(2.E-2),#21);
#1827=PRESENTATION_STYLE_ASSIGNMENT((#1826));
#1828=STYLED_ITEM('',(#1827),#1825);
#1829=DIRECTION('',(9.200951761231E-1,3.916948644992E-1,0.E0));
#1830=VECTOR('',#1829,5.8E-1);
#1831=CARTESIAN_POINT('',(3.740559754644E0,-9.526984713010E0,5.E0));
#1832=LINE('',#1831,#1830);
#1833=CURVE_STYLE('',#34,POSITIVE_LENGTH_MEASURE(2.E-2),#21);
#1834=PRESENTATION_STYLE_ASSIGNMENT((#1833));
#1835=STYLED_ITEM('',(#1834),#1832);
#1836=CARTESIAN_POINT('',(1.118528835424E1,-3.584285425472E0,5.E0));
#1837=DIRECTION('',(0.E0,0.E0,1.E0));
#1838=DIRECTION('',(-8.406966737692E-1,-5.415063274916E-1,0.E0));
#1839=AXIS2_PLACEMENT_3D('',#1836,#1837,#1838);
#1841=CURVE_STYLE('',#34,POSITIVE_LENGTH_MEASURE(2.E-2),#21);
#1842=PRESENTATION_STYLE_ASSIGNMENT((#1841));
#1843=STYLED_ITEM('',(#1842),#1840);
#1844=CARTESIAN_POINT('',(0.E0,-2.025256353960E-3,5.E0));
#1845=DIRECTION('',(0.E0,0.E0,1.E0));
#1846=DIRECTION('',(2.910771697475E-1,-9.566995773239E-1,0.E0));
#1847=AXIS2_PLACEMENT_3D('',#1844,#1845,#1846);
#1849=CURVE_STYLE('',#34,POSITIVE_LENGTH_MEASURE(2.E-2),#21);
#1850=PRESENTATION_STYLE_ASSIGNMENT((#1849));
#1851=STYLED_ITEM('',(#1850),#1848);
#1852=CARTESIAN_POINT('',(-6.794298335786E0,-9.580985737545E0,5.E0));
#1853=DIRECTION('',(0.E0,0.E0,1.E0));
#1854=DIRECTION('',(9.995555223398E-1,-2.981204051976E-2,0.E0));
#1855=AXIS2_PLACEMENT_3D('',#1852,#1853,#1854);
#1857=CURVE_STYLE('',#34,POSITIVE_LENGTH_MEASURE(2.E-2),#21);
#1858=PRESENTATION_STYLE_ASSIGNMENT((#1857));
#1859=STYLED_ITEM('',(#1858),#1856);
#1860=DIRECTION('',(9.710092509680E-1,2.390419095776E-1,0.E0));
#1861=VECTOR('',#1860,5.8E-1);
#1862=CARTESIAN_POINT('',(2.164018972489E0,-1.000361169212E1,5.E0));
#1863=LINE('',#1862,#1861);
#1864=CURVE_STYLE('',#34,POSITIVE_LENGTH_MEASURE(2.E-2),#21);
#1865=PRESENTATION_STYLE_ASSIGNMENT((#1864));
#1866=STYLED_ITEM('',(#1865),#1863);
#1867=CARTESIAN_POINT('',(1.046555357764E1,-5.331975796292E0,5.E0));
#1868=DIRECTION('',(0.E0,0.E0,1.E0));
#1869=DIRECTION('',(-9.166645165938E-1,-3.996575584396E-1,0.E0));
#1870=AXIS2_PLACEMENT_3D('',#1867,#1868,#1869);
#1872=CURVE_STYLE('',#34,POSITIVE_LENGTH_MEASURE(2.E-2),#21);
#1873=PRESENTATION_STYLE_ASSIGNMENT((#1872));
#1874=STYLED_ITEM('',(#1873),#1871);
#1875=CARTESIAN_POINT('',(0.E0,-2.025256353960E-3,5.E0));
#1876=DIRECTION('',(0.E0,0.E0,1.E0));
#1877=DIRECTION('',(1.338200827712E-1,-9.910056434991E-1,0.E0));
#1878=AXIS2_PLACEMENT_3D('',#1875,#1876,#1877);
#1880=CURVE_STYLE('',#34,POSITIVE_LENGTH_MEASURE(2.E-2),#21);
#1881=PRESENTATION_STYLE_ASSIGNMENT((#1880));
#1882=STYLED_ITEM('',(#1881),#1879);
#1883=CARTESIAN_POINT('',(-8.243099817564E0,-8.367143059395E0,5.E0));
#1884=DIRECTION('',(0.E0,0.E0,1.E0));
#1885=DIRECTION('',(9.818319008772E-1,-1.897527823771E-1,0.E0));
#1886=AXIS2_PLACEMENT_3D('',#1883,#1884,#1885);
#1888=CURVE_STYLE('',#34,POSITIVE_LENGTH_MEASURE(2.E-2),#21);
#1889=PRESENTATION_STYLE_ASSIGNMENT((#1888));
#1890=STYLED_ITEM('',(#1889),#1887);
#1891=DIRECTION('',(9.967788784562E-1,8.019892432886E-2,0.E0));
#1892=VECTOR('',#1891,5.8E-1);
#1893=CARTESIAN_POINT('',(5.314405562134E-1,-1.022119346922E1,5.E0));
#1894=LINE('',#1893,#1892);
#1895=CURVE_STYLE('',#34,POSITIVE_LENGTH_MEASURE(2.E-2),#21);
#1896=PRESENTATION_STYLE_ASSIGNMENT((#1895));
#1897=STYLED_ITEM('',(#1896),#1894);
#1898=CARTESIAN_POINT('',(9.474811536457E0,-6.941593759888E0,5.E0));
#1899=DIRECTION('',(0.E0,0.E0,1.E0));
#1900=DIRECTION('',(-9.688992838228E-1,-2.474554056949E-1,0.E0));
#1901=AXIS2_PLACEMENT_3D('',#1898,#1899,#1900);
#1903=CURVE_STYLE('',#34,POSITIVE_LENGTH_MEASURE(2.E-2),#21);
#1904=PRESENTATION_STYLE_ASSIGNMENT((#1903));
#1905=STYLED_ITEM('',(#1904),#1902);
#1906=CARTESIAN_POINT('',(0.E0,-2.025256353960E-3,5.E0));
#1907=DIRECTION('',(0.E0,0.E0,1.E0));
#1908=DIRECTION('',(-2.690332374527E-2,-9.996380400782E-1,0.E0));
#1909=AXIS2_PLACEMENT_3D('',#1906,#1907,#1908);
#1911=CURVE_STYLE('',#34,POSITIVE_LENGTH_MEASURE(2.E-2),#21);
#1912=PRESENTATION_STYLE_ASSIGNMENT((#1911));
#1913=STYLED_ITEM('',(#1912),#1910);
#1914=CARTESIAN_POINT('',(-9.478444847498E0,-6.936631808857E0,5.E0));
#1915=DIRECTION('',(0.E0,0.E0,1.E0));
#1916=DIRECTION('',(9.386835777239E-1,-3.447798441201E-1,0.E0));
#1917=AXIS2_PLACEMENT_3D('',#1914,#1915,#1916);
#1919=CURVE_STYLE('',#34,POSITIVE_LENGTH_MEASURE(2.E-2),#21);
#1920=PRESENTATION_STYLE_ASSIGNMENT((#1919));
#1921=STYLED_ITEM('',(#1920),#1918);
#1922=DIRECTION('',(9.967367497633E-1,-8.072082551182E-2,0.E0));
#1923=VECTOR('',#1922,5.8E-1);
#1924=CARTESIAN_POINT('',(-1.114899602368E0,-1.017409572771E1,5.E0));
#1925=LINE('',#1924,#1923);
#1926=CURVE_STYLE('',#34,POSITIVE_LENGTH_MEASURE(2.E-2),#21);
#1927=PRESENTATION_STYLE_ASSIGNMENT((#1926));
#1928=STYLED_ITEM('',(#1927),#1925);
#1929=CARTESIAN_POINT('',(8.238717661957E0,-8.371457989219E0,5.E0));
#1930=DIRECTION('',(0.E0,0.E0,1.E0));
#1931=DIRECTION('',(-9.960459072940E-1,-8.884002793146E-2,0.E0));
#1932=AXIS2_PLACEMENT_3D('',#1929,#1930,#1931);
#1934=CURVE_STYLE('',#34,POSITIVE_LENGTH_MEASURE(2.E-2),#21);
#1935=PRESENTATION_STYLE_ASSIGNMENT((#1934));
#1936=STYLED_ITEM('',(#1935),#1933);
#1937=CARTESIAN_POINT('',(0.E0,-2.025256353960E-3,5.E0));
#1938=DIRECTION('',(0.E0,0.E0,1.E0));
#1939=DIRECTION('',(-1.869283494426E-1,-9.823735502214E-1,0.E0));
#1940=AXIS2_PLACEMENT_3D('',#1937,#1938,#1939);
#1942=CURVE_STYLE('',#34,POSITIVE_LENGTH_MEASURE(2.E-2),#21);
#1943=PRESENTATION_STYLE_ASSIGNMENT((#1942));
#1944=STYLED_ITEM('',(#1943),#1941);
#1945=CARTESIAN_POINT('',(-1.046834395892E1,-5.326495314607E0,5.E0));
#1946=DIRECTION('',(0.E0,0.E0,1.E0));
#1947=DIRECTION('',(8.712278859423E-1,-4.908787739926E-1,0.E0));
#1948=AXIS2_PLACEMENT_3D('',#1945,#1946,#1947);
#1950=CURVE_STYLE('',#34,POSITIVE_LENGTH_MEASURE(2.E-2),#21);
#1951=PRESENTATION_STYLE_ASSIGNMENT((#1950));
#1952=STYLED_ITEM('',(#1951),#1949);
#1953=DIRECTION('',(9.708839558187E-1,-2.395502960419E-1,0.E0));
#1954=VECTOR('',#1953,5.8E-1);
#1955=CARTESIAN_POINT('',(-2.732369248819E0,-9.863538071509E0,5.E0));
#1956=LINE('',#1955,#1954);
#1957=CURVE_STYLE('',#34,POSITIVE_LENGTH_MEASURE(2.E-2),#21);
#1958=PRESENTATION_STYLE_ASSIGNMENT((#1957));
#1959=STYLED_ITEM('',(#1958),#1956);
#1960=CARTESIAN_POINT('',(6.789280812266E0,-9.584541910331E0,5.E0));
#1961=DIRECTION('',(0.E0,0.E0,1.E0));
#1962=DIRECTION('',(-9.973987444645E-1,7.208151316837E-2,0.E0));
#1963=AXIS2_PLACEMENT_3D('',#1960,#1961,#1962);
#1965=CURVE_STYLE('',#34,POSITIVE_LENGTH_MEASURE(2.E-2),#21);
#1966=PRESENTATION_STYLE_ASSIGNMENT((#1965));
#1967=STYLED_ITEM('',(#1966),#1964);
#1968=CARTESIAN_POINT('',(0.E0,-2.025256353960E-3,5.E0));
#1969=DIRECTION('',(0.E0,0.E0,1.E0));
#1970=DIRECTION('',(-3.421086213412E-1,-9.396604127045E-1,0.E0));
#1971=AXIS2_PLACEMENT_3D('',#1968,#1969,#1970);
#1973=CURVE_STYLE('',#34,POSITIVE_LENGTH_MEASURE(2.E-2),#21);
#1974=PRESENTATION_STYLE_ASSIGNMENT((#1973));
#1975=STYLED_ITEM('',(#1974),#1972);
#1976=CARTESIAN_POINT('',(-1.118716354836E1,-3.578428331126E0,5.E0));
#1977=DIRECTION('',(0.E0,0.E0,1.E0));
#1978=DIRECTION('',(7.812116019811E-1,-6.242663157100E-1,0.E0));
#1979=AXIS2_PLACEMENT_3D('',#1976,#1977,#1978);
#1981=CURVE_STYLE('',#34,POSITIVE_LENGTH_MEASURE(2.E-2),#21);
#1982=PRESENTATION_STYLE_ASSIGNMENT((#1981));
#1983=STYLED_ITEM('',(#1982),#1980);
#1984=DIRECTION('',(9.198899590563E-1,-3.921765714922E-1,0.E0));
#1985=VECTOR('',#1984,5.8E-1);
#1986=CARTESIAN_POINT('',(-4.279083735452E0,-9.297562443188E0,5.E0));
#1987=LINE('',#1986,#1985);
#1988=CURVE_STYLE('',#34,POSITIVE_LENGTH_MEASURE(2.E-2),#21);
#1989=PRESENTATION_STYLE_ASSIGNMENT((#1988));
#1990=STYLED_ITEM('',(#1989),#1987);
#1991=CARTESIAN_POINT('',(5.164034397627E0,-1.054943251170E1,5.E0));
#1992=DIRECTION('',(0.E0,0.E0,1.E0));
#1993=DIRECTION('',(-9.729201266275E-1,2.311415739392E-1,0.E0));
#1994=AXIS2_PLACEMENT_3D('',#1991,#1992,#1993);
#1996=CURVE_STYLE('',#34,POSITIVE_LENGTH_MEASURE(2.E-2),#21);
#1997=PRESENTATION_STYLE_ASSIGNMENT((#1996));
#1998=STYLED_ITEM('',(#1997),#1995);
#1999=CARTESIAN_POINT('',(0.E0,-2.025256353960E-3,5.E0));
#2000=DIRECTION('',(0.E0,0.E0,1.E0));
#2001=DIRECTION('',(-4.884237219638E-1,-8.726065939603E-1,0.E0));
#2002=AXIS2_PLACEMENT_3D('',#1999,#2000,#2001);
#2004=CURVE_STYLE('',#34,POSITIVE_LENGTH_MEASURE(2.E-2),#21);
#2005=PRESENTATION_STYLE_ASSIGNMENT((#2004));
#2006=STYLED_ITEM('',(#2005),#2003);
#2007=CARTESIAN_POINT('',(-1.161628966203E1,-1.737697346039E0,5.E0));
#2008=DIRECTION('',(0.E0,0.E0,1.E0));
#2009=DIRECTION('',(6.709657126058E-1,-7.414883765154E-1,0.E0));
#2010=AXIS2_PLACEMENT_3D('',#2007,#2008,#2009);
#2012=CURVE_STYLE('',#34,POSITIVE_LENGTH_MEASURE(2.E-2),#21);
#2013=PRESENTATION_STYLE_ASSIGNMENT((#2012));
#2014=STYLED_ITEM('',(#2013),#2011);
#2015=DIRECTION('',(8.450752575721E-1,-5.346473688699E-1,0.E0));
#2016=VECTOR('',#2015,5.8E-1);
#2017=CARTESIAN_POINT('',(-5.714990631309E0,-8.490824876538E0,5.E0));
#2018=LINE('',#2017,#2016);
#2019=CURVE_STYLE('',#34,POSITIVE_LENGTH_MEASURE(2.E-2),#21);
#2020=PRESENTATION_STYLE_ASSIGNMENT((#2019));
#2021=STYLED_ITEM('',(#2020),#2018);
#2022=CARTESIAN_POINT('',(3.405064446441E0,-1.124114378941E1,5.E0));
#2023=DIRECTION('',(0.E0,0.E0,1.E0));
#2024=DIRECTION('',(-9.232416058208E-1,3.842199074506E-1,0.E0));
#2025=AXIS2_PLACEMENT_3D('',#2022,#2023,#2024);
#2027=CURVE_STYLE('',#34,POSITIVE_LENGTH_MEASURE(2.E-2),#21);
#2028=PRESENTATION_STYLE_ASSIGNMENT((#2027));
#2029=STYLED_ITEM('',(#2028),#2026);
#2030=CARTESIAN_POINT('',(0.E0,-2.025256353960E-3,5.E0));
#2031=DIRECTION('',(0.E0,0.E0,1.E0));
#2032=DIRECTION('',(-6.220835043196E-1,-7.829509011767E-1,0.E0));
#2033=AXIS2_PLACEMENT_3D('',#2030,#2031,#2032);
#2035=CURVE_STYLE('',#34,POSITIVE_LENGTH_MEASURE(2.E-2),#21);
#2036=PRESENTATION_STYLE_ASSIGNMENT((#2035));
#2037=STYLED_ITEM('',(#2036),#2034);
#2038=CARTESIAN_POINT('',(-1.174461000728E1,1.480316031730E-1,5.E0));
#2039=DIRECTION('',(0.E0,0.E0,1.E0));
#2040=DIRECTION('',(5.433450536060E-1,-8.395094714903E-1,0.E0));
#2041=AXIS2_PLACEMENT_3D('',#2038,#2039,#2040);
#2043=CURVE_STYLE('',#34,POSITIVE_LENGTH_MEASURE(2.E-2),#21);
#2044=PRESENTATION_STYLE_ASSIGNMENT((#2043));
#2045=STYLED_ITEM('',(#2044),#2042);
#2046=DIRECTION('',(7.483771906047E-1,-6.632733829898E-1,0.E0));
#2047=VECTOR('',#2046,5.8E-1);
#2048=CARTESIAN_POINT('',(-7.002906886573E0,-7.464215976108E0,5.E0));
#2049=LINE('',#2048,#2047);
#2050=CURVE_STYLE('',#34,POSITIVE_LENGTH_MEASURE(2.E-2),#21);
#2051=PRESENTATION_STYLE_ASSIGNMENT((#2050));
#2052=STYLED_ITEM('',(#2051),#2049);
#2053=CARTESIAN_POINT('',(1.557919780508E0,-1.164176376398E1,5.E0));
#2054=DIRECTION('',(0.E0,0.E0,1.E0));
#2055=DIRECTION('',(-8.496478401732E-1,5.273504979509E-1,0.E0));
#2056=AXIS2_PLACEMENT_3D('',#2053,#2054,#2055);
#2058=CURVE_STYLE('',#34,POSITIVE_LENGTH_MEASURE(2.E-2),#21);
#2059=PRESENTATION_STYLE_ASSIGNMENT((#2058));
#2060=STYLED_ITEM('',(#2059),#2057);
#2061=CARTESIAN_POINT('',(0.E0,-2.025256353960E-3,5.E0));
#2062=DIRECTION('',(0.E0,0.E0,1.E0));
#2063=DIRECTION('',(-7.396263713479E-1,-6.730177046756E-1,0.E0));
#2064=AXIS2_PLACEMENT_3D('',#2061,#2062,#2063);
#2066=CURVE_STYLE('',#34,POSITIVE_LENGTH_MEASURE(2.E-2),#21);
#2067=PRESENTATION_STYLE_ASSIGNMENT((#2066));
#2068=STYLED_ITEM('',(#2067),#2065);
#2069=CARTESIAN_POINT('',(-1.156880170725E1,2.029927249201E0,5.E0));
#2070=DIRECTION('',(0.E0,0.E0,1.E0));
#2071=DIRECTION('',(4.016543833439E-1,-9.157913279457E-1,0.E0));
#2072=AXIS2_PLACEMENT_3D('',#2069,#2070,#2071);
#2074=CURVE_STYLE('',#34,POSITIVE_LENGTH_MEASURE(2.E-2),#21);
#2075=PRESENTATION_STYLE_ASSIGNMENT((#2074));
#2076=STYLED_ITEM('',(#2075),#2073);
#2077=DIRECTION('',(6.322997708109E-1,-7.747238216503E-1,0.E0));
#2078=VECTOR('',#2077,5.8E-1);
#2079=CARTESIAN_POINT('',(-8.109481693876E0,-6.244319951499E0,5.E0));
#2080=LINE('',#2079,#2078);
#2081=CURVE_STYLE('',#34,POSITIVE_LENGTH_MEASURE(2.E-2),#21);
#2082=PRESENTATION_STYLE_ASSIGNMENT((#2081));
#2083=STYLED_ITEM('',(#2082),#2080);
#2084=CARTESIAN_POINT('',(-3.295674793472E-1,-1.174091831397E1,5.E0));
#2085=DIRECTION('',(0.E0,0.E0,1.E0));
#2086=DIRECTION('',(-7.540435103031E-1,6.568244701362E-1,0.E0));
#2087=AXIS2_PLACEMENT_3D('',#2084,#2085,#2086);
#2089=CURVE_STYLE('',#34,POSITIVE_LENGTH_MEASURE(2.E-2),#21);
#2090=PRESENTATION_STYLE_ASSIGNMENT((#2089));
#2091=STYLED_ITEM('',(#2090),#2088);
#2092=CARTESIAN_POINT('',(0.E0,-2.025256353960E-3,5.E0));
#2093=DIRECTION('',(0.E0,0.E0,1.E0));
#2094=DIRECTION('',(-8.380089612010E-1,-5.456564678870E-1,0.E0));
#2095=AXIS2_PLACEMENT_3D('',#2092,#2093,#2094);
#2097=CURVE_STYLE('',#34,POSITIVE_LENGTH_MEASURE(2.E-2),#21);
#2098=PRESENTATION_STYLE_ASSIGNMENT((#2097));
#2099=STYLED_ITEM('',(#2098),#2096);
#2100=CARTESIAN_POINT('',(-1.109341734734E1,3.859257588766E0,5.E0));
#2101=DIRECTION('',(0.E0,0.E0,1.E0));
#2102=DIRECTION('',(2.495628054823E-1,-9.683586144192E-1,0.E0));
#2103=AXIS2_PLACEMENT_3D('',#2100,#2101,#2102);
#2105=CURVE_STYLE('',#34,POSITIVE_LENGTH_MEASURE(2.E-2),#21);
#2106=PRESENTATION_STYLE_ASSIGNMENT((#2105));
#2107=STYLED_ITEM('',(#2106),#2104);
#2108=DIRECTION('',(4.998488424383E-1,-8.661126570563E-1,0.E0));
#2109=VECTOR('',#2108,5.8E-1);
#2110=CARTESIAN_POINT('',(-9.006060113051E0,-4.862726214801E0,5.E0));
#2111=LINE('',#2110,#2109);
#2112=CURVE_STYLE('',#34,POSITIVE_LENGTH_MEASURE(2.E-2),#21);
#2113=PRESENTATION_STYLE_ASSIGNMENT((#2112));
#2114=STYLED_ITEM('',(#2113),#2111);
#2115=CARTESIAN_POINT('',(-2.208520534068E0,-1.153603981570E1,5.E0));
#2116=DIRECTION('',(0.E0,0.E0,1.E0));
#2117=DIRECTION('',(-6.389041046322E-1,7.692863869094E-1,0.E0));
#2118=AXIS2_PLACEMENT_3D('',#2115,#2116,#2117);
#2120=CURVE_STYLE('',#34,POSITIVE_LENGTH_MEASURE(2.E-2),#21);
#2121=PRESENTATION_STYLE_ASSIGNMENT((#2120));
#2122=STYLED_ITEM('',(#2121),#2119);
#2123=CARTESIAN_POINT('',(0.E0,-2.025256353960E-3,5.E0));
#2124=DIRECTION('',(0.E0,0.E0,1.E0));
#2125=DIRECTION('',(-9.146849111808E-1,-4.041676796308E-1,0.E0));
#2126=AXIS2_PLACEMENT_3D('',#2123,#2124,#2125);
#2128=CURVE_STYLE('',#34,POSITIVE_LENGTH_MEASURE(2.E-2),#21);
#2129=PRESENTATION_STYLE_ASSIGNMENT((#2128));
#2130=STYLED_ITEM('',(#2129),#2127);
#2131=CARTESIAN_POINT('',(-1.033076708526E1,5.588651806013E0,5.E0));
#2132=DIRECTION('',(0.E0,0.E0,1.E0));
#2133=DIRECTION('',(9.100875693015E-2,-9.958500922137E-1,0.E0));
#2134=AXIS2_PLACEMENT_3D('',#2131,#2132,#2133);
#2136=CURVE_STYLE('',#34,POSITIVE_LENGTH_MEASURE(2.E-2),#21);
#2137=PRESENTATION_STYLE_ASSIGNMENT((#2136));
#2138=STYLED_ITEM('',(#2137),#2135);
#2139=DIRECTION('',(3.544542444843E-1,-9.350733599922E-1,0.E0));
#2140=VECTOR('',#2139,5.8E-1);
#2141=CARTESIAN_POINT('',(-9.669425095610E0,-3.355211367468E0,5.E0));
#2142=LINE('',#2141,#2140);
#2143=CURVE_STYLE('',#34,POSITIVE_LENGTH_MEASURE(2.E-2),#21);
#2144=PRESENTATION_STYLE_ASSIGNMENT((#2143));
#2145=STYLED_ITEM('',(#2144),#2142);
#2146=CARTESIAN_POINT('',(-4.030283579271E0,-1.103243363222E1,5.E0));
#2147=DIRECTION('',(0.E0,0.E0,1.E0));
#2148=DIRECTION('',(-5.072118369717E-1,8.618214156284E-1,0.E0));
#2149=AXIS2_PLACEMENT_3D('',#2146,#2147,#2148);
#2151=CURVE_STYLE('',#34,POSITIVE_LENGTH_MEASURE(2.E-2),#21);
#2152=PRESENTATION_STYLE_ASSIGNMENT((#2151));
#2153=STYLED_ITEM('',(#2152),#2150);
#2154=CARTESIAN_POINT('',(0.E0,-2.025256353960E-3,5.E0));
#2155=DIRECTION('',(0.E0,0.E0,1.E0));
#2156=DIRECTION('',(-9.676706653278E-1,-2.522171355479E-1,0.E0));
#2157=AXIS2_PLACEMENT_3D('',#2154,#2155,#2156);
#2159=CURVE_STYLE('',#34,POSITIVE_LENGTH_MEASURE(2.E-2),#21);
#2160=PRESENTATION_STYLE_ASSIGNMENT((#2159));
#2161=STYLED_ITEM('',(#2160),#2158);
#2162=CARTESIAN_POINT('',(-9.300599877410E0,7.173326947730E0,5.E0));
#2163=DIRECTION('',(0.E0,0.E0,1.E0));
#2164=DIRECTION('',(-6.990197864159E-2,-9.975538649025E-1,0.E0));
#2165=AXIS2_PLACEMENT_3D('',#2162,#2163,#2164);
#2167=CURVE_STYLE('',#34,POSITIVE_LENGTH_MEASURE(2.E-2),#21);
#2168=PRESENTATION_STYLE_ASSIGNMENT((#2167));
#2169=STYLED_ITEM('',(#2168),#2166);
#2170=DIRECTION('',(1.998809944403E-1,-9.798201814933E-1,0.E0));
#2171=VECTOR('',#2170,5.8E-1);
#2172=CARTESIAN_POINT('',(-1.008239869411E1,-1.760812759228E0,5.E0));
#2173=LINE('',#2172,#2171);
#2174=CURVE_STYLE('',#34,POSITIVE_LENGTH_MEASURE(2.E-2),#21);
#2175=PRESENTATION_STYLE_ASSIGNMENT((#2174));
#2176=STYLED_ITEM('',(#2175),#2173);
#2177=CARTESIAN_POINT('',(-5.747681755457E0,-1.024314073010E1,5.E0));
#2178=DIRECTION('',(0.E0,0.E0,1.E0));
#2179=DIRECTION('',(-3.623783536669E-1,9.320310771609E-1,0.E0));
#2180=AXIS2_PLACEMENT_3D('',#2177,#2178,#2179);
#2182=CURVE_STYLE('',#34,POSITIVE_LENGTH_MEASURE(2.E-2),#21);
#2183=PRESENTATION_STYLE_ASSIGNMENT((#2182));
#2184=STYLED_ITEM('',(#2183),#2181);
#2185=CARTESIAN_POINT('',(0.E0,-2.025256353960E-3,5.E0));
#2186=DIRECTION('',(0.E0,0.E0,1.E0));
#2187=DIRECTION('',(-9.955966350581E-1,-9.374081427543E-2,0.E0));
#2188=AXIS2_PLACEMENT_3D('',#2185,#2186,#2187);
#2190=CURVE_STYLE('',#34,POSITIVE_LENGTH_MEASURE(2.E-2),#21);
#2191=PRESENTATION_STYLE_ASSIGNMENT((#2190));
#2192=STYLED_ITEM('',(#2191),#2189);
#2193=CARTESIAN_POINT('',(-8.029592076365E0,8.572247585429E0,5.E0));
#2194=DIRECTION('',(0.E0,0.E0,1.E0));
#2195=DIRECTION('',(-2.290025907564E-1,-9.734258130062E-1,0.E0));
#2196=AXIS2_PLACEMENT_3D('',#2193,#2194,#2195);
#2198=CURVE_STYLE('',#34,POSITIVE_LENGTH_MEASURE(2.E-2),#21);
#2199=PRESENTATION_STYLE_ASSIGNMENT((#2198));
#2200=STYLED_ITEM('',(#2199),#2197);
#2201=DIRECTION('',(4.013179253256E-2,-9.991943951144E-1,0.E0));
#2202=VECTOR('',#2201,5.8E-1);
#2203=CARTESIAN_POINT('',(-1.023428688797E1,-1.208176093631E-1,5.E0));
#2204=LINE('',#2203,#2202);
#2205=CURVE_STYLE('',#34,POSITIVE_LENGTH_MEASURE(2.E-2),#21);
#2206=PRESENTATION_STYLE_ASSIGNMENT((#2205));
#2207=STYLED_ITEM('',(#2206),#2204);
#2208=CARTESIAN_POINT('',(-7.316242748908E0,-9.188599981377E0,5.E0));
#2209=DIRECTION('',(0.E0,0.E0,1.E0));
#2210=DIRECTION('',(-2.081562388117E-1,9.780955885003E-1,0.E0));
#2211=AXIS2_PLACEMENT_3D('',#2208,#2209,#2210);
#2213=CURVE_STYLE('',#34,POSITIVE_LENGTH_MEASURE(2.E-2),#21);
#2214=PRESENTATION_STYLE_ASSIGNMENT((#2213));
#2215=STYLED_ITEM('',(#2214),#2212);
#2216=CARTESIAN_POINT('',(0.E0,-2.025256353960E-3,5.E0));
#2217=DIRECTION('',(0.E0,0.E0,1.E0));
#2218=DIRECTION('',(-9.977424090281E-1,6.715716809679E-2,0.E0));
#2219=AXIS2_PLACEMENT_3D('',#2216,#2217,#2218);
#2221=CURVE_STYLE('',#34,POSITIVE_LENGTH_MEASURE(2.E-2),#21);
#2222=PRESENTATION_STYLE_ASSIGNMENT((#2221));
#2223=STYLED_ITEM('',(#2222),#2220);
#2224=CARTESIAN_POINT('',(-6.550656642231E0,9.749188434650E0,5.E0));
#2225=DIRECTION('',(0.E0,0.E0,1.E0));
#2226=DIRECTION('',(-3.821731423881E-1,-9.240907364741E-1,0.E0));
#2227=AXIS2_PLACEMENT_3D('',#2224,#2225,#2226);
#2229=CURVE_STYLE('',#34,POSITIVE_LENGTH_MEASURE(2.E-2),#21);
#2230=PRESENTATION_STYLE_ASSIGNMENT((#2229));
#2231=STYLED_ITEM('',(#2230),#2228);
#2232=DIRECTION('',(-1.206566288715E-1,-9.926943023456E-1,0.E0));
#2233=VECTOR('',#2232,5.8E-1);
#2234=CARTESIAN_POINT('',(-1.012115650695E1,1.522306132753E0,5.E0));
#2235=LINE('',#2234,#2233);
#2236=CURVE_STYLE('',#34,POSITIVE_LENGTH_MEASURE(2.E-2),#21);
#2237=PRESENTATION_STYLE_ASSIGNMENT((#2236));
#2238=STYLED_ITEM('',(#2237),#2235);
#2239=CARTESIAN_POINT('',(-8.695348409708E0,-7.896118895539E0,5.E0));
#2240=DIRECTION('',(0.E0,0.E0,1.E0));
#2241=DIRECTION('',(-4.854162454332E-2,9.988211605121E-1,0.E0));
#2242=AXIS2_PLACEMENT_3D('',#2239,#2240,#2241);
#2244=CURVE_STYLE('',#34,POSITIVE_LENGTH_MEASURE(2.E-2),#21);
#2245=PRESENTATION_STYLE_ASSIGNMENT((#2244));
#2246=STYLED_ITEM('',(#2245),#2243);
#2247=CARTESIAN_POINT('',(0.E0,-2.025256353960E-3,5.E0));
#2248=DIRECTION('',(0.E0,0.E0,1.E0));
#2249=DIRECTION('',(-9.740551267899E-1,2.263108702079E-1,0.E0));
#2250=AXIS2_PLACEMENT_3D('',#2247,#2248,#2249);
#2252=CURVE_STYLE('',#34,POSITIVE_LENGTH_MEASURE(2.E-2),#21);
#2253=PRESENTATION_STYLE_ASSIGNMENT((#2252));
#2254=STYLED_ITEM('',(#2253),#2251);
#2255=CARTESIAN_POINT('',(-4.902090856040E0,1.067367241477E1,5.E0));
#2256=DIRECTION('',(0.E0,0.E0,1.E0));
#2257=DIRECTION('',(-5.254472564212E-1,-8.508261753845E-1,0.E0));
#2258=AXIS2_PLACEMENT_3D('',#2255,#2256,#2257);
#2260=CURVE_STYLE('',#34,POSITIVE_LENGTH_MEASURE(2.E-2),#21);
#2261=PRESENTATION_STYLE_ASSIGNMENT((#2260));
#2262=STYLED_ITEM('',(#2261),#2259);
#2263=DIRECTION('',(-2.783206266412E-1,-9.604882241787E-1,0.E0));
#2264=VECTOR('',#2263,5.8E-1);
#2265=CARTESIAN_POINT('',(-9.745937081234E0,3.126009502326E0,5.E0));
#2266=LINE('',#2265,#2264);
#2267=CURVE_STYLE('',#34,POSITIVE_LENGTH_MEASURE(2.E-2),#21);
#2268=PRESENTATION_STYLE_ASSIGNMENT((#2267));
#2269=STYLED_ITEM('',(#2268),#2266);
#2270=CARTESIAN_POINT('',(-9.849286565546E0,-6.399166487010E0,5.E0));
#2271=DIRECTION('',(0.E0,0.E0,1.E0));
#2272=DIRECTION('',(1.123295494091E-1,9.936710080955E-1,0.E0));
#2273=AXIS2_PLACEMENT_3D('',#2270,#2271,#2272);
#2275=CURVE_STYLE('',#34,POSITIVE_LENGTH_MEASURE(2.E-2),#21);
#2276=PRESENTATION_STYLE_ASSIGNMENT((#2275));
#2277=STYLED_ITEM('',(#2276),#2274);
#2278=CARTESIAN_POINT('',(0.E0,-2.025256353960E-3,5.E0));
#2279=DIRECTION('',(0.E0,0.E0,1.E0));
#2280=DIRECTION('',(-9.251505693998E-1,3.796003476543E-1,0.E0));
#2281=AXIS2_PLACEMENT_3D('',#2278,#2279,#2280);
#2283=CURVE_STYLE('',#34,POSITIVE_LENGTH_MEASURE(2.E-2),#21);
#2284=PRESENTATION_STYLE_ASSIGNMENT((#2283));
#2285=STYLED_ITEM('',(#2284),#2282);
#2286=CARTESIAN_POINT('',(-3.126584605230E0,1.132175985812E1,5.E0));
#2287=DIRECTION('',(0.E0,0.E0,1.E0));
#2288=DIRECTION('',(-6.551148256509E-1,-7.555293278308E-1,0.E0));
#2289=AXIS2_PLACEMENT_3D('',#2286,#2287,#2288);
#2291=CURVE_STYLE('',#34,POSITIVE_LENGTH_MEASURE(2.E-2),#21);
#2292=PRESENTATION_STYLE_ASSIGNMENT((#2291));
#2293=STYLED_ITEM('',(#2292),#2290);
#2294=DIRECTION('',(-4.287774651198E-1,-9.034101424079E-1,0.E0));
#2295=VECTOR('',#2294,5.8E-1);
#2296=CARTESIAN_POINT('',(-9.118344980760E0,4.648764331718E0,5.E0));
#2297=LINE('',#2296,#2295);
#2298=CURVE_STYLE('',#34,POSITIVE_LENGTH_MEASURE(2.E-2),#21);
#2299=PRESENTATION_STYLE_ASSIGNMENT((#2298));
#2300=STYLED_ITEM('',(#2299),#2297);
#2301=CARTESIAN_POINT('',(-1.074817579440E1,-4.736506589392E0,5.E0));
#2302=DIRECTION('',(0.E0,0.E0,1.E0));
#2303=DIRECTION('',(2.702889137670E-1,9.627792597967E-1,0.E0));
#2304=AXIS2_PLACEMENT_3D('',#2301,#2302,#2303);
#2306=CURVE_STYLE('',#34,POSITIVE_LENGTH_MEASURE(2.E-2),#21);
#2307=PRESENTATION_STYLE_ASSIGNMENT((#2306));
#2308=STYLED_ITEM('',(#2307),#2305);
#2309=CARTESIAN_POINT('',(0.E0,-2.025256353960E-3,5.E0));
#2310=DIRECTION('',(0.E0,0.E0,1.E0));
#2311=DIRECTION('',(-8.522969673434E-1,5.230581989199E-1,0.E0));
#2312=AXIS2_PLACEMENT_3D('',#2309,#2310,#2311);
#2314=CURVE_STYLE('',#34,POSITIVE_LENGTH_MEASURE(2.E-2),#21);
#2315=PRESENTATION_STYLE_ASSIGNMENT((#2314));
#2316=STYLED_ITEM('',(#2315),#2313);
#2317=CARTESIAN_POINT('',(-1.270114921852E0,1.167666843171E1,5.E0));
#2318=DIRECTION('',(0.E0,0.E0,1.E0));
#2319=DIRECTION('',(-7.678180866314E-1,-6.406679216581E-1,0.E0));
#2320=AXIS2_PLACEMENT_3D('',#2317,#2318,#2319);
#2322=CURVE_STYLE('',#34,POSITIVE_LENGTH_MEASURE(2.E-2),#21);
#2323=PRESENTATION_STYLE_ASSIGNMENT((#2322));
#2324=STYLED_ITEM('',(#2323),#2321);
#2325=DIRECTION('',(-5.681310392487E-1,-8.229381035304E-1,0.E0));
#2326=VECTOR('',#2325,5.8E-1);
#2327=CARTESIAN_POINT('',(-8.254631808194E0,6.051138629312E0,5.E0));
#2328=LINE('',#2327,#2326);
#2329=CURVE_STYLE('',#34,POSITIVE_LENGTH_MEASURE(2.E-2),#21);
#2330=PRESENTATION_STYLE_ASSIGNMENT((#2329));
#2331=STYLED_ITEM('',(#2330),#2328);
#2332=CARTESIAN_POINT('',(-1.136873920898E1,-2.951194059501E0,5.E0));
#2333=DIRECTION('',(0.E0,0.E0,1.E0));
#2334=DIRECTION('',(4.212438762136E-1,9.069474057257E-1,0.E0));
#2335=AXIS2_PLACEMENT_3D('',#2332,#2333,#2334);
#2337=CURVE_STYLE('',#34,POSITIVE_LENGTH_MEASURE(2.E-2),#21);
#2338=PRESENTATION_STYLE_ASSIGNMENT((#2337));
#2339=STYLED_ITEM('',(#2338),#2336);
#2340=CARTESIAN_POINT('',(0.E0,-2.025256353960E-3,5.E0));
#2341=DIRECTION('',(0.E0,0.E0,1.E0));
#2342=DIRECTION('',(-7.573819703906E-1,6.529720904658E-1,0.E0));
#2343=AXIS2_PLACEMENT_3D('',#2340,#2341,#2342);
#2345=CURVE_STYLE('',#34,POSITIVE_LENGTH_MEASURE(2.E-2),#21);
#2346=PRESENTATION_STYLE_ASSIGNMENT((#2345));
#2347=STYLED_ITEM('',(#2346),#2344);
#2348=CARTESIAN_POINT('',(6.192446003783E-1,1.172920771850E1,5.E0));
#2349=DIRECTION('',(0.E0,0.E0,1.E0));
#2350=DIRECTION('',(-8.606385695235E-1,-5.092163122373E-1,0.E0));
#2351=AXIS2_PLACEMENT_3D('',#2348,#2349,#2350);
#2353=CURVE_STYLE('',#34,POSITIVE_LENGTH_MEASURE(2.E-2),#21);
#2354=PRESENTATION_STYLE_ASSIGNMENT((#2353));
#2355=STYLED_ITEM('',(#2354),#2352);
#2356=DIRECTION('',(-6.927727648614E-1,-7.211559444852E-1,0.E0));
#2357=VECTOR('',#2356,5.8E-1);
#2358=CARTESIAN_POINT('',(-7.177163560954E0,7.296817677543E0,5.E0));
#2359=LINE('',#2358,#2357);
#2360=CURVE_STYLE('',#34,POSITIVE_LENGTH_MEASURE(2.E-2),#21);
#2361=PRESENTATION_STYLE_ASSIGNMENT((#2360));
#2362=STYLED_ITEM('',(#2361),#2359);
#2363=CARTESIAN_POINT('',(-1.169490721562E1,-1.089459864633E0,5.E0));
#2364=DIRECTION('',(0.E0,0.E0,1.E0));
#2365=DIRECTION('',(5.612838269742E-1,8.276233838994E-1,0.E0));
#2366=AXIS2_PLACEMENT_3D('',#2363,#2364,#2365);
#2368=CURVE_STYLE('',#34,POSITIVE_LENGTH_MEASURE(2.E-2),#21);
#2369=PRESENTATION_STYLE_ASSIGNMENT((#2368));
#2370=STYLED_ITEM('',(#2369),#2367);
#2371=CARTESIAN_POINT('',(0.E0,-2.025256353960E-3,5.E0));
#2372=DIRECTION('',(0.E0,0.E0,1.E0));
#2373=DIRECTION('',(-6.428636541340E-1,7.659806278187E-1,0.E0));
#2374=AXIS2_PLACEMENT_3D('',#2371,#2372,#2373);
#2376=CURVE_STYLE('',#34,POSITIVE_LENGTH_MEASURE(2.E-2),#21);
#2377=PRESENTATION_STYLE_ASSIGNMENT((#2376));
#2378=STYLED_ITEM('',(#2377),#2375);
#2379=CARTESIAN_POINT('',(2.492568679857E0,1.147801720485E1,5.E0));
#2380=DIRECTION('',(0.E0,0.E0,1.E0));
#2381=DIRECTION('',(-9.311726723599E-1,-3.645784610342E-1,0.E0));
#2382=AXIS2_PLACEMENT_3D('',#2379,#2380,#2381);
#2384=CURVE_STYLE('',#34,POSITIVE_LENGTH_MEASURE(2.E-2),#21);
#2385=PRESENTATION_STYLE_ASSIGNMENT((#2384));
#2386=STYLED_ITEM('',(#2385),#2383);
#2387=DIRECTION('',(-7.994750235752E-1,-6.006993313459E-1,0.E0));
#2388=VECTOR('',#2387,5.8E-1);
#2389=CARTESIAN_POINT('',(-5.913841459954E0,8.353544408605E0,5.E0));
#2390=LINE('',#2389,#2388);
#2391=CURVE_STYLE('',#34,POSITIVE_LENGTH_MEASURE(2.E-2),#21);
#2392=PRESENTATION_STYLE_ASSIGNMENT((#2391));
#2393=STYLED_ITEM('',(#2392),#2390);
#2394=CARTESIAN_POINT('',(-1.171823363911E1,8.004860760936E-1,5.E0));
#2395=DIRECTION('',(0.E0,0.E0,1.E0));
#2396=DIRECTION('',(6.867815698777E-1,7.268638629595E-1,0.E0));
#2397=AXIS2_PLACEMENT_3D('',#2394,#2395,#2396);
#2399=CURVE_STYLE('',#34,POSITIVE_LENGTH_MEASURE(2.E-2),#21);
#2400=PRESENTATION_STYLE_ASSIGNMENT((#2399));
#2401=STYLED_ITEM('',(#2400),#2398);
#2402=CARTESIAN_POINT('',(0.E0,-2.025256353960E-3,5.E0));
#2403=DIRECTION('',(0.E0,0.E0,1.E0));
#2404=DIRECTION('',(-5.117068434579E-1,8.591601168341E-1,0.E0));
#2405=AXIS2_PLACEMENT_3D('',#2402,#2403,#2404);
#2407=CURVE_STYLE('',#34,POSITIVE_LENGTH_MEASURE(2.E-2),#21);
#2408=PRESENTATION_STYLE_ASSIGNMENT((#2407));
#2409=STYLED_ITEM('',(#2408),#2406);
#2410=CARTESIAN_POINT('',(4.301347275459E0,1.092960151125E1,5.E0));
#2411=DIRECTION('',(0.E0,0.E0,1.E0));
#2412=DIRECTION('',(-9.775939027219E-1,-2.104997894560E-1,0.E0));
#2413=AXIS2_PLACEMENT_3D('',#2410,#2411,#2412);
#2415=CURVE_STYLE('',#34,POSITIVE_LENGTH_MEASURE(2.E-2),#21);
#2416=PRESENTATION_STYLE_ASSIGNMENT((#2415));
#2417=STYLED_ITEM('',(#2416),#2414);
#2418=DIRECTION('',(-8.854747425107E-1,-4.646875083060E-1,0.E0));
#2419=VECTOR('',#2418,5.8E-1);
#2420=CARTESIAN_POINT('',(-4.497379442812E0,9.193954706619E0,5.E0));
#2421=LINE('',#2420,#2419);
#2422=CURVE_STYLE('',#34,POSITIVE_LENGTH_MEASURE(2.E-2),#21);
#2423=PRESENTATION_STYLE_ASSIGNMENT((#2422));
#2424=STYLED_ITEM('',(#2423),#2421);
#2425=CARTESIAN_POINT('',(-1.143811443778E1,2.669703295667E0,5.E0));
#2426=DIRECTION('',(0.E0,0.E0,1.E0));
#2427=DIRECTION('',(7.944873353431E-1,6.072807209022E-1,0.E0));
#2428=AXIS2_PLACEMENT_3D('',#2425,#2426,#2427);
#2430=CURVE_STYLE('',#34,POSITIVE_LENGTH_MEASURE(2.E-2),#21);
#2431=PRESENTATION_STYLE_ASSIGNMENT((#2430));
#2432=STYLED_ITEM('',(#2431),#2429);
#2433=CARTESIAN_POINT('',(0.E0,-2.025256353960E-3,5.E0));
#2434=DIRECTION('',(0.E0,0.E0,1.E0));
#2435=DIRECTION('',(-3.673064043455E-1,9.300999974878E-1,0.E0));
#2436=AXIS2_PLACEMENT_3D('',#2433,#2434,#2435);
#2438=CURVE_STYLE('',#34,POSITIVE_LENGTH_MEASURE(2.E-2),#21);
#2439=PRESENTATION_STYLE_ASSIGNMENT((#2438));
#2440=STYLED_ITEM('',(#2439),#2437);
#2441=CARTESIAN_POINT('',(5.998741762182E0,1.009816195401E1,5.E0));
#2442=DIRECTION('',(0.E0,0.E0,1.E0));
#2443=DIRECTION('',(-9.987001750659E-1,-5.097019053669E-2,0.E0));
#2444=AXIS2_PLACEMENT_3D('',#2441,#2442,#2443);
#2446=CURVE_STYLE('',#34,POSITIVE_LENGTH_MEASURE(2.E-2),#21);
#2447=PRESENTATION_STYLE_ASSIGNMENT((#2446));
#2448=STYLED_ITEM('',(#2447),#2445);
#2449=DIRECTION('',(-9.485449445269E-1,-3.166425243273E-1,0.E0));
#2450=VECTOR('',#2449,5.8E-1);
#2451=CARTESIAN_POINT('',(-2.964457030952E0,9.796286006015E0,5.E0));
#2452=LINE('',#2451,#2450);
#2453=CURVE_STYLE('',#34,POSITIVE_LENGTH_MEASURE(2.E-2),#21);
#2454=PRESENTATION_STYLE_ASSIGNMENT((#2453));
#2455=STYLED_ITEM('',(#2454),#2452);
#2456=CARTESIAN_POINT('',(-1.086180334534E1,4.469788100787E0,5.E0));
#2457=DIRECTION('',(0.E0,0.E0,1.E0));
#2458=DIRECTION('',(8.816129319756E-1,4.719731328935E-1,0.E0));
#2459=AXIS2_PLACEMENT_3D('',#2456,#2457,#2458);
#2461=CURVE_STYLE('',#34,POSITIVE_LENGTH_MEASURE(2.E-2),#21);
#2462=PRESENTATION_STYLE_ASSIGNMENT((#2461));
#2463=STYLED_ITEM('',(#2462),#2460);
#2464=CARTESIAN_POINT('',(0.E0,0.E0,5.E0));
#2465=DIRECTION('',(0.E0,0.E0,1.E0));
#2466=DIRECTION('',(1.E0,0.E0,0.E0));
#2467=AXIS2_PLACEMENT_3D('',#2464,#2465,#2466);
#2469=CURVE_STYLE('',#34,POSITIVE_LENGTH_MEASURE(2.E-2),#21);
#2470=PRESENTATION_STYLE_ASSIGNMENT((#2469));
#2471=STYLED_ITEM('',(#2470),#2468);
#2472=CARTESIAN_POINT('',(0.E0,0.E0,5.E0));
#2473=DIRECTION('',(0.E0,0.E0,1.E0));
#2474=DIRECTION('',(-1.E0,0.E0,0.E0));
#2475=AXIS2_PLACEMENT_3D('',#2472,#2473,#2474);
#2477=CURVE_STYLE('',#34,POSITIVE_LENGTH_MEASURE(2.E-2),#21);
#2478=PRESENTATION_STYLE_ASSIGNMENT((#2477));
#2479=STYLED_ITEM('',(#2478),#2476);
#2480=DIRECTION('',(0.E0,0.E0,1.E0));
#2481=VECTOR('',#2480,5.E0);
#2482=CARTESIAN_POINT('',(-1.984615197173E0,9.083749477765E0,0.E0));
#2483=LINE('',#2482,#2481);
#2484=CURVE_STYLE('',#34,POSITIVE_LENGTH_MEASURE(2.E-2),#21);
#2485=PRESENTATION_STYLE_ASSIGNMENT((#2484));
#2486=STYLED_ITEM('',(#2485),#2483);
#2487=DIRECTION('',(0.E0,0.E0,1.E0));
#2488=VECTOR('',#2487,5.E0);
#2489=CARTESIAN_POINT('',(-1.927259908621E0,1.005190997993E1,0.E0));
#2490=LINE('',#2489,#2488);
#2491=CURVE_STYLE('',#34,POSITIVE_LENGTH_MEASURE(2.E-2),#21);
#2492=PRESENTATION_STYLE_ASSIGNMENT((#2491));
#2493=STYLED_ITEM('',(#2492),#2490);
#2494=DIRECTION('',(0.E0,0.E0,1.E0));
#2495=VECTOR('',#2494,5.E0);
#2496=CARTESIAN_POINT('',(-1.354769507244E0,1.014494083680E1,0.E0));
#2497=LINE('',#2496,#2495);
#2498=CURVE_STYLE('',#34,POSITIVE_LENGTH_MEASURE(2.E-2),#21);
#2499=PRESENTATION_STYLE_ASSIGNMENT((#2498));
#2500=STYLED_ITEM('',(#2499),#2497);
#2501=DIRECTION('',(0.E0,0.E0,1.E0));
#2502=VECTOR('',#2501,5.E0);
#2503=CARTESIAN_POINT('',(-9.937929870184E-1,9.244724199479E0,0.E0));
#2504=LINE('',#2503,#2502);
#2505=CURVE_STYLE('',#34,POSITIVE_LENGTH_MEASURE(2.E-2),#21);
#2506=PRESENTATION_STYLE_ASSIGNMENT((#2505));
#2507=STYLED_ITEM('',(#2506),#2504);
#2508=DIRECTION('',(0.E0,0.E0,1.E0));
#2509=VECTOR('',#2508,5.E0);
#2510=CARTESIAN_POINT('',(-5.019112663717E-1,9.284421054302E0,0.E0));
#2511=LINE('',#2510,#2509);
#2512=CURVE_STYLE('',#34,POSITIVE_LENGTH_MEASURE(2.E-2),#21);
#2513=PRESENTATION_STYLE_ASSIGNMENT((#2512));
#2514=STYLED_ITEM('',(#2513),#2511);
#2515=DIRECTION('',(0.E0,0.E0,1.E0));
#2516=VECTOR('',#2515,5.E0);
#2517=CARTESIAN_POINT('',(-2.9E-1,1.023089072369E1,0.E0));
#2518=LINE('',#2517,#2516);
#2519=CURVE_STYLE('',#34,POSITIVE_LENGTH_MEASURE(2.E-2),#21);
#2520=PRESENTATION_STYLE_ASSIGNMENT((#2519));
#2521=STYLED_ITEM('',(#2520),#2518);
#2522=DIRECTION('',(0.E0,0.E0,1.E0));
#2523=VECTOR('',#2522,5.E0);
#2524=CARTESIAN_POINT('',(2.9E-1,1.023089072369E1,0.E0));
#2525=LINE('',#2524,#2523);
#2526=CURVE_STYLE('',#34,POSITIVE_LENGTH_MEASURE(2.E-2),#21);
#2527=PRESENTATION_STYLE_ASSIGNMENT((#2526));
#2528=STYLED_ITEM('',(#2527),#2525);
#2529=DIRECTION('',(0.E0,0.E0,1.E0));
#2530=VECTOR('',#2529,5.E0);
#2531=CARTESIAN_POINT('',(5.019112663717E-1,9.284421054302E0,0.E0));
#2532=LINE('',#2531,#2530);
#2533=CURVE_STYLE('',#34,POSITIVE_LENGTH_MEASURE(2.E-2),#21);
#2534=PRESENTATION_STYLE_ASSIGNMENT((#2533));
#2535=STYLED_ITEM('',(#2534),#2532);
#2536=DIRECTION('',(0.E0,0.E0,1.E0));
#2537=VECTOR('',#2536,5.E0);
#2538=CARTESIAN_POINT('',(9.986334146930E-1,9.244202693630E0,0.E0));
#2539=LINE('',#2538,#2537);
#2540=CURVE_STYLE('',#34,POSITIVE_LENGTH_MEASURE(2.E-2),#21);
#2541=PRESENTATION_STYLE_ASSIGNMENT((#2540));
#2542=STYLED_ITEM('',(#2541),#2539);
#2543=DIRECTION('',(0.E0,0.E0,1.E0));
#2544=VECTOR('',#2543,5.E0);
#2545=CARTESIAN_POINT('',(1.360081199893E0,1.014423009053E1,0.E0));
#2546=LINE('',#2545,#2544);
#2547=CURVE_STYLE('',#34,POSITIVE_LENGTH_MEASURE(2.E-2),#21);
#2548=PRESENTATION_STYLE_ASSIGNMENT((#2547));
#2549=STYLED_ITEM('',(#2548),#2546);
#2550=DIRECTION('',(0.E0,0.E0,1.E0));
#2551=VECTOR('',#2550,5.E0);
#2552=CARTESIAN_POINT('',(1.932522811954E0,1.005089949115E1,0.E0));
#2553=LINE('',#2552,#2551);
#2554=CURVE_STYLE('',#34,POSITIVE_LENGTH_MEASURE(2.E-2),#21);
#2555=PRESENTATION_STYLE_ASSIGNMENT((#2554));
#2556=STYLED_ITEM('',(#2555),#2553);
#2557=DIRECTION('',(0.E0,0.E0,1.E0));
#2558=VECTOR('',#2557,5.E0);
#2559=CARTESIAN_POINT('',(1.989371163220E0,9.082709322870E0,0.E0));
#2560=LINE('',#2559,#2558);
#2561=CURVE_STYLE('',#34,POSITIVE_LENGTH_MEASURE(2.E-2),#21);
#2562=PRESENTATION_STYLE_ASSIGNMENT((#2561));
#2563=STYLED_ITEM('',(#2562),#2560);
#2564=DIRECTION('',(0.E0,0.E0,1.E0));
#2565=VECTOR('',#2564,5.E0);
#2566=CARTESIAN_POINT('',(2.468484944534E0,8.964388858475E0,0.E0));
#2567=LINE('',#2566,#2565);
#2568=CURVE_STYLE('',#34,POSITIVE_LENGTH_MEASURE(2.E-2),#21);
#2569=PRESENTATION_STYLE_ASSIGNMENT((#2568));
#2570=STYLED_ITEM('',(#2569),#2567);
#2571=DIRECTION('',(0.E0,0.E0,1.E0));
#2572=VECTOR('',#2571,5.E0);
#2573=CARTESIAN_POINT('',(2.969585947715E0,9.794732477160E0,0.E0));
#2574=LINE('',#2573,#2572);
#2575=CURVE_STYLE('',#34,POSITIVE_LENGTH_MEASURE(2.E-2),#21);
#2576=PRESENTATION_STYLE_ASSIGNMENT((#2575));
#2577=STYLED_ITEM('',(#2576),#2574);
#2578=DIRECTION('',(0.E0,0.E0,1.E0));
#2579=VECTOR('',#2578,5.E0);
#2580=CARTESIAN_POINT('',(3.519645779820E0,9.610791777195E0,0.E0));
#2581=LINE('',#2580,#2579);
#2582=CURVE_STYLE('',#34,POSITIVE_LENGTH_MEASURE(2.E-2),#21);
#2583=PRESENTATION_STYLE_ASSIGNMENT((#2582));
#2584=STYLED_ITEM('',(#2583),#2581);
#2585=DIRECTION('',(0.E0,0.E0,1.E0));
#2586=VECTOR('',#2585,5.E0);
#2587=CARTESIAN_POINT('',(3.420477185335E0,8.646115342908E0,0.E0));
#2588=LINE('',#2587,#2586);
#2589=CURVE_STYLE('',#34,POSITIVE_LENGTH_MEASURE(2.E-2),#21);
#2590=PRESENTATION_STYLE_ASSIGNMENT((#2589));
#2591=STYLED_ITEM('',(#2590),#2588);
#2592=DIRECTION('',(0.E0,0.E0,1.E0));
#2593=VECTOR('',#2592,5.E0);
#2594=CARTESIAN_POINT('',(3.874463818822E0,8.452472370154E0,0.E0));
#2595=LINE('',#2594,#2593);
#2596=CURVE_STYLE('',#34,POSITIVE_LENGTH_MEASURE(2.E-2),#21);
#2597=PRESENTATION_STYLE_ASSIGNMENT((#2596));
#2598=STYLED_ITEM('',(#2597),#2595);
#2599=DIRECTION('',(0.E0,0.E0,1.E0));
#2600=VECTOR('',#2599,5.E0);
#2601=CARTESIAN_POINT('',(4.502192769529E0,9.191598624070E0,0.E0));
#2602=LINE('',#2601,#2600);
#2603=CURVE_STYLE('',#34,POSITIVE_LENGTH_MEASURE(2.E-2),#21);
#2604=PRESENTATION_STYLE_ASSIGNMENT((#2603));
#2605=STYLED_ITEM('',(#2604),#2602);
#2606=DIRECTION('',(0.E0,0.E0,1.E0));
#2607=VECTOR('',#2606,5.E0);
#2608=CARTESIAN_POINT('',(5.015626930102E0,8.921810998785E0,0.E0));
#2609=LINE('',#2608,#2607);
#2610=CURVE_STYLE('',#34,POSITIVE_LENGTH_MEASURE(2.E-2),#21);
#2611=PRESENTATION_STYLE_ASSIGNMENT((#2610));
#2612=STYLED_ITEM('',(#2611),#2609);
#2613=DIRECTION('',(0.E0,0.E0,1.E0));
#2614=VECTOR('',#2613,5.E0);
#2615=CARTESIAN_POINT('',(4.763055756605E0,7.985671524287E0,0.E0));
#2616=LINE('',#2615,#2614);
#2617=CURVE_STYLE('',#34,POSITIVE_LENGTH_MEASURE(2.E-2),#21);
#2618=PRESENTATION_STYLE_ASSIGNMENT((#2617));
#2619=STYLED_ITEM('',(#2618),#2616);
#2620=DIRECTION('',(0.E0,0.E0,1.E0));
#2621=VECTOR('',#2620,5.E0);
#2622=CARTESIAN_POINT('',(5.180177484604E0,7.721688955604E0,0.E0));
#2623=LINE('',#2622,#2621);
#2624=CURVE_STYLE('',#34,POSITIVE_LENGTH_MEASURE(2.E-2),#21);
#2625=PRESENTATION_STYLE_ASSIGNMENT((#2624));
#2626=STYLED_ITEM('',(#2625),#2623);
#2627=DIRECTION('',(0.E0,0.E0,1.E0));
#2628=VECTOR('',#2627,5.E0);
#2629=CARTESIAN_POINT('',(5.918214554722E0,8.350446783513E0,0.E0));
#2630=LINE('',#2629,#2628);
#2631=CURVE_STYLE('',#34,POSITIVE_LENGTH_MEASURE(2.E-2),#21);
#2632=PRESENTATION_STYLE_ASSIGNMENT((#2631));
#2633=STYLED_ITEM('',(#2632),#2630);
#2634=DIRECTION('',(0.E0,0.E0,1.E0));
#2635=VECTOR('',#2634,5.E0);
#2636=CARTESIAN_POINT('',(6.381727580090E0,8.001798428699E0,0.E0));
#2637=LINE('',#2636,#2635);
#2638=CURVE_STYLE('',#34,POSITIVE_LENGTH_MEASURE(2.E-2),#21);
#2639=PRESENTATION_STYLE_ASSIGNMENT((#2638));
#2640=STYLED_ITEM('',(#2639),#2637);
#2641=DIRECTION('',(0.E0,0.E0,1.E0));
#2642=VECTOR('',#2641,5.E0);
#2643=CARTESIAN_POINT('',(5.982360342066E0,7.118463823595E0,0.E0));
#2644=LINE('',#2643,#2642);
#2645=CURVE_STYLE('',#34,POSITIVE_LENGTH_MEASURE(2.E-2),#21);
#2646=PRESENTATION_STYLE_ASSIGNMENT((#2645));
#2647=STYLED_ITEM('',(#2646),#2644);
#2648=DIRECTION('',(0.E0,0.E0,1.E0));
#2649=VECTOR('',#2648,5.E0);
#2650=CARTESIAN_POINT('',(6.351822505346E0,6.790938077904E0,0.E0));
#2651=LINE('',#2650,#2649);
#2652=CURVE_STYLE('',#34,POSITIVE_LENGTH_MEASURE(2.E-2),#21);
#2653=PRESENTATION_STYLE_ASSIGNMENT((#2652));
#2654=STYLED_ITEM('',(#2653),#2651);
#2655=DIRECTION('',(0.E0,0.E0,1.E0));
#2656=VECTOR('',#2655,5.E0);
#2657=CARTESIAN_POINT('',(7.180983181751E0,7.293058723430E0,0.E0));
#2658=LINE('',#2657,#2656);
#2659=CURVE_STYLE('',#34,POSITIVE_LENGTH_MEASURE(2.E-2),#21);
#2660=PRESENTATION_STYLE_ASSIGNMENT((#2659));
#2661=STYLED_ITEM('',(#2660),#2658);
#2662=DIRECTION('',(0.E0,0.E0,1.E0));
#2663=VECTOR('',#2662,5.E0);
#2664=CARTESIAN_POINT('',(7.582572324408E0,6.874577946691E0,0.E0));
#2665=LINE('',#2664,#2663);
#2666=CURVE_STYLE('',#34,POSITIVE_LENGTH_MEASURE(2.E-2),#21);
#2667=PRESENTATION_STYLE_ASSIGNMENT((#2666));
#2668=STYLED_ITEM('',(#2667),#2665);
#2669=DIRECTION('',(0.E0,0.E0,1.E0));
#2670=VECTOR('',#2669,5.E0);
#2671=CARTESIAN_POINT('',(7.046830415327E0,6.066926967682E0,0.E0));
#2672=LINE('',#2671,#2670);
#2673=CURVE_STYLE('',#34,POSITIVE_LENGTH_MEASURE(2.E-2),#21);
#2674=PRESENTATION_STYLE_ASSIGNMENT((#2673));
#2675=STYLED_ITEM('',(#2674),#2672);
#2676=DIRECTION('',(0.E0,0.E0,1.E0));
#2677=VECTOR('',#2676,5.E0);
#2678=CARTESIAN_POINT('',(7.359059057701E0,5.684296031199E0,0.E0));
#2679=LINE('',#2678,#2677);
#2680=CURVE_STYLE('',#34,POSITIVE_LENGTH_MEASURE(2.E-2),#21);
#2681=PRESENTATION_STYLE_ASSIGNMENT((#2680));
#2682=STYLED_ITEM('',(#2681),#2679);
#2683=DIRECTION('',(0.E0,0.E0,1.E0));
#2684=VECTOR('',#2683,5.E0);
#2685=CARTESIAN_POINT('',(8.257799045300E0,6.046815684924E0,0.E0));
#2686=LINE('',#2685,#2684);
#2687=CURVE_STYLE('',#34,POSITIVE_LENGTH_MEASURE(2.E-2),#21);
#2688=PRESENTATION_STYLE_ASSIGNMENT((#2687));
#2689=STYLED_ITEM('',(#2688),#2686);
#2690=DIRECTION('',(0.E0,0.E0,1.E0));
#2691=VECTOR('',#2690,5.E0);
#2692=CARTESIAN_POINT('',(8.587065087064E0,5.569339116137E0,0.E0));
#2693=LINE('',#2692,#2691);
#2694=CURVE_STYLE('',#34,POSITIVE_LENGTH_MEASURE(2.E-2),#21);
#2695=PRESENTATION_STYLE_ASSIGNMENT((#2694));
#2696=STYLED_ITEM('',(#2695),#2693);
#2697=DIRECTION('',(0.E0,0.E0,1.E0));
#2698=VECTOR('',#2697,5.E0);
#2699=CARTESIAN_POINT('',(7.928907328136E0,4.858265741295E0,0.E0));
#2700=LINE('',#2699,#2698);
#2701=CURVE_STYLE('',#34,POSITIVE_LENGTH_MEASURE(2.E-2),#21);
#2702=PRESENTATION_STYLE_ASSIGNMENT((#2701));
#2703=STYLED_ITEM('',(#2702),#2700);
#2704=DIRECTION('',(0.E0,0.E0,1.E0));
#2705=VECTOR('',#2704,5.E0);
#2706=CARTESIAN_POINT('',(8.175796572579E0,4.430395121252E0,0.E0));
#2707=LINE('',#2706,#2705);
#2708=CURVE_STYLE('',#34,POSITIVE_LENGTH_MEASURE(2.E-2),#21);
#2709=PRESENTATION_STYLE_ASSIGNMENT((#2708));
#2710=STYLED_ITEM('',(#2709),#2707);
#2711=DIRECTION('',(0.E0,0.E0,1.E0));
#2712=VECTOR('',#2711,5.E0);
#2713=CARTESIAN_POINT('',(9.120777818038E0,4.643989340426E0,0.E0));
#2714=LINE('',#2713,#2712);
#2715=CURVE_STYLE('',#34,POSITIVE_LENGTH_MEASURE(2.E-2),#21);
#2716=PRESENTATION_STYLE_ASSIGNMENT((#2715));
#2717=STYLED_ITEM('',(#2716),#2714);
#2718=DIRECTION('',(0.E0,0.E0,1.E0));
#2719=VECTOR('',#2718,5.E0);
#2720=CARTESIAN_POINT('',(9.369194359552E0,4.119881315395E0,0.E0));
#2721=LINE('',#2720,#2719);
#2722=CURVE_STYLE('',#34,POSITIVE_LENGTH_MEASURE(2.E-2),#21);
#2723=PRESENTATION_STYLE_ASSIGNMENT((#2722));
#2724=STYLED_ITEM('',(#2723),#2721);
#2725=DIRECTION('',(0.E0,0.E0,1.E0));
#2726=VECTOR('',#2725,5.E0);
#2727=CARTESIAN_POINT('',(8.605747330950E0,3.523753079822E0,0.E0));
#2728=LINE('',#2727,#2726);
#2729=CURVE_STYLE('',#34,POSITIVE_LENGTH_MEASURE(2.E-2),#21);
#2730=PRESENTATION_STYLE_ASSIGNMENT((#2729));
#2731=STYLED_ITEM('',(#2730),#2728);
#2732=DIRECTION('',(0.E0,0.E0,1.E0));
#2733=VECTOR('',#2732,5.E0);
#2734=CARTESIAN_POINT('',(8.780870177932E0,3.061684736172E0,0.E0));
#2735=LINE('',#2734,#2733);
#2736=CURVE_STYLE('',#34,POSITIVE_LENGTH_MEASURE(2.E-2),#21);
#2737=PRESENTATION_STYLE_ASSIGNMENT((#2736));
#2738=STYLED_ITEM('',(#2737),#2735);
#2739=DIRECTION('',(0.E0,0.E0,1.E0));
#2740=VECTOR('',#2739,5.E0);
#2741=CARTESIAN_POINT('',(9.747572519955E0,3.120906113329E0,0.E0));
#2742=LINE('',#2741,#2740);
#2743=CURVE_STYLE('',#34,POSITIVE_LENGTH_MEASURE(2.E-2),#21);
#2744=PRESENTATION_STYLE_ASSIGNMENT((#2743));
#2745=STYLED_ITEM('',(#2744),#2742);
#2746=DIRECTION('',(0.E0,0.E0,1.E0));
#2747=VECTOR('',#2746,5.E0);
#2748=CARTESIAN_POINT('',(9.908706773227E0,2.563738497237E0,0.E0));
#2749=LINE('',#2748,#2747);
#2750=CURVE_STYLE('',#34,POSITIVE_LENGTH_MEASURE(2.E-2),#21);
#2751=PRESENTATION_STYLE_ASSIGNMENT((#2750));
#2752=STYLED_ITEM('',(#2751),#2749);
#2753=DIRECTION('',(0.E0,0.E0,1.E0));
#2754=VECTOR('',#2753,5.E0);
#2755=CARTESIAN_POINT('',(9.059813343942E0,2.097922879417E0,0.E0));
#2756=LINE('',#2755,#2754);
#2757=CURVE_STYLE('',#34,POSITIVE_LENGTH_MEASURE(2.E-2),#21);
#2758=PRESENTATION_STYLE_ASSIGNMENT((#2757));
#2759=STYLED_ITEM('',(#2758),#2756);
#2760=DIRECTION('',(0.E0,0.E0,1.E0));
#2761=VECTOR('',#2760,5.E0);
#2762=CARTESIAN_POINT('',(9.158590342204E0,1.613593183652E0,0.E0));
#2763=LINE('',#2762,#2761);
#2764=CURVE_STYLE('',#34,POSITIVE_LENGTH_MEASURE(2.E-2),#21);
#2765=PRESENTATION_STYLE_ASSIGNMENT((#2764));
#2766=STYLED_ITEM('',(#2765),#2763);
#2767=DIRECTION('',(0.E0,0.E0,1.E0));
#2768=VECTOR('',#2767,5.E0);
#2769=CARTESIAN_POINT('',(1.012195219715E1,1.517006499166E0,0.E0));
#2770=LINE('',#2769,#2768);
#2771=CURVE_STYLE('',#34,POSITIVE_LENGTH_MEASURE(2.E-2),#21);
#2772=PRESENTATION_STYLE_ASSIGNMENT((#2771));
#2773=STYLED_ITEM('',(#2772),#2770);
#2774=DIRECTION('',(0.E0,0.E0,1.E0));
#2775=VECTOR('',#2774,5.E0);
#2776=CARTESIAN_POINT('',(1.019163156368E1,9.412072408468E-1,0.E0));
#2777=LINE('',#2776,#2775);
#2778=CURVE_STYLE('',#34,POSITIVE_LENGTH_MEASURE(2.E-2),#21);
#2779=PRESENTATION_STYLE_ASSIGNMENT((#2778));
#2780=STYLED_ITEM('',(#2779),#2777);
#2781=DIRECTION('',(0.E0,0.E0,1.E0));
#2782=VECTOR('',#2781,5.E0);
#2783=CARTESIAN_POINT('',(9.279330130987E0,6.176781567014E-1,0.E0));
#2784=LINE('',#2783,#2782);
#2785=CURVE_STYLE('',#34,POSITIVE_LENGTH_MEASURE(2.E-2),#21);
#2786=PRESENTATION_STYLE_ASSIGNMENT((#2785));
#2787=STYLED_ITEM('',(#2786),#2784);
#2788=DIRECTION('',(0.E0,0.E0,1.E0));
#2789=VECTOR('',#2788,5.E0);
#2790=CARTESIAN_POINT('',(9.299151323369E0,1.236117807232E-1,0.E0));
#2791=LINE('',#2790,#2789);
#2792=CURVE_STYLE('',#34,POSITIVE_LENGTH_MEASURE(2.E-2),#21);
#2793=PRESENTATION_STYLE_ASSIGNMENT((#2792));
#2794=STYLED_ITEM('',(#2793),#2791);
#2795=DIRECTION('',(0.E0,0.E0,1.E0));
#2796=VECTOR('',#2795,5.E0);
#2797=CARTESIAN_POINT('',(1.023422222513E1,-1.261762526405E-1,0.E0));
#2798=LINE('',#2797,#2796);
#2799=CURVE_STYLE('',#34,POSITIVE_LENGTH_MEASURE(2.E-2),#21);
#2800=PRESENTATION_STYLE_ASSIGNMENT((#2799));
#2801=STYLED_ITEM('',(#2800),#2798);
#2802=DIRECTION('',(0.E0,0.E0,1.E0));
#2803=VECTOR('',#2802,5.E0);
#2804=CARTESIAN_POINT('',(1.021064234602E1,-7.056967348510E-1,0.E0));
#2805=LINE('',#2804,#2803);
#2806=CURVE_STYLE('',#34,POSITIVE_LENGTH_MEASURE(2.E-2),#21);
#2807=PRESENTATION_STYLE_ASSIGNMENT((#2806));
#2808=STYLED_ITEM('',(#2807),#2805);
#2809=DIRECTION('',(0.E0,0.E0,1.E0));
#2810=VECTOR('',#2809,5.E0);
#2811=CARTESIAN_POINT('',(9.258590982101E0,-8.786625965124E-1,0.E0));
#2812=LINE('',#2811,#2810);
#2813=CURVE_STYLE('',#34,POSITIVE_LENGTH_MEASURE(2.E-2),#21);
#2814=PRESENTATION_STYLE_ASSIGNMENT((#2813));
#2815=STYLED_ITEM('',(#2814),#2812);
#2816=DIRECTION('',(0.E0,0.E0,1.E0));
#2817=VECTOR('',#2816,5.E0);
#2818=CARTESIAN_POINT('',(-9.199602520502E0,-1.364858138545E0,0.E0));
#2819=LINE('',#2818,#2817);
#2820=CURVE_STYLE('',#34,POSITIVE_LENGTH_MEASURE(2.E-2),#21);
#2821=PRESENTATION_STYLE_ASSIGNMENT((#2820));
#2822=STYLED_ITEM('',(#2821),#2819);
#2823=DIRECTION('',(0.E0,0.E0,1.E0));
#2824=VECTOR('',#2823,5.E0);
#2825=CARTESIAN_POINT('',(-1.008239869411E1,-1.760812759228E0,0.E0));
#2826=LINE('',#2825,#2824);
#2827=CURVE_STYLE('',#34,POSITIVE_LENGTH_MEASURE(2.E-2),#21);
#2828=PRESENTATION_STYLE_ASSIGNMENT((#2827));
#2829=STYLED_ITEM('',(#2828),#2826);
#2830=DIRECTION('',(0.E0,0.E0,1.E0));
#2831=VECTOR('',#2830,5.E0);
#2832=CARTESIAN_POINT('',(-8.999337187549E0,-2.347644616949E0,0.E0));
#2833=LINE('',#2832,#2831);
#2834=CURVE_STYLE('',#34,POSITIVE_LENGTH_MEASURE(2.E-2),#21);
#2835=PRESENTATION_STYLE_ASSIGNMENT((#2834));
#2836=STYLED_ITEM('',(#2835),#2833);
#2837=DIRECTION('',(0.E0,0.E0,1.E0));
#2838=VECTOR('',#2837,5.E0);
#2839=CARTESIAN_POINT('',(-9.966467717332E0,-2.329108464494E0,0.E0));
#2840=LINE('',#2839,#2838);
#2841=CURVE_STYLE('',#34,POSITIVE_LENGTH_MEASURE(2.E-2),#21);
#2842=PRESENTATION_STYLE_ASSIGNMENT((#2841));
#2843=STYLED_ITEM('',(#2842),#2840);
#2844=DIRECTION('',(0.E0,0.E0,1.E0));
#2845=VECTOR('',#2844,5.E0);
#2846=CARTESIAN_POINT('',(-9.259048706040E0,-8.738148291155E-1,0.E0));
#2847=LINE('',#2846,#2845);
#2848=CURVE_STYLE('',#34,POSITIVE_LENGTH_MEASURE(2.E-2),#21);
#2849=PRESENTATION_STYLE_ASSIGNMENT((#2848));
#2850=STYLED_ITEM('',(#2849),#2847);
#2851=DIRECTION('',(0.E0,0.E0,1.E0));
#2852=VECTOR('',#2851,5.E0);
#2853=CARTESIAN_POINT('',(-1.021101044830E1,-7.003503585294E-1,0.E0));
#2854=LINE('',#2853,#2852);
#2855=CURVE_STYLE('',#34,POSITIVE_LENGTH_MEASURE(2.E-2),#21);
#2856=PRESENTATION_STYLE_ASSIGNMENT((#2855));
#2857=STYLED_ITEM('',(#2856),#2854);
#2858=DIRECTION('',(0.E0,0.E0,1.E0));
#2859=VECTOR('',#2858,5.E0);
#2860=CARTESIAN_POINT('',(-1.023428688797E1,-1.208176093631E-1,0.E0));
#2861=LINE('',#2860,#2859);
#2862=CURVE_STYLE('',#34,POSITIVE_LENGTH_MEASURE(2.E-2),#21);
#2863=PRESENTATION_STYLE_ASSIGNMENT((#2862));
#2864=STYLED_ITEM('',(#2863),#2861);
#2865=DIRECTION('',(0.E0,0.E0,1.E0));
#2866=VECTOR('',#2865,5.E0);
#2867=CARTESIAN_POINT('',(-9.299084262085E0,1.284810141570E-1,0.E0));
#2868=LINE('',#2867,#2866);
#2869=CURVE_STYLE('',#34,POSITIVE_LENGTH_MEASURE(2.E-2),#21);
#2870=PRESENTATION_STYLE_ASSIGNMENT((#2869));
#2871=STYLED_ITEM('',(#2870),#2868);
#2872=DIRECTION('',(0.E0,0.E0,1.E0));
#2873=VECTOR('',#2872,5.E0);
#2874=CARTESIAN_POINT('',(-8.861849964520E0,-2.822949786775E0,0.E0));
#2875=LINE('',#2874,#2873);
#2876=CURVE_STYLE('',#34,POSITIVE_LENGTH_MEASURE(2.E-2),#21);
#2877=PRESENTATION_STYLE_ASSIGNMENT((#2876));
#2878=STYLED_ITEM('',(#2877),#2875);
#2879=DIRECTION('',(0.E0,0.E0,1.E0));
#2880=VECTOR('',#2879,5.E0);
#2881=CARTESIAN_POINT('',(-9.669425095610E0,-3.355211367468E0,0.E0));
#2882=LINE('',#2881,#2880);
#2883=CURVE_STYLE('',#34,POSITIVE_LENGTH_MEASURE(2.E-2),#21);
#2884=PRESENTATION_STYLE_ASSIGNMENT((#2883));
#2885=STYLED_ITEM('',(#2884),#2882);
#2886=DIRECTION('',(0.E0,0.E0,1.E0));
#2887=VECTOR('',#2886,5.E0);
#2888=CARTESIAN_POINT('',(-8.506569673981E0,-3.760784676921E0,0.E0));
#2889=LINE('',#2888,#2887);
#2890=CURVE_STYLE('',#34,POSITIVE_LENGTH_MEASURE(2.E-2),#21);
#2891=PRESENTATION_STYLE_ASSIGNMENT((#2890));
#2892=STYLED_ITEM('',(#2891),#2889);
#2893=DIRECTION('',(0.E0,0.E0,1.E0));
#2894=VECTOR('',#2893,5.E0);
#2895=CARTESIAN_POINT('',(-9.463841633809E0,-3.897553916264E0,0.E0));
#2896=LINE('',#2895,#2894);
#2897=CURVE_STYLE('',#34,POSITIVE_LENGTH_MEASURE(2.E-2),#21);
#2898=PRESENTATION_STYLE_ASSIGNMENT((#2897));
#2899=STYLED_ITEM('',(#2898),#2896);
#2900=DIRECTION('',(0.E0,0.E0,1.E0));
#2901=VECTOR('',#2900,5.E0);
#2902=CARTESIAN_POINT('',(-8.294552780021E0,-4.208020284816E0,0.E0));
#2903=LINE('',#2902,#2901);
#2904=CURVE_STYLE('',#34,POSITIVE_LENGTH_MEASURE(2.E-2),#21);
#2905=PRESENTATION_STYLE_ASSIGNMENT((#2904));
#2906=STYLED_ITEM('',(#2905),#2903);
#2907=DIRECTION('',(0.E0,0.E0,1.E0));
#2908=VECTOR('',#2907,5.E0);
#2909=CARTESIAN_POINT('',(-9.006060113051E0,-4.862726214801E0,0.E0));
#2910=LINE('',#2909,#2908);
#2911=CURVE_STYLE('',#34,POSITIVE_LENGTH_MEASURE(2.E-2),#21);
#2912=PRESENTATION_STYLE_ASSIGNMENT((#2911));
#2913=STYLED_ITEM('',(#2912),#2910);
#2914=DIRECTION('',(0.E0,0.E0,1.E0));
#2915=VECTOR('',#2914,5.E0);
#2916=CARTESIAN_POINT('',(-7.793483339169E0,-5.076630407703E0,0.E0));
#2917=LINE('',#2916,#2915);
#2918=CURVE_STYLE('',#34,POSITIVE_LENGTH_MEASURE(2.E-2),#21);
#2919=PRESENTATION_STYLE_ASSIGNMENT((#2918));
#2920=STYLED_ITEM('',(#2919),#2917);
#2921=DIRECTION('',(0.E0,0.E0,1.E0));
#2922=VECTOR('',#2921,5.E0);
#2923=CARTESIAN_POINT('',(-8.716147784437E0,-5.365071555894E0,0.E0));
#2924=LINE('',#2923,#2922);
#2925=CURVE_STYLE('',#34,POSITIVE_LENGTH_MEASURE(2.E-2),#21);
#2926=PRESENTATION_STYLE_ASSIGNMENT((#2925));
#2927=STYLED_ITEM('',(#2926),#2924);
#2928=DIRECTION('',(0.E0,0.E0,1.E0));
#2929=VECTOR('',#2928,5.E0);
#2930=CARTESIAN_POINT('',(-7.512387381871E0,-5.484181385534E0,0.E0));
#2931=LINE('',#2930,#2929);
#2932=CURVE_STYLE('',#34,POSITIVE_LENGTH_MEASURE(2.E-2),#21);
#2933=PRESENTATION_STYLE_ASSIGNMENT((#2932));
#2934=STYLED_ITEM('',(#2933),#2931);
#2935=DIRECTION('',(0.E0,0.E0,1.E0));
#2936=VECTOR('',#2935,5.E0);
#2937=CARTESIAN_POINT('',(-8.109481693876E0,-6.244319951499E0,0.E0));
#2938=LINE('',#2937,#2936);
#2939=CURVE_STYLE('',#34,POSITIVE_LENGTH_MEASURE(2.E-2),#21);
#2940=PRESENTATION_STYLE_ASSIGNMENT((#2939));
#2941=STYLED_ITEM('',(#2940),#2938);
#2942=DIRECTION('',(0.E0,0.E0,1.E0));
#2943=VECTOR('',#2942,5.E0);
#2944=CARTESIAN_POINT('',(-6.878525253535E0,-6.261089909837E0,0.E0));
#2945=LINE('',#2944,#2943);
#2946=CURVE_STYLE('',#34,POSITIVE_LENGTH_MEASURE(2.E-2),#21);
#2947=PRESENTATION_STYLE_ASSIGNMENT((#2946));
#2948=STYLED_ITEM('',(#2947),#2945);
#2949=DIRECTION('',(0.E0,0.E0,1.E0));
#2950=VECTOR('',#2949,5.E0);
#2951=CARTESIAN_POINT('',(-7.742747826806E0,-6.693659768056E0,0.E0));
#2952=LINE('',#2951,#2950);
#2953=CURVE_STYLE('',#34,POSITIVE_LENGTH_MEASURE(2.E-2),#21);
#2954=PRESENTATION_STYLE_ASSIGNMENT((#2953));
#2955=STYLED_ITEM('',(#2954),#2952);
#2956=DIRECTION('',(0.E0,0.E0,1.E0));
#2957=VECTOR('',#2956,5.E0);
#2958=CARTESIAN_POINT('',(-6.535601791051E0,-6.618361797735E0,0.E0));
#2959=LINE('',#2958,#2957);
#2960=CURVE_STYLE('',#34,POSITIVE_LENGTH_MEASURE(2.E-2),#21);
#2961=PRESENTATION_STYLE_ASSIGNMENT((#2960));
#2962=STYLED_ITEM('',(#2961),#2959);
#2963=DIRECTION('',(0.E0,0.E0,1.E0));
#2964=VECTOR('',#2963,5.E0);
#2965=CARTESIAN_POINT('',(-7.002906886573E0,-7.464215976108E0,0.E0));
#2966=LINE('',#2965,#2964);
#2967=CURVE_STYLE('',#34,POSITIVE_LENGTH_MEASURE(2.E-2),#21);
#2968=PRESENTATION_STYLE_ASSIGNMENT((#2967));
#2969=STYLED_ITEM('',(#2968),#2966);
#2970=DIRECTION('',(0.E0,0.E0,1.E0));
#2971=VECTOR('',#2970,5.E0);
#2972=CARTESIAN_POINT('',(-5.785376590172E0,-7.283468637298E0,0.E0));
#2973=LINE('',#2972,#2971);
#2974=CURVE_STYLE('',#34,POSITIVE_LENGTH_MEASURE(2.E-2),#21);
#2975=PRESENTATION_STYLE_ASSIGNMENT((#2974));
#2976=STYLED_ITEM('',(#2975),#2973);
#2977=DIRECTION('',(0.E0,0.E0,1.E0));
#2978=VECTOR('',#2977,5.E0);
#2979=CARTESIAN_POINT('',(-6.568848116022E0,-7.848914538242E0,0.E0));
#2980=LINE('',#2979,#2978);
#2981=CURVE_STYLE('',#34,POSITIVE_LENGTH_MEASURE(2.E-2),#21);
#2982=PRESENTATION_STYLE_ASSIGNMENT((#2981));
#2983=STYLED_ITEM('',(#2982),#2980);
#2984=DIRECTION('',(0.E0,0.E0,1.E0));
#2985=VECTOR('',#2984,5.E0);
#2986=CARTESIAN_POINT('',(-5.389491955831E0,-7.581166134978E0,0.E0));
#2987=LINE('',#2986,#2985);
#2988=CURVE_STYLE('',#34,POSITIVE_LENGTH_MEASURE(2.E-2),#21);
#2989=PRESENTATION_STYLE_ASSIGNMENT((#2988));
#2990=STYLED_ITEM('',(#2989),#2987);
#2991=DIRECTION('',(0.E0,0.E0,1.E0));
#2992=VECTOR('',#2991,5.E0);
#2993=CARTESIAN_POINT('',(-5.714990631309E0,-8.490824876538E0,0.E0));
#2994=LINE('',#2993,#2992);
#2995=CURVE_STYLE('',#34,POSITIVE_LENGTH_MEASURE(2.E-2),#21);
#2996=PRESENTATION_STYLE_ASSIGNMENT((#2995));
#2997=STYLED_ITEM('',(#2996),#2994);
#2998=DIRECTION('',(0.E0,0.E0,1.E0));
#2999=VECTOR('',#2998,5.E0);
#3000=CARTESIAN_POINT('',(-4.542340614263E0,-8.117266580185E0,0.E0));
#3001=LINE('',#3000,#2999);
#3002=CURVE_STYLE('',#34,POSITIVE_LENGTH_MEASURE(2.E-2),#21);
#3003=PRESENTATION_STYLE_ASSIGNMENT((#3002));
#3004=STYLED_ITEM('',(#3003),#3001);
#3005=DIRECTION('',(0.E0,0.E0,1.E0));
#3006=VECTOR('',#3005,5.E0);
#3007=CARTESIAN_POINT('',(-5.224846981918E0,-8.800920350483E0,0.E0));
#3008=LINE('',#3007,#3006);
#3009=CURVE_STYLE('',#34,POSITIVE_LENGTH_MEASURE(2.E-2),#21);
#3010=PRESENTATION_STYLE_ASSIGNMENT((#3009));
#3011=STYLED_ITEM('',(#3010),#3008);
#3012=DIRECTION('',(0.E0,0.E0,1.E0));
#3013=VECTOR('',#3012,5.E0);
#3014=CARTESIAN_POINT('',(-4.103746511059E0,-8.347638749260E0,0.E0));
#3015=LINE('',#3014,#3013);
#3016=CURVE_STYLE('',#34,POSITIVE_LENGTH_MEASURE(2.E-2),#21);
#3017=PRESENTATION_STYLE_ASSIGNMENT((#3016));
#3018=STYLED_ITEM('',(#3017),#3015);
#3019=DIRECTION('',(0.E0,0.E0,1.E0));
#3020=VECTOR('',#3019,5.E0);
#3021=CARTESIAN_POINT('',(-4.279083735452E0,-9.297562443188E0,0.E0));
#3022=LINE('',#3021,#3020);
#3023=CURVE_STYLE('',#34,POSITIVE_LENGTH_MEASURE(2.E-2),#21);
#3024=PRESENTATION_STYLE_ASSIGNMENT((#3023));
#3025=STYLED_ITEM('',(#3024),#3022);
#3026=DIRECTION('',(0.E0,0.E0,1.E0));
#3027=VECTOR('',#3026,5.E0);
#3028=CARTESIAN_POINT('',(-3.181610178473E0,-8.740867094506E0,0.E0));
#3029=LINE('',#3028,#3027);
#3030=CURVE_STYLE('',#34,POSITIVE_LENGTH_MEASURE(2.E-2),#21);
#3031=PRESENTATION_STYLE_ASSIGNMENT((#3030));
#3032=STYLED_ITEM('',(#3031),#3029);
#3033=DIRECTION('',(0.E0,0.E0,1.E0));
#3034=VECTOR('',#3033,5.E0);
#3035=CARTESIAN_POINT('',(-3.745547559200E0,-9.525024854654E0,0.E0));
#3036=LINE('',#3035,#3034);
#3037=CURVE_STYLE('',#34,POSITIVE_LENGTH_MEASURE(2.E-2),#21);
#3038=PRESENTATION_STYLE_ASSIGNMENT((#3037));
#3039=STYLED_ITEM('',(#3038),#3036);
#3040=DIRECTION('',(0.E0,0.E0,1.E0));
#3041=VECTOR('',#3040,5.E0);
#3042=CARTESIAN_POINT('',(-2.711676963515E0,-8.897912398486E0,0.E0));
#3043=LINE('',#3042,#3041);
#3044=CURVE_STYLE('',#34,POSITIVE_LENGTH_MEASURE(2.E-2),#21);
#3045=PRESENTATION_STYLE_ASSIGNMENT((#3044));
#3046=STYLED_ITEM('',(#3045),#3043);
#3047=DIRECTION('',(0.E0,0.E0,1.E0));
#3048=VECTOR('',#3047,5.E0);
#3049=CARTESIAN_POINT('',(-2.732369248819E0,-9.863538071509E0,0.E0));
#3050=LINE('',#3049,#3048);
#3051=CURVE_STYLE('',#34,POSITIVE_LENGTH_MEASURE(2.E-2),#21);
#3052=PRESENTATION_STYLE_ASSIGNMENT((#3051));
#3053=STYLED_ITEM('',(#3052),#3050);
#3054=DIRECTION('',(0.E0,0.E0,1.E0));
#3055=VECTOR('',#3054,5.E0);
#3056=CARTESIAN_POINT('',(-1.738433649816E0,-9.138099273413E0,0.E0));
#3057=LINE('',#3056,#3055);
#3058=CURVE_STYLE('',#34,POSITIVE_LENGTH_MEASURE(2.E-2),#21);
#3059=PRESENTATION_STYLE_ASSIGNMENT((#3058));
#3060=STYLED_ITEM('',(#3059),#3057);
#3061=DIRECTION('',(0.E0,0.E0,1.E0));
#3062=VECTOR('',#3061,5.E0);
#3063=CARTESIAN_POINT('',(-2.169256554444E0,-1.000247724321E1,0.E0));
#3064=LINE('',#3063,#3062);
#3065=CURVE_STYLE('',#34,POSITIVE_LENGTH_MEASURE(2.E-2),#21);
#3066=PRESENTATION_STYLE_ASSIGNMENT((#3065));
#3067=STYLED_ITEM('',(#3066),#3064);
#3068=DIRECTION('',(0.E0,0.E0,1.E0));
#3069=VECTOR('',#3068,5.E0);
#3070=CARTESIAN_POINT('',(-1.249353343207E0,-9.217724699360E0,0.E0));
#3071=LINE('',#3070,#3069);
#3072=CURVE_STYLE('',#34,POSITIVE_LENGTH_MEASURE(2.E-2),#21);
#3073=PRESENTATION_STYLE_ASSIGNMENT((#3072));
#3074=STYLED_ITEM('',(#3073),#3071);
#3075=DIRECTION('',(0.E0,0.E0,1.E0));
#3076=VECTOR('',#3075,5.E0);
#3077=CARTESIAN_POINT('',(-1.114899602368E0,-1.017409572771E1,0.E0));
#3078=LINE('',#3077,#3076);
#3079=CURVE_STYLE('',#34,POSITIVE_LENGTH_MEASURE(2.E-2),#21);
#3080=PRESENTATION_STYLE_ASSIGNMENT((#3079));
#3081=STYLED_ITEM('',(#3080),#3078);
#3082=DIRECTION('',(0.E0,0.E0,1.E0));
#3083=VECTOR('',#3082,5.E0);
#3084=CARTESIAN_POINT('',(-2.502009108310E-1,-9.298659029082E0,0.E0));
#3085=LINE('',#3084,#3083);
#3086=CURVE_STYLE('',#34,POSITIVE_LENGTH_MEASURE(2.E-2),#21);
#3087=PRESENTATION_STYLE_ASSIGNMENT((#3086));
#3088=STYLED_ITEM('',(#3087),#3085);
#3089=DIRECTION('',(0.E0,0.E0,1.E0));
#3090=VECTOR('',#3089,5.E0);
#3091=CARTESIAN_POINT('',(-5.367922875058E-1,-1.022091380651E1,0.E0));
#3092=LINE('',#3091,#3090);
#3093=CURVE_STYLE('',#34,POSITIVE_LENGTH_MEASURE(2.E-2),#21);
#3094=PRESENTATION_STYLE_ASSIGNMENT((#3093));
#3095=STYLED_ITEM('',(#3094),#3092);
#3096=DIRECTION('',(0.E0,0.E0,1.E0));
#3097=VECTOR('',#3096,5.E0);
#3098=CARTESIAN_POINT('',(2.453321174436E-1,-9.298788787398E0,0.E0));
#3099=LINE('',#3098,#3097);
#3100=CURVE_STYLE('',#34,POSITIVE_LENGTH_MEASURE(2.E-2),#21);
#3101=PRESENTATION_STYLE_ASSIGNMENT((#3100));
#3102=STYLED_ITEM('',(#3101),#3099);
#3103=DIRECTION('',(0.E0,0.E0,1.E0));
#3104=VECTOR('',#3103,5.E0);
#3105=CARTESIAN_POINT('',(5.314405562134E-1,-1.022119346922E1,0.E0));
#3106=LINE('',#3105,#3104);
#3107=CURVE_STYLE('',#34,POSITIVE_LENGTH_MEASURE(2.E-2),#21);
#3108=PRESENTATION_STYLE_ASSIGNMENT((#3107));
#3109=STYLED_ITEM('',(#3108),#3106);
#3110=DIRECTION('',(0.E0,0.E0,1.E0));
#3111=VECTOR('',#3110,5.E0);
#3112=CARTESIAN_POINT('',(1.244526769772E0,-9.218377740896E0,0.E0));
#3113=LINE('',#3112,#3111);
#3114=CURVE_STYLE('',#34,POSITIVE_LENGTH_MEASURE(2.E-2),#21);
#3115=PRESENTATION_STYLE_ASSIGNMENT((#3114));
#3116=STYLED_ITEM('',(#3115),#3113);
#3117=DIRECTION('',(0.E0,0.E0,1.E0));
#3118=VECTOR('',#3117,5.E0);
#3119=CARTESIAN_POINT('',(1.109572305718E0,-1.017467809311E1,0.E0));
#3120=LINE('',#3119,#3118);
#3121=CURVE_STYLE('',#34,POSITIVE_LENGTH_MEASURE(2.E-2),#21);
#3122=PRESENTATION_STYLE_ASSIGNMENT((#3121));
#3123=STYLED_ITEM('',(#3122),#3120);
#3124=DIRECTION('',(0.E0,0.E0,1.E0));
#3125=VECTOR('',#3124,5.E0);
#3126=CARTESIAN_POINT('',(1.733648795276E0,-9.139008448559E0,0.E0));
#3127=LINE('',#3126,#3125);
#3128=CURVE_STYLE('',#34,POSITIVE_LENGTH_MEASURE(2.E-2),#21);
#3129=PRESENTATION_STYLE_ASSIGNMENT((#3128));
#3130=STYLED_ITEM('',(#3129),#3127);
#3131=DIRECTION('',(0.E0,0.E0,1.E0));
#3132=VECTOR('',#3131,5.E0);
#3133=CARTESIAN_POINT('',(2.164018972489E0,-1.000361169212E1,0.E0));
#3134=LINE('',#3133,#3132);
#3135=CURVE_STYLE('',#34,POSITIVE_LENGTH_MEASURE(2.E-2),#21);
#3136=PRESENTATION_STYLE_ASSIGNMENT((#3135));
#3137=STYLED_ITEM('',(#3136),#3134);
#3138=DIRECTION('',(0.E0,0.E0,1.E0));
#3139=VECTOR('',#3138,5.E0);
#3140=CARTESIAN_POINT('',(2.707017678652E0,-8.899331325467E0,0.E0));
#3141=LINE('',#3140,#3139);
#3142=CURVE_STYLE('',#34,POSITIVE_LENGTH_MEASURE(2.E-2),#21);
#3143=PRESENTATION_STYLE_ASSIGNMENT((#3142));
#3144=STYLED_ITEM('',(#3143),#3141);
#3145=DIRECTION('',(0.E0,0.E0,1.E0));
#3146=VECTOR('',#3145,5.E0);
#3147=CARTESIAN_POINT('',(2.727204338050E0,-9.864967384564E0,0.E0));
#3148=LINE('',#3147,#3146);
#3149=CURVE_STYLE('',#34,POSITIVE_LENGTH_MEASURE(2.E-2),#21);
#3150=PRESENTATION_STYLE_ASSIGNMENT((#3149));
#3151=STYLED_ITEM('',(#3150),#3148);
#3152=DIRECTION('',(0.E0,0.E0,1.E0));
#3153=VECTOR('',#3152,5.E0);
#3154=CARTESIAN_POINT('',(3.177033236563E0,-8.742532095993E0,0.E0));
#3155=LINE('',#3154,#3153);
#3156=CURVE_STYLE('',#34,POSITIVE_LENGTH_MEASURE(2.E-2),#21);
#3157=PRESENTATION_STYLE_ASSIGNMENT((#3156));
#3158=STYLED_ITEM('',(#3157),#3155);
#3159=DIRECTION('',(0.E0,0.E0,1.E0));
#3160=VECTOR('',#3159,5.E0);
#3161=CARTESIAN_POINT('',(3.740559754644E0,-9.526984713010E0,0.E0));
#3162=LINE('',#3161,#3160);
#3163=CURVE_STYLE('',#34,POSITIVE_LENGTH_MEASURE(2.E-2),#21);
#3164=PRESENTATION_STYLE_ASSIGNMENT((#3163));
#3165=STYLED_ITEM('',(#3164),#3162);
#3166=DIRECTION('',(0.E0,0.E0,1.E0));
#3167=VECTOR('',#3166,5.E0);
#3168=CARTESIAN_POINT('',(4.099375245917E0,-8.349786788236E0,0.E0));
#3169=LINE('',#3168,#3167);
#3170=CURVE_STYLE('',#34,POSITIVE_LENGTH_MEASURE(2.E-2),#21);
#3171=PRESENTATION_STYLE_ASSIGNMENT((#3170));
#3172=STYLED_ITEM('',(#3171),#3169);
#3173=DIRECTION('',(0.E0,0.E0,1.E0));
#3174=VECTOR('',#3173,5.E0);
#3175=CARTESIAN_POINT('',(4.274214956796E0,-9.299801691601E0,0.E0));
#3176=LINE('',#3175,#3174);
#3177=CURVE_STYLE('',#34,POSITIVE_LENGTH_MEASURE(2.E-2),#21);
#3178=PRESENTATION_STYLE_ASSIGNMENT((#3177));
#3179=STYLED_ITEM('',(#3178),#3176);
#3180=DIRECTION('',(0.E0,0.E0,1.E0));
#3181=VECTOR('',#3180,5.E0);
#3182=CARTESIAN_POINT('',(4.538090156310E0,-8.119644225806E0,0.E0));
#3183=LINE('',#3182,#3181);
#3184=CURVE_STYLE('',#34,POSITIVE_LENGTH_MEASURE(2.E-2),#21);
#3185=PRESENTATION_STYLE_ASSIGNMENT((#3184));
#3186=STYLED_ITEM('',(#3185),#3183);
#3187=DIRECTION('',(0.E0,0.E0,1.E0));
#3188=VECTOR('',#3187,5.E0);
#3189=CARTESIAN_POINT('',(5.220238114798E0,-8.803654867429E0,0.E0));
#3190=LINE('',#3189,#3188);
#3191=CURVE_STYLE('',#34,POSITIVE_LENGTH_MEASURE(2.E-2),#21);
#3192=PRESENTATION_STYLE_ASSIGNMENT((#3191));
#3193=STYLED_ITEM('',(#3192),#3190);
#3194=DIRECTION('',(0.E0,0.E0,1.E0));
#3195=VECTOR('',#3194,5.E0);
#3196=CARTESIAN_POINT('',(5.710544062605E0,-8.493816074595E0,0.E0));
#3197=LINE('',#3196,#3195);
#3198=CURVE_STYLE('',#34,POSITIVE_LENGTH_MEASURE(2.E-2),#21);
#3199=PRESENTATION_STYLE_ASSIGNMENT((#3198));
#3200=STYLED_ITEM('',(#3199),#3197);
#3201=DIRECTION('',(0.E0,0.E0,1.E0));
#3202=VECTOR('',#3201,5.E0);
#3203=CARTESIAN_POINT('',(5.385521969686E0,-7.583987608808E0,0.E0));
#3204=LINE('',#3203,#3202);
#3205=CURVE_STYLE('',#34,POSITIVE_LENGTH_MEASURE(2.E-2),#21);
#3206=PRESENTATION_STYLE_ASSIGNMENT((#3205));
#3207=STYLED_ITEM('',(#3206),#3204);
#3208=DIRECTION('',(0.E0,0.E0,1.E0));
#3209=VECTOR('',#3208,5.E0);
#3210=CARTESIAN_POINT('',(5.781562709413E0,-7.286497278205E0,0.E0));
#3211=LINE('',#3210,#3209);
#3212=CURVE_STYLE('',#34,POSITIVE_LENGTH_MEASURE(2.E-2),#21);
#3213=PRESENTATION_STYLE_ASSIGNMENT((#3212));
#3214=STYLED_ITEM('',(#3213),#3211);
#3215=DIRECTION('',(0.E0,0.E0,1.E0));
#3216=VECTOR('',#3215,5.E0);
#3217=CARTESIAN_POINT('',(6.564737533725E0,-7.852352903004E0,0.E0));
#3218=LINE('',#3217,#3216);
#3219=CURVE_STYLE('',#34,POSITIVE_LENGTH_MEASURE(2.E-2),#21);
#3220=PRESENTATION_STYLE_ASSIGNMENT((#3219));
#3221=STYLED_ITEM('',(#3220),#3218);
#3222=DIRECTION('',(0.E0,0.E0,1.E0));
#3223=VECTOR('',#3222,5.E0);
#3224=CARTESIAN_POINT('',(6.998997672462E0,-7.467881666234E0,0.E0));
#3225=LINE('',#3224,#3223);
#3226=CURVE_STYLE('',#34,POSITIVE_LENGTH_MEASURE(2.E-2),#21);
#3227=PRESENTATION_STYLE_ASSIGNMENT((#3226));
#3228=STYLED_ITEM('',(#3227),#3225);
#3229=DIRECTION('',(0.E0,0.E0,1.E0));
#3230=VECTOR('',#3229,5.E0);
#3231=CARTESIAN_POINT('',(6.532135931781E0,-6.621783572843E0,0.E0));
#3232=LINE('',#3231,#3230);
#3233=CURVE_STYLE('',#34,POSITIVE_LENGTH_MEASURE(2.E-2),#21);
#3234=PRESENTATION_STYLE_ASSIGNMENT((#3233));
#3235=STYLED_ITEM('',(#3234),#3232);
#3236=DIRECTION('',(0.E0,0.E0,1.E0));
#3237=VECTOR('',#3236,5.E0);
#3238=CARTESIAN_POINT('',(6.875246711466E0,-6.264691035116E0,0.E0));
#3239=LINE('',#3238,#3237);
#3240=CURVE_STYLE('',#34,POSITIVE_LENGTH_MEASURE(2.E-2),#21);
#3241=PRESENTATION_STYLE_ASSIGNMENT((#3240));
#3242=STYLED_ITEM('',(#3241),#3239);
#3243=DIRECTION('',(0.E0,0.E0,1.E0));
#3244=VECTOR('',#3243,5.E0);
#3245=CARTESIAN_POINT('',(7.739241973548E0,-6.697712943601E0,0.E0));
#3246=LINE('',#3245,#3244);
#3247=CURVE_STYLE('',#34,POSITIVE_LENGTH_MEASURE(2.E-2),#21);
#3248=PRESENTATION_STYLE_ASSIGNMENT((#3247));
#3249=STYLED_ITEM('',(#3248),#3246);
#3250=DIRECTION('',(0.E0,0.E0,1.E0));
#3251=VECTOR('',#3250,5.E0);
#3252=CARTESIAN_POINT('',(8.106211064114E0,-6.248565210033E0,0.E0));
#3253=LINE('',#3252,#3251);
#3254=CURVE_STYLE('',#34,POSITIVE_LENGTH_MEASURE(2.E-2),#21);
#3255=PRESENTATION_STYLE_ASSIGNMENT((#3254));
#3256=STYLED_ITEM('',(#3255),#3253);
#3257=DIRECTION('',(0.E0,0.E0,1.E0));
#3258=VECTOR('',#3257,5.E0);
#3259=CARTESIAN_POINT('',(7.509515418123E0,-5.488114773030E0,0.E0));
#3260=LINE('',#3259,#3258);
#3261=CURVE_STYLE('',#34,POSITIVE_LENGTH_MEASURE(2.E-2),#21);
#3262=PRESENTATION_STYLE_ASSIGNMENT((#3261));
#3263=STYLED_ITEM('',(#3262),#3260);
#3264=DIRECTION('',(0.E0,0.E0,1.E0));
#3265=VECTOR('',#3264,5.E0);
#3266=CARTESIAN_POINT('',(7.790825008063E0,-5.080710686043E0,0.E0));
#3267=LINE('',#3266,#3265);
#3268=CURVE_STYLE('',#34,POSITIVE_LENGTH_MEASURE(2.E-2),#21);
#3269=PRESENTATION_STYLE_ASSIGNMENT((#3268));
#3270=STYLED_ITEM('',(#3269),#3267);
#3271=DIRECTION('',(0.E0,0.E0,1.E0));
#3272=VECTOR('',#3271,5.E0);
#3273=CARTESIAN_POINT('',(8.713337444877E0,-5.369634584560E0,0.E0));
#3274=LINE('',#3273,#3272);
#3275=CURVE_STYLE('',#34,POSITIVE_LENGTH_MEASURE(2.E-2),#21);
#3276=PRESENTATION_STYLE_ASSIGNMENT((#3275));
#3277=STYLED_ITEM('',(#3276),#3274);
#3278=DIRECTION('',(0.E0,0.E0,1.E0));
#3279=VECTOR('',#3278,5.E0);
#3280=CARTESIAN_POINT('',(9.003512761144E0,-4.867441110062E0,0.E0));
#3281=LINE('',#3280,#3279);
#3282=CURVE_STYLE('',#34,POSITIVE_LENGTH_MEASURE(2.E-2),#21);
#3283=PRESENTATION_STYLE_ASSIGNMENT((#3282));
#3284=STYLED_ITEM('',(#3283),#3281);
#3285=DIRECTION('',(0.E0,0.E0,1.E0));
#3286=VECTOR('',#3285,5.E0);
#3287=CARTESIAN_POINT('',(8.292349074608E0,-4.212363345492E0,0.E0));
#3288=LINE('',#3287,#3286);
#3289=CURVE_STYLE('',#34,POSITIVE_LENGTH_MEASURE(2.E-2),#21);
#3290=PRESENTATION_STYLE_ASSIGNMENT((#3289));
#3291=STYLED_ITEM('',(#3290),#3288);
#3292=DIRECTION('',(0.E0,0.E0,1.E0));
#3293=VECTOR('',#3292,5.E0);
#3294=CARTESIAN_POINT('',(8.504600341799E0,-3.765238381632E0,0.E0));
#3295=LINE('',#3294,#3293);
#3296=CURVE_STYLE('',#34,POSITIVE_LENGTH_MEASURE(2.E-2),#21);
#3297=PRESENTATION_STYLE_ASSIGNMENT((#3296));
#3298=STYLED_ITEM('',(#3297),#3295);
#3299=DIRECTION('',(0.E0,0.E0,1.E0));
#3300=VECTOR('',#3299,5.E0);
#3301=CARTESIAN_POINT('',(9.461799582161E0,-3.902508637661E0,0.E0));
#3302=LINE('',#3301,#3300);
#3303=CURVE_STYLE('',#34,POSITIVE_LENGTH_MEASURE(2.E-2),#21);
#3304=PRESENTATION_STYLE_ASSIGNMENT((#3303));
#3305=STYLED_ITEM('',(#3304),#3302);
#3306=DIRECTION('',(0.E0,0.E0,1.E0));
#3307=VECTOR('',#3306,5.E0);
#3308=CARTESIAN_POINT('',(9.667666985663E0,-3.360273806452E0,0.E0));
#3309=LINE('',#3308,#3307);
#3310=CURVE_STYLE('',#34,POSITIVE_LENGTH_MEASURE(2.E-2),#21);
#3311=PRESENTATION_STYLE_ASSIGNMENT((#3310));
#3312=STYLED_ITEM('',(#3311),#3309);
#3313=DIRECTION('',(0.E0,0.E0,1.E0));
#3314=VECTOR('',#3313,5.E0);
#3315=CARTESIAN_POINT('',(8.860371549527E0,-2.827589979436E0,0.E0));
#3316=LINE('',#3315,#3314);
#3317=CURVE_STYLE('',#34,POSITIVE_LENGTH_MEASURE(2.E-2),#21);
#3318=PRESENTATION_STYLE_ASSIGNMENT((#3317));
#3319=STYLED_ITEM('',(#3318),#3316);
#3320=DIRECTION('',(0.E0,0.E0,1.E0));
#3321=VECTOR('',#3320,5.E0);
#3322=CARTESIAN_POINT('',(8.998107781807E0,-2.352356370684E0,0.E0));
#3323=LINE('',#3322,#3321);
#3324=CURVE_STYLE('',#34,POSITIVE_LENGTH_MEASURE(2.E-2),#21);
#3325=PRESENTATION_STYLE_ASSIGNMENT((#3324));
#3326=STYLED_ITEM('',(#3325),#3323);
#3327=DIRECTION('',(0.E0,0.E0,1.E0));
#3328=VECTOR('',#3327,5.E0);
#3329=CARTESIAN_POINT('',(9.965246832866E0,-2.334326575280E0,0.E0));
#3330=LINE('',#3329,#3328);
#3331=CURVE_STYLE('',#34,POSITIVE_LENGTH_MEASURE(2.E-2),#21);
#3332=PRESENTATION_STYLE_ASSIGNMENT((#3331));
#3333=STYLED_ITEM('',(#3332),#3330);
#3334=DIRECTION('',(0.E0,0.E0,1.E0));
#3335=VECTOR('',#3334,5.E0);
#3336=CARTESIAN_POINT('',(1.008147535267E1,-1.766091649229E0,0.E0));
#3337=LINE('',#3336,#3335);
#3338=CURVE_STYLE('',#34,POSITIVE_LENGTH_MEASURE(2.E-2),#21);
#3339=PRESENTATION_STYLE_ASSIGNMENT((#3338));
#3340=STYLED_ITEM('',(#3339),#3337);
#3341=DIRECTION('',(0.E0,0.E0,1.E0));
#3342=VECTOR('',#3341,5.E0);
#3343=CARTESIAN_POINT('',(9.198887623849E0,-1.369675242201E0,0.E0));
#3344=LINE('',#3343,#3342);
#3345=CURVE_STYLE('',#34,POSITIVE_LENGTH_MEASURE(2.E-2),#21);
#3346=PRESENTATION_STYLE_ASSIGNMENT((#3345));
#3347=STYLED_ITEM('',(#3346),#3344);
#3348=DIRECTION('',(0.E0,0.E0,1.E0));
#3349=VECTOR('',#3348,5.E0);
#3350=CARTESIAN_POINT('',(-1.019113735170E1,9.465434373924E-1,0.E0));
#3351=LINE('',#3350,#3349);
#3352=CURVE_STYLE('',#34,POSITIVE_LENGTH_MEASURE(2.E-2),#21);
#3353=PRESENTATION_STYLE_ASSIGNMENT((#3352));
#3354=STYLED_ITEM('',(#3353),#3351);
#3355=DIRECTION('',(0.E0,0.E0,1.E0));
#3356=VECTOR('',#3355,5.E0);
#3357=CARTESIAN_POINT('',(-9.279004403961E0,6.225364069462E-1,0.E0));
#3358=LINE('',#3357,#3356);
#3359=CURVE_STYLE('',#34,POSITIVE_LENGTH_MEASURE(2.E-2),#21);
#3360=PRESENTATION_STYLE_ASSIGNMENT((#3359));
#3361=STYLED_ITEM('',(#3360),#3358);
#3362=DIRECTION('',(0.E0,0.E0,1.E0));
#3363=VECTOR('',#3362,5.E0);
#3364=CARTESIAN_POINT('',(-1.012115650695E1,1.522306132753E0,0.E0));
#3365=LINE('',#3364,#3363);
#3366=CURVE_STYLE('',#34,POSITIVE_LENGTH_MEASURE(2.E-2),#21);
#3367=PRESENTATION_STYLE_ASSIGNMENT((#3366));
#3368=STYLED_ITEM('',(#3367),#3365);
#3369=DIRECTION('',(0.E0,0.E0,1.E0));
#3370=VECTOR('',#3369,5.E0);
#3371=CARTESIAN_POINT('',(-9.157743141718E0,1.618388440920E0,0.E0));
#3372=LINE('',#3371,#3370);
#3373=CURVE_STYLE('',#34,POSITIVE_LENGTH_MEASURE(2.E-2),#21);
#3374=PRESENTATION_STYLE_ASSIGNMENT((#3373));
#3375=STYLED_ITEM('',(#3374),#3372);
#3376=DIRECTION('',(0.E0,0.E0,1.E0));
#3377=VECTOR('',#3376,5.E0);
#3378=CARTESIAN_POINT('',(-9.907363044686E0,2.568926332302E0,0.E0));
#3379=LINE('',#3378,#3377);
#3380=CURVE_STYLE('',#34,POSITIVE_LENGTH_MEASURE(2.E-2),#21);
#3381=PRESENTATION_STYLE_ASSIGNMENT((#3380));
#3382=STYLED_ITEM('',(#3381),#3379);
#3383=DIRECTION('',(0.E0,0.E0,1.E0));
#3384=VECTOR('',#3383,5.E0);
#3385=CARTESIAN_POINT('',(-9.058712679146E0,2.102665836579E0,0.E0));
#3386=LINE('',#3385,#3384);
#3387=CURVE_STYLE('',#34,POSITIVE_LENGTH_MEASURE(2.E-2),#21);
#3388=PRESENTATION_STYLE_ASSIGNMENT((#3387));
#3389=STYLED_ITEM('',(#3388),#3386);
#3390=DIRECTION('',(0.E0,0.E0,1.E0));
#3391=VECTOR('',#3390,5.E0);
#3392=CARTESIAN_POINT('',(-9.745937081234E0,3.126009502326E0,0.E0));
#3393=LINE('',#3392,#3391);
#3394=CURVE_STYLE('',#34,POSITIVE_LENGTH_MEASURE(2.E-2),#21);
#3395=PRESENTATION_STYLE_ASSIGNMENT((#3394));
#3396=STYLED_ITEM('',(#3395),#3393);
#3397=DIRECTION('',(0.E0,0.E0,1.E0));
#3398=VECTOR('',#3397,5.E0);
#3399=CARTESIAN_POINT('',(-8.779264859752E0,3.066281853817E0,0.E0));
#3400=LINE('',#3399,#3398);
#3401=CURVE_STYLE('',#34,POSITIVE_LENGTH_MEASURE(2.E-2),#21);
#3402=PRESENTATION_STYLE_ASSIGNMENT((#3401));
#3403=STYLED_ITEM('',(#3402),#3400);
#3404=DIRECTION('',(0.E0,0.E0,1.E0));
#3405=VECTOR('',#3404,5.E0);
#3406=CARTESIAN_POINT('',(-8.603900295418E0,3.528257976831E0,0.E0));
#3407=LINE('',#3406,#3405);
#3408=CURVE_STYLE('',#34,POSITIVE_LENGTH_MEASURE(2.E-2),#21);
#3409=PRESENTATION_STYLE_ASSIGNMENT((#3408));
#3410=STYLED_ITEM('',(#3409),#3407);
#3411=DIRECTION('',(0.E0,0.E0,1.E0));
#3412=VECTOR('',#3411,5.E0);
#3413=CARTESIAN_POINT('',(-9.367035910529E0,4.124786449121E0,0.E0));
#3414=LINE('',#3413,#3412);
#3415=CURVE_STYLE('',#34,POSITIVE_LENGTH_MEASURE(2.E-2),#21);
#3416=PRESENTATION_STYLE_ASSIGNMENT((#3415));
#3417=STYLED_ITEM('',(#3416),#3414);
#3418=DIRECTION('',(0.E0,0.E0,1.E0));
#3419=VECTOR('',#3418,5.E0);
#3420=CARTESIAN_POINT('',(-9.118344980760E0,4.648764331718E0,0.E0));
#3421=LINE('',#3420,#3419);
#3422=CURVE_STYLE('',#34,POSITIVE_LENGTH_MEASURE(2.E-2),#21);
#3423=PRESENTATION_STYLE_ASSIGNMENT((#3422));
#3424=STYLED_ITEM('',(#3423),#3421);
#3425=DIRECTION('',(0.E0,0.E0,1.E0));
#3426=VECTOR('',#3425,5.E0);
#3427=CARTESIAN_POINT('',(-8.173474782179E0,4.434675092452E0,0.E0));
#3428=LINE('',#3427,#3426);
#3429=CURVE_STYLE('',#34,POSITIVE_LENGTH_MEASURE(2.E-2),#21);
#3430=PRESENTATION_STYLE_ASSIGNMENT((#3429));
#3431=STYLED_ITEM('',(#3430),#3428);
#3432=DIRECTION('',(0.E0,0.E0,1.E0));
#3433=VECTOR('',#3432,5.E0);
#3434=CARTESIAN_POINT('',(-7.926361796293E0,4.862415993601E0,0.E0));
#3435=LINE('',#3434,#3433);
#3436=CURVE_STYLE('',#34,POSITIVE_LENGTH_MEASURE(2.E-2),#21);
#3437=PRESENTATION_STYLE_ASSIGNMENT((#3436));
#3438=STYLED_ITEM('',(#3437),#3435);
#3439=DIRECTION('',(0.E0,0.E0,1.E0));
#3440=VECTOR('',#3439,5.E0);
#3441=CARTESIAN_POINT('',(-8.584147810959E0,5.573834529264E0,0.E0));
#3442=LINE('',#3441,#3440);
#3443=CURVE_STYLE('',#34,POSITIVE_LENGTH_MEASURE(2.E-2),#21);
#3444=PRESENTATION_STYLE_ASSIGNMENT((#3443));
#3445=STYLED_ITEM('',(#3444),#3442);
#3446=DIRECTION('',(0.E0,0.E0,1.E0));
#3447=VECTOR('',#3446,5.E0);
#3448=CARTESIAN_POINT('',(-8.254631808194E0,6.051138629312E0,0.E0));
#3449=LINE('',#3448,#3447);
#3450=CURVE_STYLE('',#34,POSITIVE_LENGTH_MEASURE(2.E-2),#21);
#3451=PRESENTATION_STYLE_ASSIGNMENT((#3450));
#3452=STYLED_ITEM('',(#3451),#3449);
#3453=DIRECTION('',(0.E0,0.E0,1.E0));
#3454=VECTOR('',#3453,5.E0);
#3455=CARTESIAN_POINT('',(-7.356080978337E0,5.688148083726E0,0.E0));
#3456=LINE('',#3455,#3454);
#3457=CURVE_STYLE('',#34,POSITIVE_LENGTH_MEASURE(2.E-2),#21);
#3458=PRESENTATION_STYLE_ASSIGNMENT((#3457));
#3459=STYLED_ITEM('',(#3458),#3456);
#3460=DIRECTION('',(0.E0,0.E0,1.E0));
#3461=VECTOR('',#3460,5.E0);
#3462=CARTESIAN_POINT('',(-7.043652324633E0,6.070615184978E0,0.E0));
#3463=LINE('',#3462,#3461);
#3464=CURVE_STYLE('',#34,POSITIVE_LENGTH_MEASURE(2.E-2),#21);
#3465=PRESENTATION_STYLE_ASSIGNMENT((#3464));
#3466=STYLED_ITEM('',(#3465),#3463);
#3467=DIRECTION('',(0.E0,0.E0,1.E0));
#3468=VECTOR('',#3467,5.E0);
#3469=CARTESIAN_POINT('',(-7.578971764574E0,6.878547229742E0,0.E0));
#3470=LINE('',#3469,#3468);
#3471=CURVE_STYLE('',#34,POSITIVE_LENGTH_MEASURE(2.E-2),#21);
#3472=PRESENTATION_STYLE_ASSIGNMENT((#3471));
#3473=STYLED_ITEM('',(#3472),#3470);
#3474=DIRECTION('',(0.E0,0.E0,1.E0));
#3475=VECTOR('',#3474,5.E0);
#3476=CARTESIAN_POINT('',(-7.177163560954E0,7.296817677543E0,0.E0));
#3477=LINE('',#3476,#3475);
#3478=CURVE_STYLE('',#34,POSITIVE_LENGTH_MEASURE(2.E-2),#21);
#3479=PRESENTATION_STYLE_ASSIGNMENT((#3478));
#3480=STYLED_ITEM('',(#3479),#3477);
#3481=DIRECTION('',(0.E0,0.E0,1.E0));
#3482=VECTOR('',#3481,5.E0);
#3483=CARTESIAN_POINT('',(-6.348265293416E0,6.794262536582E0,0.E0));
#3484=LINE('',#3483,#3482);
#3485=CURVE_STYLE('',#34,POSITIVE_LENGTH_MEASURE(2.E-2),#21);
#3486=PRESENTATION_STYLE_ASSIGNMENT((#3485));
#3487=STYLED_ITEM('',(#3486),#3484);
#3488=DIRECTION('',(0.E0,0.E0,1.E0));
#3489=VECTOR('',#3488,5.E0);
#3490=CARTESIAN_POINT('',(-5.978631983446E0,7.121594582360E0,0.E0));
#3491=LINE('',#3490,#3489);
#3492=CURVE_STYLE('',#34,POSITIVE_LENGTH_MEASURE(2.E-2),#21);
#3493=PRESENTATION_STYLE_ASSIGNMENT((#3492));
#3494=STYLED_ITEM('',(#3493),#3491);
#3495=DIRECTION('',(0.E0,0.E0,1.E0));
#3496=VECTOR('',#3495,5.E0);
#3497=CARTESIAN_POINT('',(-6.377536973628E0,8.005138796424E0,0.E0));
#3498=LINE('',#3497,#3496);
#3499=CURVE_STYLE('',#34,POSITIVE_LENGTH_MEASURE(2.E-2),#21);
#3500=PRESENTATION_STYLE_ASSIGNMENT((#3499));
#3501=STYLED_ITEM('',(#3500),#3498);
#3502=DIRECTION('',(0.E0,0.E0,1.E0));
#3503=VECTOR('',#3502,5.E0);
#3504=CARTESIAN_POINT('',(-5.913841459954E0,8.353544408605E0,0.E0));
#3505=LINE('',#3504,#3503);
#3506=CURVE_STYLE('',#34,POSITIVE_LENGTH_MEASURE(2.E-2),#21);
#3507=PRESENTATION_STYLE_ASSIGNMENT((#3506));
#3508=STYLED_ITEM('',(#3507),#3505);
#3509=DIRECTION('',(0.E0,0.E0,1.E0));
#3510=VECTOR('',#3509,5.E0);
#3511=CARTESIAN_POINT('',(-5.176133267709E0,7.724399815755E0,0.E0));
#3512=LINE('',#3511,#3510);
#3513=CURVE_STYLE('',#34,POSITIVE_LENGTH_MEASURE(2.E-2),#21);
#3514=PRESENTATION_STYLE_ASSIGNMENT((#3513));
#3515=STYLED_ITEM('',(#3514),#3512);
#3516=DIRECTION('',(0.E0,0.E0,1.E0));
#3517=VECTOR('',#3516,5.E0);
#3518=CARTESIAN_POINT('',(-4.758873644159E0,7.988163830203E0,0.E0));
#3519=LINE('',#3518,#3517);
#3520=CURVE_STYLE('',#34,POSITIVE_LENGTH_MEASURE(2.E-2),#21);
#3521=PRESENTATION_STYLE_ASSIGNMENT((#3520));
#3522=STYLED_ITEM('',(#3521),#3519);
#3523=DIRECTION('',(0.E0,0.E0,1.E0));
#3524=VECTOR('',#3523,5.E0);
#3525=CARTESIAN_POINT('',(-5.010954793469E0,8.924435951802E0,0.E0));
#3526=LINE('',#3525,#3524);
#3527=CURVE_STYLE('',#34,POSITIVE_LENGTH_MEASURE(2.E-2),#21);
#3528=PRESENTATION_STYLE_ASSIGNMENT((#3527));
#3529=STYLED_ITEM('',(#3528),#3526);
#3530=DIRECTION('',(0.E0,0.E0,1.E0));
#3531=VECTOR('',#3530,5.E0);
#3532=CARTESIAN_POINT('',(-4.497379442812E0,9.193954706619E0,0.E0));
#3533=LINE('',#3532,#3531);
#3534=CURVE_STYLE('',#34,POSITIVE_LENGTH_MEASURE(2.E-2),#21);
#3535=PRESENTATION_STYLE_ASSIGNMENT((#3534));
#3536=STYLED_ITEM('',(#3535),#3533);
#3537=DIRECTION('',(0.E0,0.E0,1.E0));
#3538=VECTOR('',#3537,5.E0);
#3539=CARTESIAN_POINT('',(-3.870037308770E0,8.454499516195E0,0.E0));
#3540=LINE('',#3539,#3538);
#3541=CURVE_STYLE('',#34,POSITIVE_LENGTH_MEASURE(2.E-2),#21);
#3542=PRESENTATION_STYLE_ASSIGNMENT((#3541));
#3543=STYLED_ITEM('',(#3542),#3540);
#3544=DIRECTION('',(0.E0,0.E0,1.E0));
#3545=VECTOR('',#3544,5.E0);
#3546=CARTESIAN_POINT('',(-3.415949560413E0,8.647904720282E0,0.E0));
#3547=LINE('',#3546,#3545);
#3548=CURVE_STYLE('',#34,POSITIVE_LENGTH_MEASURE(2.E-2),#21);
#3549=PRESENTATION_STYLE_ASSIGNMENT((#3548));
#3550=STYLED_ITEM('',(#3549),#3547);
#3551=DIRECTION('',(0.E0,0.E0,1.E0));
#3552=VECTOR('',#3551,5.E0);
#3553=CARTESIAN_POINT('',(-3.514613098778E0,9.612633341905E0,0.E0));
#3554=LINE('',#3553,#3552);
#3555=CURVE_STYLE('',#34,POSITIVE_LENGTH_MEASURE(2.E-2),#21);
#3556=PRESENTATION_STYLE_ASSIGNMENT((#3555));
#3557=STYLED_ITEM('',(#3556),#3554);
#3558=DIRECTION('',(0.E0,0.E0,1.E0));
#3559=VECTOR('',#3558,5.E0);
#3560=CARTESIAN_POINT('',(-2.964457030952E0,9.796286006015E0,0.E0));
#3561=LINE('',#3560,#3559);
#3562=CURVE_STYLE('',#34,POSITIVE_LENGTH_MEASURE(2.E-2),#21);
#3563=PRESENTATION_STYLE_ASSIGNMENT((#3562));
#3564=STYLED_ITEM('',(#3563),#3561);
#3565=DIRECTION('',(0.E0,0.E0,1.E0));
#3566=VECTOR('',#3565,5.E0);
#3567=CARTESIAN_POINT('',(-2.463790727243E0,8.965679871066E0,0.E0));
#3568=LINE('',#3567,#3566);
#3569=CURVE_STYLE('',#34,POSITIVE_LENGTH_MEASURE(2.E-2),#21);
#3570=PRESENTATION_STYLE_ASSIGNMENT((#3569));
#3571=STYLED_ITEM('',(#3570),#3568);
#3572=DIRECTION('',(0.E0,0.E0,-1.E0));
#3573=VECTOR('',#3572,5.E0);
#3574=CARTESIAN_POINT('',(4.E0,0.E0,5.E0));
#3575=LINE('',#3574,#3573);
#3576=CURVE_STYLE('',#34,POSITIVE_LENGTH_MEASURE(2.E-2),#21);
#3577=PRESENTATION_STYLE_ASSIGNMENT((#3576));
#3578=STYLED_ITEM('',(#3577),#3575);
#3579=DIRECTION('',(0.E0,0.E0,-1.E0));
#3580=VECTOR('',#3579,5.E0);
#3581=CARTESIAN_POINT('',(-4.E0,0.E0,5.E0));
#3582=LINE('',#3581,#3580);
#3583=CURVE_STYLE('',#34,POSITIVE_LENGTH_MEASURE(2.E-2),#21);
#3584=PRESENTATION_STYLE_ASSIGNMENT((#3583));
#3585=STYLED_ITEM('',(#3584),#3582);
#3586=CARTESIAN_POINT('',(9.299151323369E0,1.236117807232E-1,5.E0));
#3587=CARTESIAN_POINT('',(9.279330130987E0,6.176781567014E-1,5.E0));
#3588=VERTEX_POINT('',#3586);
#3589=VERTEX_POINT('',#3587);
#3590=CARTESIAN_POINT('',(9.158590342204E0,1.613593183652E0,5.E0));
#3591=CARTESIAN_POINT('',(9.059813343942E0,2.097922879417E0,5.E0));
#3592=VERTEX_POINT('',#3590);
#3593=VERTEX_POINT('',#3591);
#3594=CARTESIAN_POINT('',(9.299151323369E0,1.236117807232E-1,0.E0));
#3595=CARTESIAN_POINT('',(9.279330130987E0,6.176781567014E-1,0.E0));
#3596=VERTEX_POINT('',#3594);
#3597=VERTEX_POINT('',#3595);
#3598=CARTESIAN_POINT('',(9.158590342204E0,1.613593183652E0,0.E0));
#3599=CARTESIAN_POINT('',(9.059813343942E0,2.097922879417E0,0.E0));
#3600=VERTEX_POINT('',#3598);
#3601=VERTEX_POINT('',#3599);
#3602=CARTESIAN_POINT('',(8.780870177932E0,3.061684736172E0,5.E0));
#3603=CARTESIAN_POINT('',(8.605747330950E0,3.523753079822E0,5.E0));
#3604=VERTEX_POINT('',#3602);
#3605=VERTEX_POINT('',#3603);
#3606=CARTESIAN_POINT('',(8.175796572579E0,4.430395121252E0,5.E0));
#3607=CARTESIAN_POINT('',(7.928907328136E0,4.858265741295E0,5.E0));
#3608=VERTEX_POINT('',#3606);
#3609=VERTEX_POINT('',#3607);
#3610=CARTESIAN_POINT('',(7.359059057701E0,5.684296031199E0,5.E0));
#3611=CARTESIAN_POINT('',(7.046830415327E0,6.066926967682E0,5.E0));
#3612=VERTEX_POINT('',#3610);
#3613=VERTEX_POINT('',#3611);
#3614=CARTESIAN_POINT('',(6.351822505346E0,6.790938077904E0,5.E0));
#3615=CARTESIAN_POINT('',(5.982360342066E0,7.118463823595E0,5.E0));
#3616=VERTEX_POINT('',#3614);
#3617=VERTEX_POINT('',#3615);
#3618=CARTESIAN_POINT('',(5.180177484604E0,7.721688955604E0,5.E0));
#3619=CARTESIAN_POINT('',(4.763055756605E0,7.985671524287E0,5.E0));
#3620=VERTEX_POINT('',#3618);
#3621=VERTEX_POINT('',#3619);
#3622=CARTESIAN_POINT('',(3.874463818822E0,8.452472370154E0,5.E0));
#3623=CARTESIAN_POINT('',(3.420477185335E0,8.646115342908E0,5.E0));
#3624=VERTEX_POINT('',#3622);
#3625=VERTEX_POINT('',#3623);
#3626=CARTESIAN_POINT('',(2.468484944534E0,8.964388858475E0,5.E0));
#3627=CARTESIAN_POINT('',(1.989371163220E0,9.082709322870E0,5.E0));
#3628=VERTEX_POINT('',#3626);
#3629=VERTEX_POINT('',#3627);
#3630=CARTESIAN_POINT('',(9.986334146930E-1,9.244202693630E0,5.E0));
#3631=CARTESIAN_POINT('',(5.019112663717E-1,9.284421054302E0,5.E0));
#3632=VERTEX_POINT('',#3630);
#3633=VERTEX_POINT('',#3631);
#3634=CARTESIAN_POINT('',(-5.019112663717E-1,9.284421054302E0,5.E0));
#3635=CARTESIAN_POINT('',(-9.937929870184E-1,9.244724199479E0,5.E0));
#3636=VERTEX_POINT('',#3634);
#3637=VERTEX_POINT('',#3635);
#3638=CARTESIAN_POINT('',(-1.984615197173E0,9.083749477765E0,5.E0));
#3639=CARTESIAN_POINT('',(-2.463790727243E0,8.965679871066E0,5.E0));
#3640=VERTEX_POINT('',#3638);
#3641=VERTEX_POINT('',#3639);
#3642=CARTESIAN_POINT('',(-3.415949560413E0,8.647904720282E0,5.E0));
#3643=CARTESIAN_POINT('',(-3.870037308770E0,8.454499516195E0,5.E0));
#3644=VERTEX_POINT('',#3642);
#3645=VERTEX_POINT('',#3643);
#3646=CARTESIAN_POINT('',(-4.758873644159E0,7.988163830203E0,5.E0));
#3647=CARTESIAN_POINT('',(-5.176133267709E0,7.724399815755E0,5.E0));
#3648=VERTEX_POINT('',#3646);
#3649=VERTEX_POINT('',#3647);
#3650=CARTESIAN_POINT('',(-5.978631983446E0,7.121594582360E0,5.E0));
#3651=CARTESIAN_POINT('',(-6.348265293416E0,6.794262536582E0,5.E0));
#3652=VERTEX_POINT('',#3650);
#3653=VERTEX_POINT('',#3651);
#3654=CARTESIAN_POINT('',(-7.043652324633E0,6.070615184978E0,5.E0));
#3655=CARTESIAN_POINT('',(-7.356080978337E0,5.688148083726E0,5.E0));
#3656=VERTEX_POINT('',#3654);
#3657=VERTEX_POINT('',#3655);
#3658=CARTESIAN_POINT('',(-9.259048706040E0,-8.738148291155E-1,5.E0));
#3659=CARTESIAN_POINT('',(-9.199602520502E0,-1.364858138545E0,5.E0));
#3660=VERTEX_POINT('',#3658);
#3661=VERTEX_POINT('',#3659);
#3662=CARTESIAN_POINT('',(-8.999337187549E0,-2.347644616949E0,5.E0));
#3663=CARTESIAN_POINT('',(-8.861849964520E0,-2.822949786775E0,5.E0));
#3664=VERTEX_POINT('',#3662);
#3665=VERTEX_POINT('',#3663);
#3666=CARTESIAN_POINT('',(-8.506569673981E0,-3.760784676921E0,5.E0));
#3667=CARTESIAN_POINT('',(-8.294552780021E0,-4.208020284816E0,5.E0));
#3668=VERTEX_POINT('',#3666);
#3669=VERTEX_POINT('',#3667);
#3670=CARTESIAN_POINT('',(-7.793483339169E0,-5.076630407703E0,5.E0));
#3671=CARTESIAN_POINT('',(-7.512387381871E0,-5.484181385534E0,5.E0));
#3672=VERTEX_POINT('',#3670);
#3673=VERTEX_POINT('',#3671);
#3674=CARTESIAN_POINT('',(-6.878525253535E0,-6.261089909837E0,5.E0));
#3675=CARTESIAN_POINT('',(-6.535601791051E0,-6.618361797735E0,5.E0));
#3676=VERTEX_POINT('',#3674);
#3677=VERTEX_POINT('',#3675);
#3678=CARTESIAN_POINT('',(-5.785376590172E0,-7.283468637298E0,5.E0));
#3679=CARTESIAN_POINT('',(-5.389491955831E0,-7.581166134978E0,5.E0));
#3680=VERTEX_POINT('',#3678);
#3681=VERTEX_POINT('',#3679);
#3682=CARTESIAN_POINT('',(-4.542340614263E0,-8.117266580185E0,5.E0));
#3683=CARTESIAN_POINT('',(-4.103746511059E0,-8.347638749260E0,5.E0));
#3684=VERTEX_POINT('',#3682);
#3685=VERTEX_POINT('',#3683);
#3686=CARTESIAN_POINT('',(-3.181610178473E0,-8.740867094506E0,5.E0));
#3687=CARTESIAN_POINT('',(-2.711676963515E0,-8.897912398486E0,5.E0));
#3688=VERTEX_POINT('',#3686);
#3689=VERTEX_POINT('',#3687);
#3690=CARTESIAN_POINT('',(-1.738433649816E0,-9.138099273413E0,5.E0));
#3691=CARTESIAN_POINT('',(-1.249353343207E0,-9.217724699360E0,5.E0));
#3692=VERTEX_POINT('',#3690);
#3693=VERTEX_POINT('',#3691);
#3694=CARTESIAN_POINT('',(-2.502009108310E-1,-9.298659029082E0,5.E0));
#3695=CARTESIAN_POINT('',(2.453321174436E-1,-9.298788787398E0,5.E0));
#3696=VERTEX_POINT('',#3694);
#3697=VERTEX_POINT('',#3695);
#3698=CARTESIAN_POINT('',(1.244526769772E0,-9.218377740896E0,5.E0));
#3699=CARTESIAN_POINT('',(1.733648795276E0,-9.139008448559E0,5.E0));
#3700=VERTEX_POINT('',#3698);
#3701=VERTEX_POINT('',#3699);
#3702=CARTESIAN_POINT('',(2.707017678652E0,-8.899331325467E0,5.E0));
#3703=CARTESIAN_POINT('',(3.177033236563E0,-8.742532095993E0,5.E0));
#3704=VERTEX_POINT('',#3702);
#3705=VERTEX_POINT('',#3703);
#3706=CARTESIAN_POINT('',(4.099375245917E0,-8.349786788236E0,5.E0));
#3707=CARTESIAN_POINT('',(4.538090156310E0,-8.119644225806E0,5.E0));
#3708=VERTEX_POINT('',#3706);
#3709=VERTEX_POINT('',#3707);
#3710=CARTESIAN_POINT('',(5.385521969686E0,-7.583987608808E0,5.E0));
#3711=CARTESIAN_POINT('',(5.781562709413E0,-7.286497278205E0,5.E0));
#3712=VERTEX_POINT('',#3710);
#3713=VERTEX_POINT('',#3711);
#3714=CARTESIAN_POINT('',(6.532135931781E0,-6.621783572843E0,5.E0));
#3715=CARTESIAN_POINT('',(6.875246711466E0,-6.264691035116E0,5.E0));
#3716=VERTEX_POINT('',#3714);
#3717=VERTEX_POINT('',#3715);
#3718=CARTESIAN_POINT('',(7.509515418123E0,-5.488114773030E0,5.E0));
#3719=CARTESIAN_POINT('',(7.790825008063E0,-5.080710686043E0,5.E0));
#3720=VERTEX_POINT('',#3718);
#3721=VERTEX_POINT('',#3719);
#3722=CARTESIAN_POINT('',(8.780870177932E0,3.061684736172E0,0.E0));
#3723=CARTESIAN_POINT('',(8.605747330950E0,3.523753079822E0,0.E0));
#3724=VERTEX_POINT('',#3722);
#3725=VERTEX_POINT('',#3723);
#3726=CARTESIAN_POINT('',(8.175796572579E0,4.430395121252E0,0.E0));
#3727=CARTESIAN_POINT('',(7.928907328136E0,4.858265741295E0,0.E0));
#3728=VERTEX_POINT('',#3726);
#3729=VERTEX_POINT('',#3727);
#3730=CARTESIAN_POINT('',(7.359059057701E0,5.684296031199E0,0.E0));
#3731=CARTESIAN_POINT('',(7.046830415327E0,6.066926967682E0,0.E0));
#3732=VERTEX_POINT('',#3730);
#3733=VERTEX_POINT('',#3731);
#3734=CARTESIAN_POINT('',(6.351822505346E0,6.790938077904E0,0.E0));
#3735=CARTESIAN_POINT('',(5.982360342066E0,7.118463823595E0,0.E0));
#3736=VERTEX_POINT('',#3734);
#3737=VERTEX_POINT('',#3735);
#3738=CARTESIAN_POINT('',(5.180177484604E0,7.721688955604E0,0.E0));
#3739=CARTESIAN_POINT('',(4.763055756605E0,7.985671524287E0,0.E0));
#3740=VERTEX_POINT('',#3738);
#3741=VERTEX_POINT('',#3739);
#3742=CARTESIAN_POINT('',(3.874463818822E0,8.452472370154E0,0.E0));
#3743=CARTESIAN_POINT('',(3.420477185335E0,8.646115342908E0,0.E0));
#3744=VERTEX_POINT('',#3742);
#3745=VERTEX_POINT('',#3743);
#3746=CARTESIAN_POINT('',(2.468484944534E0,8.964388858475E0,0.E0));
#3747=CARTESIAN_POINT('',(1.989371163220E0,9.082709322870E0,0.E0));
#3748=VERTEX_POINT('',#3746);
#3749=VERTEX_POINT('',#3747);
#3750=CARTESIAN_POINT('',(9.986334146930E-1,9.244202693630E0,0.E0));
#3751=CARTESIAN_POINT('',(5.019112663717E-1,9.284421054302E0,0.E0));
#3752=VERTEX_POINT('',#3750);
#3753=VERTEX_POINT('',#3751);
#3754=CARTESIAN_POINT('',(-5.019112663717E-1,9.284421054302E0,0.E0));
#3755=CARTESIAN_POINT('',(-9.937929870184E-1,9.244724199479E0,0.E0));
#3756=VERTEX_POINT('',#3754);
#3757=VERTEX_POINT('',#3755);
#3758=CARTESIAN_POINT('',(-1.984615197173E0,9.083749477765E0,0.E0));
#3759=CARTESIAN_POINT('',(-2.463790727243E0,8.965679871066E0,0.E0));
#3760=VERTEX_POINT('',#3758);
#3761=VERTEX_POINT('',#3759);
#3762=CARTESIAN_POINT('',(-3.415949560413E0,8.647904720282E0,0.E0));
#3763=CARTESIAN_POINT('',(-3.870037308770E0,8.454499516195E0,0.E0));
#3764=VERTEX_POINT('',#3762);
#3765=VERTEX_POINT('',#3763);
#3766=CARTESIAN_POINT('',(-4.758873644159E0,7.988163830203E0,0.E0));
#3767=CARTESIAN_POINT('',(-5.176133267709E0,7.724399815755E0,0.E0));
#3768=VERTEX_POINT('',#3766);
#3769=VERTEX_POINT('',#3767);
#3770=CARTESIAN_POINT('',(-5.978631983446E0,7.121594582360E0,0.E0));
#3771=CARTESIAN_POINT('',(-6.348265293416E0,6.794262536582E0,0.E0));
#3772=VERTEX_POINT('',#3770);
#3773=VERTEX_POINT('',#3771);
#3774=CARTESIAN_POINT('',(-7.043652324633E0,6.070615184978E0,0.E0));
#3775=CARTESIAN_POINT('',(-7.356080978337E0,5.688148083726E0,0.E0));
#3776=VERTEX_POINT('',#3774);
#3777=VERTEX_POINT('',#3775);
#3778=CARTESIAN_POINT('',(-9.259048706040E0,-8.738148291155E-1,0.E0));
#3779=CARTESIAN_POINT('',(-9.199602520502E0,-1.364858138545E0,0.E0));
#3780=VERTEX_POINT('',#3778);
#3781=VERTEX_POINT('',#3779);
#3782=CARTESIAN_POINT('',(-8.999337187549E0,-2.347644616949E0,0.E0));
#3783=CARTESIAN_POINT('',(-8.861849964520E0,-2.822949786775E0,0.E0));
#3784=VERTEX_POINT('',#3782);
#3785=VERTEX_POINT('',#3783);
#3786=CARTESIAN_POINT('',(-8.506569673981E0,-3.760784676921E0,0.E0));
#3787=CARTESIAN_POINT('',(-8.294552780021E0,-4.208020284816E0,0.E0));
#3788=VERTEX_POINT('',#3786);
#3789=VERTEX_POINT('',#3787);
#3790=CARTESIAN_POINT('',(-7.793483339169E0,-5.076630407703E0,0.E0));
#3791=CARTESIAN_POINT('',(-7.512387381871E0,-5.484181385534E0,0.E0));
#3792=VERTEX_POINT('',#3790);
#3793=VERTEX_POINT('',#3791);
#3794=CARTESIAN_POINT('',(-6.878525253535E0,-6.261089909837E0,0.E0));
#3795=CARTESIAN_POINT('',(-6.535601791051E0,-6.618361797735E0,0.E0));
#3796=VERTEX_POINT('',#3794);
#3797=VERTEX_POINT('',#3795);
#3798=CARTESIAN_POINT('',(-5.785376590172E0,-7.283468637298E0,0.E0));
#3799=CARTESIAN_POINT('',(-5.389491955831E0,-7.581166134978E0,0.E0));
#3800=VERTEX_POINT('',#3798);
#3801=VERTEX_POINT('',#3799);
#3802=CARTESIAN_POINT('',(-4.542340614263E0,-8.117266580185E0,0.E0));
#3803=CARTESIAN_POINT('',(-4.103746511059E0,-8.347638749260E0,0.E0));
#3804=VERTEX_POINT('',#3802);
#3805=VERTEX_POINT('',#3803);
#3806=CARTESIAN_POINT('',(-3.181610178473E0,-8.740867094506E0,0.E0));
#3807=CARTESIAN_POINT('',(-2.711676963515E0,-8.897912398486E0,0.E0));
#3808=VERTEX_POINT('',#3806);
#3809=VERTEX_POINT('',#3807);
#3810=CARTESIAN_POINT('',(-1.738433649816E0,-9.138099273413E0,0.E0));
#3811=CARTESIAN_POINT('',(-1.249353343207E0,-9.217724699360E0,0.E0));
#3812=VERTEX_POINT('',#3810);
#3813=VERTEX_POINT('',#3811);
#3814=CARTESIAN_POINT('',(-2.502009108310E-1,-9.298659029082E0,0.E0));
#3815=CARTESIAN_POINT('',(2.453321174436E-1,-9.298788787398E0,0.E0));
#3816=VERTEX_POINT('',#3814);
#3817=VERTEX_POINT('',#3815);
#3818=CARTESIAN_POINT('',(1.244526769772E0,-9.218377740896E0,0.E0));
#3819=CARTESIAN_POINT('',(1.733648795276E0,-9.139008448559E0,0.E0));
#3820=VERTEX_POINT('',#3818);
#3821=VERTEX_POINT('',#3819);
#3822=CARTESIAN_POINT('',(2.707017678652E0,-8.899331325467E0,0.E0));
#3823=CARTESIAN_POINT('',(3.177033236563E0,-8.742532095993E0,0.E0));
#3824=VERTEX_POINT('',#3822);
#3825=VERTEX_POINT('',#3823);
#3826=CARTESIAN_POINT('',(4.099375245917E0,-8.349786788236E0,0.E0));
#3827=CARTESIAN_POINT('',(4.538090156310E0,-8.119644225806E0,0.E0));
#3828=VERTEX_POINT('',#3826);
#3829=VERTEX_POINT('',#3827);
#3830=CARTESIAN_POINT('',(5.385521969686E0,-7.583987608808E0,0.E0));
#3831=CARTESIAN_POINT('',(5.781562709413E0,-7.286497278205E0,0.E0));
#3832=VERTEX_POINT('',#3830);
#3833=VERTEX_POINT('',#3831);
#3834=CARTESIAN_POINT('',(6.532135931781E0,-6.621783572843E0,0.E0));
#3835=CARTESIAN_POINT('',(6.875246711466E0,-6.264691035116E0,0.E0));
#3836=VERTEX_POINT('',#3834);
#3837=VERTEX_POINT('',#3835);
#3838=CARTESIAN_POINT('',(7.509515418123E0,-5.488114773030E0,0.E0));
#3839=CARTESIAN_POINT('',(7.790825008063E0,-5.080710686043E0,0.E0));
#3840=VERTEX_POINT('',#3838);
#3841=VERTEX_POINT('',#3839);
#3842=CARTESIAN_POINT('',(4.E0,0.E0,0.E0));
#3843=CARTESIAN_POINT('',(-4.E0,0.E0,0.E0));
#3844=VERTEX_POINT('',#3842);
#3845=VERTEX_POINT('',#3843);
#3846=CARTESIAN_POINT('',(4.E0,0.E0,5.E0));
#3847=CARTESIAN_POINT('',(-4.E0,0.E0,5.E0));
#3848=VERTEX_POINT('',#3846);
#3849=VERTEX_POINT('',#3847);
#3850=CARTESIAN_POINT('',(2.9E-1,1.023089072369E1,0.E0));
#3851=CARTESIAN_POINT('',(-2.9E-1,1.023089072369E1,0.E0));
#3852=VERTEX_POINT('',#3850);
#3853=VERTEX_POINT('',#3851);
#3854=CARTESIAN_POINT('',(2.9E-1,1.023089072369E1,5.E0));
#3855=CARTESIAN_POINT('',(-2.9E-1,1.023089072369E1,5.E0));
#3856=VERTEX_POINT('',#3854);
#3857=VERTEX_POINT('',#3855);
#3858=CARTESIAN_POINT('',(-1.354769507244E0,1.014494083680E1,0.E0));
#3859=CARTESIAN_POINT('',(-1.927259908621E0,1.005190997993E1,0.E0));
#3860=VERTEX_POINT('',#3858);
#3861=VERTEX_POINT('',#3859);
#3862=CARTESIAN_POINT('',(-1.354769507244E0,1.014494083680E1,5.E0));
#3863=CARTESIAN_POINT('',(-1.927259908621E0,1.005190997993E1,5.E0));
#3864=VERTEX_POINT('',#3862);
#3865=VERTEX_POINT('',#3863);
#3866=CARTESIAN_POINT('',(-2.964457030952E0,9.796286006015E0,0.E0));
#3867=CARTESIAN_POINT('',(-3.514613098778E0,9.612633341905E0,0.E0));
#3868=VERTEX_POINT('',#3866);
#3869=VERTEX_POINT('',#3867);
#3870=CARTESIAN_POINT('',(-2.964457030952E0,9.796286006015E0,5.E0));
#3871=CARTESIAN_POINT('',(-3.514613098778E0,9.612633341905E0,5.E0));
#3872=VERTEX_POINT('',#3870);
#3873=VERTEX_POINT('',#3871);
#3874=CARTESIAN_POINT('',(-4.497379442812E0,9.193954706619E0,0.E0));
#3875=CARTESIAN_POINT('',(-5.010954793469E0,8.924435951802E0,0.E0));
#3876=VERTEX_POINT('',#3874);
#3877=VERTEX_POINT('',#3875);
#3878=CARTESIAN_POINT('',(-4.497379442812E0,9.193954706619E0,5.E0));
#3879=CARTESIAN_POINT('',(-5.010954793469E0,8.924435951802E0,5.E0));
#3880=VERTEX_POINT('',#3878);
#3881=VERTEX_POINT('',#3879);
#3882=CARTESIAN_POINT('',(-5.913841459954E0,8.353544408605E0,0.E0));
#3883=CARTESIAN_POINT('',(-6.377536973628E0,8.005138796424E0,0.E0));
#3884=VERTEX_POINT('',#3882);
#3885=VERTEX_POINT('',#3883);
#3886=CARTESIAN_POINT('',(-5.913841459954E0,8.353544408605E0,5.E0));
#3887=CARTESIAN_POINT('',(-6.377536973628E0,8.005138796424E0,5.E0));
#3888=VERTEX_POINT('',#3886);
#3889=VERTEX_POINT('',#3887);
#3890=CARTESIAN_POINT('',(-7.177163560954E0,7.296817677543E0,0.E0));
#3891=CARTESIAN_POINT('',(-7.578971764574E0,6.878547229742E0,0.E0));
#3892=VERTEX_POINT('',#3890);
#3893=VERTEX_POINT('',#3891);
#3894=CARTESIAN_POINT('',(-7.177163560954E0,7.296817677543E0,5.E0));
#3895=CARTESIAN_POINT('',(-7.578971764574E0,6.878547229742E0,5.E0));
#3896=VERTEX_POINT('',#3894);
#3897=VERTEX_POINT('',#3895);
#3898=CARTESIAN_POINT('',(-8.254631808194E0,6.051138629312E0,0.E0));
#3899=CARTESIAN_POINT('',(-8.584147810959E0,5.573834529264E0,0.E0));
#3900=VERTEX_POINT('',#3898);
#3901=VERTEX_POINT('',#3899);
#3902=CARTESIAN_POINT('',(-8.254631808194E0,6.051138629312E0,5.E0));
#3903=CARTESIAN_POINT('',(-8.584147810959E0,5.573834529264E0,5.E0));
#3904=VERTEX_POINT('',#3902);
#3905=VERTEX_POINT('',#3903);
#3906=CARTESIAN_POINT('',(-9.118344980760E0,4.648764331718E0,0.E0));
#3907=CARTESIAN_POINT('',(-9.367035910529E0,4.124786449121E0,0.E0));
#3908=VERTEX_POINT('',#3906);
#3909=VERTEX_POINT('',#3907);
#3910=CARTESIAN_POINT('',(-9.118344980760E0,4.648764331718E0,5.E0));
#3911=CARTESIAN_POINT('',(-9.367035910529E0,4.124786449121E0,5.E0));
#3912=VERTEX_POINT('',#3910);
#3913=VERTEX_POINT('',#3911);
#3914=CARTESIAN_POINT('',(-9.745937081234E0,3.126009502326E0,0.E0));
#3915=CARTESIAN_POINT('',(-9.907363044686E0,2.568926332302E0,0.E0));
#3916=VERTEX_POINT('',#3914);
#3917=VERTEX_POINT('',#3915);
#3918=CARTESIAN_POINT('',(-9.745937081234E0,3.126009502326E0,5.E0));
#3919=CARTESIAN_POINT('',(-9.907363044686E0,2.568926332302E0,5.E0));
#3920=VERTEX_POINT('',#3918);
#3921=VERTEX_POINT('',#3919);
#3922=CARTESIAN_POINT('',(-1.012115650695E1,1.522306132753E0,0.E0));
#3923=CARTESIAN_POINT('',(-1.019113735170E1,9.465434373924E-1,0.E0));
#3924=VERTEX_POINT('',#3922);
#3925=VERTEX_POINT('',#3923);
#3926=CARTESIAN_POINT('',(-1.012115650695E1,1.522306132753E0,5.E0));
#3927=CARTESIAN_POINT('',(-1.019113735170E1,9.465434373924E-1,5.E0));
#3928=VERTEX_POINT('',#3926);
#3929=VERTEX_POINT('',#3927);
#3930=CARTESIAN_POINT('',(-1.023428688797E1,-1.208176093631E-1,0.E0));
#3931=CARTESIAN_POINT('',(-1.021101044830E1,-7.003503585294E-1,0.E0));
#3932=VERTEX_POINT('',#3930);
#3933=VERTEX_POINT('',#3931);
#3934=CARTESIAN_POINT('',(-1.023428688797E1,-1.208176093631E-1,5.E0));
#3935=CARTESIAN_POINT('',(-1.021101044830E1,-7.003503585294E-1,5.E0));
#3936=VERTEX_POINT('',#3934);
#3937=VERTEX_POINT('',#3935);
#3938=CARTESIAN_POINT('',(-1.008239869411E1,-1.760812759228E0,0.E0));
#3939=CARTESIAN_POINT('',(-9.966467717332E0,-2.329108464494E0,0.E0));
#3940=VERTEX_POINT('',#3938);
#3941=VERTEX_POINT('',#3939);
#3942=CARTESIAN_POINT('',(-1.008239869411E1,-1.760812759228E0,5.E0));
#3943=CARTESIAN_POINT('',(-9.966467717332E0,-2.329108464494E0,5.E0));
#3944=VERTEX_POINT('',#3942);
#3945=VERTEX_POINT('',#3943);
#3946=CARTESIAN_POINT('',(-9.669425095610E0,-3.355211367468E0,0.E0));
#3947=CARTESIAN_POINT('',(-9.463841633809E0,-3.897553916264E0,0.E0));
#3948=VERTEX_POINT('',#3946);
#3949=VERTEX_POINT('',#3947);
#3950=CARTESIAN_POINT('',(-9.669425095610E0,-3.355211367468E0,5.E0));
#3951=CARTESIAN_POINT('',(-9.463841633809E0,-3.897553916264E0,5.E0));
#3952=VERTEX_POINT('',#3950);
#3953=VERTEX_POINT('',#3951);
#3954=CARTESIAN_POINT('',(-9.006060113051E0,-4.862726214801E0,0.E0));
#3955=CARTESIAN_POINT('',(-8.716147784437E0,-5.365071555894E0,0.E0));
#3956=VERTEX_POINT('',#3954);
#3957=VERTEX_POINT('',#3955);
#3958=CARTESIAN_POINT('',(-9.006060113051E0,-4.862726214801E0,5.E0));
#3959=CARTESIAN_POINT('',(-8.716147784437E0,-5.365071555894E0,5.E0));
#3960=VERTEX_POINT('',#3958);
#3961=VERTEX_POINT('',#3959);
#3962=CARTESIAN_POINT('',(-8.109481693876E0,-6.244319951499E0,0.E0));
#3963=CARTESIAN_POINT('',(-7.742747826806E0,-6.693659768056E0,0.E0));
#3964=VERTEX_POINT('',#3962);
#3965=VERTEX_POINT('',#3963);
#3966=CARTESIAN_POINT('',(-8.109481693876E0,-6.244319951499E0,5.E0));
#3967=CARTESIAN_POINT('',(-7.742747826806E0,-6.693659768056E0,5.E0));
#3968=VERTEX_POINT('',#3966);
#3969=VERTEX_POINT('',#3967);
#3970=CARTESIAN_POINT('',(-7.002906886573E0,-7.464215976108E0,0.E0));
#3971=CARTESIAN_POINT('',(-6.568848116022E0,-7.848914538242E0,0.E0));
#3972=VERTEX_POINT('',#3970);
#3973=VERTEX_POINT('',#3971);
#3974=CARTESIAN_POINT('',(-7.002906886573E0,-7.464215976108E0,5.E0));
#3975=CARTESIAN_POINT('',(-6.568848116022E0,-7.848914538242E0,5.E0));
#3976=VERTEX_POINT('',#3974);
#3977=VERTEX_POINT('',#3975);
#3978=CARTESIAN_POINT('',(-5.714990631309E0,-8.490824876538E0,0.E0));
#3979=CARTESIAN_POINT('',(-5.224846981918E0,-8.800920350483E0,0.E0));
#3980=VERTEX_POINT('',#3978);
#3981=VERTEX_POINT('',#3979);
#3982=CARTESIAN_POINT('',(-5.714990631309E0,-8.490824876538E0,5.E0));
#3983=CARTESIAN_POINT('',(-5.224846981918E0,-8.800920350483E0,5.E0));
#3984=VERTEX_POINT('',#3982);
#3985=VERTEX_POINT('',#3983);
#3986=CARTESIAN_POINT('',(-4.279083735452E0,-9.297562443188E0,0.E0));
#3987=CARTESIAN_POINT('',(-3.745547559200E0,-9.525024854654E0,0.E0));
#3988=VERTEX_POINT('',#3986);
#3989=VERTEX_POINT('',#3987);
#3990=CARTESIAN_POINT('',(-4.279083735452E0,-9.297562443188E0,5.E0));
#3991=CARTESIAN_POINT('',(-3.745547559200E0,-9.525024854654E0,5.E0));
#3992=VERTEX_POINT('',#3990);
#3993=VERTEX_POINT('',#3991);
#3994=CARTESIAN_POINT('',(-2.732369248819E0,-9.863538071509E0,0.E0));
#3995=CARTESIAN_POINT('',(-2.169256554444E0,-1.000247724321E1,0.E0));
#3996=VERTEX_POINT('',#3994);
#3997=VERTEX_POINT('',#3995);
#3998=CARTESIAN_POINT('',(-2.732369248819E0,-9.863538071509E0,5.E0));
#3999=CARTESIAN_POINT('',(-2.169256554444E0,-1.000247724321E1,5.E0));
#4000=VERTEX_POINT('',#3998);
#4001=VERTEX_POINT('',#3999);
#4002=CARTESIAN_POINT('',(-1.114899602368E0,-1.017409572771E1,0.E0));
#4003=CARTESIAN_POINT('',(-5.367922875058E-1,-1.022091380651E1,0.E0));
#4004=VERTEX_POINT('',#4002);
#4005=VERTEX_POINT('',#4003);
#4006=CARTESIAN_POINT('',(-1.114899602368E0,-1.017409572771E1,5.E0));
#4007=CARTESIAN_POINT('',(-5.367922875058E-1,-1.022091380651E1,5.E0));
#4008=VERTEX_POINT('',#4006);
#4009=VERTEX_POINT('',#4007);
#4010=CARTESIAN_POINT('',(5.314405562134E-1,-1.022119346922E1,0.E0));
#4011=CARTESIAN_POINT('',(1.109572305718E0,-1.017467809311E1,0.E0));
#4012=VERTEX_POINT('',#4010);
#4013=VERTEX_POINT('',#4011);
#4014=CARTESIAN_POINT('',(5.314405562134E-1,-1.022119346922E1,5.E0));
#4015=CARTESIAN_POINT('',(1.109572305718E0,-1.017467809311E1,5.E0));
#4016=VERTEX_POINT('',#4014);
#4017=VERTEX_POINT('',#4015);
#4018=CARTESIAN_POINT('',(2.164018972489E0,-1.000361169212E1,0.E0));
#4019=CARTESIAN_POINT('',(2.727204338050E0,-9.864967384564E0,0.E0));
#4020=VERTEX_POINT('',#4018);
#4021=VERTEX_POINT('',#4019);
#4022=CARTESIAN_POINT('',(2.164018972489E0,-1.000361169212E1,5.E0));
#4023=CARTESIAN_POINT('',(2.727204338050E0,-9.864967384564E0,5.E0));
#4024=VERTEX_POINT('',#4022);
#4025=VERTEX_POINT('',#4023);
#4026=CARTESIAN_POINT('',(3.740559754644E0,-9.526984713010E0,0.E0));
#4027=CARTESIAN_POINT('',(4.274214956796E0,-9.299801691601E0,0.E0));
#4028=VERTEX_POINT('',#4026);
#4029=VERTEX_POINT('',#4027);
#4030=CARTESIAN_POINT('',(3.740559754644E0,-9.526984713010E0,5.E0));
#4031=CARTESIAN_POINT('',(4.274214956796E0,-9.299801691601E0,5.E0));
#4032=VERTEX_POINT('',#4030);
#4033=VERTEX_POINT('',#4031);
#4034=CARTESIAN_POINT('',(5.220238114798E0,-8.803654867429E0,0.E0));
#4035=CARTESIAN_POINT('',(5.710544062605E0,-8.493816074595E0,0.E0));
#4036=VERTEX_POINT('',#4034);
#4037=VERTEX_POINT('',#4035);
#4038=CARTESIAN_POINT('',(5.220238114798E0,-8.803654867429E0,5.E0));
#4039=CARTESIAN_POINT('',(5.710544062605E0,-8.493816074595E0,5.E0));
#4040=VERTEX_POINT('',#4038);
#4041=VERTEX_POINT('',#4039);
#4042=CARTESIAN_POINT('',(6.564737533725E0,-7.852352903004E0,0.E0));
#4043=CARTESIAN_POINT('',(6.998997672462E0,-7.467881666234E0,0.E0));
#4044=VERTEX_POINT('',#4042);
#4045=VERTEX_POINT('',#4043);
#4046=CARTESIAN_POINT('',(6.564737533725E0,-7.852352903004E0,5.E0));
#4047=CARTESIAN_POINT('',(6.998997672462E0,-7.467881666234E0,5.E0));
#4048=VERTEX_POINT('',#4046);
#4049=VERTEX_POINT('',#4047);
#4050=CARTESIAN_POINT('',(7.739241973548E0,-6.697712943601E0,0.E0));
#4051=CARTESIAN_POINT('',(8.106211064114E0,-6.248565210033E0,0.E0));
#4052=VERTEX_POINT('',#4050);
#4053=VERTEX_POINT('',#4051);
#4054=CARTESIAN_POINT('',(7.739241973548E0,-6.697712943601E0,5.E0));
#4055=CARTESIAN_POINT('',(8.106211064114E0,-6.248565210033E0,5.E0));
#4056=VERTEX_POINT('',#4054);
#4057=VERTEX_POINT('',#4055);
#4058=CARTESIAN_POINT('',(8.713337444877E0,-5.369634584560E0,0.E0));
#4059=CARTESIAN_POINT('',(9.003512761144E0,-4.867441110062E0,0.E0));
#4060=VERTEX_POINT('',#4058);
#4061=VERTEX_POINT('',#4059);
#4062=CARTESIAN_POINT('',(8.713337444877E0,-5.369634584560E0,5.E0));
#4063=CARTESIAN_POINT('',(9.003512761144E0,-4.867441110062E0,5.E0));
#4064=VERTEX_POINT('',#4062);
#4065=VERTEX_POINT('',#4063);
#4066=CARTESIAN_POINT('',(9.461799582161E0,-3.902508637661E0,0.E0));
#4067=CARTESIAN_POINT('',(9.667666985663E0,-3.360273806452E0,0.E0));
#4068=VERTEX_POINT('',#4066);
#4069=VERTEX_POINT('',#4067);
#4070=CARTESIAN_POINT('',(9.461799582161E0,-3.902508637661E0,5.E0));
#4071=CARTESIAN_POINT('',(9.667666985663E0,-3.360273806452E0,5.E0));
#4072=VERTEX_POINT('',#4070);
#4073=VERTEX_POINT('',#4071);
#4074=CARTESIAN_POINT('',(9.965246832866E0,-2.334326575280E0,0.E0));
#4075=CARTESIAN_POINT('',(1.008147535267E1,-1.766091649229E0,0.E0));
#4076=VERTEX_POINT('',#4074);
#4077=VERTEX_POINT('',#4075);
#4078=CARTESIAN_POINT('',(9.965246832866E0,-2.334326575280E0,5.E0));
#4079=CARTESIAN_POINT('',(1.008147535267E1,-1.766091649229E0,5.E0));
#4080=VERTEX_POINT('',#4078);
#4081=VERTEX_POINT('',#4079);
#4082=CARTESIAN_POINT('',(1.021064234602E1,-7.056967348510E-1,0.E0));
#4083=CARTESIAN_POINT('',(1.023422222513E1,-1.261762526405E-1,0.E0));
#4084=VERTEX_POINT('',#4082);
#4085=VERTEX_POINT('',#4083);
#4086=CARTESIAN_POINT('',(1.021064234602E1,-7.056967348510E-1,5.E0));
#4087=CARTESIAN_POINT('',(1.023422222513E1,-1.261762526405E-1,5.E0));
#4088=VERTEX_POINT('',#4086);
#4089=VERTEX_POINT('',#4087);
#4090=CARTESIAN_POINT('',(-7.926361796293E0,4.862415993601E0,0.E0));
#4091=CARTESIAN_POINT('',(-7.926361796293E0,4.862415993601E0,5.E0));
#4092=VERTEX_POINT('',#4090);
#4093=VERTEX_POINT('',#4091);
#4094=CARTESIAN_POINT('',(-8.603900295418E0,3.528257976831E0,0.E0));
#4095=CARTESIAN_POINT('',(-8.603900295418E0,3.528257976831E0,5.E0));
#4096=VERTEX_POINT('',#4094);
#4097=VERTEX_POINT('',#4095);
#4098=CARTESIAN_POINT('',(-8.173474782179E0,4.434675092452E0,0.E0));
#4099=CARTESIAN_POINT('',(-8.173474782179E0,4.434675092452E0,5.E0));
#4100=VERTEX_POINT('',#4098);
#4101=VERTEX_POINT('',#4099);
#4102=CARTESIAN_POINT('',(-9.058712679146E0,2.102665836579E0,0.E0));
#4103=VERTEX_POINT('',#4102);
#4104=CARTESIAN_POINT('',(-8.779264859752E0,3.066281853817E0,0.E0));
#4105=VERTEX_POINT('',#4104);
#4106=CARTESIAN_POINT('',(-9.058712679146E0,2.102665836579E0,5.E0));
#4107=VERTEX_POINT('',#4106);
#4108=CARTESIAN_POINT('',(-8.779264859752E0,3.066281853817E0,5.E0));
#4109=VERTEX_POINT('',#4108);
#4110=CARTESIAN_POINT('',(-9.279004403961E0,6.225364069462E-1,0.E0));
#4111=VERTEX_POINT('',#4110);
#4112=CARTESIAN_POINT('',(-9.157743141718E0,1.618388440920E0,0.E0));
#4113=VERTEX_POINT('',#4112);
#4114=CARTESIAN_POINT('',(-9.279004403961E0,6.225364069462E-1,5.E0));
#4115=VERTEX_POINT('',#4114);
#4116=CARTESIAN_POINT('',(-9.157743141718E0,1.618388440920E0,5.E0));
#4117=VERTEX_POINT('',#4116);
#4118=CARTESIAN_POINT('',(-9.299084262085E0,1.284810141570E-1,0.E0));
#4119=VERTEX_POINT('',#4118);
#4120=CARTESIAN_POINT('',(-9.299084262085E0,1.284810141570E-1,5.E0));
#4121=VERTEX_POINT('',#4120);
#4122=CARTESIAN_POINT('',(8.292349074608E0,-4.212363345492E0,0.E0));
#4123=VERTEX_POINT('',#4122);
#4124=CARTESIAN_POINT('',(8.292349074608E0,-4.212363345492E0,5.E0));
#4125=VERTEX_POINT('',#4124);
#4126=CARTESIAN_POINT('',(8.860371549527E0,-2.827589979436E0,0.E0));
#4127=VERTEX_POINT('',#4126);
#4128=CARTESIAN_POINT('',(8.504600341799E0,-3.765238381632E0,0.E0));
#4129=VERTEX_POINT('',#4128);
#4130=CARTESIAN_POINT('',(8.860371549527E0,-2.827589979436E0,5.E0));
#4131=VERTEX_POINT('',#4130);
#4132=CARTESIAN_POINT('',(8.504600341799E0,-3.765238381632E0,5.E0));
#4133=VERTEX_POINT('',#4132);
#4134=CARTESIAN_POINT('',(9.198887623849E0,-1.369675242201E0,0.E0));
#4135=VERTEX_POINT('',#4134);
#4136=CARTESIAN_POINT('',(8.998107781807E0,-2.352356370684E0,0.E0));
#4137=VERTEX_POINT('',#4136);
#4138=CARTESIAN_POINT('',(9.198887623849E0,-1.369675242201E0,5.E0));
#4139=VERTEX_POINT('',#4138);
#4140=CARTESIAN_POINT('',(8.998107781807E0,-2.352356370684E0,5.E0));
#4141=VERTEX_POINT('',#4140);
#4142=CARTESIAN_POINT('',(9.258590982101E0,-8.786625965124E-1,0.E0));
#4143=VERTEX_POINT('',#4142);
#4144=CARTESIAN_POINT('',(9.258590982101E0,-8.786625965124E-1,5.E0));
#4145=VERTEX_POINT('',#4144);
#4146=CARTESIAN_POINT('',(1.019163156368E1,9.412072408468E-1,0.E0));
#4147=CARTESIAN_POINT('',(1.012195219715E1,1.517006499166E0,0.E0));
#4148=VERTEX_POINT('',#4146);
#4149=VERTEX_POINT('',#4147);
#4150=CARTESIAN_POINT('',(1.019163156368E1,9.412072408468E-1,5.E0));
#4151=CARTESIAN_POINT('',(1.012195219715E1,1.517006499166E0,5.E0));
#4152=VERTEX_POINT('',#4150);
#4153=VERTEX_POINT('',#4151);
#4154=CARTESIAN_POINT('',(9.908706773227E0,2.563738497237E0,0.E0));
#4155=CARTESIAN_POINT('',(9.747572519955E0,3.120906113329E0,0.E0));
#4156=VERTEX_POINT('',#4154);
#4157=VERTEX_POINT('',#4155);
#4158=CARTESIAN_POINT('',(9.908706773227E0,2.563738497237E0,5.E0));
#4159=CARTESIAN_POINT('',(9.747572519955E0,3.120906113329E0,5.E0));
#4160=VERTEX_POINT('',#4158);
#4161=VERTEX_POINT('',#4159);
#4162=CARTESIAN_POINT('',(9.369194359552E0,4.119881315395E0,0.E0));
#4163=CARTESIAN_POINT('',(9.120777818038E0,4.643989340426E0,0.E0));
#4164=VERTEX_POINT('',#4162);
#4165=VERTEX_POINT('',#4163);
#4166=CARTESIAN_POINT('',(9.369194359552E0,4.119881315395E0,5.E0));
#4167=CARTESIAN_POINT('',(9.120777818038E0,4.643989340426E0,5.E0));
#4168=VERTEX_POINT('',#4166);
#4169=VERTEX_POINT('',#4167);
#4170=CARTESIAN_POINT('',(8.587065087064E0,5.569339116137E0,0.E0));
#4171=CARTESIAN_POINT('',(8.257799045300E0,6.046815684924E0,0.E0));
#4172=VERTEX_POINT('',#4170);
#4173=VERTEX_POINT('',#4171);
#4174=CARTESIAN_POINT('',(8.587065087064E0,5.569339116137E0,5.E0));
#4175=CARTESIAN_POINT('',(8.257799045300E0,6.046815684924E0,5.E0));
#4176=VERTEX_POINT('',#4174);
#4177=VERTEX_POINT('',#4175);
#4178=CARTESIAN_POINT('',(7.582572324408E0,6.874577946691E0,0.E0));
#4179=CARTESIAN_POINT('',(7.180983181751E0,7.293058723430E0,0.E0));
#4180=VERTEX_POINT('',#4178);
#4181=VERTEX_POINT('',#4179);
#4182=CARTESIAN_POINT('',(7.582572324408E0,6.874577946691E0,5.E0));
#4183=CARTESIAN_POINT('',(7.180983181751E0,7.293058723430E0,5.E0));
#4184=VERTEX_POINT('',#4182);
#4185=VERTEX_POINT('',#4183);
#4186=CARTESIAN_POINT('',(6.381727580090E0,8.001798428699E0,0.E0));
#4187=CARTESIAN_POINT('',(5.918214554722E0,8.350446783513E0,0.E0));
#4188=VERTEX_POINT('',#4186);
#4189=VERTEX_POINT('',#4187);
#4190=CARTESIAN_POINT('',(6.381727580090E0,8.001798428699E0,5.E0));
#4191=CARTESIAN_POINT('',(5.918214554722E0,8.350446783513E0,5.E0));
#4192=VERTEX_POINT('',#4190);
#4193=VERTEX_POINT('',#4191);
#4194=CARTESIAN_POINT('',(5.015626930102E0,8.921810998785E0,0.E0));
#4195=CARTESIAN_POINT('',(4.502192769529E0,9.191598624070E0,0.E0));
#4196=VERTEX_POINT('',#4194);
#4197=VERTEX_POINT('',#4195);
#4198=CARTESIAN_POINT('',(5.015626930102E0,8.921810998785E0,5.E0));
#4199=CARTESIAN_POINT('',(4.502192769529E0,9.191598624070E0,5.E0));
#4200=VERTEX_POINT('',#4198);
#4201=VERTEX_POINT('',#4199);
#4202=CARTESIAN_POINT('',(3.519645779820E0,9.610791777195E0,0.E0));
#4203=CARTESIAN_POINT('',(2.969585947715E0,9.794732477160E0,0.E0));
#4204=VERTEX_POINT('',#4202);
#4205=VERTEX_POINT('',#4203);
#4206=CARTESIAN_POINT('',(3.519645779820E0,9.610791777195E0,5.E0));
#4207=CARTESIAN_POINT('',(2.969585947715E0,9.794732477160E0,5.E0));
#4208=VERTEX_POINT('',#4206);
#4209=VERTEX_POINT('',#4207);
#4210=CARTESIAN_POINT('',(1.932522811954E0,1.005089949115E1,0.E0));
#4211=CARTESIAN_POINT('',(1.360081199893E0,1.014423009053E1,0.E0));
#4212=VERTEX_POINT('',#4210);
#4213=VERTEX_POINT('',#4211);
#4214=CARTESIAN_POINT('',(1.932522811954E0,1.005089949115E1,5.E0));
#4215=CARTESIAN_POINT('',(1.360081199893E0,1.014423009053E1,5.E0));
#4216=VERTEX_POINT('',#4214);
#4217=VERTEX_POINT('',#4215);
#4218=CARTESIAN_POINT('',(0.E0,0.E0,0.E0));
#4219=DIRECTION('',(0.E0,0.E0,1.E0));
#4220=DIRECTION('',(1.E0,0.E0,0.E0));
#4221=AXIS2_PLACEMENT_3D('',#4218,#4219,#4220);
#4222=PLANE('',#4221);
#4224=ORIENTED_EDGE('',*,*,#4223,.T.);
#4226=ORIENTED_EDGE('',*,*,#4225,.T.);
#4228=ORIENTED_EDGE('',*,*,#4227,.T.);
#4230=ORIENTED_EDGE('',*,*,#4229,.T.);
#4232=ORIENTED_EDGE('',*,*,#4231,.T.);
#4234=ORIENTED_EDGE('',*,*,#4233,.T.);
#4236=ORIENTED_EDGE('',*,*,#4235,.T.);
#4238=ORIENTED_EDGE('',*,*,#4237,.T.);
#4240=ORIENTED_EDGE('',*,*,#4239,.T.);
#4242=ORIENTED_EDGE('',*,*,#4241,.T.);
#4244=ORIENTED_EDGE('',*,*,#4243,.T.);
#4246=ORIENTED_EDGE('',*,*,#4245,.T.);
#4248=ORIENTED_EDGE('',*,*,#4247,.T.);
#4250=ORIENTED_EDGE('',*,*,#4249,.T.);
#4252=ORIENTED_EDGE('',*,*,#4251,.T.);
#4254=ORIENTED_EDGE('',*,*,#4253,.T.);
#4256=ORIENTED_EDGE('',*,*,#4255,.T.);
#4258=ORIENTED_EDGE('',*,*,#4257,.T.);
#4260=ORIENTED_EDGE('',*,*,#4259,.T.);
#4262=ORIENTED_EDGE('',*,*,#4261,.T.);
#4264=ORIENTED_EDGE('',*,*,#4263,.T.);
#4266=ORIENTED_EDGE('',*,*,#4265,.T.);
#4268=ORIENTED_EDGE('',*,*,#4267,.T.);
#4270=ORIENTED_EDGE('',*,*,#4269,.T.);
#4272=ORIENTED_EDGE('',*,*,#4271,.T.);
#4274=ORIENTED_EDGE('',*,*,#4273,.T.);
#4276=ORIENTED_EDGE('',*,*,#4275,.T.);
#4278=ORIENTED_EDGE('',*,*,#4277,.T.);
#4280=ORIENTED_EDGE('',*,*,#4279,.T.);
#4282=ORIENTED_EDGE('',*,*,#4281,.T.);
#4284=ORIENTED_EDGE('',*,*,#4283,.T.);
#4286=ORIENTED_EDGE('',*,*,#4285,.T.);
#4288=ORIENTED_EDGE('',*,*,#4287,.T.);
#4290=ORIENTED_EDGE('',*,*,#4289,.T.);
#4292=ORIENTED_EDGE('',*,*,#4291,.T.);
#4294=ORIENTED_EDGE('',*,*,#4293,.T.);
#4296=ORIENTED_EDGE('',*,*,#4295,.T.);
#4298=ORIENTED_EDGE('',*,*,#4297,.T.);
#4300=ORIENTED_EDGE('',*,*,#4299,.T.);
#4302=ORIENTED_EDGE('',*,*,#4301,.T.);
#4304=ORIENTED_EDGE('',*,*,#4303,.T.);
#4306=ORIENTED_EDGE('',*,*,#4305,.T.);
#4308=ORIENTED_EDGE('',*,*,#4307,.T.);
#4310=ORIENTED_EDGE('',*,*,#4309,.T.);
#4312=ORIENTED_EDGE('',*,*,#4311,.T.);
#4314=ORIENTED_EDGE('',*,*,#4313,.T.);
#4316=ORIENTED_EDGE('',*,*,#4315,.T.);
#4318=ORIENTED_EDGE('',*,*,#4317,.T.);
#4320=ORIENTED_EDGE('',*,*,#4319,.T.);
#4322=ORIENTED_EDGE('',*,*,#4321,.T.);
#4324=ORIENTED_EDGE('',*,*,#4323,.T.);
#4326=ORIENTED_EDGE('',*,*,#4325,.T.);
#4328=ORIENTED_EDGE('',*,*,#4327,.T.);
#4330=ORIENTED_EDGE('',*,*,#4329,.T.);
#4332=ORIENTED_EDGE('',*,*,#4331,.T.);
#4334=ORIENTED_EDGE('',*,*,#4333,.T.);
#4336=ORIENTED_EDGE('',*,*,#4335,.T.);
#4338=ORIENTED_EDGE('',*,*,#4337,.T.);
#4340=ORIENTED_EDGE('',*,*,#4339,.T.);
#4342=ORIENTED_EDGE('',*,*,#4341,.T.);
#4344=ORIENTED_EDGE('',*,*,#4343,.T.);
#4346=ORIENTED_EDGE('',*,*,#4345,.T.);
#4348=ORIENTED_EDGE('',*,*,#4347,.T.);
#4350=ORIENTED_EDGE('',*,*,#4349,.T.);
#4352=ORIENTED_EDGE('',*,*,#4351,.T.);
#4354=ORIENTED_EDGE('',*,*,#4353,.T.);
#4356=ORIENTED_EDGE('',*,*,#4355,.T.);
#4358=ORIENTED_EDGE('',*,*,#4357,.T.);
#4360=ORIENTED_EDGE('',*,*,#4359,.T.);
#4362=ORIENTED_EDGE('',*,*,#4361,.T.);
#4364=ORIENTED_EDGE('',*,*,#4363,.T.);
#4366=ORIENTED_EDGE('',*,*,#4365,.T.);
#4368=ORIENTED_EDGE('',*,*,#4367,.T.);
#4370=ORIENTED_EDGE('',*,*,#4369,.T.);
#4372=ORIENTED_EDGE('',*,*,#4371,.T.);
#4374=ORIENTED_EDGE('',*,*,#4373,.T.);
#4376=ORIENTED_EDGE('',*,*,#4375,.T.);
#4378=ORIENTED_EDGE('',*,*,#4377,.T.);
#4380=ORIENTED_EDGE('',*,*,#4379,.T.);
#4382=ORIENTED_EDGE('',*,*,#4381,.T.);
#4384=ORIENTED_EDGE('',*,*,#4383,.T.);
#4386=ORIENTED_EDGE('',*,*,#4385,.T.);
#4388=ORIENTED_EDGE('',*,*,#4387,.T.);
#4390=ORIENTED_EDGE('',*,*,#4389,.T.);
#4392=ORIENTED_EDGE('',*,*,#4391,.T.);
#4394=ORIENTED_EDGE('',*,*,#4393,.T.);
#4396=ORIENTED_EDGE('',*,*,#4395,.T.);
#4398=ORIENTED_EDGE('',*,*,#4397,.T.);
#4400=ORIENTED_EDGE('',*,*,#4399,.T.);
#4402=ORIENTED_EDGE('',*,*,#4401,.T.);
#4404=ORIENTED_EDGE('',*,*,#4403,.T.);
#4406=ORIENTED_EDGE('',*,*,#4405,.T.);
#4408=ORIENTED_EDGE('',*,*,#4407,.T.);
#4410=ORIENTED_EDGE('',*,*,#4409,.T.);
#4412=ORIENTED_EDGE('',*,*,#4411,.T.);
#4414=ORIENTED_EDGE('',*,*,#4413,.T.);
#4416=ORIENTED_EDGE('',*,*,#4415,.T.);
#4418=ORIENTED_EDGE('',*,*,#4417,.T.);
#4420=ORIENTED_EDGE('',*,*,#4419,.T.);
#4422=ORIENTED_EDGE('',*,*,#4421,.T.);
#4424=ORIENTED_EDGE('',*,*,#4423,.T.);
#4426=ORIENTED_EDGE('',*,*,#4425,.T.);
#4428=ORIENTED_EDGE('',*,*,#4427,.T.);
#4430=ORIENTED_EDGE('',*,*,#4429,.T.);
#4432=ORIENTED_EDGE('',*,*,#4431,.T.);
#4434=ORIENTED_EDGE('',*,*,#4433,.T.);
#4436=ORIENTED_EDGE('',*,*,#4435,.T.);
#4438=ORIENTED_EDGE('',*,*,#4437,.T.);
#4440=ORIENTED_EDGE('',*,*,#4439,.T.);
#4442=ORIENTED_EDGE('',*,*,#4441,.T.);
#4444=ORIENTED_EDGE('',*,*,#4443,.T.);
#4446=ORIENTED_EDGE('',*,*,#4445,.T.);
#4448=ORIENTED_EDGE('',*,*,#4447,.T.);
#4450=ORIENTED_EDGE('',*,*,#4449,.T.);
#4452=ORIENTED_EDGE('',*,*,#4451,.T.);
#4454=ORIENTED_EDGE('',*,*,#4453,.T.);
#4456=ORIENTED_EDGE('',*,*,#4455,.T.);
#4458=ORIENTED_EDGE('',*,*,#4457,.T.);
#4460=ORIENTED_EDGE('',*,*,#4459,.T.);
#4462=ORIENTED_EDGE('',*,*,#4461,.T.);
#4464=ORIENTED_EDGE('',*,*,#4463,.T.);
#4466=ORIENTED_EDGE('',*,*,#4465,.T.);
#4468=ORIENTED_EDGE('',*,*,#4467,.T.);
#4470=ORIENTED_EDGE('',*,*,#4469,.T.);
#4472=ORIENTED_EDGE('',*,*,#4471,.T.);
#4474=ORIENTED_EDGE('',*,*,#4473,.T.);
#4476=ORIENTED_EDGE('',*,*,#4475,.T.);
#4478=ORIENTED_EDGE('',*,*,#4477,.T.);
#4480=ORIENTED_EDGE('',*,*,#4479,.T.);
#4482=ORIENTED_EDGE('',*,*,#4481,.T.);
#4484=ORIENTED_EDGE('',*,*,#4483,.T.);
#4486=ORIENTED_EDGE('',*,*,#4485,.T.);
#4488=ORIENTED_EDGE('',*,*,#4487,.T.);
#4490=ORIENTED_EDGE('',*,*,#4489,.T.);
#4492=ORIENTED_EDGE('',*,*,#4491,.T.);
#4494=ORIENTED_EDGE('',*,*,#4493,.T.);
#4496=ORIENTED_EDGE('',*,*,#4495,.T.);
#4498=ORIENTED_EDGE('',*,*,#4497,.T.);
#4500=ORIENTED_EDGE('',*,*,#4499,.T.);
#4502=ORIENTED_EDGE('',*,*,#4501,.T.);
#4504=ORIENTED_EDGE('',*,*,#4503,.T.);
#4506=ORIENTED_EDGE('',*,*,#4505,.T.);
#4508=ORIENTED_EDGE('',*,*,#4507,.T.);
#4510=ORIENTED_EDGE('',*,*,#4509,.T.);
#4512=ORIENTED_EDGE('',*,*,#4511,.T.);
#4514=ORIENTED_EDGE('',*,*,#4513,.T.);
#4516=ORIENTED_EDGE('',*,*,#4515,.T.);
#4518=ORIENTED_EDGE('',*,*,#4517,.T.);
#4520=ORIENTED_EDGE('',*,*,#4519,.T.);
#4522=ORIENTED_EDGE('',*,*,#4521,.T.);
#4524=ORIENTED_EDGE('',*,*,#4523,.T.);
#4526=ORIENTED_EDGE('',*,*,#4525,.T.);
#4528=ORIENTED_EDGE('',*,*,#4527,.T.);
#4530=ORIENTED_EDGE('',*,*,#4529,.T.);
#4532=ORIENTED_EDGE('',*,*,#4531,.T.);
#4534=ORIENTED_EDGE('',*,*,#4533,.T.);
#4535=EDGE_LOOP('',(#4224,#4226,#4228,#4230,#4232,#4234,#4236,#4238,#4240,#4242,
#4244,#4246,#4248,#4250,#4252,#4254,#4256,#4258,#4260,#4262,#4264,#4266,#4268,
#4270,#4272,#4274,#4276,#4278,#4280,#4282,#4284,#4286,#4288,#4290,#4292,#4294,
#4296,#4298,#4300,#4302,#4304,#4306,#4308,#4310,#4312,#4314,#4316,#4318,#4320,
#4322,#4324,#4326,#4328,#4330,#4332,#4334,#4336,#4338,#4340,#4342,#4344,#4346,
#4348,#4350,#4352,#4354,#4356,#4358,#4360,#4362,#4364,#4366,#4368,#4370,#4372,
#4374,#4376,#4378,#4380,#4382,#4384,#4386,#4388,#4390,#4392,#4394,#4396,#4398,
#4400,#4402,#4404,#4406,#4408,#4410,#4412,#4414,#4416,#4418,#4420,#4422,#4424,
#4426,#4428,#4430,#4432,#4434,#4436,#4438,#4440,#4442,#4444,#4446,#4448,#4450,
#4452,#4454,#4456,#4458,#4460,#4462,#4464,#4466,#4468,#4470,#4472,#4474,#4476,
#4478,#4480,#4482,#4484,#4486,#4488,#4490,#4492,#4494,#4496,#4498,#4500,#4502,
#4504,#4506,#4508,#4510,#4512,#4514,#4516,#4518,#4520,#4522,#4524,#4526,#4528,
#4530,#4532,#4534));
#4536=FACE_OUTER_BOUND('',#4535,.F.);
#4538=ORIENTED_EDGE('',*,*,#4537,.F.);
#4540=ORIENTED_EDGE('',*,*,#4539,.F.);
#4541=EDGE_LOOP('',(#4538,#4540));
#4542=FACE_BOUND('',#4541,.F.);
#4544=FILL_AREA_STYLE_COLOUR('',#21);
#4545=FILL_AREA_STYLE('',(#4544));
#4546=SURFACE_STYLE_FILL_AREA(#4545);
#4547=SURFACE_SIDE_STYLE('',(#4546));
#4548=SURFACE_STYLE_USAGE(.BOTH.,#4547);
#4549=PRESENTATION_STYLE_ASSIGNMENT((#4548));
#4550=STYLED_ITEM('',(#4549),#4543);
#4551=CARTESIAN_POINT('',(0.E0,-2.025256353960E-3,5.E0));
#4552=DIRECTION('',(0.E0,0.E0,1.E0));
#4553=DIRECTION('',(1.E0,0.E0,0.E0));
#4554=AXIS2_PLACEMENT_3D('',#4551,#4552,#4553);
#4555=CYLINDRICAL_SURFACE('',#4554,9.3E0);
#4557=ORIENTED_EDGE('',*,*,#4556,.T.);
#4559=ORIENTED_EDGE('',*,*,#4558,.F.);
#4560=ORIENTED_EDGE('',*,*,#4455,.F.);
#4562=ORIENTED_EDGE('',*,*,#4561,.T.);
#4563=EDGE_LOOP('',(#4557,#4559,#4560,#4562));
#4564=FACE_OUTER_BOUND('',#4563,.F.);
#4566=FILL_AREA_STYLE_COLOUR('',#21);
#4567=FILL_AREA_STYLE('',(#4566));
#4568=SURFACE_STYLE_FILL_AREA(#4567);
#4569=SURFACE_SIDE_STYLE('',(#4568));
#4570=SURFACE_STYLE_USAGE(.BOTH.,#4569);
#4571=PRESENTATION_STYLE_ASSIGNMENT((#4570));
#4572=STYLED_ITEM('',(#4571),#4565);
#4573=CARTESIAN_POINT('',(0.E0,-2.025256353960E-3,5.E0));
#4574=DIRECTION('',(0.E0,0.E0,1.E0));
#4575=DIRECTION('',(1.E0,0.E0,0.E0));
#4576=AXIS2_PLACEMENT_3D('',#4573,#4574,#4575);
#4577=CYLINDRICAL_SURFACE('',#4576,9.3E0);
#4579=ORIENTED_EDGE('',*,*,#4578,.T.);
#4581=ORIENTED_EDGE('',*,*,#4580,.F.);
#4582=ORIENTED_EDGE('',*,*,#4463,.F.);
#4584=ORIENTED_EDGE('',*,*,#4583,.T.);
#4585=EDGE_LOOP('',(#4579,#4581,#4582,#4584));
#4586=FACE_OUTER_BOUND('',#4585,.F.);
#4588=FILL_AREA_STYLE_COLOUR('',#21);
#4589=FILL_AREA_STYLE('',(#4588));
#4590=SURFACE_STYLE_FILL_AREA(#4589);
#4591=SURFACE_SIDE_STYLE('',(#4590));
#4592=SURFACE_STYLE_USAGE(.POSITIVE.,#4591);
#4593=PRESENTATION_STYLE_ASSIGNMENT((#4592));
#4594=STYLED_ITEM('',(#4593),#4587);
#4595=CARTESIAN_POINT('',(0.E0,-2.025256353960E-3,5.E0));
#4596=DIRECTION('',(0.E0,0.E0,1.E0));
#4597=DIRECTION('',(1.E0,0.E0,0.E0));
#4598=AXIS2_PLACEMENT_3D('',#4595,#4596,#4597);
#4599=CYLINDRICAL_SURFACE('',#4598,9.3E0);
#4601=ORIENTED_EDGE('',*,*,#4600,.T.);
#4603=ORIENTED_EDGE('',*,*,#4602,.F.);
#4604=ORIENTED_EDGE('',*,*,#4471,.F.);
#4606=ORIENTED_EDGE('',*,*,#4605,.T.);
#4607=EDGE_LOOP('',(#4601,#4603,#4604,#4606));
#4608=FACE_OUTER_BOUND('',#4607,.F.);
#4610=FILL_AREA_STYLE_COLOUR('',#21);
#4611=FILL_AREA_STYLE('',(#4610));
#4612=SURFACE_STYLE_FILL_AREA(#4611);
#4613=SURFACE_SIDE_STYLE('',(#4612));
#4614=SURFACE_STYLE_USAGE(.POSITIVE.,#4613);
#4615=PRESENTATION_STYLE_ASSIGNMENT((#4614));
#4616=STYLED_ITEM('',(#4615),#4609);
#4617=CARTESIAN_POINT('',(0.E0,-2.025256353960E-3,5.E0));
#4618=DIRECTION('',(0.E0,0.E0,1.E0));
#4619=DIRECTION('',(1.E0,0.E0,0.E0));
#4620=AXIS2_PLACEMENT_3D('',#4617,#4618,#4619);
#4621=CYLINDRICAL_SURFACE('',#4620,9.3E0);
#4623=ORIENTED_EDGE('',*,*,#4622,.T.);
#4625=ORIENTED_EDGE('',*,*,#4624,.F.);
#4626=ORIENTED_EDGE('',*,*,#4479,.F.);
#4628=ORIENTED_EDGE('',*,*,#4627,.T.);
#4629=EDGE_LOOP('',(#4623,#4625,#4626,#4628));
#4630=FACE_OUTER_BOUND('',#4629,.F.);
#4632=FILL_AREA_STYLE_COLOUR('',#21);
#4633=FILL_AREA_STYLE('',(#4632));
#4634=SURFACE_STYLE_FILL_AREA(#4633);
#4635=SURFACE_SIDE_STYLE('',(#4634));
#4636=SURFACE_STYLE_USAGE(.POSITIVE.,#4635);
#4637=PRESENTATION_STYLE_ASSIGNMENT((#4636));
#4638=STYLED_ITEM('',(#4637),#4631);
#4639=CARTESIAN_POINT('',(0.E0,-2.025256353960E-3,5.E0));
#4640=DIRECTION('',(0.E0,0.E0,1.E0));
#4641=DIRECTION('',(1.E0,0.E0,0.E0));
#4642=AXIS2_PLACEMENT_3D('',#4639,#4640,#4641);
#4643=CYLINDRICAL_SURFACE('',#4642,9.3E0);
#4645=ORIENTED_EDGE('',*,*,#4644,.T.);
#4647=ORIENTED_EDGE('',*,*,#4646,.F.);
#4648=ORIENTED_EDGE('',*,*,#4487,.F.);
#4650=ORIENTED_EDGE('',*,*,#4649,.T.);
#4651=EDGE_LOOP('',(#4645,#4647,#4648,#4650));
#4652=FACE_OUTER_BOUND('',#4651,.F.);
#4654=FILL_AREA_STYLE_COLOUR('',#21);
#4655=FILL_AREA_STYLE('',(#4654));
#4656=SURFACE_STYLE_FILL_AREA(#4655);
#4657=SURFACE_SIDE_STYLE('',(#4656));
#4658=SURFACE_STYLE_USAGE(.POSITIVE.,#4657);
#4659=PRESENTATION_STYLE_ASSIGNMENT((#4658));
#4660=STYLED_ITEM('',(#4659),#4653);
#4661=CARTESIAN_POINT('',(0.E0,-2.025256353960E-3,5.E0));
#4662=DIRECTION('',(0.E0,0.E0,1.E0));
#4663=DIRECTION('',(1.E0,0.E0,0.E0));
#4664=AXIS2_PLACEMENT_3D('',#4661,#4662,#4663);
#4665=CYLINDRICAL_SURFACE('',#4664,9.3E0);
#4667=ORIENTED_EDGE('',*,*,#4666,.T.);
#4669=ORIENTED_EDGE('',*,*,#4668,.F.);
#4670=ORIENTED_EDGE('',*,*,#4495,.F.);
#4672=ORIENTED_EDGE('',*,*,#4671,.T.);
#4673=EDGE_LOOP('',(#4667,#4669,#4670,#4672));
#4674=FACE_OUTER_BOUND('',#4673,.F.);
#4676=FILL_AREA_STYLE_COLOUR('',#21);
#4677=FILL_AREA_STYLE('',(#4676));
#4678=SURFACE_STYLE_FILL_AREA(#4677);
#4679=SURFACE_SIDE_STYLE('',(#4678));
#4680=SURFACE_STYLE_USAGE(.POSITIVE.,#4679);
#4681=PRESENTATION_STYLE_ASSIGNMENT((#4680));
#4682=STYLED_ITEM('',(#4681),#4675);
#4683=CARTESIAN_POINT('',(0.E0,-2.025256353960E-3,5.E0));
#4684=DIRECTION('',(0.E0,0.E0,1.E0));
#4685=DIRECTION('',(1.E0,0.E0,0.E0));
#4686=AXIS2_PLACEMENT_3D('',#4683,#4684,#4685);
#4687=CYLINDRICAL_SURFACE('',#4686,9.3E0);
#4689=ORIENTED_EDGE('',*,*,#4688,.T.);
#4691=ORIENTED_EDGE('',*,*,#4690,.F.);
#4692=ORIENTED_EDGE('',*,*,#4503,.F.);
#4694=ORIENTED_EDGE('',*,*,#4693,.T.);
#4695=EDGE_LOOP('',(#4689,#4691,#4692,#4694));
#4696=FACE_OUTER_BOUND('',#4695,.F.);
#4698=FILL_AREA_STYLE_COLOUR('',#21);
#4699=FILL_AREA_STYLE('',(#4698));
#4700=SURFACE_STYLE_FILL_AREA(#4699);
#4701=SURFACE_SIDE_STYLE('',(#4700));
#4702=SURFACE_STYLE_USAGE(.POSITIVE.,#4701);
#4703=PRESENTATION_STYLE_ASSIGNMENT((#4702));
#4704=STYLED_ITEM('',(#4703),#4697);
#4705=CARTESIAN_POINT('',(0.E0,-2.025256353960E-3,5.E0));
#4706=DIRECTION('',(0.E0,0.E0,1.E0));
#4707=DIRECTION('',(1.E0,0.E0,0.E0));
#4708=AXIS2_PLACEMENT_3D('',#4705,#4706,#4707);
#4709=CYLINDRICAL_SURFACE('',#4708,9.3E0);
#4711=ORIENTED_EDGE('',*,*,#4710,.T.);
#4713=ORIENTED_EDGE('',*,*,#4712,.F.);
#4714=ORIENTED_EDGE('',*,*,#4511,.F.);
#4716=ORIENTED_EDGE('',*,*,#4715,.T.);
#4717=EDGE_LOOP('',(#4711,#4713,#4714,#4716));
#4718=FACE_OUTER_BOUND('',#4717,.F.);
#4720=FILL_AREA_STYLE_COLOUR('',#21);
#4721=FILL_AREA_STYLE('',(#4720));
#4722=SURFACE_STYLE_FILL_AREA(#4721);
#4723=SURFACE_SIDE_STYLE('',(#4722));
#4724=SURFACE_STYLE_USAGE(.POSITIVE.,#4723);
#4725=PRESENTATION_STYLE_ASSIGNMENT((#4724));
#4726=STYLED_ITEM('',(#4725),#4719);
#4727=CARTESIAN_POINT('',(0.E0,-2.025256353960E-3,5.E0));
#4728=DIRECTION('',(0.E0,0.E0,1.E0));
#4729=DIRECTION('',(1.E0,0.E0,0.E0));
#4730=AXIS2_PLACEMENT_3D('',#4727,#4728,#4729);
#4731=CYLINDRICAL_SURFACE('',#4730,9.3E0);
#4733=ORIENTED_EDGE('',*,*,#4732,.T.);
#4735=ORIENTED_EDGE('',*,*,#4734,.F.);
#4736=ORIENTED_EDGE('',*,*,#4519,.F.);
#4738=ORIENTED_EDGE('',*,*,#4737,.T.);
#4739=EDGE_LOOP('',(#4733,#4735,#4736,#4738));
#4740=FACE_OUTER_BOUND('',#4739,.F.);
#4742=FILL_AREA_STYLE_COLOUR('',#21);
#4743=FILL_AREA_STYLE('',(#4742));
#4744=SURFACE_STYLE_FILL_AREA(#4743);
#4745=SURFACE_SIDE_STYLE('',(#4744));
#4746=SURFACE_STYLE_USAGE(.POSITIVE.,#4745);
#4747=PRESENTATION_STYLE_ASSIGNMENT((#4746));
#4748=STYLED_ITEM('',(#4747),#4741);
#4749=CARTESIAN_POINT('',(0.E0,-2.025256353960E-3,5.E0));
#4750=DIRECTION('',(0.E0,0.E0,1.E0));
#4751=DIRECTION('',(1.E0,0.E0,0.E0));
#4752=AXIS2_PLACEMENT_3D('',#4749,#4750,#4751);
#4753=CYLINDRICAL_SURFACE('',#4752,9.3E0);
#4755=ORIENTED_EDGE('',*,*,#4754,.T.);
#4757=ORIENTED_EDGE('',*,*,#4756,.F.);
#4758=ORIENTED_EDGE('',*,*,#4527,.F.);
#4760=ORIENTED_EDGE('',*,*,#4759,.T.);
#4761=EDGE_LOOP('',(#4755,#4757,#4758,#4760));
#4762=FACE_OUTER_BOUND('',#4761,.F.);
#4764=FILL_AREA_STYLE_COLOUR('',#21);
#4765=FILL_AREA_STYLE('',(#4764));
#4766=SURFACE_STYLE_FILL_AREA(#4765);
#4767=SURFACE_SIDE_STYLE('',(#4766));
#4768=SURFACE_STYLE_USAGE(.POSITIVE.,#4767);
#4769=PRESENTATION_STYLE_ASSIGNMENT((#4768));
#4770=STYLED_ITEM('',(#4769),#4763);
#4771=CARTESIAN_POINT('',(0.E0,-2.025256353960E-3,5.E0));
#4772=DIRECTION('',(0.E0,0.E0,1.E0));
#4773=DIRECTION('',(1.E0,0.E0,0.E0));
#4774=AXIS2_PLACEMENT_3D('',#4771,#4772,#4773);
#4775=CYLINDRICAL_SURFACE('',#4774,9.3E0);
#4777=ORIENTED_EDGE('',*,*,#4776,.T.);
#4779=ORIENTED_EDGE('',*,*,#4778,.F.);
#4780=ORIENTED_EDGE('',*,*,#4223,.F.);
#4782=ORIENTED_EDGE('',*,*,#4781,.T.);
#4783=EDGE_LOOP('',(#4777,#4779,#4780,#4782));
#4784=FACE_OUTER_BOUND('',#4783,.F.);
#4786=FILL_AREA_STYLE_COLOUR('',#21);
#4787=FILL_AREA_STYLE('',(#4786));
#4788=SURFACE_STYLE_FILL_AREA(#4787);
#4789=SURFACE_SIDE_STYLE('',(#4788));
#4790=SURFACE_STYLE_USAGE(.POSITIVE.,#4789);
#4791=PRESENTATION_STYLE_ASSIGNMENT((#4790));
#4792=STYLED_ITEM('',(#4791),#4785);
#4793=CARTESIAN_POINT('',(0.E0,-2.025256353960E-3,5.E0));
#4794=DIRECTION('',(0.E0,0.E0,1.E0));
#4795=DIRECTION('',(1.E0,0.E0,0.E0));
#4796=AXIS2_PLACEMENT_3D('',#4793,#4794,#4795);
#4797=CYLINDRICAL_SURFACE('',#4796,9.3E0);
#4799=ORIENTED_EDGE('',*,*,#4798,.T.);
#4801=ORIENTED_EDGE('',*,*,#4800,.F.);
#4802=ORIENTED_EDGE('',*,*,#4231,.F.);
#4804=ORIENTED_EDGE('',*,*,#4803,.T.);
#4805=EDGE_LOOP('',(#4799,#4801,#4802,#4804));
#4806=FACE_OUTER_BOUND('',#4805,.F.);
#4808=FILL_AREA_STYLE_COLOUR('',#21);
#4809=FILL_AREA_STYLE('',(#4808));
#4810=SURFACE_STYLE_FILL_AREA(#4809);
#4811=SURFACE_SIDE_STYLE('',(#4810));
#4812=SURFACE_STYLE_USAGE(.POSITIVE.,#4811);
#4813=PRESENTATION_STYLE_ASSIGNMENT((#4812));
#4814=STYLED_ITEM('',(#4813),#4807);
#4815=CARTESIAN_POINT('',(0.E0,-2.025256353960E-3,5.E0));
#4816=DIRECTION('',(0.E0,0.E0,1.E0));
#4817=DIRECTION('',(1.E0,0.E0,0.E0));
#4818=AXIS2_PLACEMENT_3D('',#4815,#4816,#4817);
#4819=CYLINDRICAL_SURFACE('',#4818,9.3E0);
#4821=ORIENTED_EDGE('',*,*,#4820,.T.);
#4823=ORIENTED_EDGE('',*,*,#4822,.F.);
#4824=ORIENTED_EDGE('',*,*,#4239,.F.);
#4826=ORIENTED_EDGE('',*,*,#4825,.T.);
#4827=EDGE_LOOP('',(#4821,#4823,#4824,#4826));
#4828=FACE_OUTER_BOUND('',#4827,.F.);
#4830=FILL_AREA_STYLE_COLOUR('',#21);
#4831=FILL_AREA_STYLE('',(#4830));
#4832=SURFACE_STYLE_FILL_AREA(#4831);
#4833=SURFACE_SIDE_STYLE('',(#4832));
#4834=SURFACE_STYLE_USAGE(.POSITIVE.,#4833);
#4835=PRESENTATION_STYLE_ASSIGNMENT((#4834));
#4836=STYLED_ITEM('',(#4835),#4829);
#4837=CARTESIAN_POINT('',(0.E0,-2.025256353960E-3,5.E0));
#4838=DIRECTION('',(0.E0,0.E0,1.E0));
#4839=DIRECTION('',(1.E0,0.E0,0.E0));
#4840=AXIS2_PLACEMENT_3D('',#4837,#4838,#4839);
#4841=CYLINDRICAL_SURFACE('',#4840,9.3E0);
#4843=ORIENTED_EDGE('',*,*,#4842,.T.);
#4845=ORIENTED_EDGE('',*,*,#4844,.F.);
#4846=ORIENTED_EDGE('',*,*,#4247,.F.);
#4848=ORIENTED_EDGE('',*,*,#4847,.T.);
#4849=EDGE_LOOP('',(#4843,#4845,#4846,#4848));
#4850=FACE_OUTER_BOUND('',#4849,.F.);
#4852=FILL_AREA_STYLE_COLOUR('',#21);
#4853=FILL_AREA_STYLE('',(#4852));
#4854=SURFACE_STYLE_FILL_AREA(#4853);
#4855=SURFACE_SIDE_STYLE('',(#4854));
#4856=SURFACE_STYLE_USAGE(.POSITIVE.,#4855);
#4857=PRESENTATION_STYLE_ASSIGNMENT((#4856));
#4858=STYLED_ITEM('',(#4857),#4851);
#4859=CARTESIAN_POINT('',(0.E0,-2.025256353960E-3,5.E0));
#4860=DIRECTION('',(0.E0,0.E0,1.E0));
#4861=DIRECTION('',(1.E0,0.E0,0.E0));
#4862=AXIS2_PLACEMENT_3D('',#4859,#4860,#4861);
#4863=CYLINDRICAL_SURFACE('',#4862,9.3E0);
#4865=ORIENTED_EDGE('',*,*,#4864,.T.);
#4867=ORIENTED_EDGE('',*,*,#4866,.F.);
#4868=ORIENTED_EDGE('',*,*,#4255,.F.);
#4870=ORIENTED_EDGE('',*,*,#4869,.T.);
#4871=EDGE_LOOP('',(#4865,#4867,#4868,#4870));
#4872=FACE_OUTER_BOUND('',#4871,.F.);
#4874=FILL_AREA_STYLE_COLOUR('',#21);
#4875=FILL_AREA_STYLE('',(#4874));
#4876=SURFACE_STYLE_FILL_AREA(#4875);
#4877=SURFACE_SIDE_STYLE('',(#4876));
#4878=SURFACE_STYLE_USAGE(.POSITIVE.,#4877);
#4879=PRESENTATION_STYLE_ASSIGNMENT((#4878));
#4880=STYLED_ITEM('',(#4879),#4873);
#4881=CARTESIAN_POINT('',(0.E0,-2.025256353960E-3,5.E0));
#4882=DIRECTION('',(0.E0,0.E0,1.E0));
#4883=DIRECTION('',(1.E0,0.E0,0.E0));
#4884=AXIS2_PLACEMENT_3D('',#4881,#4882,#4883);
#4885=CYLINDRICAL_SURFACE('',#4884,9.3E0);
#4887=ORIENTED_EDGE('',*,*,#4886,.T.);
#4889=ORIENTED_EDGE('',*,*,#4888,.F.);
#4890=ORIENTED_EDGE('',*,*,#4263,.F.);
#4892=ORIENTED_EDGE('',*,*,#4891,.T.);
#4893=EDGE_LOOP('',(#4887,#4889,#4890,#4892));
#4894=FACE_OUTER_BOUND('',#4893,.F.);
#4896=FILL_AREA_STYLE_COLOUR('',#21);
#4897=FILL_AREA_STYLE('',(#4896));
#4898=SURFACE_STYLE_FILL_AREA(#4897);
#4899=SURFACE_SIDE_STYLE('',(#4898));
#4900=SURFACE_STYLE_USAGE(.POSITIVE.,#4899);
#4901=PRESENTATION_STYLE_ASSIGNMENT((#4900));
#4902=STYLED_ITEM('',(#4901),#4895);
#4903=CARTESIAN_POINT('',(0.E0,-2.025256353960E-3,5.E0));
#4904=DIRECTION('',(0.E0,0.E0,1.E0));
#4905=DIRECTION('',(1.E0,0.E0,0.E0));
#4906=AXIS2_PLACEMENT_3D('',#4903,#4904,#4905);
#4907=CYLINDRICAL_SURFACE('',#4906,9.3E0);
#4909=ORIENTED_EDGE('',*,*,#4908,.T.);
#4911=ORIENTED_EDGE('',*,*,#4910,.T.);
#4913=ORIENTED_EDGE('',*,*,#4912,.F.);
#4914=ORIENTED_EDGE('',*,*,#4271,.F.);
#4915=EDGE_LOOP('',(#4909,#4911,#4913,#4914));
#4916=FACE_OUTER_BOUND('',#4915,.F.);
#4918=FILL_AREA_STYLE_COLOUR('',#21);
#4919=FILL_AREA_STYLE('',(#4918));
#4920=SURFACE_STYLE_FILL_AREA(#4919);
#4921=SURFACE_SIDE_STYLE('',(#4920));
#4922=SURFACE_STYLE_USAGE(.POSITIVE.,#4921);
#4923=PRESENTATION_STYLE_ASSIGNMENT((#4922));
#4924=STYLED_ITEM('',(#4923),#4917);
#4925=CARTESIAN_POINT('',(0.E0,-2.025256353960E-3,5.E0));
#4926=DIRECTION('',(0.E0,0.E0,1.E0));
#4927=DIRECTION('',(1.E0,0.E0,0.E0));
#4928=AXIS2_PLACEMENT_3D('',#4925,#4926,#4927);
#4929=CYLINDRICAL_SURFACE('',#4928,9.3E0);
#4931=ORIENTED_EDGE('',*,*,#4930,.T.);
#4933=ORIENTED_EDGE('',*,*,#4932,.T.);
#4935=ORIENTED_EDGE('',*,*,#4934,.F.);
#4936=ORIENTED_EDGE('',*,*,#4279,.F.);
#4937=EDGE_LOOP('',(#4931,#4933,#4935,#4936));
#4938=FACE_OUTER_BOUND('',#4937,.F.);
#4940=FILL_AREA_STYLE_COLOUR('',#21);
#4941=FILL_AREA_STYLE('',(#4940));
#4942=SURFACE_STYLE_FILL_AREA(#4941);
#4943=SURFACE_SIDE_STYLE('',(#4942));
#4944=SURFACE_STYLE_USAGE(.POSITIVE.,#4943);
#4945=PRESENTATION_STYLE_ASSIGNMENT((#4944));
#4946=STYLED_ITEM('',(#4945),#4939);
#4947=CARTESIAN_POINT('',(0.E0,-2.025256353960E-3,5.E0));
#4948=DIRECTION('',(0.E0,0.E0,1.E0));
#4949=DIRECTION('',(1.E0,0.E0,0.E0));
#4950=AXIS2_PLACEMENT_3D('',#4947,#4948,#4949);
#4951=CYLINDRICAL_SURFACE('',#4950,9.3E0);
#4953=ORIENTED_EDGE('',*,*,#4952,.T.);
#4955=ORIENTED_EDGE('',*,*,#4954,.T.);
#4957=ORIENTED_EDGE('',*,*,#4956,.F.);
#4958=ORIENTED_EDGE('',*,*,#4287,.F.);
#4959=EDGE_LOOP('',(#4953,#4955,#4957,#4958));
#4960=FACE_OUTER_BOUND('',#4959,.F.);
#4962=FILL_AREA_STYLE_COLOUR('',#21);
#4963=FILL_AREA_STYLE('',(#4962));
#4964=SURFACE_STYLE_FILL_AREA(#4963);
#4965=SURFACE_SIDE_STYLE('',(#4964));
#4966=SURFACE_STYLE_USAGE(.POSITIVE.,#4965);
#4967=PRESENTATION_STYLE_ASSIGNMENT((#4966));
#4968=STYLED_ITEM('',(#4967),#4961);
#4969=CARTESIAN_POINT('',(0.E0,-2.025256353960E-3,5.E0));
#4970=DIRECTION('',(0.E0,0.E0,1.E0));
#4971=DIRECTION('',(1.E0,0.E0,0.E0));
#4972=AXIS2_PLACEMENT_3D('',#4969,#4970,#4971);
#4973=CYLINDRICAL_SURFACE('',#4972,9.3E0);
#4975=ORIENTED_EDGE('',*,*,#4974,.T.);
#4977=ORIENTED_EDGE('',*,*,#4976,.T.);
#4979=ORIENTED_EDGE('',*,*,#4978,.F.);
#4980=ORIENTED_EDGE('',*,*,#4295,.F.);
#4981=EDGE_LOOP('',(#4975,#4977,#4979,#4980));
#4982=FACE_OUTER_BOUND('',#4981,.F.);
#4984=FILL_AREA_STYLE_COLOUR('',#21);
#4985=FILL_AREA_STYLE('',(#4984));
#4986=SURFACE_STYLE_FILL_AREA(#4985);
#4987=SURFACE_SIDE_STYLE('',(#4986));
#4988=SURFACE_STYLE_USAGE(.POSITIVE.,#4987);
#4989=PRESENTATION_STYLE_ASSIGNMENT((#4988));
#4990=STYLED_ITEM('',(#4989),#4983);
#4991=CARTESIAN_POINT('',(0.E0,0.E0,5.E0));
#4992=DIRECTION('',(0.E0,0.E0,1.E0));
#4993=DIRECTION('',(1.E0,0.E0,0.E0));
#4994=AXIS2_PLACEMENT_3D('',#4991,#4992,#4993);
#4995=PLANE('',#4994);
#4996=ORIENTED_EDGE('',*,*,#4798,.F.);
#4998=ORIENTED_EDGE('',*,*,#4997,.F.);
#5000=ORIENTED_EDGE('',*,*,#4999,.F.);
#5002=ORIENTED_EDGE('',*,*,#5001,.F.);
#5003=ORIENTED_EDGE('',*,*,#4776,.F.);
#5005=ORIENTED_EDGE('',*,*,#5004,.F.);
#5007=ORIENTED_EDGE('',*,*,#5006,.F.);
#5009=ORIENTED_EDGE('',*,*,#5008,.F.);
#5010=ORIENTED_EDGE('',*,*,#4754,.F.);
#5012=ORIENTED_EDGE('',*,*,#5011,.F.);
#5014=ORIENTED_EDGE('',*,*,#5013,.F.);
#5016=ORIENTED_EDGE('',*,*,#5015,.F.);
#5017=ORIENTED_EDGE('',*,*,#4732,.F.);
#5019=ORIENTED_EDGE('',*,*,#5018,.F.);
#5021=ORIENTED_EDGE('',*,*,#5020,.F.);
#5023=ORIENTED_EDGE('',*,*,#5022,.F.);
#5024=ORIENTED_EDGE('',*,*,#4710,.F.);
#5026=ORIENTED_EDGE('',*,*,#5025,.F.);
#5028=ORIENTED_EDGE('',*,*,#5027,.F.);
#5030=ORIENTED_EDGE('',*,*,#5029,.F.);
#5031=ORIENTED_EDGE('',*,*,#4688,.F.);
#5033=ORIENTED_EDGE('',*,*,#5032,.F.);
#5035=ORIENTED_EDGE('',*,*,#5034,.F.);
#5037=ORIENTED_EDGE('',*,*,#5036,.F.);
#5038=ORIENTED_EDGE('',*,*,#4666,.F.);
#5040=ORIENTED_EDGE('',*,*,#5039,.F.);
#5042=ORIENTED_EDGE('',*,*,#5041,.F.);
#5044=ORIENTED_EDGE('',*,*,#5043,.F.);
#5045=ORIENTED_EDGE('',*,*,#4644,.F.);
#5047=ORIENTED_EDGE('',*,*,#5046,.F.);
#5049=ORIENTED_EDGE('',*,*,#5048,.F.);
#5051=ORIENTED_EDGE('',*,*,#5050,.F.);
#5052=ORIENTED_EDGE('',*,*,#4622,.F.);
#5054=ORIENTED_EDGE('',*,*,#5053,.F.);
#5056=ORIENTED_EDGE('',*,*,#5055,.F.);
#5058=ORIENTED_EDGE('',*,*,#5057,.F.);
#5059=ORIENTED_EDGE('',*,*,#4600,.F.);
#5061=ORIENTED_EDGE('',*,*,#5060,.F.);
#5063=ORIENTED_EDGE('',*,*,#5062,.F.);
#5065=ORIENTED_EDGE('',*,*,#5064,.F.);
#5066=ORIENTED_EDGE('',*,*,#4578,.F.);
#5068=ORIENTED_EDGE('',*,*,#5067,.F.);
#5070=ORIENTED_EDGE('',*,*,#5069,.F.);
#5072=ORIENTED_EDGE('',*,*,#5071,.F.);
#5073=ORIENTED_EDGE('',*,*,#4556,.F.);
#5075=ORIENTED_EDGE('',*,*,#5074,.F.);
#5077=ORIENTED_EDGE('',*,*,#5076,.F.);
#5079=ORIENTED_EDGE('',*,*,#5078,.F.);
#5081=ORIENTED_EDGE('',*,*,#5080,.F.);
#5083=ORIENTED_EDGE('',*,*,#5082,.F.);
#5085=ORIENTED_EDGE('',*,*,#5084,.F.);
#5087=ORIENTED_EDGE('',*,*,#5086,.F.);
#5089=ORIENTED_EDGE('',*,*,#5088,.F.);
#5091=ORIENTED_EDGE('',*,*,#5090,.F.);
#5093=ORIENTED_EDGE('',*,*,#5092,.F.);
#5095=ORIENTED_EDGE('',*,*,#5094,.F.);
#5097=ORIENTED_EDGE('',*,*,#5096,.F.);
#5099=ORIENTED_EDGE('',*,*,#5098,.F.);
#5101=ORIENTED_EDGE('',*,*,#5100,.F.);
#5103=ORIENTED_EDGE('',*,*,#5102,.F.);
#5105=ORIENTED_EDGE('',*,*,#5104,.F.);
#5107=ORIENTED_EDGE('',*,*,#5106,.F.);
#5109=ORIENTED_EDGE('',*,*,#5108,.F.);
#5111=ORIENTED_EDGE('',*,*,#5110,.F.);
#5113=ORIENTED_EDGE('',*,*,#5112,.F.);
#5115=ORIENTED_EDGE('',*,*,#5114,.F.);
#5117=ORIENTED_EDGE('',*,*,#5116,.F.);
#5119=ORIENTED_EDGE('',*,*,#5118,.F.);
#5121=ORIENTED_EDGE('',*,*,#5120,.F.);
#5123=ORIENTED_EDGE('',*,*,#5122,.F.);
#5125=ORIENTED_EDGE('',*,*,#5124,.F.);
#5127=ORIENTED_EDGE('',*,*,#5126,.F.);
#5129=ORIENTED_EDGE('',*,*,#5128,.F.);
#5131=ORIENTED_EDGE('',*,*,#5130,.F.);
#5133=ORIENTED_EDGE('',*,*,#5132,.F.);
#5135=ORIENTED_EDGE('',*,*,#5134,.F.);
#5137=ORIENTED_EDGE('',*,*,#5136,.F.);
#5139=ORIENTED_EDGE('',*,*,#5138,.F.);
#5141=ORIENTED_EDGE('',*,*,#5140,.F.);
#5143=ORIENTED_EDGE('',*,*,#5142,.F.);
#5145=ORIENTED_EDGE('',*,*,#5144,.F.);
#5147=ORIENTED_EDGE('',*,*,#5146,.F.);
#5149=ORIENTED_EDGE('',*,*,#5148,.F.);
#5151=ORIENTED_EDGE('',*,*,#5150,.F.);
#5153=ORIENTED_EDGE('',*,*,#5152,.F.);
#5155=ORIENTED_EDGE('',*,*,#5154,.F.);
#5157=ORIENTED_EDGE('',*,*,#5156,.F.);
#5159=ORIENTED_EDGE('',*,*,#5158,.F.);
#5161=ORIENTED_EDGE('',*,*,#5160,.F.);
#5163=ORIENTED_EDGE('',*,*,#5162,.F.);
#5165=ORIENTED_EDGE('',*,*,#5164,.F.);
#5167=ORIENTED_EDGE('',*,*,#5166,.F.);
#5169=ORIENTED_EDGE('',*,*,#5168,.F.);
#5171=ORIENTED_EDGE('',*,*,#5170,.F.);
#5173=ORIENTED_EDGE('',*,*,#5172,.F.);
#5175=ORIENTED_EDGE('',*,*,#5174,.F.);
#5177=ORIENTED_EDGE('',*,*,#5176,.F.);
#5179=ORIENTED_EDGE('',*,*,#5178,.F.);
#5181=ORIENTED_EDGE('',*,*,#5180,.F.);
#5183=ORIENTED_EDGE('',*,*,#5182,.F.);
#5185=ORIENTED_EDGE('',*,*,#5184,.F.);
#5187=ORIENTED_EDGE('',*,*,#5186,.F.);
#5189=ORIENTED_EDGE('',*,*,#5188,.F.);
#5191=ORIENTED_EDGE('',*,*,#5190,.F.);
#5193=ORIENTED_EDGE('',*,*,#5192,.F.);
#5195=ORIENTED_EDGE('',*,*,#5194,.F.);
#5197=ORIENTED_EDGE('',*,*,#5196,.F.);
#5199=ORIENTED_EDGE('',*,*,#5198,.F.);
#5201=ORIENTED_EDGE('',*,*,#5200,.F.);
#5203=ORIENTED_EDGE('',*,*,#5202,.F.);
#5205=ORIENTED_EDGE('',*,*,#5204,.F.);
#5207=ORIENTED_EDGE('',*,*,#5206,.F.);
#5209=ORIENTED_EDGE('',*,*,#5208,.F.);
#5211=ORIENTED_EDGE('',*,*,#5210,.F.);
#5213=ORIENTED_EDGE('',*,*,#5212,.F.);
#5215=ORIENTED_EDGE('',*,*,#5214,.F.);
#5217=ORIENTED_EDGE('',*,*,#5216,.F.);
#5219=ORIENTED_EDGE('',*,*,#5218,.F.);
#5221=ORIENTED_EDGE('',*,*,#5220,.F.);
#5223=ORIENTED_EDGE('',*,*,#5222,.F.);
#5225=ORIENTED_EDGE('',*,*,#5224,.F.);
#5227=ORIENTED_EDGE('',*,*,#5226,.F.);
#5229=ORIENTED_EDGE('',*,*,#5228,.F.);
#5231=ORIENTED_EDGE('',*,*,#5230,.F.);
#5232=ORIENTED_EDGE('',*,*,#4976,.F.);
#5234=ORIENTED_EDGE('',*,*,#5233,.F.);
#5236=ORIENTED_EDGE('',*,*,#5235,.F.);
#5238=ORIENTED_EDGE('',*,*,#5237,.F.);
#5239=ORIENTED_EDGE('',*,*,#4954,.F.);
#5241=ORIENTED_EDGE('',*,*,#5240,.F.);
#5243=ORIENTED_EDGE('',*,*,#5242,.F.);
#5245=ORIENTED_EDGE('',*,*,#5244,.F.);
#5246=ORIENTED_EDGE('',*,*,#4932,.F.);
#5248=ORIENTED_EDGE('',*,*,#5247,.F.);
#5250=ORIENTED_EDGE('',*,*,#5249,.F.);
#5252=ORIENTED_EDGE('',*,*,#5251,.F.);
#5253=ORIENTED_EDGE('',*,*,#4910,.F.);
#5255=ORIENTED_EDGE('',*,*,#5254,.F.);
#5257=ORIENTED_EDGE('',*,*,#5256,.F.);
#5259=ORIENTED_EDGE('',*,*,#5258,.F.);
#5260=ORIENTED_EDGE('',*,*,#4886,.F.);
#5262=ORIENTED_EDGE('',*,*,#5261,.F.);
#5264=ORIENTED_EDGE('',*,*,#5263,.F.);
#5266=ORIENTED_EDGE('',*,*,#5265,.F.);
#5267=ORIENTED_EDGE('',*,*,#4864,.F.);
#5269=ORIENTED_EDGE('',*,*,#5268,.F.);
#5271=ORIENTED_EDGE('',*,*,#5270,.F.);
#5273=ORIENTED_EDGE('',*,*,#5272,.F.);
#5274=ORIENTED_EDGE('',*,*,#4842,.F.);
#5276=ORIENTED_EDGE('',*,*,#5275,.F.);
#5278=ORIENTED_EDGE('',*,*,#5277,.F.);
#5280=ORIENTED_EDGE('',*,*,#5279,.F.);
#5281=ORIENTED_EDGE('',*,*,#4820,.F.);
#5283=ORIENTED_EDGE('',*,*,#5282,.F.);
#5285=ORIENTED_EDGE('',*,*,#5284,.F.);
#5287=ORIENTED_EDGE('',*,*,#5286,.F.);
#5288=EDGE_LOOP('',(#4996,#4998,#5000,#5002,#5003,#5005,#5007,#5009,#5010,#5012,
#5014,#5016,#5017,#5019,#5021,#5023,#5024,#5026,#5028,#5030,#5031,#5033,#5035,
#5037,#5038,#5040,#5042,#5044,#5045,#5047,#5049,#5051,#5052,#5054,#5056,#5058,
#5059,#5061,#5063,#5065,#5066,#5068,#5070,#5072,#5073,#5075,#5077,#5079,#5081,
#5083,#5085,#5087,#5089,#5091,#5093,#5095,#5097,#5099,#5101,#5103,#5105,#5107,
#5109,#5111,#5113,#5115,#5117,#5119,#5121,#5123,#5125,#5127,#5129,#5131,#5133,
#5135,#5137,#5139,#5141,#5143,#5145,#5147,#5149,#5151,#5153,#5155,#5157,#5159,
#5161,#5163,#5165,#5167,#5169,#5171,#5173,#5175,#5177,#5179,#5181,#5183,#5185,
#5187,#5189,#5191,#5193,#5195,#5197,#5199,#5201,#5203,#5205,#5207,#5209,#5211,
#5213,#5215,#5217,#5219,#5221,#5223,#5225,#5227,#5229,#5231,#5232,#5234,#5236,
#5238,#5239,#5241,#5243,#5245,#5246,#5248,#5250,#5252,#5253,#5255,#5257,#5259,
#5260,#5262,#5264,#5266,#5267,#5269,#5271,#5273,#5274,#5276,#5278,#5280,#5281,
#5283,#5285,#5287));
#5289=FACE_OUTER_BOUND('',#5288,.F.);
#5291=ORIENTED_EDGE('',*,*,#5290,.T.);
#5293=ORIENTED_EDGE('',*,*,#5292,.T.);
#5294=EDGE_LOOP('',(#5291,#5293));
#5295=FACE_BOUND('',#5294,.F.);
#5297=FILL_AREA_STYLE_COLOUR('',#21);
#5298=FILL_AREA_STYLE('',(#5297));
#5299=SURFACE_STYLE_FILL_AREA(#5298);
#5300=SURFACE_SIDE_STYLE('',(#5299));
#5301=SURFACE_STYLE_USAGE(.BOTH.,#5300);
#5302=PRESENTATION_STYLE_ASSIGNMENT((#5301));
#5303=STYLED_ITEM('',(#5302),#5296);
#5304=CARTESIAN_POINT('',(7.540797825204E0,9.005228799876E0,0.E0));
#5305=DIRECTION('',(0.E0,0.E0,1.E0));
#5306=DIRECTION('',(9.870524161682E-1,1.603980290918E-1,0.E0));
#5307=AXIS2_PLACEMENT_3D('',#5304,#5305,#5306);
#5308=CYLINDRICAL_SURFACE('',#5307,9.525736650975E0);
#5309=ORIENTED_EDGE('',*,*,#4803,.F.);
#5310=ORIENTED_EDGE('',*,*,#4229,.F.);
#5312=ORIENTED_EDGE('',*,*,#5311,.T.);
#5313=ORIENTED_EDGE('',*,*,#4997,.T.);
#5314=EDGE_LOOP('',(#5309,#5310,#5312,#5313));
#5315=FACE_OUTER_BOUND('',#5314,.F.);
#5317=FILL_AREA_STYLE_COLOUR('',#21);
#5318=FILL_AREA_STYLE('',(#5317));
#5319=SURFACE_STYLE_FILL_AREA(#5318);
#5320=SURFACE_SIDE_STYLE('',(#5319));
#5321=SURFACE_STYLE_USAGE(.BOTH.,#5320);
#5322=PRESENTATION_STYLE_ASSIGNMENT((#5321));
#5323=STYLED_ITEM('',(#5322),#5316);
#5324=CARTESIAN_POINT('',(-1.354769507244E0,1.014494083680E1,0.E0));
#5325=DIRECTION('',(-1.603980290918E-1,9.870524161682E-1,0.E0));
#5326=DIRECTION('',(-9.870524161682E-1,-1.603980290918E-1,0.E0));
#5327=AXIS2_PLACEMENT_3D('',#5324,#5325,#5326);
#5328=PLANE('',#5327);
#5329=ORIENTED_EDGE('',*,*,#4227,.F.);
#5331=ORIENTED_EDGE('',*,*,#5330,.T.);
#5332=ORIENTED_EDGE('',*,*,#4999,.T.);
#5333=ORIENTED_EDGE('',*,*,#5311,.F.);
#5334=EDGE_LOOP('',(#5329,#5331,#5332,#5333));
#5335=FACE_OUTER_BOUND('',#5334,.F.);
#5337=FILL_AREA_STYLE_COLOUR('',#21);
#5338=FILL_AREA_STYLE('',(#5337));
#5339=SURFACE_STYLE_FILL_AREA(#5338);
#5340=SURFACE_SIDE_STYLE('',(#5339));
#5341=SURFACE_STYLE_USAGE(.BOTH.,#5340);
#5342=PRESENTATION_STYLE_ASSIGNMENT((#5341));
#5343=STYLED_ITEM('',(#5342),#5336);
#5344=CARTESIAN_POINT('',(-1.000422403413E1,6.154126993616E0,0.E0));
#5345=DIRECTION('',(0.E0,0.E0,1.E0));
#5346=DIRECTION('',(9.870524161682E-1,1.603980290918E-1,0.E0));
#5347=AXIS2_PLACEMENT_3D('',#5344,#5345,#5346);
#5348=CYLINDRICAL_SURFACE('',#5347,9.525736650974E0);
#5349=ORIENTED_EDGE('',*,*,#4778,.T.);
#5350=ORIENTED_EDGE('',*,*,#5001,.T.);
#5351=ORIENTED_EDGE('',*,*,#5330,.F.);
#5352=ORIENTED_EDGE('',*,*,#4225,.F.);
#5353=EDGE_LOOP('',(#5349,#5350,#5351,#5352));
#5354=FACE_OUTER_BOUND('',#5353,.F.);
#5356=FILL_AREA_STYLE_COLOUR('',#21);
#5357=FILL_AREA_STYLE('',(#5356));
#5358=SURFACE_STYLE_FILL_AREA(#5357);
#5359=SURFACE_SIDE_STYLE('',(#5358));
#5360=SURFACE_STYLE_USAGE(.BOTH.,#5359);
#5361=PRESENTATION_STYLE_ASSIGNMENT((#5360));
#5362=STYLED_ITEM('',(#5361),#5355);
#5363=CARTESIAN_POINT('',(8.887583664224E0,7.679103736123E0,0.E0));
#5364=DIRECTION('',(0.E0,0.E0,1.E0));
#5365=DIRECTION('',(1.E0,0.E0,0.E0));
#5366=AXIS2_PLACEMENT_3D('',#5363,#5364,#5365);
#5367=CYLINDRICAL_SURFACE('',#5366,9.525736650975E0);
#5368=ORIENTED_EDGE('',*,*,#4781,.F.);
#5369=ORIENTED_EDGE('',*,*,#4533,.F.);
#5371=ORIENTED_EDGE('',*,*,#5370,.T.);
#5372=ORIENTED_EDGE('',*,*,#5004,.T.);
#5373=EDGE_LOOP('',(#5368,#5369,#5371,#5372));
#5374=FACE_OUTER_BOUND('',#5373,.F.);
#5376=FILL_AREA_STYLE_COLOUR('',#21);
#5377=FILL_AREA_STYLE('',(#5376));
#5378=SURFACE_STYLE_FILL_AREA(#5377);
#5379=SURFACE_SIDE_STYLE('',(#5378));
#5380=SURFACE_STYLE_USAGE(.BOTH.,#5379);
#5381=PRESENTATION_STYLE_ASSIGNMENT((#5380));
#5382=STYLED_ITEM('',(#5381),#5375);
#5383=CARTESIAN_POINT('',(2.9E-1,1.023089072369E1,0.E0));
#5384=DIRECTION('',(0.E0,1.E0,0.E0));
#5385=DIRECTION('',(-1.E0,0.E0,0.E0));
#5386=AXIS2_PLACEMENT_3D('',#5383,#5384,#5385);
#5387=PLANE('',#5386);
#5388=ORIENTED_EDGE('',*,*,#4531,.F.);
#5390=ORIENTED_EDGE('',*,*,#5389,.T.);
#5391=ORIENTED_EDGE('',*,*,#5006,.T.);
#5392=ORIENTED_EDGE('',*,*,#5370,.F.);
#5393=EDGE_LOOP('',(#5388,#5390,#5391,#5392));
#5394=FACE_OUTER_BOUND('',#5393,.F.);
#5396=FILL_AREA_STYLE_COLOUR('',#21);
#5397=FILL_AREA_STYLE('',(#5396));
#5398=SURFACE_STYLE_FILL_AREA(#5397);
#5399=SURFACE_SIDE_STYLE('',(#5398));
#5400=SURFACE_STYLE_USAGE(.BOTH.,#5399);
#5401=PRESENTATION_STYLE_ASSIGNMENT((#5400));
#5402=STYLED_ITEM('',(#5401),#5395);
#5403=CARTESIAN_POINT('',(-8.887583664223E0,7.679103736123E0,0.E0));
#5404=DIRECTION('',(0.E0,0.E0,1.E0));
#5405=DIRECTION('',(1.E0,0.E0,0.E0));
#5406=AXIS2_PLACEMENT_3D('',#5403,#5404,#5405);
#5407=CYLINDRICAL_SURFACE('',#5406,9.525736650974E0);
#5408=ORIENTED_EDGE('',*,*,#4756,.T.);
#5409=ORIENTED_EDGE('',*,*,#5008,.T.);
#5410=ORIENTED_EDGE('',*,*,#5389,.F.);
#5411=ORIENTED_EDGE('',*,*,#4529,.F.);
#5412=EDGE_LOOP('',(#5408,#5409,#5410,#5411));
#5413=FACE_OUTER_BOUND('',#5412,.F.);
#5415=FILL_AREA_STYLE_COLOUR('',#21);
#5416=FILL_AREA_STYLE('',(#5415));
#5417=SURFACE_STYLE_FILL_AREA(#5416);
#5418=SURFACE_SIDE_STYLE('',(#5417));
#5419=SURFACE_STYLE_USAGE(.BOTH.,#5418);
#5420=PRESENTATION_STYLE_ASSIGNMENT((#5419));
#5421=STYLED_ITEM('',(#5420),#5414);
#5422=CARTESIAN_POINT('',(1.000744495599E1,6.148887950806E0,0.E0));
#5423=DIRECTION('',(0.E0,0.E0,1.E0));
#5424=DIRECTION('',(9.869682966574E-1,-1.609148265177E-1,0.E0));
#5425=AXIS2_PLACEMENT_3D('',#5422,#5423,#5424);
#5426=CYLINDRICAL_SURFACE('',#5425,9.525736650975E0);
#5427=ORIENTED_EDGE('',*,*,#4759,.F.);
#5428=ORIENTED_EDGE('',*,*,#4525,.F.);
#5430=ORIENTED_EDGE('',*,*,#5429,.T.);
#5431=ORIENTED_EDGE('',*,*,#5011,.T.);
#5432=EDGE_LOOP('',(#5427,#5428,#5430,#5431));
#5433=FACE_OUTER_BOUND('',#5432,.F.);
#5435=FILL_AREA_STYLE_COLOUR('',#21);
#5436=FILL_AREA_STYLE('',(#5435));
#5437=SURFACE_STYLE_FILL_AREA(#5436);
#5438=SURFACE_SIDE_STYLE('',(#5437));
#5439=SURFACE_STYLE_USAGE(.BOTH.,#5438);
#5440=PRESENTATION_STYLE_ASSIGNMENT((#5439));
#5441=STYLED_ITEM('',(#5440),#5434);
#5442=CARTESIAN_POINT('',(1.932522811954E0,1.005089949115E1,0.E0));
#5443=DIRECTION('',(1.609148265177E-1,9.869682966574E-1,0.E0));
#5444=DIRECTION('',(-9.869682966574E-1,1.609148265177E-1,0.E0));
#5445=AXIS2_PLACEMENT_3D('',#5442,#5443,#5444);
#5446=PLANE('',#5445);
#5447=ORIENTED_EDGE('',*,*,#4523,.F.);
#5449=ORIENTED_EDGE('',*,*,#5448,.T.);
#5450=ORIENTED_EDGE('',*,*,#5013,.T.);
#5451=ORIENTED_EDGE('',*,*,#5429,.F.);
#5452=EDGE_LOOP('',(#5447,#5449,#5450,#5451));
#5453=FACE_OUTER_BOUND('',#5452,.F.);
#5455=FILL_AREA_STYLE_COLOUR('',#21);
#5456=FILL_AREA_STYLE('',(#5455));
#5457=SURFACE_STYLE_FILL_AREA(#5456);
#5458=SURFACE_SIDE_STYLE('',(#5457));
#5459=SURFACE_STYLE_USAGE(.BOTH.,#5458);
#5460=PRESENTATION_STYLE_ASSIGNMENT((#5459));
#5461=STYLED_ITEM('',(#5460),#5454);
#5462=CARTESIAN_POINT('',(-7.536081664969E0,9.009175917787E0,0.E0));
#5463=DIRECTION('',(0.E0,0.E0,1.E0));
#5464=DIRECTION('',(9.869682966574E-1,-1.609148265177E-1,0.E0));
#5465=AXIS2_PLACEMENT_3D('',#5462,#5463,#5464);
#5466=CYLINDRICAL_SURFACE('',#5465,9.525736650974E0);
#5467=ORIENTED_EDGE('',*,*,#4734,.T.);
#5468=ORIENTED_EDGE('',*,*,#5015,.T.);
#5469=ORIENTED_EDGE('',*,*,#5448,.F.);
#5470=ORIENTED_EDGE('',*,*,#4521,.F.);
#5471=EDGE_LOOP('',(#5467,#5468,#5469,#5470));
#5472=FACE_OUTER_BOUND('',#5471,.F.);
#5474=FILL_AREA_STYLE_COLOUR('',#21);
#5475=FILL_AREA_STYLE('',(#5474));
#5476=SURFACE_STYLE_FILL_AREA(#5475);
#5477=SURFACE_SIDE_STYLE('',(#5476));
#5478=SURFACE_STYLE_USAGE(.BOTH.,#5477);
#5479=PRESENTATION_STYLE_ASSIGNMENT((#5478));
#5480=STYLED_ITEM('',(#5479),#5473);
#5481=CARTESIAN_POINT('',(1.086414223189E1,4.464100261405E0,0.E0));
#5482=DIRECTION('',(0.E0,0.E0,1.E0));
#5483=DIRECTION('',(9.483790208720E-1,-3.171391378715E-1,0.E0));
#5484=AXIS2_PLACEMENT_3D('',#5481,#5482,#5483);
#5485=CYLINDRICAL_SURFACE('',#5484,9.525736650975E0);
#5486=ORIENTED_EDGE('',*,*,#4737,.F.);
#5487=ORIENTED_EDGE('',*,*,#4517,.F.);
#5489=ORIENTED_EDGE('',*,*,#5488,.T.);
#5490=ORIENTED_EDGE('',*,*,#5018,.T.);
#5491=EDGE_LOOP('',(#5486,#5487,#5489,#5490));
#5492=FACE_OUTER_BOUND('',#5491,.F.);
#5494=FILL_AREA_STYLE_COLOUR('',#21);
#5495=FILL_AREA_STYLE('',(#5494));
#5496=SURFACE_STYLE_FILL_AREA(#5495);
#5497=SURFACE_SIDE_STYLE('',(#5496));
#5498=SURFACE_STYLE_USAGE(.BOTH.,#5497);
#5499=PRESENTATION_STYLE_ASSIGNMENT((#5498));
#5500=STYLED_ITEM('',(#5499),#5493);
#5501=CARTESIAN_POINT('',(3.519645779820E0,9.610791777195E0,0.E0));
#5502=DIRECTION('',(3.171391378715E-1,9.483790208720E-1,0.E0));
#5503=DIRECTION('',(-9.483790208720E-1,3.171391378715E-1,0.E0));
#5504=AXIS2_PLACEMENT_3D('',#5501,#5502,#5503);
#5505=PLANE('',#5504);
#5506=ORIENTED_EDGE('',*,*,#4515,.F.);
#5508=ORIENTED_EDGE('',*,*,#5507,.T.);
#5509=ORIENTED_EDGE('',*,*,#5020,.T.);
#5510=ORIENTED_EDGE('',*,*,#5488,.F.);
#5511=EDGE_LOOP('',(#5506,#5508,#5509,#5510));
#5512=FACE_OUTER_BOUND('',#5511,.F.);
#5514=FILL_AREA_STYLE_COLOUR('',#21);
#5515=FILL_AREA_STYLE('',(#5514));
#5516=SURFACE_STYLE_FILL_AREA(#5515);
#5517=SURFACE_SIDE_STYLE('',(#5516));
#5518=SURFACE_STYLE_USAGE(.BOTH.,#5517);
#5519=PRESENTATION_STYLE_ASSIGNMENT((#5518));
#5520=STYLED_ITEM('',(#5519),#5513);
#5521=CARTESIAN_POINT('',(-5.993453554894E0,1.010130150347E1,0.E0));
#5522=DIRECTION('',(0.E0,0.E0,1.E0));
#5523=DIRECTION('',(9.483790208720E-1,-3.171391378715E-1,0.E0));
#5524=AXIS2_PLACEMENT_3D('',#5521,#5522,#5523);
#5525=CYLINDRICAL_SURFACE('',#5524,9.525736650974E0);
#5526=ORIENTED_EDGE('',*,*,#4712,.T.);
#5527=ORIENTED_EDGE('',*,*,#5022,.T.);
#5528=ORIENTED_EDGE('',*,*,#5507,.F.);
#5529=ORIENTED_EDGE('',*,*,#4513,.F.);
#5530=EDGE_LOOP('',(#5526,#5527,#5528,#5529));
#5531=FACE_OUTER_BOUND('',#5530,.F.);
#5533=FILL_AREA_STYLE_COLOUR('',#21);
#5534=FILL_AREA_STYLE('',(#5533));
#5535=SURFACE_STYLE_FILL_AREA(#5534);
#5536=SURFACE_SIDE_STYLE('',(#5535));
#5537=SURFACE_STYLE_USAGE(.BOTH.,#5536);
#5538=PRESENTATION_STYLE_ASSIGNMENT((#5537));
#5539=STYLED_ITEM('',(#5538),#5532);
#5540=CARTESIAN_POINT('',(1.143951072318E1,2.663713947269E0,0.E0));
#5541=DIRECTION('',(0.E0,0.E0,1.E0));
#5542=DIRECTION('',(8.852313113325E-1,-4.651510780775E-1,0.E0));
#5543=AXIS2_PLACEMENT_3D('',#5540,#5541,#5542);
#5544=CYLINDRICAL_SURFACE('',#5543,9.525736650975E0);
#5545=ORIENTED_EDGE('',*,*,#4715,.F.);
#5546=ORIENTED_EDGE('',*,*,#4509,.F.);
#5548=ORIENTED_EDGE('',*,*,#5547,.T.);
#5549=ORIENTED_EDGE('',*,*,#5025,.T.);
#5550=EDGE_LOOP('',(#5545,#5546,#5548,#5549));
#5551=FACE_OUTER_BOUND('',#5550,.F.);
#5553=FILL_AREA_STYLE_COLOUR('',#21);
#5554=FILL_AREA_STYLE('',(#5553));
#5555=SURFACE_STYLE_FILL_AREA(#5554);
#5556=SURFACE_SIDE_STYLE('',(#5555));
#5557=SURFACE_STYLE_USAGE(.BOTH.,#5556);
#5558=PRESENTATION_STYLE_ASSIGNMENT((#5557));
#5559=STYLED_ITEM('',(#5558),#5552);
#5560=CARTESIAN_POINT('',(5.015626930102E0,8.921810998785E0,0.E0));
#5561=DIRECTION('',(4.651510780775E-1,8.852313113325E-1,0.E0));
#5562=DIRECTION('',(-8.852313113325E-1,4.651510780775E-1,0.E0));
#5563=AXIS2_PLACEMENT_3D('',#5560,#5561,#5562);
#5564=PLANE('',#5563);
#5565=ORIENTED_EDGE('',*,*,#4507,.F.);
#5567=ORIENTED_EDGE('',*,*,#5566,.T.);
#5568=ORIENTED_EDGE('',*,*,#5027,.T.);
#5569=ORIENTED_EDGE('',*,*,#5547,.F.);
#5570=EDGE_LOOP('',(#5565,#5567,#5568,#5569));
#5571=FACE_OUTER_BOUND('',#5570,.F.);
#5573=FILL_AREA_STYLE_COLOUR('',#21);
#5574=FILL_AREA_STYLE('',(#5573));
#5575=SURFACE_STYLE_FILL_AREA(#5574);
#5576=SURFACE_SIDE_STYLE('',(#5575));
#5577=SURFACE_STYLE_USAGE(.BOTH.,#5576);
#5578=PRESENTATION_STYLE_ASSIGNMENT((#5577));
#5579=STYLED_ITEM('',(#5578),#5572);
#5580=CARTESIAN_POINT('',(-4.295623960131E0,1.093185219310E1,0.E0));
#5581=DIRECTION('',(0.E0,0.E0,1.E0));
#5582=DIRECTION('',(8.852313113325E-1,-4.651510780775E-1,0.E0));
#5583=AXIS2_PLACEMENT_3D('',#5580,#5581,#5582);
#5584=CYLINDRICAL_SURFACE('',#5583,9.525736650974E0);
#5585=ORIENTED_EDGE('',*,*,#4690,.T.);
#5586=ORIENTED_EDGE('',*,*,#5029,.T.);
#5587=ORIENTED_EDGE('',*,*,#5566,.F.);
#5588=ORIENTED_EDGE('',*,*,#4505,.F.);
#5589=EDGE_LOOP('',(#5585,#5586,#5587,#5588));
#5590=FACE_OUTER_BOUND('',#5589,.F.);
#5592=FILL_AREA_STYLE_COLOUR('',#21);
#5593=FILL_AREA_STYLE('',(#5592));
#5594=SURFACE_STYLE_FILL_AREA(#5593);
#5595=SURFACE_SIDE_STYLE('',(#5594));
#5596=SURFACE_STYLE_USAGE(.BOTH.,#5595);
#5597=PRESENTATION_STYLE_ASSIGNMENT((#5596));
#5598=STYLED_ITEM('',(#5597),#5591);
#5599=CARTESIAN_POINT('',(1.171865116631E1,7.943503138592E-1,0.E0));
#5600=DIRECTION('',(0.E0,0.E0,1.E0));
#5601=DIRECTION('',(7.991603885649E-1,-6.011178531277E-1,0.E0));
#5602=AXIS2_PLACEMENT_3D('',#5599,#5600,#5601);
#5603=CYLINDRICAL_SURFACE('',#5602,9.525736650975E0);
#5604=ORIENTED_EDGE('',*,*,#4693,.F.);
#5605=ORIENTED_EDGE('',*,*,#4501,.F.);
#5607=ORIENTED_EDGE('',*,*,#5606,.T.);
#5608=ORIENTED_EDGE('',*,*,#5032,.T.);
#5609=EDGE_LOOP('',(#5604,#5605,#5607,#5608));
#5610=FACE_OUTER_BOUND('',#5609,.F.);
#5612=FILL_AREA_STYLE_COLOUR('',#21);
#5613=FILL_AREA_STYLE('',(#5612));
#5614=SURFACE_STYLE_FILL_AREA(#5613);
#5615=SURFACE_SIDE_STYLE('',(#5614));
#5616=SURFACE_STYLE_USAGE(.BOTH.,#5615);
#5617=PRESENTATION_STYLE_ASSIGNMENT((#5616));
#5618=STYLED_ITEM('',(#5617),#5611);
#5619=CARTESIAN_POINT('',(6.381727580090E0,8.001798428699E0,0.E0));
#5620=DIRECTION('',(6.011178531277E-1,7.991603885649E-1,0.E0));
#5621=DIRECTION('',(-7.991603885649E-1,6.011178531277E-1,0.E0));
#5622=AXIS2_PLACEMENT_3D('',#5619,#5620,#5621);
#5623=PLANE('',#5622);
#5624=ORIENTED_EDGE('',*,*,#4499,.F.);
#5626=ORIENTED_EDGE('',*,*,#5625,.T.);
#5627=ORIENTED_EDGE('',*,*,#5034,.T.);
#5628=ORIENTED_EDGE('',*,*,#5606,.F.);
#5629=EDGE_LOOP('',(#5624,#5626,#5627,#5628));
#5630=FACE_OUTER_BOUND('',#5629,.F.);
#5632=FILL_AREA_STYLE_COLOUR('',#21);
#5633=FILL_AREA_STYLE('',(#5632));
#5634=SURFACE_STYLE_FILL_AREA(#5633);
#5635=SURFACE_SIDE_STYLE('',(#5634));
#5636=SURFACE_STYLE_USAGE(.BOTH.,#5635);
#5637=PRESENTATION_STYLE_ASSIGNMENT((#5636));
#5638=STYLED_ITEM('',(#5637),#5631);
#5639=CARTESIAN_POINT('',(-2.486558462701E0,1.147932073732E1,0.E0));
#5640=DIRECTION('',(0.E0,0.E0,1.E0));
#5641=DIRECTION('',(7.991603885649E-1,-6.011178531277E-1,0.E0));
#5642=AXIS2_PLACEMENT_3D('',#5639,#5640,#5641);
#5643=CYLINDRICAL_SURFACE('',#5642,9.525736650974E0);
#5644=ORIENTED_EDGE('',*,*,#4668,.T.);
#5645=ORIENTED_EDGE('',*,*,#5036,.T.);
#5646=ORIENTED_EDGE('',*,*,#5625,.F.);
#5647=ORIENTED_EDGE('',*,*,#4497,.F.);
#5648=EDGE_LOOP('',(#5644,#5645,#5646,#5647));
#5649=FACE_OUTER_BOUND('',#5648,.F.);
#5651=FILL_AREA_STYLE_COLOUR('',#21);
#5652=FILL_AREA_STYLE('',(#5651));
#5653=SURFACE_STYLE_FILL_AREA(#5652);
#5654=SURFACE_SIDE_STYLE('',(#5653));
#5655=SURFACE_STYLE_USAGE(.BOTH.,#5654);
#5656=PRESENTATION_STYLE_ASSIGNMENT((#5655));
#5657=STYLED_ITEM('',(#5656),#5650);
#5658=CARTESIAN_POINT('',(1.169433517269E1,-1.095583154111E0,0.E0));
#5659=DIRECTION('',(0.E0,0.E0,1.E0));
#5660=DIRECTION('',(6.923950735453E-1,-7.215185805855E-1,0.E0));
#5661=AXIS2_PLACEMENT_3D('',#5658,#5659,#5660);
#5662=CYLINDRICAL_SURFACE('',#5661,9.525736650975E0);
#5663=ORIENTED_EDGE('',*,*,#4671,.F.);
#5664=ORIENTED_EDGE('',*,*,#4493,.F.);
#5666=ORIENTED_EDGE('',*,*,#5665,.T.);
#5667=ORIENTED_EDGE('',*,*,#5039,.T.);
#5668=EDGE_LOOP('',(#5663,#5664,#5666,#5667));
#5669=FACE_OUTER_BOUND('',#5668,.F.);
#5671=FILL_AREA_STYLE_COLOUR('',#21);
#5672=FILL_AREA_STYLE('',(#5671));
#5673=SURFACE_STYLE_FILL_AREA(#5672);
#5674=SURFACE_SIDE_STYLE('',(#5673));
#5675=SURFACE_STYLE_USAGE(.BOTH.,#5674);
#5676=PRESENTATION_STYLE_ASSIGNMENT((#5675));
#5677=STYLED_ITEM('',(#5676),#5670);
#5678=CARTESIAN_POINT('',(7.582572324408E0,6.874577946691E0,0.E0));
#5679=DIRECTION('',(7.215185805855E-1,6.923950735453E-1,0.E0));
#5680=DIRECTION('',(-6.923950735453E-1,7.215185805855E-1,0.E0));
#5681=AXIS2_PLACEMENT_3D('',#5678,#5679,#5680);
#5682=PLANE('',#5681);
#5683=ORIENTED_EDGE('',*,*,#4491,.F.);
#5685=ORIENTED_EDGE('',*,*,#5684,.T.);
#5686=ORIENTED_EDGE('',*,*,#5041,.T.);
#5687=ORIENTED_EDGE('',*,*,#5665,.F.);
#5688=EDGE_LOOP('',(#5683,#5685,#5686,#5687));
#5689=FACE_OUTER_BOUND('',#5688,.F.);
#5691=FILL_AREA_STYLE_COLOUR('',#21);
#5692=FILL_AREA_STYLE('',(#5691));
#5693=SURFACE_STYLE_FILL_AREA(#5692);
#5694=SURFACE_SIDE_STYLE('',(#5693));
#5695=SURFACE_STYLE_USAGE(.BOTH.,#5694);
#5696=PRESENTATION_STYLE_ASSIGNMENT((#5695));
#5697=STYLED_ITEM('',(#5696),#5690);
#5698=CARTESIAN_POINT('',(-6.131031169739E-1,1.172953034638E1,0.E0));
#5699=DIRECTION('',(0.E0,0.E0,1.E0));
#5700=DIRECTION('',(6.923950735453E-1,-7.215185805855E-1,0.E0));
#5701=AXIS2_PLACEMENT_3D('',#5698,#5699,#5700);
#5702=CYLINDRICAL_SURFACE('',#5701,9.525736650974E0);
#5703=ORIENTED_EDGE('',*,*,#4646,.T.);
#5704=ORIENTED_EDGE('',*,*,#5043,.T.);
#5705=ORIENTED_EDGE('',*,*,#5684,.F.);
#5706=ORIENTED_EDGE('',*,*,#4489,.F.);
#5707=EDGE_LOOP('',(#5703,#5704,#5705,#5706));
#5708=FACE_OUTER_BOUND('',#5707,.F.);
#5710=FILL_AREA_STYLE_COLOUR('',#21);
#5711=FILL_AREA_STYLE('',(#5710));
#5712=SURFACE_STYLE_FILL_AREA(#5711);
#5713=SURFACE_SIDE_STYLE('',(#5712));
#5714=SURFACE_STYLE_USAGE(.BOTH.,#5713);
#5715=PRESENTATION_STYLE_ASSIGNMENT((#5714));
#5716=STYLED_ITEM('',(#5715),#5709);
#5717=CARTESIAN_POINT('',(1.136719240906E1,-2.957146312616E0,0.E0));
#5718=DIRECTION('',(0.E0,0.E0,1.E0));
#5719=DIRECTION('',(5.677000720068E-1,-8.232354634267E-1,0.E0));
#5720=AXIS2_PLACEMENT_3D('',#5717,#5718,#5719);
#5721=CYLINDRICAL_SURFACE('',#5720,9.525736650975E0);
#5722=ORIENTED_EDGE('',*,*,#4649,.F.);
#5723=ORIENTED_EDGE('',*,*,#4485,.F.);
#5725=ORIENTED_EDGE('',*,*,#5724,.T.);
#5726=ORIENTED_EDGE('',*,*,#5046,.T.);
#5727=EDGE_LOOP('',(#5722,#5723,#5725,#5726));
#5728=FACE_OUTER_BOUND('',#5727,.F.);
#5730=FILL_AREA_STYLE_COLOUR('',#21);
#5731=FILL_AREA_STYLE('',(#5730));
#5732=SURFACE_STYLE_FILL_AREA(#5731);
#5733=SURFACE_SIDE_STYLE('',(#5732));
#5734=SURFACE_STYLE_USAGE(.BOTH.,#5733);
#5735=PRESENTATION_STYLE_ASSIGNMENT((#5734));
#5736=STYLED_ITEM('',(#5735),#5729);
#5737=CARTESIAN_POINT('',(8.587065087064E0,5.569339116137E0,0.E0));
#5738=DIRECTION('',(8.232354634267E-1,5.677000720068E-1,0.E0));
#5739=DIRECTION('',(-5.677000720068E-1,8.232354634267E-1,0.E0));
#5740=AXIS2_PLACEMENT_3D('',#5737,#5738,#5739);
#5741=PLANE('',#5740);
#5742=ORIENTED_EDGE('',*,*,#4483,.F.);
#5744=ORIENTED_EDGE('',*,*,#5743,.T.);
#5745=ORIENTED_EDGE('',*,*,#5048,.T.);
#5746=ORIENTED_EDGE('',*,*,#5724,.F.);
#5747=EDGE_LOOP('',(#5742,#5744,#5745,#5746));
#5748=FACE_OUTER_BOUND('',#5747,.F.);
#5750=FILL_AREA_STYLE_COLOUR('',#21);
#5751=FILL_AREA_STYLE('',(#5750));
#5752=SURFACE_STYLE_FILL_AREA(#5751);
#5753=SURFACE_SIDE_STYLE('',(#5752));
#5754=SURFACE_STYLE_USAGE(.BOTH.,#5753);
#5755=PRESENTATION_STYLE_ASSIGNMENT((#5754));
#5756=STYLED_ITEM('',(#5755),#5749);
#5757=CARTESIAN_POINT('',(1.276228636762E0,1.167600180051E1,0.E0));
#5758=DIRECTION('',(0.E0,0.E0,1.E0));
#5759=DIRECTION('',(5.677000720068E-1,-8.232354634267E-1,0.E0));
#5760=AXIS2_PLACEMENT_3D('',#5757,#5758,#5759);
#5761=CYLINDRICAL_SURFACE('',#5760,9.525736650974E0);
#5762=ORIENTED_EDGE('',*,*,#4624,.T.);
#5763=ORIENTED_EDGE('',*,*,#5050,.T.);
#5764=ORIENTED_EDGE('',*,*,#5743,.F.);
#5765=ORIENTED_EDGE('',*,*,#4481,.F.);
#5766=EDGE_LOOP('',(#5762,#5763,#5764,#5765));
#5767=FACE_OUTER_BOUND('',#5766,.F.);
#5769=FILL_AREA_STYLE_COLOUR('',#21);
#5770=FILL_AREA_STYLE('',(#5769));
#5771=SURFACE_STYLE_FILL_AREA(#5770);
#5772=SURFACE_SIDE_STYLE('',(#5771));
#5773=SURFACE_STYLE_USAGE(.BOTH.,#5772);
#5774=PRESENTATION_STYLE_ASSIGNMENT((#5773));
#5775=STYLED_ITEM('',(#5774),#5768);
#5776=CARTESIAN_POINT('',(1.074569429213E1,-4.742133671550E0,0.E0));
#5777=DIRECTION('',(0.E0,0.E0,1.E0));
#5778=DIRECTION('',(4.283043819211E-1,-9.036345259159E-1,0.E0));
#5779=AXIS2_PLACEMENT_3D('',#5776,#5777,#5778);
#5780=CYLINDRICAL_SURFACE('',#5779,9.525736650975E0);
#5781=ORIENTED_EDGE('',*,*,#4627,.F.);
#5782=ORIENTED_EDGE('',*,*,#4477,.F.);
#5784=ORIENTED_EDGE('',*,*,#5783,.T.);
#5785=ORIENTED_EDGE('',*,*,#5053,.T.);
#5786=EDGE_LOOP('',(#5781,#5782,#5784,#5785));
#5787=FACE_OUTER_BOUND('',#5786,.F.);
#5789=FILL_AREA_STYLE_COLOUR('',#21);
#5790=FILL_AREA_STYLE('',(#5789));
#5791=SURFACE_STYLE_FILL_AREA(#5790);
#5792=SURFACE_SIDE_STYLE('',(#5791));
#5793=SURFACE_STYLE_USAGE(.BOTH.,#5792);
#5794=PRESENTATION_STYLE_ASSIGNMENT((#5793));
#5795=STYLED_ITEM('',(#5794),#5788);
#5796=CARTESIAN_POINT('',(9.369194359552E0,4.119881315395E0,0.E0));
#5797=DIRECTION('',(9.036345259159E-1,4.283043819211E-1,0.E0));
#5798=DIRECTION('',(-4.283043819211E-1,9.036345259159E-1,0.E0));
#5799=AXIS2_PLACEMENT_3D('',#5796,#5797,#5798);
#5800=PLANE('',#5799);
#5801=ORIENTED_EDGE('',*,*,#4475,.F.);
#5803=ORIENTED_EDGE('',*,*,#5802,.T.);
#5804=ORIENTED_EDGE('',*,*,#5055,.T.);
#5805=ORIENTED_EDGE('',*,*,#5783,.F.);
#5806=EDGE_LOOP('',(#5801,#5803,#5804,#5805));
#5807=FACE_OUTER_BOUND('',#5806,.F.);
#5809=FILL_AREA_STYLE_COLOUR('',#21);
#5810=FILL_AREA_STYLE('',(#5809));
#5811=SURFACE_STYLE_FILL_AREA(#5810);
#5812=SURFACE_SIDE_STYLE('',(#5811));
#5813=SURFACE_STYLE_USAGE(.BOTH.,#5812);
#5814=PRESENTATION_STYLE_ASSIGNMENT((#5813));
#5815=STYLED_ITEM('',(#5814),#5808);
#5816=CARTESIAN_POINT('',(3.132512235973E0,1.132012123037E1,0.E0));
#5817=DIRECTION('',(0.E0,0.E0,1.E0));
#5818=DIRECTION('',(4.283043819211E-1,-9.036345259159E-1,0.E0));
#5819=AXIS2_PLACEMENT_3D('',#5816,#5817,#5818);
#5820=CYLINDRICAL_SURFACE('',#5819,9.525736650974E0);
#5821=ORIENTED_EDGE('',*,*,#4602,.T.);
#5822=ORIENTED_EDGE('',*,*,#5057,.T.);
#5823=ORIENTED_EDGE('',*,*,#5802,.F.);
#5824=ORIENTED_EDGE('',*,*,#4473,.F.);
#5825=EDGE_LOOP('',(#5821,#5822,#5823,#5824));
#5826=FACE_OUTER_BOUND('',#5825,.F.);
#5828=FILL_AREA_STYLE_COLOUR('',#21);
#5829=FILL_AREA_STYLE('',(#5828));
#5830=SURFACE_STYLE_FILL_AREA(#5829);
#5831=SURFACE_SIDE_STYLE('',(#5830));
#5832=SURFACE_STYLE_USAGE(.BOTH.,#5831);
#5833=PRESENTATION_STYLE_ASSIGNMENT((#5832));
#5834=STYLED_ITEM('',(#5833),#5827);
#5835=CARTESIAN_POINT('',(9.845934619842E0,-6.404322683977E0,0.E0));
#5836=DIRECTION('',(0.E0,0.E0,1.E0));
#5837=DIRECTION('',(2.778176780544E-1,-9.606338208498E-1,0.E0));
#5838=AXIS2_PLACEMENT_3D('',#5835,#5836,#5837);
#5839=CYLINDRICAL_SURFACE('',#5838,9.525736650975E0);
#5840=ORIENTED_EDGE('',*,*,#4605,.F.);
#5841=ORIENTED_EDGE('',*,*,#4469,.F.);
#5843=ORIENTED_EDGE('',*,*,#5842,.T.);
#5844=ORIENTED_EDGE('',*,*,#5060,.T.);
#5845=EDGE_LOOP('',(#5840,#5841,#5843,#5844));
#5846=FACE_OUTER_BOUND('',#5845,.F.);
#5848=FILL_AREA_STYLE_COLOUR('',#21);
#5849=FILL_AREA_STYLE('',(#5848));
#5850=SURFACE_STYLE_FILL_AREA(#5849);
#5851=SURFACE_SIDE_STYLE('',(#5850));
#5852=SURFACE_STYLE_USAGE(.BOTH.,#5851);
#5853=PRESENTATION_STYLE_ASSIGNMENT((#5852));
#5854=STYLED_ITEM('',(#5853),#5847);
#5855=CARTESIAN_POINT('',(9.908706773227E0,2.563738497237E0,0.E0));
#5856=DIRECTION('',(9.606338208498E-1,2.778176780544E-1,0.E0));
#5857=DIRECTION('',(-2.778176780544E-1,9.606338208498E-1,0.E0));
#5858=AXIS2_PLACEMENT_3D('',#5855,#5856,#5857);
#5859=PLANE('',#5858);
#5860=ORIENTED_EDGE('',*,*,#4467,.F.);
#5862=ORIENTED_EDGE('',*,*,#5861,.T.);
#5863=ORIENTED_EDGE('',*,*,#5062,.T.);
#5864=ORIENTED_EDGE('',*,*,#5842,.F.);
#5865=EDGE_LOOP('',(#5860,#5862,#5863,#5864));
#5866=FACE_OUTER_BOUND('',#5865,.F.);
#5868=FILL_AREA_STYLE_COLOUR('',#21);
#5869=FILL_AREA_STYLE('',(#5868));
#5870=SURFACE_STYLE_FILL_AREA(#5869);
#5871=SURFACE_SIDE_STYLE('',(#5870));
#5872=SURFACE_STYLE_USAGE(.BOTH.,#5871);
#5873=PRESENTATION_STYLE_ASSIGNMENT((#5872));
#5874=STYLED_ITEM('',(#5873),#5867);
#5875=CARTESIAN_POINT('',(4.907678905624E0,1.067110422299E1,0.E0));
#5876=DIRECTION('',(0.E0,0.E0,1.E0));
#5877=DIRECTION('',(2.778176780544E-1,-9.606338208498E-1,0.E0));
#5878=AXIS2_PLACEMENT_3D('',#5875,#5876,#5877);
#5879=CYLINDRICAL_SURFACE('',#5878,9.525736650974E0);
#5880=ORIENTED_EDGE('',*,*,#4580,.T.);
#5881=ORIENTED_EDGE('',*,*,#5064,.T.);
#5882=ORIENTED_EDGE('',*,*,#5861,.F.);
#5883=ORIENTED_EDGE('',*,*,#4465,.F.);
#5884=EDGE_LOOP('',(#5880,#5881,#5882,#5883));
#5885=FACE_OUTER_BOUND('',#5884,.F.);
#5887=FILL_AREA_STYLE_COLOUR('',#21);
#5888=FILL_AREA_STYLE('',(#5887));
#5889=SURFACE_STYLE_FILL_AREA(#5888);
#5890=SURFACE_SIDE_STYLE('',(#5889));
#5891=SURFACE_STYLE_USAGE(.BOTH.,#5890);
#5892=PRESENTATION_STYLE_ASSIGNMENT((#5891));
#5893=STYLED_ITEM('',(#5892),#5886);
#5894=CARTESIAN_POINT('',(8.691212819772E0,-7.900670686729E0,0.E0));
#5895=DIRECTION('',(0.E0,0.E0,1.E0));
#5896=DIRECTION('',(1.201368388346E-1,-9.927573419294E-1,0.E0));
#5897=AXIS2_PLACEMENT_3D('',#5894,#5895,#5896);
#5898=CYLINDRICAL_SURFACE('',#5897,9.525736650975E0);
#5899=ORIENTED_EDGE('',*,*,#4583,.F.);
#5900=ORIENTED_EDGE('',*,*,#4461,.F.);
#5902=ORIENTED_EDGE('',*,*,#5901,.T.);
#5903=ORIENTED_EDGE('',*,*,#5067,.T.);
#5904=EDGE_LOOP('',(#5899,#5900,#5902,#5903));
#5905=FACE_OUTER_BOUND('',#5904,.F.);
#5907=FILL_AREA_STYLE_COLOUR('',#21);
#5908=FILL_AREA_STYLE('',(#5907));
#5909=SURFACE_STYLE_FILL_AREA(#5908);
#5910=SURFACE_SIDE_STYLE('',(#5909));
#5911=SURFACE_STYLE_USAGE(.BOTH.,#5910);
#5912=PRESENTATION_STYLE_ASSIGNMENT((#5911));
#5913=STYLED_ITEM('',(#5912),#5906);
#5914=CARTESIAN_POINT('',(1.019163156368E1,9.412072408468E-1,0.E0));
#5915=DIRECTION('',(9.927573419294E-1,1.201368388346E-1,0.E0));
#5916=DIRECTION('',(-1.201368388346E-1,9.927573419294E-1,0.E0));
#5917=AXIS2_PLACEMENT_3D('',#5914,#5915,#5916);
#5918=PLANE('',#5917);
#5919=ORIENTED_EDGE('',*,*,#4459,.F.);
#5921=ORIENTED_EDGE('',*,*,#5920,.T.);
#5922=ORIENTED_EDGE('',*,*,#5069,.T.);
#5923=ORIENTED_EDGE('',*,*,#5901,.F.);
#5924=EDGE_LOOP('',(#5919,#5921,#5922,#5923));
#5925=FACE_OUTER_BOUND('',#5924,.F.);
#5927=FILL_AREA_STYLE_COLOUR('',#21);
#5928=FILL_AREA_STYLE('',(#5927));
#5929=SURFACE_STYLE_FILL_AREA(#5928);
#5930=SURFACE_SIDE_STYLE('',(#5929));
#5931=SURFACE_STYLE_USAGE(.BOTH.,#5930);
#5932=PRESENTATION_STYLE_ASSIGNMENT((#5931));
#5933=STYLED_ITEM('',(#5932),#5926);
#5934=CARTESIAN_POINT('',(6.555760407175E0,9.745757182611E0,0.E0));
#5935=DIRECTION('',(0.E0,0.E0,1.E0));
#5936=DIRECTION('',(1.201368388346E-1,-9.927573419294E-1,0.E0));
#5937=AXIS2_PLACEMENT_3D('',#5934,#5935,#5936);
#5938=CYLINDRICAL_SURFACE('',#5937,9.525736650974E0);
#5939=ORIENTED_EDGE('',*,*,#4558,.T.);
#5940=ORIENTED_EDGE('',*,*,#5071,.T.);
#5941=ORIENTED_EDGE('',*,*,#5920,.F.);
#5942=ORIENTED_EDGE('',*,*,#4457,.F.);
#5943=EDGE_LOOP('',(#5939,#5940,#5941,#5942));
#5944=FACE_OUTER_BOUND('',#5943,.F.);
#5946=FILL_AREA_STYLE_COLOUR('',#21);
#5947=FILL_AREA_STYLE('',(#5946));
#5948=SURFACE_STYLE_FILL_AREA(#5947);
#5949=SURFACE_SIDE_STYLE('',(#5948));
#5950=SURFACE_STYLE_USAGE(.BOTH.,#5949);
#5951=PRESENTATION_STYLE_ASSIGNMENT((#5950));
#5952=STYLED_ITEM('',(#5951),#5945);
#5953=CARTESIAN_POINT('',(7.311430606533E0,-9.192429497394E0,0.E0));
#5954=DIRECTION('',(0.E0,0.E0,1.E0));
#5955=DIRECTION('',(-4.065496396934E-2,-9.991732451906E-1,0.E0));
#5956=AXIS2_PLACEMENT_3D('',#5953,#5954,#5955);
#5957=CYLINDRICAL_SURFACE('',#5956,9.525736650975E0);
#5958=ORIENTED_EDGE('',*,*,#4561,.F.);
#5959=ORIENTED_EDGE('',*,*,#4453,.F.);
#5961=ORIENTED_EDGE('',*,*,#5960,.T.);
#5962=ORIENTED_EDGE('',*,*,#5074,.T.);
#5963=EDGE_LOOP('',(#5958,#5959,#5961,#5962));
#5964=FACE_OUTER_BOUND('',#5963,.F.);
#5966=FILL_AREA_STYLE_COLOUR('',#21);
#5967=FILL_AREA_STYLE('',(#5966));
#5968=SURFACE_STYLE_FILL_AREA(#5967);
#5969=SURFACE_SIDE_STYLE('',(#5968));
#5970=SURFACE_STYLE_USAGE(.BOTH.,#5969);
#5971=PRESENTATION_STYLE_ASSIGNMENT((#5970));
#5972=STYLED_ITEM('',(#5971),#5965);
#5973=CARTESIAN_POINT('',(1.021064234602E1,-7.056967348510E-1,0.E0));
#5974=DIRECTION('',(9.991732451906E-1,-4.065496396934E-2,0.E0));
#5975=DIRECTION('',(4.065496396934E-2,9.991732451906E-1,0.E0));
#5976=AXIS2_PLACEMENT_3D('',#5973,#5974,#5975);
#5977=PLANE('',#5976);
#5978=ORIENTED_EDGE('',*,*,#4451,.F.);
#5980=ORIENTED_EDGE('',*,*,#5979,.T.);
#5981=ORIENTED_EDGE('',*,*,#5076,.T.);
#5982=ORIENTED_EDGE('',*,*,#5960,.F.);
#5983=EDGE_LOOP('',(#5978,#5980,#5981,#5982));
#5984=FACE_OUTER_BOUND('',#5983,.F.);
#5986=FILL_AREA_STYLE_COLOUR('',#21);
#5987=FILL_AREA_STYLE('',(#5986));
#5988=SURFACE_STYLE_FILL_AREA(#5987);
#5989=SURFACE_SIDE_STYLE('',(#5988));
#5990=SURFACE_STYLE_USAGE(.BOTH.,#5989);
#5991=PRESENTATION_STYLE_ASSIGNMENT((#5990));
#5992=STYLED_ITEM('',(#5991),#5985);
#5993=CARTESIAN_POINT('',(8.034079393820E0,8.568042125976E0,0.E0));
#5994=DIRECTION('',(0.E0,0.E0,1.E0));
#5995=DIRECTION('',(-4.065496396934E-2,-9.991732451906E-1,0.E0));
#5996=AXIS2_PLACEMENT_3D('',#5993,#5994,#5995);
#5997=CYLINDRICAL_SURFACE('',#5996,9.525736650974E0);
#5998=ORIENTED_EDGE('',*,*,#4449,.F.);
#6000=ORIENTED_EDGE('',*,*,#5999,.T.);
#6001=ORIENTED_EDGE('',*,*,#5078,.T.);
#6002=ORIENTED_EDGE('',*,*,#5979,.F.);
#6003=EDGE_LOOP('',(#5998,#6000,#6001,#6002));
#6004=FACE_OUTER_BOUND('',#6003,.F.);
#6006=FILL_AREA_STYLE_COLOUR('',#21);
#6007=FILL_AREA_STYLE('',(#6006));
#6008=SURFACE_STYLE_FILL_AREA(#6007);
#6009=SURFACE_SIDE_STYLE('',(#6008));
#6010=SURFACE_STYLE_USAGE(.BOTH.,#6009);
#6011=PRESENTATION_STYLE_ASSIGNMENT((#6010));
#6012=STYLED_ITEM('',(#6011),#6005);
#6013=CARTESIAN_POINT('',(0.E0,-2.025256353960E-3,5.E0));
#6014=DIRECTION('',(0.E0,0.E0,1.E0));
#6015=DIRECTION('',(1.E0,0.E0,0.E0));
#6016=AXIS2_PLACEMENT_3D('',#6013,#6014,#6015);
#6017=CYLINDRICAL_SURFACE('',#6016,9.3E0);
#6018=ORIENTED_EDGE('',*,*,#5224,.T.);
#6020=ORIENTED_EDGE('',*,*,#6019,.F.);
#6021=ORIENTED_EDGE('',*,*,#4303,.F.);
#6023=ORIENTED_EDGE('',*,*,#6022,.T.);
#6024=EDGE_LOOP('',(#6018,#6020,#6021,#6023));
#6025=FACE_OUTER_BOUND('',#6024,.F.);
#6027=FILL_AREA_STYLE_COLOUR('',#21);
#6028=FILL_AREA_STYLE('',(#6027));
#6029=SURFACE_STYLE_FILL_AREA(#6028);
#6030=SURFACE_SIDE_STYLE('',(#6029));
#6031=SURFACE_STYLE_USAGE(.BOTH.,#6030);
#6032=PRESENTATION_STYLE_ASSIGNMENT((#6031));
#6033=STYLED_ITEM('',(#6032),#6026);
#6034=CARTESIAN_POINT('',(0.E0,-2.025256353960E-3,5.E0));
#6035=DIRECTION('',(0.E0,0.E0,1.E0));
#6036=DIRECTION('',(1.E0,0.E0,0.E0));
#6037=AXIS2_PLACEMENT_3D('',#6034,#6035,#6036);
#6038=CYLINDRICAL_SURFACE('',#6037,9.3E0);
#6039=ORIENTED_EDGE('',*,*,#5216,.T.);
#6041=ORIENTED_EDGE('',*,*,#6040,.F.);
#6042=ORIENTED_EDGE('',*,*,#4311,.F.);
#6044=ORIENTED_EDGE('',*,*,#6043,.T.);
#6045=EDGE_LOOP('',(#6039,#6041,#6042,#6044));
#6046=FACE_OUTER_BOUND('',#6045,.F.);
#6048=FILL_AREA_STYLE_COLOUR('',#21);
#6049=FILL_AREA_STYLE('',(#6048));
#6050=SURFACE_STYLE_FILL_AREA(#6049);
#6051=SURFACE_SIDE_STYLE('',(#6050));
#6052=SURFACE_STYLE_USAGE(.POSITIVE.,#6051);
#6053=PRESENTATION_STYLE_ASSIGNMENT((#6052));
#6054=STYLED_ITEM('',(#6053),#6047);
#6055=CARTESIAN_POINT('',(0.E0,-2.025256353960E-3,5.E0));
#6056=DIRECTION('',(0.E0,0.E0,1.E0));
#6057=DIRECTION('',(1.E0,0.E0,0.E0));
#6058=AXIS2_PLACEMENT_3D('',#6055,#6056,#6057);
#6059=CYLINDRICAL_SURFACE('',#6058,9.3E0);
#6060=ORIENTED_EDGE('',*,*,#5208,.T.);
#6062=ORIENTED_EDGE('',*,*,#6061,.F.);
#6063=ORIENTED_EDGE('',*,*,#4319,.F.);
#6065=ORIENTED_EDGE('',*,*,#6064,.T.);
#6066=EDGE_LOOP('',(#6060,#6062,#6063,#6065));
#6067=FACE_OUTER_BOUND('',#6066,.F.);
#6069=FILL_AREA_STYLE_COLOUR('',#21);
#6070=FILL_AREA_STYLE('',(#6069));
#6071=SURFACE_STYLE_FILL_AREA(#6070);
#6072=SURFACE_SIDE_STYLE('',(#6071));
#6073=SURFACE_STYLE_USAGE(.POSITIVE.,#6072);
#6074=PRESENTATION_STYLE_ASSIGNMENT((#6073));
#6075=STYLED_ITEM('',(#6074),#6068);
#6076=CARTESIAN_POINT('',(0.E0,-2.025256353960E-3,5.E0));
#6077=DIRECTION('',(0.E0,0.E0,1.E0));
#6078=DIRECTION('',(1.E0,0.E0,0.E0));
#6079=AXIS2_PLACEMENT_3D('',#6076,#6077,#6078);
#6080=CYLINDRICAL_SURFACE('',#6079,9.3E0);
#6081=ORIENTED_EDGE('',*,*,#5200,.T.);
#6083=ORIENTED_EDGE('',*,*,#6082,.F.);
#6084=ORIENTED_EDGE('',*,*,#4327,.F.);
#6086=ORIENTED_EDGE('',*,*,#6085,.T.);
#6087=EDGE_LOOP('',(#6081,#6083,#6084,#6086));
#6088=FACE_OUTER_BOUND('',#6087,.F.);
#6090=FILL_AREA_STYLE_COLOUR('',#21);
#6091=FILL_AREA_STYLE('',(#6090));
#6092=SURFACE_STYLE_FILL_AREA(#6091);
#6093=SURFACE_SIDE_STYLE('',(#6092));
#6094=SURFACE_STYLE_USAGE(.POSITIVE.,#6093);
#6095=PRESENTATION_STYLE_ASSIGNMENT((#6094));
#6096=STYLED_ITEM('',(#6095),#6089);
#6097=CARTESIAN_POINT('',(0.E0,-2.025256353960E-3,5.E0));
#6098=DIRECTION('',(0.E0,0.E0,1.E0));
#6099=DIRECTION('',(1.E0,0.E0,0.E0));
#6100=AXIS2_PLACEMENT_3D('',#6097,#6098,#6099);
#6101=CYLINDRICAL_SURFACE('',#6100,9.3E0);
#6102=ORIENTED_EDGE('',*,*,#5192,.T.);
#6104=ORIENTED_EDGE('',*,*,#6103,.F.);
#6105=ORIENTED_EDGE('',*,*,#4335,.F.);
#6107=ORIENTED_EDGE('',*,*,#6106,.T.);
#6108=EDGE_LOOP('',(#6102,#6104,#6105,#6107));
#6109=FACE_OUTER_BOUND('',#6108,.F.);
#6111=FILL_AREA_STYLE_COLOUR('',#21);
#6112=FILL_AREA_STYLE('',(#6111));
#6113=SURFACE_STYLE_FILL_AREA(#6112);
#6114=SURFACE_SIDE_STYLE('',(#6113));
#6115=SURFACE_STYLE_USAGE(.POSITIVE.,#6114);
#6116=PRESENTATION_STYLE_ASSIGNMENT((#6115));
#6117=STYLED_ITEM('',(#6116),#6110);
#6118=CARTESIAN_POINT('',(0.E0,-2.025256353960E-3,5.E0));
#6119=DIRECTION('',(0.E0,0.E0,1.E0));
#6120=DIRECTION('',(1.E0,0.E0,0.E0));
#6121=AXIS2_PLACEMENT_3D('',#6118,#6119,#6120);
#6122=CYLINDRICAL_SURFACE('',#6121,9.3E0);
#6123=ORIENTED_EDGE('',*,*,#5184,.T.);
#6125=ORIENTED_EDGE('',*,*,#6124,.F.);
#6126=ORIENTED_EDGE('',*,*,#4343,.F.);
#6128=ORIENTED_EDGE('',*,*,#6127,.T.);
#6129=EDGE_LOOP('',(#6123,#6125,#6126,#6128));
#6130=FACE_OUTER_BOUND('',#6129,.F.);
#6132=FILL_AREA_STYLE_COLOUR('',#21);
#6133=FILL_AREA_STYLE('',(#6132));
#6134=SURFACE_STYLE_FILL_AREA(#6133);
#6135=SURFACE_SIDE_STYLE('',(#6134));
#6136=SURFACE_STYLE_USAGE(.POSITIVE.,#6135);
#6137=PRESENTATION_STYLE_ASSIGNMENT((#6136));
#6138=STYLED_ITEM('',(#6137),#6131);
#6139=CARTESIAN_POINT('',(0.E0,-2.025256353960E-3,5.E0));
#6140=DIRECTION('',(0.E0,0.E0,1.E0));
#6141=DIRECTION('',(1.E0,0.E0,0.E0));
#6142=AXIS2_PLACEMENT_3D('',#6139,#6140,#6141);
#6143=CYLINDRICAL_SURFACE('',#6142,9.3E0);
#6144=ORIENTED_EDGE('',*,*,#5176,.T.);
#6146=ORIENTED_EDGE('',*,*,#6145,.F.);
#6147=ORIENTED_EDGE('',*,*,#4351,.F.);
#6149=ORIENTED_EDGE('',*,*,#6148,.T.);
#6150=EDGE_LOOP('',(#6144,#6146,#6147,#6149));
#6151=FACE_OUTER_BOUND('',#6150,.F.);
#6153=FILL_AREA_STYLE_COLOUR('',#21);
#6154=FILL_AREA_STYLE('',(#6153));
#6155=SURFACE_STYLE_FILL_AREA(#6154);
#6156=SURFACE_SIDE_STYLE('',(#6155));
#6157=SURFACE_STYLE_USAGE(.POSITIVE.,#6156);
#6158=PRESENTATION_STYLE_ASSIGNMENT((#6157));
#6159=STYLED_ITEM('',(#6158),#6152);
#6160=CARTESIAN_POINT('',(0.E0,-2.025256353960E-3,5.E0));
#6161=DIRECTION('',(0.E0,0.E0,1.E0));
#6162=DIRECTION('',(1.E0,0.E0,0.E0));
#6163=AXIS2_PLACEMENT_3D('',#6160,#6161,#6162);
#6164=CYLINDRICAL_SURFACE('',#6163,9.3E0);
#6165=ORIENTED_EDGE('',*,*,#5168,.T.);
#6167=ORIENTED_EDGE('',*,*,#6166,.F.);
#6168=ORIENTED_EDGE('',*,*,#4359,.F.);
#6170=ORIENTED_EDGE('',*,*,#6169,.T.);
#6171=EDGE_LOOP('',(#6165,#6167,#6168,#6170));
#6172=FACE_OUTER_BOUND('',#6171,.F.);
#6174=FILL_AREA_STYLE_COLOUR('',#21);
#6175=FILL_AREA_STYLE('',(#6174));
#6176=SURFACE_STYLE_FILL_AREA(#6175);
#6177=SURFACE_SIDE_STYLE('',(#6176));
#6178=SURFACE_STYLE_USAGE(.POSITIVE.,#6177);
#6179=PRESENTATION_STYLE_ASSIGNMENT((#6178));
#6180=STYLED_ITEM('',(#6179),#6173);
#6181=CARTESIAN_POINT('',(0.E0,-2.025256353960E-3,5.E0));
#6182=DIRECTION('',(0.E0,0.E0,1.E0));
#6183=DIRECTION('',(1.E0,0.E0,0.E0));
#6184=AXIS2_PLACEMENT_3D('',#6181,#6182,#6183);
#6185=CYLINDRICAL_SURFACE('',#6184,9.3E0);
#6186=ORIENTED_EDGE('',*,*,#5160,.T.);
#6188=ORIENTED_EDGE('',*,*,#6187,.F.);
#6189=ORIENTED_EDGE('',*,*,#4367,.F.);
#6191=ORIENTED_EDGE('',*,*,#6190,.T.);
#6192=EDGE_LOOP('',(#6186,#6188,#6189,#6191));
#6193=FACE_OUTER_BOUND('',#6192,.F.);
#6195=FILL_AREA_STYLE_COLOUR('',#21);
#6196=FILL_AREA_STYLE('',(#6195));
#6197=SURFACE_STYLE_FILL_AREA(#6196);
#6198=SURFACE_SIDE_STYLE('',(#6197));
#6199=SURFACE_STYLE_USAGE(.POSITIVE.,#6198);
#6200=PRESENTATION_STYLE_ASSIGNMENT((#6199));
#6201=STYLED_ITEM('',(#6200),#6194);
#6202=CARTESIAN_POINT('',(0.E0,-2.025256353960E-3,5.E0));
#6203=DIRECTION('',(0.E0,0.E0,1.E0));
#6204=DIRECTION('',(1.E0,0.E0,0.E0));
#6205=AXIS2_PLACEMENT_3D('',#6202,#6203,#6204);
#6206=CYLINDRICAL_SURFACE('',#6205,9.3E0);
#6207=ORIENTED_EDGE('',*,*,#5152,.T.);
#6209=ORIENTED_EDGE('',*,*,#6208,.F.);
#6210=ORIENTED_EDGE('',*,*,#4375,.F.);
#6212=ORIENTED_EDGE('',*,*,#6211,.T.);
#6213=EDGE_LOOP('',(#6207,#6209,#6210,#6212));
#6214=FACE_OUTER_BOUND('',#6213,.F.);
#6216=FILL_AREA_STYLE_COLOUR('',#21);
#6217=FILL_AREA_STYLE('',(#6216));
#6218=SURFACE_STYLE_FILL_AREA(#6217);
#6219=SURFACE_SIDE_STYLE('',(#6218));
#6220=SURFACE_STYLE_USAGE(.POSITIVE.,#6219);
#6221=PRESENTATION_STYLE_ASSIGNMENT((#6220));
#6222=STYLED_ITEM('',(#6221),#6215);
#6223=CARTESIAN_POINT('',(0.E0,-2.025256353960E-3,5.E0));
#6224=DIRECTION('',(0.E0,0.E0,1.E0));
#6225=DIRECTION('',(1.E0,0.E0,0.E0));
#6226=AXIS2_PLACEMENT_3D('',#6223,#6224,#6225);
#6227=CYLINDRICAL_SURFACE('',#6226,9.3E0);
#6228=ORIENTED_EDGE('',*,*,#5144,.T.);
#6230=ORIENTED_EDGE('',*,*,#6229,.F.);
#6231=ORIENTED_EDGE('',*,*,#4383,.F.);
#6233=ORIENTED_EDGE('',*,*,#6232,.T.);
#6234=EDGE_LOOP('',(#6228,#6230,#6231,#6233));
#6235=FACE_OUTER_BOUND('',#6234,.F.);
#6237=FILL_AREA_STYLE_COLOUR('',#21);
#6238=FILL_AREA_STYLE('',(#6237));
#6239=SURFACE_STYLE_FILL_AREA(#6238);
#6240=SURFACE_SIDE_STYLE('',(#6239));
#6241=SURFACE_STYLE_USAGE(.POSITIVE.,#6240);
#6242=PRESENTATION_STYLE_ASSIGNMENT((#6241));
#6243=STYLED_ITEM('',(#6242),#6236);
#6244=CARTESIAN_POINT('',(0.E0,-2.025256353960E-3,5.E0));
#6245=DIRECTION('',(0.E0,0.E0,1.E0));
#6246=DIRECTION('',(1.E0,0.E0,0.E0));
#6247=AXIS2_PLACEMENT_3D('',#6244,#6245,#6246);
#6248=CYLINDRICAL_SURFACE('',#6247,9.3E0);
#6249=ORIENTED_EDGE('',*,*,#5136,.T.);
#6251=ORIENTED_EDGE('',*,*,#6250,.F.);
#6252=ORIENTED_EDGE('',*,*,#4391,.F.);
#6254=ORIENTED_EDGE('',*,*,#6253,.T.);
#6255=EDGE_LOOP('',(#6249,#6251,#6252,#6254));
#6256=FACE_OUTER_BOUND('',#6255,.F.);
#6258=FILL_AREA_STYLE_COLOUR('',#21);
#6259=FILL_AREA_STYLE('',(#6258));
#6260=SURFACE_STYLE_FILL_AREA(#6259);
#6261=SURFACE_SIDE_STYLE('',(#6260));
#6262=SURFACE_STYLE_USAGE(.POSITIVE.,#6261);
#6263=PRESENTATION_STYLE_ASSIGNMENT((#6262));
#6264=STYLED_ITEM('',(#6263),#6257);
#6265=CARTESIAN_POINT('',(0.E0,-2.025256353960E-3,5.E0));
#6266=DIRECTION('',(0.E0,0.E0,1.E0));
#6267=DIRECTION('',(1.E0,0.E0,0.E0));
#6268=AXIS2_PLACEMENT_3D('',#6265,#6266,#6267);
#6269=CYLINDRICAL_SURFACE('',#6268,9.3E0);
#6270=ORIENTED_EDGE('',*,*,#5128,.T.);
#6272=ORIENTED_EDGE('',*,*,#6271,.F.);
#6273=ORIENTED_EDGE('',*,*,#4399,.F.);
#6275=ORIENTED_EDGE('',*,*,#6274,.T.);
#6276=EDGE_LOOP('',(#6270,#6272,#6273,#6275));
#6277=FACE_OUTER_BOUND('',#6276,.F.);
#6279=FILL_AREA_STYLE_COLOUR('',#21);
#6280=FILL_AREA_STYLE('',(#6279));
#6281=SURFACE_STYLE_FILL_AREA(#6280);
#6282=SURFACE_SIDE_STYLE('',(#6281));
#6283=SURFACE_STYLE_USAGE(.POSITIVE.,#6282);
#6284=PRESENTATION_STYLE_ASSIGNMENT((#6283));
#6285=STYLED_ITEM('',(#6284),#6278);
#6286=CARTESIAN_POINT('',(0.E0,-2.025256353960E-3,5.E0));
#6287=DIRECTION('',(0.E0,0.E0,1.E0));
#6288=DIRECTION('',(1.E0,0.E0,0.E0));
#6289=AXIS2_PLACEMENT_3D('',#6286,#6287,#6288);
#6290=CYLINDRICAL_SURFACE('',#6289,9.3E0);
#6291=ORIENTED_EDGE('',*,*,#5120,.T.);
#6293=ORIENTED_EDGE('',*,*,#6292,.F.);
#6294=ORIENTED_EDGE('',*,*,#4407,.F.);
#6296=ORIENTED_EDGE('',*,*,#6295,.T.);
#6297=EDGE_LOOP('',(#6291,#6293,#6294,#6296));
#6298=FACE_OUTER_BOUND('',#6297,.F.);
#6300=FILL_AREA_STYLE_COLOUR('',#21);
#6301=FILL_AREA_STYLE('',(#6300));
#6302=SURFACE_STYLE_FILL_AREA(#6301);
#6303=SURFACE_SIDE_STYLE('',(#6302));
#6304=SURFACE_STYLE_USAGE(.POSITIVE.,#6303);
#6305=PRESENTATION_STYLE_ASSIGNMENT((#6304));
#6306=STYLED_ITEM('',(#6305),#6299);
#6307=CARTESIAN_POINT('',(0.E0,-2.025256353960E-3,5.E0));
#6308=DIRECTION('',(0.E0,0.E0,1.E0));
#6309=DIRECTION('',(1.E0,0.E0,0.E0));
#6310=AXIS2_PLACEMENT_3D('',#6307,#6308,#6309);
#6311=CYLINDRICAL_SURFACE('',#6310,9.3E0);
#6312=ORIENTED_EDGE('',*,*,#5112,.T.);
#6314=ORIENTED_EDGE('',*,*,#6313,.F.);
#6315=ORIENTED_EDGE('',*,*,#4415,.F.);
#6317=ORIENTED_EDGE('',*,*,#6316,.T.);
#6318=EDGE_LOOP('',(#6312,#6314,#6315,#6317));
#6319=FACE_OUTER_BOUND('',#6318,.F.);
#6321=FILL_AREA_STYLE_COLOUR('',#21);
#6322=FILL_AREA_STYLE('',(#6321));
#6323=SURFACE_STYLE_FILL_AREA(#6322);
#6324=SURFACE_SIDE_STYLE('',(#6323));
#6325=SURFACE_STYLE_USAGE(.POSITIVE.,#6324);
#6326=PRESENTATION_STYLE_ASSIGNMENT((#6325));
#6327=STYLED_ITEM('',(#6326),#6320);
#6328=CARTESIAN_POINT('',(0.E0,-2.025256353960E-3,5.E0));
#6329=DIRECTION('',(0.E0,0.E0,1.E0));
#6330=DIRECTION('',(1.E0,0.E0,0.E0));
#6331=AXIS2_PLACEMENT_3D('',#6328,#6329,#6330);
#6332=CYLINDRICAL_SURFACE('',#6331,9.3E0);
#6333=ORIENTED_EDGE('',*,*,#5104,.T.);
#6335=ORIENTED_EDGE('',*,*,#6334,.F.);
#6336=ORIENTED_EDGE('',*,*,#4423,.F.);
#6338=ORIENTED_EDGE('',*,*,#6337,.T.);
#6339=EDGE_LOOP('',(#6333,#6335,#6336,#6338));
#6340=FACE_OUTER_BOUND('',#6339,.F.);
#6342=FILL_AREA_STYLE_COLOUR('',#21);
#6343=FILL_AREA_STYLE('',(#6342));
#6344=SURFACE_STYLE_FILL_AREA(#6343);
#6345=SURFACE_SIDE_STYLE('',(#6344));
#6346=SURFACE_STYLE_USAGE(.POSITIVE.,#6345);
#6347=PRESENTATION_STYLE_ASSIGNMENT((#6346));
#6348=STYLED_ITEM('',(#6347),#6341);
#6349=CARTESIAN_POINT('',(0.E0,-2.025256353960E-3,5.E0));
#6350=DIRECTION('',(0.E0,0.E0,1.E0));
#6351=DIRECTION('',(1.E0,0.E0,0.E0));
#6352=AXIS2_PLACEMENT_3D('',#6349,#6350,#6351);
#6353=CYLINDRICAL_SURFACE('',#6352,9.3E0);
#6355=ORIENTED_EDGE('',*,*,#6354,.T.);
#6356=ORIENTED_EDGE('',*,*,#5096,.T.);
#6358=ORIENTED_EDGE('',*,*,#6357,.F.);
#6359=ORIENTED_EDGE('',*,*,#4431,.F.);
#6360=EDGE_LOOP('',(#6355,#6356,#6358,#6359));
#6361=FACE_OUTER_BOUND('',#6360,.F.);
#6363=FILL_AREA_STYLE_COLOUR('',#21);
#6364=FILL_AREA_STYLE('',(#6363));
#6365=SURFACE_STYLE_FILL_AREA(#6364);
#6366=SURFACE_SIDE_STYLE('',(#6365));
#6367=SURFACE_STYLE_USAGE(.POSITIVE.,#6366);
#6368=PRESENTATION_STYLE_ASSIGNMENT((#6367));
#6369=STYLED_ITEM('',(#6368),#6362);
#6370=CARTESIAN_POINT('',(0.E0,-2.025256353960E-3,5.E0));
#6371=DIRECTION('',(0.E0,0.E0,1.E0));
#6372=DIRECTION('',(1.E0,0.E0,0.E0));
#6373=AXIS2_PLACEMENT_3D('',#6370,#6371,#6372);
#6374=CYLINDRICAL_SURFACE('',#6373,9.3E0);
#6376=ORIENTED_EDGE('',*,*,#6375,.T.);
#6377=ORIENTED_EDGE('',*,*,#5088,.T.);
#6379=ORIENTED_EDGE('',*,*,#6378,.F.);
#6380=ORIENTED_EDGE('',*,*,#4439,.F.);
#6381=EDGE_LOOP('',(#6376,#6377,#6379,#6380));
#6382=FACE_OUTER_BOUND('',#6381,.F.);
#6384=FILL_AREA_STYLE_COLOUR('',#21);
#6385=FILL_AREA_STYLE('',(#6384));
#6386=SURFACE_STYLE_FILL_AREA(#6385);
#6387=SURFACE_SIDE_STYLE('',(#6386));
#6388=SURFACE_STYLE_USAGE(.POSITIVE.,#6387);
#6389=PRESENTATION_STYLE_ASSIGNMENT((#6388));
#6390=STYLED_ITEM('',(#6389),#6383);
#6391=CARTESIAN_POINT('',(0.E0,-2.025256353960E-3,5.E0));
#6392=DIRECTION('',(0.E0,0.E0,1.E0));
#6393=DIRECTION('',(1.E0,0.E0,0.E0));
#6394=AXIS2_PLACEMENT_3D('',#6391,#6392,#6393);
#6395=CYLINDRICAL_SURFACE('',#6394,9.3E0);
#6397=ORIENTED_EDGE('',*,*,#6396,.T.);
#6398=ORIENTED_EDGE('',*,*,#5080,.T.);
#6399=ORIENTED_EDGE('',*,*,#5999,.F.);
#6400=ORIENTED_EDGE('',*,*,#4447,.F.);
#6401=EDGE_LOOP('',(#6397,#6398,#6399,#6400));
#6402=FACE_OUTER_BOUND('',#6401,.F.);
#6404=FILL_AREA_STYLE_COLOUR('',#21);
#6405=FILL_AREA_STYLE('',(#6404));
#6406=SURFACE_STYLE_FILL_AREA(#6405);
#6407=SURFACE_SIDE_STYLE('',(#6406));
#6408=SURFACE_STYLE_USAGE(.POSITIVE.,#6407);
#6409=PRESENTATION_STYLE_ASSIGNMENT((#6408));
#6410=STYLED_ITEM('',(#6409),#6403);
#6411=CARTESIAN_POINT('',(-5.747681755457E0,-1.024314073010E1,0.E0));
#6412=DIRECTION('',(0.E0,0.E0,1.E0));
#6413=DIRECTION('',(-1.998809944403E-1,9.798201814933E-1,0.E0));
#6414=AXIS2_PLACEMENT_3D('',#6411,#6412,#6413);
#6415=CYLINDRICAL_SURFACE('',#6414,9.525736650974E0);
#6416=ORIENTED_EDGE('',*,*,#6019,.T.);
#6417=ORIENTED_EDGE('',*,*,#5222,.T.);
#6419=ORIENTED_EDGE('',*,*,#6418,.F.);
#6420=ORIENTED_EDGE('',*,*,#4305,.F.);
#6421=EDGE_LOOP('',(#6416,#6417,#6419,#6420));
#6422=FACE_OUTER_BOUND('',#6421,.F.);
#6424=FILL_AREA_STYLE_COLOUR('',#21);
#6425=FILL_AREA_STYLE('',(#6424));
#6426=SURFACE_STYLE_FILL_AREA(#6425);
#6427=SURFACE_SIDE_STYLE('',(#6426));
#6428=SURFACE_STYLE_USAGE(.BOTH.,#6427);
#6429=PRESENTATION_STYLE_ASSIGNMENT((#6428));
#6430=STYLED_ITEM('',(#6429),#6423);
#6431=CARTESIAN_POINT('',(-1.008239869411E1,-1.760812759228E0,0.E0));
#6432=DIRECTION('',(-9.798201814933E-1,-1.998809944403E-1,0.E0));
#6433=DIRECTION('',(1.998809944403E-1,-9.798201814933E-1,0.E0));
#6434=AXIS2_PLACEMENT_3D('',#6431,#6432,#6433);
#6435=PLANE('',#6434);
#6436=ORIENTED_EDGE('',*,*,#4307,.F.);
#6437=ORIENTED_EDGE('',*,*,#6418,.T.);
#6438=ORIENTED_EDGE('',*,*,#5220,.T.);
#6440=ORIENTED_EDGE('',*,*,#6439,.F.);
#6441=EDGE_LOOP('',(#6436,#6437,#6438,#6440));
#6442=FACE_OUTER_BOUND('',#6441,.F.);
#6444=FILL_AREA_STYLE_COLOUR('',#21);
#6445=FILL_AREA_STYLE('',(#6444));
#6446=SURFACE_STYLE_FILL_AREA(#6445);
#6447=SURFACE_SIDE_STYLE('',(#6446));
#6448=SURFACE_STYLE_USAGE(.BOTH.,#6447);
#6449=PRESENTATION_STYLE_ASSIGNMENT((#6448));
#6450=STYLED_ITEM('',(#6449),#6443);
#6451=CARTESIAN_POINT('',(-9.300599877410E0,7.173326947730E0,0.E0));
#6452=DIRECTION('',(0.E0,0.E0,1.E0));
#6453=DIRECTION('',(-1.998809944403E-1,9.798201814933E-1,0.E0));
#6454=AXIS2_PLACEMENT_3D('',#6451,#6452,#6453);
#6455=CYLINDRICAL_SURFACE('',#6454,9.525736650975E0);
#6456=ORIENTED_EDGE('',*,*,#6043,.F.);
#6457=ORIENTED_EDGE('',*,*,#4309,.F.);
#6458=ORIENTED_EDGE('',*,*,#6439,.T.);
#6459=ORIENTED_EDGE('',*,*,#5218,.T.);
#6460=EDGE_LOOP('',(#6456,#6457,#6458,#6459));
#6461=FACE_OUTER_BOUND('',#6460,.F.);
#6463=FILL_AREA_STYLE_COLOUR('',#21);
#6464=FILL_AREA_STYLE('',(#6463));
#6465=SURFACE_STYLE_FILL_AREA(#6464);
#6466=SURFACE_SIDE_STYLE('',(#6465));
#6467=SURFACE_STYLE_USAGE(.BOTH.,#6466);
#6468=PRESENTATION_STYLE_ASSIGNMENT((#6467));
#6469=STYLED_ITEM('',(#6468),#6462);
#6470=CARTESIAN_POINT('',(-8.029592076365E0,8.572247585429E0,0.E0));
#6471=DIRECTION('',(0.E0,0.E0,1.E0));
#6472=DIRECTION('',(-4.013179253256E-2,9.991943951144E-1,0.E0));
#6473=AXIS2_PLACEMENT_3D('',#6470,#6471,#6472);
#6474=CYLINDRICAL_SURFACE('',#6473,9.525736650975E0);
#6475=ORIENTED_EDGE('',*,*,#6022,.F.);
#6476=ORIENTED_EDGE('',*,*,#4301,.F.);
#6478=ORIENTED_EDGE('',*,*,#6477,.T.);
#6479=ORIENTED_EDGE('',*,*,#5226,.T.);
#6480=EDGE_LOOP('',(#6475,#6476,#6478,#6479));
#6481=FACE_OUTER_BOUND('',#6480,.F.);
#6483=FILL_AREA_STYLE_COLOUR('',#21);
#6484=FILL_AREA_STYLE('',(#6483));
#6485=SURFACE_STYLE_FILL_AREA(#6484);
#6486=SURFACE_SIDE_STYLE('',(#6485));
#6487=SURFACE_STYLE_USAGE(.BOTH.,#6486);
#6488=PRESENTATION_STYLE_ASSIGNMENT((#6487));
#6489=STYLED_ITEM('',(#6488),#6482);
#6490=CARTESIAN_POINT('',(-1.023428688797E1,-1.208176093631E-1,0.E0));
#6491=DIRECTION('',(-9.991943951144E-1,-4.013179253256E-2,0.E0));
#6492=DIRECTION('',(4.013179253256E-2,-9.991943951144E-1,0.E0));
#6493=AXIS2_PLACEMENT_3D('',#6490,#6491,#6492);
#6494=PLANE('',#6493);
#6495=ORIENTED_EDGE('',*,*,#4299,.F.);
#6497=ORIENTED_EDGE('',*,*,#6496,.T.);
#6498=ORIENTED_EDGE('',*,*,#5228,.T.);
#6499=ORIENTED_EDGE('',*,*,#6477,.F.);
#6500=EDGE_LOOP('',(#6495,#6497,#6498,#6499));
#6501=FACE_OUTER_BOUND('',#6500,.F.);
#6503=FILL_AREA_STYLE_COLOUR('',#21);
#6504=FILL_AREA_STYLE('',(#6503));
#6505=SURFACE_STYLE_FILL_AREA(#6504);
#6506=SURFACE_SIDE_STYLE('',(#6505));
#6507=SURFACE_STYLE_USAGE(.BOTH.,#6506);
#6508=PRESENTATION_STYLE_ASSIGNMENT((#6507));
#6509=STYLED_ITEM('',(#6508),#6502);
#6510=CARTESIAN_POINT('',(-7.316242748908E0,-9.188599981377E0,0.E0));
#6511=DIRECTION('',(0.E0,0.E0,1.E0));
#6512=DIRECTION('',(-4.013179253256E-2,9.991943951144E-1,0.E0));
#6513=AXIS2_PLACEMENT_3D('',#6510,#6511,#6512);
#6514=CYLINDRICAL_SURFACE('',#6513,9.525736650974E0);
#6515=ORIENTED_EDGE('',*,*,#4297,.F.);
#6516=ORIENTED_EDGE('',*,*,#4978,.T.);
#6517=ORIENTED_EDGE('',*,*,#5230,.T.);
#6518=ORIENTED_EDGE('',*,*,#6496,.F.);
#6519=EDGE_LOOP('',(#6515,#6516,#6517,#6518));
#6520=FACE_OUTER_BOUND('',#6519,.F.);
#6522=FILL_AREA_STYLE_COLOUR('',#21);
#6523=FILL_AREA_STYLE('',(#6522));
#6524=SURFACE_STYLE_FILL_AREA(#6523);
#6525=SURFACE_SIDE_STYLE('',(#6524));
#6526=SURFACE_STYLE_USAGE(.BOTH.,#6525);
#6527=PRESENTATION_STYLE_ASSIGNMENT((#6526));
#6528=STYLED_ITEM('',(#6527),#6521);
#6529=CARTESIAN_POINT('',(-4.030283579271E0,-1.103243363222E1,0.E0));
#6530=DIRECTION('',(0.E0,0.E0,1.E0));
#6531=DIRECTION('',(-3.544542444843E-1,9.350733599922E-1,0.E0));
#6532=AXIS2_PLACEMENT_3D('',#6529,#6530,#6531);
#6533=CYLINDRICAL_SURFACE('',#6532,9.525736650974E0);
#6534=ORIENTED_EDGE('',*,*,#6040,.T.);
#6535=ORIENTED_EDGE('',*,*,#5214,.T.);
#6537=ORIENTED_EDGE('',*,*,#6536,.F.);
#6538=ORIENTED_EDGE('',*,*,#4313,.F.);
#6539=EDGE_LOOP('',(#6534,#6535,#6537,#6538));
#6540=FACE_OUTER_BOUND('',#6539,.F.);
#6542=FILL_AREA_STYLE_COLOUR('',#21);
#6543=FILL_AREA_STYLE('',(#6542));
#6544=SURFACE_STYLE_FILL_AREA(#6543);
#6545=SURFACE_SIDE_STYLE('',(#6544));
#6546=SURFACE_STYLE_USAGE(.BOTH.,#6545);
#6547=PRESENTATION_STYLE_ASSIGNMENT((#6546));
#6548=STYLED_ITEM('',(#6547),#6541);
#6549=CARTESIAN_POINT('',(-9.669425095610E0,-3.355211367468E0,0.E0));
#6550=DIRECTION('',(-9.350733599922E-1,-3.544542444843E-1,0.E0));
#6551=DIRECTION('',(3.544542444843E-1,-9.350733599922E-1,0.E0));
#6552=AXIS2_PLACEMENT_3D('',#6549,#6550,#6551);
#6553=PLANE('',#6552);
#6554=ORIENTED_EDGE('',*,*,#4315,.F.);
#6555=ORIENTED_EDGE('',*,*,#6536,.T.);
#6556=ORIENTED_EDGE('',*,*,#5212,.T.);
#6558=ORIENTED_EDGE('',*,*,#6557,.F.);
#6559=EDGE_LOOP('',(#6554,#6555,#6556,#6558));
#6560=FACE_OUTER_BOUND('',#6559,.F.);
#6562=FILL_AREA_STYLE_COLOUR('',#21);
#6563=FILL_AREA_STYLE('',(#6562));
#6564=SURFACE_STYLE_FILL_AREA(#6563);
#6565=SURFACE_SIDE_STYLE('',(#6564));
#6566=SURFACE_STYLE_USAGE(.BOTH.,#6565);
#6567=PRESENTATION_STYLE_ASSIGNMENT((#6566));
#6568=STYLED_ITEM('',(#6567),#6561);
#6569=CARTESIAN_POINT('',(-1.033076708526E1,5.588651806013E0,0.E0));
#6570=DIRECTION('',(0.E0,0.E0,1.E0));
#6571=DIRECTION('',(-3.544542444843E-1,9.350733599922E-1,0.E0));
#6572=AXIS2_PLACEMENT_3D('',#6569,#6570,#6571);
#6573=CYLINDRICAL_SURFACE('',#6572,9.525736650975E0);
#6574=ORIENTED_EDGE('',*,*,#6064,.F.);
#6575=ORIENTED_EDGE('',*,*,#4317,.F.);
#6576=ORIENTED_EDGE('',*,*,#6557,.T.);
#6577=ORIENTED_EDGE('',*,*,#5210,.T.);
#6578=EDGE_LOOP('',(#6574,#6575,#6576,#6577));
#6579=FACE_OUTER_BOUND('',#6578,.F.);
#6581=FILL_AREA_STYLE_COLOUR('',#21);
#6582=FILL_AREA_STYLE('',(#6581));
#6583=SURFACE_STYLE_FILL_AREA(#6582);
#6584=SURFACE_SIDE_STYLE('',(#6583));
#6585=SURFACE_STYLE_USAGE(.BOTH.,#6584);
#6586=PRESENTATION_STYLE_ASSIGNMENT((#6585));
#6587=STYLED_ITEM('',(#6586),#6580);
#6588=CARTESIAN_POINT('',(-2.208520534068E0,-1.153603981570E1,0.E0));
#6589=DIRECTION('',(0.E0,0.E0,1.E0));
#6590=DIRECTION('',(-4.998488424383E-1,8.661126570563E-1,0.E0));
#6591=AXIS2_PLACEMENT_3D('',#6588,#6589,#6590);
#6592=CYLINDRICAL_SURFACE('',#6591,9.525736650974E0);
#6593=ORIENTED_EDGE('',*,*,#6061,.T.);
#6594=ORIENTED_EDGE('',*,*,#5206,.T.);
#6596=ORIENTED_EDGE('',*,*,#6595,.F.);
#6597=ORIENTED_EDGE('',*,*,#4321,.F.);
#6598=EDGE_LOOP('',(#6593,#6594,#6596,#6597));
#6599=FACE_OUTER_BOUND('',#6598,.F.);
#6601=FILL_AREA_STYLE_COLOUR('',#21);
#6602=FILL_AREA_STYLE('',(#6601));
#6603=SURFACE_STYLE_FILL_AREA(#6602);
#6604=SURFACE_SIDE_STYLE('',(#6603));
#6605=SURFACE_STYLE_USAGE(.BOTH.,#6604);
#6606=PRESENTATION_STYLE_ASSIGNMENT((#6605));
#6607=STYLED_ITEM('',(#6606),#6600);
#6608=CARTESIAN_POINT('',(-9.006060113051E0,-4.862726214801E0,0.E0));
#6609=DIRECTION('',(-8.661126570563E-1,-4.998488424383E-1,0.E0));
#6610=DIRECTION('',(4.998488424383E-1,-8.661126570563E-1,0.E0));
#6611=AXIS2_PLACEMENT_3D('',#6608,#6609,#6610);
#6612=PLANE('',#6611);
#6613=ORIENTED_EDGE('',*,*,#4323,.F.);
#6614=ORIENTED_EDGE('',*,*,#6595,.T.);
#6615=ORIENTED_EDGE('',*,*,#5204,.T.);
#6617=ORIENTED_EDGE('',*,*,#6616,.F.);
#6618=EDGE_LOOP('',(#6613,#6614,#6615,#6617));
#6619=FACE_OUTER_BOUND('',#6618,.F.);
#6621=FILL_AREA_STYLE_COLOUR('',#21);
#6622=FILL_AREA_STYLE('',(#6621));
#6623=SURFACE_STYLE_FILL_AREA(#6622);
#6624=SURFACE_SIDE_STYLE('',(#6623));
#6625=SURFACE_STYLE_USAGE(.BOTH.,#6624);
#6626=PRESENTATION_STYLE_ASSIGNMENT((#6625));
#6627=STYLED_ITEM('',(#6626),#6620);
#6628=CARTESIAN_POINT('',(-1.109341734734E1,3.859257588766E0,0.E0));
#6629=DIRECTION('',(0.E0,0.E0,1.E0));
#6630=DIRECTION('',(-4.998488424383E-1,8.661126570563E-1,0.E0));
#6631=AXIS2_PLACEMENT_3D('',#6628,#6629,#6630);
#6632=CYLINDRICAL_SURFACE('',#6631,9.525736650975E0);
#6633=ORIENTED_EDGE('',*,*,#6085,.F.);
#6634=ORIENTED_EDGE('',*,*,#4325,.F.);
#6635=ORIENTED_EDGE('',*,*,#6616,.T.);
#6636=ORIENTED_EDGE('',*,*,#5202,.T.);
#6637=EDGE_LOOP('',(#6633,#6634,#6635,#6636));
#6638=FACE_OUTER_BOUND('',#6637,.F.);
#6640=FILL_AREA_STYLE_COLOUR('',#21);
#6641=FILL_AREA_STYLE('',(#6640));
#6642=SURFACE_STYLE_FILL_AREA(#6641);
#6643=SURFACE_SIDE_STYLE('',(#6642));
#6644=SURFACE_STYLE_USAGE(.BOTH.,#6643);
#6645=PRESENTATION_STYLE_ASSIGNMENT((#6644));
#6646=STYLED_ITEM('',(#6645),#6639);
#6647=CARTESIAN_POINT('',(-3.295674793472E-1,-1.174091831397E1,0.E0));
#6648=DIRECTION('',(0.E0,0.E0,1.E0));
#6649=DIRECTION('',(-6.322997708109E-1,7.747238216503E-1,0.E0));
#6650=AXIS2_PLACEMENT_3D('',#6647,#6648,#6649);
#6651=CYLINDRICAL_SURFACE('',#6650,9.525736650974E0);
#6652=ORIENTED_EDGE('',*,*,#6082,.T.);
#6653=ORIENTED_EDGE('',*,*,#5198,.T.);
#6655=ORIENTED_EDGE('',*,*,#6654,.F.);
#6656=ORIENTED_EDGE('',*,*,#4329,.F.);
#6657=EDGE_LOOP('',(#6652,#6653,#6655,#6656));
#6658=FACE_OUTER_BOUND('',#6657,.F.);
#6660=FILL_AREA_STYLE_COLOUR('',#21);
#6661=FILL_AREA_STYLE('',(#6660));
#6662=SURFACE_STYLE_FILL_AREA(#6661);
#6663=SURFACE_SIDE_STYLE('',(#6662));
#6664=SURFACE_STYLE_USAGE(.BOTH.,#6663);
#6665=PRESENTATION_STYLE_ASSIGNMENT((#6664));
#6666=STYLED_ITEM('',(#6665),#6659);
#6667=CARTESIAN_POINT('',(-8.109481693876E0,-6.244319951499E0,0.E0));
#6668=DIRECTION('',(-7.747238216503E-1,-6.322997708109E-1,0.E0));
#6669=DIRECTION('',(6.322997708109E-1,-7.747238216503E-1,0.E0));
#6670=AXIS2_PLACEMENT_3D('',#6667,#6668,#6669);
#6671=PLANE('',#6670);
#6672=ORIENTED_EDGE('',*,*,#4331,.F.);
#6673=ORIENTED_EDGE('',*,*,#6654,.T.);
#6674=ORIENTED_EDGE('',*,*,#5196,.T.);
#6676=ORIENTED_EDGE('',*,*,#6675,.F.);
#6677=EDGE_LOOP('',(#6672,#6673,#6674,#6676));
#6678=FACE_OUTER_BOUND('',#6677,.F.);
#6680=FILL_AREA_STYLE_COLOUR('',#21);
#6681=FILL_AREA_STYLE('',(#6680));
#6682=SURFACE_STYLE_FILL_AREA(#6681);
#6683=SURFACE_SIDE_STYLE('',(#6682));
#6684=SURFACE_STYLE_USAGE(.BOTH.,#6683);
#6685=PRESENTATION_STYLE_ASSIGNMENT((#6684));
#6686=STYLED_ITEM('',(#6685),#6679);
#6687=CARTESIAN_POINT('',(-1.156880170725E1,2.029927249201E0,0.E0));
#6688=DIRECTION('',(0.E0,0.E0,1.E0));
#6689=DIRECTION('',(-6.322997708109E-1,7.747238216503E-1,0.E0));
#6690=AXIS2_PLACEMENT_3D('',#6687,#6688,#6689);
#6691=CYLINDRICAL_SURFACE('',#6690,9.525736650975E0);
#6692=ORIENTED_EDGE('',*,*,#6106,.F.);
#6693=ORIENTED_EDGE('',*,*,#4333,.F.);
#6694=ORIENTED_EDGE('',*,*,#6675,.T.);
#6695=ORIENTED_EDGE('',*,*,#5194,.T.);
#6696=EDGE_LOOP('',(#6692,#6693,#6694,#6695));
#6697=FACE_OUTER_BOUND('',#6696,.F.);
#6699=FILL_AREA_STYLE_COLOUR('',#21);
#6700=FILL_AREA_STYLE('',(#6699));
#6701=SURFACE_STYLE_FILL_AREA(#6700);
#6702=SURFACE_SIDE_STYLE('',(#6701));
#6703=SURFACE_STYLE_USAGE(.BOTH.,#6702);
#6704=PRESENTATION_STYLE_ASSIGNMENT((#6703));
#6705=STYLED_ITEM('',(#6704),#6698);
#6706=CARTESIAN_POINT('',(1.557919780508E0,-1.164176376398E1,0.E0));
#6707=DIRECTION('',(0.E0,0.E0,1.E0));
#6708=DIRECTION('',(-7.483771906047E-1,6.632733829898E-1,0.E0));
#6709=AXIS2_PLACEMENT_3D('',#6706,#6707,#6708);
#6710=CYLINDRICAL_SURFACE('',#6709,9.525736650974E0);
#6711=ORIENTED_EDGE('',*,*,#6103,.T.);
#6712=ORIENTED_EDGE('',*,*,#5190,.T.);
#6714=ORIENTED_EDGE('',*,*,#6713,.F.);
#6715=ORIENTED_EDGE('',*,*,#4337,.F.);
#6716=EDGE_LOOP('',(#6711,#6712,#6714,#6715));
#6717=FACE_OUTER_BOUND('',#6716,.F.);
#6719=FILL_AREA_STYLE_COLOUR('',#21);
#6720=FILL_AREA_STYLE('',(#6719));
#6721=SURFACE_STYLE_FILL_AREA(#6720);
#6722=SURFACE_SIDE_STYLE('',(#6721));
#6723=SURFACE_STYLE_USAGE(.BOTH.,#6722);
#6724=PRESENTATION_STYLE_ASSIGNMENT((#6723));
#6725=STYLED_ITEM('',(#6724),#6718);
#6726=CARTESIAN_POINT('',(-7.002906886573E0,-7.464215976108E0,0.E0));
#6727=DIRECTION('',(-6.632733829898E-1,-7.483771906047E-1,0.E0));
#6728=DIRECTION('',(7.483771906047E-1,-6.632733829898E-1,0.E0));
#6729=AXIS2_PLACEMENT_3D('',#6726,#6727,#6728);
#6730=PLANE('',#6729);
#6731=ORIENTED_EDGE('',*,*,#4339,.F.);
#6732=ORIENTED_EDGE('',*,*,#6713,.T.);
#6733=ORIENTED_EDGE('',*,*,#5188,.T.);
#6735=ORIENTED_EDGE('',*,*,#6734,.F.);
#6736=EDGE_LOOP('',(#6731,#6732,#6733,#6735));
#6737=FACE_OUTER_BOUND('',#6736,.F.);
#6739=FILL_AREA_STYLE_COLOUR('',#21);
#6740=FILL_AREA_STYLE('',(#6739));
#6741=SURFACE_STYLE_FILL_AREA(#6740);
#6742=SURFACE_SIDE_STYLE('',(#6741));
#6743=SURFACE_STYLE_USAGE(.BOTH.,#6742);
#6744=PRESENTATION_STYLE_ASSIGNMENT((#6743));
#6745=STYLED_ITEM('',(#6744),#6738);
#6746=CARTESIAN_POINT('',(-1.174461000728E1,1.480316031730E-1,0.E0));
#6747=DIRECTION('',(0.E0,0.E0,1.E0));
#6748=DIRECTION('',(-7.483771906047E-1,6.632733829898E-1,0.E0));
#6749=AXIS2_PLACEMENT_3D('',#6746,#6747,#6748);
#6750=CYLINDRICAL_SURFACE('',#6749,9.525736650975E0);
#6751=ORIENTED_EDGE('',*,*,#6127,.F.);
#6752=ORIENTED_EDGE('',*,*,#4341,.F.);
#6753=ORIENTED_EDGE('',*,*,#6734,.T.);
#6754=ORIENTED_EDGE('',*,*,#5186,.T.);
#6755=EDGE_LOOP('',(#6751,#6752,#6753,#6754));
#6756=FACE_OUTER_BOUND('',#6755,.F.);
#6758=FILL_AREA_STYLE_COLOUR('',#21);
#6759=FILL_AREA_STYLE('',(#6758));
#6760=SURFACE_STYLE_FILL_AREA(#6759);
#6761=SURFACE_SIDE_STYLE('',(#6760));
#6762=SURFACE_STYLE_USAGE(.BOTH.,#6761);
#6763=PRESENTATION_STYLE_ASSIGNMENT((#6762));
#6764=STYLED_ITEM('',(#6763),#6757);
#6765=CARTESIAN_POINT('',(3.405064446441E0,-1.124114378941E1,0.E0));
#6766=DIRECTION('',(0.E0,0.E0,1.E0));
#6767=DIRECTION('',(-8.450752575721E-1,5.346473688699E-1,0.E0));
#6768=AXIS2_PLACEMENT_3D('',#6765,#6766,#6767);
#6769=CYLINDRICAL_SURFACE('',#6768,9.525736650974E0);
#6770=ORIENTED_EDGE('',*,*,#6124,.T.);
#6771=ORIENTED_EDGE('',*,*,#5182,.T.);
#6773=ORIENTED_EDGE('',*,*,#6772,.F.);
#6774=ORIENTED_EDGE('',*,*,#4345,.F.);
#6775=EDGE_LOOP('',(#6770,#6771,#6773,#6774));
#6776=FACE_OUTER_BOUND('',#6775,.F.);
#6778=FILL_AREA_STYLE_COLOUR('',#21);
#6779=FILL_AREA_STYLE('',(#6778));
#6780=SURFACE_STYLE_FILL_AREA(#6779);
#6781=SURFACE_SIDE_STYLE('',(#6780));
#6782=SURFACE_STYLE_USAGE(.BOTH.,#6781);
#6783=PRESENTATION_STYLE_ASSIGNMENT((#6782));
#6784=STYLED_ITEM('',(#6783),#6777);
#6785=CARTESIAN_POINT('',(-5.714990631309E0,-8.490824876538E0,0.E0));
#6786=DIRECTION('',(-5.346473688699E-1,-8.450752575721E-1,0.E0));
#6787=DIRECTION('',(8.450752575721E-1,-5.346473688699E-1,0.E0));
#6788=AXIS2_PLACEMENT_3D('',#6785,#6786,#6787);
#6789=PLANE('',#6788);
#6790=ORIENTED_EDGE('',*,*,#4347,.F.);
#6791=ORIENTED_EDGE('',*,*,#6772,.T.);
#6792=ORIENTED_EDGE('',*,*,#5180,.T.);
#6794=ORIENTED_EDGE('',*,*,#6793,.F.);
#6795=EDGE_LOOP('',(#6790,#6791,#6792,#6794));
#6796=FACE_OUTER_BOUND('',#6795,.F.);
#6798=FILL_AREA_STYLE_COLOUR('',#21);
#6799=FILL_AREA_STYLE('',(#6798));
#6800=SURFACE_STYLE_FILL_AREA(#6799);
#6801=SURFACE_SIDE_STYLE('',(#6800));
#6802=SURFACE_STYLE_USAGE(.BOTH.,#6801);
#6803=PRESENTATION_STYLE_ASSIGNMENT((#6802));
#6804=STYLED_ITEM('',(#6803),#6797);
#6805=CARTESIAN_POINT('',(-1.161628966203E1,-1.737697346039E0,0.E0));
#6806=DIRECTION('',(0.E0,0.E0,1.E0));
#6807=DIRECTION('',(-8.450752575721E-1,5.346473688699E-1,0.E0));
#6808=AXIS2_PLACEMENT_3D('',#6805,#6806,#6807);
#6809=CYLINDRICAL_SURFACE('',#6808,9.525736650975E0);
#6810=ORIENTED_EDGE('',*,*,#6148,.F.);
#6811=ORIENTED_EDGE('',*,*,#4349,.F.);
#6812=ORIENTED_EDGE('',*,*,#6793,.T.);
#6813=ORIENTED_EDGE('',*,*,#5178,.T.);
#6814=EDGE_LOOP('',(#6810,#6811,#6812,#6813));
#6815=FACE_OUTER_BOUND('',#6814,.F.);
#6817=FILL_AREA_STYLE_COLOUR('',#21);
#6818=FILL_AREA_STYLE('',(#6817));
#6819=SURFACE_STYLE_FILL_AREA(#6818);
#6820=SURFACE_SIDE_STYLE('',(#6819));
#6821=SURFACE_STYLE_USAGE(.BOTH.,#6820);
#6822=PRESENTATION_STYLE_ASSIGNMENT((#6821));
#6823=STYLED_ITEM('',(#6822),#6816);
#6824=CARTESIAN_POINT('',(5.164034397627E0,-1.054943251170E1,0.E0));
#6825=DIRECTION('',(0.E0,0.E0,1.E0));
#6826=DIRECTION('',(-9.198899590563E-1,3.921765714922E-1,0.E0));
#6827=AXIS2_PLACEMENT_3D('',#6824,#6825,#6826);
#6828=CYLINDRICAL_SURFACE('',#6827,9.525736650974E0);
#6829=ORIENTED_EDGE('',*,*,#6145,.T.);
#6830=ORIENTED_EDGE('',*,*,#5174,.T.);
#6832=ORIENTED_EDGE('',*,*,#6831,.F.);
#6833=ORIENTED_EDGE('',*,*,#4353,.F.);
#6834=EDGE_LOOP('',(#6829,#6830,#6832,#6833));
#6835=FACE_OUTER_BOUND('',#6834,.F.);
#6837=FILL_AREA_STYLE_COLOUR('',#21);
#6838=FILL_AREA_STYLE('',(#6837));
#6839=SURFACE_STYLE_FILL_AREA(#6838);
#6840=SURFACE_SIDE_STYLE('',(#6839));
#6841=SURFACE_STYLE_USAGE(.BOTH.,#6840);
#6842=PRESENTATION_STYLE_ASSIGNMENT((#6841));
#6843=STYLED_ITEM('',(#6842),#6836);
#6844=CARTESIAN_POINT('',(-4.279083735452E0,-9.297562443188E0,0.E0));
#6845=DIRECTION('',(-3.921765714922E-1,-9.198899590563E-1,0.E0));
#6846=DIRECTION('',(9.198899590563E-1,-3.921765714922E-1,0.E0));
#6847=AXIS2_PLACEMENT_3D('',#6844,#6845,#6846);
#6848=PLANE('',#6847);
#6849=ORIENTED_EDGE('',*,*,#4355,.F.);
#6850=ORIENTED_EDGE('',*,*,#6831,.T.);
#6851=ORIENTED_EDGE('',*,*,#5172,.T.);
#6853=ORIENTED_EDGE('',*,*,#6852,.F.);
#6854=EDGE_LOOP('',(#6849,#6850,#6851,#6853));
#6855=FACE_OUTER_BOUND('',#6854,.F.);
#6857=FILL_AREA_STYLE_COLOUR('',#21);
#6858=FILL_AREA_STYLE('',(#6857));
#6859=SURFACE_STYLE_FILL_AREA(#6858);
#6860=SURFACE_SIDE_STYLE('',(#6859));
#6861=SURFACE_STYLE_USAGE(.BOTH.,#6860);
#6862=PRESENTATION_STYLE_ASSIGNMENT((#6861));
#6863=STYLED_ITEM('',(#6862),#6856);
#6864=CARTESIAN_POINT('',(-1.118716354836E1,-3.578428331126E0,0.E0));
#6865=DIRECTION('',(0.E0,0.E0,1.E0));
#6866=DIRECTION('',(-9.198899590563E-1,3.921765714922E-1,0.E0));
#6867=AXIS2_PLACEMENT_3D('',#6864,#6865,#6866);
#6868=CYLINDRICAL_SURFACE('',#6867,9.525736650975E0);
#6869=ORIENTED_EDGE('',*,*,#6169,.F.);
#6870=ORIENTED_EDGE('',*,*,#4357,.F.);
#6871=ORIENTED_EDGE('',*,*,#6852,.T.);
#6872=ORIENTED_EDGE('',*,*,#5170,.T.);
#6873=EDGE_LOOP('',(#6869,#6870,#6871,#6872));
#6874=FACE_OUTER_BOUND('',#6873,.F.);
#6876=FILL_AREA_STYLE_COLOUR('',#21);
#6877=FILL_AREA_STYLE('',(#6876));
#6878=SURFACE_STYLE_FILL_AREA(#6877);
#6879=SURFACE_SIDE_STYLE('',(#6878));
#6880=SURFACE_STYLE_USAGE(.BOTH.,#6879);
#6881=PRESENTATION_STYLE_ASSIGNMENT((#6880));
#6882=STYLED_ITEM('',(#6881),#6875);
#6883=CARTESIAN_POINT('',(6.789280812266E0,-9.584541910331E0,0.E0));
#6884=DIRECTION('',(0.E0,0.E0,1.E0));
#6885=DIRECTION('',(-9.708839558187E-1,2.395502960419E-1,0.E0));
#6886=AXIS2_PLACEMENT_3D('',#6883,#6884,#6885);
#6887=CYLINDRICAL_SURFACE('',#6886,9.525736650974E0);
#6888=ORIENTED_EDGE('',*,*,#6166,.T.);
#6889=ORIENTED_EDGE('',*,*,#5166,.T.);
#6891=ORIENTED_EDGE('',*,*,#6890,.F.);
#6892=ORIENTED_EDGE('',*,*,#4361,.F.);
#6893=EDGE_LOOP('',(#6888,#6889,#6891,#6892));
#6894=FACE_OUTER_BOUND('',#6893,.F.);
#6896=FILL_AREA_STYLE_COLOUR('',#21);
#6897=FILL_AREA_STYLE('',(#6896));
#6898=SURFACE_STYLE_FILL_AREA(#6897);
#6899=SURFACE_SIDE_STYLE('',(#6898));
#6900=SURFACE_STYLE_USAGE(.BOTH.,#6899);
#6901=PRESENTATION_STYLE_ASSIGNMENT((#6900));
#6902=STYLED_ITEM('',(#6901),#6895);
#6903=CARTESIAN_POINT('',(-2.732369248819E0,-9.863538071509E0,0.E0));
#6904=DIRECTION('',(-2.395502960419E-1,-9.708839558187E-1,0.E0));
#6905=DIRECTION('',(9.708839558187E-1,-2.395502960419E-1,0.E0));
#6906=AXIS2_PLACEMENT_3D('',#6903,#6904,#6905);
#6907=PLANE('',#6906);
#6908=ORIENTED_EDGE('',*,*,#4363,.F.);
#6909=ORIENTED_EDGE('',*,*,#6890,.T.);
#6910=ORIENTED_EDGE('',*,*,#5164,.T.);
#6912=ORIENTED_EDGE('',*,*,#6911,.F.);
#6913=EDGE_LOOP('',(#6908,#6909,#6910,#6912));
#6914=FACE_OUTER_BOUND('',#6913,.F.);
#6916=FILL_AREA_STYLE_COLOUR('',#21);
#6917=FILL_AREA_STYLE('',(#6916));
#6918=SURFACE_STYLE_FILL_AREA(#6917);
#6919=SURFACE_SIDE_STYLE('',(#6918));
#6920=SURFACE_STYLE_USAGE(.BOTH.,#6919);
#6921=PRESENTATION_STYLE_ASSIGNMENT((#6920));
#6922=STYLED_ITEM('',(#6921),#6915);
#6923=CARTESIAN_POINT('',(-1.046834395892E1,-5.326495314607E0,0.E0));
#6924=DIRECTION('',(0.E0,0.E0,1.E0));
#6925=DIRECTION('',(-9.708839558187E-1,2.395502960419E-1,0.E0));
#6926=AXIS2_PLACEMENT_3D('',#6923,#6924,#6925);
#6927=CYLINDRICAL_SURFACE('',#6926,9.525736650975E0);
#6928=ORIENTED_EDGE('',*,*,#6190,.F.);
#6929=ORIENTED_EDGE('',*,*,#4365,.F.);
#6930=ORIENTED_EDGE('',*,*,#6911,.T.);
#6931=ORIENTED_EDGE('',*,*,#5162,.T.);
#6932=EDGE_LOOP('',(#6928,#6929,#6930,#6931));
#6933=FACE_OUTER_BOUND('',#6932,.F.);
#6935=FILL_AREA_STYLE_COLOUR('',#21);
#6936=FILL_AREA_STYLE('',(#6935));
#6937=SURFACE_STYLE_FILL_AREA(#6936);
#6938=SURFACE_SIDE_STYLE('',(#6937));
#6939=SURFACE_STYLE_USAGE(.BOTH.,#6938);
#6940=PRESENTATION_STYLE_ASSIGNMENT((#6939));
#6941=STYLED_ITEM('',(#6940),#6934);
#6942=CARTESIAN_POINT('',(8.238717661957E0,-8.371457989219E0,0.E0));
#6943=DIRECTION('',(0.E0,0.E0,1.E0));
#6944=DIRECTION('',(-9.967367497633E-1,8.072082551182E-2,0.E0));
#6945=AXIS2_PLACEMENT_3D('',#6942,#6943,#6944);
#6946=CYLINDRICAL_SURFACE('',#6945,9.525736650974E0);
#6947=ORIENTED_EDGE('',*,*,#6187,.T.);
#6948=ORIENTED_EDGE('',*,*,#5158,.T.);
#6950=ORIENTED_EDGE('',*,*,#6949,.F.);
#6951=ORIENTED_EDGE('',*,*,#4369,.F.);
#6952=EDGE_LOOP('',(#6947,#6948,#6950,#6951));
#6953=FACE_OUTER_BOUND('',#6952,.F.);
#6955=FILL_AREA_STYLE_COLOUR('',#21);
#6956=FILL_AREA_STYLE('',(#6955));
#6957=SURFACE_STYLE_FILL_AREA(#6956);
#6958=SURFACE_SIDE_STYLE('',(#6957));
#6959=SURFACE_STYLE_USAGE(.BOTH.,#6958);
#6960=PRESENTATION_STYLE_ASSIGNMENT((#6959));
#6961=STYLED_ITEM('',(#6960),#6954);
#6962=CARTESIAN_POINT('',(-1.114899602368E0,-1.017409572771E1,0.E0));
#6963=DIRECTION('',(-8.072082551182E-2,-9.967367497633E-1,0.E0));
#6964=DIRECTION('',(9.967367497633E-1,-8.072082551182E-2,0.E0));
#6965=AXIS2_PLACEMENT_3D('',#6962,#6963,#6964);
#6966=PLANE('',#6965);
#6967=ORIENTED_EDGE('',*,*,#4371,.F.);
#6968=ORIENTED_EDGE('',*,*,#6949,.T.);
#6969=ORIENTED_EDGE('',*,*,#5156,.T.);
#6971=ORIENTED_EDGE('',*,*,#6970,.F.);
#6972=EDGE_LOOP('',(#6967,#6968,#6969,#6971));
#6973=FACE_OUTER_BOUND('',#6972,.F.);
#6975=FILL_AREA_STYLE_COLOUR('',#21);
#6976=FILL_AREA_STYLE('',(#6975));
#6977=SURFACE_STYLE_FILL_AREA(#6976);
#6978=SURFACE_SIDE_STYLE('',(#6977));
#6979=SURFACE_STYLE_USAGE(.BOTH.,#6978);
#6980=PRESENTATION_STYLE_ASSIGNMENT((#6979));
#6981=STYLED_ITEM('',(#6980),#6974);
#6982=CARTESIAN_POINT('',(-9.478444847498E0,-6.936631808857E0,0.E0));
#6983=DIRECTION('',(0.E0,0.E0,1.E0));
#6984=DIRECTION('',(-9.967367497633E-1,8.072082551182E-2,0.E0));
#6985=AXIS2_PLACEMENT_3D('',#6982,#6983,#6984);
#6986=CYLINDRICAL_SURFACE('',#6985,9.525736650975E0);
#6987=ORIENTED_EDGE('',*,*,#6211,.F.);
#6988=ORIENTED_EDGE('',*,*,#4373,.F.);
#6989=ORIENTED_EDGE('',*,*,#6970,.T.);
#6990=ORIENTED_EDGE('',*,*,#5154,.T.);
#6991=EDGE_LOOP('',(#6987,#6988,#6989,#6990));
#6992=FACE_OUTER_BOUND('',#6991,.F.);
#6994=FILL_AREA_STYLE_COLOUR('',#21);
#6995=FILL_AREA_STYLE('',(#6994));
#6996=SURFACE_STYLE_FILL_AREA(#6995);
#6997=SURFACE_SIDE_STYLE('',(#6996));
#6998=SURFACE_STYLE_USAGE(.BOTH.,#6997);
#6999=PRESENTATION_STYLE_ASSIGNMENT((#6998));
#7000=STYLED_ITEM('',(#6999),#6993);
#7001=CARTESIAN_POINT('',(9.474811536457E0,-6.941593759888E0,0.E0));
#7002=DIRECTION('',(0.E0,0.E0,1.E0));
#7003=DIRECTION('',(-9.967788784562E-1,-8.019892432886E-2,0.E0));
#7004=AXIS2_PLACEMENT_3D('',#7001,#7002,#7003);
#7005=CYLINDRICAL_SURFACE('',#7004,9.525736650974E0);
#7006=ORIENTED_EDGE('',*,*,#6208,.T.);
#7007=ORIENTED_EDGE('',*,*,#5150,.T.);
#7009=ORIENTED_EDGE('',*,*,#7008,.F.);
#7010=ORIENTED_EDGE('',*,*,#4377,.F.);
#7011=EDGE_LOOP('',(#7006,#7007,#7009,#7010));
#7012=FACE_OUTER_BOUND('',#7011,.F.);
#7014=FILL_AREA_STYLE_COLOUR('',#21);
#7015=FILL_AREA_STYLE('',(#7014));
#7016=SURFACE_STYLE_FILL_AREA(#7015);
#7017=SURFACE_SIDE_STYLE('',(#7016));
#7018=SURFACE_STYLE_USAGE(.BOTH.,#7017);
#7019=PRESENTATION_STYLE_ASSIGNMENT((#7018));
#7020=STYLED_ITEM('',(#7019),#7013);
#7021=CARTESIAN_POINT('',(5.314405562134E-1,-1.022119346922E1,0.E0));
#7022=DIRECTION('',(8.019892432886E-2,-9.967788784562E-1,0.E0));
#7023=DIRECTION('',(9.967788784562E-1,8.019892432886E-2,0.E0));
#7024=AXIS2_PLACEMENT_3D('',#7021,#7022,#7023);
#7025=PLANE('',#7024);
#7026=ORIENTED_EDGE('',*,*,#4379,.F.);
#7027=ORIENTED_EDGE('',*,*,#7008,.T.);
#7028=ORIENTED_EDGE('',*,*,#5148,.T.);
#7030=ORIENTED_EDGE('',*,*,#7029,.F.);
#7031=EDGE_LOOP('',(#7026,#7027,#7028,#7030));
#7032=FACE_OUTER_BOUND('',#7031,.F.);
#7034=FILL_AREA_STYLE_COLOUR('',#21);
#7035=FILL_AREA_STYLE('',(#7034));
#7036=SURFACE_STYLE_FILL_AREA(#7035);
#7037=SURFACE_SIDE_STYLE('',(#7036));
#7038=SURFACE_STYLE_USAGE(.BOTH.,#7037);
#7039=PRESENTATION_STYLE_ASSIGNMENT((#7038));
#7040=STYLED_ITEM('',(#7039),#7033);
#7041=CARTESIAN_POINT('',(-8.243099817564E0,-8.367143059395E0,0.E0));
#7042=DIRECTION('',(0.E0,0.E0,1.E0));
#7043=DIRECTION('',(-9.967788784562E-1,-8.019892432886E-2,0.E0));
#7044=AXIS2_PLACEMENT_3D('',#7041,#7042,#7043);
#7045=CYLINDRICAL_SURFACE('',#7044,9.525736650975E0);
#7046=ORIENTED_EDGE('',*,*,#6232,.F.);
#7047=ORIENTED_EDGE('',*,*,#4381,.F.);
#7048=ORIENTED_EDGE('',*,*,#7029,.T.);
#7049=ORIENTED_EDGE('',*,*,#5146,.T.);
#7050=EDGE_LOOP('',(#7046,#7047,#7048,#7049));
#7051=FACE_OUTER_BOUND('',#7050,.F.);
#7053=FILL_AREA_STYLE_COLOUR('',#21);
#7054=FILL_AREA_STYLE('',(#7053));
#7055=SURFACE_STYLE_FILL_AREA(#7054);
#7056=SURFACE_SIDE_STYLE('',(#7055));
#7057=SURFACE_STYLE_USAGE(.BOTH.,#7056);
#7058=PRESENTATION_STYLE_ASSIGNMENT((#7057));
#7059=STYLED_ITEM('',(#7058),#7052);
#7060=CARTESIAN_POINT('',(1.046555357764E1,-5.331975796292E0,0.E0));
#7061=DIRECTION('',(0.E0,0.E0,1.E0));
#7062=DIRECTION('',(-9.710092509680E-1,-2.390419095776E-1,0.E0));
#7063=AXIS2_PLACEMENT_3D('',#7060,#7061,#7062);
#7064=CYLINDRICAL_SURFACE('',#7063,9.525736650974E0);
#7065=ORIENTED_EDGE('',*,*,#6229,.T.);
#7066=ORIENTED_EDGE('',*,*,#5142,.T.);
#7068=ORIENTED_EDGE('',*,*,#7067,.F.);
#7069=ORIENTED_EDGE('',*,*,#4385,.F.);
#7070=EDGE_LOOP('',(#7065,#7066,#7068,#7069));
#7071=FACE_OUTER_BOUND('',#7070,.F.);
#7073=FILL_AREA_STYLE_COLOUR('',#21);
#7074=FILL_AREA_STYLE('',(#7073));
#7075=SURFACE_STYLE_FILL_AREA(#7074);
#7076=SURFACE_SIDE_STYLE('',(#7075));
#7077=SURFACE_STYLE_USAGE(.BOTH.,#7076);
#7078=PRESENTATION_STYLE_ASSIGNMENT((#7077));
#7079=STYLED_ITEM('',(#7078),#7072);
#7080=CARTESIAN_POINT('',(2.164018972489E0,-1.000361169212E1,0.E0));
#7081=DIRECTION('',(2.390419095776E-1,-9.710092509680E-1,0.E0));
#7082=DIRECTION('',(9.710092509680E-1,2.390419095776E-1,0.E0));
#7083=AXIS2_PLACEMENT_3D('',#7080,#7081,#7082);
#7084=PLANE('',#7083);
#7085=ORIENTED_EDGE('',*,*,#4387,.F.);
#7086=ORIENTED_EDGE('',*,*,#7067,.T.);
#7087=ORIENTED_EDGE('',*,*,#5140,.T.);
#7089=ORIENTED_EDGE('',*,*,#7088,.F.);
#7090=EDGE_LOOP('',(#7085,#7086,#7087,#7089));
#7091=FACE_OUTER_BOUND('',#7090,.F.);
#7093=FILL_AREA_STYLE_COLOUR('',#21);
#7094=FILL_AREA_STYLE('',(#7093));
#7095=SURFACE_STYLE_FILL_AREA(#7094);
#7096=SURFACE_SIDE_STYLE('',(#7095));
#7097=SURFACE_STYLE_USAGE(.BOTH.,#7096);
#7098=PRESENTATION_STYLE_ASSIGNMENT((#7097));
#7099=STYLED_ITEM('',(#7098),#7092);
#7100=CARTESIAN_POINT('',(-6.794298335786E0,-9.580985737545E0,0.E0));
#7101=DIRECTION('',(0.E0,0.E0,1.E0));
#7102=DIRECTION('',(-9.710092509680E-1,-2.390419095776E-1,0.E0));
#7103=AXIS2_PLACEMENT_3D('',#7100,#7101,#7102);
#7104=CYLINDRICAL_SURFACE('',#7103,9.525736650975E0);
#7105=ORIENTED_EDGE('',*,*,#6253,.F.);
#7106=ORIENTED_EDGE('',*,*,#4389,.F.);
#7107=ORIENTED_EDGE('',*,*,#7088,.T.);
#7108=ORIENTED_EDGE('',*,*,#5138,.T.);
#7109=EDGE_LOOP('',(#7105,#7106,#7107,#7108));
#7110=FACE_OUTER_BOUND('',#7109,.F.);
#7112=FILL_AREA_STYLE_COLOUR('',#21);
#7113=FILL_AREA_STYLE('',(#7112));
#7114=SURFACE_STYLE_FILL_AREA(#7113);
#7115=SURFACE_SIDE_STYLE('',(#7114));
#7116=SURFACE_STYLE_USAGE(.BOTH.,#7115);
#7117=PRESENTATION_STYLE_ASSIGNMENT((#7116));
#7118=STYLED_ITEM('',(#7117),#7111);
#7119=CARTESIAN_POINT('',(1.118528835424E1,-3.584285425472E0,0.E0));
#7120=DIRECTION('',(0.E0,0.E0,1.E0));
#7121=DIRECTION('',(-9.200951761231E-1,-3.916948644992E-1,0.E0));
#7122=AXIS2_PLACEMENT_3D('',#7119,#7120,#7121);
#7123=CYLINDRICAL_SURFACE('',#7122,9.525736650974E0);
#7124=ORIENTED_EDGE('',*,*,#6250,.T.);
#7125=ORIENTED_EDGE('',*,*,#5134,.T.);
#7127=ORIENTED_EDGE('',*,*,#7126,.F.);
#7128=ORIENTED_EDGE('',*,*,#4393,.F.);
#7129=EDGE_LOOP('',(#7124,#7125,#7127,#7128));
#7130=FACE_OUTER_BOUND('',#7129,.F.);
#7132=FILL_AREA_STYLE_COLOUR('',#21);
#7133=FILL_AREA_STYLE('',(#7132));
#7134=SURFACE_STYLE_FILL_AREA(#7133);
#7135=SURFACE_SIDE_STYLE('',(#7134));
#7136=SURFACE_STYLE_USAGE(.BOTH.,#7135);
#7137=PRESENTATION_STYLE_ASSIGNMENT((#7136));
#7138=STYLED_ITEM('',(#7137),#7131);
#7139=CARTESIAN_POINT('',(3.740559754644E0,-9.526984713010E0,0.E0));
#7140=DIRECTION('',(3.916948644992E-1,-9.200951761231E-1,0.E0));
#7141=DIRECTION('',(9.200951761231E-1,3.916948644992E-1,0.E0));
#7142=AXIS2_PLACEMENT_3D('',#7139,#7140,#7141);
#7143=PLANE('',#7142);
#7144=ORIENTED_EDGE('',*,*,#4395,.F.);
#7145=ORIENTED_EDGE('',*,*,#7126,.T.);
#7146=ORIENTED_EDGE('',*,*,#5132,.T.);
#7148=ORIENTED_EDGE('',*,*,#7147,.F.);
#7149=EDGE_LOOP('',(#7144,#7145,#7146,#7148));
#7150=FACE_OUTER_BOUND('',#7149,.F.);
#7152=FILL_AREA_STYLE_COLOUR('',#21);
#7153=FILL_AREA_STYLE('',(#7152));
#7154=SURFACE_STYLE_FILL_AREA(#7153);
#7155=SURFACE_SIDE_STYLE('',(#7154));
#7156=SURFACE_STYLE_USAGE(.BOTH.,#7155);
#7157=PRESENTATION_STYLE_ASSIGNMENT((#7156));
#7158=STYLED_ITEM('',(#7157),#7151);
#7159=CARTESIAN_POINT('',(-5.169557359447E0,-1.054672718364E1,0.E0));
#7160=DIRECTION('',(0.E0,0.E0,1.E0));
#7161=DIRECTION('',(-9.200951761231E-1,-3.916948644992E-1,0.E0));
#7162=AXIS2_PLACEMENT_3D('',#7159,#7160,#7161);
#7163=CYLINDRICAL_SURFACE('',#7162,9.525736650975E0);
#7164=ORIENTED_EDGE('',*,*,#6274,.F.);
#7165=ORIENTED_EDGE('',*,*,#4397,.F.);
#7166=ORIENTED_EDGE('',*,*,#7147,.T.);
#7167=ORIENTED_EDGE('',*,*,#5130,.T.);
#7168=EDGE_LOOP('',(#7164,#7165,#7166,#7167));
#7169=FACE_OUTER_BOUND('',#7168,.F.);
#7171=FILL_AREA_STYLE_COLOUR('',#21);
#7172=FILL_AREA_STYLE('',(#7171));
#7173=SURFACE_STYLE_FILL_AREA(#7172);
#7174=SURFACE_SIDE_STYLE('',(#7173));
#7175=SURFACE_STYLE_USAGE(.BOTH.,#7174);
#7176=PRESENTATION_STYLE_ASSIGNMENT((#7175));
#7177=STYLED_ITEM('',(#7176),#7170);
#7178=CARTESIAN_POINT('',(1.161537821354E1,-1.743779382605E0,0.E0));
#7179=DIRECTION('',(0.E0,0.E0,1.E0));
#7180=DIRECTION('',(-8.453550824259E-1,-5.342048152316E-1,0.E0));
#7181=AXIS2_PLACEMENT_3D('',#7178,#7179,#7180);
#7182=CYLINDRICAL_SURFACE('',#7181,9.525736650974E0);
#7183=ORIENTED_EDGE('',*,*,#4401,.F.);
#7184=ORIENTED_EDGE('',*,*,#6271,.T.);
#7185=ORIENTED_EDGE('',*,*,#5126,.T.);
#7187=ORIENTED_EDGE('',*,*,#7186,.F.);
#7188=EDGE_LOOP('',(#7183,#7184,#7185,#7187));
#7189=FACE_OUTER_BOUND('',#7188,.F.);
#7191=FILL_AREA_STYLE_COLOUR('',#21);
#7192=FILL_AREA_STYLE('',(#7191));
#7193=SURFACE_STYLE_FILL_AREA(#7192);
#7194=SURFACE_SIDE_STYLE('',(#7193));
#7195=SURFACE_STYLE_USAGE(.BOTH.,#7194);
#7196=PRESENTATION_STYLE_ASSIGNMENT((#7195));
#7197=STYLED_ITEM('',(#7196),#7190);
#7198=CARTESIAN_POINT('',(5.220238114798E0,-8.803654867429E0,0.E0));
#7199=DIRECTION('',(5.342048152316E-1,-8.453550824259E-1,0.E0));
#7200=DIRECTION('',(8.453550824259E-1,5.342048152316E-1,0.E0));
#7201=AXIS2_PLACEMENT_3D('',#7198,#7199,#7200);
#7202=PLANE('',#7201);
#7203=ORIENTED_EDGE('',*,*,#4403,.F.);
#7204=ORIENTED_EDGE('',*,*,#7186,.T.);
#7205=ORIENTED_EDGE('',*,*,#5124,.T.);
#7207=ORIENTED_EDGE('',*,*,#7206,.F.);
#7208=EDGE_LOOP('',(#7203,#7204,#7205,#7207));
#7209=FACE_OUTER_BOUND('',#7208,.F.);
#7211=FILL_AREA_STYLE_COLOUR('',#21);
#7212=FILL_AREA_STYLE('',(#7211));
#7213=SURFACE_STYLE_FILL_AREA(#7212);
#7214=SURFACE_SIDE_STYLE('',(#7213));
#7215=SURFACE_STYLE_USAGE(.BOTH.,#7214);
#7216=PRESENTATION_STYLE_ASSIGNMENT((#7215));
#7217=STYLED_ITEM('',(#7216),#7210);
#7218=CARTESIAN_POINT('',(-3.410949828537E0,-1.123935936101E1,0.E0));
#7219=DIRECTION('',(0.E0,0.E0,1.E0));
#7220=DIRECTION('',(-8.453550824259E-1,-5.342048152316E-1,0.E0));
#7221=AXIS2_PLACEMENT_3D('',#7218,#7219,#7220);
#7222=CYLINDRICAL_SURFACE('',#7221,9.525736650975E0);
#7223=ORIENTED_EDGE('',*,*,#4405,.F.);
#7224=ORIENTED_EDGE('',*,*,#7206,.T.);
#7225=ORIENTED_EDGE('',*,*,#5122,.T.);
#7226=ORIENTED_EDGE('',*,*,#6295,.F.);
#7227=EDGE_LOOP('',(#7223,#7224,#7225,#7226));
#7228=FACE_OUTER_BOUND('',#7227,.F.);
#7230=FILL_AREA_STYLE_COLOUR('',#21);
#7231=FILL_AREA_STYLE('',(#7230));
#7232=SURFACE_STYLE_FILL_AREA(#7231);
#7233=SURFACE_SIDE_STYLE('',(#7232));
#7234=SURFACE_STYLE_USAGE(.BOTH.,#7233);
#7235=PRESENTATION_STYLE_ASSIGNMENT((#7234));
#7236=STYLED_ITEM('',(#7235),#7229);
#7237=CARTESIAN_POINT('',(1.174468590652E1,1.418821197422E-1,0.E0));
#7238=DIRECTION('',(0.E0,0.E0,1.E0));
#7239=DIRECTION('',(-7.487243771341E-1,-6.628814427069E-1,0.E0));
#7240=AXIS2_PLACEMENT_3D('',#7237,#7238,#7239);
#7241=CYLINDRICAL_SURFACE('',#7240,9.525736650974E0);
#7242=ORIENTED_EDGE('',*,*,#4409,.F.);
#7243=ORIENTED_EDGE('',*,*,#6292,.T.);
#7244=ORIENTED_EDGE('',*,*,#5118,.T.);
#7246=ORIENTED_EDGE('',*,*,#7245,.F.);
#7247=EDGE_LOOP('',(#7242,#7243,#7244,#7246));
#7248=FACE_OUTER_BOUND('',#7247,.F.);
#7250=FILL_AREA_STYLE_COLOUR('',#21);
#7251=FILL_AREA_STYLE('',(#7250));
#7252=SURFACE_STYLE_FILL_AREA(#7251);
#7253=SURFACE_SIDE_STYLE('',(#7252));
#7254=SURFACE_STYLE_USAGE(.BOTH.,#7253);
#7255=PRESENTATION_STYLE_ASSIGNMENT((#7254));
#7256=STYLED_ITEM('',(#7255),#7249);
#7257=CARTESIAN_POINT('',(6.564737533725E0,-7.852352903004E0,0.E0));
#7258=DIRECTION('',(6.628814427069E-1,-7.487243771341E-1,0.E0));
#7259=DIRECTION('',(7.487243771341E-1,6.628814427069E-1,0.E0));
#7260=AXIS2_PLACEMENT_3D('',#7257,#7258,#7259);
#7261=PLANE('',#7260);
#7262=ORIENTED_EDGE('',*,*,#4411,.F.);
#7263=ORIENTED_EDGE('',*,*,#7245,.T.);
#7264=ORIENTED_EDGE('',*,*,#5116,.T.);
#7266=ORIENTED_EDGE('',*,*,#7265,.F.);
#7267=EDGE_LOOP('',(#7262,#7263,#7264,#7266));
#7268=FACE_OUTER_BOUND('',#7267,.F.);
#7270=FILL_AREA_STYLE_COLOUR('',#21);
#7271=FILL_AREA_STYLE('',(#7270));
#7272=SURFACE_STYLE_FILL_AREA(#7271);
#7273=SURFACE_SIDE_STYLE('',(#7272));
#7274=SURFACE_STYLE_USAGE(.BOTH.,#7273);
#7275=PRESENTATION_STYLE_ASSIGNMENT((#7274));
#7276=STYLED_ITEM('',(#7275),#7269);
#7277=CARTESIAN_POINT('',(-1.564015179926E0,-1.164094644330E1,0.E0));
#7278=DIRECTION('',(0.E0,0.E0,1.E0));
#7279=DIRECTION('',(-7.487243771341E-1,-6.628814427069E-1,0.E0));
#7280=AXIS2_PLACEMENT_3D('',#7277,#7278,#7279);
#7281=CYLINDRICAL_SURFACE('',#7280,9.525736650975E0);
#7282=ORIENTED_EDGE('',*,*,#4413,.F.);
#7283=ORIENTED_EDGE('',*,*,#7265,.T.);
#7284=ORIENTED_EDGE('',*,*,#5114,.T.);
#7285=ORIENTED_EDGE('',*,*,#6316,.F.);
#7286=EDGE_LOOP('',(#7282,#7283,#7284,#7285));
#7287=FACE_OUTER_BOUND('',#7286,.F.);
#7289=FILL_AREA_STYLE_COLOUR('',#21);
#7290=FILL_AREA_STYLE('',(#7289));
#7291=SURFACE_STYLE_FILL_AREA(#7290);
#7292=SURFACE_SIDE_STYLE('',(#7291));
#7293=SURFACE_STYLE_USAGE(.BOTH.,#7292);
#7294=PRESENTATION_STYLE_ASSIGNMENT((#7293));
#7295=STYLED_ITEM('',(#7294),#7288);
#7296=CARTESIAN_POINT('',(1.156986298880E1,2.023869560810E0,0.E0));
#7297=DIRECTION('',(0.E0,0.E0,1.E0));
#7298=DIRECTION('',(-6.327053285625E-1,-7.743926440822E-1,0.E0));
#7299=AXIS2_PLACEMENT_3D('',#7296,#7297,#7298);
#7300=CYLINDRICAL_SURFACE('',#7299,9.525736650974E0);
#7301=ORIENTED_EDGE('',*,*,#4417,.F.);
#7302=ORIENTED_EDGE('',*,*,#6313,.T.);
#7303=ORIENTED_EDGE('',*,*,#5110,.T.);
#7305=ORIENTED_EDGE('',*,*,#7304,.F.);
#7306=EDGE_LOOP('',(#7301,#7302,#7303,#7305));
#7307=FACE_OUTER_BOUND('',#7306,.F.);
#7309=FILL_AREA_STYLE_COLOUR('',#21);
#7310=FILL_AREA_STYLE('',(#7309));
#7311=SURFACE_STYLE_FILL_AREA(#7310);
#7312=SURFACE_SIDE_STYLE('',(#7311));
#7313=SURFACE_STYLE_USAGE(.BOTH.,#7312);
#7314=PRESENTATION_STYLE_ASSIGNMENT((#7313));
#7315=STYLED_ITEM('',(#7314),#7308);
#7316=CARTESIAN_POINT('',(7.739241973548E0,-6.697712943601E0,0.E0));
#7317=DIRECTION('',(7.743926440822E-1,-6.327053285625E-1,0.E0));
#7318=DIRECTION('',(6.327053285625E-1,7.743926440822E-1,0.E0));
#7319=AXIS2_PLACEMENT_3D('',#7316,#7317,#7318);
#7320=PLANE('',#7319);
#7321=ORIENTED_EDGE('',*,*,#4419,.F.);
#7322=ORIENTED_EDGE('',*,*,#7304,.T.);
#7323=ORIENTED_EDGE('',*,*,#5108,.T.);
#7325=ORIENTED_EDGE('',*,*,#7324,.F.);
#7326=EDGE_LOOP('',(#7321,#7322,#7323,#7325));
#7327=FACE_OUTER_BOUND('',#7326,.F.);
#7329=FILL_AREA_STYLE_COLOUR('',#21);
#7330=FILL_AREA_STYLE('',(#7329));
#7331=SURFACE_STYLE_FILL_AREA(#7330);
#7332=SURFACE_SIDE_STYLE('',(#7331));
#7333=SURFACE_STYLE_USAGE(.BOTH.,#7332);
#7334=PRESENTATION_STYLE_ASSIGNMENT((#7333));
#7335=STYLED_ITEM('',(#7334),#7328);
#7336=CARTESIAN_POINT('',(3.234199039979E-1,-1.174108926567E1,0.E0));
#7337=DIRECTION('',(0.E0,0.E0,1.E0));
#7338=DIRECTION('',(-6.327053285625E-1,-7.743926440822E-1,0.E0));
#7339=AXIS2_PLACEMENT_3D('',#7336,#7337,#7338);
#7340=CYLINDRICAL_SURFACE('',#7339,9.525736650975E0);
#7341=ORIENTED_EDGE('',*,*,#4421,.F.);
#7342=ORIENTED_EDGE('',*,*,#7324,.T.);
#7343=ORIENTED_EDGE('',*,*,#5106,.T.);
#7344=ORIENTED_EDGE('',*,*,#6337,.F.);
#7345=EDGE_LOOP('',(#7341,#7342,#7343,#7344));
#7346=FACE_OUTER_BOUND('',#7345,.F.);
#7348=FILL_AREA_STYLE_COLOUR('',#21);
#7349=FILL_AREA_STYLE('',(#7348));
#7350=SURFACE_STYLE_FILL_AREA(#7349);
#7351=SURFACE_SIDE_STYLE('',(#7350));
#7352=SURFACE_STYLE_USAGE(.BOTH.,#7351);
#7353=PRESENTATION_STYLE_ASSIGNMENT((#7352));
#7354=STYLED_ITEM('',(#7353),#7347);
#7355=CARTESIAN_POINT('',(1.109543652913E1,3.853448560272E0,0.E0));
#7356=DIRECTION('',(0.E0,0.E0,1.E0));
#7357=DIRECTION('',(-5.003022694262E-1,-8.658508181015E-1,0.E0));
#7358=AXIS2_PLACEMENT_3D('',#7355,#7356,#7357);
#7359=CYLINDRICAL_SURFACE('',#7358,9.525736650974E0);
#7360=ORIENTED_EDGE('',*,*,#4425,.F.);
#7361=ORIENTED_EDGE('',*,*,#6334,.T.);
#7362=ORIENTED_EDGE('',*,*,#5102,.T.);
#7364=ORIENTED_EDGE('',*,*,#7363,.F.);
#7365=EDGE_LOOP('',(#7360,#7361,#7362,#7364));
#7366=FACE_OUTER_BOUND('',#7365,.F.);
#7368=FILL_AREA_STYLE_COLOUR('',#21);
#7369=FILL_AREA_STYLE('',(#7368));
#7370=SURFACE_STYLE_FILL_AREA(#7369);
#7371=SURFACE_SIDE_STYLE('',(#7370));
#7372=SURFACE_STYLE_USAGE(.BOTH.,#7371);
#7373=PRESENTATION_STYLE_ASSIGNMENT((#7372));
#7374=STYLED_ITEM('',(#7373),#7367);
#7375=CARTESIAN_POINT('',(8.713337444877E0,-5.369634584560E0,0.E0));
#7376=DIRECTION('',(8.658508181015E-1,-5.003022694262E-1,0.E0));
#7377=DIRECTION('',(5.003022694262E-1,8.658508181015E-1,0.E0));
#7378=AXIS2_PLACEMENT_3D('',#7375,#7376,#7377);
#7379=PLANE('',#7378);
#7380=ORIENTED_EDGE('',*,*,#4427,.F.);
#7381=ORIENTED_EDGE('',*,*,#7363,.T.);
#7382=ORIENTED_EDGE('',*,*,#5100,.T.);
#7384=ORIENTED_EDGE('',*,*,#7383,.F.);
#7385=EDGE_LOOP('',(#7380,#7381,#7382,#7384));
#7386=FACE_OUTER_BOUND('',#7385,.F.);
#7388=FILL_AREA_STYLE_COLOUR('',#21);
#7389=FILL_AREA_STYLE('',(#7388));
#7390=SURFACE_STYLE_FILL_AREA(#7389);
#7391=SURFACE_SIDE_STYLE('',(#7390));
#7392=SURFACE_STYLE_USAGE(.BOTH.,#7391);
#7393=PRESENTATION_STYLE_ASSIGNMENT((#7392));
#7394=STYLED_ITEM('',(#7393),#7387);
#7395=CARTESIAN_POINT('',(2.202479975282E0,-1.153719461295E1,0.E0));
#7396=DIRECTION('',(0.E0,0.E0,1.E0));
#7397=DIRECTION('',(-5.003022694262E-1,-8.658508181015E-1,0.E0));
#7398=AXIS2_PLACEMENT_3D('',#7395,#7396,#7397);
#7399=CYLINDRICAL_SURFACE('',#7398,9.525736650975E0);
#7400=ORIENTED_EDGE('',*,*,#4429,.F.);
#7401=ORIENTED_EDGE('',*,*,#7383,.T.);
#7402=ORIENTED_EDGE('',*,*,#5098,.T.);
#7403=ORIENTED_EDGE('',*,*,#6354,.F.);
#7404=EDGE_LOOP('',(#7400,#7401,#7402,#7403));
#7405=FACE_OUTER_BOUND('',#7404,.F.);
#7407=FILL_AREA_STYLE_COLOUR('',#21);
#7408=FILL_AREA_STYLE('',(#7407));
#7409=SURFACE_STYLE_FILL_AREA(#7408);
#7410=SURFACE_SIDE_STYLE('',(#7409));
#7411=SURFACE_STYLE_USAGE(.BOTH.,#7410);
#7412=PRESENTATION_STYLE_ASSIGNMENT((#7411));
#7413=STYLED_ITEM('',(#7412),#7406);
#7414=CARTESIAN_POINT('',(1.033369188025E1,5.583241863183E0,0.E0));
#7415=DIRECTION('',(0.E0,0.E0,1.E0));
#7416=DIRECTION('',(-3.549437991405E-1,-9.348876400144E-1,0.E0));
#7417=AXIS2_PLACEMENT_3D('',#7414,#7415,#7416);
#7418=CYLINDRICAL_SURFACE('',#7417,9.525736650974E0);
#7419=ORIENTED_EDGE('',*,*,#4433,.F.);
#7420=ORIENTED_EDGE('',*,*,#6357,.T.);
#7421=ORIENTED_EDGE('',*,*,#5094,.T.);
#7423=ORIENTED_EDGE('',*,*,#7422,.F.);
#7424=EDGE_LOOP('',(#7419,#7420,#7421,#7423));
#7425=FACE_OUTER_BOUND('',#7424,.F.);
#7427=FILL_AREA_STYLE_COLOUR('',#21);
#7428=FILL_AREA_STYLE('',(#7427));
#7429=SURFACE_STYLE_FILL_AREA(#7428);
#7430=SURFACE_SIDE_STYLE('',(#7429));
#7431=SURFACE_STYLE_USAGE(.BOTH.,#7430);
#7432=PRESENTATION_STYLE_ASSIGNMENT((#7431));
#7433=STYLED_ITEM('',(#7432),#7426);
#7434=CARTESIAN_POINT('',(9.461799582161E0,-3.902508637661E0,0.E0));
#7435=DIRECTION('',(9.348876400144E-1,-3.549437991405E-1,0.E0));
#7436=DIRECTION('',(3.549437991405E-1,9.348876400144E-1,0.E0));
#7437=AXIS2_PLACEMENT_3D('',#7434,#7435,#7436);
#7438=PLANE('',#7437);
#7439=ORIENTED_EDGE('',*,*,#4435,.F.);
#7440=ORIENTED_EDGE('',*,*,#7422,.T.);
#7441=ORIENTED_EDGE('',*,*,#5092,.T.);
#7443=ORIENTED_EDGE('',*,*,#7442,.F.);
#7444=EDGE_LOOP('',(#7439,#7440,#7441,#7443));
#7445=FACE_OUTER_BOUND('',#7444,.F.);
#7447=FILL_AREA_STYLE_COLOUR('',#21);
#7448=FILL_AREA_STYLE('',(#7447));
#7449=SURFACE_STYLE_FILL_AREA(#7448);
#7450=SURFACE_SIDE_STYLE('',(#7449));
#7451=SURFACE_STYLE_USAGE(.BOTH.,#7450);
#7452=PRESENTATION_STYLE_ASSIGNMENT((#7451));
#7453=STYLED_ITEM('',(#7452),#7446);
#7454=CARTESIAN_POINT('',(4.024506458331E0,-1.103454237137E1,0.E0));
#7455=DIRECTION('',(0.E0,0.E0,1.E0));
#7456=DIRECTION('',(-3.549437991405E-1,-9.348876400144E-1,0.E0));
#7457=AXIS2_PLACEMENT_3D('',#7454,#7455,#7456);
#7458=CYLINDRICAL_SURFACE('',#7457,9.525736650975E0);
#7459=ORIENTED_EDGE('',*,*,#4437,.F.);
#7460=ORIENTED_EDGE('',*,*,#7442,.T.);
#7461=ORIENTED_EDGE('',*,*,#5090,.T.);
#7462=ORIENTED_EDGE('',*,*,#6375,.F.);
#7463=EDGE_LOOP('',(#7459,#7460,#7461,#7462));
#7464=FACE_OUTER_BOUND('',#7463,.F.);
#7466=FILL_AREA_STYLE_COLOUR('',#21);
#7467=FILL_AREA_STYLE('',(#7466));
#7468=SURFACE_STYLE_FILL_AREA(#7467);
#7469=SURFACE_SIDE_STYLE('',(#7468));
#7470=SURFACE_STYLE_USAGE(.BOTH.,#7469);
#7471=PRESENTATION_STYLE_ASSIGNMENT((#7470));
#7472=STYLED_ITEM('',(#7471),#7465);
#7473=CARTESIAN_POINT('',(9.304354547539E0,7.168456181940E0,0.E0));
#7474=DIRECTION('',(0.E0,0.E0,1.E0));
#7475=DIRECTION('',(-2.003939996650E-1,-9.797153897425E-1,0.E0));
#7476=AXIS2_PLACEMENT_3D('',#7473,#7474,#7475);
#7477=CYLINDRICAL_SURFACE('',#7476,9.525736650974E0);
#7478=ORIENTED_EDGE('',*,*,#4441,.F.);
#7479=ORIENTED_EDGE('',*,*,#6378,.T.);
#7480=ORIENTED_EDGE('',*,*,#5086,.T.);
#7482=ORIENTED_EDGE('',*,*,#7481,.F.);
#7483=EDGE_LOOP('',(#7478,#7479,#7480,#7482));
#7484=FACE_OUTER_BOUND('',#7483,.F.);
#7486=FILL_AREA_STYLE_COLOUR('',#21);
#7487=FILL_AREA_STYLE('',(#7486));
#7488=SURFACE_STYLE_FILL_AREA(#7487);
#7489=SURFACE_SIDE_STYLE('',(#7488));
#7490=SURFACE_STYLE_USAGE(.BOTH.,#7489);
#7491=PRESENTATION_STYLE_ASSIGNMENT((#7490));
#7492=STYLED_ITEM('',(#7491),#7485);
#7493=CARTESIAN_POINT('',(9.965246832866E0,-2.334326575280E0,0.E0));
#7494=DIRECTION('',(9.797153897425E-1,-2.003939996650E-1,0.E0));
#7495=DIRECTION('',(2.003939996650E-1,9.797153897425E-1,0.E0));
#7496=AXIS2_PLACEMENT_3D('',#7493,#7494,#7495);
#7497=PLANE('',#7496);
#7498=ORIENTED_EDGE('',*,*,#4443,.F.);
#7499=ORIENTED_EDGE('',*,*,#7481,.T.);
#7500=ORIENTED_EDGE('',*,*,#5084,.T.);
#7502=ORIENTED_EDGE('',*,*,#7501,.F.);
#7503=EDGE_LOOP('',(#7498,#7499,#7500,#7502));
#7504=FACE_OUTER_BOUND('',#7503,.F.);
#7506=FILL_AREA_STYLE_COLOUR('',#21);
#7507=FILL_AREA_STYLE('',(#7506));
#7508=SURFACE_STYLE_FILL_AREA(#7507);
#7509=SURFACE_SIDE_STYLE('',(#7508));
#7510=SURFACE_STYLE_USAGE(.BOTH.,#7509);
#7511=PRESENTATION_STYLE_ASSIGNMENT((#7510));
#7512=STYLED_ITEM('',(#7511),#7505);
#7513=CARTESIAN_POINT('',(5.742317671877E0,-1.024614880499E1,0.E0));
#7514=DIRECTION('',(0.E0,0.E0,1.E0));
#7515=DIRECTION('',(-2.003939996650E-1,-9.797153897425E-1,0.E0));
#7516=AXIS2_PLACEMENT_3D('',#7513,#7514,#7515);
#7517=CYLINDRICAL_SURFACE('',#7516,9.525736650975E0);
#7518=ORIENTED_EDGE('',*,*,#4445,.F.);
#7519=ORIENTED_EDGE('',*,*,#7501,.T.);
#7520=ORIENTED_EDGE('',*,*,#5082,.T.);
#7521=ORIENTED_EDGE('',*,*,#6396,.F.);
#7522=EDGE_LOOP('',(#7518,#7519,#7520,#7521));
#7523=FACE_OUTER_BOUND('',#7522,.F.);
#7525=FILL_AREA_STYLE_COLOUR('',#21);
#7526=FILL_AREA_STYLE('',(#7525));
#7527=SURFACE_STYLE_FILL_AREA(#7526);
#7528=SURFACE_SIDE_STYLE('',(#7527));
#7529=SURFACE_STYLE_USAGE(.BOTH.,#7528);
#7530=PRESENTATION_STYLE_ASSIGNMENT((#7529));
#7531=STYLED_ITEM('',(#7530),#7524);
#7532=CARTESIAN_POINT('',(-6.550656642231E0,9.749188434650E0,0.E0));
#7533=DIRECTION('',(0.E0,0.E0,1.E0));
#7534=DIRECTION('',(1.206566288715E-1,9.926943023456E-1,0.E0));
#7535=AXIS2_PLACEMENT_3D('',#7532,#7533,#7534);
#7536=CYLINDRICAL_SURFACE('',#7535,9.525736650975E0);
#7537=ORIENTED_EDGE('',*,*,#4293,.F.);
#7539=ORIENTED_EDGE('',*,*,#7538,.T.);
#7540=ORIENTED_EDGE('',*,*,#5233,.T.);
#7541=ORIENTED_EDGE('',*,*,#4974,.F.);
#7542=EDGE_LOOP('',(#7537,#7539,#7540,#7541));
#7543=FACE_OUTER_BOUND('',#7542,.F.);
#7545=FILL_AREA_STYLE_COLOUR('',#21);
#7546=FILL_AREA_STYLE('',(#7545));
#7547=SURFACE_STYLE_FILL_AREA(#7546);
#7548=SURFACE_SIDE_STYLE('',(#7547));
#7549=SURFACE_STYLE_USAGE(.BOTH.,#7548);
#7550=PRESENTATION_STYLE_ASSIGNMENT((#7549));
#7551=STYLED_ITEM('',(#7550),#7544);
#7552=CARTESIAN_POINT('',(-1.012115650695E1,1.522306132753E0,0.E0));
#7553=DIRECTION('',(-9.926943023456E-1,1.206566288715E-1,0.E0));
#7554=DIRECTION('',(-1.206566288715E-1,-9.926943023456E-1,0.E0));
#7555=AXIS2_PLACEMENT_3D('',#7552,#7553,#7554);
#7556=PLANE('',#7555);
#7557=ORIENTED_EDGE('',*,*,#4291,.F.);
#7559=ORIENTED_EDGE('',*,*,#7558,.T.);
#7560=ORIENTED_EDGE('',*,*,#5235,.T.);
#7561=ORIENTED_EDGE('',*,*,#7538,.F.);
#7562=EDGE_LOOP('',(#7557,#7559,#7560,#7561));
#7563=FACE_OUTER_BOUND('',#7562,.F.);
#7565=FILL_AREA_STYLE_COLOUR('',#21);
#7566=FILL_AREA_STYLE('',(#7565));
#7567=SURFACE_STYLE_FILL_AREA(#7566);
#7568=SURFACE_SIDE_STYLE('',(#7567));
#7569=SURFACE_STYLE_USAGE(.BOTH.,#7568);
#7570=PRESENTATION_STYLE_ASSIGNMENT((#7569));
#7571=STYLED_ITEM('',(#7570),#7564);
#7572=CARTESIAN_POINT('',(-8.695348409708E0,-7.896118895539E0,0.E0));
#7573=DIRECTION('',(0.E0,0.E0,1.E0));
#7574=DIRECTION('',(1.206566288715E-1,9.926943023456E-1,0.E0));
#7575=AXIS2_PLACEMENT_3D('',#7572,#7573,#7574);
#7576=CYLINDRICAL_SURFACE('',#7575,9.525736650974E0);
#7577=ORIENTED_EDGE('',*,*,#4289,.F.);
#7578=ORIENTED_EDGE('',*,*,#4956,.T.);
#7579=ORIENTED_EDGE('',*,*,#5237,.T.);
#7580=ORIENTED_EDGE('',*,*,#7558,.F.);
#7581=EDGE_LOOP('',(#7577,#7578,#7579,#7580));
#7582=FACE_OUTER_BOUND('',#7581,.F.);
#7584=FILL_AREA_STYLE_COLOUR('',#21);
#7585=FILL_AREA_STYLE('',(#7584));
#7586=SURFACE_STYLE_FILL_AREA(#7585);
#7587=SURFACE_SIDE_STYLE('',(#7586));
#7588=SURFACE_STYLE_USAGE(.BOTH.,#7587);
#7589=PRESENTATION_STYLE_ASSIGNMENT((#7588));
#7590=STYLED_ITEM('',(#7589),#7583);
#7591=CARTESIAN_POINT('',(-4.902090856040E0,1.067367241477E1,0.E0));
#7592=DIRECTION('',(0.E0,0.E0,1.E0));
#7593=DIRECTION('',(2.783206266412E-1,9.604882241787E-1,0.E0));
#7594=AXIS2_PLACEMENT_3D('',#7591,#7592,#7593);
#7595=CYLINDRICAL_SURFACE('',#7594,9.525736650975E0);
#7596=ORIENTED_EDGE('',*,*,#4285,.F.);
#7598=ORIENTED_EDGE('',*,*,#7597,.T.);
#7599=ORIENTED_EDGE('',*,*,#5240,.T.);
#7600=ORIENTED_EDGE('',*,*,#4952,.F.);
#7601=EDGE_LOOP('',(#7596,#7598,#7599,#7600));
#7602=FACE_OUTER_BOUND('',#7601,.F.);
#7604=FILL_AREA_STYLE_COLOUR('',#21);
#7605=FILL_AREA_STYLE('',(#7604));
#7606=SURFACE_STYLE_FILL_AREA(#7605);
#7607=SURFACE_SIDE_STYLE('',(#7606));
#7608=SURFACE_STYLE_USAGE(.BOTH.,#7607);
#7609=PRESENTATION_STYLE_ASSIGNMENT((#7608));
#7610=STYLED_ITEM('',(#7609),#7603);
#7611=CARTESIAN_POINT('',(-9.745937081234E0,3.126009502326E0,0.E0));
#7612=DIRECTION('',(-9.604882241787E-1,2.783206266412E-1,0.E0));
#7613=DIRECTION('',(-2.783206266412E-1,-9.604882241787E-1,0.E0));
#7614=AXIS2_PLACEMENT_3D('',#7611,#7612,#7613);
#7615=PLANE('',#7614);
#7616=ORIENTED_EDGE('',*,*,#4283,.F.);
#7618=ORIENTED_EDGE('',*,*,#7617,.T.);
#7619=ORIENTED_EDGE('',*,*,#5242,.T.);
#7620=ORIENTED_EDGE('',*,*,#7597,.F.);
#7621=EDGE_LOOP('',(#7616,#7618,#7619,#7620));
#7622=FACE_OUTER_BOUND('',#7621,.F.);
#7624=FILL_AREA_STYLE_COLOUR('',#21);
#7625=FILL_AREA_STYLE('',(#7624));
#7626=SURFACE_STYLE_FILL_AREA(#7625);
#7627=SURFACE_SIDE_STYLE('',(#7626));
#7628=SURFACE_STYLE_USAGE(.BOTH.,#7627);
#7629=PRESENTATION_STYLE_ASSIGNMENT((#7628));
#7630=STYLED_ITEM('',(#7629),#7623);
#7631=CARTESIAN_POINT('',(-9.849286565546E0,-6.399166487010E0,0.E0));
#7632=DIRECTION('',(0.E0,0.E0,1.E0));
#7633=DIRECTION('',(2.783206266412E-1,9.604882241787E-1,0.E0));
#7634=AXIS2_PLACEMENT_3D('',#7631,#7632,#7633);
#7635=CYLINDRICAL_SURFACE('',#7634,9.525736650974E0);
#7636=ORIENTED_EDGE('',*,*,#4281,.F.);
#7637=ORIENTED_EDGE('',*,*,#4934,.T.);
#7638=ORIENTED_EDGE('',*,*,#5244,.T.);
#7639=ORIENTED_EDGE('',*,*,#7617,.F.);
#7640=EDGE_LOOP('',(#7636,#7637,#7638,#7639));
#7641=FACE_OUTER_BOUND('',#7640,.F.);
#7643=FILL_AREA_STYLE_COLOUR('',#21);
#7644=FILL_AREA_STYLE('',(#7643));
#7645=SURFACE_STYLE_FILL_AREA(#7644);
#7646=SURFACE_SIDE_STYLE('',(#7645));
#7647=SURFACE_STYLE_USAGE(.BOTH.,#7646);
#7648=PRESENTATION_STYLE_ASSIGNMENT((#7647));
#7649=STYLED_ITEM('',(#7648),#7642);
#7650=CARTESIAN_POINT('',(-3.126584605230E0,1.132175985812E1,0.E0));
#7651=DIRECTION('',(0.E0,0.E0,1.E0));
#7652=DIRECTION('',(4.287774651198E-1,9.034101424079E-1,0.E0));
#7653=AXIS2_PLACEMENT_3D('',#7650,#7651,#7652);
#7654=CYLINDRICAL_SURFACE('',#7653,9.525736650975E0);
#7655=ORIENTED_EDGE('',*,*,#4930,.F.);
#7656=ORIENTED_EDGE('',*,*,#4277,.F.);
#7658=ORIENTED_EDGE('',*,*,#7657,.T.);
#7659=ORIENTED_EDGE('',*,*,#5247,.T.);
#7660=EDGE_LOOP('',(#7655,#7656,#7658,#7659));
#7661=FACE_OUTER_BOUND('',#7660,.F.);
#7663=FILL_AREA_STYLE_COLOUR('',#21);
#7664=FILL_AREA_STYLE('',(#7663));
#7665=SURFACE_STYLE_FILL_AREA(#7664);
#7666=SURFACE_SIDE_STYLE('',(#7665));
#7667=SURFACE_STYLE_USAGE(.BOTH.,#7666);
#7668=PRESENTATION_STYLE_ASSIGNMENT((#7667));
#7669=STYLED_ITEM('',(#7668),#7662);
#7670=CARTESIAN_POINT('',(-9.118344980760E0,4.648764331718E0,0.E0));
#7671=DIRECTION('',(-9.034101424079E-1,4.287774651198E-1,0.E0));
#7672=DIRECTION('',(-4.287774651198E-1,-9.034101424079E-1,0.E0));
#7673=AXIS2_PLACEMENT_3D('',#7670,#7671,#7672);
#7674=PLANE('',#7673);
#7675=ORIENTED_EDGE('',*,*,#4275,.F.);
#7677=ORIENTED_EDGE('',*,*,#7676,.T.);
#7678=ORIENTED_EDGE('',*,*,#5249,.T.);
#7679=ORIENTED_EDGE('',*,*,#7657,.F.);
#7680=EDGE_LOOP('',(#7675,#7677,#7678,#7679));
#7681=FACE_OUTER_BOUND('',#7680,.F.);
#7683=FILL_AREA_STYLE_COLOUR('',#21);
#7684=FILL_AREA_STYLE('',(#7683));
#7685=SURFACE_STYLE_FILL_AREA(#7684);
#7686=SURFACE_SIDE_STYLE('',(#7685));
#7687=SURFACE_STYLE_USAGE(.BOTH.,#7686);
#7688=PRESENTATION_STYLE_ASSIGNMENT((#7687));
#7689=STYLED_ITEM('',(#7688),#7682);
#7690=CARTESIAN_POINT('',(-1.074817579440E1,-4.736506589392E0,0.E0));
#7691=DIRECTION('',(0.E0,0.E0,1.E0));
#7692=DIRECTION('',(4.287774651198E-1,9.034101424079E-1,0.E0));
#7693=AXIS2_PLACEMENT_3D('',#7690,#7691,#7692);
#7694=CYLINDRICAL_SURFACE('',#7693,9.525736650974E0);
#7695=ORIENTED_EDGE('',*,*,#4912,.T.);
#7696=ORIENTED_EDGE('',*,*,#5251,.T.);
#7697=ORIENTED_EDGE('',*,*,#7676,.F.);
#7698=ORIENTED_EDGE('',*,*,#4273,.F.);
#7699=EDGE_LOOP('',(#7695,#7696,#7697,#7698));
#7700=FACE_OUTER_BOUND('',#7699,.F.);
#7702=FILL_AREA_STYLE_COLOUR('',#21);
#7703=FILL_AREA_STYLE('',(#7702));
#7704=SURFACE_STYLE_FILL_AREA(#7703);
#7705=SURFACE_SIDE_STYLE('',(#7704));
#7706=SURFACE_STYLE_USAGE(.BOTH.,#7705);
#7707=PRESENTATION_STYLE_ASSIGNMENT((#7706));
#7708=STYLED_ITEM('',(#7707),#7701);
#7709=CARTESIAN_POINT('',(-1.270114921852E0,1.167666843171E1,0.E0));
#7710=DIRECTION('',(0.E0,0.E0,1.E0));
#7711=DIRECTION('',(5.681310392487E-1,8.229381035304E-1,0.E0));
#7712=AXIS2_PLACEMENT_3D('',#7709,#7710,#7711);
#7713=CYLINDRICAL_SURFACE('',#7712,9.525736650975E0);
#7714=ORIENTED_EDGE('',*,*,#4908,.F.);
#7715=ORIENTED_EDGE('',*,*,#4269,.F.);
#7717=ORIENTED_EDGE('',*,*,#7716,.T.);
#7718=ORIENTED_EDGE('',*,*,#5254,.T.);
#7719=EDGE_LOOP('',(#7714,#7715,#7717,#7718));
#7720=FACE_OUTER_BOUND('',#7719,.F.);
#7722=FILL_AREA_STYLE_COLOUR('',#21);
#7723=FILL_AREA_STYLE('',(#7722));
#7724=SURFACE_STYLE_FILL_AREA(#7723);
#7725=SURFACE_SIDE_STYLE('',(#7724));
#7726=SURFACE_STYLE_USAGE(.BOTH.,#7725);
#7727=PRESENTATION_STYLE_ASSIGNMENT((#7726));
#7728=STYLED_ITEM('',(#7727),#7721);
#7729=CARTESIAN_POINT('',(-8.254631808194E0,6.051138629312E0,0.E0));
#7730=DIRECTION('',(-8.229381035304E-1,5.681310392487E-1,0.E0));
#7731=DIRECTION('',(-5.681310392487E-1,-8.229381035304E-1,0.E0));
#7732=AXIS2_PLACEMENT_3D('',#7729,#7730,#7731);
#7733=PLANE('',#7732);
#7734=ORIENTED_EDGE('',*,*,#4267,.F.);
#7736=ORIENTED_EDGE('',*,*,#7735,.T.);
#7737=ORIENTED_EDGE('',*,*,#5256,.T.);
#7738=ORIENTED_EDGE('',*,*,#7716,.F.);
#7739=EDGE_LOOP('',(#7734,#7736,#7737,#7738));
#7740=FACE_OUTER_BOUND('',#7739,.F.);
#7742=FILL_AREA_STYLE_COLOUR('',#21);
#7743=FILL_AREA_STYLE('',(#7742));
#7744=SURFACE_STYLE_FILL_AREA(#7743);
#7745=SURFACE_SIDE_STYLE('',(#7744));
#7746=SURFACE_STYLE_USAGE(.BOTH.,#7745);
#7747=PRESENTATION_STYLE_ASSIGNMENT((#7746));
#7748=STYLED_ITEM('',(#7747),#7741);
#7749=CARTESIAN_POINT('',(-1.136873920898E1,-2.951194059501E0,0.E0));
#7750=DIRECTION('',(0.E0,0.E0,1.E0));
#7751=DIRECTION('',(5.681310392487E-1,8.229381035304E-1,0.E0));
#7752=AXIS2_PLACEMENT_3D('',#7749,#7750,#7751);
#7753=CYLINDRICAL_SURFACE('',#7752,9.525736650974E0);
#7754=ORIENTED_EDGE('',*,*,#4888,.T.);
#7755=ORIENTED_EDGE('',*,*,#5258,.T.);
#7756=ORIENTED_EDGE('',*,*,#7735,.F.);
#7757=ORIENTED_EDGE('',*,*,#4265,.F.);
#7758=EDGE_LOOP('',(#7754,#7755,#7756,#7757));
#7759=FACE_OUTER_BOUND('',#7758,.F.);
#7761=FILL_AREA_STYLE_COLOUR('',#21);
#7762=FILL_AREA_STYLE('',(#7761));
#7763=SURFACE_STYLE_FILL_AREA(#7762);
#7764=SURFACE_SIDE_STYLE('',(#7763));
#7765=SURFACE_STYLE_USAGE(.BOTH.,#7764);
#7766=PRESENTATION_STYLE_ASSIGNMENT((#7765));
#7767=STYLED_ITEM('',(#7766),#7760);
#7768=CARTESIAN_POINT('',(6.192446003783E-1,1.172920771850E1,0.E0));
#7769=DIRECTION('',(0.E0,0.E0,1.E0));
#7770=DIRECTION('',(6.927727648614E-1,7.211559444852E-1,0.E0));
#7771=AXIS2_PLACEMENT_3D('',#7768,#7769,#7770);
#7772=CYLINDRICAL_SURFACE('',#7771,9.525736650975E0);
#7773=ORIENTED_EDGE('',*,*,#4891,.F.);
#7774=ORIENTED_EDGE('',*,*,#4261,.F.);
#7776=ORIENTED_EDGE('',*,*,#7775,.T.);
#7777=ORIENTED_EDGE('',*,*,#5261,.T.);
#7778=EDGE_LOOP('',(#7773,#7774,#7776,#7777));
#7779=FACE_OUTER_BOUND('',#7778,.F.);
#7781=FILL_AREA_STYLE_COLOUR('',#21);
#7782=FILL_AREA_STYLE('',(#7781));
#7783=SURFACE_STYLE_FILL_AREA(#7782);
#7784=SURFACE_SIDE_STYLE('',(#7783));
#7785=SURFACE_STYLE_USAGE(.BOTH.,#7784);
#7786=PRESENTATION_STYLE_ASSIGNMENT((#7785));
#7787=STYLED_ITEM('',(#7786),#7780);
#7788=CARTESIAN_POINT('',(-7.177163560954E0,7.296817677543E0,0.E0));
#7789=DIRECTION('',(-7.211559444852E-1,6.927727648614E-1,0.E0));
#7790=DIRECTION('',(-6.927727648614E-1,-7.211559444852E-1,0.E0));
#7791=AXIS2_PLACEMENT_3D('',#7788,#7789,#7790);
#7792=PLANE('',#7791);
#7793=ORIENTED_EDGE('',*,*,#4259,.F.);
#7795=ORIENTED_EDGE('',*,*,#7794,.T.);
#7796=ORIENTED_EDGE('',*,*,#5263,.T.);
#7797=ORIENTED_EDGE('',*,*,#7775,.F.);
#7798=EDGE_LOOP('',(#7793,#7795,#7796,#7797));
#7799=FACE_OUTER_BOUND('',#7798,.F.);
#7801=FILL_AREA_STYLE_COLOUR('',#21);
#7802=FILL_AREA_STYLE('',(#7801));
#7803=SURFACE_STYLE_FILL_AREA(#7802);
#7804=SURFACE_SIDE_STYLE('',(#7803));
#7805=SURFACE_STYLE_USAGE(.BOTH.,#7804);
#7806=PRESENTATION_STYLE_ASSIGNMENT((#7805));
#7807=STYLED_ITEM('',(#7806),#7800);
#7808=CARTESIAN_POINT('',(-1.169490721562E1,-1.089459864633E0,0.E0));
#7809=DIRECTION('',(0.E0,0.E0,1.E0));
#7810=DIRECTION('',(6.927727648614E-1,7.211559444852E-1,0.E0));
#7811=AXIS2_PLACEMENT_3D('',#7808,#7809,#7810);
#7812=CYLINDRICAL_SURFACE('',#7811,9.525736650974E0);
#7813=ORIENTED_EDGE('',*,*,#4866,.T.);
#7814=ORIENTED_EDGE('',*,*,#5265,.T.);
#7815=ORIENTED_EDGE('',*,*,#7794,.F.);
#7816=ORIENTED_EDGE('',*,*,#4257,.F.);
#7817=EDGE_LOOP('',(#7813,#7814,#7815,#7816));
#7818=FACE_OUTER_BOUND('',#7817,.F.);
#7820=FILL_AREA_STYLE_COLOUR('',#21);
#7821=FILL_AREA_STYLE('',(#7820));
#7822=SURFACE_STYLE_FILL_AREA(#7821);
#7823=SURFACE_SIDE_STYLE('',(#7822));
#7824=SURFACE_STYLE_USAGE(.BOTH.,#7823);
#7825=PRESENTATION_STYLE_ASSIGNMENT((#7824));
#7826=STYLED_ITEM('',(#7825),#7819);
#7827=CARTESIAN_POINT('',(2.492568679857E0,1.147801720485E1,0.E0));
#7828=DIRECTION('',(0.E0,0.E0,1.E0));
#7829=DIRECTION('',(7.994750235752E-1,6.006993313459E-1,0.E0));
#7830=AXIS2_PLACEMENT_3D('',#7827,#7828,#7829);
#7831=CYLINDRICAL_SURFACE('',#7830,9.525736650975E0);
#7832=ORIENTED_EDGE('',*,*,#4869,.F.);
#7833=ORIENTED_EDGE('',*,*,#4253,.F.);
#7835=ORIENTED_EDGE('',*,*,#7834,.T.);
#7836=ORIENTED_EDGE('',*,*,#5268,.T.);
#7837=EDGE_LOOP('',(#7832,#7833,#7835,#7836));
#7838=FACE_OUTER_BOUND('',#7837,.F.);
#7840=FILL_AREA_STYLE_COLOUR('',#21);
#7841=FILL_AREA_STYLE('',(#7840));
#7842=SURFACE_STYLE_FILL_AREA(#7841);
#7843=SURFACE_SIDE_STYLE('',(#7842));
#7844=SURFACE_STYLE_USAGE(.BOTH.,#7843);
#7845=PRESENTATION_STYLE_ASSIGNMENT((#7844));
#7846=STYLED_ITEM('',(#7845),#7839);
#7847=CARTESIAN_POINT('',(-5.913841459954E0,8.353544408605E0,0.E0));
#7848=DIRECTION('',(-6.006993313459E-1,7.994750235752E-1,0.E0));
#7849=DIRECTION('',(-7.994750235752E-1,-6.006993313459E-1,0.E0));
#7850=AXIS2_PLACEMENT_3D('',#7847,#7848,#7849);
#7851=PLANE('',#7850);
#7852=ORIENTED_EDGE('',*,*,#4251,.F.);
#7854=ORIENTED_EDGE('',*,*,#7853,.T.);
#7855=ORIENTED_EDGE('',*,*,#5270,.T.);
#7856=ORIENTED_EDGE('',*,*,#7834,.F.);
#7857=EDGE_LOOP('',(#7852,#7854,#7855,#7856));
#7858=FACE_OUTER_BOUND('',#7857,.F.);
#7860=FILL_AREA_STYLE_COLOUR('',#21);
#7861=FILL_AREA_STYLE('',(#7860));
#7862=SURFACE_STYLE_FILL_AREA(#7861);
#7863=SURFACE_SIDE_STYLE('',(#7862));
#7864=SURFACE_STYLE_USAGE(.BOTH.,#7863);
#7865=PRESENTATION_STYLE_ASSIGNMENT((#7864));
#7866=STYLED_ITEM('',(#7865),#7859);
#7867=CARTESIAN_POINT('',(-1.171823363911E1,8.004860760936E-1,0.E0));
#7868=DIRECTION('',(0.E0,0.E0,1.E0));
#7869=DIRECTION('',(7.994750235752E-1,6.006993313459E-1,0.E0));
#7870=AXIS2_PLACEMENT_3D('',#7867,#7868,#7869);
#7871=CYLINDRICAL_SURFACE('',#7870,9.525736650974E0);
#7872=ORIENTED_EDGE('',*,*,#4844,.T.);
#7873=ORIENTED_EDGE('',*,*,#5272,.T.);
#7874=ORIENTED_EDGE('',*,*,#7853,.F.);
#7875=ORIENTED_EDGE('',*,*,#4249,.F.);
#7876=EDGE_LOOP('',(#7872,#7873,#7874,#7875));
#7877=FACE_OUTER_BOUND('',#7876,.F.);
#7879=FILL_AREA_STYLE_COLOUR('',#21);
#7880=FILL_AREA_STYLE('',(#7879));
#7881=SURFACE_STYLE_FILL_AREA(#7880);
#7882=SURFACE_SIDE_STYLE('',(#7881));
#7883=SURFACE_STYLE_USAGE(.BOTH.,#7882);
#7884=PRESENTATION_STYLE_ASSIGNMENT((#7883));
#7885=STYLED_ITEM('',(#7884),#7878);
#7886=CARTESIAN_POINT('',(4.301347275459E0,1.092960151125E1,0.E0));
#7887=DIRECTION('',(0.E0,0.E0,1.E0));
#7888=DIRECTION('',(8.854747425107E-1,4.646875083060E-1,0.E0));
#7889=AXIS2_PLACEMENT_3D('',#7886,#7887,#7888);
#7890=CYLINDRICAL_SURFACE('',#7889,9.525736650975E0);
#7891=ORIENTED_EDGE('',*,*,#4847,.F.);
#7892=ORIENTED_EDGE('',*,*,#4245,.F.);
#7894=ORIENTED_EDGE('',*,*,#7893,.T.);
#7895=ORIENTED_EDGE('',*,*,#5275,.T.);
#7896=EDGE_LOOP('',(#7891,#7892,#7894,#7895));
#7897=FACE_OUTER_BOUND('',#7896,.F.);
#7899=FILL_AREA_STYLE_COLOUR('',#21);
#7900=FILL_AREA_STYLE('',(#7899));
#7901=SURFACE_STYLE_FILL_AREA(#7900);
#7902=SURFACE_SIDE_STYLE('',(#7901));
#7903=SURFACE_STYLE_USAGE(.BOTH.,#7902);
#7904=PRESENTATION_STYLE_ASSIGNMENT((#7903));
#7905=STYLED_ITEM('',(#7904),#7898);
#7906=CARTESIAN_POINT('',(-4.497379442812E0,9.193954706619E0,0.E0));
#7907=DIRECTION('',(-4.646875083060E-1,8.854747425107E-1,0.E0));
#7908=DIRECTION('',(-8.854747425107E-1,-4.646875083060E-1,0.E0));
#7909=AXIS2_PLACEMENT_3D('',#7906,#7907,#7908);
#7910=PLANE('',#7909);
#7911=ORIENTED_EDGE('',*,*,#4243,.F.);
#7913=ORIENTED_EDGE('',*,*,#7912,.T.);
#7914=ORIENTED_EDGE('',*,*,#5277,.T.);
#7915=ORIENTED_EDGE('',*,*,#7893,.F.);
#7916=EDGE_LOOP('',(#7911,#7913,#7914,#7915));
#7917=FACE_OUTER_BOUND('',#7916,.F.);
#7919=FILL_AREA_STYLE_COLOUR('',#21);
#7920=FILL_AREA_STYLE('',(#7919));
#7921=SURFACE_STYLE_FILL_AREA(#7920);
#7922=SURFACE_SIDE_STYLE('',(#7921));
#7923=SURFACE_STYLE_USAGE(.BOTH.,#7922);
#7924=PRESENTATION_STYLE_ASSIGNMENT((#7923));
#7925=STYLED_ITEM('',(#7924),#7918);
#7926=CARTESIAN_POINT('',(-1.143811443778E1,2.669703295667E0,0.E0));
#7927=DIRECTION('',(0.E0,0.E0,1.E0));
#7928=DIRECTION('',(8.854747425107E-1,4.646875083060E-1,0.E0));
#7929=AXIS2_PLACEMENT_3D('',#7926,#7927,#7928);
#7930=CYLINDRICAL_SURFACE('',#7929,9.525736650974E0);
#7931=ORIENTED_EDGE('',*,*,#4822,.T.);
#7932=ORIENTED_EDGE('',*,*,#5279,.T.);
#7933=ORIENTED_EDGE('',*,*,#7912,.F.);
#7934=ORIENTED_EDGE('',*,*,#4241,.F.);
#7935=EDGE_LOOP('',(#7931,#7932,#7933,#7934));
#7936=FACE_OUTER_BOUND('',#7935,.F.);
#7938=FILL_AREA_STYLE_COLOUR('',#21);
#7939=FILL_AREA_STYLE('',(#7938));
#7940=SURFACE_STYLE_FILL_AREA(#7939);
#7941=SURFACE_SIDE_STYLE('',(#7940));
#7942=SURFACE_STYLE_USAGE(.BOTH.,#7941);
#7943=PRESENTATION_STYLE_ASSIGNMENT((#7942));
#7944=STYLED_ITEM('',(#7943),#7937);
#7945=CARTESIAN_POINT('',(5.998741762182E0,1.009816195401E1,0.E0));
#7946=DIRECTION('',(0.E0,0.E0,1.E0));
#7947=DIRECTION('',(9.485449445269E-1,3.166425243273E-1,0.E0));
#7948=AXIS2_PLACEMENT_3D('',#7945,#7946,#7947);
#7949=CYLINDRICAL_SURFACE('',#7948,9.525736650975E0);
#7950=ORIENTED_EDGE('',*,*,#4825,.F.);
#7951=ORIENTED_EDGE('',*,*,#4237,.F.);
#7953=ORIENTED_EDGE('',*,*,#7952,.T.);
#7954=ORIENTED_EDGE('',*,*,#5282,.T.);
#7955=EDGE_LOOP('',(#7950,#7951,#7953,#7954));
#7956=FACE_OUTER_BOUND('',#7955,.F.);
#7958=FILL_AREA_STYLE_COLOUR('',#21);
#7959=FILL_AREA_STYLE('',(#7958));
#7960=SURFACE_STYLE_FILL_AREA(#7959);
#7961=SURFACE_SIDE_STYLE('',(#7960));
#7962=SURFACE_STYLE_USAGE(.BOTH.,#7961);
#7963=PRESENTATION_STYLE_ASSIGNMENT((#7962));
#7964=STYLED_ITEM('',(#7963),#7957);
#7965=CARTESIAN_POINT('',(-2.964457030952E0,9.796286006015E0,0.E0));
#7966=DIRECTION('',(-3.166425243273E-1,9.485449445269E-1,0.E0));
#7967=DIRECTION('',(-9.485449445269E-1,-3.166425243273E-1,0.E0));
#7968=AXIS2_PLACEMENT_3D('',#7965,#7966,#7967);
#7969=PLANE('',#7968);
#7970=ORIENTED_EDGE('',*,*,#4235,.F.);
#7972=ORIENTED_EDGE('',*,*,#7971,.T.);
#7973=ORIENTED_EDGE('',*,*,#5284,.T.);
#7974=ORIENTED_EDGE('',*,*,#7952,.F.);
#7975=EDGE_LOOP('',(#7970,#7972,#7973,#7974));
#7976=FACE_OUTER_BOUND('',#7975,.F.);
#7978=FILL_AREA_STYLE_COLOUR('',#21);
#7979=FILL_AREA_STYLE('',(#7978));
#7980=SURFACE_STYLE_FILL_AREA(#7979);
#7981=SURFACE_SIDE_STYLE('',(#7980));
#7982=SURFACE_STYLE_USAGE(.BOTH.,#7981);
#7983=PRESENTATION_STYLE_ASSIGNMENT((#7982));
#7984=STYLED_ITEM('',(#7983),#7977);
#7985=CARTESIAN_POINT('',(-1.086180334534E1,4.469788100787E0,0.E0));
#7986=DIRECTION('',(0.E0,0.E0,1.E0));
#7987=DIRECTION('',(9.485449445269E-1,3.166425243273E-1,0.E0));
#7988=AXIS2_PLACEMENT_3D('',#7985,#7986,#7987);
#7989=CYLINDRICAL_SURFACE('',#7988,9.525736650974E0);
#7990=ORIENTED_EDGE('',*,*,#4800,.T.);
#7991=ORIENTED_EDGE('',*,*,#5286,.T.);
#7992=ORIENTED_EDGE('',*,*,#7971,.F.);
#7993=ORIENTED_EDGE('',*,*,#4233,.F.);
#7994=EDGE_LOOP('',(#7990,#7991,#7992,#7993));
#7995=FACE_OUTER_BOUND('',#7994,.F.);
#7997=FILL_AREA_STYLE_COLOUR('',#21);
#7998=FILL_AREA_STYLE('',(#7997));
#7999=SURFACE_STYLE_FILL_AREA(#7998);
#8000=SURFACE_SIDE_STYLE('',(#7999));
#8001=SURFACE_STYLE_USAGE(.BOTH.,#8000);
#8002=PRESENTATION_STYLE_ASSIGNMENT((#8001));
#8003=STYLED_ITEM('',(#8002),#7996);
#8004=CARTESIAN_POINT('',(0.E0,0.E0,5.E0));
#8005=DIRECTION('',(0.E0,0.E0,1.E0));
#8006=DIRECTION('',(1.E0,0.E0,0.E0));
#8007=AXIS2_PLACEMENT_3D('',#8004,#8005,#8006);
#8008=CYLINDRICAL_SURFACE('',#8007,4.E0);
#8009=ORIENTED_EDGE('',*,*,#4537,.T.);
#8011=ORIENTED_EDGE('',*,*,#8010,.F.);
#8012=ORIENTED_EDGE('',*,*,#5290,.F.);
#8014=ORIENTED_EDGE('',*,*,#8013,.T.);
#8015=EDGE_LOOP('',(#8009,#8011,#8012,#8014));
#8016=FACE_OUTER_BOUND('',#8015,.F.);
#8018=FILL_AREA_STYLE_COLOUR('',#21);
#8019=FILL_AREA_STYLE('',(#8018));
#8020=SURFACE_STYLE_FILL_AREA(#8019);
#8021=SURFACE_SIDE_STYLE('',(#8020));
#8022=SURFACE_STYLE_USAGE(.BOTH.,#8021);
#8023=PRESENTATION_STYLE_ASSIGNMENT((#8022));
#8024=STYLED_ITEM('',(#8023),#8017);
#8025=CARTESIAN_POINT('',(0.E0,0.E0,5.E0));
#8026=DIRECTION('',(0.E0,0.E0,1.E0));
#8027=DIRECTION('',(1.E0,0.E0,0.E0));
#8028=AXIS2_PLACEMENT_3D('',#8025,#8026,#8027);
#8029=CYLINDRICAL_SURFACE('',#8028,4.E0);
#8030=ORIENTED_EDGE('',*,*,#4539,.T.);
#8031=ORIENTED_EDGE('',*,*,#8013,.F.);
#8032=ORIENTED_EDGE('',*,*,#5292,.F.);
#8033=ORIENTED_EDGE('',*,*,#8010,.T.);
#8034=EDGE_LOOP('',(#8030,#8031,#8032,#8033));
#8035=FACE_OUTER_BOUND('',#8034,.F.);
#8037=FILL_AREA_STYLE_COLOUR('',#21);
#8038=FILL_AREA_STYLE('',(#8037));
#8039=SURFACE_STYLE_FILL_AREA(#8038);
#8040=SURFACE_SIDE_STYLE('',(#8039));
#8041=SURFACE_STYLE_USAGE(.BOTH.,#8040);
#8042=PRESENTATION_STYLE_ASSIGNMENT((#8041));
#8043=STYLED_ITEM('',(#8042),#8036);
#8044=CLOSED_SHELL('',(#4543,#4565,#4587,#4609,#4631,#4653,#4675,#4697,#4719,
#4741,#4763,#4785,#4807,#4829,#4851,#4873,#4895,#4917,#4939,#4961,#4983,#5296,
#5316,#5336,#5355,#5375,#5395,#5414,#5434,#5454,#5473,#5493,#5513,#5532,#5552,
#5572,#5591,#5611,#5631,#5650,#5670,#5690,#5709,#5729,#5749,#5768,#5788,#5808,
#5827,#5847,#5867,#5886,#5906,#5926,#5945,#5965,#5985,#6005,#6026,#6047,#6068,
#6089,#6110,#6131,#6152,#6173,#6194,#6215,#6236,#6257,#6278,#6299,#6320,#6341,
#6362,#6383,#6403,#6423,#6443,#6462,#6482,#6502,#6521,#6541,#6561,#6580,#6600,
#6620,#6639,#6659,#6679,#6698,#6718,#6738,#6757,#6777,#6797,#6816,#6836,#6856,
#6875,#6895,#6915,#6934,#6954,#6974,#6993,#7013,#7033,#7052,#7072,#7092,#7111,
#7131,#7151,#7170,#7190,#7210,#7229,#7249,#7269,#7288,#7308,#7328,#7347,#7367,
#7387,#7406,#7426,#7446,#7465,#7485,#7505,#7524,#7544,#7564,#7583,#7603,#7623,
#7642,#7662,#7682,#7701,#7721,#7741,#7760,#7780,#7800,#7819,#7839,#7859,#7878,
#7898,#7918,#7937,#7957,#7977,#7996,#8017,#8036));
#8045=MANIFOLD_SOLID_BREP('',#8044);
#8046=FILL_AREA_STYLE_COLOUR('',#21);
#8047=FILL_AREA_STYLE('',(#8046));
#8048=SURFACE_STYLE_FILL_AREA(#8047);
#8049=SURFACE_SIDE_STYLE('',(#8048));
#8050=SURFACE_STYLE_USAGE(.BOTH.,#8049);
#8051=PRESENTATION_STYLE_ASSIGNMENT((#8050));
#28=STYLED_ITEM('',(#8051),#8045);
#8054=PLANE_ANGLE_MEASURE_WITH_UNIT(PLANE_ANGLE_MEASURE(1.745329251994E-2),
#8053);
#8055=(CONVERSION_BASED_UNIT('DEGREE',#8054)NAMED_UNIT(*)PLANE_ANGLE_UNIT());
#8057=UNCERTAINTY_MEASURE_WITH_UNIT(LENGTH_MEASURE(2.938699479019E-3),#8052,
'distance_accuracy_value',
'Maximum model space distance between geometric entities at asserted connectivities');
#8059=CARTESIAN_POINT('',(0.E0,0.E0,0.E0));
#8060=DIRECTION('',(0.E0,0.E0,1.E0));
#8061=DIRECTION('',(1.E0,0.E0,0.E0));
#8064=MECHANICAL_DESIGN_GEOMETRIC_PRESENTATION_REPRESENTATION('',(#37,#45,#52,
#60,#68,#76,#83,#91,#99,#107,#114,#122,#130,#138,#145,#153,#161,#169,#176,#184,
#192,#200,#207,#215,#223,#231,#238,#246,#254,#262,#269,#277,#285,#293,#300,#308,
#316,#324,#331,#339,#347,#355,#362,#370,#378,#386,#393,#401,#409,#417,#424,#432,
#440,#448,#455,#463,#471,#479,#486,#494,#502,#510,#517,#525,#533,#541,#548,#556,
#564,#572,#579,#587,#595,#603,#610,#618,#626,#634,#641,#649,#657,#665,#672,#680,
#688,#696,#703,#711,#719,#727,#734,#742,#750,#758,#765,#773,#781,#789,#796,#804,
#812,#820,#827,#835,#843,#851,#858,#866,#874,#882,#889,#897,#905,#913,#920,#928,
#936,#944,#951,#959,#967,#975,#982,#990,#998,#1006,#1013,#1021,#1029,#1037,
#1044,#1052,#1060,#1068,#1075,#1083,#1091,#1099,#1106,#1114,#1122,#1130,#1137,
#1145,#1153,#1161,#1168,#1176,#1184,#1192,#1199,#1207,#1215,#1223,#1230,#1238,
#1246,#1254,#1262,#1270,#1277,#1285,#1293,#1301,#1308,#1316,#1324,#1332,#1339,
#1347,#1355,#1363,#1370,#1378,#1386,#1394,#1401,#1409,#1417,#1425,#1432,#1440,
#1448,#1456,#1463,#1471,#1479,#1487,#1494,#1502,#1510,#1518,#1525,#1533,#1541,
#1549,#1556,#1564,#1572,#1580,#1587,#1595,#1603,#1611,#1618,#1626,#1634,#1642,
#1649,#1657,#1665,#1673,#1680,#1688,#1696,#1704,#1711,#1719,#1727,#1735,#1742,
#1750,#1758,#1766,#1773,#1781,#1789,#1797,#1804,#1812,#1820,#1828,#1835,#1843,
#1851,#1859,#1866,#1874,#1882,#1890,#1897,#1905,#1913,#1921,#1928,#1936,#1944,
#1952,#1959,#1967,#1975,#1983,#1990,#1998,#2006,#2014,#2021,#2029,#2037,#2045,
#2052,#2060,#2068,#2076,#2083,#2091,#2099,#2107,#2114,#2122,#2130,#2138,#2145,
#2153,#2161,#2169,#2176,#2184,#2192,#2200,#2207,#2215,#2223,#2231,#2238,#2246,
#2254,#2262,#2269,#2277,#2285,#2293,#2300,#2308,#2316,#2324,#2331,#2339,#2347,
#2355,#2362,#2370,#2378,#2386,#2393,#2401,#2409,#2417,#2424,#2432,#2440,#2448,
#2455,#2463,#2471,#2479,#2486,#2493,#2500,#2507,#2514,#2521,#2528,#2535,#2542,
#2549,#2556,#2563,#2570,#2577,#2584,#2591,#2598,#2605,#2612,#2619,#2626,#2633,
#2640,#2647,#2654,#2661,#2668,#2675,#2682,#2689,#2696,#2703,#2710,#2717,#2724,
#2731,#2738,#2745,#2752,#2759,#2766,#2773,#2780,#2787,#2794,#2801,#2808,#2815,
#2822,#2829,#2836,#2843,#2850,#2857,#2864,#2871,#2878,#2885,#2892,#2899,#2906,
#2913,#2920,#2927,#2934,#2941,#2948,#2955,#2962,#2969,#2976,#2983,#2990,#2997,
#3004,#3011,#3018,#3025,#3032,#3039,#3046,#3053,#3060,#3067,#3074,#3081,#3088,
#3095,#3102,#3109,#3116,#3123,#3130,#3137,#3144,#3151,#3158,#3165,#3172,#3179,
#3186,#3193,#3200,#3207,#3214,#3221,#3228,#3235,#3242,#3249,#3256,#3263,#3270,
#3277,#3284,#3291,#3298,#3305,#3312,#3319,#3326,#3333,#3340,#3347,#3354,#3361,
#3368,#3375,#3382,#3389,#3396,#3403,#3410,#3417,#3424,#3431,#3438,#3445,#3452,
#3459,#3466,#3473,#3480,#3487,#3494,#3501,#3508,#3515,#3522,#3529,#3536,#3543,
#3550,#3557,#3564,#3571,#3578,#3585,#4550,#4572,#4594,#4616,#4638,#4660,#4682,
#4704,#4726,#4748,#4770,#4792,#4814,#4836,#4858,#4880,#4902,#4924,#4946,#4968,
#4990,#5303,#5323,#5343,#5362,#5382,#5402,#5421,#5441,#5461,#5480,#5500,#5520,
#5539,#5559,#5579,#5598,#5618,#5638,#5657,#5677,#5697,#5716,#5736,#5756,#5775,
#5795,#5815,#5834,#5854,#5874,#5893,#5913,#5933,#5952,#5972,#5992,#6012,#6033,
#6054,#6075,#6096,#6117,#6138,#6159,#6180,#6201,#6222,#6243,#6264,#6285,#6306,
#6327,#6348,#6369,#6390,#6410,#6430,#6450,#6469,#6489,#6509,#6528,#6548,#6568,
#6587,#6607,#6627,#6646,#6666,#6686,#6705,#6725,#6745,#6764,#6784,#6804,#6823,
#6843,#6863,#6882,#6902,#6922,#6941,#6961,#6981,#7000,#7020,#7040,#7059,#7079,
#7099,#7118,#7138,#7158,#7177,#7197,#7217,#7236,#7256,#7276,#7295,#7315,#7335,
#7354,#7374,#7394,#7413,#7433,#7453,#7472,#7492,#7512,#7531,#7551,#7571,#7590,
#7610,#7630,#7649,#7669,#7689,#7708,#7728,#7748,#7767,#7787,#7807,#7826,#7846,
#7866,#7885,#7905,#7925,#7944,#7964,#7984,#8003,#8024,#8043,#28),#8058);
#8065=APPLICATION_CONTEXT('automotive_design');
#8066=APPLICATION_PROTOCOL_DEFINITION('international standard',
'automotive_design',2001,#8065);
#8067=PRODUCT_DEFINITION_CONTEXT('part definition',#8065,'design');
#8068=PRODUCT_CONTEXT('',#8065,'mechanical');
#8069=PRODUCT('CAMGEAR','CAMGEAR','NOT SPECIFIED',(#8068));
#8070=PRODUCT_DEFINITION_FORMATION('3','LAST_VERSION',#8069);
#8078=DERIVED_UNIT_ELEMENT(#8077,2.E0);
#8079=DERIVED_UNIT((#8078));
#8080=MEASURE_REPRESENTATION_ITEM('surface area measure',AREA_MEASURE(
1.214589066207E3),#8079);
#8085=DERIVED_UNIT_ELEMENT(#8084,3.E0);
#8086=DERIVED_UNIT((#8085));
#8087=MEASURE_REPRESENTATION_ITEM('volume measure',VOLUME_MEASURE(
1.254360871556E3),#8086);
#8091=CARTESIAN_POINT('centre point',(-7.697729059226E-6,-8.191704603067E-4,
2.5E0));
#8096=DERIVED_UNIT_ELEMENT(#8095,2.E0);
#8097=DERIVED_UNIT((#8096));
#8098=MEASURE_REPRESENTATION_ITEM('surface area measure',AREA_MEASURE(
1.214589066207E3),#8097);
#8103=DERIVED_UNIT_ELEMENT(#8102,3.E0);
#8104=DERIVED_UNIT((#8103));
#8105=MEASURE_REPRESENTATION_ITEM('volume measure',VOLUME_MEASURE(
1.254360871556E3),#8104);
#8109=CARTESIAN_POINT('centre point',(-7.697729059226E-6,-8.191704603067E-4,
2.5E0));
#1=DRAUGHTING_PRE_DEFINED_COLOUR('green');
#2=DRAUGHTING_PRE_DEFINED_COLOUR('green');
#3=DRAUGHTING_PRE_DEFINED_COLOUR('green');
#4=COLOUR_RGB('',1.1E-2,1.2E-2,1.E0);
#5=COLOUR_RGB('',1.1E-2,1.2E-2,1.E0);
#6=COLOUR_RGB('',4.1E-1,2.61589E-1,1.12848E-1);
#7=COLOUR_RGB('',5.04854E-1,1.5455E-2,1.5455E-2);
#8=COLOUR_RGB('',6.35294E-1,6.86275E-1,7.4902E-1);
#9=COLOUR_RGB('',6.40777E-1,6.40777E-1,6.40777E-1);
#10=COLOUR_RGB('',6.66667E-1,6.66667E-1,6.66667E-1);
#11=COLOUR_RGB('',6.69062E-1,6.69903E-1,6.55217E-1);
#12=COLOUR_RGB('',7.45098E-1,3.92157E-1,2.94118E-1);
#13=COLOUR_RGB('',8.03922E-1,5.88235E-1,1.96078E-1);
#14=COLOUR_RGB('',9.21569E-1,7.05882E-1,4.70588E-1);
#15=DRAUGHTING_PRE_DEFINED_COLOUR('red');
#16=DRAUGHTING_PRE_DEFINED_COLOUR('red');
#17=DRAUGHTING_PRE_DEFINED_COLOUR('red');
#18=DRAUGHTING_PRE_DEFINED_COLOUR('red');
#19=DRAUGHTING_PRE_DEFINED_COLOUR('red');
#20=DRAUGHTING_PRE_DEFINED_COLOUR('red');
#21=DRAUGHTING_PRE_DEFINED_COLOUR('red');
#22=DRAUGHTING_PRE_DEFINED_COLOUR('yellow');
#23=DRAUGHTING_PRE_DEFINED_COLOUR('yellow');
#24=COLOUR_RGB('',1.E0,1.E0,5.3E-1);
#25=COLOUR_RGB('',1.E0,1.E0,9.49E-1);
#26=COLOUR_RGB('',1.E0,1.E0,9.49E-1);
#27=DRAUGHTING_PRE_DEFINED_COLOUR('white');
#33=CIRCLE('',#32,9.3E0);
#42=CIRCLE('',#41,9.525736650974E0);
#57=CIRCLE('',#56,9.525736650975E0);
#65=CIRCLE('',#64,9.3E0);
#73=CIRCLE('',#72,9.525736650974E0);
#88=CIRCLE('',#87,9.525736650975E0);
#96=CIRCLE('',#95,9.3E0);
#104=CIRCLE('',#103,9.525736650974E0);
#119=CIRCLE('',#118,9.525736650975E0);
#127=CIRCLE('',#126,9.3E0);
#135=CIRCLE('',#134,9.525736650974E0);
#150=CIRCLE('',#149,9.525736650975E0);
#158=CIRCLE('',#157,9.3E0);
#166=CIRCLE('',#165,9.525736650974E0);
#181=CIRCLE('',#180,9.525736650975E0);
#189=CIRCLE('',#188,9.3E0);
#197=CIRCLE('',#196,9.525736650974E0);
#212=CIRCLE('',#211,9.525736650975E0);
#220=CIRCLE('',#219,9.3E0);
#228=CIRCLE('',#227,9.525736650974E0);
#243=CIRCLE('',#242,9.525736650975E0);
#251=CIRCLE('',#250,9.3E0);
#259=CIRCLE('',#258,9.525736650974E0);
#274=CIRCLE('',#273,9.525736650975E0);
#282=CIRCLE('',#281,9.3E0);
#290=CIRCLE('',#289,9.525736650974E0);
#305=CIRCLE('',#304,9.525736650975E0);
#313=CIRCLE('',#312,9.3E0);
#321=CIRCLE('',#320,9.525736650974E0);
#336=CIRCLE('',#335,9.525736650975E0);
#344=CIRCLE('',#343,9.3E0);
#352=CIRCLE('',#351,9.525736650974E0);
#367=CIRCLE('',#366,9.525736650975E0);
#375=CIRCLE('',#374,9.3E0);
#383=CIRCLE('',#382,9.525736650974E0);
#398=CIRCLE('',#397,9.525736650975E0);
#406=CIRCLE('',#405,9.3E0);
#414=CIRCLE('',#413,9.525736650974E0);
#429=CIRCLE('',#428,9.525736650975E0);
#437=CIRCLE('',#436,9.3E0);
#445=CIRCLE('',#444,9.525736650974E0);
#460=CIRCLE('',#459,9.525736650975E0);
#468=CIRCLE('',#467,9.3E0);
#476=CIRCLE('',#475,9.525736650974E0);
#491=CIRCLE('',#490,9.525736650975E0);
#499=CIRCLE('',#498,9.3E0);
#507=CIRCLE('',#506,9.525736650974E0);
#522=CIRCLE('',#521,9.525736650975E0);
#530=CIRCLE('',#529,9.3E0);
#538=CIRCLE('',#537,9.525736650974E0);
#553=CIRCLE('',#552,9.525736650975E0);
#561=CIRCLE('',#560,9.3E0);
#569=CIRCLE('',#568,9.525736650974E0);
#584=CIRCLE('',#583,9.525736650975E0);
#592=CIRCLE('',#591,9.3E0);
#600=CIRCLE('',#599,9.525736650974E0);
#615=CIRCLE('',#614,9.525736650975E0);
#623=CIRCLE('',#622,9.3E0);
#631=CIRCLE('',#630,9.525736650974E0);
#646=CIRCLE('',#645,9.525736650975E0);
#654=CIRCLE('',#653,9.3E0);
#662=CIRCLE('',#661,9.525736650974E0);
#677=CIRCLE('',#676,9.525736650975E0);
#685=CIRCLE('',#684,9.3E0);
#693=CIRCLE('',#692,9.525736650974E0);
#708=CIRCLE('',#707,9.525736650975E0);
#716=CIRCLE('',#715,9.3E0);
#724=CIRCLE('',#723,9.525736650974E0);
#739=CIRCLE('',#738,9.525736650975E0);
#747=CIRCLE('',#746,9.3E0);
#755=CIRCLE('',#754,9.525736650974E0);
#770=CIRCLE('',#769,9.525736650975E0);
#778=CIRCLE('',#777,9.3E0);
#786=CIRCLE('',#785,9.525736650974E0);
#801=CIRCLE('',#800,9.525736650975E0);
#809=CIRCLE('',#808,9.3E0);
#817=CIRCLE('',#816,9.525736650974E0);
#832=CIRCLE('',#831,9.525736650975E0);
#840=CIRCLE('',#839,9.3E0);
#848=CIRCLE('',#847,9.525736650974E0);
#863=CIRCLE('',#862,9.525736650975E0);
#871=CIRCLE('',#870,9.3E0);
#879=CIRCLE('',#878,9.525736650974E0);
#894=CIRCLE('',#893,9.525736650975E0);
#902=CIRCLE('',#901,9.3E0);
#910=CIRCLE('',#909,9.525736650974E0);
#925=CIRCLE('',#924,9.525736650975E0);
#933=CIRCLE('',#932,9.3E0);
#941=CIRCLE('',#940,9.525736650974E0);
#956=CIRCLE('',#955,9.525736650975E0);
#964=CIRCLE('',#963,9.3E0);
#972=CIRCLE('',#971,9.525736650974E0);
#987=CIRCLE('',#986,9.525736650975E0);
#995=CIRCLE('',#994,9.3E0);
#1003=CIRCLE('',#1002,9.525736650974E0);
#1018=CIRCLE('',#1017,9.525736650975E0);
#1026=CIRCLE('',#1025,9.3E0);
#1034=CIRCLE('',#1033,9.525736650974E0);
#1049=CIRCLE('',#1048,9.525736650975E0);
#1057=CIRCLE('',#1056,9.3E0);
#1065=CIRCLE('',#1064,9.525736650974E0);
#1080=CIRCLE('',#1079,9.525736650975E0);
#1088=CIRCLE('',#1087,9.3E0);
#1096=CIRCLE('',#1095,9.525736650974E0);
#1111=CIRCLE('',#1110,9.525736650975E0);
#1119=CIRCLE('',#1118,9.3E0);
#1127=CIRCLE('',#1126,9.525736650974E0);
#1142=CIRCLE('',#1141,9.525736650975E0);
#1150=CIRCLE('',#1149,9.3E0);
#1158=CIRCLE('',#1157,9.525736650974E0);
#1173=CIRCLE('',#1172,9.525736650975E0);
#1181=CIRCLE('',#1180,9.3E0);
#1189=CIRCLE('',#1188,9.525736650974E0);
#1204=CIRCLE('',#1203,9.525736650975E0);
#1212=CIRCLE('',#1211,9.3E0);
#1220=CIRCLE('',#1219,9.525736650974E0);
#1235=CIRCLE('',#1234,9.525736650975E0);
#1243=CIRCLE('',#1242,4.E0);
#1251=CIRCLE('',#1250,4.E0);
#1259=CIRCLE('',#1258,9.3E0);
#1267=CIRCLE('',#1266,9.525736650975E0);
#1282=CIRCLE('',#1281,9.525736650974E0);
#1290=CIRCLE('',#1289,9.3E0);
#1298=CIRCLE('',#1297,9.525736650975E0);
#1313=CIRCLE('',#1312,9.525736650974E0);
#1321=CIRCLE('',#1320,9.3E0);
#1329=CIRCLE('',#1328,9.525736650975E0);
#1344=CIRCLE('',#1343,9.525736650974E0);
#1352=CIRCLE('',#1351,9.3E0);
#1360=CIRCLE('',#1359,9.525736650975E0);
#1375=CIRCLE('',#1374,9.525736650974E0);
#1383=CIRCLE('',#1382,9.3E0);
#1391=CIRCLE('',#1390,9.525736650975E0);
#1406=CIRCLE('',#1405,9.525736650974E0);
#1414=CIRCLE('',#1413,9.3E0);
#1422=CIRCLE('',#1421,9.525736650975E0);
#1437=CIRCLE('',#1436,9.525736650974E0);
#1445=CIRCLE('',#1444,9.3E0);
#1453=CIRCLE('',#1452,9.525736650975E0);
#1468=CIRCLE('',#1467,9.525736650974E0);
#1476=CIRCLE('',#1475,9.3E0);
#1484=CIRCLE('',#1483,9.525736650975E0);
#1499=CIRCLE('',#1498,9.525736650974E0);
#1507=CIRCLE('',#1506,9.3E0);
#1515=CIRCLE('',#1514,9.525736650975E0);
#1530=CIRCLE('',#1529,9.525736650974E0);
#1538=CIRCLE('',#1537,9.3E0);
#1546=CIRCLE('',#1545,9.525736650975E0);
#1561=CIRCLE('',#1560,9.525736650974E0);
#1569=CIRCLE('',#1568,9.3E0);
#1577=CIRCLE('',#1576,9.525736650975E0);
#1592=CIRCLE('',#1591,9.525736650974E0);
#1600=CIRCLE('',#1599,9.3E0);
#1608=CIRCLE('',#1607,9.525736650975E0);
#1623=CIRCLE('',#1622,9.525736650974E0);
#1631=CIRCLE('',#1630,9.3E0);
#1639=CIRCLE('',#1638,9.525736650975E0);
#1654=CIRCLE('',#1653,9.525736650974E0);
#1662=CIRCLE('',#1661,9.3E0);
#1670=CIRCLE('',#1669,9.525736650975E0);
#1685=CIRCLE('',#1684,9.525736650974E0);
#1693=CIRCLE('',#1692,9.3E0);
#1701=CIRCLE('',#1700,9.525736650975E0);
#1716=CIRCLE('',#1715,9.525736650974E0);
#1724=CIRCLE('',#1723,9.3E0);
#1732=CIRCLE('',#1731,9.525736650975E0);
#1747=CIRCLE('',#1746,9.525736650974E0);
#1755=CIRCLE('',#1754,9.3E0);
#1763=CIRCLE('',#1762,9.525736650975E0);
#1778=CIRCLE('',#1777,9.525736650974E0);
#1786=CIRCLE('',#1785,9.3E0);
#1794=CIRCLE('',#1793,9.525736650975E0);
#1809=CIRCLE('',#1808,9.525736650974E0);
#1817=CIRCLE('',#1816,9.3E0);
#1825=CIRCLE('',#1824,9.525736650975E0);
#1840=CIRCLE('',#1839,9.525736650974E0);
#1848=CIRCLE('',#1847,9.3E0);
#1856=CIRCLE('',#1855,9.525736650975E0);
#1871=CIRCLE('',#1870,9.525736650974E0);
#1879=CIRCLE('',#1878,9.3E0);
#1887=CIRCLE('',#1886,9.525736650975E0);
#1902=CIRCLE('',#1901,9.525736650974E0);
#1910=CIRCLE('',#1909,9.3E0);
#1918=CIRCLE('',#1917,9.525736650975E0);
#1933=CIRCLE('',#1932,9.525736650974E0);
#1941=CIRCLE('',#1940,9.3E0);
#1949=CIRCLE('',#1948,9.525736650975E0);
#1964=CIRCLE('',#1963,9.525736650974E0);
#1972=CIRCLE('',#1971,9.3E0);
#1980=CIRCLE('',#1979,9.525736650975E0);
#1995=CIRCLE('',#1994,9.525736650974E0);
#2003=CIRCLE('',#2002,9.3E0);
#2011=CIRCLE('',#2010,9.525736650975E0);
#2026=CIRCLE('',#2025,9.525736650974E0);
#2034=CIRCLE('',#2033,9.3E0);
#2042=CIRCLE('',#2041,9.525736650975E0);
#2057=CIRCLE('',#2056,9.525736650974E0);
#2065=CIRCLE('',#2064,9.3E0);
#2073=CIRCLE('',#2072,9.525736650975E0);
#2088=CIRCLE('',#2087,9.525736650974E0);
#2096=CIRCLE('',#2095,9.3E0);
#2104=CIRCLE('',#2103,9.525736650975E0);
#2119=CIRCLE('',#2118,9.525736650974E0);
#2127=CIRCLE('',#2126,9.3E0);
#2135=CIRCLE('',#2134,9.525736650975E0);
#2150=CIRCLE('',#2149,9.525736650974E0);
#2158=CIRCLE('',#2157,9.3E0);
#2166=CIRCLE('',#2165,9.525736650975E0);
#2181=CIRCLE('',#2180,9.525736650974E0);
#2189=CIRCLE('',#2188,9.3E0);
#2197=CIRCLE('',#2196,9.525736650975E0);
#2212=CIRCLE('',#2211,9.525736650974E0);
#2220=CIRCLE('',#2219,9.3E0);
#2228=CIRCLE('',#2227,9.525736650975E0);
#2243=CIRCLE('',#2242,9.525736650974E0);
#2251=CIRCLE('',#2250,9.3E0);
#2259=CIRCLE('',#2258,9.525736650975E0);
#2274=CIRCLE('',#2273,9.525736650974E0);
#2282=CIRCLE('',#2281,9.3E0);
#2290=CIRCLE('',#2289,9.525736650975E0);
#2305=CIRCLE('',#2304,9.525736650974E0);
#2313=CIRCLE('',#2312,9.3E0);
#2321=CIRCLE('',#2320,9.525736650975E0);
#2336=CIRCLE('',#2335,9.525736650974E0);
#2344=CIRCLE('',#2343,9.3E0);
#2352=CIRCLE('',#2351,9.525736650975E0);
#2367=CIRCLE('',#2366,9.525736650974E0);
#2375=CIRCLE('',#2374,9.3E0);
#2383=CIRCLE('',#2382,9.525736650975E0);
#2398=CIRCLE('',#2397,9.525736650974E0);
#2406=CIRCLE('',#2405,9.3E0);
#2414=CIRCLE('',#2413,9.525736650975E0);
#2429=CIRCLE('',#2428,9.525736650974E0);
#2437=CIRCLE('',#2436,9.3E0);
#2445=CIRCLE('',#2444,9.525736650975E0);
#2460=CIRCLE('',#2459,9.525736650974E0);
#2468=CIRCLE('',#2467,4.E0);
#2476=CIRCLE('',#2475,4.E0);
#4223=EDGE_CURVE('',#3756,#3757,#33,.T.);
#4225=EDGE_CURVE('',#3757,#3860,#42,.T.);
#4227=EDGE_CURVE('',#3860,#3861,#49,.T.);
#4229=EDGE_CURVE('',#3861,#3760,#57,.T.);
#4231=EDGE_CURVE('',#3760,#3761,#65,.T.);
#4233=EDGE_CURVE('',#3761,#3868,#73,.T.);
#4235=EDGE_CURVE('',#3868,#3869,#80,.T.);
#4237=EDGE_CURVE('',#3869,#3764,#88,.T.);
#4239=EDGE_CURVE('',#3764,#3765,#96,.T.);
#4241=EDGE_CURVE('',#3765,#3876,#104,.T.);
#4243=EDGE_CURVE('',#3876,#3877,#111,.T.);
#4245=EDGE_CURVE('',#3877,#3768,#119,.T.);
#4247=EDGE_CURVE('',#3768,#3769,#127,.T.);
#4249=EDGE_CURVE('',#3769,#3884,#135,.T.);
#4251=EDGE_CURVE('',#3884,#3885,#142,.T.);
#4253=EDGE_CURVE('',#3885,#3772,#150,.T.);
#4255=EDGE_CURVE('',#3772,#3773,#158,.T.);
#4257=EDGE_CURVE('',#3773,#3892,#166,.T.);
#4259=EDGE_CURVE('',#3892,#3893,#173,.T.);
#4261=EDGE_CURVE('',#3893,#3776,#181,.T.);
#4263=EDGE_CURVE('',#3776,#3777,#189,.T.);
#4265=EDGE_CURVE('',#3777,#3900,#197,.T.);
#4267=EDGE_CURVE('',#3900,#3901,#204,.T.);
#4269=EDGE_CURVE('',#3901,#4092,#212,.T.);
#4271=EDGE_CURVE('',#4092,#4100,#220,.T.);
#4273=EDGE_CURVE('',#4100,#3908,#228,.T.);
#4275=EDGE_CURVE('',#3908,#3909,#235,.T.);
#4277=EDGE_CURVE('',#3909,#4096,#243,.T.);
#4279=EDGE_CURVE('',#4096,#4105,#251,.T.);
#4281=EDGE_CURVE('',#4105,#3916,#259,.T.);
#4283=EDGE_CURVE('',#3916,#3917,#266,.T.);
#4285=EDGE_CURVE('',#3917,#4103,#274,.T.);
#4287=EDGE_CURVE('',#4103,#4113,#282,.T.);
#4289=EDGE_CURVE('',#4113,#3924,#290,.T.);
#4291=EDGE_CURVE('',#3924,#3925,#297,.T.);
#4293=EDGE_CURVE('',#3925,#4111,#305,.T.);
#4295=EDGE_CURVE('',#4111,#4119,#313,.T.);
#4297=EDGE_CURVE('',#4119,#3932,#321,.T.);
#4299=EDGE_CURVE('',#3932,#3933,#328,.T.);
#4301=EDGE_CURVE('',#3933,#3780,#336,.T.);
#4303=EDGE_CURVE('',#3780,#3781,#344,.T.);
#4305=EDGE_CURVE('',#3781,#3940,#352,.T.);
#4307=EDGE_CURVE('',#3940,#3941,#359,.T.);
#4309=EDGE_CURVE('',#3941,#3784,#367,.T.);
#4311=EDGE_CURVE('',#3784,#3785,#375,.T.);
#4313=EDGE_CURVE('',#3785,#3948,#383,.T.);
#4315=EDGE_CURVE('',#3948,#3949,#390,.T.);
#4317=EDGE_CURVE('',#3949,#3788,#398,.T.);
#4319=EDGE_CURVE('',#3788,#3789,#406,.T.);
#4321=EDGE_CURVE('',#3789,#3956,#414,.T.);
#4323=EDGE_CURVE('',#3956,#3957,#421,.T.);
#4325=EDGE_CURVE('',#3957,#3792,#429,.T.);
#4327=EDGE_CURVE('',#3792,#3793,#437,.T.);
#4329=EDGE_CURVE('',#3793,#3964,#445,.T.);
#4331=EDGE_CURVE('',#3964,#3965,#452,.T.);
#4333=EDGE_CURVE('',#3965,#3796,#460,.T.);
#4335=EDGE_CURVE('',#3796,#3797,#468,.T.);
#4337=EDGE_CURVE('',#3797,#3972,#476,.T.);
#4339=EDGE_CURVE('',#3972,#3973,#483,.T.);
#4341=EDGE_CURVE('',#3973,#3800,#491,.T.);
#4343=EDGE_CURVE('',#3800,#3801,#499,.T.);
#4345=EDGE_CURVE('',#3801,#3980,#507,.T.);
#4347=EDGE_CURVE('',#3980,#3981,#514,.T.);
#4349=EDGE_CURVE('',#3981,#3804,#522,.T.);
#4351=EDGE_CURVE('',#3804,#3805,#530,.T.);
#4353=EDGE_CURVE('',#3805,#3988,#538,.T.);
#4355=EDGE_CURVE('',#3988,#3989,#545,.T.);
#4357=EDGE_CURVE('',#3989,#3808,#553,.T.);
#4359=EDGE_CURVE('',#3808,#3809,#561,.T.);
#4361=EDGE_CURVE('',#3809,#3996,#569,.T.);
#4363=EDGE_CURVE('',#3996,#3997,#576,.T.);
#4365=EDGE_CURVE('',#3997,#3812,#584,.T.);
#4367=EDGE_CURVE('',#3812,#3813,#592,.T.);
#4369=EDGE_CURVE('',#3813,#4004,#600,.T.);
#4371=EDGE_CURVE('',#4004,#4005,#607,.T.);
#4373=EDGE_CURVE('',#4005,#3816,#615,.T.);
#4375=EDGE_CURVE('',#3816,#3817,#623,.T.);
#4377=EDGE_CURVE('',#3817,#4012,#631,.T.);
#4379=EDGE_CURVE('',#4012,#4013,#638,.T.);
#4381=EDGE_CURVE('',#4013,#3820,#646,.T.);
#4383=EDGE_CURVE('',#3820,#3821,#654,.T.);
#4385=EDGE_CURVE('',#3821,#4020,#662,.T.);
#4387=EDGE_CURVE('',#4020,#4021,#669,.T.);
#4389=EDGE_CURVE('',#4021,#3824,#677,.T.);
#4391=EDGE_CURVE('',#3824,#3825,#685,.T.);
#4393=EDGE_CURVE('',#3825,#4028,#693,.T.);
#4395=EDGE_CURVE('',#4028,#4029,#700,.T.);
#4397=EDGE_CURVE('',#4029,#3828,#708,.T.);
#4399=EDGE_CURVE('',#3828,#3829,#716,.T.);
#4401=EDGE_CURVE('',#3829,#4036,#724,.T.);
#4403=EDGE_CURVE('',#4036,#4037,#731,.T.);
#4405=EDGE_CURVE('',#4037,#3832,#739,.T.);
#4407=EDGE_CURVE('',#3832,#3833,#747,.T.);
#4409=EDGE_CURVE('',#3833,#4044,#755,.T.);
#4411=EDGE_CURVE('',#4044,#4045,#762,.T.);
#4413=EDGE_CURVE('',#4045,#3836,#770,.T.);
#4415=EDGE_CURVE('',#3836,#3837,#778,.T.);
#4417=EDGE_CURVE('',#3837,#4052,#786,.T.);
#4419=EDGE_CURVE('',#4052,#4053,#793,.T.);
#4421=EDGE_CURVE('',#4053,#3840,#801,.T.);
#4423=EDGE_CURVE('',#3840,#3841,#809,.T.);
#4425=EDGE_CURVE('',#3841,#4060,#817,.T.);
#4427=EDGE_CURVE('',#4060,#4061,#824,.T.);
#4429=EDGE_CURVE('',#4061,#4123,#832,.T.);
#4431=EDGE_CURVE('',#4123,#4129,#840,.T.);
#4433=EDGE_CURVE('',#4129,#4068,#848,.T.);
#4435=EDGE_CURVE('',#4068,#4069,#855,.T.);
#4437=EDGE_CURVE('',#4069,#4127,#863,.T.);
#4439=EDGE_CURVE('',#4127,#4137,#871,.T.);
#4441=EDGE_CURVE('',#4137,#4076,#879,.T.);
#4443=EDGE_CURVE('',#4076,#4077,#886,.T.);
#4445=EDGE_CURVE('',#4077,#4135,#894,.T.);
#4447=EDGE_CURVE('',#4135,#4143,#902,.T.);
#4449=EDGE_CURVE('',#4143,#4084,#910,.T.);
#4451=EDGE_CURVE('',#4084,#4085,#917,.T.);
#4453=EDGE_CURVE('',#4085,#3596,#925,.T.);
#4455=EDGE_CURVE('',#3596,#3597,#933,.T.);
#4457=EDGE_CURVE('',#3597,#4148,#941,.T.);
#4459=EDGE_CURVE('',#4148,#4149,#948,.T.);
#4461=EDGE_CURVE('',#4149,#3600,#956,.T.);
#4463=EDGE_CURVE('',#3600,#3601,#964,.T.);
#4465=EDGE_CURVE('',#3601,#4156,#972,.T.);
#4467=EDGE_CURVE('',#4156,#4157,#979,.T.);
#4469=EDGE_CURVE('',#4157,#3724,#987,.T.);
#4471=EDGE_CURVE('',#3724,#3725,#995,.T.);
#4473=EDGE_CURVE('',#3725,#4164,#1003,.T.);
#4475=EDGE_CURVE('',#4164,#4165,#1010,.T.);
#4477=EDGE_CURVE('',#4165,#3728,#1018,.T.);
#4479=EDGE_CURVE('',#3728,#3729,#1026,.T.);
#4481=EDGE_CURVE('',#3729,#4172,#1034,.T.);
#4483=EDGE_CURVE('',#4172,#4173,#1041,.T.);
#4485=EDGE_CURVE('',#4173,#3732,#1049,.T.);
#4487=EDGE_CURVE('',#3732,#3733,#1057,.T.);
#4489=EDGE_CURVE('',#3733,#4180,#1065,.T.);
#4491=EDGE_CURVE('',#4180,#4181,#1072,.T.);
#4493=EDGE_CURVE('',#4181,#3736,#1080,.T.);
#4495=EDGE_CURVE('',#3736,#3737,#1088,.T.);
#4497=EDGE_CURVE('',#3737,#4188,#1096,.T.);
#4499=EDGE_CURVE('',#4188,#4189,#1103,.T.);
#4501=EDGE_CURVE('',#4189,#3740,#1111,.T.);
#4503=EDGE_CURVE('',#3740,#3741,#1119,.T.);
#4505=EDGE_CURVE('',#3741,#4196,#1127,.T.);
#4507=EDGE_CURVE('',#4196,#4197,#1134,.T.);
#4509=EDGE_CURVE('',#4197,#3744,#1142,.T.);
#4511=EDGE_CURVE('',#3744,#3745,#1150,.T.);
#4513=EDGE_CURVE('',#3745,#4204,#1158,.T.);
#4515=EDGE_CURVE('',#4204,#4205,#1165,.T.);
#4517=EDGE_CURVE('',#4205,#3748,#1173,.T.);
#4519=EDGE_CURVE('',#3748,#3749,#1181,.T.);
#4521=EDGE_CURVE('',#3749,#4212,#1189,.T.);
#4523=EDGE_CURVE('',#4212,#4213,#1196,.T.);
#4525=EDGE_CURVE('',#4213,#3752,#1204,.T.);
#4527=EDGE_CURVE('',#3752,#3753,#1212,.T.);
#4529=EDGE_CURVE('',#3753,#3852,#1220,.T.);
#4531=EDGE_CURVE('',#3852,#3853,#1227,.T.);
#4533=EDGE_CURVE('',#3853,#3756,#1235,.T.);
#4537=EDGE_CURVE('',#3844,#3845,#1243,.T.);
#4539=EDGE_CURVE('',#3845,#3844,#1251,.T.);
#4543=ADVANCED_FACE('',(#4536,#4542),#4222,.F.);
#4556=EDGE_CURVE('',#3588,#3589,#1600,.T.);
#4558=EDGE_CURVE('',#3597,#3589,#2784,.T.);
#4561=EDGE_CURVE('',#3596,#3588,#2791,.T.);
#4565=ADVANCED_FACE('',(#4564),#4555,.T.);
#4578=EDGE_CURVE('',#3592,#3593,#1569,.T.);
#4580=EDGE_CURVE('',#3601,#3593,#2756,.T.);
#4583=EDGE_CURVE('',#3600,#3592,#2763,.T.);
#4587=ADVANCED_FACE('',(#4586),#4577,.T.);
#4600=EDGE_CURVE('',#3604,#3605,#1538,.T.);
#4602=EDGE_CURVE('',#3725,#3605,#2728,.T.);
#4605=EDGE_CURVE('',#3724,#3604,#2735,.T.);
#4609=ADVANCED_FACE('',(#4608),#4599,.T.);
#4622=EDGE_CURVE('',#3608,#3609,#1507,.T.);
#4624=EDGE_CURVE('',#3729,#3609,#2700,.T.);
#4627=EDGE_CURVE('',#3728,#3608,#2707,.T.);
#4631=ADVANCED_FACE('',(#4630),#4621,.T.);
#4644=EDGE_CURVE('',#3612,#3613,#1476,.T.);
#4646=EDGE_CURVE('',#3733,#3613,#2672,.T.);
#4649=EDGE_CURVE('',#3732,#3612,#2679,.T.);
#4653=ADVANCED_FACE('',(#4652),#4643,.T.);
#4666=EDGE_CURVE('',#3616,#3617,#1445,.T.);
#4668=EDGE_CURVE('',#3737,#3617,#2644,.T.);
#4671=EDGE_CURVE('',#3736,#3616,#2651,.T.);
#4675=ADVANCED_FACE('',(#4674),#4665,.T.);
#4688=EDGE_CURVE('',#3620,#3621,#1414,.T.);
#4690=EDGE_CURVE('',#3741,#3621,#2616,.T.);
#4693=EDGE_CURVE('',#3740,#3620,#2623,.T.);
#4697=ADVANCED_FACE('',(#4696),#4687,.T.);
#4710=EDGE_CURVE('',#3624,#3625,#1383,.T.);
#4712=EDGE_CURVE('',#3745,#3625,#2588,.T.);
#4715=EDGE_CURVE('',#3744,#3624,#2595,.T.);
#4719=ADVANCED_FACE('',(#4718),#4709,.T.);
#4732=EDGE_CURVE('',#3628,#3629,#1352,.T.);
#4734=EDGE_CURVE('',#3749,#3629,#2560,.T.);
#4737=EDGE_CURVE('',#3748,#3628,#2567,.T.);
#4741=ADVANCED_FACE('',(#4740),#4731,.T.);
#4754=EDGE_CURVE('',#3632,#3633,#1321,.T.);
#4756=EDGE_CURVE('',#3753,#3633,#2532,.T.);
#4759=EDGE_CURVE('',#3752,#3632,#2539,.T.);
#4763=ADVANCED_FACE('',(#4762),#4753,.T.);
#4776=EDGE_CURVE('',#3636,#3637,#1290,.T.);
#4778=EDGE_CURVE('',#3757,#3637,#2504,.T.);
#4781=EDGE_CURVE('',#3756,#3636,#2511,.T.);
#4785=ADVANCED_FACE('',(#4784),#4775,.T.);
#4798=EDGE_CURVE('',#3640,#3641,#1259,.T.);
#4800=EDGE_CURVE('',#3761,#3641,#3568,.T.);
#4803=EDGE_CURVE('',#3760,#3640,#2483,.T.);
#4807=ADVANCED_FACE('',(#4806),#4797,.T.);
#4820=EDGE_CURVE('',#3644,#3645,#2437,.T.);
#4822=EDGE_CURVE('',#3765,#3645,#3540,.T.);
#4825=EDGE_CURVE('',#3764,#3644,#3547,.T.);
#4829=ADVANCED_FACE('',(#4828),#4819,.T.);
#4842=EDGE_CURVE('',#3648,#3649,#2406,.T.);
#4844=EDGE_CURVE('',#3769,#3649,#3512,.T.);
#4847=EDGE_CURVE('',#3768,#3648,#3519,.T.);
#4851=ADVANCED_FACE('',(#4850),#4841,.T.);
#4864=EDGE_CURVE('',#3652,#3653,#2375,.T.);
#4866=EDGE_CURVE('',#3773,#3653,#3484,.T.);
#4869=EDGE_CURVE('',#3772,#3652,#3491,.T.);
#4873=ADVANCED_FACE('',(#4872),#4863,.T.);
#4886=EDGE_CURVE('',#3656,#3657,#2344,.T.);
#4888=EDGE_CURVE('',#3777,#3657,#3456,.T.);
#4891=EDGE_CURVE('',#3776,#3656,#3463,.T.);
#4895=ADVANCED_FACE('',(#4894),#4885,.T.);
#4908=EDGE_CURVE('',#4092,#4093,#3435,.T.);
#4910=EDGE_CURVE('',#4093,#4101,#2313,.T.);
#4912=EDGE_CURVE('',#4100,#4101,#3428,.T.);
#4917=ADVANCED_FACE('',(#4916),#4907,.T.);
#4930=EDGE_CURVE('',#4096,#4097,#3407,.T.);
#4932=EDGE_CURVE('',#4097,#4109,#2282,.T.);
#4934=EDGE_CURVE('',#4105,#4109,#3400,.T.);
#4939=ADVANCED_FACE('',(#4938),#4929,.T.);
#4952=EDGE_CURVE('',#4103,#4107,#3386,.T.);
#4954=EDGE_CURVE('',#4107,#4117,#2251,.T.);
#4956=EDGE_CURVE('',#4113,#4117,#3372,.T.);
#4961=ADVANCED_FACE('',(#4960),#4951,.T.);
#4974=EDGE_CURVE('',#4111,#4115,#3358,.T.);
#4976=EDGE_CURVE('',#4115,#4121,#2220,.T.);
#4978=EDGE_CURVE('',#4119,#4121,#2868,.T.);
#4983=ADVANCED_FACE('',(#4982),#4973,.T.);
#4997=EDGE_CURVE('',#3865,#3640,#1267,.T.);
#4999=EDGE_CURVE('',#3864,#3865,#1274,.T.);
#5001=EDGE_CURVE('',#3637,#3864,#1282,.T.);
#5004=EDGE_CURVE('',#3857,#3636,#1298,.T.);
#5006=EDGE_CURVE('',#3856,#3857,#1305,.T.);
#5008=EDGE_CURVE('',#3633,#3856,#1313,.T.);
#5011=EDGE_CURVE('',#4217,#3632,#1329,.T.);
#5013=EDGE_CURVE('',#4216,#4217,#1336,.T.);
#5015=EDGE_CURVE('',#3629,#4216,#1344,.T.);
#5018=EDGE_CURVE('',#4209,#3628,#1360,.T.);
#5020=EDGE_CURVE('',#4208,#4209,#1367,.T.);
#5022=EDGE_CURVE('',#3625,#4208,#1375,.T.);
#5025=EDGE_CURVE('',#4201,#3624,#1391,.T.);
#5027=EDGE_CURVE('',#4200,#4201,#1398,.T.);
#5029=EDGE_CURVE('',#3621,#4200,#1406,.T.);
#5032=EDGE_CURVE('',#4193,#3620,#1422,.T.);
#5034=EDGE_CURVE('',#4192,#4193,#1429,.T.);
#5036=EDGE_CURVE('',#3617,#4192,#1437,.T.);
#5039=EDGE_CURVE('',#4185,#3616,#1453,.T.);
#5041=EDGE_CURVE('',#4184,#4185,#1460,.T.);
#5043=EDGE_CURVE('',#3613,#4184,#1468,.T.);
#5046=EDGE_CURVE('',#4177,#3612,#1484,.T.);
#5048=EDGE_CURVE('',#4176,#4177,#1491,.T.);
#5050=EDGE_CURVE('',#3609,#4176,#1499,.T.);
#5053=EDGE_CURVE('',#4169,#3608,#1515,.T.);
#5055=EDGE_CURVE('',#4168,#4169,#1522,.T.);
#5057=EDGE_CURVE('',#3605,#4168,#1530,.T.);
#5060=EDGE_CURVE('',#4161,#3604,#1546,.T.);
#5062=EDGE_CURVE('',#4160,#4161,#1553,.T.);
#5064=EDGE_CURVE('',#3593,#4160,#1561,.T.);
#5067=EDGE_CURVE('',#4153,#3592,#1577,.T.);
#5069=EDGE_CURVE('',#4152,#4153,#1584,.T.);
#5071=EDGE_CURVE('',#3589,#4152,#1592,.T.);
#5074=EDGE_CURVE('',#4089,#3588,#1608,.T.);
#5076=EDGE_CURVE('',#4088,#4089,#1615,.T.);
#5078=EDGE_CURVE('',#4145,#4088,#1623,.T.);
#5080=EDGE_CURVE('',#4139,#4145,#1631,.T.);
#5082=EDGE_CURVE('',#4081,#4139,#1639,.T.);
#5084=EDGE_CURVE('',#4080,#4081,#1646,.T.);
#5086=EDGE_CURVE('',#4141,#4080,#1654,.T.);
#5088=EDGE_CURVE('',#4131,#4141,#1662,.T.);
#5090=EDGE_CURVE('',#4073,#4131,#1670,.T.);
#5092=EDGE_CURVE('',#4072,#4073,#1677,.T.);
#5094=EDGE_CURVE('',#4133,#4072,#1685,.T.);
#5096=EDGE_CURVE('',#4125,#4133,#1693,.T.);
#5098=EDGE_CURVE('',#4065,#4125,#1701,.T.);
#5100=EDGE_CURVE('',#4064,#4065,#1708,.T.);
#5102=EDGE_CURVE('',#3721,#4064,#1716,.T.);
#5104=EDGE_CURVE('',#3720,#3721,#1724,.T.);
#5106=EDGE_CURVE('',#4057,#3720,#1732,.T.);
#5108=EDGE_CURVE('',#4056,#4057,#1739,.T.);
#5110=EDGE_CURVE('',#3717,#4056,#1747,.T.);
#5112=EDGE_CURVE('',#3716,#3717,#1755,.T.);
#5114=EDGE_CURVE('',#4049,#3716,#1763,.T.);
#5116=EDGE_CURVE('',#4048,#4049,#1770,.T.);
#5118=EDGE_CURVE('',#3713,#4048,#1778,.T.);
#5120=EDGE_CURVE('',#3712,#3713,#1786,.T.);
#5122=EDGE_CURVE('',#4041,#3712,#1794,.T.);
#5124=EDGE_CURVE('',#4040,#4041,#1801,.T.);
#5126=EDGE_CURVE('',#3709,#4040,#1809,.T.);
#5128=EDGE_CURVE('',#3708,#3709,#1817,.T.);
#5130=EDGE_CURVE('',#4033,#3708,#1825,.T.);
#5132=EDGE_CURVE('',#4032,#4033,#1832,.T.);
#5134=EDGE_CURVE('',#3705,#4032,#1840,.T.);
#5136=EDGE_CURVE('',#3704,#3705,#1848,.T.);
#5138=EDGE_CURVE('',#4025,#3704,#1856,.T.);
#5140=EDGE_CURVE('',#4024,#4025,#1863,.T.);
#5142=EDGE_CURVE('',#3701,#4024,#1871,.T.);
#5144=EDGE_CURVE('',#3700,#3701,#1879,.T.);
#5146=EDGE_CURVE('',#4017,#3700,#1887,.T.);
#5148=EDGE_CURVE('',#4016,#4017,#1894,.T.);
#5150=EDGE_CURVE('',#3697,#4016,#1902,.T.);
#5152=EDGE_CURVE('',#3696,#3697,#1910,.T.);
#5154=EDGE_CURVE('',#4009,#3696,#1918,.T.);
#5156=EDGE_CURVE('',#4008,#4009,#1925,.T.);
#5158=EDGE_CURVE('',#3693,#4008,#1933,.T.);
#5160=EDGE_CURVE('',#3692,#3693,#1941,.T.);
#5162=EDGE_CURVE('',#4001,#3692,#1949,.T.);
#5164=EDGE_CURVE('',#4000,#4001,#1956,.T.);
#5166=EDGE_CURVE('',#3689,#4000,#1964,.T.);
#5168=EDGE_CURVE('',#3688,#3689,#1972,.T.);
#5170=EDGE_CURVE('',#3993,#3688,#1980,.T.);
#5172=EDGE_CURVE('',#3992,#3993,#1987,.T.);
#5174=EDGE_CURVE('',#3685,#3992,#1995,.T.);
#5176=EDGE_CURVE('',#3684,#3685,#2003,.T.);
#5178=EDGE_CURVE('',#3985,#3684,#2011,.T.);
#5180=EDGE_CURVE('',#3984,#3985,#2018,.T.);
#5182=EDGE_CURVE('',#3681,#3984,#2026,.T.);
#5184=EDGE_CURVE('',#3680,#3681,#2034,.T.);
#5186=EDGE_CURVE('',#3977,#3680,#2042,.T.);
#5188=EDGE_CURVE('',#3976,#3977,#2049,.T.);
#5190=EDGE_CURVE('',#3677,#3976,#2057,.T.);
#5192=EDGE_CURVE('',#3676,#3677,#2065,.T.);
#5194=EDGE_CURVE('',#3969,#3676,#2073,.T.);
#5196=EDGE_CURVE('',#3968,#3969,#2080,.T.);
#5198=EDGE_CURVE('',#3673,#3968,#2088,.T.);
#5200=EDGE_CURVE('',#3672,#3673,#2096,.T.);
#5202=EDGE_CURVE('',#3961,#3672,#2104,.T.);
#5204=EDGE_CURVE('',#3960,#3961,#2111,.T.);
#5206=EDGE_CURVE('',#3669,#3960,#2119,.T.);
#5208=EDGE_CURVE('',#3668,#3669,#2127,.T.);
#5210=EDGE_CURVE('',#3953,#3668,#2135,.T.);
#5212=EDGE_CURVE('',#3952,#3953,#2142,.T.);
#5214=EDGE_CURVE('',#3665,#3952,#2150,.T.);
#5216=EDGE_CURVE('',#3664,#3665,#2158,.T.);
#5218=EDGE_CURVE('',#3945,#3664,#2166,.T.);
#5220=EDGE_CURVE('',#3944,#3945,#2173,.T.);
#5222=EDGE_CURVE('',#3661,#3944,#2181,.T.);
#5224=EDGE_CURVE('',#3660,#3661,#2189,.T.);
#5226=EDGE_CURVE('',#3937,#3660,#2197,.T.);
#5228=EDGE_CURVE('',#3936,#3937,#2204,.T.);
#5230=EDGE_CURVE('',#4121,#3936,#2212,.T.);
#5233=EDGE_CURVE('',#3929,#4115,#2228,.T.);
#5235=EDGE_CURVE('',#3928,#3929,#2235,.T.);
#5237=EDGE_CURVE('',#4117,#3928,#2243,.T.);
#5240=EDGE_CURVE('',#3921,#4107,#2259,.T.);
#5242=EDGE_CURVE('',#3920,#3921,#2266,.T.);
#5244=EDGE_CURVE('',#4109,#3920,#2274,.T.);
#5247=EDGE_CURVE('',#3913,#4097,#2290,.T.);
#5249=EDGE_CURVE('',#3912,#3913,#2297,.T.);
#5251=EDGE_CURVE('',#4101,#3912,#2305,.T.);
#5254=EDGE_CURVE('',#3905,#4093,#2321,.T.);
#5256=EDGE_CURVE('',#3904,#3905,#2328,.T.);
#5258=EDGE_CURVE('',#3657,#3904,#2336,.T.);
#5261=EDGE_CURVE('',#3897,#3656,#2352,.T.);
#5263=EDGE_CURVE('',#3896,#3897,#2359,.T.);
#5265=EDGE_CURVE('',#3653,#3896,#2367,.T.);
#5268=EDGE_CURVE('',#3889,#3652,#2383,.T.);
#5270=EDGE_CURVE('',#3888,#3889,#2390,.T.);
#5272=EDGE_CURVE('',#3649,#3888,#2398,.T.);
#5275=EDGE_CURVE('',#3881,#3648,#2414,.T.);
#5277=EDGE_CURVE('',#3880,#3881,#2421,.T.);
#5279=EDGE_CURVE('',#3645,#3880,#2429,.T.);
#5282=EDGE_CURVE('',#3873,#3644,#2445,.T.);
#5284=EDGE_CURVE('',#3872,#3873,#2452,.T.);
#5286=EDGE_CURVE('',#3641,#3872,#2460,.T.);
#5290=EDGE_CURVE('',#3848,#3849,#2468,.T.);
#5292=EDGE_CURVE('',#3849,#3848,#2476,.T.);
#5296=ADVANCED_FACE('',(#5289,#5295),#4995,.T.);
#5311=EDGE_CURVE('',#3861,#3865,#2490,.T.);
#5316=ADVANCED_FACE('',(#5315),#5308,.T.);
#5330=EDGE_CURVE('',#3860,#3864,#2497,.T.);
#5336=ADVANCED_FACE('',(#5335),#5328,.T.);
#5355=ADVANCED_FACE('',(#5354),#5348,.T.);
#5370=EDGE_CURVE('',#3853,#3857,#2518,.T.);
#5375=ADVANCED_FACE('',(#5374),#5367,.T.);
#5389=EDGE_CURVE('',#3852,#3856,#2525,.T.);
#5395=ADVANCED_FACE('',(#5394),#5387,.T.);
#5414=ADVANCED_FACE('',(#5413),#5407,.T.);
#5429=EDGE_CURVE('',#4213,#4217,#2546,.T.);
#5434=ADVANCED_FACE('',(#5433),#5426,.T.);
#5448=EDGE_CURVE('',#4212,#4216,#2553,.T.);
#5454=ADVANCED_FACE('',(#5453),#5446,.T.);
#5473=ADVANCED_FACE('',(#5472),#5466,.T.);
#5488=EDGE_CURVE('',#4205,#4209,#2574,.T.);
#5493=ADVANCED_FACE('',(#5492),#5485,.T.);
#5507=EDGE_CURVE('',#4204,#4208,#2581,.T.);
#5513=ADVANCED_FACE('',(#5512),#5505,.T.);
#5532=ADVANCED_FACE('',(#5531),#5525,.T.);
#5547=EDGE_CURVE('',#4197,#4201,#2602,.T.);
#5552=ADVANCED_FACE('',(#5551),#5544,.T.);
#5566=EDGE_CURVE('',#4196,#4200,#2609,.T.);
#5572=ADVANCED_FACE('',(#5571),#5564,.T.);
#5591=ADVANCED_FACE('',(#5590),#5584,.T.);
#5606=EDGE_CURVE('',#4189,#4193,#2630,.T.);
#5611=ADVANCED_FACE('',(#5610),#5603,.T.);
#5625=EDGE_CURVE('',#4188,#4192,#2637,.T.);
#5631=ADVANCED_FACE('',(#5630),#5623,.T.);
#5650=ADVANCED_FACE('',(#5649),#5643,.T.);
#5665=EDGE_CURVE('',#4181,#4185,#2658,.T.);
#5670=ADVANCED_FACE('',(#5669),#5662,.T.);
#5684=EDGE_CURVE('',#4180,#4184,#2665,.T.);
#5690=ADVANCED_FACE('',(#5689),#5682,.T.);
#5709=ADVANCED_FACE('',(#5708),#5702,.T.);
#5724=EDGE_CURVE('',#4173,#4177,#2686,.T.);
#5729=ADVANCED_FACE('',(#5728),#5721,.T.);
#5743=EDGE_CURVE('',#4172,#4176,#2693,.T.);
#5749=ADVANCED_FACE('',(#5748),#5741,.T.);
#5768=ADVANCED_FACE('',(#5767),#5761,.T.);
#5783=EDGE_CURVE('',#4165,#4169,#2714,.T.);
#5788=ADVANCED_FACE('',(#5787),#5780,.T.);
#5802=EDGE_CURVE('',#4164,#4168,#2721,.T.);
#5808=ADVANCED_FACE('',(#5807),#5800,.T.);
#5827=ADVANCED_FACE('',(#5826),#5820,.T.);
#5842=EDGE_CURVE('',#4157,#4161,#2742,.T.);
#5847=ADVANCED_FACE('',(#5846),#5839,.T.);
#5861=EDGE_CURVE('',#4156,#4160,#2749,.T.);
#5867=ADVANCED_FACE('',(#5866),#5859,.T.);
#5886=ADVANCED_FACE('',(#5885),#5879,.T.);
#5901=EDGE_CURVE('',#4149,#4153,#2770,.T.);
#5906=ADVANCED_FACE('',(#5905),#5898,.T.);
#5920=EDGE_CURVE('',#4148,#4152,#2777,.T.);
#5926=ADVANCED_FACE('',(#5925),#5918,.T.);
#5945=ADVANCED_FACE('',(#5944),#5938,.T.);
#5960=EDGE_CURVE('',#4085,#4089,#2798,.T.);
#5965=ADVANCED_FACE('',(#5964),#5957,.T.);
#5979=EDGE_CURVE('',#4084,#4088,#2805,.T.);
#5985=ADVANCED_FACE('',(#5984),#5977,.T.);
#5999=EDGE_CURVE('',#4143,#4145,#2812,.T.);
#6005=ADVANCED_FACE('',(#6004),#5997,.T.);
#6019=EDGE_CURVE('',#3781,#3661,#2819,.T.);
#6022=EDGE_CURVE('',#3780,#3660,#2847,.T.);
#6026=ADVANCED_FACE('',(#6025),#6017,.T.);
#6040=EDGE_CURVE('',#3785,#3665,#2875,.T.);
#6043=EDGE_CURVE('',#3784,#3664,#2833,.T.);
#6047=ADVANCED_FACE('',(#6046),#6038,.T.);
#6061=EDGE_CURVE('',#3789,#3669,#2903,.T.);
#6064=EDGE_CURVE('',#3788,#3668,#2889,.T.);
#6068=ADVANCED_FACE('',(#6067),#6059,.T.);
#6082=EDGE_CURVE('',#3793,#3673,#2931,.T.);
#6085=EDGE_CURVE('',#3792,#3672,#2917,.T.);
#6089=ADVANCED_FACE('',(#6088),#6080,.T.);
#6103=EDGE_CURVE('',#3797,#3677,#2959,.T.);
#6106=EDGE_CURVE('',#3796,#3676,#2945,.T.);
#6110=ADVANCED_FACE('',(#6109),#6101,.T.);
#6124=EDGE_CURVE('',#3801,#3681,#2987,.T.);
#6127=EDGE_CURVE('',#3800,#3680,#2973,.T.);
#6131=ADVANCED_FACE('',(#6130),#6122,.T.);
#6145=EDGE_CURVE('',#3805,#3685,#3015,.T.);
#6148=EDGE_CURVE('',#3804,#3684,#3001,.T.);
#6152=ADVANCED_FACE('',(#6151),#6143,.T.);
#6166=EDGE_CURVE('',#3809,#3689,#3043,.T.);
#6169=EDGE_CURVE('',#3808,#3688,#3029,.T.);
#6173=ADVANCED_FACE('',(#6172),#6164,.T.);
#6187=EDGE_CURVE('',#3813,#3693,#3071,.T.);
#6190=EDGE_CURVE('',#3812,#3692,#3057,.T.);
#6194=ADVANCED_FACE('',(#6193),#6185,.T.);
#6208=EDGE_CURVE('',#3817,#3697,#3099,.T.);
#6211=EDGE_CURVE('',#3816,#3696,#3085,.T.);
#6215=ADVANCED_FACE('',(#6214),#6206,.T.);
#6229=EDGE_CURVE('',#3821,#3701,#3127,.T.);
#6232=EDGE_CURVE('',#3820,#3700,#3113,.T.);
#6236=ADVANCED_FACE('',(#6235),#6227,.T.);
#6250=EDGE_CURVE('',#3825,#3705,#3155,.T.);
#6253=EDGE_CURVE('',#3824,#3704,#3141,.T.);
#6257=ADVANCED_FACE('',(#6256),#6248,.T.);
#6271=EDGE_CURVE('',#3829,#3709,#3183,.T.);
#6274=EDGE_CURVE('',#3828,#3708,#3169,.T.);
#6278=ADVANCED_FACE('',(#6277),#6269,.T.);
#6292=EDGE_CURVE('',#3833,#3713,#3211,.T.);
#6295=EDGE_CURVE('',#3832,#3712,#3204,.T.);
#6299=ADVANCED_FACE('',(#6298),#6290,.T.);
#6313=EDGE_CURVE('',#3837,#3717,#3239,.T.);
#6316=EDGE_CURVE('',#3836,#3716,#3232,.T.);
#6320=ADVANCED_FACE('',(#6319),#6311,.T.);
#6334=EDGE_CURVE('',#3841,#3721,#3267,.T.);
#6337=EDGE_CURVE('',#3840,#3720,#3260,.T.);
#6341=ADVANCED_FACE('',(#6340),#6332,.T.);
#6354=EDGE_CURVE('',#4123,#4125,#3288,.T.);
#6357=EDGE_CURVE('',#4129,#4133,#3295,.T.);
#6362=ADVANCED_FACE('',(#6361),#6353,.T.);
#6375=EDGE_CURVE('',#4127,#4131,#3316,.T.);
#6378=EDGE_CURVE('',#4137,#4141,#3323,.T.);
#6383=ADVANCED_FACE('',(#6382),#6374,.T.);
#6396=EDGE_CURVE('',#4135,#4139,#3344,.T.);
#6403=ADVANCED_FACE('',(#6402),#6395,.T.);
#6418=EDGE_CURVE('',#3940,#3944,#2826,.T.);
#6423=ADVANCED_FACE('',(#6422),#6415,.T.);
#6439=EDGE_CURVE('',#3941,#3945,#2840,.T.);
#6443=ADVANCED_FACE('',(#6442),#6435,.T.);
#6462=ADVANCED_FACE('',(#6461),#6455,.T.);
#6477=EDGE_CURVE('',#3933,#3937,#2854,.T.);
#6482=ADVANCED_FACE('',(#6481),#6474,.T.);
#6496=EDGE_CURVE('',#3932,#3936,#2861,.T.);
#6502=ADVANCED_FACE('',(#6501),#6494,.T.);
#6521=ADVANCED_FACE('',(#6520),#6514,.T.);
#6536=EDGE_CURVE('',#3948,#3952,#2882,.T.);
#6541=ADVANCED_FACE('',(#6540),#6533,.T.);
#6557=EDGE_CURVE('',#3949,#3953,#2896,.T.);
#6561=ADVANCED_FACE('',(#6560),#6553,.T.);
#6580=ADVANCED_FACE('',(#6579),#6573,.T.);
#6595=EDGE_CURVE('',#3956,#3960,#2910,.T.);
#6600=ADVANCED_FACE('',(#6599),#6592,.T.);
#6616=EDGE_CURVE('',#3957,#3961,#2924,.T.);
#6620=ADVANCED_FACE('',(#6619),#6612,.T.);
#6639=ADVANCED_FACE('',(#6638),#6632,.T.);
#6654=EDGE_CURVE('',#3964,#3968,#2938,.T.);
#6659=ADVANCED_FACE('',(#6658),#6651,.T.);
#6675=EDGE_CURVE('',#3965,#3969,#2952,.T.);
#6679=ADVANCED_FACE('',(#6678),#6671,.T.);
#6698=ADVANCED_FACE('',(#6697),#6691,.T.);
#6713=EDGE_CURVE('',#3972,#3976,#2966,.T.);
#6718=ADVANCED_FACE('',(#6717),#6710,.T.);
#6734=EDGE_CURVE('',#3973,#3977,#2980,.T.);
#6738=ADVANCED_FACE('',(#6737),#6730,.T.);
#6757=ADVANCED_FACE('',(#6756),#6750,.T.);
#6772=EDGE_CURVE('',#3980,#3984,#2994,.T.);
#6777=ADVANCED_FACE('',(#6776),#6769,.T.);
#6793=EDGE_CURVE('',#3981,#3985,#3008,.T.);
#6797=ADVANCED_FACE('',(#6796),#6789,.T.);
#6816=ADVANCED_FACE('',(#6815),#6809,.T.);
#6831=EDGE_CURVE('',#3988,#3992,#3022,.T.);
#6836=ADVANCED_FACE('',(#6835),#6828,.T.);
#6852=EDGE_CURVE('',#3989,#3993,#3036,.T.);
#6856=ADVANCED_FACE('',(#6855),#6848,.T.);
#6875=ADVANCED_FACE('',(#6874),#6868,.T.);
#6890=EDGE_CURVE('',#3996,#4000,#3050,.T.);
#6895=ADVANCED_FACE('',(#6894),#6887,.T.);
#6911=EDGE_CURVE('',#3997,#4001,#3064,.T.);
#6915=ADVANCED_FACE('',(#6914),#6907,.T.);
#6934=ADVANCED_FACE('',(#6933),#6927,.T.);
#6949=EDGE_CURVE('',#4004,#4008,#3078,.T.);
#6954=ADVANCED_FACE('',(#6953),#6946,.T.);
#6970=EDGE_CURVE('',#4005,#4009,#3092,.T.);
#6974=ADVANCED_FACE('',(#6973),#6966,.T.);
#6993=ADVANCED_FACE('',(#6992),#6986,.T.);
#7008=EDGE_CURVE('',#4012,#4016,#3106,.T.);
#7013=ADVANCED_FACE('',(#7012),#7005,.T.);
#7029=EDGE_CURVE('',#4013,#4017,#3120,.T.);
#7033=ADVANCED_FACE('',(#7032),#7025,.T.);
#7052=ADVANCED_FACE('',(#7051),#7045,.T.);
#7067=EDGE_CURVE('',#4020,#4024,#3134,.T.);
#7072=ADVANCED_FACE('',(#7071),#7064,.T.);
#7088=EDGE_CURVE('',#4021,#4025,#3148,.T.);
#7092=ADVANCED_FACE('',(#7091),#7084,.T.);
#7111=ADVANCED_FACE('',(#7110),#7104,.T.);
#7126=EDGE_CURVE('',#4028,#4032,#3162,.T.);
#7131=ADVANCED_FACE('',(#7130),#7123,.T.);
#7147=EDGE_CURVE('',#4029,#4033,#3176,.T.);
#7151=ADVANCED_FACE('',(#7150),#7143,.T.);
#7170=ADVANCED_FACE('',(#7169),#7163,.T.);
#7186=EDGE_CURVE('',#4036,#4040,#3190,.T.);
#7190=ADVANCED_FACE('',(#7189),#7182,.T.);
#7206=EDGE_CURVE('',#4037,#4041,#3197,.T.);
#7210=ADVANCED_FACE('',(#7209),#7202,.T.);
#7229=ADVANCED_FACE('',(#7228),#7222,.T.);
#7245=EDGE_CURVE('',#4044,#4048,#3218,.T.);
#7249=ADVANCED_FACE('',(#7248),#7241,.T.);
#7265=EDGE_CURVE('',#4045,#4049,#3225,.T.);
#7269=ADVANCED_FACE('',(#7268),#7261,.T.);
#7288=ADVANCED_FACE('',(#7287),#7281,.T.);
#7304=EDGE_CURVE('',#4052,#4056,#3246,.T.);
#7308=ADVANCED_FACE('',(#7307),#7300,.T.);
#7324=EDGE_CURVE('',#4053,#4057,#3253,.T.);
#7328=ADVANCED_FACE('',(#7327),#7320,.T.);
#7347=ADVANCED_FACE('',(#7346),#7340,.T.);
#7363=EDGE_CURVE('',#4060,#4064,#3274,.T.);
#7367=ADVANCED_FACE('',(#7366),#7359,.T.);
#7383=EDGE_CURVE('',#4061,#4065,#3281,.T.);
#7387=ADVANCED_FACE('',(#7386),#7379,.T.);
#7406=ADVANCED_FACE('',(#7405),#7399,.T.);
#7422=EDGE_CURVE('',#4068,#4072,#3302,.T.);
#7426=ADVANCED_FACE('',(#7425),#7418,.T.);
#7442=EDGE_CURVE('',#4069,#4073,#3309,.T.);
#7446=ADVANCED_FACE('',(#7445),#7438,.T.);
#7465=ADVANCED_FACE('',(#7464),#7458,.T.);
#7481=EDGE_CURVE('',#4076,#4080,#3330,.T.);
#7485=ADVANCED_FACE('',(#7484),#7477,.T.);
#7501=EDGE_CURVE('',#4077,#4081,#3337,.T.);
#7505=ADVANCED_FACE('',(#7504),#7497,.T.);
#7524=ADVANCED_FACE('',(#7523),#7517,.T.);
#7538=EDGE_CURVE('',#3925,#3929,#3351,.T.);
#7544=ADVANCED_FACE('',(#7543),#7536,.T.);
#7558=EDGE_CURVE('',#3924,#3928,#3365,.T.);
#7564=ADVANCED_FACE('',(#7563),#7556,.T.);
#7583=ADVANCED_FACE('',(#7582),#7576,.T.);
#7597=EDGE_CURVE('',#3917,#3921,#3379,.T.);
#7603=ADVANCED_FACE('',(#7602),#7595,.T.);
#7617=EDGE_CURVE('',#3916,#3920,#3393,.T.);
#7623=ADVANCED_FACE('',(#7622),#7615,.T.);
#7642=ADVANCED_FACE('',(#7641),#7635,.T.);
#7657=EDGE_CURVE('',#3909,#3913,#3414,.T.);
#7662=ADVANCED_FACE('',(#7661),#7654,.T.);
#7676=EDGE_CURVE('',#3908,#3912,#3421,.T.);
#7682=ADVANCED_FACE('',(#7681),#7674,.T.);
#7701=ADVANCED_FACE('',(#7700),#7694,.T.);
#7716=EDGE_CURVE('',#3901,#3905,#3442,.T.);
#7721=ADVANCED_FACE('',(#7720),#7713,.T.);
#7735=EDGE_CURVE('',#3900,#3904,#3449,.T.);
#7741=ADVANCED_FACE('',(#7740),#7733,.T.);
#7760=ADVANCED_FACE('',(#7759),#7753,.T.);
#7775=EDGE_CURVE('',#3893,#3897,#3470,.T.);
#7780=ADVANCED_FACE('',(#7779),#7772,.T.);
#7794=EDGE_CURVE('',#3892,#3896,#3477,.T.);
#7800=ADVANCED_FACE('',(#7799),#7792,.T.);
#7819=ADVANCED_FACE('',(#7818),#7812,.T.);
#7834=EDGE_CURVE('',#3885,#3889,#3498,.T.);
#7839=ADVANCED_FACE('',(#7838),#7831,.T.);
#7853=EDGE_CURVE('',#3884,#3888,#3505,.T.);
#7859=ADVANCED_FACE('',(#7858),#7851,.T.);
#7878=ADVANCED_FACE('',(#7877),#7871,.T.);
#7893=EDGE_CURVE('',#3877,#3881,#3526,.T.);
#7898=ADVANCED_FACE('',(#7897),#7890,.T.);
#7912=EDGE_CURVE('',#3876,#3880,#3533,.T.);
#7918=ADVANCED_FACE('',(#7917),#7910,.T.);
#7937=ADVANCED_FACE('',(#7936),#7930,.T.);
#7952=EDGE_CURVE('',#3869,#3873,#3554,.T.);
#7957=ADVANCED_FACE('',(#7956),#7949,.T.);
#7971=EDGE_CURVE('',#3868,#3872,#3561,.T.);
#7977=ADVANCED_FACE('',(#7976),#7969,.T.);
#7996=ADVANCED_FACE('',(#7995),#7989,.T.);
#8010=EDGE_CURVE('',#3849,#3845,#3582,.T.);
#8013=EDGE_CURVE('',#3848,#3844,#3575,.T.);
#8017=ADVANCED_FACE('',(#8016),#8008,.F.);
#8036=ADVANCED_FACE('',(#8035),#8029,.F.);
#8052=(LENGTH_UNIT()NAMED_UNIT(*)SI_UNIT(.MILLI.,.METRE.));
#8053=(NAMED_UNIT(*)PLANE_ANGLE_UNIT()SI_UNIT($,.RADIAN.));
#8056=(NAMED_UNIT(*)SI_UNIT($,.STERADIAN.)SOLID_ANGLE_UNIT());
#8058=(GEOMETRIC_REPRESENTATION_CONTEXT(3)GLOBAL_UNCERTAINTY_ASSIGNED_CONTEXT((
#8057))GLOBAL_UNIT_ASSIGNED_CONTEXT((#8052,#8055,#8056))REPRESENTATION_CONTEXT(
'ID1','external'));
#8062=AXIS2_PLACEMENT_3D('',#8059,#8060,#8061);
#8063=ADVANCED_BREP_SHAPE_REPRESENTATION('',(#8062,#8045),#8058);
#8071=PRODUCT_DEFINITION('part definition','',#8070,#8067);
#8072=PRODUCT_DEFINITION_SHAPE('','SHAPE FOR CAMGEAR.',#8071);
#8073=SHAPE_ASPECT('','solid data associated with CAMGEAR',#8072,.F.);
#8074=PROPERTY_DEFINITION('',
'shape for solid data with which properties are associated',#8073);
#8075=SHAPE_REPRESENTATION('',(#8045),#8058);
#8076=SHAPE_DEFINITION_REPRESENTATION(#8074,#8075);
#8077=(LENGTH_UNIT()NAMED_UNIT(*)SI_UNIT(.MILLI.,.METRE.));
#8081=PROPERTY_DEFINITION('geometric validation property','area of CAMGEAR',
#8073);
#8082=REPRESENTATION('surface area',(#8080),#8058);
#8083=PROPERTY_DEFINITION_REPRESENTATION(#8081,#8082);
#8084=(LENGTH_UNIT()NAMED_UNIT(*)SI_UNIT(.MILLI.,.METRE.));
#8088=PROPERTY_DEFINITION('geometric validation property','volume of CAMGEAR',
#8073);
#8089=REPRESENTATION('volume',(#8087),#8058);
#8090=PROPERTY_DEFINITION_REPRESENTATION(#8088,#8089);
#8092=PROPERTY_DEFINITION('geometric validation property','centroid of CAMGEAR',
#8073);
#8093=REPRESENTATION('centroid',(#8091),#8058);
#8094=PROPERTY_DEFINITION_REPRESENTATION(#8092,#8093);
#8095=(LENGTH_UNIT()NAMED_UNIT(*)SI_UNIT(.MILLI.,.METRE.));
#8099=PROPERTY_DEFINITION('geometric validation property','area of CAMGEAR',
#8072);
#8100=REPRESENTATION('surface area',(#8098),#8058);
#8101=PROPERTY_DEFINITION_REPRESENTATION(#8099,#8100);
#8102=(LENGTH_UNIT()NAMED_UNIT(*)SI_UNIT(.MILLI.,.METRE.));
#8106=PROPERTY_DEFINITION('geometric validation property','volume of CAMGEAR',
#8072);
#8107=REPRESENTATION('volume',(#8105),#8058);
#8108=PROPERTY_DEFINITION_REPRESENTATION(#8106,#8107);
#8110=PROPERTY_DEFINITION('geometric validation property','centroid of CAMGEAR',
#8072);
#8111=REPRESENTATION('centroid',(#8109),#8058);
#8112=PROPERTY_DEFINITION_REPRESENTATION(#8110,#8111);
#8113=SHAPE_DEFINITION_REPRESENTATION(#8072,#8063);
#8114=PRODUCT_RELATED_PRODUCT_CATEGORY('part','',(#8069));
ENDSEC;
END-ISO-10303-21;
