ISO-10303-21;
HEADER;
FILE_DESCRIPTION((''),'2;1');
FILE_NAME('TUOBAN2_TOP','2026-08-09T09:56:41',('gram2'),(''),
'CREO PARAMETRIC BY PTC INC, 2016510','CREO PARAMETRIC BY PTC INC, 2016510','');
FILE_SCHEMA(('AUTOMOTIVE_DESIGN { 1 0 10303 214 1 1 1 1 }'));
ENDSEC;
DATA;
#30=PLANE_ANGLE_MEASURE_WITH_UNIT(PLANE_ANGLE_MEASURE(1.745329251994E-2),#29);
#31=(CONVERSION_BASED_UNIT('DEGREE',#30)NAMED_UNIT(*)PLANE_ANGLE_UNIT());
#33=UNCERTAINTY_MEASURE_WITH_UNIT(LENGTH_MEASURE(6.132028983948E-2),#28,
'distance_accuracy_value',
'Maximum model space distance between geometric entities at asserted connectivities');
#35=CARTESIAN_POINT('',(0.E0,0.E0,0.E0));
#36=DIRECTION('',(0.E0,0.E0,1.E0));
#37=DIRECTION('',(1.E0,0.E0,0.E0));
#40=APPLICATION_CONTEXT('automotive_design');
#41=APPLICATION_PROTOCOL_DEFINITION('international standard',
'automotive_design',2001,#40);
#42=PRODUCT_DEFINITION_CONTEXT('part definition',#40,'design');
#43=PRODUCT_CONTEXT('',#40,'mechanical');
#44=PRODUCT('TUOBAN_YUAN','TUOBAN_YUAN','NOT SPECIFIED',(#43));
#45=PRODUCT_DEFINITION_FORMATION('92','LAST_VERSION',#44);
#49=DERIVED_UNIT_ELEMENT(#48,2.E0);
#50=DERIVED_UNIT((#49));
#51=MEASURE_REPRESENTATION_ITEM('surface area measure',AREA_MEASURE(
3.531296243416E4),#50);
#56=DERIVED_UNIT_ELEMENT(#55,3.E0);
#57=DERIVED_UNIT((#56));
#58=MEASURE_REPRESENTATION_ITEM('volume measure',VOLUME_MEASURE
(9.299111912417E4),#57);
#62=CARTESIAN_POINT('centre point',(1.411811305500E0,4.599466080171E0,
5.408240939050E1));
#72=CARTESIAN_POINT('centre point',(4.582917044281E1,1.656789447196E1,
-1.324612857556E1));
#76=CARTESIAN_POINT('',(4.258800966247E1,1.196842839179E1,-6.724978672425E1));
#77=DIRECTION('',(3.384017280358E-2,0.E0,9.994272573352E-1));
#78=DIRECTION('',(9.994272573352E-1,0.E0,-3.384017280358E-2));
#79=AXIS2_PLACEMENT_3D('',#76,#77,#78);
#80=ITEM_DEFINED_TRANSFORMATION('','',#38,#79);
#81=(REPRESENTATION_RELATIONSHIP('','',#39,#69)REPRESENTATION_RELATIONSHIP_WITH_TRANSFORMATION(#80)SHAPE_REPRESENTATION_RELATIONSHIP());
#82=CONTEXT_DEPENDENT_SHAPE_REPRESENTATION(#81,#71);
#101=PLANE_ANGLE_MEASURE_WITH_UNIT(PLANE_ANGLE_MEASURE(1.745329251994E-2),#100);
#102=(CONVERSION_BASED_UNIT('DEGREE',#101)NAMED_UNIT(*)PLANE_ANGLE_UNIT());
#104=UNCERTAINTY_MEASURE_WITH_UNIT(LENGTH_MEASURE(6.132028983948E-2),#99,
'distance_accuracy_value',
'Maximum model space distance between geometric entities at asserted connectivities');
#106=CARTESIAN_POINT('',(0.E0,0.E0,0.E0));
#107=DIRECTION('',(0.E0,0.E0,1.E0));
#108=DIRECTION('',(1.E0,0.E0,0.E0));
#111=PRODUCT_CONTEXT('',#40,'mechanical');
#112=PRODUCT('RAIL_TUBING','RAIL_TUBING','NOT SPECIFIED',(#111));
#113=PRODUCT_DEFINITION_FORMATION('1','LAST_VERSION',#112);
#117=DERIVED_UNIT_ELEMENT(#116,2.E0);
#118=DERIVED_UNIT((#117));
#119=MEASURE_REPRESENTATION_ITEM('surface area measure',AREA_MEASURE(
1.136628222069E4),#118);
#124=DERIVED_UNIT_ELEMENT(#123,3.E0);
#125=DERIVED_UNIT((#124));
#126=MEASURE_REPRESENTATION_ITEM('volume measure',VOLUME_MEASURE(
5.654866776462E3),#125);
#130=CARTESIAN_POINT('centre point',(0.E0,0.E0,1.E2));
#137=CARTESIAN_POINT('centre point',(1.153724375836E1,1.196842839179E1,
-3.075503579488E1));
#141=CARTESIAN_POINT('',(8.153226477999E0,1.196842839179E1,-1.306977615284E2));
#142=DIRECTION('',(3.384017280358E-2,0.E0,9.994272573352E-1));
#143=DIRECTION('',(9.994272573352E-1,-1.666605572227E-12,-3.384017280358E-2));
#144=AXIS2_PLACEMENT_3D('',#141,#142,#143);
#145=ITEM_DEFINED_TRANSFORMATION('','',#109,#144);
#146=(REPRESENTATION_RELATIONSHIP('','',#110,#69)REPRESENTATION_RELATIONSHIP_WITH_TRANSFORMATION(#145)SHAPE_REPRESENTATION_RELATIONSHIP());
#147=CONTEXT_DEPENDENT_SHAPE_REPRESENTATION(#146,#136);
#166=PLANE_ANGLE_MEASURE_WITH_UNIT(PLANE_ANGLE_MEASURE(1.745329251994E-2),#165);
#167=(CONVERSION_BASED_UNIT('DEGREE',#166)NAMED_UNIT(*)PLANE_ANGLE_UNIT());
#169=UNCERTAINTY_MEASURE_WITH_UNIT(LENGTH_MEASURE(6.132028983948E-2),#164,
'distance_accuracy_value',
'Maximum model space distance between geometric entities at asserted connectivities');
#171=CARTESIAN_POINT('',(0.E0,0.E0,0.E0));
#172=DIRECTION('',(0.E0,0.E0,1.E0));
#173=DIRECTION('',(1.E0,0.E0,0.E0));
#176=PRODUCT_DEFINITION_CONTEXT('part definition',#40,'design');
#177=PRODUCT_CONTEXT('',#40,'mechanical');
#178=PRODUCT('TOWER1','TOWER1','NOT SPECIFIED',(#177));
#179=PRODUCT_DEFINITION_FORMATION('33','LAST_VERSION',#178);
#183=DERIVED_UNIT_ELEMENT(#182,2.E0);
#184=DERIVED_UNIT((#183));
#185=MEASURE_REPRESENTATION_ITEM('surface area measure',AREA_MEASURE(
3.301979410520E4),#184);
#190=DERIVED_UNIT_ELEMENT(#189,3.E0);
#191=DERIVED_UNIT((#190));
#192=MEASURE_REPRESENTATION_ITEM('volume measure',VOLUME_MEASURE(
9.599955218972E4),#191);
#196=CARTESIAN_POINT('centre point',(-1.532947251198E0,4.044068520016E1,
1.499672758705E1));
#203=CARTESIAN_POINT('centre point',(3.899748488026E1,4.596515597884E1,
-1.523501988426E2));
#207=CARTESIAN_POINT('',(7.936313277473E1,3.096842839179E1,-1.552507878850E2));
#208=DIRECTION('',(0.E0,1.E0,0.E0));
#209=DIRECTION('',(-3.384017280358E-2,0.E0,-9.994272573352E-1));
#210=AXIS2_PLACEMENT_3D('',#207,#208,#209);
#211=ITEM_DEFINED_TRANSFORMATION('','',#174,#210);
#212=(REPRESENTATION_RELATIONSHIP('','',#175,#69)REPRESENTATION_RELATIONSHIP_WITH_TRANSFORMATION(#211)SHAPE_REPRESENTATION_RELATIONSHIP());
#213=CONTEXT_DEPENDENT_SHAPE_REPRESENTATION(#212,#202);
#232=CARTESIAN_POINT('centre point',(7.600030185648E1,1.196842839179E1,
-3.293772694071E1));
#236=CARTESIAN_POINT('',(7.261628457612E1,1.196842839179E1,-1.328804526742E2));
#237=DIRECTION('',(3.384017280358E-2,0.E0,9.994272573352E-1));
#238=DIRECTION('',(9.994272573352E-1,-1.594663120232E-12,-3.384017280358E-2));
#239=AXIS2_PLACEMENT_3D('',#236,#237,#238);
#240=ITEM_DEFINED_TRANSFORMATION('','',#109,#239);
#241=(REPRESENTATION_RELATIONSHIP('','',#110,#69)REPRESENTATION_RELATIONSHIP_WITH_TRANSFORMATION(#240)SHAPE_REPRESENTATION_RELATIONSHIP());
#242=CONTEXT_DEPENDENT_SHAPE_REPRESENTATION(#241,#231);
#261=PLANE_ANGLE_MEASURE_WITH_UNIT(PLANE_ANGLE_MEASURE(1.745329251994E-2),#260);
#262=(CONVERSION_BASED_UNIT('DEGREE',#261)NAMED_UNIT(*)PLANE_ANGLE_UNIT());
#264=UNCERTAINTY_MEASURE_WITH_UNIT(LENGTH_MEASURE(6.132028983948E-2),#259,
'distance_accuracy_value',
'Maximum model space distance between geometric entities at asserted connectivities');
#266=CARTESIAN_POINT('',(0.E0,0.E0,0.E0));
#267=DIRECTION('',(0.E0,0.E0,1.E0));
#268=DIRECTION('',(1.E0,0.E0,0.E0));
#271=PRODUCT_CONTEXT('',#40,'mechanical');
#272=PRODUCT('BEAR1','BEAR1','NOT SPECIFIED',(#271));
#273=PRODUCT_DEFINITION_FORMATION('1','LAST_VERSION',#272);
#277=DERIVED_UNIT_ELEMENT(#276,2.E0);
#278=DERIVED_UNIT((#277));
#279=MEASURE_REPRESENTATION_ITEM('surface area measure',AREA_MEASURE(
3.958406743523E2),#278);
#284=DERIVED_UNIT_ELEMENT(#283,3.E0);
#285=DERIVED_UNIT((#284));
#286=MEASURE_REPRESENTATION_ITEM('volume measure',VOLUME_MEASURE(
3.392920065877E2),#285);
#290=CARTESIAN_POINT('centre point',(0.E0,0.E0,2.E0));
#297=CARTESIAN_POINT('centre point',(7.692271606667E1,3.593342839179E1,
-2.838942213335E1));
#301=CARTESIAN_POINT('',(7.492386155200E1,3.593342839179E1,-2.832174178775E1));
#302=DIRECTION('',(9.994272573352E-1,0.E0,-3.384017280358E-2));
#303=DIRECTION('',(-3.384017280358E-2,0.E0,-9.994272573352E-1));
#304=AXIS2_PLACEMENT_3D('',#301,#302,#303);
#305=ITEM_DEFINED_TRANSFORMATION('','',#269,#304);
#306=(REPRESENTATION_RELATIONSHIP('','',#270,#69)REPRESENTATION_RELATIONSHIP_WITH_TRANSFORMATION(#305)SHAPE_REPRESENTATION_RELATIONSHIP());
#307=CONTEXT_DEPENDENT_SHAPE_REPRESENTATION(#306,#296);
#326=CARTESIAN_POINT('centre point',(1.676971993392E1,3.593342839179E1,
-2.635266781347E1));
#330=CARTESIAN_POINT('',(1.477086541925E1,3.593342839179E1,-2.628498746786E1));
#331=DIRECTION('',(9.994272573352E-1,0.E0,-3.384017280358E-2));
#332=DIRECTION('',(-3.384017280358E-2,-1.407577320947E-7,-9.994272573352E-1));
#333=AXIS2_PLACEMENT_3D('',#330,#331,#332);
#334=ITEM_DEFINED_TRANSFORMATION('','',#269,#333);
#335=(REPRESENTATION_RELATIONSHIP('','',#270,#69)REPRESENTATION_RELATIONSHIP_WITH_TRANSFORMATION(#334)SHAPE_REPRESENTATION_RELATIONSHIP());
#336=CONTEXT_DEPENDENT_SHAPE_REPRESENTATION(#335,#325);
#355=PLANE_ANGLE_MEASURE_WITH_UNIT(PLANE_ANGLE_MEASURE(1.745329251994E-2),#354);
#356=(CONVERSION_BASED_UNIT('DEGREE',#355)NAMED_UNIT(*)PLANE_ANGLE_UNIT());
#358=UNCERTAINTY_MEASURE_WITH_UNIT(LENGTH_MEASURE(6.132028983948E-2),#353,
'distance_accuracy_value',
'Maximum model space distance between geometric entities at asserted connectivities');
#360=CARTESIAN_POINT('',(0.E0,0.E0,0.E0));
#361=DIRECTION('',(0.E0,0.E0,1.E0));
#362=DIRECTION('',(1.E0,0.E0,0.E0));
#365=PRODUCT_DEFINITION_CONTEXT('part definition',#40,'design');
#366=PRODUCT_CONTEXT('',#40,'mechanical');
#367=PRODUCT('TULUN','TULUN','NOT SPECIFIED',(#366));
#368=PRODUCT_DEFINITION_FORMATION('42','LAST_VERSION',#367);
#372=DERIVED_UNIT_ELEMENT(#371,2.E0);
#373=DERIVED_UNIT((#372));
#374=MEASURE_REPRESENTATION_ITEM('surface area measure',AREA_MEASURE(
2.815228597623E3),#373);
#379=DERIVED_UNIT_ELEMENT(#378,3.E0);
#380=DERIVED_UNIT((#379));
#381=MEASURE_REPRESENTATION_ITEM('volume measure',VOLUME_MEASURE(
5.525941780764E3),#380);
#385=CARTESIAN_POINT('centre point',(1.587778267396E1,-1.080838914395E-1,
-8.791316851365E-1));
#392=CARTESIAN_POINT('centre point',(4.566574356863E1,3.606866723235E1,
-2.756738439518E1));
#396=CARTESIAN_POINT('',(2.981780593139E1,3.542950575841E1,-2.641721808323E1));
#397=DIRECTION('',(2.027291996728E-2,-8.006902963587E-1,5.987353823125E-1));
#398=DIRECTION('',(9.994272573352E-1,0.E0,-3.384017280358E-2));
#399=AXIS2_PLACEMENT_3D('',#396,#397,#398);
#400=ITEM_DEFINED_TRANSFORMATION('','',#363,#399);
#401=(REPRESENTATION_RELATIONSHIP('','',#364,#69)REPRESENTATION_RELATIONSHIP_WITH_TRANSFORMATION(#400)SHAPE_REPRESENTATION_RELATIONSHIP());
#402=CONTEXT_DEPENDENT_SHAPE_REPRESENTATION(#401,#391);
#421=PLANE_ANGLE_MEASURE_WITH_UNIT(PLANE_ANGLE_MEASURE(1.745329251994E-2),#420);
#422=(CONVERSION_BASED_UNIT('DEGREE',#421)NAMED_UNIT(*)PLANE_ANGLE_UNIT());
#424=UNCERTAINTY_MEASURE_WITH_UNIT(LENGTH_MEASURE(6.132028983948E-2),#419,
'distance_accuracy_value',
'Maximum model space distance between geometric entities at asserted connectivities');
#426=CARTESIAN_POINT('',(0.E0,0.E0,0.E0));
#427=DIRECTION('',(0.E0,0.E0,1.E0));
#428=DIRECTION('',(1.E0,0.E0,0.E0));
#431=PRODUCT_CONTEXT('',#40,'mechanical');
#432=PRODUCT('BEAR3','BEAR3','NOT SPECIFIED',(#431));
#433=PRODUCT_DEFINITION_FORMATION('1','LAST_VERSION',#432);
#437=DERIVED_UNIT_ELEMENT(#436,2.E0);
#438=DERIVED_UNIT((#437));
#439=MEASURE_REPRESENTATION_ITEM('surface area measure',AREA_MEASURE(
1.884955592154E2),#438);
#444=DERIVED_UNIT_ELEMENT(#443,3.E0);
#445=DERIVED_UNIT((#444));
#446=MEASURE_REPRESENTATION_ITEM('volume measure',VOLUME_MEASURE(
1.130973355292E2),#445);
#450=CARTESIAN_POINT('centre point',(0.E0,0.E0,1.5E0));
#457=CARTESIAN_POINT('centre point',(6.115764568608E1,3.376265494220E1,
-5.180034916229E0));
#461=CARTESIAN_POINT('',(5.965787259763E1,3.378874484789E1,-5.180034916229E0));
#462=DIRECTION('',(9.998487256294E-1,-1.739327046048E-2,0.E0));
#463=DIRECTION('',(1.739327046048E-2,9.998487256294E-1,0.E0));
#464=AXIS2_PLACEMENT_3D('',#461,#462,#463);
#465=ITEM_DEFINED_TRANSFORMATION('','',#429,#464);
#466=(REPRESENTATION_RELATIONSHIP('','',#430,#69)REPRESENTATION_RELATIONSHIP_WITH_TRANSFORMATION(#465)SHAPE_REPRESENTATION_RELATIONSHIP());
#467=CONTEXT_DEPENDENT_SHAPE_REPRESENTATION(#466,#456);
#486=CARTESIAN_POINT('centre point',(4.835386297707E1,4.596515597884E1,
8.315831779038E1));
#490=CARTESIAN_POINT('',(7.988215082603E0,3.096842839179E1,8.605890683275E1));
#491=DIRECTION('',(0.E0,1.E0,0.E0));
#492=DIRECTION('',(3.384017280358E-2,0.E0,9.994272573352E-1));
#493=AXIS2_PLACEMENT_3D('',#490,#491,#492);
#494=ITEM_DEFINED_TRANSFORMATION('','',#174,#493);
#495=(REPRESENTATION_RELATIONSHIP('','',#175,#69)REPRESENTATION_RELATIONSHIP_WITH_TRANSFORMATION(#494)SHAPE_REPRESENTATION_RELATIONSHIP());
#496=CONTEXT_DEPENDENT_SHAPE_REPRESENTATION(#495,#485);
#515=CARTESIAN_POINT('centre point',(7.602274011804E1,5.697678013061E1,
-3.227504089996E1));
#519=CARTESIAN_POINT('',(7.263872283768E1,5.697678013061E1,-1.322177666335E2));
#520=DIRECTION('',(3.384017280358E-2,0.E0,9.994272573352E-1));
#521=DIRECTION('',(9.994272573352E-1,-1.594663120232E-12,-3.384017280358E-2));
#522=AXIS2_PLACEMENT_3D('',#519,#520,#521);
#523=ITEM_DEFINED_TRANSFORMATION('','',#109,#522);
#524=(REPRESENTATION_RELATIONSHIP('','',#110,#69)REPRESENTATION_RELATIONSHIP_WITH_TRANSFORMATION(#523)SHAPE_REPRESENTATION_RELATIONSHIP());
#525=CONTEXT_DEPENDENT_SHAPE_REPRESENTATION(#524,#514);
#544=CARTESIAN_POINT('centre point',(1.157380345871E1,5.697678013061E1,
-2.967529068635E1));
#548=CARTESIAN_POINT('',(8.189786178356E0,5.697678013061E1,-1.296180164199E2));
#549=DIRECTION('',(3.384017280358E-2,0.E0,9.994272573352E-1));
#550=DIRECTION('',(9.848014512882E-1,1.704529726715E-1,-3.334494936397E-2));
#551=AXIS2_PLACEMENT_3D('',#548,#549,#550);
#552=ITEM_DEFINED_TRANSFORMATION('','',#109,#551);
#553=(REPRESENTATION_RELATIONSHIP('','',#110,#69)REPRESENTATION_RELATIONSHIP_WITH_TRANSFORMATION(#552)SHAPE_REPRESENTATION_RELATIONSHIP());
#554=CONTEXT_DEPENDENT_SHAPE_REPRESENTATION(#553,#543);
#573=PLANE_ANGLE_MEASURE_WITH_UNIT(PLANE_ANGLE_MEASURE(1.745329251994E-2),#572);
#574=(CONVERSION_BASED_UNIT('DEGREE',#573)NAMED_UNIT(*)PLANE_ANGLE_UNIT());
#576=UNCERTAINTY_MEASURE_WITH_UNIT(LENGTH_MEASURE(6.132028983948E-2),#571,
'distance_accuracy_value',
'Maximum model space distance between geometric entities at asserted connectivities');
#578=CARTESIAN_POINT('',(0.E0,0.E0,0.E0));
#579=DIRECTION('',(0.E0,0.E0,1.E0));
#580=DIRECTION('',(1.E0,0.E0,0.E0));
#583=PRODUCT_DEFINITION_CONTEXT('part definition',#40,'design');
#584=PRODUCT_CONTEXT('',#40,'mechanical');
#585=PRODUCT('35MOTOR','35MOTOR','NOT SPECIFIED',(#584));
#586=PRODUCT_DEFINITION_FORMATION('14','LAST_VERSION',#585);
#590=DERIVED_UNIT_ELEMENT(#589,2.E0);
#591=DERIVED_UNIT((#590));
#592=MEASURE_REPRESENTATION_ITEM('surface area measure',AREA_MEASURE(
7.130090586949E3),#591);
#597=DERIVED_UNIT_ELEMENT(#596,3.E0);
#598=DERIVED_UNIT((#597));
#599=MEASURE_REPRESENTATION_ITEM('volume measure',VOLUME_MEASURE(
3.270320441497E4),#598);
#603=CARTESIAN_POINT('centre point',(-1.921333463465E-2,-1.795547189967E-6,
1.967164691963E1));
#610=CARTESIAN_POINT('centre point',(4.324775945116E1,3.193342659625E1,
2.023152594223E1));
#614=CARTESIAN_POINT('',(6.290878976188E1,3.193342839179E1,1.958503634148E1));
#615=DIRECTION('',(-9.994272573352E-1,0.E0,3.384017280358E-2));
#616=DIRECTION('',(3.384017280358E-2,0.E0,9.994272573352E-1));
#617=AXIS2_PLACEMENT_3D('',#614,#615,#616);
#618=ITEM_DEFINED_TRANSFORMATION('','',#581,#617);
#619=(REPRESENTATION_RELATIONSHIP('','',#582,#69)REPRESENTATION_RELATIONSHIP_WITH_TRANSFORMATION(#618)SHAPE_REPRESENTATION_RELATIONSHIP());
#620=CONTEXT_DEPENDENT_SHAPE_REPRESENTATION(#619,#609);
#639=PLANE_ANGLE_MEASURE_WITH_UNIT(PLANE_ANGLE_MEASURE(1.745329251994E-2),#638);
#640=(CONVERSION_BASED_UNIT('DEGREE',#639)NAMED_UNIT(*)PLANE_ANGLE_UNIT());
#642=UNCERTAINTY_MEASURE_WITH_UNIT(LENGTH_MEASURE(6.132028983948E-2),#637,
'distance_accuracy_value',
'Maximum model space distance between geometric entities at asserted connectivities');
#644=CARTESIAN_POINT('',(0.E0,0.E0,0.E0));
#645=DIRECTION('',(0.E0,0.E0,1.E0));
#646=DIRECTION('',(1.E0,0.E0,0.E0));
#649=PRODUCT_CONTEXT('',#40,'mechanical');
#650=PRODUCT('MOTOR','MOTOR','NOT SPECIFIED',(#649));
#651=PRODUCT_DEFINITION_FORMATION('2','LAST_VERSION',#650);
#655=DERIVED_UNIT_ELEMENT(#654,2.E0);
#656=DERIVED_UNIT((#655));
#657=MEASURE_REPRESENTATION_ITEM('surface area measure',AREA_MEASURE(
1.190506536078E4),#656);
#662=DERIVED_UNIT_ELEMENT(#661,3.E0);
#663=DERIVED_UNIT((#662));
#664=MEASURE_REPRESENTATION_ITEM('volume measure',VOLUME_MEASURE(
9.927825484425E4),#663);
#668=CARTESIAN_POINT('centre point',(0.E0,0.E0,2.25E1));
#675=CARTESIAN_POINT('centre point',(-1.449889820744E1,3.096842839179E1,
8.682031072083E1));
#679=CARTESIAN_POINT('',(-3.698601149748E1,3.096842839179E1,8.758171460891E1));
#680=DIRECTION('',(9.994272573352E-1,0.E0,-3.384017280358E-2));
#681=DIRECTION('',(-3.384017280358E-2,0.E0,-9.994272573352E-1));
#682=AXIS2_PLACEMENT_3D('',#679,#680,#681);
#683=ITEM_DEFINED_TRANSFORMATION('','',#647,#682);
#684=(REPRESENTATION_RELATIONSHIP('','',#648,#69)REPRESENTATION_RELATIONSHIP_WITH_TRANSFORMATION(#683)SHAPE_REPRESENTATION_RELATIONSHIP());
#685=CONTEXT_DEPENDENT_SHAPE_REPRESENTATION(#684,#674);
#704=PLANE_ANGLE_MEASURE_WITH_UNIT(PLANE_ANGLE_MEASURE(1.745329251994E-2),#703);
#705=(CONVERSION_BASED_UNIT('DEGREE',#704)NAMED_UNIT(*)PLANE_ANGLE_UNIT());
#707=UNCERTAINTY_MEASURE_WITH_UNIT(LENGTH_MEASURE(6.132028983948E-2),#702,
'distance_accuracy_value',
'Maximum model space distance between geometric entities at asserted connectivities');
#709=CARTESIAN_POINT('',(0.E0,0.E0,0.E0));
#710=DIRECTION('',(0.E0,0.E0,1.E0));
#711=DIRECTION('',(1.E0,0.E0,0.E0));
#714=PRODUCT_DEFINITION_CONTEXT('part definition',#40,'design');
#715=PRODUCT_CONTEXT('',#40,'mechanical');
#716=PRODUCT('WHEEL','WHEEL','NOT SPECIFIED',(#715));
#717=PRODUCT_DEFINITION_FORMATION('15','LAST_VERSION',#716);
#721=DERIVED_UNIT_ELEMENT(#720,2.E0);
#722=DERIVED_UNIT((#721));
#723=MEASURE_REPRESENTATION_ITEM('surface area measure',AREA_MEASURE(
1.025173778234E4),#722);
#728=DERIVED_UNIT_ELEMENT(#727,3.E0);
#729=DERIVED_UNIT((#728));
#730=MEASURE_REPRESENTATION_ITEM('volume measure',VOLUME_MEASURE(
1.211346808420E4),#729);
#734=CARTESIAN_POINT('centre point',(-8.944017566652E-9,-4.207829195338E-8,
-2.627585563454E1));
#741=CARTESIAN_POINT('centre point',(3.924615769994E1,3.096842834971E1,
8.500052646456E1));
#745=CARTESIAN_POINT('',(1.298535136928E1,3.096842839179E1,8.588970596873E1));
#746=DIRECTION('',(-9.994272573352E-1,0.E0,3.384017280358E-2));
#747=DIRECTION('',(3.384017280358E-2,0.E0,9.994272573352E-1));
#748=AXIS2_PLACEMENT_3D('',#745,#746,#747);
#749=ITEM_DEFINED_TRANSFORMATION('','',#712,#748);
#750=(REPRESENTATION_RELATIONSHIP('','',#713,#69)REPRESENTATION_RELATIONSHIP_WITH_TRANSFORMATION(#749)SHAPE_REPRESENTATION_RELATIONSHIP());
#751=CONTEXT_DEPENDENT_SHAPE_REPRESENTATION(#750,#740);
#770=PLANE_ANGLE_MEASURE_WITH_UNIT(PLANE_ANGLE_MEASURE(1.745329251994E-2),#769);
#771=(CONVERSION_BASED_UNIT('DEGREE',#770)NAMED_UNIT(*)PLANE_ANGLE_UNIT());
#773=UNCERTAINTY_MEASURE_WITH_UNIT(LENGTH_MEASURE(6.132028983948E-2),#768,
'distance_accuracy_value',
'Maximum model space distance between geometric entities at asserted connectivities');
#775=CARTESIAN_POINT('',(0.E0,0.E0,0.E0));
#776=DIRECTION('',(0.E0,0.E0,1.E0));
#777=DIRECTION('',(1.E0,0.E0,0.E0));
#780=PRODUCT_CONTEXT('',#40,'mechanical');
#781=PRODUCT('ROPE1','ROPE1','NOT SPECIFIED',(#780));
#782=PRODUCT_DEFINITION_FORMATION('11','LAST_VERSION',#781);
#786=DERIVED_UNIT_ELEMENT(#785,2.E0);
#787=DERIVED_UNIT((#786));
#788=MEASURE_REPRESENTATION_ITEM('surface area measure',AREA_MEASURE(
5.589810696487E3),#787);
#793=DERIVED_UNIT_ELEMENT(#792,3.E0);
#794=DERIVED_UNIT((#793));
#795=MEASURE_REPRESENTATION_ITEM('volume measure',VOLUME_MEASURE(
4.192358023099E3),#794);
#799=CARTESIAN_POINT('centre point',(1.480764529656E-5,-1.8E1,1.2E2));
#806=CARTESIAN_POINT('centre point',(3.167579662951E1,3.043195539928E1,
-3.481191289548E1));
#810=CARTESIAN_POINT('',(2.761499069224E1,1.243195539928E1,-1.547431842768E2));
#811=DIRECTION('',(3.384017280358E-2,0.E0,9.994272573352E-1));
#812=DIRECTION('',(-9.994272573352E-1,0.E0,3.384017280358E-2));
#813=AXIS2_PLACEMENT_3D('',#810,#811,#812);
#814=ITEM_DEFINED_TRANSFORMATION('','',#778,#813);
#815=(REPRESENTATION_RELATIONSHIP('','',#779,#69)REPRESENTATION_RELATIONSHIP_WITH_TRANSFORMATION(#814)SHAPE_REPRESENTATION_RELATIONSHIP());
#816=CONTEXT_DEPENDENT_SHAPE_REPRESENTATION(#815,#805);
#835=PLANE_ANGLE_MEASURE_WITH_UNIT(PLANE_ANGLE_MEASURE(1.745329251994E-2),#834);
#836=(CONVERSION_BASED_UNIT('DEGREE',#835)NAMED_UNIT(*)PLANE_ANGLE_UNIT());
#838=UNCERTAINTY_MEASURE_WITH_UNIT(LENGTH_MEASURE(6.132028983948E-2),#833,
'distance_accuracy_value',
'Maximum model space distance between geometric entities at asserted connectivities');
#840=CARTESIAN_POINT('',(0.E0,0.E0,0.E0));
#841=DIRECTION('',(0.E0,0.E0,1.E0));
#842=DIRECTION('',(1.E0,0.E0,0.E0));
#845=PRODUCT_DEFINITION_CONTEXT('part definition',#40,'design');
#846=PRODUCT_CONTEXT('',#40,'mechanical');
#847=PRODUCT('ROPE2','ROPE2','NOT SPECIFIED',(#846));
#848=PRODUCT_DEFINITION_FORMATION('3','LAST_VERSION',#847);
#852=DERIVED_UNIT_ELEMENT(#851,2.E0);
#853=DERIVED_UNIT((#852));
#854=MEASURE_REPRESENTATION_ITEM('surface area measure',AREA_MEASURE(
8.012061998298E3),#853);
#859=DERIVED_UNIT_ELEMENT(#858,3.E0);
#860=DERIVED_UNIT((#859));
#861=MEASURE_REPRESENTATION_ITEM('volume measure',VOLUME_MEASURE(
8.612966640938E3),#860);
#865=CARTESIAN_POINT('centre point',(-1.480764531253E-5,1.200000000003E2,
-1.799999785344E1));
#872=CARTESIAN_POINT('centre point',(4.367341041080E1,2.996842622643E1,
-3.521814688695E1));
#876=CARTESIAN_POINT('',(4.773340875279E1,1.196842839179E1,8.471315183954E1));
#877=DIRECTION('',(-4.486640988494E-5,-9.999999989923E-1,1.519157149252E-6));
#878=DIRECTION('',(-9.994272563282E-1,4.489212151823E-5,3.384017276948E-2));
#879=AXIS2_PLACEMENT_3D('',#876,#877,#878);
#880=ITEM_DEFINED_TRANSFORMATION('','',#843,#879);
#881=(REPRESENTATION_RELATIONSHIP('','',#844,#69)REPRESENTATION_RELATIONSHIP_WITH_TRANSFORMATION(#880)SHAPE_REPRESENTATION_RELATIONSHIP());
#882=CONTEXT_DEPENDENT_SHAPE_REPRESENTATION(#881,#871);
#901=PLANE_ANGLE_MEASURE_WITH_UNIT(PLANE_ANGLE_MEASURE(1.745329251994E-2),#900);
#902=(CONVERSION_BASED_UNIT('DEGREE',#901)NAMED_UNIT(*)PLANE_ANGLE_UNIT());
#904=UNCERTAINTY_MEASURE_WITH_UNIT(LENGTH_MEASURE(6.132028983948E-2),#899,
'distance_accuracy_value',
'Maximum model space distance between geometric entities at asserted connectivities');
#906=CARTESIAN_POINT('',(0.E0,0.E0,0.E0));
#907=DIRECTION('',(0.E0,0.E0,1.E0));
#908=DIRECTION('',(1.E0,0.E0,0.E0));
#911=PRODUCT_CONTEXT('',#40,'mechanical');
#912=PRODUCT('ROPE3','ROPE3','NOT SPECIFIED',(#911));
#913=PRODUCT_DEFINITION_FORMATION('3','LAST_VERSION',#912);
#917=DERIVED_UNIT_ELEMENT(#916,2.E0);
#918=DERIVED_UNIT((#917));
#919=MEASURE_REPRESENTATION_ITEM('surface area measure',AREA_MEASURE(
1.117962139297E4),#918);
#924=DERIVED_UNIT_ELEMENT(#923,3.E0);
#925=DERIVED_UNIT((#924));
#926=MEASURE_REPRESENTATION_ITEM('volume measure',VOLUME_MEASURE(
1.676943206444E4),#925);
#930=CARTESIAN_POINT('centre point',(1.480764532170E-5,-1.800000257279E1,
1.2E2));
#937=CARTESIAN_POINT('centre point',(5.570779251206E1,2.996843096458E1,
-3.438105983261E1));
#941=CARTESIAN_POINT('',(5.164698657479E1,1.196842839179E1,-1.543123312139E2));
#942=DIRECTION('',(3.384017280358E-2,0.E0,9.994272573352E-1));
#943=DIRECTION('',(-9.994272573352E-1,0.E0,3.384017280358E-2));
#944=AXIS2_PLACEMENT_3D('',#941,#942,#943);
#945=ITEM_DEFINED_TRANSFORMATION('','',#909,#944);
#946=(REPRESENTATION_RELATIONSHIP('','',#910,#69)REPRESENTATION_RELATIONSHIP_WITH_TRANSFORMATION(#945)SHAPE_REPRESENTATION_RELATIONSHIP());
#947=CONTEXT_DEPENDENT_SHAPE_REPRESENTATION(#946,#936);
#966=PLANE_ANGLE_MEASURE_WITH_UNIT(PLANE_ANGLE_MEASURE(1.745329251994E-2),#965);
#967=(CONVERSION_BASED_UNIT('DEGREE',#966)NAMED_UNIT(*)PLANE_ANGLE_UNIT());
#969=UNCERTAINTY_MEASURE_WITH_UNIT(LENGTH_MEASURE(6.132028983948E-2),#964,
'distance_accuracy_value',
'Maximum model space distance between geometric entities at asserted connectivities');
#971=CARTESIAN_POINT('',(0.E0,0.E0,0.E0));
#972=DIRECTION('',(0.E0,0.E0,1.E0));
#973=DIRECTION('',(1.E0,0.E0,0.E0));
#976=PRODUCT_DEFINITION_CONTEXT('part definition',#40,'design');
#977=PRODUCT_CONTEXT('',#40,'mechanical');
#978=PRODUCT('BRAKE1','BRAKE1','NOT SPECIFIED',(#977));
#979=PRODUCT_DEFINITION_FORMATION('24','LAST_VERSION',#978);
#983=DERIVED_UNIT_ELEMENT(#982,2.E0);
#984=DERIVED_UNIT((#983));
#985=MEASURE_REPRESENTATION_ITEM('surface area measure',AREA_MEASURE(
4.892572164216E2),#984);
#990=DERIVED_UNIT_ELEMENT(#989,3.E0);
#991=DERIVED_UNIT((#990));
#992=MEASURE_REPRESENTATION_ITEM('volume measure',VOLUME_MEASURE(
3.810253291934E2),#991);
#996=CARTESIAN_POINT('centre point',(-1.476364658848E-3,9.368024913296E-6,
6.236559187262E0));
#1003=CARTESIAN_POINT('centre point',(3.194996468865E1,2.284040305425E1,
-2.686667368027E1));
#1007=CARTESIAN_POINT('',(3.194848948659E1,2.907696224151E1,-2.686661435718E1));
#1008=DIRECTION('',(0.E0,-1.E0,0.E0));
#1009=DIRECTION('',(-9.994272573354E-1,0.E0,3.384017279962E-2));
#1010=AXIS2_PLACEMENT_3D('',#1007,#1008,#1009);
#1011=ITEM_DEFINED_TRANSFORMATION('','',#974,#1010);
#1012=(REPRESENTATION_RELATIONSHIP('','',#975,#69)REPRESENTATION_RELATIONSHIP_WITH_TRANSFORMATION(#1011)SHAPE_REPRESENTATION_RELATIONSHIP());
#1013=CONTEXT_DEPENDENT_SHAPE_REPRESENTATION(#1012,#1002);
#1032=PLANE_ANGLE_MEASURE_WITH_UNIT(PLANE_ANGLE_MEASURE(1.745329251994E-2),
#1031);
#1033=(CONVERSION_BASED_UNIT('DEGREE',#1032)NAMED_UNIT(*)PLANE_ANGLE_UNIT());
#1035=UNCERTAINTY_MEASURE_WITH_UNIT(LENGTH_MEASURE(6.132028983948E-2),#1030,
'distance_accuracy_value',
'Maximum model space distance between geometric entities at asserted connectivities');
#1037=CARTESIAN_POINT('',(0.E0,0.E0,0.E0));
#1038=DIRECTION('',(0.E0,0.E0,1.E0));
#1039=DIRECTION('',(1.E0,0.E0,0.E0));
#1042=PRODUCT_CONTEXT('',#40,'mechanical');
#1043=PRODUCT('BRAKE2','BRAKE2','NOT SPECIFIED',(#1042));
#1044=PRODUCT_DEFINITION_FORMATION('14','LAST_VERSION',#1043);
#1048=DERIVED_UNIT_ELEMENT(#1047,2.E0);
#1049=DERIVED_UNIT((#1048));
#1050=MEASURE_REPRESENTATION_ITEM('surface area measure',AREA_MEASURE(
5.047437553226E2),#1049);
#1055=DERIVED_UNIT_ELEMENT(#1054,3.E0);
#1056=DERIVED_UNIT((#1055));
#1057=MEASURE_REPRESENTATION_ITEM('volume measure',VOLUME_MEASURE(
4.369210268989E2),#1056);
#1061=CARTESIAN_POINT('centre point',(1.894539725233E-8,6.313162921366E-5,
6.330763264053E0));
#1068=CARTESIAN_POINT('centre point',(4.394161872993E1,2.259789003387E1,
-2.727263333601E1));
#1072=CARTESIAN_POINT('',(4.394161657461E1,2.892865329792E1,-2.727269643084E1));
#1073=DIRECTION('',(0.E0,-1.E0,0.E0));
#1074=DIRECTION('',(9.994272573352E-1,0.E0,-3.384017280358E-2));
#1075=AXIS2_PLACEMENT_3D('',#1072,#1073,#1074);
#1076=ITEM_DEFINED_TRANSFORMATION('','',#1040,#1075);
#1077=(REPRESENTATION_RELATIONSHIP('','',#1041,#69)REPRESENTATION_RELATIONSHIP_WITH_TRANSFORMATION(#1076)SHAPE_REPRESENTATION_RELATIONSHIP());
#1078=CONTEXT_DEPENDENT_SHAPE_REPRESENTATION(#1077,#1067);
#1097=PLANE_ANGLE_MEASURE_WITH_UNIT(PLANE_ANGLE_MEASURE(1.745329251994E-2),
#1096);
#1098=(CONVERSION_BASED_UNIT('DEGREE',#1097)NAMED_UNIT(*)PLANE_ANGLE_UNIT());
#1100=UNCERTAINTY_MEASURE_WITH_UNIT(LENGTH_MEASURE(6.132028983948E-2),#1095,
'distance_accuracy_value',
'Maximum model space distance between geometric entities at asserted connectivities');
#1102=CARTESIAN_POINT('',(0.E0,0.E0,0.E0));
#1103=DIRECTION('',(0.E0,0.E0,1.E0));
#1104=DIRECTION('',(1.E0,0.E0,0.E0));
#1107=PRODUCT_DEFINITION_CONTEXT('part definition',#40,'design');
#1108=PRODUCT_CONTEXT('',#40,'mechanical');
#1109=PRODUCT('BRAKE3','BRAKE3','NOT SPECIFIED',(#1108));
#1110=PRODUCT_DEFINITION_FORMATION('10','LAST_VERSION',#1109);
#1114=DERIVED_UNIT_ELEMENT(#1113,2.E0);
#1115=DERIVED_UNIT((#1114));
#1116=MEASURE_REPRESENTATION_ITEM('surface area measure',AREA_MEASURE(
6.055890040268E2),#1115);
#1121=DERIVED_UNIT_ELEMENT(#1120,3.E0);
#1122=DERIVED_UNIT((#1121));
#1123=MEASURE_REPRESENTATION_ITEM('volume measure',VOLUME_MEASURE(
6.168433307511E2),#1122);
#1127=CARTESIAN_POINT('centre point',(1.350015650761E-7,-2.398226157116E-9,
6.705777513988E0));
#1134=CARTESIAN_POINT('centre point',(5.593474352779E1,2.347831617987E1,
-2.767877849751E1));
#1138=CARTESIAN_POINT('',(5.593474366263E1,3.018409369386E1,-2.767877850448E1));
#1139=DIRECTION('',(0.E0,-1.E0,0.E0));
#1140=DIRECTION('',(-9.994272573352E-1,0.E0,3.384017280358E-2));
#1141=AXIS2_PLACEMENT_3D('',#1138,#1139,#1140);
#1142=ITEM_DEFINED_TRANSFORMATION('','',#1105,#1141);
#1143=(REPRESENTATION_RELATIONSHIP('','',#1106,#69)REPRESENTATION_RELATIONSHIP_WITH_TRANSFORMATION(#1142)SHAPE_REPRESENTATION_RELATIONSHIP());
#1144=CONTEXT_DEPENDENT_SHAPE_REPRESENTATION(#1143,#1133);
#1163=PLANE_ANGLE_MEASURE_WITH_UNIT(PLANE_ANGLE_MEASURE(1.745329251994E-2),
#1162);
#1164=(CONVERSION_BASED_UNIT('DEGREE',#1163)NAMED_UNIT(*)PLANE_ANGLE_UNIT());
#1166=UNCERTAINTY_MEASURE_WITH_UNIT(LENGTH_MEASURE(6.132028983948E-2),#1161,
'distance_accuracy_value',
'Maximum model space distance between geometric entities at asserted connectivities');
#1168=CARTESIAN_POINT('',(0.E0,0.E0,0.E0));
#1169=DIRECTION('',(0.E0,0.E0,1.E0));
#1170=DIRECTION('',(1.E0,0.E0,0.E0));
#1173=PRODUCT_CONTEXT('',#40,'mechanical');
#1174=PRODUCT('MOTORGEAR','MOTORGEAR','NOT SPECIFIED',(#1173));
#1175=PRODUCT_DEFINITION_FORMATION('3','LAST_VERSION',#1174);
#1179=DERIVED_UNIT_ELEMENT(#1178,2.E0);
#1180=DERIVED_UNIT((#1179));
#1181=MEASURE_REPRESENTATION_ITEM('surface area measure',AREA_MEASURE(
9.134738747429E2),#1180);
#1186=DERIVED_UNIT_ELEMENT(#1185,3.E0);
#1187=DERIVED_UNIT((#1186));
#1188=MEASURE_REPRESENTATION_ITEM('volume measure',VOLUME_MEASURE(
1.051042286901E3),#1187);
#1192=CARTESIAN_POINT('centre point',(-2.129357451488E-11,-6.161503788529E-4,
3.E0));
#1199=CARTESIAN_POINT('centre point',(6.593122589265E1,3.193336397767E1,
9.478375697708E0));
#1203=CARTESIAN_POINT('',(6.892952849350E1,3.193333581171E1,9.377470333040E0));
#1204=DIRECTION('',(-9.994272573352E-1,0.E0,3.384017280358E-2));
#1205=DIRECTION('',(-1.546928140945E-3,-9.989546247832E-1,-4.568659144187E-2));
#1206=AXIS2_PLACEMENT_3D('',#1203,#1204,#1205);
#1207=ITEM_DEFINED_TRANSFORMATION('','',#1171,#1206);
#1208=(REPRESENTATION_RELATIONSHIP('','',#1172,#69)REPRESENTATION_RELATIONSHIP_WITH_TRANSFORMATION(#1207)SHAPE_REPRESENTATION_RELATIONSHIP());
#1209=CONTEXT_DEPENDENT_SHAPE_REPRESENTATION(#1208,#1198);
#1228=PLANE_ANGLE_MEASURE_WITH_UNIT(PLANE_ANGLE_MEASURE(1.745329251994E-2),
#1227);
#1229=(CONVERSION_BASED_UNIT('DEGREE',#1228)NAMED_UNIT(*)PLANE_ANGLE_UNIT());
#1231=UNCERTAINTY_MEASURE_WITH_UNIT(LENGTH_MEASURE(6.132028983948E-2),#1226,
'distance_accuracy_value',
'Maximum model space distance between geometric entities at asserted connectivities');
#1233=CARTESIAN_POINT('',(0.E0,0.E0,0.E0));
#1234=DIRECTION('',(0.E0,0.E0,1.E0));
#1235=DIRECTION('',(1.E0,0.E0,0.E0));
#1238=PRODUCT_DEFINITION_CONTEXT('part definition',#40,'design');
#1239=PRODUCT_CONTEXT('',#40,'mechanical');
#1240=PRODUCT('CAMGEAR2','CAMGEAR2','NOT SPECIFIED',(#1239));
#1241=PRODUCT_DEFINITION_FORMATION('1','LAST_VERSION',#1240);
#1245=DERIVED_UNIT_ELEMENT(#1244,2.E0);
#1246=DERIVED_UNIT((#1245));
#1247=MEASURE_REPRESENTATION_ITEM('surface area measure',AREA_MEASURE(
8.447522083435E2),#1246);
#1252=DERIVED_UNIT_ELEMENT(#1251,3.E0);
#1253=DERIVED_UNIT((#1252));
#1254=MEASURE_REPRESENTATION_ITEM('volume measure',VOLUME_MEASURE(
6.245411601296E2),#1253);
#1258=CARTESIAN_POINT('centre point',(-2.683696737224E-11,-8.641012271693E-4,
2.5E0));
#1265=CARTESIAN_POINT('centre point',(6.528471459711E1,3.593256429057E1,
-2.799536445882E1));
#1269=CARTESIAN_POINT('',(6.778328274044E1,3.593342839179E1,-2.807996489090E1));
#1270=DIRECTION('',(-9.994272573352E-1,0.E0,3.384017280358E-2));
#1271=DIRECTION('',(3.384017280358E-2,1.153129330469E-7,9.994272573352E-1));
#1272=AXIS2_PLACEMENT_3D('',#1269,#1270,#1271);
#1273=ITEM_DEFINED_TRANSFORMATION('','',#1236,#1272);
#1274=(REPRESENTATION_RELATIONSHIP('','',#1237,#69)REPRESENTATION_RELATIONSHIP_WITH_TRANSFORMATION(#1273)SHAPE_REPRESENTATION_RELATIONSHIP());
#1275=CONTEXT_DEPENDENT_SHAPE_REPRESENTATION(#1274,#1264);
#1294=PLANE_ANGLE_MEASURE_WITH_UNIT(PLANE_ANGLE_MEASURE(1.745329251994E-2),
#1293);
#1295=(CONVERSION_BASED_UNIT('DEGREE',#1294)NAMED_UNIT(*)PLANE_ANGLE_UNIT());
#1297=UNCERTAINTY_MEASURE_WITH_UNIT(LENGTH_MEASURE(6.132028983948E-2),#1292,
'distance_accuracy_value',
'Maximum model space distance between geometric entities at asserted connectivities');
#1299=CARTESIAN_POINT('',(0.E0,0.E0,0.E0));
#1300=DIRECTION('',(0.E0,0.E0,1.E0));
#1301=DIRECTION('',(1.E0,0.E0,0.E0));
#1304=PRODUCT_CONTEXT('',#40,'mechanical');
#1305=PRODUCT('CAMGEAR','CAMGEAR','NOT SPECIFIED',(#1304));
#1306=PRODUCT_DEFINITION_FORMATION('3','LAST_VERSION',#1305);
#1310=DERIVED_UNIT_ELEMENT(#1309,2.E0);
#1311=DERIVED_UNIT((#1310));
#1312=MEASURE_REPRESENTATION_ITEM('surface area measure',AREA_MEASURE(
1.214589066207E3),#1311);
#1317=DERIVED_UNIT_ELEMENT(#1316,3.E0);
#1318=DERIVED_UNIT((#1317));
#1319=MEASURE_REPRESENTATION_ITEM('volume measure',VOLUME_MEASURE(
1.254360871556E3),#1318);
#1323=CARTESIAN_POINT('centre point',(-7.697729059226E-6,-8.191704603067E-4,
2.5E0));
#1330=CARTESIAN_POINT('centre point',(6.585577352684E1,3.953260922133E1,
-1.112985188506E1));
#1334=CARTESIAN_POINT('',(6.335720512301E1,3.953342839179E1,-1.104525914620E1));
#1335=DIRECTION('',(9.994272573352E-1,0.E0,-3.384017280358E-2));
#1336=DIRECTION('',(-3.384017280358E-2,2.049439189565E-7,-9.994272573352E-1));
#1337=AXIS2_PLACEMENT_3D('',#1334,#1335,#1336);
#1338=ITEM_DEFINED_TRANSFORMATION('','',#1302,#1337);
#1339=(REPRESENTATION_RELATIONSHIP('','',#1303,#69)REPRESENTATION_RELATIONSHIP_WITH_TRANSFORMATION(#1338)SHAPE_REPRESENTATION_RELATIONSHIP());
#1340=CONTEXT_DEPENDENT_SHAPE_REPRESENTATION(#1339,#1329);
#1359=PLANE_ANGLE_MEASURE_WITH_UNIT(PLANE_ANGLE_MEASURE(1.745329251994E-2),
#1358);
#1360=(CONVERSION_BASED_UNIT('DEGREE',#1359)NAMED_UNIT(*)PLANE_ANGLE_UNIT());
#1362=UNCERTAINTY_MEASURE_WITH_UNIT(LENGTH_MEASURE(6.132028983948E-2),#1357,
'distance_accuracy_value',
'Maximum model space distance between geometric entities at asserted connectivities');
#1364=CARTESIAN_POINT('',(0.E0,0.E0,0.E0));
#1365=DIRECTION('',(0.E0,0.E0,1.E0));
#1366=DIRECTION('',(1.E0,0.E0,0.E0));
#1369=PRODUCT_DEFINITION_CONTEXT('part definition',#40,'design');
#1370=PRODUCT_CONTEXT('',#40,'mechanical');
#1371=PRODUCT('BEAR4','BEAR4','NOT SPECIFIED',(#1370));
#1372=PRODUCT_DEFINITION_FORMATION('5','LAST_VERSION',#1371);
#1376=DERIVED_UNIT_ELEMENT(#1375,2.E0);
#1377=DERIVED_UNIT((#1376));
#1378=MEASURE_REPRESENTATION_ITEM('surface area measure',AREA_MEASURE(
4.829325801494E3),#1377);
#1383=DERIVED_UNIT_ELEMENT(#1382,3.E0);
#1384=DERIVED_UNIT((#1383));
#1385=MEASURE_REPRESENTATION_ITEM('volume measure',VOLUME_MEASURE(
9.089506582826E3),#1384);
#1389=CARTESIAN_POINT('centre point',(0.E0,0.E0,5.783118996752E0));
#1396=CARTESIAN_POINT('centre point',(8.166287528299E1,3.096842839179E1,
8.356431484106E1));
#1400=CARTESIAN_POINT('',(8.744268204075E1,3.096842839179E1,8.336861309487E1));
#1401=DIRECTION('',(-9.994272573352E-1,0.E0,3.384017280358E-2));
#1402=DIRECTION('',(3.384017280358E-2,0.E0,9.994272573352E-1));
#1403=AXIS2_PLACEMENT_3D('',#1400,#1401,#1402);
#1404=ITEM_DEFINED_TRANSFORMATION('','',#1367,#1403);
#1405=(REPRESENTATION_RELATIONSHIP('','',#1368,#69)REPRESENTATION_RELATIONSHIP_WITH_TRANSFORMATION(#1404)SHAPE_REPRESENTATION_RELATIONSHIP());
#1406=CONTEXT_DEPENDENT_SHAPE_REPRESENTATION(#1405,#1395);
#1425=PLANE_ANGLE_MEASURE_WITH_UNIT(PLANE_ANGLE_MEASURE(1.745329251994E-2),
#1424);
#1426=(CONVERSION_BASED_UNIT('DEGREE',#1425)NAMED_UNIT(*)PLANE_ANGLE_UNIT());
#1428=UNCERTAINTY_MEASURE_WITH_UNIT(LENGTH_MEASURE(6.132028983948E-2),#1423,
'distance_accuracy_value',
'Maximum model space distance between geometric entities at asserted connectivities');
#1430=CARTESIAN_POINT('',(0.E0,0.E0,0.E0));
#1431=DIRECTION('',(0.E0,0.E0,1.E0));
#1432=DIRECTION('',(1.E0,0.E0,0.E0));
#1435=PRODUCT_CONTEXT('',#40,'mechanical');
#1436=PRODUCT('WHEEL2','WHEEL2','NOT SPECIFIED',(#1435));
#1437=PRODUCT_DEFINITION_FORMATION('18','LAST_VERSION',#1436);
#1441=DERIVED_UNIT_ELEMENT(#1440,2.E0);
#1442=DERIVED_UNIT((#1441));
#1443=MEASURE_REPRESENTATION_ITEM('surface area measure',AREA_MEASURE(
8.264889268399E3),#1442);
#1448=DERIVED_UNIT_ELEMENT(#1447,3.E0);
#1449=DERIVED_UNIT((#1448));
#1450=MEASURE_REPRESENTATION_ITEM('volume measure',VOLUME_MEASURE(
8.532035782595E3),#1449);
#1454=CARTESIAN_POINT('centre point',(-2.567850009427E-12,0.E0,
-3.300000006927E1));
#1461=CARTESIAN_POINT('centre point',(3.973045992129E1,3.096842839180E1,
-1.539088427977E2));
#1465=CARTESIAN_POINT('',(6.749360359998E0,3.096842839179E1,-1.527921170929E2));
#1466=DIRECTION('',(-9.994272573352E-1,0.E0,3.384017280358E-2));
#1467=DIRECTION('',(0.E0,-1.E0,0.E0));
#1468=AXIS2_PLACEMENT_3D('',#1465,#1466,#1467);
#1469=ITEM_DEFINED_TRANSFORMATION('','',#1433,#1468);
#1470=(REPRESENTATION_RELATIONSHIP('','',#1434,#69)REPRESENTATION_RELATIONSHIP_WITH_TRANSFORMATION(#1469)SHAPE_REPRESENTATION_RELATIONSHIP());
#1471=CONTEXT_DEPENDENT_SHAPE_REPRESENTATION(#1470,#1460);
#1490=PLANE_ANGLE_MEASURE_WITH_UNIT(PLANE_ANGLE_MEASURE(1.745329251994E-2),
#1489);
#1491=(CONVERSION_BASED_UNIT('DEGREE',#1490)NAMED_UNIT(*)PLANE_ANGLE_UNIT());
#1493=UNCERTAINTY_MEASURE_WITH_UNIT(LENGTH_MEASURE(6.132028983948E-2),#1488,
'distance_accuracy_value',
'Maximum model space distance between geometric entities at asserted connectivities');
#1495=CARTESIAN_POINT('',(0.E0,0.E0,0.E0));
#1496=DIRECTION('',(0.E0,0.E0,1.E0));
#1497=DIRECTION('',(1.E0,0.E0,0.E0));
#1500=PRODUCT_DEFINITION_CONTEXT('part definition',#40,'design');
#1501=PRODUCT_CONTEXT('',#40,'mechanical');
#1502=PRODUCT('HALFWHEEL','HALFWHEEL','NOT SPECIFIED',(#1501));
#1503=PRODUCT_DEFINITION_FORMATION('24','LAST_VERSION',#1502);
#1507=DERIVED_UNIT_ELEMENT(#1506,2.E0);
#1508=DERIVED_UNIT((#1507));
#1509=MEASURE_REPRESENTATION_ITEM('surface area measure',AREA_MEASURE(
5.568361894250E3),#1508);
#1514=DERIVED_UNIT_ELEMENT(#1513,3.E0);
#1515=DERIVED_UNIT((#1514));
#1516=MEASURE_REPRESENTATION_ITEM('volume measure',VOLUME_MEASURE(
1.140759599269E4),#1515);
#1520=CARTESIAN_POINT('centre point',(9.347643730959E0,-2.522041766073E-1,
-6.424395407986E-1));
#1527=CARTESIAN_POINT('centre point',(4.706484234050E1,4.031607212275E1,
8.448344050037E1));
#1531=CARTESIAN_POINT('',(4.771544856168E1,3.096842839179E1,8.471375996381E1));
#1532=DIRECTION('',(9.994272573352E-1,0.E0,-3.384017280358E-2));
#1533=DIRECTION('',(0.E0,1.E0,0.E0));
#1534=AXIS2_PLACEMENT_3D('',#1531,#1532,#1533);
#1535=ITEM_DEFINED_TRANSFORMATION('','',#1498,#1534);
#1536=(REPRESENTATION_RELATIONSHIP('','',#1499,#69)REPRESENTATION_RELATIONSHIP_WITH_TRANSFORMATION(#1535)SHAPE_REPRESENTATION_RELATIONSHIP());
#1537=CONTEXT_DEPENDENT_SHAPE_REPRESENTATION(#1536,#1526);
#1556=CARTESIAN_POINT('centre point',(4.708228462972E1,2.162108857386E1,
8.499857673733E1));
#1560=CARTESIAN_POINT('',(4.771544856168E1,3.096842839179E1,8.471375996381E1));
#1561=DIRECTION('',(9.994272573352E-1,0.E0,-3.384017280358E-2));
#1562=DIRECTION('',(3.990624034865E-5,-9.999993046769E-1,1.178580989335E-3));
#1563=AXIS2_PLACEMENT_3D('',#1560,#1561,#1562);
#1564=ITEM_DEFINED_TRANSFORMATION('','',#1498,#1563);
#1565=(REPRESENTATION_RELATIONSHIP('','',#1499,#69)REPRESENTATION_RELATIONSHIP_WITH_TRANSFORMATION(#1564)SHAPE_REPRESENTATION_RELATIONSHIP());
#1566=CONTEXT_DEPENDENT_SHAPE_REPRESENTATION(#1565,#1555);
#1585=PLANE_ANGLE_MEASURE_WITH_UNIT(PLANE_ANGLE_MEASURE(1.745329251994E-2),
#1584);
#1586=(CONVERSION_BASED_UNIT('DEGREE',#1585)NAMED_UNIT(*)PLANE_ANGLE_UNIT());
#1588=UNCERTAINTY_MEASURE_WITH_UNIT(LENGTH_MEASURE(6.132028983948E-2),#1583,
'distance_accuracy_value',
'Maximum model space distance between geometric entities at asserted connectivities');
#1590=CARTESIAN_POINT('',(0.E0,0.E0,0.E0));
#1591=DIRECTION('',(0.E0,0.E0,1.E0));
#1592=DIRECTION('',(1.E0,0.E0,0.E0));
#1595=PRODUCT_CONTEXT('',#40,'mechanical');
#1596=PRODUCT('PTFERING1','PTFERING1','NOT SPECIFIED',(#1595));
#1597=PRODUCT_DEFINITION_FORMATION('1','LAST_VERSION',#1596);
#1601=DERIVED_UNIT_ELEMENT(#1600,2.E0);
#1602=DERIVED_UNIT((#1601));
#1603=MEASURE_REPRESENTATION_ITEM('surface area measure',AREA_MEASURE(
1.088231987240E3),#1602);
#1608=DERIVED_UNIT_ELEMENT(#1607,3.E0);
#1609=DERIVED_UNIT((#1608));
#1610=MEASURE_REPRESENTATION_ITEM('volume measure',VOLUME_MEASURE(
6.058247273183E2),#1609);
#1614=CARTESIAN_POINT('centre point',(0.E0,0.E0,2.369943995022E0));
#1621=CARTESIAN_POINT('centre point',(7.781814157971E1,3.096842839179E1,
8.369449585418E1));
#1625=CARTESIAN_POINT('',(7.544955495273E1,3.096842839179E1,8.377469516851E1));
#1626=DIRECTION('',(9.994272573352E-1,0.E0,-3.384017280358E-2));
#1627=DIRECTION('',(-3.384017280358E-2,0.E0,-9.994272573352E-1));
#1628=AXIS2_PLACEMENT_3D('',#1625,#1626,#1627);
#1629=ITEM_DEFINED_TRANSFORMATION('','',#1593,#1628);
#1630=(REPRESENTATION_RELATIONSHIP('','',#1594,#69)REPRESENTATION_RELATIONSHIP_WITH_TRANSFORMATION(#1629)SHAPE_REPRESENTATION_RELATIONSHIP());
#1631=CONTEXT_DEPENDENT_SHAPE_REPRESENTATION(#1630,#1620);
#1650=PLANE_ANGLE_MEASURE_WITH_UNIT(PLANE_ANGLE_MEASURE(1.745329251994E-2),
#1649);
#1651=(CONVERSION_BASED_UNIT('DEGREE',#1650)NAMED_UNIT(*)PLANE_ANGLE_UNIT());
#1653=UNCERTAINTY_MEASURE_WITH_UNIT(LENGTH_MEASURE(6.132028983948E-2),#1648,
'distance_accuracy_value',
'Maximum model space distance between geometric entities at asserted connectivities');
#1655=CARTESIAN_POINT('',(0.E0,0.E0,0.E0));
#1656=DIRECTION('',(0.E0,0.E0,1.E0));
#1657=DIRECTION('',(1.E0,0.E0,0.E0));
#1660=PRODUCT_DEFINITION_CONTEXT('part definition',#40,'design');
#1661=PRODUCT_CONTEXT('',#40,'mechanical');
#1662=PRODUCT('INTERLINK','INTERLINK','NOT SPECIFIED',(#1661));
#1663=PRODUCT_DEFINITION_FORMATION('2','LAST_VERSION',#1662);
#1667=DERIVED_UNIT_ELEMENT(#1666,2.E0);
#1668=DERIVED_UNIT((#1667));
#1669=MEASURE_REPRESENTATION_ITEM('surface area measure',AREA_MEASURE(
1.881217864206E4),#1668);
#1674=DERIVED_UNIT_ELEMENT(#1673,3.E0);
#1675=DERIVED_UNIT((#1674));
#1676=MEASURE_REPRESENTATION_ITEM('volume measure',VOLUME_MEASURE(
5.152260951557E4),#1675);
#1680=CARTESIAN_POINT('centre point',(1.093112496964E0,3.975085668987E1,
2.844594160049E1));
#1687=CARTESIAN_POINT('centre point',(4.433733834618E1,5.941436999227E1,
-1.502919222027E1));
#1691=CARTESIAN_POINT('',(8.410241914027E1,3.096842839180E1,-1.528188165495E1));
#1692=DIRECTION('',(-5.780757316176E-13,1.E0,1.861985263560E-14));
#1693=DIRECTION('',(-3.384017280358E-2,0.E0,-9.994272573352E-1));
#1694=AXIS2_PLACEMENT_3D('',#1691,#1692,#1693);
#1695=ITEM_DEFINED_TRANSFORMATION('','',#1658,#1694);
#1696=(REPRESENTATION_RELATIONSHIP('','',#1659,#69)REPRESENTATION_RELATIONSHIP_WITH_TRANSFORMATION(#1695)SHAPE_REPRESENTATION_RELATIONSHIP());
#1697=CONTEXT_DEPENDENT_SHAPE_REPRESENTATION(#1696,#1686);
#1716=PLANE_ANGLE_MEASURE_WITH_UNIT(PLANE_ANGLE_MEASURE(1.745329251994E-2),
#1715);
#1717=(CONVERSION_BASED_UNIT('DEGREE',#1716)NAMED_UNIT(*)PLANE_ANGLE_UNIT());
#1719=UNCERTAINTY_MEASURE_WITH_UNIT(LENGTH_MEASURE(6.132028983948E-2),#1714,
'distance_accuracy_value',
'Maximum model space distance between geometric entities at asserted connectivities');
#1721=CARTESIAN_POINT('',(0.E0,0.E0,0.E0));
#1722=DIRECTION('',(0.E0,0.E0,1.E0));
#1723=DIRECTION('',(1.E0,0.E0,0.E0));
#1726=PRODUCT_CONTEXT('',#40,'mechanical');
#1727=PRODUCT('BEAR4-2','BEAR4-2','NOT SPECIFIED',(#1726));
#1728=PRODUCT_DEFINITION_FORMATION('2','LAST_VERSION',#1727);
#1732=DERIVED_UNIT_ELEMENT(#1731,2.E0);
#1733=DERIVED_UNIT((#1732));
#1734=MEASURE_REPRESENTATION_ITEM('surface area measure',AREA_MEASURE(
4.410932327055E3),#1733);
#1739=DERIVED_UNIT_ELEMENT(#1738,3.E0);
#1740=DERIVED_UNIT((#1739));
#1741=MEASURE_REPRESENTATION_ITEM('volume measure',VOLUME_MEASURE(
6.654855843089E3),#1740);
#1745=CARTESIAN_POINT('centre point',(0.E0,0.E0,5.123021835864E0));
#1752=CARTESIAN_POINT('centre point',(5.028753479268E0,3.096842839179E1,
-1.527338580913E2));
#1756=CARTESIAN_POINT('',(-9.133418341799E-2,3.096842839179E1,
-1.525604941471E2));
#1757=DIRECTION('',(9.994272573352E-1,0.E0,-3.384017280358E-2));
#1758=DIRECTION('',(-3.384017280358E-2,0.E0,-9.994272573352E-1));
#1759=AXIS2_PLACEMENT_3D('',#1756,#1757,#1758);
#1760=ITEM_DEFINED_TRANSFORMATION('','',#1724,#1759);
#1761=(REPRESENTATION_RELATIONSHIP('','',#1725,#69)REPRESENTATION_RELATIONSHIP_WITH_TRANSFORMATION(#1760)SHAPE_REPRESENTATION_RELATIONSHIP());
#1762=CONTEXT_DEPENDENT_SHAPE_REPRESENTATION(#1761,#1751);
#1781=PLANE_ANGLE_MEASURE_WITH_UNIT(PLANE_ANGLE_MEASURE(1.745329251994E-2),
#1780);
#1782=(CONVERSION_BASED_UNIT('DEGREE',#1781)NAMED_UNIT(*)PLANE_ANGLE_UNIT());
#1784=UNCERTAINTY_MEASURE_WITH_UNIT(LENGTH_MEASURE(6.132028983948E-2),#1779,
'distance_accuracy_value',
'Maximum model space distance between geometric entities at asserted connectivities');
#1786=CARTESIAN_POINT('',(0.E0,0.E0,0.E0));
#1787=DIRECTION('',(0.E0,0.E0,1.E0));
#1788=DIRECTION('',(1.E0,0.E0,0.E0));
#1791=PRODUCT_DEFINITION_CONTEXT('part definition',#40,'design');
#1792=PRODUCT_CONTEXT('',#40,'mechanical');
#1793=PRODUCT('ZHOUCHENG','ZHOUCHENG','NOT SPECIFIED',(#1792));
#1794=PRODUCT_DEFINITION_FORMATION('1','LAST_VERSION',#1793);
#1798=DERIVED_UNIT_ELEMENT(#1797,2.E0);
#1799=DERIVED_UNIT((#1798));
#1800=MEASURE_REPRESENTATION_ITEM('surface area measure',AREA_MEASURE(
2.010619298297E3),#1799);
#1805=DERIVED_UNIT_ELEMENT(#1804,3.E0);
#1806=DERIVED_UNIT((#1805));
#1807=MEASURE_REPRESENTATION_ITEM('volume measure',VOLUME_MEASURE(
4.021238596595E3),#1806);
#1811=CARTESIAN_POINT('centre point',(0.E0,0.E0,4.E0));
#1818=CARTESIAN_POINT('centre point',(7.904083875264E0,3.096842839179E1,
-1.528312155295E2));
#1822=CARTESIAN_POINT('',(3.906374845923E0,3.096842839179E1,-1.526958548383E2));
#1823=DIRECTION('',(9.994272573352E-1,0.E0,-3.384017280358E-2));
#1824=DIRECTION('',(-3.384017280358E-2,0.E0,-9.994272573352E-1));
#1825=AXIS2_PLACEMENT_3D('',#1822,#1823,#1824);
#1826=ITEM_DEFINED_TRANSFORMATION('','',#1789,#1825);
#1827=(REPRESENTATION_RELATIONSHIP('','',#1790,#69)REPRESENTATION_RELATIONSHIP_WITH_TRANSFORMATION(#1826)SHAPE_REPRESENTATION_RELATIONSHIP());
#1828=CONTEXT_DEPENDENT_SHAPE_REPRESENTATION(#1827,#1817);
#1847=CARTESIAN_POINT('centre point',(7.424304511205E1,3.096842839179E1,
-1.550774239408E2));
#1851=CARTESIAN_POINT('',(7.936313277473E1,3.096842839179E1,-1.552507878850E2));
#1852=DIRECTION('',(-9.994272573352E-1,0.E0,3.384017280358E-2));
#1853=DIRECTION('',(3.384017280358E-2,0.E0,9.994272573352E-1));
#1854=AXIS2_PLACEMENT_3D('',#1851,#1852,#1853);
#1855=ITEM_DEFINED_TRANSFORMATION('','',#1724,#1854);
#1856=(REPRESENTATION_RELATIONSHIP('','',#1725,#69)REPRESENTATION_RELATIONSHIP_WITH_TRANSFORMATION(#1855)SHAPE_REPRESENTATION_RELATIONSHIP());
#1857=CONTEXT_DEPENDENT_SHAPE_REPRESENTATION(#1856,#1846);
#1876=CARTESIAN_POINT('centre point',(7.136771471605E1,3.096842839179E1,
-1.549800665025E2));
#1880=CARTESIAN_POINT('',(7.536542374539E1,3.096842839179E1,-1.551154271937E2));
#1881=DIRECTION('',(-9.994272573352E-1,0.E0,3.384017280358E-2));
#1882=DIRECTION('',(3.384017280358E-2,0.E0,9.994272573352E-1));
#1883=AXIS2_PLACEMENT_3D('',#1880,#1881,#1882);
#1884=ITEM_DEFINED_TRANSFORMATION('','',#1789,#1883);
#1885=(REPRESENTATION_RELATIONSHIP('','',#1790,#69)REPRESENTATION_RELATIONSHIP_WITH_TRANSFORMATION(#1884)SHAPE_REPRESENTATION_RELATIONSHIP());
#1886=CONTEXT_DEPENDENT_SHAPE_REPRESENTATION(#1885,#1875);
#1905=PLANE_ANGLE_MEASURE_WITH_UNIT(PLANE_ANGLE_MEASURE(1.745329251994E-2),
#1904);
#1906=(CONVERSION_BASED_UNIT('DEGREE',#1905)NAMED_UNIT(*)PLANE_ANGLE_UNIT());
#1908=UNCERTAINTY_MEASURE_WITH_UNIT(LENGTH_MEASURE(6.132028983948E-2),#1903,
'distance_accuracy_value',
'Maximum model space distance between geometric entities at asserted connectivities');
#1910=CARTESIAN_POINT('',(0.E0,0.E0,0.E0));
#1911=DIRECTION('',(0.E0,0.E0,1.E0));
#1912=DIRECTION('',(1.E0,0.E0,0.E0));
#1915=PRODUCT_CONTEXT('',#40,'mechanical');
#1916=PRODUCT('FLATBEAR','FLATBEAR','NOT SPECIFIED',(#1915));
#1917=PRODUCT_DEFINITION_FORMATION('3','LAST_VERSION',#1916);
#1921=DERIVED_UNIT_ELEMENT(#1920,2.E0);
#1922=DERIVED_UNIT((#1921));
#1923=MEASURE_REPRESENTATION_ITEM('surface area measure',AREA_MEASURE(
6.597344572539E2),#1922);
#1928=DERIVED_UNIT_ELEMENT(#1927,3.E0);
#1929=DERIVED_UNIT((#1928));
#1930=MEASURE_REPRESENTATION_ITEM('volume measure',VOLUME_MEASURE(
4.810563750809E2),#1929);
#1934=CARTESIAN_POINT('centre point',(0.E0,0.E0,1.75E0));
#1941=CARTESIAN_POINT('centre point',(4.266178123918E1,3.463428391792E0,
-6.507103530325E1));
#1945=CARTESIAN_POINT('',(4.266178123918E1,5.213428391792E0,-6.507103530325E1));
#1946=DIRECTION('',(0.E0,-1.E0,0.E0));
#1947=DIRECTION('',(1.E0,0.E0,0.E0));
#1948=AXIS2_PLACEMENT_3D('',#1945,#1946,#1947);
#1949=ITEM_DEFINED_TRANSFORMATION('','',#1913,#1948);
#1950=(REPRESENTATION_RELATIONSHIP('','',#1914,#69)REPRESENTATION_RELATIONSHIP_WITH_TRANSFORMATION(#1949)SHAPE_REPRESENTATION_RELATIONSHIP());
#1951=CONTEXT_DEPENDENT_SHAPE_REPRESENTATION(#1950,#1940);
#1970=PLANE_ANGLE_MEASURE_WITH_UNIT(PLANE_ANGLE_MEASURE(1.745329251994E-2),
#1969);
#1971=(CONVERSION_BASED_UNIT('DEGREE',#1970)NAMED_UNIT(*)PLANE_ANGLE_UNIT());
#1973=UNCERTAINTY_MEASURE_WITH_UNIT(LENGTH_MEASURE(6.132028983948E-2),#1968,
'distance_accuracy_value',
'Maximum model space distance between geometric entities at asserted connectivities');
#1975=CARTESIAN_POINT('',(0.E0,0.E0,0.E0));
#1976=DIRECTION('',(0.E0,0.E0,1.E0));
#1977=DIRECTION('',(1.E0,0.E0,0.E0));
#1980=PRODUCT_DEFINITION_CONTEXT('part definition',#40,'design');
#1981=PRODUCT_CONTEXT('',#40,'mechanical');
#1982=PRODUCT('JOINT1','JOINT1','NOT SPECIFIED',(#1981));
#1983=PRODUCT_DEFINITION_FORMATION('4','LAST_VERSION',#1982);
#1987=DERIVED_UNIT_ELEMENT(#1986,2.E0);
#1988=DERIVED_UNIT((#1987));
#1989=MEASURE_REPRESENTATION_ITEM('surface area measure',AREA_MEASURE(
1.983800594810E3),#1988);
#1994=DERIVED_UNIT_ELEMENT(#1993,3.E0);
#1995=DERIVED_UNIT((#1994));
#1996=MEASURE_REPRESENTATION_ITEM('volume measure',VOLUME_MEASURE(
4.034313352687E3),#1995);
#2000=CARTESIAN_POINT('centre point',(1.357049928827E-9,-3.943241430557E-7,
1.083290502261E1));
#2007=CARTESIAN_POINT('centre point',(4.266178124054E1,-5.619476630816E0,
-6.507103569758E1));
#2011=CARTESIAN_POINT('',(4.266178123918E1,5.213428391792E0,-6.507103530325E1));
#2012=DIRECTION('',(0.E0,-1.E0,0.E0));
#2013=DIRECTION('',(1.E0,0.E0,0.E0));
#2014=AXIS2_PLACEMENT_3D('',#2011,#2012,#2013);
#2015=ITEM_DEFINED_TRANSFORMATION('','',#1978,#2014);
#2016=(REPRESENTATION_RELATIONSHIP('','',#1979,#69)REPRESENTATION_RELATIONSHIP_WITH_TRANSFORMATION(#2015)SHAPE_REPRESENTATION_RELATIONSHIP());
#2017=CONTEXT_DEPENDENT_SHAPE_REPRESENTATION(#2016,#2006);
#2036=CARTESIAN_POINT('centre point',(3.898529307448E1,4.031607212275E1,
-1.541359604795E2));
#2040=CARTESIAN_POINT('',(3.963589929566E1,3.096842839179E1,-1.539056410160E2));
#2041=DIRECTION('',(9.994272573352E-1,0.E0,-3.384017280358E-2));
#2042=DIRECTION('',(0.E0,1.E0,0.E0));
#2043=AXIS2_PLACEMENT_3D('',#2040,#2041,#2042);
#2044=ITEM_DEFINED_TRANSFORMATION('','',#1498,#2043);
#2045=(REPRESENTATION_RELATIONSHIP('','',#1499,#69)REPRESENTATION_RELATIONSHIP_WITH_TRANSFORMATION(#2044)SHAPE_REPRESENTATION_RELATIONSHIP());
#2046=CONTEXT_DEPENDENT_SHAPE_REPRESENTATION(#2045,#2035);
#2065=CARTESIAN_POINT('centre point',(3.900236234031E1,2.162078466083E1,
-1.536318410224E2));
#2069=CARTESIAN_POINT('',(3.963589929566E1,3.096842839179E1,-1.539056410160E2));
#2070=DIRECTION('',(9.994272573352E-1,0.E0,-3.384017280358E-2));
#2071=DIRECTION('',(0.E0,-1.E0,0.E0));
#2072=AXIS2_PLACEMENT_3D('',#2069,#2070,#2071);
#2073=ITEM_DEFINED_TRANSFORMATION('','',#1498,#2072);
#2074=(REPRESENTATION_RELATIONSHIP('','',#1499,#69)REPRESENTATION_RELATIONSHIP_WITH_TRANSFORMATION(#2073)SHAPE_REPRESENTATION_RELATIONSHIP());
#2075=CONTEXT_DEPENDENT_SHAPE_REPRESENTATION(#2074,#2064);
#2094=PLANE_ANGLE_MEASURE_WITH_UNIT(PLANE_ANGLE_MEASURE(1.745329251994E-2),
#2093);
#2095=(CONVERSION_BASED_UNIT('DEGREE',#2094)NAMED_UNIT(*)PLANE_ANGLE_UNIT());
#2097=UNCERTAINTY_MEASURE_WITH_UNIT(LENGTH_MEASURE(6.132028983948E-2),#2092,
'distance_accuracy_value',
'Maximum model space distance between geometric entities at asserted connectivities');
#2099=CARTESIAN_POINT('',(0.E0,0.E0,0.E0));
#2100=DIRECTION('',(0.E0,0.E0,1.E0));
#2101=DIRECTION('',(1.E0,0.E0,0.E0));
#2104=PRODUCT_CONTEXT('',#40,'mechanical');
#2105=PRODUCT('JOINTCOVER2','JOINTCOVER2','NOT SPECIFIED',(#2104));
#2106=PRODUCT_DEFINITION_FORMATION('3','LAST_VERSION',#2105);
#2110=DERIVED_UNIT_ELEMENT(#2109,2.E0);
#2111=DERIVED_UNIT((#2110));
#2112=MEASURE_REPRESENTATION_ITEM('surface area measure',AREA_MEASURE(
2.194310866984E3),#2111);
#2117=DERIVED_UNIT_ELEMENT(#2116,3.E0);
#2118=DERIVED_UNIT((#2117));
#2119=MEASURE_REPRESENTATION_ITEM('volume measure',VOLUME_MEASURE(
2.302612583392E3),#2118);
#2123=CARTESIAN_POINT('centre point',(-1.908671549405E-7,-3.816761483533E-2,
1.487538839670E0));
#2130=CARTESIAN_POINT('centre point',(4.263683005024E1,-2.274110447878E0,
-6.578876964262E1));
#2134=CARTESIAN_POINT('',(4.263812183968E1,-7.865716082077E-1,
-6.575062389447E1));
#2135=DIRECTION('',(0.E0,-1.E0,0.E0));
#2136=DIRECTION('',(9.994272573352E-1,0.E0,-3.384017280358E-2));
#2137=AXIS2_PLACEMENT_3D('',#2134,#2135,#2136);
#2138=ITEM_DEFINED_TRANSFORMATION('','',#2102,#2137);
#2139=(REPRESENTATION_RELATIONSHIP('','',#2103,#69)REPRESENTATION_RELATIONSHIP_WITH_TRANSFORMATION(#2138)SHAPE_REPRESENTATION_RELATIONSHIP());
#2140=CONTEXT_DEPENDENT_SHAPE_REPRESENTATION(#2139,#2129);
#2159=PLANE_ANGLE_MEASURE_WITH_UNIT(PLANE_ANGLE_MEASURE(1.745329251994E-2),
#2158);
#2160=(CONVERSION_BASED_UNIT('DEGREE',#2159)NAMED_UNIT(*)PLANE_ANGLE_UNIT());
#2162=UNCERTAINTY_MEASURE_WITH_UNIT(LENGTH_MEASURE(6.132028983948E-2),#2157,
'distance_accuracy_value',
'Maximum model space distance between geometric entities at asserted connectivities');
#2164=CARTESIAN_POINT('',(0.E0,0.E0,0.E0));
#2165=DIRECTION('',(0.E0,0.E0,1.E0));
#2166=DIRECTION('',(1.E0,0.E0,0.E0));
#2169=PRODUCT_DEFINITION_CONTEXT('part definition',#40,'design');
#2170=PRODUCT_CONTEXT('',#40,'mechanical');
#2171=PRODUCT('LINK3','LINK3','NOT SPECIFIED',(#2170));
#2172=PRODUCT_DEFINITION_FORMATION('12','LAST_VERSION',#2171);
#2176=DERIVED_UNIT_ELEMENT(#2175,2.E0);
#2177=DERIVED_UNIT((#2176));
#2178=MEASURE_REPRESENTATION_ITEM('surface area measure',AREA_MEASURE(
1.079880618862E4),#2177);
#2183=DERIVED_UNIT_ELEMENT(#2182,3.E0);
#2184=DERIVED_UNIT((#2183));
#2185=MEASURE_REPRESENTATION_ITEM('volume measure',VOLUME_MEASURE(
2.755367211305E4),#2184);
#2189=CARTESIAN_POINT('centre point',(7.473131147230E1,-9.740240777359E1,
1.249508832293E1));
#2196=CARTESIAN_POINT('centre point',(4.291669291625E1,-4.191050471933E1,
-1.177947880426E2));
#2200=CARTESIAN_POINT('',(5.541178123918E1,7.290612084415E1,-1.612590313776E2));
#2201=DIRECTION('',(-1.E0,0.E0,0.E0));
#2202=DIRECTION('',(0.E0,-2.884073543160E-1,9.575078057E-1));
#2203=AXIS2_PLACEMENT_3D('',#2200,#2201,#2202);
#2204=ITEM_DEFINED_TRANSFORMATION('','',#2167,#2203);
#2205=(REPRESENTATION_RELATIONSHIP('','',#2168,#69)REPRESENTATION_RELATIONSHIP_WITH_TRANSFORMATION(#2204)SHAPE_REPRESENTATION_RELATIONSHIP());
#2206=CONTEXT_DEPENDENT_SHAPE_REPRESENTATION(#2205,#2195);
#2225=PLANE_ANGLE_MEASURE_WITH_UNIT(PLANE_ANGLE_MEASURE(1.745329251994E-2),
#2224);
#2226=(CONVERSION_BASED_UNIT('DEGREE',#2225)NAMED_UNIT(*)PLANE_ANGLE_UNIT());
#2228=UNCERTAINTY_MEASURE_WITH_UNIT(LENGTH_MEASURE(6.132028983948E-2),#2223,
'distance_accuracy_value',
'Maximum model space distance between geometric entities at asserted connectivities');
#2230=CARTESIAN_POINT('',(0.E0,0.E0,0.E0));
#2231=DIRECTION('',(0.E0,0.E0,1.E0));
#2232=DIRECTION('',(1.E0,0.E0,0.E0));
#2235=PRODUCT_CONTEXT('',#40,'mechanical');
#2236=PRODUCT('LINK1','LINK1','NOT SPECIFIED',(#2235));
#2237=PRODUCT_DEFINITION_FORMATION('20','LAST_VERSION',#2236);
#2241=DERIVED_UNIT_ELEMENT(#2240,2.E0);
#2242=DERIVED_UNIT((#2241));
#2243=MEASURE_REPRESENTATION_ITEM('surface area measure',AREA_MEASURE(
1.592917062003E4),#2242);
#2248=DERIVED_UNIT_ELEMENT(#2247,3.E0);
#2249=DERIVED_UNIT((#2248));
#2250=MEASURE_REPRESENTATION_ITEM('volume measure',VOLUME_MEASURE(
4.043529901108E4),#2249);
#2254=CARTESIAN_POINT('centre point',(7.765930218530E1,-8.518468253970E1,
1.251376453279E1));
#2261=CARTESIAN_POINT('centre point',(4.272554577196E1,-2.184740693639E1,
-2.424434363366E2));
#2265=CARTESIAN_POINT('',(3.021178123918E1,7.412498037829E1,-1.785944094966E2));
#2266=DIRECTION('',(1.E0,0.E0,0.E0));
#2267=DIRECTION('',(0.E0,-1.515864613830E-1,-9.884440018157E-1));
#2268=AXIS2_PLACEMENT_3D('',#2265,#2266,#2267);
#2269=ITEM_DEFINED_TRANSFORMATION('','',#2233,#2268);
#2270=(REPRESENTATION_RELATIONSHIP('','',#2234,#69)REPRESENTATION_RELATIONSHIP_WITH_TRANSFORMATION(#2269)SHAPE_REPRESENTATION_RELATIONSHIP());
#2271=CONTEXT_DEPENDENT_SHAPE_REPRESENTATION(#2270,#2260);
#2290=CARTESIAN_POINT('centre point',(4.296178123782E1,4.936213229E1,
-2.830354574812E2));
#2294=CARTESIAN_POINT('',(4.296178123918E1,5.561269546523E1,-2.741877294553E2));
#2295=DIRECTION('',(0.E0,-5.769978450032E-1,-8.167456684070E-1));
#2296=DIRECTION('',(-1.E0,0.E0,0.E0));
#2297=AXIS2_PLACEMENT_3D('',#2294,#2295,#2296);
#2298=ITEM_DEFINED_TRANSFORMATION('','',#1978,#2297);
#2299=(REPRESENTATION_RELATIONSHIP('','',#1979,#69)REPRESENTATION_RELATIONSHIP_WITH_TRANSFORMATION(#2298)SHAPE_REPRESENTATION_RELATIONSHIP());
#2300=CONTEXT_DEPENDENT_SHAPE_REPRESENTATION(#2299,#2289);
#2319=PLANE_ANGLE_MEASURE_WITH_UNIT(PLANE_ANGLE_MEASURE(1.745329251994E-2),
#2318);
#2320=(CONVERSION_BASED_UNIT('DEGREE',#2319)NAMED_UNIT(*)PLANE_ANGLE_UNIT());
#2322=UNCERTAINTY_MEASURE_WITH_UNIT(LENGTH_MEASURE(6.132028983948E-2),#2317,
'distance_accuracy_value',
'Maximum model space distance between geometric entities at asserted connectivities');
#2324=CARTESIAN_POINT('',(0.E0,0.E0,0.E0));
#2325=DIRECTION('',(0.E0,0.E0,1.E0));
#2326=DIRECTION('',(1.E0,0.E0,0.E0));
#2329=PRODUCT_DEFINITION_CONTEXT('part definition',#40,'design');
#2330=PRODUCT_CONTEXT('',#40,'mechanical');
#2331=PRODUCT('BRACE2','BRACE2','NOT SPECIFIED',(#2330));
#2332=PRODUCT_DEFINITION_FORMATION('12','LAST_VERSION',#2331);
#2336=DERIVED_UNIT_ELEMENT(#2335,2.E0);
#2337=DERIVED_UNIT((#2336));
#2338=MEASURE_REPRESENTATION_ITEM('surface area measure',AREA_MEASURE(
4.754039272387E4),#2337);
#2343=DERIVED_UNIT_ELEMENT(#2342,3.E0);
#2344=DERIVED_UNIT((#2343));
#2345=MEASURE_REPRESENTATION_ITEM('volume measure',VOLUME_MEASURE(
1.238107289949E5),#2344);
#2349=CARTESIAN_POINT('centre point',(7.191449851611E0,5.467502410548E1,
-1.678138905744E1));
#2356=CARTESIAN_POINT('centre point',(4.094627143040E1,1.131225157956E2,
-2.547913198872E2));
#2360=CARTESIAN_POINT('',(4.815603657918E1,1.309701801867E2,-2.004574410188E2));
#2361=DIRECTION('',(1.091660661854E-3,-8.167451817396E-1,5.769975011923E-1));
#2362=DIRECTION('',(-9.999994041383E-1,-8.916091169397E-4,6.298858493647E-4));
#2363=AXIS2_PLACEMENT_3D('',#2360,#2361,#2362);
#2364=ITEM_DEFINED_TRANSFORMATION('','',#2327,#2363);
#2365=(REPRESENTATION_RELATIONSHIP('','',#2328,#69)REPRESENTATION_RELATIONSHIP_WITH_TRANSFORMATION(#2364)SHAPE_REPRESENTATION_RELATIONSHIP());
#2366=CONTEXT_DEPENDENT_SHAPE_REPRESENTATION(#2365,#2355);
#2385=CARTESIAN_POINT('centre point',(4.296178123918E1,5.460294923647E1,
-2.756170343750E2));
#2389=CARTESIAN_POINT('',(4.296178123918E1,5.561269546523E1,-2.741877294553E2));
#2390=DIRECTION('',(0.E0,-5.769978450032E-1,-8.167456684070E-1));
#2391=DIRECTION('',(0.E0,8.167456684070E-1,-5.769978450032E-1));
#2392=AXIS2_PLACEMENT_3D('',#2389,#2390,#2391);
#2393=ITEM_DEFINED_TRANSFORMATION('','',#1913,#2392);
#2394=(REPRESENTATION_RELATIONSHIP('','',#1914,#69)REPRESENTATION_RELATIONSHIP_WITH_TRANSFORMATION(#2393)SHAPE_REPRESENTATION_RELATIONSHIP());
#2395=CONTEXT_DEPENDENT_SHAPE_REPRESENTATION(#2394,#2384);
#2414=PLANE_ANGLE_MEASURE_WITH_UNIT(PLANE_ANGLE_MEASURE(1.745329251994E-2),
#2413);
#2415=(CONVERSION_BASED_UNIT('DEGREE',#2414)NAMED_UNIT(*)PLANE_ANGLE_UNIT());
#2417=UNCERTAINTY_MEASURE_WITH_UNIT(LENGTH_MEASURE(6.132028983948E-2),#2412,
'distance_accuracy_value',
'Maximum model space distance between geometric entities at asserted connectivities');
#2419=CARTESIAN_POINT('',(0.E0,0.E0,0.E0));
#2420=DIRECTION('',(0.E0,0.E0,1.E0));
#2421=DIRECTION('',(1.E0,0.E0,0.E0));
#2424=PRODUCT_CONTEXT('',#40,'mechanical');
#2425=PRODUCT('JOINTCOVER','JOINTCOVER','NOT SPECIFIED',(#2424));
#2426=PRODUCT_DEFINITION_FORMATION('4','LAST_VERSION',#2425);
#2430=DERIVED_UNIT_ELEMENT(#2429,2.E0);
#2431=DERIVED_UNIT((#2430));
#2432=MEASURE_REPRESENTATION_ITEM('surface area measure',AREA_MEASURE(
2.756852513442E3),#2431);
#2437=DERIVED_UNIT_ELEMENT(#2436,3.E0);
#2438=DERIVED_UNIT((#2437));
#2439=MEASURE_REPRESENTATION_ITEM('volume measure',VOLUME_MEASURE(
3.111239480770E3),#2438);
#2443=CARTESIAN_POINT('centre point',(2.600116800177E-4,1.830828470491E-9,
1.491248780524E0));
#2450=CARTESIAN_POINT('centre point',(4.295678096014E1,5.129046896773E1,
-2.803063213244E2));
#2454=CARTESIAN_POINT('',(4.295678124216E1,5.215070393716E1,-2.790882003163E2));
#2455=DIRECTION('',(0.E0,-5.769978450032E-1,-8.167456684070E-1));
#2456=DIRECTION('',(-1.091660661854E-3,8.167451817396E-1,-5.769975011923E-1));
#2457=AXIS2_PLACEMENT_3D('',#2454,#2455,#2456);
#2458=ITEM_DEFINED_TRANSFORMATION('','',#2422,#2457);
#2459=(REPRESENTATION_RELATIONSHIP('','',#2423,#69)REPRESENTATION_RELATIONSHIP_WITH_TRANSFORMATION(#2458)SHAPE_REPRESENTATION_RELATIONSHIP());
#2460=CONTEXT_DEPENDENT_SHAPE_REPRESENTATION(#2459,#2449);
#2479=PLANE_ANGLE_MEASURE_WITH_UNIT(PLANE_ANGLE_MEASURE(1.745329251994E-2),
#2478);
#2480=(CONVERSION_BASED_UNIT('DEGREE',#2479)NAMED_UNIT(*)PLANE_ANGLE_UNIT());
#2482=UNCERTAINTY_MEASURE_WITH_UNIT(LENGTH_MEASURE(6.132028983948E-2),#2477,
'distance_accuracy_value',
'Maximum model space distance between geometric entities at asserted connectivities');
#2484=CARTESIAN_POINT('',(0.E0,0.E0,0.E0));
#2485=DIRECTION('',(0.E0,0.E0,1.E0));
#2486=DIRECTION('',(1.E0,0.E0,0.E0));
#2489=PRODUCT_DEFINITION_CONTEXT('part definition',#40,'design');
#2490=PRODUCT_CONTEXT('',#40,'mechanical');
#2491=PRODUCT('AXISCOVER','AXISCOVER','NOT SPECIFIED',(#2490));
#2492=PRODUCT_DEFINITION_FORMATION('2','LAST_VERSION',#2491);
#2496=DERIVED_UNIT_ELEMENT(#2495,2.E0);
#2497=DERIVED_UNIT((#2496));
#2498=MEASURE_REPRESENTATION_ITEM('surface area measure',AREA_MEASURE(
1.845114917976E3),#2497);
#2503=DERIVED_UNIT_ELEMENT(#2502,3.E0);
#2504=DERIVED_UNIT((#2503));
#2505=MEASURE_REPRESENTATION_ITEM('volume measure',VOLUME_MEASURE(
3.429577358168E3),#2504);
#2509=CARTESIAN_POINT('centre point',(-7.508038148796E-4,-4.240196512701E-1,
4.553872017554E0));
#2516=CARTESIAN_POINT('centre point',(1.103642850676E1,4.048730040935E1,
-2.615929229025E1));
#2520=CARTESIAN_POINT('',(1.146023071122E1,3.593342839179E1,-2.617289081472E1));
#2521=DIRECTION('',(0.E0,1.E0,0.E0));
#2522=DIRECTION('',(3.384017280358E-2,0.E0,9.994272573352E-1));
#2523=AXIS2_PLACEMENT_3D('',#2520,#2521,#2522);
#2524=ITEM_DEFINED_TRANSFORMATION('','',#2487,#2523);
#2525=(REPRESENTATION_RELATIONSHIP('','',#2488,#69)REPRESENTATION_RELATIONSHIP_WITH_TRANSFORMATION(#2524)SHAPE_REPRESENTATION_RELATIONSHIP());
#2526=CONTEXT_DEPENDENT_SHAPE_REPRESENTATION(#2525,#2515);
#2545=PLANE_ANGLE_MEASURE_WITH_UNIT(PLANE_ANGLE_MEASURE(1.745329251994E-2),
#2544);
#2546=(CONVERSION_BASED_UNIT('DEGREE',#2545)NAMED_UNIT(*)PLANE_ANGLE_UNIT());
#2548=UNCERTAINTY_MEASURE_WITH_UNIT(LENGTH_MEASURE(6.132028983948E-2),#2543,
'distance_accuracy_value',
'Maximum model space distance between geometric entities at asserted connectivities');
#2550=CARTESIAN_POINT('',(0.E0,0.E0,0.E0));
#2551=DIRECTION('',(0.E0,0.E0,1.E0));
#2552=DIRECTION('',(1.E0,0.E0,0.E0));
#2554=PRODUCT_CONTEXT('',#40,'mechanical');
#2555=PRODUCT('TUOBAN2_TOP','TUOBAN2_TOP','NOT SPECIFIED',(#2554));
#2556=PRODUCT_DEFINITION_FORMATION('51','LAST_VERSION',#2555);
#2559=DERIVED_UNIT_ELEMENT(#2558,2.E0);
#2560=DERIVED_UNIT((#2559));
#2561=MEASURE_REPRESENTATION_ITEM('surface area measure',AREA_MEASURE(
3.637167724377E5),#2560);
#2566=DERIVED_UNIT_ELEMENT(#2565,3.E0);
#2567=DERIVED_UNIT((#2566));
#2568=MEASURE_REPRESENTATION_ITEM('volume measure',VOLUME_MEASURE(
8.383681502716E5),#2567);
#2572=CARTESIAN_POINT('centre point',(3.690452189694E1,4.181844223527E1,
-6.315771091154E1));
#2576=PRODUCT_RELATED_PRODUCT_CATEGORY('part','',(#44,#112,#178,#272,#367,#432,
#585,#650,#716,#781,#847,#912,#978,#1043,#1109,#1174,#1240,#1305,#1371,#1436,
#1502,#1596,#1662,#1727,#1793,#1916,#1982,#2105,#2171,#2236,#2331,#2425,#2491,
#2555));
#1=DRAUGHTING_PRE_DEFINED_COLOUR('green');
#2=DRAUGHTING_PRE_DEFINED_COLOUR('green');
#3=DRAUGHTING_PRE_DEFINED_COLOUR('green');
#4=COLOUR_RGB('',1.1E-2,1.2E-2,1.E0);
#5=COLOUR_RGB('',1.1E-2,1.2E-2,1.E0);
#6=COLOUR_RGB('',4.1E-1,2.61589E-1,1.12848E-1);
#7=COLOUR_RGB('',5.04854E-1,1.5455E-2,1.5455E-2);
#8=COLOUR_RGB('',6.35294E-1,6.86275E-1,7.4902E-1);
#9=COLOUR_RGB('',6.40777E-1,6.40777E-1,6.40777E-1);
#10=COLOUR_RGB('',6.66667E-1,6.66667E-1,6.66667E-1);
#11=COLOUR_RGB('',6.69062E-1,6.69903E-1,6.55217E-1);
#12=COLOUR_RGB('',7.45098E-1,3.92157E-1,2.94118E-1);
#13=COLOUR_RGB('',8.03922E-1,5.88235E-1,1.96078E-1);
#14=COLOUR_RGB('',9.21569E-1,7.05882E-1,4.70588E-1);
#15=DRAUGHTING_PRE_DEFINED_COLOUR('red');
#16=DRAUGHTING_PRE_DEFINED_COLOUR('red');
#17=DRAUGHTING_PRE_DEFINED_COLOUR('red');
#18=DRAUGHTING_PRE_DEFINED_COLOUR('red');
#19=DRAUGHTING_PRE_DEFINED_COLOUR('red');
#20=DRAUGHTING_PRE_DEFINED_COLOUR('red');
#21=DRAUGHTING_PRE_DEFINED_COLOUR('red');
#22=DRAUGHTING_PRE_DEFINED_COLOUR('yellow');
#23=DRAUGHTING_PRE_DEFINED_COLOUR('yellow');
#24=COLOUR_RGB('',1.E0,1.E0,5.3E-1);
#25=COLOUR_RGB('',1.E0,1.E0,9.49E-1);
#26=COLOUR_RGB('',1.E0,1.E0,9.49E-1);
#27=DRAUGHTING_PRE_DEFINED_COLOUR('white');
#28=(LENGTH_UNIT()NAMED_UNIT(*)SI_UNIT(.MILLI.,.METRE.));
#29=(NAMED_UNIT(*)PLANE_ANGLE_UNIT()SI_UNIT($,.RADIAN.));
#32=(NAMED_UNIT(*)SI_UNIT($,.STERADIAN.)SOLID_ANGLE_UNIT());
#34=(GEOMETRIC_REPRESENTATION_CONTEXT(3)GLOBAL_UNCERTAINTY_ASSIGNED_CONTEXT(
(#33))GLOBAL_UNIT_ASSIGNED_CONTEXT((#28,#31,#32))REPRESENTATION_CONTEXT('ID1',
'external'));
#38=AXIS2_PLACEMENT_3D('',#35,#36,#37);
#39=SHAPE_REPRESENTATION('',(#38),#34);
#46=PRODUCT_DEFINITION('part definition','',#45,#42);
#47=PRODUCT_DEFINITION_SHAPE('','SHAPE FOR TUOBAN_YUAN.',#46);
#48=(LENGTH_UNIT()NAMED_UNIT(*)SI_UNIT(.MILLI.,.METRE.));
#52=PROPERTY_DEFINITION('geometric validation property','area of TUOBAN_YUAN',
#47);
#53=REPRESENTATION('surface area',(#51),#34);
#54=PROPERTY_DEFINITION_REPRESENTATION(#52,#53);
#55=(LENGTH_UNIT()NAMED_UNIT(*)SI_UNIT(.MILLI.,.METRE.));
#59=PROPERTY_DEFINITION('geometric validation property','volume of TUOBAN_YUAN',
#47);
#60=REPRESENTATION('volume',(#58),#34);
#61=PROPERTY_DEFINITION_REPRESENTATION(#59,#60);
#63=PROPERTY_DEFINITION('geometric validation property',
'centroid of TUOBAN_YUAN',#47);
#64=REPRESENTATION('centroid',(#62),#34);
#65=PROPERTY_DEFINITION_REPRESENTATION(#63,#64);
#66=SHAPE_DEFINITION_REPRESENTATION(#47,#39);
#67=SHAPE_DEFINITION_REPRESENTATION(#68,#69);
#68=PRODUCT_DEFINITION_SHAPE('','SHAPE FOR TUOBAN2_TOP.',#2557);
#69=SHAPE_REPRESENTATION('',(#79,#144,#210,#239,#304,#333,#399,#464,#493,#522,
#551,#617,#682,#748,#813,#879,#944,#1010,#1075,#1141,#1206,#1272,#1337,#1403,
#1468,#1534,#1563,#1628,#1694,#1759,#1825,#1854,#1883,#1948,#2014,#2043,#2072,
#2137,#2203,#2268,#2297,#2363,#2392,#2457,#2523,#2553),#2549);
#70=NEXT_ASSEMBLY_USAGE_OCCURRENCE('45','Next assembly relationship',
'TUOBAN_YUAN',#2557,#46,$);
#71=PRODUCT_DEFINITION_SHAPE('Placement #45',
'Placement of TUOBAN_YUAN with respect to TUOBAN2_TOP',#70);
#73=PROPERTY_DEFINITION('geometric validation property',
'centroid of TUOBAN_YUAN',#71);
#74=REPRESENTATION('centroid',(#72),#34);
#75=PROPERTY_DEFINITION_REPRESENTATION(#73,#74);
#83=DOCUMENT_TYPE('');
#84=DOCUMENT_FILE('tuoban_yuan_prt.stp','TUOBAN2_TOP - TUOBAN_YUAN','',#83,'',
'');
#85=DOCUMENT_REPRESENTATION_TYPE('digital',#84);
#86=PROPERTY_DEFINITION('external definition','',#84);
#87=PROPERTY_DEFINITION_REPRESENTATION(#86,#39);
#88=DESCRIPTIVE_REPRESENTATION_ITEM('data format','STEP AP214');
#89=REPRESENTATION_CONTEXT('','document parameters');
#90=REPRESENTATION('document format',(#88),#89);
#91=PROPERTY_DEFINITION('document property','',#84);
#92=PROPERTY_DEFINITION_REPRESENTATION(#91,#90);
#93=EXTERNAL_SOURCE(IDENTIFIER('tuoban_yuan_prt.stp'));
#94=IDENTIFICATION_ROLE('document source','source system');
#95=APPLIED_EXTERNAL_IDENTIFICATION_ASSIGNMENT('tuoban_yuan_prt.stp',#94,#93,(
#84));
#96=APPLIED_DOCUMENT_REFERENCE(#84,'',(#46));
#97=OBJECT_ROLE('mandatory','');
#98=ROLE_ASSOCIATION(#97,#96);
#99=(LENGTH_UNIT()NAMED_UNIT(*)SI_UNIT(.MILLI.,.METRE.));
#100=(NAMED_UNIT(*)PLANE_ANGLE_UNIT()SI_UNIT($,.RADIAN.));
#103=(NAMED_UNIT(*)SI_UNIT($,.STERADIAN.)SOLID_ANGLE_UNIT());
#105=(GEOMETRIC_REPRESENTATION_CONTEXT(3)GLOBAL_UNCERTAINTY_ASSIGNED_CONTEXT((
#104))GLOBAL_UNIT_ASSIGNED_CONTEXT((#99,#102,#103))REPRESENTATION_CONTEXT('ID2',
'external'));
#109=AXIS2_PLACEMENT_3D('',#106,#107,#108);
#110=SHAPE_REPRESENTATION('',(#109),#105);
#114=PRODUCT_DEFINITION('part definition','',#113,#42);
#115=PRODUCT_DEFINITION_SHAPE('','SHAPE FOR RAIL_TUBING.',#114);
#116=(LENGTH_UNIT()NAMED_UNIT(*)SI_UNIT(.MILLI.,.METRE.));
#120=PROPERTY_DEFINITION('geometric validation property','area of RAIL_TUBING',
#115);
#121=REPRESENTATION('surface area',(#119),#105);
#122=PROPERTY_DEFINITION_REPRESENTATION(#120,#121);
#123=(LENGTH_UNIT()NAMED_UNIT(*)SI_UNIT(.MILLI.,.METRE.));
#127=PROPERTY_DEFINITION('geometric validation property',
'volume of RAIL_TUBING',#115);
#128=REPRESENTATION('volume',(#126),#105);
#129=PROPERTY_DEFINITION_REPRESENTATION(#127,#128);
#131=PROPERTY_DEFINITION('geometric validation property',
'centroid of RAIL_TUBING',#115);
#132=REPRESENTATION('centroid',(#130),#105);
#133=PROPERTY_DEFINITION_REPRESENTATION(#131,#132);
#134=SHAPE_DEFINITION_REPRESENTATION(#115,#110);
#135=NEXT_ASSEMBLY_USAGE_OCCURRENCE('46','Next assembly relationship',
'RAIL_TUBING',#2557,#114,$);
#136=PRODUCT_DEFINITION_SHAPE('Placement #46',
'Placement of RAIL_TUBING with respect to TUOBAN2_TOP',#135);
#138=PROPERTY_DEFINITION('geometric validation property',
'centroid of RAIL_TUBING',#136);
#139=REPRESENTATION('centroid',(#137),#105);
#140=PROPERTY_DEFINITION_REPRESENTATION(#138,#139);
#148=DOCUMENT_TYPE('');
#149=DOCUMENT_FILE('rail_tubing_prt.stp','TUOBAN2_TOP - RAIL_TUBING','',#148,'',
'');
#150=DOCUMENT_REPRESENTATION_TYPE('digital',#149);
#151=PROPERTY_DEFINITION('external definition','',#149);
#152=PROPERTY_DEFINITION_REPRESENTATION(#151,#110);
#153=DESCRIPTIVE_REPRESENTATION_ITEM('data format','STEP AP214');
#154=REPRESENTATION_CONTEXT('','document parameters');
#155=REPRESENTATION('document format',(#153),#154);
#156=PROPERTY_DEFINITION('document property','',#149);
#157=PROPERTY_DEFINITION_REPRESENTATION(#156,#155);
#158=EXTERNAL_SOURCE(IDENTIFIER('rail_tubing_prt.stp'));
#159=IDENTIFICATION_ROLE('document source','source system');
#160=APPLIED_EXTERNAL_IDENTIFICATION_ASSIGNMENT('rail_tubing_prt.stp',#159,#158,
(#149));
#161=APPLIED_DOCUMENT_REFERENCE(#149,'',(#114));
#162=OBJECT_ROLE('mandatory','');
#163=ROLE_ASSOCIATION(#162,#161);
#164=(LENGTH_UNIT()NAMED_UNIT(*)SI_UNIT(.MILLI.,.METRE.));
#165=(NAMED_UNIT(*)PLANE_ANGLE_UNIT()SI_UNIT($,.RADIAN.));
#168=(NAMED_UNIT(*)SI_UNIT($,.STERADIAN.)SOLID_ANGLE_UNIT());
#170=(GEOMETRIC_REPRESENTATION_CONTEXT(3)GLOBAL_UNCERTAINTY_ASSIGNED_CONTEXT((
#169))GLOBAL_UNIT_ASSIGNED_CONTEXT((#164,#167,#168))REPRESENTATION_CONTEXT
('ID3','external'));
#174=AXIS2_PLACEMENT_3D('',#171,#172,#173);
#175=SHAPE_REPRESENTATION('',(#174),#170);
#180=PRODUCT_DEFINITION('part definition','',#179,#176);
#181=PRODUCT_DEFINITION_SHAPE('','SHAPE FOR TOWER1.',#180);
#182=(LENGTH_UNIT()NAMED_UNIT(*)SI_UNIT(.MILLI.,.METRE.));
#186=PROPERTY_DEFINITION('geometric validation property','area of TOWER1',#181);
#187=REPRESENTATION('surface area',(#185),#170);
#188=PROPERTY_DEFINITION_REPRESENTATION(#186,#187);
#189=(LENGTH_UNIT()NAMED_UNIT(*)SI_UNIT(.MILLI.,.METRE.));
#193=PROPERTY_DEFINITION('geometric validation property','volume of TOWER1',
#181);
#194=REPRESENTATION('volume',(#192),#170);
#195=PROPERTY_DEFINITION_REPRESENTATION(#193,#194);
#197=PROPERTY_DEFINITION('geometric validation property','centroid of TOWER1',
#181);
#198=REPRESENTATION('centroid',(#196),#170);
#199=PROPERTY_DEFINITION_REPRESENTATION(#197,#198);
#200=SHAPE_DEFINITION_REPRESENTATION(#181,#175);
#201=NEXT_ASSEMBLY_USAGE_OCCURRENCE('47','Next assembly relationship','TOWER1',
#2557,#180,$);
#202=PRODUCT_DEFINITION_SHAPE('Placement #47',
'Placement of TOWER1 with respect to TUOBAN2_TOP',#201);
#204=PROPERTY_DEFINITION('geometric validation property','centroid of TOWER1',
#202);
#205=REPRESENTATION('centroid',(#203),#170);
#206=PROPERTY_DEFINITION_REPRESENTATION(#204,#205);
#214=DOCUMENT_TYPE('');
#215=DOCUMENT_FILE('tower1_prt.stp','TUOBAN2_TOP - TOWER1','',#214,'','');
#216=DOCUMENT_REPRESENTATION_TYPE('digital',#215);
#217=PROPERTY_DEFINITION('external definition','',#215);
#218=PROPERTY_DEFINITION_REPRESENTATION(#217,#175);
#219=DESCRIPTIVE_REPRESENTATION_ITEM('data format','STEP AP214');
#220=REPRESENTATION_CONTEXT('','document parameters');
#221=REPRESENTATION('document format',(#219),#220);
#222=PROPERTY_DEFINITION('document property','',#215);
#223=PROPERTY_DEFINITION_REPRESENTATION(#222,#221);
#224=EXTERNAL_SOURCE(IDENTIFIER('tower1_prt.stp'));
#225=IDENTIFICATION_ROLE('document source','source system');
#226=APPLIED_EXTERNAL_IDENTIFICATION_ASSIGNMENT('tower1_prt.stp',#225,#224,
(#215));
#227=APPLIED_DOCUMENT_REFERENCE(#215,'',(#180));
#228=OBJECT_ROLE('mandatory','');
#229=ROLE_ASSOCIATION(#228,#227);
#230=NEXT_ASSEMBLY_USAGE_OCCURRENCE('48','Next assembly relationship',
'RAIL_TUBING',#2557,#114,$);
#231=PRODUCT_DEFINITION_SHAPE('Placement #48',
'Placement of RAIL_TUBING with respect to TUOBAN2_TOP',#230);
#233=PROPERTY_DEFINITION('geometric validation property',
'centroid of RAIL_TUBING',#231);
#234=REPRESENTATION('centroid',(#232),#170);
#235=PROPERTY_DEFINITION_REPRESENTATION(#233,#234);
#243=DOCUMENT_TYPE('');
#244=DOCUMENT_FILE('rail_tubing_prt.stp','TUOBAN2_TOP - RAIL_TUBING','',#243,'',
'');
#245=DOCUMENT_REPRESENTATION_TYPE('digital',#244);
#246=PROPERTY_DEFINITION('external definition','',#244);
#247=PROPERTY_DEFINITION_REPRESENTATION(#246,#110);
#248=DESCRIPTIVE_REPRESENTATION_ITEM('data format','STEP AP214');
#249=REPRESENTATION_CONTEXT('','document parameters');
#250=REPRESENTATION('document format',(#248),#249);
#251=PROPERTY_DEFINITION('document property','',#244);
#252=PROPERTY_DEFINITION_REPRESENTATION(#251,#250);
#253=EXTERNAL_SOURCE(IDENTIFIER('rail_tubing_prt.stp'));
#254=IDENTIFICATION_ROLE('document source','source system');
#255=APPLIED_EXTERNAL_IDENTIFICATION_ASSIGNMENT('rail_tubing_prt.stp',#254,#253,
(#244));
#256=APPLIED_DOCUMENT_REFERENCE(#244,'',(#114));
#257=OBJECT_ROLE('mandatory','');
#258=ROLE_ASSOCIATION(#257,#256);
#259=(LENGTH_UNIT()NAMED_UNIT(*)SI_UNIT(.MILLI.,.METRE.));
#260=(NAMED_UNIT(*)PLANE_ANGLE_UNIT()SI_UNIT($,.RADIAN.));
#263=(NAMED_UNIT(*)SI_UNIT($,.STERADIAN.)SOLID_ANGLE_UNIT());
#265=(GEOMETRIC_REPRESENTATION_CONTEXT(3)GLOBAL_UNCERTAINTY_ASSIGNED_CONTEXT((
#264))GLOBAL_UNIT_ASSIGNED_CONTEXT((#259,#262,#263))REPRESENTATION_CONTEXT
('ID4','external'));
#269=AXIS2_PLACEMENT_3D('',#266,#267,#268);
#270=SHAPE_REPRESENTATION('',(#269),#265);
#274=PRODUCT_DEFINITION('part definition','',#273,#176);
#275=PRODUCT_DEFINITION_SHAPE('','SHAPE FOR BEAR1.',#274);
#276=(LENGTH_UNIT()NAMED_UNIT(*)SI_UNIT(.MILLI.,.METRE.));
#280=PROPERTY_DEFINITION('geometric validation property','area of BEAR1',#275);
#281=REPRESENTATION('surface area',(#279),#265);
#282=PROPERTY_DEFINITION_REPRESENTATION(#280,#281);
#283=(LENGTH_UNIT()NAMED_UNIT(*)SI_UNIT(.MILLI.,.METRE.));
#287=PROPERTY_DEFINITION('geometric validation property','volume of BEAR1',
#275);
#288=REPRESENTATION('volume',(#286),#265);
#289=PROPERTY_DEFINITION_REPRESENTATION(#287,#288);
#291=PROPERTY_DEFINITION('geometric validation property','centroid of BEAR1',
#275);
#292=REPRESENTATION('centroid',(#290),#265);
#293=PROPERTY_DEFINITION_REPRESENTATION(#291,#292);
#294=SHAPE_DEFINITION_REPRESENTATION(#275,#270);
#295=NEXT_ASSEMBLY_USAGE_OCCURRENCE('49','Next assembly relationship','BEAR1',
#2557,#274,$);
#296=PRODUCT_DEFINITION_SHAPE('Placement #49',
'Placement of BEAR1 with respect to TUOBAN2_TOP',#295);
#298=PROPERTY_DEFINITION('geometric validation property','centroid of BEAR1',
#296);
#299=REPRESENTATION('centroid',(#297),#265);
#300=PROPERTY_DEFINITION_REPRESENTATION(#298,#299);
#308=DOCUMENT_TYPE('');
#309=DOCUMENT_FILE('bear1_prt.stp','TUOBAN2_TOP - BEAR1','',#308,'','');
#310=DOCUMENT_REPRESENTATION_TYPE('digital',#309);
#311=PROPERTY_DEFINITION('external definition','',#309);
#312=PROPERTY_DEFINITION_REPRESENTATION(#311,#270);
#313=DESCRIPTIVE_REPRESENTATION_ITEM('data format','STEP AP214');
#314=REPRESENTATION_CONTEXT('','document parameters');
#315=REPRESENTATION('document format',(#313),#314);
#316=PROPERTY_DEFINITION('document property','',#309);
#317=PROPERTY_DEFINITION_REPRESENTATION(#316,#315);
#318=EXTERNAL_SOURCE(IDENTIFIER('bear1_prt.stp'));
#319=IDENTIFICATION_ROLE('document source','source system');
#320=APPLIED_EXTERNAL_IDENTIFICATION_ASSIGNMENT('bear1_prt.stp',#319,#318,
(#309));
#321=APPLIED_DOCUMENT_REFERENCE(#309,'',(#274));
#322=OBJECT_ROLE('mandatory','');
#323=ROLE_ASSOCIATION(#322,#321);
#324=NEXT_ASSEMBLY_USAGE_OCCURRENCE('50','Next assembly relationship','BEAR1',
#2557,#274,$);
#325=PRODUCT_DEFINITION_SHAPE('Placement #50',
'Placement of BEAR1 with respect to TUOBAN2_TOP',#324);
#327=PROPERTY_DEFINITION('geometric validation property','centroid of BEAR1',
#325);
#328=REPRESENTATION('centroid',(#326),#265);
#329=PROPERTY_DEFINITION_REPRESENTATION(#327,#328);
#337=DOCUMENT_TYPE('');
#338=DOCUMENT_FILE('bear1_prt.stp','TUOBAN2_TOP - BEAR1','',#337,'','');
#339=DOCUMENT_REPRESENTATION_TYPE('digital',#338);
#340=PROPERTY_DEFINITION('external definition','',#338);
#341=PROPERTY_DEFINITION_REPRESENTATION(#340,#270);
#342=DESCRIPTIVE_REPRESENTATION_ITEM('data format','STEP AP214');
#343=REPRESENTATION_CONTEXT('','document parameters');
#344=REPRESENTATION('document format',(#342),#343);
#345=PROPERTY_DEFINITION('document property','',#338);
#346=PROPERTY_DEFINITION_REPRESENTATION(#345,#344);
#347=EXTERNAL_SOURCE(IDENTIFIER('bear1_prt.stp'));
#348=IDENTIFICATION_ROLE('document source','source system');
#349=APPLIED_EXTERNAL_IDENTIFICATION_ASSIGNMENT('bear1_prt.stp',#348,#347,
(#338));
#350=APPLIED_DOCUMENT_REFERENCE(#338,'',(#274));
#351=OBJECT_ROLE('mandatory','');
#352=ROLE_ASSOCIATION(#351,#350);
#353=(LENGTH_UNIT()NAMED_UNIT(*)SI_UNIT(.MILLI.,.METRE.));
#354=(NAMED_UNIT(*)PLANE_ANGLE_UNIT()SI_UNIT($,.RADIAN.));
#357=(NAMED_UNIT(*)SI_UNIT($,.STERADIAN.)SOLID_ANGLE_UNIT());
#359=(GEOMETRIC_REPRESENTATION_CONTEXT(3)GLOBAL_UNCERTAINTY_ASSIGNED_CONTEXT((
#358))GLOBAL_UNIT_ASSIGNED_CONTEXT((#353,#356,#357))REPRESENTATION_CONTEXT
('ID5','external'));
#363=AXIS2_PLACEMENT_3D('',#360,#361,#362);
#364=SHAPE_REPRESENTATION('',(#363),#359);
#369=PRODUCT_DEFINITION('part definition','',#368,#365);
#370=PRODUCT_DEFINITION_SHAPE('','SHAPE FOR TULUN.',#369);
#371=(LENGTH_UNIT()NAMED_UNIT(*)SI_UNIT(.MILLI.,.METRE.));
#375=PROPERTY_DEFINITION('geometric validation property','area of TULUN',#370);
#376=REPRESENTATION('surface area',(#374),#359);
#377=PROPERTY_DEFINITION_REPRESENTATION(#375,#376);
#378=(LENGTH_UNIT()NAMED_UNIT(*)SI_UNIT(.MILLI.,.METRE.));
#382=PROPERTY_DEFINITION('geometric validation property','volume of TULUN',
#370);
#383=REPRESENTATION('volume',(#381),#359);
#384=PROPERTY_DEFINITION_REPRESENTATION(#382,#383);
#386=PROPERTY_DEFINITION('geometric validation property','centroid of TULUN',
#370);
#387=REPRESENTATION('centroid',(#385),#359);
#388=PROPERTY_DEFINITION_REPRESENTATION(#386,#387);
#389=SHAPE_DEFINITION_REPRESENTATION(#370,#364);
#390=NEXT_ASSEMBLY_USAGE_OCCURRENCE('51','Next assembly relationship','TULUN',
#2557,#369,$);
#391=PRODUCT_DEFINITION_SHAPE('Placement #51',
'Placement of TULUN with respect to TUOBAN2_TOP',#390);
#393=PROPERTY_DEFINITION('geometric validation property','centroid of TULUN',
#391);
#394=REPRESENTATION('centroid',(#392),#359);
#395=PROPERTY_DEFINITION_REPRESENTATION(#393,#394);
#403=DOCUMENT_TYPE('');
#404=DOCUMENT_FILE('tulun_prt.stp','TUOBAN2_TOP - TULUN','',#403,'','');
#405=DOCUMENT_REPRESENTATION_TYPE('digital',#404);
#406=PROPERTY_DEFINITION('external definition','',#404);
#407=PROPERTY_DEFINITION_REPRESENTATION(#406,#364);
#408=DESCRIPTIVE_REPRESENTATION_ITEM('data format','STEP AP214');
#409=REPRESENTATION_CONTEXT('','document parameters');
#410=REPRESENTATION('document format',(#408),#409);
#411=PROPERTY_DEFINITION('document property','',#404);
#412=PROPERTY_DEFINITION_REPRESENTATION(#411,#410);
#413=EXTERNAL_SOURCE(IDENTIFIER('tulun_prt.stp'));
#414=IDENTIFICATION_ROLE('document source','source system');
#415=APPLIED_EXTERNAL_IDENTIFICATION_ASSIGNMENT('tulun_prt.stp',#414,#413,
(#404));
#416=APPLIED_DOCUMENT_REFERENCE(#404,'',(#369));
#417=OBJECT_ROLE('mandatory','');
#418=ROLE_ASSOCIATION(#417,#416);
#419=(LENGTH_UNIT()NAMED_UNIT(*)SI_UNIT(.MILLI.,.METRE.));
#420=(NAMED_UNIT(*)PLANE_ANGLE_UNIT()SI_UNIT($,.RADIAN.));
#423=(NAMED_UNIT(*)SI_UNIT($,.STERADIAN.)SOLID_ANGLE_UNIT());
#425=(GEOMETRIC_REPRESENTATION_CONTEXT(3)GLOBAL_UNCERTAINTY_ASSIGNED_CONTEXT((
#424))GLOBAL_UNIT_ASSIGNED_CONTEXT((#419,#422,#423))REPRESENTATION_CONTEXT
('ID6','external'));
#429=AXIS2_PLACEMENT_3D('',#426,#427,#428);
#430=SHAPE_REPRESENTATION('',(#429),#425);
#434=PRODUCT_DEFINITION('part definition','',#433,#365);
#435=PRODUCT_DEFINITION_SHAPE('','SHAPE FOR BEAR3.',#434);
#436=(LENGTH_UNIT()NAMED_UNIT(*)SI_UNIT(.MILLI.,.METRE.));
#440=PROPERTY_DEFINITION('geometric validation property','area of BEAR3',#435);
#441=REPRESENTATION('surface area',(#439),#425);
#442=PROPERTY_DEFINITION_REPRESENTATION(#440,#441);
#443=(LENGTH_UNIT()NAMED_UNIT(*)SI_UNIT(.MILLI.,.METRE.));
#447=PROPERTY_DEFINITION('geometric validation property','volume of BEAR3',
#435);
#448=REPRESENTATION('volume',(#446),#425);
#449=PROPERTY_DEFINITION_REPRESENTATION(#447,#448);
#451=PROPERTY_DEFINITION('geometric validation property','centroid of BEAR3',
#435);
#452=REPRESENTATION('centroid',(#450),#425);
#453=PROPERTY_DEFINITION_REPRESENTATION(#451,#452);
#454=SHAPE_DEFINITION_REPRESENTATION(#435,#430);
#455=NEXT_ASSEMBLY_USAGE_OCCURRENCE('52','Next assembly relationship','BEAR3',
#2557,#434,$);
#456=PRODUCT_DEFINITION_SHAPE('Placement #52',
'Placement of BEAR3 with respect to TUOBAN2_TOP',#455);
#458=PROPERTY_DEFINITION('geometric validation property','centroid of BEAR3',
#456);
#459=REPRESENTATION('centroid',(#457),#425);
#460=PROPERTY_DEFINITION_REPRESENTATION(#458,#459);
#468=DOCUMENT_TYPE('');
#469=DOCUMENT_FILE('bear3_prt.stp','TUOBAN2_TOP - BEAR3','',#468,'','');
#470=DOCUMENT_REPRESENTATION_TYPE('digital',#469);
#471=PROPERTY_DEFINITION('external definition','',#469);
#472=PROPERTY_DEFINITION_REPRESENTATION(#471,#430);
#473=DESCRIPTIVE_REPRESENTATION_ITEM('data format','STEP AP214');
#474=REPRESENTATION_CONTEXT('','document parameters');
#475=REPRESENTATION('document format',(#473),#474);
#476=PROPERTY_DEFINITION('document property','',#469);
#477=PROPERTY_DEFINITION_REPRESENTATION(#476,#475);
#478=EXTERNAL_SOURCE(IDENTIFIER('bear3_prt.stp'));
#479=IDENTIFICATION_ROLE('document source','source system');
#480=APPLIED_EXTERNAL_IDENTIFICATION_ASSIGNMENT('bear3_prt.stp',#479,#478,
(#469));
#481=APPLIED_DOCUMENT_REFERENCE(#469,'',(#434));
#482=OBJECT_ROLE('mandatory','');
#483=ROLE_ASSOCIATION(#482,#481);
#484=NEXT_ASSEMBLY_USAGE_OCCURRENCE('53','Next assembly relationship','TOWER1',
#2557,#180,$);
#485=PRODUCT_DEFINITION_SHAPE('Placement #53',
'Placement of TOWER1 with respect to TUOBAN2_TOP',#484);
#487=PROPERTY_DEFINITION('geometric validation property','centroid of TOWER1',
#485);
#488=REPRESENTATION('centroid',(#486),#425);
#489=PROPERTY_DEFINITION_REPRESENTATION(#487,#488);
#497=DOCUMENT_TYPE('');
#498=DOCUMENT_FILE('tower1_prt.stp','TUOBAN2_TOP - TOWER1','',#497,'','');
#499=DOCUMENT_REPRESENTATION_TYPE('digital',#498);
#500=PROPERTY_DEFINITION('external definition','',#498);
#501=PROPERTY_DEFINITION_REPRESENTATION(#500,#175);
#502=DESCRIPTIVE_REPRESENTATION_ITEM('data format','STEP AP214');
#503=REPRESENTATION_CONTEXT('','document parameters');
#504=REPRESENTATION('document format',(#502),#503);
#505=PROPERTY_DEFINITION('document property','',#498);
#506=PROPERTY_DEFINITION_REPRESENTATION(#505,#504);
#507=EXTERNAL_SOURCE(IDENTIFIER('tower1_prt.stp'));
#508=IDENTIFICATION_ROLE('document source','source system');
#509=APPLIED_EXTERNAL_IDENTIFICATION_ASSIGNMENT('tower1_prt.stp',#508,#507,
(#498));
#510=APPLIED_DOCUMENT_REFERENCE(#498,'',(#180));
#511=OBJECT_ROLE('mandatory','');
#512=ROLE_ASSOCIATION(#511,#510);
#513=NEXT_ASSEMBLY_USAGE_OCCURRENCE('54','Next assembly relationship',
'RAIL_TUBING',#2557,#114,$);
#514=PRODUCT_DEFINITION_SHAPE('Placement #54',
'Placement of RAIL_TUBING with respect to TUOBAN2_TOP',#513);
#516=PROPERTY_DEFINITION('geometric validation property',
'centroid of RAIL_TUBING',#514);
#517=REPRESENTATION('centroid',(#515),#425);
#518=PROPERTY_DEFINITION_REPRESENTATION(#516,#517);
#526=DOCUMENT_TYPE('');
#527=DOCUMENT_FILE('rail_tubing_prt.stp','TUOBAN2_TOP - RAIL_TUBING','',#526,'',
'');
#528=DOCUMENT_REPRESENTATION_TYPE('digital',#527);
#529=PROPERTY_DEFINITION('external definition','',#527);
#530=PROPERTY_DEFINITION_REPRESENTATION(#529,#110);
#531=DESCRIPTIVE_REPRESENTATION_ITEM('data format','STEP AP214');
#532=REPRESENTATION_CONTEXT('','document parameters');
#533=REPRESENTATION('document format',(#531),#532);
#534=PROPERTY_DEFINITION('document property','',#527);
#535=PROPERTY_DEFINITION_REPRESENTATION(#534,#533);
#536=EXTERNAL_SOURCE(IDENTIFIER('rail_tubing_prt.stp'));
#537=IDENTIFICATION_ROLE('document source','source system');
#538=APPLIED_EXTERNAL_IDENTIFICATION_ASSIGNMENT('rail_tubing_prt.stp',#537,#536,
(#527));
#539=APPLIED_DOCUMENT_REFERENCE(#527,'',(#114));
#540=OBJECT_ROLE('mandatory','');
#541=ROLE_ASSOCIATION(#540,#539);
#542=NEXT_ASSEMBLY_USAGE_OCCURRENCE('55','Next assembly relationship',
'RAIL_TUBING',#2557,#114,$);
#543=PRODUCT_DEFINITION_SHAPE('Placement #55',
'Placement of RAIL_TUBING with respect to TUOBAN2_TOP',#542);
#545=PROPERTY_DEFINITION('geometric validation property',
'centroid of RAIL_TUBING',#543);
#546=REPRESENTATION('centroid',(#544),#425);
#547=PROPERTY_DEFINITION_REPRESENTATION(#545,#546);
#555=DOCUMENT_TYPE('');
#556=DOCUMENT_FILE('rail_tubing_prt.stp','TUOBAN2_TOP - RAIL_TUBING','',#555,'',
'');
#557=DOCUMENT_REPRESENTATION_TYPE('digital',#556);
#558=PROPERTY_DEFINITION('external definition','',#556);
#559=PROPERTY_DEFINITION_REPRESENTATION(#558,#110);
#560=DESCRIPTIVE_REPRESENTATION_ITEM('data format','STEP AP214');
#561=REPRESENTATION_CONTEXT('','document parameters');
#562=REPRESENTATION('document format',(#560),#561);
#563=PROPERTY_DEFINITION('document property','',#556);
#564=PROPERTY_DEFINITION_REPRESENTATION(#563,#562);
#565=EXTERNAL_SOURCE(IDENTIFIER('rail_tubing_prt.stp'));
#566=IDENTIFICATION_ROLE('document source','source system');
#567=APPLIED_EXTERNAL_IDENTIFICATION_ASSIGNMENT('rail_tubing_prt.stp',#566,#565,
(#556));
#568=APPLIED_DOCUMENT_REFERENCE(#556,'',(#114));
#569=OBJECT_ROLE('mandatory','');
#570=ROLE_ASSOCIATION(#569,#568);
#571=(LENGTH_UNIT()NAMED_UNIT(*)SI_UNIT(.MILLI.,.METRE.));
#572=(NAMED_UNIT(*)PLANE_ANGLE_UNIT()SI_UNIT($,.RADIAN.));
#575=(NAMED_UNIT(*)SI_UNIT($,.STERADIAN.)SOLID_ANGLE_UNIT());
#577=(GEOMETRIC_REPRESENTATION_CONTEXT(3)GLOBAL_UNCERTAINTY_ASSIGNED_CONTEXT((
#576))GLOBAL_UNIT_ASSIGNED_CONTEXT((#571,#574,#575))REPRESENTATION_CONTEXT
('ID7','external'));
#581=AXIS2_PLACEMENT_3D('',#578,#579,#580);
#582=SHAPE_REPRESENTATION('',(#581),#577);
#587=PRODUCT_DEFINITION('part definition','',#586,#583);
#588=PRODUCT_DEFINITION_SHAPE('','SHAPE FOR 35MOTOR.',#587);
#589=(LENGTH_UNIT()NAMED_UNIT(*)SI_UNIT(.MILLI.,.METRE.));
#593=PROPERTY_DEFINITION('geometric validation property','area of 35MOTOR',
#588);
#594=REPRESENTATION('surface area',(#592),#577);
#595=PROPERTY_DEFINITION_REPRESENTATION(#593,#594);
#596=(LENGTH_UNIT()NAMED_UNIT(*)SI_UNIT(.MILLI.,.METRE.));
#600=PROPERTY_DEFINITION('geometric validation property','volume of 35MOTOR',
#588);
#601=REPRESENTATION('volume',(#599),#577);
#602=PROPERTY_DEFINITION_REPRESENTATION(#600,#601);
#604=PROPERTY_DEFINITION('geometric validation property','centroid of 35MOTOR',
#588);
#605=REPRESENTATION('centroid',(#603),#577);
#606=PROPERTY_DEFINITION_REPRESENTATION(#604,#605);
#607=SHAPE_DEFINITION_REPRESENTATION(#588,#582);
#608=NEXT_ASSEMBLY_USAGE_OCCURRENCE('56','Next assembly relationship','35MOTOR',
#2557,#587,$);
#609=PRODUCT_DEFINITION_SHAPE('Placement #56',
'Placement of 35MOTOR with respect to TUOBAN2_TOP',#608);
#611=PROPERTY_DEFINITION('geometric validation property','centroid of 35MOTOR',
#609);
#612=REPRESENTATION('centroid',(#610),#577);
#613=PROPERTY_DEFINITION_REPRESENTATION(#611,#612);
#621=DOCUMENT_TYPE('');
#622=DOCUMENT_FILE('35motor_prt.stp','TUOBAN2_TOP - 35MOTOR','',#621,'','');
#623=DOCUMENT_REPRESENTATION_TYPE('digital',#622);
#624=PROPERTY_DEFINITION('external definition','',#622);
#625=PROPERTY_DEFINITION_REPRESENTATION(#624,#582);
#626=DESCRIPTIVE_REPRESENTATION_ITEM('data format','STEP AP214');
#627=REPRESENTATION_CONTEXT('','document parameters');
#628=REPRESENTATION('document format',(#626),#627);
#629=PROPERTY_DEFINITION('document property','',#622);
#630=PROPERTY_DEFINITION_REPRESENTATION(#629,#628);
#631=EXTERNAL_SOURCE(IDENTIFIER('35motor_prt.stp'));
#632=IDENTIFICATION_ROLE('document source','source system');
#633=APPLIED_EXTERNAL_IDENTIFICATION_ASSIGNMENT('35motor_prt.stp',#632,#631,(
#622));
#634=APPLIED_DOCUMENT_REFERENCE(#622,'',(#587));
#635=OBJECT_ROLE('mandatory','');
#636=ROLE_ASSOCIATION(#635,#634);
#637=(LENGTH_UNIT()NAMED_UNIT(*)SI_UNIT(.MILLI.,.METRE.));
#638=(NAMED_UNIT(*)PLANE_ANGLE_UNIT()SI_UNIT($,.RADIAN.));
#641=(NAMED_UNIT(*)SI_UNIT($,.STERADIAN.)SOLID_ANGLE_UNIT());
#643=(GEOMETRIC_REPRESENTATION_CONTEXT(3)GLOBAL_UNCERTAINTY_ASSIGNED_CONTEXT((
#642))GLOBAL_UNIT_ASSIGNED_CONTEXT((#637,#640,#641))REPRESENTATION_CONTEXT
('ID8','external'));
#647=AXIS2_PLACEMENT_3D('',#644,#645,#646);
#648=SHAPE_REPRESENTATION('',(#647),#643);
#652=PRODUCT_DEFINITION('part definition','',#651,#583);
#653=PRODUCT_DEFINITION_SHAPE('','SHAPE FOR MOTOR.',#652);
#654=(LENGTH_UNIT()NAMED_UNIT(*)SI_UNIT(.MILLI.,.METRE.));
#658=PROPERTY_DEFINITION('geometric validation property','area of MOTOR',#653);
#659=REPRESENTATION('surface area',(#657),#643);
#660=PROPERTY_DEFINITION_REPRESENTATION(#658,#659);
#661=(LENGTH_UNIT()NAMED_UNIT(*)SI_UNIT(.MILLI.,.METRE.));
#665=PROPERTY_DEFINITION('geometric validation property','volume of MOTOR',
#653);
#666=REPRESENTATION('volume',(#664),#643);
#667=PROPERTY_DEFINITION_REPRESENTATION(#665,#666);
#669=PROPERTY_DEFINITION('geometric validation property','centroid of MOTOR',
#653);
#670=REPRESENTATION('centroid',(#668),#643);
#671=PROPERTY_DEFINITION_REPRESENTATION(#669,#670);
#672=SHAPE_DEFINITION_REPRESENTATION(#653,#648);
#673=NEXT_ASSEMBLY_USAGE_OCCURRENCE('57','Next assembly relationship','MOTOR',
#2557,#652,$);
#674=PRODUCT_DEFINITION_SHAPE('Placement #57',
'Placement of MOTOR with respect to TUOBAN2_TOP',#673);
#676=PROPERTY_DEFINITION('geometric validation property','centroid of MOTOR',
#674);
#677=REPRESENTATION('centroid',(#675),#643);
#678=PROPERTY_DEFINITION_REPRESENTATION(#676,#677);
#686=DOCUMENT_TYPE('');
#687=DOCUMENT_FILE('motor_prt.stp','TUOBAN2_TOP - MOTOR','',#686,'','');
#688=DOCUMENT_REPRESENTATION_TYPE('digital',#687);
#689=PROPERTY_DEFINITION('external definition','',#687);
#690=PROPERTY_DEFINITION_REPRESENTATION(#689,#648);
#691=DESCRIPTIVE_REPRESENTATION_ITEM('data format','STEP AP214');
#692=REPRESENTATION_CONTEXT('','document parameters');
#693=REPRESENTATION('document format',(#691),#692);
#694=PROPERTY_DEFINITION('document property','',#687);
#695=PROPERTY_DEFINITION_REPRESENTATION(#694,#693);
#696=EXTERNAL_SOURCE(IDENTIFIER('motor_prt.stp'));
#697=IDENTIFICATION_ROLE('document source','source system');
#698=APPLIED_EXTERNAL_IDENTIFICATION_ASSIGNMENT('motor_prt.stp',#697,#696,
(#687));
#699=APPLIED_DOCUMENT_REFERENCE(#687,'',(#652));
#700=OBJECT_ROLE('mandatory','');
#701=ROLE_ASSOCIATION(#700,#699);
#702=(LENGTH_UNIT()NAMED_UNIT(*)SI_UNIT(.MILLI.,.METRE.));
#703=(NAMED_UNIT(*)PLANE_ANGLE_UNIT()SI_UNIT($,.RADIAN.));
#706=(NAMED_UNIT(*)SI_UNIT($,.STERADIAN.)SOLID_ANGLE_UNIT());
#708=(GEOMETRIC_REPRESENTATION_CONTEXT(3)GLOBAL_UNCERTAINTY_ASSIGNED_CONTEXT((
#707))GLOBAL_UNIT_ASSIGNED_CONTEXT((#702,#705,#706))REPRESENTATION_CONTEXT
('ID9','external'));
#712=AXIS2_PLACEMENT_3D('',#709,#710,#711);
#713=SHAPE_REPRESENTATION('',(#712),#708);
#718=PRODUCT_DEFINITION('part definition','',#717,#714);
#719=PRODUCT_DEFINITION_SHAPE('','SHAPE FOR WHEEL.',#718);
#720=(LENGTH_UNIT()NAMED_UNIT(*)SI_UNIT(.MILLI.,.METRE.));
#724=PROPERTY_DEFINITION('geometric validation property','area of WHEEL',#719);
#725=REPRESENTATION('surface area',(#723),#708);
#726=PROPERTY_DEFINITION_REPRESENTATION(#724,#725);
#727=(LENGTH_UNIT()NAMED_UNIT(*)SI_UNIT(.MILLI.,.METRE.));
#731=PROPERTY_DEFINITION('geometric validation property','volume of WHEEL',
#719);
#732=REPRESENTATION('volume',(#730),#708);
#733=PROPERTY_DEFINITION_REPRESENTATION(#731,#732);
#735=PROPERTY_DEFINITION('geometric validation property','centroid of WHEEL',
#719);
#736=REPRESENTATION('centroid',(#734),#708);
#737=PROPERTY_DEFINITION_REPRESENTATION(#735,#736);
#738=SHAPE_DEFINITION_REPRESENTATION(#719,#713);
#739=NEXT_ASSEMBLY_USAGE_OCCURRENCE('58','Next assembly relationship','WHEEL',
#2557,#718,$);
#740=PRODUCT_DEFINITION_SHAPE('Placement #58',
'Placement of WHEEL with respect to TUOBAN2_TOP',#739);
#742=PROPERTY_DEFINITION('geometric validation property','centroid of WHEEL',
#740);
#743=REPRESENTATION('centroid',(#741),#708);
#744=PROPERTY_DEFINITION_REPRESENTATION(#742,#743);
#752=DOCUMENT_TYPE('');
#753=DOCUMENT_FILE('wheel_prt.stp','TUOBAN2_TOP - WHEEL','',#752,'','');
#754=DOCUMENT_REPRESENTATION_TYPE('digital',#753);
#755=PROPERTY_DEFINITION('external definition','',#753);
#756=PROPERTY_DEFINITION_REPRESENTATION(#755,#713);
#757=DESCRIPTIVE_REPRESENTATION_ITEM('data format','STEP AP214');
#758=REPRESENTATION_CONTEXT('','document parameters');
#759=REPRESENTATION('document format',(#757),#758);
#760=PROPERTY_DEFINITION('document property','',#753);
#761=PROPERTY_DEFINITION_REPRESENTATION(#760,#759);
#762=EXTERNAL_SOURCE(IDENTIFIER('wheel_prt.stp'));
#763=IDENTIFICATION_ROLE('document source','source system');
#764=APPLIED_EXTERNAL_IDENTIFICATION_ASSIGNMENT('wheel_prt.stp',#763,#762,
(#753));
#765=APPLIED_DOCUMENT_REFERENCE(#753,'',(#718));
#766=OBJECT_ROLE('mandatory','');
#767=ROLE_ASSOCIATION(#766,#765);
#768=(LENGTH_UNIT()NAMED_UNIT(*)SI_UNIT(.MILLI.,.METRE.));
#769=(NAMED_UNIT(*)PLANE_ANGLE_UNIT()SI_UNIT($,.RADIAN.));
#772=(NAMED_UNIT(*)SI_UNIT($,.STERADIAN.)SOLID_ANGLE_UNIT());
#774=(GEOMETRIC_REPRESENTATION_CONTEXT(3)GLOBAL_UNCERTAINTY_ASSIGNED_CONTEXT((
#773))GLOBAL_UNIT_ASSIGNED_CONTEXT((#768,#771,#772))REPRESENTATION_CONTEXT(
'ID10','external'));
#778=AXIS2_PLACEMENT_3D('',#775,#776,#777);
#779=SHAPE_REPRESENTATION('',(#778),#774);
#783=PRODUCT_DEFINITION('part definition','',#782,#714);
#784=PRODUCT_DEFINITION_SHAPE('','SHAPE FOR ROPE1.',#783);
#785=(LENGTH_UNIT()NAMED_UNIT(*)SI_UNIT(.MILLI.,.METRE.));
#789=PROPERTY_DEFINITION('geometric validation property','area of ROPE1',#784);
#790=REPRESENTATION('surface area',(#788),#774);
#791=PROPERTY_DEFINITION_REPRESENTATION(#789,#790);
#792=(LENGTH_UNIT()NAMED_UNIT(*)SI_UNIT(.MILLI.,.METRE.));
#796=PROPERTY_DEFINITION('geometric validation property','volume of ROPE1',
#784);
#797=REPRESENTATION('volume',(#795),#774);
#798=PROPERTY_DEFINITION_REPRESENTATION(#796,#797);
#800=PROPERTY_DEFINITION('geometric validation property','centroid of ROPE1',
#784);
#801=REPRESENTATION('centroid',(#799),#774);
#802=PROPERTY_DEFINITION_REPRESENTATION(#800,#801);
#803=SHAPE_DEFINITION_REPRESENTATION(#784,#779);
#804=NEXT_ASSEMBLY_USAGE_OCCURRENCE('59','Next assembly relationship','ROPE1',
#2557,#783,$);
#805=PRODUCT_DEFINITION_SHAPE('Placement #59',
'Placement of ROPE1 with respect to TUOBAN2_TOP',#804);
#807=PROPERTY_DEFINITION('geometric validation property','centroid of ROPE1',
#805);
#808=REPRESENTATION('centroid',(#806),#774);
#809=PROPERTY_DEFINITION_REPRESENTATION(#807,#808);
#817=DOCUMENT_TYPE('');
#818=DOCUMENT_FILE('rope1_prt.stp','TUOBAN2_TOP - ROPE1','',#817,'','');
#819=DOCUMENT_REPRESENTATION_TYPE('digital',#818);
#820=PROPERTY_DEFINITION('external definition','',#818);
#821=PROPERTY_DEFINITION_REPRESENTATION(#820,#779);
#822=DESCRIPTIVE_REPRESENTATION_ITEM('data format','STEP AP214');
#823=REPRESENTATION_CONTEXT('','document parameters');
#824=REPRESENTATION('document format',(#822),#823);
#825=PROPERTY_DEFINITION('document property','',#818);
#826=PROPERTY_DEFINITION_REPRESENTATION(#825,#824);
#827=EXTERNAL_SOURCE(IDENTIFIER('rope1_prt.stp'));
#828=IDENTIFICATION_ROLE('document source','source system');
#829=APPLIED_EXTERNAL_IDENTIFICATION_ASSIGNMENT('rope1_prt.stp',#828,#827,
(#818));
#830=APPLIED_DOCUMENT_REFERENCE(#818,'',(#783));
#831=OBJECT_ROLE('mandatory','');
#832=ROLE_ASSOCIATION(#831,#830);
#833=(LENGTH_UNIT()NAMED_UNIT(*)SI_UNIT(.MILLI.,.METRE.));
#834=(NAMED_UNIT(*)PLANE_ANGLE_UNIT()SI_UNIT($,.RADIAN.));
#837=(NAMED_UNIT(*)SI_UNIT($,.STERADIAN.)SOLID_ANGLE_UNIT());
#839=(GEOMETRIC_REPRESENTATION_CONTEXT(3)GLOBAL_UNCERTAINTY_ASSIGNED_CONTEXT((
#838))GLOBAL_UNIT_ASSIGNED_CONTEXT((#833,#836,#837))REPRESENTATION_CONTEXT(
'ID11','external'));
#843=AXIS2_PLACEMENT_3D('',#840,#841,#842);
#844=SHAPE_REPRESENTATION('',(#843),#839);
#849=PRODUCT_DEFINITION('part definition','',#848,#845);
#850=PRODUCT_DEFINITION_SHAPE('','SHAPE FOR ROPE2.',#849);
#851=(LENGTH_UNIT()NAMED_UNIT(*)SI_UNIT(.MILLI.,.METRE.));
#855=PROPERTY_DEFINITION('geometric validation property','area of ROPE2',#850);
#856=REPRESENTATION('surface area',(#854),#839);
#857=PROPERTY_DEFINITION_REPRESENTATION(#855,#856);
#858=(LENGTH_UNIT()NAMED_UNIT(*)SI_UNIT(.MILLI.,.METRE.));
#862=PROPERTY_DEFINITION('geometric validation property','volume of ROPE2',
#850);
#863=REPRESENTATION('volume',(#861),#839);
#864=PROPERTY_DEFINITION_REPRESENTATION(#862,#863);
#866=PROPERTY_DEFINITION('geometric validation property','centroid of ROPE2',
#850);
#867=REPRESENTATION('centroid',(#865),#839);
#868=PROPERTY_DEFINITION_REPRESENTATION(#866,#867);
#869=SHAPE_DEFINITION_REPRESENTATION(#850,#844);
#870=NEXT_ASSEMBLY_USAGE_OCCURRENCE('60','Next assembly relationship','ROPE2',
#2557,#849,$);
#871=PRODUCT_DEFINITION_SHAPE('Placement #60',
'Placement of ROPE2 with respect to TUOBAN2_TOP',#870);
#873=PROPERTY_DEFINITION('geometric validation property','centroid of ROPE2',
#871);
#874=REPRESENTATION('centroid',(#872),#839);
#875=PROPERTY_DEFINITION_REPRESENTATION(#873,#874);
#883=DOCUMENT_TYPE('');
#884=DOCUMENT_FILE('rope2_prt.stp','TUOBAN2_TOP - ROPE2','',#883,'','');
#885=DOCUMENT_REPRESENTATION_TYPE('digital',#884);
#886=PROPERTY_DEFINITION('external definition','',#884);
#887=PROPERTY_DEFINITION_REPRESENTATION(#886,#844);
#888=DESCRIPTIVE_REPRESENTATION_ITEM('data format','STEP AP214');
#889=REPRESENTATION_CONTEXT('','document parameters');
#890=REPRESENTATION('document format',(#888),#889);
#891=PROPERTY_DEFINITION('document property','',#884);
#892=PROPERTY_DEFINITION_REPRESENTATION(#891,#890);
#893=EXTERNAL_SOURCE(IDENTIFIER('rope2_prt.stp'));
#894=IDENTIFICATION_ROLE('document source','source system');
#895=APPLIED_EXTERNAL_IDENTIFICATION_ASSIGNMENT('rope2_prt.stp',#894,#893,
(#884));
#896=APPLIED_DOCUMENT_REFERENCE(#884,'',(#849));
#897=OBJECT_ROLE('mandatory','');
#898=ROLE_ASSOCIATION(#897,#896);
#899=(LENGTH_UNIT()NAMED_UNIT(*)SI_UNIT(.MILLI.,.METRE.));
#900=(NAMED_UNIT(*)PLANE_ANGLE_UNIT()SI_UNIT($,.RADIAN.));
#903=(NAMED_UNIT(*)SI_UNIT($,.STERADIAN.)SOLID_ANGLE_UNIT());
#905=(GEOMETRIC_REPRESENTATION_CONTEXT(3)GLOBAL_UNCERTAINTY_ASSIGNED_CONTEXT((
#904))GLOBAL_UNIT_ASSIGNED_CONTEXT((#899,#902,#903))REPRESENTATION_CONTEXT(
'ID12','external'));
#909=AXIS2_PLACEMENT_3D('',#906,#907,#908);
#910=SHAPE_REPRESENTATION('',(#909),#905);
#914=PRODUCT_DEFINITION('part definition','',#913,#845);
#915=PRODUCT_DEFINITION_SHAPE('','SHAPE FOR ROPE3.',#914);
#916=(LENGTH_UNIT()NAMED_UNIT(*)SI_UNIT(.MILLI.,.METRE.));
#920=PROPERTY_DEFINITION('geometric validation property','area of ROPE3',#915);
#921=REPRESENTATION('surface area',(#919),#905);
#922=PROPERTY_DEFINITION_REPRESENTATION(#920,#921);
#923=(LENGTH_UNIT()NAMED_UNIT(*)SI_UNIT(.MILLI.,.METRE.));
#927=PROPERTY_DEFINITION('geometric validation property','volume of ROPE3',
#915);
#928=REPRESENTATION('volume',(#926),#905);
#929=PROPERTY_DEFINITION_REPRESENTATION(#927,#928);
#931=PROPERTY_DEFINITION('geometric validation property','centroid of ROPE3',
#915);
#932=REPRESENTATION('centroid',(#930),#905);
#933=PROPERTY_DEFINITION_REPRESENTATION(#931,#932);
#934=SHAPE_DEFINITION_REPRESENTATION(#915,#910);
#935=NEXT_ASSEMBLY_USAGE_OCCURRENCE('61','Next assembly relationship','ROPE3',
#2557,#914,$);
#936=PRODUCT_DEFINITION_SHAPE('Placement #61',
'Placement of ROPE3 with respect to TUOBAN2_TOP',#935);
#938=PROPERTY_DEFINITION('geometric validation property','centroid of ROPE3',
#936);
#939=REPRESENTATION('centroid',(#937),#905);
#940=PROPERTY_DEFINITION_REPRESENTATION(#938,#939);
#948=DOCUMENT_TYPE('');
#949=DOCUMENT_FILE('rope3_prt.stp','TUOBAN2_TOP - ROPE3','',#948,'','');
#950=DOCUMENT_REPRESENTATION_TYPE('digital',#949);
#951=PROPERTY_DEFINITION('external definition','',#949);
#952=PROPERTY_DEFINITION_REPRESENTATION(#951,#910);
#953=DESCRIPTIVE_REPRESENTATION_ITEM('data format','STEP AP214');
#954=REPRESENTATION_CONTEXT('','document parameters');
#955=REPRESENTATION('document format',(#953),#954);
#956=PROPERTY_DEFINITION('document property','',#949);
#957=PROPERTY_DEFINITION_REPRESENTATION(#956,#955);
#958=EXTERNAL_SOURCE(IDENTIFIER('rope3_prt.stp'));
#959=IDENTIFICATION_ROLE('document source','source system');
#960=APPLIED_EXTERNAL_IDENTIFICATION_ASSIGNMENT('rope3_prt.stp',#959,#958,
(#949));
#961=APPLIED_DOCUMENT_REFERENCE(#949,'',(#914));
#962=OBJECT_ROLE('mandatory','');
#963=ROLE_ASSOCIATION(#962,#961);
#964=(LENGTH_UNIT()NAMED_UNIT(*)SI_UNIT(.MILLI.,.METRE.));
#965=(NAMED_UNIT(*)PLANE_ANGLE_UNIT()SI_UNIT($,.RADIAN.));
#968=(NAMED_UNIT(*)SI_UNIT($,.STERADIAN.)SOLID_ANGLE_UNIT());
#970=(GEOMETRIC_REPRESENTATION_CONTEXT(3)GLOBAL_UNCERTAINTY_ASSIGNED_CONTEXT((
#969))GLOBAL_UNIT_ASSIGNED_CONTEXT((#964,#967,#968))REPRESENTATION_CONTEXT(
'ID13','external'));
#974=AXIS2_PLACEMENT_3D('',#971,#972,#973);
#975=SHAPE_REPRESENTATION('',(#974),#970);
#980=PRODUCT_DEFINITION('part definition','',#979,#976);
#981=PRODUCT_DEFINITION_SHAPE('','SHAPE FOR BRAKE1.',#980);
#982=(LENGTH_UNIT()NAMED_UNIT(*)SI_UNIT(.MILLI.,.METRE.));
#986=PROPERTY_DEFINITION('geometric validation property','area of BRAKE1',#981);
#987=REPRESENTATION('surface area',(#985),#970);
#988=PROPERTY_DEFINITION_REPRESENTATION(#986,#987);
#989=(LENGTH_UNIT()NAMED_UNIT(*)SI_UNIT(.MILLI.,.METRE.));
#993=PROPERTY_DEFINITION('geometric validation property','volume of BRAKE1',
#981);
#994=REPRESENTATION('volume',(#992),#970);
#995=PROPERTY_DEFINITION_REPRESENTATION(#993,#994);
#997=PROPERTY_DEFINITION('geometric validation property','centroid of BRAKE1',
#981);
#998=REPRESENTATION('centroid',(#996),#970);
#999=PROPERTY_DEFINITION_REPRESENTATION(#997,#998);
#1000=SHAPE_DEFINITION_REPRESENTATION(#981,#975);
#1001=NEXT_ASSEMBLY_USAGE_OCCURRENCE('62','Next assembly relationship','BRAKE1',
#2557,#980,$);
#1002=PRODUCT_DEFINITION_SHAPE('Placement #62',
'Placement of BRAKE1 with respect to TUOBAN2_TOP',#1001);
#1004=PROPERTY_DEFINITION('geometric validation property','centroid of BRAKE1',
#1002);
#1005=REPRESENTATION('centroid',(#1003),#970);
#1006=PROPERTY_DEFINITION_REPRESENTATION(#1004,#1005);
#1014=DOCUMENT_TYPE('');
#1015=DOCUMENT_FILE('brake1_prt.stp','TUOBAN2_TOP - BRAKE1','',#1014,'','');
#1016=DOCUMENT_REPRESENTATION_TYPE('digital',#1015);
#1017=PROPERTY_DEFINITION('external definition','',#1015);
#1018=PROPERTY_DEFINITION_REPRESENTATION(#1017,#975);
#1019=DESCRIPTIVE_REPRESENTATION_ITEM('data format','STEP AP214');
#1020=REPRESENTATION_CONTEXT('','document parameters');
#1021=REPRESENTATION('document format',(#1019),#1020);
#1022=PROPERTY_DEFINITION('document property','',#1015);
#1023=PROPERTY_DEFINITION_REPRESENTATION(#1022,#1021);
#1024=EXTERNAL_SOURCE(IDENTIFIER('brake1_prt.stp'));
#1025=IDENTIFICATION_ROLE('document source','source system');
#1026=APPLIED_EXTERNAL_IDENTIFICATION_ASSIGNMENT('brake1_prt.stp',#1025,#1024,(
#1015));
#1027=APPLIED_DOCUMENT_REFERENCE(#1015,'',(#980));
#1028=OBJECT_ROLE('mandatory','');
#1029=ROLE_ASSOCIATION(#1028,#1027);
#1030=(LENGTH_UNIT()NAMED_UNIT(*)SI_UNIT(.MILLI.,.METRE.));
#1031=(NAMED_UNIT(*)PLANE_ANGLE_UNIT()SI_UNIT($,.RADIAN.));
#1034=(NAMED_UNIT(*)SI_UNIT($,.STERADIAN.)SOLID_ANGLE_UNIT());
#1036=(GEOMETRIC_REPRESENTATION_CONTEXT(3)GLOBAL_UNCERTAINTY_ASSIGNED_CONTEXT((
#1035))GLOBAL_UNIT_ASSIGNED_CONTEXT((#1030,#1033,#1034))REPRESENTATION_CONTEXT(
'ID14','external'));
#1040=AXIS2_PLACEMENT_3D('',#1037,#1038,#1039);
#1041=SHAPE_REPRESENTATION('',(#1040),#1036);
#1045=PRODUCT_DEFINITION('part definition','',#1044,#976);
#1046=PRODUCT_DEFINITION_SHAPE('','SHAPE FOR BRAKE2.',#1045);
#1047=(LENGTH_UNIT()NAMED_UNIT(*)SI_UNIT(.MILLI.,.METRE.));
#1051=PROPERTY_DEFINITION('geometric validation property','area of BRAKE2',
#1046);
#1052=REPRESENTATION('surface area',(#1050),#1036);
#1053=PROPERTY_DEFINITION_REPRESENTATION(#1051,#1052);
#1054=(LENGTH_UNIT()NAMED_UNIT(*)SI_UNIT(.MILLI.,.METRE.));
#1058=PROPERTY_DEFINITION('geometric validation property','volume of BRAKE2',
#1046);
#1059=REPRESENTATION('volume',(#1057),#1036);
#1060=PROPERTY_DEFINITION_REPRESENTATION(#1058,#1059);
#1062=PROPERTY_DEFINITION('geometric validation property','centroid of BRAKE2',
#1046);
#1063=REPRESENTATION('centroid',(#1061),#1036);
#1064=PROPERTY_DEFINITION_REPRESENTATION(#1062,#1063);
#1065=SHAPE_DEFINITION_REPRESENTATION(#1046,#1041);
#1066=NEXT_ASSEMBLY_USAGE_OCCURRENCE('63','Next assembly relationship','BRAKE2',
#2557,#1045,$);
#1067=PRODUCT_DEFINITION_SHAPE('Placement #63',
'Placement of BRAKE2 with respect to TUOBAN2_TOP',#1066);
#1069=PROPERTY_DEFINITION('geometric validation property','centroid of BRAKE2',
#1067);
#1070=REPRESENTATION('centroid',(#1068),#1036);
#1071=PROPERTY_DEFINITION_REPRESENTATION(#1069,#1070);
#1079=DOCUMENT_TYPE('');
#1080=DOCUMENT_FILE('brake2_prt.stp','TUOBAN2_TOP - BRAKE2','',#1079,'','');
#1081=DOCUMENT_REPRESENTATION_TYPE('digital',#1080);
#1082=PROPERTY_DEFINITION('external definition','',#1080);
#1083=PROPERTY_DEFINITION_REPRESENTATION(#1082,#1041);
#1084=DESCRIPTIVE_REPRESENTATION_ITEM('data format','STEP AP214');
#1085=REPRESENTATION_CONTEXT('','document parameters');
#1086=REPRESENTATION('document format',(#1084),#1085);
#1087=PROPERTY_DEFINITION('document property','',#1080);
#1088=PROPERTY_DEFINITION_REPRESENTATION(#1087,#1086);
#1089=EXTERNAL_SOURCE(IDENTIFIER('brake2_prt.stp'));
#1090=IDENTIFICATION_ROLE('document source','source system');
#1091=APPLIED_EXTERNAL_IDENTIFICATION_ASSIGNMENT('brake2_prt.stp',#1090,#1089,(
#1080));
#1092=APPLIED_DOCUMENT_REFERENCE(#1080,'',(#1045));
#1093=OBJECT_ROLE('mandatory','');
#1094=ROLE_ASSOCIATION(#1093,#1092);
#1095=(LENGTH_UNIT()NAMED_UNIT(*)SI_UNIT(.MILLI.,.METRE.));
#1096=(NAMED_UNIT(*)PLANE_ANGLE_UNIT()SI_UNIT($,.RADIAN.));
#1099=(NAMED_UNIT(*)SI_UNIT($,.STERADIAN.)SOLID_ANGLE_UNIT());
#1101=(GEOMETRIC_REPRESENTATION_CONTEXT(3)GLOBAL_UNCERTAINTY_ASSIGNED_CONTEXT((
#1100))GLOBAL_UNIT_ASSIGNED_CONTEXT((#1095,#1098,#1099))REPRESENTATION_CONTEXT(
'ID15','external'));
#1105=AXIS2_PLACEMENT_3D('',#1102,#1103,#1104);
#1106=SHAPE_REPRESENTATION('',(#1105),#1101);
#1111=PRODUCT_DEFINITION('part definition','',#1110,#1107);
#1112=PRODUCT_DEFINITION_SHAPE('','SHAPE FOR BRAKE3.',#1111);
#1113=(LENGTH_UNIT()NAMED_UNIT(*)SI_UNIT(.MILLI.,.METRE.));
#1117=PROPERTY_DEFINITION('geometric validation property','area of BRAKE3',
#1112);
#1118=REPRESENTATION('surface area',(#1116),#1101);
#1119=PROPERTY_DEFINITION_REPRESENTATION(#1117,#1118);
#1120=(LENGTH_UNIT()NAMED_UNIT(*)SI_UNIT(.MILLI.,.METRE.));
#1124=PROPERTY_DEFINITION('geometric validation property','volume of BRAKE3',
#1112);
#1125=REPRESENTATION('volume',(#1123),#1101);
#1126=PROPERTY_DEFINITION_REPRESENTATION(#1124,#1125);
#1128=PROPERTY_DEFINITION('geometric validation property','centroid of BRAKE3',
#1112);
#1129=REPRESENTATION('centroid',(#1127),#1101);
#1130=PROPERTY_DEFINITION_REPRESENTATION(#1128,#1129);
#1131=SHAPE_DEFINITION_REPRESENTATION(#1112,#1106);
#1132=NEXT_ASSEMBLY_USAGE_OCCURRENCE('64','Next assembly relationship','BRAKE3',
#2557,#1111,$);
#1133=PRODUCT_DEFINITION_SHAPE('Placement #64',
'Placement of BRAKE3 with respect to TUOBAN2_TOP',#1132);
#1135=PROPERTY_DEFINITION('geometric validation property','centroid of BRAKE3',
#1133);
#1136=REPRESENTATION('centroid',(#1134),#1101);
#1137=PROPERTY_DEFINITION_REPRESENTATION(#1135,#1136);
#1145=DOCUMENT_TYPE('');
#1146=DOCUMENT_FILE('brake3_prt.stp','TUOBAN2_TOP - BRAKE3','',#1145,'','');
#1147=DOCUMENT_REPRESENTATION_TYPE('digital',#1146);
#1148=PROPERTY_DEFINITION('external definition','',#1146);
#1149=PROPERTY_DEFINITION_REPRESENTATION(#1148,#1106);
#1150=DESCRIPTIVE_REPRESENTATION_ITEM('data format','STEP AP214');
#1151=REPRESENTATION_CONTEXT('','document parameters');
#1152=REPRESENTATION('document format',(#1150),#1151);
#1153=PROPERTY_DEFINITION('document property','',#1146);
#1154=PROPERTY_DEFINITION_REPRESENTATION(#1153,#1152);
#1155=EXTERNAL_SOURCE(IDENTIFIER('brake3_prt.stp'));
#1156=IDENTIFICATION_ROLE('document source','source system');
#1157=APPLIED_EXTERNAL_IDENTIFICATION_ASSIGNMENT('brake3_prt.stp',#1156,#1155,(
#1146));
#1158=APPLIED_DOCUMENT_REFERENCE(#1146,'',(#1111));
#1159=OBJECT_ROLE('mandatory','');
#1160=ROLE_ASSOCIATION(#1159,#1158);
#1161=(LENGTH_UNIT()NAMED_UNIT(*)SI_UNIT(.MILLI.,.METRE.));
#1162=(NAMED_UNIT(*)PLANE_ANGLE_UNIT()SI_UNIT($,.RADIAN.));
#1165=(NAMED_UNIT(*)SI_UNIT($,.STERADIAN.)SOLID_ANGLE_UNIT());
#1167=(GEOMETRIC_REPRESENTATION_CONTEXT(3)GLOBAL_UNCERTAINTY_ASSIGNED_CONTEXT((
#1166))GLOBAL_UNIT_ASSIGNED_CONTEXT((#1161,#1164,#1165))REPRESENTATION_CONTEXT(
'ID16','external'));
#1171=AXIS2_PLACEMENT_3D('',#1168,#1169,#1170);
#1172=SHAPE_REPRESENTATION('',(#1171),#1167);
#1176=PRODUCT_DEFINITION('part definition','',#1175,#1107);
#1177=PRODUCT_DEFINITION_SHAPE('','SHAPE FOR MOTORGEAR.',#1176);
#1178=(LENGTH_UNIT()NAMED_UNIT(*)SI_UNIT(.MILLI.,.METRE.));
#1182=PROPERTY_DEFINITION('geometric validation property','area of MOTORGEAR',
#1177);
#1183=REPRESENTATION('surface area',(#1181),#1167);
#1184=PROPERTY_DEFINITION_REPRESENTATION(#1182,#1183);
#1185=(LENGTH_UNIT()NAMED_UNIT(*)SI_UNIT(.MILLI.,.METRE.));
#1189=PROPERTY_DEFINITION('geometric validation property','volume of MOTORGEAR',
#1177);
#1190=REPRESENTATION('volume',(#1188),#1167);
#1191=PROPERTY_DEFINITION_REPRESENTATION(#1189,#1190);
#1193=PROPERTY_DEFINITION('geometric validation property',
'centroid of MOTORGEAR',#1177);
#1194=REPRESENTATION('centroid',(#1192),#1167);
#1195=PROPERTY_DEFINITION_REPRESENTATION(#1193,#1194);
#1196=SHAPE_DEFINITION_REPRESENTATION(#1177,#1172);
#1197=NEXT_ASSEMBLY_USAGE_OCCURRENCE('65','Next assembly relationship',
'MOTORGEAR',#2557,#1176,$);
#1198=PRODUCT_DEFINITION_SHAPE('Placement #65',
'Placement of MOTORGEAR with respect to TUOBAN2_TOP',#1197);
#1200=PROPERTY_DEFINITION('geometric validation property',
'centroid of MOTORGEAR',#1198);
#1201=REPRESENTATION('centroid',(#1199),#1167);
#1202=PROPERTY_DEFINITION_REPRESENTATION(#1200,#1201);
#1210=DOCUMENT_TYPE('');
#1211=DOCUMENT_FILE('motorgear_prt.stp','TUOBAN2_TOP - MOTORGEAR','',#1210,'',
'');
#1212=DOCUMENT_REPRESENTATION_TYPE('digital',#1211);
#1213=PROPERTY_DEFINITION('external definition','',#1211);
#1214=PROPERTY_DEFINITION_REPRESENTATION(#1213,#1172);
#1215=DESCRIPTIVE_REPRESENTATION_ITEM('data format','STEP AP214');
#1216=REPRESENTATION_CONTEXT('','document parameters');
#1217=REPRESENTATION('document format',(#1215),#1216);
#1218=PROPERTY_DEFINITION('document property','',#1211);
#1219=PROPERTY_DEFINITION_REPRESENTATION(#1218,#1217);
#1220=EXTERNAL_SOURCE(IDENTIFIER('motorgear_prt.stp'));
#1221=IDENTIFICATION_ROLE('document source','source system');
#1222=APPLIED_EXTERNAL_IDENTIFICATION_ASSIGNMENT('motorgear_prt.stp',#1221,
#1220,(#1211));
#1223=APPLIED_DOCUMENT_REFERENCE(#1211,'',(#1176));
#1224=OBJECT_ROLE('mandatory','');
#1225=ROLE_ASSOCIATION(#1224,#1223);
#1226=(LENGTH_UNIT()NAMED_UNIT(*)SI_UNIT(.MILLI.,.METRE.));
#1227=(NAMED_UNIT(*)PLANE_ANGLE_UNIT()SI_UNIT($,.RADIAN.));
#1230=(NAMED_UNIT(*)SI_UNIT($,.STERADIAN.)SOLID_ANGLE_UNIT());
#1232=(GEOMETRIC_REPRESENTATION_CONTEXT(3)GLOBAL_UNCERTAINTY_ASSIGNED_CONTEXT((
#1231))GLOBAL_UNIT_ASSIGNED_CONTEXT((#1226,#1229,#1230))REPRESENTATION_CONTEXT(
'ID17','external'));
#1236=AXIS2_PLACEMENT_3D('',#1233,#1234,#1235);
#1237=SHAPE_REPRESENTATION('',(#1236),#1232);
#1242=PRODUCT_DEFINITION('part definition','',#1241,#1238);
#1243=PRODUCT_DEFINITION_SHAPE('','SHAPE FOR CAMGEAR2.',#1242);
#1244=(LENGTH_UNIT()NAMED_UNIT(*)SI_UNIT(.MILLI.,.METRE.));
#1248=PROPERTY_DEFINITION('geometric validation property','area of CAMGEAR2',
#1243);
#1249=REPRESENTATION('surface area',(#1247),#1232);
#1250=PROPERTY_DEFINITION_REPRESENTATION(#1248,#1249);
#1251=(LENGTH_UNIT()NAMED_UNIT(*)SI_UNIT(.MILLI.,.METRE.));
#1255=PROPERTY_DEFINITION('geometric validation property','volume of CAMGEAR2',
#1243);
#1256=REPRESENTATION('volume',(#1254),#1232);
#1257=PROPERTY_DEFINITION_REPRESENTATION(#1255,#1256);
#1259=PROPERTY_DEFINITION('geometric validation property',
'centroid of CAMGEAR2',#1243);
#1260=REPRESENTATION('centroid',(#1258),#1232);
#1261=PROPERTY_DEFINITION_REPRESENTATION(#1259,#1260);
#1262=SHAPE_DEFINITION_REPRESENTATION(#1243,#1237);
#1263=NEXT_ASSEMBLY_USAGE_OCCURRENCE('66','Next assembly relationship',
'CAMGEAR2',#2557,#1242,$);
#1264=PRODUCT_DEFINITION_SHAPE('Placement #66',
'Placement of CAMGEAR2 with respect to TUOBAN2_TOP',#1263);
#1266=PROPERTY_DEFINITION('geometric validation property',
'centroid of CAMGEAR2',#1264);
#1267=REPRESENTATION('centroid',(#1265),#1232);
#1268=PROPERTY_DEFINITION_REPRESENTATION(#1266,#1267);
#1276=DOCUMENT_TYPE('');
#1277=DOCUMENT_FILE('camgear2_prt.stp','TUOBAN2_TOP - CAMGEAR2','',#1276,'','');
#1278=DOCUMENT_REPRESENTATION_TYPE('digital',#1277);
#1279=PROPERTY_DEFINITION('external definition','',#1277);
#1280=PROPERTY_DEFINITION_REPRESENTATION(#1279,#1237);
#1281=DESCRIPTIVE_REPRESENTATION_ITEM('data format','STEP AP214');
#1282=REPRESENTATION_CONTEXT('','document parameters');
#1283=REPRESENTATION('document format',(#1281),#1282);
#1284=PROPERTY_DEFINITION('document property','',#1277);
#1285=PROPERTY_DEFINITION_REPRESENTATION(#1284,#1283);
#1286=EXTERNAL_SOURCE(IDENTIFIER('camgear2_prt.stp'));
#1287=IDENTIFICATION_ROLE('document source','source system');
#1288=APPLIED_EXTERNAL_IDENTIFICATION_ASSIGNMENT('camgear2_prt.stp',#1287,#1286,
(#1277));
#1289=APPLIED_DOCUMENT_REFERENCE(#1277,'',(#1242));
#1290=OBJECT_ROLE('mandatory','');
#1291=ROLE_ASSOCIATION(#1290,#1289);
#1292=(LENGTH_UNIT()NAMED_UNIT(*)SI_UNIT(.MILLI.,.METRE.));
#1293=(NAMED_UNIT(*)PLANE_ANGLE_UNIT()SI_UNIT($,.RADIAN.));
#1296=(NAMED_UNIT(*)SI_UNIT($,.STERADIAN.)SOLID_ANGLE_UNIT());
#1298=(GEOMETRIC_REPRESENTATION_CONTEXT(3)GLOBAL_UNCERTAINTY_ASSIGNED_CONTEXT((
#1297))GLOBAL_UNIT_ASSIGNED_CONTEXT((#1292,#1295,#1296))REPRESENTATION_CONTEXT(
'ID18','external'));
#1302=AXIS2_PLACEMENT_3D('',#1299,#1300,#1301);
#1303=SHAPE_REPRESENTATION('',(#1302),#1298);
#1307=PRODUCT_DEFINITION('part definition','',#1306,#1238);
#1308=PRODUCT_DEFINITION_SHAPE('','SHAPE FOR CAMGEAR.',#1307);
#1309=(LENGTH_UNIT()NAMED_UNIT(*)SI_UNIT(.MILLI.,.METRE.));
#1313=PROPERTY_DEFINITION('geometric validation property','area of CAMGEAR',
#1308);
#1314=REPRESENTATION('surface area',(#1312),#1298);
#1315=PROPERTY_DEFINITION_REPRESENTATION(#1313,#1314);
#1316=(LENGTH_UNIT()NAMED_UNIT(*)SI_UNIT(.MILLI.,.METRE.));
#1320=PROPERTY_DEFINITION('geometric validation property','volume of CAMGEAR',
#1308);
#1321=REPRESENTATION('volume',(#1319),#1298);
#1322=PROPERTY_DEFINITION_REPRESENTATION(#1320,#1321);
#1324=PROPERTY_DEFINITION('geometric validation property','centroid of CAMGEAR',
#1308);
#1325=REPRESENTATION('centroid',(#1323),#1298);
#1326=PROPERTY_DEFINITION_REPRESENTATION(#1324,#1325);
#1327=SHAPE_DEFINITION_REPRESENTATION(#1308,#1303);
#1328=NEXT_ASSEMBLY_USAGE_OCCURRENCE('67','Next assembly relationship',
'CAMGEAR',#2557,#1307,$);
#1329=PRODUCT_DEFINITION_SHAPE('Placement #67',
'Placement of CAMGEAR with respect to TUOBAN2_TOP',#1328);
#1331=PROPERTY_DEFINITION('geometric validation property','centroid of CAMGEAR',
#1329);
#1332=REPRESENTATION('centroid',(#1330),#1298);
#1333=PROPERTY_DEFINITION_REPRESENTATION(#1331,#1332);
#1341=DOCUMENT_TYPE('');
#1342=DOCUMENT_FILE('camgear_prt.stp','TUOBAN2_TOP - CAMGEAR','',#1341,'','');
#1343=DOCUMENT_REPRESENTATION_TYPE('digital',#1342);
#1344=PROPERTY_DEFINITION('external definition','',#1342);
#1345=PROPERTY_DEFINITION_REPRESENTATION(#1344,#1303);
#1346=DESCRIPTIVE_REPRESENTATION_ITEM('data format','STEP AP214');
#1347=REPRESENTATION_CONTEXT('','document parameters');
#1348=REPRESENTATION('document format',(#1346),#1347);
#1349=PROPERTY_DEFINITION('document property','',#1342);
#1350=PROPERTY_DEFINITION_REPRESENTATION(#1349,#1348);
#1351=EXTERNAL_SOURCE(IDENTIFIER('camgear_prt.stp'));
#1352=IDENTIFICATION_ROLE('document source','source system');
#1353=APPLIED_EXTERNAL_IDENTIFICATION_ASSIGNMENT('camgear_prt.stp',#1352,#1351,(
#1342));
#1354=APPLIED_DOCUMENT_REFERENCE(#1342,'',(#1307));
#1355=OBJECT_ROLE('mandatory','');
#1356=ROLE_ASSOCIATION(#1355,#1354);
#1357=(LENGTH_UNIT()NAMED_UNIT(*)SI_UNIT(.MILLI.,.METRE.));
#1358=(NAMED_UNIT(*)PLANE_ANGLE_UNIT()SI_UNIT($,.RADIAN.));
#1361=(NAMED_UNIT(*)SI_UNIT($,.STERADIAN.)SOLID_ANGLE_UNIT());
#1363=(GEOMETRIC_REPRESENTATION_CONTEXT(3)GLOBAL_UNCERTAINTY_ASSIGNED_CONTEXT((
#1362))GLOBAL_UNIT_ASSIGNED_CONTEXT((#1357,#1360,#1361))REPRESENTATION_CONTEXT(
'ID19','external'));
#1367=AXIS2_PLACEMENT_3D('',#1364,#1365,#1366);
#1368=SHAPE_REPRESENTATION('',(#1367),#1363);
#1373=PRODUCT_DEFINITION('part definition','',#1372,#1369);
#1374=PRODUCT_DEFINITION_SHAPE('','SHAPE FOR BEAR4.',#1373);
#1375=(LENGTH_UNIT()NAMED_UNIT(*)SI_UNIT(.MILLI.,.METRE.));
#1379=PROPERTY_DEFINITION('geometric validation property','area of BEAR4',
#1374);
#1380=REPRESENTATION('surface area',(#1378),#1363);
#1381=PROPERTY_DEFINITION_REPRESENTATION(#1379,#1380);
#1382=(LENGTH_UNIT()NAMED_UNIT(*)SI_UNIT(.MILLI.,.METRE.));
#1386=PROPERTY_DEFINITION('geometric validation property','volume of BEAR4',
#1374);
#1387=REPRESENTATION('volume',(#1385),#1363);
#1388=PROPERTY_DEFINITION_REPRESENTATION(#1386,#1387);
#1390=PROPERTY_DEFINITION('geometric validation property','centroid of BEAR4',
#1374);
#1391=REPRESENTATION('centroid',(#1389),#1363);
#1392=PROPERTY_DEFINITION_REPRESENTATION(#1390,#1391);
#1393=SHAPE_DEFINITION_REPRESENTATION(#1374,#1368);
#1394=NEXT_ASSEMBLY_USAGE_OCCURRENCE('68','Next assembly relationship','BEAR4',
#2557,#1373,$);
#1395=PRODUCT_DEFINITION_SHAPE('Placement #68',
'Placement of BEAR4 with respect to TUOBAN2_TOP',#1394);
#1397=PROPERTY_DEFINITION('geometric validation property','centroid of BEAR4',
#1395);
#1398=REPRESENTATION('centroid',(#1396),#1363);
#1399=PROPERTY_DEFINITION_REPRESENTATION(#1397,#1398);
#1407=DOCUMENT_TYPE('');
#1408=DOCUMENT_FILE('bear4_prt.stp','TUOBAN2_TOP - BEAR4','',#1407,'','');
#1409=DOCUMENT_REPRESENTATION_TYPE('digital',#1408);
#1410=PROPERTY_DEFINITION('external definition','',#1408);
#1411=PROPERTY_DEFINITION_REPRESENTATION(#1410,#1368);
#1412=DESCRIPTIVE_REPRESENTATION_ITEM('data format','STEP AP214');
#1413=REPRESENTATION_CONTEXT('','document parameters');
#1414=REPRESENTATION('document format',(#1412),#1413);
#1415=PROPERTY_DEFINITION('document property','',#1408);
#1416=PROPERTY_DEFINITION_REPRESENTATION(#1415,#1414);
#1417=EXTERNAL_SOURCE(IDENTIFIER('bear4_prt.stp'));
#1418=IDENTIFICATION_ROLE('document source','source system');
#1419=APPLIED_EXTERNAL_IDENTIFICATION_ASSIGNMENT('bear4_prt.stp',#1418,#1417,(
#1408));
#1420=APPLIED_DOCUMENT_REFERENCE(#1408,'',(#1373));
#1421=OBJECT_ROLE('mandatory','');
#1422=ROLE_ASSOCIATION(#1421,#1420);
#1423=(LENGTH_UNIT()NAMED_UNIT(*)SI_UNIT(.MILLI.,.METRE.));
#1424=(NAMED_UNIT(*)PLANE_ANGLE_UNIT()SI_UNIT($,.RADIAN.));
#1427=(NAMED_UNIT(*)SI_UNIT($,.STERADIAN.)SOLID_ANGLE_UNIT());
#1429=(GEOMETRIC_REPRESENTATION_CONTEXT(3)GLOBAL_UNCERTAINTY_ASSIGNED_CONTEXT((
#1428))GLOBAL_UNIT_ASSIGNED_CONTEXT((#1423,#1426,#1427))REPRESENTATION_CONTEXT(
'ID20','external'));
#1433=AXIS2_PLACEMENT_3D('',#1430,#1431,#1432);
#1434=SHAPE_REPRESENTATION('',(#1433),#1429);
#1438=PRODUCT_DEFINITION('part definition','',#1437,#1369);
#1439=PRODUCT_DEFINITION_SHAPE('','SHAPE FOR WHEEL2.',#1438);
#1440=(LENGTH_UNIT()NAMED_UNIT(*)SI_UNIT(.MILLI.,.METRE.));
#1444=PROPERTY_DEFINITION('geometric validation property','area of WHEEL2',
#1439);
#1445=REPRESENTATION('surface area',(#1443),#1429);
#1446=PROPERTY_DEFINITION_REPRESENTATION(#1444,#1445);
#1447=(LENGTH_UNIT()NAMED_UNIT(*)SI_UNIT(.MILLI.,.METRE.));
#1451=PROPERTY_DEFINITION('geometric validation property','volume of WHEEL2',
#1439);
#1452=REPRESENTATION('volume',(#1450),#1429);
#1453=PROPERTY_DEFINITION_REPRESENTATION(#1451,#1452);
#1455=PROPERTY_DEFINITION('geometric validation property','centroid of WHEEL2',
#1439);
#1456=REPRESENTATION('centroid',(#1454),#1429);
#1457=PROPERTY_DEFINITION_REPRESENTATION(#1455,#1456);
#1458=SHAPE_DEFINITION_REPRESENTATION(#1439,#1434);
#1459=NEXT_ASSEMBLY_USAGE_OCCURRENCE('69','Next assembly relationship','WHEEL2',
#2557,#1438,$);
#1460=PRODUCT_DEFINITION_SHAPE('Placement #69',
'Placement of WHEEL2 with respect to TUOBAN2_TOP',#1459);
#1462=PROPERTY_DEFINITION('geometric validation property','centroid of WHEEL2',
#1460);
#1463=REPRESENTATION('centroid',(#1461),#1429);
#1464=PROPERTY_DEFINITION_REPRESENTATION(#1462,#1463);
#1472=DOCUMENT_TYPE('');
#1473=DOCUMENT_FILE('wheel2_prt.stp','TUOBAN2_TOP - WHEEL2','',#1472,'','');
#1474=DOCUMENT_REPRESENTATION_TYPE('digital',#1473);
#1475=PROPERTY_DEFINITION('external definition','',#1473);
#1476=PROPERTY_DEFINITION_REPRESENTATION(#1475,#1434);
#1477=DESCRIPTIVE_REPRESENTATION_ITEM('data format','STEP AP214');
#1478=REPRESENTATION_CONTEXT('','document parameters');
#1479=REPRESENTATION('document format',(#1477),#1478);
#1480=PROPERTY_DEFINITION('document property','',#1473);
#1481=PROPERTY_DEFINITION_REPRESENTATION(#1480,#1479);
#1482=EXTERNAL_SOURCE(IDENTIFIER('wheel2_prt.stp'));
#1483=IDENTIFICATION_ROLE('document source','source system');
#1484=APPLIED_EXTERNAL_IDENTIFICATION_ASSIGNMENT('wheel2_prt.stp',#1483,#1482,(
#1473));
#1485=APPLIED_DOCUMENT_REFERENCE(#1473,'',(#1438));
#1486=OBJECT_ROLE('mandatory','');
#1487=ROLE_ASSOCIATION(#1486,#1485);
#1488=(LENGTH_UNIT()NAMED_UNIT(*)SI_UNIT(.MILLI.,.METRE.));
#1489=(NAMED_UNIT(*)PLANE_ANGLE_UNIT()SI_UNIT($,.RADIAN.));
#1492=(NAMED_UNIT(*)SI_UNIT($,.STERADIAN.)SOLID_ANGLE_UNIT());
#1494=(GEOMETRIC_REPRESENTATION_CONTEXT(3)GLOBAL_UNCERTAINTY_ASSIGNED_CONTEXT((
#1493))GLOBAL_UNIT_ASSIGNED_CONTEXT((#1488,#1491,#1492))REPRESENTATION_CONTEXT(
'ID21','external'));
#1498=AXIS2_PLACEMENT_3D('',#1495,#1496,#1497);
#1499=SHAPE_REPRESENTATION('',(#1498),#1494);
#1504=PRODUCT_DEFINITION('part definition','',#1503,#1500);
#1505=PRODUCT_DEFINITION_SHAPE('','SHAPE FOR HALFWHEEL.',#1504);
#1506=(LENGTH_UNIT()NAMED_UNIT(*)SI_UNIT(.MILLI.,.METRE.));
#1510=PROPERTY_DEFINITION('geometric validation property','area of HALFWHEEL',
#1505);
#1511=REPRESENTATION('surface area',(#1509),#1494);
#1512=PROPERTY_DEFINITION_REPRESENTATION(#1510,#1511);
#1513=(LENGTH_UNIT()NAMED_UNIT(*)SI_UNIT(.MILLI.,.METRE.));
#1517=PROPERTY_DEFINITION('geometric validation property','volume of HALFWHEEL',
#1505);
#1518=REPRESENTATION('volume',(#1516),#1494);
#1519=PROPERTY_DEFINITION_REPRESENTATION(#1517,#1518);
#1521=PROPERTY_DEFINITION('geometric validation property',
'centroid of HALFWHEEL',#1505);
#1522=REPRESENTATION('centroid',(#1520),#1494);
#1523=PROPERTY_DEFINITION_REPRESENTATION(#1521,#1522);
#1524=SHAPE_DEFINITION_REPRESENTATION(#1505,#1499);
#1525=NEXT_ASSEMBLY_USAGE_OCCURRENCE('70','Next assembly relationship',
'HALFWHEEL',#2557,#1504,$);
#1526=PRODUCT_DEFINITION_SHAPE('Placement #70',
'Placement of HALFWHEEL with respect to TUOBAN2_TOP',#1525);
#1528=PROPERTY_DEFINITION('geometric validation property',
'centroid of HALFWHEEL',#1526);
#1529=REPRESENTATION('centroid',(#1527),#1494);
#1530=PROPERTY_DEFINITION_REPRESENTATION(#1528,#1529);
#1538=DOCUMENT_TYPE('');
#1539=DOCUMENT_FILE('halfwheel_prt.stp','TUOBAN2_TOP - HALFWHEEL','',#1538,'',
'');
#1540=DOCUMENT_REPRESENTATION_TYPE('digital',#1539);
#1541=PROPERTY_DEFINITION('external definition','',#1539);
#1542=PROPERTY_DEFINITION_REPRESENTATION(#1541,#1499);
#1543=DESCRIPTIVE_REPRESENTATION_ITEM('data format','STEP AP214');
#1544=REPRESENTATION_CONTEXT('','document parameters');
#1545=REPRESENTATION('document format',(#1543),#1544);
#1546=PROPERTY_DEFINITION('document property','',#1539);
#1547=PROPERTY_DEFINITION_REPRESENTATION(#1546,#1545);
#1548=EXTERNAL_SOURCE(IDENTIFIER('halfwheel_prt.stp'));
#1549=IDENTIFICATION_ROLE('document source','source system');
#1550=APPLIED_EXTERNAL_IDENTIFICATION_ASSIGNMENT('halfwheel_prt.stp',#1549,
#1548,(#1539));
#1551=APPLIED_DOCUMENT_REFERENCE(#1539,'',(#1504));
#1552=OBJECT_ROLE('mandatory','');
#1553=ROLE_ASSOCIATION(#1552,#1551);
#1554=NEXT_ASSEMBLY_USAGE_OCCURRENCE('71','Next assembly relationship',
'HALFWHEEL',#2557,#1504,$);
#1555=PRODUCT_DEFINITION_SHAPE('Placement #71',
'Placement of HALFWHEEL with respect to TUOBAN2_TOP',#1554);
#1557=PROPERTY_DEFINITION('geometric validation property',
'centroid of HALFWHEEL',#1555);
#1558=REPRESENTATION('centroid',(#1556),#1494);
#1559=PROPERTY_DEFINITION_REPRESENTATION(#1557,#1558);
#1567=DOCUMENT_TYPE('');
#1568=DOCUMENT_FILE('halfwheel_prt.stp','TUOBAN2_TOP - HALFWHEEL','',#1567,'',
'');
#1569=DOCUMENT_REPRESENTATION_TYPE('digital',#1568);
#1570=PROPERTY_DEFINITION('external definition','',#1568);
#1571=PROPERTY_DEFINITION_REPRESENTATION(#1570,#1499);
#1572=DESCRIPTIVE_REPRESENTATION_ITEM('data format','STEP AP214');
#1573=REPRESENTATION_CONTEXT('','document parameters');
#1574=REPRESENTATION('document format',(#1572),#1573);
#1575=PROPERTY_DEFINITION('document property','',#1568);
#1576=PROPERTY_DEFINITION_REPRESENTATION(#1575,#1574);
#1577=EXTERNAL_SOURCE(IDENTIFIER('halfwheel_prt.stp'));
#1578=IDENTIFICATION_ROLE('document source','source system');
#1579=APPLIED_EXTERNAL_IDENTIFICATION_ASSIGNMENT('halfwheel_prt.stp',#1578,
#1577,(#1568));
#1580=APPLIED_DOCUMENT_REFERENCE(#1568,'',(#1504));
#1581=OBJECT_ROLE('mandatory','');
#1582=ROLE_ASSOCIATION(#1581,#1580);
#1583=(LENGTH_UNIT()NAMED_UNIT(*)SI_UNIT(.MILLI.,.METRE.));
#1584=(NAMED_UNIT(*)PLANE_ANGLE_UNIT()SI_UNIT($,.RADIAN.));
#1587=(NAMED_UNIT(*)SI_UNIT($,.STERADIAN.)SOLID_ANGLE_UNIT());
#1589=(GEOMETRIC_REPRESENTATION_CONTEXT(3)GLOBAL_UNCERTAINTY_ASSIGNED_CONTEXT((
#1588))GLOBAL_UNIT_ASSIGNED_CONTEXT((#1583,#1586,#1587))REPRESENTATION_CONTEXT(
'ID22','external'));
#1593=AXIS2_PLACEMENT_3D('',#1590,#1591,#1592);
#1594=SHAPE_REPRESENTATION('',(#1593),#1589);
#1598=PRODUCT_DEFINITION('part definition','',#1597,#1500);
#1599=PRODUCT_DEFINITION_SHAPE('','SHAPE FOR PTFERING1.',#1598);
#1600=(LENGTH_UNIT()NAMED_UNIT(*)SI_UNIT(.MILLI.,.METRE.));
#1604=PROPERTY_DEFINITION('geometric validation property','area of PTFERING1',
#1599);
#1605=REPRESENTATION('surface area',(#1603),#1589);
#1606=PROPERTY_DEFINITION_REPRESENTATION(#1604,#1605);
#1607=(LENGTH_UNIT()NAMED_UNIT(*)SI_UNIT(.MILLI.,.METRE.));
#1611=PROPERTY_DEFINITION('geometric validation property','volume of PTFERING1',
#1599);
#1612=REPRESENTATION('volume',(#1610),#1589);
#1613=PROPERTY_DEFINITION_REPRESENTATION(#1611,#1612);
#1615=PROPERTY_DEFINITION('geometric validation property',
'centroid of PTFERING1',#1599);
#1616=REPRESENTATION('centroid',(#1614),#1589);
#1617=PROPERTY_DEFINITION_REPRESENTATION(#1615,#1616);
#1618=SHAPE_DEFINITION_REPRESENTATION(#1599,#1594);
#1619=NEXT_ASSEMBLY_USAGE_OCCURRENCE('72','Next assembly relationship',
'PTFERING1',#2557,#1598,$);
#1620=PRODUCT_DEFINITION_SHAPE('Placement #72',
'Placement of PTFERING1 with respect to TUOBAN2_TOP',#1619);
#1622=PROPERTY_DEFINITION('geometric validation property',
'centroid of PTFERING1',#1620);
#1623=REPRESENTATION('centroid',(#1621),#1589);
#1624=PROPERTY_DEFINITION_REPRESENTATION(#1622,#1623);
#1632=DOCUMENT_TYPE('');
#1633=DOCUMENT_FILE('ptfering1_prt.stp','TUOBAN2_TOP - PTFERING1','',#1632,'',
'');
#1634=DOCUMENT_REPRESENTATION_TYPE('digital',#1633);
#1635=PROPERTY_DEFINITION('external definition','',#1633);
#1636=PROPERTY_DEFINITION_REPRESENTATION(#1635,#1594);
#1637=DESCRIPTIVE_REPRESENTATION_ITEM('data format','STEP AP214');
#1638=REPRESENTATION_CONTEXT('','document parameters');
#1639=REPRESENTATION('document format',(#1637),#1638);
#1640=PROPERTY_DEFINITION('document property','',#1633);
#1641=PROPERTY_DEFINITION_REPRESENTATION(#1640,#1639);
#1642=EXTERNAL_SOURCE(IDENTIFIER('ptfering1_prt.stp'));
#1643=IDENTIFICATION_ROLE('document source','source system');
#1644=APPLIED_EXTERNAL_IDENTIFICATION_ASSIGNMENT('ptfering1_prt.stp',#1643,
#1642,(#1633));
#1645=APPLIED_DOCUMENT_REFERENCE(#1633,'',(#1598));
#1646=OBJECT_ROLE('mandatory','');
#1647=ROLE_ASSOCIATION(#1646,#1645);
#1648=(LENGTH_UNIT()NAMED_UNIT(*)SI_UNIT(.MILLI.,.METRE.));
#1649=(NAMED_UNIT(*)PLANE_ANGLE_UNIT()SI_UNIT($,.RADIAN.));
#1652=(NAMED_UNIT(*)SI_UNIT($,.STERADIAN.)SOLID_ANGLE_UNIT());
#1654=(GEOMETRIC_REPRESENTATION_CONTEXT(3)GLOBAL_UNCERTAINTY_ASSIGNED_CONTEXT((
#1653))GLOBAL_UNIT_ASSIGNED_CONTEXT((#1648,#1651,#1652))REPRESENTATION_CONTEXT(
'ID23','external'));
#1658=AXIS2_PLACEMENT_3D('',#1655,#1656,#1657);
#1659=SHAPE_REPRESENTATION('',(#1658),#1654);
#1664=PRODUCT_DEFINITION('part definition','',#1663,#1660);
#1665=PRODUCT_DEFINITION_SHAPE('','SHAPE FOR INTERLINK.',#1664);
#1666=(LENGTH_UNIT()NAMED_UNIT(*)SI_UNIT(.MILLI.,.METRE.));
#1670=PROPERTY_DEFINITION('geometric validation property','area of INTERLINK',
#1665);
#1671=REPRESENTATION('surface area',(#1669),#1654);
#1672=PROPERTY_DEFINITION_REPRESENTATION(#1670,#1671);
#1673=(LENGTH_UNIT()NAMED_UNIT(*)SI_UNIT(.MILLI.,.METRE.));
#1677=PROPERTY_DEFINITION('geometric validation property','volume of INTERLINK',
#1665);
#1678=REPRESENTATION('volume',(#1676),#1654);
#1679=PROPERTY_DEFINITION_REPRESENTATION(#1677,#1678);
#1681=PROPERTY_DEFINITION('geometric validation property',
'centroid of INTERLINK',#1665);
#1682=REPRESENTATION('centroid',(#1680),#1654);
#1683=PROPERTY_DEFINITION_REPRESENTATION(#1681,#1682);
#1684=SHAPE_DEFINITION_REPRESENTATION(#1665,#1659);
#1685=NEXT_ASSEMBLY_USAGE_OCCURRENCE('73','Next assembly relationship',
'INTERLINK',#2557,#1664,$);
#1686=PRODUCT_DEFINITION_SHAPE('Placement #73',
'Placement of INTERLINK with respect to TUOBAN2_TOP',#1685);
#1688=PROPERTY_DEFINITION('geometric validation property',
'centroid of INTERLINK',#1686);
#1689=REPRESENTATION('centroid',(#1687),#1654);
#1690=PROPERTY_DEFINITION_REPRESENTATION(#1688,#1689);
#1698=DOCUMENT_TYPE('');
#1699=DOCUMENT_FILE('interlink_prt.stp','TUOBAN2_TOP - INTERLINK','',#1698,'',
'');
#1700=DOCUMENT_REPRESENTATION_TYPE('digital',#1699);
#1701=PROPERTY_DEFINITION('external definition','',#1699);
#1702=PROPERTY_DEFINITION_REPRESENTATION(#1701,#1659);
#1703=DESCRIPTIVE_REPRESENTATION_ITEM('data format','STEP AP214');
#1704=REPRESENTATION_CONTEXT('','document parameters');
#1705=REPRESENTATION('document format',(#1703),#1704);
#1706=PROPERTY_DEFINITION('document property','',#1699);
#1707=PROPERTY_DEFINITION_REPRESENTATION(#1706,#1705);
#1708=EXTERNAL_SOURCE(IDENTIFIER('interlink_prt.stp'));
#1709=IDENTIFICATION_ROLE('document source','source system');
#1710=APPLIED_EXTERNAL_IDENTIFICATION_ASSIGNMENT('interlink_prt.stp',#1709,
#1708,(#1699));
#1711=APPLIED_DOCUMENT_REFERENCE(#1699,'',(#1664));
#1712=OBJECT_ROLE('mandatory','');
#1713=ROLE_ASSOCIATION(#1712,#1711);
#1714=(LENGTH_UNIT()NAMED_UNIT(*)SI_UNIT(.MILLI.,.METRE.));
#1715=(NAMED_UNIT(*)PLANE_ANGLE_UNIT()SI_UNIT($,.RADIAN.));
#1718=(NAMED_UNIT(*)SI_UNIT($,.STERADIAN.)SOLID_ANGLE_UNIT());
#1720=(GEOMETRIC_REPRESENTATION_CONTEXT(3)GLOBAL_UNCERTAINTY_ASSIGNED_CONTEXT((
#1719))GLOBAL_UNIT_ASSIGNED_CONTEXT((#1714,#1717,#1718))REPRESENTATION_CONTEXT(
'ID24','external'));
#1724=AXIS2_PLACEMENT_3D('',#1721,#1722,#1723);
#1725=SHAPE_REPRESENTATION('',(#1724),#1720);
#1729=PRODUCT_DEFINITION('part definition','',#1728,#1660);
#1730=PRODUCT_DEFINITION_SHAPE('','SHAPE FOR BEAR4-2.',#1729);
#1731=(LENGTH_UNIT()NAMED_UNIT(*)SI_UNIT(.MILLI.,.METRE.));
#1735=PROPERTY_DEFINITION('geometric validation property','area of BEAR4-2',
#1730);
#1736=REPRESENTATION('surface area',(#1734),#1720);
#1737=PROPERTY_DEFINITION_REPRESENTATION(#1735,#1736);
#1738=(LENGTH_UNIT()NAMED_UNIT(*)SI_UNIT(.MILLI.,.METRE.));
#1742=PROPERTY_DEFINITION('geometric validation property','volume of BEAR4-2',
#1730);
#1743=REPRESENTATION('volume',(#1741),#1720);
#1744=PROPERTY_DEFINITION_REPRESENTATION(#1742,#1743);
#1746=PROPERTY_DEFINITION('geometric validation property','centroid of BEAR4-2',
#1730);
#1747=REPRESENTATION('centroid',(#1745),#1720);
#1748=PROPERTY_DEFINITION_REPRESENTATION(#1746,#1747);
#1749=SHAPE_DEFINITION_REPRESENTATION(#1730,#1725);
#1750=NEXT_ASSEMBLY_USAGE_OCCURRENCE('74','Next assembly relationship',
'BEAR4-2',#2557,#1729,$);
#1751=PRODUCT_DEFINITION_SHAPE('Placement #74',
'Placement of BEAR4-2 with respect to TUOBAN2_TOP',#1750);
#1753=PROPERTY_DEFINITION('geometric validation property','centroid of BEAR4-2',
#1751);
#1754=REPRESENTATION('centroid',(#1752),#1720);
#1755=PROPERTY_DEFINITION_REPRESENTATION(#1753,#1754);
#1763=DOCUMENT_TYPE('');
#1764=DOCUMENT_FILE('bear4-2_prt.stp','TUOBAN2_TOP - BEAR4-2','',#1763,'','');
#1765=DOCUMENT_REPRESENTATION_TYPE('digital',#1764);
#1766=PROPERTY_DEFINITION('external definition','',#1764);
#1767=PROPERTY_DEFINITION_REPRESENTATION(#1766,#1725);
#1768=DESCRIPTIVE_REPRESENTATION_ITEM('data format','STEP AP214');
#1769=REPRESENTATION_CONTEXT('','document parameters');
#1770=REPRESENTATION('document format',(#1768),#1769);
#1771=PROPERTY_DEFINITION('document property','',#1764);
#1772=PROPERTY_DEFINITION_REPRESENTATION(#1771,#1770);
#1773=EXTERNAL_SOURCE(IDENTIFIER('bear4-2_prt.stp'));
#1774=IDENTIFICATION_ROLE('document source','source system');
#1775=APPLIED_EXTERNAL_IDENTIFICATION_ASSIGNMENT('bear4-2_prt.stp',#1774,#1773,(
#1764));
#1776=APPLIED_DOCUMENT_REFERENCE(#1764,'',(#1729));
#1777=OBJECT_ROLE('mandatory','');
#1778=ROLE_ASSOCIATION(#1777,#1776);
#1779=(LENGTH_UNIT()NAMED_UNIT(*)SI_UNIT(.MILLI.,.METRE.));
#1780=(NAMED_UNIT(*)PLANE_ANGLE_UNIT()SI_UNIT($,.RADIAN.));
#1783=(NAMED_UNIT(*)SI_UNIT($,.STERADIAN.)SOLID_ANGLE_UNIT());
#1785=(GEOMETRIC_REPRESENTATION_CONTEXT(3)GLOBAL_UNCERTAINTY_ASSIGNED_CONTEXT((
#1784))GLOBAL_UNIT_ASSIGNED_CONTEXT((#1779,#1782,#1783))REPRESENTATION_CONTEXT(
'ID25','external'));
#1789=AXIS2_PLACEMENT_3D('',#1786,#1787,#1788);
#1790=SHAPE_REPRESENTATION('',(#1789),#1785);
#1795=PRODUCT_DEFINITION('part definition','',#1794,#1791);
#1796=PRODUCT_DEFINITION_SHAPE('','SHAPE FOR ZHOUCHENG.',#1795);
#1797=(LENGTH_UNIT()NAMED_UNIT(*)SI_UNIT(.MILLI.,.METRE.));
#1801=PROPERTY_DEFINITION('geometric validation property','area of ZHOUCHENG',
#1796);
#1802=REPRESENTATION('surface area',(#1800),#1785);
#1803=PROPERTY_DEFINITION_REPRESENTATION(#1801,#1802);
#1804=(LENGTH_UNIT()NAMED_UNIT(*)SI_UNIT(.MILLI.,.METRE.));
#1808=PROPERTY_DEFINITION('geometric validation property','volume of ZHOUCHENG',
#1796);
#1809=REPRESENTATION('volume',(#1807),#1785);
#1810=PROPERTY_DEFINITION_REPRESENTATION(#1808,#1809);
#1812=PROPERTY_DEFINITION('geometric validation property',
'centroid of ZHOUCHENG',#1796);
#1813=REPRESENTATION('centroid',(#1811),#1785);
#1814=PROPERTY_DEFINITION_REPRESENTATION(#1812,#1813);
#1815=SHAPE_DEFINITION_REPRESENTATION(#1796,#1790);
#1816=NEXT_ASSEMBLY_USAGE_OCCURRENCE('75','Next assembly relationship',
'ZHOUCHENG',#2557,#1795,$);
#1817=PRODUCT_DEFINITION_SHAPE('Placement #75',
'Placement of ZHOUCHENG with respect to TUOBAN2_TOP',#1816);
#1819=PROPERTY_DEFINITION('geometric validation property',
'centroid of ZHOUCHENG',#1817);
#1820=REPRESENTATION('centroid',(#1818),#1785);
#1821=PROPERTY_DEFINITION_REPRESENTATION(#1819,#1820);
#1829=DOCUMENT_TYPE('');
#1830=DOCUMENT_FILE('zhoucheng_prt.stp','TUOBAN2_TOP - ZHOUCHENG','',#1829,'',
'');
#1831=DOCUMENT_REPRESENTATION_TYPE('digital',#1830);
#1832=PROPERTY_DEFINITION('external definition','',#1830);
#1833=PROPERTY_DEFINITION_REPRESENTATION(#1832,#1790);
#1834=DESCRIPTIVE_REPRESENTATION_ITEM('data format','STEP AP214');
#1835=REPRESENTATION_CONTEXT('','document parameters');
#1836=REPRESENTATION('document format',(#1834),#1835);
#1837=PROPERTY_DEFINITION('document property','',#1830);
#1838=PROPERTY_DEFINITION_REPRESENTATION(#1837,#1836);
#1839=EXTERNAL_SOURCE(IDENTIFIER('zhoucheng_prt.stp'));
#1840=IDENTIFICATION_ROLE('document source','source system');
#1841=APPLIED_EXTERNAL_IDENTIFICATION_ASSIGNMENT('zhoucheng_prt.stp',#1840,
#1839,(#1830));
#1842=APPLIED_DOCUMENT_REFERENCE(#1830,'',(#1795));
#1843=OBJECT_ROLE('mandatory','');
#1844=ROLE_ASSOCIATION(#1843,#1842);
#1845=NEXT_ASSEMBLY_USAGE_OCCURRENCE('76','Next assembly relationship',
'BEAR4-2',#2557,#1729,$);
#1846=PRODUCT_DEFINITION_SHAPE('Placement #76',
'Placement of BEAR4-2 with respect to TUOBAN2_TOP',#1845);
#1848=PROPERTY_DEFINITION('geometric validation property','centroid of BEAR4-2',
#1846);
#1849=REPRESENTATION('centroid',(#1847),#1785);
#1850=PROPERTY_DEFINITION_REPRESENTATION(#1848,#1849);
#1858=DOCUMENT_TYPE('');
#1859=DOCUMENT_FILE('bear4-2_prt.stp','TUOBAN2_TOP - BEAR4-2','',#1858,'','');
#1860=DOCUMENT_REPRESENTATION_TYPE('digital',#1859);
#1861=PROPERTY_DEFINITION('external definition','',#1859);
#1862=PROPERTY_DEFINITION_REPRESENTATION(#1861,#1725);
#1863=DESCRIPTIVE_REPRESENTATION_ITEM('data format','STEP AP214');
#1864=REPRESENTATION_CONTEXT('','document parameters');
#1865=REPRESENTATION('document format',(#1863),#1864);
#1866=PROPERTY_DEFINITION('document property','',#1859);
#1867=PROPERTY_DEFINITION_REPRESENTATION(#1866,#1865);
#1868=EXTERNAL_SOURCE(IDENTIFIER('bear4-2_prt.stp'));
#1869=IDENTIFICATION_ROLE('document source','source system');
#1870=APPLIED_EXTERNAL_IDENTIFICATION_ASSIGNMENT('bear4-2_prt.stp',#1869,#1868,(
#1859));
#1871=APPLIED_DOCUMENT_REFERENCE(#1859,'',(#1729));
#1872=OBJECT_ROLE('mandatory','');
#1873=ROLE_ASSOCIATION(#1872,#1871);
#1874=NEXT_ASSEMBLY_USAGE_OCCURRENCE('77','Next assembly relationship',
'ZHOUCHENG',#2557,#1795,$);
#1875=PRODUCT_DEFINITION_SHAPE('Placement #77',
'Placement of ZHOUCHENG with respect to TUOBAN2_TOP',#1874);
#1877=PROPERTY_DEFINITION('geometric validation property',
'centroid of ZHOUCHENG',#1875);
#1878=REPRESENTATION('centroid',(#1876),#1785);
#1879=PROPERTY_DEFINITION_REPRESENTATION(#1877,#1878);
#1887=DOCUMENT_TYPE('');
#1888=DOCUMENT_FILE('zhoucheng_prt.stp','TUOBAN2_TOP - ZHOUCHENG','',#1887,'',
'');
#1889=DOCUMENT_REPRESENTATION_TYPE('digital',#1888);
#1890=PROPERTY_DEFINITION('external definition','',#1888);
#1891=PROPERTY_DEFINITION_REPRESENTATION(#1890,#1790);
#1892=DESCRIPTIVE_REPRESENTATION_ITEM('data format','STEP AP214');
#1893=REPRESENTATION_CONTEXT('','document parameters');
#1894=REPRESENTATION('document format',(#1892),#1893);
#1895=PROPERTY_DEFINITION('document property','',#1888);
#1896=PROPERTY_DEFINITION_REPRESENTATION(#1895,#1894);
#1897=EXTERNAL_SOURCE(IDENTIFIER('zhoucheng_prt.stp'));
#1898=IDENTIFICATION_ROLE('document source','source system');
#1899=APPLIED_EXTERNAL_IDENTIFICATION_ASSIGNMENT('zhoucheng_prt.stp',#1898,
#1897,(#1888));
#1900=APPLIED_DOCUMENT_REFERENCE(#1888,'',(#1795));
#1901=OBJECT_ROLE('mandatory','');
#1902=ROLE_ASSOCIATION(#1901,#1900);
#1903=(LENGTH_UNIT()NAMED_UNIT(*)SI_UNIT(.MILLI.,.METRE.));
#1904=(NAMED_UNIT(*)PLANE_ANGLE_UNIT()SI_UNIT($,.RADIAN.));
#1907=(NAMED_UNIT(*)SI_UNIT($,.STERADIAN.)SOLID_ANGLE_UNIT());
#1909=(GEOMETRIC_REPRESENTATION_CONTEXT(3)GLOBAL_UNCERTAINTY_ASSIGNED_CONTEXT((
#1908))GLOBAL_UNIT_ASSIGNED_CONTEXT((#1903,#1906,#1907))REPRESENTATION_CONTEXT(
'ID26','external'));
#1913=AXIS2_PLACEMENT_3D('',#1910,#1911,#1912);
#1914=SHAPE_REPRESENTATION('',(#1913),#1909);
#1918=PRODUCT_DEFINITION('part definition','',#1917,#1791);
#1919=PRODUCT_DEFINITION_SHAPE('','SHAPE FOR FLATBEAR.',#1918);
#1920=(LENGTH_UNIT()NAMED_UNIT(*)SI_UNIT(.MILLI.,.METRE.));
#1924=PROPERTY_DEFINITION('geometric validation property','area of FLATBEAR',
#1919);
#1925=REPRESENTATION('surface area',(#1923),#1909);
#1926=PROPERTY_DEFINITION_REPRESENTATION(#1924,#1925);
#1927=(LENGTH_UNIT()NAMED_UNIT(*)SI_UNIT(.MILLI.,.METRE.));
#1931=PROPERTY_DEFINITION('geometric validation property','volume of FLATBEAR',
#1919);
#1932=REPRESENTATION('volume',(#1930),#1909);
#1933=PROPERTY_DEFINITION_REPRESENTATION(#1931,#1932);
#1935=PROPERTY_DEFINITION('geometric validation property',
'centroid of FLATBEAR',#1919);
#1936=REPRESENTATION('centroid',(#1934),#1909);
#1937=PROPERTY_DEFINITION_REPRESENTATION(#1935,#1936);
#1938=SHAPE_DEFINITION_REPRESENTATION(#1919,#1914);
#1939=NEXT_ASSEMBLY_USAGE_OCCURRENCE('78','Next assembly relationship',
'FLATBEAR',#2557,#1918,$);
#1940=PRODUCT_DEFINITION_SHAPE('Placement #78',
'Placement of FLATBEAR with respect to TUOBAN2_TOP',#1939);
#1942=PROPERTY_DEFINITION('geometric validation property',
'centroid of FLATBEAR',#1940);
#1943=REPRESENTATION('centroid',(#1941),#1909);
#1944=PROPERTY_DEFINITION_REPRESENTATION(#1942,#1943);
#1952=DOCUMENT_TYPE('');
#1953=DOCUMENT_FILE('flatbear_prt.stp','TUOBAN2_TOP - FLATBEAR','',#1952,'','');
#1954=DOCUMENT_REPRESENTATION_TYPE('digital',#1953);
#1955=PROPERTY_DEFINITION('external definition','',#1953);
#1956=PROPERTY_DEFINITION_REPRESENTATION(#1955,#1914);
#1957=DESCRIPTIVE_REPRESENTATION_ITEM('data format','STEP AP214');
#1958=REPRESENTATION_CONTEXT('','document parameters');
#1959=REPRESENTATION('document format',(#1957),#1958);
#1960=PROPERTY_DEFINITION('document property','',#1953);
#1961=PROPERTY_DEFINITION_REPRESENTATION(#1960,#1959);
#1962=EXTERNAL_SOURCE(IDENTIFIER('flatbear_prt.stp'));
#1963=IDENTIFICATION_ROLE('document source','source system');
#1964=APPLIED_EXTERNAL_IDENTIFICATION_ASSIGNMENT('flatbear_prt.stp',#1963,#1962,
(#1953));
#1965=APPLIED_DOCUMENT_REFERENCE(#1953,'',(#1918));
#1966=OBJECT_ROLE('mandatory','');
#1967=ROLE_ASSOCIATION(#1966,#1965);
#1968=(LENGTH_UNIT()NAMED_UNIT(*)SI_UNIT(.MILLI.,.METRE.));
#1969=(NAMED_UNIT(*)PLANE_ANGLE_UNIT()SI_UNIT($,.RADIAN.));
#1972=(NAMED_UNIT(*)SI_UNIT($,.STERADIAN.)SOLID_ANGLE_UNIT());
#1974=(GEOMETRIC_REPRESENTATION_CONTEXT(3)GLOBAL_UNCERTAINTY_ASSIGNED_CONTEXT((
#1973))GLOBAL_UNIT_ASSIGNED_CONTEXT((#1968,#1971,#1972))REPRESENTATION_CONTEXT(
'ID27','external'));
#1978=AXIS2_PLACEMENT_3D('',#1975,#1976,#1977);
#1979=SHAPE_REPRESENTATION('',(#1978),#1974);
#1984=PRODUCT_DEFINITION('part definition','',#1983,#1980);
#1985=PRODUCT_DEFINITION_SHAPE('','SHAPE FOR JOINT1.',#1984);
#1986=(LENGTH_UNIT()NAMED_UNIT(*)SI_UNIT(.MILLI.,.METRE.));
#1990=PROPERTY_DEFINITION('geometric validation property','area of JOINT1',
#1985);
#1991=REPRESENTATION('surface area',(#1989),#1974);
#1992=PROPERTY_DEFINITION_REPRESENTATION(#1990,#1991);
#1993=(LENGTH_UNIT()NAMED_UNIT(*)SI_UNIT(.MILLI.,.METRE.));
#1997=PROPERTY_DEFINITION('geometric validation property','volume of JOINT1',
#1985);
#1998=REPRESENTATION('volume',(#1996),#1974);
#1999=PROPERTY_DEFINITION_REPRESENTATION(#1997,#1998);
#2001=PROPERTY_DEFINITION('geometric validation property','centroid of JOINT1',
#1985);
#2002=REPRESENTATION('centroid',(#2000),#1974);
#2003=PROPERTY_DEFINITION_REPRESENTATION(#2001,#2002);
#2004=SHAPE_DEFINITION_REPRESENTATION(#1985,#1979);
#2005=NEXT_ASSEMBLY_USAGE_OCCURRENCE('79','Next assembly relationship','JOINT1',
#2557,#1984,$);
#2006=PRODUCT_DEFINITION_SHAPE('Placement #79',
'Placement of JOINT1 with respect to TUOBAN2_TOP',#2005);
#2008=PROPERTY_DEFINITION('geometric validation property','centroid of JOINT1',
#2006);
#2009=REPRESENTATION('centroid',(#2007),#1974);
#2010=PROPERTY_DEFINITION_REPRESENTATION(#2008,#2009);
#2018=DOCUMENT_TYPE('');
#2019=DOCUMENT_FILE('joint1_prt.stp','TUOBAN2_TOP - JOINT1','',#2018,'','');
#2020=DOCUMENT_REPRESENTATION_TYPE('digital',#2019);
#2021=PROPERTY_DEFINITION('external definition','',#2019);
#2022=PROPERTY_DEFINITION_REPRESENTATION(#2021,#1979);
#2023=DESCRIPTIVE_REPRESENTATION_ITEM('data format','STEP AP214');
#2024=REPRESENTATION_CONTEXT('','document parameters');
#2025=REPRESENTATION('document format',(#2023),#2024);
#2026=PROPERTY_DEFINITION('document property','',#2019);
#2027=PROPERTY_DEFINITION_REPRESENTATION(#2026,#2025);
#2028=EXTERNAL_SOURCE(IDENTIFIER('joint1_prt.stp'));
#2029=IDENTIFICATION_ROLE('document source','source system');
#2030=APPLIED_EXTERNAL_IDENTIFICATION_ASSIGNMENT('joint1_prt.stp',#2029,#2028,(
#2019));
#2031=APPLIED_DOCUMENT_REFERENCE(#2019,'',(#1984));
#2032=OBJECT_ROLE('mandatory','');
#2033=ROLE_ASSOCIATION(#2032,#2031);
#2034=NEXT_ASSEMBLY_USAGE_OCCURRENCE('80','Next assembly relationship',
'HALFWHEEL',#2557,#1504,$);
#2035=PRODUCT_DEFINITION_SHAPE('Placement #80',
'Placement of HALFWHEEL with respect to TUOBAN2_TOP',#2034);
#2037=PROPERTY_DEFINITION('geometric validation property',
'centroid of HALFWHEEL',#2035);
#2038=REPRESENTATION('centroid',(#2036),#1974);
#2039=PROPERTY_DEFINITION_REPRESENTATION(#2037,#2038);
#2047=DOCUMENT_TYPE('');
#2048=DOCUMENT_FILE('halfwheel_prt.stp','TUOBAN2_TOP - HALFWHEEL','',#2047,'',
'');
#2049=DOCUMENT_REPRESENTATION_TYPE('digital',#2048);
#2050=PROPERTY_DEFINITION('external definition','',#2048);
#2051=PROPERTY_DEFINITION_REPRESENTATION(#2050,#1499);
#2052=DESCRIPTIVE_REPRESENTATION_ITEM('data format','STEP AP214');
#2053=REPRESENTATION_CONTEXT('','document parameters');
#2054=REPRESENTATION('document format',(#2052),#2053);
#2055=PROPERTY_DEFINITION('document property','',#2048);
#2056=PROPERTY_DEFINITION_REPRESENTATION(#2055,#2054);
#2057=EXTERNAL_SOURCE(IDENTIFIER('halfwheel_prt.stp'));
#2058=IDENTIFICATION_ROLE('document source','source system');
#2059=APPLIED_EXTERNAL_IDENTIFICATION_ASSIGNMENT('halfwheel_prt.stp',#2058,
#2057,(#2048));
#2060=APPLIED_DOCUMENT_REFERENCE(#2048,'',(#1504));
#2061=OBJECT_ROLE('mandatory','');
#2062=ROLE_ASSOCIATION(#2061,#2060);
#2063=NEXT_ASSEMBLY_USAGE_OCCURRENCE('81','Next assembly relationship',
'HALFWHEEL',#2557,#1504,$);
#2064=PRODUCT_DEFINITION_SHAPE('Placement #81',
'Placement of HALFWHEEL with respect to TUOBAN2_TOP',#2063);
#2066=PROPERTY_DEFINITION('geometric validation property',
'centroid of HALFWHEEL',#2064);
#2067=REPRESENTATION('centroid',(#2065),#1974);
#2068=PROPERTY_DEFINITION_REPRESENTATION(#2066,#2067);
#2076=DOCUMENT_TYPE('');
#2077=DOCUMENT_FILE('halfwheel_prt.stp','TUOBAN2_TOP - HALFWHEEL','',#2076,'',
'');
#2078=DOCUMENT_REPRESENTATION_TYPE('digital',#2077);
#2079=PROPERTY_DEFINITION('external definition','',#2077);
#2080=PROPERTY_DEFINITION_REPRESENTATION(#2079,#1499);
#2081=DESCRIPTIVE_REPRESENTATION_ITEM('data format','STEP AP214');
#2082=REPRESENTATION_CONTEXT('','document parameters');
#2083=REPRESENTATION('document format',(#2081),#2082);
#2084=PROPERTY_DEFINITION('document property','',#2077);
#2085=PROPERTY_DEFINITION_REPRESENTATION(#2084,#2083);
#2086=EXTERNAL_SOURCE(IDENTIFIER('halfwheel_prt.stp'));
#2087=IDENTIFICATION_ROLE('document source','source system');
#2088=APPLIED_EXTERNAL_IDENTIFICATION_ASSIGNMENT('halfwheel_prt.stp',#2087,
#2086,(#2077));
#2089=APPLIED_DOCUMENT_REFERENCE(#2077,'',(#1504));
#2090=OBJECT_ROLE('mandatory','');
#2091=ROLE_ASSOCIATION(#2090,#2089);
#2092=(LENGTH_UNIT()NAMED_UNIT(*)SI_UNIT(.MILLI.,.METRE.));
#2093=(NAMED_UNIT(*)PLANE_ANGLE_UNIT()SI_UNIT($,.RADIAN.));
#2096=(NAMED_UNIT(*)SI_UNIT($,.STERADIAN.)SOLID_ANGLE_UNIT());
#2098=(GEOMETRIC_REPRESENTATION_CONTEXT(3)GLOBAL_UNCERTAINTY_ASSIGNED_CONTEXT((
#2097))GLOBAL_UNIT_ASSIGNED_CONTEXT((#2092,#2095,#2096))REPRESENTATION_CONTEXT(
'ID28','external'));
#2102=AXIS2_PLACEMENT_3D('',#2099,#2100,#2101);
#2103=SHAPE_REPRESENTATION('',(#2102),#2098);
#2107=PRODUCT_DEFINITION('part definition','',#2106,#1980);
#2108=PRODUCT_DEFINITION_SHAPE('','SHAPE FOR JOINTCOVER2.',#2107);
#2109=(LENGTH_UNIT()NAMED_UNIT(*)SI_UNIT(.MILLI.,.METRE.));
#2113=PROPERTY_DEFINITION('geometric validation property','area of JOINTCOVER2',
#2108);
#2114=REPRESENTATION('surface area',(#2112),#2098);
#2115=PROPERTY_DEFINITION_REPRESENTATION(#2113,#2114);
#2116=(LENGTH_UNIT()NAMED_UNIT(*)SI_UNIT(.MILLI.,.METRE.));
#2120=PROPERTY_DEFINITION('geometric validation property',
'volume of JOINTCOVER2',#2108);
#2121=REPRESENTATION('volume',(#2119),#2098);
#2122=PROPERTY_DEFINITION_REPRESENTATION(#2120,#2121);
#2124=PROPERTY_DEFINITION('geometric validation property',
'centroid of JOINTCOVER2',#2108);
#2125=REPRESENTATION('centroid',(#2123),#2098);
#2126=PROPERTY_DEFINITION_REPRESENTATION(#2124,#2125);
#2127=SHAPE_DEFINITION_REPRESENTATION(#2108,#2103);
#2128=NEXT_ASSEMBLY_USAGE_OCCURRENCE('82','Next assembly relationship',
'JOINTCOVER2',#2557,#2107,$);
#2129=PRODUCT_DEFINITION_SHAPE('Placement #82',
'Placement of JOINTCOVER2 with respect to TUOBAN2_TOP',#2128);
#2131=PROPERTY_DEFINITION('geometric validation property',
'centroid of JOINTCOVER2',#2129);
#2132=REPRESENTATION('centroid',(#2130),#2098);
#2133=PROPERTY_DEFINITION_REPRESENTATION(#2131,#2132);
#2141=DOCUMENT_TYPE('');
#2142=DOCUMENT_FILE('jointcover2_prt.stp','TUOBAN2_TOP - JOINTCOVER2','',#2141,
'','');
#2143=DOCUMENT_REPRESENTATION_TYPE('digital',#2142);
#2144=PROPERTY_DEFINITION('external definition','',#2142);
#2145=PROPERTY_DEFINITION_REPRESENTATION(#2144,#2103);
#2146=DESCRIPTIVE_REPRESENTATION_ITEM('data format','STEP AP214');
#2147=REPRESENTATION_CONTEXT('','document parameters');
#2148=REPRESENTATION('document format',(#2146),#2147);
#2149=PROPERTY_DEFINITION('document property','',#2142);
#2150=PROPERTY_DEFINITION_REPRESENTATION(#2149,#2148);
#2151=EXTERNAL_SOURCE(IDENTIFIER('jointcover2_prt.stp'));
#2152=IDENTIFICATION_ROLE('document source','source system');
#2153=APPLIED_EXTERNAL_IDENTIFICATION_ASSIGNMENT('jointcover2_prt.stp',#2152,
#2151,(#2142));
#2154=APPLIED_DOCUMENT_REFERENCE(#2142,'',(#2107));
#2155=OBJECT_ROLE('mandatory','');
#2156=ROLE_ASSOCIATION(#2155,#2154);
#2157=(LENGTH_UNIT()NAMED_UNIT(*)SI_UNIT(.MILLI.,.METRE.));
#2158=(NAMED_UNIT(*)PLANE_ANGLE_UNIT()SI_UNIT($,.RADIAN.));
#2161=(NAMED_UNIT(*)SI_UNIT($,.STERADIAN.)SOLID_ANGLE_UNIT());
#2163=(GEOMETRIC_REPRESENTATION_CONTEXT(3)GLOBAL_UNCERTAINTY_ASSIGNED_CONTEXT((
#2162))GLOBAL_UNIT_ASSIGNED_CONTEXT((#2157,#2160,#2161))REPRESENTATION_CONTEXT(
'ID29','external'));
#2167=AXIS2_PLACEMENT_3D('',#2164,#2165,#2166);
#2168=SHAPE_REPRESENTATION('',(#2167),#2163);
#2173=PRODUCT_DEFINITION('part definition','',#2172,#2169);
#2174=PRODUCT_DEFINITION_SHAPE('','SHAPE FOR LINK3.',#2173);
#2175=(LENGTH_UNIT()NAMED_UNIT(*)SI_UNIT(.MILLI.,.METRE.));
#2179=PROPERTY_DEFINITION('geometric validation property','area of LINK3',
#2174);
#2180=REPRESENTATION('surface area',(#2178),#2163);
#2181=PROPERTY_DEFINITION_REPRESENTATION(#2179,#2180);
#2182=(LENGTH_UNIT()NAMED_UNIT(*)SI_UNIT(.MILLI.,.METRE.));
#2186=PROPERTY_DEFINITION('geometric validation property','volume of LINK3',
#2174);
#2187=REPRESENTATION('volume',(#2185),#2163);
#2188=PROPERTY_DEFINITION_REPRESENTATION(#2186,#2187);
#2190=PROPERTY_DEFINITION('geometric validation property','centroid of LINK3',
#2174);
#2191=REPRESENTATION('centroid',(#2189),#2163);
#2192=PROPERTY_DEFINITION_REPRESENTATION(#2190,#2191);
#2193=SHAPE_DEFINITION_REPRESENTATION(#2174,#2168);
#2194=NEXT_ASSEMBLY_USAGE_OCCURRENCE('83','Next assembly relationship','LINK3',
#2557,#2173,$);
#2195=PRODUCT_DEFINITION_SHAPE('Placement #83',
'Placement of LINK3 with respect to TUOBAN2_TOP',#2194);
#2197=PROPERTY_DEFINITION('geometric validation property','centroid of LINK3',
#2195);
#2198=REPRESENTATION('centroid',(#2196),#2163);
#2199=PROPERTY_DEFINITION_REPRESENTATION(#2197,#2198);
#2207=DOCUMENT_TYPE('');
#2208=DOCUMENT_FILE('link3_prt.stp','TUOBAN2_TOP - LINK3','',#2207,'','');
#2209=DOCUMENT_REPRESENTATION_TYPE('digital',#2208);
#2210=PROPERTY_DEFINITION('external definition','',#2208);
#2211=PROPERTY_DEFINITION_REPRESENTATION(#2210,#2168);
#2212=DESCRIPTIVE_REPRESENTATION_ITEM('data format','STEP AP214');
#2213=REPRESENTATION_CONTEXT('','document parameters');
#2214=REPRESENTATION('document format',(#2212),#2213);
#2215=PROPERTY_DEFINITION('document property','',#2208);
#2216=PROPERTY_DEFINITION_REPRESENTATION(#2215,#2214);
#2217=EXTERNAL_SOURCE(IDENTIFIER('link3_prt.stp'));
#2218=IDENTIFICATION_ROLE('document source','source system');
#2219=APPLIED_EXTERNAL_IDENTIFICATION_ASSIGNMENT('link3_prt.stp',#2218,#2217,(
#2208));
#2220=APPLIED_DOCUMENT_REFERENCE(#2208,'',(#2173));
#2221=OBJECT_ROLE('mandatory','');
#2222=ROLE_ASSOCIATION(#2221,#2220);
#2223=(LENGTH_UNIT()NAMED_UNIT(*)SI_UNIT(.MILLI.,.METRE.));
#2224=(NAMED_UNIT(*)PLANE_ANGLE_UNIT()SI_UNIT($,.RADIAN.));
#2227=(NAMED_UNIT(*)SI_UNIT($,.STERADIAN.)SOLID_ANGLE_UNIT());
#2229=(GEOMETRIC_REPRESENTATION_CONTEXT(3)GLOBAL_UNCERTAINTY_ASSIGNED_CONTEXT((
#2228))GLOBAL_UNIT_ASSIGNED_CONTEXT((#2223,#2226,#2227))REPRESENTATION_CONTEXT(
'ID30','external'));
#2233=AXIS2_PLACEMENT_3D('',#2230,#2231,#2232);
#2234=SHAPE_REPRESENTATION('',(#2233),#2229);
#2238=PRODUCT_DEFINITION('part definition','',#2237,#2169);
#2239=PRODUCT_DEFINITION_SHAPE('','SHAPE FOR LINK1.',#2238);
#2240=(LENGTH_UNIT()NAMED_UNIT(*)SI_UNIT(.MILLI.,.METRE.));
#2244=PROPERTY_DEFINITION('geometric validation property','area of LINK1',
#2239);
#2245=REPRESENTATION('surface area',(#2243),#2229);
#2246=PROPERTY_DEFINITION_REPRESENTATION(#2244,#2245);
#2247=(LENGTH_UNIT()NAMED_UNIT(*)SI_UNIT(.MILLI.,.METRE.));
#2251=PROPERTY_DEFINITION('geometric validation property','volume of LINK1',
#2239);
#2252=REPRESENTATION('volume',(#2250),#2229);
#2253=PROPERTY_DEFINITION_REPRESENTATION(#2251,#2252);
#2255=PROPERTY_DEFINITION('geometric validation property','centroid of LINK1',
#2239);
#2256=REPRESENTATION('centroid',(#2254),#2229);
#2257=PROPERTY_DEFINITION_REPRESENTATION(#2255,#2256);
#2258=SHAPE_DEFINITION_REPRESENTATION(#2239,#2234);
#2259=NEXT_ASSEMBLY_USAGE_OCCURRENCE('84','Next assembly relationship','LINK1',
#2557,#2238,$);
#2260=PRODUCT_DEFINITION_SHAPE('Placement #84',
'Placement of LINK1 with respect to TUOBAN2_TOP',#2259);
#2262=PROPERTY_DEFINITION('geometric validation property','centroid of LINK1',
#2260);
#2263=REPRESENTATION('centroid',(#2261),#2229);
#2264=PROPERTY_DEFINITION_REPRESENTATION(#2262,#2263);
#2272=DOCUMENT_TYPE('');
#2273=DOCUMENT_FILE('link1_prt.stp','TUOBAN2_TOP - LINK1','',#2272,'','');
#2274=DOCUMENT_REPRESENTATION_TYPE('digital',#2273);
#2275=PROPERTY_DEFINITION('external definition','',#2273);
#2276=PROPERTY_DEFINITION_REPRESENTATION(#2275,#2234);
#2277=DESCRIPTIVE_REPRESENTATION_ITEM('data format','STEP AP214');
#2278=REPRESENTATION_CONTEXT('','document parameters');
#2279=REPRESENTATION('document format',(#2277),#2278);
#2280=PROPERTY_DEFINITION('document property','',#2273);
#2281=PROPERTY_DEFINITION_REPRESENTATION(#2280,#2279);
#2282=EXTERNAL_SOURCE(IDENTIFIER('link1_prt.stp'));
#2283=IDENTIFICATION_ROLE('document source','source system');
#2284=APPLIED_EXTERNAL_IDENTIFICATION_ASSIGNMENT('link1_prt.stp',#2283,#2282,(
#2273));
#2285=APPLIED_DOCUMENT_REFERENCE(#2273,'',(#2238));
#2286=OBJECT_ROLE('mandatory','');
#2287=ROLE_ASSOCIATION(#2286,#2285);
#2288=NEXT_ASSEMBLY_USAGE_OCCURRENCE('85','Next assembly relationship','JOINT1',
#2557,#1984,$);
#2289=PRODUCT_DEFINITION_SHAPE('Placement #85',
'Placement of JOINT1 with respect to TUOBAN2_TOP',#2288);
#2291=PROPERTY_DEFINITION('geometric validation property','centroid of JOINT1',
#2289);
#2292=REPRESENTATION('centroid',(#2290),#2229);
#2293=PROPERTY_DEFINITION_REPRESENTATION(#2291,#2292);
#2301=DOCUMENT_TYPE('');
#2302=DOCUMENT_FILE('joint1_prt.stp','TUOBAN2_TOP - JOINT1','',#2301,'','');
#2303=DOCUMENT_REPRESENTATION_TYPE('digital',#2302);
#2304=PROPERTY_DEFINITION('external definition','',#2302);
#2305=PROPERTY_DEFINITION_REPRESENTATION(#2304,#1979);
#2306=DESCRIPTIVE_REPRESENTATION_ITEM('data format','STEP AP214');
#2307=REPRESENTATION_CONTEXT('','document parameters');
#2308=REPRESENTATION('document format',(#2306),#2307);
#2309=PROPERTY_DEFINITION('document property','',#2302);
#2310=PROPERTY_DEFINITION_REPRESENTATION(#2309,#2308);
#2311=EXTERNAL_SOURCE(IDENTIFIER('joint1_prt.stp'));
#2312=IDENTIFICATION_ROLE('document source','source system');
#2313=APPLIED_EXTERNAL_IDENTIFICATION_ASSIGNMENT('joint1_prt.stp',#2312,#2311,(
#2302));
#2314=APPLIED_DOCUMENT_REFERENCE(#2302,'',(#1984));
#2315=OBJECT_ROLE('mandatory','');
#2316=ROLE_ASSOCIATION(#2315,#2314);
#2317=(LENGTH_UNIT()NAMED_UNIT(*)SI_UNIT(.MILLI.,.METRE.));
#2318=(NAMED_UNIT(*)PLANE_ANGLE_UNIT()SI_UNIT($,.RADIAN.));
#2321=(NAMED_UNIT(*)SI_UNIT($,.STERADIAN.)SOLID_ANGLE_UNIT());
#2323=(GEOMETRIC_REPRESENTATION_CONTEXT(3)GLOBAL_UNCERTAINTY_ASSIGNED_CONTEXT((
#2322))GLOBAL_UNIT_ASSIGNED_CONTEXT((#2317,#2320,#2321))REPRESENTATION_CONTEXT(
'ID31','external'));
#2327=AXIS2_PLACEMENT_3D('',#2324,#2325,#2326);
#2328=SHAPE_REPRESENTATION('',(#2327),#2323);
#2333=PRODUCT_DEFINITION('part definition','',#2332,#2329);
#2334=PRODUCT_DEFINITION_SHAPE('','SHAPE FOR BRACE2.',#2333);
#2335=(LENGTH_UNIT()NAMED_UNIT(*)SI_UNIT(.MILLI.,.METRE.));
#2339=PROPERTY_DEFINITION('geometric validation property','area of BRACE2',
#2334);
#2340=REPRESENTATION('surface area',(#2338),#2323);
#2341=PROPERTY_DEFINITION_REPRESENTATION(#2339,#2340);
#2342=(LENGTH_UNIT()NAMED_UNIT(*)SI_UNIT(.MILLI.,.METRE.));
#2346=PROPERTY_DEFINITION('geometric validation property','volume of BRACE2',
#2334);
#2347=REPRESENTATION('volume',(#2345),#2323);
#2348=PROPERTY_DEFINITION_REPRESENTATION(#2346,#2347);
#2350=PROPERTY_DEFINITION('geometric validation property','centroid of BRACE2',
#2334);
#2351=REPRESENTATION('centroid',(#2349),#2323);
#2352=PROPERTY_DEFINITION_REPRESENTATION(#2350,#2351);
#2353=SHAPE_DEFINITION_REPRESENTATION(#2334,#2328);
#2354=NEXT_ASSEMBLY_USAGE_OCCURRENCE('86','Next assembly relationship','BRACE2',
#2557,#2333,$);
#2355=PRODUCT_DEFINITION_SHAPE('Placement #86',
'Placement of BRACE2 with respect to TUOBAN2_TOP',#2354);
#2357=PROPERTY_DEFINITION('geometric validation property','centroid of BRACE2',
#2355);
#2358=REPRESENTATION('centroid',(#2356),#2323);
#2359=PROPERTY_DEFINITION_REPRESENTATION(#2357,#2358);
#2367=DOCUMENT_TYPE('');
#2368=DOCUMENT_FILE('brace2_prt.stp','TUOBAN2_TOP - BRACE2','',#2367,'','');
#2369=DOCUMENT_REPRESENTATION_TYPE('digital',#2368);
#2370=PROPERTY_DEFINITION('external definition','',#2368);
#2371=PROPERTY_DEFINITION_REPRESENTATION(#2370,#2328);
#2372=DESCRIPTIVE_REPRESENTATION_ITEM('data format','STEP AP214');
#2373=REPRESENTATION_CONTEXT('','document parameters');
#2374=REPRESENTATION('document format',(#2372),#2373);
#2375=PROPERTY_DEFINITION('document property','',#2368);
#2376=PROPERTY_DEFINITION_REPRESENTATION(#2375,#2374);
#2377=EXTERNAL_SOURCE(IDENTIFIER('brace2_prt.stp'));
#2378=IDENTIFICATION_ROLE('document source','source system');
#2379=APPLIED_EXTERNAL_IDENTIFICATION_ASSIGNMENT('brace2_prt.stp',#2378,#2377,(
#2368));
#2380=APPLIED_DOCUMENT_REFERENCE(#2368,'',(#2333));
#2381=OBJECT_ROLE('mandatory','');
#2382=ROLE_ASSOCIATION(#2381,#2380);
#2383=NEXT_ASSEMBLY_USAGE_OCCURRENCE('87','Next assembly relationship',
'FLATBEAR',#2557,#1918,$);
#2384=PRODUCT_DEFINITION_SHAPE('Placement #87',
'Placement of FLATBEAR with respect to TUOBAN2_TOP',#2383);
#2386=PROPERTY_DEFINITION('geometric validation property',
'centroid of FLATBEAR',#2384);
#2387=REPRESENTATION('centroid',(#2385),#2323);
#2388=PROPERTY_DEFINITION_REPRESENTATION(#2386,#2387);
#2396=DOCUMENT_TYPE('');
#2397=DOCUMENT_FILE('flatbear_prt.stp','TUOBAN2_TOP - FLATBEAR','',#2396,'','');
#2398=DOCUMENT_REPRESENTATION_TYPE('digital',#2397);
#2399=PROPERTY_DEFINITION('external definition','',#2397);
#2400=PROPERTY_DEFINITION_REPRESENTATION(#2399,#1914);
#2401=DESCRIPTIVE_REPRESENTATION_ITEM('data format','STEP AP214');
#2402=REPRESENTATION_CONTEXT('','document parameters');
#2403=REPRESENTATION('document format',(#2401),#2402);
#2404=PROPERTY_DEFINITION('document property','',#2397);
#2405=PROPERTY_DEFINITION_REPRESENTATION(#2404,#2403);
#2406=EXTERNAL_SOURCE(IDENTIFIER('flatbear_prt.stp'));
#2407=IDENTIFICATION_ROLE('document source','source system');
#2408=APPLIED_EXTERNAL_IDENTIFICATION_ASSIGNMENT('flatbear_prt.stp',#2407,#2406,
(#2397));
#2409=APPLIED_DOCUMENT_REFERENCE(#2397,'',(#1918));
#2410=OBJECT_ROLE('mandatory','');
#2411=ROLE_ASSOCIATION(#2410,#2409);
#2412=(LENGTH_UNIT()NAMED_UNIT(*)SI_UNIT(.MILLI.,.METRE.));
#2413=(NAMED_UNIT(*)PLANE_ANGLE_UNIT()SI_UNIT($,.RADIAN.));
#2416=(NAMED_UNIT(*)SI_UNIT($,.STERADIAN.)SOLID_ANGLE_UNIT());
#2418=(GEOMETRIC_REPRESENTATION_CONTEXT(3)GLOBAL_UNCERTAINTY_ASSIGNED_CONTEXT((
#2417))GLOBAL_UNIT_ASSIGNED_CONTEXT((#2412,#2415,#2416))REPRESENTATION_CONTEXT(
'ID32','external'));
#2422=AXIS2_PLACEMENT_3D('',#2419,#2420,#2421);
#2423=SHAPE_REPRESENTATION('',(#2422),#2418);
#2427=PRODUCT_DEFINITION('part definition','',#2426,#2329);
#2428=PRODUCT_DEFINITION_SHAPE('','SHAPE FOR JOINTCOVER.',#2427);
#2429=(LENGTH_UNIT()NAMED_UNIT(*)SI_UNIT(.MILLI.,.METRE.));
#2433=PROPERTY_DEFINITION('geometric validation property','area of JOINTCOVER',
#2428);
#2434=REPRESENTATION('surface area',(#2432),#2418);
#2435=PROPERTY_DEFINITION_REPRESENTATION(#2433,#2434);
#2436=(LENGTH_UNIT()NAMED_UNIT(*)SI_UNIT(.MILLI.,.METRE.));
#2440=PROPERTY_DEFINITION('geometric validation property',
'volume of JOINTCOVER',#2428);
#2441=REPRESENTATION('volume',(#2439),#2418);
#2442=PROPERTY_DEFINITION_REPRESENTATION(#2440,#2441);
#2444=PROPERTY_DEFINITION('geometric validation property',
'centroid of JOINTCOVER',#2428);
#2445=REPRESENTATION('centroid',(#2443),#2418);
#2446=PROPERTY_DEFINITION_REPRESENTATION(#2444,#2445);
#2447=SHAPE_DEFINITION_REPRESENTATION(#2428,#2423);
#2448=NEXT_ASSEMBLY_USAGE_OCCURRENCE('88','Next assembly relationship',
'JOINTCOVER',#2557,#2427,$);
#2449=PRODUCT_DEFINITION_SHAPE('Placement #88',
'Placement of JOINTCOVER with respect to TUOBAN2_TOP',#2448);
#2451=PROPERTY_DEFINITION('geometric validation property',
'centroid of JOINTCOVER',#2449);
#2452=REPRESENTATION('centroid',(#2450),#2418);
#2453=PROPERTY_DEFINITION_REPRESENTATION(#2451,#2452);
#2461=DOCUMENT_TYPE('');
#2462=DOCUMENT_FILE('jointcover_prt.stp','TUOBAN2_TOP - JOINTCOVER','',#2461,'',
'');
#2463=DOCUMENT_REPRESENTATION_TYPE('digital',#2462);
#2464=PROPERTY_DEFINITION('external definition','',#2462);
#2465=PROPERTY_DEFINITION_REPRESENTATION(#2464,#2423);
#2466=DESCRIPTIVE_REPRESENTATION_ITEM('data format','STEP AP214');
#2467=REPRESENTATION_CONTEXT('','document parameters');
#2468=REPRESENTATION('document format',(#2466),#2467);
#2469=PROPERTY_DEFINITION('document property','',#2462);
#2470=PROPERTY_DEFINITION_REPRESENTATION(#2469,#2468);
#2471=EXTERNAL_SOURCE(IDENTIFIER('jointcover_prt.stp'));
#2472=IDENTIFICATION_ROLE('document source','source system');
#2473=APPLIED_EXTERNAL_IDENTIFICATION_ASSIGNMENT('jointcover_prt.stp',#2472,
#2471,(#2462));
#2474=APPLIED_DOCUMENT_REFERENCE(#2462,'',(#2427));
#2475=OBJECT_ROLE('mandatory','');
#2476=ROLE_ASSOCIATION(#2475,#2474);
#2477=(LENGTH_UNIT()NAMED_UNIT(*)SI_UNIT(.MILLI.,.METRE.));
#2478=(NAMED_UNIT(*)PLANE_ANGLE_UNIT()SI_UNIT($,.RADIAN.));
#2481=(NAMED_UNIT(*)SI_UNIT($,.STERADIAN.)SOLID_ANGLE_UNIT());
#2483=(GEOMETRIC_REPRESENTATION_CONTEXT(3)GLOBAL_UNCERTAINTY_ASSIGNED_CONTEXT((
#2482))GLOBAL_UNIT_ASSIGNED_CONTEXT((#2477,#2480,#2481))REPRESENTATION_CONTEXT(
'ID33','external'));
#2487=AXIS2_PLACEMENT_3D('',#2484,#2485,#2486);
#2488=SHAPE_REPRESENTATION('',(#2487),#2483);
#2493=PRODUCT_DEFINITION('part definition','',#2492,#2489);
#2494=PRODUCT_DEFINITION_SHAPE('','SHAPE FOR AXISCOVER.',#2493);
#2495=(LENGTH_UNIT()NAMED_UNIT(*)SI_UNIT(.MILLI.,.METRE.));
#2499=PROPERTY_DEFINITION('geometric validation property','area of AXISCOVER',
#2494);
#2500=REPRESENTATION('surface area',(#2498),#2483);
#2501=PROPERTY_DEFINITION_REPRESENTATION(#2499,#2500);
#2502=(LENGTH_UNIT()NAMED_UNIT(*)SI_UNIT(.MILLI.,.METRE.));
#2506=PROPERTY_DEFINITION('geometric validation property','volume of AXISCOVER',
#2494);
#2507=REPRESENTATION('volume',(#2505),#2483);
#2508=PROPERTY_DEFINITION_REPRESENTATION(#2506,#2507);
#2510=PROPERTY_DEFINITION('geometric validation property',
'centroid of AXISCOVER',#2494);
#2511=REPRESENTATION('centroid',(#2509),#2483);
#2512=PROPERTY_DEFINITION_REPRESENTATION(#2510,#2511);
#2513=SHAPE_DEFINITION_REPRESENTATION(#2494,#2488);
#2514=NEXT_ASSEMBLY_USAGE_OCCURRENCE('89','Next assembly relationship',
'AXISCOVER',#2557,#2493,$);
#2515=PRODUCT_DEFINITION_SHAPE('Placement #89',
'Placement of AXISCOVER with respect to TUOBAN2_TOP',#2514);
#2517=PROPERTY_DEFINITION('geometric validation property',
'centroid of AXISCOVER',#2515);
#2518=REPRESENTATION('centroid',(#2516),#2483);
#2519=PROPERTY_DEFINITION_REPRESENTATION(#2517,#2518);
#2527=DOCUMENT_TYPE('');
#2528=DOCUMENT_FILE('axiscover_prt.stp','TUOBAN2_TOP - AXISCOVER','',#2527,'',
'');
#2529=DOCUMENT_REPRESENTATION_TYPE('digital',#2528);
#2530=PROPERTY_DEFINITION('external definition','',#2528);
#2531=PROPERTY_DEFINITION_REPRESENTATION(#2530,#2488);
#2532=DESCRIPTIVE_REPRESENTATION_ITEM('data format','STEP AP214');
#2533=REPRESENTATION_CONTEXT('','document parameters');
#2534=REPRESENTATION('document format',(#2532),#2533);
#2535=PROPERTY_DEFINITION('document property','',#2528);
#2536=PROPERTY_DEFINITION_REPRESENTATION(#2535,#2534);
#2537=EXTERNAL_SOURCE(IDENTIFIER('axiscover_prt.stp'));
#2538=IDENTIFICATION_ROLE('document source','source system');
#2539=APPLIED_EXTERNAL_IDENTIFICATION_ASSIGNMENT('axiscover_prt.stp',#2538,
#2537,(#2528));
#2540=APPLIED_DOCUMENT_REFERENCE(#2528,'',(#2493));
#2541=OBJECT_ROLE('mandatory','');
#2542=ROLE_ASSOCIATION(#2541,#2540);
#2543=(LENGTH_UNIT()NAMED_UNIT(*)SI_UNIT(.MILLI.,.METRE.));
#2544=(NAMED_UNIT(*)PLANE_ANGLE_UNIT()SI_UNIT($,.RADIAN.));
#2547=(NAMED_UNIT(*)SI_UNIT($,.STERADIAN.)SOLID_ANGLE_UNIT());
#2549=(GEOMETRIC_REPRESENTATION_CONTEXT(3)GLOBAL_UNCERTAINTY_ASSIGNED_CONTEXT((
#2548))GLOBAL_UNIT_ASSIGNED_CONTEXT((#2543,#2546,#2547))REPRESENTATION_CONTEXT(
'ID34','external'));
#2553=AXIS2_PLACEMENT_3D('',#2550,#2551,#2552);
#2557=PRODUCT_DEFINITION('part definition','',#2556,#2489);
#2558=(LENGTH_UNIT()NAMED_UNIT(*)SI_UNIT(.MILLI.,.METRE.));
#2562=PROPERTY_DEFINITION('geometric validation property','area of TUOBAN2_TOP',
#68);
#2563=REPRESENTATION('surface area',(#2561),#2549);
#2564=PROPERTY_DEFINITION_REPRESENTATION(#2562,#2563);
#2565=(LENGTH_UNIT()NAMED_UNIT(*)SI_UNIT(.MILLI.,.METRE.));
#2569=PROPERTY_DEFINITION('geometric validation property',
'volume of TUOBAN2_TOP',#68);
#2570=REPRESENTATION('volume',(#2568),#2549);
#2571=PROPERTY_DEFINITION_REPRESENTATION(#2569,#2570);
#2573=PROPERTY_DEFINITION('geometric validation property',
'centroid of TUOBAN2_TOP',#68);
#2574=REPRESENTATION('centroid',(#2572),#2549);
#2575=PROPERTY_DEFINITION_REPRESENTATION(#2573,#2574);
ENDSEC;
END-ISO-10303-21;
