ISO-10303-21;
HEADER;
FILE_DESCRIPTION((''),'2;1');
FILE_NAME('HALFWHEEL','2026-08-09T09:56:41',('gram2'),(''),
'CREO PARAMETRIC BY PTC INC, 2016510','CREO PARAMETRIC BY PTC INC, 2016510','');
FILE_SCHEMA(('AUTOMOTIVE_DESIGN { 1 0 10303 214 1 1 1 1 }'));
ENDSEC;
DATA;
#28=DIRECTION('',(0.E0,-1.E0,0.E0));
#29=VECTOR('',#28,7.755256600725E0);
#30=CARTESIAN_POINT('',(5.E-1,1.799305421545E1,-2.E1));
#31=LINE('',#30,#29);
#32=CARTESIAN_POINT('',(0.E0,0.E0,-2.E1));
#33=DIRECTION('',(0.E0,0.E0,-1.E0));
#34=DIRECTION('',(4.878048780488E-2,9.988095233875E-1,0.E0));
#35=AXIS2_PLACEMENT_3D('',#32,#33,#34);
#37=DIRECTION('',(0.E0,-1.E0,0.E0));
#38=VECTOR('',#37,7.755256600725E0);
#39=CARTESIAN_POINT('',(5.E-1,-1.023779761472E1,-2.E1));
#40=LINE('',#39,#38);
#41=CARTESIAN_POINT('',(0.E0,0.E0,-2.E1));
#42=DIRECTION('',(0.E0,0.E0,1.E0));
#43=DIRECTION('',(2.777777777778E-2,-9.996141230804E-1,0.E0));
#44=AXIS2_PLACEMENT_3D('',#41,#42,#43);
#46=CARTESIAN_POINT('',(5.E-1,1.4E1,-6.E0));
#47=DIRECTION('',(-1.E0,0.E0,0.E0));
#48=DIRECTION('',(0.E0,0.E0,1.E0));
#49=AXIS2_PLACEMENT_3D('',#46,#47,#48);
#51=CARTESIAN_POINT('',(5.E-1,1.4E1,-6.E0));
#52=DIRECTION('',(-1.E0,0.E0,0.E0));
#53=DIRECTION('',(0.E0,0.E0,-1.E0));
#54=AXIS2_PLACEMENT_3D('',#51,#52,#53);
#56=CARTESIAN_POINT('',(5.E-1,1.4E1,6.E0));
#57=DIRECTION('',(-1.E0,0.E0,0.E0));
#58=DIRECTION('',(0.E0,0.E0,1.E0));
#59=AXIS2_PLACEMENT_3D('',#56,#57,#58);
#61=CARTESIAN_POINT('',(5.E-1,1.4E1,6.E0));
#62=DIRECTION('',(-1.E0,0.E0,0.E0));
#63=DIRECTION('',(0.E0,0.E0,-1.E0));
#64=AXIS2_PLACEMENT_3D('',#61,#62,#63);
#66=CARTESIAN_POINT('',(5.E-1,1.799305421545E1,-1.200997828522E1));
#67=DIRECTION('',(-1.E0,0.E0,0.E0));
#68=DIRECTION('',(0.E0,0.E0,-1.E0));
#69=AXIS2_PLACEMENT_3D('',#66,#67,#68);
#71=DIRECTION('',(0.E0,0.E0,1.E0));
#72=VECTOR('',#71,7.150028142411E0);
#73=CARTESIAN_POINT('',(5.E-1,1.799305421545E1,-9.900016081394E0));
#74=LINE('',#73,#72);
#75=DIRECTION('',(0.E0,0.E0,1.E0));
#76=VECTOR('',#75,5.250012061017E0);
#77=CARTESIAN_POINT('',(5.E-1,1.799305421545E1,2.749987938983E0));
#78=LINE('',#77,#76);
#79=CARTESIAN_POINT('',(5.E-1,1.799305421545E1,1.2E1));
#80=DIRECTION('',(-1.E0,0.E0,0.E0));
#81=DIRECTION('',(0.E0,0.E0,-1.E0));
#82=AXIS2_PLACEMENT_3D('',#79,#80,#81);
#84=DIRECTION('',(0.E0,0.E0,1.E0));
#85=VECTOR('',#84,4.E0);
#86=CARTESIAN_POINT('',(5.E-1,1.799305421545E1,1.6E1));
#87=LINE('',#86,#85);
#88=DIRECTION('',(0.E0,0.E0,1.E0));
#89=VECTOR('',#88,5.880059510952E0);
#90=CARTESIAN_POINT('',(5.E-1,1.799305421545E1,-2.E1));
#91=LINE('',#90,#89);
#92=CARTESIAN_POINT('',(6.E0,1.4E1,-6.E0));
#93=DIRECTION('',(-1.E0,0.E0,0.E0));
#94=DIRECTION('',(0.E0,0.E0,1.E0));
#95=AXIS2_PLACEMENT_3D('',#92,#93,#94);
#97=DIRECTION('',(1.E0,0.E0,0.E0));
#98=VECTOR('',#97,5.5E0);
#99=CARTESIAN_POINT('',(5.E-1,1.4E1,-4.45E0));
#100=LINE('',#99,#98);
#101=CARTESIAN_POINT('',(6.E0,1.4E1,6.E0));
#102=DIRECTION('',(1.E0,0.E0,0.E0));
#103=DIRECTION('',(0.E0,-1.E0,0.E0));
#104=AXIS2_PLACEMENT_3D('',#101,#102,#103);
#106=CARTESIAN_POINT('',(6.E0,1.4E1,6.E0));
#107=DIRECTION('',(1.E0,0.E0,0.E0));
#108=DIRECTION('',(0.E0,1.E0,0.E0));
#109=AXIS2_PLACEMENT_3D('',#106,#107,#108);
#111=DIRECTION('',(1.E0,0.E0,0.E0));
#112=VECTOR('',#111,8.051245496396E0);
#113=CARTESIAN_POINT('',(6.E0,1.125E1,6.E0));
#114=LINE('',#113,#112);
#115=DIRECTION('',(0.E0,0.E0,1.E0));
#116=VECTOR('',#115,4.052303569511E0);
#117=CARTESIAN_POINT('',(5.E-1,-1.799305421545E1,1.594769643049E1));
#118=LINE('',#117,#116);
#119=CARTESIAN_POINT('',(1.499999870809E0,1.793739112546E1,1.499999195934E1));
#120=CARTESIAN_POINT('',(1.499954632241E0,1.793739490849E1,1.508900482062E1));
#121=CARTESIAN_POINT('',(1.477127320800E0,1.793932721334E1,1.526043823352E1));
#122=CARTESIAN_POINT('',(1.375199248375E0,1.794754918954E1,1.550708633410E1));
#123=CARTESIAN_POINT('',(1.214791325616E0,1.795928422343E1,1.571543216095E1));
#124=CARTESIAN_POINT('',(1.003889487284E0,1.797248387993E1,1.587729839570E1));
#125=CARTESIAN_POINT('',(7.587807241316E-1,1.798458906398E1,1.597745322252E1));
#126=CARTESIAN_POINT('',(5.883090230559E-1,1.799060024010E1,1.6E1));
#127=CARTESIAN_POINT('',(5.E-1,1.799305421545E1,1.6E1));
#129=CARTESIAN_POINT('',(0.E0,0.E0,1.499999195934E1));
#130=DIRECTION('',(0.E0,0.E0,1.E0));
#131=DIRECTION('',(4.649694639010E-1,8.853267180198E-1,0.E0));
#132=AXIS2_PLACEMENT_3D('',#129,#130,#131);
#134=CARTESIAN_POINT('',(0.E0,0.E0,1.499999195934E1));
#135=DIRECTION('',(0.E0,0.E0,1.E0));
#136=DIRECTION('',(8.387489419506E-1,5.445183306160E-1,0.E0));
#137=AXIS2_PLACEMENT_3D('',#134,#135,#136);
#139=CARTESIAN_POINT('',(0.E0,0.E0,1.499999195934E1));
#140=DIRECTION('',(0.E0,0.E0,1.E0));
#141=DIRECTION('',(9.979248952191E-1,6.438869079273E-2,0.E0));
#142=AXIS2_PLACEMENT_3D('',#139,#140,#141);
#144=CARTESIAN_POINT('',(0.E0,0.E0,1.499999195934E1));
#145=DIRECTION('',(0.E0,0.E0,1.E0));
#146=DIRECTION('',(9.017703326806E-1,-4.322155331510E-1,0.E0));
#147=AXIS2_PLACEMENT_3D('',#144,#145,#146);
#149=CARTESIAN_POINT('',(0.E0,0.E0,1.499999195934E1));
#150=DIRECTION('',(0.E0,0.E0,1.E0));
#151=DIRECTION('',(5.748875006243E-1,-8.182324618505E-1,0.E0));
#152=AXIS2_PLACEMENT_3D('',#149,#150,#151);
#154=CARTESIAN_POINT('',(0.E0,0.E0,1.499999195934E1));
#155=DIRECTION('',(0.E0,0.E0,1.E0));
#156=DIRECTION('',(1.009131161188E-1,-9.948952422216E-1,0.E0));
#157=AXIS2_PLACEMENT_3D('',#154,#155,#156);
#159=CARTESIAN_POINT('',(0.E0,0.E0,-1.349998391861E1));
#160=DIRECTION('',(0.E0,0.E0,1.E0));
#161=DIRECTION('',(7.875934412772E-2,-9.968936581765E-1,0.E0));
#162=AXIS2_PLACEMENT_3D('',#159,#160,#161);
#164=CARTESIAN_POINT('',(0.E0,0.E0,-1.349998391861E1));
#165=DIRECTION('',(0.E0,0.E0,1.E0));
#166=DIRECTION('',(5.565458665020E-1,-8.308168862508E-1,0.E0));
#167=AXIS2_PLACEMENT_3D('',#164,#165,#166);
#169=CARTESIAN_POINT('',(0.E0,0.E0,-1.349998391861E1));
#170=DIRECTION('',(0.E0,0.E0,1.E0));
#171=DIRECTION('',(8.919337536233E-1,-4.521660968577E-1,0.E0));
#172=AXIS2_PLACEMENT_3D('',#169,#170,#171);
#174=CARTESIAN_POINT('',(0.E0,0.E0,-1.349998391861E1));
#175=DIRECTION('',(0.E0,0.E0,1.E0));
#176=DIRECTION('',(9.991101726578E-1,4.217656804058E-2,0.E0));
#177=AXIS2_PLACEMENT_3D('',#174,#175,#176);
#179=CARTESIAN_POINT('',(0.E0,0.E0,-1.349998391861E1));
#180=DIRECTION('',(0.E0,0.E0,1.E0));
#181=DIRECTION('',(8.506528090752E-1,5.257278748673E-1,0.E0));
#182=AXIS2_PLACEMENT_3D('',#179,#180,#181);
#184=CARTESIAN_POINT('',(0.E0,0.E0,-1.349998391861E1));
#185=DIRECTION('',(0.E0,0.E0,1.E0));
#186=DIRECTION('',(4.845461799472E-1,8.747656826251E-1,0.E0));
#187=AXIS2_PLACEMENT_3D('',#184,#185,#186);
#189=CARTESIAN_POINT('',(5.E-1,1.799305421545E1,-1.411994048905E1));
#190=CARTESIAN_POINT('',(5.540192200529E-1,1.799155310231E1,-1.411994048905E1));
#191=CARTESIAN_POINT('',(6.582122532155E-1,1.798818104997E1,-1.410587958324E1));
#192=CARTESIAN_POINT('',(8.078471170209E-1,1.798204859039E1,-1.404351907222E1));
#193=CARTESIAN_POINT('',(9.361782801030E-1,1.797575524231E1,-1.394217207793E1));
#194=CARTESIAN_POINT('',(1.031656105260E0,1.797046589329E1,-1.381333588369E1));
#195=CARTESIAN_POINT('',(1.090879402861E0,1.796692475679E1,-1.365946922860E1));
#196=CARTESIAN_POINT('',(1.101463288161E0,1.796626788823E1,-1.355434981460E1));
#197=CARTESIAN_POINT('',(1.099675920139E0,1.796637728844E1,-1.349998391861E1));
#199=DIRECTION('',(0.E0,0.E0,1.E0));
#200=VECTOR('',#199,5.971997583812E0);
#201=CARTESIAN_POINT('',(5.E-1,-1.799305421545E1,-2.E1));
#202=LINE('',#201,#200);
#203=DIRECTION('',(0.E0,0.E0,1.E0));
#204=VECTOR('',#203,7.313271363247E0);
#205=CARTESIAN_POINT('',(5.E-1,-1.799305421545E1,-9.991954154254E0));
#206=LINE('',#205,#204);
#207=CARTESIAN_POINT('',(0.E0,0.E0,-1.999987938983E0));
#208=DIRECTION('',(0.E0,0.E0,1.E0));
#209=DIRECTION('',(8.708272287737E-2,-9.962010838060E-1,0.E0));
#210=AXIS2_PLACEMENT_3D('',#207,#208,#209);
#212=CARTESIAN_POINT('',(0.E0,0.E0,-1.999987938983E0));
#213=DIRECTION('',(0.E0,0.E0,1.E0));
#214=DIRECTION('',(5.634654956089E-1,-8.261395979241E-1,0.E0));
#215=AXIS2_PLACEMENT_3D('',#212,#213,#214);
#217=CARTESIAN_POINT('',(0.E0,0.E0,-1.999987938983E0));
#218=DIRECTION('',(0.E0,0.E0,1.E0));
#219=DIRECTION('',(8.956791667152E-1,-4.447008323721E-1,0.E0));
#220=AXIS2_PLACEMENT_3D('',#217,#218,#219);
#222=CARTESIAN_POINT('',(0.E0,0.E0,-1.999987938983E0));
#223=DIRECTION('',(0.E0,0.E0,1.E0));
#224=DIRECTION('',(9.987230628909E-1,5.051973525077E-2,0.E0));
#225=AXIS2_PLACEMENT_3D('',#222,#223,#224);
#227=CARTESIAN_POINT('',(0.E0,0.E0,-1.999987938983E0));
#228=DIRECTION('',(0.E0,0.E0,1.E0));
#229=DIRECTION('',(8.462322229177E-1,5.328142498993E-1,0.E0));
#230=AXIS2_PLACEMENT_3D('',#227,#228,#229);
#232=CARTESIAN_POINT('',(0.E0,0.E0,-1.999987938983E0));
#233=DIRECTION('',(0.E0,0.E0,1.E0));
#234=DIRECTION('',(4.772231750060E-1,8.787821352515E-1,0.E0));
#235=AXIS2_PLACEMENT_3D('',#232,#233,#234);
#237=CARTESIAN_POINT('',(5.E-1,1.799305421545E1,-2.749987938983E0));
#238=CARTESIAN_POINT('',(5.660385425326E-1,1.799121910336E1,-2.749987938983E0));
#239=CARTESIAN_POINT('',(6.942947263233E-1,1.798695913344E1,-2.733623490329E0));
#240=CARTESIAN_POINT('',(8.870864628014E-1,1.797842788283E1,-2.653484338914E0));
#241=CARTESIAN_POINT('',(1.044641262664E0,1.796982878130E1,-2.527474386087E0));
#242=CARTESIAN_POINT('',(1.159365874733E0,1.796270569496E1,-2.374271385397E0));
#243=CARTESIAN_POINT('',(1.233540485374E0,1.795770364441E1,-2.191822408742E0));
#244=CARTESIAN_POINT('',(1.249970810174E0,1.795654679983E1,-2.065533877990E0));
#245=CARTESIAN_POINT('',(1.249999925981E0,1.795654477301E1,-1.999987938983E0));
#247=CARTESIAN_POINT('',(1.099999953592E0,1.796635745225E1,-1.050001608139E1));
#248=CARTESIAN_POINT('',(1.099978990458E0,1.796635873573E1,-1.044670858574E1));
#249=CARTESIAN_POINT('',(1.086425953467E0,1.796719757484E1,-1.034400294401E1));
#250=CARTESIAN_POINT('',(1.024836037712E0,1.797085764604E1,-1.019530186382E1));
#251=CARTESIAN_POINT('',(9.292484520936E-1,1.797611503606E1,-1.007106125840E1));
#252=CARTESIAN_POINT('',(8.012904659766E-1,1.798233755789E1,-9.972940004520E0));
#253=CARTESIAN_POINT('',(6.546636246965E-1,1.798830086737E1,-9.913472114717E0));
#254=CARTESIAN_POINT('',(5.527123586999E-1,1.799158941803E1,-9.900016081394E0));
#255=CARTESIAN_POINT('',(5.E-1,1.799305421545E1,-9.900016081394E0));
#257=CARTESIAN_POINT('',(0.E0,0.E0,-1.050001608139E1));
#258=DIRECTION('',(0.E0,0.E0,1.E0));
#259=DIRECTION('',(4.845300702097E-1,8.747746058629E-1,0.E0));
#260=AXIS2_PLACEMENT_3D('',#257,#258,#259);
#262=CARTESIAN_POINT('',(0.E0,0.E0,-1.050001608139E1));
#263=DIRECTION('',(0.E0,0.E0,1.E0));
#264=DIRECTION('',(8.506431271441E-1,5.257435403717E-1,0.E0));
#265=AXIS2_PLACEMENT_3D('',#262,#263,#264);
#267=CARTESIAN_POINT('',(0.E0,0.E0,-1.050001608139E1));
#268=DIRECTION('',(0.E0,0.E0,1.E0));
#269=DIRECTION('',(9.991093957661E-1,4.219496761272E-2,0.E0));
#270=AXIS2_PLACEMENT_3D('',#267,#268,#269);
#272=CARTESIAN_POINT('',(0.E0,0.E0,-1.050001608139E1));
#273=DIRECTION('',(0.E0,0.E0,1.E0));
#274=DIRECTION('',(8.919420805476E-1,-4.521496709590E-1,0.E0));
#275=AXIS2_PLACEMENT_3D('',#272,#273,#274);
#277=CARTESIAN_POINT('',(0.E0,0.E0,-1.050001608139E1));
#278=DIRECTION('',(0.E0,0.E0,1.E0));
#279=DIRECTION('',(5.565611667034E-1,-8.308066367800E-1,0.E0));
#280=AXIS2_PLACEMENT_3D('',#277,#278,#279);
#282=CARTESIAN_POINT('',(0.E0,0.E0,-1.050001608139E1));
#283=DIRECTION('',(0.E0,0.E0,1.E0));
#284=DIRECTION('',(7.877770287440E-2,-9.968922075780E-1,0.E0));
#285=AXIS2_PLACEMENT_3D('',#282,#283,#284);
#287=DIRECTION('',(0.E0,0.E0,1.E0));
#288=VECTOR('',#287,8.384675482331E-1);
#289=CARTESIAN_POINT('',(6.E0,1.697056274848E1,-6.419233774117E0));
#290=LINE('',#289,#288);
#291=CARTESIAN_POINT('',(0.E0,0.E0,9.000008040665E0));
#292=DIRECTION('',(0.E0,0.E0,1.E0));
#293=DIRECTION('',(4.649694639010E-1,8.853267180198E-1,0.E0));
#294=AXIS2_PLACEMENT_3D('',#291,#292,#293);
#296=CARTESIAN_POINT('',(5.E-1,1.799305421545E1,8.E0));
#297=CARTESIAN_POINT('',(5.884290674173E-1,1.799059690424E1,8.E0));
#298=CARTESIAN_POINT('',(7.590473294633E-1,1.798458070584E1,8.022549806436E0));
#299=CARTESIAN_POINT('',(1.004719747195E0,1.797243631307E1,8.123208393943E0));
#300=CARTESIAN_POINT('',(1.214655968352E0,1.795929105224E1,8.284523801839E0));
#301=CARTESIAN_POINT('',(1.375207685668E0,1.794754947271E1,8.492879892956E0));
#302=CARTESIAN_POINT('',(1.477119069072E0,1.793932760969E1,8.739550999732E0));
#303=CARTESIAN_POINT('',(1.499954630618E0,1.793739490863E1,8.910991985413E0));
#304=CARTESIAN_POINT('',(1.499999870809E0,1.793739112546E1,9.000008040665E0));
#306=CARTESIAN_POINT('',(1.249999925981E0,1.795654477301E1,1.999987938983E0));
#307=CARTESIAN_POINT('',(1.249970314413E0,1.795654683434E1,2.066649943776E0));
#308=CARTESIAN_POINT('',(1.232993342567E0,1.795774270089E1,2.195056255361E0));
#309=CARTESIAN_POINT('',(1.156127172355E0,1.796292050787E1,2.380689398816E0));
#310=CARTESIAN_POINT('',(1.036701398022E0,1.797030415512E1,2.536029236575E0));
#311=CARTESIAN_POINT('',(8.768627710384E-1,1.797891294507E1,2.658682688563E0));
#312=CARTESIAN_POINT('',(6.935648245299E-1,1.798696150643E1,2.733118286030E0));
#313=CARTESIAN_POINT('',(5.659871605619E-1,1.799122053119E1,2.749987938983E0));
#314=CARTESIAN_POINT('',(5.E-1,1.799305421545E1,2.749987938983E0));
#316=CARTESIAN_POINT('',(0.E0,0.E0,1.999987938983E0));
#317=DIRECTION('',(0.E0,0.E0,1.E0));
#318=DIRECTION('',(4.772231750060E-1,8.787821352515E-1,0.E0));
#319=AXIS2_PLACEMENT_3D('',#316,#317,#318);
#321=CARTESIAN_POINT('',(0.E0,0.E0,1.999987938983E0));
#322=DIRECTION('',(0.E0,0.E0,1.E0));
#323=DIRECTION('',(8.462322229177E-1,5.328142498993E-1,0.E0));
#324=AXIS2_PLACEMENT_3D('',#321,#322,#323);
#326=CARTESIAN_POINT('',(0.E0,0.E0,1.999987938983E0));
#327=DIRECTION('',(0.E0,0.E0,1.E0));
#328=DIRECTION('',(9.987230628909E-1,5.051973525077E-2,0.E0));
#329=AXIS2_PLACEMENT_3D('',#326,#327,#328);
#331=CARTESIAN_POINT('',(0.E0,0.E0,1.999987938983E0));
#332=DIRECTION('',(0.E0,0.E0,1.E0));
#333=DIRECTION('',(8.956791667152E-1,-4.447008323721E-1,0.E0));
#334=AXIS2_PLACEMENT_3D('',#331,#332,#333);
#336=CARTESIAN_POINT('',(0.E0,0.E0,1.999987938983E0));
#337=DIRECTION('',(0.E0,0.E0,1.E0));
#338=DIRECTION('',(5.634654956089E-1,-8.261395979241E-1,0.E0));
#339=AXIS2_PLACEMENT_3D('',#336,#337,#338);
#341=CARTESIAN_POINT('',(0.E0,0.E0,1.999987938983E0));
#342=DIRECTION('',(0.E0,0.E0,1.E0));
#343=DIRECTION('',(8.708272287737E-2,-9.962010838060E-1,0.E0));
#344=AXIS2_PLACEMENT_3D('',#341,#342,#343);
#346=DIRECTION('',(0.E0,0.E0,1.E0));
#347=VECTOR('',#346,5.373620778504E0);
#348=CARTESIAN_POINT('',(5.E-1,-1.799305421545E1,2.678682791007E0));
#349=LINE('',#348,#347);
#350=CARTESIAN_POINT('',(0.E0,0.E0,9.000008040665E0));
#351=DIRECTION('',(0.E0,0.E0,1.E0));
#352=DIRECTION('',(1.009131161188E-1,-9.948952422216E-1,0.E0));
#353=AXIS2_PLACEMENT_3D('',#350,#351,#352);
#355=CARTESIAN_POINT('',(0.E0,0.E0,9.000008040665E0));
#356=DIRECTION('',(0.E0,0.E0,1.E0));
#357=DIRECTION('',(5.748875006243E-1,-8.182324618505E-1,0.E0));
#358=AXIS2_PLACEMENT_3D('',#355,#356,#357);
#360=CARTESIAN_POINT('',(0.E0,0.E0,9.000008040665E0));
#361=DIRECTION('',(0.E0,0.E0,1.E0));
#362=DIRECTION('',(9.017703326806E-1,-4.322155331510E-1,0.E0));
#363=AXIS2_PLACEMENT_3D('',#360,#361,#362);
#365=CARTESIAN_POINT('',(0.E0,0.E0,9.000008040665E0));
#366=DIRECTION('',(0.E0,0.E0,1.E0));
#367=DIRECTION('',(9.979248952191E-1,6.438869079273E-2,0.E0));
#368=AXIS2_PLACEMENT_3D('',#365,#366,#367);
#370=CARTESIAN_POINT('',(0.E0,0.E0,9.000008040665E0));
#371=DIRECTION('',(0.E0,0.E0,1.E0));
#372=DIRECTION('',(8.387489419506E-1,5.445183306160E-1,0.E0));
#373=AXIS2_PLACEMENT_3D('',#370,#371,#372);
#375=CARTESIAN_POINT('',(1.405124549640E1,1.125E1,6.E0));
#376=CARTESIAN_POINT('',(1.405124549640E1,1.125E1,6.161365021692E0));
#377=CARTESIAN_POINT('',(1.402925993946E1,1.127755008124E1,6.486737209664E0));
#378=CARTESIAN_POINT('',(1.391555829562E1,1.141830376341E1,6.998175404186E0));
#379=CARTESIAN_POINT('',(1.370973083662E1,1.166582063135E1,7.487182203299E0));
#380=CARTESIAN_POINT('',(1.342456681788E1,1.199411559288E1,7.905435694353E0));
#381=CARTESIAN_POINT('',(1.305911949185E1,1.239272921441E1,8.252812006202E0));
#382=CARTESIAN_POINT('',(1.259400955490E1,1.286712773722E1,8.526025878492E0));
#383=CARTESIAN_POINT('',(1.203100811083E1,1.339714330470E1,8.702985094877E0));
#384=CARTESIAN_POINT('',(1.136656902354E1,1.396698771977E1,8.769573705927E0));
#385=CARTESIAN_POINT('',(1.065429849536E1,1.451653730807E1,8.717275024033E0));
#386=CARTESIAN_POINT('',(1.022023864459E1,1.481931168965E1,8.629489823279E0));
#387=CARTESIAN_POINT('',(1.000787582745E1,1.496136429014E1,8.576485727039E0));
#389=CARTESIAN_POINT('',(6.590713163232E0,1.675E1,6.E0));
#390=CARTESIAN_POINT('',(6.590713163232E0,1.675E1,5.894276013348E0));
#391=CARTESIAN_POINT('',(6.621037345952E0,1.673811840018E1,5.690368696375E0));
#392=CARTESIAN_POINT('',(6.746391461906E0,1.668817441715E1,5.397878252490E0));
#393=CARTESIAN_POINT('',(6.918151769054E0,1.661784607E1,5.145863529758E0));
#394=CARTESIAN_POINT('',(7.114788834413E0,1.653469643569E1,4.925500065446E0));
#395=CARTESIAN_POINT('',(7.326713987610E0,1.644199006463E1,4.729372548810E0));
#396=CARTESIAN_POINT('',(7.564563126563E0,1.633411897070E1,4.540265150284E0));
#397=CARTESIAN_POINT('',(7.836498586946E0,1.620566802288E1,4.352055953673E0));
#398=CARTESIAN_POINT('',(8.140118538963E0,1.605552238977E1,4.167950277583E0));
#399=CARTESIAN_POINT('',(8.462800632421E0,1.588798643594E1,3.995594257285E0));
#400=CARTESIAN_POINT('',(8.808213206051E0,1.569944304019E1,3.832861148202E0));
#401=CARTESIAN_POINT('',(9.189791134657E0,1.547967959790E1,3.676274406291E0));
#402=CARTESIAN_POINT('',(9.617205813434E0,1.521858634363E1,3.527842693760E0));
#403=CARTESIAN_POINT('',(1.009954217664E1,1.490382592386E1,3.394338744741E0));
#404=CARTESIAN_POINT('',(1.062700648426E1,1.453333900008E1,3.292147026295E0));
#405=CARTESIAN_POINT('',(1.118703519972E1,1.410780409386E1,3.239571399926E0));
#406=CARTESIAN_POINT('',(1.177268832455E1,1.362367177934E1,3.260055895055E0));
#407=CARTESIAN_POINT('',(1.235282717641E1,1.310011663861E1,3.380927517209E0));
#408=CARTESIAN_POINT('',(1.289836494369E1,1.256214319402E1,3.629648383571E0));
#409=CARTESIAN_POINT('',(1.334384725867E1,1.208495794391E1,3.998436457307E0));
#410=CARTESIAN_POINT('',(1.365661122755E1,1.172816146176E1,4.419340111787E0));
#411=CARTESIAN_POINT('',(1.387871108719E1,1.146331208436E1,4.893232781480E0));
#412=CARTESIAN_POINT('',(1.401570018206E1,1.129454476286E1,5.411271410751E0));
#413=CARTESIAN_POINT('',(1.405124549640E1,1.125E1,5.797539533129E0));
#414=CARTESIAN_POINT('',(1.405124549640E1,1.125E1,6.E0));
#416=CARTESIAN_POINT('',(8.782562724414E0,1.571198879810E1,8.152113927088E0));
#417=CARTESIAN_POINT('',(8.624295533995E0,1.580045573535E1,8.081739211481E0));
#418=CARTESIAN_POINT('',(8.320829295974E0,1.596380550707E1,7.933982835321E0));
#419=CARTESIAN_POINT('',(7.908467857494E0,1.617158498195E1,7.696857785930E0));
#420=CARTESIAN_POINT('',(7.533473596958E0,1.634920146745E1,7.440622239802E0));
#421=CARTESIAN_POINT('',(7.209900649436E0,1.649400103681E1,7.171941361097E0));
#422=CARTESIAN_POINT('',(6.941026541197E0,1.660855254795E1,6.888225967687E0));
#423=CARTESIAN_POINT('',(6.738543037752E0,1.669138114581E1,6.592892450366E0));
#424=CARTESIAN_POINT('',(6.614132564613E0,1.674082725933E1,6.284193012434E0));
#425=CARTESIAN_POINT('',(6.590713163232E0,1.675E1,6.093555554676E0));
#426=CARTESIAN_POINT('',(6.590713163232E0,1.675E1,6.E0));
#428=CARTESIAN_POINT('',(1.816436089455E0,-1.790811435067E1,9.000008040642E0));
#429=CARTESIAN_POINT('',(1.816436829387E0,-1.790811427562E1,8.907547020436E0));
#430=CARTESIAN_POINT('',(1.791943127298E0,-1.791062420611E1,8.730087660455E0));
#431=CARTESIAN_POINT('',(1.684312691526E0,-1.792120344363E1,8.477610964997E0));
#432=CARTESIAN_POINT('',(1.513578955791E0,-1.793661637294E1,8.264835845776E0));
#433=CARTESIAN_POINT('',(1.292039323127E0,-1.795410877897E1,8.105391419436E0));
#434=CARTESIAN_POINT('',(1.036373219653E0,-1.797081209876E1,8.011201498360E0));
#435=CARTESIAN_POINT('',(7.630957744757E-1,-1.798449688489E1,7.989540612637E0));
#436=CARTESIAN_POINT('',(5.874412972850E-1,-1.799062435289E1,8.022866870124E0));
#437=CARTESIAN_POINT('',(5.E-1,-1.799305421545E1,8.052303569511E0));
#439=CARTESIAN_POINT('',(5.E-1,-1.799305421545E1,1.594769643049E1));
#440=CARTESIAN_POINT('',(5.874412975172E-1,-1.799062435289E1,1.597713312995E1));
#441=CARTESIAN_POINT('',(7.630957748740E-1,-1.798449688486E1,1.601045938727E1));
#442=CARTESIAN_POINT('',(1.036373217856E0,-1.797081209886E1,1.598879850184E1));
#443=CARTESIAN_POINT('',(1.292039319669E0,-1.795410877918E1,1.589460858213E1));
#444=CARTESIAN_POINT('',(1.513578951149E0,-1.793661637346E1,1.573516415854E1));
#445=CARTESIAN_POINT('',(1.684312686973E0,-1.792120344358E1,1.552238904141E1));
#446=CARTESIAN_POINT('',(1.791943123448E0,-1.791062420828E1,1.526991235413E1));
#447=CARTESIAN_POINT('',(1.816436829106E0,-1.790811427182E1,1.509245298576E1));
#448=CARTESIAN_POINT('',(1.816436089176E0,-1.790811434687E1,1.499999195937E1));
#450=CARTESIAN_POINT('',(5.E-1,-1.4E1,-6.E0));
#451=DIRECTION('',(-1.E0,0.E0,0.E0));
#452=DIRECTION('',(0.E0,0.E0,1.E0));
#453=AXIS2_PLACEMENT_3D('',#450,#451,#452);
#455=CARTESIAN_POINT('',(5.E-1,-1.4E1,-6.E0));
#456=DIRECTION('',(-1.E0,0.E0,0.E0));
#457=DIRECTION('',(0.E0,0.E0,-1.E0));
#458=AXIS2_PLACEMENT_3D('',#455,#456,#457);
#460=CARTESIAN_POINT('',(5.E-1,-1.4E1,6.E0));
#461=DIRECTION('',(-1.E0,0.E0,0.E0));
#462=DIRECTION('',(0.E0,0.E0,1.E0));
#463=AXIS2_PLACEMENT_3D('',#460,#461,#462);
#465=CARTESIAN_POINT('',(5.E-1,-1.4E1,6.E0));
#466=DIRECTION('',(-1.E0,0.E0,0.E0));
#467=DIRECTION('',(0.E0,0.E0,-1.E0));
#468=AXIS2_PLACEMENT_3D('',#465,#466,#467);
#470=CARTESIAN_POINT('',(5.E-1,-1.799305421545E1,-1.402800241619E1));
#471=CARTESIAN_POINT('',(5.E-1,-1.784779769813E1,-1.403384416191E1));
#472=CARTESIAN_POINT('',(5.E-1,-1.756339695577E1,-1.401396235497E1));
#473=CARTESIAN_POINT('',(5.E-1,-1.714663531190E1,-1.389220006558E1));
#474=CARTESIAN_POINT('',(5.E-1,-1.676568608681E1,-1.368254375823E1));
#475=CARTESIAN_POINT('',(5.E-1,-1.644030269407E1,-1.339891464268E1));
#476=CARTESIAN_POINT('',(5.E-1,-1.617894194926E1,-1.304708307092E1));
#477=CARTESIAN_POINT('',(5.E-1,-1.599856113737E1,-1.264823020845E1));
#478=CARTESIAN_POINT('',(5.E-1,-1.590601651587E1,-1.220749204887E1));
#479=CARTESIAN_POINT('',(5.E-1,-1.591153709787E1,-1.176116074005E1));
#480=CARTESIAN_POINT('',(5.E-1,-1.601556648647E1,-1.132231346553E1));
#481=CARTESIAN_POINT('',(5.E-1,-1.620361845892E1,-1.093312119314E1));
#482=CARTESIAN_POINT('',(5.E-1,-1.646580527706E1,-1.059509877787E1));
#483=CARTESIAN_POINT('',(5.E-1,-1.678758958748E1,-1.032309406442E1));
#484=CARTESIAN_POINT('',(5.E-1,-1.716317182093E1,-1.012160442334E1));
#485=CARTESIAN_POINT('',(5.E-1,-1.757266626608E1,-1.000497594162E1));
#486=CARTESIAN_POINT('',(5.E-1,-1.785108061557E1,-9.986244436822E0));
#487=CARTESIAN_POINT('',(5.E-1,-1.799305421545E1,-9.991954154254E0));
#489=DIRECTION('',(0.E0,0.E0,1.E0));
#490=VECTOR('',#489,4.E1);
#491=CARTESIAN_POINT('',(5.E-1,-1.023779761472E1,-2.E1));
#492=LINE('',#491,#490);
#493=CARTESIAN_POINT('',(5.E-1,-1.799305421545E1,8.052303569511E0));
#494=CARTESIAN_POINT('',(5.E-1,-1.772965973022E1,8.046586530336E0));
#495=CARTESIAN_POINT('',(5.E-1,-1.721368602517E1,8.087909464020E0));
#496=CARTESIAN_POINT('',(5.E-1,-1.645811465803E1,8.304489790690E0));
#497=CARTESIAN_POINT('',(5.E-1,-1.576351907284E1,8.666498846245E0));
#498=CARTESIAN_POINT('',(5.E-1,-1.515250045815E1,9.159910990474E0));
#499=CARTESIAN_POINT('',(5.E-1,-1.464927041272E1,9.766782257352E0));
#500=CARTESIAN_POINT('',(5.E-1,-1.427420617265E1,1.046427834869E1));
#501=CARTESIAN_POINT('',(5.E-1,-1.404348821459E1,1.122546114508E1));
#502=CARTESIAN_POINT('',(5.E-1,-1.396783028938E1,1.202039941285E1));
#503=CARTESIAN_POINT('',(5.E-1,-1.405167949253E1,1.281566252820E1));
#504=CARTESIAN_POINT('',(5.E-1,-1.429087375684E1,1.357474145632E1));
#505=CARTESIAN_POINT('',(5.E-1,-1.466986614858E1,1.426256312383E1));
#506=CARTESIAN_POINT('',(5.E-1,-1.517282895428E1,1.485926973264E1));
#507=CARTESIAN_POINT('',(5.E-1,-1.578050240252E1,1.534401891257E1));
#508=CARTESIAN_POINT('',(5.E-1,-1.647126383757E1,1.570030701578E1));
#509=CARTESIAN_POINT('',(5.E-1,-1.722099867299E1,1.591294246945E1));
#510=CARTESIAN_POINT('',(5.E-1,-1.773226094985E1,1.595335700958E1));
#511=CARTESIAN_POINT('',(5.E-1,-1.799305421545E1,1.594769643049E1));
#513=DIRECTION('',(1.E0,0.E0,0.E0));
#514=VECTOR('',#513,5.E0);
#515=CARTESIAN_POINT('',(5.E-1,-1.4E1,-4.E0));
#516=LINE('',#515,#514);
#517=DIRECTION('',(1.E0,0.E0,0.E0));
#518=VECTOR('',#517,5.E0);
#519=CARTESIAN_POINT('',(5.E-1,-1.4E1,-8.E0));
#520=LINE('',#519,#518);
#521=CARTESIAN_POINT('',(5.5E0,-1.4E1,-6.E0));
#522=DIRECTION('',(-1.E0,0.E0,0.E0));
#523=DIRECTION('',(0.E0,0.E0,1.E0));
#524=AXIS2_PLACEMENT_3D('',#521,#522,#523);
#526=CARTESIAN_POINT('',(5.5E0,-1.4E1,-6.E0));
#527=DIRECTION('',(-1.E0,0.E0,0.E0));
#528=DIRECTION('',(0.E0,0.E0,-1.E0));
#529=AXIS2_PLACEMENT_3D('',#526,#527,#528);
#531=CARTESIAN_POINT('',(5.5E0,-1.4E1,6.E0));
#532=DIRECTION('',(-1.E0,0.E0,0.E0));
#533=DIRECTION('',(0.E0,0.E0,1.E0));
#534=AXIS2_PLACEMENT_3D('',#531,#532,#533);
#536=CARTESIAN_POINT('',(5.5E0,-1.4E1,6.E0));
#537=DIRECTION('',(-1.E0,0.E0,0.E0));
#538=DIRECTION('',(0.E0,0.E0,-1.E0));
#539=AXIS2_PLACEMENT_3D('',#536,#537,#538);
#541=DIRECTION('',(1.E0,0.E0,0.E0));
#542=VECTOR('',#541,5.E0);
#543=CARTESIAN_POINT('',(5.E-1,-1.4E1,8.E0));
#544=LINE('',#543,#542);
#545=DIRECTION('',(1.E0,0.E0,0.E0));
#546=VECTOR('',#545,5.E0);
#547=CARTESIAN_POINT('',(5.E-1,-1.4E1,4.E0));
#548=LINE('',#547,#546);
#549=CARTESIAN_POINT('',(1.417998651739E0,-1.794405973640E1,-1.050001608139E1));
#550=CARTESIAN_POINT('',(1.408384828961E0,-1.781314438999E1,-1.049940824536E1));
#551=CARTESIAN_POINT('',(1.389141505435E0,-1.755109928757E1,-1.053286260209E1));
#552=CARTESIAN_POINT('',(1.362222157122E0,-1.718453541031E1,-1.068361662205E1));
#553=CARTESIAN_POINT('',(1.339087130427E0,-1.686955302394E1,-1.092460633027E1));
#554=CARTESIAN_POINT('',(1.321318977683E0,-1.662775650757E1,-1.123931087558E1));
#555=CARTESIAN_POINT('',(1.310130861942E0,-1.647571575639E1,-1.160615779012E1));
#556=CARTESIAN_POINT('',(1.306286250514E0,-1.642385309420E1,-1.199999912321E1));
#557=CARTESIAN_POINT('',(1.310047029551E0,-1.647572206199E1,-1.239384060602E1));
#558=CARTESIAN_POINT('',(1.321156333858E0,-1.662776834250E1,-1.276068788558E1));
#559=CARTESIAN_POINT('',(1.338855847830E0,-1.686957180465E1,-1.307539282705E1));
#560=CARTESIAN_POINT('',(1.361936366962E0,-1.718455239834E1,-1.331638295576E1));
#561=CARTESIAN_POINT('',(1.388822056934E0,-1.755114180099E1,-1.346713706637E1));
#562=CARTESIAN_POINT('',(1.408052142273E0,-1.781313094640E1,-1.350059193810E1));
#563=CARTESIAN_POINT('',(1.417668194299E0,-1.794408584718E1,-1.349998391861E1));
#565=CARTESIAN_POINT('',(1.417668194299E0,-1.794408584718E1,-1.349998391861E1));
#566=CARTESIAN_POINT('',(1.419780218826E0,-1.794391898719E1,-1.356369258391E1));
#567=CARTESIAN_POINT('',(1.404588890460E0,-1.794513420371E1,-1.368514714186E1));
#568=CARTESIAN_POINT('',(1.326453560755E0,-1.795115595404E1,-1.385694551891E1));
#569=CARTESIAN_POINT('',(1.200142620924E0,-1.796014526607E1,-1.399536920788E1));
#570=CARTESIAN_POINT('',(1.037548968680E0,-1.797035693654E1,-1.408897594584E1));
#571=CARTESIAN_POINT('',(8.545279826989E-1,-1.798003721496E1,
-1.412868281182E1));
#572=CARTESIAN_POINT('',(6.667245263546E-1,-1.798794973366E1,
-1.410993184951E1));
#573=CARTESIAN_POINT('',(5.540373912488E-1,-1.799155259736E1,
-1.406193463979E1));
#574=CARTESIAN_POINT('',(5.E-1,-1.799305421545E1,-1.402800241619E1));
#576=CARTESIAN_POINT('',(5.E-1,-1.799305421545E1,-9.991954154254E0));
#577=CARTESIAN_POINT('',(5.531140822414E-1,-1.799157825473E1,
-9.958601713039E0));
#578=CARTESIAN_POINT('',(6.639021536130E-1,-1.798804334781E1,
-9.911074246334E0));
#579=CARTESIAN_POINT('',(8.483678501319E-1,-1.798031851618E1,
-9.891255801463E0));
#580=CARTESIAN_POINT('',(1.029103528110E0,-1.797083716140E1,-9.928104869021E0));
#581=CARTESIAN_POINT('',(1.190688387052E0,-1.796077433818E1,-1.001750811342E1));
#582=CARTESIAN_POINT('',(1.317973060354E0,-1.795178506047E1,-1.015104837357E1));
#583=CARTESIAN_POINT('',(1.399342932297E0,-1.794554863565E1,-1.031806502509E1));
#584=CARTESIAN_POINT('',(1.417997116412E0,-1.794405985773E1,-1.043725247767E1));
#585=CARTESIAN_POINT('',(1.417998651739E0,-1.794405973640E1,-1.050001608139E1));
#587=CARTESIAN_POINT('',(1.099675920139E0,1.796637728844E1,-1.349998391861E1));
#588=CARTESIAN_POINT('',(1.099772643775E0,1.783576501184E1,-1.350058757114E1));
#589=CARTESIAN_POINT('',(1.099934711182E0,1.757351930665E1,-1.346818324655E1));
#590=CARTESIAN_POINT('',(1.100026413151E0,1.719750701098E1,-1.331332581652E1));
#591=CARTESIAN_POINT('',(1.099957581262E0,1.688702089671E1,-1.307445663437E1));
#592=CARTESIAN_POINT('',(1.099776944019E0,1.664491712553E1,-1.276349629512E1));
#593=CARTESIAN_POINT('',(1.099550989081E0,1.648893062207E1,-1.238726925381E1));
#594=CARTESIAN_POINT('',(1.099384678859E0,1.643988011476E1,-1.199812532866E1));
#595=CARTESIAN_POINT('',(1.099326839331E0,1.648978167048E1,-1.160989904332E1));
#596=CARTESIAN_POINT('',(1.099402501293E0,1.664622859004E1,-1.123425518602E1));
#597=CARTESIAN_POINT('',(1.099576223327E0,1.688906808671E1,-1.092362590058E1));
#598=CARTESIAN_POINT('',(1.099780761503E0,1.719863384048E1,-1.068617948730E1));
#599=CARTESIAN_POINT('',(1.099953775781E0,1.757393282883E1,-1.053175524652E1));
#600=CARTESIAN_POINT('',(1.099998808915E0,1.783584124932E1,-1.049941284588E1));
#601=CARTESIAN_POINT('',(1.099999953592E0,1.796635745225E1,-1.050001608139E1));
#603=CARTESIAN_POINT('',(9.751423346049E0,1.512976347225E1,-1.349998391861E1));
#604=CARTESIAN_POINT('',(9.687588339607E0,1.501581318437E1,-1.350058757114E1));
#605=CARTESIAN_POINT('',(9.559391227450E0,1.478703745010E1,-1.346818324655E1));
#606=CARTESIAN_POINT('',(9.375457378772E0,1.445908380365E1,-1.331332581652E1));
#607=CARTESIAN_POINT('',(9.223450896762E0,1.418835208900E1,-1.307445663437E1));
#608=CARTESIAN_POINT('',(9.104812031458E0,1.397730923012E1,-1.276349629512E1));
#609=CARTESIAN_POINT('',(9.028277925596E0,1.384138877191E1,-1.238726925381E1));
#610=CARTESIAN_POINT('',(9.004128434032E0,1.379869472099E1,-1.199812532866E1));
#611=CARTESIAN_POINT('',(9.028498939641E0,1.384224064003E1,-1.160989904332E1));
#612=CARTESIAN_POINT('',(9.105127299178E0,1.397863616371E1,-1.123425518602E1));
#613=CARTESIAN_POINT('',(9.224120185087E0,1.419032401037E1,-1.092362590058E1));
#614=CARTESIAN_POINT('',(9.375794604102E0,1.446018669464E1,-1.068617948730E1));
#615=CARTESIAN_POINT('',(9.559610223596E0,1.478738874020E1,-1.053175524652E1));
#616=CARTESIAN_POINT('',(9.687822880561E0,1.501576898748E1,-1.049941284588E1));
#617=CARTESIAN_POINT('',(9.751696218184E0,1.512958759743E1,-1.050001608139E1));
#619=CARTESIAN_POINT('',(1.590815740499E1,8.422026358181E0,-1.349998391861E1));
#620=CARTESIAN_POINT('',(1.579672358611E1,8.353893545498E0,-1.350058757114E1));
#621=CARTESIAN_POINT('',(1.557296799405E1,8.217122674423E0,-1.346818324655E1));
#622=CARTESIAN_POINT('',(1.525207017690E1,8.021138374395E0,-1.331332581652E1));
#623=CARTESIAN_POINT('',(1.498701864444E1,7.859430869823E0,-1.307445663437E1));
#624=CARTESIAN_POINT('',(1.478027666379E1,7.733446656199E0,-1.276349629512E1));
#625=CARTESIAN_POINT('',(1.464701653470E1,7.652369049475E0,-1.238726925381E1));
#626=CARTESIAN_POINT('',(1.460506278584E1,7.626955216940E0,-1.199812532866E1));
#627=CARTESIAN_POINT('',(1.464762616356E1,7.653003777090E0,-1.160989904332E1));
#628=CARTESIAN_POINT('',(1.478120097710E1,7.734449547726E0,-1.123425518602E1));
#629=CARTESIAN_POINT('',(1.498856733394E1,7.860822983900E0,-1.092362590058E1));
#630=CARTESIAN_POINT('',(1.525290399624E1,8.021935139580E0,-1.068617948730E1));
#631=CARTESIAN_POINT('',(1.557333088907E1,8.217321850854E0,-1.053175524652E1));
#632=CARTESIAN_POINT('',(1.579690649289E1,8.353740222523E0,-1.049941284588E1));
#633=CARTESIAN_POINT('',(1.590830929835E1,8.421739444323E0,-1.050001608139E1));
#635=CARTESIAN_POINT('',(1.799460716177E1,-4.405826750796E-1,
-1.349998391861E1));
#636=CARTESIAN_POINT('',(1.786408614950E1,-4.454654519725E-1,
-1.350058757114E1));
#637=CARTESIAN_POINT('',(1.760202250891E1,-4.552370657648E-1,
-1.346818324655E1));
#638=CARTESIAN_POINT('',(1.722626610573E1,-4.691071911791E-1,
-1.331332581652E1));
#639=CARTESIAN_POINT('',(1.691598599361E1,-4.804157682466E-1,
-1.307445663437E1));
#640=CARTESIAN_POINT('',(1.667403820162E1,-4.891068323880E-1,
-1.276349629512E1));
#641=CARTESIAN_POINT('',(1.651814817983E1,-4.945969531983E-1,
-1.238726925381E1));
#642=CARTESIAN_POINT('',(1.646912452092E1,-4.962281471733E-1,
-1.199812532866E1));
#643=CARTESIAN_POINT('',(1.651899044299E1,-4.943417684183E-1,
-1.160989904332E1));
#644=CARTESIAN_POINT('',(1.667533506437E1,-4.886845842170E-1,
-1.123425518602E1));
#645=CARTESIAN_POINT('',(1.691801783434E1,-4.799596498005E-1,
-1.092362590058E1));
#646=CARTESIAN_POINT('',(1.722738317686E1,-4.688204132998E-1,
-1.068617948730E1));
#647=CARTESIAN_POINT('',(1.760243645196E1,-4.552409645743E-1,
-1.053175524652E1));
#648=CARTESIAN_POINT('',(1.786417062330E1,-4.456886715950E-1,
-1.049941284588E1));
#649=CARTESIAN_POINT('',(1.799459921269E1,-4.409072177815E-1,
-1.050001608139E1));
#651=CARTESIAN_POINT('',(1.547693054554E1,-9.190463583987E0,-1.349998391861E1));
#652=CARTESIAN_POINT('',(1.536071763600E1,-9.130847010688E0,-1.350058757114E1));
#653=CARTESIAN_POINT('',(1.512739793131E1,-9.011119187874E0,-1.346818324655E1));
#654=CARTESIAN_POINT('',(1.479292452219E1,-8.839326308204E0,-1.331332581652E1));
#655=CARTESIAN_POINT('',(1.451680455140E1,-8.697342528783E0,-1.307445663437E1));
#656=CARTESIAN_POINT('',(1.430155606219E1,-8.586516735123E0,-1.276349629512E1));
#657=CARTESIAN_POINT('',(1.416292239553E1,-8.515014659721E0,-1.238726925381E1));
#658=CARTESIAN_POINT('',(1.411937209126E1,-8.492445855472E0,-1.199812532866E1));
#659=CARTESIAN_POINT('',(1.416378179030E1,-8.515204309725E0,-1.160989904332E1));
#660=CARTESIAN_POINT('',(1.430289365719E1,-8.586783167340E0,-1.123425518602E1));
#661=CARTESIAN_POINT('',(1.451879967362E1,-8.697939109096E0,-1.092362590058E1));
#662=CARTESIAN_POINT('',(1.479403902966E1,-8.839622893035E0,-1.068617948730E1));
#663=CARTESIAN_POINT('',(1.512775701031E1,-9.011325164369E0,-1.053175524652E1));
#664=CARTESIAN_POINT('',(1.536068206325E1,-9.131083013661E0,-1.049941284588E1));
#665=CARTESIAN_POINT('',(1.547676478789E1,-9.190742717564E0,-1.050001608139E1));
#667=CARTESIAN_POINT('',(8.999303958890E0,-1.558885910692E1,-1.349998391861E1));
#668=CARTESIAN_POINT('',(8.927133556228E0,-1.547999676663E1,-1.350058757114E1));
#669=CARTESIAN_POINT('',(8.782255306584E0,-1.526140324217E1,-1.346818324655E1));
#670=CARTESIAN_POINT('',(8.574643744695E0,-1.494790253359E1,-1.331332581652E1));
#671=CARTESIAN_POINT('',(8.403332372741E0,-1.468895457409E1,-1.307445663437E1));
#672=CARTESIAN_POINT('',(8.269856977983E0,-1.448696797146E1,-1.276349629512E1));
#673=CARTESIAN_POINT('',(8.183950678131E0,-1.435676832491E1,-1.238726925381E1));
#674=CARTESIAN_POINT('',(8.157016572732E0,-1.431577400953E1,-1.199812532866E1));
#675=CARTESIAN_POINT('',(8.184607318521E0,-1.435735428557E1,-1.160989904332E1));
#676=CARTESIAN_POINT('',(8.270893066229E0,-1.448785491433E1,-1.123425518602E1));
#677=CARTESIAN_POINT('',(8.404780301592E0,-1.469045121126E1,-1.092362590058E1));
#678=CARTESIAN_POINT('',(8.575470529E0,-1.494870659651E1,-1.068617948730E1));
#679=CARTESIAN_POINT('',(8.782467647066E0,-1.526175859491E1,-1.053175524652E1));
#680=CARTESIAN_POINT('',(8.926987038608E0,-1.548018516889E1,-1.049941284588E1));
#681=CARTESIAN_POINT('',(8.999022803660E0,-1.558902141185E1,-1.050001608139E1));
#683=CARTESIAN_POINT('',(8.721541263775E0,1.574594290553E1,-1.050001608139E1));
#684=CARTESIAN_POINT('',(8.657301072657E0,1.563146822991E1,-1.049940824536E1));
#685=CARTESIAN_POINT('',(8.528715423464E0,1.540233143228E1,-1.053286260209E1));
#686=CARTESIAN_POINT('',(8.348842925028E0,1.508180122820E1,-1.068361662205E1));
#687=CARTESIAN_POINT('',(8.194284467020E0,1.480637280511E1,-1.092460633027E1));
#688=CARTESIAN_POINT('',(8.075644637375E0,1.459493521763E1,-1.123931087558E1));
#689=CARTESIAN_POINT('',(8.001057334613E0,1.446197545597E1,-1.160615779012E1));
#690=CARTESIAN_POINT('',(7.975638380154E0,1.441660593403E1,-1.199999912321E1));
#691=CARTESIAN_POINT('',(8.001130721552E0,1.446193444392E1,-1.239384060602E1));
#692=CARTESIAN_POINT('',(8.075786795888E0,1.459485531746E1,-1.276068788558E1));
#693=CARTESIAN_POINT('',(8.194487696067E0,1.480626081266E1,-1.307539282705E1));
#694=CARTESIAN_POINT('',(8.349090617709E0,1.508165765611E1,-1.331638295576E1));
#695=CARTESIAN_POINT('',(8.529005271772E0,1.540219056818E1,-1.346713706637E1));
#696=CARTESIAN_POINT('',(8.657571075350E0,1.563127339740E1,-1.350059193810E1));
#697=CARTESIAN_POINT('',(8.721831239050E0,1.574578228725E1,-1.349998391861E1));
#699=CARTESIAN_POINT('',(8.721831239050E0,1.574578228725E1,-1.349998391861E1));
#700=CARTESIAN_POINT('',(8.719904505923E0,1.574684953440E1,-1.356621749556E1));
#701=CARTESIAN_POINT('',(8.734412097320E0,1.573883341538E1,-1.369202094462E1));
#702=CARTESIAN_POINT('',(8.808186362548E0,1.569776683440E1,-1.386907508496E1));
#703=CARTESIAN_POINT('',(8.926276537566E0,1.563104991495E1,-1.400891509891E1));
#704=CARTESIAN_POINT('',(9.076030252761E0,1.554468261690E1,-1.409922339085E1));
#705=CARTESIAN_POINT('',(9.241669521646E0,1.544682211342E1,-1.413029609651E1));
#706=CARTESIAN_POINT('',(9.406302154450E0,1.534708392707E1,-1.409923515523E1));
#707=CARTESIAN_POINT('',(9.553390850540E0,1.525584742365E1,-1.400886042250E1));
#708=CARTESIAN_POINT('',(9.668171758290E0,1.518323073052E1,-1.386890960638E1));
#709=CARTESIAN_POINT('',(9.739311687506E0,1.513759034018E1,-1.369183111386E1));
#710=CARTESIAN_POINT('',(9.753254871941E0,1.512858301861E1,-1.356613759822E1));
#711=CARTESIAN_POINT('',(9.751423346049E0,1.512976347225E1,-1.349998391861E1));
#713=CARTESIAN_POINT('',(9.751696218184E0,1.512958759743E1,-1.050001608139E1));
#714=CARTESIAN_POINT('',(9.751674770447E0,1.512960142145E1,-1.043525017186E1));
#715=CARTESIAN_POINT('',(9.734925259878E0,1.514041687283E1,-1.031260902798E1));
#716=CARTESIAN_POINT('',(9.661874447596E0,1.518724113621E1,-1.014134222237E1));
#717=CARTESIAN_POINT('',(9.547632417363E0,1.525944563742E1,-1.000663391607E1));
#718=CARTESIAN_POINT('',(9.402927108958E0,1.534913776918E1,-9.919876821105E0));
#719=CARTESIAN_POINT('',(9.241656805189E0,1.544681248916E1,-9.890081244842E0));
#720=CARTESIAN_POINT('',(9.079418073990E0,1.554269006078E1,-9.919894691873E0));
#721=CARTESIAN_POINT('',(8.932154687383E0,1.562768556284E1,-1.000658800539E1));
#722=CARTESIAN_POINT('',(8.814674943249E0,1.569412649755E1,-1.014120500666E1));
#723=CARTESIAN_POINT('',(8.738970172506E0,1.573630804376E1,-1.031242762659E1));
#724=CARTESIAN_POINT('',(8.721542655660E0,1.574594213458E1,-1.043517320219E1));
#725=CARTESIAN_POINT('',(8.721541263775E0,1.574594290553E1,-1.050001608139E1));
#727=CARTESIAN_POINT('',(1.531157628859E1,9.463383726690E0,-1.050001608139E1));
#728=CARTESIAN_POINT('',(1.519953249444E1,9.394991901836E0,-1.049940824536E1));
#729=CARTESIAN_POINT('',(1.497526137310E1,9.258096301699E0,-1.053286260209E1));
#730=CARTESIAN_POINT('',(1.466153823712E1,9.066598204126E0,-1.068361662205E1));
#731=CARTESIAN_POINT('',(1.439196271813E1,8.902043736715E0,-1.092460633027E1));
#732=CARTESIAN_POINT('',(1.418502672325E1,8.775715764339E0,-1.123931087558E1));
#733=CARTESIAN_POINT('',(1.405491325426E1,8.696267358819E0,-1.160615779012E1));
#734=CARTESIAN_POINT('',(1.401054311725E1,8.669141583087E0,-1.199999912321E1));
#735=CARTESIAN_POINT('',(1.405495718218E1,8.696195679197E0,-1.239384060602E1));
#736=CARTESIAN_POINT('',(1.418511159359E1,8.775576515979E0,-1.276068788558E1));
#737=CARTESIAN_POINT('',(1.439208514080E1,8.901846614811E0,-1.307539282705E1));
#738=CARTESIAN_POINT('',(1.466168398064E1,9.066351782869E0,-1.331638295576E1));
#739=CARTESIAN_POINT('',(1.497544520448E1,9.257831611772E0,-1.346713706637E1));
#740=CARTESIAN_POINT('',(1.519967260788E1,9.394689859809E0,-1.350059193810E1));
#741=CARTESIAN_POINT('',(1.531175056335E1,9.463101747612E0,-1.349998391861E1));
#743=CARTESIAN_POINT('',(1.531175056335E1,9.463101747612E0,-1.349998391861E1));
#744=CARTESIAN_POINT('',(1.531059261062E1,9.464975370434E0,-1.356621749556E1));
#745=CARTESIAN_POINT('',(1.531932128732E1,9.450884998714E0,-1.369202094462E1));
#746=CARTESIAN_POINT('',(1.536356029303E1,9.378968264517E0,-1.386907508496E1));
#747=CARTESIAN_POINT('',(1.543389301643E1,9.262995229743E0,-1.400891509891E1));
#748=CARTESIAN_POINT('',(1.552222198981E1,9.114390122666E0,-1.409922339085E1));
#749=CARTESIAN_POINT('',(1.561877969339E1,8.947988033085E0,-1.413029609651E1));
#750=CARTESIAN_POINT('',(1.571354063553E1,8.780441103998E0,-1.409923515523E1));
#751=CARTESIAN_POINT('',(1.579716262398E1,8.628893926125E0,-1.400886042250E1));
#752=CARTESIAN_POINT('',(1.586172219137E1,8.509395377332E0,-1.386890960638E1));
#753=CARTESIAN_POINT('',(1.590142553156E1,8.434779162363E0,-1.369183111386E1));
#754=CARTESIAN_POINT('',(1.590917692915E1,8.420100604204E0,-1.356613759822E1));
#755=CARTESIAN_POINT('',(1.590815740499E1,8.422026358181E0,-1.349998391861E1));
#757=CARTESIAN_POINT('',(1.590830929835E1,8.421739444323E0,-1.050001608139E1));
#758=CARTESIAN_POINT('',(1.590829735967E1,8.421761995977E0,-1.043525017186E1));
#759=CARTESIAN_POINT('',(1.589898351829E1,8.439390735338E0,-1.031260902798E1));
#760=CARTESIAN_POINT('',(1.585819312238E1,8.515974522250E0,-1.014134222237E1));
#761=CARTESIAN_POINT('',(1.579390177403E1,8.634849893938E0,-1.000663391607E1));
#762=CARTESIAN_POINT('',(1.571160247635E1,8.783883884631E0,-9.919876821105E0));
#763=CARTESIAN_POINT('',(1.561876389382E1,8.947985863271E0,-9.890081244842E0));
#764=CARTESIAN_POINT('',(1.552420128261E1,9.110994535441E0,-9.919894691873E0));
#765=CARTESIAN_POINT('',(1.543737271538E1,9.257184618275E0,-1.000658800539E1));
#766=CARTESIAN_POINT('',(1.536743726791E1,9.372618241076E0,-1.014120500666E1));
#767=CARTESIAN_POINT('',(1.532206037207E1,9.446452057708E0,-1.031242762659E1));
#768=CARTESIAN_POINT('',(1.531157712512E1,9.463382373202E0,-1.043517320219E1));
#769=CARTESIAN_POINT('',(1.531157628859E1,9.463383726690E0,-1.050001608139E1));
#771=CARTESIAN_POINT('',(1.798396912379E1,7.595094170289E-1,-1.050001608139E1));
#772=CARTESIAN_POINT('',(1.785278941482E1,7.546992747728E-1,-1.049940824536E1));
#773=CARTESIAN_POINT('',(1.759021515677E1,7.450711795838E-1,-1.053286260209E1));
#774=CARTESIAN_POINT('',(1.722291104134E1,7.316021704135E-1,-1.068361662205E1));
#775=CARTESIAN_POINT('',(1.690729244592E1,7.200248041602E-1,-1.092460633027E1));
#776=CARTESIAN_POINT('',(1.666500723058E1,7.111289057297E-1,-1.123931087558E1));
#777=CARTESIAN_POINT('',(1.651265861686E1,7.055196409952E-1,-1.160615779012E1));
#778=CARTESIAN_POINT('',(1.646068990513E1,7.035780519187E-1,-1.199999912321E1));
#779=CARTESIAN_POINT('',(1.651266184630E1,7.054356338458E-1,-1.239384060602E1));
#780=CARTESIAN_POINT('',(1.666501309769E1,7.109659374623E-1,-1.276068788558E1));
#781=CARTESIAN_POINT('',(1.690730273896E1,7.197929886996E-1,-1.307539282705E1));
#782=CARTESIAN_POINT('',(1.722291754555E1,7.313159496879E-1,-1.331638295576E1));
#783=CARTESIAN_POINT('',(1.759024593587E1,7.447503877777E-1,-1.346713706637E1));
#784=CARTESIAN_POINT('',(1.785276378938E1,7.543673041432E-1,-1.350059193810E1));
#785=CARTESIAN_POINT('',(1.798398310784E1,7.591782247305E-1,-1.349998391861E1));
#787=CARTESIAN_POINT('',(1.798398310784E1,7.591782247305E-1,-1.349998391861E1));
#788=CARTESIAN_POINT('',(1.798389021097E1,7.613788353690E-1,-1.356621749556E1));
#789=CARTESIAN_POINT('',(1.798460664105E1,7.448193939515E-1,-1.369202094462E1));
#790=CARTESIAN_POINT('',(1.798799133088E1,6.604532268055E-1,-1.386907508496E1));
#791=CARTESIAN_POINT('',(1.799257116970E1,5.248971061332E-1,-1.400891509891E1));
#792=CARTESIAN_POINT('',(1.799687542161E1,3.520765089709E-1,-1.409922339085E1));
#793=CARTESIAN_POINT('',(1.799964616535E1,1.597087140655E-1,-1.413029609651E1));
#794=CARTESIAN_POINT('',(1.800028974427E1,-3.277815667534E-2,
-1.409923515523E1));
#795=CARTESIAN_POINT('',(1.799904938144E1,-2.058609275497E-1,
-1.400886042250E1));
#796=CARTESIAN_POINT('',(1.799686930361E1,-3.416662594250E-1,
-1.386890960638E1));
#797=CARTESIAN_POINT('',(1.799497750038E1,-4.261668856904E-1,
-1.369183111386E1));
#798=CARTESIAN_POINT('',(1.799455382726E1,-4.427610031806E-1,
-1.356613759822E1));
#799=CARTESIAN_POINT('',(1.799460716177E1,-4.405826750796E-1,
-1.349998391861E1));
#801=CARTESIAN_POINT('',(1.799459921269E1,-4.409072177815E-1,
-1.050001608139E1));
#802=CARTESIAN_POINT('',(1.799459983772E1,-4.408817085984E-1,
-1.043525017186E1));
#803=CARTESIAN_POINT('',(1.799510471853E1,-4.209501961583E-1,
-1.031260902798E1));
#804=CARTESIAN_POINT('',(1.799701142905E1,-3.342017248702E-1,
-1.014134222237E1));
#805=CARTESIAN_POINT('',(1.799912044052E1,-1.990711082872E-1,
-1.000663391607E1));
#806=CARTESIAN_POINT('',(1.800028437163E1,-2.882731238222E-2,
-9.919876821105E0));
#807=CARTESIAN_POINT('',(1.799963132515E1,1.597145538724E-1,-9.890081244842E0));
#808=CARTESIAN_POINT('',(1.799693976124E1,3.481466905295E-1,-9.919894691873E0));
#809=CARTESIAN_POINT('',(1.799276209695E1,5.181269468145E-1,-1.000658800539E1));
#810=CARTESIAN_POINT('',(1.798826473150E1,6.530182430124E-1,-1.014120500666E1));
#811=CARTESIAN_POINT('',(1.798482590916E1,7.396131023014E-1,-1.031242762659E1));
#812=CARTESIAN_POINT('',(1.798396919093E1,7.595078273107E-1,-1.043517320219E1));
#813=CARTESIAN_POINT('',(1.798396912379E1,7.595094170289E-1,-1.050001608139E1));
#815=CARTESIAN_POINT('',(1.605495744986E1,-8.138694077262E0,-1.050001608139E1));
#816=CARTESIAN_POINT('',(1.593820565729E1,-8.078691806924E0,-1.049940824536E1));
#817=CARTESIAN_POINT('',(1.570451089428E1,-7.958588938720E0,-1.053286260209E1));
#818=CARTESIAN_POINT('',(1.537760476485E1,-7.790582659202E0,-1.068361662205E1));
#819=CARTESIAN_POINT('',(1.509669772609E1,-7.646220722521E0,-1.092460633027E1));
#820=CARTESIAN_POINT('',(1.488105473804E1,-7.535408429489E0,-1.123931087558E1));
#821=CARTESIAN_POINT('',(1.474545111759E1,-7.465743358800E0,-1.160615779012E1));
#822=CARTESIAN_POINT('',(1.469918062134E1,-7.442003983415E0,-1.199999912321E1));
#823=CARTESIAN_POINT('',(1.474541282226E1,-7.465818199285E0,-1.239384060602E1));
#824=CARTESIAN_POINT('',(1.488098010076E1,-7.535553420366E0,-1.276068788558E1));
#825=CARTESIAN_POINT('',(1.509659325592E1,-7.646427918897E0,-1.307539282705E1));
#826=CARTESIAN_POINT('',(1.537747036556E1,-7.790835446545E0,-1.331638295576E1));
#827=CARTESIAN_POINT('',(1.570438074590E1,-7.958883754146E0,-1.346713706637E1));
#828=CARTESIAN_POINT('',(1.593802084953E1,-8.078968767668E0,-1.350059193810E1));
#829=CARTESIAN_POINT('',(1.605480756522E1,-8.138989743438E0,-1.349998391861E1));
#831=CARTESIAN_POINT('',(1.605480756522E1,-8.138989743438E0,-1.349998391861E1));
#832=CARTESIAN_POINT('',(1.605580349295E1,-8.137025196423E0,-1.356621749556E1));
#833=CARTESIAN_POINT('',(1.604832436956E1,-8.151816784761E0,-1.369202094462E1));
#834=CARTESIAN_POINT('',(1.600998873183E1,-8.227046334565E0,-1.386907508496E1));
#835=CARTESIAN_POINT('',(1.594764388186E1,-8.347501954848E0,-1.400891509891E1));
#836=CARTESIAN_POINT('',(1.586682212014E1,-8.500319912629E0,-1.409922339085E1));
#837=CARTESIAN_POINT('',(1.577509697750E1,-8.669433908933E0,-1.413029609651E1));
#838=CARTESIAN_POINT('',(1.568145852618E1,-8.837610750485E0,-1.409923515523E1));
#839=CARTESIAN_POINT('',(1.559567317309E1,-8.987943904746E0,-1.400886042250E1));
#840=CARTESIAN_POINT('',(1.552731124794E1,-9.105308669874E0,-1.386890960638E1));
#841=CARTESIAN_POINT('',(1.548430834082E1,-9.178073254240E0,-1.369183111386E1));
#842=CARTESIAN_POINT('',(1.547581799860E1,-9.192337136014E0,-1.356613759822E1));
#843=CARTESIAN_POINT('',(1.547693054554E1,-9.190463583987E0,-1.349998391861E1));
#845=CARTESIAN_POINT('',(1.547676478789E1,-9.190742717564E0,-1.050001608139E1));
#846=CARTESIAN_POINT('',(1.547677781670E1,-9.190720777669E0,-1.043525017186E1));
#847=CARTESIAN_POINT('',(1.548697224017E1,-9.173586197926E0,-1.031260902798E1));
#848=CARTESIAN_POINT('',(1.553108820339E1,-9.098868632356E0,-1.014134222237E1));
#849=CARTESIAN_POINT('',(1.559905795994E1,-8.982057487071E0,-1.000663391607E1));
#850=CARTESIAN_POINT('',(1.568338731473E1,-8.834162711302E0,-9.919876821105E0));
#851=CARTESIAN_POINT('',(1.577508689373E1,-8.669421553686E0,-9.890081244842E0));
#852=CARTESIAN_POINT('',(1.586495504457E1,-8.503778473222E0,-9.919894691873E0));
#853=CARTESIAN_POINT('',(1.594449718648E1,-8.353499439203E0,-1.000658800539E1));
#854=CARTESIAN_POINT('',(1.600658860551E1,-8.233663952938E0,-1.014120500666E1));
#855=CARTESIAN_POINT('',(1.604596771877E1,-8.156464337698E0,-1.031242762659E1));
#856=CARTESIAN_POINT('',(1.605495673043E1,-8.138695496463E0,-1.043517320219E1));
#857=CARTESIAN_POINT('',(1.605495744986E1,-8.138694077262E0,-1.050001608139E1));
#859=CARTESIAN_POINT('',(1.001810100066E1,-1.495451946204E1,-1.050001608139E1));
#860=CARTESIAN_POINT('',(9.945649408028E0,-1.484505704731E1,-1.049940824536E1));
#861=CARTESIAN_POINT('',(9.800627622186E0,-1.462595291034E1,-1.053286260209E1));
#862=CARTESIAN_POINT('',(9.597762156717E0,-1.431945767328E1,-1.068361662205E1));
#863=CARTESIAN_POINT('',(9.423439958318E0,-1.405609308885E1,-1.092460633027E1));
#864=CARTESIAN_POINT('',(9.289613926277E0,-1.385392519890E1,-1.123931087558E1));
#865=CARTESIAN_POINT('',(9.205451038743E0,-1.372681039914E1,-1.160615779012E1));
#866=CARTESIAN_POINT('',(9.176717594475E0,-1.368346405043E1,-1.199999912321E1));
#867=CARTESIAN_POINT('',(9.205381016943E0,-1.372685692417E1,-1.239384060602E1));
#868=CARTESIAN_POINT('',(9.289477881401E0,-1.385401511481E1,-1.276068788558E1));
#869=CARTESIAN_POINT('',(9.423247454822E0,-1.405622265257E1,-1.307539282705E1));
#870=CARTESIAN_POINT('',(9.597521241541E0,-1.431961234870E1,-1.331638295576E1));
#871=CARTESIAN_POINT('',(9.800369846289E0,-1.462614631748E1,-1.346713706637E1));
#872=CARTESIAN_POINT('',(9.945352703130E0,-1.484520813459E1,-1.350059193810E1));
#873=CARTESIAN_POINT('',(1.001782559704E1,-1.495470395252E1,-1.349998391861E1));
#875=CARTESIAN_POINT('',(1.001782559704E1,-1.495470395252E1,-1.349998391861E1));
#876=CARTESIAN_POINT('',(1.001965552984E1,-1.495347812098E1,-1.356621749556E1));
#877=CARTESIAN_POINT('',(1.000589447239E1,-1.496271725892E1,-1.369202094462E1));
#878=CARTESIAN_POINT('',(9.935647119154E0,-1.500956184930E1,-1.386907508496E1));
#879=CARTESIAN_POINT('',(9.822329224421E0,-1.508409701891E1,-1.400891509891E1));
#880=CARTESIAN_POINT('',(9.677060622629E0,-1.517781211226E1,-1.409922339085E1));
#881=CARTESIAN_POINT('',(9.514308522090E0,-1.528040255679E1,-1.413029609651E1));
#882=CARTESIAN_POINT('',(9.350346510923E0,-1.538123939775E1,-1.409923515523E1));
#883=CARTESIAN_POINT('',(9.201965332864E0,-1.547035847579E1,-1.400886042250E1));
#884=CARTESIAN_POINT('',(9.084912742021E0,-1.553925355459E1,-1.386890960638E1));
#885=CARTESIAN_POINT('',(9.011801517399E0,-1.558166444462E1,-1.369183111386E1));
#886=CARTESIAN_POINT('',(8.997416857407E0,-1.558994851313E1,-1.356613759822E1));
#887=CARTESIAN_POINT('',(8.999303958890E0,-1.558885910692E1,-1.349998391861E1));
#889=CARTESIAN_POINT('',(8.999022803660E0,-1.558902141185E1,-1.050001608139E1));
#890=CARTESIAN_POINT('',(8.999044902691E0,-1.558900865482E1,-1.043525017186E1));
#891=CARTESIAN_POINT('',(9.016320508790E0,-1.557905508628E1,-1.031260902798E1));
#892=CARTESIAN_POINT('',(9.091358150169E0,-1.553548577148E1,-1.014134222237E1));
#893=CARTESIAN_POINT('',(9.207797810977E0,-1.546688156710E1,-1.000663391607E1));
#894=CARTESIAN_POINT('',(9.353715958023E0,-1.537917638400E1,-9.919876821105E0));
#895=CARTESIAN_POINT('',(9.514305774778E0,-1.528038684733E1,-9.890081244842E0));
#896=CARTESIAN_POINT('',(9.673739844530E0,-1.517991450266E1,-9.919894691873E0));
#897=CARTESIAN_POINT('',(9.816650024470E0,-1.508778730323E1,-1.000658800539E1));
#898=CARTESIAN_POINT('',(9.929443427166E0,-1.501366890879E1,-1.014120500666E1));
#899=CARTESIAN_POINT('',(1.000156487880E1,-1.496561694349E1,-1.031242762659E1));
#900=CARTESIAN_POINT('',(1.001809967874E1,-1.495452034760E1,-1.043517320219E1));
#901=CARTESIAN_POINT('',(1.001810100066E1,-1.495451946204E1,-1.050001608139E1));
#903=DIRECTION('',(0.E0,0.E0,1.E0));
#904=VECTOR('',#903,4.E1);
#905=CARTESIAN_POINT('',(5.E-1,1.023779761472E1,-2.E1));
#906=LINE('',#905,#904);
#907=CARTESIAN_POINT('',(0.E0,0.E0,-1.05E1));
#908=DIRECTION('',(0.E0,0.E0,1.E0));
#909=DIRECTION('',(9.807789884333E-1,-1.951219512195E-1,0.E0));
#910=AXIS2_PLACEMENT_3D('',#907,#908,#909);
#912=DIRECTION('',(0.E0,0.E0,1.E0));
#913=VECTOR('',#912,2.1E1);
#914=CARTESIAN_POINT('',(1.005298463144E1,-2.E0,-1.05E1));
#915=LINE('',#914,#913);
#916=CARTESIAN_POINT('',(0.E0,0.E0,1.05E1));
#917=DIRECTION('',(0.E0,0.E0,1.E0));
#918=DIRECTION('',(9.807789884333E-1,-1.951219512195E-1,0.E0));
#919=AXIS2_PLACEMENT_3D('',#916,#917,#918);
#921=DIRECTION('',(0.E0,0.E0,1.E0));
#922=VECTOR('',#921,2.1E1);
#923=CARTESIAN_POINT('',(1.005298463144E1,2.E0,-1.05E1));
#924=LINE('',#923,#922);
#925=DIRECTION('',(0.E0,-1.E0,0.E0));
#926=VECTOR('',#925,7.755256600725E0);
#927=CARTESIAN_POINT('',(5.E-1,1.799305421545E1,2.E1));
#928=LINE('',#927,#926);
#929=CARTESIAN_POINT('',(0.E0,0.E0,2.E1));
#930=DIRECTION('',(0.E0,0.E0,1.E0));
#931=DIRECTION('',(2.777777777778E-2,-9.996141230804E-1,0.E0));
#932=AXIS2_PLACEMENT_3D('',#929,#930,#931);
#934=DIRECTION('',(0.E0,-1.E0,0.E0));
#935=VECTOR('',#934,7.755256600725E0);
#936=CARTESIAN_POINT('',(5.E-1,-1.023779761472E1,2.E1));
#937=LINE('',#936,#935);
#938=CARTESIAN_POINT('',(0.E0,0.E0,2.E1));
#939=DIRECTION('',(0.E0,0.E0,-1.E0));
#940=DIRECTION('',(4.878048780488E-2,9.988095233875E-1,0.E0));
#941=AXIS2_PLACEMENT_3D('',#938,#939,#940);
#943=DIRECTION('',(-1.E0,0.E0,0.E0));
#944=VECTOR('',#943,1.947015368558E0);
#945=CARTESIAN_POINT('',(1.2E1,2.E0,-1.05E1));
#946=LINE('',#945,#944);
#947=DIRECTION('',(0.E0,1.E0,0.E0));
#948=VECTOR('',#947,4.E0);
#949=CARTESIAN_POINT('',(1.2E1,-2.E0,-1.05E1));
#950=LINE('',#949,#948);
#951=DIRECTION('',(1.E0,0.E0,0.E0));
#952=VECTOR('',#951,1.947015368558E0);
#953=CARTESIAN_POINT('',(1.005298463144E1,-2.E0,-1.05E1));
#954=LINE('',#953,#952);
#955=DIRECTION('',(0.E0,0.E0,1.E0));
#956=VECTOR('',#955,2.1E1);
#957=CARTESIAN_POINT('',(1.2E1,2.E0,-1.05E1));
#958=LINE('',#957,#956);
#959=DIRECTION('',(1.E0,0.E0,0.E0));
#960=VECTOR('',#959,1.947015368558E0);
#961=CARTESIAN_POINT('',(1.005298463144E1,-2.E0,1.05E1));
#962=LINE('',#961,#960);
#963=DIRECTION('',(0.E0,1.E0,0.E0));
#964=VECTOR('',#963,4.E0);
#965=CARTESIAN_POINT('',(1.2E1,-2.E0,1.05E1));
#966=LINE('',#965,#964);
#967=DIRECTION('',(-1.E0,0.E0,0.E0));
#968=VECTOR('',#967,1.947015368558E0);
#969=CARTESIAN_POINT('',(1.2E1,2.E0,1.05E1));
#970=LINE('',#969,#968);
#971=DIRECTION('',(0.E0,0.E0,1.E0));
#972=VECTOR('',#971,2.1E1);
#973=CARTESIAN_POINT('',(1.2E1,-2.E0,-1.05E1));
#974=LINE('',#973,#972);
#975=CARTESIAN_POINT('',(1.567489011793E0,-1.793161950851E1,1.999987938983E0));
#976=CARTESIAN_POINT('',(1.555664494975E0,-1.777060024529E1,2.000548596632E0));
#977=CARTESIAN_POINT('',(1.532004891137E0,-1.744841887362E1,1.962387944719E0));
#978=CARTESIAN_POINT('',(1.498549083644E0,-1.699284259385E1,1.790572311324E0));
#979=CARTESIAN_POINT('',(1.469090249927E0,-1.659169744759E1,1.514228439160E0));
#980=CARTESIAN_POINT('',(1.445347410188E0,-1.626839040366E1,1.149537579846E0));
#981=CARTESIAN_POINT('',(1.428701649259E0,-1.604172606463E1,7.176914326672E-1));
#982=CARTESIAN_POINT('',(1.420129523231E0,-1.592500047060E1,2.439645853656E-1));
#983=CARTESIAN_POINT('',(1.420129522577E0,-1.592500046169E1,
-2.439655455145E-1));
#984=CARTESIAN_POINT('',(1.428701713500E0,-1.604172693939E1,
-7.176936184727E-1));
#985=CARTESIAN_POINT('',(1.445347427998E0,-1.626839064618E1,-1.149537720084E0));
#986=CARTESIAN_POINT('',(1.469090290773E0,-1.659169800379E1,-1.514229169815E0));
#987=CARTESIAN_POINT('',(1.498549277077E0,-1.699284522786E1,-1.790573762405E0));
#988=CARTESIAN_POINT('',(1.532005048054E0,-1.744842101041E1,-1.962388330002E0));
#989=CARTESIAN_POINT('',(1.555664560731E0,-1.777060114072E1,-2.000548593514E0));
#990=CARTESIAN_POINT('',(1.567489011793E0,-1.793161950851E1,-1.999987938983E0));
#992=CARTESIAN_POINT('',(1.567489011793E0,-1.793161950851E1,-1.999987938983E0));
#993=CARTESIAN_POINT('',(1.567488347278E0,-1.793161956660E1,-2.073715473554E0));
#994=CARTESIAN_POINT('',(1.546800403206E0,-1.793344611191E1,-2.214517905537E0));
#995=CARTESIAN_POINT('',(1.456180310967E0,-1.794112810745E1,-2.413457704512E0));
#996=CARTESIAN_POINT('',(1.313370213978E0,-1.795227440444E1,-2.577094107223E0));
#997=CARTESIAN_POINT('',(1.129918015452E0,-1.796486605977E1,-2.693744052866E0));
#998=CARTESIAN_POINT('',(9.212418049901E-1,-1.797684909449E1,
-2.753593668204E0));
#999=CARTESIAN_POINT('',(7.028444895113E-1,-1.798669481054E1,
-2.751148164866E0));
#1000=CARTESIAN_POINT('',(5.666875020790E-1,-1.799120106975E1,
-2.710031173758E0));
#1001=CARTESIAN_POINT('',(5.E-1,-1.799305421545E1,-2.678682791007E0));
#1003=CARTESIAN_POINT('',(5.E-1,-1.799305421545E1,-2.678682791007E0));
#1004=CARTESIAN_POINT('',(5.E-1,-1.778864093346E1,-2.684831307429E0));
#1005=CARTESIAN_POINT('',(5.E-1,-1.738989056226E1,-2.650468159944E0));
#1006=CARTESIAN_POINT('',(5.E-1,-1.680813121482E1,-2.462322092091E0));
#1007=CARTESIAN_POINT('',(5.E-1,-1.628486453192E1,-2.146160815828E0));
#1008=CARTESIAN_POINT('',(5.E-1,-1.584443274961E1,-1.717633766888E0));
#1009=CARTESIAN_POINT('',(5.E-1,-1.551141238059E1,-1.198446765735E0));
#1010=CARTESIAN_POINT('',(5.E-1,-1.530386018597E1,-6.155946829191E-1));
#1011=CARTESIAN_POINT('',(5.E-1,-1.523338577034E1,-1.268850785552E-7));
#1012=CARTESIAN_POINT('',(5.E-1,-1.530385995844E1,6.155934142882E-1));
#1013=CARTESIAN_POINT('',(5.E-1,-1.551141179799E1,1.198445659314E0));
#1014=CARTESIAN_POINT('',(5.E-1,-1.584443209939E1,1.717632921325E0));
#1015=CARTESIAN_POINT('',(5.E-1,-1.628486214409E1,2.146158477034E0));
#1016=CARTESIAN_POINT('',(5.E-1,-1.680812372988E1,2.462318631719E0));
#1017=CARTESIAN_POINT('',(5.E-1,-1.738988659279E1,2.650467751579E0));
#1018=CARTESIAN_POINT('',(5.E-1,-1.778863929703E1,2.684831356650E0));
#1019=CARTESIAN_POINT('',(5.E-1,-1.799305421545E1,2.678682791007E0));
#1021=CARTESIAN_POINT('',(5.E-1,-1.799305421545E1,2.678682791007E0));
#1022=CARTESIAN_POINT('',(5.666875020790E-1,-1.799120106975E1,
2.710031173758E0));
#1023=CARTESIAN_POINT('',(7.028444895113E-1,-1.798669481054E1,
2.751148164866E0));
#1024=CARTESIAN_POINT('',(9.212418049901E-1,-1.797684909449E1,
2.753593668204E0));
#1025=CARTESIAN_POINT('',(1.129918015452E0,-1.796486605977E1,2.693744052866E0));
#1026=CARTESIAN_POINT('',(1.313370213978E0,-1.795227440444E1,2.577094107223E0));
#1027=CARTESIAN_POINT('',(1.456180310967E0,-1.794112810745E1,2.413457704512E0));
#1028=CARTESIAN_POINT('',(1.546800403206E0,-1.793344611191E1,2.214517905537E0));
#1029=CARTESIAN_POINT('',(1.567488347278E0,-1.793161956660E1,2.073715473554E0));
#1030=CARTESIAN_POINT('',(1.567489011793E0,-1.793161950851E1,1.999987938983E0));
#1032=CARTESIAN_POINT('',(8.590017150109E0,1.581807843453E1,1.999987938983E0));
#1033=CARTESIAN_POINT('',(8.511004960318E0,1.567728036568E1,2.000548596632E0));
#1034=CARTESIAN_POINT('',(8.352910553514E0,1.539555927730E1,1.962387944719E0));
#1035=CARTESIAN_POINT('',(8.129359478610E0,1.499719517920E1,1.790572311324E0));
#1036=CARTESIAN_POINT('',(7.932517939682E0,1.464642650927E1,1.514228439160E0));
#1037=CARTESIAN_POINT('',(7.773871641958E0,1.436372079777E1,1.149537579846E0));
#1038=CARTESIAN_POINT('',(7.662647874031E0,1.416552120798E1,7.176914326672E-1));
#1039=CARTESIAN_POINT('',(7.605370875915E0,1.406345411665E1,2.439645853656E-1));
#1040=CARTESIAN_POINT('',(7.605370871541E0,1.406345410886E1,
-2.439655455145E-1));
#1041=CARTESIAN_POINT('',(7.662648303273E0,1.416552197289E1,
-7.176936184727E-1));
#1042=CARTESIAN_POINT('',(7.773871760961E0,1.436372100983E1,-1.149537720084E0));
#1043=CARTESIAN_POINT('',(7.932518212606E0,1.464642699562E1,-1.514229169815E0));
#1044=CARTESIAN_POINT('',(8.129360771113E0,1.499719748242E1,-1.790573762405E0));
#1045=CARTESIAN_POINT('',(8.352911602036E0,1.539556114575E1,-1.962388330002E0));
#1046=CARTESIAN_POINT('',(8.511005399706E0,1.567728114866E1,-2.000548593514E0));
#1047=CARTESIAN_POINT('',(8.590017150109E0,1.581807843453E1,-1.999987938983E0));
#1049=CARTESIAN_POINT('',(8.590017150109E0,1.581807843453E1,-1.999987938983E0));
#1050=CARTESIAN_POINT('',(8.590017794281E0,1.581807808471E1,-2.081008008126E0));
#1051=CARTESIAN_POINT('',(8.611882305083E0,1.580623389384E1,-2.234399687540E0));
#1052=CARTESIAN_POINT('',(8.706930422350E0,1.575423034641E1,-2.448499222539E0));
#1053=CARTESIAN_POINT('',(8.854338388036E0,1.567204877921E1,-2.616816370603E0));
#1054=CARTESIAN_POINT('',(9.038864167047E0,1.556650857856E1,-2.725164080279E0));
#1055=CARTESIAN_POINT('',(9.241732685969E0,1.544698925560E1,-2.762393737177E0));
#1056=CARTESIAN_POINT('',(9.443099382240E0,1.532465891836E1,-2.725188597381E0));
#1057=CARTESIAN_POINT('',(9.623618871830E0,1.521178574777E1,-2.616749805085E0));
#1058=CARTESIAN_POINT('',(9.765982640175E0,1.512058249758E1,-2.448266383921E0));
#1059=CARTESIAN_POINT('',(9.856866308095E0,1.506133250381E1,-2.234124280617E0));
#1060=CARTESIAN_POINT('',(9.877674316215E0,1.504764267598E1,-2.080891045804E0));
#1061=CARTESIAN_POINT('',(9.877704431943E0,1.504762290713E1,-1.999987938983E0));
#1063=CARTESIAN_POINT('',(9.877704431943E0,1.504762290713E1,-1.999987938983E0));
#1064=CARTESIAN_POINT('',(9.798378806683E0,1.490626950094E1,-2.000549506703E0));
#1065=CARTESIAN_POINT('',(9.639647975913E0,1.462352427083E1,-1.962272857335E0));
#1066=CARTESIAN_POINT('',(9.415082735090E0,1.422383779041E1,-1.789988106084E0));
#1067=CARTESIAN_POINT('',(9.217390716400E0,1.387228367751E1,-1.513122259268E0));
#1068=CARTESIAN_POINT('',(9.058142704792E0,1.358932612803E1,-1.148175769188E0));
#1069=CARTESIAN_POINT('',(8.946575509154E0,1.339122499254E1,
-7.165600432971E-1));
#1070=CARTESIAN_POINT('',(8.889154270104E0,1.328931302808E1,
-2.435235354359E-1));
#1071=CARTESIAN_POINT('',(8.889154281822E0,1.328931304894E1,2.435225703102E-1));
#1072=CARTESIAN_POINT('',(8.946575041213E0,1.339122416185E1,7.165576325219E-1));
#1073=CARTESIAN_POINT('',(9.058142541818E0,1.358932583839E1,1.148175547388E0));
#1074=CARTESIAN_POINT('',(9.217390535095E0,1.387228335553E1,1.513121730158E0));
#1075=CARTESIAN_POINT('',(9.415081548816E0,1.422383568032E1,1.789986714207E0));
#1076=CARTESIAN_POINT('',(9.639646657026E0,1.462352192216E1,1.962272310720E0));
#1077=CARTESIAN_POINT('',(9.798378244617E0,1.490626849938E1,2.000549510682E0));
#1078=CARTESIAN_POINT('',(9.877704431943E0,1.504762290713E1,1.999987938983E0));
#1080=CARTESIAN_POINT('',(9.877704431943E0,1.504762290713E1,1.999987938983E0));
#1081=CARTESIAN_POINT('',(9.877674316576E0,1.504764267575E1,2.080890077003E0));
#1082=CARTESIAN_POINT('',(9.856866702612E0,1.506133224174E1,2.234122154303E0));
#1083=CARTESIAN_POINT('',(9.765984320687E0,1.512058141422E1,2.448264043233E0));
#1084=CARTESIAN_POINT('',(9.623617942277E0,1.521178635216E1,2.616751173186E0));
#1085=CARTESIAN_POINT('',(9.443097069241E0,1.532466033414E1,2.725189201E0));
#1086=CARTESIAN_POINT('',(9.241733380551E0,1.544698883125E1,2.762393570667E0));
#1087=CARTESIAN_POINT('',(9.038864038980E0,1.556650865840E1,2.725164142721E0));
#1088=CARTESIAN_POINT('',(8.854338461883E0,1.567204873540E1,2.616816383550E0));
#1089=CARTESIAN_POINT('',(8.706930422647E0,1.575423034702E1,2.448499248161E0));
#1090=CARTESIAN_POINT('',(8.611882311112E0,1.580623389033E1,2.234399699599E0));
#1091=CARTESIAN_POINT('',(8.590017794281E0,1.581807808471E1,2.081008012920E0));
#1092=CARTESIAN_POINT('',(8.590017150109E0,1.581807843453E1,1.999987938983E0));
#1094=CARTESIAN_POINT('',(5.E-1,1.799305421545E1,0.E0));
#1095=DIRECTION('',(1.E0,0.E0,0.E0));
#1096=DIRECTION('',(0.E0,0.E0,1.E0));
#1097=AXIS2_PLACEMENT_3D('',#1094,#1095,#1096);
#1099=CARTESIAN_POINT('',(1.249999925981E0,1.795654477301E1,-1.999987938983E0));
#1100=CARTESIAN_POINT('',(1.249998362157E0,1.779445424194E1,-2.000549506703E0));
#1101=CARTESIAN_POINT('',(1.249944635988E0,1.747020073171E1,-1.962272857335E0));
#1102=CARTESIAN_POINT('',(1.249707739528E0,1.701174814539E1,-1.789988106084E0));
#1103=CARTESIAN_POINT('',(1.249351018320E0,1.660842160113E1,-1.513122259268E0));
#1104=CARTESIAN_POINT('',(1.248950180003E0,1.628372983448E1,-1.148175769188E0));
#1105=CARTESIAN_POINT('',(1.248603076256E0,1.605637289365E1,
-7.165600432971E-1));
#1106=CARTESIAN_POINT('',(1.248401705128E0,1.593939765419E1,
-2.435235354359E-1));
#1107=CARTESIAN_POINT('',(1.248401705139E0,1.593939767812E1,2.435225703102E-1));
#1108=CARTESIAN_POINT('',(1.248603074705E0,1.605637194022E1,7.165576325219E-1));
#1109=CARTESIAN_POINT('',(1.248950179626E0,1.628372950213E1,1.148175547388E0));
#1110=CARTESIAN_POINT('',(1.249351017780E0,1.660842123162E1,1.513121730158E0));
#1111=CARTESIAN_POINT('',(1.249707737658E0,1.701174572470E1,1.789986714207E0));
#1112=CARTESIAN_POINT('',(1.249944635224E0,1.747019803806E1,1.962272310720E0));
#1113=CARTESIAN_POINT('',(1.249998362146E0,1.779445309344E1,2.000549510682E0));
#1114=CARTESIAN_POINT('',(1.249999925981E0,1.795654477301E1,1.999987938983E0));
#1116=CARTESIAN_POINT('',(1.523218001252E1,9.590656498187E0,1.999987938983E0));
#1117=CARTESIAN_POINT('',(1.509437180552E1,9.506538007889E0,2.000548596632E0));
#1118=CARTESIAN_POINT('',(1.481863317426E1,9.338226331725E0,1.962387944719E0));
#1119=CARTESIAN_POINT('',(1.442872875200E1,9.100227215658E0,1.790572311324E0));
#1120=CARTESIAN_POINT('',(1.408540926268E1,8.890663431806E0,1.514228439160E0));
#1121=CARTESIAN_POINT('',(1.380870748703E1,8.721763181810E0,1.149537579846E0));
#1122=CARTESIAN_POINT('',(1.361471725547E1,8.603350369984E0,7.176914326672E-1));
#1123=CARTESIAN_POINT('',(1.351481790200E1,8.542371153677E0,2.439645853656E-1));
#1124=CARTESIAN_POINT('',(1.351481789437E1,8.542371149020E0,
-2.439655455145E-1));
#1125=CARTESIAN_POINT('',(1.361471800413E1,8.603350826971E0,
-7.176936184727E-1));
#1126=CARTESIAN_POINT('',(1.380870769459E1,8.721763308504E0,-1.149537720084E0));
#1127=CARTESIAN_POINT('',(1.408540973870E1,8.890663722371E0,-1.514229169815E0));
#1128=CARTESIAN_POINT('',(1.442873100631E1,9.100228591698E0,-1.790573762405E0));
#1129=CARTESIAN_POINT('',(1.481863500303E1,9.338227448012E0,-1.962388330002E0));
#1130=CARTESIAN_POINT('',(1.509437257188E1,9.506538475674E0,-2.000548593514E0));
#1131=CARTESIAN_POINT('',(1.523218001252E1,9.590656498187E0,-1.999987938983E0));
#1133=CARTESIAN_POINT('',(1.523218001252E1,9.590656498187E0,-1.999987938983E0));
#1134=CARTESIAN_POINT('',(1.523218040309E1,9.590655877875E0,-2.081008008126E0));
#1135=CARTESIAN_POINT('',(1.524545143195E1,9.569626815060E0,-2.234399687540E0));
#1136=CARTESIAN_POINT('',(1.530289035088E1,9.477761238625E0,-2.448499222539E0));
#1137=CARTESIAN_POINT('',(1.539122209142E1,9.333954347460E0,-2.616816370603E0));
#1138=CARTESIAN_POINT('',(1.550049183111E1,9.151612303320E0,-2.725164080279E0));
#1139=CARTESIAN_POINT('',(1.561891657351E1,8.948102881128E0,-2.762393737177E0));
#1140=CARTESIAN_POINT('',(1.573465596146E1,8.742877025419E0,-2.725188597381E0));
#1141=CARTESIAN_POINT('',(1.583684331244E1,8.556100731259E0,-2.616749805085E0));
#1142=CARTESIAN_POINT('',(1.591636111014E1,8.406894849230E0,-2.448266383921E0));
#1143=CARTESIAN_POINT('',(1.596662205708E1,8.310747878037E0,-2.234124280617E0));
#1144=CARTESIAN_POINT('',(1.597806852008E1,8.288626325817E0,-2.080891045804E0));
#1145=CARTESIAN_POINT('',(1.597808510855E1,8.288594347899E0,-1.999987938983E0));
#1147=CARTESIAN_POINT('',(1.597808510855E1,8.288594347899E0,-1.999987938983E0));
#1148=CARTESIAN_POINT('',(1.583973179176E1,8.204144954788E0,-2.000549506703E0));
#1149=CARTESIAN_POINT('',(1.556293695773E1,8.035251610810E0,-1.962272857335E0));
#1150=CARTESIAN_POINT('',(1.517150096183E1,7.796595600762E0,-1.789988106084E0));
#1151=CARTESIAN_POINT('',(1.482705541323E1,7.586763066096E0,-1.513122259268E0));
#1152=CARTESIAN_POINT('',(1.454970565631E1,7.417937664155E0,-1.148175769188E0));
#1153=CARTESIAN_POINT('',(1.435546411380E1,7.299778778795E0,
-7.165600432971E-1));
#1154=CARTESIAN_POINT('',(1.425551488860E1,7.239005432840E0,
-2.435235354359E-1));
#1155=CARTESIAN_POINT('',(1.425551490903E1,7.239005445296E0,2.435225703102E-1));
#1156=CARTESIAN_POINT('',(1.435546329920E1,7.299778283377E0,7.165576325219E-1));
#1157=CARTESIAN_POINT('',(1.454970537243E1,7.417937491319E0,1.148175547388E0));
#1158=CARTESIAN_POINT('',(1.482705509755E1,7.586762874036E0,1.513121730158E0));
#1159=CARTESIAN_POINT('',(1.517149889467E1,7.796594341154E0,1.789986714207E0));
#1160=CARTESIAN_POINT('',(1.556293465817E1,8.035250208047E0,1.962272310720E0));
#1161=CARTESIAN_POINT('',(1.583973081145E1,8.204144356417E0,2.000549510682E0));
#1162=CARTESIAN_POINT('',(1.597808510855E1,8.288594347899E0,1.999987938983E0));
#1164=CARTESIAN_POINT('',(1.597808510855E1,8.288594347899E0,1.999987938983E0));
#1165=CARTESIAN_POINT('',(1.597806852028E1,8.288626325434E0,2.080890077003E0));
#1166=CARTESIAN_POINT('',(1.596662227287E1,8.310747456425E0,2.234122154303E0));
#1167=CARTESIAN_POINT('',(1.591636204549E1,8.406893082055E0,2.448264043233E0));
#1168=CARTESIAN_POINT('',(1.583684279758E1,8.556101713233E0,2.616751173186E0));
#1169=CARTESIAN_POINT('',(1.573465463722E1,8.742879392015E0,2.725189201E0));
#1170=CARTESIAN_POINT('',(1.561891697156E1,8.948102171151E0,2.762393570667E0));
#1171=CARTESIAN_POINT('',(1.550049175850E1,9.151612435616E0,2.725164142721E0));
#1172=CARTESIAN_POINT('',(1.539122213438E1,9.333954273114E0,2.616816383550E0));
#1173=CARTESIAN_POINT('',(1.530289035144E1,9.477761239016E0,2.448499248161E0));
#1174=CARTESIAN_POINT('',(1.524545143549E1,9.569626809047E0,2.234399699599E0));
#1175=CARTESIAN_POINT('',(1.523218040309E1,9.590655877875E0,2.081008012920E0));
#1176=CARTESIAN_POINT('',(1.523218001252E1,9.590656498187E0,1.999987938983E0));
#1178=CARTESIAN_POINT('',(1.797701513204E1,9.093552345139E-1,1.999987938983E0));
#1179=CARTESIAN_POINT('',(1.781567071621E1,9.034390020928E-1,2.000548596632E0));
#1180=CARTESIAN_POINT('',(1.749283874792E1,8.916012085258E-1,1.962387944719E0));
#1181=CARTESIAN_POINT('',(1.703634249115E1,8.748618746513E-1,1.790572311324E0));
#1182=CARTESIAN_POINT('',(1.663438727554E1,8.601222715587E-1,1.514228439160E0));
#1183=CARTESIAN_POINT('',(1.631042734093E1,8.482425467992E-1,1.149537579846E0));
#1184=CARTESIAN_POINT('',(1.608330526867E1,8.399137872807E-1,
7.176914326672E-1));
#1185=CARTESIAN_POINT('',(1.596634395379E1,8.356246770118E-1,
2.439645853656E-1));
#1186=CARTESIAN_POINT('',(1.596634394485E1,8.356246766843E-1,
-2.439655455145E-1));
#1187=CARTESIAN_POINT('',(1.608330614519E1,8.399138194238E-1,
-7.176936184727E-1));
#1188=CARTESIAN_POINT('',(1.631042758394E1,8.482425557103E-1,
-1.149537720084E0));
#1189=CARTESIAN_POINT('',(1.663438783286E1,8.601222919959E-1,
-1.514229169815E0));
#1190=CARTESIAN_POINT('',(1.703634513047E1,8.748619714340E-1,
-1.790573762405E0));
#1191=CARTESIAN_POINT('',(1.749284088903E1,8.916012870374E-1,
-1.962388330002E0));
#1192=CARTESIAN_POINT('',(1.781567161345E1,9.034390349932E-1,
-2.000548593514E0));
#1193=CARTESIAN_POINT('',(1.797701513204E1,9.093552345139E-1,
-1.999987938983E0));
#1195=CARTESIAN_POINT('',(1.797701513204E1,9.093552345139E-1,
-1.999987938983E0));
#1196=CARTESIAN_POINT('',(1.797701516907E1,9.093545024217E-1,
-2.081008008126E0));
#1197=CARTESIAN_POINT('',(1.797829717123E1,8.845210942712E-1,
-2.234399687540E0));
#1198=CARTESIAN_POINT('',(1.798343048645E1,7.762983488971E-1,
-2.448499222539E0));
#1199=CARTESIAN_POINT('',(1.799008531418E1,6.076607741928E-1,
-2.616816370603E0));
#1200=CARTESIAN_POINT('',(1.799614109995E1,3.951711873132E-1,
-2.725164080279E0));
#1201=CARTESIAN_POINT('',(1.799982173890E1,1.597418827898E-1,
-2.762393737177E0));
#1202=CARTESIAN_POINT('',(1.800032057032E1,-7.587010532187E-2,
-2.725188597381E0));
#1203=CARTESIAN_POINT('',(1.799802997838E1,-2.887606686409E-1,
-2.616749805085E0));
#1204=CARTESIAN_POINT('',(1.799435626600E1,-4.577931484188E-1,
-2.448266383921E0));
#1205=CARTESIAN_POINT('',(1.799113465294E1,-5.662367930739E-1,
-2.234124280617E0));
#1206=CARTESIAN_POINT('',(1.799029086213E1,-5.911300171491E-1,
-2.080891045804E0));
#1207=CARTESIAN_POINT('',(1.799028967900E1,-5.911660222158E-1,
-1.999987938983E0));
#1209=CARTESIAN_POINT('',(1.799028967900E1,-5.911660222158E-1,
-1.999987938983E0));
#1210=CARTESIAN_POINT('',(1.782830795164E1,-5.971040576460E-1,
-2.000549506703E0));
#1211=CARTESIAN_POINT('',(1.750427024335E1,-6.089322187363E-1,
-1.962272857335E0));
#1212=CARTESIAN_POINT('',(1.704611687588E1,-6.254948844062E-1,
-1.789988106084E0));
#1213=CARTESIAN_POINT('',(1.664304813665E1,-6.399177831756E-1,
-1.513122259268E0));
#1214=CARTESIAN_POINT('',(1.631855974680E1,-6.514151245806E-1,
-1.148175769188E0));
#1215=CARTESIAN_POINT('',(1.609134278114E1,-6.593994554635E-1,
-7.165600432971E-1));
#1216=CARTESIAN_POINT('',(1.597443872400E1,-6.634846261782E-1,
-2.435235354359E-1));
#1217=CARTESIAN_POINT('',(1.597443874791E1,-6.634846253124E-1,
2.435225703102E-1));
#1218=CARTESIAN_POINT('',(1.609134182830E1,-6.593994888503E-1,
7.165576325219E-1));
#1219=CARTESIAN_POINT('',(1.631855941466E1,-6.514151363832E-1,
1.148175547388E0));
#1220=CARTESIAN_POINT('',(1.664304776736E1,-6.399177961767E-1,
1.513121730158E0));
#1221=CARTESIAN_POINT('',(1.704611445675E1,-6.254949712409E-1,
1.789986714207E0));
#1222=CARTESIAN_POINT('',(1.750426755148E1,-6.089323166784E-1,
1.962272310720E0));
#1223=CARTESIAN_POINT('',(1.782830680391E1,-5.971040997203E-1,
2.000549510682E0));
#1224=CARTESIAN_POINT('',(1.799028967900E1,-5.911660222158E-1,
1.999987938983E0));
#1226=CARTESIAN_POINT('',(1.799028967900E1,-5.911660222158E-1,
1.999987938983E0));
#1227=CARTESIAN_POINT('',(1.799029086212E1,-5.911300175802E-1,
2.080890077003E0));
#1228=CARTESIAN_POINT('',(1.799113463479E1,-5.662372663546E-1,
2.234122154303E0));
#1229=CARTESIAN_POINT('',(1.799435621686E1,-4.577951472604E-1,
2.448264043233E0));
#1230=CARTESIAN_POINT('',(1.799803000995E1,-2.887595603290E-1,
2.616751173186E0));
#1231=CARTESIAN_POINT('',(1.800032057366E1,-7.586739342704E-2,2.725189201E0));
#1232=CARTESIAN_POINT('',(1.799982173858E1,1.597410688392E-1,2.762393570667E0));
#1233=CARTESIAN_POINT('',(1.799614110137E1,3.951713382198E-1,2.725164142721E0));
#1234=CARTESIAN_POINT('',(1.799008531526E1,6.076606883349E-1,2.616816383550E0));
#1235=CARTESIAN_POINT('',(1.798343048713E1,7.762983489639E-1,2.448499248161E0));
#1236=CARTESIAN_POINT('',(1.797829717138E1,8.845210872956E-1,2.234399699599E0));
#1237=CARTESIAN_POINT('',(1.797701516907E1,9.093545024217E-1,2.081008012920E0));
#1238=CARTESIAN_POINT('',(1.797701513204E1,9.093552345139E-1,1.999987938983E0));
#1240=CARTESIAN_POINT('',(1.612222500087E1,-8.004614982697E0,1.999987938983E0));
#1241=CARTESIAN_POINT('',(1.597862619322E1,-7.930815221405E0,2.000548596632E0));
#1242=CARTESIAN_POINT('',(1.569130114509E1,-7.783150297288E0,1.962387944719E0));
#1243=CARTESIAN_POINT('',(1.528501285032E1,-7.574346898646E0,1.790572311324E0));
#1244=CARTESIAN_POINT('',(1.492726675480E1,-7.390491024685E0,1.514228439160E0));
#1245=CARTESIAN_POINT('',(1.463893752149E1,-7.242310660544E0,1.149537579846E0));
#1246=CARTESIAN_POINT('',(1.443679539243E1,-7.138424359225E0,
7.176914326672E-1));
#1247=CARTESIAN_POINT('',(1.433269800836E1,-7.084925945461E0,
2.439645853656E-1));
#1248=CARTESIAN_POINT('',(1.433269800041E1,-7.084925941375E0,
-2.439655455145E-1));
#1249=CARTESIAN_POINT('',(1.443679617255E1,-7.138424760150E0,
-7.176936184727E-1));
#1250=CARTESIAN_POINT('',(1.463893773777E1,-7.242310771696E0,
-1.149537720084E0));
#1251=CARTESIAN_POINT('',(1.492726725082E1,-7.390491279604E0,
-1.514229169815E0));
#1252=CARTESIAN_POINT('',(1.528501519936E1,-7.574348105884E0,
-1.790573762405E0));
#1253=CARTESIAN_POINT('',(1.569130305070E1,-7.783151276639E0,
-1.962388330002E0));
#1254=CARTESIAN_POINT('',(1.597862699178E1,-7.930815631807E0,
-2.000548593514E0));
#1255=CARTESIAN_POINT('',(1.612222500087E1,-8.004614982697E0,
-1.999987938983E0));
#1257=CARTESIAN_POINT('',(1.612222500087E1,-8.004614982697E0,
-1.999987938983E0));
#1258=CARTESIAN_POINT('',(1.612222467489E1,-8.004615639255E0,
-2.081008008126E0));
#1259=CARTESIAN_POINT('',(1.611118963542E1,-8.026899480796E0,
-2.234399687540E0));
#1260=CARTESIAN_POINT('',(1.606270392942E1,-8.123789365999E0,
-2.448499222539E0));
#1261=CARTESIAN_POINT('',(1.598597913043E1,-8.274109768988E0,
-2.616816370603E0));
#1262=CARTESIAN_POINT('',(1.588727152013E1,-8.462379003707E0,
-2.725164080279E0));
#1263=CARTESIAN_POINT('',(1.577526632200E1,-8.669490906125E0,
-2.762393737177E0));
#1264=CARTESIAN_POINT('',(1.566039696514E1,-8.875205000514E0,
-2.725188597381E0));
#1265=CARTESIAN_POINT('',(1.555421450447E1,-9.059739343676E0,
-2.616749805085E0));
#1266=CARTESIAN_POINT('',(1.546828924341E1,-9.205349524962E0,
-2.448266383921E0));
#1267=CARTESIAN_POINT('',(1.541240935695E1,-9.298343294357E0,
-2.234124280617E0));
#1268=CARTESIAN_POINT('',(1.539949120589E1,-9.319638973753E0,
-2.080891045804E0));
#1269=CARTESIAN_POINT('',(1.539947255386E1,-9.319669793659E0,
-1.999987938983E0));
#1271=CARTESIAN_POINT('',(1.539947255386E1,-9.319669793659E0,
-1.999987938983E0));
#1272=CARTESIAN_POINT('',(1.525530729640E1,-9.245577157023E0,
-2.000549506703E0));
#1273=CARTESIAN_POINT('',(1.496693547342E1,-9.097313764718E0,
-1.962272857335E0));
#1274=CARTESIAN_POINT('',(1.455928852165E1,-8.887545338270E0,
-1.789988106084E0));
#1275=CARTESIAN_POINT('',(1.420072634593E1,-8.702868337277E0,
-1.513122259268E0));
#1276=CARTESIAN_POINT('',(1.391212339476E1,-8.554095891643E0,
-1.148175769188E0));
#1277=CARTESIAN_POINT('',(1.371006706940E1,-8.449862785531E0,
-7.165600432971E-1));
#1278=CARTESIAN_POINT('',(1.360611942249E1,-8.396214543283E0,
-2.435235354359E-1));
#1279=CARTESIAN_POINT('',(1.360611944376E1,-8.396214554228E0,
2.435225703102E-1));
#1280=CARTESIAN_POINT('',(1.371006622212E1,-8.449862348345E0,
7.165576325219E-1));
#1281=CARTESIAN_POINT('',(1.391212309933E1,-8.554095739393E0,1.148175547388E0));
#1282=CARTESIAN_POINT('',(1.420072601752E1,-8.702868167892E0,1.513121730158E0));
#1283=CARTESIAN_POINT('',(1.455928636951E1,-8.887544230114E0,1.789986714207E0));
#1284=CARTESIAN_POINT('',(1.496693307800E1,-9.097312532779E0,1.962272310720E0));
#1285=CARTESIAN_POINT('',(1.525530627491E1,-9.245576632036E0,2.000549510682E0));
#1286=CARTESIAN_POINT('',(1.539947255386E1,-9.319669793659E0,1.999987938983E0));
#1288=CARTESIAN_POINT('',(1.539947255386E1,-9.319669793659E0,1.999987938983E0));
#1289=CARTESIAN_POINT('',(1.539949120566E1,-9.319638974122E0,2.080890077003E0));
#1290=CARTESIAN_POINT('',(1.541240910951E1,-9.298343698213E0,2.234122154303E0));
#1291=CARTESIAN_POINT('',(1.546828822236E1,-9.205351244043E0,2.448264043233E0));
#1292=CARTESIAN_POINT('',(1.555421507439E1,-9.059738392601E0,2.616751173186E0));
#1293=CARTESIAN_POINT('',(1.566039829521E1,-8.875202637189E0,2.725189201E0));
#1294=CARTESIAN_POINT('',(1.577526592339E1,-8.669491615791E0,2.762393570667E0));
#1295=CARTESIAN_POINT('',(1.588727159522E1,-8.462378872801E0,2.725164142721E0));
#1296=CARTESIAN_POINT('',(1.598597908936E1,-8.274109844391E0,2.616816383550E0));
#1297=CARTESIAN_POINT('',(1.606270393005E1,-8.123789366274E0,2.448499248161E0));
#1298=CARTESIAN_POINT('',(1.611118963214E1,-8.026899486949E0,2.234399699599E0));
#1299=CARTESIAN_POINT('',(1.612222467489E1,-8.004615639255E0,2.081008012920E0));
#1300=CARTESIAN_POINT('',(1.612222500087E1,-8.004614982697E0,1.999987938983E0));
#1302=CARTESIAN_POINT('',(1.014237892096E1,-1.487051276263E1,1.999987938983E0));
#1303=CARTESIAN_POINT('',(1.005326712137E1,-1.473587952194E1,2.000548596632E0));
#1304=CARTESIAN_POINT('',(9.874964398292E0,-1.446649364250E1,1.962387944719E0));
#1305=CARTESIAN_POINT('',(9.622837579839E0,-1.408557225275E1,1.790572311324E0));
#1306=CARTESIAN_POINT('',(9.400834040968E0,-1.375016253318E1,1.514228439160E0));
#1307=CARTESIAN_POINT('',(9.221907846165E0,-1.347983572373E1,1.149537579846E0));
#1308=CARTESIAN_POINT('',(9.096466039583E0,-1.329031486180E1,
7.176914326672E-1));
#1309=CARTESIAN_POINT('',(9.031867094488E0,-1.319271710600E1,
2.439645853656E-1));
#1310=CARTESIAN_POINT('',(9.031867089554E0,-1.319271709854E1,
-2.439655455145E-1));
#1311=CARTESIAN_POINT('',(9.096466523697E0,-1.329031559321E1,
-7.176936184727E-1));
#1312=CARTESIAN_POINT('',(9.221907980380E0,-1.347983592651E1,
-1.149537720084E0));
#1313=CARTESIAN_POINT('',(9.400834348780E0,-1.375016299824E1,
-1.514229169815E0));
#1314=CARTESIAN_POINT('',(9.622839037560E0,-1.408557445512E1,
-1.790573762405E0));
#1315=CARTESIAN_POINT('',(9.874965580841E0,-1.446649542913E1,
-1.962388330002E0));
#1316=CARTESIAN_POINT('',(1.005326761692E1,-1.473588027064E1,
-2.000548593514E0));
#1317=CARTESIAN_POINT('',(1.014237892096E1,-1.487051276263E1,
-1.999987938983E0));
#1319=CARTESIAN_POINT('',(1.014237892096E1,-1.487051276263E1,
-1.999987938983E0));
#1320=CARTESIAN_POINT('',(1.014237831538E1,-1.487051317567E1,
-2.081008008126E0));
#1321=CARTESIAN_POINT('',(1.012184967553E1,-1.488454587448E1,
-2.234399687540E0));
#1322=CARTESIAN_POINT('',(1.003215057160E1,-1.494531251249E1,
-2.448499222539E0));
#1323=CARTESIAN_POINT('',(9.891677064606E0,-1.503885454672E1,
-2.616816370603E0));
#1324=CARTESIAN_POINT('',(9.713461531029E0,-1.515473258893E1,
-2.725164080279E0));
#1325=CARTESIAN_POINT('',(9.514428308796E0,-1.528053513651E1,
-2.762393737177E0));
#1326=CARTESIAN_POINT('',(9.313581404466E0,-1.540371702965E1,
-2.725188597381E0));
#1327=CARTESIAN_POINT('',(9.130675073950E0,-1.551267992709E1,
-2.616749805085E0));
#1328=CARTESIAN_POINT('',(8.984483226535E0,-1.559761177701E1,
-2.448266383921E0));
#1329=CARTESIAN_POINT('',(8.890242575745E0,-1.565136214999E1,
-2.234124280617E0));
#1330=CARTESIAN_POINT('',(8.868555321353E0,-1.566361154119E1,
-2.080891045804E0));
#1331=CARTESIAN_POINT('',(8.868523972774E0,-1.566362929031E1,
-1.999987938983E0));
#1333=CARTESIAN_POINT('',(8.868523972774E0,-1.566362929031E1,
-1.999987938983E0));
#1334=CARTESIAN_POINT('',(8.779061517763E0,-1.552846343143E1,
-2.000549506703E0));
#1335=CARTESIAN_POINT('',(8.600138814335E0,-1.525804337303E1,
-1.962272857335E0));
#1336=CARTESIAN_POINT('',(8.347299420537E0,-1.487561550930E1,
-1.789988106084E0));
#1337=CARTESIAN_POINT('',(8.124986048360E0,-1.453909033475E1,
-1.513122259268E0));
#1338=CARTESIAN_POINT('',(7.946110906906E0,-1.426811323650E1,
-1.148175769188E0));
#1339=CARTESIAN_POINT('',(7.820913647286E0,-1.407833192760E1,
-7.165600432971E-1));
#1340=CARTESIAN_POINT('',(7.756518606795E0,-1.398067678971E1,
-2.435235354359E-1));
#1341=CARTESIAN_POINT('',(7.756518619991E0,-1.398067680967E1,
2.435225703102E-1));
#1342=CARTESIAN_POINT('',(7.820913122351E0,-1.407833113169E1,
7.165576325219E-1));
#1343=CARTESIAN_POINT('',(7.946110723784E0,-1.426811295915E1,1.148175547388E0));
#1344=CARTESIAN_POINT('',(8.124985844860E0,-1.453909002632E1,1.513121730158E0));
#1345=CARTESIAN_POINT('',(8.347298086027E0,-1.487561348969E1,1.789986714207E0));
#1346=CARTESIAN_POINT('',(8.600137328250E0,-1.525804112642E1,1.962272310720E0));
#1347=CARTESIAN_POINT('',(8.779060883872E0,-1.552846247371E1,2.000549510682E0));
#1348=CARTESIAN_POINT('',(8.868523972774E0,-1.566362929031E1,1.999987938983E0));
#1350=CARTESIAN_POINT('',(8.868523972774E0,-1.566362929031E1,1.999987938983E0));
#1351=CARTESIAN_POINT('',(8.868555320978E0,-1.566361154141E1,2.080890077003E0));
#1352=CARTESIAN_POINT('',(8.890242162324E0,-1.565136238109E1,2.234122154303E0));
#1353=CARTESIAN_POINT('',(8.984481494821E0,-1.559761277649E1,2.448264043233E0));
#1354=CARTESIAN_POINT('',(9.130676036398E0,-1.551267937659E1,2.616751173186E0));
#1355=CARTESIAN_POINT('',(9.313583720947E0,-1.540371561958E1,2.725189201E0));
#1356=CARTESIAN_POINT('',(9.514427613881E0,-1.528053556032E1,2.762393570667E0));
#1357=CARTESIAN_POINT('',(9.713461660576E0,-1.515473251152E1,2.725164142721E0));
#1358=CARTESIAN_POINT('',(9.891676991885E0,-1.503885459238E1,2.616816383550E0));
#1359=CARTESIAN_POINT('',(1.003215057201E1,-1.494531251304E1,2.448499248161E0));
#1360=CARTESIAN_POINT('',(1.012184966965E1,-1.488454587823E1,2.234399699599E0));
#1361=CARTESIAN_POINT('',(1.014237831538E1,-1.487051317567E1,2.081008012920E0));
#1362=CARTESIAN_POINT('',(1.014237892096E1,-1.487051276263E1,1.999987938983E0));
#1364=CARTESIAN_POINT('',(8.369450343499E0,1.593588091238E1,1.499999195937E1));
#1365=CARTESIAN_POINT('',(8.260981706591E0,1.574259208315E1,1.500050492631E1));
#1366=CARTESIAN_POINT('',(8.042488342556E0,1.535323988771E1,1.495263130841E1));
#1367=CARTESIAN_POINT('',(7.723134816830E0,1.478415024489E1,1.472667172909E1));
#1368=CARTESIAN_POINT('',(7.440685801672E0,1.428081839310E1,1.436107984606E1));
#1369=CARTESIAN_POINT('',(7.212483487421E0,1.387415058976E1,1.389646304682E1));
#1370=CARTESIAN_POINT('',(7.032051819880E0,1.355260865260E1,1.331773520560E1));
#1371=CARTESIAN_POINT('',(6.921138733574E0,1.335495176135E1,1.266588918227E1));
#1372=CARTESIAN_POINT('',(6.885382483325E0,1.329123064877E1,1.200169088749E1));
#1373=CARTESIAN_POINT('',(6.920848459642E0,1.335443446595E1,1.133640639742E1));
#1374=CARTESIAN_POINT('',(7.031610761503E0,1.355182265088E1,1.068414941729E1));
#1375=CARTESIAN_POINT('',(7.211805858957E0,1.387294301442E1,1.010525791172E1));
#1376=CARTESIAN_POINT('',(7.439967345990E0,1.427953807982E1,9.640010048548E0));
#1377=CARTESIAN_POINT('',(7.722817311813E0,1.478358444893E1,9.273559505545E0));
#1378=CARTESIAN_POINT('',(8.042420041854E0,1.535311817714E1,9.047375653187E0));
#1379=CARTESIAN_POINT('',(8.260981732285E0,1.574259212894E1,8.999495073814E0));
#1380=CARTESIAN_POINT('',(8.369450345442E0,1.593588091585E1,9.000008040641E0));
#1382=CARTESIAN_POINT('',(1.499999870809E0,1.793739112546E1,9.000008040665E0));
#1383=CARTESIAN_POINT('',(1.499997509943E0,1.771471857289E1,8.999494286846E0));
#1384=CARTESIAN_POINT('',(1.499927661004E0,1.726623033890E1,9.047502665146E0));
#1385=CARTESIAN_POINT('',(1.499586581562E0,1.661056879507E1,9.274102827655E0));
#1386=CARTESIAN_POINT('',(1.499041237078E0,1.603091068886E1,9.640577223879E0));
#1387=CARTESIAN_POINT('',(1.498406798070E0,1.556276917327E1,1.010612411876E1));
#1388=CARTESIAN_POINT('',(1.497762502932E0,1.519287203563E1,1.068600667699E1));
#1389=CARTESIAN_POINT('',(1.497294752454E0,1.496610845771E1,1.133848900606E1));
#1390=CARTESIAN_POINT('',(1.497134013442E0,1.489385418325E1,1.200282494649E1));
#1391=CARTESIAN_POINT('',(1.497297040214E0,1.496716103067E1,1.266574230673E1));
#1392=CARTESIAN_POINT('',(1.497765805934E0,1.519458874427E1,1.331750341268E1));
#1393=CARTESIAN_POINT('',(1.498410340989E0,1.556505003736E1,1.389664753467E1));
#1394=CARTESIAN_POINT('',(1.499043706515E0,1.603317655078E1,1.436110591859E1));
#1395=CARTESIAN_POINT('',(1.499587242881E0,1.661171465641E1,1.472633051399E1));
#1396=CARTESIAN_POINT('',(1.499927700661E0,1.726656523572E1,1.495252702267E1));
#1397=CARTESIAN_POINT('',(1.499997510487E0,1.771476992014E1,1.500050559468E1));
#1398=CARTESIAN_POINT('',(1.499999870809E0,1.793739112546E1,1.499999195934E1));
#1400=CARTESIAN_POINT('',(1.509748094340E1,9.801329943937E0,1.499999195937E1));
#1401=CARTESIAN_POINT('',(1.490829661698E1,9.685851342727E0,1.500050492631E1));
#1402=CARTESIAN_POINT('',(1.452721313597E1,9.453236075112E0,1.495263130841E1));
#1403=CARTESIAN_POINT('',(1.397021225448E1,9.113236495745E0,1.472667172909E1));
#1404=CARTESIAN_POINT('',(1.347757537165E1,8.812521845487E0,1.436107984606E1));
#1405=CARTESIAN_POINT('',(1.307955105885E1,8.569557558154E0,1.389646304682E1));
#1406=CARTESIAN_POINT('',(1.276484516427E1,8.377450806794E0,1.331773520560E1));
#1407=CARTESIAN_POINT('',(1.257139145575E1,8.259359223560E0,1.266588918227E1));
#1408=CARTESIAN_POINT('',(1.250902553430E1,8.221288480680E0,1.200169088749E1));
#1409=CARTESIAN_POINT('',(1.257088516148E1,8.259050161100E0,1.133640639742E1));
#1410=CARTESIAN_POINT('',(1.276407587537E1,8.376981205080E0,1.068414941729E1));
#1411=CARTESIAN_POINT('',(1.307836915371E1,8.568836088284E0,1.010525791171E1));
#1412=CARTESIAN_POINT('',(1.347632226569E1,8.811756923230E0,9.640010048544E0));
#1413=CARTESIAN_POINT('',(1.396965847748E1,9.112898463844E0,9.273559505557E0));
#1414=CARTESIAN_POINT('',(1.452709400998E1,9.453163360209E0,9.047375653197E0));
#1415=CARTESIAN_POINT('',(1.490829666176E1,9.685851370059E0,8.999495073814E0));
#1416=CARTESIAN_POINT('',(1.509748094676E1,9.801329945993E0,9.000008040641E0));
#1418=CARTESIAN_POINT('',(1.008634824294E1,1.490857401371E1,9.000008040665E0));
#1419=CARTESIAN_POINT('',(9.977374144386E0,1.471438927816E1,8.999494286846E0));
#1420=CARTESIAN_POINT('',(9.757830959742E0,1.432331065310E1,9.047502665146E0));
#1421=CARTESIAN_POINT('',(9.436664261004E0,1.375169528590E1,9.274102827655E0));
#1422=CARTESIAN_POINT('',(9.152514177647E0,1.324646014499E1,9.640577223879E0));
#1423=CARTESIAN_POINT('',(8.922860660216E0,1.283851879741E1,1.010612411876E1));
#1424=CARTESIAN_POINT('',(8.741277622113E0,1.251625817645E1,1.068600667699E1));
#1425=CARTESIAN_POINT('',(8.629895595564E0,1.231873353691E1,1.133848900606E1));
#1426=CARTESIAN_POINT('',(8.594395446022E0,1.225580146720E1,1.200282494649E1));
#1427=CARTESIAN_POINT('',(8.630412701385E0,1.231965033386E1,1.266574230673E1));
#1428=CARTESIAN_POINT('',(8.742120629643E0,1.251775364887E1,1.331750341268E1));
#1429=CARTESIAN_POINT('',(8.923979964749E0,1.284050613505E1,1.389664753467E1));
#1430=CARTESIAN_POINT('',(9.153625204227E0,1.324843492504E1,1.436110591859E1));
#1431=CARTESIAN_POINT('',(9.437225602153E0,1.375269423273E1,1.472633051399E1));
#1432=CARTESIAN_POINT('',(9.757994886952E0,1.432360268692E1,1.495252702267E1));
#1433=CARTESIAN_POINT('',(9.977399273304E0,1.471443405626E1,1.500050559468E1));
#1434=CARTESIAN_POINT('',(1.008634824294E1,1.490857401371E1,1.499999195934E1));
#1436=CARTESIAN_POINT('',(1.796264810025E1,1.158996433767E0,1.499999195937E1));
#1437=CARTESIAN_POINT('',(1.774115306137E1,1.150874583522E0,1.500050492631E1));
#1438=CARTESIAN_POINT('',(1.729498403734E1,1.134513524592E0,1.495263130841E1));
#1439=CARTESIAN_POINT('',(1.664285085614E1,1.110596795798E0,1.472667172909E1));
#1440=CARTESIAN_POINT('',(1.606607289534E1,1.089440635077E0,1.436107984606E1));
#1441=CARTESIAN_POINT('',(1.560006566384E1,1.072345059849E0,1.389646304682E1));
#1442=CARTESIAN_POINT('',(1.523160665035E1,1.058826207232E0,1.331773520560E1));
#1443=CARTESIAN_POINT('',(1.500510966697E1,1.050515016336E0,1.266588918227E1));
#1444=CARTESIAN_POINT('',(1.493209110974E1,1.047835478835E0,1.200169088749E1));
#1445=CARTESIAN_POINT('',(1.500451689355E1,1.050493263994E0,1.133640639742E1));
#1446=CARTESIAN_POINT('',(1.523070596230E1,1.058793158495E0,1.068414941729E1));
#1447=CARTESIAN_POINT('',(1.559868188600E1,1.072294291779E0,1.010525791171E1));
#1448=CARTESIAN_POINT('',(1.606460576060E1,1.089386817950E0,9.640010048544E0));
#1449=CARTESIAN_POINT('',(1.664220249736E1,1.110573017312E0,9.273559505556E0));
#1450=CARTESIAN_POINT('',(1.729484456583E1,1.134508410328E0,9.047375653196E0));
#1451=CARTESIAN_POINT('',(1.774115311380E1,1.150874585444E0,8.999495073814E0));
#1452=CARTESIAN_POINT('',(1.796264810420E1,1.158996433912E0,9.000008040641E0));
#1454=CARTESIAN_POINT('',(1.609198887662E1,8.065227460812E0,9.000008040665E0));
#1455=CARTESIAN_POINT('',(1.590192531181E1,7.949214931296E0,8.999494286846E0));
#1456=CARTESIAN_POINT('',(1.551908143015E1,7.715607861238E0,9.047502665146E0));
#1457=CARTESIAN_POINT('',(1.495926329100E1,7.374293010305E0,9.274102827655E0));
#1458=CARTESIAN_POINT('',(1.446421152257E1,7.072751033018E0,9.640577223879E0));
#1459=CARTESIAN_POINT('',(1.406429840987E1,6.829386320250E0,1.010612411876E1));
#1460=CARTESIAN_POINT('',(1.374823672915E1,6.637216287379E0,1.068600667699E1));
#1461=CARTESIAN_POINT('',(1.355443879392E1,6.519469527925E0,1.133848900606E1));
#1462=CARTESIAN_POINT('',(1.349268235377E1,6.481961553898E0,1.200282494649E1));
#1463=CARTESIAN_POINT('',(1.355533841036E1,6.520015975857E0,1.266574230673E1));
#1464=CARTESIAN_POINT('',(1.374970374808E1,6.638107889836E0,1.331750341268E1));
#1465=CARTESIAN_POINT('',(1.406624708913E1,6.830571648350E0,1.389664753467E1));
#1466=CARTESIAN_POINT('',(1.446614683742E1,7.073929461110E0,1.436110591859E1));
#1467=CARTESIAN_POINT('',(1.496024168641E1,7.374889450631E0,1.472633051399E1));
#1468=CARTESIAN_POINT('',(1.551936730226E1,7.715782311857E0,1.495252702267E1));
#1469=CARTESIAN_POINT('',(1.590196913958E1,7.949241683244E0,1.500050559468E1));
#1470=CARTESIAN_POINT('',(1.609198887662E1,8.065227460812E0,1.499999195934E1));
#1472=CARTESIAN_POINT('',(1.623186597606E1,-7.779879590453E0,1.499999195937E1));
#1473=CARTESIAN_POINT('',(1.603473212326E1,-7.678566547095E0,1.500050492668E1));
#1474=CARTESIAN_POINT('',(1.563763482985E1,-7.474487139384E0,1.495263124581E1));
#1475=CARTESIAN_POINT('',(1.505722507667E1,-7.176201639875E0,1.472667151735E1));
#1476=CARTESIAN_POINT('',(1.454388172322E1,-6.912386489564E0,1.436107988680E1));
#1477=CARTESIAN_POINT('',(1.412912488834E1,-6.699239267788E0,1.389646323110E1));
#1478=CARTESIAN_POINT('',(1.380118709980E1,-6.530711209010E0,1.331773524060E1));
#1479=CARTESIAN_POINT('',(1.359959871281E1,-6.427115506243E0,1.266588925062E1));
#1480=CARTESIAN_POINT('',(1.353461013743E1,-6.393718239435E0,1.200169122635E1));
#1481=CARTESIAN_POINT('',(1.359907102474E1,-6.426844329762E0,1.133640677321E1));
#1482=CARTESIAN_POINT('',(1.380038531030E1,-6.530299169907E0,1.068414974494E1));
#1483=CARTESIAN_POINT('',(1.412789304962E1,-6.698606219287E0,1.010525807154E1));
#1484=CARTESIAN_POINT('',(1.454257565896E1,-6.911715285892E0,9.640010247930E0));
#1485=CARTESIAN_POINT('',(1.505664789150E1,-7.175905011765E0,9.273559772402E0));
#1486=CARTESIAN_POINT('',(1.563751066624E1,-7.474423328045E0,9.047375718101E0));
#1487=CARTESIAN_POINT('',(1.603473216798E1,-7.678566570078E0,8.999495073433E0));
#1488=CARTESIAN_POINT('',(1.623186597969E1,-7.779879592317E0,9.000008040642E0));
#1490=CARTESIAN_POINT('',(1.798030982031E1,-8.416999262070E-1,
9.000008040665E0));
#1491=CARTESIAN_POINT('',(1.775778672950E1,-8.498571150798E-1,
8.999494286846E0));
#1492=CARTESIAN_POINT('',(1.730959714347E1,-8.662215852566E-1,
9.047502665146E0));
#1493=CARTESIAN_POINT('',(1.665436344760E1,-8.899066055075E-1,
9.274102827655E0));
#1494=CARTESIAN_POINT('',(1.607507465994E1,-9.106024500732E-1,
9.640577223879E0));
#1495=CARTESIAN_POINT('',(1.560722430290E1,-9.271228784893E-1,
1.010612411876E1));
#1496=CARTESIAN_POINT('',(1.523755198112E1,-9.400334190276E-1,
1.068600667699E1));
#1497=CARTESIAN_POINT('',(1.501092355892E1,-9.478754411881E-1,
1.133848900606E1));
#1498=CARTESIAN_POINT('',(1.493871192080E1,-9.503624747159E-1,
1.200282494649E1));
#1499=CARTESIAN_POINT('',(1.501197550880E1,-9.478391572347E-1,
1.266574230673E1));
#1500=CARTESIAN_POINT('',(1.523926765785E1,-9.399738132395E-1,
1.331750341268E1));
#1501=CARTESIAN_POINT('',(1.560950376498E1,-9.270428397099E-1,
1.389664753467E1));
#1502=CARTESIAN_POINT('',(1.607733909058E1,-9.105218882682E-1,
1.436110591859E1));
#1503=CARTESIAN_POINT('',(1.665550856361E1,-8.898652777730E-1,
1.472633051399E1));
#1504=CARTESIAN_POINT('',(1.730993181683E1,-8.662093530253E-1,
1.495252702267E1));
#1505=CARTESIAN_POINT('',(1.775783804228E1,-8.498552340701E-1,
1.500050559468E1));
#1506=CARTESIAN_POINT('',(1.798030982031E1,-8.416999262070E-1,
1.499999195934E1));
#1508=CARTESIAN_POINT('',(1.034797500366E1,-1.472818430187E1,1.499999195937E1));
#1509=CARTESIAN_POINT('',(1.022564145364E1,-1.454335846165E1,1.500050492668E1));
#1510=CARTESIAN_POINT('',(9.979217986790E0,-1.417105463403E1,1.495263124581E1));
#1511=CARTESIAN_POINT('',(9.619036164692E0,-1.362688666747E1,1.472667151735E1));
#1512=CARTESIAN_POINT('',(9.300471705008E0,-1.314560035238E1,1.436107988680E1));
#1513=CARTESIAN_POINT('',(9.043085523759E0,-1.275674649303E1,1.389646323110E1));
#1514=CARTESIAN_POINT('',(8.839575729690E0,-1.244929135245E1,1.331773524060E1));
#1515=CARTESIAN_POINT('',(8.714474610734E0,-1.226029490424E1,1.266588925062E1));
#1516=CARTESIAN_POINT('',(8.674144107397E0,-1.219936590572E1,1.200169122635E1));
#1517=CARTESIAN_POINT('',(8.714147139194E0,-1.225980017829E1,1.133640677321E1));
#1518=CARTESIAN_POINT('',(8.839078158410E0,-1.244853964410E1,1.068414974494E1));
#1519=CARTESIAN_POINT('',(9.042321077884E0,-1.275559159063E1,1.010525807154E1));
#1520=CARTESIAN_POINT('',(9.299661201801E0,-1.314437585135E1,9.640010247931E0));
#1521=CARTESIAN_POINT('',(9.618677983824E0,-1.362634552290E1,9.273559772402E0));
#1522=CARTESIAN_POINT('',(9.979140935710E0,-1.417093822269E1,9.047375718101E0));
#1523=CARTESIAN_POINT('',(1.022564148132E1,-1.454335850348E1,8.999495073432E0));
#1524=CARTESIAN_POINT('',(1.034797500584E1,-1.472818430516E1,9.000008040641E0));
#1526=CARTESIAN_POINT('',(1.526816252958E1,-9.533268745319E0,9.000008040665E0));
#1527=CARTESIAN_POINT('',(1.507011485598E1,-9.431483412101E0,8.999494286486E0));
#1528=CARTESIAN_POINT('',(1.467125379712E1,-9.226418138184E0,9.047502725831E0));
#1529=CARTESIAN_POINT('',(1.408825344230E1,-8.926413167013E0,9.274103099429E0));
#1530=CARTESIAN_POINT('',(1.357294554516E1,-8.660967732117E0,9.640577473363E0));
#1531=CARTESIAN_POINT('',(1.315686282467E1,-8.446416939233E0,1.010612444311E1));
#1532=CARTESIAN_POINT('',(1.282816475079E1,-8.276764672868E0,1.068600725705E1));
#1533=CARTESIAN_POINT('',(1.262669144626E1,-8.172695551939E0,1.133848966905E1));
#1534=CARTESIAN_POINT('',(1.256250093281E1,-8.139525385340E0,1.200282557465E1));
#1535=CARTESIAN_POINT('',(1.262762678513E1,-8.173178823602E0,1.266574259358E1));
#1536=CARTESIAN_POINT('',(1.282969045236E1,-8.277552491472E0,1.331750362116E1));
#1537=CARTESIAN_POINT('',(1.315889029860E1,-8.447462903617E0,1.389664783383E1));
#1538=CARTESIAN_POINT('',(1.357496017147E1,-8.662005886513E0,1.436110605628E1));
#1539=CARTESIAN_POINT('',(1.408927253963E1,-8.926937655627E0,1.472633035228E1));
#1540=CARTESIAN_POINT('',(1.467155172187E1,-9.226571295310E0,1.495252697067E1));
#1541=CARTESIAN_POINT('',(1.507016054040E1,-9.431506891314E0,1.500050559500E1));
#1542=CARTESIAN_POINT('',(1.526816252958E1,-9.533268745319E0,1.499999195934E1));
#1544=CARTESIAN_POINT('',(1.816436089176E0,-1.790811434687E1,1.499999195937E1));
#1545=CARTESIAN_POINT('',(1.800203282040E0,-1.768706551823E1,1.500050492668E1));
#1546=CARTESIAN_POINT('',(1.767503908492E0,-1.724179546895E1,1.495263124581E1));
#1547=CARTESIAN_POINT('',(1.719706662618E0,-1.659097664342E1,1.472667151735E1));
#1548=CARTESIAN_POINT('',(1.677429462903E0,-1.601536178038E1,1.436107988680E1));
#1549=CARTESIAN_POINT('',(1.643269138148E0,-1.555029399778E1,1.389646323110E1));
#1550=CARTESIAN_POINT('',(1.616257650602E0,-1.518257769504E1,1.331773524060E1));
#1551=CARTESIAN_POINT('',(1.599652354008E0,-1.495653740765E1,1.266588925062E1));
#1552=CARTESIAN_POINT('',(1.594298943986E0,-1.488366605964E1,1.200169122635E1));
#1553=CARTESIAN_POINT('',(1.599608886343E0,-1.495594571352E1,1.133640677321E1));
#1554=CARTESIAN_POINT('',(1.616191606855E0,-1.518167865063E1,1.068414974494E1));
#1555=CARTESIAN_POINT('',(1.643167677359E0,-1.554891273648E1,1.010525807154E1));
#1556=CARTESIAN_POINT('',(1.677321897275E0,-1.601389728462E1,9.640010247933E0));
#1557=CARTESIAN_POINT('',(1.719659130743E0,-1.659032944043E1,9.273559772395E0));
#1558=CARTESIAN_POINT('',(1.767493684289E0,-1.724165624283E1,9.047375718095E0));
#1559=CARTESIAN_POINT('',(1.800203285704E0,-1.768706556812E1,8.999495073434E0));
#1560=CARTESIAN_POINT('',(1.816436089455E0,-1.790811435067E1,9.000008040642E0));
#1562=CARTESIAN_POINT('',(8.649480956777E0,-1.578564155105E1,9.000008040665E0));
#1563=CARTESIAN_POINT('',(8.526581622085E0,-1.559995663351E1,8.999494286486E0));
#1564=CARTESIAN_POINT('',(8.279102495200E0,-1.522592990639E1,9.047502725831E0));
#1565=CARTESIAN_POINT('',(7.917502968273E0,-1.467899464644E1,9.274103099428E0));
#1566=CARTESIAN_POINT('',(7.598023123064E0,-1.419532519705E1,9.640577473363E0));
#1567=CARTESIAN_POINT('',(7.340167560783E0,-1.380459846132E1,1.010612444311E1));
#1568=CARTESIAN_POINT('',(7.136544912707E0,-1.349579086354E1,1.068600725705E1));
#1569=CARTESIAN_POINT('',(7.011775836159E0,-1.330643788124E1,1.133848966905E1));
#1570=CARTESIAN_POINT('',(6.972030159255E0,-1.324609748733E1,1.200282557465E1));
#1571=CARTESIAN_POINT('',(7.012355011774E0,-1.330731706603E1,1.266574259358E1));
#1572=CARTESIAN_POINT('',(7.137489885560E0,-1.349722454751E1,1.331750362116E1));
#1573=CARTESIAN_POINT('',(7.341423781887E0,-1.380650282488E1,1.389664783383E1));
#1574=CARTESIAN_POINT('',(7.599271962226E0,-1.419721646236E1,1.436110605628E1));
#1575=CARTESIAN_POINT('',(7.918135016211E0,-1.467995076519E1,1.472633035228E1));
#1576=CARTESIAN_POINT('',(8.279287353812E0,-1.522620926916E1,1.495252697067E1));
#1577=CARTESIAN_POINT('',(8.526609971744E0,-1.559999946616E1,1.500050559500E1));
#1578=CARTESIAN_POINT('',(8.649480956777E0,-1.578564155105E1,1.499999195934E1));
#1580=CARTESIAN_POINT('',(8.369450345442E0,1.593588091585E1,9.000008040641E0));
#1581=CARTESIAN_POINT('',(8.369449730945E0,1.593588123858E1,8.913718096550E0));
#1582=CARTESIAN_POINT('',(8.388607524906E0,1.592583973560E1,8.747330382486E0));
#1583=CARTESIAN_POINT('',(8.471971784407E0,1.588177489854E1,8.509785257730E0));
#1584=CARTESIAN_POINT('',(8.605593187750E0,1.580992403261E1,8.303867298027E0));
#1585=CARTESIAN_POINT('',(8.718919632990E0,1.574756350794E1,8.197703324651E0));
#1586=CARTESIAN_POINT('',(8.782562724414E0,1.571198879810E1,8.152113927088E0));
#1588=CARTESIAN_POINT('',(1.000787582745E1,1.496136429014E1,8.576485727039E0));
#1589=CARTESIAN_POINT('',(9.974264465164E0,1.487024939092E1,8.610483435425E0));
#1590=CARTESIAN_POINT('',(9.896164284116E0,1.469768706044E1,8.663966142214E0));
#1591=CARTESIAN_POINT('',(9.772003664766E0,1.446809024538E1,8.712843437690E0));
#1592=CARTESIAN_POINT('',(9.644832807784E0,1.426047213415E1,8.740063994119E0));
#1593=CARTESIAN_POINT('',(9.511240692771E0,1.406880922795E1,8.751194434269E0));
#1594=CARTESIAN_POINT('',(9.366382924584E0,1.389152802031E1,8.749626083476E0));
#1595=CARTESIAN_POINT('',(9.202491398988E0,1.372867052987E1,8.738023471501E0));
#1596=CARTESIAN_POINT('',(9.016229211673E0,1.358819030204E1,8.719974524659E0));
#1597=CARTESIAN_POINT('',(8.806370180926E0,1.348130171256E1,8.701077534194E0));
#1598=CARTESIAN_POINT('',(8.593289521469E0,1.342190822523E1,8.688600549743E0));
#1599=CARTESIAN_POINT('',(8.376125527894E0,1.341025839093E1,8.686022040183E0));
#1600=CARTESIAN_POINT('',(8.171644457430E0,1.345134136187E1,8.694920475245E0));
#1601=CARTESIAN_POINT('',(7.984713646483E0,1.354786603175E1,8.713758416392E0));
#1602=CARTESIAN_POINT('',(7.830479828717E0,1.372292167217E1,8.738403867590E0));
#1603=CARTESIAN_POINT('',(7.756866524267E0,1.393166824850E1,8.752037761292E0));
#1604=CARTESIAN_POINT('',(7.743887639012E0,1.416282845794E1,8.748892464179E0));
#1605=CARTESIAN_POINT('',(7.789512998421E0,1.442419636995E1,8.721624044989E0));
#1606=CARTESIAN_POINT('',(7.887449191632E0,1.469896436077E1,8.665030893115E0));
#1607=CARTESIAN_POINT('',(8.035085012687E0,1.498658116235E1,8.573007854940E0));
#1608=CARTESIAN_POINT('',(8.227328595464E0,1.526864712899E1,8.446682664945E0));
#1609=CARTESIAN_POINT('',(8.482947991901E0,1.553312393061E1,8.288698418329E0));
#1610=CARTESIAN_POINT('',(8.676158917908E0,1.565947407595E1,8.193888953460E0));
#1611=CARTESIAN_POINT('',(8.782562724414E0,1.571198879810E1,8.152113927088E0));
#1613=CARTESIAN_POINT('',(1.000787582745E1,1.496136429014E1,8.576485727039E0));
#1614=CARTESIAN_POINT('',(1.003386453650E1,1.494398006180E1,8.643137214135E0));
#1615=CARTESIAN_POINT('',(1.007259106653E1,1.491789310151E1,8.780464411262E0));
#1616=CARTESIAN_POINT('',(1.008631677854E1,1.490859530085E1,8.925519999490E0));
#1617=CARTESIAN_POINT('',(1.008634824294E1,1.490857401371E1,9.000008040665E0));
#1619=CARTESIAN_POINT('',(1.008634824294E1,1.490857401371E1,1.499999195934E1));
#1620=CARTESIAN_POINT('',(1.008630705340E1,1.490860188036E1,1.509750304379E1));
#1621=CARTESIAN_POINT('',(1.006359937141E1,1.492400235443E1,1.528392814936E1));
#1622=CARTESIAN_POINT('',(9.963886245915E0,1.499096101927E1,1.554791809991E1));
#1623=CARTESIAN_POINT('',(9.805641245955E0,1.509520744482E1,1.576588954648E1));
#1624=CARTESIAN_POINT('',(9.600810289492E0,1.522654187412E1,1.592215176767E1));
#1625=CARTESIAN_POINT('',(9.365328356509E0,1.537263807835E1,1.600337743443E1));
#1626=CARTESIAN_POINT('',(9.117795203052E0,1.552073270742E1,1.600334982454E1));
#1627=CARTESIAN_POINT('',(8.878072242498E0,1.565895509866E1,1.592216917587E1));
#1628=CARTESIAN_POINT('',(8.665990951139E0,1.577708504932E1,1.576613478024E1));
#1629=CARTESIAN_POINT('',(8.499688586879E0,1.586704782072E1,1.554842169221E1));
#1630=CARTESIAN_POINT('',(8.393702452867E0,1.592317912025E1,1.528440458056E1));
#1631=CARTESIAN_POINT('',(8.369449647685E0,1.593588127782E1,1.509770113883E1));
#1632=CARTESIAN_POINT('',(8.369450343499E0,1.593588091238E1,1.499999195937E1));
#1634=DIRECTION('',(1.E0,0.E0,0.E0));
#1635=VECTOR('',#1634,5.907131632320E-1);
#1636=CARTESIAN_POINT('',(6.E0,1.675E1,6.E0));
#1637=LINE('',#1636,#1635);
#1638=CARTESIAN_POINT('',(1.509748094676E1,9.801329945993E0,9.000008040641E0));
#1639=CARTESIAN_POINT('',(1.509748051880E1,9.801330605202E0,8.902298866781E0));
#1640=CARTESIAN_POINT('',(1.511241442491E1,9.778384546865E0,8.715595432568E0));
#1641=CARTESIAN_POINT('',(1.517737200478E1,9.677566412339E0,8.451578312475E0));
#1642=CARTESIAN_POINT('',(1.527837298461E1,9.517727184431E0,8.233865222693E0));
#1643=CARTESIAN_POINT('',(1.540551183798E1,9.310920821077E0,8.077830824917E0));
#1644=CARTESIAN_POINT('',(1.554692325388E1,9.073065109320E0,7.996650175431E0));
#1645=CARTESIAN_POINT('',(1.569031439865E1,8.822777951695E0,7.996622565574E0));
#1646=CARTESIAN_POINT('',(1.582417403789E1,8.580131215633E0,8.077848232310E0));
#1647=CARTESIAN_POINT('',(1.593852805609E1,8.365357819708E0,8.234110453509E0));
#1648=CARTESIAN_POINT('',(1.602551228675E1,8.197005389169E0,8.452081900077E0));
#1649=CARTESIAN_POINT('',(1.607970064399E1,8.089814941211E0,8.716071850637E0));
#1650=CARTESIAN_POINT('',(1.609196659394E1,8.065271919897E0,8.902496956203E0));
#1651=CARTESIAN_POINT('',(1.609198887662E1,8.065227460812E0,9.000008040665E0));
#1653=CARTESIAN_POINT('',(1.609198887662E1,8.065227460812E0,1.499999195934E1));
#1654=CARTESIAN_POINT('',(1.609196659394E1,8.065271919897E0,1.509750304379E1));
#1655=CARTESIAN_POINT('',(1.607970064399E1,8.089814941211E0,1.528392814936E1));
#1656=CARTESIAN_POINT('',(1.602551228675E1,8.197005389160E0,1.554791809991E1));
#1657=CARTESIAN_POINT('',(1.593852805610E1,8.365357819705E0,1.576588954648E1));
#1658=CARTESIAN_POINT('',(1.582417403793E1,8.580131215571E0,1.592215176767E1));
#1659=CARTESIAN_POINT('',(1.569031439858E1,8.822777951809E0,1.600337743443E1));
#1660=CARTESIAN_POINT('',(1.554692325421E1,9.073065108764E0,1.600334982454E1));
#1661=CARTESIAN_POINT('',(1.540551183912E1,9.310920819103E0,1.592216917587E1));
#1662=CARTESIAN_POINT('',(1.527837298655E1,9.517727181566E0,1.576613478024E1));
#1663=CARTESIAN_POINT('',(1.517737200638E1,9.677566408916E0,1.554842169220E1));
#1664=CARTESIAN_POINT('',(1.511241442858E1,9.778384544567E0,1.528440458055E1));
#1665=CARTESIAN_POINT('',(1.509748051544E1,9.801330603144E0,1.509770113882E1));
#1666=CARTESIAN_POINT('',(1.509748094340E1,9.801329943937E0,1.499999195937E1));
#1668=CARTESIAN_POINT('',(1.796264810420E1,1.158996433912E0,9.000008040641E0));
#1669=CARTESIAN_POINT('',(1.796264805359E1,1.158997218224E0,8.902298866821E0));
#1670=CARTESIAN_POINT('',(1.796444205590E1,1.131678274267E0,8.715595432661E0));
#1671=CARTESIAN_POINT('',(1.797175093947E1,1.011968777346E0,8.451578312508E0));
#1672=CARTESIAN_POINT('',(1.798160827723E1,8.231497910151E-1,8.233865222714E0));
#1673=CARTESIAN_POINT('',(1.799127475945E1,5.805807924099E-1,8.077830824922E0));
#1674=CARTESIAN_POINT('',(1.799819289865E1,3.039498694832E-1,7.996650175431E0));
#1675=CARTESIAN_POINT('',(1.800075376710E1,1.550902004340E-2,7.996622565574E0));
#1676=CARTESIAN_POINT('',(1.799874159070E1,-2.616043009744E-1,
8.077848232310E0));
#1677=CARTESIAN_POINT('',(1.799335988508E1,-5.048644298925E-1,
8.234110453509E0));
#1678=CARTESIAN_POINT('',(1.798682743461E1,-6.942479675652E-1,
8.452081900077E0));
#1679=CARTESIAN_POINT('',(1.798162631165E1,-8.142442946503E-1,
8.716071850636E0));
#1680=CARTESIAN_POINT('',(1.798031214576E1,-8.416502500531E-1,
8.902496956203E0));
#1681=CARTESIAN_POINT('',(1.798030982031E1,-8.416999262070E-1,
9.000008040665E0));
#1683=CARTESIAN_POINT('',(1.798030982031E1,-8.416999262070E-1,
1.499999195934E1));
#1684=CARTESIAN_POINT('',(1.798031214576E1,-8.416502500531E-1,
1.509750304379E1));
#1685=CARTESIAN_POINT('',(1.798162631165E1,-8.142442946506E-1,
1.528392814936E1));
#1686=CARTESIAN_POINT('',(1.798682743461E1,-6.942479675756E-1,
1.554791809991E1));
#1687=CARTESIAN_POINT('',(1.799335988508E1,-5.048644298956E-1,
1.576588954648E1));
#1688=CARTESIAN_POINT('',(1.799874159070E1,-2.616043010458E-1,
1.592215176767E1));
#1689=CARTESIAN_POINT('',(1.800075376709E1,1.550902017593E-2,1.600337743443E1));
#1690=CARTESIAN_POINT('',(1.799819289866E1,3.039498688372E-1,1.600334982454E1));
#1691=CARTESIAN_POINT('',(1.799127475948E1,5.805807901251E-1,1.592216917586E1));
#1692=CARTESIAN_POINT('',(1.798160827752E1,8.231497875635E-1,1.576613478022E1));
#1693=CARTESIAN_POINT('',(1.797175093919E1,1.011968773573E0,1.554842169218E1));
#1694=CARTESIAN_POINT('',(1.796444205798E1,1.131678270460E0,1.528440458047E1));
#1695=CARTESIAN_POINT('',(1.796264804964E1,1.158997218077E0,1.509770113879E1));
#1696=CARTESIAN_POINT('',(1.796264810025E1,1.158996433767E0,1.499999195937E1));
#1698=CARTESIAN_POINT('',(1.623186597969E1,-7.779879592317E0,9.000008040642E0));
#1699=CARTESIAN_POINT('',(1.623186631938E1,-7.779878883576E0,8.902298866902E0));
#1700=CARTESIAN_POINT('',(1.622006140177E1,-7.804580848244E0,8.715595432814E0));
#1701=CARTESIAN_POINT('',(1.616785152737E1,-7.912552661825E0,8.451578312041E0));
#1702=CARTESIAN_POINT('',(1.608404311015E1,-8.082039906165E0,8.233865222290E0));
#1703=CARTESIAN_POINT('',(1.597376394090E1,-8.298307483269E0,8.077830824623E0));
#1704=CARTESIAN_POINT('',(1.584441871842E1,-8.542934426484E0,7.996650175424E0));
#1705=CARTESIAN_POINT('',(1.570549408296E1,-8.795728072390E0,7.996622565589E0));
#1706=CARTESIAN_POINT('',(1.556812492915E1,-9.036405361050E0,8.077848232622E0));
#1707=CARTESIAN_POINT('',(1.544438447096E1,-9.245911332034E0,8.234110453779E0));
#1708=CARTESIAN_POINT('',(1.534600674173E1,-9.407870029156E0,8.452081900223E0));
#1709=CARTESIAN_POINT('',(1.528274690552E1,-9.509969800428E0,8.716071850603E0));
#1710=CARTESIAN_POINT('',(1.526818886817E1,-9.533226562309E0,8.902496956179E0));
#1711=CARTESIAN_POINT('',(1.526816252958E1,-9.533268745319E0,9.000008040665E0));
#1713=CARTESIAN_POINT('',(1.526816252958E1,-9.533268745319E0,1.499999195934E1));
#1714=CARTESIAN_POINT('',(1.526818886817E1,-9.533226562309E0,1.509750304382E1));
#1715=CARTESIAN_POINT('',(1.528274690552E1,-9.509969800428E0,1.528392814939E1));
#1716=CARTESIAN_POINT('',(1.534600674173E1,-9.407870029165E0,1.554791809976E1));
#1717=CARTESIAN_POINT('',(1.544438447096E1,-9.245911332036E0,1.576588954621E1));
#1718=CARTESIAN_POINT('',(1.556812492912E1,-9.036405361114E0,1.592215176736E1));
#1719=CARTESIAN_POINT('',(1.570549408303E1,-8.795728072269E0,1.600337743442E1));
#1720=CARTESIAN_POINT('',(1.584441871811E1,-8.542934427071E0,1.600334982455E1));
#1721=CARTESIAN_POINT('',(1.597376393977E1,-8.298307485340E0,1.592216917619E1));
#1722=CARTESIAN_POINT('',(1.608404310867E1,-8.082039909415E0,1.576613478074E1));
#1723=CARTESIAN_POINT('',(1.616785152522E1,-7.912552665077E0,1.554842169279E1));
#1724=CARTESIAN_POINT('',(1.622006140172E1,-7.804580852719E0,1.528440458073E1));
#1725=CARTESIAN_POINT('',(1.623186631576E1,-7.779878881716E0,1.509770113889E1));
#1726=CARTESIAN_POINT('',(1.623186597606E1,-7.779879590453E0,1.499999195937E1));
#1728=CARTESIAN_POINT('',(1.034797500584E1,-1.472818430516E1,9.000008040641E0));
#1729=CARTESIAN_POINT('',(1.034797564893E1,-1.472818385333E1,8.902298866704E0));
#1730=CARTESIAN_POINT('',(1.032559223499E1,-1.474394855842E1,8.715595432351E0));
#1731=CARTESIAN_POINT('',(1.022722209691E1,-1.481255686292E1,8.451578311876E0));
#1732=CARTESIAN_POINT('',(1.007119126833E1,-1.491934711209E1,8.233865222186E0));
#1733=CARTESIAN_POINT('',(9.869182636347E0,-1.505397873045E1,8.077830824595E0));
#1734=CARTESIAN_POINT('',(9.636668509104E0,-1.520401108871E1,7.996650175425E0));
#1735=CARTESIAN_POINT('',(9.391803829138E0,-1.535647738084E1,7.996622565588E0));
#1736=CARTESIAN_POINT('',(9.154225169511E0,-1.549913859558E1,8.077848232622E0));
#1737=CARTESIAN_POINT('',(8.943786372427E0,-1.562128590645E1,8.234110453779E0));
#1738=CARTESIAN_POINT('',(8.778734433398E0,-1.571438077529E1,8.452081900224E0));
#1739=CARTESIAN_POINT('',(8.673601637673E0,-1.577246059479E1,8.716071850603E0));
#1740=CARTESIAN_POINT('',(8.649524569483E0,-1.578561765419E1,8.902496956179E0));
#1741=CARTESIAN_POINT('',(8.649480956777E0,-1.578564155105E1,9.000008040665E0));
#1743=CARTESIAN_POINT('',(8.649480956777E0,-1.578564155105E1,1.499999195934E1));
#1744=CARTESIAN_POINT('',(8.649524569483E0,-1.578561765419E1,1.509750304382E1));
#1745=CARTESIAN_POINT('',(8.673601637672E0,-1.577246059479E1,1.528392814939E1));
#1746=CARTESIAN_POINT('',(8.778734433389E0,-1.571438077529E1,1.554791809976E1));
#1747=CARTESIAN_POINT('',(8.943786372424E0,-1.562128590645E1,1.576588954621E1));
#1748=CARTESIAN_POINT('',(9.154225169450E0,-1.549913859561E1,1.592215176736E1));
#1749=CARTESIAN_POINT('',(9.391803829250E0,-1.535647738077E1,1.600337743442E1));
#1750=CARTESIAN_POINT('',(9.636668508560E0,-1.520401108906E1,1.600334982455E1));
#1751=CARTESIAN_POINT('',(9.869182634413E0,-1.505397873167E1,1.592216917619E1));
#1752=CARTESIAN_POINT('',(1.007119126553E1,-1.491934711413E1,1.576613478075E1));
#1753=CARTESIAN_POINT('',(1.022722209355E1,-1.481255686464E1,1.554842169281E1));
#1754=CARTESIAN_POINT('',(1.032559223282E1,-1.474394856218E1,1.528440458078E1));
#1755=CARTESIAN_POINT('',(1.034797564675E1,-1.472818385004E1,1.509770113891E1));
#1756=CARTESIAN_POINT('',(1.034797500366E1,-1.472818430187E1,1.499999195937E1));
#1758=CARTESIAN_POINT('',(6.E0,1.697056274848E1,-6.419233774117E0));
#1759=CARTESIAN_POINT('',(6.043018994370E0,1.695535323716E1,-6.527003735741E0));
#1760=CARTESIAN_POINT('',(6.160702220359E0,1.691342430129E1,-6.739956472117E0));
#1761=CARTESIAN_POINT('',(6.424656209066E0,1.681541766379E1,-7.053255015385E0));
#1762=CARTESIAN_POINT('',(6.761252657674E0,1.668347345759E1,-7.354849639344E0));
#1763=CARTESIAN_POINT('',(7.163641513441E0,1.651533886887E1,-7.646891286031E0));
#1764=CARTESIAN_POINT('',(7.628731748820E0,1.630650460502E1,-7.929634584580E0));
#1765=CARTESIAN_POINT('',(8.156653314637E0,1.604991246659E1,-8.201803343372E0));
#1766=CARTESIAN_POINT('',(8.749490603387E0,1.573586383021E1,-8.459097930863E0));
#1767=CARTESIAN_POINT('',(9.412182655121E0,1.535032149664E1,-8.692999453468E0));
#1768=CARTESIAN_POINT('',(1.014552510470E1,1.487809213330E1,-8.885848645621E0));
#1769=CARTESIAN_POINT('',(1.096837019643E1,1.428637001140E1,-9.011422657521E0));
#1770=CARTESIAN_POINT('',(1.184652933601E1,1.356691367867E1,-8.998055107239E0));
#1771=CARTESIAN_POINT('',(1.257772428433E1,1.288688222888E1,-8.813512769236E0));
#1772=CARTESIAN_POINT('',(1.314912986682E1,1.229952624986E1,-8.499735314970E0));
#1773=CARTESIAN_POINT('',(1.358205020790E1,1.181661060122E1,-8.087957831094E0));
#1774=CARTESIAN_POINT('',(1.389296171947E1,1.144723794675E1,-7.612108469725E0));
#1775=CARTESIAN_POINT('',(1.410236327135E1,1.118684352513E1,-7.093202367435E0));
#1776=CARTESIAN_POINT('',(1.422257824110E1,1.103280461125E1,-6.548109540484E0));
#1777=CARTESIAN_POINT('',(1.426099661504E1,1.098285254429E1,-5.991915415952E0));
#1778=CARTESIAN_POINT('',(1.422022584985E1,1.103585067573E1,-5.435682894192E0));
#1779=CARTESIAN_POINT('',(1.409777425199E1,1.119265556226E1,-4.892063064668E0));
#1780=CARTESIAN_POINT('',(1.388611600515E1,1.145557302691E1,-4.374819173103E0));
#1781=CARTESIAN_POINT('',(1.357281961587E1,1.182729329175E1,-3.900810793376E0));
#1782=CARTESIAN_POINT('',(1.313587028940E1,1.231375248459E1,-3.490584829439E0));
#1783=CARTESIAN_POINT('',(1.256046214488E1,1.290395885069E1,-3.179408500531E0));
#1784=CARTESIAN_POINT('',(1.181918364190E1,1.359089877763E1,-2.998451929083E0));
#1785=CARTESIAN_POINT('',(1.094175115946E1,1.430658739584E1,-2.990999251908E0));
#1786=CARTESIAN_POINT('',(1.012316059195E1,1.489320299042E1,-3.119003237790E0));
#1787=CARTESIAN_POINT('',(9.393559045800E0,1.536162364073E1,-3.312892619146E0));
#1788=CARTESIAN_POINT('',(8.735971559222E0,1.574328099556E1,-3.546346425784E0));
#1789=CARTESIAN_POINT('',(8.147450409015E0,1.605452996846E1,-3.802643096789E0));
#1790=CARTESIAN_POINT('',(7.622914049842E0,1.630918662741E1,-4.073696900642E0));
#1791=CARTESIAN_POINT('',(7.160529335773E0,1.651666464829E1,-4.355242257114E0));
#1792=CARTESIAN_POINT('',(6.759976289632E0,1.668397869363E1,-4.646241634333E0));
#1793=CARTESIAN_POINT('',(6.424393837483E0,1.681551400868E1,-4.947062103890E0));
#1794=CARTESIAN_POINT('',(6.160714050091E0,1.691341973738E1,-5.260052383980E0));
#1795=CARTESIAN_POINT('',(6.043038061091E0,1.695534649605E1,-5.472948498852E0));
#1796=CARTESIAN_POINT('',(6.E0,1.697056274848E1,-5.580766225884E0));
#1798=CARTESIAN_POINT('',(6.E0,1.4E1,-6.E0));
#1799=DIRECTION('',(1.E0,0.E0,0.E0));
#1800=DIRECTION('',(0.E0,9.901875828257E-1,1.397445913722E-1));
#1801=AXIS2_PLACEMENT_3D('',#1798,#1799,#1800);
#1803=CARTESIAN_POINT('',(6.E0,1.4E1,-6.E0));
#1804=DIRECTION('',(-1.E0,0.E0,0.E0));
#1805=DIRECTION('',(0.E0,0.E0,-1.E0));
#1806=AXIS2_PLACEMENT_3D('',#1803,#1804,#1805);
#1808=DIRECTION('',(1.E0,0.E0,0.E0));
#1809=VECTOR('',#1808,5.5E0);
#1810=CARTESIAN_POINT('',(5.E-1,1.4E1,-7.55E0));
#1811=LINE('',#1810,#1809);
#1812=CARTESIAN_POINT('',(6.E0,1.4E1,6.E0));
#1813=DIRECTION('',(-1.E0,0.E0,0.E0));
#1814=DIRECTION('',(0.E0,0.E0,1.E0));
#1815=AXIS2_PLACEMENT_3D('',#1812,#1813,#1814);
#1817=DIRECTION('',(1.E0,0.E0,0.E0));
#1818=VECTOR('',#1817,5.5E0);
#1819=CARTESIAN_POINT('',(5.E-1,1.4E1,7.55E0));
#1820=LINE('',#1819,#1818);
#1821=CARTESIAN_POINT('',(6.E0,1.4E1,6.E0));
#1822=DIRECTION('',(-1.E0,0.E0,0.E0));
#1823=DIRECTION('',(0.E0,0.E0,-1.E0));
#1824=AXIS2_PLACEMENT_3D('',#1821,#1822,#1823);
#1826=DIRECTION('',(1.E0,0.E0,0.E0));
#1827=VECTOR('',#1826,5.5E0);
#1828=CARTESIAN_POINT('',(5.E-1,1.4E1,4.45E0));
#1829=LINE('',#1828,#1827);
#1830=CARTESIAN_POINT('',(5.E-1,1.799305421545E1,-2.E1));
#1831=CARTESIAN_POINT('',(5.E-1,1.023779761472E1,-2.E1));
#1832=VERTEX_POINT('',#1830);
#1833=VERTEX_POINT('',#1831);
#1834=CARTESIAN_POINT('',(5.E-1,-1.023779761472E1,-2.E1));
#1835=VERTEX_POINT('',#1834);
#1836=CARTESIAN_POINT('',(5.E-1,-1.799305421545E1,-2.E1));
#1837=VERTEX_POINT('',#1836);
#1838=CARTESIAN_POINT('',(5.E-1,1.799305421545E1,2.E1));
#1839=CARTESIAN_POINT('',(5.E-1,1.023779761472E1,2.E1));
#1840=VERTEX_POINT('',#1838);
#1841=VERTEX_POINT('',#1839);
#1842=CARTESIAN_POINT('',(5.E-1,-1.023779761472E1,2.E1));
#1843=VERTEX_POINT('',#1842);
#1844=CARTESIAN_POINT('',(5.E-1,-1.799305421545E1,2.E1));
#1845=VERTEX_POINT('',#1844);
#1846=CARTESIAN_POINT('',(1.2E1,-2.E0,-1.05E1));
#1847=CARTESIAN_POINT('',(1.2E1,2.E0,-1.05E1));
#1848=VERTEX_POINT('',#1846);
#1849=VERTEX_POINT('',#1847);
#1850=CARTESIAN_POINT('',(1.2E1,-2.E0,1.05E1));
#1851=CARTESIAN_POINT('',(1.2E1,2.E0,1.05E1));
#1852=VERTEX_POINT('',#1850);
#1853=VERTEX_POINT('',#1851);
#1854=CARTESIAN_POINT('',(1.005298463144E1,-2.E0,-1.05E1));
#1855=CARTESIAN_POINT('',(1.005298463144E1,2.E0,-1.05E1));
#1856=VERTEX_POINT('',#1854);
#1857=VERTEX_POINT('',#1855);
#1858=CARTESIAN_POINT('',(1.005298463144E1,-2.E0,1.05E1));
#1859=CARTESIAN_POINT('',(1.005298463144E1,2.E0,1.05E1));
#1860=VERTEX_POINT('',#1858);
#1861=VERTEX_POINT('',#1859);
#1862=CARTESIAN_POINT('',(5.E-1,1.4E1,-4.45E0));
#1863=CARTESIAN_POINT('',(5.E-1,1.4E1,-7.55E0));
#1864=VERTEX_POINT('',#1862);
#1865=VERTEX_POINT('',#1863);
#1866=CARTESIAN_POINT('',(5.E-1,1.4E1,7.55E0));
#1867=CARTESIAN_POINT('',(5.E-1,1.4E1,4.45E0));
#1868=VERTEX_POINT('',#1866);
#1869=VERTEX_POINT('',#1867);
#1870=CARTESIAN_POINT('',(5.5E0,-1.4E1,-4.E0));
#1871=CARTESIAN_POINT('',(5.5E0,-1.4E1,-8.E0));
#1872=VERTEX_POINT('',#1870);
#1873=VERTEX_POINT('',#1871);
#1874=CARTESIAN_POINT('',(5.5E0,-1.4E1,8.E0));
#1875=CARTESIAN_POINT('',(5.5E0,-1.4E1,4.E0));
#1876=VERTEX_POINT('',#1874);
#1877=VERTEX_POINT('',#1875);
#1878=CARTESIAN_POINT('',(5.E-1,-1.4E1,-4.E0));
#1879=CARTESIAN_POINT('',(5.E-1,-1.4E1,-8.E0));
#1880=VERTEX_POINT('',#1878);
#1881=VERTEX_POINT('',#1879);
#1882=CARTESIAN_POINT('',(5.E-1,-1.4E1,8.E0));
#1883=CARTESIAN_POINT('',(5.E-1,-1.4E1,4.E0));
#1884=VERTEX_POINT('',#1882);
#1885=VERTEX_POINT('',#1883);
#1886=CARTESIAN_POINT('',(5.E-1,1.799305421545E1,8.E0));
#1887=CARTESIAN_POINT('',(5.E-1,1.799305421545E1,1.6E1));
#1888=VERTEX_POINT('',#1886);
#1889=VERTEX_POINT('',#1887);
#1890=VERTEX_POINT('',#304);
#1891=VERTEX_POINT('',#119);
#1892=VERTEX_POINT('',#306);
#1893=VERTEX_POINT('',#314);
#1894=VERTEX_POINT('',#237);
#1895=VERTEX_POINT('',#245);
#1896=VERTEX_POINT('',#1080);
#1897=VERTEX_POINT('',#1092);
#1898=VERTEX_POINT('',#1049);
#1899=VERTEX_POINT('',#1061);
#1900=VERTEX_POINT('',#1164);
#1901=VERTEX_POINT('',#1176);
#1902=VERTEX_POINT('',#1133);
#1903=VERTEX_POINT('',#1145);
#1904=VERTEX_POINT('',#1226);
#1905=VERTEX_POINT('',#1238);
#1906=VERTEX_POINT('',#1195);
#1907=VERTEX_POINT('',#1207);
#1908=VERTEX_POINT('',#1288);
#1909=VERTEX_POINT('',#1300);
#1910=VERTEX_POINT('',#1257);
#1911=VERTEX_POINT('',#1269);
#1912=VERTEX_POINT('',#1350);
#1913=VERTEX_POINT('',#1362);
#1914=VERTEX_POINT('',#1319);
#1915=VERTEX_POINT('',#1331);
#1916=CARTESIAN_POINT('',(5.E-1,1.799305421545E1,-1.411994048905E1));
#1917=CARTESIAN_POINT('',(5.E-1,1.799305421545E1,-9.900016081394E0));
#1918=VERTEX_POINT('',#1916);
#1919=VERTEX_POINT('',#1917);
#1920=VERTEX_POINT('',#197);
#1921=VERTEX_POINT('',#247);
#1922=VERTEX_POINT('',#603);
#1923=VERTEX_POINT('',#617);
#1924=CARTESIAN_POINT('',(8.721541263775E0,1.574594290553E1,-1.050001608139E1));
#1925=VERTEX_POINT('',#1924);
#1926=CARTESIAN_POINT('',(8.721831239050E0,1.574578228725E1,-1.349998391861E1));
#1927=VERTEX_POINT('',#1926);
#1928=VERTEX_POINT('',#619);
#1929=VERTEX_POINT('',#633);
#1930=CARTESIAN_POINT('',(1.531157628859E1,9.463383726690E0,-1.050001608139E1));
#1931=VERTEX_POINT('',#1930);
#1932=CARTESIAN_POINT('',(1.531175056335E1,9.463101747612E0,-1.349998391861E1));
#1933=VERTEX_POINT('',#1932);
#1934=VERTEX_POINT('',#635);
#1935=VERTEX_POINT('',#649);
#1936=CARTESIAN_POINT('',(1.798396912379E1,7.595094170289E-1,
-1.050001608139E1));
#1937=VERTEX_POINT('',#1936);
#1938=CARTESIAN_POINT('',(1.798398310784E1,7.591782247305E-1,
-1.349998391861E1));
#1939=VERTEX_POINT('',#1938);
#1940=VERTEX_POINT('',#651);
#1941=VERTEX_POINT('',#665);
#1942=CARTESIAN_POINT('',(1.605495744986E1,-8.138694077262E0,
-1.050001608139E1));
#1943=VERTEX_POINT('',#1942);
#1944=CARTESIAN_POINT('',(1.605480756522E1,-8.138989743438E0,
-1.349998391861E1));
#1945=VERTEX_POINT('',#1944);
#1946=VERTEX_POINT('',#667);
#1947=VERTEX_POINT('',#681);
#1948=CARTESIAN_POINT('',(1.001810100066E1,-1.495451946204E1,
-1.050001608139E1));
#1949=VERTEX_POINT('',#1948);
#1950=CARTESIAN_POINT('',(1.001782559704E1,-1.495470395252E1,
-1.349998391861E1));
#1951=VERTEX_POINT('',#1950);
#1952=CARTESIAN_POINT('',(1.417998651739E0,-1.794405973640E1,
-1.050001608139E1));
#1953=VERTEX_POINT('',#1952);
#1954=CARTESIAN_POINT('',(1.417668194299E0,-1.794408584718E1,
-1.349998391861E1));
#1955=VERTEX_POINT('',#1954);
#1956=VERTEX_POINT('',#574);
#1957=VERTEX_POINT('',#576);
#1958=VERTEX_POINT('',#1021);
#1959=VERTEX_POINT('',#1030);
#1960=VERTEX_POINT('',#1003);
#1961=VERTEX_POINT('',#992);
#1962=VERTEX_POINT('',#493);
#1963=VERTEX_POINT('',#511);
#1964=VERTEX_POINT('',#1364);
#1965=VERTEX_POINT('',#1380);
#1966=VERTEX_POINT('',#1418);
#1967=VERTEX_POINT('',#1434);
#1968=VERTEX_POINT('',#1400);
#1969=VERTEX_POINT('',#1416);
#1970=VERTEX_POINT('',#1454);
#1971=VERTEX_POINT('',#1470);
#1972=VERTEX_POINT('',#1436);
#1973=VERTEX_POINT('',#1452);
#1974=VERTEX_POINT('',#1490);
#1975=VERTEX_POINT('',#1506);
#1976=VERTEX_POINT('',#1472);
#1977=VERTEX_POINT('',#1488);
#1978=VERTEX_POINT('',#1526);
#1979=VERTEX_POINT('',#1542);
#1980=VERTEX_POINT('',#1508);
#1981=VERTEX_POINT('',#1524);
#1982=VERTEX_POINT('',#1562);
#1983=VERTEX_POINT('',#1578);
#1984=VERTEX_POINT('',#1544);
#1985=VERTEX_POINT('',#1560);
#1986=CARTESIAN_POINT('',(6.E0,1.697056274848E1,-6.419233774117E0));
#1987=CARTESIAN_POINT('',(6.E0,1.697056274848E1,-5.580766225884E0));
#1988=VERTEX_POINT('',#1986);
#1989=VERTEX_POINT('',#1987);
#1990=CARTESIAN_POINT('',(6.E0,1.4E1,-4.45E0));
#1991=CARTESIAN_POINT('',(6.E0,1.4E1,-7.55E0));
#1992=VERTEX_POINT('',#1990);
#1993=VERTEX_POINT('',#1991);
#1994=CARTESIAN_POINT('',(6.E0,1.4E1,7.55E0));
#1995=CARTESIAN_POINT('',(6.E0,1.4E1,4.45E0));
#1996=VERTEX_POINT('',#1994);
#1997=VERTEX_POINT('',#1995);
#1998=VERTEX_POINT('',#1586);
#1999=VERTEX_POINT('',#1613);
#2000=CARTESIAN_POINT('',(6.E0,1.125E1,6.E0));
#2001=CARTESIAN_POINT('',(6.E0,1.675E1,6.E0));
#2002=VERTEX_POINT('',#2000);
#2003=VERTEX_POINT('',#2001);
#2004=VERTEX_POINT('',#389);
#2005=VERTEX_POINT('',#414);
#2006=CARTESIAN_POINT('',(0.E0,0.E0,-2.E1));
#2007=DIRECTION('',(0.E0,0.E0,1.E0));
#2008=DIRECTION('',(1.E0,0.E0,0.E0));
#2009=AXIS2_PLACEMENT_3D('',#2006,#2007,#2008);
#2010=PLANE('',#2009);
#2012=ORIENTED_EDGE('',*,*,#2011,.T.);
#2014=ORIENTED_EDGE('',*,*,#2013,.T.);
#2016=ORIENTED_EDGE('',*,*,#2015,.T.);
#2018=ORIENTED_EDGE('',*,*,#2017,.T.);
#2019=EDGE_LOOP('',(#2012,#2014,#2016,#2018));
#2020=FACE_OUTER_BOUND('',#2019,.F.);
#2022=CARTESIAN_POINT('',(5.E-1,1.799305421545E1,-2.E1));
#2023=DIRECTION('',(-1.E0,0.E0,0.E0));
#2024=DIRECTION('',(0.E0,-1.E0,0.E0));
#2025=AXIS2_PLACEMENT_3D('',#2022,#2023,#2024);
#2026=PLANE('',#2025);
#2028=ORIENTED_EDGE('',*,*,#2027,.T.);
#2030=ORIENTED_EDGE('',*,*,#2029,.T.);
#2032=ORIENTED_EDGE('',*,*,#2031,.F.);
#2034=ORIENTED_EDGE('',*,*,#2033,.T.);
#2036=ORIENTED_EDGE('',*,*,#2035,.T.);
#2038=ORIENTED_EDGE('',*,*,#2037,.T.);
#2040=ORIENTED_EDGE('',*,*,#2039,.T.);
#2042=ORIENTED_EDGE('',*,*,#2041,.F.);
#2043=ORIENTED_EDGE('',*,*,#2011,.F.);
#2045=ORIENTED_EDGE('',*,*,#2044,.T.);
#2046=EDGE_LOOP('',(#2028,#2030,#2032,#2034,#2036,#2038,#2040,#2042,#2043,
#2045));
#2047=FACE_OUTER_BOUND('',#2046,.F.);
#2049=ORIENTED_EDGE('',*,*,#2048,.T.);
#2051=ORIENTED_EDGE('',*,*,#2050,.T.);
#2052=EDGE_LOOP('',(#2049,#2051));
#2053=FACE_BOUND('',#2052,.F.);
#2055=ORIENTED_EDGE('',*,*,#2054,.T.);
#2057=ORIENTED_EDGE('',*,*,#2056,.T.);
#2058=EDGE_LOOP('',(#2055,#2057));
#2059=FACE_BOUND('',#2058,.F.);
#2061=CARTESIAN_POINT('',(5.E-1,1.4E1,-6.E0));
#2062=DIRECTION('',(-1.E0,0.E0,0.E0));
#2063=DIRECTION('',(0.E0,0.E0,1.E0));
#2064=AXIS2_PLACEMENT_3D('',#2061,#2062,#2063);
#2065=CYLINDRICAL_SURFACE('',#2064,1.55E0);
#2067=ORIENTED_EDGE('',*,*,#2066,.T.);
#2069=ORIENTED_EDGE('',*,*,#2068,.F.);
#2070=ORIENTED_EDGE('',*,*,#2054,.F.);
#2072=ORIENTED_EDGE('',*,*,#2071,.T.);
#2073=EDGE_LOOP('',(#2067,#2069,#2070,#2072));
#2074=FACE_OUTER_BOUND('',#2073,.F.);
#2076=CARTESIAN_POINT('',(6.E0,0.E0,0.E0));
#2077=DIRECTION('',(1.E0,0.E0,0.E0));
#2078=DIRECTION('',(0.E0,-1.E0,0.E0));
#2079=AXIS2_PLACEMENT_3D('',#2076,#2077,#2078);
#2080=PLANE('',#2079);
#2082=ORIENTED_EDGE('',*,*,#2081,.F.);
#2084=ORIENTED_EDGE('',*,*,#2083,.F.);
#2085=EDGE_LOOP('',(#2082,#2084));
#2086=FACE_OUTER_BOUND('',#2085,.F.);
#2088=ORIENTED_EDGE('',*,*,#2087,.F.);
#2090=ORIENTED_EDGE('',*,*,#2089,.F.);
#2091=EDGE_LOOP('',(#2088,#2090));
#2092=FACE_BOUND('',#2091,.F.);
#2094=CARTESIAN_POINT('',(6.E0,0.E0,0.E0));
#2095=DIRECTION('',(1.E0,0.E0,0.E0));
#2096=DIRECTION('',(0.E0,-1.E0,0.E0));
#2097=AXIS2_PLACEMENT_3D('',#2094,#2095,#2096);
#2098=PLANE('',#2097);
#2100=ORIENTED_EDGE('',*,*,#2099,.F.);
#2102=ORIENTED_EDGE('',*,*,#2101,.F.);
#2103=EDGE_LOOP('',(#2100,#2102));
#2104=FACE_OUTER_BOUND('',#2103,.F.);
#2105=ORIENTED_EDGE('',*,*,#2066,.F.);
#2107=ORIENTED_EDGE('',*,*,#2106,.F.);
#2108=EDGE_LOOP('',(#2105,#2107));
#2109=FACE_BOUND('',#2108,.F.);
#2111=CARTESIAN_POINT('',(6.E0,1.4E1,6.E0));
#2112=DIRECTION('',(1.E0,0.E0,0.E0));
#2113=DIRECTION('',(0.E0,-1.E0,0.E0));
#2114=AXIS2_PLACEMENT_3D('',#2111,#2112,#2113);
#2115=CYLINDRICAL_SURFACE('',#2114,2.75E0);
#2117=ORIENTED_EDGE('',*,*,#2116,.T.);
#2119=ORIENTED_EDGE('',*,*,#2118,.F.);
#2120=ORIENTED_EDGE('',*,*,#2081,.T.);
#2122=ORIENTED_EDGE('',*,*,#2121,.T.);
#2123=EDGE_LOOP('',(#2117,#2119,#2120,#2122));
#2124=FACE_OUTER_BOUND('',#2123,.F.);
#2126=CARTESIAN_POINT('',(0.E0,0.E0,-2.E1));
#2127=DIRECTION('',(0.E0,0.E0,1.E0));
#2128=DIRECTION('',(1.E0,0.E0,0.E0));
#2129=AXIS2_PLACEMENT_3D('',#2126,#2127,#2128);
#2130=CYLINDRICAL_SURFACE('',#2129,1.8E1);
#2132=ORIENTED_EDGE('',*,*,#2131,.F.);
#2134=ORIENTED_EDGE('',*,*,#2133,.T.);
#2136=ORIENTED_EDGE('',*,*,#2135,.T.);
#2137=ORIENTED_EDGE('',*,*,#2037,.F.);
#2139=ORIENTED_EDGE('',*,*,#2138,.F.);
#2141=ORIENTED_EDGE('',*,*,#2140,.F.);
#2143=ORIENTED_EDGE('',*,*,#2142,.F.);
#2145=ORIENTED_EDGE('',*,*,#2144,.F.);
#2147=ORIENTED_EDGE('',*,*,#2146,.F.);
#2149=ORIENTED_EDGE('',*,*,#2148,.F.);
#2151=ORIENTED_EDGE('',*,*,#2150,.F.);
#2153=ORIENTED_EDGE('',*,*,#2152,.F.);
#2155=ORIENTED_EDGE('',*,*,#2154,.F.);
#2157=ORIENTED_EDGE('',*,*,#2156,.F.);
#2159=ORIENTED_EDGE('',*,*,#2158,.F.);
#2161=ORIENTED_EDGE('',*,*,#2160,.F.);
#2162=EDGE_LOOP('',(#2132,#2134,#2136,#2137,#2139,#2141,#2143,#2145,#2147,#2149,
#2151,#2153,#2155,#2157,#2159,#2161));
#2163=FACE_OUTER_BOUND('',#2162,.F.);
#2165=CARTESIAN_POINT('',(0.E0,0.E0,-2.E1));
#2166=DIRECTION('',(0.E0,0.E0,1.E0));
#2167=DIRECTION('',(1.E0,0.E0,0.E0));
#2168=AXIS2_PLACEMENT_3D('',#2165,#2166,#2167);
#2169=CYLINDRICAL_SURFACE('',#2168,1.8E1);
#2171=ORIENTED_EDGE('',*,*,#2170,.F.);
#2173=ORIENTED_EDGE('',*,*,#2172,.T.);
#2175=ORIENTED_EDGE('',*,*,#2174,.F.);
#2177=ORIENTED_EDGE('',*,*,#2176,.T.);
#2179=ORIENTED_EDGE('',*,*,#2178,.F.);
#2181=ORIENTED_EDGE('',*,*,#2180,.T.);
#2183=ORIENTED_EDGE('',*,*,#2182,.F.);
#2185=ORIENTED_EDGE('',*,*,#2184,.T.);
#2187=ORIENTED_EDGE('',*,*,#2186,.F.);
#2189=ORIENTED_EDGE('',*,*,#2188,.T.);
#2191=ORIENTED_EDGE('',*,*,#2190,.F.);
#2193=ORIENTED_EDGE('',*,*,#2192,.T.);
#2195=ORIENTED_EDGE('',*,*,#2194,.F.);
#2196=ORIENTED_EDGE('',*,*,#2044,.F.);
#2197=ORIENTED_EDGE('',*,*,#2017,.F.);
#2199=ORIENTED_EDGE('',*,*,#2198,.T.);
#2200=EDGE_LOOP('',(#2171,#2173,#2175,#2177,#2179,#2181,#2183,#2185,#2187,#2189,
#2191,#2193,#2195,#2196,#2197,#2199));
#2201=FACE_OUTER_BOUND('',#2200,.F.);
#2203=CARTESIAN_POINT('',(0.E0,0.E0,-2.E1));
#2204=DIRECTION('',(0.E0,0.E0,1.E0));
#2205=DIRECTION('',(1.E0,0.E0,0.E0));
#2206=AXIS2_PLACEMENT_3D('',#2203,#2204,#2205);
#2207=CYLINDRICAL_SURFACE('',#2206,1.8E1);
#2209=ORIENTED_EDGE('',*,*,#2208,.F.);
#2211=ORIENTED_EDGE('',*,*,#2210,.T.);
#2213=ORIENTED_EDGE('',*,*,#2212,.F.);
#2215=ORIENTED_EDGE('',*,*,#2214,.T.);
#2217=ORIENTED_EDGE('',*,*,#2216,.F.);
#2219=ORIENTED_EDGE('',*,*,#2218,.T.);
#2221=ORIENTED_EDGE('',*,*,#2220,.F.);
#2223=ORIENTED_EDGE('',*,*,#2222,.T.);
#2225=ORIENTED_EDGE('',*,*,#2224,.F.);
#2227=ORIENTED_EDGE('',*,*,#2226,.T.);
#2229=ORIENTED_EDGE('',*,*,#2228,.F.);
#2231=ORIENTED_EDGE('',*,*,#2230,.T.);
#2233=ORIENTED_EDGE('',*,*,#2232,.F.);
#2235=ORIENTED_EDGE('',*,*,#2234,.T.);
#2237=ORIENTED_EDGE('',*,*,#2236,.F.);
#2238=ORIENTED_EDGE('',*,*,#2029,.F.);
#2240=ORIENTED_EDGE('',*,*,#2239,.F.);
#2242=ORIENTED_EDGE('',*,*,#2241,.F.);
#2244=ORIENTED_EDGE('',*,*,#2243,.F.);
#2246=ORIENTED_EDGE('',*,*,#2245,.F.);
#2248=ORIENTED_EDGE('',*,*,#2247,.F.);
#2250=ORIENTED_EDGE('',*,*,#2249,.F.);
#2252=ORIENTED_EDGE('',*,*,#2251,.F.);
#2254=ORIENTED_EDGE('',*,*,#2253,.F.);
#2256=ORIENTED_EDGE('',*,*,#2255,.F.);
#2258=ORIENTED_EDGE('',*,*,#2257,.F.);
#2260=ORIENTED_EDGE('',*,*,#2259,.F.);
#2262=ORIENTED_EDGE('',*,*,#2261,.F.);
#2263=EDGE_LOOP('',(#2209,#2211,#2213,#2215,#2217,#2219,#2221,#2223,#2225,#2227,
#2229,#2231,#2233,#2235,#2237,#2238,#2240,#2242,#2244,#2246,#2248,#2250,#2252,
#2254,#2256,#2258,#2260,#2262));
#2264=FACE_OUTER_BOUND('',#2263,.F.);
#2265=ORIENTED_EDGE('',*,*,#2099,.T.);
#2267=ORIENTED_EDGE('',*,*,#2266,.F.);
#2268=EDGE_LOOP('',(#2265,#2267));
#2269=FACE_BOUND('',#2268,.F.);
#2271=CARTESIAN_POINT('',(0.E0,0.E0,-2.E1));
#2272=DIRECTION('',(0.E0,0.E0,1.E0));
#2273=DIRECTION('',(1.E0,0.E0,0.E0));
#2274=AXIS2_PLACEMENT_3D('',#2271,#2272,#2273);
#2275=CYLINDRICAL_SURFACE('',#2274,1.8E1);
#2277=ORIENTED_EDGE('',*,*,#2276,.F.);
#2279=ORIENTED_EDGE('',*,*,#2278,.T.);
#2281=ORIENTED_EDGE('',*,*,#2280,.F.);
#2282=ORIENTED_EDGE('',*,*,#2033,.F.);
#2284=ORIENTED_EDGE('',*,*,#2283,.F.);
#2286=ORIENTED_EDGE('',*,*,#2285,.F.);
#2288=ORIENTED_EDGE('',*,*,#2287,.F.);
#2290=ORIENTED_EDGE('',*,*,#2289,.F.);
#2292=ORIENTED_EDGE('',*,*,#2291,.F.);
#2294=ORIENTED_EDGE('',*,*,#2293,.F.);
#2296=ORIENTED_EDGE('',*,*,#2295,.F.);
#2298=ORIENTED_EDGE('',*,*,#2297,.F.);
#2300=ORIENTED_EDGE('',*,*,#2299,.F.);
#2302=ORIENTED_EDGE('',*,*,#2301,.F.);
#2304=ORIENTED_EDGE('',*,*,#2303,.F.);
#2306=ORIENTED_EDGE('',*,*,#2305,.F.);
#2308=ORIENTED_EDGE('',*,*,#2307,.F.);
#2310=ORIENTED_EDGE('',*,*,#2309,.T.);
#2312=ORIENTED_EDGE('',*,*,#2311,.F.);
#2314=ORIENTED_EDGE('',*,*,#2313,.T.);
#2316=ORIENTED_EDGE('',*,*,#2315,.F.);
#2318=ORIENTED_EDGE('',*,*,#2317,.T.);
#2320=ORIENTED_EDGE('',*,*,#2319,.F.);
#2322=ORIENTED_EDGE('',*,*,#2321,.T.);
#2324=ORIENTED_EDGE('',*,*,#2323,.F.);
#2326=ORIENTED_EDGE('',*,*,#2325,.T.);
#2328=ORIENTED_EDGE('',*,*,#2327,.F.);
#2330=ORIENTED_EDGE('',*,*,#2329,.T.);
#2332=ORIENTED_EDGE('',*,*,#2331,.F.);
#2334=ORIENTED_EDGE('',*,*,#2333,.F.);
#2335=ORIENTED_EDGE('',*,*,#2116,.F.);
#2337=ORIENTED_EDGE('',*,*,#2336,.F.);
#2338=EDGE_LOOP('',(#2277,#2279,#2281,#2282,#2284,#2286,#2288,#2290,#2292,#2294,
#2296,#2298,#2300,#2302,#2304,#2306,#2308,#2310,#2312,#2314,#2316,#2318,#2320,
#2322,#2324,#2326,#2328,#2330,#2332,#2334,#2335,#2337));
#2339=FACE_OUTER_BOUND('',#2338,.F.);
#2341=CARTESIAN_POINT('',(8.191216129468E-1,-1.798135255711E1,1.2E1));
#2342=DIRECTION('',(9.973144772245E-1,7.323819712763E-2,0.E0));
#2343=DIRECTION('',(0.E0,0.E0,-1.E0));
#2344=AXIS2_PLACEMENT_3D('',#2341,#2342,#2343);
#2345=TOROIDAL_SURFACE('',#2344,3.E0,1.E0);
#2346=ORIENTED_EDGE('',*,*,#2311,.T.);
#2348=ORIENTED_EDGE('',*,*,#2347,.T.);
#2349=ORIENTED_EDGE('',*,*,#2131,.T.);
#2351=ORIENTED_EDGE('',*,*,#2350,.T.);
#2352=EDGE_LOOP('',(#2346,#2348,#2349,#2351));
#2353=FACE_OUTER_BOUND('',#2352,.F.);
#2355=CARTESIAN_POINT('',(5.E-1,-1.023779761472E1,-2.E1));
#2356=DIRECTION('',(-1.E0,0.E0,0.E0));
#2357=DIRECTION('',(0.E0,-1.E0,0.E0));
#2358=AXIS2_PLACEMENT_3D('',#2355,#2356,#2357);
#2359=PLANE('',#2358);
#2361=ORIENTED_EDGE('',*,*,#2360,.F.);
#2362=ORIENTED_EDGE('',*,*,#2198,.F.);
#2363=ORIENTED_EDGE('',*,*,#2015,.F.);
#2365=ORIENTED_EDGE('',*,*,#2364,.T.);
#2367=ORIENTED_EDGE('',*,*,#2366,.T.);
#2368=ORIENTED_EDGE('',*,*,#2133,.F.);
#2369=ORIENTED_EDGE('',*,*,#2347,.F.);
#2370=ORIENTED_EDGE('',*,*,#2309,.F.);
#2372=ORIENTED_EDGE('',*,*,#2371,.F.);
#2373=ORIENTED_EDGE('',*,*,#2210,.F.);
#2374=EDGE_LOOP('',(#2361,#2362,#2363,#2365,#2367,#2368,#2369,#2370,#2372,
#2373));
#2375=FACE_OUTER_BOUND('',#2374,.F.);
#2377=ORIENTED_EDGE('',*,*,#2376,.T.);
#2379=ORIENTED_EDGE('',*,*,#2378,.T.);
#2380=EDGE_LOOP('',(#2377,#2379));
#2381=FACE_BOUND('',#2380,.F.);
#2383=ORIENTED_EDGE('',*,*,#2382,.T.);
#2385=ORIENTED_EDGE('',*,*,#2384,.T.);
#2386=EDGE_LOOP('',(#2383,#2385));
#2387=FACE_BOUND('',#2386,.F.);
#2389=CARTESIAN_POINT('',(5.E-1,-1.4E1,-6.E0));
#2390=DIRECTION('',(-1.E0,0.E0,0.E0));
#2391=DIRECTION('',(0.E0,0.E0,1.E0));
#2392=AXIS2_PLACEMENT_3D('',#2389,#2390,#2391);
#2393=CYLINDRICAL_SURFACE('',#2392,2.E0);
#2394=ORIENTED_EDGE('',*,*,#2382,.F.);
#2396=ORIENTED_EDGE('',*,*,#2395,.T.);
#2398=ORIENTED_EDGE('',*,*,#2397,.T.);
#2400=ORIENTED_EDGE('',*,*,#2399,.F.);
#2401=EDGE_LOOP('',(#2394,#2396,#2398,#2400));
#2402=FACE_OUTER_BOUND('',#2401,.F.);
#2404=CARTESIAN_POINT('',(5.E-1,-1.4E1,-6.E0));
#2405=DIRECTION('',(-1.E0,0.E0,0.E0));
#2406=DIRECTION('',(0.E0,0.E0,1.E0));
#2407=AXIS2_PLACEMENT_3D('',#2404,#2405,#2406);
#2408=CYLINDRICAL_SURFACE('',#2407,2.E0);
#2409=ORIENTED_EDGE('',*,*,#2384,.F.);
#2410=ORIENTED_EDGE('',*,*,#2399,.T.);
#2412=ORIENTED_EDGE('',*,*,#2411,.T.);
#2413=ORIENTED_EDGE('',*,*,#2395,.F.);
#2414=EDGE_LOOP('',(#2409,#2410,#2412,#2413));
#2415=FACE_OUTER_BOUND('',#2414,.F.);
#2417=CARTESIAN_POINT('',(5.5E0,0.E0,-2.E1));
#2418=DIRECTION('',(-1.E0,0.E0,0.E0));
#2419=DIRECTION('',(0.E0,0.E0,1.E0));
#2420=AXIS2_PLACEMENT_3D('',#2417,#2418,#2419);
#2421=PLANE('',#2420);
#2422=ORIENTED_EDGE('',*,*,#2397,.F.);
#2423=ORIENTED_EDGE('',*,*,#2411,.F.);
#2424=EDGE_LOOP('',(#2422,#2423));
#2425=FACE_OUTER_BOUND('',#2424,.F.);
#2427=CARTESIAN_POINT('',(5.5E0,0.E0,-2.E1));
#2428=DIRECTION('',(-1.E0,0.E0,0.E0));
#2429=DIRECTION('',(0.E0,0.E0,1.E0));
#2430=AXIS2_PLACEMENT_3D('',#2427,#2428,#2429);
#2431=PLANE('',#2430);
#2433=ORIENTED_EDGE('',*,*,#2432,.F.);
#2435=ORIENTED_EDGE('',*,*,#2434,.F.);
#2436=EDGE_LOOP('',(#2433,#2435));
#2437=FACE_OUTER_BOUND('',#2436,.F.);
#2439=CARTESIAN_POINT('',(5.E-1,-1.4E1,6.E0));
#2440=DIRECTION('',(-1.E0,0.E0,0.E0));
#2441=DIRECTION('',(0.E0,0.E0,1.E0));
#2442=AXIS2_PLACEMENT_3D('',#2439,#2440,#2441);
#2443=CYLINDRICAL_SURFACE('',#2442,2.E0);
#2444=ORIENTED_EDGE('',*,*,#2376,.F.);
#2446=ORIENTED_EDGE('',*,*,#2445,.T.);
#2447=ORIENTED_EDGE('',*,*,#2432,.T.);
#2449=ORIENTED_EDGE('',*,*,#2448,.F.);
#2450=EDGE_LOOP('',(#2444,#2446,#2447,#2449));
#2451=FACE_OUTER_BOUND('',#2450,.F.);
#2453=CARTESIAN_POINT('',(5.E-1,-1.4E1,6.E0));
#2454=DIRECTION('',(-1.E0,0.E0,0.E0));
#2455=DIRECTION('',(0.E0,0.E0,1.E0));
#2456=AXIS2_PLACEMENT_3D('',#2453,#2454,#2455);
#2457=CYLINDRICAL_SURFACE('',#2456,2.E0);
#2458=ORIENTED_EDGE('',*,*,#2378,.F.);
#2459=ORIENTED_EDGE('',*,*,#2448,.T.);
#2460=ORIENTED_EDGE('',*,*,#2434,.T.);
#2461=ORIENTED_EDGE('',*,*,#2445,.F.);
#2462=EDGE_LOOP('',(#2458,#2459,#2460,#2461));
#2463=FACE_OUTER_BOUND('',#2462,.F.);
#2465=CARTESIAN_POINT('',(8.191216129468E-1,-1.798135255711E1,
-1.200997828522E1));
#2466=DIRECTION('',(9.973144772245E-1,7.323819712763E-2,0.E0));
#2467=DIRECTION('',(0.E0,0.E0,1.E0));
#2468=AXIS2_PLACEMENT_3D('',#2465,#2466,#2467);
#2469=TOROIDAL_SURFACE('',#2468,1.509962203827E0,6.E-1);
#2471=ORIENTED_EDGE('',*,*,#2470,.T.);
#2472=ORIENTED_EDGE('',*,*,#2170,.T.);
#2473=ORIENTED_EDGE('',*,*,#2360,.T.);
#2474=ORIENTED_EDGE('',*,*,#2208,.T.);
#2475=EDGE_LOOP('',(#2471,#2472,#2473,#2474));
#2476=FACE_OUTER_BOUND('',#2475,.F.);
#2478=CARTESIAN_POINT('',(0.E0,0.E0,-1.2E1));
#2479=DIRECTION('',(0.E0,0.E0,1.E0));
#2480=DIRECTION('',(0.E0,1.E0,0.E0));
#2481=AXIS2_PLACEMENT_3D('',#2478,#2479,#2480);
#2482=TOROIDAL_SURFACE('',#2481,1.799305421545E1,1.5E0);
#2484=ORIENTED_EDGE('',*,*,#2483,.F.);
#2485=ORIENTED_EDGE('',*,*,#2241,.T.);
#2487=ORIENTED_EDGE('',*,*,#2486,.F.);
#2488=ORIENTED_EDGE('',*,*,#2192,.F.);
#2489=EDGE_LOOP('',(#2484,#2485,#2487,#2488));
#2490=FACE_OUTER_BOUND('',#2489,.F.);
#2492=CARTESIAN_POINT('',(0.E0,0.E0,-1.2E1));
#2493=DIRECTION('',(0.E0,0.E0,1.E0));
#2494=DIRECTION('',(0.E0,1.E0,0.E0));
#2495=AXIS2_PLACEMENT_3D('',#2492,#2493,#2494);
#2496=TOROIDAL_SURFACE('',#2495,1.799305421545E1,1.5E0);
#2498=ORIENTED_EDGE('',*,*,#2497,.F.);
#2499=ORIENTED_EDGE('',*,*,#2245,.T.);
#2501=ORIENTED_EDGE('',*,*,#2500,.F.);
#2502=ORIENTED_EDGE('',*,*,#2188,.F.);
#2503=EDGE_LOOP('',(#2498,#2499,#2501,#2502));
#2504=FACE_OUTER_BOUND('',#2503,.F.);
#2506=CARTESIAN_POINT('',(0.E0,0.E0,-1.2E1));
#2507=DIRECTION('',(0.E0,0.E0,1.E0));
#2508=DIRECTION('',(0.E0,1.E0,0.E0));
#2509=AXIS2_PLACEMENT_3D('',#2506,#2507,#2508);
#2510=TOROIDAL_SURFACE('',#2509,1.799305421545E1,1.5E0);
#2512=ORIENTED_EDGE('',*,*,#2511,.F.);
#2513=ORIENTED_EDGE('',*,*,#2249,.T.);
#2515=ORIENTED_EDGE('',*,*,#2514,.F.);
#2516=ORIENTED_EDGE('',*,*,#2184,.F.);
#2517=EDGE_LOOP('',(#2512,#2513,#2515,#2516));
#2518=FACE_OUTER_BOUND('',#2517,.F.);
#2520=CARTESIAN_POINT('',(0.E0,0.E0,-1.2E1));
#2521=DIRECTION('',(0.E0,0.E0,1.E0));
#2522=DIRECTION('',(0.E0,1.E0,0.E0));
#2523=AXIS2_PLACEMENT_3D('',#2520,#2521,#2522);
#2524=TOROIDAL_SURFACE('',#2523,1.799305421545E1,1.5E0);
#2526=ORIENTED_EDGE('',*,*,#2525,.F.);
#2527=ORIENTED_EDGE('',*,*,#2253,.T.);
#2529=ORIENTED_EDGE('',*,*,#2528,.F.);
#2530=ORIENTED_EDGE('',*,*,#2180,.F.);
#2531=EDGE_LOOP('',(#2526,#2527,#2529,#2530));
#2532=FACE_OUTER_BOUND('',#2531,.F.);
#2534=CARTESIAN_POINT('',(0.E0,0.E0,-1.2E1));
#2535=DIRECTION('',(0.E0,0.E0,1.E0));
#2536=DIRECTION('',(0.E0,1.E0,0.E0));
#2537=AXIS2_PLACEMENT_3D('',#2534,#2535,#2536);
#2538=TOROIDAL_SURFACE('',#2537,1.799305421545E1,1.5E0);
#2540=ORIENTED_EDGE('',*,*,#2539,.F.);
#2541=ORIENTED_EDGE('',*,*,#2257,.T.);
#2543=ORIENTED_EDGE('',*,*,#2542,.F.);
#2544=ORIENTED_EDGE('',*,*,#2176,.F.);
#2545=EDGE_LOOP('',(#2540,#2541,#2543,#2544));
#2546=FACE_OUTER_BOUND('',#2545,.F.);
#2548=CARTESIAN_POINT('',(0.E0,0.E0,-1.2E1));
#2549=DIRECTION('',(0.E0,0.E0,1.E0));
#2550=DIRECTION('',(0.E0,1.E0,0.E0));
#2551=AXIS2_PLACEMENT_3D('',#2548,#2549,#2550);
#2552=TOROIDAL_SURFACE('',#2551,1.799305421545E1,1.5E0);
#2553=ORIENTED_EDGE('',*,*,#2470,.F.);
#2554=ORIENTED_EDGE('',*,*,#2261,.T.);
#2556=ORIENTED_EDGE('',*,*,#2555,.F.);
#2557=ORIENTED_EDGE('',*,*,#2172,.F.);
#2558=EDGE_LOOP('',(#2553,#2554,#2556,#2557));
#2559=FACE_OUTER_BOUND('',#2558,.F.);
#2561=CARTESIAN_POINT('',(9.241519622621E0,1.544649847262E1,-1.200997828522E1));
#2562=DIRECTION('',(-8.720692724321E-1,4.893824517488E-1,0.E0));
#2563=DIRECTION('',(0.E0,0.E0,1.E0));
#2564=AXIS2_PLACEMENT_3D('',#2561,#2562,#2563);
#2565=TOROIDAL_SURFACE('',#2564,1.509962203827E0,6.E-1);
#2566=ORIENTED_EDGE('',*,*,#2483,.T.);
#2567=ORIENTED_EDGE('',*,*,#2190,.T.);
#2568=ORIENTED_EDGE('',*,*,#2500,.T.);
#2569=ORIENTED_EDGE('',*,*,#2243,.T.);
#2570=EDGE_LOOP('',(#2566,#2567,#2568,#2569));
#2571=FACE_OUTER_BOUND('',#2570,.F.);
#2573=CARTESIAN_POINT('',(5.E-1,1.799305421545E1,-1.200997828522E1));
#2574=DIRECTION('',(-1.E0,0.E0,0.E0));
#2575=DIRECTION('',(0.E0,0.E0,1.E0));
#2576=AXIS2_PLACEMENT_3D('',#2573,#2574,#2575);
#2577=TOROIDAL_SURFACE('',#2576,1.509962203827E0,6.E-1);
#2578=ORIENTED_EDGE('',*,*,#2194,.T.);
#2579=ORIENTED_EDGE('',*,*,#2486,.T.);
#2580=ORIENTED_EDGE('',*,*,#2239,.T.);
#2581=ORIENTED_EDGE('',*,*,#2027,.F.);
#2582=EDGE_LOOP('',(#2578,#2579,#2580,#2581));
#2583=FACE_OUTER_BOUND('',#2582,.F.);
#2585=CARTESIAN_POINT('',(1.561849058693E1,8.947779153840E0,-1.200997828522E1));
#2586=DIRECTION('',(-5.210096318406E-1,8.535507972753E-1,0.E0));
#2587=DIRECTION('',(0.E0,0.E0,1.E0));
#2588=AXIS2_PLACEMENT_3D('',#2585,#2586,#2587);
#2589=TOROIDAL_SURFACE('',#2588,1.509962203827E0,6.E-1);
#2590=ORIENTED_EDGE('',*,*,#2497,.T.);
#2591=ORIENTED_EDGE('',*,*,#2186,.T.);
#2592=ORIENTED_EDGE('',*,*,#2514,.T.);
#2593=ORIENTED_EDGE('',*,*,#2247,.T.);
#2594=EDGE_LOOP('',(#2590,#2591,#2592,#2593));
#2595=FACE_OUTER_BOUND('',#2594,.F.);
#2597=CARTESIAN_POINT('',(1.799929182265E1,1.596680405228E-1,
-1.200997828522E1));
#2598=DIRECTION('',(-3.664370870656E-2,9.993283937787E-1,0.E0));
#2599=DIRECTION('',(0.E0,0.E0,1.E0));
#2600=AXIS2_PLACEMENT_3D('',#2597,#2598,#2599);
#2601=TOROIDAL_SURFACE('',#2600,1.509962203827E0,6.E-1);
#2602=ORIENTED_EDGE('',*,*,#2511,.T.);
#2603=ORIENTED_EDGE('',*,*,#2182,.T.);
#2604=ORIENTED_EDGE('',*,*,#2528,.T.);
#2605=ORIENTED_EDGE('',*,*,#2251,.T.);
#2606=EDGE_LOOP('',(#2602,#2603,#2604,#2605));
#2607=FACE_OUTER_BOUND('',#2606,.F.);
#2609=CARTESIAN_POINT('',(1.577476806121E1,-8.669295969981E0,
-1.200997828522E1));
#2610=DIRECTION('',(4.570979270587E-1,8.894163732913E-1,0.E0));
#2611=DIRECTION('',(0.E0,0.E0,1.E0));
#2612=AXIS2_PLACEMENT_3D('',#2609,#2610,#2611);
#2613=TOROIDAL_SURFACE('',#2612,1.509962203827E0,6.E-1);
#2614=ORIENTED_EDGE('',*,*,#2525,.T.);
#2615=ORIENTED_EDGE('',*,*,#2178,.T.);
#2616=ORIENTED_EDGE('',*,*,#2542,.T.);
#2617=ORIENTED_EDGE('',*,*,#2255,.T.);
#2618=EDGE_LOOP('',(#2614,#2615,#2616,#2617));
#2619=FACE_OUTER_BOUND('',#2618,.F.);
#2621=CARTESIAN_POINT('',(9.514089189196E0,-1.528012129860E1,
-1.200997828522E1));
#2622=DIRECTION('',(8.338858220672E-1,5.519369853121E-1,0.E0));
#2623=DIRECTION('',(0.E0,0.E0,1.E0));
#2624=AXIS2_PLACEMENT_3D('',#2621,#2622,#2623);
#2625=TOROIDAL_SURFACE('',#2624,1.509962203827E0,6.E-1);
#2626=ORIENTED_EDGE('',*,*,#2539,.T.);
#2627=ORIENTED_EDGE('',*,*,#2174,.T.);
#2628=ORIENTED_EDGE('',*,*,#2555,.T.);
#2629=ORIENTED_EDGE('',*,*,#2259,.T.);
#2630=EDGE_LOOP('',(#2626,#2627,#2628,#2629));
#2631=FACE_OUTER_BOUND('',#2630,.F.);
#2633=CARTESIAN_POINT('',(0.E0,0.E0,-2.E1));
#2634=DIRECTION('',(0.E0,0.E0,1.E0));
#2635=DIRECTION('',(1.E0,0.E0,0.E0));
#2636=AXIS2_PLACEMENT_3D('',#2633,#2634,#2635);
#2637=CYLINDRICAL_SURFACE('',#2636,1.025E1);
#2638=ORIENTED_EDGE('',*,*,#2013,.F.);
#2639=ORIENTED_EDGE('',*,*,#2041,.T.);
#2641=ORIENTED_EDGE('',*,*,#2640,.T.);
#2642=ORIENTED_EDGE('',*,*,#2364,.F.);
#2643=EDGE_LOOP('',(#2638,#2639,#2641,#2642));
#2644=FACE_OUTER_BOUND('',#2643,.F.);
#2646=ORIENTED_EDGE('',*,*,#2645,.F.);
#2648=ORIENTED_EDGE('',*,*,#2647,.T.);
#2650=ORIENTED_EDGE('',*,*,#2649,.T.);
#2652=ORIENTED_EDGE('',*,*,#2651,.F.);
#2653=EDGE_LOOP('',(#2646,#2648,#2650,#2652));
#2654=FACE_BOUND('',#2653,.F.);
#2656=CARTESIAN_POINT('',(0.E0,0.E0,2.E1));
#2657=DIRECTION('',(0.E0,0.E0,1.E0));
#2658=DIRECTION('',(1.E0,0.E0,0.E0));
#2659=AXIS2_PLACEMENT_3D('',#2656,#2657,#2658);
#2660=PLANE('',#2659);
#2661=ORIENTED_EDGE('',*,*,#2039,.F.);
#2662=ORIENTED_EDGE('',*,*,#2135,.F.);
#2663=ORIENTED_EDGE('',*,*,#2366,.F.);
#2664=ORIENTED_EDGE('',*,*,#2640,.F.);
#2665=EDGE_LOOP('',(#2661,#2662,#2663,#2664));
#2666=FACE_OUTER_BOUND('',#2665,.F.);
#2668=CARTESIAN_POINT('',(0.E0,0.E0,-1.05E1));
#2669=DIRECTION('',(0.E0,0.E0,1.E0));
#2670=DIRECTION('',(1.E0,0.E0,0.E0));
#2671=AXIS2_PLACEMENT_3D('',#2668,#2669,#2670);
#2672=PLANE('',#2671);
#2673=ORIENTED_EDGE('',*,*,#2645,.T.);
#2675=ORIENTED_EDGE('',*,*,#2674,.F.);
#2677=ORIENTED_EDGE('',*,*,#2676,.F.);
#2679=ORIENTED_EDGE('',*,*,#2678,.F.);
#2680=EDGE_LOOP('',(#2673,#2675,#2677,#2679));
#2681=FACE_OUTER_BOUND('',#2680,.F.);
#2683=CARTESIAN_POINT('',(1.2E1,2.E0,-1.05E1));
#2684=DIRECTION('',(0.E0,1.E0,0.E0));
#2685=DIRECTION('',(-1.E0,0.E0,0.E0));
#2686=AXIS2_PLACEMENT_3D('',#2683,#2684,#2685);
#2687=PLANE('',#2686);
#2688=ORIENTED_EDGE('',*,*,#2651,.T.);
#2690=ORIENTED_EDGE('',*,*,#2689,.F.);
#2692=ORIENTED_EDGE('',*,*,#2691,.F.);
#2693=ORIENTED_EDGE('',*,*,#2674,.T.);
#2694=EDGE_LOOP('',(#2688,#2690,#2692,#2693));
#2695=FACE_OUTER_BOUND('',#2694,.F.);
#2697=CARTESIAN_POINT('',(0.E0,0.E0,1.05E1));
#2698=DIRECTION('',(0.E0,0.E0,1.E0));
#2699=DIRECTION('',(1.E0,0.E0,0.E0));
#2700=AXIS2_PLACEMENT_3D('',#2697,#2698,#2699);
#2701=PLANE('',#2700);
#2702=ORIENTED_EDGE('',*,*,#2649,.F.);
#2704=ORIENTED_EDGE('',*,*,#2703,.T.);
#2706=ORIENTED_EDGE('',*,*,#2705,.T.);
#2707=ORIENTED_EDGE('',*,*,#2689,.T.);
#2708=EDGE_LOOP('',(#2702,#2704,#2706,#2707));
#2709=FACE_OUTER_BOUND('',#2708,.F.);
#2711=CARTESIAN_POINT('',(0.E0,-2.E0,-1.05E1));
#2712=DIRECTION('',(0.E0,-1.E0,0.E0));
#2713=DIRECTION('',(1.E0,0.E0,0.E0));
#2714=AXIS2_PLACEMENT_3D('',#2711,#2712,#2713);
#2715=PLANE('',#2714);
#2716=ORIENTED_EDGE('',*,*,#2647,.F.);
#2717=ORIENTED_EDGE('',*,*,#2678,.T.);
#2719=ORIENTED_EDGE('',*,*,#2718,.T.);
#2720=ORIENTED_EDGE('',*,*,#2703,.F.);
#2721=EDGE_LOOP('',(#2716,#2717,#2719,#2720));
#2722=FACE_OUTER_BOUND('',#2721,.F.);
#2724=CARTESIAN_POINT('',(1.2E1,-2.E0,-1.05E1));
#2725=DIRECTION('',(1.E0,0.E0,0.E0));
#2726=DIRECTION('',(0.E0,1.E0,0.E0));
#2727=AXIS2_PLACEMENT_3D('',#2724,#2725,#2726);
#2728=PLANE('',#2727);
#2729=ORIENTED_EDGE('',*,*,#2676,.T.);
#2730=ORIENTED_EDGE('',*,*,#2691,.T.);
#2731=ORIENTED_EDGE('',*,*,#2705,.F.);
#2732=ORIENTED_EDGE('',*,*,#2718,.F.);
#2733=EDGE_LOOP('',(#2729,#2730,#2731,#2732));
#2734=FACE_OUTER_BOUND('',#2733,.F.);
#2736=CARTESIAN_POINT('',(8.191216129468E-1,-1.798135255711E1,0.E0));
#2737=DIRECTION('',(9.973144772245E-1,7.323819712763E-2,0.E0));
#2738=DIRECTION('',(7.323819712763E-2,-9.973144772245E-1,0.E0));
#2739=AXIS2_PLACEMENT_3D('',#2736,#2737,#2738);
#2740=TOROIDAL_SURFACE('',#2739,1.999987938983E0,7.5E-1);
#2742=ORIENTED_EDGE('',*,*,#2741,.T.);
#2743=ORIENTED_EDGE('',*,*,#2212,.T.);
#2744=ORIENTED_EDGE('',*,*,#2371,.T.);
#2745=ORIENTED_EDGE('',*,*,#2307,.T.);
#2746=EDGE_LOOP('',(#2742,#2743,#2744,#2745));
#2747=FACE_OUTER_BOUND('',#2746,.F.);
#2749=CARTESIAN_POINT('',(0.E0,0.E0,0.E0));
#2750=DIRECTION('',(0.E0,0.E0,1.E0));
#2751=DIRECTION('',(0.E0,1.E0,0.E0));
#2752=AXIS2_PLACEMENT_3D('',#2749,#2750,#2751);
#2753=TOROIDAL_SURFACE('',#2752,1.799305421545E1,2.E0);
#2755=ORIENTED_EDGE('',*,*,#2754,.F.);
#2756=ORIENTED_EDGE('',*,*,#2285,.T.);
#2758=ORIENTED_EDGE('',*,*,#2757,.F.);
#2759=ORIENTED_EDGE('',*,*,#2234,.F.);
#2760=EDGE_LOOP('',(#2755,#2756,#2758,#2759));
#2761=FACE_OUTER_BOUND('',#2760,.F.);
#2763=CARTESIAN_POINT('',(0.E0,0.E0,0.E0));
#2764=DIRECTION('',(0.E0,0.E0,1.E0));
#2765=DIRECTION('',(0.E0,1.E0,0.E0));
#2766=AXIS2_PLACEMENT_3D('',#2763,#2764,#2765);
#2767=TOROIDAL_SURFACE('',#2766,1.799305421545E1,2.E0);
#2769=ORIENTED_EDGE('',*,*,#2768,.F.);
#2770=ORIENTED_EDGE('',*,*,#2289,.T.);
#2772=ORIENTED_EDGE('',*,*,#2771,.F.);
#2773=ORIENTED_EDGE('',*,*,#2230,.F.);
#2774=EDGE_LOOP('',(#2769,#2770,#2772,#2773));
#2775=FACE_OUTER_BOUND('',#2774,.F.);
#2777=CARTESIAN_POINT('',(0.E0,0.E0,0.E0));
#2778=DIRECTION('',(0.E0,0.E0,1.E0));
#2779=DIRECTION('',(0.E0,1.E0,0.E0));
#2780=AXIS2_PLACEMENT_3D('',#2777,#2778,#2779);
#2781=TOROIDAL_SURFACE('',#2780,1.799305421545E1,2.E0);
#2783=ORIENTED_EDGE('',*,*,#2782,.F.);
#2784=ORIENTED_EDGE('',*,*,#2293,.T.);
#2786=ORIENTED_EDGE('',*,*,#2785,.F.);
#2787=ORIENTED_EDGE('',*,*,#2226,.F.);
#2788=EDGE_LOOP('',(#2783,#2784,#2786,#2787));
#2789=FACE_OUTER_BOUND('',#2788,.F.);
#2791=CARTESIAN_POINT('',(0.E0,0.E0,0.E0));
#2792=DIRECTION('',(0.E0,0.E0,1.E0));
#2793=DIRECTION('',(0.E0,1.E0,0.E0));
#2794=AXIS2_PLACEMENT_3D('',#2791,#2792,#2793);
#2795=TOROIDAL_SURFACE('',#2794,1.799305421545E1,2.E0);
#2797=ORIENTED_EDGE('',*,*,#2796,.F.);
#2798=ORIENTED_EDGE('',*,*,#2297,.T.);
#2800=ORIENTED_EDGE('',*,*,#2799,.F.);
#2801=ORIENTED_EDGE('',*,*,#2222,.F.);
#2802=EDGE_LOOP('',(#2797,#2798,#2800,#2801));
#2803=FACE_OUTER_BOUND('',#2802,.F.);
#2805=CARTESIAN_POINT('',(0.E0,0.E0,0.E0));
#2806=DIRECTION('',(0.E0,0.E0,1.E0));
#2807=DIRECTION('',(0.E0,1.E0,0.E0));
#2808=AXIS2_PLACEMENT_3D('',#2805,#2806,#2807);
#2809=TOROIDAL_SURFACE('',#2808,1.799305421545E1,2.E0);
#2811=ORIENTED_EDGE('',*,*,#2810,.F.);
#2812=ORIENTED_EDGE('',*,*,#2301,.T.);
#2814=ORIENTED_EDGE('',*,*,#2813,.F.);
#2815=ORIENTED_EDGE('',*,*,#2218,.F.);
#2816=EDGE_LOOP('',(#2811,#2812,#2814,#2815));
#2817=FACE_OUTER_BOUND('',#2816,.F.);
#2819=CARTESIAN_POINT('',(0.E0,0.E0,0.E0));
#2820=DIRECTION('',(0.E0,0.E0,1.E0));
#2821=DIRECTION('',(0.E0,1.E0,0.E0));
#2822=AXIS2_PLACEMENT_3D('',#2819,#2820,#2821);
#2823=TOROIDAL_SURFACE('',#2822,1.799305421545E1,2.E0);
#2824=ORIENTED_EDGE('',*,*,#2741,.F.);
#2825=ORIENTED_EDGE('',*,*,#2305,.T.);
#2827=ORIENTED_EDGE('',*,*,#2826,.F.);
#2828=ORIENTED_EDGE('',*,*,#2214,.F.);
#2829=EDGE_LOOP('',(#2824,#2825,#2827,#2828));
#2830=FACE_OUTER_BOUND('',#2829,.F.);
#2832=CARTESIAN_POINT('',(9.241519622621E0,1.544649847262E1,0.E0));
#2833=DIRECTION('',(-8.720692724321E-1,4.893824517488E-1,0.E0));
#2834=DIRECTION('',(4.893824517488E-1,8.720692724321E-1,0.E0));
#2835=AXIS2_PLACEMENT_3D('',#2832,#2833,#2834);
#2836=TOROIDAL_SURFACE('',#2835,1.999987938983E0,7.5E-1);
#2837=ORIENTED_EDGE('',*,*,#2754,.T.);
#2838=ORIENTED_EDGE('',*,*,#2232,.T.);
#2839=ORIENTED_EDGE('',*,*,#2771,.T.);
#2840=ORIENTED_EDGE('',*,*,#2287,.T.);
#2841=EDGE_LOOP('',(#2837,#2838,#2839,#2840));
#2842=FACE_OUTER_BOUND('',#2841,.F.);
#2844=CARTESIAN_POINT('',(5.E-1,1.799305421545E1,0.E0));
#2845=DIRECTION('',(-1.E0,0.E0,0.E0));
#2846=DIRECTION('',(0.E0,1.E0,0.E0));
#2847=AXIS2_PLACEMENT_3D('',#2844,#2845,#2846);
#2848=TOROIDAL_SURFACE('',#2847,1.999987938983E0,7.5E-1);
#2849=ORIENTED_EDGE('',*,*,#2031,.T.);
#2850=ORIENTED_EDGE('',*,*,#2236,.T.);
#2851=ORIENTED_EDGE('',*,*,#2757,.T.);
#2852=ORIENTED_EDGE('',*,*,#2283,.T.);
#2853=EDGE_LOOP('',(#2849,#2850,#2851,#2852));
#2854=FACE_OUTER_BOUND('',#2853,.F.);
#2856=CARTESIAN_POINT('',(1.561849058693E1,8.947779153840E0,0.E0));
#2857=DIRECTION('',(-5.210096318406E-1,8.535507972753E-1,0.E0));
#2858=DIRECTION('',(8.535507972753E-1,5.210096318406E-1,0.E0));
#2859=AXIS2_PLACEMENT_3D('',#2856,#2857,#2858);
#2860=TOROIDAL_SURFACE('',#2859,1.999987938983E0,7.5E-1);
#2861=ORIENTED_EDGE('',*,*,#2768,.T.);
#2862=ORIENTED_EDGE('',*,*,#2228,.T.);
#2863=ORIENTED_EDGE('',*,*,#2785,.T.);
#2864=ORIENTED_EDGE('',*,*,#2291,.T.);
#2865=EDGE_LOOP('',(#2861,#2862,#2863,#2864));
#2866=FACE_OUTER_BOUND('',#2865,.F.);
#2868=CARTESIAN_POINT('',(1.799929182265E1,1.596680405228E-1,0.E0));
#2869=DIRECTION('',(-3.664370870656E-2,9.993283937787E-1,0.E0));
#2870=DIRECTION('',(9.993283937787E-1,3.664370870656E-2,0.E0));
#2871=AXIS2_PLACEMENT_3D('',#2868,#2869,#2870);
#2872=TOROIDAL_SURFACE('',#2871,1.999987938983E0,7.5E-1);
#2873=ORIENTED_EDGE('',*,*,#2782,.T.);
#2874=ORIENTED_EDGE('',*,*,#2224,.T.);
#2875=ORIENTED_EDGE('',*,*,#2799,.T.);
#2876=ORIENTED_EDGE('',*,*,#2295,.T.);
#2877=EDGE_LOOP('',(#2873,#2874,#2875,#2876));
#2878=FACE_OUTER_BOUND('',#2877,.F.);
#2880=CARTESIAN_POINT('',(1.577476806121E1,-8.669295969981E0,0.E0));
#2881=DIRECTION('',(4.570979270587E-1,8.894163732913E-1,0.E0));
#2882=DIRECTION('',(8.894163732913E-1,-4.570979270587E-1,0.E0));
#2883=AXIS2_PLACEMENT_3D('',#2880,#2881,#2882);
#2884=TOROIDAL_SURFACE('',#2883,1.999987938983E0,7.5E-1);
#2885=ORIENTED_EDGE('',*,*,#2796,.T.);
#2886=ORIENTED_EDGE('',*,*,#2220,.T.);
#2887=ORIENTED_EDGE('',*,*,#2813,.T.);
#2888=ORIENTED_EDGE('',*,*,#2299,.T.);
#2889=EDGE_LOOP('',(#2885,#2886,#2887,#2888));
#2890=FACE_OUTER_BOUND('',#2889,.F.);
#2892=CARTESIAN_POINT('',(9.514089189196E0,-1.528012129860E1,0.E0));
#2893=DIRECTION('',(8.338858220672E-1,5.519369853121E-1,0.E0));
#2894=DIRECTION('',(5.519369853121E-1,-8.338858220672E-1,0.E0));
#2895=AXIS2_PLACEMENT_3D('',#2892,#2893,#2894);
#2896=TOROIDAL_SURFACE('',#2895,1.999987938983E0,7.5E-1);
#2897=ORIENTED_EDGE('',*,*,#2810,.T.);
#2898=ORIENTED_EDGE('',*,*,#2216,.T.);
#2899=ORIENTED_EDGE('',*,*,#2826,.T.);
#2900=ORIENTED_EDGE('',*,*,#2303,.T.);
#2901=EDGE_LOOP('',(#2897,#2898,#2899,#2900));
#2902=FACE_OUTER_BOUND('',#2901,.F.);
#2904=CARTESIAN_POINT('',(0.E0,0.E0,1.2E1));
#2905=DIRECTION('',(0.E0,0.E0,1.E0));
#2906=DIRECTION('',(0.E0,1.E0,0.E0));
#2907=AXIS2_PLACEMENT_3D('',#2904,#2905,#2906);
#2908=TOROIDAL_SURFACE('',#2907,1.799305421545E1,3.E0);
#2910=ORIENTED_EDGE('',*,*,#2909,.F.);
#2911=ORIENTED_EDGE('',*,*,#2140,.T.);
#2913=ORIENTED_EDGE('',*,*,#2912,.F.);
#2914=ORIENTED_EDGE('',*,*,#2278,.F.);
#2915=EDGE_LOOP('',(#2910,#2911,#2913,#2914));
#2916=FACE_OUTER_BOUND('',#2915,.F.);
#2918=CARTESIAN_POINT('',(0.E0,0.E0,1.2E1));
#2919=DIRECTION('',(0.E0,0.E0,1.E0));
#2920=DIRECTION('',(0.E0,1.E0,0.E0));
#2921=AXIS2_PLACEMENT_3D('',#2918,#2919,#2920);
#2922=TOROIDAL_SURFACE('',#2921,1.799305421545E1,3.E0);
#2924=ORIENTED_EDGE('',*,*,#2923,.F.);
#2925=ORIENTED_EDGE('',*,*,#2144,.T.);
#2927=ORIENTED_EDGE('',*,*,#2926,.F.);
#2928=ORIENTED_EDGE('',*,*,#2329,.F.);
#2929=EDGE_LOOP('',(#2924,#2925,#2927,#2928));
#2930=FACE_OUTER_BOUND('',#2929,.F.);
#2932=CARTESIAN_POINT('',(0.E0,0.E0,1.2E1));
#2933=DIRECTION('',(0.E0,0.E0,1.E0));
#2934=DIRECTION('',(0.E0,1.E0,0.E0));
#2935=AXIS2_PLACEMENT_3D('',#2932,#2933,#2934);
#2936=TOROIDAL_SURFACE('',#2935,1.799305421545E1,3.E0);
#2938=ORIENTED_EDGE('',*,*,#2937,.F.);
#2939=ORIENTED_EDGE('',*,*,#2148,.T.);
#2941=ORIENTED_EDGE('',*,*,#2940,.F.);
#2942=ORIENTED_EDGE('',*,*,#2325,.F.);
#2943=EDGE_LOOP('',(#2938,#2939,#2941,#2942));
#2944=FACE_OUTER_BOUND('',#2943,.F.);
#2946=CARTESIAN_POINT('',(0.E0,0.E0,1.2E1));
#2947=DIRECTION('',(0.E0,0.E0,1.E0));
#2948=DIRECTION('',(0.E0,1.E0,0.E0));
#2949=AXIS2_PLACEMENT_3D('',#2946,#2947,#2948);
#2950=TOROIDAL_SURFACE('',#2949,1.799305421545E1,3.E0);
#2952=ORIENTED_EDGE('',*,*,#2951,.F.);
#2953=ORIENTED_EDGE('',*,*,#2152,.T.);
#2955=ORIENTED_EDGE('',*,*,#2954,.F.);
#2956=ORIENTED_EDGE('',*,*,#2321,.F.);
#2957=EDGE_LOOP('',(#2952,#2953,#2955,#2956));
#2958=FACE_OUTER_BOUND('',#2957,.F.);
#2960=CARTESIAN_POINT('',(0.E0,0.E0,1.2E1));
#2961=DIRECTION('',(0.E0,0.E0,1.E0));
#2962=DIRECTION('',(0.E0,1.E0,0.E0));
#2963=AXIS2_PLACEMENT_3D('',#2960,#2961,#2962);
#2964=TOROIDAL_SURFACE('',#2963,1.799305421545E1,3.E0);
#2966=ORIENTED_EDGE('',*,*,#2965,.F.);
#2967=ORIENTED_EDGE('',*,*,#2156,.T.);
#2969=ORIENTED_EDGE('',*,*,#2968,.F.);
#2970=ORIENTED_EDGE('',*,*,#2317,.F.);
#2971=EDGE_LOOP('',(#2966,#2967,#2969,#2970));
#2972=FACE_OUTER_BOUND('',#2971,.F.);
#2974=CARTESIAN_POINT('',(0.E0,0.E0,1.2E1));
#2975=DIRECTION('',(0.E0,0.E0,1.E0));
#2976=DIRECTION('',(0.E0,1.E0,0.E0));
#2977=AXIS2_PLACEMENT_3D('',#2974,#2975,#2976);
#2978=TOROIDAL_SURFACE('',#2977,1.799305421545E1,3.E0);
#2979=ORIENTED_EDGE('',*,*,#2350,.F.);
#2980=ORIENTED_EDGE('',*,*,#2160,.T.);
#2982=ORIENTED_EDGE('',*,*,#2981,.F.);
#2983=ORIENTED_EDGE('',*,*,#2313,.F.);
#2984=EDGE_LOOP('',(#2979,#2980,#2982,#2983));
#2985=FACE_OUTER_BOUND('',#2984,.F.);
#2987=CARTESIAN_POINT('',(9.241519622621E0,1.544649847262E1,1.2E1));
#2988=DIRECTION('',(-8.720692724321E-1,4.893824517488E-1,0.E0));
#2989=DIRECTION('',(0.E0,0.E0,-1.E0));
#2990=AXIS2_PLACEMENT_3D('',#2987,#2988,#2989);
#2991=TOROIDAL_SURFACE('',#2990,3.E0,1.E0);
#2992=ORIENTED_EDGE('',*,*,#2276,.T.);
#2994=ORIENTED_EDGE('',*,*,#2993,.F.);
#2995=ORIENTED_EDGE('',*,*,#2331,.T.);
#2996=ORIENTED_EDGE('',*,*,#2926,.T.);
#2997=ORIENTED_EDGE('',*,*,#2142,.T.);
#2998=ORIENTED_EDGE('',*,*,#2909,.T.);
#2999=EDGE_LOOP('',(#2992,#2994,#2995,#2996,#2997,#2998));
#3000=FACE_OUTER_BOUND('',#2999,.F.);
#3002=CARTESIAN_POINT('',(6.E0,1.4E1,6.E0));
#3003=DIRECTION('',(1.E0,0.E0,0.E0));
#3004=DIRECTION('',(0.E0,-1.E0,0.E0));
#3005=AXIS2_PLACEMENT_3D('',#3002,#3003,#3004);
#3006=CYLINDRICAL_SURFACE('',#3005,2.75E0);
#3007=ORIENTED_EDGE('',*,*,#2333,.T.);
#3008=ORIENTED_EDGE('',*,*,#2993,.T.);
#3009=ORIENTED_EDGE('',*,*,#2336,.T.);
#3010=ORIENTED_EDGE('',*,*,#2121,.F.);
#3011=ORIENTED_EDGE('',*,*,#2083,.T.);
#3012=ORIENTED_EDGE('',*,*,#2118,.T.);
#3013=EDGE_LOOP('',(#3007,#3008,#3009,#3010,#3011,#3012));
#3014=FACE_OUTER_BOUND('',#3013,.F.);
#3016=CARTESIAN_POINT('',(5.E-1,1.799305421545E1,1.2E1));
#3017=DIRECTION('',(-1.E0,0.E0,0.E0));
#3018=DIRECTION('',(0.E0,0.E0,1.E0));
#3019=AXIS2_PLACEMENT_3D('',#3016,#3017,#3018);
#3020=TOROIDAL_SURFACE('',#3019,3.E0,1.E0);
#3021=ORIENTED_EDGE('',*,*,#2280,.T.);
#3022=ORIENTED_EDGE('',*,*,#2912,.T.);
#3023=ORIENTED_EDGE('',*,*,#2138,.T.);
#3024=ORIENTED_EDGE('',*,*,#2035,.F.);
#3025=EDGE_LOOP('',(#3021,#3022,#3023,#3024));
#3026=FACE_OUTER_BOUND('',#3025,.F.);
#3028=CARTESIAN_POINT('',(1.561849058693E1,8.947779153840E0,1.2E1));
#3029=DIRECTION('',(-5.210096318406E-1,8.535507972753E-1,0.E0));
#3030=DIRECTION('',(0.E0,0.E0,-1.E0));
#3031=AXIS2_PLACEMENT_3D('',#3028,#3029,#3030);
#3032=TOROIDAL_SURFACE('',#3031,3.E0,1.E0);
#3033=ORIENTED_EDGE('',*,*,#2327,.T.);
#3034=ORIENTED_EDGE('',*,*,#2940,.T.);
#3035=ORIENTED_EDGE('',*,*,#2146,.T.);
#3036=ORIENTED_EDGE('',*,*,#2923,.T.);
#3037=EDGE_LOOP('',(#3033,#3034,#3035,#3036));
#3038=FACE_OUTER_BOUND('',#3037,.F.);
#3040=CARTESIAN_POINT('',(1.799929182265E1,1.596680405228E-1,1.2E1));
#3041=DIRECTION('',(-3.664370870656E-2,9.993283937787E-1,0.E0));
#3042=DIRECTION('',(0.E0,0.E0,-1.E0));
#3043=AXIS2_PLACEMENT_3D('',#3040,#3041,#3042);
#3044=TOROIDAL_SURFACE('',#3043,3.E0,1.E0);
#3045=ORIENTED_EDGE('',*,*,#2323,.T.);
#3046=ORIENTED_EDGE('',*,*,#2954,.T.);
#3047=ORIENTED_EDGE('',*,*,#2150,.T.);
#3048=ORIENTED_EDGE('',*,*,#2937,.T.);
#3049=EDGE_LOOP('',(#3045,#3046,#3047,#3048));
#3050=FACE_OUTER_BOUND('',#3049,.F.);
#3052=CARTESIAN_POINT('',(1.577476806121E1,-8.669295969981E0,1.2E1));
#3053=DIRECTION('',(4.570979270587E-1,8.894163732913E-1,0.E0));
#3054=DIRECTION('',(0.E0,0.E0,-1.E0));
#3055=AXIS2_PLACEMENT_3D('',#3052,#3053,#3054);
#3056=TOROIDAL_SURFACE('',#3055,3.E0,1.E0);
#3057=ORIENTED_EDGE('',*,*,#2319,.T.);
#3058=ORIENTED_EDGE('',*,*,#2968,.T.);
#3059=ORIENTED_EDGE('',*,*,#2154,.T.);
#3060=ORIENTED_EDGE('',*,*,#2951,.T.);
#3061=EDGE_LOOP('',(#3057,#3058,#3059,#3060));
#3062=FACE_OUTER_BOUND('',#3061,.F.);
#3064=CARTESIAN_POINT('',(9.514089189196E0,-1.528012129860E1,1.2E1));
#3065=DIRECTION('',(8.338858220672E-1,5.519369853121E-1,0.E0));
#3066=DIRECTION('',(0.E0,0.E0,-1.E0));
#3067=AXIS2_PLACEMENT_3D('',#3064,#3065,#3066);
#3068=TOROIDAL_SURFACE('',#3067,3.E0,1.E0);
#3069=ORIENTED_EDGE('',*,*,#2315,.T.);
#3070=ORIENTED_EDGE('',*,*,#2981,.T.);
#3071=ORIENTED_EDGE('',*,*,#2158,.T.);
#3072=ORIENTED_EDGE('',*,*,#2965,.T.);
#3073=EDGE_LOOP('',(#3069,#3070,#3071,#3072));
#3074=FACE_OUTER_BOUND('',#3073,.F.);
#3076=CARTESIAN_POINT('',(6.E0,1.4E1,-6.E0));
#3077=DIRECTION('',(1.E0,0.E0,0.E0));
#3078=DIRECTION('',(0.E0,-1.E0,0.E0));
#3079=AXIS2_PLACEMENT_3D('',#3076,#3077,#3078);
#3080=CYLINDRICAL_SURFACE('',#3079,3.E0);
#3081=ORIENTED_EDGE('',*,*,#2266,.T.);
#3082=ORIENTED_EDGE('',*,*,#2101,.T.);
#3083=EDGE_LOOP('',(#3081,#3082));
#3084=FACE_OUTER_BOUND('',#3083,.F.);
#3086=CARTESIAN_POINT('',(5.E-1,1.4E1,-6.E0));
#3087=DIRECTION('',(-1.E0,0.E0,0.E0));
#3088=DIRECTION('',(0.E0,0.E0,1.E0));
#3089=AXIS2_PLACEMENT_3D('',#3086,#3087,#3088);
#3090=CYLINDRICAL_SURFACE('',#3089,1.55E0);
#3091=ORIENTED_EDGE('',*,*,#2106,.T.);
#3092=ORIENTED_EDGE('',*,*,#2071,.F.);
#3093=ORIENTED_EDGE('',*,*,#2056,.F.);
#3094=ORIENTED_EDGE('',*,*,#2068,.T.);
#3095=EDGE_LOOP('',(#3091,#3092,#3093,#3094));
#3096=FACE_OUTER_BOUND('',#3095,.F.);
#3098=CARTESIAN_POINT('',(5.E-1,1.4E1,6.E0));
#3099=DIRECTION('',(-1.E0,0.E0,0.E0));
#3100=DIRECTION('',(0.E0,0.E0,1.E0));
#3101=AXIS2_PLACEMENT_3D('',#3098,#3099,#3100);
#3102=CYLINDRICAL_SURFACE('',#3101,1.55E0);
#3103=ORIENTED_EDGE('',*,*,#2087,.T.);
#3105=ORIENTED_EDGE('',*,*,#3104,.F.);
#3106=ORIENTED_EDGE('',*,*,#2048,.F.);
#3108=ORIENTED_EDGE('',*,*,#3107,.T.);
#3109=EDGE_LOOP('',(#3103,#3105,#3106,#3108));
#3110=FACE_OUTER_BOUND('',#3109,.F.);
#3112=CARTESIAN_POINT('',(5.E-1,1.4E1,6.E0));
#3113=DIRECTION('',(-1.E0,0.E0,0.E0));
#3114=DIRECTION('',(0.E0,0.E0,1.E0));
#3115=AXIS2_PLACEMENT_3D('',#3112,#3113,#3114);
#3116=CYLINDRICAL_SURFACE('',#3115,1.55E0);
#3117=ORIENTED_EDGE('',*,*,#2089,.T.);
#3118=ORIENTED_EDGE('',*,*,#3107,.F.);
#3119=ORIENTED_EDGE('',*,*,#2050,.F.);
#3120=ORIENTED_EDGE('',*,*,#3104,.T.);
#3121=EDGE_LOOP('',(#3117,#3118,#3119,#3120));
#3122=FACE_OUTER_BOUND('',#3121,.F.);
#3124=CLOSED_SHELL('',(#2021,#2060,#2075,#2093,#2110,#2125,#2164,#2202,#2270,
#2340,#2354,#2388,#2403,#2416,#2426,#2438,#2452,#2464,#2477,#2491,#2505,#2519,
#2533,#2547,#2560,#2572,#2584,#2596,#2608,#2620,#2632,#2655,#2667,#2682,#2696,
#2710,#2723,#2735,#2748,#2762,#2776,#2790,#2804,#2818,#2831,#2843,#2855,#2867,
#2879,#2891,#2903,#2917,#2931,#2945,#2959,#2973,#2986,#3001,#3015,#3027,#3039,
#3051,#3063,#3075,#3085,#3097,#3111,#3123));
#3125=MANIFOLD_SOLID_BREP('',#3124);
#3128=PLANE_ANGLE_MEASURE_WITH_UNIT(PLANE_ANGLE_MEASURE(1.745329251994E-2),
#3127);
#3129=(CONVERSION_BASED_UNIT('DEGREE',#3128)NAMED_UNIT(*)PLANE_ANGLE_UNIT());
#3131=UNCERTAINTY_MEASURE_WITH_UNIT(LENGTH_MEASURE(5.861156003489E-3),#3126,
'distance_accuracy_value',
'Maximum model space distance between geometric entities at asserted connectivities');
#3133=CARTESIAN_POINT('',(0.E0,0.E0,0.E0));
#3134=DIRECTION('',(0.E0,0.E0,1.E0));
#3135=DIRECTION('',(1.E0,0.E0,0.E0));
#3138=APPLICATION_CONTEXT('automotive_design');
#3139=APPLICATION_PROTOCOL_DEFINITION('international standard',
'automotive_design',2001,#3138);
#3140=PRODUCT_DEFINITION_CONTEXT('part definition',#3138,'design');
#3141=PRODUCT_CONTEXT('',#3138,'mechanical');
#3142=PRODUCT('HALFWHEEL','HALFWHEEL','NOT SPECIFIED',(#3141));
#3143=PRODUCT_DEFINITION_FORMATION('24','LAST_VERSION',#3142);
#3151=DERIVED_UNIT_ELEMENT(#3150,2.E0);
#3152=DERIVED_UNIT((#3151));
#3153=MEASURE_REPRESENTATION_ITEM('surface area measure',AREA_MEASURE(
5.568361894250E3),#3152);
#3158=DERIVED_UNIT_ELEMENT(#3157,3.E0);
#3159=DERIVED_UNIT((#3158));
#3160=MEASURE_REPRESENTATION_ITEM('volume measure',VOLUME_MEASURE(
1.140759599269E4),#3159);
#3164=CARTESIAN_POINT('centre point',(9.347643730959E0,-2.522041766073E-1,
-6.424395407986E-1));
#3169=DERIVED_UNIT_ELEMENT(#3168,2.E0);
#3170=DERIVED_UNIT((#3169));
#3171=MEASURE_REPRESENTATION_ITEM('surface area measure',AREA_MEASURE(
5.568361894250E3),#3170);
#3176=DERIVED_UNIT_ELEMENT(#3175,3.E0);
#3177=DERIVED_UNIT((#3176));
#3178=MEASURE_REPRESENTATION_ITEM('volume measure',VOLUME_MEASURE(
1.140759599269E4),#3177);
#3182=CARTESIAN_POINT('centre point',(9.347643730959E0,-2.522041766073E-1,
-6.424395407986E-1));
#1=DRAUGHTING_PRE_DEFINED_COLOUR('green');
#2=DRAUGHTING_PRE_DEFINED_COLOUR('green');
#3=DRAUGHTING_PRE_DEFINED_COLOUR('green');
#4=COLOUR_RGB('',1.1E-2,1.2E-2,1.E0);
#5=COLOUR_RGB('',1.1E-2,1.2E-2,1.E0);
#6=COLOUR_RGB('',4.1E-1,2.61589E-1,1.12848E-1);
#7=COLOUR_RGB('',5.04854E-1,1.5455E-2,1.5455E-2);
#8=COLOUR_RGB('',6.35294E-1,6.86275E-1,7.4902E-1);
#9=COLOUR_RGB('',6.40777E-1,6.40777E-1,6.40777E-1);
#10=COLOUR_RGB('',6.66667E-1,6.66667E-1,6.66667E-1);
#11=COLOUR_RGB('',6.69062E-1,6.69903E-1,6.55217E-1);
#12=COLOUR_RGB('',7.45098E-1,3.92157E-1,2.94118E-1);
#13=COLOUR_RGB('',8.03922E-1,5.88235E-1,1.96078E-1);
#14=COLOUR_RGB('',9.21569E-1,7.05882E-1,4.70588E-1);
#15=DRAUGHTING_PRE_DEFINED_COLOUR('red');
#16=DRAUGHTING_PRE_DEFINED_COLOUR('red');
#17=DRAUGHTING_PRE_DEFINED_COLOUR('red');
#18=DRAUGHTING_PRE_DEFINED_COLOUR('red');
#19=DRAUGHTING_PRE_DEFINED_COLOUR('red');
#20=DRAUGHTING_PRE_DEFINED_COLOUR('red');
#21=DRAUGHTING_PRE_DEFINED_COLOUR('red');
#22=DRAUGHTING_PRE_DEFINED_COLOUR('yellow');
#23=DRAUGHTING_PRE_DEFINED_COLOUR('yellow');
#24=COLOUR_RGB('',1.E0,1.E0,5.3E-1);
#25=COLOUR_RGB('',1.E0,1.E0,9.49E-1);
#26=COLOUR_RGB('',1.E0,1.E0,9.49E-1);
#27=DRAUGHTING_PRE_DEFINED_COLOUR('white');
#36=CIRCLE('',#35,1.025E1);
#45=CIRCLE('',#44,1.8E1);
#50=CIRCLE('',#49,1.55E0);
#55=CIRCLE('',#54,1.55E0);
#60=CIRCLE('',#59,1.55E0);
#65=CIRCLE('',#64,1.55E0);
#70=CIRCLE('',#69,2.109962203827E0);
#83=CIRCLE('',#82,4.E0);
#96=CIRCLE('',#95,1.55E0);
#105=CIRCLE('',#104,2.75E0);
#110=CIRCLE('',#109,2.75E0);
#128=B_SPLINE_CURVE_WITH_KNOTS('',3,(#119,#120,#121,#122,#123,#124,#125,#126,
#127),.UNSPECIFIED.,.F.,.F.,(4,1,1,1,1,1,4),(0.E0,1.666666666667E-1,
3.333333333333E-1,5.E-1,6.666666666667E-1,8.333333333333E-1,1.E0),
.UNSPECIFIED.);
#133=CIRCLE('',#132,1.8E1);
#138=CIRCLE('',#137,1.8E1);
#143=CIRCLE('',#142,1.8E1);
#148=CIRCLE('',#147,1.8E1);
#153=CIRCLE('',#152,1.8E1);
#158=CIRCLE('',#157,1.8E1);
#163=CIRCLE('',#162,1.8E1);
#168=CIRCLE('',#167,1.8E1);
#173=CIRCLE('',#172,1.8E1);
#178=CIRCLE('',#177,1.8E1);
#183=CIRCLE('',#182,1.8E1);
#188=CIRCLE('',#187,1.8E1);
#198=B_SPLINE_CURVE_WITH_KNOTS('',3,(#189,#190,#191,#192,#193,#194,#195,#196,
#197),.UNSPECIFIED.,.F.,.F.,(4,1,1,1,1,1,4),(0.E0,1.666666666667E-1,
3.333333333333E-1,5.E-1,6.666666666667E-1,8.333333333333E-1,1.E0),
.UNSPECIFIED.);
#211=CIRCLE('',#210,1.8E1);
#216=CIRCLE('',#215,1.8E1);
#221=CIRCLE('',#220,1.8E1);
#226=CIRCLE('',#225,1.8E1);
#231=CIRCLE('',#230,1.8E1);
#236=CIRCLE('',#235,1.8E1);
#246=B_SPLINE_CURVE_WITH_KNOTS('',3,(#237,#238,#239,#240,#241,#242,#243,#244,
#245),.UNSPECIFIED.,.F.,.F.,(4,1,1,1,1,1,4),(0.E0,1.666666666667E-1,
3.333333333333E-1,5.E-1,6.666666666667E-1,8.333333333333E-1,1.E0),
.UNSPECIFIED.);
#256=B_SPLINE_CURVE_WITH_KNOTS('',3,(#247,#248,#249,#250,#251,#252,#253,#254,
#255),.UNSPECIFIED.,.F.,.F.,(4,1,1,1,1,1,4),(0.E0,1.666666666667E-1,
3.333333333333E-1,5.E-1,6.666666666667E-1,8.333333333333E-1,1.E0),
.UNSPECIFIED.);
#261=CIRCLE('',#260,1.8E1);
#266=CIRCLE('',#265,1.8E1);
#271=CIRCLE('',#270,1.8E1);
#276=CIRCLE('',#275,1.8E1);
#281=CIRCLE('',#280,1.8E1);
#286=CIRCLE('',#285,1.8E1);
#295=CIRCLE('',#294,1.8E1);
#305=B_SPLINE_CURVE_WITH_KNOTS('',3,(#296,#297,#298,#299,#300,#301,#302,#303,
#304),.UNSPECIFIED.,.F.,.F.,(4,1,1,1,1,1,4),(0.E0,1.666666666667E-1,
3.333333333333E-1,5.E-1,6.666666666667E-1,8.333333333333E-1,1.E0),
.UNSPECIFIED.);
#315=B_SPLINE_CURVE_WITH_KNOTS('',3,(#306,#307,#308,#309,#310,#311,#312,#313,
#314),.UNSPECIFIED.,.F.,.F.,(4,1,1,1,1,1,4),(0.E0,1.666666666667E-1,
3.333333333333E-1,5.E-1,6.666666666667E-1,8.333333333333E-1,1.E0),
.UNSPECIFIED.);
#320=CIRCLE('',#319,1.8E1);
#325=CIRCLE('',#324,1.8E1);
#330=CIRCLE('',#329,1.8E1);
#335=CIRCLE('',#334,1.8E1);
#340=CIRCLE('',#339,1.8E1);
#345=CIRCLE('',#344,1.8E1);
#354=CIRCLE('',#353,1.8E1);
#359=CIRCLE('',#358,1.8E1);
#364=CIRCLE('',#363,1.8E1);
#369=CIRCLE('',#368,1.8E1);
#374=CIRCLE('',#373,1.8E1);
#388=B_SPLINE_CURVE_WITH_KNOTS('',3,(#375,#376,#377,#378,#379,#380,#381,#382,
#383,#384,#385,#386,#387),.UNSPECIFIED.,.F.,.F.,(4,1,1,1,1,1,1,1,1,1,4),(0.E0,
1.E-1,2.E-1,3.E-1,4.E-1,5.E-1,6.E-1,7.E-1,8.E-1,9.E-1,1.E0),.UNSPECIFIED.);
#415=B_SPLINE_CURVE_WITH_KNOTS('',3,(#389,#390,#391,#392,#393,#394,#395,#396,
#397,#398,#399,#400,#401,#402,#403,#404,#405,#406,#407,#408,#409,#410,#411,#412,
#413,#414),.UNSPECIFIED.,.F.,.F.,(4,1,1,1,1,1,1,1,1,1,1,1,1,1,1,1,1,1,1,1,1,1,1,
4),(0.E0,4.347826086957E-2,8.695652173913E-2,1.304347826087E-1,
1.739130434783E-1,2.173913043478E-1,2.608695652174E-1,3.043478260870E-1,
3.478260869565E-1,3.913043478261E-1,4.347826086957E-1,4.782608695652E-1,
5.217391304348E-1,5.652173913043E-1,6.086956521739E-1,6.521739130435E-1,
6.956521739130E-1,7.391304347826E-1,7.826086956522E-1,8.260869565217E-1,
8.695652173913E-1,9.130434782609E-1,9.565217391304E-1,1.E0),.UNSPECIFIED.);
#427=B_SPLINE_CURVE_WITH_KNOTS('',3,(#416,#417,#418,#419,#420,#421,#422,#423,
#424,#425,#426),.UNSPECIFIED.,.F.,.F.,(4,1,1,1,1,1,1,1,4),(0.E0,1.25E-1,2.5E-1,
3.75E-1,5.E-1,6.25E-1,7.5E-1,8.75E-1,1.E0),.UNSPECIFIED.);
#438=B_SPLINE_CURVE_WITH_KNOTS('',3,(#428,#429,#430,#431,#432,#433,#434,#435,
#436,#437),.UNSPECIFIED.,.F.,.F.,(4,1,1,1,1,1,1,4),(0.E0,1.428571428571E-1,
2.857142857143E-1,4.285714285714E-1,5.714285714286E-1,7.142857142857E-1,
8.571428571429E-1,1.E0),.UNSPECIFIED.);
#449=B_SPLINE_CURVE_WITH_KNOTS('',3,(#439,#440,#441,#442,#443,#444,#445,#446,
#447,#448),.UNSPECIFIED.,.F.,.F.,(4,1,1,1,1,1,1,4),(0.E0,1.428571428571E-1,
2.857142857143E-1,4.285714285714E-1,5.714285714286E-1,7.142857142857E-1,
8.571428571429E-1,1.E0),.UNSPECIFIED.);
#454=CIRCLE('',#453,2.E0);
#459=CIRCLE('',#458,2.E0);
#464=CIRCLE('',#463,2.E0);
#469=CIRCLE('',#468,2.E0);
#488=B_SPLINE_CURVE_WITH_KNOTS('',3,(#470,#471,#472,#473,#474,#475,#476,#477,
#478,#479,#480,#481,#482,#483,#484,#485,#486,#487),.UNSPECIFIED.,.F.,.F.,(4,1,1,
1,1,1,1,1,1,1,1,1,1,1,1,4),(0.E0,6.666666666667E-2,1.333333333333E-1,2.E-1,
2.666666666667E-1,3.333333333333E-1,4.E-1,4.666666666667E-1,5.333333333333E-1,
6.E-1,6.666666666667E-1,7.333333333333E-1,8.E-1,8.666666666667E-1,
9.333333333333E-1,1.E0),.UNSPECIFIED.);
#512=B_SPLINE_CURVE_WITH_KNOTS('',3,(#493,#494,#495,#496,#497,#498,#499,#500,
#501,#502,#503,#504,#505,#506,#507,#508,#509,#510,#511),.UNSPECIFIED.,.F.,.F.,
(4,1,1,1,1,1,1,1,1,1,1,1,1,1,1,1,4),(0.E0,6.25E-2,1.25E-1,1.875E-1,2.5E-1,
3.125E-1,3.75E-1,4.375E-1,5.E-1,5.625E-1,6.25E-1,6.875E-1,7.5E-1,8.125E-1,
8.75E-1,9.375E-1,1.E0),.UNSPECIFIED.);
#525=CIRCLE('',#524,2.E0);
#530=CIRCLE('',#529,2.E0);
#535=CIRCLE('',#534,2.E0);
#540=CIRCLE('',#539,2.E0);
#564=B_SPLINE_CURVE_WITH_KNOTS('',3,(#549,#550,#551,#552,#553,#554,#555,#556,
#557,#558,#559,#560,#561,#562,#563),.UNSPECIFIED.,.F.,.F.,(4,1,1,1,1,1,1,1,1,1,
1,1,4),(0.E0,8.333333333333E-2,1.666666666667E-1,2.5E-1,3.333333333333E-1,
4.166666666667E-1,5.E-1,5.833333333333E-1,6.666666666667E-1,7.5E-1,
8.333333333333E-1,9.166666666667E-1,1.E0),.UNSPECIFIED.);
#575=B_SPLINE_CURVE_WITH_KNOTS('',3,(#565,#566,#567,#568,#569,#570,#571,#572,
#573,#574),.UNSPECIFIED.,.F.,.F.,(4,1,1,1,1,1,1,4),(0.E0,1.428571428571E-1,
2.857142857143E-1,4.285714285714E-1,5.714285714286E-1,7.142857142857E-1,
8.571428571429E-1,1.E0),.UNSPECIFIED.);
#586=B_SPLINE_CURVE_WITH_KNOTS('',3,(#576,#577,#578,#579,#580,#581,#582,#583,
#584,#585),.UNSPECIFIED.,.F.,.F.,(4,1,1,1,1,1,1,4),(0.E0,1.428571428571E-1,
2.857142857143E-1,4.285714285714E-1,5.714285714286E-1,7.142857142857E-1,
8.571428571429E-1,1.E0),.UNSPECIFIED.);
#602=B_SPLINE_CURVE_WITH_KNOTS('',3,(#587,#588,#589,#590,#591,#592,#593,#594,
#595,#596,#597,#598,#599,#600,#601),.UNSPECIFIED.,.F.,.F.,(4,1,1,1,1,1,1,1,1,1,
1,1,4),(0.E0,8.333333333333E-2,1.666666666667E-1,2.5E-1,3.333333333333E-1,
4.166666666667E-1,5.E-1,5.833333333333E-1,6.666666666667E-1,7.5E-1,
8.333333333333E-1,9.166666666667E-1,1.E0),.UNSPECIFIED.);
#618=B_SPLINE_CURVE_WITH_KNOTS('',3,(#603,#604,#605,#606,#607,#608,#609,#610,
#611,#612,#613,#614,#615,#616,#617),.UNSPECIFIED.,.F.,.F.,(4,1,1,1,1,1,1,1,1,1,
1,1,4),(0.E0,8.333333333333E-2,1.666666666667E-1,2.5E-1,3.333333333333E-1,
4.166666666667E-1,5.E-1,5.833333333333E-1,6.666666666667E-1,7.5E-1,
8.333333333333E-1,9.166666666667E-1,1.E0),.UNSPECIFIED.);
#634=B_SPLINE_CURVE_WITH_KNOTS('',3,(#619,#620,#621,#622,#623,#624,#625,#626,
#627,#628,#629,#630,#631,#632,#633),.UNSPECIFIED.,.F.,.F.,(4,1,1,1,1,1,1,1,1,1,
1,1,4),(0.E0,8.333333333333E-2,1.666666666667E-1,2.5E-1,3.333333333333E-1,
4.166666666667E-1,5.E-1,5.833333333333E-1,6.666666666667E-1,7.5E-1,
8.333333333333E-1,9.166666666667E-1,1.E0),.UNSPECIFIED.);
#650=B_SPLINE_CURVE_WITH_KNOTS('',3,(#635,#636,#637,#638,#639,#640,#641,#642,
#643,#644,#645,#646,#647,#648,#649),.UNSPECIFIED.,.F.,.F.,(4,1,1,1,1,1,1,1,1,1,
1,1,4),(0.E0,8.333333333333E-2,1.666666666667E-1,2.5E-1,3.333333333333E-1,
4.166666666667E-1,5.E-1,5.833333333333E-1,6.666666666667E-1,7.5E-1,
8.333333333333E-1,9.166666666667E-1,1.E0),.UNSPECIFIED.);
#666=B_SPLINE_CURVE_WITH_KNOTS('',3,(#651,#652,#653,#654,#655,#656,#657,#658,
#659,#660,#661,#662,#663,#664,#665),.UNSPECIFIED.,.F.,.F.,(4,1,1,1,1,1,1,1,1,1,
1,1,4),(0.E0,8.333333333333E-2,1.666666666667E-1,2.5E-1,3.333333333333E-1,
4.166666666667E-1,5.E-1,5.833333333333E-1,6.666666666667E-1,7.5E-1,
8.333333333333E-1,9.166666666667E-1,1.E0),.UNSPECIFIED.);
#682=B_SPLINE_CURVE_WITH_KNOTS('',3,(#667,#668,#669,#670,#671,#672,#673,#674,
#675,#676,#677,#678,#679,#680,#681),.UNSPECIFIED.,.F.,.F.,(4,1,1,1,1,1,1,1,1,1,
1,1,4),(0.E0,8.333333333333E-2,1.666666666667E-1,2.5E-1,3.333333333333E-1,
4.166666666667E-1,5.E-1,5.833333333333E-1,6.666666666667E-1,7.5E-1,
8.333333333333E-1,9.166666666667E-1,1.E0),.UNSPECIFIED.);
#698=B_SPLINE_CURVE_WITH_KNOTS('',3,(#683,#684,#685,#686,#687,#688,#689,#690,
#691,#692,#693,#694,#695,#696,#697),.UNSPECIFIED.,.F.,.F.,(4,1,1,1,1,1,1,1,1,1,
1,1,4),(0.E0,8.333333333333E-2,1.666666666667E-1,2.5E-1,3.333333333333E-1,
4.166666666667E-1,5.E-1,5.833333333333E-1,6.666666666667E-1,7.5E-1,
8.333333333333E-1,9.166666666667E-1,1.E0),.UNSPECIFIED.);
#712=B_SPLINE_CURVE_WITH_KNOTS('',3,(#699,#700,#701,#702,#703,#704,#705,#706,
#707,#708,#709,#710,#711),.UNSPECIFIED.,.F.,.F.,(4,1,1,1,1,1,1,1,1,1,4),(0.E0,
1.E-1,2.E-1,3.E-1,4.E-1,5.E-1,6.E-1,7.E-1,8.E-1,9.E-1,1.E0),.UNSPECIFIED.);
#726=B_SPLINE_CURVE_WITH_KNOTS('',3,(#713,#714,#715,#716,#717,#718,#719,#720,
#721,#722,#723,#724,#725),.UNSPECIFIED.,.F.,.F.,(4,1,1,1,1,1,1,1,1,1,4),(0.E0,
1.E-1,2.E-1,3.E-1,4.E-1,5.E-1,6.E-1,7.E-1,8.E-1,9.E-1,1.E0),.UNSPECIFIED.);
#742=B_SPLINE_CURVE_WITH_KNOTS('',3,(#727,#728,#729,#730,#731,#732,#733,#734,
#735,#736,#737,#738,#739,#740,#741),.UNSPECIFIED.,.F.,.F.,(4,1,1,1,1,1,1,1,1,1,
1,1,4),(0.E0,8.333333333333E-2,1.666666666667E-1,2.5E-1,3.333333333333E-1,
4.166666666667E-1,5.E-1,5.833333333333E-1,6.666666666667E-1,7.5E-1,
8.333333333333E-1,9.166666666667E-1,1.E0),.UNSPECIFIED.);
#756=B_SPLINE_CURVE_WITH_KNOTS('',3,(#743,#744,#745,#746,#747,#748,#749,#750,
#751,#752,#753,#754,#755),.UNSPECIFIED.,.F.,.F.,(4,1,1,1,1,1,1,1,1,1,4),(0.E0,
1.E-1,2.E-1,3.E-1,4.E-1,5.E-1,6.E-1,7.E-1,8.E-1,9.E-1,1.E0),.UNSPECIFIED.);
#770=B_SPLINE_CURVE_WITH_KNOTS('',3,(#757,#758,#759,#760,#761,#762,#763,#764,
#765,#766,#767,#768,#769),.UNSPECIFIED.,.F.,.F.,(4,1,1,1,1,1,1,1,1,1,4),(0.E0,
1.E-1,2.E-1,3.E-1,4.E-1,5.E-1,6.E-1,7.E-1,8.E-1,9.E-1,1.E0),.UNSPECIFIED.);
#786=B_SPLINE_CURVE_WITH_KNOTS('',3,(#771,#772,#773,#774,#775,#776,#777,#778,
#779,#780,#781,#782,#783,#784,#785),.UNSPECIFIED.,.F.,.F.,(4,1,1,1,1,1,1,1,1,1,
1,1,4),(0.E0,8.333333333333E-2,1.666666666667E-1,2.5E-1,3.333333333333E-1,
4.166666666667E-1,5.E-1,5.833333333333E-1,6.666666666667E-1,7.5E-1,
8.333333333333E-1,9.166666666667E-1,1.E0),.UNSPECIFIED.);
#800=B_SPLINE_CURVE_WITH_KNOTS('',3,(#787,#788,#789,#790,#791,#792,#793,#794,
#795,#796,#797,#798,#799),.UNSPECIFIED.,.F.,.F.,(4,1,1,1,1,1,1,1,1,1,4),(0.E0,
1.E-1,2.E-1,3.E-1,4.E-1,5.E-1,6.E-1,7.E-1,8.E-1,9.E-1,1.E0),.UNSPECIFIED.);
#814=B_SPLINE_CURVE_WITH_KNOTS('',3,(#801,#802,#803,#804,#805,#806,#807,#808,
#809,#810,#811,#812,#813),.UNSPECIFIED.,.F.,.F.,(4,1,1,1,1,1,1,1,1,1,4),(0.E0,
1.E-1,2.E-1,3.E-1,4.E-1,5.E-1,6.E-1,7.E-1,8.E-1,9.E-1,1.E0),.UNSPECIFIED.);
#830=B_SPLINE_CURVE_WITH_KNOTS('',3,(#815,#816,#817,#818,#819,#820,#821,#822,
#823,#824,#825,#826,#827,#828,#829),.UNSPECIFIED.,.F.,.F.,(4,1,1,1,1,1,1,1,1,1,
1,1,4),(0.E0,8.333333333333E-2,1.666666666667E-1,2.5E-1,3.333333333333E-1,
4.166666666667E-1,5.E-1,5.833333333333E-1,6.666666666667E-1,7.5E-1,
8.333333333333E-1,9.166666666667E-1,1.E0),.UNSPECIFIED.);
#844=B_SPLINE_CURVE_WITH_KNOTS('',3,(#831,#832,#833,#834,#835,#836,#837,#838,
#839,#840,#841,#842,#843),.UNSPECIFIED.,.F.,.F.,(4,1,1,1,1,1,1,1,1,1,4),(0.E0,
1.E-1,2.E-1,3.E-1,4.E-1,5.E-1,6.E-1,7.E-1,8.E-1,9.E-1,1.E0),.UNSPECIFIED.);
#858=B_SPLINE_CURVE_WITH_KNOTS('',3,(#845,#846,#847,#848,#849,#850,#851,#852,
#853,#854,#855,#856,#857),.UNSPECIFIED.,.F.,.F.,(4,1,1,1,1,1,1,1,1,1,4),(0.E0,
1.E-1,2.E-1,3.E-1,4.E-1,5.E-1,6.E-1,7.E-1,8.E-1,9.E-1,1.E0),.UNSPECIFIED.);
#874=B_SPLINE_CURVE_WITH_KNOTS('',3,(#859,#860,#861,#862,#863,#864,#865,#866,
#867,#868,#869,#870,#871,#872,#873),.UNSPECIFIED.,.F.,.F.,(4,1,1,1,1,1,1,1,1,1,
1,1,4),(0.E0,8.333333333333E-2,1.666666666667E-1,2.5E-1,3.333333333333E-1,
4.166666666667E-1,5.E-1,5.833333333333E-1,6.666666666667E-1,7.5E-1,
8.333333333333E-1,9.166666666667E-1,1.E0),.UNSPECIFIED.);
#888=B_SPLINE_CURVE_WITH_KNOTS('',3,(#875,#876,#877,#878,#879,#880,#881,#882,
#883,#884,#885,#886,#887),.UNSPECIFIED.,.F.,.F.,(4,1,1,1,1,1,1,1,1,1,4),(0.E0,
1.E-1,2.E-1,3.E-1,4.E-1,5.E-1,6.E-1,7.E-1,8.E-1,9.E-1,1.E0),.UNSPECIFIED.);
#902=B_SPLINE_CURVE_WITH_KNOTS('',3,(#889,#890,#891,#892,#893,#894,#895,#896,
#897,#898,#899,#900,#901),.UNSPECIFIED.,.F.,.F.,(4,1,1,1,1,1,1,1,1,1,4),(0.E0,
1.E-1,2.E-1,3.E-1,4.E-1,5.E-1,6.E-1,7.E-1,8.E-1,9.E-1,1.E0),.UNSPECIFIED.);
#911=CIRCLE('',#910,1.025E1);
#920=CIRCLE('',#919,1.025E1);
#933=CIRCLE('',#932,1.8E1);
#942=CIRCLE('',#941,1.025E1);
#991=B_SPLINE_CURVE_WITH_KNOTS('',3,(#975,#976,#977,#978,#979,#980,#981,#982,
#983,#984,#985,#986,#987,#988,#989,#990),.UNSPECIFIED.,.F.,.F.,(4,1,1,1,1,1,1,1,
1,1,1,1,1,4),(0.E0,7.692307692308E-2,1.538461538462E-1,2.307692307692E-1,
3.076923076923E-1,3.846153846154E-1,4.615384615385E-1,5.384615384615E-1,
6.153846153846E-1,6.923076923077E-1,7.692307692308E-1,8.461538461538E-1,
9.230769230769E-1,1.E0),.UNSPECIFIED.);
#1002=B_SPLINE_CURVE_WITH_KNOTS('',3,(#992,#993,#994,#995,#996,#997,#998,#999,
#1000,#1001),.UNSPECIFIED.,.F.,.F.,(4,1,1,1,1,1,1,4),(0.E0,1.428571428571E-1,
2.857142857143E-1,4.285714285714E-1,5.714285714286E-1,7.142857142857E-1,
8.571428571429E-1,1.E0),.UNSPECIFIED.);
#1020=B_SPLINE_CURVE_WITH_KNOTS('',3,(#1003,#1004,#1005,#1006,#1007,#1008,#1009,
#1010,#1011,#1012,#1013,#1014,#1015,#1016,#1017,#1018,#1019),.UNSPECIFIED.,.F.,
.F.,(4,1,1,1,1,1,1,1,1,1,1,1,1,1,4),(0.E0,7.142857142857E-2,1.428571428571E-1,
2.142857142857E-1,2.857142857143E-1,3.571428571429E-1,4.285714285714E-1,5.E-1,
5.714285714286E-1,6.428571428571E-1,7.142857142857E-1,7.857142857143E-1,
8.571428571429E-1,9.285714285714E-1,1.E0),.UNSPECIFIED.);
#1031=B_SPLINE_CURVE_WITH_KNOTS('',3,(#1021,#1022,#1023,#1024,#1025,#1026,#1027,
#1028,#1029,#1030),.UNSPECIFIED.,.F.,.F.,(4,1,1,1,1,1,1,4),(0.E0,
1.428571428571E-1,2.857142857143E-1,4.285714285714E-1,5.714285714286E-1,
7.142857142857E-1,8.571428571429E-1,1.E0),.UNSPECIFIED.);
#1048=B_SPLINE_CURVE_WITH_KNOTS('',3,(#1032,#1033,#1034,#1035,#1036,#1037,#1038,
#1039,#1040,#1041,#1042,#1043,#1044,#1045,#1046,#1047),.UNSPECIFIED.,.F.,.F.,(4,
1,1,1,1,1,1,1,1,1,1,1,1,4),(0.E0,7.692307692308E-2,1.538461538462E-1,
2.307692307692E-1,3.076923076923E-1,3.846153846154E-1,4.615384615385E-1,
5.384615384615E-1,6.153846153846E-1,6.923076923077E-1,7.692307692308E-1,
8.461538461538E-1,9.230769230769E-1,1.E0),.UNSPECIFIED.);
#1062=B_SPLINE_CURVE_WITH_KNOTS('',3,(#1049,#1050,#1051,#1052,#1053,#1054,#1055,
#1056,#1057,#1058,#1059,#1060,#1061),.UNSPECIFIED.,.F.,.F.,(4,1,1,1,1,1,1,1,1,1,
4),(0.E0,1.E-1,2.E-1,3.E-1,4.E-1,5.E-1,6.E-1,7.E-1,8.E-1,9.E-1,1.E0),
.UNSPECIFIED.);
#1079=B_SPLINE_CURVE_WITH_KNOTS('',3,(#1063,#1064,#1065,#1066,#1067,#1068,#1069,
#1070,#1071,#1072,#1073,#1074,#1075,#1076,#1077,#1078),.UNSPECIFIED.,.F.,.F.,(4,
1,1,1,1,1,1,1,1,1,1,1,1,4),(0.E0,7.692307692308E-2,1.538461538462E-1,
2.307692307692E-1,3.076923076923E-1,3.846153846154E-1,4.615384615385E-1,
5.384615384615E-1,6.153846153846E-1,6.923076923077E-1,7.692307692308E-1,
8.461538461538E-1,9.230769230769E-1,1.E0),.UNSPECIFIED.);
#1093=B_SPLINE_CURVE_WITH_KNOTS('',3,(#1080,#1081,#1082,#1083,#1084,#1085,#1086,
#1087,#1088,#1089,#1090,#1091,#1092),.UNSPECIFIED.,.F.,.F.,(4,1,1,1,1,1,1,1,1,1,
4),(0.E0,1.E-1,2.E-1,3.E-1,4.E-1,5.E-1,6.E-1,7.E-1,8.E-1,9.E-1,1.E0),
.UNSPECIFIED.);
#1098=CIRCLE('',#1097,2.749987938983E0);
#1115=B_SPLINE_CURVE_WITH_KNOTS('',3,(#1099,#1100,#1101,#1102,#1103,#1104,#1105,
#1106,#1107,#1108,#1109,#1110,#1111,#1112,#1113,#1114),.UNSPECIFIED.,.F.,.F.,(4,
1,1,1,1,1,1,1,1,1,1,1,1,4),(0.E0,7.692307692308E-2,1.538461538462E-1,
2.307692307692E-1,3.076923076923E-1,3.846153846154E-1,4.615384615385E-1,
5.384615384615E-1,6.153846153846E-1,6.923076923077E-1,7.692307692308E-1,
8.461538461538E-1,9.230769230769E-1,1.E0),.UNSPECIFIED.);
#1132=B_SPLINE_CURVE_WITH_KNOTS('',3,(#1116,#1117,#1118,#1119,#1120,#1121,#1122,
#1123,#1124,#1125,#1126,#1127,#1128,#1129,#1130,#1131),.UNSPECIFIED.,.F.,.F.,(4,
1,1,1,1,1,1,1,1,1,1,1,1,4),(0.E0,7.692307692308E-2,1.538461538462E-1,
2.307692307692E-1,3.076923076923E-1,3.846153846154E-1,4.615384615385E-1,
5.384615384615E-1,6.153846153846E-1,6.923076923077E-1,7.692307692308E-1,
8.461538461538E-1,9.230769230769E-1,1.E0),.UNSPECIFIED.);
#1146=B_SPLINE_CURVE_WITH_KNOTS('',3,(#1133,#1134,#1135,#1136,#1137,#1138,#1139,
#1140,#1141,#1142,#1143,#1144,#1145),.UNSPECIFIED.,.F.,.F.,(4,1,1,1,1,1,1,1,1,1,
4),(0.E0,1.E-1,2.E-1,3.E-1,4.E-1,5.E-1,6.E-1,7.E-1,8.E-1,9.E-1,1.E0),
.UNSPECIFIED.);
#1163=B_SPLINE_CURVE_WITH_KNOTS('',3,(#1147,#1148,#1149,#1150,#1151,#1152,#1153,
#1154,#1155,#1156,#1157,#1158,#1159,#1160,#1161,#1162),.UNSPECIFIED.,.F.,.F.,(4,
1,1,1,1,1,1,1,1,1,1,1,1,4),(0.E0,7.692307692308E-2,1.538461538462E-1,
2.307692307692E-1,3.076923076923E-1,3.846153846154E-1,4.615384615385E-1,
5.384615384615E-1,6.153846153846E-1,6.923076923077E-1,7.692307692308E-1,
8.461538461538E-1,9.230769230769E-1,1.E0),.UNSPECIFIED.);
#1177=B_SPLINE_CURVE_WITH_KNOTS('',3,(#1164,#1165,#1166,#1167,#1168,#1169,#1170,
#1171,#1172,#1173,#1174,#1175,#1176),.UNSPECIFIED.,.F.,.F.,(4,1,1,1,1,1,1,1,1,1,
4),(0.E0,1.E-1,2.E-1,3.E-1,4.E-1,5.E-1,6.E-1,7.E-1,8.E-1,9.E-1,1.E0),
.UNSPECIFIED.);
#1194=B_SPLINE_CURVE_WITH_KNOTS('',3,(#1178,#1179,#1180,#1181,#1182,#1183,#1184,
#1185,#1186,#1187,#1188,#1189,#1190,#1191,#1192,#1193),.UNSPECIFIED.,.F.,.F.,(4,
1,1,1,1,1,1,1,1,1,1,1,1,4),(0.E0,7.692307692308E-2,1.538461538462E-1,
2.307692307692E-1,3.076923076923E-1,3.846153846154E-1,4.615384615385E-1,
5.384615384615E-1,6.153846153846E-1,6.923076923077E-1,7.692307692308E-1,
8.461538461538E-1,9.230769230769E-1,1.E0),.UNSPECIFIED.);
#1208=B_SPLINE_CURVE_WITH_KNOTS('',3,(#1195,#1196,#1197,#1198,#1199,#1200,#1201,
#1202,#1203,#1204,#1205,#1206,#1207),.UNSPECIFIED.,.F.,.F.,(4,1,1,1,1,1,1,1,1,1,
4),(0.E0,1.E-1,2.E-1,3.E-1,4.E-1,5.E-1,6.E-1,7.E-1,8.E-1,9.E-1,1.E0),
.UNSPECIFIED.);
#1225=B_SPLINE_CURVE_WITH_KNOTS('',3,(#1209,#1210,#1211,#1212,#1213,#1214,#1215,
#1216,#1217,#1218,#1219,#1220,#1221,#1222,#1223,#1224),.UNSPECIFIED.,.F.,.F.,(4,
1,1,1,1,1,1,1,1,1,1,1,1,4),(0.E0,7.692307692308E-2,1.538461538462E-1,
2.307692307692E-1,3.076923076923E-1,3.846153846154E-1,4.615384615385E-1,
5.384615384615E-1,6.153846153846E-1,6.923076923077E-1,7.692307692308E-1,
8.461538461538E-1,9.230769230769E-1,1.E0),.UNSPECIFIED.);
#1239=B_SPLINE_CURVE_WITH_KNOTS('',3,(#1226,#1227,#1228,#1229,#1230,#1231,#1232,
#1233,#1234,#1235,#1236,#1237,#1238),.UNSPECIFIED.,.F.,.F.,(4,1,1,1,1,1,1,1,1,1,
4),(0.E0,1.E-1,2.E-1,3.E-1,4.E-1,5.E-1,6.E-1,7.E-1,8.E-1,9.E-1,1.E0),
.UNSPECIFIED.);
#1256=B_SPLINE_CURVE_WITH_KNOTS('',3,(#1240,#1241,#1242,#1243,#1244,#1245,#1246,
#1247,#1248,#1249,#1250,#1251,#1252,#1253,#1254,#1255),.UNSPECIFIED.,.F.,.F.,(4,
1,1,1,1,1,1,1,1,1,1,1,1,4),(0.E0,7.692307692308E-2,1.538461538462E-1,
2.307692307692E-1,3.076923076923E-1,3.846153846154E-1,4.615384615385E-1,
5.384615384615E-1,6.153846153846E-1,6.923076923077E-1,7.692307692308E-1,
8.461538461538E-1,9.230769230769E-1,1.E0),.UNSPECIFIED.);
#1270=B_SPLINE_CURVE_WITH_KNOTS('',3,(#1257,#1258,#1259,#1260,#1261,#1262,#1263,
#1264,#1265,#1266,#1267,#1268,#1269),.UNSPECIFIED.,.F.,.F.,(4,1,1,1,1,1,1,1,1,1,
4),(0.E0,1.E-1,2.E-1,3.E-1,4.E-1,5.E-1,6.E-1,7.E-1,8.E-1,9.E-1,1.E0),
.UNSPECIFIED.);
#1287=B_SPLINE_CURVE_WITH_KNOTS('',3,(#1271,#1272,#1273,#1274,#1275,#1276,#1277,
#1278,#1279,#1280,#1281,#1282,#1283,#1284,#1285,#1286),.UNSPECIFIED.,.F.,.F.,(4,
1,1,1,1,1,1,1,1,1,1,1,1,4),(0.E0,7.692307692308E-2,1.538461538462E-1,
2.307692307692E-1,3.076923076923E-1,3.846153846154E-1,4.615384615385E-1,
5.384615384615E-1,6.153846153846E-1,6.923076923077E-1,7.692307692308E-1,
8.461538461538E-1,9.230769230769E-1,1.E0),.UNSPECIFIED.);
#1301=B_SPLINE_CURVE_WITH_KNOTS('',3,(#1288,#1289,#1290,#1291,#1292,#1293,#1294,
#1295,#1296,#1297,#1298,#1299,#1300),.UNSPECIFIED.,.F.,.F.,(4,1,1,1,1,1,1,1,1,1,
4),(0.E0,1.E-1,2.E-1,3.E-1,4.E-1,5.E-1,6.E-1,7.E-1,8.E-1,9.E-1,1.E0),
.UNSPECIFIED.);
#1318=B_SPLINE_CURVE_WITH_KNOTS('',3,(#1302,#1303,#1304,#1305,#1306,#1307,#1308,
#1309,#1310,#1311,#1312,#1313,#1314,#1315,#1316,#1317),.UNSPECIFIED.,.F.,.F.,(4,
1,1,1,1,1,1,1,1,1,1,1,1,4),(0.E0,7.692307692308E-2,1.538461538462E-1,
2.307692307692E-1,3.076923076923E-1,3.846153846154E-1,4.615384615385E-1,
5.384615384615E-1,6.153846153846E-1,6.923076923077E-1,7.692307692308E-1,
8.461538461538E-1,9.230769230769E-1,1.E0),.UNSPECIFIED.);
#1332=B_SPLINE_CURVE_WITH_KNOTS('',3,(#1319,#1320,#1321,#1322,#1323,#1324,#1325,
#1326,#1327,#1328,#1329,#1330,#1331),.UNSPECIFIED.,.F.,.F.,(4,1,1,1,1,1,1,1,1,1,
4),(0.E0,1.E-1,2.E-1,3.E-1,4.E-1,5.E-1,6.E-1,7.E-1,8.E-1,9.E-1,1.E0),
.UNSPECIFIED.);
#1349=B_SPLINE_CURVE_WITH_KNOTS('',3,(#1333,#1334,#1335,#1336,#1337,#1338,#1339,
#1340,#1341,#1342,#1343,#1344,#1345,#1346,#1347,#1348),.UNSPECIFIED.,.F.,.F.,(4,
1,1,1,1,1,1,1,1,1,1,1,1,4),(0.E0,7.692307692308E-2,1.538461538462E-1,
2.307692307692E-1,3.076923076923E-1,3.846153846154E-1,4.615384615385E-1,
5.384615384615E-1,6.153846153846E-1,6.923076923077E-1,7.692307692308E-1,
8.461538461538E-1,9.230769230769E-1,1.E0),.UNSPECIFIED.);
#1363=B_SPLINE_CURVE_WITH_KNOTS('',3,(#1350,#1351,#1352,#1353,#1354,#1355,#1356,
#1357,#1358,#1359,#1360,#1361,#1362),.UNSPECIFIED.,.F.,.F.,(4,1,1,1,1,1,1,1,1,1,
4),(0.E0,1.E-1,2.E-1,3.E-1,4.E-1,5.E-1,6.E-1,7.E-1,8.E-1,9.E-1,1.E0),
.UNSPECIFIED.);
#1381=B_SPLINE_CURVE_WITH_KNOTS('',3,(#1364,#1365,#1366,#1367,#1368,#1369,#1370,
#1371,#1372,#1373,#1374,#1375,#1376,#1377,#1378,#1379,#1380),.UNSPECIFIED.,.F.,
.F.,(4,1,1,1,1,1,1,1,1,1,1,1,1,1,4),(0.E0,7.142857142857E-2,1.428571428571E-1,
2.142857142857E-1,2.857142857143E-1,3.571428571429E-1,4.285714285714E-1,5.E-1,
5.714285714286E-1,6.428571428571E-1,7.142857142857E-1,7.857142857143E-1,
8.571428571429E-1,9.285714285714E-1,1.E0),.UNSPECIFIED.);
#1399=B_SPLINE_CURVE_WITH_KNOTS('',3,(#1382,#1383,#1384,#1385,#1386,#1387,#1388,
#1389,#1390,#1391,#1392,#1393,#1394,#1395,#1396,#1397,#1398),.UNSPECIFIED.,.F.,
.F.,(4,1,1,1,1,1,1,1,1,1,1,1,1,1,4),(0.E0,7.142857142857E-2,1.428571428571E-1,
2.142857142857E-1,2.857142857143E-1,3.571428571429E-1,4.285714285714E-1,5.E-1,
5.714285714286E-1,6.428571428571E-1,7.142857142857E-1,7.857142857143E-1,
8.571428571429E-1,9.285714285714E-1,1.E0),.UNSPECIFIED.);
#1417=B_SPLINE_CURVE_WITH_KNOTS('',3,(#1400,#1401,#1402,#1403,#1404,#1405,#1406,
#1407,#1408,#1409,#1410,#1411,#1412,#1413,#1414,#1415,#1416),.UNSPECIFIED.,.F.,
.F.,(4,1,1,1,1,1,1,1,1,1,1,1,1,1,4),(0.E0,7.142857142857E-2,1.428571428571E-1,
2.142857142857E-1,2.857142857143E-1,3.571428571429E-1,4.285714285714E-1,5.E-1,
5.714285714286E-1,6.428571428571E-1,7.142857142857E-1,7.857142857143E-1,
8.571428571429E-1,9.285714285714E-1,1.E0),.UNSPECIFIED.);
#1435=B_SPLINE_CURVE_WITH_KNOTS('',3,(#1418,#1419,#1420,#1421,#1422,#1423,#1424,
#1425,#1426,#1427,#1428,#1429,#1430,#1431,#1432,#1433,#1434),.UNSPECIFIED.,.F.,
.F.,(4,1,1,1,1,1,1,1,1,1,1,1,1,1,4),(0.E0,7.142857142857E-2,1.428571428571E-1,
2.142857142857E-1,2.857142857143E-1,3.571428571429E-1,4.285714285714E-1,5.E-1,
5.714285714286E-1,6.428571428571E-1,7.142857142857E-1,7.857142857143E-1,
8.571428571429E-1,9.285714285714E-1,1.E0),.UNSPECIFIED.);
#1453=B_SPLINE_CURVE_WITH_KNOTS('',3,(#1436,#1437,#1438,#1439,#1440,#1441,#1442,
#1443,#1444,#1445,#1446,#1447,#1448,#1449,#1450,#1451,#1452),.UNSPECIFIED.,.F.,
.F.,(4,1,1,1,1,1,1,1,1,1,1,1,1,1,4),(0.E0,7.142857142857E-2,1.428571428571E-1,
2.142857142857E-1,2.857142857143E-1,3.571428571429E-1,4.285714285714E-1,5.E-1,
5.714285714286E-1,6.428571428571E-1,7.142857142857E-1,7.857142857143E-1,
8.571428571429E-1,9.285714285714E-1,1.E0),.UNSPECIFIED.);
#1471=B_SPLINE_CURVE_WITH_KNOTS('',3,(#1454,#1455,#1456,#1457,#1458,#1459,#1460,
#1461,#1462,#1463,#1464,#1465,#1466,#1467,#1468,#1469,#1470),.UNSPECIFIED.,.F.,
.F.,(4,1,1,1,1,1,1,1,1,1,1,1,1,1,4),(0.E0,7.142857142857E-2,1.428571428571E-1,
2.142857142857E-1,2.857142857143E-1,3.571428571429E-1,4.285714285714E-1,5.E-1,
5.714285714286E-1,6.428571428571E-1,7.142857142857E-1,7.857142857143E-1,
8.571428571429E-1,9.285714285714E-1,1.E0),.UNSPECIFIED.);
#1489=B_SPLINE_CURVE_WITH_KNOTS('',3,(#1472,#1473,#1474,#1475,#1476,#1477,#1478,
#1479,#1480,#1481,#1482,#1483,#1484,#1485,#1486,#1487,#1488),.UNSPECIFIED.,.F.,
.F.,(4,1,1,1,1,1,1,1,1,1,1,1,1,1,4),(0.E0,7.142857142857E-2,1.428571428571E-1,
2.142857142857E-1,2.857142857143E-1,3.571428571429E-1,4.285714285714E-1,5.E-1,
5.714285714286E-1,6.428571428571E-1,7.142857142857E-1,7.857142857143E-1,
8.571428571429E-1,9.285714285714E-1,1.E0),.UNSPECIFIED.);
#1507=B_SPLINE_CURVE_WITH_KNOTS('',3,(#1490,#1491,#1492,#1493,#1494,#1495,#1496,
#1497,#1498,#1499,#1500,#1501,#1502,#1503,#1504,#1505,#1506),.UNSPECIFIED.,.F.,
.F.,(4,1,1,1,1,1,1,1,1,1,1,1,1,1,4),(0.E0,7.142857142857E-2,1.428571428571E-1,
2.142857142857E-1,2.857142857143E-1,3.571428571429E-1,4.285714285714E-1,5.E-1,
5.714285714286E-1,6.428571428571E-1,7.142857142857E-1,7.857142857143E-1,
8.571428571429E-1,9.285714285714E-1,1.E0),.UNSPECIFIED.);
#1525=B_SPLINE_CURVE_WITH_KNOTS('',3,(#1508,#1509,#1510,#1511,#1512,#1513,#1514,
#1515,#1516,#1517,#1518,#1519,#1520,#1521,#1522,#1523,#1524),.UNSPECIFIED.,.F.,
.F.,(4,1,1,1,1,1,1,1,1,1,1,1,1,1,4),(0.E0,7.142857142857E-2,1.428571428571E-1,
2.142857142857E-1,2.857142857143E-1,3.571428571429E-1,4.285714285714E-1,5.E-1,
5.714285714286E-1,6.428571428571E-1,7.142857142857E-1,7.857142857143E-1,
8.571428571429E-1,9.285714285714E-1,1.E0),.UNSPECIFIED.);
#1543=B_SPLINE_CURVE_WITH_KNOTS('',3,(#1526,#1527,#1528,#1529,#1530,#1531,#1532,
#1533,#1534,#1535,#1536,#1537,#1538,#1539,#1540,#1541,#1542),.UNSPECIFIED.,.F.,
.F.,(4,1,1,1,1,1,1,1,1,1,1,1,1,1,4),(0.E0,7.142857142857E-2,1.428571428571E-1,
2.142857142857E-1,2.857142857143E-1,3.571428571429E-1,4.285714285714E-1,5.E-1,
5.714285714286E-1,6.428571428571E-1,7.142857142857E-1,7.857142857143E-1,
8.571428571429E-1,9.285714285714E-1,1.E0),.UNSPECIFIED.);
#1561=B_SPLINE_CURVE_WITH_KNOTS('',3,(#1544,#1545,#1546,#1547,#1548,#1549,#1550,
#1551,#1552,#1553,#1554,#1555,#1556,#1557,#1558,#1559,#1560),.UNSPECIFIED.,.F.,
.F.,(4,1,1,1,1,1,1,1,1,1,1,1,1,1,4),(0.E0,7.142857142857E-2,1.428571428571E-1,
2.142857142857E-1,2.857142857143E-1,3.571428571429E-1,4.285714285714E-1,5.E-1,
5.714285714286E-1,6.428571428571E-1,7.142857142857E-1,7.857142857143E-1,
8.571428571429E-1,9.285714285714E-1,1.E0),.UNSPECIFIED.);
#1579=B_SPLINE_CURVE_WITH_KNOTS('',3,(#1562,#1563,#1564,#1565,#1566,#1567,#1568,
#1569,#1570,#1571,#1572,#1573,#1574,#1575,#1576,#1577,#1578),.UNSPECIFIED.,.F.,
.F.,(4,1,1,1,1,1,1,1,1,1,1,1,1,1,4),(0.E0,7.142857142857E-2,1.428571428571E-1,
2.142857142857E-1,2.857142857143E-1,3.571428571429E-1,4.285714285714E-1,5.E-1,
5.714285714286E-1,6.428571428571E-1,7.142857142857E-1,7.857142857143E-1,
8.571428571429E-1,9.285714285714E-1,1.E0),.UNSPECIFIED.);
#1587=B_SPLINE_CURVE_WITH_KNOTS('',3,(#1580,#1581,#1582,#1583,#1584,#1585,
#1586),.UNSPECIFIED.,.F.,.F.,(4,1,1,1,4),(0.E0,2.5E-1,5.E-1,7.5E-1,1.E0),
.UNSPECIFIED.);
#1612=B_SPLINE_CURVE_WITH_KNOTS('',3,(#1588,#1589,#1590,#1591,#1592,#1593,#1594,
#1595,#1596,#1597,#1598,#1599,#1600,#1601,#1602,#1603,#1604,#1605,#1606,#1607,
#1608,#1609,#1610,#1611),.UNSPECIFIED.,.F.,.F.,(4,1,1,1,1,1,1,1,1,1,1,1,1,1,1,1,
1,1,1,1,1,4),(0.E0,4.761904761905E-2,9.523809523810E-2,1.428571428571E-1,
1.904761904762E-1,2.380952380952E-1,2.857142857143E-1,3.333333333333E-1,
3.809523809524E-1,4.285714285714E-1,4.761904761905E-1,5.238095238095E-1,
5.714285714286E-1,6.190476190476E-1,6.666666666667E-1,7.142857142857E-1,
7.619047619048E-1,8.095238095238E-1,8.571428571429E-1,9.047619047619E-1,
9.523809523810E-1,1.E0),.UNSPECIFIED.);
#1618=B_SPLINE_CURVE_WITH_KNOTS('',3,(#1613,#1614,#1615,#1616,#1617),
.UNSPECIFIED.,.F.,.F.,(4,1,4),(0.E0,5.E-1,1.E0),.UNSPECIFIED.);
#1633=B_SPLINE_CURVE_WITH_KNOTS('',3,(#1619,#1620,#1621,#1622,#1623,#1624,#1625,
#1626,#1627,#1628,#1629,#1630,#1631,#1632),.UNSPECIFIED.,.F.,.F.,(4,1,1,1,1,1,1,
1,1,1,1,4),(0.E0,9.090909090909E-2,1.818181818182E-1,2.727272727273E-1,
3.636363636364E-1,4.545454545455E-1,5.454545454545E-1,6.363636363636E-1,
7.272727272727E-1,8.181818181818E-1,9.090909090909E-1,1.E0),.UNSPECIFIED.);
#1652=B_SPLINE_CURVE_WITH_KNOTS('',3,(#1638,#1639,#1640,#1641,#1642,#1643,#1644,
#1645,#1646,#1647,#1648,#1649,#1650,#1651),.UNSPECIFIED.,.F.,.F.,(4,1,1,1,1,1,1,
1,1,1,1,4),(0.E0,9.090909090909E-2,1.818181818182E-1,2.727272727273E-1,
3.636363636364E-1,4.545454545455E-1,5.454545454545E-1,6.363636363636E-1,
7.272727272727E-1,8.181818181818E-1,9.090909090909E-1,1.E0),.UNSPECIFIED.);
#1667=B_SPLINE_CURVE_WITH_KNOTS('',3,(#1653,#1654,#1655,#1656,#1657,#1658,#1659,
#1660,#1661,#1662,#1663,#1664,#1665,#1666),.UNSPECIFIED.,.F.,.F.,(4,1,1,1,1,1,1,
1,1,1,1,4),(0.E0,9.090909090909E-2,1.818181818182E-1,2.727272727273E-1,
3.636363636364E-1,4.545454545455E-1,5.454545454545E-1,6.363636363636E-1,
7.272727272727E-1,8.181818181818E-1,9.090909090909E-1,1.E0),.UNSPECIFIED.);
#1682=B_SPLINE_CURVE_WITH_KNOTS('',3,(#1668,#1669,#1670,#1671,#1672,#1673,#1674,
#1675,#1676,#1677,#1678,#1679,#1680,#1681),.UNSPECIFIED.,.F.,.F.,(4,1,1,1,1,1,1,
1,1,1,1,4),(0.E0,9.090909090909E-2,1.818181818182E-1,2.727272727273E-1,
3.636363636364E-1,4.545454545455E-1,5.454545454545E-1,6.363636363636E-1,
7.272727272727E-1,8.181818181818E-1,9.090909090909E-1,1.E0),.UNSPECIFIED.);
#1697=B_SPLINE_CURVE_WITH_KNOTS('',3,(#1683,#1684,#1685,#1686,#1687,#1688,#1689,
#1690,#1691,#1692,#1693,#1694,#1695,#1696),.UNSPECIFIED.,.F.,.F.,(4,1,1,1,1,1,1,
1,1,1,1,4),(0.E0,9.090909090909E-2,1.818181818182E-1,2.727272727273E-1,
3.636363636364E-1,4.545454545455E-1,5.454545454545E-1,6.363636363636E-1,
7.272727272727E-1,8.181818181818E-1,9.090909090909E-1,1.E0),.UNSPECIFIED.);
#1712=B_SPLINE_CURVE_WITH_KNOTS('',3,(#1698,#1699,#1700,#1701,#1702,#1703,#1704,
#1705,#1706,#1707,#1708,#1709,#1710,#1711),.UNSPECIFIED.,.F.,.F.,(4,1,1,1,1,1,1,
1,1,1,1,4),(0.E0,9.090909090909E-2,1.818181818182E-1,2.727272727273E-1,
3.636363636364E-1,4.545454545455E-1,5.454545454545E-1,6.363636363636E-1,
7.272727272727E-1,8.181818181818E-1,9.090909090909E-1,1.E0),.UNSPECIFIED.);
#1727=B_SPLINE_CURVE_WITH_KNOTS('',3,(#1713,#1714,#1715,#1716,#1717,#1718,#1719,
#1720,#1721,#1722,#1723,#1724,#1725,#1726),.UNSPECIFIED.,.F.,.F.,(4,1,1,1,1,1,1,
1,1,1,1,4),(0.E0,9.090909090909E-2,1.818181818182E-1,2.727272727273E-1,
3.636363636364E-1,4.545454545455E-1,5.454545454545E-1,6.363636363636E-1,
7.272727272727E-1,8.181818181818E-1,9.090909090909E-1,1.E0),.UNSPECIFIED.);
#1742=B_SPLINE_CURVE_WITH_KNOTS('',3,(#1728,#1729,#1730,#1731,#1732,#1733,#1734,
#1735,#1736,#1737,#1738,#1739,#1740,#1741),.UNSPECIFIED.,.F.,.F.,(4,1,1,1,1,1,1,
1,1,1,1,4),(0.E0,9.090909090909E-2,1.818181818182E-1,2.727272727273E-1,
3.636363636364E-1,4.545454545455E-1,5.454545454545E-1,6.363636363636E-1,
7.272727272727E-1,8.181818181818E-1,9.090909090909E-1,1.E0),.UNSPECIFIED.);
#1757=B_SPLINE_CURVE_WITH_KNOTS('',3,(#1743,#1744,#1745,#1746,#1747,#1748,#1749,
#1750,#1751,#1752,#1753,#1754,#1755,#1756),.UNSPECIFIED.,.F.,.F.,(4,1,1,1,1,1,1,
1,1,1,1,4),(0.E0,9.090909090909E-2,1.818181818182E-1,2.727272727273E-1,
3.636363636364E-1,4.545454545455E-1,5.454545454545E-1,6.363636363636E-1,
7.272727272727E-1,8.181818181818E-1,9.090909090909E-1,1.E0),.UNSPECIFIED.);
#1797=B_SPLINE_CURVE_WITH_KNOTS('',3,(#1758,#1759,#1760,#1761,#1762,#1763,#1764,
#1765,#1766,#1767,#1768,#1769,#1770,#1771,#1772,#1773,#1774,#1775,#1776,#1777,
#1778,#1779,#1780,#1781,#1782,#1783,#1784,#1785,#1786,#1787,#1788,#1789,#1790,
#1791,#1792,#1793,#1794,#1795,#1796),.UNSPECIFIED.,.F.,.F.,(4,1,1,1,1,1,1,1,1,1,
1,1,1,1,1,1,1,1,1,1,1,1,1,1,1,1,1,1,1,1,1,1,1,1,1,1,4),(0.E0,2.777777777778E-2,
5.555555555556E-2,8.333333333333E-2,1.111111111111E-1,1.388888888889E-1,
1.666666666667E-1,1.944444444444E-1,2.222222222222E-1,2.5E-1,2.777777777778E-1,
3.055555555556E-1,3.333333333333E-1,3.611111111111E-1,3.888888888889E-1,
4.166666666667E-1,4.444444444444E-1,4.722222222222E-1,5.E-1,5.277777777778E-1,
5.555555555556E-1,5.833333333333E-1,6.111111111111E-1,6.388888888889E-1,
6.666666666667E-1,6.944444444444E-1,7.222222222222E-1,7.5E-1,7.777777777778E-1,
8.055555555556E-1,8.333333333333E-1,8.611111111111E-1,8.888888888889E-1,
9.166666666667E-1,9.444444444444E-1,9.722222222222E-1,1.E0),.UNSPECIFIED.);
#1802=CIRCLE('',#1801,3.E0);
#1807=CIRCLE('',#1806,1.55E0);
#1816=CIRCLE('',#1815,1.55E0);
#1825=CIRCLE('',#1824,1.55E0);
#2011=EDGE_CURVE('',#1832,#1833,#31,.T.);
#2013=EDGE_CURVE('',#1833,#1835,#36,.T.);
#2015=EDGE_CURVE('',#1835,#1837,#40,.T.);
#2017=EDGE_CURVE('',#1837,#1832,#45,.T.);
#2021=ADVANCED_FACE('',(#2020),#2010,.F.);
#2027=EDGE_CURVE('',#1918,#1919,#70,.T.);
#2029=EDGE_CURVE('',#1919,#1894,#74,.T.);
#2031=EDGE_CURVE('',#1893,#1894,#1098,.T.);
#2033=EDGE_CURVE('',#1893,#1888,#78,.T.);
#2035=EDGE_CURVE('',#1888,#1889,#83,.T.);
#2037=EDGE_CURVE('',#1889,#1840,#87,.T.);
#2039=EDGE_CURVE('',#1840,#1841,#928,.T.);
#2041=EDGE_CURVE('',#1833,#1841,#906,.T.);
#2044=EDGE_CURVE('',#1832,#1918,#91,.T.);
#2048=EDGE_CURVE('',#1868,#1869,#60,.T.);
#2050=EDGE_CURVE('',#1869,#1868,#65,.T.);
#2054=EDGE_CURVE('',#1864,#1865,#50,.T.);
#2056=EDGE_CURVE('',#1865,#1864,#55,.T.);
#2060=ADVANCED_FACE('',(#2047,#2053,#2059),#2026,.T.);
#2066=EDGE_CURVE('',#1992,#1993,#96,.T.);
#2068=EDGE_CURVE('',#1865,#1993,#1811,.T.);
#2071=EDGE_CURVE('',#1864,#1992,#100,.T.);
#2075=ADVANCED_FACE('',(#2074),#2065,.F.);
#2081=EDGE_CURVE('',#2002,#2003,#105,.T.);
#2083=EDGE_CURVE('',#2003,#2002,#110,.T.);
#2087=EDGE_CURVE('',#1996,#1997,#1816,.T.);
#2089=EDGE_CURVE('',#1997,#1996,#1825,.T.);
#2093=ADVANCED_FACE('',(#2086,#2092),#2080,.T.);
#2099=EDGE_CURVE('',#1988,#1989,#290,.T.);
#2101=EDGE_CURVE('',#1989,#1988,#1802,.T.);
#2106=EDGE_CURVE('',#1993,#1992,#1807,.T.);
#2110=ADVANCED_FACE('',(#2104,#2109),#2098,.T.);
#2116=EDGE_CURVE('',#2004,#2005,#415,.T.);
#2118=EDGE_CURVE('',#2002,#2005,#114,.T.);
#2121=EDGE_CURVE('',#2003,#2004,#1637,.T.);
#2125=ADVANCED_FACE('',(#2124),#2115,.F.);
#2131=EDGE_CURVE('',#1963,#1984,#449,.T.);
#2133=EDGE_CURVE('',#1963,#1845,#118,.T.);
#2135=EDGE_CURVE('',#1845,#1840,#933,.T.);
#2138=EDGE_CURVE('',#1891,#1889,#128,.T.);
#2140=EDGE_CURVE('',#1964,#1891,#133,.T.);
#2142=EDGE_CURVE('',#1967,#1964,#1633,.T.);
#2144=EDGE_CURVE('',#1968,#1967,#138,.T.);
#2146=EDGE_CURVE('',#1971,#1968,#1667,.T.);
#2148=EDGE_CURVE('',#1972,#1971,#143,.T.);
#2150=EDGE_CURVE('',#1975,#1972,#1697,.T.);
#2152=EDGE_CURVE('',#1976,#1975,#148,.T.);
#2154=EDGE_CURVE('',#1979,#1976,#1727,.T.);
#2156=EDGE_CURVE('',#1980,#1979,#153,.T.);
#2158=EDGE_CURVE('',#1983,#1980,#1757,.T.);
#2160=EDGE_CURVE('',#1984,#1983,#158,.T.);
#2164=ADVANCED_FACE('',(#2163),#2130,.T.);
#2170=EDGE_CURVE('',#1955,#1956,#575,.T.);
#2172=EDGE_CURVE('',#1955,#1946,#163,.T.);
#2174=EDGE_CURVE('',#1951,#1946,#888,.T.);
#2176=EDGE_CURVE('',#1951,#1940,#168,.T.);
#2178=EDGE_CURVE('',#1945,#1940,#844,.T.);
#2180=EDGE_CURVE('',#1945,#1934,#173,.T.);
#2182=EDGE_CURVE('',#1939,#1934,#800,.T.);
#2184=EDGE_CURVE('',#1939,#1928,#178,.T.);
#2186=EDGE_CURVE('',#1933,#1928,#756,.T.);
#2188=EDGE_CURVE('',#1933,#1922,#183,.T.);
#2190=EDGE_CURVE('',#1927,#1922,#712,.T.);
#2192=EDGE_CURVE('',#1927,#1920,#188,.T.);
#2194=EDGE_CURVE('',#1918,#1920,#198,.T.);
#2198=EDGE_CURVE('',#1837,#1956,#202,.T.);
#2202=ADVANCED_FACE('',(#2201),#2169,.T.);
#2208=EDGE_CURVE('',#1957,#1953,#586,.T.);
#2210=EDGE_CURVE('',#1957,#1960,#206,.T.);
#2212=EDGE_CURVE('',#1961,#1960,#1002,.T.);
#2214=EDGE_CURVE('',#1961,#1915,#211,.T.);
#2216=EDGE_CURVE('',#1914,#1915,#1332,.T.);
#2218=EDGE_CURVE('',#1914,#1911,#216,.T.);
#2220=EDGE_CURVE('',#1910,#1911,#1270,.T.);
#2222=EDGE_CURVE('',#1910,#1907,#221,.T.);
#2224=EDGE_CURVE('',#1906,#1907,#1208,.T.);
#2226=EDGE_CURVE('',#1906,#1903,#226,.T.);
#2228=EDGE_CURVE('',#1902,#1903,#1146,.T.);
#2230=EDGE_CURVE('',#1902,#1899,#231,.T.);
#2232=EDGE_CURVE('',#1898,#1899,#1062,.T.);
#2234=EDGE_CURVE('',#1898,#1895,#236,.T.);
#2236=EDGE_CURVE('',#1894,#1895,#246,.T.);
#2239=EDGE_CURVE('',#1921,#1919,#256,.T.);
#2241=EDGE_CURVE('',#1925,#1921,#261,.T.);
#2243=EDGE_CURVE('',#1923,#1925,#726,.T.);
#2245=EDGE_CURVE('',#1931,#1923,#266,.T.);
#2247=EDGE_CURVE('',#1929,#1931,#770,.T.);
#2249=EDGE_CURVE('',#1937,#1929,#271,.T.);
#2251=EDGE_CURVE('',#1935,#1937,#814,.T.);
#2253=EDGE_CURVE('',#1943,#1935,#276,.T.);
#2255=EDGE_CURVE('',#1941,#1943,#858,.T.);
#2257=EDGE_CURVE('',#1949,#1941,#281,.T.);
#2259=EDGE_CURVE('',#1947,#1949,#902,.T.);
#2261=EDGE_CURVE('',#1953,#1947,#286,.T.);
#2266=EDGE_CURVE('',#1988,#1989,#1797,.T.);
#2270=ADVANCED_FACE('',(#2264,#2269),#2207,.T.);
#2276=EDGE_CURVE('',#1965,#1998,#1587,.T.);
#2278=EDGE_CURVE('',#1965,#1890,#295,.T.);
#2280=EDGE_CURVE('',#1888,#1890,#305,.T.);
#2283=EDGE_CURVE('',#1892,#1893,#315,.T.);
#2285=EDGE_CURVE('',#1897,#1892,#320,.T.);
#2287=EDGE_CURVE('',#1896,#1897,#1093,.T.);
#2289=EDGE_CURVE('',#1901,#1896,#325,.T.);
#2291=EDGE_CURVE('',#1900,#1901,#1177,.T.);
#2293=EDGE_CURVE('',#1905,#1900,#330,.T.);
#2295=EDGE_CURVE('',#1904,#1905,#1239,.T.);
#2297=EDGE_CURVE('',#1909,#1904,#335,.T.);
#2299=EDGE_CURVE('',#1908,#1909,#1301,.T.);
#2301=EDGE_CURVE('',#1913,#1908,#340,.T.);
#2303=EDGE_CURVE('',#1912,#1913,#1363,.T.);
#2305=EDGE_CURVE('',#1959,#1912,#345,.T.);
#2307=EDGE_CURVE('',#1958,#1959,#1031,.T.);
#2309=EDGE_CURVE('',#1958,#1962,#349,.T.);
#2311=EDGE_CURVE('',#1985,#1962,#438,.T.);
#2313=EDGE_CURVE('',#1985,#1982,#354,.T.);
#2315=EDGE_CURVE('',#1981,#1982,#1742,.T.);
#2317=EDGE_CURVE('',#1981,#1978,#359,.T.);
#2319=EDGE_CURVE('',#1977,#1978,#1712,.T.);
#2321=EDGE_CURVE('',#1977,#1974,#364,.T.);
#2323=EDGE_CURVE('',#1973,#1974,#1682,.T.);
#2325=EDGE_CURVE('',#1973,#1970,#369,.T.);
#2327=EDGE_CURVE('',#1969,#1970,#1652,.T.);
#2329=EDGE_CURVE('',#1969,#1966,#374,.T.);
#2331=EDGE_CURVE('',#1999,#1966,#1618,.T.);
#2333=EDGE_CURVE('',#2005,#1999,#388,.T.);
#2336=EDGE_CURVE('',#1998,#2004,#427,.T.);
#2340=ADVANCED_FACE('',(#2339),#2275,.T.);
#2347=EDGE_CURVE('',#1962,#1963,#512,.T.);
#2350=EDGE_CURVE('',#1984,#1985,#1561,.T.);
#2354=ADVANCED_FACE('',(#2353),#2345,.F.);
#2360=EDGE_CURVE('',#1956,#1957,#488,.T.);
#2364=EDGE_CURVE('',#1835,#1843,#492,.T.);
#2366=EDGE_CURVE('',#1843,#1845,#937,.T.);
#2371=EDGE_CURVE('',#1960,#1958,#1020,.T.);
#2376=EDGE_CURVE('',#1884,#1885,#464,.T.);
#2378=EDGE_CURVE('',#1885,#1884,#469,.T.);
#2382=EDGE_CURVE('',#1880,#1881,#454,.T.);
#2384=EDGE_CURVE('',#1881,#1880,#459,.T.);
#2388=ADVANCED_FACE('',(#2375,#2381,#2387),#2359,.T.);
#2395=EDGE_CURVE('',#1880,#1872,#516,.T.);
#2397=EDGE_CURVE('',#1872,#1873,#525,.T.);
#2399=EDGE_CURVE('',#1881,#1873,#520,.T.);
#2403=ADVANCED_FACE('',(#2402),#2393,.F.);
#2411=EDGE_CURVE('',#1873,#1872,#530,.T.);
#2416=ADVANCED_FACE('',(#2415),#2408,.F.);
#2426=ADVANCED_FACE('',(#2425),#2421,.T.);
#2432=EDGE_CURVE('',#1876,#1877,#535,.T.);
#2434=EDGE_CURVE('',#1877,#1876,#540,.T.);
#2438=ADVANCED_FACE('',(#2437),#2431,.T.);
#2445=EDGE_CURVE('',#1884,#1876,#544,.T.);
#2448=EDGE_CURVE('',#1885,#1877,#548,.T.);
#2452=ADVANCED_FACE('',(#2451),#2443,.F.);
#2464=ADVANCED_FACE('',(#2463),#2457,.F.);
#2470=EDGE_CURVE('',#1953,#1955,#564,.T.);
#2477=ADVANCED_FACE('',(#2476),#2469,.F.);
#2483=EDGE_CURVE('',#1925,#1927,#698,.T.);
#2486=EDGE_CURVE('',#1920,#1921,#602,.T.);
#2491=ADVANCED_FACE('',(#2490),#2482,.F.);
#2497=EDGE_CURVE('',#1931,#1933,#742,.T.);
#2500=EDGE_CURVE('',#1922,#1923,#618,.T.);
#2505=ADVANCED_FACE('',(#2504),#2496,.F.);
#2511=EDGE_CURVE('',#1937,#1939,#786,.T.);
#2514=EDGE_CURVE('',#1928,#1929,#634,.T.);
#2519=ADVANCED_FACE('',(#2518),#2510,.F.);
#2525=EDGE_CURVE('',#1943,#1945,#830,.T.);
#2528=EDGE_CURVE('',#1934,#1935,#650,.T.);
#2533=ADVANCED_FACE('',(#2532),#2524,.F.);
#2539=EDGE_CURVE('',#1949,#1951,#874,.T.);
#2542=EDGE_CURVE('',#1940,#1941,#666,.T.);
#2547=ADVANCED_FACE('',(#2546),#2538,.F.);
#2555=EDGE_CURVE('',#1946,#1947,#682,.T.);
#2560=ADVANCED_FACE('',(#2559),#2552,.F.);
#2572=ADVANCED_FACE('',(#2571),#2565,.F.);
#2584=ADVANCED_FACE('',(#2583),#2577,.F.);
#2596=ADVANCED_FACE('',(#2595),#2589,.F.);
#2608=ADVANCED_FACE('',(#2607),#2601,.F.);
#2620=ADVANCED_FACE('',(#2619),#2613,.F.);
#2632=ADVANCED_FACE('',(#2631),#2625,.F.);
#2640=EDGE_CURVE('',#1841,#1843,#942,.T.);
#2645=EDGE_CURVE('',#1856,#1857,#911,.T.);
#2647=EDGE_CURVE('',#1856,#1860,#915,.T.);
#2649=EDGE_CURVE('',#1860,#1861,#920,.T.);
#2651=EDGE_CURVE('',#1857,#1861,#924,.T.);
#2655=ADVANCED_FACE('',(#2644,#2654),#2637,.F.);
#2667=ADVANCED_FACE('',(#2666),#2660,.T.);
#2674=EDGE_CURVE('',#1849,#1857,#946,.T.);
#2676=EDGE_CURVE('',#1848,#1849,#950,.T.);
#2678=EDGE_CURVE('',#1856,#1848,#954,.T.);
#2682=ADVANCED_FACE('',(#2681),#2672,.T.);
#2689=EDGE_CURVE('',#1853,#1861,#970,.T.);
#2691=EDGE_CURVE('',#1849,#1853,#958,.T.);
#2696=ADVANCED_FACE('',(#2695),#2687,.F.);
#2703=EDGE_CURVE('',#1860,#1852,#962,.T.);
#2705=EDGE_CURVE('',#1852,#1853,#966,.T.);
#2710=ADVANCED_FACE('',(#2709),#2701,.F.);
#2718=EDGE_CURVE('',#1848,#1852,#974,.T.);
#2723=ADVANCED_FACE('',(#2722),#2715,.F.);
#2735=ADVANCED_FACE('',(#2734),#2728,.F.);
#2741=EDGE_CURVE('',#1959,#1961,#991,.T.);
#2748=ADVANCED_FACE('',(#2747),#2740,.F.);
#2754=EDGE_CURVE('',#1897,#1898,#1048,.T.);
#2757=EDGE_CURVE('',#1895,#1892,#1115,.T.);
#2762=ADVANCED_FACE('',(#2761),#2753,.F.);
#2768=EDGE_CURVE('',#1901,#1902,#1132,.T.);
#2771=EDGE_CURVE('',#1899,#1896,#1079,.T.);
#2776=ADVANCED_FACE('',(#2775),#2767,.F.);
#2782=EDGE_CURVE('',#1905,#1906,#1194,.T.);
#2785=EDGE_CURVE('',#1903,#1900,#1163,.T.);
#2790=ADVANCED_FACE('',(#2789),#2781,.F.);
#2796=EDGE_CURVE('',#1909,#1910,#1256,.T.);
#2799=EDGE_CURVE('',#1907,#1904,#1225,.T.);
#2804=ADVANCED_FACE('',(#2803),#2795,.F.);
#2810=EDGE_CURVE('',#1913,#1914,#1318,.T.);
#2813=EDGE_CURVE('',#1911,#1908,#1287,.T.);
#2818=ADVANCED_FACE('',(#2817),#2809,.F.);
#2826=EDGE_CURVE('',#1915,#1912,#1349,.T.);
#2831=ADVANCED_FACE('',(#2830),#2823,.F.);
#2843=ADVANCED_FACE('',(#2842),#2836,.F.);
#2855=ADVANCED_FACE('',(#2854),#2848,.F.);
#2867=ADVANCED_FACE('',(#2866),#2860,.F.);
#2879=ADVANCED_FACE('',(#2878),#2872,.F.);
#2891=ADVANCED_FACE('',(#2890),#2884,.F.);
#2903=ADVANCED_FACE('',(#2902),#2896,.F.);
#2909=EDGE_CURVE('',#1964,#1965,#1381,.T.);
#2912=EDGE_CURVE('',#1890,#1891,#1399,.T.);
#2917=ADVANCED_FACE('',(#2916),#2908,.F.);
#2923=EDGE_CURVE('',#1968,#1969,#1417,.T.);
#2926=EDGE_CURVE('',#1966,#1967,#1435,.T.);
#2931=ADVANCED_FACE('',(#2930),#2922,.F.);
#2937=EDGE_CURVE('',#1972,#1973,#1453,.T.);
#2940=EDGE_CURVE('',#1970,#1971,#1471,.T.);
#2945=ADVANCED_FACE('',(#2944),#2936,.F.);
#2951=EDGE_CURVE('',#1976,#1977,#1489,.T.);
#2954=EDGE_CURVE('',#1974,#1975,#1507,.T.);
#2959=ADVANCED_FACE('',(#2958),#2950,.F.);
#2965=EDGE_CURVE('',#1980,#1981,#1525,.T.);
#2968=EDGE_CURVE('',#1978,#1979,#1543,.T.);
#2973=ADVANCED_FACE('',(#2972),#2964,.F.);
#2981=EDGE_CURVE('',#1982,#1983,#1579,.T.);
#2986=ADVANCED_FACE('',(#2985),#2978,.F.);
#2993=EDGE_CURVE('',#1999,#1998,#1612,.T.);
#3001=ADVANCED_FACE('',(#3000),#2991,.F.);
#3015=ADVANCED_FACE('',(#3014),#3006,.F.);
#3027=ADVANCED_FACE('',(#3026),#3020,.F.);
#3039=ADVANCED_FACE('',(#3038),#3032,.F.);
#3051=ADVANCED_FACE('',(#3050),#3044,.F.);
#3063=ADVANCED_FACE('',(#3062),#3056,.F.);
#3075=ADVANCED_FACE('',(#3074),#3068,.F.);
#3085=ADVANCED_FACE('',(#3084),#3080,.F.);
#3097=ADVANCED_FACE('',(#3096),#3090,.F.);
#3104=EDGE_CURVE('',#1869,#1997,#1829,.T.);
#3107=EDGE_CURVE('',#1868,#1996,#1820,.T.);
#3111=ADVANCED_FACE('',(#3110),#3102,.F.);
#3123=ADVANCED_FACE('',(#3122),#3116,.F.);
#3126=(LENGTH_UNIT()NAMED_UNIT(*)SI_UNIT(.MILLI.,.METRE.));
#3127=(NAMED_UNIT(*)PLANE_ANGLE_UNIT()SI_UNIT($,.RADIAN.));
#3130=(NAMED_UNIT(*)SI_UNIT($,.STERADIAN.)SOLID_ANGLE_UNIT());
#3132=(GEOMETRIC_REPRESENTATION_CONTEXT(3)GLOBAL_UNCERTAINTY_ASSIGNED_CONTEXT((
#3131))GLOBAL_UNIT_ASSIGNED_CONTEXT((#3126,#3129,#3130))REPRESENTATION_CONTEXT(
'ID1','external'));
#3136=AXIS2_PLACEMENT_3D('',#3133,#3134,#3135);
#3137=ADVANCED_BREP_SHAPE_REPRESENTATION('',(#3136,#3125),#3132);
#3144=PRODUCT_DEFINITION('part definition','',#3143,#3140);
#3145=PRODUCT_DEFINITION_SHAPE('','SHAPE FOR HALFWHEEL.',#3144);
#3146=SHAPE_ASPECT('','solid data associated with HALFWHEEL',#3145,.F.);
#3147=PROPERTY_DEFINITION('',
'shape for solid data with which properties are associated',#3146);
#3148=SHAPE_REPRESENTATION('',(#3125),#3132);
#3149=SHAPE_DEFINITION_REPRESENTATION(#3147,#3148);
#3150=(LENGTH_UNIT()NAMED_UNIT(*)SI_UNIT(.MILLI.,.METRE.));
#3154=PROPERTY_DEFINITION('geometric validation property','area of HALFWHEEL',
#3146);
#3155=REPRESENTATION('surface area',(#3153),#3132);
#3156=PROPERTY_DEFINITION_REPRESENTATION(#3154,#3155);
#3157=(LENGTH_UNIT()NAMED_UNIT(*)SI_UNIT(.MILLI.,.METRE.));
#3161=PROPERTY_DEFINITION('geometric validation property','volume of HALFWHEEL',
#3146);
#3162=REPRESENTATION('volume',(#3160),#3132);
#3163=PROPERTY_DEFINITION_REPRESENTATION(#3161,#3162);
#3165=PROPERTY_DEFINITION('geometric validation property',
'centroid of HALFWHEEL',#3146);
#3166=REPRESENTATION('centroid',(#3164),#3132);
#3167=PROPERTY_DEFINITION_REPRESENTATION(#3165,#3166);
#3168=(LENGTH_UNIT()NAMED_UNIT(*)SI_UNIT(.MILLI.,.METRE.));
#3172=PROPERTY_DEFINITION('geometric validation property','area of HALFWHEEL',
#3145);
#3173=REPRESENTATION('surface area',(#3171),#3132);
#3174=PROPERTY_DEFINITION_REPRESENTATION(#3172,#3173);
#3175=(LENGTH_UNIT()NAMED_UNIT(*)SI_UNIT(.MILLI.,.METRE.));
#3179=PROPERTY_DEFINITION('geometric validation property','volume of HALFWHEEL',
#3145);
#3180=REPRESENTATION('volume',(#3178),#3132);
#3181=PROPERTY_DEFINITION_REPRESENTATION(#3179,#3180);
#3183=PROPERTY_DEFINITION('geometric validation property',
'centroid of HALFWHEEL',#3145);
#3184=REPRESENTATION('centroid',(#3182),#3132);
#3185=PROPERTY_DEFINITION_REPRESENTATION(#3183,#3184);
#3186=SHAPE_DEFINITION_REPRESENTATION(#3145,#3137);
#3187=PRODUCT_RELATED_PRODUCT_CATEGORY('part','',(#3142));
ENDSEC;
END-ISO-10303-21;
