ISO-10303-21;
HEADER;
FILE_DESCRIPTION((''),'2;1');
FILE_NAME('INTERLINK','2026-08-09T09:56:41',('gram2'),(''),
'CREO PARAMETRIC BY PTC INC, 2016510','CREO PARAMETRIC BY PTC INC, 2016510','');
FILE_SCHEMA(('AUTOMOTIVE_DESIGN { 1 0 10303 214 1 1 1 1 }'));
ENDSEC;
DATA;
#28=DIRECTION('',(1.E0,0.E0,0.E0));
#29=VECTOR('',#28,5.45E1);
#30=CARTESIAN_POINT('',(-2.85E1,0.E0,1.91E1));
#31=LINE('',#30,#29);
#32=DIRECTION('',(1.E0,0.E0,0.E0));
#33=VECTOR('',#32,1.2E1);
#34=CARTESIAN_POINT('',(-2.85E1,0.E0,3.300835173882E1));
#35=LINE('',#34,#33);
#36=DIRECTION('',(0.E0,0.E0,-1.E0));
#37=VECTOR('',#36,5.036728826522E0);
#38=CARTESIAN_POINT('',(-1.65E1,0.E0,3.300835173882E1));
#39=LINE('',#38,#37);
#40=DIRECTION('',(1.E0,0.E0,0.E0));
#41=VECTOR('',#40,4.25E1);
#42=CARTESIAN_POINT('',(-1.65E1,0.E0,2.797162291230E1));
#43=LINE('',#42,#41);
#44=DIRECTION('',(0.E0,0.E0,-1.E0));
#45=VECTOR('',#44,8.871622912301E0);
#46=CARTESIAN_POINT('',(2.6E1,0.E0,2.797162291230E1));
#47=LINE('',#46,#45);
#48=CARTESIAN_POINT('',(2.6E1,5.E-1,1.91E1));
#49=DIRECTION('',(0.E0,0.E0,-1.E0));
#50=DIRECTION('',(1.E0,0.E0,0.E0));
#51=AXIS2_PLACEMENT_3D('',#48,#49,#50);
#53=CARTESIAN_POINT('',(2.6E1,0.E0,2.797162291230E1));
#54=CARTESIAN_POINT('',(2.606043088111E1,0.E0,2.797162291230E1));
#55=CARTESIAN_POINT('',(2.618400386119E1,2.234417644185E-2,2.795814734203E1));
#56=CARTESIAN_POINT('',(2.635026721379E1,1.248446683705E-1,2.789646810931E1));
#57=CARTESIAN_POINT('',(2.647067306230E1,2.933493953095E-1,2.779556656190E1));
#58=CARTESIAN_POINT('',(2.65E1,4.293580472830E-1,2.771466957410E1));
#59=CARTESIAN_POINT('',(2.65E1,5.E-1,2.767281456911E1));
#61=CARTESIAN_POINT('',(-1.15E1,-1.101637475838E1,3.602357959761E1));
#62=CARTESIAN_POINT('',(-1.181011569221E1,-1.101637475838E1,3.602357959761E1));
#63=CARTESIAN_POINT('',(-1.242818847560E1,-1.097547187376E1,3.598765538351E1));
#64=CARTESIAN_POINT('',(-1.340248648406E1,-1.076053389953E1,3.579984450891E1));
#65=CARTESIAN_POINT('',(-1.426333029680E1,-1.041541037650E1,3.550127259470E1));
#66=CARTESIAN_POINT('',(-1.501731186956E1,-9.953966670934E0,3.510766116550E1));
#67=CARTESIAN_POINT('',(-1.564385759206E1,-9.384240131031E0,3.463029965255E1));
#68=CARTESIAN_POINT('',(-1.612339678611E1,-8.714859796375E0,3.408132801717E1));
#69=CARTESIAN_POINT('',(-1.642749964024E1,-7.964695770040E0,3.348105708502E1));
#70=CARTESIAN_POINT('',(-1.65E1,-7.428673180636E0,3.306338196025E1));
#71=CARTESIAN_POINT('',(-1.65E1,-7.149847621191E0,3.284924862535E1));
#73=DIRECTION('',(-1.E0,0.E0,0.E0));
#74=VECTOR('',#73,3.3E1);
#75=CARTESIAN_POINT('',(2.15E1,-1.101637475838E1,3.602357959761E1));
#76=LINE('',#75,#74);
#77=CARTESIAN_POINT('',(2.65E1,-7.149847621191E0,3.284924862535E1));
#78=CARTESIAN_POINT('',(2.65E1,-7.446639550218E0,3.307717982958E1));
#79=CARTESIAN_POINT('',(2.641937383801E1,-8.024210780686E0,3.352745620299E1));
#80=CARTESIAN_POINT('',(2.604292470521E1,-8.873502545723E0,3.420947847765E1));
#81=CARTESIAN_POINT('',(2.543104437381E1,-9.615847817912E0,3.482272946900E1));
#82=CARTESIAN_POINT('',(2.465659345127E1,-1.020766818695E1,3.532295122028E1));
#83=CARTESIAN_POINT('',(2.369347764148E1,-1.067198001849E1,3.572267785264E1));
#84=CARTESIAN_POINT('',(2.260460601924E1,-1.095580779120E1,3.597038323612E1));
#85=CARTESIAN_POINT('',(2.187344342911E1,-1.101637475838E1,3.602357959761E1));
#86=CARTESIAN_POINT('',(2.15E1,-1.101637475838E1,3.602357959761E1));
#88=CARTESIAN_POINT('',(1.1E1,3.975E1,9.391809742004E1));
#89=DIRECTION('',(1.E0,0.E0,0.E0));
#90=DIRECTION('',(0.E0,-5.895547844622E-1,-8.077283925415E-1));
#91=AXIS2_PLACEMENT_3D('',#88,#89,#90);
#93=DIRECTION('',(1.E0,0.E0,0.E0));
#94=VECTOR('',#93,2.2E1);
#95=CARTESIAN_POINT('',(-1.1E1,-5.645718403591E0,3.172301119434E1));
#96=LINE('',#95,#94);
#97=CARTESIAN_POINT('',(-1.1E1,3.975E1,9.391809742004E1));
#98=DIRECTION('',(-1.E0,0.E0,0.E0));
#99=DIRECTION('',(0.E0,-5.280494233810E-1,-8.492136400618E-1));
#100=AXIS2_PLACEMENT_3D('',#97,#98,#99);
#102=CARTESIAN_POINT('',(-1.149999999736E1,-3.759040495954E0,4.429992136515E1));
#103=CARTESIAN_POINT('',(-1.190592956518E1,-3.759031378246E0,4.429991421332E1));
#104=CARTESIAN_POINT('',(-1.270428838165E1,-3.682198091285E0,4.423409570835E1));
#105=CARTESIAN_POINT('',(-1.376890550714E1,-3.381330874404E0,4.397776205073E1));
#106=CARTESIAN_POINT('',(-1.474330838856E1,-2.893762835732E0,4.356652474610E1));
#107=CARTESIAN_POINT('',(-1.553840179818E1,-2.240317336826E0,4.302381924259E1));
#108=CARTESIAN_POINT('',(-1.606365403352E1,-1.544522576657E0,4.245636718796E1));
#109=CARTESIAN_POINT('',(-1.639739738160E1,-8.117821350262E-1,
4.186894204237E1));
#110=CARTESIAN_POINT('',(-1.649999215041E1,-2.009454614415E-1,
4.138930326125E1));
#111=CARTESIAN_POINT('',(-1.65E1,1.203965467148E-1,4.114031298249E1));
#113=CARTESIAN_POINT('',(-1.150000001307E1,-3.007163641654E0,4.364061779625E1));
#114=DIRECTION('',(-1.E0,2.489491765414E-9,-2.117109492222E-9));
#115=DIRECTION('',(-3.267608406077E-9,-7.518768548368E-1,6.593035682906E-1));
#116=AXIS2_PLACEMENT_3D('',#113,#114,#115);
#118=CARTESIAN_POINT('',(-1.55E1,1.203965499598E-1,4.114031298196E1));
#119=DIRECTION('',(0.E0,7.996634005953E-1,-6.004485371356E-1));
#120=DIRECTION('',(-1.E0,-8.286527020118E-10,-1.103579450046E-9));
#121=AXIS2_PLACEMENT_3D('',#118,#119,#120);
#123=CARTESIAN_POINT('',(-1.65E1,1.316687327024E1,3.350835173882E1));
#124=CARTESIAN_POINT('',(-1.650000000009E1,1.331292251070E1,3.350835173882E1));
#125=CARTESIAN_POINT('',(-1.648970372812E1,1.359230425244E1,3.350835173882E1));
#126=CARTESIAN_POINT('',(-1.645115584652E1,1.397227580780E1,3.350835173882E1));
#127=CARTESIAN_POINT('',(-1.639443412453E1,1.431607491099E1,3.350835173882E1));
#128=CARTESIAN_POINT('',(-1.632231162568E1,1.462691730938E1,3.350835173882E1));
#129=CARTESIAN_POINT('',(-1.623551163343E1,1.490865864041E1,3.350835173882E1));
#130=CARTESIAN_POINT('',(-1.613182141600E1,1.516622154303E1,3.350835173882E1));
#131=CARTESIAN_POINT('',(-1.600754386590E1,1.539657223534E1,3.350835173882E1));
#132=CARTESIAN_POINT('',(-1.586510963992E1,1.558385479018E1,3.350835173882E1));
#133=CARTESIAN_POINT('',(-1.569539505E1,1.572036771420E1,3.350835173882E1));
#134=CARTESIAN_POINT('',(-1.556784516669E1,1.575702964065E1,3.350835173882E1));
#135=CARTESIAN_POINT('',(-1.55E1,1.575702964065E1,3.350835173882E1));
#137=CARTESIAN_POINT('',(-1.55E1,3.975E1,9.391809742004E1));
#138=DIRECTION('',(1.E0,0.E0,0.E0));
#139=DIRECTION('',(0.E0,-6.004485372106E-1,-7.996634005390E-1));
#140=AXIS2_PLACEMENT_3D('',#137,#138,#139);
#142=CARTESIAN_POINT('',(-1.55E1,3.975E1,9.391809742004E1));
#143=DIRECTION('',(1.E0,0.E0,0.E0));
#144=DIRECTION('',(0.E0,3.691226209134E-1,-9.293807027962E-1));
#145=AXIS2_PLACEMENT_3D('',#142,#143,#144);
#147=CARTESIAN_POINT('',(-1.55E1,7.877915491944E1,4.193997638605E1));
#148=CARTESIAN_POINT('',(-1.549997393568E1,7.903686416062E1,4.213348497729E1));
#149=CARTESIAN_POINT('',(-1.542089115906E1,7.952723883852E1,4.250770275179E1));
#150=CARTESIAN_POINT('',(-1.510984169023E1,8.018630783499E1,4.302487876207E1));
#151=CARTESIAN_POINT('',(-1.460791224023E1,8.078161730265E1,4.350406050058E1));
#152=CARTESIAN_POINT('',(-1.393141450865E1,8.126979108099E1,4.390611515988E1));
#153=CARTESIAN_POINT('',(-1.320990533682E1,8.159249449270E1,4.417635535932E1));
#154=CARTESIAN_POINT('',(-1.245179869960E1,8.179659906939E1,4.434899625609E1));
#155=CARTESIAN_POINT('',(-1.183152502953E1,8.185931319660E1,4.440238566842E1));
#156=CARTESIAN_POINT('',(-1.149999999997E1,8.185932782890E1,4.440239779055E1));
#158=DIRECTION('',(1.E0,5.684341886427E-14,0.E0));
#159=VECTOR('',#158,4.999999999695E-1);
#160=CARTESIAN_POINT('',(-1.149999999997E1,8.185932782890E1,4.440239779055E1));
#161=LINE('',#160,#159);
#162=CARTESIAN_POINT('',(-1.1E1,3.975E1,9.391809742004E1));
#163=DIRECTION('',(1.E0,0.E0,0.E0));
#164=DIRECTION('',(0.E0,5.097150179243E-1,-8.603433038633E-1));
#165=AXIS2_PLACEMENT_3D('',#162,#163,#164);
#167=DIRECTION('',(-1.E0,0.E0,0.E0));
#168=VECTOR('',#167,2.2E1);
#169=CARTESIAN_POINT('',(1.1E1,7.288147616508E1,3.799578266892E1));
#170=LINE('',#169,#168);
#171=CARTESIAN_POINT('',(1.1E1,3.975E1,9.391809742004E1));
#172=DIRECTION('',(-1.E0,0.E0,0.E0));
#173=DIRECTION('',(0.E0,6.478358127523E-1,-7.617799942999E-1));
#174=AXIS2_PLACEMENT_3D('',#171,#172,#173);
#176=DIRECTION('',(1.E0,-2.842170943052E-14,-2.774500206312E-14));
#177=VECTOR('',#176,1.049999999996E1);
#178=CARTESIAN_POINT('',(1.100000000001E1,8.185932782890E1,4.440239779055E1));
#179=LINE('',#178,#177);
#180=CARTESIAN_POINT('',(2.149999999997E1,8.185932782890E1,4.440239779055E1));
#181=CARTESIAN_POINT('',(2.182997976033E1,8.185930783099E1,4.440238102111E1));
#182=CARTESIAN_POINT('',(2.246100060126E1,8.179864154643E1,4.435071485085E1));
#183=CARTESIAN_POINT('',(2.331577556822E1,8.156084622083E1,4.414957609341E1));
#184=CARTESIAN_POINT('',(2.409447208638E1,8.117514633267E1,4.382741221878E1));
#185=CARTESIAN_POINT('',(2.473076853963E1,8.065722657826E1,4.340310513798E1));
#186=CARTESIAN_POINT('',(2.515090911756E1,8.010532823942E1,4.296112107425E1));
#187=CARTESIAN_POINT('',(2.541792738731E1,7.952088607177E1,4.250313644475E1));
#188=CARTESIAN_POINT('',(2.549998113799E1,7.903850504058E1,4.213471672962E1));
#189=CARTESIAN_POINT('',(2.55E1,7.877915491926E1,4.193997638543E1));
#191=CARTESIAN_POINT('',(2.55E1,3.975E1,9.391809742004E1));
#192=DIRECTION('',(-1.E0,0.E0,0.E0));
#193=DIRECTION('',(0.E0,6.004485372106E-1,-7.996634005390E-1));
#194=AXIS2_PLACEMENT_3D('',#191,#192,#193);
#196=CARTESIAN_POINT('',(2.55E1,7.208450807322E-1,4.193997638544E1));
#197=CARTESIAN_POINT('',(2.549997393568E1,4.631358395462E-1,4.213348497669E1));
#198=CARTESIAN_POINT('',(2.542089115906E1,-2.723883859700E-2,4.250770275207E1));
#199=CARTESIAN_POINT('',(2.510984169023E1,-6.863078349723E-1,4.302487876199E1));
#200=CARTESIAN_POINT('',(2.460791224023E1,-1.281617302656E0,4.350406050060E1));
#201=CARTESIAN_POINT('',(2.393141450865E1,-1.769791080989E0,4.390611515987E1));
#202=CARTESIAN_POINT('',(2.320990533682E1,-2.092494492700E0,4.417635535933E1));
#203=CARTESIAN_POINT('',(2.245179869960E1,-2.296599069390E0,4.434899625609E1));
#204=CARTESIAN_POINT('',(2.183152502953E1,-2.359313196604E0,4.440238566842E1));
#205=CARTESIAN_POINT('',(2.149999999997E1,-2.359327828902E0,4.440239779055E1));
#207=DIRECTION('',(-1.E0,0.E0,0.E0));
#208=VECTOR('',#207,1.049999999997E1);
#209=CARTESIAN_POINT('',(2.149999999997E1,-2.359327828902E0,4.440239779055E1));
#210=LINE('',#209,#208);
#211=CARTESIAN_POINT('',(1.1E1,3.975E1,9.391809742004E1));
#212=DIRECTION('',(-1.E0,0.E0,0.E0));
#213=DIRECTION('',(0.E0,-5.097150179243E-1,-8.603433038633E-1));
#214=AXIS2_PLACEMENT_3D('',#211,#212,#213);
#216=DIRECTION('',(1.E0,0.E0,0.E0));
#217=VECTOR('',#216,2.2E1);
#218=CARTESIAN_POINT('',(-1.1E1,6.618523834923E0,3.799578266892E1));
#219=LINE('',#218,#217);
#220=CARTESIAN_POINT('',(-1.1E1,3.975E1,9.391809742004E1));
#221=DIRECTION('',(1.E0,0.E0,0.E0));
#222=DIRECTION('',(0.E0,-6.478358127523E-1,-7.617799942999E-1));
#223=AXIS2_PLACEMENT_3D('',#220,#221,#222);
#225=DIRECTION('',(-1.E0,5.240252676670E-14,-2.842170943279E-14));
#226=VECTOR('',#225,4.999999999580E-1);
#227=CARTESIAN_POINT('',(-1.100000000001E1,-2.359327828902E0,4.440239779055E1));
#228=LINE('',#227,#226);
#229=CARTESIAN_POINT('',(-1.149999999997E1,-2.359327828902E0,4.440239779055E1));
#230=CARTESIAN_POINT('',(-1.182997976033E1,-2.359307830995E0,4.440238102111E1));
#231=CARTESIAN_POINT('',(-1.246100060126E1,-2.298641546426E0,4.435071485085E1));
#232=CARTESIAN_POINT('',(-1.331577556822E1,-2.060846220834E0,4.414957609340E1));
#233=CARTESIAN_POINT('',(-1.409447208638E1,-1.675146332669E0,4.382741221879E1));
#234=CARTESIAN_POINT('',(-1.473076853963E1,-1.157226578253E0,4.340310513796E1));
#235=CARTESIAN_POINT('',(-1.515090911756E1,-6.053282394323E-1,
4.296112107434E1));
#236=CARTESIAN_POINT('',(-1.541792738731E1,-2.088607171373E-2,
4.250313644442E1));
#237=CARTESIAN_POINT('',(-1.549998113799E1,4.614949593022E-1,4.213471673035E1));
#238=CARTESIAN_POINT('',(-1.55E1,7.208450806250E-1,4.193997638615E1));
#240=DIRECTION('',(1.E0,1.247293177833E-10,0.E0));
#241=VECTOR('',#240,1.1E1);
#242=CARTESIAN_POINT('',(-2.65E1,1.575702963928E1,3.350835173882E1));
#243=LINE('',#242,#241);
#244=DIRECTION('',(0.E0,1.E0,0.E0));
#245=VECTOR('',#244,1.266687327024E1);
#246=CARTESIAN_POINT('',(-1.65E1,5.E-1,3.350835173882E1));
#247=LINE('',#246,#245);
#248=DIRECTION('',(1.E0,0.E0,0.E0));
#249=VECTOR('',#248,1.2E1);
#250=CARTESIAN_POINT('',(-2.85E1,5.E-1,3.350835173882E1));
#251=LINE('',#250,#249);
#252=DIRECTION('',(0.E0,1.E0,0.E0));
#253=VECTOR('',#252,1.316687327024E1);
#254=CARTESIAN_POINT('',(-1.65E1,6.633312672976E1,3.350835173882E1));
#255=LINE('',#254,#253);
#256=DIRECTION('',(-1.E0,9.463654102795E-11,0.E0));
#257=VECTOR('',#256,1.1E1);
#258=CARTESIAN_POINT('',(-1.55E1,6.374297035968E1,3.350835173882E1));
#259=LINE('',#258,#257);
#260=DIRECTION('',(-1.E0,0.E0,0.E0));
#261=VECTOR('',#260,2.E0);
#262=CARTESIAN_POINT('',(-2.65E1,6.45E1,3.350835173882E1));
#263=LINE('',#262,#261);
#264=DIRECTION('',(1.E0,0.E0,0.E0));
#265=VECTOR('',#264,1.2E1);
#266=CARTESIAN_POINT('',(-2.85E1,7.95E1,3.350835173882E1));
#267=LINE('',#266,#265);
#268=CARTESIAN_POINT('',(-1.65E1,3.975E1,9.391809742004E1));
#269=DIRECTION('',(1.E0,0.E0,0.E0));
#270=DIRECTION('',(0.E0,-6.004485372106E-1,-7.996634005390E-1));
#271=AXIS2_PLACEMENT_3D('',#268,#269,#270);
#273=DIRECTION('',(-1.159842820692E-14,6.593035685134E-1,7.518768546415E-1));
#274=VECTOR('',#273,1.102715731435E1);
#275=CARTESIAN_POINT('',(-1.65E1,-7.149847621191E0,3.284924862535E1));
#276=LINE('',#275,#274);
#277=CARTESIAN_POINT('',(-1.65E1,3.975E1,9.391809742004E1));
#278=DIRECTION('',(1.E0,0.E0,0.E0));
#279=DIRECTION('',(0.E0,-6.090889301453E-1,-7.931019323986E-1));
#280=AXIS2_PLACEMENT_3D('',#277,#278,#279);
#282=CARTESIAN_POINT('',(-1.65E1,3.975E1,9.391809742004E1));
#283=DIRECTION('',(1.E0,0.E0,0.E0));
#284=DIRECTION('',(0.E0,4.027746474206E-1,-9.152991769882E-1));
#285=AXIS2_PLACEMENT_3D('',#282,#283,#284);
#287=CARTESIAN_POINT('',(-1.65E1,3.975E1,9.391809742004E1));
#288=DIRECTION('',(1.E0,0.E0,0.E0));
#289=DIRECTION('',(0.E0,5.162337662338E-1,-8.564477208797E-1));
#290=AXIS2_PLACEMENT_3D('',#287,#288,#289);
#292=DIRECTION('',(0.E0,6.593035673871E-1,-7.518768556291E-1));
#293=VECTOR('',#292,1.102715774096E1);
#294=CARTESIAN_POINT('',(-1.65E1,7.937960318444E1,4.114031331415E1));
#295=LINE('',#294,#293);
#296=CARTESIAN_POINT('',(-1.65E1,5.E-1,3.300835173882E1));
#297=DIRECTION('',(1.E0,0.E0,0.E0));
#298=DIRECTION('',(0.E0,0.E0,1.E0));
#299=AXIS2_PLACEMENT_3D('',#296,#297,#298);
#301=CARTESIAN_POINT('',(-2.85E1,7.5E0,2.600835173882E1));
#302=DIRECTION('',(-1.E0,0.E0,0.E0));
#303=DIRECTION('',(0.E0,1.E0,0.E0));
#304=AXIS2_PLACEMENT_3D('',#301,#302,#303);
#306=CARTESIAN_POINT('',(-2.85E1,7.5E0,2.600835173882E1));
#307=DIRECTION('',(-1.E0,0.E0,0.E0));
#308=DIRECTION('',(0.E0,-1.E0,0.E0));
#309=AXIS2_PLACEMENT_3D('',#306,#307,#308);
#311=CARTESIAN_POINT('',(-2.85E1,7.2E1,2.600835173882E1));
#312=DIRECTION('',(-1.E0,0.E0,0.E0));
#313=DIRECTION('',(0.E0,1.E0,0.E0));
#314=AXIS2_PLACEMENT_3D('',#311,#312,#313);
#316=CARTESIAN_POINT('',(-2.85E1,7.2E1,2.600835173882E1));
#317=DIRECTION('',(-1.E0,0.E0,0.E0));
#318=DIRECTION('',(0.E0,-1.E0,0.E0));
#319=AXIS2_PLACEMENT_3D('',#316,#317,#318);
#321=DIRECTION('',(0.E0,0.E0,-1.E0));
#322=VECTOR('',#321,1.440835173882E1);
#323=CARTESIAN_POINT('',(-2.85E1,1.5E1,3.350835173882E1));
#324=LINE('',#323,#322);
#325=DIRECTION('',(0.E0,1.E0,0.E0));
#326=VECTOR('',#325,1.45E1);
#327=CARTESIAN_POINT('',(-2.85E1,5.E-1,3.350835173882E1));
#328=LINE('',#327,#326);
#329=CARTESIAN_POINT('',(-2.85E1,5.E-1,3.300835173882E1));
#330=DIRECTION('',(-1.E0,0.E0,0.E0));
#331=DIRECTION('',(0.E0,-1.E0,0.E0));
#332=AXIS2_PLACEMENT_3D('',#329,#330,#331);
#334=DIRECTION('',(0.E0,0.E0,1.E0));
#335=VECTOR('',#334,1.390835173882E1);
#336=CARTESIAN_POINT('',(-2.85E1,0.E0,1.91E1));
#337=LINE('',#336,#335);
#338=DIRECTION('',(0.E0,1.E0,0.E0));
#339=VECTOR('',#338,1.5E1);
#340=CARTESIAN_POINT('',(-2.85E1,0.E0,1.91E1));
#341=LINE('',#340,#339);
#342=DIRECTION('',(0.E0,0.E0,1.E0));
#343=VECTOR('',#342,1.440835173882E1);
#344=CARTESIAN_POINT('',(-2.85E1,6.45E1,1.91E1));
#345=LINE('',#344,#343);
#346=DIRECTION('',(0.E0,1.E0,0.E0));
#347=VECTOR('',#346,1.5E1);
#348=CARTESIAN_POINT('',(-2.85E1,6.45E1,1.91E1));
#349=LINE('',#348,#347);
#350=DIRECTION('',(0.E0,0.E0,-1.E0));
#351=VECTOR('',#350,1.440835173882E1);
#352=CARTESIAN_POINT('',(-2.85E1,7.95E1,3.350835173882E1));
#353=LINE('',#352,#351);
#354=DIRECTION('',(0.E0,1.E0,0.E0));
#355=VECTOR('',#354,1.5E1);
#356=CARTESIAN_POINT('',(-2.85E1,6.45E1,3.350835173882E1));
#357=LINE('',#356,#355);
#358=DIRECTION('',(1.E0,0.E0,0.E0));
#359=VECTOR('',#358,5.5E1);
#360=CARTESIAN_POINT('',(-2.85E1,2.45E0,2.600835173882E1));
#361=LINE('',#360,#359);
#362=DIRECTION('',(-1.E0,0.E0,0.E0));
#363=VECTOR('',#362,5.5E1);
#364=CARTESIAN_POINT('',(2.65E1,1.255E1,2.600835173882E1));
#365=LINE('',#364,#363);
#366=DIRECTION('',(0.E0,-1.E0,0.E0));
#367=VECTOR('',#366,1.5E1);
#368=CARTESIAN_POINT('',(2.65E1,7.95E1,1.91E1));
#369=LINE('',#368,#367);
#370=DIRECTION('',(0.E0,0.E0,1.E0));
#371=VECTOR('',#370,1.886148840676E0);
#372=CARTESIAN_POINT('',(2.65E1,6.45E1,1.91E1));
#373=LINE('',#372,#371);
#374=DIRECTION('',(0.E0,-1.E0,0.E0));
#375=VECTOR('',#374,4.95E1);
#376=CARTESIAN_POINT('',(2.65E1,6.45E1,2.098614884068E1));
#377=LINE('',#376,#375);
#378=DIRECTION('',(0.E0,0.E0,-1.E0));
#379=VECTOR('',#378,1.886148840676E0);
#380=CARTESIAN_POINT('',(2.65E1,1.5E1,2.098614884068E1));
#381=LINE('',#380,#379);
#382=DIRECTION('',(0.E0,-1.E0,0.E0));
#383=VECTOR('',#382,1.45E1);
#384=CARTESIAN_POINT('',(2.65E1,1.5E1,1.91E1));
#385=LINE('',#384,#383);
#386=DIRECTION('',(0.E0,0.E0,-1.E0));
#387=VECTOR('',#386,8.572814569109E0);
#388=CARTESIAN_POINT('',(2.65E1,5.E-1,2.767281456911E1));
#389=LINE('',#388,#387);
#390=CARTESIAN_POINT('',(2.65E1,3.975E1,9.391809742004E1));
#391=DIRECTION('',(1.E0,0.E0,0.E0));
#392=DIRECTION('',(0.E0,-6.090889301453E-1,-7.931019323986E-1));
#393=AXIS2_PLACEMENT_3D('',#390,#391,#392);
#395=DIRECTION('',(0.E0,-6.593035673872E-1,-7.518768556290E-1));
#396=VECTOR('',#395,1.102715774094E1);
#397=CARTESIAN_POINT('',(2.65E1,1.203968155513E-1,4.114031331413E1));
#398=LINE('',#397,#396);
#399=CARTESIAN_POINT('',(2.65E1,3.975E1,9.391809742004E1));
#400=DIRECTION('',(-1.E0,0.E0,0.E0));
#401=DIRECTION('',(0.E0,6.004485372106E-1,-7.996634005390E-1));
#402=AXIS2_PLACEMENT_3D('',#399,#400,#401);
#404=DIRECTION('',(1.159842820693E-14,-6.593035685135E-1,7.518768546414E-1));
#405=VECTOR('',#404,1.102715731433E1);
#406=CARTESIAN_POINT('',(2.65E1,8.664984762119E1,3.284924862535E1));
#407=LINE('',#406,#405);
#408=CARTESIAN_POINT('',(2.65E1,3.975E1,9.391809742004E1));
#409=DIRECTION('',(1.E0,0.E0,0.E0));
#410=DIRECTION('',(0.E0,5.162337662338E-1,-8.564477208797E-1));
#411=AXIS2_PLACEMENT_3D('',#408,#409,#410);
#413=DIRECTION('',(0.E0,0.E0,-1.E0));
#414=VECTOR('',#413,8.871622912301E0);
#415=CARTESIAN_POINT('',(2.65E1,7.95E1,2.797162291230E1));
#416=LINE('',#415,#414);
#417=CARTESIAN_POINT('',(2.65E1,7.5E0,2.600835173882E1));
#418=DIRECTION('',(-1.E0,0.E0,0.E0));
#419=DIRECTION('',(0.E0,1.E0,0.E0));
#420=AXIS2_PLACEMENT_3D('',#417,#418,#419);
#422=CARTESIAN_POINT('',(2.65E1,7.5E0,2.600835173882E1));
#423=DIRECTION('',(-1.E0,0.E0,0.E0));
#424=DIRECTION('',(0.E0,-1.E0,0.E0));
#425=AXIS2_PLACEMENT_3D('',#422,#423,#424);
#427=CARTESIAN_POINT('',(2.65E1,7.2E1,2.600835173882E1));
#428=DIRECTION('',(-1.E0,0.E0,0.E0));
#429=DIRECTION('',(0.E0,1.E0,0.E0));
#430=AXIS2_PLACEMENT_3D('',#427,#428,#429);
#432=CARTESIAN_POINT('',(2.65E1,7.2E1,2.600835173882E1));
#433=DIRECTION('',(-1.E0,0.E0,0.E0));
#434=DIRECTION('',(0.E0,-1.E0,0.E0));
#435=AXIS2_PLACEMENT_3D('',#432,#433,#434);
#437=DIRECTION('',(1.E0,0.E0,0.E0));
#438=VECTOR('',#437,5.3E1);
#439=CARTESIAN_POINT('',(-2.65E1,6.45E1,2.098614884068E1));
#440=LINE('',#439,#438);
#441=DIRECTION('',(1.E0,0.E0,0.E0));
#442=VECTOR('',#441,5.5E1);
#443=CARTESIAN_POINT('',(-2.85E1,6.45E1,1.91E1));
#444=LINE('',#443,#442);
#445=DIRECTION('',(0.E0,0.E0,-1.E0));
#446=VECTOR('',#445,1.252220289815E1);
#447=CARTESIAN_POINT('',(-2.65E1,1.5E1,3.350835173882E1));
#448=LINE('',#447,#446);
#449=DIRECTION('',(0.E0,-1.E0,0.E0));
#450=VECTOR('',#449,4.95E1);
#451=CARTESIAN_POINT('',(-2.65E1,6.45E1,2.098614884068E1));
#452=LINE('',#451,#450);
#453=DIRECTION('',(0.E0,0.E0,-1.E0));
#454=VECTOR('',#453,1.252220289815E1);
#455=CARTESIAN_POINT('',(-2.65E1,6.45E1,3.350835173882E1));
#456=LINE('',#455,#454);
#457=DIRECTION('',(0.E0,1.E0,0.E0));
#458=VECTOR('',#457,7.570296392774E-1);
#459=CARTESIAN_POINT('',(-2.65E1,6.374297036072E1,3.350835173882E1));
#460=LINE('',#459,#458);
#461=CARTESIAN_POINT('',(-2.65E1,3.975E1,9.391809742004E1));
#462=DIRECTION('',(-1.E0,0.E0,0.E0));
#463=DIRECTION('',(0.E0,3.691226209342E-1,-9.293807027880E-1));
#464=AXIS2_PLACEMENT_3D('',#461,#462,#463);
#466=DIRECTION('',(0.E0,1.E0,0.E0));
#467=VECTOR('',#466,7.570296392774E-1);
#468=CARTESIAN_POINT('',(-2.65E1,1.5E1,3.350835173882E1));
#469=LINE('',#468,#467);
#470=DIRECTION('',(1.E0,0.E0,0.E0));
#471=VECTOR('',#470,5.5E1);
#472=CARTESIAN_POINT('',(-2.85E1,1.5E1,1.91E1));
#473=LINE('',#472,#471);
#474=DIRECTION('',(1.E0,0.E0,0.E0));
#475=VECTOR('',#474,5.3E1);
#476=CARTESIAN_POINT('',(-2.65E1,1.5E1,2.098614884068E1));
#477=LINE('',#476,#475);
#478=DIRECTION('',(-1.E0,0.E0,0.E0));
#479=VECTOR('',#478,2.E0);
#480=CARTESIAN_POINT('',(-2.65E1,1.5E1,3.350835173882E1));
#481=LINE('',#480,#479);
#482=CARTESIAN_POINT('',(2.65E1,1.203968155513E-1,4.114031331413E1));
#483=CARTESIAN_POINT('',(2.649998858436E1,-1.975832986936E-1,4.138669838916E1));
#484=CARTESIAN_POINT('',(2.640110087300E1,-8.203245484809E-1,4.187535179342E1));
#485=CARTESIAN_POINT('',(2.601231635747E1,-1.646229641997E0,4.253820508279E1));
#486=CARTESIAN_POINT('',(2.538484636349E1,-2.397219620349E0,4.315315377559E1));
#487=CARTESIAN_POINT('',(2.453943002250E1,-3.013337664164E0,4.366702338276E1));
#488=CARTESIAN_POINT('',(2.363677813796E1,-3.421380044445E0,4.401189265239E1));
#489=CARTESIAN_POINT('',(2.269200065302E1,-3.679615907090E0,4.423190506011E1));
#490=CARTESIAN_POINT('',(2.190955339710E1,-3.759034017706E0,4.429991657083E1));
#491=CARTESIAN_POINT('',(2.149999999706E1,-3.759040496493E0,4.429992136454E1));
#493=CARTESIAN_POINT('',(2.549999999998E1,1.203963723232E-1,4.114031311345E1));
#494=DIRECTION('',(-5.339494338216E-8,-7.996633985848E-1,6.004485398132E-1));
#495=DIRECTION('',(1.E0,-4.264473220383E-8,3.213182964146E-8));
#496=AXIS2_PLACEMENT_3D('',#493,#494,#495);
#498=CARTESIAN_POINT('',(2.15E1,-3.007163641654E0,4.364061779625E1));
#499=DIRECTION('',(-1.E0,0.E0,0.E0));
#500=DIRECTION('',(0.E0,-7.518768548367E-1,6.593035682907E-1));
#501=AXIS2_PLACEMENT_3D('',#498,#499,#500);
#503=DIRECTION('',(-1.E0,1.074718097982E-9,1.226084129603E-9));
#504=VECTOR('',#503,4.999999973556E-1);
#505=CARTESIAN_POINT('',(-1.1E1,-3.759040496491E0,4.429992136454E1));
#506=LINE('',#505,#504);
#507=DIRECTION('',(0.E0,6.593035682907E-1,7.518768548367E-1));
#508=VECTOR('',#507,9.539855938964E-1);
#509=CARTESIAN_POINT('',(-1.1E1,-4.388006602645E0,4.358264167664E1));
#510=LINE('',#509,#508);
#511=DIRECTION('',(0.E0,-6.593035682907E-1,-7.518768548367E-1));
#512=VECTOR('',#511,9.539855938964E-1);
#513=CARTESIAN_POINT('',(1.1E1,-3.759040496491E0,4.429992136454E1));
#514=LINE('',#513,#512);
#515=DIRECTION('',(-1.E0,1.962451365982E-13,2.077491618471E-13));
#516=VECTOR('',#515,1.049999999706E1);
#517=CARTESIAN_POINT('',(2.149999999706E1,-3.759040496493E0,4.429992136454E1));
#518=LINE('',#517,#516);
#519=DIRECTION('',(2.671828754928E-10,-6.593035682907E-1,-7.518768548368E-1));
#520=VECTOR('',#519,1.100757619241E1);
#521=CARTESIAN_POINT('',(2.149999999706E1,-3.759040496493E0,4.429992136454E1));
#522=LINE('',#521,#520);
#523=DIRECTION('',(2.402308511609E-10,6.593035682907E-1,7.518768548368E-1));
#524=VECTOR('',#523,1.100757619323E1);
#525=CARTESIAN_POINT('',(-1.15E1,-1.101637475838E1,3.602357959761E1));
#526=LINE('',#525,#524);
#527=CARTESIAN_POINT('',(-1.1E1,-3.007163641654E0,4.364061779625E1));
#528=DIRECTION('',(-1.E0,0.E0,0.E0));
#529=DIRECTION('',(0.E0,-7.518768548368E-1,6.593035682907E-1));
#530=AXIS2_PLACEMENT_3D('',#527,#528,#529);
#532=CARTESIAN_POINT('',(-1.1E1,-3.007163641654E0,4.364061779625E1));
#533=DIRECTION('',(0.E0,6.593035682907E-1,7.518768548367E-1));
#534=DIRECTION('',(0.E0,-7.518768548367E-1,6.593035682907E-1));
#535=AXIS2_PLACEMENT_3D('',#532,#533,#534);
#537=CARTESIAN_POINT('',(-1.1E1,-3.007163641654E0,4.364061779625E1));
#538=DIRECTION('',(0.E0,-7.617799942999E-1,6.478358127523E-1));
#539=DIRECTION('',(1.E0,0.E0,0.E0));
#540=AXIS2_PLACEMENT_3D('',#537,#538,#539);
#542=CARTESIAN_POINT('',(-1.000132681010E1,5.280066514819E0,3.769506977576E1));
#543=CARTESIAN_POINT('',(-1.000624754368E1,5.333522806071E0,3.777423182455E1));
#544=CARTESIAN_POINT('',(-1.004347986245E1,5.464215680862E0,3.791900417330E1));
#545=CARTESIAN_POINT('',(-1.018586154318E1,5.723266318675E0,3.807432322028E1));
#546=CARTESIAN_POINT('',(-1.040042020048E1,6.015137980682E0,3.814607975401E1));
#547=CARTESIAN_POINT('',(-1.067417440574E1,6.321578942911E0,3.812896610773E1));
#548=CARTESIAN_POINT('',(-1.088778433121E1,6.522714021244E0,3.805254570837E1));
#549=CARTESIAN_POINT('',(-1.1E1,6.618523834923E0,3.799578266892E1));
#551=DIRECTION('',(-1.E0,0.E0,0.E0));
#552=VECTOR('',#551,2.2E1);
#553=CARTESIAN_POINT('',(1.1E1,-9.098056003364E-1,2.852864713528E1));
#554=LINE('',#553,#552);
#555=CARTESIAN_POINT('',(-1.000132681010E1,5.280066514819E0,3.769506977576E1));
#556=CARTESIAN_POINT('',(-1.000088652832E1,5.275283522453E0,3.768798676521E1));
#557=CARTESIAN_POINT('',(-1.000022323859E1,5.265692819307E0,3.767378413924E1));
#558=CARTESIAN_POINT('',(-1.E1,5.256052431202E0,3.765950793609E1));
#559=CARTESIAN_POINT('',(-1.E1,5.251219836519E0,3.765235147073E1));
#561=DIRECTION('',(1.E0,0.E0,0.E0));
#562=VECTOR('',#561,2.000265362021E1);
#563=CARTESIAN_POINT('',(-1.000132681010E1,5.280066514819E0,3.769506977576E1));
#564=LINE('',#563,#562);
#565=CARTESIAN_POINT('',(1.E1,5.251219836519E0,3.765235147073E1));
#566=CARTESIAN_POINT('',(1.E1,5.256052431202E0,3.765950793609E1));
#567=CARTESIAN_POINT('',(1.000022323859E1,5.265692819307E0,3.767378413924E1));
#568=CARTESIAN_POINT('',(1.000088652832E1,5.275283522453E0,3.768798676521E1));
#569=CARTESIAN_POINT('',(1.000132681010E1,5.280066514819E0,3.769506977576E1));
#571=DIRECTION('',(0.E0,-6.593035682907E-1,-7.518768548367E-1));
#572=VECTOR('',#571,8.831578438961E-1);
#573=CARTESIAN_POINT('',(1.E1,-3.007163641661E0,4.364061779624E1));
#574=LINE('',#573,#572);
#575=DIRECTION('',(0.E0,7.965782972456E-1,-6.045353722962E-1));
#576=VECTOR('',#575,4.692647866285E0);
#577=CARTESIAN_POINT('',(1.E1,-3.589432759506E0,4.297659185425E1));
#578=LINE('',#577,#576);
#579=DIRECTION('',(0.E0,-5.596304106973E-1,-8.287423021801E-1));
#580=VECTOR('',#579,8.220169680366E0);
#581=CARTESIAN_POINT('',(1.E1,3.728356172760E-1,3.878351152141E1));
#582=LINE('',#581,#580);
#583=CARTESIAN_POINT('',(1.E1,-5.056163619129E0,3.253073958689E1));
#584=DIRECTION('',(1.E0,0.E0,0.E0));
#585=DIRECTION('',(0.E0,8.115874544139E-1,-5.842309507703E-1));
#586=AXIS2_PLACEMENT_3D('',#583,#584,#585);
#588=CARTESIAN_POINT('',(1.E1,3.975E1,9.391809742004E1));
#589=DIRECTION('',(1.E0,0.E0,0.E0));
#590=DIRECTION('',(0.E0,-5.788759744E-1,-8.154156033965E-1));
#591=AXIS2_PLACEMENT_3D('',#588,#589,#590);
#593=DIRECTION('',(0.E0,5.596304106973E-1,8.287423021801E-1));
#594=VECTOR('',#593,1.000837887643E1);
#595=CARTESIAN_POINT('',(1.E1,-3.497733445117E-1,2.935798451959E1));
#596=LINE('',#595,#594);
#597=CARTESIAN_POINT('',(1.E1,3.975E1,9.391809742004E1));
#598=DIRECTION('',(-1.E0,0.E0,0.E0));
#599=DIRECTION('',(0.E0,-5.227087903558E-1,-8.525113022622E-1));
#600=AXIS2_PLACEMENT_3D('',#597,#598,#599);
#602=DIRECTION('',(0.E0,-6.593035682907E-1,7.518768548367E-1));
#603=VECTOR('',#602,8.831578439090E-1);
#604=CARTESIAN_POINT('',(1.E1,8.308943275951E1,4.297659185425E1));
#605=LINE('',#604,#603);
#606=CARTESIAN_POINT('',(1.E1,3.975E1,9.391809742004E1));
#607=DIRECTION('',(-1.E0,0.E0,0.E0));
#608=DIRECTION('',(0.E0,6.478358127523E-1,-7.617799942999E-1));
#609=AXIS2_PLACEMENT_3D('',#606,#607,#608);
#611=DIRECTION('',(0.E0,5.596304106973E-1,-8.287423021801E-1));
#612=VECTOR('',#611,1.000837887643E1);
#613=CARTESIAN_POINT('',(1.E1,7.424878016348E1,3.765235147073E1));
#614=LINE('',#613,#612);
#615=CARTESIAN_POINT('',(1.E1,3.975E1,9.391809742004E1));
#616=DIRECTION('',(-1.E0,0.E0,0.E0));
#617=DIRECTION('',(0.E0,5.788759744362E-1,-8.154156033708E-1));
#618=AXIS2_PLACEMENT_3D('',#615,#616,#617);
#620=DIRECTION('',(0.E0,-5.596304106973E-1,8.287423021801E-1));
#621=VECTOR('',#620,8.220169680366E0);
#622=CARTESIAN_POINT('',(1.E1,8.372742131695E1,3.197110917619E1));
#623=LINE('',#622,#621);
#624=DIRECTION('',(0.E0,7.965782972456E-1,6.045353722962E-1));
#625=VECTOR('',#624,4.692647866285E0);
#626=CARTESIAN_POINT('',(1.E1,7.935137131261E1,4.013972022935E1));
#627=LINE('',#626,#625);
#628=CARTESIAN_POINT('',(1.1E1,-3.007163641654E0,4.364061779625E1));
#629=DIRECTION('',(0.E0,-6.593035682907E-1,-7.518768548367E-1));
#630=DIRECTION('',(0.E0,-7.518768548367E-1,6.593035682907E-1));
#631=AXIS2_PLACEMENT_3D('',#628,#629,#630);
#633=CARTESIAN_POINT('',(1.1E1,-4.388006602645E0,4.358264167664E1));
#634=CARTESIAN_POINT('',(1.066624914213E1,-4.388006602645E0,4.358264167664E1));
#635=CARTESIAN_POINT('',(1.025214377770E1,-4.186156568594E0,4.342945461907E1));
#636=CARTESIAN_POINT('',(1.E1,-3.855291449570E0,4.317835605336E1));
#637=CARTESIAN_POINT('',(1.E1,-3.589432759506E0,4.297659185425E1));
#639=CARTESIAN_POINT('',(1.1E1,-3.007163641654E0,4.364061779625E1));
#640=DIRECTION('',(-1.E0,0.E0,0.E0));
#641=DIRECTION('',(0.E0,-7.518768548367E-1,6.593035682907E-1));
#642=AXIS2_PLACEMENT_3D('',#639,#640,#641);
#644=CARTESIAN_POINT('',(1.1E1,-3.007163641654E0,4.364061779625E1));
#645=DIRECTION('',(0.E0,-7.617799942999E-1,6.478358127523E-1));
#646=DIRECTION('',(0.E0,6.478358127523E-1,7.617799942999E-1));
#647=AXIS2_PLACEMENT_3D('',#644,#645,#646);
#649=CARTESIAN_POINT('',(1.000132681010E1,5.280066514819E0,3.769506977576E1));
#650=CARTESIAN_POINT('',(1.000624754368E1,5.333522806071E0,3.777423182455E1));
#651=CARTESIAN_POINT('',(1.004347986245E1,5.464215680862E0,3.791900417330E1));
#652=CARTESIAN_POINT('',(1.018586154318E1,5.723266318675E0,3.807432322028E1));
#653=CARTESIAN_POINT('',(1.040042020048E1,6.015137980681E0,3.814607975401E1));
#654=CARTESIAN_POINT('',(1.067417440574E1,6.321578942911E0,3.812896610773E1));
#655=CARTESIAN_POINT('',(1.088778433121E1,6.522714021244E0,3.805254570837E1));
#656=CARTESIAN_POINT('',(1.1E1,6.618523834923E0,3.799578266892E1));
#658=DIRECTION('',(-1.E0,0.E0,0.E0));
#659=VECTOR('',#658,2.2E1);
#660=CARTESIAN_POINT('',(1.1E1,-4.388006602645E0,4.358264167664E1));
#661=LINE('',#660,#659);
#662=DIRECTION('',(1.E0,0.E0,0.E0));
#663=VECTOR('',#662,2.E1);
#664=CARTESIAN_POINT('',(-1.E1,1.486286873921E-1,4.013972022935E1));
#665=LINE('',#664,#663);
#666=CARTESIAN_POINT('',(-1.E1,-3.589432759506E0,4.297659185425E1));
#667=CARTESIAN_POINT('',(-1.E1,-3.855291449570E0,4.317835605336E1));
#668=CARTESIAN_POINT('',(-1.025214377770E1,-4.186156568594E0,4.342945461907E1));
#669=CARTESIAN_POINT('',(-1.066624914213E1,-4.388006602645E0,4.358264167664E1));
#670=CARTESIAN_POINT('',(-1.1E1,-4.388006602645E0,4.358264167664E1));
#672=DIRECTION('',(0.E0,6.593035682907E-1,7.518768548368E-1));
#673=VECTOR('',#672,8.831578439085E-1);
#674=CARTESIAN_POINT('',(-1.E1,-3.589432759506E0,4.297659185425E1));
#675=LINE('',#674,#673);
#676=CARTESIAN_POINT('',(-1.E1,3.975E1,9.391809742004E1));
#677=DIRECTION('',(1.E0,0.E0,0.E0));
#678=DIRECTION('',(0.E0,-6.478358127523E-1,-7.617799942999E-1));
#679=AXIS2_PLACEMENT_3D('',#676,#677,#678);
#681=DIRECTION('',(0.E0,5.596304106973E-1,8.287423021801E-1));
#682=VECTOR('',#681,1.000837887643E1);
#683=CARTESIAN_POINT('',(-1.E1,-3.497733445117E-1,2.935798451959E1));
#684=LINE('',#683,#682);
#685=CARTESIAN_POINT('',(-1.E1,3.975E1,9.391809742004E1));
#686=DIRECTION('',(-1.E0,0.E0,0.E0));
#687=DIRECTION('',(0.E0,-5.276285966383E-1,-8.494751697428E-1));
#688=AXIS2_PLACEMENT_3D('',#685,#686,#687);
#690=CARTESIAN_POINT('',(-1.E1,-5.056163619129E0,3.253073958689E1));
#691=DIRECTION('',(-1.E0,0.E0,0.E0));
#692=DIRECTION('',(0.E0,8.287423021801E-1,-5.596304106973E-1));
#693=AXIS2_PLACEMENT_3D('',#690,#691,#692);
#695=DIRECTION('',(0.E0,-5.596304106973E-1,-8.287423021801E-1));
#696=VECTOR('',#695,8.220169680366E0);
#697=CARTESIAN_POINT('',(-1.E1,3.728356172760E-1,3.878351152141E1));
#698=LINE('',#697,#696);
#699=DIRECTION('',(0.E0,7.965782972456E-1,-6.045353722962E-1));
#700=VECTOR('',#699,4.692647866285E0);
#701=CARTESIAN_POINT('',(-1.E1,-3.589432759506E0,4.297659185425E1));
#702=LINE('',#701,#700);
#703=DIRECTION('',(0.E0,6.593035682907E-1,-7.518768548367E-1));
#704=VECTOR('',#703,8.831578438967E-1);
#705=CARTESIAN_POINT('',(-1.E1,8.250716364166E1,4.364061779624E1));
#706=LINE('',#705,#704);
#707=DIRECTION('',(0.E0,7.965782972456E-1,6.045353722962E-1));
#708=VECTOR('',#707,4.692647866285E0);
#709=CARTESIAN_POINT('',(-1.E1,7.935137131261E1,4.013972022935E1));
#710=LINE('',#709,#708);
#711=DIRECTION('',(0.E0,-5.596304106973E-1,8.287423021801E-1));
#712=VECTOR('',#711,8.220169680366E0);
#713=CARTESIAN_POINT('',(-1.E1,8.372742131695E1,3.197110917619E1));
#714=LINE('',#713,#712);
#715=CARTESIAN_POINT('',(-1.E1,3.975E1,9.391809742004E1));
#716=DIRECTION('',(1.E0,0.E0,0.E0));
#717=DIRECTION('',(0.E0,5.276285966383E-1,-8.494751697428E-1));
#718=AXIS2_PLACEMENT_3D('',#715,#716,#717);
#720=DIRECTION('',(0.E0,5.596304106973E-1,-8.287423021801E-1));
#721=VECTOR('',#720,1.000837887643E1);
#722=CARTESIAN_POINT('',(-1.E1,7.424878016348E1,3.765235147073E1));
#723=LINE('',#722,#721);
#724=CARTESIAN_POINT('',(-1.E1,3.975E1,9.391809742004E1));
#725=DIRECTION('',(1.E0,0.E0,0.E0));
#726=DIRECTION('',(0.E0,5.227087903558E-1,-8.525113022622E-1));
#727=AXIS2_PLACEMENT_3D('',#724,#725,#726);
#729=CARTESIAN_POINT('',(-1.E1,-3.497733445117E-1,2.935798451959E1));
#730=CARTESIAN_POINT('',(-1.E1,-4.105076252989E-1,2.926804468302E1));
#731=CARTESIAN_POINT('',(-1.003339433051E1,-5.253273566928E-1,
2.909801109172E1));
#732=CARTESIAN_POINT('',(-1.017809533688E1,-6.848596545773E-1,
2.886176380906E1));
#733=CARTESIAN_POINT('',(-1.040151020876E1,-8.100232709253E-1,
2.867641222419E1));
#734=CARTESIAN_POINT('',(-1.068668662922E1,-8.911420721978E-1,
2.855628547477E1));
#735=CARTESIAN_POINT('',(-1.089162343117E1,-9.098056003363E-1,
2.852864713528E1));
#736=CARTESIAN_POINT('',(-1.1E1,-9.098056003363E-1,2.852864713528E1));
#738=CARTESIAN_POINT('',(-1.E1,-4.244575017716E0,3.194651020811E1));
#739=CARTESIAN_POINT('',(-1.E1,-4.301537932442E0,3.186737927773E1));
#740=CARTESIAN_POINT('',(-1.002820651600E1,-4.440465367443E0,3.172265909174E1));
#741=CARTESIAN_POINT('',(-1.016617777655E1,-4.719988416927E0,3.157144183929E1));
#742=CARTESIAN_POINT('',(-1.038242176322E1,-5.028928881545E0,3.151479990476E1));
#743=CARTESIAN_POINT('',(-1.066289159902E1,-5.347717488490E0,3.155576144827E1));
#744=CARTESIAN_POINT('',(-1.088373458084E1,-5.551191707819E0,3.165401688107E1));
#745=CARTESIAN_POINT('',(-1.1E1,-5.645718403591E0,3.172301119434E1));
#747=DIRECTION('',(1.E0,0.E0,0.E0));
#748=VECTOR('',#747,2.E1);
#749=CARTESIAN_POINT('',(-1.E1,-4.227421316948E0,3.197110917619E1));
#750=LINE('',#749,#748);
#751=DIRECTION('',(1.E0,0.E0,0.E0));
#752=VECTOR('',#751,2.E1);
#753=CARTESIAN_POINT('',(-1.E1,3.728356172760E-1,3.878351152141E1));
#754=LINE('',#753,#752);
#755=CARTESIAN_POINT('',(-1.E1,-4.559066849041E-1,3.934314193210E1));
#756=DIRECTION('',(-1.E0,0.E0,0.E0));
#757=DIRECTION('',(0.E0,6.045353722962E-1,7.965782972456E-1));
#758=AXIS2_PLACEMENT_3D('',#755,#756,#757);
#760=CARTESIAN_POINT('',(1.E1,-4.559066849041E-1,3.934314193210E1));
#761=DIRECTION('',(1.E0,0.E0,0.E0));
#762=DIRECTION('',(0.E0,8.287423021801E-1,-5.596304106973E-1));
#763=AXIS2_PLACEMENT_3D('',#760,#761,#762);
#765=CARTESIAN_POINT('',(1.E1,-4.244574752337E0,3.194651058266E1));
#766=CARTESIAN_POINT('',(1.E1,-4.301537667601E0,3.186737965154E1));
#767=CARTESIAN_POINT('',(1.002820651665E1,-4.440465492358E0,3.172265891658E1));
#768=CARTESIAN_POINT('',(1.016617777713E1,-4.719988384725E0,3.157144188575E1));
#769=CARTESIAN_POINT('',(1.038242176345E1,-5.028928890732E0,3.151479989221E1));
#770=CARTESIAN_POINT('',(1.066289159933E1,-5.347717486256E0,3.155576145195E1));
#771=CARTESIAN_POINT('',(1.088373458096E1,-5.551191707910E0,3.165401688114E1));
#772=CARTESIAN_POINT('',(1.1E1,-5.645718403591E0,3.172301119434E1));
#774=CARTESIAN_POINT('',(1.1E1,-9.098056003364E-1,2.852864713528E1));
#775=CARTESIAN_POINT('',(1.089162279524E1,-9.098056003364E-1,2.852864713528E1));
#776=CARTESIAN_POINT('',(1.068670174975E1,-8.911291693302E-1,2.855630458229E1));
#777=CARTESIAN_POINT('',(1.040184990345E1,-8.101398420128E-1,2.867623959706E1));
#778=CARTESIAN_POINT('',(1.017830572845E1,-6.850513646595E-1,2.886147991052E1));
#779=CARTESIAN_POINT('',(1.003337029085E1,-5.253349063930E-1,2.909799991156E1));
#780=CARTESIAN_POINT('',(1.E1,-4.105069106038E-1,2.926804574139E1));
#781=CARTESIAN_POINT('',(1.E1,-3.497733445117E-1,2.935798451959E1));
#783=CARTESIAN_POINT('',(-1.1E1,8.250716364165E1,4.364061779625E1));
#784=DIRECTION('',(0.E0,6.593035682907E-1,-7.518768548367E-1));
#785=DIRECTION('',(0.E0,7.518768548367E-1,6.593035682907E-1));
#786=AXIS2_PLACEMENT_3D('',#783,#784,#785);
#788=CARTESIAN_POINT('',(-1.1E1,8.388800660264E1,4.358264167664E1));
#789=CARTESIAN_POINT('',(-1.066624914213E1,8.388800660264E1,4.358264167664E1));
#790=CARTESIAN_POINT('',(-1.025214377770E1,8.368615656859E1,4.342945461907E1));
#791=CARTESIAN_POINT('',(-1.E1,8.335529144957E1,4.317835605336E1));
#792=CARTESIAN_POINT('',(-1.E1,8.308943275951E1,4.297659185425E1));
#794=CARTESIAN_POINT('',(-1.1E1,8.250716364165E1,4.364061779625E1));
#795=DIRECTION('',(1.E0,0.E0,0.E0));
#796=DIRECTION('',(0.E0,7.518768548368E-1,6.593035682906E-1));
#797=AXIS2_PLACEMENT_3D('',#794,#795,#796);
#799=CARTESIAN_POINT('',(-1.1E1,8.250716364165E1,4.364061779625E1));
#800=DIRECTION('',(0.E0,7.617799942999E-1,6.478358127523E-1));
#801=DIRECTION('',(0.E0,-6.478358127523E-1,7.617799942999E-1));
#802=AXIS2_PLACEMENT_3D('',#799,#800,#801);
#804=CARTESIAN_POINT('',(-1.000132681010E1,7.421993348518E1,3.769506977576E1));
#805=CARTESIAN_POINT('',(-1.000624754368E1,7.416647719393E1,3.777423182455E1));
#806=CARTESIAN_POINT('',(-1.004347986245E1,7.403578431914E1,3.791900417330E1));
#807=CARTESIAN_POINT('',(-1.018586154318E1,7.377673368132E1,3.807432322028E1));
#808=CARTESIAN_POINT('',(-1.040042020048E1,7.348486201932E1,3.814607975401E1));
#809=CARTESIAN_POINT('',(-1.067417440574E1,7.317842105709E1,3.812896610773E1));
#810=CARTESIAN_POINT('',(-1.088778433121E1,7.297728597876E1,3.805254570837E1));
#811=CARTESIAN_POINT('',(-1.1E1,7.288147616508E1,3.799578266892E1));
#813=DIRECTION('',(1.E0,0.E0,0.E0));
#814=VECTOR('',#813,2.2E1);
#815=CARTESIAN_POINT('',(-1.1E1,8.040980560034E1,2.852864713528E1));
#816=LINE('',#815,#814);
#817=CARTESIAN_POINT('',(1.000132681010E1,7.421993348518E1,3.769506977576E1));
#818=CARTESIAN_POINT('',(1.000088652832E1,7.422471647755E1,3.768798676521E1));
#819=CARTESIAN_POINT('',(1.000022323859E1,7.423430718069E1,3.767378413924E1));
#820=CARTESIAN_POINT('',(1.E1,7.424394756880E1,3.765950793609E1));
#821=CARTESIAN_POINT('',(1.E1,7.424878016348E1,3.765235147073E1));
#823=DIRECTION('',(-1.E0,0.E0,0.E0));
#824=VECTOR('',#823,2.000265362021E1);
#825=CARTESIAN_POINT('',(1.000132681010E1,7.421993348518E1,3.769506977576E1));
#826=LINE('',#825,#824);
#827=CARTESIAN_POINT('',(-1.E1,7.424878016348E1,3.765235147073E1));
#828=CARTESIAN_POINT('',(-1.E1,7.424394756880E1,3.765950793609E1));
#829=CARTESIAN_POINT('',(-1.000022323859E1,7.423430718069E1,3.767378413924E1));
#830=CARTESIAN_POINT('',(-1.000088652832E1,7.422471647755E1,3.768798676521E1));
#831=CARTESIAN_POINT('',(-1.000132681010E1,7.421993348518E1,3.769506977576E1));
#833=CARTESIAN_POINT('',(-1.1E1,8.040980560034E1,2.852864713528E1));
#834=CARTESIAN_POINT('',(-1.089162343117E1,8.040980560034E1,2.852864713528E1));
#835=CARTESIAN_POINT('',(-1.068668662922E1,8.039114207220E1,2.855628547477E1));
#836=CARTESIAN_POINT('',(-1.040151020876E1,8.031002327093E1,2.867641222419E1));
#837=CARTESIAN_POINT('',(-1.017809533688E1,8.018485965458E1,2.886176380906E1));
#838=CARTESIAN_POINT('',(-1.003339433051E1,8.002532735669E1,2.909801109172E1));
#839=CARTESIAN_POINT('',(-1.E1,7.991050762530E1,2.926804468302E1));
#840=CARTESIAN_POINT('',(-1.E1,7.984977334451E1,2.935798451959E1));
#842=CARTESIAN_POINT('',(-1.E1,8.374457405715E1,3.194651156386E1));
#843=CARTESIAN_POINT('',(-1.E1,8.380504607380E1,3.186250590926E1));
#844=CARTESIAN_POINT('',(-1.003109459151E1,8.395126661212E1,3.171259303862E1));
#845=CARTESIAN_POINT('',(-1.018053755798E1,8.424232384859E1,3.156513465965E1));
#846=CARTESIAN_POINT('',(-1.038569000620E1,8.453319403507E1,3.151451191560E1));
#847=CARTESIAN_POINT('',(-1.068474581676E1,8.487040235893E1,3.156195261269E1));
#848=CARTESIAN_POINT('',(-1.089286240283E1,8.505861285555E1,3.165943352012E1));
#849=CARTESIAN_POINT('',(-1.1E1,8.514571840359E1,3.172301119434E1));
#851=CARTESIAN_POINT('',(2.15E1,9.051637475838E1,3.602357959761E1));
#852=CARTESIAN_POINT('',(2.181011569221E1,9.051637475838E1,3.602357959761E1));
#853=CARTESIAN_POINT('',(2.242818847560E1,9.047547187376E1,3.598765538351E1));
#854=CARTESIAN_POINT('',(2.340248648406E1,9.026053389953E1,3.579984450891E1));
#855=CARTESIAN_POINT('',(2.426333029680E1,8.991541037650E1,3.550127259470E1));
#856=CARTESIAN_POINT('',(2.501731186956E1,8.945396667093E1,3.510766116550E1));
#857=CARTESIAN_POINT('',(2.564385759206E1,8.888424013103E1,3.463029965255E1));
#858=CARTESIAN_POINT('',(2.612339678611E1,8.821485979637E1,3.408132801717E1));
#859=CARTESIAN_POINT('',(2.642749964024E1,8.746469577004E1,3.348105708502E1));
#860=CARTESIAN_POINT('',(2.65E1,8.692867318064E1,3.306338196025E1));
#861=CARTESIAN_POINT('',(2.65E1,8.664984762119E1,3.284924862535E1));
#863=CARTESIAN_POINT('',(-1.65E1,8.664984762119E1,3.284924862535E1));
#864=CARTESIAN_POINT('',(-1.65E1,8.694663955022E1,3.307717982958E1));
#865=CARTESIAN_POINT('',(-1.641937383801E1,8.752421078069E1,3.352745620299E1));
#866=CARTESIAN_POINT('',(-1.604292470521E1,8.837350254572E1,3.420947847765E1));
#867=CARTESIAN_POINT('',(-1.543104437381E1,8.911584781791E1,3.482272946900E1));
#868=CARTESIAN_POINT('',(-1.465659345127E1,8.970766818695E1,3.532295122028E1));
#869=CARTESIAN_POINT('',(-1.369347764148E1,9.017198001849E1,3.572267785264E1));
#870=CARTESIAN_POINT('',(-1.260460601924E1,9.045580779120E1,3.597038323612E1));
#871=CARTESIAN_POINT('',(-1.187344342911E1,9.051637475838E1,3.602357959761E1));
#872=CARTESIAN_POINT('',(-1.15E1,9.051637475838E1,3.602357959761E1));
#874=CARTESIAN_POINT('',(1.1E1,3.975E1,9.391809742004E1));
#875=DIRECTION('',(-1.E0,0.E0,0.E0));
#876=DIRECTION('',(0.E0,5.895547844622E-1,-8.077283925415E-1));
#877=AXIS2_PLACEMENT_3D('',#874,#875,#876);
#879=CARTESIAN_POINT('',(-1.1E1,3.975E1,9.391809742004E1));
#880=DIRECTION('',(1.E0,0.E0,0.E0));
#881=DIRECTION('',(0.E0,5.280494233810E-1,-8.492136400618E-1));
#882=AXIS2_PLACEMENT_3D('',#879,#880,#881);
#884=CARTESIAN_POINT('',(2.149999999736E1,8.325904049595E1,4.429992136515E1));
#885=CARTESIAN_POINT('',(2.190592956518E1,8.325903137825E1,4.429991421332E1));
#886=CARTESIAN_POINT('',(2.270428838165E1,8.318219809129E1,4.423409570835E1));
#887=CARTESIAN_POINT('',(2.376890550714E1,8.288133087440E1,4.397776205073E1));
#888=CARTESIAN_POINT('',(2.474330838856E1,8.239376283573E1,4.356652474610E1));
#889=CARTESIAN_POINT('',(2.553840179818E1,8.174031733683E1,4.302381924259E1));
#890=CARTESIAN_POINT('',(2.606365403352E1,8.104452257666E1,4.245636718796E1));
#891=CARTESIAN_POINT('',(2.639739738160E1,8.031178213502E1,4.186894204237E1));
#892=CARTESIAN_POINT('',(2.649999215041E1,7.970094546145E1,4.138930326124E1));
#893=CARTESIAN_POINT('',(2.65E1,7.937960345329E1,4.114031298248E1));
#895=CARTESIAN_POINT('',(2.150000001307E1,8.250716364165E1,4.364061779625E1));
#896=DIRECTION('',(1.E0,-2.489492151182E-9,-2.117109820168E-9));
#897=DIRECTION('',(3.267608406077E-9,7.518768548368E-1,6.593035682906E-1));
#898=AXIS2_PLACEMENT_3D('',#895,#896,#897);
#900=CARTESIAN_POINT('',(2.55E1,7.937960345687E1,4.114031298519E1));
#901=DIRECTION('',(0.E0,-7.996634005280E-1,-6.004485372253E-1));
#902=DIRECTION('',(1.E0,-5.310596407071E-11,7.072031849020E-11));
#903=AXIS2_PLACEMENT_3D('',#900,#901,#902);
#905=CARTESIAN_POINT('',(1.1E1,8.250716364165E1,4.364061779625E1));
#906=DIRECTION('',(1.E0,0.E0,0.E0));
#907=DIRECTION('',(0.E0,7.518768548367E-1,6.593035682907E-1));
#908=AXIS2_PLACEMENT_3D('',#905,#906,#907);
#910=DIRECTION('',(1.E0,-5.117802479390E-11,5.838563496580E-11));
#911=VECTOR('',#910,1.049999999736E1);
#912=CARTESIAN_POINT('',(1.1E1,8.325904049649E1,4.429992136454E1));
#913=LINE('',#912,#911);
#914=DIRECTION('',(0.E0,-6.593035682907E-1,7.518768548368E-1));
#915=VECTOR('',#914,9.539855938964E-1);
#916=CARTESIAN_POINT('',(1.1E1,8.388800660264E1,4.358264167664E1));
#917=LINE('',#916,#915);
#918=DIRECTION('',(0.E0,6.593035682907E-1,-7.518768548367E-1));
#919=VECTOR('',#918,9.539855938964E-1);
#920=CARTESIAN_POINT('',(-1.1E1,8.325904049649E1,4.429992136454E1));
#921=LINE('',#920,#919);
#922=DIRECTION('',(1.E0,-4.007461053260E-12,4.291678149235E-12));
#923=VECTOR('',#922,4.999999970589E-1);
#924=CARTESIAN_POINT('',(-1.149999999706E1,8.325904049649E1,4.429992136454E1));
#925=LINE('',#924,#923);
#926=DIRECTION('',(-2.671877167679E-10,6.593035682907E-1,-7.518768548368E-1));
#927=VECTOR('',#926,1.100757619241E1);
#928=CARTESIAN_POINT('',(-1.149999999706E1,8.325904049649E1,4.429992136454E1));
#929=LINE('',#928,#927);
#930=DIRECTION('',(-1.E0,0.E0,0.E0));
#931=VECTOR('',#930,3.3E1);
#932=CARTESIAN_POINT('',(2.15E1,9.051637475838E1,3.602357959761E1));
#933=LINE('',#932,#931);
#934=DIRECTION('',(-2.402192321006E-10,-6.593035682907E-1,7.518768548368E-1));
#935=VECTOR('',#934,1.100757619323E1);
#936=CARTESIAN_POINT('',(2.15E1,9.051637475838E1,3.602357959761E1));
#937=LINE('',#936,#935);
#938=CARTESIAN_POINT('',(1.E1,8.308943275951E1,4.297659185425E1));
#939=CARTESIAN_POINT('',(1.E1,8.335529144957E1,4.317835605336E1));
#940=CARTESIAN_POINT('',(1.025214377770E1,8.368615656859E1,4.342945461907E1));
#941=CARTESIAN_POINT('',(1.066624914213E1,8.388800660264E1,4.358264167664E1));
#942=CARTESIAN_POINT('',(1.1E1,8.388800660264E1,4.358264167664E1));
#944=CARTESIAN_POINT('',(1.1E1,8.250716364165E1,4.364061779625E1));
#945=DIRECTION('',(0.E0,-6.593035682907E-1,7.518768548367E-1));
#946=DIRECTION('',(0.E0,7.518768548367E-1,6.593035682907E-1));
#947=AXIS2_PLACEMENT_3D('',#944,#945,#946);
#949=CARTESIAN_POINT('',(1.1E1,8.250716364165E1,4.364061779625E1));
#950=DIRECTION('',(0.E0,7.617799942999E-1,6.478358127523E-1));
#951=DIRECTION('',(-1.E0,0.E0,0.E0));
#952=AXIS2_PLACEMENT_3D('',#949,#950,#951);
#954=CARTESIAN_POINT('',(1.000132681010E1,7.421993348518E1,3.769506977576E1));
#955=CARTESIAN_POINT('',(1.000624754368E1,7.416647719393E1,3.777423182455E1));
#956=CARTESIAN_POINT('',(1.004347986245E1,7.403578431914E1,3.791900417330E1));
#957=CARTESIAN_POINT('',(1.018586154318E1,7.377673368132E1,3.807432322028E1));
#958=CARTESIAN_POINT('',(1.040042020048E1,7.348486201932E1,3.814607975401E1));
#959=CARTESIAN_POINT('',(1.067417440574E1,7.317842105709E1,3.812896610773E1));
#960=CARTESIAN_POINT('',(1.088778433121E1,7.297728597876E1,3.805254570837E1));
#961=CARTESIAN_POINT('',(1.1E1,7.288147616508E1,3.799578266892E1));
#963=DIRECTION('',(1.E0,0.E0,0.E0));
#964=VECTOR('',#963,2.2E1);
#965=CARTESIAN_POINT('',(-1.1E1,8.388800660264E1,4.358264167664E1));
#966=LINE('',#965,#964);
#967=DIRECTION('',(1.E0,0.E0,0.E0));
#968=VECTOR('',#967,2.E1);
#969=CARTESIAN_POINT('',(-1.E1,7.935137131261E1,4.013972022935E1));
#970=LINE('',#969,#968);
#971=CARTESIAN_POINT('',(-1.E1,7.995590668490E1,3.934314193210E1));
#972=DIRECTION('',(-1.E0,0.E0,0.E0));
#973=DIRECTION('',(0.E0,-8.287423021801E-1,-5.596304106973E-1));
#974=AXIS2_PLACEMENT_3D('',#971,#972,#973);
#976=CARTESIAN_POINT('',(1.E1,7.995590668490E1,3.934314193210E1));
#977=DIRECTION('',(1.E0,0.E0,0.E0));
#978=DIRECTION('',(0.E0,-6.045353722962E-1,7.965782972456E-1));
#979=AXIS2_PLACEMENT_3D('',#976,#977,#978);
#981=DIRECTION('',(1.E0,0.E0,0.E0));
#982=VECTOR('',#981,2.E1);
#983=CARTESIAN_POINT('',(-1.E1,7.912716438272E1,3.878351152141E1));
#984=LINE('',#983,#982);
#985=DIRECTION('',(-1.E0,0.E0,0.E0));
#986=VECTOR('',#985,2.E1);
#987=CARTESIAN_POINT('',(1.E1,8.372742131695E1,3.197110917619E1));
#988=LINE('',#987,#986);
#989=DIRECTION('',(-1.E0,0.E0,0.E0));
#990=VECTOR('',#989,2.2E1);
#991=CARTESIAN_POINT('',(1.1E1,8.514571840359E1,3.172301119434E1));
#992=LINE('',#991,#990);
#993=CARTESIAN_POINT('',(-1.E1,8.455616361913E1,3.253073958689E1));
#994=DIRECTION('',(-1.E0,0.E0,0.E0));
#995=DIRECTION('',(0.E0,-8.115895619785E-1,-5.842280230249E-1));
#996=AXIS2_PLACEMENT_3D('',#993,#994,#995);
#998=CARTESIAN_POINT('',(1.E1,8.455616361913E1,3.253073958689E1));
#999=DIRECTION('',(1.E0,0.E0,0.E0));
#1000=DIRECTION('',(0.E0,-8.287423021801E-1,-5.596304106973E-1));
#1001=AXIS2_PLACEMENT_3D('',#998,#999,#1000);
#1003=CARTESIAN_POINT('',(1.1E1,8.514571840359E1,3.172301119434E1));
#1004=CARTESIAN_POINT('',(1.094135992387E1,8.509804255400E1,3.168821295586E1));
#1005=CARTESIAN_POINT('',(1.082023542729E1,8.499355650067E1,3.162456448417E1));
#1006=CARTESIAN_POINT('',(1.062492559392E1,8.480202860162E1,3.155373193827E1));
#1007=CARTESIAN_POINT('',(1.043784388092E1,8.459098804456E1,3.152420617446E1));
#1008=CARTESIAN_POINT('',(1.028378303761E1,8.438997810430E1,3.153787813342E1));
#1009=CARTESIAN_POINT('',(1.014673761332E1,8.417994030569E1,3.159368031845E1));
#1010=CARTESIAN_POINT('',(1.003133447214E1,8.394386992252E1,3.172330585905E1));
#1011=CARTESIAN_POINT('',(1.E1,8.380481175415E1,3.186283141810E1));
#1012=CARTESIAN_POINT('',(1.E1,8.374457405715E1,3.194651156386E1));
#1014=CARTESIAN_POINT('',(1.E1,7.984977334451E1,2.935798451959E1));
#1015=CARTESIAN_POINT('',(1.E1,7.991050691060E1,2.926804574139E1));
#1016=CARTESIAN_POINT('',(1.003337029085E1,8.002533490639E1,2.909799991156E1));
#1017=CARTESIAN_POINT('',(1.017830572845E1,8.018505136466E1,2.886147991052E1));
#1018=CARTESIAN_POINT('',(1.040184990345E1,8.031013984201E1,2.867623959706E1));
#1019=CARTESIAN_POINT('',(1.068670174975E1,8.039112916933E1,2.855630458229E1));
#1020=CARTESIAN_POINT('',(1.089162279524E1,8.040980560034E1,2.852864713528E1));
#1021=CARTESIAN_POINT('',(1.1E1,8.040980560034E1,2.852864713528E1));
#1023=CARTESIAN_POINT('',(-1.15E1,8.250716364165E1,4.364061779625E1));
#1024=DIRECTION('',(1.E0,0.E0,0.E0));
#1025=DIRECTION('',(0.E0,7.518768548368E-1,6.593035682907E-1));
#1026=AXIS2_PLACEMENT_3D('',#1023,#1024,#1025);
#1028=CARTESIAN_POINT('',(-1.549999999998E1,7.937960362872E1,4.114031311423E1));
#1029=DIRECTION('',(5.371830159135E-8,7.996633985730E-1,6.004485398289E-1));
#1030=DIRECTION('',(-1.E0,4.285887200695E-8,3.238517365389E-8));
#1031=AXIS2_PLACEMENT_3D('',#1028,#1029,#1030);
#1033=CARTESIAN_POINT('',(-1.65E1,7.937960318444E1,4.114031331415E1));
#1034=CARTESIAN_POINT('',(-1.649998858436E1,7.969758329868E1,4.138669838917E1));
#1035=CARTESIAN_POINT('',(-1.640110087300E1,8.032032454849E1,4.187535179341E1));
#1036=CARTESIAN_POINT('',(-1.601231635747E1,8.114622964200E1,4.253820508279E1));
#1037=CARTESIAN_POINT('',(-1.538484636349E1,8.189721962035E1,4.315315377559E1));
#1038=CARTESIAN_POINT('',(-1.453943002250E1,8.251333766416E1,4.366702338276E1));
#1039=CARTESIAN_POINT('',(-1.363677813796E1,8.292138004445E1,4.401189265239E1));
#1040=CARTESIAN_POINT('',(-1.269200065302E1,8.317961590709E1,4.423190506011E1));
#1041=CARTESIAN_POINT('',(-1.190955339710E1,8.325903401771E1,4.429991657083E1));
#1042=CARTESIAN_POINT('',(-1.149999999706E1,8.325904049649E1,4.429992136454E1));
#1044=CARTESIAN_POINT('',(-1.55E1,6.374297035968E1,3.350835173882E1));
#1045=CARTESIAN_POINT('',(-1.556775095800E1,6.374297035968E1,3.350835173882E1));
#1046=CARTESIAN_POINT('',(-1.569527297537E1,6.377933572433E1,3.350835173882E1));
#1047=CARTESIAN_POINT('',(-1.586679153204E1,6.391777182491E1,3.350835173882E1));
#1048=CARTESIAN_POINT('',(-1.600852837081E1,6.410513071779E1,3.350835173882E1));
#1049=CARTESIAN_POINT('',(-1.613243733755E1,6.433509628344E1,3.350835173882E1));
#1050=CARTESIAN_POINT('',(-1.623616511128E1,6.459316366100E1,3.350835173882E1));
#1051=CARTESIAN_POINT('',(-1.632292301778E1,6.487535804050E1,3.350835173882E1));
#1052=CARTESIAN_POINT('',(-1.639489024258E1,6.518627075634E1,3.350835173882E1));
#1053=CARTESIAN_POINT('',(-1.645141247290E1,6.552976235109E1,3.350835173882E1));
#1054=CARTESIAN_POINT('',(-1.648977070212E1,6.590898650160E1,3.350835173882E1));
#1055=CARTESIAN_POINT('',(-1.650000000007E1,6.618755869280E1,3.350835173882E1));
#1056=CARTESIAN_POINT('',(-1.65E1,6.633312672976E1,3.350835173882E1));
#1058=DIRECTION('',(1.E0,0.E0,0.E0));
#1059=VECTOR('',#1058,5.5E1);
#1060=CARTESIAN_POINT('',(-2.85E1,7.95E1,1.91E1));
#1061=LINE('',#1060,#1059);
#1062=DIRECTION('',(1.E0,0.E0,0.E0));
#1063=VECTOR('',#1062,4.3E1);
#1064=CARTESIAN_POINT('',(-1.65E1,7.95E1,2.797162291230E1));
#1065=LINE('',#1064,#1063);
#1066=DIRECTION('',(0.E0,0.E0,-1.E0));
#1067=VECTOR('',#1066,5.536728826522E0);
#1068=CARTESIAN_POINT('',(-1.65E1,7.95E1,3.350835173882E1));
#1069=LINE('',#1068,#1067);
#1070=DIRECTION('',(1.E0,0.E0,0.E0));
#1071=VECTOR('',#1070,5.5E1);
#1072=CARTESIAN_POINT('',(-2.85E1,6.695E1,2.600835173882E1));
#1073=LINE('',#1072,#1071);
#1074=DIRECTION('',(-1.E0,0.E0,0.E0));
#1075=VECTOR('',#1074,5.5E1);
#1076=CARTESIAN_POINT('',(2.65E1,7.705E1,2.600835173882E1));
#1077=LINE('',#1076,#1075);
#1078=CARTESIAN_POINT('',(2.65E1,6.45E1,2.098614884068E1));
#1079=CARTESIAN_POINT('',(2.65E1,1.5E1,2.098614884068E1));
#1080=VERTEX_POINT('',#1078);
#1081=VERTEX_POINT('',#1079);
#1082=CARTESIAN_POINT('',(-2.65E1,6.374297036072E1,3.350835173882E1));
#1083=CARTESIAN_POINT('',(-2.65E1,1.575702963928E1,3.350835173882E1));
#1084=VERTEX_POINT('',#1082);
#1085=VERTEX_POINT('',#1083);
#1086=CARTESIAN_POINT('',(-2.85E1,6.45E1,3.350835173882E1));
#1087=CARTESIAN_POINT('',(-2.85E1,7.95E1,3.350835173882E1));
#1088=VERTEX_POINT('',#1086);
#1089=VERTEX_POINT('',#1087);
#1090=CARTESIAN_POINT('',(-2.65E1,1.5E1,3.350835173882E1));
#1091=CARTESIAN_POINT('',(-2.65E1,1.5E1,2.098614884068E1));
#1092=VERTEX_POINT('',#1090);
#1093=VERTEX_POINT('',#1091);
#1094=CARTESIAN_POINT('',(-2.65E1,6.45E1,3.350835173882E1));
#1095=CARTESIAN_POINT('',(-2.65E1,6.45E1,2.098614884068E1));
#1096=VERTEX_POINT('',#1094);
#1097=VERTEX_POINT('',#1095);
#1098=CARTESIAN_POINT('',(-2.85E1,1.5E1,3.350835173882E1));
#1099=VERTEX_POINT('',#1098);
#1100=CARTESIAN_POINT('',(-2.85E1,1.255E1,2.600835173882E1));
#1101=CARTESIAN_POINT('',(-2.85E1,2.45E0,2.600835173882E1));
#1102=VERTEX_POINT('',#1100);
#1103=VERTEX_POINT('',#1101);
#1104=CARTESIAN_POINT('',(-2.85E1,7.705E1,2.600835173882E1));
#1105=CARTESIAN_POINT('',(-2.85E1,6.695E1,2.600835173882E1));
#1106=VERTEX_POINT('',#1104);
#1107=VERTEX_POINT('',#1105);
#1108=CARTESIAN_POINT('',(-2.85E1,0.E0,3.300835173882E1));
#1109=CARTESIAN_POINT('',(-2.85E1,5.E-1,3.350835173882E1));
#1110=VERTEX_POINT('',#1108);
#1111=VERTEX_POINT('',#1109);
#1112=CARTESIAN_POINT('',(-1.65E1,0.E0,2.797162291230E1));
#1113=CARTESIAN_POINT('',(2.6E1,0.E0,2.797162291230E1));
#1114=VERTEX_POINT('',#1112);
#1115=VERTEX_POINT('',#1113);
#1116=CARTESIAN_POINT('',(-1.65E1,0.E0,3.300835173882E1));
#1117=VERTEX_POINT('',#1116);
#1118=CARTESIAN_POINT('',(-1.65E1,7.95E1,2.797162291230E1));
#1119=CARTESIAN_POINT('',(2.65E1,7.95E1,2.797162291230E1));
#1120=VERTEX_POINT('',#1118);
#1121=VERTEX_POINT('',#1119);
#1122=CARTESIAN_POINT('',(-1.65E1,7.95E1,3.350835173882E1));
#1123=VERTEX_POINT('',#1122);
#1124=VERTEX_POINT('',#59);
#1125=CARTESIAN_POINT('',(-1.65E1,5.E-1,3.350835173882E1));
#1126=VERTEX_POINT('',#1125);
#1127=VERTEX_POINT('',#61);
#1128=VERTEX_POINT('',#71);
#1129=VERTEX_POINT('',#77);
#1130=VERTEX_POINT('',#86);
#1131=VERTEX_POINT('',#851);
#1132=VERTEX_POINT('',#861);
#1133=VERTEX_POINT('',#863);
#1134=VERTEX_POINT('',#872);
#1135=CARTESIAN_POINT('',(1.E1,-4.244574054399E0,3.194651156191E1));
#1136=CARTESIAN_POINT('',(1.E1,-3.497733445117E-1,2.935798451959E1));
#1137=VERTEX_POINT('',#1135);
#1138=VERTEX_POINT('',#1136);
#1139=CARTESIAN_POINT('',(1.1E1,-5.645718403591E0,3.172301119434E1));
#1140=CARTESIAN_POINT('',(1.1E1,-9.098056003363E-1,2.852864713528E1));
#1141=VERTEX_POINT('',#1139);
#1142=VERTEX_POINT('',#1140);
#1143=CARTESIAN_POINT('',(-1.1E1,-9.098056003363E-1,2.852864713528E1));
#1144=CARTESIAN_POINT('',(-1.1E1,-5.645718403591E0,3.172301119434E1));
#1145=VERTEX_POINT('',#1143);
#1146=VERTEX_POINT('',#1144);
#1147=CARTESIAN_POINT('',(-1.E1,-3.497733445117E-1,2.935798451959E1));
#1148=CARTESIAN_POINT('',(-1.E1,-4.244574053349E0,3.194651156116E1));
#1149=VERTEX_POINT('',#1147);
#1150=VERTEX_POINT('',#1148);
#1151=CARTESIAN_POINT('',(1.E1,-4.227421316948E0,3.197110917619E1));
#1152=VERTEX_POINT('',#1151);
#1153=CARTESIAN_POINT('',(-1.E1,-4.227421316948E0,3.197110917619E1));
#1154=VERTEX_POINT('',#1153);
#1155=CARTESIAN_POINT('',(-1.E1,1.486286873921E-1,4.013972022935E1));
#1156=CARTESIAN_POINT('',(1.E1,1.486286873921E-1,4.013972022935E1));
#1157=VERTEX_POINT('',#1155);
#1158=VERTEX_POINT('',#1156);
#1159=CARTESIAN_POINT('',(-1.E1,3.728356172760E-1,3.878351152141E1));
#1160=CARTESIAN_POINT('',(1.E1,3.728356172760E-1,3.878351152141E1));
#1161=VERTEX_POINT('',#1159);
#1162=VERTEX_POINT('',#1160);
#1163=VERTEX_POINT('',#555);
#1164=VERTEX_POINT('',#559);
#1165=CARTESIAN_POINT('',(1.000132681010E1,5.280066514819E0,3.769506977576E1));
#1166=VERTEX_POINT('',#1165);
#1167=CARTESIAN_POINT('',(-1.1E1,6.618523834923E0,3.799578266892E1));
#1168=CARTESIAN_POINT('',(1.1E1,6.618523834923E0,3.799578266892E1));
#1169=VERTEX_POINT('',#1167);
#1170=VERTEX_POINT('',#1168);
#1171=VERTEX_POINT('',#565);
#1172=VERTEX_POINT('',#817);
#1173=VERTEX_POINT('',#821);
#1174=VERTEX_POINT('',#827);
#1175=VERTEX_POINT('',#831);
#1176=CARTESIAN_POINT('',(1.1E1,7.288147616508E1,3.799578266892E1));
#1177=CARTESIAN_POINT('',(-1.1E1,7.288147616508E1,3.799578266892E1));
#1178=VERTEX_POINT('',#1176);
#1179=VERTEX_POINT('',#1177);
#1180=CARTESIAN_POINT('',(-1.E1,7.912716438272E1,3.878351152141E1));
#1181=CARTESIAN_POINT('',(1.E1,7.912716438272E1,3.878351152141E1));
#1182=VERTEX_POINT('',#1180);
#1183=VERTEX_POINT('',#1181);
#1184=CARTESIAN_POINT('',(-1.E1,7.935137131261E1,4.013972022935E1));
#1185=CARTESIAN_POINT('',(1.E1,7.935137131261E1,4.013972022935E1));
#1186=VERTEX_POINT('',#1184);
#1187=VERTEX_POINT('',#1185);
#1188=CARTESIAN_POINT('',(1.E1,8.372742131695E1,3.197110917619E1));
#1189=CARTESIAN_POINT('',(-1.E1,8.372742131695E1,3.197110917619E1));
#1190=VERTEX_POINT('',#1188);
#1191=VERTEX_POINT('',#1189);
#1192=CARTESIAN_POINT('',(1.1E1,8.514571840359E1,3.172301119434E1));
#1193=CARTESIAN_POINT('',(1.1E1,8.040980560034E1,2.852864713528E1));
#1194=VERTEX_POINT('',#1192);
#1195=VERTEX_POINT('',#1193);
#1196=CARTESIAN_POINT('',(1.E1,8.374457405715E1,3.194651156386E1));
#1197=CARTESIAN_POINT('',(1.E1,7.984977334451E1,2.935798451959E1));
#1198=VERTEX_POINT('',#1196);
#1199=VERTEX_POINT('',#1197);
#1200=CARTESIAN_POINT('',(-1.1E1,8.040980560034E1,2.852864713528E1));
#1201=CARTESIAN_POINT('',(-1.1E1,8.514571840359E1,3.172301119434E1));
#1202=VERTEX_POINT('',#1200);
#1203=VERTEX_POINT('',#1201);
#1204=CARTESIAN_POINT('',(-1.E1,7.984977334451E1,2.935798451959E1));
#1205=CARTESIAN_POINT('',(-1.E1,8.374457405715E1,3.194651156386E1));
#1206=VERTEX_POINT('',#1204);
#1207=VERTEX_POINT('',#1205);
#1208=CARTESIAN_POINT('',(-1.55E1,7.208450813096E-1,4.193997638500E1));
#1209=CARTESIAN_POINT('',(-1.55E1,1.575702964105E1,3.350835173812E1));
#1210=VERTEX_POINT('',#1208);
#1211=VERTEX_POINT('',#1209);
#1212=CARTESIAN_POINT('',(-1.65E1,1.203965450112E-1,4.114031298568E1));
#1213=CARTESIAN_POINT('',(-1.65E1,1.316687327085E1,3.350835174021E1));
#1214=VERTEX_POINT('',#1212);
#1215=VERTEX_POINT('',#1213);
#1216=VERTEX_POINT('',#102);
#1217=VERTEX_POINT('',#229);
#1218=CARTESIAN_POINT('',(-1.1E1,-3.759040496491E0,4.429992136454E1));
#1219=VERTEX_POINT('',#1218);
#1220=CARTESIAN_POINT('',(-1.100000000001E1,-2.359327828902E0,
4.440239779055E1));
#1221=VERTEX_POINT('',#1220);
#1222=CARTESIAN_POINT('',(-1.E1,-3.007163641654E0,4.364061779625E1));
#1223=VERTEX_POINT('',#1222);
#1224=CARTESIAN_POINT('',(-1.1E1,-4.388006602645E0,4.358264167664E1));
#1225=VERTEX_POINT('',#1224);
#1226=CARTESIAN_POINT('',(-1.E1,-3.589432759506E0,4.297659185425E1));
#1227=VERTEX_POINT('',#1226);
#1228=CARTESIAN_POINT('',(1.E1,-3.007163641661E0,4.364061779624E1));
#1229=CARTESIAN_POINT('',(1.E1,-3.589432759506E0,4.297659185425E1));
#1230=VERTEX_POINT('',#1228);
#1231=VERTEX_POINT('',#1229);
#1232=CARTESIAN_POINT('',(1.1E1,-3.759040496491E0,4.429992136454E1));
#1233=CARTESIAN_POINT('',(1.1E1,-4.388006602645E0,4.358264167664E1));
#1234=VERTEX_POINT('',#1232);
#1235=VERTEX_POINT('',#1233);
#1236=CARTESIAN_POINT('',(1.1E1,-2.359327828902E0,4.440239779055E1));
#1237=VERTEX_POINT('',#1236);
#1238=CARTESIAN_POINT('',(2.149999999706E1,-3.759040496493E0,4.429992136454E1));
#1239=VERTEX_POINT('',#1238);
#1240=CARTESIAN_POINT('',(2.149999999997E1,-2.359327828902E0,4.440239779055E1));
#1241=VERTEX_POINT('',#1240);
#1242=VERTEX_POINT('',#482);
#1243=VERTEX_POINT('',#196);
#1244=CARTESIAN_POINT('',(2.65E1,7.937960345590E1,4.114031298447E1));
#1245=VERTEX_POINT('',#1244);
#1246=CARTESIAN_POINT('',(2.55E1,7.877915491869E1,4.193997638500E1));
#1247=VERTEX_POINT('',#1246);
#1248=VERTEX_POINT('',#884);
#1249=VERTEX_POINT('',#180);
#1250=CARTESIAN_POINT('',(1.1E1,8.325904049649E1,4.429992136454E1));
#1251=VERTEX_POINT('',#1250);
#1252=CARTESIAN_POINT('',(1.100000000001E1,8.185932782890E1,4.440239779055E1));
#1253=VERTEX_POINT('',#1252);
#1254=CARTESIAN_POINT('',(1.E1,8.250716364165E1,4.364061779625E1));
#1255=VERTEX_POINT('',#1254);
#1256=CARTESIAN_POINT('',(1.1E1,8.388800660264E1,4.358264167664E1));
#1257=VERTEX_POINT('',#1256);
#1258=CARTESIAN_POINT('',(1.E1,8.308943275951E1,4.297659185425E1));
#1259=VERTEX_POINT('',#1258);
#1260=CARTESIAN_POINT('',(-1.E1,8.250716364166E1,4.364061779624E1));
#1261=CARTESIAN_POINT('',(-1.E1,8.308943275951E1,4.297659185425E1));
#1262=VERTEX_POINT('',#1260);
#1263=VERTEX_POINT('',#1261);
#1264=CARTESIAN_POINT('',(-1.1E1,8.325904049649E1,4.429992136454E1));
#1265=CARTESIAN_POINT('',(-1.1E1,8.388800660264E1,4.358264167664E1));
#1266=VERTEX_POINT('',#1264);
#1267=VERTEX_POINT('',#1265);
#1268=CARTESIAN_POINT('',(-1.1E1,8.185932782890E1,4.440239779055E1));
#1269=VERTEX_POINT('',#1268);
#1270=CARTESIAN_POINT('',(-1.149999999706E1,8.325904049649E1,4.429992136454E1));
#1271=VERTEX_POINT('',#1270);
#1272=CARTESIAN_POINT('',(-1.149999999997E1,8.185932782890E1,4.440239779055E1));
#1273=VERTEX_POINT('',#1272);
#1274=VERTEX_POINT('',#1033);
#1275=VERTEX_POINT('',#147);
#1276=CARTESIAN_POINT('',(-1.65E1,6.633312672930E1,3.350835173988E1));
#1277=VERTEX_POINT('',#1276);
#1278=CARTESIAN_POINT('',(-1.55E1,6.374297035937E1,3.350835173829E1));
#1279=VERTEX_POINT('',#1278);
#1280=CARTESIAN_POINT('',(-2.85E1,1.5E1,1.91E1));
#1281=VERTEX_POINT('',#1280);
#1282=CARTESIAN_POINT('',(-2.85E1,6.45E1,1.91E1));
#1283=VERTEX_POINT('',#1282);
#1284=CARTESIAN_POINT('',(-2.85E1,0.E0,1.91E1));
#1285=CARTESIAN_POINT('',(2.6E1,0.E0,1.91E1));
#1286=VERTEX_POINT('',#1284);
#1287=VERTEX_POINT('',#1285);
#1288=CARTESIAN_POINT('',(2.65E1,1.5E1,1.91E1));
#1289=VERTEX_POINT('',#1288);
#1290=CARTESIAN_POINT('',(-2.85E1,7.95E1,1.91E1));
#1291=CARTESIAN_POINT('',(2.65E1,7.95E1,1.91E1));
#1292=VERTEX_POINT('',#1290);
#1293=VERTEX_POINT('',#1291);
#1294=CARTESIAN_POINT('',(2.65E1,6.45E1,1.91E1));
#1295=VERTEX_POINT('',#1294);
#1296=CARTESIAN_POINT('',(2.65E1,5.E-1,1.91E1));
#1297=VERTEX_POINT('',#1296);
#1298=CARTESIAN_POINT('',(2.65E1,1.255E1,2.600835173882E1));
#1299=CARTESIAN_POINT('',(2.65E1,2.45E0,2.600835173882E1));
#1300=VERTEX_POINT('',#1298);
#1301=VERTEX_POINT('',#1299);
#1302=CARTESIAN_POINT('',(2.65E1,7.705E1,2.600835173882E1));
#1303=CARTESIAN_POINT('',(2.65E1,6.695E1,2.600835173882E1));
#1304=VERTEX_POINT('',#1302);
#1305=VERTEX_POINT('',#1303);
#1306=CARTESIAN_POINT('',(0.E0,0.E0,0.E0));
#1307=DIRECTION('',(0.E0,1.E0,0.E0));
#1308=DIRECTION('',(1.E0,0.E0,0.E0));
#1309=AXIS2_PLACEMENT_3D('',#1306,#1307,#1308);
#1310=PLANE('',#1309);
#1312=ORIENTED_EDGE('',*,*,#1311,.F.);
#1314=ORIENTED_EDGE('',*,*,#1313,.T.);
#1316=ORIENTED_EDGE('',*,*,#1315,.T.);
#1318=ORIENTED_EDGE('',*,*,#1317,.T.);
#1320=ORIENTED_EDGE('',*,*,#1319,.T.);
#1322=ORIENTED_EDGE('',*,*,#1321,.T.);
#1323=EDGE_LOOP('',(#1312,#1314,#1316,#1318,#1320,#1322));
#1324=FACE_OUTER_BOUND('',#1323,.F.);
#1326=CARTESIAN_POINT('',(4.E1,8.384E1,1.91E1));
#1327=DIRECTION('',(0.E0,0.E0,1.E0));
#1328=DIRECTION('',(0.E0,-1.E0,0.E0));
#1329=AXIS2_PLACEMENT_3D('',#1326,#1327,#1328);
#1330=PLANE('',#1329);
#1331=ORIENTED_EDGE('',*,*,#1311,.T.);
#1333=ORIENTED_EDGE('',*,*,#1332,.F.);
#1335=ORIENTED_EDGE('',*,*,#1334,.F.);
#1337=ORIENTED_EDGE('',*,*,#1336,.F.);
#1339=ORIENTED_EDGE('',*,*,#1338,.F.);
#1340=EDGE_LOOP('',(#1331,#1333,#1335,#1337,#1339));
#1341=FACE_OUTER_BOUND('',#1340,.F.);
#1343=CARTESIAN_POINT('',(4.E1,8.384E1,1.91E1));
#1344=DIRECTION('',(0.E0,0.E0,1.E0));
#1345=DIRECTION('',(0.E0,-1.E0,0.E0));
#1346=AXIS2_PLACEMENT_3D('',#1343,#1344,#1345);
#1347=PLANE('',#1346);
#1349=ORIENTED_EDGE('',*,*,#1348,.F.);
#1351=ORIENTED_EDGE('',*,*,#1350,.F.);
#1353=ORIENTED_EDGE('',*,*,#1352,.T.);
#1355=ORIENTED_EDGE('',*,*,#1354,.F.);
#1356=EDGE_LOOP('',(#1349,#1351,#1353,#1355));
#1357=FACE_OUTER_BOUND('',#1356,.F.);
#1359=CARTESIAN_POINT('',(2.6E1,5.E-1,2.619671918756E2));
#1360=DIRECTION('',(0.E0,0.E0,-1.E0));
#1361=DIRECTION('',(1.E0,0.E0,0.E0));
#1362=AXIS2_PLACEMENT_3D('',#1359,#1360,#1361);
#1363=CYLINDRICAL_SURFACE('',#1362,5.E-1);
#1364=ORIENTED_EDGE('',*,*,#1332,.T.);
#1365=ORIENTED_EDGE('',*,*,#1321,.F.);
#1367=ORIENTED_EDGE('',*,*,#1366,.T.);
#1369=ORIENTED_EDGE('',*,*,#1368,.T.);
#1370=EDGE_LOOP('',(#1364,#1365,#1367,#1369));
#1371=FACE_OUTER_BOUND('',#1370,.F.);
#1373=CARTESIAN_POINT('',(2.65E1,3.975E1,9.391809742004E1));
#1374=DIRECTION('',(1.E0,0.E0,0.E0));
#1375=DIRECTION('',(0.E0,-1.E0,0.E0));
#1376=AXIS2_PLACEMENT_3D('',#1373,#1374,#1375);
#1377=CYLINDRICAL_SURFACE('',#1376,7.7E1);
#1379=ORIENTED_EDGE('',*,*,#1378,.F.);
#1381=ORIENTED_EDGE('',*,*,#1380,.F.);
#1383=ORIENTED_EDGE('',*,*,#1382,.F.);
#1385=ORIENTED_EDGE('',*,*,#1384,.T.);
#1386=ORIENTED_EDGE('',*,*,#1366,.F.);
#1387=ORIENTED_EDGE('',*,*,#1319,.F.);
#1389=ORIENTED_EDGE('',*,*,#1388,.F.);
#1390=EDGE_LOOP('',(#1379,#1381,#1383,#1385,#1386,#1387,#1389));
#1391=FACE_OUTER_BOUND('',#1390,.F.);
#1393=ORIENTED_EDGE('',*,*,#1392,.F.);
#1395=ORIENTED_EDGE('',*,*,#1394,.F.);
#1397=ORIENTED_EDGE('',*,*,#1396,.F.);
#1399=ORIENTED_EDGE('',*,*,#1398,.F.);
#1400=EDGE_LOOP('',(#1393,#1395,#1397,#1399));
#1401=FACE_BOUND('',#1400,.F.);
#1403=CARTESIAN_POINT('',(-1.15E1,-1.538339806771E2,-1.344309086814E2));
#1404=DIRECTION('',(0.E0,6.593035682907E-1,7.518768548367E-1));
#1405=DIRECTION('',(-1.E0,0.E0,0.E0));
#1406=AXIS2_PLACEMENT_3D('',#1403,#1404,#1405);
#1407=CYLINDRICAL_SURFACE('',#1406,5.E0);
#1409=ORIENTED_EDGE('',*,*,#1408,.F.);
#1411=ORIENTED_EDGE('',*,*,#1410,.F.);
#1412=ORIENTED_EDGE('',*,*,#1378,.T.);
#1414=ORIENTED_EDGE('',*,*,#1413,.T.);
#1415=EDGE_LOOP('',(#1409,#1411,#1412,#1414));
#1416=FACE_OUTER_BOUND('',#1415,.F.);
#1418=CARTESIAN_POINT('',(-1.132729067130E1,-3.914619806241E0,
4.405378848679E1));
#1419=CARTESIAN_POINT('',(-1.138480785507E1,-3.916149092407E0,
4.405512297215E1));
#1420=CARTESIAN_POINT('',(-1.183628655121E1,-3.922123015603E0,
4.406033470936E1));
#1421=CARTESIAN_POINT('',(-1.266844310966E1,-3.846792947893E0,
4.399459916985E1));
#1422=CARTESIAN_POINT('',(-1.375816409193E1,-3.541896311233E0,
4.373075585509E1));
#1423=CARTESIAN_POINT('',(-1.471266108456E1,-3.061390942378E0,
4.332130674229E1));
#1424=CARTESIAN_POINT('',(-1.547720924409E1,-2.440180378350E0,
4.280347990005E1));
#1425=CARTESIAN_POINT('',(-1.602704907389E1,-1.726410775820E0,
4.222395662220E1));
#1426=CARTESIAN_POINT('',(-1.637841931952E1,-9.267899007107E-1,
4.159282877581E1));
#1427=CARTESIAN_POINT('',(-1.646867816642E1,-3.034295984527E-1,
4.111641952198E1));
#1428=CARTESIAN_POINT('',(-1.646097309167E1,4.934654458563E-2,
4.085223853808E1));
#1429=CARTESIAN_POINT('',(-1.645893657677E1,9.580945423111E-2,
4.081753818409E1));
#1430=CARTESIAN_POINT('',(-1.131887983666E1,-3.547222988278E0,
4.485858941243E1));
#1431=CARTESIAN_POINT('',(-1.137919807940E1,-3.548807773678E0,
4.485997887843E1));
#1432=CARTESIAN_POINT('',(-1.185266349351E1,-3.554999042337E0,
4.486540631285E1));
#1433=CARTESIAN_POINT('',(-1.272534478340E1,-3.476954823047E0,
4.479696716543E1));
#1434=CARTESIAN_POINT('',(-1.386813910938E1,-3.161039603469E0,
4.452231613622E1));
#1435=CARTESIAN_POINT('',(-1.486913108575E1,-2.663043297720E0,
4.409620117502E1));
#1436=CARTESIAN_POINT('',(-1.567092272154E1,-2.019003884597E0,
4.355750250313E1));
#1437=CARTESIAN_POINT('',(-1.624753384001E1,-1.278738683223E0,
4.295492213529E1));
#1438=CARTESIAN_POINT('',(-1.661598820461E1,-4.491630532949E-1,
4.229907517249E1));
#1439=CARTESIAN_POINT('',(-1.671062443905E1,1.977497550742E-1,
4.180437782493E1));
#1440=CARTESIAN_POINT('',(-1.670254380872E1,5.639164735807E-1,
4.153019314525E1));
#1441=CARTESIAN_POINT('',(-1.670040824641E1,6.121439100903E-1,
4.149418106726E1));
#1442=CARTESIAN_POINT('',(-1.134065713782E1,-2.665659365640E0,
4.493015461282E1));
#1443=CARTESIAN_POINT('',(-1.139372288930E1,-2.667047315787E0,
4.493135641419E1));
#1444=CARTESIAN_POINT('',(-1.181026037656E1,-2.672468351723E0,
4.493604857283E1));
#1445=CARTESIAN_POINT('',(-1.257801518536E1,-2.604072212292E0,
4.487684223350E1));
#1446=CARTESIAN_POINT('',(-1.358339221090E1,-2.327287761683E0,
4.463914273083E1));
#1447=CARTESIAN_POINT('',(-1.446399955156E1,-1.891266086512E0,
4.427011358804E1));
#1448=CARTESIAN_POINT('',(-1.516936051974E1,-1.327873725179E0,
4.380311243624E1));
#1449=CARTESIAN_POINT('',(-1.567665551903E1,-6.809158277932E-1,
4.328004006486E1));
#1450=CARTESIAN_POINT('',(-1.600087574752E1,4.346861116967E-2,
4.270983155157E1));
#1451=CARTESIAN_POINT('',(-1.608417806675E1,6.078903842717E-1,
4.227887756615E1));
#1452=CARTESIAN_POINT('',(-1.607706982349E1,9.272237339572E-1,
4.203970637695E1));
#1453=CARTESIAN_POINT('',(-1.607519071436E1,9.692807241747E-1,
4.200828783867E1));
#1454=CARTESIAN_POINT('',(-1.137028414311E1,-2.174207599693E0,
4.419507488420E1));
#1455=CARTESIAN_POINT('',(-1.141348321757E1,-2.175348287160E0,
4.419603887580E1));
#1456=CARTESIAN_POINT('',(-1.175257290826E1,-2.179801591311E0,
4.419979900713E1));
#1457=CARTESIAN_POINT('',(-1.237758012004E1,-2.123519083556E0,
4.415229118424E1));
#1458=CARTESIAN_POINT('',(-1.319600730009E1,-1.895875711684E0,
4.396139880141E1));
#1459=CARTESIAN_POINT('',(-1.391283694338E1,-1.537722718520E0,
4.366465040884E1));
#1460=CARTESIAN_POINT('',(-1.448700847360E1,-1.075728244804E0,
4.328837119397E1));
#1461=CARTESIAN_POINT('',(-1.490000211691E1,-5.461690232963E-1,
4.286581524550E1));
#1462=CARTESIAN_POINT('',(-1.516404386069E1,4.577990610621E-2,
4.240375767273E1));
#1463=CARTESIAN_POINT('',(-1.523192691548E1,5.062836645791E-1,
4.205319268324E1));
#1464=CARTESIAN_POINT('',(-1.522614155958E1,7.665998141731E-1,
4.185813649607E1));
#1465=CARTESIAN_POINT('',(-1.522461134308E1,8.008808236462E-1,
4.183250486086E1));
#1466=(BOUNDED_SURFACE()B_SPLINE_SURFACE(3,3,((#1418,#1419,#1420,#1421,#1422,
#1423,#1424,#1425,#1426,#1427,#1428,#1429),(#1430,#1431,#1432,#1433,#1434,#1435,
#1436,#1437,#1438,#1439,#1440,#1441),(#1442,#1443,#1444,#1445,#1446,#1447,#1448,
#1449,#1450,#1451,#1452,#1453),(#1454,#1455,#1456,#1457,#1458,#1459,#1460,#1461,
#1462,#1463,#1464,#1465)),.UNSPECIFIED.,.F.,.F.,.F.)B_SPLINE_SURFACE_WITH_KNOTS(
(4,4),(4,1,1,1,1,1,1,1,1,4),(0.E0,1.E0),(-2.224084762795E-2,0.E0,
1.521381572299E-1,2.980322586347E-1,4.447228107707E-1,5.892387577884E-1,
7.224890502361E-1,8.531847831439E-1,1.E0,1.022276871557E0),.UNSPECIFIED.)GEOMETRIC_REPRESENTATION_ITEM()RATIONAL_B_SPLINE_SURFACE(((1.344884438408E0,
1.344884438408E0,1.344884438408E0,1.344884438408E0,1.344884438408E0,
1.344884438408E0,1.344884438408E0,1.344884438408E0,1.344884438408E0,
1.344884438408E0,1.344884438408E0,1.344884438408E0),(8.850385205308E-1,
8.850385205308E-1,8.850385205308E-1,8.850385205308E-1,8.850385205308E-1,
8.850385205308E-1,8.850385205308E-1,8.850385205308E-1,8.850385205308E-1,
8.850385205308E-1,8.850385205308E-1,8.850385205308E-1),(8.850385205308E-1,
8.850385205308E-1,8.850385205308E-1,8.850385205308E-1,8.850385205308E-1,
8.850385205308E-1,8.850385205308E-1,8.850385205308E-1,8.850385205308E-1,
8.850385205308E-1,8.850385205308E-1,8.850385205308E-1),(1.344884438408E0,
1.344884438408E0,1.344884438408E0,1.344884438408E0,1.344884438408E0,
1.344884438408E0,1.344884438408E0,1.344884438408E0,1.344884438408E0,
1.344884438408E0,1.344884438408E0,1.344884438408E0)))REPRESENTATION_ITEM('')SURFACE());
#1467=ORIENTED_EDGE('',*,*,#1408,.T.);
#1469=ORIENTED_EDGE('',*,*,#1468,.T.);
#1471=ORIENTED_EDGE('',*,*,#1470,.F.);
#1473=ORIENTED_EDGE('',*,*,#1472,.F.);
#1474=EDGE_LOOP('',(#1467,#1469,#1471,#1473));
#1475=FACE_OUTER_BOUND('',#1474,.F.);
#1477=CARTESIAN_POINT('',(-1.55E1,3.975E1,9.391809742004E1));
#1478=DIRECTION('',(-1.E0,0.E0,0.E0));
#1479=DIRECTION('',(0.E0,-6.220632235391E-1,-7.829670145799E-1));
#1480=AXIS2_PLACEMENT_3D('',#1477,#1478,#1479);
#1481=TOROIDAL_SURFACE('',#1480,6.599999999848E1,1.E0);
#1483=ORIENTED_EDGE('',*,*,#1482,.F.);
#1484=ORIENTED_EDGE('',*,*,#1468,.F.);
#1486=ORIENTED_EDGE('',*,*,#1485,.T.);
#1488=ORIENTED_EDGE('',*,*,#1487,.T.);
#1489=EDGE_LOOP('',(#1483,#1484,#1486,#1488));
#1490=FACE_OUTER_BOUND('',#1489,.F.);
#1492=CARTESIAN_POINT('',(-2.65E1,3.975E1,9.391809742004E1));
#1493=DIRECTION('',(-1.E0,0.E0,0.E0));
#1494=DIRECTION('',(0.E0,1.E0,0.E0));
#1495=AXIS2_PLACEMENT_3D('',#1492,#1493,#1494);
#1496=CYLINDRICAL_SURFACE('',#1495,6.5E1);
#1497=ORIENTED_EDGE('',*,*,#1482,.T.);
#1499=ORIENTED_EDGE('',*,*,#1498,.F.);
#1501=ORIENTED_EDGE('',*,*,#1500,.F.);
#1503=ORIENTED_EDGE('',*,*,#1502,.F.);
#1505=ORIENTED_EDGE('',*,*,#1504,.T.);
#1507=ORIENTED_EDGE('',*,*,#1506,.T.);
#1509=ORIENTED_EDGE('',*,*,#1508,.T.);
#1511=ORIENTED_EDGE('',*,*,#1510,.F.);
#1513=ORIENTED_EDGE('',*,*,#1512,.F.);
#1515=ORIENTED_EDGE('',*,*,#1514,.F.);
#1517=ORIENTED_EDGE('',*,*,#1516,.T.);
#1519=ORIENTED_EDGE('',*,*,#1518,.T.);
#1521=ORIENTED_EDGE('',*,*,#1520,.T.);
#1523=ORIENTED_EDGE('',*,*,#1522,.T.);
#1525=ORIENTED_EDGE('',*,*,#1524,.T.);
#1527=ORIENTED_EDGE('',*,*,#1526,.F.);
#1529=ORIENTED_EDGE('',*,*,#1528,.F.);
#1531=ORIENTED_EDGE('',*,*,#1530,.F.);
#1533=ORIENTED_EDGE('',*,*,#1532,.T.);
#1534=ORIENTED_EDGE('',*,*,#1470,.T.);
#1535=EDGE_LOOP('',(#1497,#1499,#1501,#1503,#1505,#1507,#1509,#1511,#1513,#1515,
#1517,#1519,#1521,#1523,#1525,#1527,#1529,#1531,#1533,#1534));
#1536=FACE_OUTER_BOUND('',#1535,.F.);
#1538=CARTESIAN_POINT('',(-2.65E1,0.E0,3.350835173882E1));
#1539=DIRECTION('',(0.E0,0.E0,1.E0));
#1540=DIRECTION('',(0.E0,1.E0,0.E0));
#1541=AXIS2_PLACEMENT_3D('',#1538,#1539,#1540);
#1542=PLANE('',#1541);
#1543=ORIENTED_EDGE('',*,*,#1498,.T.);
#1544=ORIENTED_EDGE('',*,*,#1487,.F.);
#1546=ORIENTED_EDGE('',*,*,#1545,.F.);
#1548=ORIENTED_EDGE('',*,*,#1547,.F.);
#1550=ORIENTED_EDGE('',*,*,#1549,.T.);
#1552=ORIENTED_EDGE('',*,*,#1551,.F.);
#1554=ORIENTED_EDGE('',*,*,#1553,.T.);
#1555=EDGE_LOOP('',(#1543,#1544,#1546,#1548,#1550,#1552,#1554));
#1556=FACE_OUTER_BOUND('',#1555,.F.);
#1558=CARTESIAN_POINT('',(-2.65E1,0.E0,3.350835173882E1));
#1559=DIRECTION('',(0.E0,0.E0,1.E0));
#1560=DIRECTION('',(0.E0,1.E0,0.E0));
#1561=AXIS2_PLACEMENT_3D('',#1558,#1559,#1560);
#1562=PLANE('',#1561);
#1564=ORIENTED_EDGE('',*,*,#1563,.F.);
#1566=ORIENTED_EDGE('',*,*,#1565,.F.);
#1567=ORIENTED_EDGE('',*,*,#1502,.T.);
#1569=ORIENTED_EDGE('',*,*,#1568,.T.);
#1571=ORIENTED_EDGE('',*,*,#1570,.T.);
#1573=ORIENTED_EDGE('',*,*,#1572,.T.);
#1575=ORIENTED_EDGE('',*,*,#1574,.T.);
#1576=EDGE_LOOP('',(#1564,#1566,#1567,#1569,#1571,#1573,#1575));
#1577=FACE_OUTER_BOUND('',#1576,.F.);
#1579=CARTESIAN_POINT('',(-1.65E1,0.E0,0.E0));
#1580=DIRECTION('',(-1.E0,0.E0,0.E0));
#1581=DIRECTION('',(0.E0,1.E0,0.E0));
#1582=AXIS2_PLACEMENT_3D('',#1579,#1580,#1581);
#1583=PLANE('',#1582);
#1584=ORIENTED_EDGE('',*,*,#1485,.F.);
#1585=ORIENTED_EDGE('',*,*,#1413,.F.);
#1586=ORIENTED_EDGE('',*,*,#1388,.T.);
#1587=ORIENTED_EDGE('',*,*,#1317,.F.);
#1589=ORIENTED_EDGE('',*,*,#1588,.F.);
#1590=ORIENTED_EDGE('',*,*,#1545,.T.);
#1591=EDGE_LOOP('',(#1584,#1585,#1586,#1587,#1589,#1590));
#1592=FACE_OUTER_BOUND('',#1591,.F.);
#1594=CARTESIAN_POINT('',(-1.65E1,0.E0,0.E0));
#1595=DIRECTION('',(-1.E0,0.E0,0.E0));
#1596=DIRECTION('',(0.E0,1.E0,0.E0));
#1597=AXIS2_PLACEMENT_3D('',#1594,#1595,#1596);
#1598=PLANE('',#1597);
#1600=ORIENTED_EDGE('',*,*,#1599,.F.);
#1601=ORIENTED_EDGE('',*,*,#1563,.T.);
#1603=ORIENTED_EDGE('',*,*,#1602,.T.);
#1605=ORIENTED_EDGE('',*,*,#1604,.T.);
#1607=ORIENTED_EDGE('',*,*,#1606,.F.);
#1608=EDGE_LOOP('',(#1600,#1601,#1603,#1605,#1607));
#1609=FACE_OUTER_BOUND('',#1608,.F.);
#1611=CARTESIAN_POINT('',(-1.00198E2,5.E-1,3.300835173882E1));
#1612=DIRECTION('',(1.E0,0.E0,0.E0));
#1613=DIRECTION('',(0.E0,0.E0,1.E0));
#1614=AXIS2_PLACEMENT_3D('',#1611,#1612,#1613);
#1615=CYLINDRICAL_SURFACE('',#1614,5.E-1);
#1616=ORIENTED_EDGE('',*,*,#1588,.T.);
#1617=ORIENTED_EDGE('',*,*,#1315,.F.);
#1619=ORIENTED_EDGE('',*,*,#1618,.T.);
#1620=ORIENTED_EDGE('',*,*,#1547,.T.);
#1621=EDGE_LOOP('',(#1616,#1617,#1619,#1620));
#1622=FACE_OUTER_BOUND('',#1621,.F.);
#1624=CARTESIAN_POINT('',(-2.85E1,0.E0,0.E0));
#1625=DIRECTION('',(-1.E0,0.E0,0.E0));
#1626=DIRECTION('',(0.E0,1.E0,0.E0));
#1627=AXIS2_PLACEMENT_3D('',#1624,#1625,#1626);
#1628=PLANE('',#1627);
#1630=ORIENTED_EDGE('',*,*,#1629,.F.);
#1631=ORIENTED_EDGE('',*,*,#1549,.F.);
#1632=ORIENTED_EDGE('',*,*,#1618,.F.);
#1633=ORIENTED_EDGE('',*,*,#1313,.F.);
#1634=ORIENTED_EDGE('',*,*,#1338,.T.);
#1635=EDGE_LOOP('',(#1630,#1631,#1632,#1633,#1634));
#1636=FACE_OUTER_BOUND('',#1635,.F.);
#1638=ORIENTED_EDGE('',*,*,#1637,.T.);
#1640=ORIENTED_EDGE('',*,*,#1639,.T.);
#1641=EDGE_LOOP('',(#1638,#1640));
#1642=FACE_BOUND('',#1641,.F.);
#1644=CARTESIAN_POINT('',(-2.85E1,0.E0,0.E0));
#1645=DIRECTION('',(-1.E0,0.E0,0.E0));
#1646=DIRECTION('',(0.E0,1.E0,0.E0));
#1647=AXIS2_PLACEMENT_3D('',#1644,#1645,#1646);
#1648=PLANE('',#1647);
#1650=ORIENTED_EDGE('',*,*,#1649,.F.);
#1651=ORIENTED_EDGE('',*,*,#1350,.T.);
#1653=ORIENTED_EDGE('',*,*,#1652,.F.);
#1654=ORIENTED_EDGE('',*,*,#1572,.F.);
#1655=EDGE_LOOP('',(#1650,#1651,#1653,#1654));
#1656=FACE_OUTER_BOUND('',#1655,.F.);
#1658=ORIENTED_EDGE('',*,*,#1657,.T.);
#1660=ORIENTED_EDGE('',*,*,#1659,.T.);
#1661=EDGE_LOOP('',(#1658,#1660));
#1662=FACE_BOUND('',#1661,.F.);
#1664=CARTESIAN_POINT('',(-2.85E1,7.5E0,2.600835173882E1));
#1665=DIRECTION('',(-1.E0,0.E0,0.E0));
#1666=DIRECTION('',(0.E0,1.E0,0.E0));
#1667=AXIS2_PLACEMENT_3D('',#1664,#1665,#1666);
#1668=CYLINDRICAL_SURFACE('',#1667,5.05E0);
#1670=ORIENTED_EDGE('',*,*,#1669,.F.);
#1672=ORIENTED_EDGE('',*,*,#1671,.T.);
#1674=ORIENTED_EDGE('',*,*,#1673,.F.);
#1675=ORIENTED_EDGE('',*,*,#1637,.F.);
#1676=EDGE_LOOP('',(#1670,#1672,#1674,#1675));
#1677=FACE_OUTER_BOUND('',#1676,.F.);
#1679=CARTESIAN_POINT('',(-2.85E1,7.5E0,2.600835173882E1));
#1680=DIRECTION('',(-1.E0,0.E0,0.E0));
#1681=DIRECTION('',(0.E0,1.E0,0.E0));
#1682=AXIS2_PLACEMENT_3D('',#1679,#1680,#1681);
#1683=CYLINDRICAL_SURFACE('',#1682,5.05E0);
#1684=ORIENTED_EDGE('',*,*,#1673,.T.);
#1686=ORIENTED_EDGE('',*,*,#1685,.T.);
#1687=ORIENTED_EDGE('',*,*,#1669,.T.);
#1688=ORIENTED_EDGE('',*,*,#1639,.F.);
#1689=EDGE_LOOP('',(#1684,#1686,#1687,#1688));
#1690=FACE_OUTER_BOUND('',#1689,.F.);
#1692=CARTESIAN_POINT('',(2.65E1,0.E0,3.2E1));
#1693=DIRECTION('',(1.E0,0.E0,0.E0));
#1694=DIRECTION('',(0.E0,0.E0,-1.E0));
#1695=AXIS2_PLACEMENT_3D('',#1692,#1693,#1694);
#1696=PLANE('',#1695);
#1697=ORIENTED_EDGE('',*,*,#1354,.T.);
#1699=ORIENTED_EDGE('',*,*,#1698,.T.);
#1701=ORIENTED_EDGE('',*,*,#1700,.T.);
#1703=ORIENTED_EDGE('',*,*,#1702,.T.);
#1704=ORIENTED_EDGE('',*,*,#1334,.T.);
#1705=ORIENTED_EDGE('',*,*,#1368,.F.);
#1706=ORIENTED_EDGE('',*,*,#1384,.F.);
#1708=ORIENTED_EDGE('',*,*,#1707,.F.);
#1710=ORIENTED_EDGE('',*,*,#1709,.F.);
#1712=ORIENTED_EDGE('',*,*,#1711,.F.);
#1714=ORIENTED_EDGE('',*,*,#1713,.F.);
#1716=ORIENTED_EDGE('',*,*,#1715,.T.);
#1717=EDGE_LOOP('',(#1697,#1699,#1701,#1703,#1704,#1705,#1706,#1708,#1710,#1712,
#1714,#1716));
#1718=FACE_OUTER_BOUND('',#1717,.F.);
#1719=ORIENTED_EDGE('',*,*,#1671,.F.);
#1720=ORIENTED_EDGE('',*,*,#1685,.F.);
#1721=EDGE_LOOP('',(#1719,#1720));
#1722=FACE_BOUND('',#1721,.F.);
#1724=ORIENTED_EDGE('',*,*,#1723,.F.);
#1726=ORIENTED_EDGE('',*,*,#1725,.F.);
#1727=EDGE_LOOP('',(#1724,#1726));
#1728=FACE_BOUND('',#1727,.F.);
#1730=CARTESIAN_POINT('',(0.E0,6.45E1,0.E0));
#1731=DIRECTION('',(0.E0,1.E0,0.E0));
#1732=DIRECTION('',(1.E0,0.E0,0.E0));
#1733=AXIS2_PLACEMENT_3D('',#1730,#1731,#1732);
#1734=PLANE('',#1733);
#1735=ORIENTED_EDGE('',*,*,#1649,.T.);
#1736=ORIENTED_EDGE('',*,*,#1570,.F.);
#1738=ORIENTED_EDGE('',*,*,#1737,.T.);
#1740=ORIENTED_EDGE('',*,*,#1739,.T.);
#1741=ORIENTED_EDGE('',*,*,#1698,.F.);
#1742=ORIENTED_EDGE('',*,*,#1352,.F.);
#1743=EDGE_LOOP('',(#1735,#1736,#1738,#1740,#1741,#1742));
#1744=FACE_OUTER_BOUND('',#1743,.F.);
#1746=CARTESIAN_POINT('',(-2.65E1,0.E0,0.E0));
#1747=DIRECTION('',(-1.E0,0.E0,0.E0));
#1748=DIRECTION('',(0.E0,0.E0,1.E0));
#1749=AXIS2_PLACEMENT_3D('',#1746,#1747,#1748);
#1750=PLANE('',#1749);
#1752=ORIENTED_EDGE('',*,*,#1751,.T.);
#1754=ORIENTED_EDGE('',*,*,#1753,.F.);
#1755=ORIENTED_EDGE('',*,*,#1737,.F.);
#1756=ORIENTED_EDGE('',*,*,#1568,.F.);
#1757=ORIENTED_EDGE('',*,*,#1500,.T.);
#1758=ORIENTED_EDGE('',*,*,#1553,.F.);
#1759=EDGE_LOOP('',(#1752,#1754,#1755,#1756,#1757,#1758));
#1760=FACE_OUTER_BOUND('',#1759,.F.);
#1762=CARTESIAN_POINT('',(0.E0,1.5E1,0.E0));
#1763=DIRECTION('',(0.E0,1.E0,0.E0));
#1764=DIRECTION('',(1.E0,0.E0,0.E0));
#1765=AXIS2_PLACEMENT_3D('',#1762,#1763,#1764);
#1766=PLANE('',#1765);
#1767=ORIENTED_EDGE('',*,*,#1629,.T.);
#1768=ORIENTED_EDGE('',*,*,#1336,.T.);
#1769=ORIENTED_EDGE('',*,*,#1702,.F.);
#1771=ORIENTED_EDGE('',*,*,#1770,.F.);
#1772=ORIENTED_EDGE('',*,*,#1751,.F.);
#1773=ORIENTED_EDGE('',*,*,#1551,.T.);
#1774=EDGE_LOOP('',(#1767,#1768,#1769,#1771,#1772,#1773));
#1775=FACE_OUTER_BOUND('',#1774,.F.);
#1777=CARTESIAN_POINT('',(-2.65E1,7.95E1,2.098614884068E1));
#1778=DIRECTION('',(0.E0,0.E0,-1.E0));
#1779=DIRECTION('',(0.E0,-1.E0,0.E0));
#1780=AXIS2_PLACEMENT_3D('',#1777,#1778,#1779);
#1781=PLANE('',#1780);
#1782=ORIENTED_EDGE('',*,*,#1739,.F.);
#1783=ORIENTED_EDGE('',*,*,#1753,.T.);
#1784=ORIENTED_EDGE('',*,*,#1770,.T.);
#1785=ORIENTED_EDGE('',*,*,#1700,.F.);
#1786=EDGE_LOOP('',(#1782,#1783,#1784,#1785));
#1787=FACE_OUTER_BOUND('',#1786,.F.);
#1789=CARTESIAN_POINT('',(2.15E1,1.470363900064E2,2.086848863834E2));
#1790=DIRECTION('',(0.E0,-6.593035682907E-1,-7.518768548367E-1));
#1791=DIRECTION('',(1.E0,0.E0,0.E0));
#1792=AXIS2_PLACEMENT_3D('',#1789,#1790,#1791);
#1793=CYLINDRICAL_SURFACE('',#1792,5.E0);
#1795=ORIENTED_EDGE('',*,*,#1794,.F.);
#1796=ORIENTED_EDGE('',*,*,#1707,.T.);
#1797=ORIENTED_EDGE('',*,*,#1382,.T.);
#1799=ORIENTED_EDGE('',*,*,#1798,.F.);
#1800=EDGE_LOOP('',(#1795,#1796,#1797,#1799));
#1801=FACE_OUTER_BOUND('',#1800,.F.);
#1803=CARTESIAN_POINT('',(2.645893701600E1,9.592850845301E-2,4.081744989578E1));
#1804=CARTESIAN_POINT('',(2.646097439180E1,4.942391935765E-2,4.085218138947E1));
#1805=CARTESIAN_POINT('',(2.646883413883E1,-3.107410668266E-1,
4.112189601445E1));
#1806=CARTESIAN_POINT('',(2.637112201124E1,-9.698670735379E-1,
4.162585289274E1));
#1807=CARTESIAN_POINT('',(2.597603236632E1,-1.822747725593E0,4.230070808821E1));
#1808=CARTESIAN_POINT('',(2.535419816003E1,-2.564610521196E0,4.290605036980E1));
#1809=CARTESIAN_POINT('',(2.455226036768E1,-3.156518851606E0,4.340192219928E1));
#1810=CARTESIAN_POINT('',(2.363439075087E1,-3.581452219561E0,4.376494821814E1));
#1811=CARTESIAN_POINT('',(2.261332886112E1,-3.852508716054E0,4.399959112737E1));
#1812=CARTESIAN_POINT('',(2.182675841389E1,-3.921995015519E0,4.406022411353E1));
#1813=CARTESIAN_POINT('',(2.138498680419E1,-3.916149112271E0,4.405512403970E1));
#1814=CARTESIAN_POINT('',(2.132756274394E1,-3.914622759680E0,4.405379213364E1));
#1815=CARTESIAN_POINT('',(2.670040765105E1,6.122672653258E-1,4.149408919622E1));
#1816=CARTESIAN_POINT('',(2.670254418380E1,5.639965691499E-1,4.153013357518E1));
#1817=CARTESIAN_POINT('',(2.671078746024E1,1.901605727203E-1,4.181006134598E1));
#1818=CARTESIAN_POINT('',(2.660833611529E1,-4.938667810624E-1,
4.233336925362E1));
#1819=CARTESIAN_POINT('',(2.619403461772E1,-1.378674739588E0,4.303469577127E1));
#1820=CARTESIAN_POINT('',(2.554191934669E1,-2.148027316355E0,4.366418495087E1));
#1821=CARTESIAN_POINT('',(2.470091599486E1,-2.761642286997E0,4.418008949285E1));
#1822=CARTESIAN_POINT('',(2.373833702023E1,-3.202025446415E0,4.455790771879E1));
#1823=CARTESIAN_POINT('',(2.266754635872E1,-3.482876020705E0,4.480216367430E1));
#1824=CARTESIAN_POINT('',(2.184267126692E1,-3.554865653907E0,4.486529005831E1));
#1825=CARTESIAN_POINT('',(2.137938576902E1,-3.548807433087E0,4.485997922797E1));
#1826=CARTESIAN_POINT('',(2.131916519865E1,-3.547225747507E0,4.485859249591E1));
#1827=CARTESIAN_POINT('',(2.607519064804E1,9.693879218302E-1,4.200820718762E1));
#1828=CARTESIAN_POINT('',(2.607707044311E1,9.272932185335E-1,4.203965392988E1));
#1829=CARTESIAN_POINT('',(2.608432068324E1,6.012715768867E-1,4.228383492224E1));
#1830=CARTESIAN_POINT('',(2.599414014413E1,4.462419661153E-3,4.273970016994E1));
#1831=CARTESIAN_POINT('',(2.562958207366E1,-7.682025479583E-1,
4.334935853916E1));
#1832=CARTESIAN_POINT('',(2.505587069030E1,-1.440693179061E0,4.389564535260E1));
#1833=CARTESIAN_POINT('',(2.431601608482E1,-1.977575127995E0,4.434278081855E1));
#1834=CARTESIAN_POINT('',(2.346919880807E1,-2.363195396793E0,4.466994678276E1));
#1835=CARTESIAN_POINT('',(2.252716613671E1,-2.609261981437E0,4.488133712591E1));
#1836=CARTESIAN_POINT('',(2.180146962649E1,-2.672352609999E0,4.493594819836E1));
#1837=CARTESIAN_POINT('',(2.139388799792E1,-2.667047219423E0,4.493135611724E1));
#1838=CARTESIAN_POINT('',(2.134090816587E1,-2.665661846958E0,4.493015657018E1));
#1839=CARTESIAN_POINT('',(2.522461236436E1,8.009682431561E-1,4.183243910367E1));
#1840=CARTESIAN_POINT('',(2.522614287990E1,7.666565090577E-1,4.185809378675E1));
#1841=CARTESIAN_POINT('',(2.523204214090E1,5.008882467733E-1,4.205723590708E1));
#1842=CARTESIAN_POINT('',(2.515855545517E1,1.395136729947E-2,4.242804519449E1));
#1843=CARTESIAN_POINT('',(2.486167097425E1,-6.175327815931E-1,
4.292192601653E1));
#1844=CARTESIAN_POINT('',(2.439462438710E1,-1.168167432785E0,4.336300735971E1));
#1845=CARTESIAN_POINT('',(2.379237788671E1,-1.608586824422E0,4.372311294259E1));
#1846=CARTESIAN_POINT('',(2.310304894735E1,-1.925405432923E0,4.398613954522E1));
#1847=CARTESIAN_POINT('',(2.233618545685E1,-2.127790195129E0,4.415589804578E1));
#1848=CARTESIAN_POINT('',(2.174541673536E1,-2.179707777253E0,4.419971981452E1));
#1849=CARTESIAN_POINT('',(2.141361759725E1,-2.175348137053E0,4.419603871983E1));
#1850=CARTESIAN_POINT('',(2.137048844863E1,-2.174209352484E0,4.419507636073E1));
#1851=(BOUNDED_SURFACE()B_SPLINE_SURFACE(3,3,((#1803,#1804,#1805,#1806,#1807,
#1808,#1809,#1810,#1811,#1812,#1813,#1814),(#1815,#1816,#1817,#1818,#1819,#1820,
#1821,#1822,#1823,#1824,#1825,#1826),(#1827,#1828,#1829,#1830,#1831,#1832,#1833,
#1834,#1835,#1836,#1837,#1838),(#1839,#1840,#1841,#1842,#1843,#1844,#1845,#1846,
#1847,#1848,#1849,#1850)),.UNSPECIFIED.,.F.,.F.,.F.)B_SPLINE_SURFACE_WITH_KNOTS(
(4,4),(4,1,1,1,1,1,1,1,1,4),(0.E0,1.E0),(-2.229214833600E-2,0.E0,
1.503139415651E-1,2.947579950372E-1,4.403714308351E-1,5.850813591809E-1,
7.194937331904E-1,8.515527880823E-1,1.E0,1.022209402500E0),.UNSPECIFIED.)GEOMETRIC_REPRESENTATION_ITEM()RATIONAL_B_SPLINE_SURFACE(((1.344884103985E0,
1.344884103985E0,1.344884103985E0,1.344884103985E0,1.344884103985E0,
1.344884103985E0,1.344884103985E0,1.344884103985E0,1.344884103985E0,
1.344884103985E0,1.344884103985E0,1.344884103985E0),(8.850386320050E-1,
8.850386320050E-1,8.850386320050E-1,8.850386320050E-1,8.850386320050E-1,
8.850386320050E-1,8.850386320050E-1,8.850386320050E-1,8.850386320050E-1,
8.850386320050E-1,8.850386320050E-1,8.850386320050E-1),(8.850386320050E-1,
8.850386320050E-1,8.850386320050E-1,8.850386320050E-1,8.850386320050E-1,
8.850386320050E-1,8.850386320050E-1,8.850386320050E-1,8.850386320050E-1,
8.850386320050E-1,8.850386320050E-1,8.850386320050E-1),(1.344884103985E0,
1.344884103985E0,1.344884103985E0,1.344884103985E0,1.344884103985E0,
1.344884103985E0,1.344884103985E0,1.344884103985E0,1.344884103985E0,
1.344884103985E0,1.344884103985E0,1.344884103985E0)))REPRESENTATION_ITEM('')SURFACE());
#1852=ORIENTED_EDGE('',*,*,#1794,.T.);
#1854=ORIENTED_EDGE('',*,*,#1853,.T.);
#1855=ORIENTED_EDGE('',*,*,#1522,.F.);
#1857=ORIENTED_EDGE('',*,*,#1856,.F.);
#1858=EDGE_LOOP('',(#1852,#1854,#1855,#1857));
#1859=FACE_OUTER_BOUND('',#1858,.F.);
#1861=CARTESIAN_POINT('',(2.186068891169E1,-3.007163641654E0,4.364061779625E1));
#1862=DIRECTION('',(-1.E0,0.E0,0.E0));
#1863=DIRECTION('',(0.E0,-7.518768548367E-1,6.593035682907E-1));
#1864=AXIS2_PLACEMENT_3D('',#1861,#1862,#1863);
#1865=CYLINDRICAL_SURFACE('',#1864,1.E0);
#1867=ORIENTED_EDGE('',*,*,#1866,.T.);
#1869=ORIENTED_EDGE('',*,*,#1868,.T.);
#1870=ORIENTED_EDGE('',*,*,#1524,.F.);
#1871=ORIENTED_EDGE('',*,*,#1853,.F.);
#1872=EDGE_LOOP('',(#1867,#1869,#1870,#1871));
#1873=FACE_OUTER_BOUND('',#1872,.F.);
#1875=CARTESIAN_POINT('',(2.65E1,-3.104731938893E0,4.504610185565E1));
#1876=DIRECTION('',(0.E0,-7.518768548367E-1,6.593035682907E-1));
#1877=DIRECTION('',(0.E0,-6.593035682907E-1,-7.518768548367E-1));
#1878=AXIS2_PLACEMENT_3D('',#1875,#1876,#1877);
#1879=PLANE('',#1878);
#1881=ORIENTED_EDGE('',*,*,#1880,.F.);
#1883=ORIENTED_EDGE('',*,*,#1882,.F.);
#1885=ORIENTED_EDGE('',*,*,#1884,.F.);
#1887=ORIENTED_EDGE('',*,*,#1886,.F.);
#1888=ORIENTED_EDGE('',*,*,#1866,.F.);
#1889=ORIENTED_EDGE('',*,*,#1798,.T.);
#1890=ORIENTED_EDGE('',*,*,#1380,.T.);
#1891=ORIENTED_EDGE('',*,*,#1410,.T.);
#1892=EDGE_LOOP('',(#1881,#1883,#1885,#1887,#1888,#1889,#1890,#1891));
#1893=FACE_OUTER_BOUND('',#1892,.F.);
#1895=CARTESIAN_POINT('',(2.186068891169E1,-3.007163641654E0,4.364061779625E1));
#1896=DIRECTION('',(-1.E0,0.E0,0.E0));
#1897=DIRECTION('',(0.E0,-7.518768548367E-1,6.593035682907E-1));
#1898=AXIS2_PLACEMENT_3D('',#1895,#1896,#1897);
#1899=CYLINDRICAL_SURFACE('',#1898,1.E0);
#1900=ORIENTED_EDGE('',*,*,#1880,.T.);
#1901=ORIENTED_EDGE('',*,*,#1472,.T.);
#1902=ORIENTED_EDGE('',*,*,#1532,.F.);
#1904=ORIENTED_EDGE('',*,*,#1903,.F.);
#1905=EDGE_LOOP('',(#1900,#1901,#1902,#1904));
#1906=FACE_OUTER_BOUND('',#1905,.F.);
#1908=CARTESIAN_POINT('',(-1.1E1,-3.007163641654E0,4.364061779625E1));
#1909=DIRECTION('',(7.071067812031E-1,-4.580890962818E-1,-5.386597997292E-1));
#1910=DIRECTION('',(7.071067811700E-1,4.580890963034E-1,5.386597997543E-1));
#1911=AXIS2_PLACEMENT_3D('',#1908,#1909,#1910);
#1912=SPHERICAL_SURFACE('',#1911,1.E0);
#1914=ORIENTED_EDGE('',*,*,#1913,.F.);
#1916=ORIENTED_EDGE('',*,*,#1915,.F.);
#1917=ORIENTED_EDGE('',*,*,#1903,.T.);
#1918=EDGE_LOOP('',(#1914,#1916,#1917));
#1919=FACE_OUTER_BOUND('',#1918,.F.);
#1921=CARTESIAN_POINT('',(-1.1E1,3.975E1,9.391809742004E1));
#1922=DIRECTION('',(-1.E0,0.E0,0.E0));
#1923=DIRECTION('',(0.E0,-1.087730577646E-3,9.999994084209E-1));
#1924=AXIS2_PLACEMENT_3D('',#1921,#1922,#1923);
#1925=TOROIDAL_SURFACE('',#1924,6.6E1,1.E0);
#1926=ORIENTED_EDGE('',*,*,#1913,.T.);
#1927=ORIENTED_EDGE('',*,*,#1530,.T.);
#1929=ORIENTED_EDGE('',*,*,#1928,.F.);
#1931=ORIENTED_EDGE('',*,*,#1930,.T.);
#1933=ORIENTED_EDGE('',*,*,#1932,.F.);
#1934=EDGE_LOOP('',(#1926,#1927,#1929,#1931,#1933));
#1935=FACE_OUTER_BOUND('',#1934,.F.);
#1937=CARTESIAN_POINT('',(-1.00198E2,6.108808816999E0,3.713543936506E1));
#1938=DIRECTION('',(1.E0,0.E0,0.E0));
#1939=DIRECTION('',(0.E0,5.097150179243E-1,8.603433038633E-1));
#1940=AXIS2_PLACEMENT_3D('',#1937,#1938,#1939);
#1941=CYLINDRICAL_SURFACE('',#1940,1.E0);
#1943=ORIENTED_EDGE('',*,*,#1942,.F.);
#1944=ORIENTED_EDGE('',*,*,#1928,.T.);
#1945=ORIENTED_EDGE('',*,*,#1528,.T.);
#1947=ORIENTED_EDGE('',*,*,#1946,.F.);
#1948=EDGE_LOOP('',(#1943,#1944,#1945,#1947));
#1949=FACE_OUTER_BOUND('',#1948,.F.);
#1951=CARTESIAN_POINT('',(-1.E1,-2.228654333879E0,2.657559791785E1));
#1952=DIRECTION('',(0.E0,8.287423021801E-1,-5.596304106973E-1));
#1953=DIRECTION('',(0.E0,5.596304106973E-1,8.287423021801E-1));
#1954=AXIS2_PLACEMENT_3D('',#1951,#1952,#1953);
#1955=PLANE('',#1954);
#1957=ORIENTED_EDGE('',*,*,#1956,.F.);
#1959=ORIENTED_EDGE('',*,*,#1958,.F.);
#1960=ORIENTED_EDGE('',*,*,#1398,.T.);
#1962=ORIENTED_EDGE('',*,*,#1961,.F.);
#1964=ORIENTED_EDGE('',*,*,#1963,.T.);
#1965=ORIENTED_EDGE('',*,*,#1930,.F.);
#1966=ORIENTED_EDGE('',*,*,#1942,.T.);
#1968=ORIENTED_EDGE('',*,*,#1967,.F.);
#1969=EDGE_LOOP('',(#1957,#1959,#1960,#1962,#1964,#1965,#1966,#1968));
#1970=FACE_OUTER_BOUND('',#1969,.F.);
#1972=CARTESIAN_POINT('',(1.E1,0.E0,0.E0));
#1973=DIRECTION('',(1.E0,0.E0,0.E0));
#1974=DIRECTION('',(0.E0,-1.E0,0.E0));
#1975=AXIS2_PLACEMENT_3D('',#1972,#1973,#1974);
#1976=PLANE('',#1975);
#1978=ORIENTED_EDGE('',*,*,#1977,.T.);
#1980=ORIENTED_EDGE('',*,*,#1979,.T.);
#1982=ORIENTED_EDGE('',*,*,#1981,.F.);
#1984=ORIENTED_EDGE('',*,*,#1983,.T.);
#1986=ORIENTED_EDGE('',*,*,#1985,.F.);
#1988=ORIENTED_EDGE('',*,*,#1987,.T.);
#1989=ORIENTED_EDGE('',*,*,#1956,.T.);
#1991=ORIENTED_EDGE('',*,*,#1990,.T.);
#1992=EDGE_LOOP('',(#1978,#1980,#1982,#1984,#1986,#1988,#1989,#1991));
#1993=FACE_OUTER_BOUND('',#1992,.F.);
#1995=CARTESIAN_POINT('',(1.E1,0.E0,0.E0));
#1996=DIRECTION('',(1.E0,0.E0,0.E0));
#1997=DIRECTION('',(0.E0,-1.E0,0.E0));
#1998=AXIS2_PLACEMENT_3D('',#1995,#1996,#1997);
#1999=PLANE('',#1998);
#2001=ORIENTED_EDGE('',*,*,#2000,.T.);
#2003=ORIENTED_EDGE('',*,*,#2002,.T.);
#2005=ORIENTED_EDGE('',*,*,#2004,.T.);
#2007=ORIENTED_EDGE('',*,*,#2006,.F.);
#2009=ORIENTED_EDGE('',*,*,#2008,.F.);
#2011=ORIENTED_EDGE('',*,*,#2010,.T.);
#2013=ORIENTED_EDGE('',*,*,#2012,.F.);
#2015=ORIENTED_EDGE('',*,*,#2014,.T.);
#2016=EDGE_LOOP('',(#2001,#2003,#2005,#2007,#2009,#2011,#2013,#2015));
#2017=FACE_OUTER_BOUND('',#2016,.F.);
#2019=CARTESIAN_POINT('',(1.1E1,-2.163785851011E0,4.460241486692E1));
#2020=DIRECTION('',(0.E0,-6.593035682907E-1,-7.518768548367E-1));
#2021=DIRECTION('',(0.E0,-7.518768548367E-1,6.593035682907E-1));
#2022=AXIS2_PLACEMENT_3D('',#2019,#2020,#2021);
#2023=CYLINDRICAL_SURFACE('',#2022,1.E0);
#2024=ORIENTED_EDGE('',*,*,#1977,.F.);
#2026=ORIENTED_EDGE('',*,*,#2025,.F.);
#2027=ORIENTED_EDGE('',*,*,#1886,.T.);
#2029=ORIENTED_EDGE('',*,*,#2028,.T.);
#2030=EDGE_LOOP('',(#2024,#2026,#2027,#2029));
#2031=FACE_OUTER_BOUND('',#2030,.F.);
#2033=CARTESIAN_POINT('',(1.1E1,-3.007163641654E0,4.364061779625E1));
#2034=DIRECTION('',(7.071067811702E-1,4.580890963036E-1,5.386597997538E-1));
#2035=DIRECTION('',(-7.071067812029E-1,4.580890962818E-1,5.386597997296E-1));
#2036=AXIS2_PLACEMENT_3D('',#2033,#2034,#2035);
#2037=SPHERICAL_SURFACE('',#2036,1.E0);
#2039=ORIENTED_EDGE('',*,*,#2038,.F.);
#2040=ORIENTED_EDGE('',*,*,#1868,.F.);
#2041=ORIENTED_EDGE('',*,*,#2025,.T.);
#2042=EDGE_LOOP('',(#2039,#2040,#2041));
#2043=FACE_OUTER_BOUND('',#2042,.F.);
#2045=CARTESIAN_POINT('',(1.1E1,3.975E1,9.391809742004E1));
#2046=DIRECTION('',(-1.E0,0.E0,0.E0));
#2047=DIRECTION('',(0.E0,9.333331978271E-4,9.999995644445E-1));
#2048=AXIS2_PLACEMENT_3D('',#2045,#2046,#2047);
#2049=TOROIDAL_SURFACE('',#2048,6.6E1,1.E0);
#2050=ORIENTED_EDGE('',*,*,#2038,.T.);
#2051=ORIENTED_EDGE('',*,*,#1990,.F.);
#2052=ORIENTED_EDGE('',*,*,#1967,.T.);
#2053=ORIENTED_EDGE('',*,*,#1946,.T.);
#2054=ORIENTED_EDGE('',*,*,#1526,.T.);
#2055=EDGE_LOOP('',(#2050,#2051,#2052,#2053,#2054));
#2056=FACE_OUTER_BOUND('',#2055,.F.);
#2058=CARTESIAN_POINT('',(-1.E1,-4.388006602645E0,4.358264167664E1));
#2059=DIRECTION('',(0.E0,-6.045353722962E-1,-7.965782972456E-1));
#2060=DIRECTION('',(0.E0,7.965782972456E-1,-6.045353722962E-1));
#2061=AXIS2_PLACEMENT_3D('',#2058,#2059,#2060);
#2062=PLANE('',#2061);
#2063=ORIENTED_EDGE('',*,*,#1979,.F.);
#2064=ORIENTED_EDGE('',*,*,#2028,.F.);
#2065=ORIENTED_EDGE('',*,*,#1884,.T.);
#2067=ORIENTED_EDGE('',*,*,#2066,.F.);
#2069=ORIENTED_EDGE('',*,*,#2068,.T.);
#2071=ORIENTED_EDGE('',*,*,#2070,.T.);
#2072=EDGE_LOOP('',(#2063,#2064,#2065,#2067,#2069,#2071));
#2073=FACE_OUTER_BOUND('',#2072,.F.);
#2075=CARTESIAN_POINT('',(-1.1E1,-1.542244946578E2,-1.288092470452E2));
#2076=DIRECTION('',(0.E0,6.593035682907E-1,7.518768548367E-1));
#2077=DIRECTION('',(0.E0,-7.518768548367E-1,6.593035682907E-1));
#2078=AXIS2_PLACEMENT_3D('',#2075,#2076,#2077);
#2079=CYLINDRICAL_SURFACE('',#2078,1.E0);
#2080=ORIENTED_EDGE('',*,*,#1882,.T.);
#2081=ORIENTED_EDGE('',*,*,#1915,.T.);
#2083=ORIENTED_EDGE('',*,*,#2082,.F.);
#2084=ORIENTED_EDGE('',*,*,#2066,.T.);
#2085=EDGE_LOOP('',(#2080,#2081,#2083,#2084));
#2086=FACE_OUTER_BOUND('',#2085,.F.);
#2088=CARTESIAN_POINT('',(-1.E1,0.E0,0.E0));
#2089=DIRECTION('',(1.E0,0.E0,0.E0));
#2090=DIRECTION('',(0.E0,-1.E0,0.E0));
#2091=AXIS2_PLACEMENT_3D('',#2088,#2089,#2090);
#2092=PLANE('',#2091);
#2093=ORIENTED_EDGE('',*,*,#2082,.T.);
#2094=ORIENTED_EDGE('',*,*,#1932,.T.);
#2095=ORIENTED_EDGE('',*,*,#1963,.F.);
#2097=ORIENTED_EDGE('',*,*,#2096,.T.);
#2099=ORIENTED_EDGE('',*,*,#2098,.F.);
#2101=ORIENTED_EDGE('',*,*,#2100,.F.);
#2103=ORIENTED_EDGE('',*,*,#2102,.F.);
#2104=ORIENTED_EDGE('',*,*,#2068,.F.);
#2105=EDGE_LOOP('',(#2093,#2094,#2095,#2097,#2099,#2101,#2103,#2104));
#2106=FACE_OUTER_BOUND('',#2105,.F.);
#2108=CARTESIAN_POINT('',(-1.E1,0.E0,0.E0));
#2109=DIRECTION('',(1.E0,0.E0,0.E0));
#2110=DIRECTION('',(0.E0,-1.E0,0.E0));
#2111=AXIS2_PLACEMENT_3D('',#2108,#2109,#2110);
#2112=PLANE('',#2111);
#2114=ORIENTED_EDGE('',*,*,#2113,.T.);
#2116=ORIENTED_EDGE('',*,*,#2115,.F.);
#2118=ORIENTED_EDGE('',*,*,#2117,.F.);
#2120=ORIENTED_EDGE('',*,*,#2119,.F.);
#2122=ORIENTED_EDGE('',*,*,#2121,.F.);
#2124=ORIENTED_EDGE('',*,*,#2123,.F.);
#2126=ORIENTED_EDGE('',*,*,#2125,.F.);
#2128=ORIENTED_EDGE('',*,*,#2127,.T.);
#2129=EDGE_LOOP('',(#2114,#2116,#2118,#2120,#2122,#2124,#2126,#2128));
#2130=FACE_OUTER_BOUND('',#2129,.F.);
#2132=CARTESIAN_POINT('',(-1.1E1,3.975E1,9.391809742004E1));
#2133=DIRECTION('',(1.E0,0.E0,0.E0));
#2134=DIRECTION('',(0.E0,5.879120106438E-1,8.089248838679E-1));
#2135=AXIS2_PLACEMENT_3D('',#2132,#2133,#2134);
#2136=TOROIDAL_SURFACE('',#2135,7.6E1,1.E0);
#2137=ORIENTED_EDGE('',*,*,#1396,.T.);
#2139=ORIENTED_EDGE('',*,*,#2138,.F.);
#2140=ORIENTED_EDGE('',*,*,#2096,.F.);
#2141=ORIENTED_EDGE('',*,*,#1961,.T.);
#2142=EDGE_LOOP('',(#2137,#2139,#2140,#2141));
#2143=FACE_OUTER_BOUND('',#2142,.F.);
#2145=CARTESIAN_POINT('',(-1.00198E2,-5.056163619129E0,3.253073958689E1));
#2146=DIRECTION('',(1.E0,0.E0,0.E0));
#2147=DIRECTION('',(0.E0,-5.895547844622E-1,-8.077283925415E-1));
#2148=AXIS2_PLACEMENT_3D('',#2145,#2146,#2147);
#2149=CYLINDRICAL_SURFACE('',#2148,1.E0);
#2150=ORIENTED_EDGE('',*,*,#1985,.T.);
#2152=ORIENTED_EDGE('',*,*,#2151,.F.);
#2153=ORIENTED_EDGE('',*,*,#2098,.T.);
#2154=ORIENTED_EDGE('',*,*,#2138,.T.);
#2155=ORIENTED_EDGE('',*,*,#1394,.T.);
#2157=ORIENTED_EDGE('',*,*,#2156,.F.);
#2158=EDGE_LOOP('',(#2150,#2152,#2153,#2154,#2155,#2157));
#2159=FACE_OUTER_BOUND('',#2158,.F.);
#2161=CARTESIAN_POINT('',(-1.E1,9.023740659193E-1,3.956769140983E1));
#2162=DIRECTION('',(0.E0,-8.287423021801E-1,5.596304106973E-1));
#2163=DIRECTION('',(0.E0,-5.596304106973E-1,-8.287423021801E-1));
#2164=AXIS2_PLACEMENT_3D('',#2161,#2162,#2163);
#2165=PLANE('',#2164);
#2166=ORIENTED_EDGE('',*,*,#2151,.T.);
#2167=ORIENTED_EDGE('',*,*,#1983,.F.);
#2169=ORIENTED_EDGE('',*,*,#2168,.F.);
#2170=ORIENTED_EDGE('',*,*,#2100,.T.);
#2171=EDGE_LOOP('',(#2166,#2167,#2169,#2170));
#2172=FACE_OUTER_BOUND('',#2171,.F.);
#2174=CARTESIAN_POINT('',(-1.00198E2,-4.559066849041E-1,3.934314193210E1));
#2175=DIRECTION('',(1.E0,0.E0,0.E0));
#2176=DIRECTION('',(0.E0,8.287423021801E-1,-5.596304106973E-1));
#2177=AXIS2_PLACEMENT_3D('',#2174,#2175,#2176);
#2178=CYLINDRICAL_SURFACE('',#2177,1.E0);
#2179=ORIENTED_EDGE('',*,*,#2070,.F.);
#2180=ORIENTED_EDGE('',*,*,#2102,.T.);
#2181=ORIENTED_EDGE('',*,*,#2168,.T.);
#2182=ORIENTED_EDGE('',*,*,#1981,.T.);
#2183=EDGE_LOOP('',(#2179,#2180,#2181,#2182));
#2184=FACE_OUTER_BOUND('',#2183,.F.);
#2186=CARTESIAN_POINT('',(1.1E1,3.975E1,9.391809742004E1));
#2187=DIRECTION('',(1.E0,0.E0,0.E0));
#2188=DIRECTION('',(0.E0,5.862759219721E-1,8.101114388254E-1));
#2189=AXIS2_PLACEMENT_3D('',#2186,#2187,#2188);
#2190=TOROIDAL_SURFACE('',#2189,7.6E1,1.E0);
#2191=ORIENTED_EDGE('',*,*,#1987,.F.);
#2192=ORIENTED_EDGE('',*,*,#2156,.T.);
#2193=ORIENTED_EDGE('',*,*,#1392,.T.);
#2194=ORIENTED_EDGE('',*,*,#1958,.T.);
#2195=EDGE_LOOP('',(#2191,#2192,#2193,#2194));
#2196=FACE_OUTER_BOUND('',#2195,.F.);
#2198=CARTESIAN_POINT('',(-1.1E1,8.166378585101E1,4.460241486692E1));
#2199=DIRECTION('',(0.E0,6.593035682907E-1,-7.518768548367E-1));
#2200=DIRECTION('',(0.E0,7.518768548367E-1,6.593035682907E-1));
#2201=AXIS2_PLACEMENT_3D('',#2198,#2199,#2200);
#2202=CYLINDRICAL_SURFACE('',#2201,1.E0);
#2203=ORIENTED_EDGE('',*,*,#2113,.F.);
#2205=ORIENTED_EDGE('',*,*,#2204,.F.);
#2207=ORIENTED_EDGE('',*,*,#2206,.T.);
#2209=ORIENTED_EDGE('',*,*,#2208,.T.);
#2210=EDGE_LOOP('',(#2203,#2205,#2207,#2209));
#2211=FACE_OUTER_BOUND('',#2210,.F.);
#2213=CARTESIAN_POINT('',(-1.1E1,8.250716364165E1,4.364061779625E1));
#2214=DIRECTION('',(-7.071067811707E-1,-4.580890963033E-1,5.386597997535E-1));
#2215=DIRECTION('',(7.071067812024E-1,-4.580890962821E-1,5.386597997299E-1));
#2216=AXIS2_PLACEMENT_3D('',#2213,#2214,#2215);
#2217=SPHERICAL_SURFACE('',#2216,1.E0);
#2219=ORIENTED_EDGE('',*,*,#2218,.F.);
#2221=ORIENTED_EDGE('',*,*,#2220,.F.);
#2222=ORIENTED_EDGE('',*,*,#2204,.T.);
#2223=EDGE_LOOP('',(#2219,#2221,#2222));
#2224=FACE_OUTER_BOUND('',#2223,.F.);
#2226=CARTESIAN_POINT('',(-1.1E1,3.975E1,9.391809742004E1));
#2227=DIRECTION('',(-1.E0,0.E0,0.E0));
#2228=DIRECTION('',(0.E0,-1.087730577646E-3,9.999994084209E-1));
#2229=AXIS2_PLACEMENT_3D('',#2226,#2227,#2228);
#2230=TOROIDAL_SURFACE('',#2229,6.6E1,1.E0);
#2231=ORIENTED_EDGE('',*,*,#2218,.T.);
#2232=ORIENTED_EDGE('',*,*,#2127,.F.);
#2234=ORIENTED_EDGE('',*,*,#2233,.T.);
#2236=ORIENTED_EDGE('',*,*,#2235,.T.);
#2237=ORIENTED_EDGE('',*,*,#1510,.T.);
#2238=EDGE_LOOP('',(#2231,#2232,#2234,#2236,#2237));
#2239=FACE_OUTER_BOUND('',#2238,.F.);
#2241=CARTESIAN_POINT('',(-1.E1,7.208916392731E1,4.085047168932E1));
#2242=DIRECTION('',(0.E0,-8.287423021801E-1,-5.596304106973E-1));
#2243=DIRECTION('',(0.E0,5.596304106973E-1,-8.287423021801E-1));
#2244=AXIS2_PLACEMENT_3D('',#2241,#2242,#2243);
#2245=PLANE('',#2244);
#2246=ORIENTED_EDGE('',*,*,#2125,.T.);
#2248=ORIENTED_EDGE('',*,*,#2247,.F.);
#2250=ORIENTED_EDGE('',*,*,#2249,.T.);
#2252=ORIENTED_EDGE('',*,*,#2251,.F.);
#2253=ORIENTED_EDGE('',*,*,#2004,.F.);
#2255=ORIENTED_EDGE('',*,*,#2254,.F.);
#2257=ORIENTED_EDGE('',*,*,#2256,.T.);
#2258=ORIENTED_EDGE('',*,*,#2233,.F.);
#2259=EDGE_LOOP('',(#2246,#2248,#2250,#2252,#2253,#2255,#2257,#2258));
#2260=FACE_OUTER_BOUND('',#2259,.F.);
#2262=CARTESIAN_POINT('',(-1.1E1,3.975E1,9.391809742004E1));
#2263=DIRECTION('',(1.E0,0.E0,0.E0));
#2264=DIRECTION('',(0.E0,-5.912886509101E-1,8.064599998170E-1));
#2265=AXIS2_PLACEMENT_3D('',#2262,#2263,#2264);
#2266=TOROIDAL_SURFACE('',#2265,7.6E1,1.E0);
#2268=ORIENTED_EDGE('',*,*,#2267,.F.);
#2269=ORIENTED_EDGE('',*,*,#2247,.T.);
#2270=ORIENTED_EDGE('',*,*,#2123,.T.);
#2272=ORIENTED_EDGE('',*,*,#2271,.T.);
#2273=EDGE_LOOP('',(#2268,#2269,#2270,#2272));
#2274=FACE_OUTER_BOUND('',#2273,.F.);
#2276=CARTESIAN_POINT('',(2.65E1,3.975E1,9.391809742004E1));
#2277=DIRECTION('',(1.E0,0.E0,0.E0));
#2278=DIRECTION('',(0.E0,-1.E0,0.E0));
#2279=AXIS2_PLACEMENT_3D('',#2276,#2277,#2278);
#2280=CYLINDRICAL_SURFACE('',#2279,7.7E1);
#2282=ORIENTED_EDGE('',*,*,#2281,.F.);
#2284=ORIENTED_EDGE('',*,*,#2283,.T.);
#2286=ORIENTED_EDGE('',*,*,#2285,.F.);
#2287=ORIENTED_EDGE('',*,*,#1604,.F.);
#2289=ORIENTED_EDGE('',*,*,#2288,.T.);
#2290=ORIENTED_EDGE('',*,*,#1713,.T.);
#2291=EDGE_LOOP('',(#2282,#2284,#2286,#2287,#2289,#2290));
#2292=FACE_OUTER_BOUND('',#2291,.F.);
#2294=ORIENTED_EDGE('',*,*,#2293,.T.);
#2295=ORIENTED_EDGE('',*,*,#2249,.F.);
#2296=ORIENTED_EDGE('',*,*,#2267,.T.);
#2298=ORIENTED_EDGE('',*,*,#2297,.F.);
#2299=EDGE_LOOP('',(#2294,#2295,#2296,#2298));
#2300=FACE_BOUND('',#2299,.F.);
#2302=CARTESIAN_POINT('',(2.15E1,2.664396359405E2,-1.721849527271E2));
#2303=DIRECTION('',(0.E0,-6.593035682907E-1,7.518768548367E-1));
#2304=DIRECTION('',(1.E0,0.E0,0.E0));
#2305=AXIS2_PLACEMENT_3D('',#2302,#2303,#2304);
#2306=CYLINDRICAL_SURFACE('',#2305,5.E0);
#2308=ORIENTED_EDGE('',*,*,#2307,.F.);
#2310=ORIENTED_EDGE('',*,*,#2309,.F.);
#2311=ORIENTED_EDGE('',*,*,#2281,.T.);
#2312=ORIENTED_EDGE('',*,*,#1711,.T.);
#2313=EDGE_LOOP('',(#2308,#2310,#2311,#2312));
#2314=FACE_OUTER_BOUND('',#2313,.F.);
#2316=CARTESIAN_POINT('',(2.132729067130E1,8.341461980624E1,4.405378848679E1));
#2317=CARTESIAN_POINT('',(2.138480785507E1,8.341614909241E1,4.405512297215E1));
#2318=CARTESIAN_POINT('',(2.183628655121E1,8.342212301560E1,4.406033470936E1));
#2319=CARTESIAN_POINT('',(2.266844310966E1,8.334679294789E1,4.399459916985E1));
#2320=CARTESIAN_POINT('',(2.375816409193E1,8.304189631123E1,4.373075585509E1));
#2321=CARTESIAN_POINT('',(2.471266108456E1,8.256139094238E1,4.332130674229E1));
#2322=CARTESIAN_POINT('',(2.547720924409E1,8.194018037835E1,4.280347990005E1));
#2323=CARTESIAN_POINT('',(2.602704907389E1,8.122641077582E1,4.222395662220E1));
#2324=CARTESIAN_POINT('',(2.637841931952E1,8.042678990071E1,4.159282877581E1));
#2325=CARTESIAN_POINT('',(2.646867816638E1,7.980342959875E1,4.111641952221E1));
#2326=CARTESIAN_POINT('',(2.646097309168E1,7.945065345602E1,4.085223853853E1));
#2327=CARTESIAN_POINT('',(2.645893657681E1,7.940419054667E1,4.081753818476E1));
#2328=CARTESIAN_POINT('',(2.131887983666E1,8.304722298828E1,4.485858941243E1));
#2329=CARTESIAN_POINT('',(2.137919807940E1,8.304880777368E1,4.485997887843E1));
#2330=CARTESIAN_POINT('',(2.185266349351E1,8.305499904234E1,4.486540631285E1));
#2331=CARTESIAN_POINT('',(2.272534478340E1,8.297695482305E1,4.479696716543E1));
#2332=CARTESIAN_POINT('',(2.386813910938E1,8.266103960347E1,4.452231613622E1));
#2333=CARTESIAN_POINT('',(2.486913108575E1,8.216304329772E1,4.409620117502E1));
#2334=CARTESIAN_POINT('',(2.567092272154E1,8.151900388460E1,4.355750250313E1));
#2335=CARTESIAN_POINT('',(2.624753384001E1,8.077873868322E1,4.295492213529E1));
#2336=CARTESIAN_POINT('',(2.661598820461E1,7.994916305329E1,4.229907517249E1));
#2337=CARTESIAN_POINT('',(2.671062443900E1,7.930225024524E1,4.180437782517E1));
#2338=CARTESIAN_POINT('',(2.670254380874E1,7.893608352704E1,4.153019314572E1));
#2339=CARTESIAN_POINT('',(2.670040824645E1,7.888785609085E1,4.149418106796E1));
#2340=CARTESIAN_POINT('',(2.134065713782E1,8.216565936564E1,4.493015461282E1));
#2341=CARTESIAN_POINT('',(2.139372288930E1,8.216704731579E1,4.493135641419E1));
#2342=CARTESIAN_POINT('',(2.181026037656E1,8.217246835172E1,4.493604857283E1));
#2343=CARTESIAN_POINT('',(2.257801518536E1,8.210407221229E1,4.487684223350E1));
#2344=CARTESIAN_POINT('',(2.358339221090E1,8.182728776168E1,4.463914273083E1));
#2345=CARTESIAN_POINT('',(2.446399955156E1,8.139126608651E1,4.427011358804E1));
#2346=CARTESIAN_POINT('',(2.516936051974E1,8.082787372518E1,4.380311243624E1));
#2347=CARTESIAN_POINT('',(2.567665551903E1,8.018091582779E1,4.328004006486E1));
#2348=CARTESIAN_POINT('',(2.600087574752E1,7.945653138883E1,4.270983155157E1));
#2349=CARTESIAN_POINT('',(2.608417806671E1,7.889210961600E1,4.227887756636E1));
#2350=CARTESIAN_POINT('',(2.607706982350E1,7.857277626659E1,4.203970637736E1));
#2351=CARTESIAN_POINT('',(2.607519071440E1,7.853071927664E1,4.200828783928E1));
#2352=CARTESIAN_POINT('',(2.137028414311E1,8.167420759969E1,4.419507488420E1));
#2353=CARTESIAN_POINT('',(2.141348321757E1,8.167534828716E1,4.419603887580E1));
#2354=CARTESIAN_POINT('',(2.175257290826E1,8.167980159131E1,4.419979900713E1));
#2355=CARTESIAN_POINT('',(2.237758012004E1,8.162351908356E1,4.415229118424E1));
#2356=CARTESIAN_POINT('',(2.319600730009E1,8.139587571168E1,4.396139880141E1));
#2357=CARTESIAN_POINT('',(2.391283694338E1,8.103772271852E1,4.366465040884E1));
#2358=CARTESIAN_POINT('',(2.448700847360E1,8.057572824480E1,4.328837119397E1));
#2359=CARTESIAN_POINT('',(2.490000211691E1,8.004616902330E1,4.286581524550E1));
#2360=CARTESIAN_POINT('',(2.516404386069E1,7.945422009389E1,4.240375767273E1));
#2361=CARTESIAN_POINT('',(2.523192691544E1,7.899371633564E1,4.205319268341E1));
#2362=CARTESIAN_POINT('',(2.522614155959E1,7.873340018627E1,4.185813649640E1));
#2363=CARTESIAN_POINT('',(2.522461134311E1,7.869911917702E1,4.183250486136E1));
#2364=(BOUNDED_SURFACE()B_SPLINE_SURFACE(3,3,((#2316,#2317,#2318,#2319,#2320,
#2321,#2322,#2323,#2324,#2325,#2326,#2327),(#2328,#2329,#2330,#2331,#2332,#2333,
#2334,#2335,#2336,#2337,#2338,#2339),(#2340,#2341,#2342,#2343,#2344,#2345,#2346,
#2347,#2348,#2349,#2350,#2351),(#2352,#2353,#2354,#2355,#2356,#2357,#2358,#2359,
#2360,#2361,#2362,#2363)),.UNSPECIFIED.,.F.,.F.,.F.)B_SPLINE_SURFACE_WITH_KNOTS(
(4,4),(4,1,1,1,1,1,1,1,1,4),(0.E0,1.E0),(-2.224084762781E-2,0.E0,
1.521381572299E-1,2.980322586347E-1,4.447228107707E-1,5.892387577884E-1,
7.224890502361E-1,8.531847831439E-1,1.E0,1.022276871412E0),.UNSPECIFIED.)GEOMETRIC_REPRESENTATION_ITEM()RATIONAL_B_SPLINE_SURFACE(((1.344884438408E0,
1.344884438408E0,1.344884438408E0,1.344884438408E0,1.344884438408E0,
1.344884438408E0,1.344884438408E0,1.344884438408E0,1.344884438408E0,
1.344884438408E0,1.344884438408E0,1.344884438408E0),(8.850385205308E-1,
8.850385205308E-1,8.850385205308E-1,8.850385205308E-1,8.850385205308E-1,
8.850385205308E-1,8.850385205308E-1,8.850385205308E-1,8.850385205308E-1,
8.850385205308E-1,8.850385205308E-1,8.850385205308E-1),(8.850385205308E-1,
8.850385205308E-1,8.850385205308E-1,8.850385205308E-1,8.850385205308E-1,
8.850385205308E-1,8.850385205308E-1,8.850385205308E-1,8.850385205308E-1,
8.850385205308E-1,8.850385205308E-1,8.850385205308E-1),(1.344884438408E0,
1.344884438408E0,1.344884438408E0,1.344884438408E0,1.344884438408E0,
1.344884438408E0,1.344884438408E0,1.344884438408E0,1.344884438408E0,
1.344884438408E0,1.344884438408E0,1.344884438408E0)))REPRESENTATION_ITEM('')SURFACE());
#2365=ORIENTED_EDGE('',*,*,#2307,.T.);
#2367=ORIENTED_EDGE('',*,*,#2366,.T.);
#2368=ORIENTED_EDGE('',*,*,#1518,.F.);
#2370=ORIENTED_EDGE('',*,*,#2369,.F.);
#2371=EDGE_LOOP('',(#2365,#2367,#2368,#2370));
#2372=FACE_OUTER_BOUND('',#2371,.F.);
#2374=CARTESIAN_POINT('',(2.55E1,3.975E1,9.391809742004E1));
#2375=DIRECTION('',(-1.E0,0.E0,0.E0));
#2376=DIRECTION('',(0.E0,6.225139296621E-1,-7.826087192056E-1));
#2377=AXIS2_PLACEMENT_3D('',#2374,#2375,#2376);
#2378=TOROIDAL_SURFACE('',#2377,6.6E1,1.E0);
#2379=ORIENTED_EDGE('',*,*,#1709,.T.);
#2380=ORIENTED_EDGE('',*,*,#1856,.T.);
#2381=ORIENTED_EDGE('',*,*,#1520,.F.);
#2382=ORIENTED_EDGE('',*,*,#2366,.F.);
#2383=EDGE_LOOP('',(#2379,#2380,#2381,#2382));
#2384=FACE_OUTER_BOUND('',#2383,.F.);
#2386=CARTESIAN_POINT('',(-1.184760564058E1,8.250716364165E1,4.364061779625E1));
#2387=DIRECTION('',(1.E0,0.E0,0.E0));
#2388=DIRECTION('',(0.E0,7.518768548367E-1,6.593035682907E-1));
#2389=AXIS2_PLACEMENT_3D('',#2386,#2387,#2388);
#2390=CYLINDRICAL_SURFACE('',#2389,1.E0);
#2392=ORIENTED_EDGE('',*,*,#2391,.T.);
#2393=ORIENTED_EDGE('',*,*,#2369,.T.);
#2394=ORIENTED_EDGE('',*,*,#1516,.F.);
#2396=ORIENTED_EDGE('',*,*,#2395,.F.);
#2397=EDGE_LOOP('',(#2392,#2393,#2394,#2396));
#2398=FACE_OUTER_BOUND('',#2397,.F.);
#2400=CARTESIAN_POINT('',(2.65E1,9.051637475838E1,3.602357959761E1));
#2401=DIRECTION('',(0.E0,7.518768548367E-1,6.593035682907E-1));
#2402=DIRECTION('',(0.E0,-6.593035682907E-1,7.518768548367E-1));
#2403=AXIS2_PLACEMENT_3D('',#2400,#2401,#2402);
#2404=PLANE('',#2403);
#2405=ORIENTED_EDGE('',*,*,#2391,.F.);
#2407=ORIENTED_EDGE('',*,*,#2406,.F.);
#2409=ORIENTED_EDGE('',*,*,#2408,.F.);
#2410=ORIENTED_EDGE('',*,*,#2206,.F.);
#2412=ORIENTED_EDGE('',*,*,#2411,.F.);
#2414=ORIENTED_EDGE('',*,*,#2413,.T.);
#2415=ORIENTED_EDGE('',*,*,#2283,.F.);
#2416=ORIENTED_EDGE('',*,*,#2309,.T.);
#2417=EDGE_LOOP('',(#2405,#2407,#2409,#2410,#2412,#2414,#2415,#2416));
#2418=FACE_OUTER_BOUND('',#2417,.F.);
#2420=CARTESIAN_POINT('',(1.1E1,2.669459328954E2,-1.666953312356E2));
#2421=DIRECTION('',(0.E0,-6.593035682907E-1,7.518768548367E-1));
#2422=DIRECTION('',(0.E0,7.518768548367E-1,6.593035682907E-1));
#2423=AXIS2_PLACEMENT_3D('',#2420,#2421,#2422);
#2424=CYLINDRICAL_SURFACE('',#2423,1.E0);
#2425=ORIENTED_EDGE('',*,*,#2406,.T.);
#2427=ORIENTED_EDGE('',*,*,#2426,.T.);
#2428=ORIENTED_EDGE('',*,*,#2000,.F.);
#2430=ORIENTED_EDGE('',*,*,#2429,.T.);
#2431=EDGE_LOOP('',(#2425,#2427,#2428,#2430));
#2432=FACE_OUTER_BOUND('',#2431,.F.);
#2434=CARTESIAN_POINT('',(1.1E1,8.250716364165E1,4.364061779625E1));
#2435=DIRECTION('',(-7.071067812026E-1,4.580890962813E-1,-5.386597997303E-1));
#2436=DIRECTION('',(-7.071067811705E-1,-4.580890963021E-1,5.386597997547E-1));
#2437=AXIS2_PLACEMENT_3D('',#2434,#2435,#2436);
#2438=SPHERICAL_SURFACE('',#2437,1.E0);
#2440=ORIENTED_EDGE('',*,*,#2439,.F.);
#2441=ORIENTED_EDGE('',*,*,#2426,.F.);
#2442=ORIENTED_EDGE('',*,*,#2395,.T.);
#2443=EDGE_LOOP('',(#2440,#2441,#2442));
#2444=FACE_OUTER_BOUND('',#2443,.F.);
#2446=CARTESIAN_POINT('',(1.1E1,3.975E1,9.391809742004E1));
#2447=DIRECTION('',(-1.E0,0.E0,0.E0));
#2448=DIRECTION('',(0.E0,9.333331978271E-4,9.999995644445E-1));
#2449=AXIS2_PLACEMENT_3D('',#2446,#2447,#2448);
#2450=TOROIDAL_SURFACE('',#2449,6.6E1,1.E0);
#2451=ORIENTED_EDGE('',*,*,#2439,.T.);
#2452=ORIENTED_EDGE('',*,*,#1514,.T.);
#2454=ORIENTED_EDGE('',*,*,#2453,.F.);
#2455=ORIENTED_EDGE('',*,*,#2254,.T.);
#2456=ORIENTED_EDGE('',*,*,#2002,.F.);
#2457=EDGE_LOOP('',(#2451,#2452,#2454,#2455,#2456));
#2458=FACE_OUTER_BOUND('',#2457,.F.);
#2460=CARTESIAN_POINT('',(9.8198E1,7.339119118300E1,3.713543936506E1));
#2461=DIRECTION('',(-1.E0,0.E0,0.E0));
#2462=DIRECTION('',(0.E0,-5.097150179242E-1,8.603433038633E-1));
#2463=AXIS2_PLACEMENT_3D('',#2460,#2461,#2462);
#2464=CYLINDRICAL_SURFACE('',#2463,1.E0);
#2465=ORIENTED_EDGE('',*,*,#1512,.T.);
#2466=ORIENTED_EDGE('',*,*,#2235,.F.);
#2467=ORIENTED_EDGE('',*,*,#2256,.F.);
#2468=ORIENTED_EDGE('',*,*,#2453,.T.);
#2469=EDGE_LOOP('',(#2465,#2466,#2467,#2468));
#2470=FACE_OUTER_BOUND('',#2469,.F.);
#2472=CARTESIAN_POINT('',(-1.E1,7.859762593408E1,3.956769140983E1));
#2473=DIRECTION('',(0.E0,6.045353722962E-1,-7.965782972456E-1));
#2474=DIRECTION('',(0.E0,7.965782972456E-1,6.045353722962E-1));
#2475=AXIS2_PLACEMENT_3D('',#2472,#2473,#2474);
#2476=PLANE('',#2475);
#2477=ORIENTED_EDGE('',*,*,#2115,.T.);
#2478=ORIENTED_EDGE('',*,*,#2208,.F.);
#2479=ORIENTED_EDGE('',*,*,#2408,.T.);
#2480=ORIENTED_EDGE('',*,*,#2429,.F.);
#2481=ORIENTED_EDGE('',*,*,#2014,.F.);
#2483=ORIENTED_EDGE('',*,*,#2482,.F.);
#2484=EDGE_LOOP('',(#2477,#2478,#2479,#2480,#2481,#2483));
#2485=FACE_OUTER_BOUND('',#2484,.F.);
#2487=CARTESIAN_POINT('',(-1.00198E2,7.995590668490E1,3.934314193210E1));
#2488=DIRECTION('',(1.E0,0.E0,0.E0));
#2489=DIRECTION('',(0.E0,-6.045353722962E-1,7.965782972456E-1));
#2490=AXIS2_PLACEMENT_3D('',#2487,#2488,#2489);
#2491=CYLINDRICAL_SURFACE('',#2490,1.E0);
#2493=ORIENTED_EDGE('',*,*,#2492,.F.);
#2494=ORIENTED_EDGE('',*,*,#2117,.T.);
#2495=ORIENTED_EDGE('',*,*,#2482,.T.);
#2496=ORIENTED_EDGE('',*,*,#2012,.T.);
#2497=EDGE_LOOP('',(#2493,#2494,#2495,#2496));
#2498=FACE_OUTER_BOUND('',#2497,.F.);
#2500=CARTESIAN_POINT('',(-1.E1,8.560381598953E1,2.919240449712E1));
#2501=DIRECTION('',(0.E0,8.287423021801E-1,5.596304106973E-1));
#2502=DIRECTION('',(0.E0,-5.596304106973E-1,8.287423021801E-1));
#2503=AXIS2_PLACEMENT_3D('',#2500,#2501,#2502);
#2504=PLANE('',#2503);
#2505=ORIENTED_EDGE('',*,*,#2492,.T.);
#2506=ORIENTED_EDGE('',*,*,#2010,.F.);
#2508=ORIENTED_EDGE('',*,*,#2507,.T.);
#2509=ORIENTED_EDGE('',*,*,#2119,.T.);
#2510=EDGE_LOOP('',(#2505,#2506,#2508,#2509));
#2511=FACE_OUTER_BOUND('',#2510,.F.);
#2513=CARTESIAN_POINT('',(9.8198E1,8.455616361913E1,3.253073958689E1));
#2514=DIRECTION('',(-1.E0,0.E0,0.E0));
#2515=DIRECTION('',(0.E0,5.895547844623E-1,-8.077283925415E-1));
#2516=AXIS2_PLACEMENT_3D('',#2513,#2514,#2515);
#2517=CYLINDRICAL_SURFACE('',#2516,1.E0);
#2518=ORIENTED_EDGE('',*,*,#2297,.T.);
#2519=ORIENTED_EDGE('',*,*,#2271,.F.);
#2520=ORIENTED_EDGE('',*,*,#2121,.T.);
#2521=ORIENTED_EDGE('',*,*,#2507,.F.);
#2522=ORIENTED_EDGE('',*,*,#2008,.T.);
#2524=ORIENTED_EDGE('',*,*,#2523,.F.);
#2525=EDGE_LOOP('',(#2518,#2519,#2520,#2521,#2522,#2524));
#2526=FACE_OUTER_BOUND('',#2525,.F.);
#2528=CARTESIAN_POINT('',(1.1E1,3.975E1,9.391809742004E1));
#2529=DIRECTION('',(1.E0,0.E0,0.E0));
#2530=DIRECTION('',(0.E0,-5.893358589594E-1,8.078881391286E-1));
#2531=AXIS2_PLACEMENT_3D('',#2528,#2529,#2530);
#2532=TOROIDAL_SURFACE('',#2531,7.6E1,1.E0);
#2533=ORIENTED_EDGE('',*,*,#2293,.F.);
#2534=ORIENTED_EDGE('',*,*,#2523,.T.);
#2535=ORIENTED_EDGE('',*,*,#2006,.T.);
#2536=ORIENTED_EDGE('',*,*,#2251,.T.);
#2537=EDGE_LOOP('',(#2533,#2534,#2535,#2536));
#2538=FACE_OUTER_BOUND('',#2537,.F.);
#2540=CARTESIAN_POINT('',(-1.184760564058E1,8.250716364165E1,4.364061779625E1));
#2541=DIRECTION('',(1.E0,0.E0,0.E0));
#2542=DIRECTION('',(0.E0,7.518768548367E-1,6.593035682907E-1));
#2543=AXIS2_PLACEMENT_3D('',#2540,#2541,#2542);
#2544=CYLINDRICAL_SURFACE('',#2543,1.E0);
#2545=ORIENTED_EDGE('',*,*,#2411,.T.);
#2546=ORIENTED_EDGE('',*,*,#2220,.T.);
#2547=ORIENTED_EDGE('',*,*,#1508,.F.);
#2549=ORIENTED_EDGE('',*,*,#2548,.F.);
#2550=EDGE_LOOP('',(#2545,#2546,#2547,#2549));
#2551=FACE_OUTER_BOUND('',#2550,.F.);
#2553=CARTESIAN_POINT('',(-1.645893701600E1,7.940407149155E1,4.081744989578E1));
#2554=CARTESIAN_POINT('',(-1.646097439180E1,7.945057608064E1,4.085218138947E1));
#2555=CARTESIAN_POINT('',(-1.646883413883E1,7.981074106683E1,4.112189601445E1));
#2556=CARTESIAN_POINT('',(-1.637112201124E1,8.046986707354E1,4.162585289274E1));
#2557=CARTESIAN_POINT('',(-1.597603236632E1,8.132274772559E1,4.230070808821E1));
#2558=CARTESIAN_POINT('',(-1.535419816003E1,8.206461052120E1,4.290605036980E1));
#2559=CARTESIAN_POINT('',(-1.455226036768E1,8.265651885161E1,4.340192219928E1));
#2560=CARTESIAN_POINT('',(-1.363439075087E1,8.308145221956E1,4.376494821814E1));
#2561=CARTESIAN_POINT('',(-1.261332886112E1,8.335250871605E1,4.399959112737E1));
#2562=CARTESIAN_POINT('',(-1.182675841389E1,8.342199501552E1,4.406022411353E1));
#2563=CARTESIAN_POINT('',(-1.138498680419E1,8.341614911227E1,4.405512403970E1));
#2564=CARTESIAN_POINT('',(-1.132756274394E1,8.341462275968E1,4.405379213364E1));
#2565=CARTESIAN_POINT('',(-1.670040765105E1,7.888773273467E1,4.149408919622E1));
#2566=CARTESIAN_POINT('',(-1.670254418380E1,7.893600343085E1,4.153013357518E1));
#2567=CARTESIAN_POINT('',(-1.671078746024E1,7.930983942728E1,4.181006134598E1));
#2568=CARTESIAN_POINT('',(-1.660833611529E1,7.999386678106E1,4.233336925362E1));
#2569=CARTESIAN_POINT('',(-1.619403461772E1,8.087867473959E1,4.303469577127E1));
#2570=CARTESIAN_POINT('',(-1.554191934669E1,8.164802731636E1,4.366418495087E1));
#2571=CARTESIAN_POINT('',(-1.470091599486E1,8.226164228700E1,4.418008949285E1));
#2572=CARTESIAN_POINT('',(-1.373833702023E1,8.270202544641E1,4.455790771879E1));
#2573=CARTESIAN_POINT('',(-1.266754635872E1,8.298287602070E1,4.480216367430E1));
#2574=CARTESIAN_POINT('',(-1.184267126692E1,8.305486565391E1,4.486529005831E1));
#2575=CARTESIAN_POINT('',(-1.137938576902E1,8.304880743309E1,4.485997922797E1));
#2576=CARTESIAN_POINT('',(-1.131916519865E1,8.304722574751E1,4.485859249591E1));
#2577=CARTESIAN_POINT('',(-1.607519064804E1,7.853061207817E1,4.200820718762E1));
#2578=CARTESIAN_POINT('',(-1.607707044311E1,7.857270678147E1,4.203965392988E1));
#2579=CARTESIAN_POINT('',(-1.608432068324E1,7.889872842311E1,4.228383492224E1));
#2580=CARTESIAN_POINT('',(-1.599414014413E1,7.949553758034E1,4.273970016994E1));
#2581=CARTESIAN_POINT('',(-1.562958207366E1,8.026820254796E1,4.334935853916E1));
#2582=CARTESIAN_POINT('',(-1.505587069030E1,8.094069317906E1,4.389564535260E1));
#2583=CARTESIAN_POINT('',(-1.431601608482E1,8.147757512799E1,4.434278081855E1));
#2584=CARTESIAN_POINT('',(-1.346919880807E1,8.186319539679E1,4.466994678276E1));
#2585=CARTESIAN_POINT('',(-1.252716613671E1,8.210926198144E1,4.488133712591E1));
#2586=CARTESIAN_POINT('',(-1.180146962649E1,8.217235261E1,4.493594819836E1));
#2587=CARTESIAN_POINT('',(-1.139388799792E1,8.216704721942E1,4.493135611724E1));
#2588=CARTESIAN_POINT('',(-1.134090816587E1,8.216566184696E1,4.493015657018E1));
#2589=CARTESIAN_POINT('',(-1.522461236436E1,7.869903175684E1,4.183243910367E1));
#2590=CARTESIAN_POINT('',(-1.522614287990E1,7.873334349094E1,4.185809378675E1));
#2591=CARTESIAN_POINT('',(-1.523204214090E1,7.899911175323E1,4.205723590708E1));
#2592=CARTESIAN_POINT('',(-1.515855545517E1,7.948604863270E1,4.242804519449E1));
#2593=CARTESIAN_POINT('',(-1.486167097425E1,8.011753278159E1,4.292192601653E1));
#2594=CARTESIAN_POINT('',(-1.439462438710E1,8.066816743278E1,4.336300735971E1));
#2595=CARTESIAN_POINT('',(-1.379237788671E1,8.110858682442E1,4.372311294259E1));
#2596=CARTESIAN_POINT('',(-1.310304894735E1,8.142540543292E1,4.398613954522E1));
#2597=CARTESIAN_POINT('',(-1.233618545685E1,8.162779019513E1,4.415589804578E1));
#2598=CARTESIAN_POINT('',(-1.174541673536E1,8.167970777725E1,4.419971981452E1));
#2599=CARTESIAN_POINT('',(-1.141361759725E1,8.167534813705E1,4.419603871983E1));
#2600=CARTESIAN_POINT('',(-1.137048844863E1,8.167420935248E1,4.419507636073E1));
#2601=(BOUNDED_SURFACE()B_SPLINE_SURFACE(3,3,((#2553,#2554,#2555,#2556,#2557,
#2558,#2559,#2560,#2561,#2562,#2563,#2564),(#2565,#2566,#2567,#2568,#2569,#2570,
#2571,#2572,#2573,#2574,#2575,#2576),(#2577,#2578,#2579,#2580,#2581,#2582,#2583,
#2584,#2585,#2586,#2587,#2588),(#2589,#2590,#2591,#2592,#2593,#2594,#2595,#2596,
#2597,#2598,#2599,#2600)),.UNSPECIFIED.,.F.,.F.,.F.)B_SPLINE_SURFACE_WITH_KNOTS(
(4,4),(4,1,1,1,1,1,1,1,1,4),(0.E0,1.E0),(-2.229214833600E-2,0.E0,
1.503139415651E-1,2.947579950372E-1,4.403714308351E-1,5.850813591809E-1,
7.194937331904E-1,8.515527880823E-1,1.E0,1.022209402500E0),.UNSPECIFIED.)GEOMETRIC_REPRESENTATION_ITEM()RATIONAL_B_SPLINE_SURFACE(((1.344884103985E0,
1.344884103985E0,1.344884103985E0,1.344884103985E0,1.344884103985E0,
1.344884103985E0,1.344884103985E0,1.344884103985E0,1.344884103985E0,
1.344884103985E0,1.344884103985E0,1.344884103985E0),(8.850386320050E-1,
8.850386320050E-1,8.850386320050E-1,8.850386320050E-1,8.850386320050E-1,
8.850386320050E-1,8.850386320050E-1,8.850386320050E-1,8.850386320050E-1,
8.850386320050E-1,8.850386320050E-1,8.850386320050E-1),(8.850386320050E-1,
8.850386320050E-1,8.850386320050E-1,8.850386320050E-1,8.850386320050E-1,
8.850386320050E-1,8.850386320050E-1,8.850386320050E-1,8.850386320050E-1,
8.850386320050E-1,8.850386320050E-1,8.850386320050E-1),(1.344884103985E0,
1.344884103985E0,1.344884103985E0,1.344884103985E0,1.344884103985E0,
1.344884103985E0,1.344884103985E0,1.344884103985E0,1.344884103985E0,
1.344884103985E0,1.344884103985E0,1.344884103985E0)))REPRESENTATION_ITEM('')SURFACE());
#2603=ORIENTED_EDGE('',*,*,#2602,.T.);
#2604=ORIENTED_EDGE('',*,*,#2548,.T.);
#2605=ORIENTED_EDGE('',*,*,#1506,.F.);
#2607=ORIENTED_EDGE('',*,*,#2606,.F.);
#2608=EDGE_LOOP('',(#2603,#2604,#2605,#2607));
#2609=FACE_OUTER_BOUND('',#2608,.F.);
#2611=CARTESIAN_POINT('',(-1.15E1,-1.010540242614E2,2.469087556863E2));
#2612=DIRECTION('',(0.E0,6.593035682907E-1,-7.518768548367E-1));
#2613=DIRECTION('',(-1.E0,0.E0,0.E0));
#2614=AXIS2_PLACEMENT_3D('',#2611,#2612,#2613);
#2615=CYLINDRICAL_SURFACE('',#2614,5.E0);
#2616=ORIENTED_EDGE('',*,*,#2602,.F.);
#2617=ORIENTED_EDGE('',*,*,#1606,.T.);
#2618=ORIENTED_EDGE('',*,*,#2285,.T.);
#2619=ORIENTED_EDGE('',*,*,#2413,.F.);
#2620=EDGE_LOOP('',(#2616,#2617,#2618,#2619));
#2621=FACE_OUTER_BOUND('',#2620,.F.);
#2623=CARTESIAN_POINT('',(-1.55E1,3.975E1,9.391809742004E1));
#2624=DIRECTION('',(-1.E0,0.E0,0.E0));
#2625=DIRECTION('',(0.E0,6.220625385428E-1,-7.829675588054E-1));
#2626=AXIS2_PLACEMENT_3D('',#2623,#2624,#2625);
#2627=TOROIDAL_SURFACE('',#2626,6.599999999885E1,1.E0);
#2628=ORIENTED_EDGE('',*,*,#1599,.T.);
#2629=ORIENTED_EDGE('',*,*,#2606,.T.);
#2630=ORIENTED_EDGE('',*,*,#1504,.F.);
#2631=ORIENTED_EDGE('',*,*,#1565,.T.);
#2632=EDGE_LOOP('',(#2628,#2629,#2630,#2631));
#2633=FACE_OUTER_BOUND('',#2632,.F.);
#2635=CARTESIAN_POINT('',(0.E0,7.95E1,0.E0));
#2636=DIRECTION('',(0.E0,1.E0,0.E0));
#2637=DIRECTION('',(1.E0,0.E0,0.E0));
#2638=AXIS2_PLACEMENT_3D('',#2635,#2636,#2637);
#2639=PLANE('',#2638);
#2640=ORIENTED_EDGE('',*,*,#1348,.T.);
#2641=ORIENTED_EDGE('',*,*,#1715,.F.);
#2642=ORIENTED_EDGE('',*,*,#2288,.F.);
#2643=ORIENTED_EDGE('',*,*,#1602,.F.);
#2644=ORIENTED_EDGE('',*,*,#1574,.F.);
#2645=ORIENTED_EDGE('',*,*,#1652,.T.);
#2646=EDGE_LOOP('',(#2640,#2641,#2642,#2643,#2644,#2645));
#2647=FACE_OUTER_BOUND('',#2646,.F.);
#2649=CARTESIAN_POINT('',(-2.85E1,7.2E1,2.600835173882E1));
#2650=DIRECTION('',(-1.E0,0.E0,0.E0));
#2651=DIRECTION('',(0.E0,1.E0,0.E0));
#2652=AXIS2_PLACEMENT_3D('',#2649,#2650,#2651);
#2653=CYLINDRICAL_SURFACE('',#2652,5.05E0);
#2655=ORIENTED_EDGE('',*,*,#2654,.F.);
#2656=ORIENTED_EDGE('',*,*,#1723,.T.);
#2658=ORIENTED_EDGE('',*,*,#2657,.F.);
#2659=ORIENTED_EDGE('',*,*,#1657,.F.);
#2660=EDGE_LOOP('',(#2655,#2656,#2658,#2659));
#2661=FACE_OUTER_BOUND('',#2660,.F.);
#2663=CARTESIAN_POINT('',(-2.85E1,7.2E1,2.600835173882E1));
#2664=DIRECTION('',(-1.E0,0.E0,0.E0));
#2665=DIRECTION('',(0.E0,1.E0,0.E0));
#2666=AXIS2_PLACEMENT_3D('',#2663,#2664,#2665);
#2667=CYLINDRICAL_SURFACE('',#2666,5.05E0);
#2668=ORIENTED_EDGE('',*,*,#2657,.T.);
#2669=ORIENTED_EDGE('',*,*,#1725,.T.);
#2670=ORIENTED_EDGE('',*,*,#2654,.T.);
#2671=ORIENTED_EDGE('',*,*,#1659,.F.);
#2672=EDGE_LOOP('',(#2668,#2669,#2670,#2671));
#2673=FACE_OUTER_BOUND('',#2672,.F.);
#2675=CLOSED_SHELL('',(#1325,#1342,#1358,#1372,#1402,#1417,#1476,#1491,#1537,
#1557,#1578,#1593,#1610,#1623,#1643,#1663,#1678,#1691,#1729,#1745,#1761,#1776,
#1788,#1802,#1860,#1874,#1894,#1907,#1920,#1936,#1950,#1971,#1994,#2018,#2032,
#2044,#2057,#2074,#2087,#2107,#2131,#2144,#2160,#2173,#2185,#2197,#2212,#2225,
#2240,#2261,#2275,#2301,#2315,#2373,#2385,#2399,#2419,#2433,#2445,#2459,#2471,
#2486,#2499,#2512,#2527,#2539,#2552,#2610,#2622,#2634,#2648,#2662,#2674));
#2676=MANIFOLD_SOLID_BREP('',#2675);
#2679=PLANE_ANGLE_MEASURE_WITH_UNIT(PLANE_ANGLE_MEASURE(1.745329251994E-2),
#2678);
#2680=(CONVERSION_BASED_UNIT('DEGREE',#2679)NAMED_UNIT(*)PLANE_ANGLE_UNIT());
#2682=UNCERTAINTY_MEASURE_WITH_UNIT(LENGTH_MEASURE(2.305016051196E-2),#2677,
'distance_accuracy_value',
'Maximum model space distance between geometric entities at asserted connectivities');
#2684=CARTESIAN_POINT('',(0.E0,0.E0,0.E0));
#2685=DIRECTION('',(0.E0,0.E0,1.E0));
#2686=DIRECTION('',(1.E0,0.E0,0.E0));
#2689=APPLICATION_CONTEXT('automotive_design');
#2690=APPLICATION_PROTOCOL_DEFINITION('international standard',
'automotive_design',2001,#2689);
#2691=PRODUCT_DEFINITION_CONTEXT('part definition',#2689,'design');
#2692=PRODUCT_CONTEXT('',#2689,'mechanical');
#2693=PRODUCT('INTERLINK','INTERLINK','NOT SPECIFIED',(#2692));
#2694=PRODUCT_DEFINITION_FORMATION('2','LAST_VERSION',#2693);
#2702=DERIVED_UNIT_ELEMENT(#2701,2.E0);
#2703=DERIVED_UNIT((#2702));
#2704=MEASURE_REPRESENTATION_ITEM('surface area measure',AREA_MEASURE(
1.881217864206E4),#2703);
#2709=DERIVED_UNIT_ELEMENT(#2708,3.E0);
#2710=DERIVED_UNIT((#2709));
#2711=MEASURE_REPRESENTATION_ITEM('volume measure',VOLUME_MEASURE(
5.152260951557E4),#2710);
#2715=CARTESIAN_POINT('centre point',(1.093112496964E0,3.975085668987E1,
2.844594160049E1));
#2720=DERIVED_UNIT_ELEMENT(#2719,2.E0);
#2721=DERIVED_UNIT((#2720));
#2722=MEASURE_REPRESENTATION_ITEM('surface area measure',AREA_MEASURE(
1.881217864206E4),#2721);
#2727=DERIVED_UNIT_ELEMENT(#2726,3.E0);
#2728=DERIVED_UNIT((#2727));
#2729=MEASURE_REPRESENTATION_ITEM('volume measure',VOLUME_MEASURE(
5.152260951557E4),#2728);
#2733=CARTESIAN_POINT('centre point',(1.093112496964E0,3.975085668987E1,
2.844594160049E1));
#1=DRAUGHTING_PRE_DEFINED_COLOUR('green');
#2=DRAUGHTING_PRE_DEFINED_COLOUR('green');
#3=DRAUGHTING_PRE_DEFINED_COLOUR('green');
#4=COLOUR_RGB('',1.1E-2,1.2E-2,1.E0);
#5=COLOUR_RGB('',1.1E-2,1.2E-2,1.E0);
#6=COLOUR_RGB('',4.1E-1,2.61589E-1,1.12848E-1);
#7=COLOUR_RGB('',5.04854E-1,1.5455E-2,1.5455E-2);
#8=COLOUR_RGB('',6.35294E-1,6.86275E-1,7.4902E-1);
#9=COLOUR_RGB('',6.40777E-1,6.40777E-1,6.40777E-1);
#10=COLOUR_RGB('',6.66667E-1,6.66667E-1,6.66667E-1);
#11=COLOUR_RGB('',6.69062E-1,6.69903E-1,6.55217E-1);
#12=COLOUR_RGB('',7.45098E-1,3.92157E-1,2.94118E-1);
#13=COLOUR_RGB('',8.03922E-1,5.88235E-1,1.96078E-1);
#14=COLOUR_RGB('',9.21569E-1,7.05882E-1,4.70588E-1);
#15=DRAUGHTING_PRE_DEFINED_COLOUR('red');
#16=DRAUGHTING_PRE_DEFINED_COLOUR('red');
#17=DRAUGHTING_PRE_DEFINED_COLOUR('red');
#18=DRAUGHTING_PRE_DEFINED_COLOUR('red');
#19=DRAUGHTING_PRE_DEFINED_COLOUR('red');
#20=DRAUGHTING_PRE_DEFINED_COLOUR('red');
#21=DRAUGHTING_PRE_DEFINED_COLOUR('red');
#22=DRAUGHTING_PRE_DEFINED_COLOUR('yellow');
#23=DRAUGHTING_PRE_DEFINED_COLOUR('yellow');
#24=COLOUR_RGB('',1.E0,1.E0,5.3E-1);
#25=COLOUR_RGB('',1.E0,1.E0,9.49E-1);
#26=COLOUR_RGB('',1.E0,1.E0,9.49E-1);
#27=DRAUGHTING_PRE_DEFINED_COLOUR('white');
#52=CIRCLE('',#51,5.E-1);
#60=B_SPLINE_CURVE_WITH_KNOTS('',3,(#53,#54,#55,#56,#57,#58,#59),.UNSPECIFIED.,
.F.,.F.,(4,1,1,1,4),(0.E0,2.5E-1,5.E-1,7.5E-1,1.E0),.UNSPECIFIED.);
#72=B_SPLINE_CURVE_WITH_KNOTS('',3,(#61,#62,#63,#64,#65,#66,#67,#68,#69,#70,
#71),.UNSPECIFIED.,.F.,.F.,(4,1,1,1,1,1,1,1,4),(0.E0,1.25E-1,2.5E-1,3.75E-1,
5.E-1,6.25E-1,7.5E-1,8.75E-1,1.E0),.UNSPECIFIED.);
#87=B_SPLINE_CURVE_WITH_KNOTS('',3,(#77,#78,#79,#80,#81,#82,#83,#84,#85,#86),
.UNSPECIFIED.,.F.,.F.,(4,1,1,1,1,1,1,4),(0.E0,1.428571428571E-1,
2.857142857143E-1,4.285714285714E-1,5.714285714286E-1,7.142857142857E-1,
8.571428571429E-1,1.E0),.UNSPECIFIED.);
#92=CIRCLE('',#91,7.7E1);
#101=CIRCLE('',#100,7.7E1);
#112=B_SPLINE_CURVE_WITH_KNOTS('',3,(#102,#103,#104,#105,#106,#107,#108,#109,
#110,#111),.UNSPECIFIED.,.F.,.F.,(4,1,1,1,1,1,1,4),(0.E0,1.428571428571E-1,
2.857142857143E-1,4.285714285714E-1,5.714285714286E-1,7.142857142857E-1,
8.571428571429E-1,1.E0),.UNSPECIFIED.);
#117=CIRCLE('',#116,1.E0);
#122=CIRCLE('',#121,1.E0);
#136=B_SPLINE_CURVE_WITH_KNOTS('',3,(#123,#124,#125,#126,#127,#128,#129,#130,
#131,#132,#133,#134,#135),.UNSPECIFIED.,.F.,.F.,(4,1,1,1,1,1,1,1,1,1,4),(0.E0,
1.E-1,2.E-1,3.E-1,4.E-1,5.E-1,6.E-1,7.E-1,8.E-1,9.E-1,1.E0),.UNSPECIFIED.);
#141=CIRCLE('',#140,6.5E1);
#146=CIRCLE('',#145,6.5E1);
#157=B_SPLINE_CURVE_WITH_KNOTS('',3,(#147,#148,#149,#150,#151,#152,#153,#154,
#155,#156),.UNSPECIFIED.,.F.,.F.,(4,1,1,1,1,1,1,4),(0.E0,1.428571428571E-1,
2.857142857143E-1,4.285714285714E-1,5.714285714286E-1,7.142857142857E-1,
8.571428571429E-1,1.E0),.UNSPECIFIED.);
#166=CIRCLE('',#165,6.5E1);
#175=CIRCLE('',#174,6.5E1);
#190=B_SPLINE_CURVE_WITH_KNOTS('',3,(#180,#181,#182,#183,#184,#185,#186,#187,
#188,#189),.UNSPECIFIED.,.F.,.F.,(4,1,1,1,1,1,1,4),(0.E0,1.428571428571E-1,
2.857142857143E-1,4.285714285714E-1,5.714285714286E-1,7.142857142857E-1,
8.571428571429E-1,1.E0),.UNSPECIFIED.);
#195=CIRCLE('',#194,6.5E1);
#206=B_SPLINE_CURVE_WITH_KNOTS('',3,(#196,#197,#198,#199,#200,#201,#202,#203,
#204,#205),.UNSPECIFIED.,.F.,.F.,(4,1,1,1,1,1,1,4),(0.E0,1.428571428571E-1,
2.857142857143E-1,4.285714285714E-1,5.714285714286E-1,7.142857142857E-1,
8.571428571429E-1,1.E0),.UNSPECIFIED.);
#215=CIRCLE('',#214,6.5E1);
#224=CIRCLE('',#223,6.5E1);
#239=B_SPLINE_CURVE_WITH_KNOTS('',3,(#229,#230,#231,#232,#233,#234,#235,#236,
#237,#238),.UNSPECIFIED.,.F.,.F.,(4,1,1,1,1,1,1,4),(0.E0,1.428571428571E-1,
2.857142857143E-1,4.285714285714E-1,5.714285714286E-1,7.142857142857E-1,
8.571428571429E-1,1.E0),.UNSPECIFIED.);
#272=CIRCLE('',#271,6.599999999848E1);
#281=CIRCLE('',#280,7.7E1);
#286=CIRCLE('',#285,6.599999999885E1);
#291=CIRCLE('',#290,7.7E1);
#300=CIRCLE('',#299,5.E-1);
#305=CIRCLE('',#304,5.05E0);
#310=CIRCLE('',#309,5.05E0);
#315=CIRCLE('',#314,5.05E0);
#320=CIRCLE('',#319,5.05E0);
#333=CIRCLE('',#332,5.E-1);
#394=CIRCLE('',#393,7.7E1);
#403=CIRCLE('',#402,6.6E1);
#412=CIRCLE('',#411,7.7E1);
#421=CIRCLE('',#420,5.05E0);
#426=CIRCLE('',#425,5.05E0);
#431=CIRCLE('',#430,5.05E0);
#436=CIRCLE('',#435,5.05E0);
#465=CIRCLE('',#464,6.5E1);
#492=B_SPLINE_CURVE_WITH_KNOTS('',3,(#482,#483,#484,#485,#486,#487,#488,#489,
#490,#491),.UNSPECIFIED.,.F.,.F.,(4,1,1,1,1,1,1,4),(0.E0,1.428571428571E-1,
2.857142857143E-1,4.285714285714E-1,5.714285714286E-1,7.142857142857E-1,
8.571428571429E-1,1.E0),.UNSPECIFIED.);
#497=CIRCLE('',#496,1.E0);
#502=CIRCLE('',#501,1.E0);
#531=CIRCLE('',#530,1.E0);
#536=CIRCLE('',#535,1.E0);
#541=CIRCLE('',#540,1.E0);
#550=B_SPLINE_CURVE_WITH_KNOTS('',3,(#542,#543,#544,#545,#546,#547,#548,#549),
.UNSPECIFIED.,.F.,.F.,(4,1,1,1,1,4),(0.E0,2.E-1,4.E-1,6.E-1,8.E-1,1.E0),
.UNSPECIFIED.);
#560=B_SPLINE_CURVE_WITH_KNOTS('',3,(#555,#556,#557,#558,#559),.UNSPECIFIED.,
.F.,.F.,(4,1,4),(0.E0,5.E-1,1.E0),.UNSPECIFIED.);
#570=B_SPLINE_CURVE_WITH_KNOTS('',3,(#565,#566,#567,#568,#569),.UNSPECIFIED.,
.F.,.F.,(4,1,4),(0.E0,5.E-1,1.E0),.UNSPECIFIED.);
#587=CIRCLE('',#586,1.E0);
#592=CIRCLE('',#591,7.6E1);
#601=CIRCLE('',#600,6.6E1);
#610=CIRCLE('',#609,6.6E1);
#619=CIRCLE('',#618,7.6E1);
#632=CIRCLE('',#631,1.E0);
#638=B_SPLINE_CURVE_WITH_KNOTS('',3,(#633,#634,#635,#636,#637),.UNSPECIFIED.,
.F.,.F.,(4,1,4),(0.E0,5.E-1,1.E0),.UNSPECIFIED.);
#643=CIRCLE('',#642,1.E0);
#648=CIRCLE('',#647,1.E0);
#657=B_SPLINE_CURVE_WITH_KNOTS('',3,(#649,#650,#651,#652,#653,#654,#655,#656),
.UNSPECIFIED.,.F.,.F.,(4,1,1,1,1,4),(0.E0,2.E-1,4.E-1,6.E-1,8.E-1,1.E0),
.UNSPECIFIED.);
#671=B_SPLINE_CURVE_WITH_KNOTS('',3,(#666,#667,#668,#669,#670),.UNSPECIFIED.,
.F.,.F.,(4,1,4),(0.E0,5.E-1,1.E0),.UNSPECIFIED.);
#680=CIRCLE('',#679,6.6E1);
#689=CIRCLE('',#688,7.6E1);
#694=CIRCLE('',#693,1.E0);
#719=CIRCLE('',#718,7.6E1);
#728=CIRCLE('',#727,6.6E1);
#737=B_SPLINE_CURVE_WITH_KNOTS('',3,(#729,#730,#731,#732,#733,#734,#735,#736),
.UNSPECIFIED.,.F.,.F.,(4,1,1,1,1,4),(0.E0,2.E-1,4.E-1,6.E-1,8.E-1,1.E0),
.UNSPECIFIED.);
#746=B_SPLINE_CURVE_WITH_KNOTS('',3,(#738,#739,#740,#741,#742,#743,#744,#745),
.UNSPECIFIED.,.F.,.F.,(4,1,1,1,1,4),(0.E0,2.E-1,4.E-1,6.E-1,8.E-1,1.E0),
.UNSPECIFIED.);
#759=CIRCLE('',#758,1.E0);
#764=CIRCLE('',#763,1.E0);
#773=B_SPLINE_CURVE_WITH_KNOTS('',3,(#765,#766,#767,#768,#769,#770,#771,#772),
.UNSPECIFIED.,.F.,.F.,(4,1,1,1,1,4),(0.E0,2.E-1,4.E-1,6.E-1,8.E-1,1.E0),
.UNSPECIFIED.);
#782=B_SPLINE_CURVE_WITH_KNOTS('',3,(#774,#775,#776,#777,#778,#779,#780,#781),
.UNSPECIFIED.,.F.,.F.,(4,1,1,1,1,4),(0.E0,2.E-1,4.E-1,6.E-1,8.E-1,1.E0),
.UNSPECIFIED.);
#787=CIRCLE('',#786,1.E0);
#793=B_SPLINE_CURVE_WITH_KNOTS('',3,(#788,#789,#790,#791,#792),.UNSPECIFIED.,
.F.,.F.,(4,1,4),(0.E0,5.E-1,1.E0),.UNSPECIFIED.);
#798=CIRCLE('',#797,1.E0);
#803=CIRCLE('',#802,1.E0);
#812=B_SPLINE_CURVE_WITH_KNOTS('',3,(#804,#805,#806,#807,#808,#809,#810,#811),
.UNSPECIFIED.,.F.,.F.,(4,1,1,1,1,4),(0.E0,2.E-1,4.E-1,6.E-1,8.E-1,1.E0),
.UNSPECIFIED.);
#822=B_SPLINE_CURVE_WITH_KNOTS('',3,(#817,#818,#819,#820,#821),.UNSPECIFIED.,
.F.,.F.,(4,1,4),(0.E0,5.E-1,1.E0),.UNSPECIFIED.);
#832=B_SPLINE_CURVE_WITH_KNOTS('',3,(#827,#828,#829,#830,#831),.UNSPECIFIED.,
.F.,.F.,(4,1,4),(0.E0,5.E-1,1.E0),.UNSPECIFIED.);
#841=B_SPLINE_CURVE_WITH_KNOTS('',3,(#833,#834,#835,#836,#837,#838,#839,#840),
.UNSPECIFIED.,.F.,.F.,(4,1,1,1,1,4),(0.E0,2.E-1,4.E-1,6.E-1,8.E-1,1.E0),
.UNSPECIFIED.);
#850=B_SPLINE_CURVE_WITH_KNOTS('',3,(#842,#843,#844,#845,#846,#847,#848,#849),
.UNSPECIFIED.,.F.,.F.,(4,1,1,1,1,4),(0.E0,2.E-1,4.E-1,6.E-1,8.E-1,1.E0),
.UNSPECIFIED.);
#862=B_SPLINE_CURVE_WITH_KNOTS('',3,(#851,#852,#853,#854,#855,#856,#857,#858,
#859,#860,#861),.UNSPECIFIED.,.F.,.F.,(4,1,1,1,1,1,1,1,4),(0.E0,1.25E-1,2.5E-1,
3.75E-1,5.E-1,6.25E-1,7.5E-1,8.75E-1,1.E0),.UNSPECIFIED.);
#873=B_SPLINE_CURVE_WITH_KNOTS('',3,(#863,#864,#865,#866,#867,#868,#869,#870,
#871,#872),.UNSPECIFIED.,.F.,.F.,(4,1,1,1,1,1,1,4),(0.E0,1.428571428571E-1,
2.857142857143E-1,4.285714285714E-1,5.714285714286E-1,7.142857142857E-1,
8.571428571429E-1,1.E0),.UNSPECIFIED.);
#878=CIRCLE('',#877,7.7E1);
#883=CIRCLE('',#882,7.7E1);
#894=B_SPLINE_CURVE_WITH_KNOTS('',3,(#884,#885,#886,#887,#888,#889,#890,#891,
#892,#893),.UNSPECIFIED.,.F.,.F.,(4,1,1,1,1,1,1,4),(0.E0,1.428571428571E-1,
2.857142857143E-1,4.285714285714E-1,5.714285714286E-1,7.142857142857E-1,
8.571428571429E-1,1.E0),.UNSPECIFIED.);
#899=CIRCLE('',#898,1.E0);
#904=CIRCLE('',#903,1.E0);
#909=CIRCLE('',#908,1.E0);
#943=B_SPLINE_CURVE_WITH_KNOTS('',3,(#938,#939,#940,#941,#942),.UNSPECIFIED.,
.F.,.F.,(4,1,4),(0.E0,5.E-1,1.E0),.UNSPECIFIED.);
#948=CIRCLE('',#947,1.E0);
#953=CIRCLE('',#952,1.E0);
#962=B_SPLINE_CURVE_WITH_KNOTS('',3,(#954,#955,#956,#957,#958,#959,#960,#961),
.UNSPECIFIED.,.F.,.F.,(4,1,1,1,1,4),(0.E0,2.E-1,4.E-1,6.E-1,8.E-1,1.E0),
.UNSPECIFIED.);
#975=CIRCLE('',#974,1.E0);
#980=CIRCLE('',#979,1.E0);
#997=CIRCLE('',#996,1.E0);
#1002=CIRCLE('',#1001,1.E0);
#1013=B_SPLINE_CURVE_WITH_KNOTS('',3,(#1003,#1004,#1005,#1006,#1007,#1008,#1009,
#1010,#1011,#1012),.UNSPECIFIED.,.F.,.F.,(4,1,1,1,1,1,1,4),(0.E0,
1.428571428571E-1,2.857142857143E-1,4.285714285714E-1,5.714285714286E-1,
7.142857142857E-1,8.571428571429E-1,1.E0),.UNSPECIFIED.);
#1022=B_SPLINE_CURVE_WITH_KNOTS('',3,(#1014,#1015,#1016,#1017,#1018,#1019,#1020,
#1021),.UNSPECIFIED.,.F.,.F.,(4,1,1,1,1,4),(0.E0,2.E-1,4.E-1,6.E-1,8.E-1,1.E0),
.UNSPECIFIED.);
#1027=CIRCLE('',#1026,1.E0);
#1032=CIRCLE('',#1031,1.E0);
#1043=B_SPLINE_CURVE_WITH_KNOTS('',3,(#1033,#1034,#1035,#1036,#1037,#1038,#1039,
#1040,#1041,#1042),.UNSPECIFIED.,.F.,.F.,(4,1,1,1,1,1,1,4),(0.E0,
1.428571428571E-1,2.857142857143E-1,4.285714285714E-1,5.714285714286E-1,
7.142857142857E-1,8.571428571429E-1,1.E0),.UNSPECIFIED.);
#1057=B_SPLINE_CURVE_WITH_KNOTS('',3,(#1044,#1045,#1046,#1047,#1048,#1049,#1050,
#1051,#1052,#1053,#1054,#1055,#1056),.UNSPECIFIED.,.F.,.F.,(4,1,1,1,1,1,1,1,1,1,
4),(0.E0,1.E-1,2.E-1,3.E-1,4.E-1,5.E-1,6.E-1,7.E-1,8.E-1,9.E-1,1.E0),
.UNSPECIFIED.);
#1311=EDGE_CURVE('',#1286,#1287,#31,.T.);
#1313=EDGE_CURVE('',#1286,#1110,#337,.T.);
#1315=EDGE_CURVE('',#1110,#1117,#35,.T.);
#1317=EDGE_CURVE('',#1117,#1114,#39,.T.);
#1319=EDGE_CURVE('',#1114,#1115,#43,.T.);
#1321=EDGE_CURVE('',#1115,#1287,#47,.T.);
#1325=ADVANCED_FACE('',(#1324),#1310,.F.);
#1332=EDGE_CURVE('',#1297,#1287,#52,.T.);
#1334=EDGE_CURVE('',#1289,#1297,#385,.T.);
#1336=EDGE_CURVE('',#1281,#1289,#473,.T.);
#1338=EDGE_CURVE('',#1286,#1281,#341,.T.);
#1342=ADVANCED_FACE('',(#1341),#1330,.F.);
#1348=EDGE_CURVE('',#1292,#1293,#1061,.T.);
#1350=EDGE_CURVE('',#1283,#1292,#349,.T.);
#1352=EDGE_CURVE('',#1283,#1295,#444,.T.);
#1354=EDGE_CURVE('',#1293,#1295,#369,.T.);
#1358=ADVANCED_FACE('',(#1357),#1347,.F.);
#1366=EDGE_CURVE('',#1115,#1124,#60,.T.);
#1368=EDGE_CURVE('',#1124,#1297,#389,.T.);
#1372=ADVANCED_FACE('',(#1371),#1363,.T.);
#1378=EDGE_CURVE('',#1127,#1128,#72,.T.);
#1380=EDGE_CURVE('',#1130,#1127,#76,.T.);
#1382=EDGE_CURVE('',#1129,#1130,#87,.T.);
#1384=EDGE_CURVE('',#1129,#1124,#394,.T.);
#1388=EDGE_CURVE('',#1128,#1114,#281,.T.);
#1392=EDGE_CURVE('',#1141,#1142,#92,.T.);
#1394=EDGE_CURVE('',#1146,#1141,#96,.T.);
#1396=EDGE_CURVE('',#1145,#1146,#101,.T.);
#1398=EDGE_CURVE('',#1142,#1145,#554,.T.);
#1402=ADVANCED_FACE('',(#1391,#1401),#1377,.T.);
#1408=EDGE_CURVE('',#1216,#1214,#112,.T.);
#1410=EDGE_CURVE('',#1127,#1216,#526,.T.);
#1413=EDGE_CURVE('',#1128,#1214,#276,.T.);
#1417=ADVANCED_FACE('',(#1416),#1407,.T.);
#1468=EDGE_CURVE('',#1214,#1210,#122,.T.);
#1470=EDGE_CURVE('',#1217,#1210,#239,.T.);
#1472=EDGE_CURVE('',#1216,#1217,#117,.T.);
#1476=ADVANCED_FACE('',(#1475),#1466,.T.);
#1482=EDGE_CURVE('',#1210,#1211,#141,.T.);
#1485=EDGE_CURVE('',#1214,#1215,#272,.T.);
#1487=EDGE_CURVE('',#1215,#1211,#136,.T.);
#1491=ADVANCED_FACE('',(#1490),#1481,.T.);
#1498=EDGE_CURVE('',#1085,#1211,#243,.T.);
#1500=EDGE_CURVE('',#1084,#1085,#465,.T.);
#1502=EDGE_CURVE('',#1279,#1084,#259,.T.);
#1504=EDGE_CURVE('',#1279,#1275,#146,.T.);
#1506=EDGE_CURVE('',#1275,#1273,#157,.T.);
#1508=EDGE_CURVE('',#1273,#1269,#161,.T.);
#1510=EDGE_CURVE('',#1179,#1269,#166,.T.);
#1512=EDGE_CURVE('',#1178,#1179,#170,.T.);
#1514=EDGE_CURVE('',#1253,#1178,#175,.T.);
#1516=EDGE_CURVE('',#1253,#1249,#179,.T.);
#1518=EDGE_CURVE('',#1249,#1247,#190,.T.);
#1520=EDGE_CURVE('',#1247,#1243,#195,.T.);
#1522=EDGE_CURVE('',#1243,#1241,#206,.T.);
#1524=EDGE_CURVE('',#1241,#1237,#210,.T.);
#1526=EDGE_CURVE('',#1170,#1237,#215,.T.);
#1528=EDGE_CURVE('',#1169,#1170,#219,.T.);
#1530=EDGE_CURVE('',#1221,#1169,#224,.T.);
#1532=EDGE_CURVE('',#1221,#1217,#228,.T.);
#1537=ADVANCED_FACE('',(#1536),#1496,.F.);
#1545=EDGE_CURVE('',#1126,#1215,#247,.T.);
#1547=EDGE_CURVE('',#1111,#1126,#251,.T.);
#1549=EDGE_CURVE('',#1111,#1099,#328,.T.);
#1551=EDGE_CURVE('',#1092,#1099,#481,.T.);
#1553=EDGE_CURVE('',#1092,#1085,#469,.T.);
#1557=ADVANCED_FACE('',(#1556),#1542,.T.);
#1563=EDGE_CURVE('',#1277,#1123,#255,.T.);
#1565=EDGE_CURVE('',#1279,#1277,#1057,.T.);
#1568=EDGE_CURVE('',#1084,#1096,#460,.T.);
#1570=EDGE_CURVE('',#1096,#1088,#263,.T.);
#1572=EDGE_CURVE('',#1088,#1089,#357,.T.);
#1574=EDGE_CURVE('',#1089,#1123,#267,.T.);
#1578=ADVANCED_FACE('',(#1577),#1562,.T.);
#1588=EDGE_CURVE('',#1126,#1117,#300,.T.);
#1593=ADVANCED_FACE('',(#1592),#1583,.T.);
#1599=EDGE_CURVE('',#1277,#1274,#286,.T.);
#1602=EDGE_CURVE('',#1123,#1120,#1069,.T.);
#1604=EDGE_CURVE('',#1120,#1133,#291,.T.);
#1606=EDGE_CURVE('',#1274,#1133,#295,.T.);
#1610=ADVANCED_FACE('',(#1609),#1598,.T.);
#1618=EDGE_CURVE('',#1110,#1111,#333,.T.);
#1623=ADVANCED_FACE('',(#1622),#1615,.T.);
#1629=EDGE_CURVE('',#1099,#1281,#324,.T.);
#1637=EDGE_CURVE('',#1102,#1103,#305,.T.);
#1639=EDGE_CURVE('',#1103,#1102,#310,.T.);
#1643=ADVANCED_FACE('',(#1636,#1642),#1628,.T.);
#1649=EDGE_CURVE('',#1283,#1088,#345,.T.);
#1652=EDGE_CURVE('',#1089,#1292,#353,.T.);
#1657=EDGE_CURVE('',#1106,#1107,#315,.T.);
#1659=EDGE_CURVE('',#1107,#1106,#320,.T.);
#1663=ADVANCED_FACE('',(#1656,#1662),#1648,.T.);
#1669=EDGE_CURVE('',#1300,#1102,#365,.T.);
#1671=EDGE_CURVE('',#1300,#1301,#421,.T.);
#1673=EDGE_CURVE('',#1103,#1301,#361,.T.);
#1678=ADVANCED_FACE('',(#1677),#1668,.F.);
#1685=EDGE_CURVE('',#1301,#1300,#426,.T.);
#1691=ADVANCED_FACE('',(#1690),#1683,.F.);
#1698=EDGE_CURVE('',#1295,#1080,#373,.T.);
#1700=EDGE_CURVE('',#1080,#1081,#377,.T.);
#1702=EDGE_CURVE('',#1081,#1289,#381,.T.);
#1707=EDGE_CURVE('',#1242,#1129,#398,.T.);
#1709=EDGE_CURVE('',#1245,#1242,#403,.T.);
#1711=EDGE_CURVE('',#1132,#1245,#407,.T.);
#1713=EDGE_CURVE('',#1121,#1132,#412,.T.);
#1715=EDGE_CURVE('',#1121,#1293,#416,.T.);
#1723=EDGE_CURVE('',#1304,#1305,#431,.T.);
#1725=EDGE_CURVE('',#1305,#1304,#436,.T.);
#1729=ADVANCED_FACE('',(#1718,#1722,#1728),#1696,.T.);
#1737=EDGE_CURVE('',#1096,#1097,#456,.T.);
#1739=EDGE_CURVE('',#1097,#1080,#440,.T.);
#1745=ADVANCED_FACE('',(#1744),#1734,.F.);
#1751=EDGE_CURVE('',#1092,#1093,#448,.T.);
#1753=EDGE_CURVE('',#1097,#1093,#452,.T.);
#1761=ADVANCED_FACE('',(#1760),#1750,.T.);
#1770=EDGE_CURVE('',#1093,#1081,#477,.T.);
#1776=ADVANCED_FACE('',(#1775),#1766,.T.);
#1788=ADVANCED_FACE('',(#1787),#1781,.T.);
#1794=EDGE_CURVE('',#1242,#1239,#492,.T.);
#1798=EDGE_CURVE('',#1239,#1130,#522,.T.);
#1802=ADVANCED_FACE('',(#1801),#1793,.T.);
#1853=EDGE_CURVE('',#1239,#1241,#502,.T.);
#1856=EDGE_CURVE('',#1242,#1243,#497,.T.);
#1860=ADVANCED_FACE('',(#1859),#1851,.T.);
#1866=EDGE_CURVE('',#1239,#1234,#518,.T.);
#1868=EDGE_CURVE('',#1234,#1237,#643,.T.);
#1874=ADVANCED_FACE('',(#1873),#1865,.T.);
#1880=EDGE_CURVE('',#1219,#1216,#506,.T.);
#1882=EDGE_CURVE('',#1225,#1219,#510,.T.);
#1884=EDGE_CURVE('',#1235,#1225,#661,.T.);
#1886=EDGE_CURVE('',#1234,#1235,#514,.T.);
#1894=ADVANCED_FACE('',(#1893),#1879,.T.);
#1903=EDGE_CURVE('',#1219,#1221,#531,.T.);
#1907=ADVANCED_FACE('',(#1906),#1899,.T.);
#1913=EDGE_CURVE('',#1223,#1221,#541,.T.);
#1915=EDGE_CURVE('',#1219,#1223,#536,.T.);
#1920=ADVANCED_FACE('',(#1919),#1912,.T.);
#1928=EDGE_CURVE('',#1163,#1169,#550,.T.);
#1930=EDGE_CURVE('',#1163,#1164,#560,.T.);
#1932=EDGE_CURVE('',#1223,#1164,#680,.T.);
#1936=ADVANCED_FACE('',(#1935),#1925,.T.);
#1942=EDGE_CURVE('',#1163,#1166,#564,.T.);
#1946=EDGE_CURVE('',#1166,#1170,#657,.T.);
#1950=ADVANCED_FACE('',(#1949),#1941,.T.);
#1956=EDGE_CURVE('',#1138,#1171,#596,.T.);
#1958=EDGE_CURVE('',#1142,#1138,#782,.T.);
#1961=EDGE_CURVE('',#1149,#1145,#737,.T.);
#1963=EDGE_CURVE('',#1149,#1164,#684,.T.);
#1967=EDGE_CURVE('',#1171,#1166,#570,.T.);
#1971=ADVANCED_FACE('',(#1970),#1955,.F.);
#1977=EDGE_CURVE('',#1230,#1231,#574,.T.);
#1979=EDGE_CURVE('',#1231,#1158,#578,.T.);
#1981=EDGE_CURVE('',#1162,#1158,#764,.T.);
#1983=EDGE_CURVE('',#1162,#1152,#582,.T.);
#1985=EDGE_CURVE('',#1137,#1152,#587,.T.);
#1987=EDGE_CURVE('',#1137,#1138,#592,.T.);
#1990=EDGE_CURVE('',#1171,#1230,#601,.T.);
#1994=ADVANCED_FACE('',(#1993),#1976,.F.);
#2000=EDGE_CURVE('',#1259,#1255,#605,.T.);
#2002=EDGE_CURVE('',#1255,#1173,#610,.T.);
#2004=EDGE_CURVE('',#1173,#1199,#614,.T.);
#2006=EDGE_CURVE('',#1198,#1199,#619,.T.);
#2008=EDGE_CURVE('',#1190,#1198,#1002,.T.);
#2010=EDGE_CURVE('',#1190,#1183,#623,.T.);
#2012=EDGE_CURVE('',#1187,#1183,#980,.T.);
#2014=EDGE_CURVE('',#1187,#1259,#627,.T.);
#2018=ADVANCED_FACE('',(#2017),#1999,.F.);
#2025=EDGE_CURVE('',#1234,#1230,#632,.T.);
#2028=EDGE_CURVE('',#1235,#1231,#638,.T.);
#2032=ADVANCED_FACE('',(#2031),#2023,.T.);
#2038=EDGE_CURVE('',#1237,#1230,#648,.T.);
#2044=ADVANCED_FACE('',(#2043),#2037,.T.);
#2057=ADVANCED_FACE('',(#2056),#2049,.T.);
#2066=EDGE_CURVE('',#1227,#1225,#671,.T.);
#2068=EDGE_CURVE('',#1227,#1157,#702,.T.);
#2070=EDGE_CURVE('',#1157,#1158,#665,.T.);
#2074=ADVANCED_FACE('',(#2073),#2062,.F.);
#2082=EDGE_CURVE('',#1227,#1223,#675,.T.);
#2087=ADVANCED_FACE('',(#2086),#2079,.T.);
#2096=EDGE_CURVE('',#1149,#1150,#689,.T.);
#2098=EDGE_CURVE('',#1154,#1150,#694,.T.);
#2100=EDGE_CURVE('',#1161,#1154,#698,.T.);
#2102=EDGE_CURVE('',#1157,#1161,#759,.T.);
#2107=ADVANCED_FACE('',(#2106),#2092,.T.);
#2113=EDGE_CURVE('',#1262,#1263,#706,.T.);
#2115=EDGE_CURVE('',#1186,#1263,#710,.T.);
#2117=EDGE_CURVE('',#1182,#1186,#975,.T.);
#2119=EDGE_CURVE('',#1191,#1182,#714,.T.);
#2121=EDGE_CURVE('',#1207,#1191,#997,.T.);
#2123=EDGE_CURVE('',#1206,#1207,#719,.T.);
#2125=EDGE_CURVE('',#1174,#1206,#723,.T.);
#2127=EDGE_CURVE('',#1174,#1262,#728,.T.);
#2131=ADVANCED_FACE('',(#2130),#2112,.T.);
#2138=EDGE_CURVE('',#1150,#1146,#746,.T.);
#2144=ADVANCED_FACE('',(#2143),#2136,.T.);
#2151=EDGE_CURVE('',#1154,#1152,#750,.T.);
#2156=EDGE_CURVE('',#1137,#1141,#773,.T.);
#2160=ADVANCED_FACE('',(#2159),#2149,.T.);
#2168=EDGE_CURVE('',#1161,#1162,#754,.T.);
#2173=ADVANCED_FACE('',(#2172),#2165,.F.);
#2185=ADVANCED_FACE('',(#2184),#2178,.T.);
#2197=ADVANCED_FACE('',(#2196),#2190,.T.);
#2204=EDGE_CURVE('',#1266,#1262,#787,.T.);
#2206=EDGE_CURVE('',#1266,#1267,#921,.T.);
#2208=EDGE_CURVE('',#1267,#1263,#793,.T.);
#2212=ADVANCED_FACE('',(#2211),#2202,.T.);
#2218=EDGE_CURVE('',#1269,#1262,#803,.T.);
#2220=EDGE_CURVE('',#1266,#1269,#798,.T.);
#2225=ADVANCED_FACE('',(#2224),#2217,.T.);
#2233=EDGE_CURVE('',#1174,#1175,#832,.T.);
#2235=EDGE_CURVE('',#1175,#1179,#812,.T.);
#2240=ADVANCED_FACE('',(#2239),#2230,.T.);
#2247=EDGE_CURVE('',#1202,#1206,#841,.T.);
#2249=EDGE_CURVE('',#1202,#1195,#816,.T.);
#2251=EDGE_CURVE('',#1199,#1195,#1022,.T.);
#2254=EDGE_CURVE('',#1172,#1173,#822,.T.);
#2256=EDGE_CURVE('',#1172,#1175,#826,.T.);
#2261=ADVANCED_FACE('',(#2260),#2245,.F.);
#2267=EDGE_CURVE('',#1202,#1203,#883,.T.);
#2271=EDGE_CURVE('',#1207,#1203,#850,.T.);
#2275=ADVANCED_FACE('',(#2274),#2266,.T.);
#2281=EDGE_CURVE('',#1131,#1132,#862,.T.);
#2283=EDGE_CURVE('',#1131,#1134,#933,.T.);
#2285=EDGE_CURVE('',#1133,#1134,#873,.T.);
#2288=EDGE_CURVE('',#1120,#1121,#1065,.T.);
#2293=EDGE_CURVE('',#1194,#1195,#878,.T.);
#2297=EDGE_CURVE('',#1194,#1203,#992,.T.);
#2301=ADVANCED_FACE('',(#2292,#2300),#2280,.T.);
#2307=EDGE_CURVE('',#1248,#1245,#894,.T.);
#2309=EDGE_CURVE('',#1131,#1248,#937,.T.);
#2315=ADVANCED_FACE('',(#2314),#2306,.T.);
#2366=EDGE_CURVE('',#1245,#1247,#904,.T.);
#2369=EDGE_CURVE('',#1248,#1249,#899,.T.);
#2373=ADVANCED_FACE('',(#2372),#2364,.T.);
#2385=ADVANCED_FACE('',(#2384),#2378,.T.);
#2391=EDGE_CURVE('',#1251,#1248,#913,.T.);
#2395=EDGE_CURVE('',#1251,#1253,#909,.T.);
#2399=ADVANCED_FACE('',(#2398),#2390,.T.);
#2406=EDGE_CURVE('',#1257,#1251,#917,.T.);
#2408=EDGE_CURVE('',#1267,#1257,#966,.T.);
#2411=EDGE_CURVE('',#1271,#1266,#925,.T.);
#2413=EDGE_CURVE('',#1271,#1134,#929,.T.);
#2419=ADVANCED_FACE('',(#2418),#2404,.T.);
#2426=EDGE_CURVE('',#1251,#1255,#948,.T.);
#2429=EDGE_CURVE('',#1259,#1257,#943,.T.);
#2433=ADVANCED_FACE('',(#2432),#2424,.T.);
#2439=EDGE_CURVE('',#1255,#1253,#953,.T.);
#2445=ADVANCED_FACE('',(#2444),#2438,.T.);
#2453=EDGE_CURVE('',#1172,#1178,#962,.T.);
#2459=ADVANCED_FACE('',(#2458),#2450,.T.);
#2471=ADVANCED_FACE('',(#2470),#2464,.T.);
#2482=EDGE_CURVE('',#1186,#1187,#970,.T.);
#2486=ADVANCED_FACE('',(#2485),#2476,.F.);
#2492=EDGE_CURVE('',#1182,#1183,#984,.T.);
#2499=ADVANCED_FACE('',(#2498),#2491,.T.);
#2507=EDGE_CURVE('',#1190,#1191,#988,.T.);
#2512=ADVANCED_FACE('',(#2511),#2504,.F.);
#2523=EDGE_CURVE('',#1194,#1198,#1013,.T.);
#2527=ADVANCED_FACE('',(#2526),#2517,.T.);
#2539=ADVANCED_FACE('',(#2538),#2532,.T.);
#2548=EDGE_CURVE('',#1271,#1273,#1027,.T.);
#2552=ADVANCED_FACE('',(#2551),#2544,.T.);
#2602=EDGE_CURVE('',#1274,#1271,#1043,.T.);
#2606=EDGE_CURVE('',#1274,#1275,#1032,.T.);
#2610=ADVANCED_FACE('',(#2609),#2601,.T.);
#2622=ADVANCED_FACE('',(#2621),#2615,.T.);
#2634=ADVANCED_FACE('',(#2633),#2627,.T.);
#2648=ADVANCED_FACE('',(#2647),#2639,.T.);
#2654=EDGE_CURVE('',#1304,#1106,#1077,.T.);
#2657=EDGE_CURVE('',#1107,#1305,#1073,.T.);
#2662=ADVANCED_FACE('',(#2661),#2653,.F.);
#2674=ADVANCED_FACE('',(#2673),#2667,.F.);
#2677=(LENGTH_UNIT()NAMED_UNIT(*)SI_UNIT(.MILLI.,.METRE.));
#2678=(NAMED_UNIT(*)PLANE_ANGLE_UNIT()SI_UNIT($,.RADIAN.));
#2681=(NAMED_UNIT(*)SI_UNIT($,.STERADIAN.)SOLID_ANGLE_UNIT());
#2683=(GEOMETRIC_REPRESENTATION_CONTEXT(3)GLOBAL_UNCERTAINTY_ASSIGNED_CONTEXT((
#2682))GLOBAL_UNIT_ASSIGNED_CONTEXT((#2677,#2680,#2681))REPRESENTATION_CONTEXT(
'ID1','external'));
#2687=AXIS2_PLACEMENT_3D('',#2684,#2685,#2686);
#2688=ADVANCED_BREP_SHAPE_REPRESENTATION('',(#2687,#2676),#2683);
#2695=PRODUCT_DEFINITION('part definition','',#2694,#2691);
#2696=PRODUCT_DEFINITION_SHAPE('','SHAPE FOR INTERLINK.',#2695);
#2697=SHAPE_ASPECT('','solid data associated with INTERLINK',#2696,.F.);
#2698=PROPERTY_DEFINITION('',
'shape for solid data with which properties are associated',#2697);
#2699=SHAPE_REPRESENTATION('',(#2676),#2683);
#2700=SHAPE_DEFINITION_REPRESENTATION(#2698,#2699);
#2701=(LENGTH_UNIT()NAMED_UNIT(*)SI_UNIT(.MILLI.,.METRE.));
#2705=PROPERTY_DEFINITION('geometric validation property','area of INTERLINK',
#2697);
#2706=REPRESENTATION('surface area',(#2704),#2683);
#2707=PROPERTY_DEFINITION_REPRESENTATION(#2705,#2706);
#2708=(LENGTH_UNIT()NAMED_UNIT(*)SI_UNIT(.MILLI.,.METRE.));
#2712=PROPERTY_DEFINITION('geometric validation property','volume of INTERLINK',
#2697);
#2713=REPRESENTATION('volume',(#2711),#2683);
#2714=PROPERTY_DEFINITION_REPRESENTATION(#2712,#2713);
#2716=PROPERTY_DEFINITION('geometric validation property',
'centroid of INTERLINK',#2697);
#2717=REPRESENTATION('centroid',(#2715),#2683);
#2718=PROPERTY_DEFINITION_REPRESENTATION(#2716,#2717);
#2719=(LENGTH_UNIT()NAMED_UNIT(*)SI_UNIT(.MILLI.,.METRE.));
#2723=PROPERTY_DEFINITION('geometric validation property','area of INTERLINK',
#2696);
#2724=REPRESENTATION('surface area',(#2722),#2683);
#2725=PROPERTY_DEFINITION_REPRESENTATION(#2723,#2724);
#2726=(LENGTH_UNIT()NAMED_UNIT(*)SI_UNIT(.MILLI.,.METRE.));
#2730=PROPERTY_DEFINITION('geometric validation property','volume of INTERLINK',
#2696);
#2731=REPRESENTATION('volume',(#2729),#2683);
#2732=PROPERTY_DEFINITION_REPRESENTATION(#2730,#2731);
#2734=PROPERTY_DEFINITION('geometric validation property',
'centroid of INTERLINK',#2696);
#2735=REPRESENTATION('centroid',(#2733),#2683);
#2736=PROPERTY_DEFINITION_REPRESENTATION(#2734,#2735);
#2737=SHAPE_DEFINITION_REPRESENTATION(#2696,#2688);
#2738=PRODUCT_RELATED_PRODUCT_CATEGORY('part','',(#2693));
ENDSEC;
END-ISO-10303-21;
