ISO-10303-21;
HEADER;
FILE_DESCRIPTION((''),'2;1');
FILE_NAME('LINK3','2026-08-09T09:56:41',('gram2'),(''),
'CREO PARAMETRIC BY PTC INC, 2016510','CREO PARAMETRIC BY PTC INC, 2016510','');
FILE_SCHEMA(('AUTOMOTIVE_DESIGN { 1 0 10303 214 1 1 1 1 }'));
ENDSEC;
DATA;
#28=DIRECTION('',(0.E0,0.E0,-1.E0));
#29=VECTOR('',#28,5.E0);
#30=CARTESIAN_POINT('',(1.100938213809E2,-5.626610113046E1,3.E1));
#31=LINE('',#30,#29);
#32=CARTESIAN_POINT('',(1.167834786983E2,-5.420491579771E1,2.5E1));
#33=DIRECTION('',(0.E0,0.E0,1.E0));
#34=DIRECTION('',(-9.556653310549E-1,-2.944550475364E-1,0.E0));
#35=AXIS2_PLACEMENT_3D('',#32,#33,#34);
#37=DIRECTION('',(0.E0,0.E0,1.E0));
#38=VECTOR('',#37,6.25E0);
#39=CARTESIAN_POINT('',(1.101138688441E2,-5.633007564880E1,1.875E1));
#40=LINE('',#39,#38);
#41=CARTESIAN_POINT('',(1.167834786983E2,-5.420491579771E1,1.875E1));
#42=DIRECTION('',(0.E0,0.E0,1.E0));
#43=DIRECTION('',(2.894076348932E-1,-9.572059448549E-1,0.E0));
#44=AXIS2_PLACEMENT_3D('',#41,#42,#43);
#46=DIRECTION('',(0.E0,0.E0,-1.E0));
#47=VECTOR('',#46,6.25E0);
#48=CARTESIAN_POINT('',(1.188093321426E2,-6.090535741169E1,2.5E1));
#49=LINE('',#48,#47);
#50=CARTESIAN_POINT('',(1.167834786983E2,-5.420491579771E1,2.5E1));
#51=DIRECTION('',(0.E0,0.E0,-1.E0));
#52=DIRECTION('',(2.894076348932E-1,-9.572059448549E-1,0.E0));
#53=AXIS2_PLACEMENT_3D('',#50,#51,#52);
#55=DIRECTION('',(0.E0,0.E0,-1.E0));
#56=VECTOR('',#55,5.E0);
#57=CARTESIAN_POINT('',(1.187828049609E2,-6.091332056305E1,3.E1));
#58=LINE('',#57,#56);
#59=DIRECTION('',(0.E0,0.E0,-1.E0));
#60=VECTOR('',#59,5.E0);
#61=CARTESIAN_POINT('',(1.100938213809E2,-5.626610113046E1,0.E0));
#62=LINE('',#61,#60);
#63=DIRECTION('',(0.E0,0.E0,-1.E0));
#64=VECTOR('',#63,5.E0);
#65=CARTESIAN_POINT('',(1.187828049609E2,-6.091332056305E1,0.E0));
#66=LINE('',#65,#64);
#67=CARTESIAN_POINT('',(1.167834786983E2,-5.420491579771E1,0.E0));
#68=DIRECTION('',(0.E0,0.E0,-1.E0));
#69=DIRECTION('',(2.894076348932E-1,-9.572059448549E-1,0.E0));
#70=AXIS2_PLACEMENT_3D('',#67,#68,#69);
#72=DIRECTION('',(0.E0,0.E0,-1.E0));
#73=VECTOR('',#72,6.25E0);
#74=CARTESIAN_POINT('',(1.188093321426E2,-6.090535741169E1,6.25E0));
#75=LINE('',#74,#73);
#76=CARTESIAN_POINT('',(1.167834786983E2,-5.420491579771E1,6.25E0));
#77=DIRECTION('',(0.E0,0.E0,1.E0));
#78=DIRECTION('',(2.894076348932E-1,-9.572059448549E-1,0.E0));
#79=AXIS2_PLACEMENT_3D('',#76,#77,#78);
#81=DIRECTION('',(0.E0,0.E0,1.E0));
#82=VECTOR('',#81,6.25E0);
#83=CARTESIAN_POINT('',(1.101138688441E2,-5.633007564880E1,0.E0));
#84=LINE('',#83,#82);
#85=CARTESIAN_POINT('',(1.167834786983E2,-5.420491579771E1,0.E0));
#86=DIRECTION('',(0.E0,0.E0,1.E0));
#87=DIRECTION('',(-9.556653310549E-1,-2.944550475364E-1,0.E0));
#88=AXIS2_PLACEMENT_3D('',#85,#86,#87);
#90=DIRECTION('',(-1.195597436179E-1,-9.928270079455E-1,0.E0));
#91=VECTOR('',#90,3.252816206284E0);
#92=CARTESIAN_POINT('',(1.100938213809E2,-5.626610113046E1,3.E1));
#93=LINE('',#92,#91);
#94=DIRECTION('',(1.195597436179E-1,9.928270079455E-1,0.E0));
#95=VECTOR('',#94,3.252816206284E0);
#96=CARTESIAN_POINT('',(1.097049155093E2,-5.949558491194E1,2.5E1));
#97=LINE('',#96,#95);
#98=CARTESIAN_POINT('',(1.167834786983E2,-5.420491579771E1,3.E1));
#99=DIRECTION('',(0.E0,0.E0,1.E0));
#100=DIRECTION('',(0.E0,1.E0,0.E0));
#101=AXIS2_PLACEMENT_3D('',#98,#99,#100);
#103=CARTESIAN_POINT('',(1.167834786983E2,-5.420491579771E1,3.E1));
#104=DIRECTION('',(0.E0,0.E0,1.E0));
#105=DIRECTION('',(0.E0,-1.E0,0.E0));
#106=AXIS2_PLACEMENT_3D('',#103,#104,#105);
#108=CARTESIAN_POINT('',(1.167834786983E2,-5.420491579771E1,3.E1));
#109=DIRECTION('',(0.E0,0.E0,-1.E0));
#110=DIRECTION('',(-9.556653310549E-1,-2.944550475364E-1,0.E0));
#111=AXIS2_PLACEMENT_3D('',#108,#109,#110);
#113=DIRECTION('',(-4.980033266345E-1,-8.671751187972E-1,0.E0));
#114=VECTOR('',#113,5.909814529606E0);
#115=CARTESIAN_POINT('',(1.164565766358E2,-6.275468140814E1,3.E1));
#116=LINE('',#115,#114);
#117=DIRECTION('',(-5.351727413050E-1,-8.447426454039E-1,0.E0));
#118=VECTOR('',#117,7.788030684479E0);
#119=CARTESIAN_POINT('',(1.135134693403E2,-6.787952552492E1,3.E1));
#120=LINE('',#119,#118);
#121=DIRECTION('',(-5.765147599185E-1,-8.170867344389E-1,0.E0));
#122=VECTOR('',#121,6.939217967454E0);
#123=CARTESIAN_POINT('',(1.093455276095E2,-7.445840716781E1,3.E1));
#124=LINE('',#123,#122);
#125=DIRECTION('',(7.059367848488E-1,-7.082748448147E-1,0.E0));
#126=VECTOR('',#125,7.551799848535E0);
#127=CARTESIAN_POINT('',(1.000138727240E2,-7.477960025060E1,3.E1));
#128=LINE('',#127,#126);
#129=DIRECTION('',(5.765147599185E-1,8.170867344389E-1,0.E0));
#130=VECTOR('',#129,6.328706697628E0);
#131=CARTESIAN_POINT('',(1.000138727240E2,-7.477960025060E1,3.E1));
#132=LINE('',#131,#130);
#133=DIRECTION('',(5.129158978339E-1,8.584388631401E-1,0.E0));
#134=VECTOR('',#133,1.178058622938E1);
#135=CARTESIAN_POINT('',(1.036624655464E2,-6.960849796182E1,3.E1));
#136=LINE('',#135,#134);
#137=CARTESIAN_POINT('',(1.167834786983E2,-5.420491579771E1,0.E0));
#138=DIRECTION('',(0.E0,0.E0,1.E0));
#139=DIRECTION('',(-1.E0,0.E0,0.E0));
#140=AXIS2_PLACEMENT_3D('',#137,#138,#139);
#142=CARTESIAN_POINT('',(1.167834786983E2,-5.420491579771E1,6.25E0));
#143=DIRECTION('',(0.E0,0.E0,-1.E0));
#144=DIRECTION('',(-1.E0,0.E0,0.E0));
#145=AXIS2_PLACEMENT_3D('',#142,#143,#144);
#147=DIRECTION('',(0.E0,0.E0,1.E0));
#148=VECTOR('',#147,6.25E0);
#149=CARTESIAN_POINT('',(1.194981842040E2,-5.714266561979E1,0.E0));
#150=LINE('',#149,#148);
#151=CARTESIAN_POINT('',(1.167834786983E2,-5.420491579771E1,0.E0));
#152=DIRECTION('',(0.E0,0.E0,-1.E0));
#153=DIRECTION('',(0.E0,1.E0,0.E0));
#154=AXIS2_PLACEMENT_3D('',#151,#152,#153);
#156=DIRECTION('',(0.E0,0.E0,-1.E0));
#157=VECTOR('',#156,5.E0);
#158=CARTESIAN_POINT('',(1.167834786983E2,-5.020491579771E1,0.E0));
#159=LINE('',#158,#157);
#160=CARTESIAN_POINT('',(1.167834786983E2,-5.420491579771E1,1.875E1));
#161=DIRECTION('',(0.E0,0.E0,1.E0));
#162=DIRECTION('',(6.786763764316E-1,-7.344374555220E-1,0.E0));
#163=AXIS2_PLACEMENT_3D('',#160,#161,#162);
#165=CARTESIAN_POINT('',(1.167834786983E2,-5.420491579771E1,2.5E1));
#166=DIRECTION('',(0.E0,0.E0,1.E0));
#167=DIRECTION('',(-1.E0,0.E0,0.E0));
#168=AXIS2_PLACEMENT_3D('',#165,#166,#167);
#170=DIRECTION('',(0.E0,0.E0,1.E0));
#171=VECTOR('',#170,5.E0);
#172=CARTESIAN_POINT('',(1.167834786983E2,-5.020491579771E1,2.5E1));
#173=LINE('',#172,#171);
#174=CARTESIAN_POINT('',(1.167834786983E2,-5.420491579771E1,2.5E1));
#175=DIRECTION('',(0.E0,0.E0,-1.E0));
#176=DIRECTION('',(0.E0,1.E0,0.E0));
#177=AXIS2_PLACEMENT_3D('',#174,#175,#176);
#179=DIRECTION('',(0.E0,0.E0,1.E0));
#180=VECTOR('',#179,6.25E0);
#181=CARTESIAN_POINT('',(1.194981842040E2,-5.714266561979E1,1.875E1));
#182=LINE('',#181,#180);
#183=DIRECTION('',(0.E0,0.E0,-1.E0));
#184=VECTOR('',#183,6.25E0);
#185=CARTESIAN_POINT('',(1.127834786983E2,-5.420491579771E1,6.25E0));
#186=LINE('',#185,#184);
#187=DIRECTION('',(0.E0,0.E0,-1.E0));
#188=VECTOR('',#187,5.E0);
#189=CARTESIAN_POINT('',(1.167834786983E2,-5.820491579771E1,0.E0));
#190=LINE('',#189,#188);
#191=DIRECTION('',(0.E0,0.E0,1.E0));
#192=VECTOR('',#191,5.E0);
#193=CARTESIAN_POINT('',(1.167834786983E2,-5.820491579771E1,2.5E1));
#194=LINE('',#193,#192);
#195=DIRECTION('',(0.E0,0.E0,-1.E0));
#196=VECTOR('',#195,6.25E0);
#197=CARTESIAN_POINT('',(1.127834786983E2,-5.420491579771E1,2.5E1));
#198=LINE('',#197,#196);
#199=CARTESIAN_POINT('',(1.167834786983E2,-5.420491579771E1,6.25E0));
#200=DIRECTION('',(0.E0,0.E0,1.E0));
#201=DIRECTION('',(-1.E0,0.E0,0.E0));
#202=AXIS2_PLACEMENT_3D('',#199,#200,#201);
#204=DIRECTION('',(8.270133426867E-1,-5.621822934051E-1,0.E0));
#205=VECTOR('',#204,7.426214426229E0);
#206=CARTESIAN_POINT('',(1.073718909241E2,-6.370463926746E1,6.25E0));
#207=LINE('',#206,#205);
#208=DIRECTION('',(7.793011563975E-1,6.266495891944E-1,0.E0));
#209=VECTOR('',#208,2.994376060602E0);
#210=CARTESIAN_POINT('',(1.164758114159E2,-6.278178193996E1,6.25E0));
#211=LINE('',#210,#209);
#212=DIRECTION('',(-7.793011563975E-1,-6.266495891944E-1,0.E0));
#213=VECTOR('',#212,2.994376060602E0);
#214=CARTESIAN_POINT('',(1.188093321426E2,-6.090535741169E1,0.E0));
#215=LINE('',#214,#213);
#216=DIRECTION('',(0.E0,0.E0,-1.E0));
#217=VECTOR('',#216,6.25E0);
#218=CARTESIAN_POINT('',(1.164758114159E2,-6.278178193996E1,6.25E0));
#219=LINE('',#218,#217);
#220=DIRECTION('',(0.E0,0.E0,1.E0));
#221=VECTOR('',#220,2.5E1);
#222=CARTESIAN_POINT('',(1.035893374704E2,-8.261657922256E1,0.E0));
#223=LINE('',#222,#221);
#224=DIRECTION('',(0.E0,0.E0,-1.E0));
#225=VECTOR('',#224,6.25E0);
#226=CARTESIAN_POINT('',(1.164758114159E2,-6.278178193996E1,2.5E1));
#227=LINE('',#226,#225);
#228=CARTESIAN_POINT('',(-3.945365794301E1,2.442056364391E1,1.875E1));
#229=DIRECTION('',(0.E0,0.E0,1.E0));
#230=DIRECTION('',(8.562066271232E-1,-5.166335371133E-1,0.E0));
#231=AXIS2_PLACEMENT_3D('',#228,#229,#230);
#233=DIRECTION('',(0.E0,0.E0,1.E0));
#234=VECTOR('',#233,1.25E1);
#235=CARTESIAN_POINT('',(1.135134693403E2,-6.787952552492E1,6.25E0));
#236=LINE('',#235,#234);
#237=CARTESIAN_POINT('',(-3.945365794301E1,2.442056364391E1,6.25E0));
#238=DIRECTION('',(0.E0,0.E0,1.E0));
#239=DIRECTION('',(8.562066271232E-1,-5.166335371133E-1,0.E0));
#240=AXIS2_PLACEMENT_3D('',#237,#238,#239);
#242=DIRECTION('',(-5.351727413050E-1,-8.447426454039E-1,0.E0));
#243=VECTOR('',#242,7.788030684480E0);
#244=CARTESIAN_POINT('',(1.135134693403E2,-6.787952552492E1,0.E0));
#245=LINE('',#244,#243);
#246=CARTESIAN_POINT('',(-3.945365794301E1,2.442056364391E1,0.E0));
#247=DIRECTION('',(0.E0,0.E0,1.E0));
#248=DIRECTION('',(8.328773053615E-1,-5.534576715646E-1,0.E0));
#249=AXIS2_PLACEMENT_3D('',#246,#247,#248);
#251=DIRECTION('',(-5.765147599185E-1,-8.170867344389E-1,0.E0));
#252=VECTOR('',#251,9.984462739257E0);
#253=CARTESIAN_POINT('',(1.093455276095E2,-7.445840716781E1,0.E0));
#254=LINE('',#253,#252);
#255=CARTESIAN_POINT('',(-3.945365794301E1,2.442056364391E1,0.E0));
#256=DIRECTION('',(0.E0,0.E0,1.E0));
#257=DIRECTION('',(8.006580421018E-1,-5.991216067025E-1,0.E0));
#258=AXIS2_PLACEMENT_3D('',#255,#256,#257);
#260=DIRECTION('',(-2.205400224922E-1,9.753779259749E-1,0.E0));
#261=VECTOR('',#260,7.501789598825E0);
#262=CARTESIAN_POINT('',(3.195667881720E1,-1.285885713389E2,0.E0));
#263=LINE('',#262,#261);
#264=CARTESIAN_POINT('',(0.E0,0.E0,0.E0));
#265=DIRECTION('',(0.E0,0.E0,1.E0));
#266=DIRECTION('',(2.411824816392E-1,-9.704797836897E-1,0.E0));
#267=AXIS2_PLACEMENT_3D('',#264,#265,#266);
#269=DIRECTION('',(-7.059367848488E-1,7.082748448147E-1,0.E0));
#270=VECTOR('',#269,7.538845167909E0);
#271=CARTESIAN_POINT('',(1.023233273066E2,-8.417949090435E1,0.E0));
#272=LINE('',#271,#270);
#273=CARTESIAN_POINT('',(0.E0,0.E0,0.E0));
#274=DIRECTION('',(0.E0,0.E0,-1.E0));
#275=DIRECTION('',(7.760110334980E-1,-6.307193321037E-1,0.E0));
#276=AXIS2_PLACEMENT_3D('',#273,#274,#275);
#278=CARTESIAN_POINT('',(-3.945365794301E1,2.442056364391E1,0.E0));
#279=DIRECTION('',(0.E0,0.E0,1.E0));
#280=DIRECTION('',(8.562066271232E-1,-5.166335371133E-1,0.E0));
#281=AXIS2_PLACEMENT_3D('',#278,#279,#280);
#283=DIRECTION('',(-7.840846301019E-1,-6.206539235661E-1,0.E0));
#284=VECTOR('',#283,2.966807709048E0);
#285=CARTESIAN_POINT('',(1.187828049609E2,-6.091332056305E1,0.E0));
#286=LINE('',#285,#284);
#287=DIRECTION('',(-4.980033266345E-1,-8.671751187972E-1,0.E0));
#288=VECTOR('',#287,5.909814529606E0);
#289=CARTESIAN_POINT('',(1.164565766358E2,-6.275468140814E1,0.E0));
#290=LINE('',#289,#288);
#291=DIRECTION('',(-2.842170943040E-14,-4.831690603169E-14,-1.E0));
#292=VECTOR('',#291,5.E0);
#293=CARTESIAN_POINT('',(1.135134693403E2,-6.787952552492E1,0.E0));
#294=LINE('',#293,#292);
#295=DIRECTION('',(0.E0,0.E0,-1.E0));
#296=VECTOR('',#295,5.E0);
#297=CARTESIAN_POINT('',(1.164565766358E2,-6.275468140814E1,0.E0));
#298=LINE('',#297,#296);
#299=DIRECTION('',(-7.840846301019E-1,-6.206539235661E-1,0.E0));
#300=VECTOR('',#299,2.966807709048E0);
#301=CARTESIAN_POINT('',(1.187828049609E2,-6.091332056305E1,-5.E0));
#302=LINE('',#301,#300);
#303=CARTESIAN_POINT('',(1.167834786983E2,-5.420491579771E1,-5.E0));
#304=DIRECTION('',(0.E0,0.E0,1.E0));
#305=DIRECTION('',(0.E0,1.E0,0.E0));
#306=AXIS2_PLACEMENT_3D('',#303,#304,#305);
#308=CARTESIAN_POINT('',(1.167834786983E2,-5.420491579771E1,-5.E0));
#309=DIRECTION('',(0.E0,0.E0,1.E0));
#310=DIRECTION('',(0.E0,-1.E0,0.E0));
#311=AXIS2_PLACEMENT_3D('',#308,#309,#310);
#313=DIRECTION('',(-4.980033266345E-1,-8.671751187972E-1,0.E0));
#314=VECTOR('',#313,5.909814529606E0);
#315=CARTESIAN_POINT('',(1.164565766358E2,-6.275468140814E1,-5.E0));
#316=LINE('',#315,#314);
#317=CARTESIAN_POINT('',(1.167834786983E2,-5.420491579771E1,-5.E0));
#318=DIRECTION('',(0.E0,0.E0,-1.E0));
#319=DIRECTION('',(-9.556653310549E-1,-2.944550475364E-1,0.E0));
#320=AXIS2_PLACEMENT_3D('',#317,#318,#319);
#322=DIRECTION('',(5.129158978339E-1,8.584388631401E-1,0.E0));
#323=VECTOR('',#322,1.178058622938E1);
#324=CARTESIAN_POINT('',(1.036624655464E2,-6.960849796182E1,-5.E0));
#325=LINE('',#324,#323);
#326=DIRECTION('',(5.765147599185E-1,8.170867344389E-1,0.E0));
#327=VECTOR('',#326,7.343788288229E0);
#328=CARTESIAN_POINT('',(9.942866320454E1,-7.560900995266E1,-5.E0));
#329=LINE('',#328,#327);
#330=DIRECTION('',(-7.059367848488E-1,7.082748448147E-1,0.E0));
#331=VECTOR('',#330,7.551799848535E0);
#332=CARTESIAN_POINT('',(1.047597565094E2,-8.095775981845E1,-5.E0));
#333=LINE('',#332,#331);
#334=DIRECTION('',(-5.765147599185E-1,-8.170867344389E-1,0.E0));
#335=VECTOR('',#334,7.954299558055E0);
#336=CARTESIAN_POINT('',(1.093455276095E2,-7.445840716781E1,-5.E0));
#337=LINE('',#336,#335);
#338=DIRECTION('',(-5.351727413050E-1,-8.447426454039E-1,0.E0));
#339=VECTOR('',#338,7.788030684479E0);
#340=CARTESIAN_POINT('',(1.135134693403E2,-6.787952552492E1,-5.E0));
#341=LINE('',#340,#339);
#342=DIRECTION('',(-1.195597436179E-1,-9.928270079455E-1,0.E0));
#343=VECTOR('',#342,3.252816206284E0);
#344=CARTESIAN_POINT('',(1.100938213809E2,-5.626610113046E1,0.E0));
#345=LINE('',#344,#343);
#346=DIRECTION('',(1.195597436179E-1,9.928270079455E-1,0.E0));
#347=VECTOR('',#346,3.252816206284E0);
#348=CARTESIAN_POINT('',(1.097049155093E2,-5.949558491194E1,-5.E0));
#349=LINE('',#348,#347);
#350=DIRECTION('',(5.765147599185E-1,8.170867344389E-1,0.E0));
#351=VECTOR('',#350,9.373951469431E0);
#352=CARTESIAN_POINT('',(9.825824416554E1,-7.726782935676E1,0.E0));
#353=LINE('',#352,#351);
#354=DIRECTION('',(5.129158978339E-1,8.584388631401E-1,0.E0));
#355=VECTOR('',#354,1.178058622938E1);
#356=CARTESIAN_POINT('',(1.036624655464E2,-6.960849796182E1,0.E0));
#357=LINE('',#356,#355);
#358=DIRECTION('',(-9.875630650821E-2,-9.951116479696E-1,0.E0));
#359=VECTOR('',#358,3.169642693337E0);
#360=CARTESIAN_POINT('',(1.101138688441E2,-5.633007564880E1,0.E0));
#361=LINE('',#360,#359);
#362=CARTESIAN_POINT('',(9.942866320454E1,-7.560900995266E1,-5.E0));
#363=CARTESIAN_POINT('',(9.923504249130E1,-7.588342602541E1,-5.E0));
#364=CARTESIAN_POINT('',(9.893028373514E1,-7.631535657460E1,-4.856928779557E0));
#365=CARTESIAN_POINT('',(9.858576220106E1,-7.680364238235E1,-4.446981589888E0));
#366=CARTESIAN_POINT('',(9.834387641998E1,-7.714646389656E1,-3.859006429138E0));
#367=CARTESIAN_POINT('',(9.825824416554E1,-7.726782935676E1,-3.335846931767E0));
#368=CARTESIAN_POINT('',(9.825824416554E1,-7.726782935676E1,-3.E0));
#370=DIRECTION('',(5.684341886081E-14,9.947598300641E-14,1.E0));
#371=VECTOR('',#370,2.E0);
#372=CARTESIAN_POINT('',(9.825824416554E1,-7.726782935676E1,-2.E0));
#373=LINE('',#372,#371);
#374=DIRECTION('',(0.E0,1.421085471520E-14,-1.E0));
#375=VECTOR('',#374,1.E0);
#376=CARTESIAN_POINT('',(9.825824416554E1,-7.726782935676E1,-2.E0));
#377=LINE('',#376,#375);
#378=DIRECTION('',(-7.059367848488E-1,7.082748448147E-1,0.E0));
#379=VECTOR('',#378,7.551799848535E0);
#380=CARTESIAN_POINT('',(1.035893374704E2,-8.261657922256E1,-3.E0));
#381=LINE('',#380,#379);
#382=DIRECTION('',(-7.059367848488E-1,7.082748448147E-1,0.E0));
#383=VECTOR('',#382,7.551799848535E0);
#384=CARTESIAN_POINT('',(1.035893374704E2,-8.261657922256E1,-2.E0));
#385=LINE('',#384,#383);
#386=DIRECTION('',(0.E0,0.E0,-1.E0));
#387=VECTOR('',#386,1.E0);
#388=CARTESIAN_POINT('',(1.035893374704E2,-8.261657922256E1,-2.E0));
#389=LINE('',#388,#387);
#390=CARTESIAN_POINT('',(1.023233273066E2,-8.417949090435E1,0.E0));
#391=CARTESIAN_POINT('',(1.024569632871E2,-8.401705135961E1,0.E0));
#392=CARTESIAN_POINT('',(1.027234350277E2,-8.369152451521E1,
-6.570949767651E-2));
#393=CARTESIAN_POINT('',(1.030848075532E2,-8.324578932923E1,
-3.579109099725E-1));
#394=CARTESIAN_POINT('',(1.033652254935E2,-8.289707874116E1,
-8.028633517630E-1));
#395=CARTESIAN_POINT('',(1.035487390562E2,-8.266752870430E1,-1.375223516081E0));
#396=CARTESIAN_POINT('',(1.035893374704E2,-8.261657922256E1,-1.792086369058E0));
#397=CARTESIAN_POINT('',(1.035893374704E2,-8.261657922256E1,-2.E0));
#399=CARTESIAN_POINT('',(9.825824416554E1,-7.726782935676E1,-2.E0));
#400=CARTESIAN_POINT('',(9.825824416554E1,-7.726782935676E1,-1.821199495805E0));
#401=CARTESIAN_POINT('',(9.822807559773E1,-7.730621024787E1,-1.479257013731E0));
#402=CARTESIAN_POINT('',(9.811953060728E1,-7.744399841775E1,-1.047833638442E0));
#403=CARTESIAN_POINT('',(9.796618646834E1,-7.763795244707E1,
-6.912006075344E-1));
#404=CARTESIAN_POINT('',(9.777392243947E1,-7.788003319615E1,
-3.995455980103E-1));
#405=CARTESIAN_POINT('',(9.753837297878E1,-7.817493054254E1,
-1.717487968515E-1));
#406=CARTESIAN_POINT('',(9.727622307323E1,-7.850094423798E1,
-3.145188809658E-2));
#407=CARTESIAN_POINT('',(9.709304408208E1,-7.872713580981E1,0.E0));
#408=CARTESIAN_POINT('',(9.700137918725E1,-7.883991651297E1,0.E0));
#410=DIRECTION('',(0.E0,0.E0,1.E0));
#411=VECTOR('',#410,1.932387641216E1);
#412=CARTESIAN_POINT('',(4.632871450636E1,-1.241366191427E2,2.838061793919E0));
#413=LINE('',#412,#411);
#414=CARTESIAN_POINT('',(4.632871450636E1,-1.241366191427E2,2.216193820608E1));
#415=CARTESIAN_POINT('',(4.471983797124E1,-1.247370638962E2,2.210034172065E1));
#416=CARTESIAN_POINT('',(4.150699102270E1,-1.258648578759E2,2.197852389394E1));
#417=CARTESIAN_POINT('',(3.671168831920E1,-1.273449976518E2,2.183627636605E1));
#418=CARTESIAN_POINT('',(3.353696935938E1,-1.281958394128E2,2.178386400997E1));
#419=CARTESIAN_POINT('',(3.195667881720E1,-1.285885713389E2,2.176988609443E1));
#421=DIRECTION('',(0.E0,0.E0,1.E0));
#422=VECTOR('',#421,3.230113905568E0);
#423=CARTESIAN_POINT('',(3.195667881720E1,-1.285885713389E2,2.176988609443E1));
#424=LINE('',#423,#422);
#425=DIRECTION('',(0.E0,0.E0,1.E0));
#426=VECTOR('',#425,3.230113905568E0);
#427=CARTESIAN_POINT('',(3.195667881720E1,-1.285885713389E2,0.E0));
#428=LINE('',#427,#426);
#429=CARTESIAN_POINT('',(3.195667881720E1,-1.285885713389E2,3.230113905568E0));
#430=CARTESIAN_POINT('',(3.353696935938E1,-1.281958394128E2,3.216135990027E0));
#431=CARTESIAN_POINT('',(3.671168831920E1,-1.273449976518E2,3.163723633953E0));
#432=CARTESIAN_POINT('',(4.150699102270E1,-1.258648578759E2,3.021476106064E0));
#433=CARTESIAN_POINT('',(4.471983797124E1,-1.247370638962E2,2.899658279349E0));
#434=CARTESIAN_POINT('',(4.632871450636E1,-1.241366191427E2,2.838061793919E0));
#436=CARTESIAN_POINT('',(4.632871450636E1,-1.241366191427E2,2.838061793919E0));
#437=CARTESIAN_POINT('',(4.596248181197E1,-1.246061260973E2,2.938706983565E0));
#438=CARTESIAN_POINT('',(4.538343689055E1,-1.253484563747E2,3.139997362859E0));
#439=CARTESIAN_POINT('',(4.447160917849E1,-1.265174111370E2,3.542578121445E0));
#440=CARTESIAN_POINT('',(4.360990317822E1,-1.276221103245E2,4.045804069679E0));
#441=CARTESIAN_POINT('',(4.279260972438E1,-1.286698730349E2,4.649675207559E0));
#442=CARTESIAN_POINT('',(4.190022809283E1,-1.298138981003E2,5.454836724732E0));
#443=CARTESIAN_POINT('',(4.104720140820E1,-1.309074704848E2,6.461288621199E0));
#444=CARTESIAN_POINT('',(4.029565190958E1,-1.318709500478E2,7.669030896959E0));
#445=CARTESIAN_POINT('',(3.975303613982E1,-1.325665784869E2,8.876773172719E0));
#446=CARTESIAN_POINT('',(3.926131615703E1,-1.331969589941E2,1.048709620707E1));
#447=CARTESIAN_POINT('',(3.902954165424E1,-1.334940917805E2,1.25E1));
#448=CARTESIAN_POINT('',(3.926131615703E1,-1.331969589941E2,1.451290379293E1));
#449=CARTESIAN_POINT('',(3.975303613982E1,-1.325665784869E2,1.612322682728E1));
#450=CARTESIAN_POINT('',(4.029565190958E1,-1.318709500478E2,1.733096910304E1));
#451=CARTESIAN_POINT('',(4.104720140820E1,-1.309074704848E2,1.853871137880E1));
#452=CARTESIAN_POINT('',(4.190022809283E1,-1.298138981003E2,1.954516327527E1));
#453=CARTESIAN_POINT('',(4.279260972438E1,-1.286698730349E2,2.035032479244E1));
#454=CARTESIAN_POINT('',(4.360990317822E1,-1.276221103245E2,2.095419593032E1));
#455=CARTESIAN_POINT('',(4.447160917849E1,-1.265174111370E2,2.145742187855E1));
#456=CARTESIAN_POINT('',(4.538343689055E1,-1.253484563747E2,2.186000263714E1));
#457=CARTESIAN_POINT('',(4.596248181197E1,-1.246061260973E2,2.206129301643E1));
#458=CARTESIAN_POINT('',(4.632871450636E1,-1.241366191427E2,2.216193820608E1));
#460=CARTESIAN_POINT('',(3.112945639377E1,-1.249300313489E2,1.25E1));
#461=DIRECTION('',(-9.753779259749E-1,-2.205400224922E-1,0.E0));
#462=DIRECTION('',(8.272224234284E-2,-3.658539990001E-1,-9.269886094432E-1));
#463=AXIS2_PLACEMENT_3D('',#460,#461,#462);
#465=CARTESIAN_POINT('',(3.112945639377E1,-1.249300313489E2,1.25E1));
#466=DIRECTION('',(-9.753779259749E-1,-2.205400224922E-1,0.E0));
#467=DIRECTION('',(-8.272224234285E-2,3.658539990001E-1,9.269886094432E-1));
#468=AXIS2_PLACEMENT_3D('',#465,#466,#467);
#470=CARTESIAN_POINT('',(3.112945639377E1,-1.249300313489E2,1.25E1));
#471=DIRECTION('',(-9.753779259749E-1,-2.205400224922E-1,0.E0));
#472=DIRECTION('',(-7.929528898599E-2,3.506976812494E-1,-9.331256043593E-1));
#473=AXIS2_PLACEMENT_3D('',#470,#471,#472);
#475=CARTESIAN_POINT('',(3.112945639377E1,-1.249300313489E2,1.25E1));
#476=DIRECTION('',(-9.753779259749E-1,-2.205400224922E-1,0.E0));
#477=DIRECTION('',(-7.929528898598E-2,3.506976812494E-1,9.331256043593E-1));
#478=AXIS2_PLACEMENT_3D('',#475,#476,#477);
#480=DIRECTION('',(0.E0,0.E0,1.E0));
#481=VECTOR('',#480,1.732661545185E1);
#482=CARTESIAN_POINT('',(4.465859246212E1,-1.167502039369E2,3.836692274074E0));
#483=LINE('',#482,#481);
#484=CARTESIAN_POINT('',(4.465859246212E1,-1.167502039369E2,3.836692274074E0));
#485=CARTESIAN_POINT('',(4.322121884184E1,-1.173000195309E2,3.710269742327E0));
#486=CARTESIAN_POINT('',(4.024181564394E1,-1.183788745616E2,3.504376770520E0));
#487=CARTESIAN_POINT('',(3.545552989348E1,-1.199031353554E2,3.310471572844E0));
#488=CARTESIAN_POINT('',(3.205507287070E1,-1.208335076755E2,3.246553501042E0));
#489=CARTESIAN_POINT('',(3.030223397034E1,-1.212714913589E2,3.230113905568E0));
#491=DIRECTION('',(-1.209859825669E-14,0.E0,1.E0));
#492=VECTOR('',#491,3.230113905568E0);
#493=CARTESIAN_POINT('',(3.030223397034E1,-1.212714913589E2,0.E0));
#494=LINE('',#493,#492);
#495=DIRECTION('',(0.E0,0.E0,1.E0));
#496=VECTOR('',#495,2.5E1);
#497=CARTESIAN_POINT('',(9.825824416554E1,-7.726782935676E1,0.E0));
#498=LINE('',#497,#496);
#499=DIRECTION('',(1.099872568790E-14,0.E0,1.E0));
#500=VECTOR('',#499,3.230113905568E0);
#501=CARTESIAN_POINT('',(3.030223397034E1,-1.212714913589E2,2.176988609443E1));
#502=LINE('',#501,#500);
#503=CARTESIAN_POINT('',(3.030223397034E1,-1.212714913589E2,2.176988609443E1));
#504=CARTESIAN_POINT('',(3.205507287070E1,-1.208335076755E2,2.175344649896E1));
#505=CARTESIAN_POINT('',(3.545552989348E1,-1.199031353554E2,2.168952842716E1));
#506=CARTESIAN_POINT('',(4.024181564394E1,-1.183788745616E2,2.149562322948E1));
#507=CARTESIAN_POINT('',(4.322121884184E1,-1.173000195309E2,2.128973025767E1));
#508=CARTESIAN_POINT('',(4.465859246212E1,-1.167502039369E2,2.116330772593E1));
#510=CARTESIAN_POINT('',(4.465859246212E1,-1.167502039369E2,2.116330772593E1));
#511=CARTESIAN_POINT('',(4.346323759634E1,-1.163785735987E2,2.080233657068E1));
#512=CARTESIAN_POINT('',(4.161724321763E1,-1.158046624239E2,2.008039426018E1));
#513=CARTESIAN_POINT('',(3.892749658522E1,-1.149684325483E2,1.863650963920E1));
#514=CARTESIAN_POINT('',(3.679211310831E1,-1.143045516319E2,1.683165386296E1));
#515=CARTESIAN_POINT('',(3.539660777018E1,-1.138706954311E2,1.466582693148E1));
#516=CARTESIAN_POINT('',(3.495545297779E1,-1.137335424321E2,1.25E1));
#517=CARTESIAN_POINT('',(3.539660777018E1,-1.138706954311E2,1.033417306852E1));
#518=CARTESIAN_POINT('',(3.679211310831E1,-1.143045516319E2,8.168346137037E0));
#519=CARTESIAN_POINT('',(3.892749658522E1,-1.149684325483E2,6.363490360803E0));
#520=CARTESIAN_POINT('',(4.161724321763E1,-1.158046624239E2,4.919605739815E0));
#521=CARTESIAN_POINT('',(4.346323759634E1,-1.163785735987E2,4.197663429321E0));
#522=CARTESIAN_POINT('',(4.465859246212E1,-1.167502039369E2,3.836692274074E0));
#524=DIRECTION('',(0.E0,0.E0,1.E0));
#525=VECTOR('',#524,6.25E0);
#526=CARTESIAN_POINT('',(1.098008466388E2,-5.948422401284E1,1.875E1));
#527=LINE('',#526,#525);
#528=CARTESIAN_POINT('',(-2.386023257538E1,1.463193705688E1,2.5E1));
#529=DIRECTION('',(0.E0,0.E0,1.E0));
#530=DIRECTION('',(8.343823639314E-1,-5.511860582057E-1,0.E0));
#531=AXIS2_PLACEMENT_3D('',#528,#529,#530);
#533=CARTESIAN_POINT('',(-2.386023257538E1,1.463193705688E1,2.5E1));
#534=DIRECTION('',(0.E0,0.E0,1.E0));
#535=DIRECTION('',(7.990224862201E-1,-6.013011446144E-1,0.E0));
#536=AXIS2_PLACEMENT_3D('',#533,#534,#535);
#538=CARTESIAN_POINT('',(-2.386023257538E1,1.463193705688E1,0.E0));
#539=DIRECTION('',(0.E0,0.E0,1.E0));
#540=DIRECTION('',(7.990224862202E-1,-6.013011446144E-1,0.E0));
#541=AXIS2_PLACEMENT_3D('',#538,#539,#540);
#543=CARTESIAN_POINT('',(-2.386023257538E1,1.463193705688E1,0.E0));
#544=DIRECTION('',(0.E0,0.E0,1.E0));
#545=DIRECTION('',(8.343823639314E-1,-5.511860582057E-1,0.E0));
#546=AXIS2_PLACEMENT_3D('',#543,#544,#545);
#548=DIRECTION('',(0.E0,0.E0,1.E0));
#549=VECTOR('',#548,6.25E0);
#550=CARTESIAN_POINT('',(1.098008466388E2,-5.948422401284E1,0.E0));
#551=LINE('',#550,#549);
#552=CARTESIAN_POINT('',(-2.386023257538E1,1.463193705688E1,6.25E0));
#553=DIRECTION('',(0.E0,0.E0,1.E0));
#554=DIRECTION('',(8.586531734503E-1,-5.125570482626E-1,0.E0));
#555=AXIS2_PLACEMENT_3D('',#552,#553,#554);
#557=DIRECTION('',(0.E0,0.E0,1.E0));
#558=VECTOR('',#557,1.25E1);
#559=CARTESIAN_POINT('',(1.073718909241E2,-6.370463926746E1,6.25E0));
#560=LINE('',#559,#558);
#561=CARTESIAN_POINT('',(-2.386023257538E1,1.463193705688E1,1.875E1));
#562=DIRECTION('',(0.E0,0.E0,1.E0));
#563=DIRECTION('',(8.586531734503E-1,-5.125570482626E-1,0.E0));
#564=AXIS2_PLACEMENT_3D('',#561,#562,#563);
#566=DIRECTION('',(9.875630650821E-2,9.951116479696E-1,0.E0));
#567=VECTOR('',#566,3.169642693337E0);
#568=CARTESIAN_POINT('',(1.098008466388E2,-5.948422401284E1,1.875E1));
#569=LINE('',#568,#567);
#570=DIRECTION('',(5.765147599185E-1,8.170867344389E-1,0.E0));
#571=VECTOR('',#570,9.373951469431E0);
#572=CARTESIAN_POINT('',(9.825824416554E1,-7.726782935676E1,2.5E1));
#573=LINE('',#572,#571);
#574=DIRECTION('',(9.875630650821E-2,9.951116479696E-1,0.E0));
#575=VECTOR('',#574,3.169642693337E0);
#576=CARTESIAN_POINT('',(1.098008466388E2,-5.948422401284E1,2.5E1));
#577=LINE('',#576,#575);
#578=DIRECTION('',(5.129158978339E-1,8.584388631401E-1,0.E0));
#579=VECTOR('',#578,1.178058622938E1);
#580=CARTESIAN_POINT('',(1.036624655464E2,-6.960849796182E1,2.5E1));
#581=LINE('',#580,#579);
#582=CARTESIAN_POINT('',(9.825824416554E1,-7.726782935676E1,2.7E1));
#583=CARTESIAN_POINT('',(9.825824416554E1,-7.726782935676E1,2.750377039765E1));
#584=CARTESIAN_POINT('',(9.838669254721E1,-7.708578116646E1,2.828850964371E1));
#585=CARTESIAN_POINT('',(9.874952121882E1,-7.657154889514E1,2.917047238483E1));
#586=CARTESIAN_POINT('',(9.926630351994E1,-7.583912018352E1,2.978539316934E1));
#587=CARTESIAN_POINT('',(9.972344165419E1,-7.519122435973E1,3.E1));
#588=CARTESIAN_POINT('',(1.000138727240E2,-7.477960025060E1,3.E1));
#590=CARTESIAN_POINT('',(1.053449660289E2,-8.012835011640E1,3.E1));
#591=CARTESIAN_POINT('',(1.050545349591E2,-8.053997422552E1,3.E1));
#592=CARTESIAN_POINT('',(1.045973968248E2,-8.118787004931E1,2.978539316934E1));
#593=CARTESIAN_POINT('',(1.040806145237E2,-8.192029876093E1,2.917047238483E1));
#594=CARTESIAN_POINT('',(1.037177858521E2,-8.243453103226E1,2.828850964371E1));
#595=CARTESIAN_POINT('',(1.035893374704E2,-8.261657922256E1,2.750377039765E1));
#596=CARTESIAN_POINT('',(1.035893374704E2,-8.261657922256E1,2.7E1));
#598=DIRECTION('',(0.E0,0.E0,1.E0));
#599=VECTOR('',#598,5.E0);
#600=CARTESIAN_POINT('',(1.093455276095E2,-7.445840716781E1,2.5E1));
#601=LINE('',#600,#599);
#602=DIRECTION('',(-8.526512829120E-14,-1.278976924368E-13,-1.E0));
#603=VECTOR('',#602,2.E0);
#604=CARTESIAN_POINT('',(1.035893374704E2,-8.261657922256E1,2.7E1));
#605=LINE('',#604,#603);
#606=DIRECTION('',(0.E0,0.E0,1.E0));
#607=VECTOR('',#606,5.E0);
#608=CARTESIAN_POINT('',(1.135134693403E2,-6.787952552492E1,2.5E1));
#609=LINE('',#608,#607);
#610=DIRECTION('',(0.E0,0.E0,-1.E0));
#611=VECTOR('',#610,5.E0);
#612=CARTESIAN_POINT('',(1.164565766358E2,-6.275468140814E1,3.E1));
#613=LINE('',#612,#611);
#614=DIRECTION('',(7.840846301019E-1,6.206539235661E-1,0.E0));
#615=VECTOR('',#614,2.966807709048E0);
#616=CARTESIAN_POINT('',(1.164565766358E2,-6.275468140814E1,3.E1));
#617=LINE('',#616,#615);
#618=DIRECTION('',(-5.351727413050E-1,-8.447426454039E-1,0.E0));
#619=VECTOR('',#618,7.788030684480E0);
#620=CARTESIAN_POINT('',(1.135134693403E2,-6.787952552492E1,2.5E1));
#621=LINE('',#620,#619);
#622=CARTESIAN_POINT('',(-3.945365794301E1,2.442056364391E1,2.5E1));
#623=DIRECTION('',(0.E0,0.E0,1.E0));
#624=DIRECTION('',(8.328773053615E-1,-5.534576715646E-1,0.E0));
#625=AXIS2_PLACEMENT_3D('',#622,#623,#624);
#627=DIRECTION('',(-5.765147599185E-1,-8.170867344389E-1,0.E0));
#628=VECTOR('',#627,9.984462739257E0);
#629=CARTESIAN_POINT('',(1.093455276095E2,-7.445840716781E1,2.5E1));
#630=LINE('',#629,#628);
#631=CARTESIAN_POINT('',(-3.945365794301E1,2.442056364391E1,2.5E1));
#632=DIRECTION('',(0.E0,0.E0,1.E0));
#633=DIRECTION('',(8.006580421018E-1,-5.991216067025E-1,0.E0));
#634=AXIS2_PLACEMENT_3D('',#631,#632,#633);
#636=DIRECTION('',(-2.205400224922E-1,9.753779259749E-1,0.E0));
#637=VECTOR('',#636,7.501789598825E0);
#638=CARTESIAN_POINT('',(3.195667881720E1,-1.285885713389E2,2.5E1));
#639=LINE('',#638,#637);
#640=CARTESIAN_POINT('',(0.E0,0.E0,2.5E1));
#641=DIRECTION('',(0.E0,0.E0,-1.E0));
#642=DIRECTION('',(7.860659533243E-1,-6.181426348541E-1,0.E0));
#643=AXIS2_PLACEMENT_3D('',#640,#641,#642);
#645=DIRECTION('',(5.765147599185E-1,8.170867344389E-1,-1.049978753934E-14));
#646=VECTOR('',#645,2.030163181202E0);
#647=CARTESIAN_POINT('',(9.708782512653E1,-7.892664876087E1,2.5E1));
#648=LINE('',#647,#646);
#649=DIRECTION('',(7.059367848488E-1,-7.082748448147E-1,0.E0));
#650=VECTOR('',#649,7.416389530046E0);
#651=CARTESIAN_POINT('',(9.708782512653E1,-7.892664876087E1,2.5E1));
#652=LINE('',#651,#650);
#653=CARTESIAN_POINT('',(0.E0,0.E0,2.5E1));
#654=DIRECTION('',(0.E0,0.E0,1.E0));
#655=DIRECTION('',(2.411824816392E-1,-9.704797836897E-1,0.E0));
#656=AXIS2_PLACEMENT_3D('',#653,#654,#655);
#658=DIRECTION('',(7.840846301019E-1,6.206539235661E-1,0.E0));
#659=VECTOR('',#658,2.966807709048E0);
#660=CARTESIAN_POINT('',(1.164565766358E2,-6.275468140814E1,2.5E1));
#661=LINE('',#660,#659);
#662=CARTESIAN_POINT('',(-3.945365794301E1,2.442056364391E1,2.5E1));
#663=DIRECTION('',(0.E0,0.E0,1.E0));
#664=DIRECTION('',(8.562066271232E-1,-5.166335371133E-1,0.E0));
#665=AXIS2_PLACEMENT_3D('',#662,#663,#664);
#667=DIRECTION('',(-4.980033266345E-1,-8.671751187972E-1,0.E0));
#668=VECTOR('',#667,5.909814529606E0);
#669=CARTESIAN_POINT('',(1.164565766358E2,-6.275468140814E1,2.5E1));
#670=LINE('',#669,#668);
#671=DIRECTION('',(7.059367848488E-1,-7.082748448147E-1,3.104943291715E-14));
#672=VECTOR('',#671,7.551799848535E0);
#673=CARTESIAN_POINT('',(9.825824416554E1,-7.726782935676E1,2.7E1));
#674=LINE('',#673,#672);
#675=CARTESIAN_POINT('',(1.035893374704E2,-8.261657922256E1,2.7E1));
#676=CARTESIAN_POINT('',(1.035893374704E2,-8.261657922256E1,2.682119321214E1));
#677=CARTESIAN_POINT('',(1.035589266885E2,-8.265472564539E1,2.647926956450E1));
#678=CARTESIAN_POINT('',(1.034495832082E2,-8.279159903415E1,2.604800159554E1));
#679=CARTESIAN_POINT('',(1.032951464219E2,-8.298426365250E1,2.569145812145E1));
#680=CARTESIAN_POINT('',(1.031014925234E2,-8.322482594463E1,2.539977147108E1));
#681=CARTESIAN_POINT('',(1.028642013289E2,-8.351802203378E1,2.517186133830E1));
#682=CARTESIAN_POINT('',(1.026001153901E2,-8.384228113517E1,2.503146969871E1));
#683=CARTESIAN_POINT('',(1.024156309838E2,-8.406729232398E1,2.5E1));
#684=CARTESIAN_POINT('',(1.023233273066E2,-8.417949090435E1,2.5E1));
#686=CARTESIAN_POINT('',(9.708782512653E1,-7.892664876087E1,2.5E1));
#687=CARTESIAN_POINT('',(9.728144583977E1,-7.865223268812E1,2.5E1));
#688=CARTESIAN_POINT('',(9.758620459594E1,-7.822030213893E1,2.514307122044E1));
#689=CARTESIAN_POINT('',(9.793072613002E1,-7.773201633118E1,2.555301841011E1));
#690=CARTESIAN_POINT('',(9.817261191109E1,-7.738919481696E1,2.614099357086E1));
#691=CARTESIAN_POINT('',(9.825824416554E1,-7.726782935676E1,2.666415306823E1));
#692=CARTESIAN_POINT('',(9.825824416554E1,-7.726782935676E1,2.7E1));
#694=DIRECTION('',(7.793011563975E-1,6.266495891944E-1,0.E0));
#695=VECTOR('',#694,2.994376060602E0);
#696=CARTESIAN_POINT('',(1.164758114159E2,-6.278178193996E1,2.5E1));
#697=LINE('',#696,#695);
#698=DIRECTION('',(-7.793011563975E-1,-6.266495891944E-1,0.E0));
#699=VECTOR('',#698,2.994376060602E0);
#700=CARTESIAN_POINT('',(1.188093321426E2,-6.090535741169E1,1.875E1));
#701=LINE('',#700,#699);
#702=CARTESIAN_POINT('',(1.167834786983E2,-5.420491579771E1,1.875E1));
#703=DIRECTION('',(0.E0,0.E0,1.E0));
#704=DIRECTION('',(-1.E0,0.E0,0.E0));
#705=AXIS2_PLACEMENT_3D('',#702,#703,#704);
#707=DIRECTION('',(8.270133426867E-1,-5.621822934051E-1,0.E0));
#708=VECTOR('',#707,7.426214426229E0);
#709=CARTESIAN_POINT('',(1.073718909241E2,-6.370463926746E1,1.875E1));
#710=LINE('',#709,#708);
#711=DIRECTION('',(0.E0,0.E0,-1.E0));
#712=VECTOR('',#711,5.E0);
#713=CARTESIAN_POINT('',(1.097049155093E2,-5.949558491194E1,3.E1));
#714=LINE('',#713,#712);
#715=DIRECTION('',(-1.421085471520E-14,-2.273736754432E-14,1.E0));
#716=VECTOR('',#715,5.E0);
#717=CARTESIAN_POINT('',(1.036624655464E2,-6.960849796182E1,2.5E1));
#718=LINE('',#717,#716);
#719=DIRECTION('',(-9.875630650821E-2,-9.951116479696E-1,0.E0));
#720=VECTOR('',#719,3.169642693337E0);
#721=CARTESIAN_POINT('',(1.101138688441E2,-5.633007564880E1,6.25E0));
#722=LINE('',#721,#720);
#723=CARTESIAN_POINT('',(3.818874466473E0,-1.311051519787E2,1.25E1));
#724=DIRECTION('',(-9.753779259749E-1,-2.205400224922E-1,0.E0));
#725=DIRECTION('',(0.E0,0.E0,-1.E0));
#726=AXIS2_PLACEMENT_3D('',#723,#724,#725);
#728=CARTESIAN_POINT('',(1.304767762883E1,-1.306588424555E2,1.665240893940E1));
#729=CARTESIAN_POINT('',(1.303506218186E1,-1.307449830158E2,1.662110666980E1));
#730=CARTESIAN_POINT('',(1.302004843281E1,-1.308298905928E2,1.658773707145E1));
#731=CARTESIAN_POINT('',(1.300276259447E1,-1.309136300733E2,1.655240893940E1));
#733=CARTESIAN_POINT('',(2.293628181558E1,-1.267825675378E2,1.25E1));
#734=DIRECTION('',(-9.753779259749E-1,-2.205400224922E-1,0.E0));
#735=DIRECTION('',(7.929528898598E-2,-3.506976812494E-1,9.331256043593E-1));
#736=AXIS2_PLACEMENT_3D('',#733,#734,#735);
#738=CARTESIAN_POINT('',(2.293628181558E1,-1.267825675378E2,1.25E1));
#739=DIRECTION('',(-9.753779259749E-1,-2.205400224922E-1,0.E0));
#740=DIRECTION('',(-7.929528898598E-2,3.506976812494E-1,-9.331256043593E-1));
#741=AXIS2_PLACEMENT_3D('',#738,#739,#740);
#743=DIRECTION('',(-9.753779259749E-1,-2.205400224923E-1,0.E0));
#744=VECTOR('',#743,1.05E1);
#745=CARTESIAN_POINT('',(2.328914585157E1,-1.283431722194E2,8.347591060601E0));
#746=LINE('',#745,#744);
#747=CARTESIAN_POINT('',(1.300276259447E1,-1.309136300733E2,8.447591060601E0));
#748=CARTESIAN_POINT('',(1.302004843281E1,-1.308298905928E2,8.412262928550E0));
#749=CARTESIAN_POINT('',(1.303506218186E1,-1.307449830158E2,8.378893330205E0));
#750=CARTESIAN_POINT('',(1.304767762883E1,-1.306588424555E2,8.347591060601E0));
#752=DIRECTION('',(-9.753779260794E-1,-2.205400220299E-1,5.459245891871E-10));
#753=VECTOR('',#752,9.000000004913E0);
#754=CARTESIAN_POINT('',(1.259727580025E1,-1.291202917762E2,8.05E0));
#755=LINE('',#754,#753);
#756=DIRECTION('',(6.896963456990E-1,1.559453453281E-1,-7.071067811865E-1));
#757=VECTOR('',#756,1.414213562607E0);
#758=CARTESIAN_POINT('',(2.843496534572E0,-1.313256919980E2,9.050000005079E0));
#759=LINE('',#758,#757);
#760=CARTESIAN_POINT('',(2.843496540498E0,-1.313256920012E2,1.25E1));
#761=DIRECTION('',(-9.753779259749E-1,-2.205400224922E-1,0.E0));
#762=DIRECTION('',(0.E0,0.E0,1.E0));
#763=AXIS2_PLACEMENT_3D('',#760,#761,#762);
#765=CARTESIAN_POINT('',(2.843496540498E0,-1.313256920012E2,1.25E1));
#766=DIRECTION('',(-9.753779259749E-1,-2.205400224922E-1,0.E0));
#767=DIRECTION('',(0.E0,0.E0,-1.E0));
#768=AXIS2_PLACEMENT_3D('',#765,#766,#767);
#770=DIRECTION('',(6.896963455323E-1,1.559453460654E-1,7.071067811865E-1));
#771=VECTOR('',#770,1.414213562903E0);
#772=CARTESIAN_POINT('',(2.843496535543E0,-1.313256920314E2,1.594999998850E1));
#773=LINE('',#772,#771);
#774=CARTESIAN_POINT('',(3.818874466473E0,-1.311051519787E2,1.25E1));
#775=DIRECTION('',(-9.753779259749E-1,-2.205400224922E-1,0.E0));
#776=DIRECTION('',(0.E0,0.E0,1.E0));
#777=AXIS2_PLACEMENT_3D('',#774,#775,#776);
#779=CARTESIAN_POINT('',(1.234194955686E1,-1.275376330924E2,8.347591060601E0));
#780=CARTESIAN_POINT('',(1.229350191822E1,-1.274652993386E2,8.378893330205E0));
#781=CARTESIAN_POINT('',(1.224341972802E1,-1.273951104256E2,8.412262928550E0));
#782=CARTESIAN_POINT('',(1.219178900602E1,-1.273269534792E2,8.447591060601E0));
#784=DIRECTION('',(-9.753779259749E-1,-2.205400224923E-1,0.E0));
#785=VECTOR('',#784,8.4E0);
#786=CARTESIAN_POINT('',(3.077659235778E1,-1.233694266673E2,8.347591060601E0));
#787=LINE('',#786,#785);
#788=DIRECTION('',(-9.753779259749E-1,-2.205400224922E-1,0.E0));
#789=VECTOR('',#788,8.4E0);
#790=CARTESIAN_POINT('',(3.077659235778E1,-1.233694266673E2,1.665240893940E1));
#791=LINE('',#790,#789);
#792=DIRECTION('',(-9.753779259749E-1,-2.205400224923E-1,0.E0));
#793=VECTOR('',#792,1.05E1);
#794=CARTESIAN_POINT('',(2.258341777959E1,-1.252219628563E2,1.665240893940E1));
#795=LINE('',#794,#793);
#796=CARTESIAN_POINT('',(1.219178900602E1,-1.273269534792E2,1.655240893940E1));
#797=CARTESIAN_POINT('',(1.224341972802E1,-1.273951104256E2,1.658773707145E1));
#798=CARTESIAN_POINT('',(1.229350191822E1,-1.274652993386E2,1.662110666980E1));
#799=CARTESIAN_POINT('',(1.234194955686E1,-1.275376330924E2,1.665240893940E1));
#801=DIRECTION('',(-9.753779253024E-1,-2.205400254668E-1,-1.235618026121E-9));
#802=VECTOR('',#801,9.000000011121E0);
#803=CARTESIAN_POINT('',(1.259727580025E1,-1.291202917762E2,1.695E1));
#804=LINE('',#803,#802);
#805=CARTESIAN_POINT('',(1.259727580025E1,-1.291202917762E2,1.25E1));
#806=DIRECTION('',(-9.753779259749E-1,-2.205400224922E-1,0.E0));
#807=DIRECTION('',(-9.112062791605E-2,4.029973701187E-1,-9.106536942469E-1));
#808=AXIS2_PLACEMENT_3D('',#805,#806,#807);
#810=CARTESIAN_POINT('',(1.259727580025E1,-1.291202917762E2,1.25E1));
#811=DIRECTION('',(-9.753779259749E-1,-2.205400224922E-1,0.E0));
#812=DIRECTION('',(0.E0,0.E0,-1.E0));
#813=AXIS2_PLACEMENT_3D('',#810,#811,#812);
#815=CARTESIAN_POINT('',(1.259727580025E1,-1.291202917762E2,1.25E1));
#816=DIRECTION('',(-9.753779259749E-1,-2.205400224922E-1,0.E0));
#817=DIRECTION('',(9.112062791605E-2,-4.029973701187E-1,9.106536942469E-1));
#818=AXIS2_PLACEMENT_3D('',#815,#816,#817);
#820=CARTESIAN_POINT('',(1.259727580025E1,-1.291202917762E2,1.25E1));
#821=DIRECTION('',(-9.753779259749E-1,-2.205400224922E-1,0.E0));
#822=DIRECTION('',(0.E0,0.E0,1.E0));
#823=AXIS2_PLACEMENT_3D('',#820,#821,#822);
#825=DIRECTION('',(2.205400224922E-1,-9.753779259749E-1,0.E0));
#826=VECTOR('',#825,3.677217310891E0);
#827=CARTESIAN_POINT('',(1.219178900602E1,-1.273269534792E2,8.447591060601E0));
#828=LINE('',#827,#826);
#829=CARTESIAN_POINT('',(1.479062567694E1,-1.297521274498E2,6.447591060601E0));
#830=CARTESIAN_POINT('',(1.483499490305E1,-1.299483583346E2,6.447591060601E0));
#831=CARTESIAN_POINT('',(1.473026928044E1,-1.301666557095E2,6.597881429144E0));
#832=CARTESIAN_POINT('',(1.455196291450E1,-1.303187126434E2,6.805332162169E0));
#833=CARTESIAN_POINT('',(1.441320672520E1,-1.303500864241E2,6.947591060601E0));
#835=CARTESIAN_POINT('',(1.370747865322E1,-1.272288770609E2,6.947591060601E0));
#836=CARTESIAN_POINT('',(1.384623484253E1,-1.271975032803E2,6.805332162169E0));
#837=CARTESIAN_POINT('',(1.407261420803E1,-1.272580578356E2,6.597881429144E0));
#838=CARTESIAN_POINT('',(1.426106840134E1,-1.274100651279E2,6.447591060601E0));
#839=CARTESIAN_POINT('',(1.430543762746E1,-1.276062960127E2,6.447591060601E0));
#841=DIRECTION('',(9.753779259749E-1,2.205400224922E-1,0.E0));
#842=VECTOR('',#841,9.1E0);
#843=CARTESIAN_POINT('',(1.441320672520E1,-1.303500864241E2,6.947591060601E0));
#844=LINE('',#843,#842);
#845=DIRECTION('',(6.896963456765E-1,1.559453454273E-1,-7.071067811865E-1));
#846=VECTOR('',#845,1.979898987322E0);
#847=CARTESIAN_POINT('',(1.304767762883E1,-1.306588424555E2,8.347591060601E0));
#848=LINE('',#847,#846);
#849=DIRECTION('',(0.E0,0.E0,1.E0));
#850=VECTOR('',#849,1.4E0);
#851=CARTESIAN_POINT('',(2.328914585157E1,-1.283431722194E2,6.947591060601E0));
#852=LINE('',#851,#850);
#853=CARTESIAN_POINT('',(2.269368779084E1,-1.257096518192E2,1.805240893940E1));
#854=DIRECTION('',(9.753779259749E-1,2.205400224922E-1,0.E0));
#855=DIRECTION('',(-2.205400224923E-1,9.753779259749E-1,1.421085471520E-13));
#856=AXIS2_PLACEMENT_3D('',#853,#854,#855);
#858=CARTESIAN_POINT('',(2.317887584032E1,-1.278554832564E2,1.805240893940E1));
#859=DIRECTION('',(9.753779259749E-1,2.205400224922E-1,0.E0));
#860=DIRECTION('',(0.E0,2.842170943040E-14,1.E0));
#861=AXIS2_PLACEMENT_3D('',#858,#859,#860);
#863=CARTESIAN_POINT('',(2.269368779084E1,-1.257096518192E2,6.947591060601E0));
#864=DIRECTION('',(9.753779259749E-1,2.205400224922E-1,0.E0));
#865=DIRECTION('',(0.E0,2.842170943040E-14,-1.E0));
#866=AXIS2_PLACEMENT_3D('',#863,#864,#865);
#868=CARTESIAN_POINT('',(2.317887584032E1,-1.278554832564E2,6.947591060601E0));
#869=DIRECTION('',(9.753779259749E-1,2.205400224922E-1,0.E0));
#870=DIRECTION('',(2.205400224923E-1,-9.753779259749E-1,0.E0));
#871=AXIS2_PLACEMENT_3D('',#868,#869,#870);
#873=DIRECTION('',(9.753779259749E-1,2.205400224923E-1,0.E0));
#874=VECTOR('',#873,8.6E0);
#875=CARTESIAN_POINT('',(1.430543762746E1,-1.276062960127E2,1.855240893940E1));
#876=LINE('',#875,#874);
#877=DIRECTION('',(-2.205400224923E-1,9.753779259749E-1,0.E0));
#878=VECTOR('',#877,2.2E0);
#879=CARTESIAN_POINT('',(2.317887584032E1,-1.278554832564E2,1.855240893940E1));
#880=LINE('',#879,#878);
#881=DIRECTION('',(9.753779259749E-1,2.205400224923E-1,0.E0));
#882=VECTOR('',#881,8.6E0);
#883=CARTESIAN_POINT('',(1.479062567694E1,-1.297521274498E2,1.855240893940E1));
#884=LINE('',#883,#882);
#885=DIRECTION('',(-2.205400224922E-1,9.753779259749E-1,0.E0));
#886=VECTOR('',#885,2.2E0);
#887=CARTESIAN_POINT('',(1.479062567694E1,-1.297521274498E2,1.855240893940E1));
#888=LINE('',#887,#886);
#889=DIRECTION('',(9.753779259749E-1,2.205400224923E-1,0.E0));
#890=VECTOR('',#889,9.1E0);
#891=CARTESIAN_POINT('',(1.441320672520E1,-1.303500864241E2,1.805240893940E1));
#892=LINE('',#891,#890);
#893=DIRECTION('',(0.E0,0.E0,1.E0));
#894=VECTOR('',#893,1.4E0);
#895=CARTESIAN_POINT('',(2.328914585157E1,-1.283431722194E2,1.665240893940E1));
#896=LINE('',#895,#894);
#897=DIRECTION('',(-9.753779259749E-1,-2.205400224923E-1,0.E0));
#898=VECTOR('',#897,1.05E1);
#899=CARTESIAN_POINT('',(2.328914585157E1,-1.283431722194E2,1.665240893940E1));
#900=LINE('',#899,#898);
#901=DIRECTION('',(-6.896963456765E-1,-1.559453454273E-1,-7.071067811865E-1));
#902=VECTOR('',#901,1.979898987322E0);
#903=CARTESIAN_POINT('',(1.441320672520E1,-1.303500864241E2,1.805240893940E1));
#904=LINE('',#903,#902);
#905=DIRECTION('',(-2.205400224922E-1,9.753779259749E-1,0.E0));
#906=VECTOR('',#905,3.677217310891E0);
#907=CARTESIAN_POINT('',(1.300276259447E1,-1.309136300733E2,1.655240893940E1));
#908=LINE('',#907,#906);
#909=CARTESIAN_POINT('',(1.430543762746E1,-1.276062960127E2,1.855240893940E1));
#910=CARTESIAN_POINT('',(1.426106840134E1,-1.274100651279E2,1.855240893940E1));
#911=CARTESIAN_POINT('',(1.407261420803E1,-1.272580578356E2,1.840211857086E1));
#912=CARTESIAN_POINT('',(1.384623484253E1,-1.271975032803E2,1.819466783783E1));
#913=CARTESIAN_POINT('',(1.370747865322E1,-1.272288770609E2,1.805240893940E1));
#915=CARTESIAN_POINT('',(1.441320672520E1,-1.303500864241E2,1.805240893940E1));
#916=CARTESIAN_POINT('',(1.455196291450E1,-1.303187126434E2,1.819466783783E1));
#917=CARTESIAN_POINT('',(1.473026928044E1,-1.301666557095E2,1.840211857086E1));
#918=CARTESIAN_POINT('',(1.483499490305E1,-1.299483583346E2,1.855240893940E1));
#919=CARTESIAN_POINT('',(1.479062567694E1,-1.297521274498E2,1.855240893940E1));
#921=DIRECTION('',(9.753779259749E-1,2.205400224922E-1,0.E0));
#922=VECTOR('',#921,9.1E0);
#923=CARTESIAN_POINT('',(1.370747865322E1,-1.272288770609E2,1.805240893940E1));
#924=LINE('',#923,#922);
#925=DIRECTION('',(6.896963456765E-1,1.559453454273E-1,7.071067811865E-1));
#926=VECTOR('',#925,1.979898987322E0);
#927=CARTESIAN_POINT('',(1.234194955686E1,-1.275376330924E2,1.665240893940E1));
#928=LINE('',#927,#926);
#929=DIRECTION('',(0.E0,1.015061051086E-14,-1.E0));
#930=VECTOR('',#929,1.4E0);
#931=CARTESIAN_POINT('',(2.258341777959E1,-1.252219628563E2,1.805240893940E1));
#932=LINE('',#931,#930);
#933=DIRECTION('',(9.753779259749E-1,2.205400224922E-1,0.E0));
#934=VECTOR('',#933,9.1E0);
#935=CARTESIAN_POINT('',(1.370747865322E1,-1.272288770609E2,6.947591060601E0));
#936=LINE('',#935,#934);
#937=DIRECTION('',(0.E0,-1.015061051086E-14,-1.E0));
#938=VECTOR('',#937,1.4E0);
#939=CARTESIAN_POINT('',(2.258341777959E1,-1.252219628563E2,8.347591060601E0));
#940=LINE('',#939,#938);
#941=DIRECTION('',(-9.753779259749E-1,-2.205400224922E-1,0.E0));
#942=VECTOR('',#941,1.05E1);
#943=CARTESIAN_POINT('',(2.258341777959E1,-1.252219628563E2,8.347591060601E0));
#944=LINE('',#943,#942);
#945=DIRECTION('',(-6.896963456765E-1,-1.559453454273E-1,7.071067811865E-1));
#946=VECTOR('',#945,1.979898987322E0);
#947=CARTESIAN_POINT('',(1.370747865322E1,-1.272288770609E2,6.947591060601E0));
#948=LINE('',#947,#946);
#949=DIRECTION('',(9.753779259749E-1,2.205400224923E-1,0.E0));
#950=VECTOR('',#949,8.6E0);
#951=CARTESIAN_POINT('',(1.430543762746E1,-1.276062960127E2,6.447591060601E0));
#952=LINE('',#951,#950);
#953=DIRECTION('',(2.205400224923E-1,-9.753779259749E-1,0.E0));
#954=VECTOR('',#953,2.2E0);
#955=CARTESIAN_POINT('',(1.430543762746E1,-1.276062960127E2,6.447591060601E0));
#956=LINE('',#955,#954);
#957=DIRECTION('',(9.753779259749E-1,2.205400224923E-1,0.E0));
#958=VECTOR('',#957,8.6E0);
#959=CARTESIAN_POINT('',(1.479062567694E1,-1.297521274498E2,6.447591060601E0));
#960=LINE('',#959,#958);
#961=DIRECTION('',(2.205400224922E-1,-9.753779259749E-1,0.E0));
#962=VECTOR('',#961,2.2E0);
#963=CARTESIAN_POINT('',(2.269368779084E1,-1.257096518192E2,6.447591060601E0));
#964=LINE('',#963,#962);
#965=CARTESIAN_POINT('',(1.035893374704E2,-8.261657922256E1,-3.E0));
#966=CARTESIAN_POINT('',(1.035893374704E2,-8.261657922256E1,-3.335846931767E0));
#967=CARTESIAN_POINT('',(1.036749697249E2,-8.249521376236E1,-3.859006429138E0));
#968=CARTESIAN_POINT('',(1.039168555060E2,-8.215239224814E1,-4.446981589888E0));
#969=CARTESIAN_POINT('',(1.042613770400E2,-8.166410644039E1,-4.856928779557E0));
#970=CARTESIAN_POINT('',(1.045661357962E2,-8.123217589120E1,-5.E0));
#971=CARTESIAN_POINT('',(1.047597565094E2,-8.095775981845E1,-5.E0));
#973=DIRECTION('',(-8.526512829121E-14,-1.492139745096E-13,1.E0));
#974=VECTOR('',#973,2.E0);
#975=CARTESIAN_POINT('',(1.035893374704E2,-8.261657922256E1,-2.E0));
#976=LINE('',#975,#974);
#977=DIRECTION('',(0.E0,-1.136868377216E-14,-1.E0));
#978=VECTOR('',#977,5.E0);
#979=CARTESIAN_POINT('',(1.093455276095E2,-7.445840716781E1,0.E0));
#980=LINE('',#979,#978);
#981=DIRECTION('',(0.E0,0.E0,-1.E0));
#982=VECTOR('',#981,5.E0);
#983=CARTESIAN_POINT('',(1.097049155093E2,-5.949558491194E1,0.E0));
#984=LINE('',#983,#982);
#985=DIRECTION('',(1.705302565824E-14,3.410605131648E-14,-1.E0));
#986=VECTOR('',#985,5.E0);
#987=CARTESIAN_POINT('',(1.036624655464E2,-6.960849796182E1,0.E0));
#988=LINE('',#987,#986);
#989=CARTESIAN_POINT('',(1.135134693403E2,-6.787952552492E1,6.25E0));
#990=CARTESIAN_POINT('',(1.135134693403E2,-6.787952552492E1,1.875E1));
#991=VERTEX_POINT('',#989);
#992=VERTEX_POINT('',#990);
#993=CARTESIAN_POINT('',(1.073718909241E2,-6.370463926746E1,6.25E0));
#994=CARTESIAN_POINT('',(1.073718909241E2,-6.370463926746E1,1.875E1));
#995=VERTEX_POINT('',#993);
#996=VERTEX_POINT('',#994);
#997=CARTESIAN_POINT('',(1.167834786983E2,-5.020491579771E1,-5.E0));
#998=CARTESIAN_POINT('',(1.167834786983E2,-5.820491579771E1,-5.E0));
#999=VERTEX_POINT('',#997);
#1000=VERTEX_POINT('',#998);
#1001=CARTESIAN_POINT('',(1.135134693403E2,-6.787952552492E1,-5.E0));
#1002=CARTESIAN_POINT('',(1.093455276095E2,-7.445840716781E1,-5.E0));
#1003=VERTEX_POINT('',#1001);
#1004=VERTEX_POINT('',#1002);
#1005=CARTESIAN_POINT('',(1.036624655464E2,-6.960849796182E1,0.E0));
#1006=CARTESIAN_POINT('',(1.036624655464E2,-6.960849796182E1,-5.E0));
#1007=VERTEX_POINT('',#1005);
#1008=VERTEX_POINT('',#1006);
#1009=CARTESIAN_POINT('',(1.135134693403E2,-6.787952552492E1,0.E0));
#1010=CARTESIAN_POINT('',(1.093455276095E2,-7.445840716781E1,0.E0));
#1011=VERTEX_POINT('',#1009);
#1012=VERTEX_POINT('',#1010);
#1013=CARTESIAN_POINT('',(9.825824416554E1,-7.726782935676E1,0.E0));
#1014=VERTEX_POINT('',#1013);
#1015=CARTESIAN_POINT('',(1.035893374704E2,-8.261657922256E1,0.E0));
#1016=VERTEX_POINT('',#1015);
#1017=CARTESIAN_POINT('',(1.167834786983E2,-5.020491579771E1,0.E0));
#1018=VERTEX_POINT('',#1017);
#1019=CARTESIAN_POINT('',(1.167834786983E2,-5.020491579771E1,3.E1));
#1020=CARTESIAN_POINT('',(1.167834786983E2,-5.820491579771E1,3.E1));
#1021=VERTEX_POINT('',#1019);
#1022=VERTEX_POINT('',#1020);
#1023=CARTESIAN_POINT('',(1.135134693403E2,-6.787952552492E1,3.E1));
#1024=CARTESIAN_POINT('',(1.093455276095E2,-7.445840716781E1,3.E1));
#1025=VERTEX_POINT('',#1023);
#1026=VERTEX_POINT('',#1024);
#1027=CARTESIAN_POINT('',(1.036624655464E2,-6.960849796182E1,2.5E1));
#1028=CARTESIAN_POINT('',(1.036624655464E2,-6.960849796182E1,3.E1));
#1029=VERTEX_POINT('',#1027);
#1030=VERTEX_POINT('',#1028);
#1031=CARTESIAN_POINT('',(1.167834786983E2,-5.020491579771E1,2.5E1));
#1032=VERTEX_POINT('',#1031);
#1033=CARTESIAN_POINT('',(1.135134693403E2,-6.787952552492E1,2.5E1));
#1034=VERTEX_POINT('',#1033);
#1035=CARTESIAN_POINT('',(1.093455276095E2,-7.445840716781E1,2.5E1));
#1036=VERTEX_POINT('',#1035);
#1037=CARTESIAN_POINT('',(9.825824416554E1,-7.726782935676E1,2.5E1));
#1038=VERTEX_POINT('',#1037);
#1039=CARTESIAN_POINT('',(1.035893374704E2,-8.261657922256E1,2.5E1));
#1040=VERTEX_POINT('',#1039);
#1041=CARTESIAN_POINT('',(9.708782512653E1,-7.892664876087E1,2.5E1));
#1042=CARTESIAN_POINT('',(1.023233273066E2,-8.417949090435E1,2.5E1));
#1043=VERTEX_POINT('',#1041);
#1044=VERTEX_POINT('',#1042);
#1045=CARTESIAN_POINT('',(1.023233273066E2,-8.417949090435E1,0.E0));
#1046=CARTESIAN_POINT('',(9.700137918725E1,-7.883991651297E1,0.E0));
#1047=VERTEX_POINT('',#1045);
#1048=VERTEX_POINT('',#1046);
#1049=CARTESIAN_POINT('',(1.035893374704E2,-8.261657922256E1,-2.E0));
#1050=CARTESIAN_POINT('',(9.825824416554E1,-7.726782935676E1,-2.E0));
#1051=VERTEX_POINT('',#1049);
#1052=VERTEX_POINT('',#1050);
#1053=VERTEX_POINT('',#590);
#1054=VERTEX_POINT('',#596);
#1055=CARTESIAN_POINT('',(9.825824416554E1,-7.726782935676E1,2.7E1));
#1056=VERTEX_POINT('',#1055);
#1057=VERTEX_POINT('',#588);
#1058=VERTEX_POINT('',#362);
#1059=VERTEX_POINT('',#368);
#1060=CARTESIAN_POINT('',(1.035893374704E2,-8.261657922256E1,-3.E0));
#1061=VERTEX_POINT('',#1060);
#1062=VERTEX_POINT('',#971);
#1063=CARTESIAN_POINT('',(1.127834786983E2,-5.420491579771E1,0.E0));
#1064=CARTESIAN_POINT('',(1.167834786983E2,-5.820491579771E1,0.E0));
#1065=VERTEX_POINT('',#1063);
#1066=VERTEX_POINT('',#1064);
#1067=CARTESIAN_POINT('',(1.127834786983E2,-5.420491579771E1,2.5E1));
#1068=CARTESIAN_POINT('',(1.167834786983E2,-5.820491579771E1,2.5E1));
#1069=VERTEX_POINT('',#1067);
#1070=VERTEX_POINT('',#1068);
#1071=CARTESIAN_POINT('',(1.194981842040E2,-5.714266561979E1,0.E0));
#1072=CARTESIAN_POINT('',(1.194981842040E2,-5.714266561979E1,6.25E0));
#1073=VERTEX_POINT('',#1071);
#1074=VERTEX_POINT('',#1072);
#1075=CARTESIAN_POINT('',(1.194981842040E2,-5.714266561979E1,1.875E1));
#1076=CARTESIAN_POINT('',(1.194981842040E2,-5.714266561979E1,2.5E1));
#1077=VERTEX_POINT('',#1075);
#1078=VERTEX_POINT('',#1076);
#1079=CARTESIAN_POINT('',(1.127834786983E2,-5.420491579771E1,6.25E0));
#1080=VERTEX_POINT('',#1079);
#1081=CARTESIAN_POINT('',(1.127834786983E2,-5.420491579771E1,1.875E1));
#1082=VERTEX_POINT('',#1081);
#1083=CARTESIAN_POINT('',(3.195667881720E1,-1.285885713389E2,0.E0));
#1084=CARTESIAN_POINT('',(3.030223397034E1,-1.212714913589E2,0.E0));
#1085=VERTEX_POINT('',#1083);
#1086=VERTEX_POINT('',#1084);
#1087=CARTESIAN_POINT('',(3.195667881720E1,-1.285885713389E2,2.5E1));
#1088=CARTESIAN_POINT('',(3.030223397034E1,-1.212714913589E2,2.5E1));
#1089=VERTEX_POINT('',#1087);
#1090=VERTEX_POINT('',#1088);
#1091=CARTESIAN_POINT('',(3.077659235778E1,-1.233694266673E2,1.665240893940E1));
#1092=CARTESIAN_POINT('',(2.258341777959E1,-1.252219628563E2,1.665240893940E1));
#1093=VERTEX_POINT('',#1091);
#1094=VERTEX_POINT('',#1092);
#1095=CARTESIAN_POINT('',(3.077659235778E1,-1.233694266673E2,8.347591060601E0));
#1096=CARTESIAN_POINT('',(2.258341777959E1,-1.252219628563E2,8.347591060601E0));
#1097=VERTEX_POINT('',#1095);
#1098=VERTEX_POINT('',#1096);
#1099=CARTESIAN_POINT('',(2.328914585157E1,-1.283431722194E2,8.347591060601E0));
#1100=VERTEX_POINT('',#1099);
#1101=CARTESIAN_POINT('',(2.328914585157E1,-1.283431722194E2,1.665240893940E1));
#1102=VERTEX_POINT('',#1101);
#1103=CARTESIAN_POINT('',(1.304767762883E1,-1.306588424555E2,8.347591060601E0));
#1104=VERTEX_POINT('',#1103);
#1105=CARTESIAN_POINT('',(1.304767762883E1,-1.306588424555E2,1.665240893940E1));
#1106=VERTEX_POINT('',#1105);
#1107=CARTESIAN_POINT('',(1.234194955686E1,-1.275376330924E2,1.665240893940E1));
#1108=VERTEX_POINT('',#1107);
#1109=CARTESIAN_POINT('',(1.234194955686E1,-1.275376330924E2,8.347591060601E0));
#1110=VERTEX_POINT('',#1109);
#1111=CARTESIAN_POINT('',(2.258341777959E1,-1.252219628563E2,1.805240893940E1));
#1112=CARTESIAN_POINT('',(2.269368779084E1,-1.257096518192E2,1.855240893940E1));
#1113=VERTEX_POINT('',#1111);
#1114=VERTEX_POINT('',#1112);
#1115=CARTESIAN_POINT('',(1.430543762746E1,-1.276062960127E2,1.855240893940E1));
#1116=VERTEX_POINT('',#1115);
#1117=VERTEX_POINT('',#913);
#1118=CARTESIAN_POINT('',(2.317887584032E1,-1.278554832564E2,1.855240893940E1));
#1119=CARTESIAN_POINT('',(2.328914585157E1,-1.283431722194E2,1.805240893940E1));
#1120=VERTEX_POINT('',#1118);
#1121=VERTEX_POINT('',#1119);
#1122=CARTESIAN_POINT('',(1.441320672520E1,-1.303500864241E2,1.805240893940E1));
#1123=VERTEX_POINT('',#1122);
#1124=VERTEX_POINT('',#919);
#1125=CARTESIAN_POINT('',(2.269368779084E1,-1.257096518192E2,6.447591060601E0));
#1126=CARTESIAN_POINT('',(2.258341777959E1,-1.252219628563E2,6.947591060601E0));
#1127=VERTEX_POINT('',#1125);
#1128=VERTEX_POINT('',#1126);
#1129=CARTESIAN_POINT('',(1.370747865322E1,-1.272288770609E2,6.947591060601E0));
#1130=VERTEX_POINT('',#1129);
#1131=VERTEX_POINT('',#839);
#1132=CARTESIAN_POINT('',(2.328914585157E1,-1.283431722194E2,6.947591060601E0));
#1133=CARTESIAN_POINT('',(2.317887584032E1,-1.278554832564E2,6.447591060601E0));
#1134=VERTEX_POINT('',#1132);
#1135=VERTEX_POINT('',#1133);
#1136=CARTESIAN_POINT('',(1.479062567694E1,-1.297521274498E2,6.447591060601E0));
#1137=VERTEX_POINT('',#1136);
#1138=VERTEX_POINT('',#833);
#1139=CARTESIAN_POINT('',(3.030223397034E1,-1.212714913589E2,3.230113905568E0));
#1140=VERTEX_POINT('',#1139);
#1141=CARTESIAN_POINT('',(3.030223397034E1,-1.212714913589E2,2.176988609443E1));
#1142=VERTEX_POINT('',#1141);
#1143=CARTESIAN_POINT('',(3.195667881720E1,-1.285885713389E2,3.230113905568E0));
#1144=VERTEX_POINT('',#1143);
#1145=CARTESIAN_POINT('',(3.195667881720E1,-1.285885713389E2,2.176988609443E1));
#1146=VERTEX_POINT('',#1145);
#1147=CARTESIAN_POINT('',(4.465859246212E1,-1.167502039369E2,3.836692274074E0));
#1148=CARTESIAN_POINT('',(4.465859246212E1,-1.167502039369E2,2.116330772593E1));
#1149=VERTEX_POINT('',#1147);
#1150=VERTEX_POINT('',#1148);
#1151=CARTESIAN_POINT('',(4.632871450636E1,-1.241366191427E2,2.838061793919E0));
#1152=CARTESIAN_POINT('',(4.632871450636E1,-1.241366191427E2,2.216193820608E1));
#1153=VERTEX_POINT('',#1151);
#1154=VERTEX_POINT('',#1152);
#1155=CARTESIAN_POINT('',(1.100938213809E2,-5.626610113046E1,3.E1));
#1156=CARTESIAN_POINT('',(1.100938213809E2,-5.626610113046E1,2.5E1));
#1157=VERTEX_POINT('',#1155);
#1158=VERTEX_POINT('',#1156);
#1159=CARTESIAN_POINT('',(1.097049155093E2,-5.949558491194E1,3.E1));
#1160=CARTESIAN_POINT('',(1.097049155093E2,-5.949558491194E1,2.5E1));
#1161=VERTEX_POINT('',#1159);
#1162=VERTEX_POINT('',#1160);
#1163=CARTESIAN_POINT('',(1.101138688441E2,-5.633007564880E1,2.5E1));
#1164=VERTEX_POINT('',#1163);
#1165=CARTESIAN_POINT('',(1.098008466388E2,-5.948422401284E1,1.875E1));
#1166=CARTESIAN_POINT('',(1.098008466388E2,-5.948422401284E1,2.5E1));
#1167=VERTEX_POINT('',#1165);
#1168=VERTEX_POINT('',#1166);
#1169=CARTESIAN_POINT('',(1.101138688441E2,-5.633007564880E1,1.875E1));
#1170=VERTEX_POINT('',#1169);
#1171=CARTESIAN_POINT('',(1.100938213809E2,-5.626610113046E1,0.E0));
#1172=CARTESIAN_POINT('',(1.100938213809E2,-5.626610113046E1,-5.E0));
#1173=VERTEX_POINT('',#1171);
#1174=VERTEX_POINT('',#1172);
#1175=CARTESIAN_POINT('',(1.097049155093E2,-5.949558491194E1,0.E0));
#1176=CARTESIAN_POINT('',(1.097049155093E2,-5.949558491194E1,-5.E0));
#1177=VERTEX_POINT('',#1175);
#1178=VERTEX_POINT('',#1176);
#1179=CARTESIAN_POINT('',(1.101138688441E2,-5.633007564880E1,0.E0));
#1180=VERTEX_POINT('',#1179);
#1181=CARTESIAN_POINT('',(1.101138688441E2,-5.633007564880E1,6.25E0));
#1182=VERTEX_POINT('',#1181);
#1183=CARTESIAN_POINT('',(1.098008466388E2,-5.948422401284E1,0.E0));
#1184=CARTESIAN_POINT('',(1.098008466388E2,-5.948422401284E1,6.25E0));
#1185=VERTEX_POINT('',#1183);
#1186=VERTEX_POINT('',#1184);
#1187=CARTESIAN_POINT('',(1.164758114159E2,-6.278178193996E1,6.25E0));
#1188=CARTESIAN_POINT('',(1.164758114159E2,-6.278178193996E1,0.E0));
#1189=VERTEX_POINT('',#1187);
#1190=VERTEX_POINT('',#1188);
#1191=CARTESIAN_POINT('',(1.188093321426E2,-6.090535741169E1,6.25E0));
#1192=CARTESIAN_POINT('',(1.188093321426E2,-6.090535741169E1,0.E0));
#1193=VERTEX_POINT('',#1191);
#1194=VERTEX_POINT('',#1192);
#1195=CARTESIAN_POINT('',(1.187828049609E2,-6.091332056305E1,0.E0));
#1196=VERTEX_POINT('',#1195);
#1197=CARTESIAN_POINT('',(1.187828049609E2,-6.091332056305E1,-5.E0));
#1198=VERTEX_POINT('',#1197);
#1199=CARTESIAN_POINT('',(1.164565766358E2,-6.275468140814E1,0.E0));
#1200=CARTESIAN_POINT('',(1.164565766358E2,-6.275468140814E1,-5.E0));
#1201=VERTEX_POINT('',#1199);
#1202=VERTEX_POINT('',#1200);
#1203=CARTESIAN_POINT('',(1.164565766358E2,-6.275468140814E1,3.E1));
#1204=CARTESIAN_POINT('',(1.164565766358E2,-6.275468140814E1,2.5E1));
#1205=VERTEX_POINT('',#1203);
#1206=VERTEX_POINT('',#1204);
#1207=CARTESIAN_POINT('',(1.187828049609E2,-6.091332056305E1,3.E1));
#1208=CARTESIAN_POINT('',(1.187828049609E2,-6.091332056305E1,2.5E1));
#1209=VERTEX_POINT('',#1207);
#1210=VERTEX_POINT('',#1208);
#1211=CARTESIAN_POINT('',(1.164758114159E2,-6.278178193996E1,2.5E1));
#1212=CARTESIAN_POINT('',(1.164758114159E2,-6.278178193996E1,1.875E1));
#1213=VERTEX_POINT('',#1211);
#1214=VERTEX_POINT('',#1212);
#1215=CARTESIAN_POINT('',(1.188093321426E2,-6.090535741169E1,2.5E1));
#1216=CARTESIAN_POINT('',(1.188093321426E2,-6.090535741169E1,1.875E1));
#1217=VERTEX_POINT('',#1215);
#1218=VERTEX_POINT('',#1216);
#1219=CARTESIAN_POINT('',(1.219178900602E1,-1.273269534792E2,8.447591060601E0));
#1220=CARTESIAN_POINT('',(1.300276259447E1,-1.309136300733E2,8.447591060601E0));
#1221=VERTEX_POINT('',#1219);
#1222=VERTEX_POINT('',#1220);
#1223=CARTESIAN_POINT('',(1.300276259447E1,-1.309136300733E2,1.655240893940E1));
#1224=CARTESIAN_POINT('',(1.219178900602E1,-1.273269534792E2,1.655240893940E1));
#1225=VERTEX_POINT('',#1223);
#1226=VERTEX_POINT('',#1224);
#1227=CARTESIAN_POINT('',(1.259727580025E1,-1.291202917762E2,8.05E0));
#1228=VERTEX_POINT('',#1227);
#1229=CARTESIAN_POINT('',(1.259727580025E1,-1.291202917762E2,1.695E1));
#1230=VERTEX_POINT('',#1229);
#1231=CARTESIAN_POINT('',(2.843496540498E0,-1.313256920012E2,1.595E1));
#1232=CARTESIAN_POINT('',(2.843496540498E0,-1.313256920012E2,9.05E0));
#1233=VERTEX_POINT('',#1231);
#1234=VERTEX_POINT('',#1232);
#1235=CARTESIAN_POINT('',(3.818874466473E0,-1.311051519787E2,1.695E1));
#1236=CARTESIAN_POINT('',(3.818874466473E0,-1.311051519787E2,8.05E0));
#1237=VERTEX_POINT('',#1235);
#1238=VERTEX_POINT('',#1236);
#1239=CARTESIAN_POINT('',(1.167834786983E2,-5.420491579771E1,2.5E1));
#1240=DIRECTION('',(0.E0,0.E0,1.E0));
#1241=DIRECTION('',(1.E0,0.E0,0.E0));
#1242=AXIS2_PLACEMENT_3D('',#1239,#1240,#1241);
#1243=CYLINDRICAL_SURFACE('',#1242,7.E0);
#1245=ORIENTED_EDGE('',*,*,#1244,.T.);
#1247=ORIENTED_EDGE('',*,*,#1246,.T.);
#1249=ORIENTED_EDGE('',*,*,#1248,.F.);
#1251=ORIENTED_EDGE('',*,*,#1250,.F.);
#1253=ORIENTED_EDGE('',*,*,#1252,.F.);
#1255=ORIENTED_EDGE('',*,*,#1254,.T.);
#1257=ORIENTED_EDGE('',*,*,#1256,.F.);
#1259=ORIENTED_EDGE('',*,*,#1258,.F.);
#1260=EDGE_LOOP('',(#1245,#1247,#1249,#1251,#1253,#1255,#1257,#1259));
#1261=FACE_OUTER_BOUND('',#1260,.F.);
#1263=CARTESIAN_POINT('',(1.167834786983E2,-5.420491579771E1,2.5E1));
#1264=DIRECTION('',(0.E0,0.E0,1.E0));
#1265=DIRECTION('',(1.E0,0.E0,0.E0));
#1266=AXIS2_PLACEMENT_3D('',#1263,#1264,#1265);
#1267=CYLINDRICAL_SURFACE('',#1266,7.E0);
#1269=ORIENTED_EDGE('',*,*,#1268,.T.);
#1271=ORIENTED_EDGE('',*,*,#1270,.T.);
#1273=ORIENTED_EDGE('',*,*,#1272,.F.);
#1275=ORIENTED_EDGE('',*,*,#1274,.F.);
#1277=ORIENTED_EDGE('',*,*,#1276,.F.);
#1279=ORIENTED_EDGE('',*,*,#1278,.T.);
#1281=ORIENTED_EDGE('',*,*,#1280,.F.);
#1283=ORIENTED_EDGE('',*,*,#1282,.F.);
#1284=EDGE_LOOP('',(#1269,#1271,#1273,#1275,#1277,#1279,#1281,#1283));
#1285=FACE_OUTER_BOUND('',#1284,.F.);
#1287=CARTESIAN_POINT('',(1.098993684451E2,-5.788084302120E1,2.75E1));
#1288=DIRECTION('',(-9.928270079455E-1,1.195597436179E-1,0.E0));
#1289=DIRECTION('',(1.195597436179E-1,9.928270079455E-1,0.E0));
#1290=AXIS2_PLACEMENT_3D('',#1287,#1288,#1289);
#1291=PLANE('',#1290);
#1292=ORIENTED_EDGE('',*,*,#1244,.F.);
#1294=ORIENTED_EDGE('',*,*,#1293,.T.);
#1296=ORIENTED_EDGE('',*,*,#1295,.T.);
#1298=ORIENTED_EDGE('',*,*,#1297,.T.);
#1299=EDGE_LOOP('',(#1292,#1294,#1296,#1298));
#1300=FACE_OUTER_BOUND('',#1299,.F.);
#1302=CARTESIAN_POINT('',(0.E0,0.E0,3.E1));
#1303=DIRECTION('',(0.E0,0.E0,-1.E0));
#1304=DIRECTION('',(0.E0,1.E0,0.E0));
#1305=AXIS2_PLACEMENT_3D('',#1302,#1303,#1304);
#1306=PLANE('',#1305);
#1307=ORIENTED_EDGE('',*,*,#1258,.T.);
#1309=ORIENTED_EDGE('',*,*,#1308,.F.);
#1311=ORIENTED_EDGE('',*,*,#1310,.T.);
#1313=ORIENTED_EDGE('',*,*,#1312,.T.);
#1315=ORIENTED_EDGE('',*,*,#1314,.T.);
#1317=ORIENTED_EDGE('',*,*,#1316,.F.);
#1319=ORIENTED_EDGE('',*,*,#1318,.T.);
#1321=ORIENTED_EDGE('',*,*,#1320,.T.);
#1322=ORIENTED_EDGE('',*,*,#1293,.F.);
#1323=EDGE_LOOP('',(#1307,#1309,#1311,#1313,#1315,#1317,#1319,#1321,#1322));
#1324=FACE_OUTER_BOUND('',#1323,.F.);
#1326=ORIENTED_EDGE('',*,*,#1325,.T.);
#1328=ORIENTED_EDGE('',*,*,#1327,.T.);
#1329=EDGE_LOOP('',(#1326,#1328));
#1330=FACE_BOUND('',#1329,.F.);
#1332=CARTESIAN_POINT('',(1.167834786983E2,-5.420491579771E1,2.5E1));
#1333=DIRECTION('',(0.E0,0.E0,1.E0));
#1334=DIRECTION('',(1.E0,0.E0,0.E0));
#1335=AXIS2_PLACEMENT_3D('',#1332,#1333,#1334);
#1336=CYLINDRICAL_SURFACE('',#1335,4.E0);
#1338=ORIENTED_EDGE('',*,*,#1337,.F.);
#1340=ORIENTED_EDGE('',*,*,#1339,.F.);
#1342=ORIENTED_EDGE('',*,*,#1341,.T.);
#1344=ORIENTED_EDGE('',*,*,#1343,.F.);
#1346=ORIENTED_EDGE('',*,*,#1345,.F.);
#1348=ORIENTED_EDGE('',*,*,#1347,.T.);
#1350=ORIENTED_EDGE('',*,*,#1349,.T.);
#1352=ORIENTED_EDGE('',*,*,#1351,.F.);
#1353=EDGE_LOOP('',(#1338,#1340,#1342,#1344,#1346,#1348,#1350,#1352));
#1354=FACE_OUTER_BOUND('',#1353,.F.);
#1356=CARTESIAN_POINT('',(1.167834786983E2,-5.420491579771E1,2.5E1));
#1357=DIRECTION('',(0.E0,0.E0,1.E0));
#1358=DIRECTION('',(1.E0,0.E0,0.E0));
#1359=AXIS2_PLACEMENT_3D('',#1356,#1357,#1358);
#1360=CYLINDRICAL_SURFACE('',#1359,4.E0);
#1362=ORIENTED_EDGE('',*,*,#1361,.T.);
#1364=ORIENTED_EDGE('',*,*,#1363,.F.);
#1366=ORIENTED_EDGE('',*,*,#1365,.T.);
#1368=ORIENTED_EDGE('',*,*,#1367,.T.);
#1369=ORIENTED_EDGE('',*,*,#1325,.F.);
#1371=ORIENTED_EDGE('',*,*,#1370,.F.);
#1373=ORIENTED_EDGE('',*,*,#1372,.T.);
#1375=ORIENTED_EDGE('',*,*,#1374,.F.);
#1376=EDGE_LOOP('',(#1362,#1364,#1366,#1368,#1369,#1371,#1373,#1375));
#1377=FACE_OUTER_BOUND('',#1376,.F.);
#1379=CARTESIAN_POINT('',(1.167834786983E2,-5.420491579771E1,0.E0));
#1380=DIRECTION('',(0.E0,0.E0,-1.E0));
#1381=DIRECTION('',(0.E0,1.E0,0.E0));
#1382=AXIS2_PLACEMENT_3D('',#1379,#1380,#1381);
#1383=CYLINDRICAL_SURFACE('',#1382,4.E0);
#1384=ORIENTED_EDGE('',*,*,#1345,.T.);
#1385=ORIENTED_EDGE('',*,*,#1343,.T.);
#1387=ORIENTED_EDGE('',*,*,#1386,.F.);
#1388=ORIENTED_EDGE('',*,*,#1339,.T.);
#1389=ORIENTED_EDGE('',*,*,#1337,.T.);
#1390=ORIENTED_EDGE('',*,*,#1351,.T.);
#1392=ORIENTED_EDGE('',*,*,#1391,.T.);
#1393=ORIENTED_EDGE('',*,*,#1347,.F.);
#1394=EDGE_LOOP('',(#1384,#1385,#1387,#1388,#1389,#1390,#1392,#1393));
#1395=FACE_OUTER_BOUND('',#1394,.F.);
#1397=CARTESIAN_POINT('',(1.167834786983E2,-5.420491579771E1,0.E0));
#1398=DIRECTION('',(0.E0,0.E0,-1.E0));
#1399=DIRECTION('',(0.E0,1.E0,0.E0));
#1400=AXIS2_PLACEMENT_3D('',#1397,#1398,#1399);
#1401=CYLINDRICAL_SURFACE('',#1400,4.E0);
#1402=ORIENTED_EDGE('',*,*,#1367,.F.);
#1403=ORIENTED_EDGE('',*,*,#1365,.F.);
#1404=ORIENTED_EDGE('',*,*,#1363,.T.);
#1406=ORIENTED_EDGE('',*,*,#1405,.T.);
#1407=ORIENTED_EDGE('',*,*,#1374,.T.);
#1408=ORIENTED_EDGE('',*,*,#1372,.F.);
#1409=ORIENTED_EDGE('',*,*,#1370,.T.);
#1410=ORIENTED_EDGE('',*,*,#1327,.F.);
#1411=EDGE_LOOP('',(#1402,#1403,#1404,#1406,#1407,#1408,#1409,#1410));
#1412=FACE_OUTER_BOUND('',#1411,.F.);
#1414=CARTESIAN_POINT('',(0.E0,0.E0,6.25E0));
#1415=DIRECTION('',(0.E0,0.E0,1.E0));
#1416=DIRECTION('',(0.E0,-1.E0,0.E0));
#1417=AXIS2_PLACEMENT_3D('',#1414,#1415,#1416);
#1418=PLANE('',#1417);
#1419=ORIENTED_EDGE('',*,*,#1278,.F.);
#1421=ORIENTED_EDGE('',*,*,#1420,.F.);
#1423=ORIENTED_EDGE('',*,*,#1422,.F.);
#1425=ORIENTED_EDGE('',*,*,#1424,.F.);
#1427=ORIENTED_EDGE('',*,*,#1426,.T.);
#1429=ORIENTED_EDGE('',*,*,#1428,.F.);
#1430=EDGE_LOOP('',(#1419,#1421,#1423,#1425,#1427,#1429));
#1431=FACE_OUTER_BOUND('',#1430,.F.);
#1432=ORIENTED_EDGE('',*,*,#1341,.F.);
#1433=ORIENTED_EDGE('',*,*,#1386,.T.);
#1434=EDGE_LOOP('',(#1432,#1433));
#1435=FACE_BOUND('',#1434,.F.);
#1437=CARTESIAN_POINT('',(1.176425717792E2,-6.184356967582E1,3.125E0));
#1438=DIRECTION('',(6.266495891944E-1,-7.793011563975E-1,0.E0));
#1439=DIRECTION('',(-7.793011563975E-1,-6.266495891944E-1,0.E0));
#1440=AXIS2_PLACEMENT_3D('',#1437,#1438,#1439);
#1441=PLANE('',#1440);
#1443=ORIENTED_EDGE('',*,*,#1442,.F.);
#1444=ORIENTED_EDGE('',*,*,#1420,.T.);
#1445=ORIENTED_EDGE('',*,*,#1276,.T.);
#1447=ORIENTED_EDGE('',*,*,#1446,.T.);
#1448=EDGE_LOOP('',(#1443,#1444,#1445,#1447));
#1449=FACE_OUTER_BOUND('',#1448,.F.);
#1451=CARTESIAN_POINT('',(-3.945365794301E1,2.442056364391E1,0.E0));
#1452=DIRECTION('',(0.E0,0.E0,1.E0));
#1453=DIRECTION('',(1.E0,0.E0,0.E0));
#1454=AXIS2_PLACEMENT_3D('',#1451,#1452,#1453);
#1455=CYLINDRICAL_SURFACE('',#1454,1.786567896551E2);
#1456=ORIENTED_EDGE('',*,*,#1442,.T.);
#1458=ORIENTED_EDGE('',*,*,#1457,.F.);
#1460=ORIENTED_EDGE('',*,*,#1459,.F.);
#1462=ORIENTED_EDGE('',*,*,#1461,.F.);
#1464=ORIENTED_EDGE('',*,*,#1463,.T.);
#1466=ORIENTED_EDGE('',*,*,#1465,.T.);
#1468=ORIENTED_EDGE('',*,*,#1467,.T.);
#1470=ORIENTED_EDGE('',*,*,#1469,.T.);
#1472=ORIENTED_EDGE('',*,*,#1471,.T.);
#1474=ORIENTED_EDGE('',*,*,#1473,.F.);
#1476=ORIENTED_EDGE('',*,*,#1475,.F.);
#1477=ORIENTED_EDGE('',*,*,#1422,.T.);
#1478=EDGE_LOOP('',(#1456,#1458,#1460,#1462,#1464,#1466,#1468,#1470,#1472,#1474,
#1476,#1477));
#1479=FACE_OUTER_BOUND('',#1478,.F.);
#1481=CARTESIAN_POINT('',(0.E0,0.E0,0.E0));
#1482=DIRECTION('',(0.E0,0.E0,1.E0));
#1483=DIRECTION('',(1.E0,0.E0,0.E0));
#1484=AXIS2_PLACEMENT_3D('',#1481,#1482,#1483);
#1485=PLANE('',#1484);
#1487=ORIENTED_EDGE('',*,*,#1486,.T.);
#1488=ORIENTED_EDGE('',*,*,#1459,.T.);
#1489=EDGE_LOOP('',(#1487,#1488));
#1490=FACE_OUTER_BOUND('',#1489,.F.);
#1492=CARTESIAN_POINT('',(0.E0,0.E0,0.E0));
#1493=DIRECTION('',(0.E0,0.E0,1.E0));
#1494=DIRECTION('',(1.E0,0.E0,0.E0));
#1495=AXIS2_PLACEMENT_3D('',#1492,#1493,#1494);
#1496=PLANE('',#1495);
#1498=ORIENTED_EDGE('',*,*,#1497,.T.);
#1499=ORIENTED_EDGE('',*,*,#1461,.T.);
#1500=EDGE_LOOP('',(#1498,#1499));
#1501=FACE_OUTER_BOUND('',#1500,.F.);
#1503=CARTESIAN_POINT('',(0.E0,0.E0,0.E0));
#1504=DIRECTION('',(0.E0,0.E0,1.E0));
#1505=DIRECTION('',(1.E0,0.E0,0.E0));
#1506=AXIS2_PLACEMENT_3D('',#1503,#1504,#1505);
#1507=PLANE('',#1506);
#1509=ORIENTED_EDGE('',*,*,#1508,.F.);
#1511=ORIENTED_EDGE('',*,*,#1510,.T.);
#1513=ORIENTED_EDGE('',*,*,#1512,.T.);
#1515=ORIENTED_EDGE('',*,*,#1514,.T.);
#1516=EDGE_LOOP('',(#1509,#1511,#1513,#1515));
#1517=FACE_OUTER_BOUND('',#1516,.F.);
#1519=CARTESIAN_POINT('',(0.E0,0.E0,0.E0));
#1520=DIRECTION('',(0.E0,0.E0,1.E0));
#1521=DIRECTION('',(1.E0,0.E0,0.E0));
#1522=AXIS2_PLACEMENT_3D('',#1519,#1520,#1521);
#1523=PLANE('',#1522);
#1524=ORIENTED_EDGE('',*,*,#1457,.T.);
#1525=ORIENTED_EDGE('',*,*,#1446,.F.);
#1526=ORIENTED_EDGE('',*,*,#1274,.T.);
#1528=ORIENTED_EDGE('',*,*,#1527,.T.);
#1530=ORIENTED_EDGE('',*,*,#1529,.T.);
#1531=EDGE_LOOP('',(#1524,#1525,#1526,#1528,#1530));
#1532=FACE_OUTER_BOUND('',#1531,.F.);
#1534=CARTESIAN_POINT('',(1.135134693403E2,-6.787952552492E1,0.E0));
#1535=DIRECTION('',(8.447426454039E-1,-5.351727413050E-1,0.E0));
#1536=DIRECTION('',(-5.351727413050E-1,-8.447426454039E-1,0.E0));
#1537=AXIS2_PLACEMENT_3D('',#1534,#1535,#1536);
#1538=PLANE('',#1537);
#1539=ORIENTED_EDGE('',*,*,#1486,.F.);
#1541=ORIENTED_EDGE('',*,*,#1540,.T.);
#1543=ORIENTED_EDGE('',*,*,#1542,.T.);
#1545=ORIENTED_EDGE('',*,*,#1544,.F.);
#1546=EDGE_LOOP('',(#1539,#1541,#1543,#1545));
#1547=FACE_OUTER_BOUND('',#1546,.F.);
#1549=CARTESIAN_POINT('',(1.173602487636E2,-6.118111363692E1,0.E0));
#1550=DIRECTION('',(8.671751187972E-1,-4.980033266345E-1,0.E0));
#1551=DIRECTION('',(-4.980033266345E-1,-8.671751187972E-1,0.E0));
#1552=AXIS2_PLACEMENT_3D('',#1549,#1550,#1551);
#1553=PLANE('',#1552);
#1555=ORIENTED_EDGE('',*,*,#1554,.T.);
#1557=ORIENTED_EDGE('',*,*,#1556,.T.);
#1558=ORIENTED_EDGE('',*,*,#1540,.F.);
#1559=ORIENTED_EDGE('',*,*,#1529,.F.);
#1560=EDGE_LOOP('',(#1555,#1557,#1558,#1559));
#1561=FACE_OUTER_BOUND('',#1560,.F.);
#1563=CARTESIAN_POINT('',(1.176196907984E2,-6.183400098559E1,-2.5E0));
#1564=DIRECTION('',(6.206539235661E-1,-7.840846301019E-1,0.E0));
#1565=DIRECTION('',(-7.840846301019E-1,-6.206539235661E-1,0.E0));
#1566=AXIS2_PLACEMENT_3D('',#1563,#1564,#1565);
#1567=PLANE('',#1566);
#1568=ORIENTED_EDGE('',*,*,#1272,.T.);
#1570=ORIENTED_EDGE('',*,*,#1569,.T.);
#1571=ORIENTED_EDGE('',*,*,#1554,.F.);
#1572=ORIENTED_EDGE('',*,*,#1527,.F.);
#1573=EDGE_LOOP('',(#1568,#1570,#1571,#1572));
#1574=FACE_OUTER_BOUND('',#1573,.F.);
#1576=CARTESIAN_POINT('',(0.E0,0.E0,-5.E0));
#1577=DIRECTION('',(0.E0,0.E0,-1.E0));
#1578=DIRECTION('',(0.E0,1.E0,0.E0));
#1579=AXIS2_PLACEMENT_3D('',#1576,#1577,#1578);
#1580=PLANE('',#1579);
#1581=ORIENTED_EDGE('',*,*,#1556,.F.);
#1582=ORIENTED_EDGE('',*,*,#1569,.F.);
#1583=ORIENTED_EDGE('',*,*,#1270,.F.);
#1585=ORIENTED_EDGE('',*,*,#1584,.F.);
#1587=ORIENTED_EDGE('',*,*,#1586,.F.);
#1589=ORIENTED_EDGE('',*,*,#1588,.F.);
#1591=ORIENTED_EDGE('',*,*,#1590,.F.);
#1593=ORIENTED_EDGE('',*,*,#1592,.F.);
#1594=ORIENTED_EDGE('',*,*,#1542,.F.);
#1595=EDGE_LOOP('',(#1581,#1582,#1583,#1585,#1587,#1589,#1591,#1593,#1594));
#1596=FACE_OUTER_BOUND('',#1595,.F.);
#1597=ORIENTED_EDGE('',*,*,#1349,.F.);
#1598=ORIENTED_EDGE('',*,*,#1391,.F.);
#1599=EDGE_LOOP('',(#1597,#1598));
#1600=FACE_BOUND('',#1599,.F.);
#1602=CARTESIAN_POINT('',(1.098993684451E2,-5.788084302120E1,-2.5E0));
#1603=DIRECTION('',(-9.928270079455E-1,1.195597436179E-1,0.E0));
#1604=DIRECTION('',(1.195597436179E-1,9.928270079455E-1,0.E0));
#1605=AXIS2_PLACEMENT_3D('',#1602,#1603,#1604);
#1606=PLANE('',#1605);
#1607=ORIENTED_EDGE('',*,*,#1268,.F.);
#1609=ORIENTED_EDGE('',*,*,#1608,.T.);
#1611=ORIENTED_EDGE('',*,*,#1610,.T.);
#1612=ORIENTED_EDGE('',*,*,#1584,.T.);
#1613=EDGE_LOOP('',(#1607,#1609,#1611,#1612));
#1614=FACE_OUTER_BOUND('',#1613,.F.);
#1616=CARTESIAN_POINT('',(0.E0,0.E0,0.E0));
#1617=DIRECTION('',(0.E0,0.E0,-1.E0));
#1618=DIRECTION('',(0.E0,1.E0,0.E0));
#1619=AXIS2_PLACEMENT_3D('',#1616,#1617,#1618);
#1620=PLANE('',#1619);
#1622=ORIENTED_EDGE('',*,*,#1621,.T.);
#1624=ORIENTED_EDGE('',*,*,#1623,.F.);
#1625=EDGE_LOOP('',(#1622,#1624));
#1626=FACE_OUTER_BOUND('',#1625,.F.);
#1628=CARTESIAN_POINT('',(0.E0,0.E0,0.E0));
#1629=DIRECTION('',(0.E0,0.E0,-1.E0));
#1630=DIRECTION('',(0.E0,1.E0,0.E0));
#1631=AXIS2_PLACEMENT_3D('',#1628,#1629,#1630);
#1632=PLANE('',#1631);
#1634=ORIENTED_EDGE('',*,*,#1633,.T.);
#1635=ORIENTED_EDGE('',*,*,#1608,.F.);
#1636=ORIENTED_EDGE('',*,*,#1282,.T.);
#1638=ORIENTED_EDGE('',*,*,#1637,.T.);
#1640=ORIENTED_EDGE('',*,*,#1639,.F.);
#1641=EDGE_LOOP('',(#1634,#1635,#1636,#1638,#1640));
#1642=FACE_OUTER_BOUND('',#1641,.F.);
#1644=CARTESIAN_POINT('',(9.825824416554E1,-7.726782935676E1,0.E0));
#1645=DIRECTION('',(-8.170867344389E-1,5.765147599185E-1,0.E0));
#1646=DIRECTION('',(5.765147599185E-1,8.170867344389E-1,0.E0));
#1647=AXIS2_PLACEMENT_3D('',#1644,#1645,#1646);
#1648=PLANE('',#1647);
#1650=ORIENTED_EDGE('',*,*,#1649,.F.);
#1651=ORIENTED_EDGE('',*,*,#1588,.T.);
#1653=ORIENTED_EDGE('',*,*,#1652,.F.);
#1654=ORIENTED_EDGE('',*,*,#1621,.F.);
#1656=ORIENTED_EDGE('',*,*,#1655,.F.);
#1658=ORIENTED_EDGE('',*,*,#1657,.T.);
#1659=EDGE_LOOP('',(#1650,#1651,#1653,#1654,#1656,#1658));
#1660=FACE_OUTER_BOUND('',#1659,.F.);
#1662=CARTESIAN_POINT('',(2.682280508819E2,-2.449674605647E2,-3.E0));
#1663=DIRECTION('',(-7.059367848488E-1,7.082748448147E-1,0.E0));
#1664=DIRECTION('',(0.E0,0.E0,-1.E0));
#1665=AXIS2_PLACEMENT_3D('',#1662,#1663,#1664);
#1666=CYLINDRICAL_SURFACE('',#1665,2.E0);
#1667=ORIENTED_EDGE('',*,*,#1649,.T.);
#1669=ORIENTED_EDGE('',*,*,#1668,.F.);
#1671=ORIENTED_EDGE('',*,*,#1670,.T.);
#1672=ORIENTED_EDGE('',*,*,#1590,.T.);
#1673=EDGE_LOOP('',(#1667,#1669,#1671,#1672));
#1674=FACE_OUTER_BOUND('',#1673,.F.);
#1676=CARTESIAN_POINT('',(1.035893374704E2,-8.261657922256E1,0.E0));
#1677=DIRECTION('',(-7.082748448147E-1,-7.059367848488E-1,0.E0));
#1678=DIRECTION('',(-7.059367848488E-1,7.082748448147E-1,0.E0));
#1679=AXIS2_PLACEMENT_3D('',#1676,#1677,#1678);
#1680=PLANE('',#1679);
#1681=ORIENTED_EDGE('',*,*,#1668,.T.);
#1682=ORIENTED_EDGE('',*,*,#1657,.F.);
#1684=ORIENTED_EDGE('',*,*,#1683,.F.);
#1686=ORIENTED_EDGE('',*,*,#1685,.T.);
#1687=EDGE_LOOP('',(#1681,#1682,#1684,#1686));
#1688=FACE_OUTER_BOUND('',#1687,.F.);
#1690=CARTESIAN_POINT('',(2.625805257308E2,-2.449674605647E2,-2.E0));
#1691=DIRECTION('',(-7.059367848488E-1,7.082748448147E-1,0.E0));
#1692=DIRECTION('',(0.E0,0.E0,1.E0));
#1693=AXIS2_PLACEMENT_3D('',#1690,#1691,#1692);
#1694=CYLINDRICAL_SURFACE('',#1693,2.E0);
#1695=ORIENTED_EDGE('',*,*,#1512,.F.);
#1697=ORIENTED_EDGE('',*,*,#1696,.T.);
#1698=ORIENTED_EDGE('',*,*,#1683,.T.);
#1700=ORIENTED_EDGE('',*,*,#1699,.T.);
#1701=EDGE_LOOP('',(#1695,#1697,#1698,#1700));
#1702=FACE_OUTER_BOUND('',#1701,.F.);
#1704=CARTESIAN_POINT('',(0.E0,0.E0,0.E0));
#1705=DIRECTION('',(0.E0,0.E0,1.E0));
#1706=DIRECTION('',(1.E0,0.E0,0.E0));
#1707=AXIS2_PLACEMENT_3D('',#1704,#1705,#1706);
#1708=CYLINDRICAL_SURFACE('',#1707,1.325E2);
#1710=ORIENTED_EDGE('',*,*,#1709,.T.);
#1712=ORIENTED_EDGE('',*,*,#1711,.T.);
#1714=ORIENTED_EDGE('',*,*,#1713,.T.);
#1716=ORIENTED_EDGE('',*,*,#1715,.T.);
#1718=ORIENTED_EDGE('',*,*,#1717,.F.);
#1720=ORIENTED_EDGE('',*,*,#1719,.T.);
#1721=ORIENTED_EDGE('',*,*,#1463,.F.);
#1723=ORIENTED_EDGE('',*,*,#1722,.F.);
#1724=ORIENTED_EDGE('',*,*,#1696,.F.);
#1725=ORIENTED_EDGE('',*,*,#1510,.F.);
#1727=ORIENTED_EDGE('',*,*,#1726,.T.);
#1729=ORIENTED_EDGE('',*,*,#1728,.T.);
#1730=EDGE_LOOP('',(#1710,#1712,#1714,#1716,#1718,#1720,#1721,#1723,#1724,#1725,
#1727,#1729));
#1731=FACE_OUTER_BOUND('',#1730,.F.);
#1733=CARTESIAN_POINT('',(4.632871450636E1,-1.241366191427E2,-2.069E1));
#1734=DIRECTION('',(-7.884882407603E-1,6.150498306501E-1,0.E0));
#1735=DIRECTION('',(-6.150498306501E-1,-7.884882407603E-1,0.E0));
#1736=AXIS2_PLACEMENT_3D('',#1733,#1734,#1735);
#1737=PLANE('',#1736);
#1738=ORIENTED_EDGE('',*,*,#1709,.F.);
#1740=ORIENTED_EDGE('',*,*,#1739,.T.);
#1741=EDGE_LOOP('',(#1738,#1740));
#1742=FACE_OUTER_BOUND('',#1741,.F.);
#1744=CARTESIAN_POINT('',(3.112945639377E1,-1.249300313489E2,1.25E1));
#1745=DIRECTION('',(-9.753779259749E-1,-2.205400224922E-1,0.E0));
#1746=DIRECTION('',(0.E0,0.E0,1.E0));
#1747=AXIS2_PLACEMENT_3D('',#1744,#1745,#1746);
#1748=CYLINDRICAL_SURFACE('',#1747,1.E1);
#1749=ORIENTED_EDGE('',*,*,#1739,.F.);
#1750=ORIENTED_EDGE('',*,*,#1728,.F.);
#1752=ORIENTED_EDGE('',*,*,#1751,.T.);
#1753=ORIENTED_EDGE('',*,*,#1711,.F.);
#1754=EDGE_LOOP('',(#1749,#1750,#1752,#1753));
#1755=FACE_OUTER_BOUND('',#1754,.F.);
#1757=CARTESIAN_POINT('',(3.444917420847E1,-1.396120806220E2,-2.044E1));
#1758=DIRECTION('',(9.753779259749E-1,2.205400224922E-1,0.E0));
#1759=DIRECTION('',(-2.205400224922E-1,9.753779259749E-1,0.E0));
#1760=AXIS2_PLACEMENT_3D('',#1757,#1758,#1759);
#1761=PLANE('',#1760);
#1762=ORIENTED_EDGE('',*,*,#1713,.F.);
#1763=ORIENTED_EDGE('',*,*,#1751,.F.);
#1764=ORIENTED_EDGE('',*,*,#1726,.F.);
#1765=ORIENTED_EDGE('',*,*,#1508,.T.);
#1767=ORIENTED_EDGE('',*,*,#1766,.T.);
#1769=ORIENTED_EDGE('',*,*,#1768,.F.);
#1771=ORIENTED_EDGE('',*,*,#1770,.T.);
#1773=ORIENTED_EDGE('',*,*,#1772,.F.);
#1774=EDGE_LOOP('',(#1762,#1763,#1764,#1765,#1767,#1769,#1771,#1773));
#1775=FACE_OUTER_BOUND('',#1774,.F.);
#1777=ORIENTED_EDGE('',*,*,#1776,.T.);
#1779=ORIENTED_EDGE('',*,*,#1778,.T.);
#1780=EDGE_LOOP('',(#1777,#1779));
#1781=FACE_BOUND('',#1780,.F.);
#1783=CARTESIAN_POINT('',(0.E0,0.E0,0.E0));
#1784=DIRECTION('',(0.E0,0.E0,1.E0));
#1785=DIRECTION('',(1.E0,0.E0,0.E0));
#1786=AXIS2_PLACEMENT_3D('',#1783,#1784,#1785);
#1787=CYLINDRICAL_SURFACE('',#1786,1.25E2);
#1789=ORIENTED_EDGE('',*,*,#1788,.F.);
#1791=ORIENTED_EDGE('',*,*,#1790,.T.);
#1792=ORIENTED_EDGE('',*,*,#1766,.F.);
#1793=ORIENTED_EDGE('',*,*,#1514,.F.);
#1794=ORIENTED_EDGE('',*,*,#1699,.F.);
#1795=ORIENTED_EDGE('',*,*,#1655,.T.);
#1797=ORIENTED_EDGE('',*,*,#1796,.T.);
#1799=ORIENTED_EDGE('',*,*,#1798,.T.);
#1800=ORIENTED_EDGE('',*,*,#1770,.F.);
#1802=ORIENTED_EDGE('',*,*,#1801,.T.);
#1803=EDGE_LOOP('',(#1789,#1791,#1792,#1793,#1794,#1795,#1797,#1799,#1800,
#1802));
#1804=FACE_OUTER_BOUND('',#1803,.F.);
#1806=CARTESIAN_POINT('',(2.944096820422E1,-1.120191144408E2,-2.069E1));
#1807=DIRECTION('',(-2.968787456225E-1,-9.549151849236E-1,0.E0));
#1808=DIRECTION('',(9.549151849236E-1,-2.968787456225E-1,0.E0));
#1809=AXIS2_PLACEMENT_3D('',#1806,#1807,#1808);
#1810=PLANE('',#1809);
#1811=ORIENTED_EDGE('',*,*,#1788,.T.);
#1813=ORIENTED_EDGE('',*,*,#1812,.T.);
#1814=EDGE_LOOP('',(#1811,#1813));
#1815=FACE_OUTER_BOUND('',#1814,.F.);
#1817=CARTESIAN_POINT('',(3.112945639377E1,-1.249300313489E2,1.25E1));
#1818=DIRECTION('',(-9.753779259749E-1,-2.205400224922E-1,0.E0));
#1819=DIRECTION('',(0.E0,0.E0,1.E0));
#1820=AXIS2_PLACEMENT_3D('',#1817,#1818,#1819);
#1821=CYLINDRICAL_SURFACE('',#1820,1.E1);
#1822=ORIENTED_EDGE('',*,*,#1812,.F.);
#1823=ORIENTED_EDGE('',*,*,#1801,.F.);
#1824=ORIENTED_EDGE('',*,*,#1768,.T.);
#1825=ORIENTED_EDGE('',*,*,#1790,.F.);
#1826=EDGE_LOOP('',(#1822,#1823,#1824,#1825));
#1827=FACE_OUTER_BOUND('',#1826,.F.);
#1829=CARTESIAN_POINT('',(-2.386023257538E1,1.463193705688E1,0.E0));
#1830=DIRECTION('',(0.E0,0.E0,1.E0));
#1831=DIRECTION('',(1.E0,0.E0,0.E0));
#1832=AXIS2_PLACEMENT_3D('',#1829,#1830,#1831);
#1833=CYLINDRICAL_SURFACE('',#1832,1.528348436333E2);
#1835=ORIENTED_EDGE('',*,*,#1834,.T.);
#1837=ORIENTED_EDGE('',*,*,#1836,.F.);
#1839=ORIENTED_EDGE('',*,*,#1838,.F.);
#1840=ORIENTED_EDGE('',*,*,#1796,.F.);
#1841=ORIENTED_EDGE('',*,*,#1623,.T.);
#1842=ORIENTED_EDGE('',*,*,#1639,.T.);
#1844=ORIENTED_EDGE('',*,*,#1843,.T.);
#1845=ORIENTED_EDGE('',*,*,#1426,.F.);
#1847=ORIENTED_EDGE('',*,*,#1846,.T.);
#1849=ORIENTED_EDGE('',*,*,#1848,.T.);
#1850=EDGE_LOOP('',(#1835,#1837,#1839,#1840,#1841,#1842,#1844,#1845,#1847,
#1849));
#1851=FACE_OUTER_BOUND('',#1850,.F.);
#1853=CARTESIAN_POINT('',(1.099573577414E2,-5.790714983082E1,2.1875E1));
#1854=DIRECTION('',(-9.951116479696E-1,9.875630650821E-2,0.E0));
#1855=DIRECTION('',(-9.875630650821E-2,-9.951116479696E-1,0.E0));
#1856=AXIS2_PLACEMENT_3D('',#1853,#1854,#1855);
#1857=PLANE('',#1856);
#1859=ORIENTED_EDGE('',*,*,#1858,.F.);
#1860=ORIENTED_EDGE('',*,*,#1834,.F.);
#1862=ORIENTED_EDGE('',*,*,#1861,.T.);
#1863=ORIENTED_EDGE('',*,*,#1248,.T.);
#1864=EDGE_LOOP('',(#1859,#1860,#1862,#1863));
#1865=FACE_OUTER_BOUND('',#1864,.F.);
#1867=CARTESIAN_POINT('',(0.E0,0.E0,2.5E1));
#1868=DIRECTION('',(0.E0,0.E0,-1.E0));
#1869=DIRECTION('',(0.E0,1.E0,0.E0));
#1870=AXIS2_PLACEMENT_3D('',#1867,#1868,#1869);
#1871=PLANE('',#1870);
#1873=ORIENTED_EDGE('',*,*,#1872,.F.);
#1874=ORIENTED_EDGE('',*,*,#1838,.T.);
#1875=EDGE_LOOP('',(#1873,#1874));
#1876=FACE_OUTER_BOUND('',#1875,.F.);
#1878=CARTESIAN_POINT('',(0.E0,0.E0,2.5E1));
#1879=DIRECTION('',(0.E0,0.E0,-1.E0));
#1880=DIRECTION('',(0.E0,1.E0,0.E0));
#1881=AXIS2_PLACEMENT_3D('',#1878,#1879,#1880);
#1882=PLANE('',#1881);
#1883=ORIENTED_EDGE('',*,*,#1858,.T.);
#1884=ORIENTED_EDGE('',*,*,#1246,.F.);
#1885=ORIENTED_EDGE('',*,*,#1297,.F.);
#1887=ORIENTED_EDGE('',*,*,#1886,.F.);
#1888=ORIENTED_EDGE('',*,*,#1836,.T.);
#1889=EDGE_LOOP('',(#1883,#1884,#1885,#1887,#1888));
#1890=FACE_OUTER_BOUND('',#1889,.F.);
#1892=CARTESIAN_POINT('',(9.825824416554E1,-7.726782935676E1,2.5E1));
#1893=DIRECTION('',(8.170867344389E-1,-5.765147599185E-1,0.E0));
#1894=DIRECTION('',(5.765147599185E-1,8.170867344389E-1,0.E0));
#1895=AXIS2_PLACEMENT_3D('',#1892,#1893,#1894);
#1896=PLANE('',#1895);
#1898=ORIENTED_EDGE('',*,*,#1897,.F.);
#1900=ORIENTED_EDGE('',*,*,#1899,.F.);
#1902=ORIENTED_EDGE('',*,*,#1901,.T.);
#1903=ORIENTED_EDGE('',*,*,#1872,.T.);
#1905=ORIENTED_EDGE('',*,*,#1904,.T.);
#1906=ORIENTED_EDGE('',*,*,#1318,.F.);
#1907=EDGE_LOOP('',(#1898,#1900,#1902,#1903,#1905,#1906));
#1908=FACE_OUTER_BOUND('',#1907,.F.);
#1910=CARTESIAN_POINT('',(-4.051432394849E1,6.621402527869E1,2.7E1));
#1911=DIRECTION('',(7.059367848488E-1,-7.082748448147E-1,0.E0));
#1912=DIRECTION('',(0.E0,0.E0,1.E0));
#1913=AXIS2_PLACEMENT_3D('',#1910,#1911,#1912);
#1914=CYLINDRICAL_SURFACE('',#1913,3.E0);
#1916=ORIENTED_EDGE('',*,*,#1915,.T.);
#1918=ORIENTED_EDGE('',*,*,#1917,.F.);
#1919=ORIENTED_EDGE('',*,*,#1897,.T.);
#1920=ORIENTED_EDGE('',*,*,#1316,.T.);
#1921=EDGE_LOOP('',(#1916,#1918,#1919,#1920));
#1922=FACE_OUTER_BOUND('',#1921,.F.);
#1924=CARTESIAN_POINT('',(1.093455276095E2,-7.445840716781E1,2.5E1));
#1925=DIRECTION('',(-8.170867344389E-1,5.765147599185E-1,0.E0));
#1926=DIRECTION('',(-5.765147599185E-1,-8.170867344389E-1,0.E0));
#1927=AXIS2_PLACEMENT_3D('',#1924,#1925,#1926);
#1928=PLANE('',#1927);
#1929=ORIENTED_EDGE('',*,*,#1915,.F.);
#1930=ORIENTED_EDGE('',*,*,#1314,.F.);
#1932=ORIENTED_EDGE('',*,*,#1931,.F.);
#1934=ORIENTED_EDGE('',*,*,#1933,.T.);
#1935=ORIENTED_EDGE('',*,*,#1719,.F.);
#1936=EDGE_LOOP('',(#1929,#1930,#1932,#1934,#1935));
#1937=FACE_OUTER_BOUND('',#1936,.F.);
#1939=CARTESIAN_POINT('',(1.135134693403E2,-6.787952552492E1,2.5E1));
#1940=DIRECTION('',(-8.447426454039E-1,5.351727413050E-1,0.E0));
#1941=DIRECTION('',(-5.351727413050E-1,-8.447426454039E-1,0.E0));
#1942=AXIS2_PLACEMENT_3D('',#1939,#1940,#1941);
#1943=PLANE('',#1942);
#1945=ORIENTED_EDGE('',*,*,#1944,.F.);
#1947=ORIENTED_EDGE('',*,*,#1946,.T.);
#1948=ORIENTED_EDGE('',*,*,#1931,.T.);
#1949=ORIENTED_EDGE('',*,*,#1312,.F.);
#1950=EDGE_LOOP('',(#1945,#1947,#1948,#1949));
#1951=FACE_OUTER_BOUND('',#1950,.F.);
#1953=CARTESIAN_POINT('',(1.173602487636E2,-6.118111363692E1,2.5E1));
#1954=DIRECTION('',(-8.671751187972E-1,4.980033266345E-1,0.E0));
#1955=DIRECTION('',(-4.980033266345E-1,-8.671751187972E-1,0.E0));
#1956=AXIS2_PLACEMENT_3D('',#1953,#1954,#1955);
#1957=PLANE('',#1956);
#1959=ORIENTED_EDGE('',*,*,#1958,.T.);
#1961=ORIENTED_EDGE('',*,*,#1960,.T.);
#1962=ORIENTED_EDGE('',*,*,#1944,.T.);
#1963=ORIENTED_EDGE('',*,*,#1310,.F.);
#1964=EDGE_LOOP('',(#1959,#1961,#1962,#1963));
#1965=FACE_OUTER_BOUND('',#1964,.F.);
#1967=CARTESIAN_POINT('',(1.176196907984E2,-6.183400098559E1,2.75E1));
#1968=DIRECTION('',(6.206539235661E-1,-7.840846301019E-1,0.E0));
#1969=DIRECTION('',(-7.840846301019E-1,-6.206539235661E-1,0.E0));
#1970=AXIS2_PLACEMENT_3D('',#1967,#1968,#1969);
#1971=PLANE('',#1970);
#1972=ORIENTED_EDGE('',*,*,#1958,.F.);
#1973=ORIENTED_EDGE('',*,*,#1308,.T.);
#1974=ORIENTED_EDGE('',*,*,#1256,.T.);
#1976=ORIENTED_EDGE('',*,*,#1975,.F.);
#1977=EDGE_LOOP('',(#1972,#1973,#1974,#1976));
#1978=FACE_OUTER_BOUND('',#1977,.F.);
#1980=CARTESIAN_POINT('',(0.E0,0.E0,2.5E1));
#1981=DIRECTION('',(0.E0,0.E0,1.E0));
#1982=DIRECTION('',(1.E0,0.E0,0.E0));
#1983=AXIS2_PLACEMENT_3D('',#1980,#1981,#1982);
#1984=PLANE('',#1983);
#1985=ORIENTED_EDGE('',*,*,#1946,.F.);
#1986=ORIENTED_EDGE('',*,*,#1467,.F.);
#1987=EDGE_LOOP('',(#1985,#1986));
#1988=FACE_OUTER_BOUND('',#1987,.F.);
#1990=CARTESIAN_POINT('',(0.E0,0.E0,2.5E1));
#1991=DIRECTION('',(0.E0,0.E0,1.E0));
#1992=DIRECTION('',(1.E0,0.E0,0.E0));
#1993=AXIS2_PLACEMENT_3D('',#1990,#1991,#1992);
#1994=PLANE('',#1993);
#1995=ORIENTED_EDGE('',*,*,#1933,.F.);
#1996=ORIENTED_EDGE('',*,*,#1465,.F.);
#1997=EDGE_LOOP('',(#1995,#1996));
#1998=FACE_OUTER_BOUND('',#1997,.F.);
#2000=CARTESIAN_POINT('',(0.E0,0.E0,2.5E1));
#2001=DIRECTION('',(0.E0,0.E0,1.E0));
#2002=DIRECTION('',(1.E0,0.E0,0.E0));
#2003=AXIS2_PLACEMENT_3D('',#2000,#2001,#2002);
#2004=PLANE('',#2003);
#2005=ORIENTED_EDGE('',*,*,#1772,.T.);
#2006=ORIENTED_EDGE('',*,*,#1798,.F.);
#2007=ORIENTED_EDGE('',*,*,#1901,.F.);
#2009=ORIENTED_EDGE('',*,*,#2008,.T.);
#2010=ORIENTED_EDGE('',*,*,#1715,.F.);
#2011=EDGE_LOOP('',(#2005,#2006,#2007,#2009,#2010));
#2012=FACE_OUTER_BOUND('',#2011,.F.);
#2014=CARTESIAN_POINT('',(0.E0,0.E0,2.5E1));
#2015=DIRECTION('',(0.E0,0.E0,1.E0));
#2016=DIRECTION('',(1.E0,0.E0,0.E0));
#2017=AXIS2_PLACEMENT_3D('',#2014,#2015,#2016);
#2018=PLANE('',#2017);
#2019=ORIENTED_EDGE('',*,*,#1975,.T.);
#2020=ORIENTED_EDGE('',*,*,#1254,.F.);
#2022=ORIENTED_EDGE('',*,*,#2021,.F.);
#2023=ORIENTED_EDGE('',*,*,#1469,.F.);
#2024=ORIENTED_EDGE('',*,*,#1960,.F.);
#2025=EDGE_LOOP('',(#2019,#2020,#2022,#2023,#2024));
#2026=FACE_OUTER_BOUND('',#2025,.F.);
#2028=CARTESIAN_POINT('',(-4.757373038740E1,6.621402527869E1,2.7E1));
#2029=DIRECTION('',(7.059367848488E-1,-7.082748448147E-1,0.E0));
#2030=DIRECTION('',(0.E0,0.E0,-1.E0));
#2031=AXIS2_PLACEMENT_3D('',#2028,#2029,#2030);
#2032=CYLINDRICAL_SURFACE('',#2031,2.E0);
#2033=ORIENTED_EDGE('',*,*,#1917,.T.);
#2034=ORIENTED_EDGE('',*,*,#1717,.T.);
#2035=ORIENTED_EDGE('',*,*,#2008,.F.);
#2036=ORIENTED_EDGE('',*,*,#1899,.T.);
#2037=EDGE_LOOP('',(#2033,#2034,#2035,#2036));
#2038=FACE_OUTER_BOUND('',#2037,.F.);
#2040=CARTESIAN_POINT('',(1.176425717792E2,-6.184356967582E1,2.1875E1));
#2041=DIRECTION('',(6.266495891944E-1,-7.793011563975E-1,0.E0));
#2042=DIRECTION('',(-7.793011563975E-1,-6.266495891944E-1,0.E0));
#2043=AXIS2_PLACEMENT_3D('',#2040,#2041,#2042);
#2044=PLANE('',#2043);
#2045=ORIENTED_EDGE('',*,*,#1471,.F.);
#2046=ORIENTED_EDGE('',*,*,#2021,.T.);
#2047=ORIENTED_EDGE('',*,*,#1252,.T.);
#2049=ORIENTED_EDGE('',*,*,#2048,.T.);
#2050=EDGE_LOOP('',(#2045,#2046,#2047,#2049));
#2051=FACE_OUTER_BOUND('',#2050,.F.);
#2053=CARTESIAN_POINT('',(0.E0,0.E0,1.875E1));
#2054=DIRECTION('',(0.E0,0.E0,1.E0));
#2055=DIRECTION('',(0.E0,-1.E0,0.E0));
#2056=AXIS2_PLACEMENT_3D('',#2053,#2054,#2055);
#2057=PLANE('',#2056);
#2058=ORIENTED_EDGE('',*,*,#1473,.T.);
#2059=ORIENTED_EDGE('',*,*,#2048,.F.);
#2060=ORIENTED_EDGE('',*,*,#1250,.T.);
#2061=ORIENTED_EDGE('',*,*,#1861,.F.);
#2062=ORIENTED_EDGE('',*,*,#1848,.F.);
#2064=ORIENTED_EDGE('',*,*,#2063,.T.);
#2065=EDGE_LOOP('',(#2058,#2059,#2060,#2061,#2062,#2064));
#2066=FACE_OUTER_BOUND('',#2065,.F.);
#2067=ORIENTED_EDGE('',*,*,#1361,.F.);
#2068=ORIENTED_EDGE('',*,*,#1405,.F.);
#2069=EDGE_LOOP('',(#2067,#2068));
#2070=FACE_BOUND('',#2069,.F.);
#2072=CARTESIAN_POINT('',(1.073718909241E2,-6.370463926746E1,6.25E0));
#2073=DIRECTION('',(-5.621822934051E-1,-8.270133426867E-1,0.E0));
#2074=DIRECTION('',(8.270133426867E-1,-5.621822934051E-1,0.E0));
#2075=AXIS2_PLACEMENT_3D('',#2072,#2073,#2074);
#2076=PLANE('',#2075);
#2077=ORIENTED_EDGE('',*,*,#1475,.T.);
#2078=ORIENTED_EDGE('',*,*,#2063,.F.);
#2079=ORIENTED_EDGE('',*,*,#1846,.F.);
#2080=ORIENTED_EDGE('',*,*,#1424,.T.);
#2081=EDGE_LOOP('',(#2077,#2078,#2079,#2080));
#2082=FACE_OUTER_BOUND('',#2081,.F.);
#2084=CARTESIAN_POINT('',(1.036624655464E2,-6.960849796182E1,2.5E1));
#2085=DIRECTION('',(8.584388631401E-1,-5.129158978339E-1,0.E0));
#2086=DIRECTION('',(5.129158978339E-1,8.584388631401E-1,0.E0));
#2087=AXIS2_PLACEMENT_3D('',#2084,#2085,#2086);
#2088=PLANE('',#2087);
#2089=ORIENTED_EDGE('',*,*,#1295,.F.);
#2090=ORIENTED_EDGE('',*,*,#1320,.F.);
#2091=ORIENTED_EDGE('',*,*,#1904,.F.);
#2092=ORIENTED_EDGE('',*,*,#1886,.T.);
#2093=EDGE_LOOP('',(#2089,#2090,#2091,#2092));
#2094=FACE_OUTER_BOUND('',#2093,.F.);
#2096=CARTESIAN_POINT('',(1.099573577414E2,-5.790714983082E1,3.125E0));
#2097=DIRECTION('',(-9.951116479696E-1,9.875630650821E-2,0.E0));
#2098=DIRECTION('',(-9.875630650821E-2,-9.951116479696E-1,0.E0));
#2099=AXIS2_PLACEMENT_3D('',#2096,#2097,#2098);
#2100=PLANE('',#2099);
#2101=ORIENTED_EDGE('',*,*,#1280,.T.);
#2102=ORIENTED_EDGE('',*,*,#1428,.T.);
#2103=ORIENTED_EDGE('',*,*,#1843,.F.);
#2104=ORIENTED_EDGE('',*,*,#1637,.F.);
#2105=EDGE_LOOP('',(#2101,#2102,#2103,#2104));
#2106=FACE_OUTER_BOUND('',#2105,.F.);
#2108=CARTESIAN_POINT('',(3.112945639377E1,-1.249300313489E2,1.25E1));
#2109=DIRECTION('',(-9.753779259749E-1,-2.205400224922E-1,0.E0));
#2110=DIRECTION('',(0.E0,0.E0,1.E0));
#2111=AXIS2_PLACEMENT_3D('',#2108,#2109,#2110);
#2112=CYLINDRICAL_SURFACE('',#2111,4.45E0);
#2114=ORIENTED_EDGE('',*,*,#2113,.T.);
#2116=ORIENTED_EDGE('',*,*,#2115,.F.);
#2118=ORIENTED_EDGE('',*,*,#2117,.F.);
#2120=ORIENTED_EDGE('',*,*,#2119,.F.);
#2122=ORIENTED_EDGE('',*,*,#2121,.F.);
#2124=ORIENTED_EDGE('',*,*,#2123,.T.);
#2126=ORIENTED_EDGE('',*,*,#2125,.F.);
#2127=ORIENTED_EDGE('',*,*,#1776,.F.);
#2129=ORIENTED_EDGE('',*,*,#2128,.T.);
#2131=ORIENTED_EDGE('',*,*,#2130,.T.);
#2133=ORIENTED_EDGE('',*,*,#2132,.T.);
#2135=ORIENTED_EDGE('',*,*,#2134,.F.);
#2137=ORIENTED_EDGE('',*,*,#2136,.F.);
#2139=ORIENTED_EDGE('',*,*,#2138,.T.);
#2140=EDGE_LOOP('',(#2114,#2116,#2118,#2120,#2122,#2124,#2126,#2127,#2129,#2131,
#2133,#2135,#2137,#2139));
#2141=FACE_OUTER_BOUND('',#2140,.F.);
#2143=CARTESIAN_POINT('',(3.331185502405E0,-1.312154219902E2,1.25E1));
#2144=DIRECTION('',(9.753779259749E-1,2.205400224922E-1,0.E0));
#2145=DIRECTION('',(0.E0,0.E0,-1.E0));
#2146=AXIS2_PLACEMENT_3D('',#2143,#2144,#2145);
#2147=CONICAL_SURFACE('',#2146,3.949999998892E0,4.5E1);
#2149=ORIENTED_EDGE('',*,*,#2148,.T.);
#2151=ORIENTED_EDGE('',*,*,#2150,.T.);
#2152=ORIENTED_EDGE('',*,*,#2113,.F.);
#2154=ORIENTED_EDGE('',*,*,#2153,.F.);
#2155=EDGE_LOOP('',(#2149,#2151,#2152,#2154));
#2156=FACE_OUTER_BOUND('',#2155,.F.);
#2158=CARTESIAN_POINT('',(-2.554425766317E1,-5.775741904301E0,-2.044E1));
#2159=DIRECTION('',(-9.753779259749E-1,-2.205400224922E-1,0.E0));
#2160=DIRECTION('',(0.E0,0.E0,-1.E0));
#2161=AXIS2_PLACEMENT_3D('',#2158,#2159,#2160);
#2162=PLANE('',#2161);
#2164=ORIENTED_EDGE('',*,*,#2163,.F.);
#2165=ORIENTED_EDGE('',*,*,#2148,.F.);
#2166=EDGE_LOOP('',(#2164,#2165));
#2167=FACE_OUTER_BOUND('',#2166,.F.);
#2169=CARTESIAN_POINT('',(3.331185489119E0,-1.312154219932E2,1.25E1));
#2170=DIRECTION('',(9.753779259749E-1,2.205400224922E-1,0.E0));
#2171=DIRECTION('',(0.E0,0.E0,-1.E0));
#2172=AXIS2_PLACEMENT_3D('',#2169,#2170,#2171);
#2173=CONICAL_SURFACE('',#2172,3.949999985271E0,4.5E1);
#2174=ORIENTED_EDGE('',*,*,#2163,.T.);
#2175=ORIENTED_EDGE('',*,*,#2153,.T.);
#2177=ORIENTED_EDGE('',*,*,#2176,.F.);
#2178=ORIENTED_EDGE('',*,*,#2150,.F.);
#2179=EDGE_LOOP('',(#2174,#2175,#2177,#2178));
#2180=FACE_OUTER_BOUND('',#2179,.F.);
#2182=CARTESIAN_POINT('',(3.112945639377E1,-1.249300313489E2,1.25E1));
#2183=DIRECTION('',(-9.753779259749E-1,-2.205400224922E-1,0.E0));
#2184=DIRECTION('',(0.E0,0.E0,1.E0));
#2185=AXIS2_PLACEMENT_3D('',#2182,#2183,#2184);
#2186=CYLINDRICAL_SURFACE('',#2185,4.45E0);
#2187=ORIENTED_EDGE('',*,*,#2176,.T.);
#2188=ORIENTED_EDGE('',*,*,#2138,.F.);
#2190=ORIENTED_EDGE('',*,*,#2189,.F.);
#2192=ORIENTED_EDGE('',*,*,#2191,.F.);
#2194=ORIENTED_EDGE('',*,*,#2193,.F.);
#2195=ORIENTED_EDGE('',*,*,#2128,.F.);
#2196=ORIENTED_EDGE('',*,*,#1778,.F.);
#2197=ORIENTED_EDGE('',*,*,#2125,.T.);
#2199=ORIENTED_EDGE('',*,*,#2198,.T.);
#2201=ORIENTED_EDGE('',*,*,#2200,.F.);
#2203=ORIENTED_EDGE('',*,*,#2202,.F.);
#2204=ORIENTED_EDGE('',*,*,#2115,.T.);
#2205=EDGE_LOOP('',(#2187,#2188,#2190,#2192,#2194,#2195,#2196,#2197,#2199,#2201,
#2203,#2204));
#2206=FACE_OUTER_BOUND('',#2205,.F.);
#2208=CARTESIAN_POINT('',(-1.579047840342E1,-3.570341679379E0,-2.044E1));
#2209=DIRECTION('',(-9.753779259749E-1,-2.205400224922E-1,0.E0));
#2210=DIRECTION('',(0.E0,0.E0,-1.E0));
#2211=AXIS2_PLACEMENT_3D('',#2208,#2209,#2210);
#2212=PLANE('',#2211);
#2214=ORIENTED_EDGE('',*,*,#2213,.F.);
#2215=ORIENTED_EDGE('',*,*,#2189,.T.);
#2216=ORIENTED_EDGE('',*,*,#2136,.T.);
#2217=EDGE_LOOP('',(#2214,#2215,#2216));
#2218=FACE_OUTER_BOUND('',#2217,.F.);
#2220=CARTESIAN_POINT('',(-1.579047840342E1,-3.570341679379E0,-2.044E1));
#2221=DIRECTION('',(-9.753779259749E-1,-2.205400224922E-1,0.E0));
#2222=DIRECTION('',(0.E0,0.E0,-1.E0));
#2223=AXIS2_PLACEMENT_3D('',#2220,#2221,#2222);
#2224=PLANE('',#2223);
#2226=ORIENTED_EDGE('',*,*,#2225,.F.);
#2227=ORIENTED_EDGE('',*,*,#2117,.T.);
#2228=ORIENTED_EDGE('',*,*,#2202,.T.);
#2229=EDGE_LOOP('',(#2226,#2227,#2228));
#2230=FACE_OUTER_BOUND('',#2229,.F.);
#2232=CARTESIAN_POINT('',(1.357265372622E1,-1.288997517537E2,7.447591060601E0));
#2233=DIRECTION('',(-6.896963456765E-1,-1.559453454273E-1,-7.071067811865E-1));
#2234=DIRECTION('',(6.896963456765E-1,1.559453454273E-1,-7.071067811865E-1));
#2235=AXIS2_PLACEMENT_3D('',#2232,#2233,#2234);
#2236=PLANE('',#2235);
#2237=ORIENTED_EDGE('',*,*,#2213,.T.);
#2238=ORIENTED_EDGE('',*,*,#2134,.T.);
#2240=ORIENTED_EDGE('',*,*,#2239,.T.);
#2242=ORIENTED_EDGE('',*,*,#2241,.F.);
#2244=ORIENTED_EDGE('',*,*,#2243,.F.);
#2246=ORIENTED_EDGE('',*,*,#2245,.F.);
#2248=ORIENTED_EDGE('',*,*,#2247,.T.);
#2249=ORIENTED_EDGE('',*,*,#2191,.T.);
#2250=EDGE_LOOP('',(#2237,#2238,#2240,#2242,#2244,#2246,#2248,#2249));
#2251=FACE_OUTER_BOUND('',#2250,.F.);
#2253=CARTESIAN_POINT('',(3.148232042976E1,-1.264906360304E2,6.447591060601E0));
#2254=DIRECTION('',(2.205400224922E-1,-9.753779259749E-1,0.E0));
#2255=DIRECTION('',(0.E0,0.E0,1.E0));
#2256=AXIS2_PLACEMENT_3D('',#2253,#2254,#2255);
#2257=PLANE('',#2256);
#2259=ORIENTED_EDGE('',*,*,#2258,.F.);
#2260=ORIENTED_EDGE('',*,*,#2239,.F.);
#2261=ORIENTED_EDGE('',*,*,#2132,.F.);
#2263=ORIENTED_EDGE('',*,*,#2262,.F.);
#2264=EDGE_LOOP('',(#2259,#2260,#2261,#2263));
#2265=FACE_OUTER_BOUND('',#2264,.F.);
#2267=CARTESIAN_POINT('',(-2.584921003214E2,-1.915433336412E2,
6.947591060601E0));
#2268=DIRECTION('',(9.753779259749E-1,2.205400224922E-1,0.E0));
#2269=DIRECTION('',(2.205400224922E-1,-9.753779259749E-1,0.E0));
#2270=AXIS2_PLACEMENT_3D('',#2267,#2268,#2269);
#2271=CYLINDRICAL_SURFACE('',#2270,5.E-1);
#2273=ORIENTED_EDGE('',*,*,#2272,.T.);
#2275=ORIENTED_EDGE('',*,*,#2274,.F.);
#2276=ORIENTED_EDGE('',*,*,#2241,.T.);
#2277=ORIENTED_EDGE('',*,*,#2258,.T.);
#2278=EDGE_LOOP('',(#2273,#2275,#2276,#2277));
#2279=FACE_OUTER_BOUND('',#2278,.F.);
#2281=CARTESIAN_POINT('',(-5.451472388088E0,-1.232617440961E0,-2.044E1));
#2282=DIRECTION('',(-9.753779259749E-1,-2.205400224922E-1,0.E0));
#2283=DIRECTION('',(0.E0,0.E0,1.E0));
#2284=AXIS2_PLACEMENT_3D('',#2281,#2282,#2283);
#2285=PLANE('',#2284);
#2287=ORIENTED_EDGE('',*,*,#2286,.F.);
#2289=ORIENTED_EDGE('',*,*,#2288,.T.);
#2290=ORIENTED_EDGE('',*,*,#2123,.F.);
#2292=ORIENTED_EDGE('',*,*,#2291,.T.);
#2294=ORIENTED_EDGE('',*,*,#2293,.F.);
#2296=ORIENTED_EDGE('',*,*,#2295,.T.);
#2297=EDGE_LOOP('',(#2287,#2289,#2290,#2292,#2294,#2296));
#2298=FACE_OUTER_BOUND('',#2297,.F.);
#2300=CARTESIAN_POINT('',(-5.451472388088E0,-1.232617440961E0,-2.044E1));
#2301=DIRECTION('',(-9.753779259749E-1,-2.205400224922E-1,0.E0));
#2302=DIRECTION('',(0.E0,0.E0,1.E0));
#2303=AXIS2_PLACEMENT_3D('',#2300,#2301,#2302);
#2304=PLANE('',#2303);
#2306=ORIENTED_EDGE('',*,*,#2305,.F.);
#2308=ORIENTED_EDGE('',*,*,#2307,.T.);
#2309=ORIENTED_EDGE('',*,*,#2272,.F.);
#2310=ORIENTED_EDGE('',*,*,#2262,.T.);
#2311=ORIENTED_EDGE('',*,*,#2130,.F.);
#2313=ORIENTED_EDGE('',*,*,#2312,.T.);
#2314=EDGE_LOOP('',(#2306,#2308,#2309,#2310,#2311,#2313));
#2315=FACE_OUTER_BOUND('',#2314,.F.);
#2317=CARTESIAN_POINT('',(-2.559929862462E2,-1.887227298515E2,
1.805240893940E1));
#2318=DIRECTION('',(9.753779259749E-1,2.205400224922E-1,0.E0));
#2319=DIRECTION('',(-2.205400224922E-1,9.753779259749E-1,0.E0));
#2320=AXIS2_PLACEMENT_3D('',#2317,#2318,#2319);
#2321=CYLINDRICAL_SURFACE('',#2320,5.E-1);
#2322=ORIENTED_EDGE('',*,*,#2286,.T.);
#2324=ORIENTED_EDGE('',*,*,#2323,.F.);
#2326=ORIENTED_EDGE('',*,*,#2325,.T.);
#2328=ORIENTED_EDGE('',*,*,#2327,.T.);
#2329=EDGE_LOOP('',(#2322,#2324,#2326,#2328));
#2330=FACE_OUTER_BOUND('',#2329,.F.);
#2332=CARTESIAN_POINT('',(3.148232042976E1,-1.264906360304E2,1.855240893940E1));
#2333=DIRECTION('',(0.E0,0.E0,1.E0));
#2334=DIRECTION('',(-2.205400224922E-1,9.753779259749E-1,0.E0));
#2335=AXIS2_PLACEMENT_3D('',#2332,#2333,#2334);
#2336=PLANE('',#2335);
#2337=ORIENTED_EDGE('',*,*,#2323,.T.);
#2338=ORIENTED_EDGE('',*,*,#2295,.F.);
#2340=ORIENTED_EDGE('',*,*,#2339,.F.);
#2342=ORIENTED_EDGE('',*,*,#2341,.T.);
#2343=EDGE_LOOP('',(#2337,#2338,#2340,#2342));
#2344=FACE_OUTER_BOUND('',#2343,.F.);
#2346=CARTESIAN_POINT('',(-2.555949492708E2,-1.908882667785E2,
1.805240893940E1));
#2347=DIRECTION('',(9.753779259749E-1,2.205400224922E-1,0.E0));
#2348=DIRECTION('',(0.E0,0.E0,1.E0));
#2349=AXIS2_PLACEMENT_3D('',#2346,#2347,#2348);
#2350=CYLINDRICAL_SURFACE('',#2349,5.E-1);
#2351=ORIENTED_EDGE('',*,*,#2293,.T.);
#2353=ORIENTED_EDGE('',*,*,#2352,.F.);
#2355=ORIENTED_EDGE('',*,*,#2354,.T.);
#2356=ORIENTED_EDGE('',*,*,#2339,.T.);
#2357=EDGE_LOOP('',(#2351,#2353,#2355,#2356));
#2358=FACE_OUTER_BOUND('',#2357,.F.);
#2360=CARTESIAN_POINT('',(3.148232042976E1,-1.264906360304E2,1.665240893940E1));
#2361=DIRECTION('',(2.205400224922E-1,-9.753779259749E-1,0.E0));
#2362=DIRECTION('',(0.E0,0.E0,1.E0));
#2363=AXIS2_PLACEMENT_3D('',#2360,#2361,#2362);
#2364=PLANE('',#2363);
#2365=ORIENTED_EDGE('',*,*,#2352,.T.);
#2366=ORIENTED_EDGE('',*,*,#2291,.F.);
#2367=ORIENTED_EDGE('',*,*,#2121,.T.);
#2369=ORIENTED_EDGE('',*,*,#2368,.F.);
#2370=EDGE_LOOP('',(#2365,#2366,#2367,#2369));
#2371=FACE_OUTER_BOUND('',#2370,.F.);
#2373=CARTESIAN_POINT('',(1.357265372622E1,-1.288997517537E2,1.755240893940E1));
#2374=DIRECTION('',(-6.896963456765E-1,-1.559453454273E-1,7.071067811865E-1));
#2375=DIRECTION('',(6.896963456765E-1,1.559453454273E-1,7.071067811865E-1));
#2376=AXIS2_PLACEMENT_3D('',#2373,#2374,#2375);
#2377=PLANE('',#2376);
#2378=ORIENTED_EDGE('',*,*,#2225,.T.);
#2379=ORIENTED_EDGE('',*,*,#2200,.T.);
#2381=ORIENTED_EDGE('',*,*,#2380,.T.);
#2382=ORIENTED_EDGE('',*,*,#2325,.F.);
#2383=ORIENTED_EDGE('',*,*,#2341,.F.);
#2384=ORIENTED_EDGE('',*,*,#2354,.F.);
#2385=ORIENTED_EDGE('',*,*,#2368,.T.);
#2386=ORIENTED_EDGE('',*,*,#2119,.T.);
#2387=EDGE_LOOP('',(#2378,#2379,#2381,#2382,#2383,#2384,#2385,#2386));
#2388=FACE_OUTER_BOUND('',#2387,.F.);
#2390=CARTESIAN_POINT('',(3.077659235778E1,-1.233694266673E2,1.855240893940E1));
#2391=DIRECTION('',(-2.205400224922E-1,9.753779259749E-1,0.E0));
#2392=DIRECTION('',(0.E0,0.E0,-1.E0));
#2393=AXIS2_PLACEMENT_3D('',#2390,#2391,#2392);
#2394=PLANE('',#2393);
#2395=ORIENTED_EDGE('',*,*,#2327,.F.);
#2396=ORIENTED_EDGE('',*,*,#2380,.F.);
#2397=ORIENTED_EDGE('',*,*,#2198,.F.);
#2398=ORIENTED_EDGE('',*,*,#2288,.F.);
#2399=EDGE_LOOP('',(#2395,#2396,#2397,#2398));
#2400=FACE_OUTER_BOUND('',#2399,.F.);
#2402=CARTESIAN_POINT('',(-2.590674834233E2,-1.894178959595E2,
6.947591060601E0));
#2403=DIRECTION('',(9.753779259749E-1,2.205400224922E-1,0.E0));
#2404=DIRECTION('',(0.E0,0.E0,-1.E0));
#2405=AXIS2_PLACEMENT_3D('',#2402,#2403,#2404);
#2406=CYLINDRICAL_SURFACE('',#2405,5.E-1);
#2407=ORIENTED_EDGE('',*,*,#2305,.T.);
#2409=ORIENTED_EDGE('',*,*,#2408,.F.);
#2410=ORIENTED_EDGE('',*,*,#2245,.T.);
#2412=ORIENTED_EDGE('',*,*,#2411,.T.);
#2413=EDGE_LOOP('',(#2407,#2409,#2410,#2412));
#2414=FACE_OUTER_BOUND('',#2413,.F.);
#2416=CARTESIAN_POINT('',(3.077659235778E1,-1.233694266673E2,8.347591060601E0));
#2417=DIRECTION('',(-2.205400224922E-1,9.753779259749E-1,0.E0));
#2418=DIRECTION('',(0.E0,0.E0,-1.E0));
#2419=AXIS2_PLACEMENT_3D('',#2416,#2417,#2418);
#2420=PLANE('',#2419);
#2421=ORIENTED_EDGE('',*,*,#2408,.T.);
#2422=ORIENTED_EDGE('',*,*,#2312,.F.);
#2423=ORIENTED_EDGE('',*,*,#2193,.T.);
#2424=ORIENTED_EDGE('',*,*,#2247,.F.);
#2425=EDGE_LOOP('',(#2421,#2422,#2423,#2424));
#2426=FACE_OUTER_BOUND('',#2425,.F.);
#2428=CARTESIAN_POINT('',(3.077659235778E1,-1.233694266673E2,6.447591060601E0));
#2429=DIRECTION('',(0.E0,0.E0,-1.E0));
#2430=DIRECTION('',(2.205400224922E-1,-9.753779259749E-1,0.E0));
#2431=AXIS2_PLACEMENT_3D('',#2428,#2429,#2430);
#2432=PLANE('',#2431);
#2433=ORIENTED_EDGE('',*,*,#2411,.F.);
#2434=ORIENTED_EDGE('',*,*,#2243,.T.);
#2435=ORIENTED_EDGE('',*,*,#2274,.T.);
#2436=ORIENTED_EDGE('',*,*,#2307,.F.);
#2437=EDGE_LOOP('',(#2433,#2434,#2435,#2436));
#2438=FACE_OUTER_BOUND('',#2437,.F.);
#2440=CARTESIAN_POINT('',(1.093455276095E2,-7.445840716781E1,0.E0));
#2441=DIRECTION('',(8.170867344389E-1,-5.765147599185E-1,0.E0));
#2442=DIRECTION('',(-5.765147599185E-1,-8.170867344389E-1,0.E0));
#2443=AXIS2_PLACEMENT_3D('',#2440,#2441,#2442);
#2444=PLANE('',#2443);
#2445=ORIENTED_EDGE('',*,*,#1670,.F.);
#2446=ORIENTED_EDGE('',*,*,#1685,.F.);
#2447=ORIENTED_EDGE('',*,*,#1722,.T.);
#2448=ORIENTED_EDGE('',*,*,#1497,.F.);
#2449=ORIENTED_EDGE('',*,*,#1544,.T.);
#2450=ORIENTED_EDGE('',*,*,#1592,.T.);
#2451=EDGE_LOOP('',(#2445,#2446,#2447,#2448,#2449,#2450));
#2452=FACE_OUTER_BOUND('',#2451,.F.);
#2454=CARTESIAN_POINT('',(1.036624655464E2,-6.960849796182E1,0.E0));
#2455=DIRECTION('',(-8.584388631401E-1,5.129158978339E-1,0.E0));
#2456=DIRECTION('',(5.129158978339E-1,8.584388631401E-1,0.E0));
#2457=AXIS2_PLACEMENT_3D('',#2454,#2455,#2456);
#2458=PLANE('',#2457);
#2459=ORIENTED_EDGE('',*,*,#1610,.F.);
#2460=ORIENTED_EDGE('',*,*,#1633,.F.);
#2461=ORIENTED_EDGE('',*,*,#1652,.T.);
#2462=ORIENTED_EDGE('',*,*,#1586,.T.);
#2463=EDGE_LOOP('',(#2459,#2460,#2461,#2462));
#2464=FACE_OUTER_BOUND('',#2463,.F.);
#2466=CLOSED_SHELL('',(#1262,#1286,#1301,#1331,#1355,#1378,#1396,#1413,#1436,
#1450,#1480,#1491,#1502,#1518,#1533,#1548,#1562,#1575,#1601,#1615,#1627,#1643,
#1661,#1675,#1689,#1703,#1732,#1743,#1756,#1782,#1805,#1816,#1828,#1852,#1866,
#1877,#1891,#1909,#1923,#1938,#1952,#1966,#1979,#1989,#1999,#2013,#2027,#2039,
#2052,#2071,#2083,#2095,#2107,#2142,#2157,#2168,#2181,#2207,#2219,#2231,#2252,
#2266,#2280,#2299,#2316,#2331,#2345,#2359,#2372,#2389,#2401,#2415,#2427,#2439,
#2453,#2465));
#2467=MANIFOLD_SOLID_BREP('',#2466);
#2470=PLANE_ANGLE_MEASURE_WITH_UNIT(PLANE_ANGLE_MEASURE(1.745329251994E-2),
#2469);
#2471=(CONVERSION_BASED_UNIT('DEGREE',#2470)NAMED_UNIT(*)PLANE_ANGLE_UNIT());
#2473=UNCERTAINTY_MEASURE_WITH_UNIT(LENGTH_MEASURE(2.654986517468E-2),#2468,
'distance_accuracy_value',
'Maximum model space distance between geometric entities at asserted connectivities');
#2475=CARTESIAN_POINT('',(0.E0,0.E0,0.E0));
#2476=DIRECTION('',(0.E0,0.E0,1.E0));
#2477=DIRECTION('',(1.E0,0.E0,0.E0));
#2480=APPLICATION_CONTEXT('automotive_design');
#2481=APPLICATION_PROTOCOL_DEFINITION('international standard',
'automotive_design',2001,#2480);
#2482=PRODUCT_DEFINITION_CONTEXT('part definition',#2480,'design');
#2483=PRODUCT_CONTEXT('',#2480,'mechanical');
#2484=PRODUCT('LINK3','LINK3','NOT SPECIFIED',(#2483));
#2485=PRODUCT_DEFINITION_FORMATION('12','LAST_VERSION',#2484);
#2493=DERIVED_UNIT_ELEMENT(#2492,2.E0);
#2494=DERIVED_UNIT((#2493));
#2495=MEASURE_REPRESENTATION_ITEM('surface area measure',AREA_MEASURE(
1.079880618862E4),#2494);
#2500=DERIVED_UNIT_ELEMENT(#2499,3.E0);
#2501=DERIVED_UNIT((#2500));
#2502=MEASURE_REPRESENTATION_ITEM('volume measure',VOLUME_MEASURE(
2.755367211305E4),#2501);
#2506=CARTESIAN_POINT('centre point',(7.473131147230E1,-9.740240777359E1,
1.249508832293E1));
#2511=DERIVED_UNIT_ELEMENT(#2510,2.E0);
#2512=DERIVED_UNIT((#2511));
#2513=MEASURE_REPRESENTATION_ITEM('surface area measure',AREA_MEASURE(
1.079880618862E4),#2512);
#2518=DERIVED_UNIT_ELEMENT(#2517,3.E0);
#2519=DERIVED_UNIT((#2518));
#2520=MEASURE_REPRESENTATION_ITEM('volume measure',VOLUME_MEASURE(
2.755367211305E4),#2519);
#2524=CARTESIAN_POINT('centre point',(7.473131147230E1,-9.740240777359E1,
1.249508832293E1));
#1=DRAUGHTING_PRE_DEFINED_COLOUR('green');
#2=DRAUGHTING_PRE_DEFINED_COLOUR('green');
#3=DRAUGHTING_PRE_DEFINED_COLOUR('green');
#4=COLOUR_RGB('',1.1E-2,1.2E-2,1.E0);
#5=COLOUR_RGB('',1.1E-2,1.2E-2,1.E0);
#6=COLOUR_RGB('',4.1E-1,2.61589E-1,1.12848E-1);
#7=COLOUR_RGB('',5.04854E-1,1.5455E-2,1.5455E-2);
#8=COLOUR_RGB('',6.35294E-1,6.86275E-1,7.4902E-1);
#9=COLOUR_RGB('',6.40777E-1,6.40777E-1,6.40777E-1);
#10=COLOUR_RGB('',6.66667E-1,6.66667E-1,6.66667E-1);
#11=COLOUR_RGB('',6.69062E-1,6.69903E-1,6.55217E-1);
#12=COLOUR_RGB('',7.45098E-1,3.92157E-1,2.94118E-1);
#13=COLOUR_RGB('',8.03922E-1,5.88235E-1,1.96078E-1);
#14=COLOUR_RGB('',9.21569E-1,7.05882E-1,4.70588E-1);
#15=DRAUGHTING_PRE_DEFINED_COLOUR('red');
#16=DRAUGHTING_PRE_DEFINED_COLOUR('red');
#17=DRAUGHTING_PRE_DEFINED_COLOUR('red');
#18=DRAUGHTING_PRE_DEFINED_COLOUR('red');
#19=DRAUGHTING_PRE_DEFINED_COLOUR('red');
#20=DRAUGHTING_PRE_DEFINED_COLOUR('red');
#21=DRAUGHTING_PRE_DEFINED_COLOUR('red');
#22=DRAUGHTING_PRE_DEFINED_COLOUR('yellow');
#23=DRAUGHTING_PRE_DEFINED_COLOUR('yellow');
#24=COLOUR_RGB('',1.E0,1.E0,5.3E-1);
#25=COLOUR_RGB('',1.E0,1.E0,9.49E-1);
#26=COLOUR_RGB('',1.E0,1.E0,9.49E-1);
#27=DRAUGHTING_PRE_DEFINED_COLOUR('white');
#36=CIRCLE('',#35,7.E0);
#45=CIRCLE('',#44,7.E0);
#54=CIRCLE('',#53,7.E0);
#71=CIRCLE('',#70,7.E0);
#80=CIRCLE('',#79,7.E0);
#89=CIRCLE('',#88,7.E0);
#102=CIRCLE('',#101,4.E0);
#107=CIRCLE('',#106,4.E0);
#112=CIRCLE('',#111,7.E0);
#141=CIRCLE('',#140,4.E0);
#146=CIRCLE('',#145,4.E0);
#155=CIRCLE('',#154,4.E0);
#164=CIRCLE('',#163,4.E0);
#169=CIRCLE('',#168,4.E0);
#178=CIRCLE('',#177,4.E0);
#203=CIRCLE('',#202,4.E0);
#232=CIRCLE('',#231,1.786567896551E2);
#241=CIRCLE('',#240,1.786567896551E2);
#250=CIRCLE('',#249,1.786567896551E2);
#259=CIRCLE('',#258,1.786567896551E2);
#268=CIRCLE('',#267,1.325E2);
#277=CIRCLE('',#276,1.25E2);
#282=CIRCLE('',#281,1.786567896551E2);
#307=CIRCLE('',#306,4.E0);
#312=CIRCLE('',#311,4.E0);
#321=CIRCLE('',#320,7.E0);
#369=B_SPLINE_CURVE_WITH_KNOTS('',3,(#362,#363,#364,#365,#366,#367,#368),
.UNSPECIFIED.,.F.,.F.,(4,1,1,1,4),(0.E0,2.5E-1,5.E-1,7.5E-1,1.E0),
.UNSPECIFIED.);
#398=B_SPLINE_CURVE_WITH_KNOTS('',3,(#390,#391,#392,#393,#394,#395,#396,#397),
.UNSPECIFIED.,.F.,.F.,(4,1,1,1,1,4),(0.E0,2.E-1,4.E-1,6.E-1,8.E-1,1.E0),
.UNSPECIFIED.);
#409=B_SPLINE_CURVE_WITH_KNOTS('',3,(#399,#400,#401,#402,#403,#404,#405,#406,
#407,#408),.UNSPECIFIED.,.F.,.F.,(4,1,1,1,1,1,1,4),(0.E0,1.428571428571E-1,
2.857142857143E-1,4.285714285714E-1,5.714285714286E-1,7.142857142857E-1,
8.571428571429E-1,1.E0),.UNSPECIFIED.);
#420=B_SPLINE_CURVE_WITH_KNOTS('',3,(#414,#415,#416,#417,#418,#419),
.UNSPECIFIED.,.F.,.F.,(4,1,1,4),(0.E0,3.333333333333E-1,6.666666666667E-1,1.E0),
.UNSPECIFIED.);
#435=B_SPLINE_CURVE_WITH_KNOTS('',3,(#429,#430,#431,#432,#433,#434),
.UNSPECIFIED.,.F.,.F.,(4,1,1,4),(0.E0,3.333333333333E-1,6.666666666667E-1,1.E0),
.UNSPECIFIED.);
#459=B_SPLINE_CURVE_WITH_KNOTS('',3,(#436,#437,#438,#439,#440,#441,#442,#443,
#444,#445,#446,#447,#448,#449,#450,#451,#452,#453,#454,#455,#456,#457,#458),
.UNSPECIFIED.,.F.,.F.,(4,1,1,1,1,1,1,1,1,1,1,1,1,1,1,1,1,1,1,1,4),(0.E0,
1.5625E-2,3.125E-2,6.25E-2,9.375E-2,1.25E-1,1.875E-1,2.5E-1,3.125E-1,3.75E-1,
5.E-1,6.25E-1,6.875E-1,7.5E-1,8.125E-1,8.75E-1,9.0625E-1,9.375E-1,9.6875E-1,
9.84375E-1,1.E0),.UNSPECIFIED.);
#464=CIRCLE('',#463,1.E1);
#469=CIRCLE('',#468,1.E1);
#474=CIRCLE('',#473,4.45E0);
#479=CIRCLE('',#478,4.45E0);
#490=B_SPLINE_CURVE_WITH_KNOTS('',3,(#484,#485,#486,#487,#488,#489),
.UNSPECIFIED.,.F.,.F.,(4,1,1,4),(0.E0,3.333333333333E-1,6.666666666667E-1,1.E0),
.UNSPECIFIED.);
#509=B_SPLINE_CURVE_WITH_KNOTS('',3,(#503,#504,#505,#506,#507,#508),
.UNSPECIFIED.,.F.,.F.,(4,1,1,4),(0.E0,3.333333333333E-1,6.666666666667E-1,1.E0),
.UNSPECIFIED.);
#523=B_SPLINE_CURVE_WITH_KNOTS('',3,(#510,#511,#512,#513,#514,#515,#516,#517,
#518,#519,#520,#521,#522),.UNSPECIFIED.,.F.,.F.,(4,1,1,1,1,1,1,1,1,1,4),(0.E0,
6.25E-2,1.25E-1,2.5E-1,3.75E-1,5.E-1,6.25E-1,7.5E-1,8.75E-1,9.375E-1,1.E0),
.UNSPECIFIED.);
#532=CIRCLE('',#531,1.528348436333E2);
#537=CIRCLE('',#536,1.528348436333E2);
#542=CIRCLE('',#541,1.528348436333E2);
#547=CIRCLE('',#546,1.528348436333E2);
#556=CIRCLE('',#555,1.528348436333E2);
#565=CIRCLE('',#564,1.528348436333E2);
#589=B_SPLINE_CURVE_WITH_KNOTS('',3,(#582,#583,#584,#585,#586,#587,#588),
.UNSPECIFIED.,.F.,.F.,(4,1,1,1,4),(0.E0,2.5E-1,5.E-1,7.5E-1,1.E0),
.UNSPECIFIED.);
#597=B_SPLINE_CURVE_WITH_KNOTS('',3,(#590,#591,#592,#593,#594,#595,#596),
.UNSPECIFIED.,.F.,.F.,(4,1,1,1,4),(0.E0,2.5E-1,5.E-1,7.5E-1,1.E0),
.UNSPECIFIED.);
#626=CIRCLE('',#625,1.786567896551E2);
#635=CIRCLE('',#634,1.786567896551E2);
#644=CIRCLE('',#643,1.25E2);
#657=CIRCLE('',#656,1.325E2);
#666=CIRCLE('',#665,1.786567896551E2);
#685=B_SPLINE_CURVE_WITH_KNOTS('',3,(#675,#676,#677,#678,#679,#680,#681,#682,
#683,#684),.UNSPECIFIED.,.F.,.F.,(4,1,1,1,1,1,1,4),(0.E0,1.428571428571E-1,
2.857142857143E-1,4.285714285714E-1,5.714285714286E-1,7.142857142857E-1,
8.571428571429E-1,1.E0),.UNSPECIFIED.);
#693=B_SPLINE_CURVE_WITH_KNOTS('',3,(#686,#687,#688,#689,#690,#691,#692),
.UNSPECIFIED.,.F.,.F.,(4,1,1,1,4),(0.E0,2.5E-1,5.E-1,7.5E-1,1.E0),
.UNSPECIFIED.);
#706=CIRCLE('',#705,4.E0);
#727=CIRCLE('',#726,4.45E0);
#732=B_SPLINE_CURVE_WITH_KNOTS('',3,(#728,#729,#730,#731),.UNSPECIFIED.,.F.,.F.,
(4,4),(0.E0,1.E0),.UNSPECIFIED.);
#737=CIRCLE('',#736,4.45E0);
#742=CIRCLE('',#741,4.45E0);
#751=B_SPLINE_CURVE_WITH_KNOTS('',3,(#747,#748,#749,#750),.UNSPECIFIED.,.F.,.F.,
(4,4),(0.E0,1.E0),.UNSPECIFIED.);
#764=CIRCLE('',#763,3.45E0);
#769=CIRCLE('',#768,3.45E0);
#778=CIRCLE('',#777,4.45E0);
#783=B_SPLINE_CURVE_WITH_KNOTS('',3,(#779,#780,#781,#782),.UNSPECIFIED.,.F.,.F.,
(4,4),(0.E0,1.E0),.UNSPECIFIED.);
#800=B_SPLINE_CURVE_WITH_KNOTS('',3,(#796,#797,#798,#799),.UNSPECIFIED.,.F.,.F.,
(4,4),(0.E0,1.E0),.UNSPECIFIED.);
#809=CIRCLE('',#808,4.45E0);
#814=CIRCLE('',#813,4.45E0);
#819=CIRCLE('',#818,4.45E0);
#824=CIRCLE('',#823,4.45E0);
#834=B_SPLINE_CURVE_WITH_KNOTS('',3,(#829,#830,#831,#832,#833),.UNSPECIFIED.,
.F.,.F.,(4,1,4),(0.E0,5.E-1,1.E0),.UNSPECIFIED.);
#840=B_SPLINE_CURVE_WITH_KNOTS('',3,(#835,#836,#837,#838,#839),.UNSPECIFIED.,
.F.,.F.,(4,1,4),(0.E0,5.E-1,1.E0),.UNSPECIFIED.);
#857=CIRCLE('',#856,5.E-1);
#862=CIRCLE('',#861,5.E-1);
#867=CIRCLE('',#866,5.E-1);
#872=CIRCLE('',#871,5.E-1);
#914=B_SPLINE_CURVE_WITH_KNOTS('',3,(#909,#910,#911,#912,#913),.UNSPECIFIED.,
.F.,.F.,(4,1,4),(0.E0,5.E-1,1.E0),.UNSPECIFIED.);
#920=B_SPLINE_CURVE_WITH_KNOTS('',3,(#915,#916,#917,#918,#919),.UNSPECIFIED.,
.F.,.F.,(4,1,4),(0.E0,5.E-1,1.E0),.UNSPECIFIED.);
#972=B_SPLINE_CURVE_WITH_KNOTS('',3,(#965,#966,#967,#968,#969,#970,#971),
.UNSPECIFIED.,.F.,.F.,(4,1,1,1,4),(0.E0,2.5E-1,5.E-1,7.5E-1,1.E0),
.UNSPECIFIED.);
#1244=EDGE_CURVE('',#1157,#1158,#31,.T.);
#1246=EDGE_CURVE('',#1158,#1164,#36,.T.);
#1248=EDGE_CURVE('',#1170,#1164,#40,.T.);
#1250=EDGE_CURVE('',#1218,#1170,#45,.T.);
#1252=EDGE_CURVE('',#1217,#1218,#49,.T.);
#1254=EDGE_CURVE('',#1217,#1210,#54,.T.);
#1256=EDGE_CURVE('',#1209,#1210,#58,.T.);
#1258=EDGE_CURVE('',#1157,#1209,#112,.T.);
#1262=ADVANCED_FACE('',(#1261),#1243,.T.);
#1268=EDGE_CURVE('',#1173,#1174,#62,.T.);
#1270=EDGE_CURVE('',#1174,#1198,#321,.T.);
#1272=EDGE_CURVE('',#1196,#1198,#66,.T.);
#1274=EDGE_CURVE('',#1194,#1196,#71,.T.);
#1276=EDGE_CURVE('',#1193,#1194,#75,.T.);
#1278=EDGE_CURVE('',#1193,#1182,#80,.T.);
#1280=EDGE_CURVE('',#1180,#1182,#84,.T.);
#1282=EDGE_CURVE('',#1173,#1180,#89,.T.);
#1286=ADVANCED_FACE('',(#1285),#1267,.T.);
#1293=EDGE_CURVE('',#1157,#1161,#93,.T.);
#1295=EDGE_CURVE('',#1161,#1162,#714,.T.);
#1297=EDGE_CURVE('',#1162,#1158,#97,.T.);
#1301=ADVANCED_FACE('',(#1300),#1291,.T.);
#1308=EDGE_CURVE('',#1205,#1209,#617,.T.);
#1310=EDGE_CURVE('',#1205,#1025,#116,.T.);
#1312=EDGE_CURVE('',#1025,#1026,#120,.T.);
#1314=EDGE_CURVE('',#1026,#1053,#124,.T.);
#1316=EDGE_CURVE('',#1057,#1053,#128,.T.);
#1318=EDGE_CURVE('',#1057,#1030,#132,.T.);
#1320=EDGE_CURVE('',#1030,#1161,#136,.T.);
#1325=EDGE_CURVE('',#1021,#1022,#102,.T.);
#1327=EDGE_CURVE('',#1022,#1021,#107,.T.);
#1331=ADVANCED_FACE('',(#1324,#1330),#1306,.F.);
#1337=EDGE_CURVE('',#1065,#1066,#141,.T.);
#1339=EDGE_CURVE('',#1080,#1065,#186,.T.);
#1341=EDGE_CURVE('',#1080,#1074,#146,.T.);
#1343=EDGE_CURVE('',#1073,#1074,#150,.T.);
#1345=EDGE_CURVE('',#1018,#1073,#155,.T.);
#1347=EDGE_CURVE('',#1018,#999,#159,.T.);
#1349=EDGE_CURVE('',#999,#1000,#307,.T.);
#1351=EDGE_CURVE('',#1066,#1000,#190,.T.);
#1355=ADVANCED_FACE('',(#1354),#1336,.F.);
#1361=EDGE_CURVE('',#1077,#1082,#164,.T.);
#1363=EDGE_CURVE('',#1069,#1082,#198,.T.);
#1365=EDGE_CURVE('',#1069,#1070,#169,.T.);
#1367=EDGE_CURVE('',#1070,#1022,#194,.T.);
#1370=EDGE_CURVE('',#1032,#1021,#173,.T.);
#1372=EDGE_CURVE('',#1032,#1078,#178,.T.);
#1374=EDGE_CURVE('',#1077,#1078,#182,.T.);
#1378=ADVANCED_FACE('',(#1377),#1360,.F.);
#1386=EDGE_CURVE('',#1080,#1074,#203,.T.);
#1391=EDGE_CURVE('',#1000,#999,#312,.T.);
#1396=ADVANCED_FACE('',(#1395),#1383,.F.);
#1405=EDGE_CURVE('',#1082,#1077,#706,.T.);
#1413=ADVANCED_FACE('',(#1412),#1401,.F.);
#1420=EDGE_CURVE('',#1189,#1193,#211,.T.);
#1422=EDGE_CURVE('',#991,#1189,#241,.T.);
#1424=EDGE_CURVE('',#995,#991,#207,.T.);
#1426=EDGE_CURVE('',#995,#1186,#556,.T.);
#1428=EDGE_CURVE('',#1182,#1186,#722,.T.);
#1436=ADVANCED_FACE('',(#1431,#1435),#1418,.T.);
#1442=EDGE_CURVE('',#1189,#1190,#219,.T.);
#1446=EDGE_CURVE('',#1194,#1190,#215,.T.);
#1450=ADVANCED_FACE('',(#1449),#1441,.T.);
#1457=EDGE_CURVE('',#1011,#1190,#282,.T.);
#1459=EDGE_CURVE('',#1012,#1011,#250,.T.);
#1461=EDGE_CURVE('',#1016,#1012,#259,.T.);
#1463=EDGE_CURVE('',#1016,#1040,#223,.T.);
#1465=EDGE_CURVE('',#1040,#1036,#635,.T.);
#1467=EDGE_CURVE('',#1036,#1034,#626,.T.);
#1469=EDGE_CURVE('',#1034,#1213,#666,.T.);
#1471=EDGE_CURVE('',#1213,#1214,#227,.T.);
#1473=EDGE_CURVE('',#992,#1214,#232,.T.);
#1475=EDGE_CURVE('',#991,#992,#236,.T.);
#1480=ADVANCED_FACE('',(#1479),#1455,.T.);
#1486=EDGE_CURVE('',#1011,#1012,#245,.T.);
#1491=ADVANCED_FACE('',(#1490),#1485,.F.);
#1497=EDGE_CURVE('',#1012,#1016,#254,.T.);
#1502=ADVANCED_FACE('',(#1501),#1496,.F.);
#1508=EDGE_CURVE('',#1085,#1086,#263,.T.);
#1510=EDGE_CURVE('',#1085,#1047,#268,.T.);
#1512=EDGE_CURVE('',#1047,#1048,#272,.T.);
#1514=EDGE_CURVE('',#1048,#1086,#277,.T.);
#1518=ADVANCED_FACE('',(#1517),#1507,.F.);
#1527=EDGE_CURVE('',#1196,#1201,#286,.T.);
#1529=EDGE_CURVE('',#1201,#1011,#290,.T.);
#1533=ADVANCED_FACE('',(#1532),#1523,.F.);
#1540=EDGE_CURVE('',#1011,#1003,#294,.T.);
#1542=EDGE_CURVE('',#1003,#1004,#341,.T.);
#1544=EDGE_CURVE('',#1012,#1004,#980,.T.);
#1548=ADVANCED_FACE('',(#1547),#1538,.T.);
#1554=EDGE_CURVE('',#1201,#1202,#298,.T.);
#1556=EDGE_CURVE('',#1202,#1003,#316,.T.);
#1562=ADVANCED_FACE('',(#1561),#1553,.T.);
#1569=EDGE_CURVE('',#1198,#1202,#302,.T.);
#1575=ADVANCED_FACE('',(#1574),#1567,.T.);
#1584=EDGE_CURVE('',#1178,#1174,#349,.T.);
#1586=EDGE_CURVE('',#1008,#1178,#325,.T.);
#1588=EDGE_CURVE('',#1058,#1008,#329,.T.);
#1590=EDGE_CURVE('',#1062,#1058,#333,.T.);
#1592=EDGE_CURVE('',#1004,#1062,#337,.T.);
#1601=ADVANCED_FACE('',(#1596,#1600),#1580,.T.);
#1608=EDGE_CURVE('',#1173,#1177,#345,.T.);
#1610=EDGE_CURVE('',#1177,#1178,#984,.T.);
#1615=ADVANCED_FACE('',(#1614),#1606,.T.);
#1621=EDGE_CURVE('',#1014,#1007,#353,.T.);
#1623=EDGE_CURVE('',#1014,#1007,#542,.T.);
#1627=ADVANCED_FACE('',(#1626),#1620,.F.);
#1633=EDGE_CURVE('',#1007,#1177,#357,.T.);
#1637=EDGE_CURVE('',#1180,#1185,#361,.T.);
#1639=EDGE_CURVE('',#1007,#1185,#547,.T.);
#1643=ADVANCED_FACE('',(#1642),#1632,.F.);
#1649=EDGE_CURVE('',#1058,#1059,#369,.T.);
#1652=EDGE_CURVE('',#1007,#1008,#988,.T.);
#1655=EDGE_CURVE('',#1052,#1014,#373,.T.);
#1657=EDGE_CURVE('',#1052,#1059,#377,.T.);
#1661=ADVANCED_FACE('',(#1660),#1648,.T.);
#1668=EDGE_CURVE('',#1061,#1059,#381,.T.);
#1670=EDGE_CURVE('',#1061,#1062,#972,.T.);
#1675=ADVANCED_FACE('',(#1674),#1666,.T.);
#1683=EDGE_CURVE('',#1051,#1052,#385,.T.);
#1685=EDGE_CURVE('',#1051,#1061,#389,.T.);
#1689=ADVANCED_FACE('',(#1688),#1680,.T.);
#1696=EDGE_CURVE('',#1047,#1051,#398,.T.);
#1699=EDGE_CURVE('',#1052,#1048,#409,.T.);
#1703=ADVANCED_FACE('',(#1702),#1694,.F.);
#1709=EDGE_CURVE('',#1153,#1154,#413,.T.);
#1711=EDGE_CURVE('',#1154,#1146,#420,.T.);
#1713=EDGE_CURVE('',#1146,#1089,#424,.T.);
#1715=EDGE_CURVE('',#1089,#1044,#657,.T.);
#1717=EDGE_CURVE('',#1054,#1044,#685,.T.);
#1719=EDGE_CURVE('',#1054,#1040,#605,.T.);
#1722=EDGE_CURVE('',#1051,#1016,#976,.T.);
#1726=EDGE_CURVE('',#1085,#1144,#428,.T.);
#1728=EDGE_CURVE('',#1144,#1153,#435,.T.);
#1732=ADVANCED_FACE('',(#1731),#1708,.T.);
#1739=EDGE_CURVE('',#1153,#1154,#459,.T.);
#1743=ADVANCED_FACE('',(#1742),#1737,.F.);
#1751=EDGE_CURVE('',#1144,#1146,#464,.T.);
#1756=ADVANCED_FACE('',(#1755),#1748,.T.);
#1766=EDGE_CURVE('',#1086,#1140,#494,.T.);
#1768=EDGE_CURVE('',#1142,#1140,#469,.T.);
#1770=EDGE_CURVE('',#1142,#1090,#502,.T.);
#1772=EDGE_CURVE('',#1089,#1090,#639,.T.);
#1776=EDGE_CURVE('',#1097,#1093,#474,.T.);
#1778=EDGE_CURVE('',#1093,#1097,#479,.T.);
#1782=ADVANCED_FACE('',(#1775,#1781),#1761,.F.);
#1788=EDGE_CURVE('',#1149,#1150,#483,.T.);
#1790=EDGE_CURVE('',#1149,#1140,#490,.T.);
#1796=EDGE_CURVE('',#1014,#1038,#498,.T.);
#1798=EDGE_CURVE('',#1038,#1090,#644,.T.);
#1801=EDGE_CURVE('',#1142,#1150,#509,.T.);
#1805=ADVANCED_FACE('',(#1804),#1787,.F.);
#1812=EDGE_CURVE('',#1150,#1149,#523,.T.);
#1816=ADVANCED_FACE('',(#1815),#1810,.F.);
#1828=ADVANCED_FACE('',(#1827),#1821,.T.);
#1834=EDGE_CURVE('',#1167,#1168,#527,.T.);
#1836=EDGE_CURVE('',#1029,#1168,#532,.T.);
#1838=EDGE_CURVE('',#1038,#1029,#537,.T.);
#1843=EDGE_CURVE('',#1185,#1186,#551,.T.);
#1846=EDGE_CURVE('',#995,#996,#560,.T.);
#1848=EDGE_CURVE('',#996,#1167,#565,.T.);
#1852=ADVANCED_FACE('',(#1851),#1833,.F.);
#1858=EDGE_CURVE('',#1168,#1164,#577,.T.);
#1861=EDGE_CURVE('',#1167,#1170,#569,.T.);
#1866=ADVANCED_FACE('',(#1865),#1857,.T.);
#1872=EDGE_CURVE('',#1038,#1029,#573,.T.);
#1877=ADVANCED_FACE('',(#1876),#1871,.T.);
#1886=EDGE_CURVE('',#1029,#1162,#581,.T.);
#1891=ADVANCED_FACE('',(#1890),#1882,.T.);
#1897=EDGE_CURVE('',#1056,#1057,#589,.T.);
#1899=EDGE_CURVE('',#1043,#1056,#693,.T.);
#1901=EDGE_CURVE('',#1043,#1038,#648,.T.);
#1904=EDGE_CURVE('',#1029,#1030,#718,.T.);
#1909=ADVANCED_FACE('',(#1908),#1896,.F.);
#1915=EDGE_CURVE('',#1053,#1054,#597,.T.);
#1917=EDGE_CURVE('',#1056,#1054,#674,.T.);
#1923=ADVANCED_FACE('',(#1922),#1914,.T.);
#1931=EDGE_CURVE('',#1036,#1026,#601,.T.);
#1933=EDGE_CURVE('',#1036,#1040,#630,.T.);
#1938=ADVANCED_FACE('',(#1937),#1928,.F.);
#1944=EDGE_CURVE('',#1034,#1025,#609,.T.);
#1946=EDGE_CURVE('',#1034,#1036,#621,.T.);
#1952=ADVANCED_FACE('',(#1951),#1943,.F.);
#1958=EDGE_CURVE('',#1205,#1206,#613,.T.);
#1960=EDGE_CURVE('',#1206,#1034,#670,.T.);
#1966=ADVANCED_FACE('',(#1965),#1957,.F.);
#1975=EDGE_CURVE('',#1206,#1210,#661,.T.);
#1979=ADVANCED_FACE('',(#1978),#1971,.T.);
#1989=ADVANCED_FACE('',(#1988),#1984,.T.);
#1999=ADVANCED_FACE('',(#1998),#1994,.T.);
#2008=EDGE_CURVE('',#1043,#1044,#652,.T.);
#2013=ADVANCED_FACE('',(#2012),#2004,.T.);
#2021=EDGE_CURVE('',#1213,#1217,#697,.T.);
#2027=ADVANCED_FACE('',(#2026),#2018,.T.);
#2039=ADVANCED_FACE('',(#2038),#2032,.F.);
#2048=EDGE_CURVE('',#1218,#1214,#701,.T.);
#2052=ADVANCED_FACE('',(#2051),#2044,.T.);
#2063=EDGE_CURVE('',#996,#992,#710,.T.);
#2071=ADVANCED_FACE('',(#2066,#2070),#2057,.F.);
#2083=ADVANCED_FACE('',(#2082),#2076,.F.);
#2095=ADVANCED_FACE('',(#2094),#2088,.F.);
#2107=ADVANCED_FACE('',(#2106),#2100,.T.);
#2113=EDGE_CURVE('',#1238,#1237,#727,.T.);
#2115=EDGE_CURVE('',#1230,#1237,#804,.T.);
#2117=EDGE_CURVE('',#1225,#1230,#819,.T.);
#2119=EDGE_CURVE('',#1106,#1225,#732,.T.);
#2121=EDGE_CURVE('',#1102,#1106,#900,.T.);
#2123=EDGE_CURVE('',#1102,#1094,#737,.T.);
#2125=EDGE_CURVE('',#1093,#1094,#791,.T.);
#2128=EDGE_CURVE('',#1097,#1098,#787,.T.);
#2130=EDGE_CURVE('',#1098,#1100,#742,.T.);
#2132=EDGE_CURVE('',#1100,#1104,#746,.T.);
#2134=EDGE_CURVE('',#1222,#1104,#751,.T.);
#2136=EDGE_CURVE('',#1228,#1222,#814,.T.);
#2138=EDGE_CURVE('',#1228,#1238,#755,.T.);
#2142=ADVANCED_FACE('',(#2141),#2112,.T.);
#2148=EDGE_CURVE('',#1234,#1233,#769,.T.);
#2150=EDGE_CURVE('',#1233,#1237,#773,.T.);
#2153=EDGE_CURVE('',#1234,#1238,#759,.T.);
#2157=ADVANCED_FACE('',(#2156),#2147,.T.);
#2163=EDGE_CURVE('',#1233,#1234,#764,.T.);
#2168=ADVANCED_FACE('',(#2167),#2162,.T.);
#2176=EDGE_CURVE('',#1237,#1238,#778,.T.);
#2181=ADVANCED_FACE('',(#2180),#2173,.T.);
#2189=EDGE_CURVE('',#1221,#1228,#809,.T.);
#2191=EDGE_CURVE('',#1110,#1221,#783,.T.);
#2193=EDGE_CURVE('',#1098,#1110,#944,.T.);
#2198=EDGE_CURVE('',#1094,#1108,#795,.T.);
#2200=EDGE_CURVE('',#1226,#1108,#800,.T.);
#2202=EDGE_CURVE('',#1230,#1226,#824,.T.);
#2207=ADVANCED_FACE('',(#2206),#2186,.T.);
#2213=EDGE_CURVE('',#1221,#1222,#828,.T.);
#2219=ADVANCED_FACE('',(#2218),#2212,.F.);
#2225=EDGE_CURVE('',#1225,#1226,#908,.T.);
#2231=ADVANCED_FACE('',(#2230),#2224,.F.);
#2239=EDGE_CURVE('',#1104,#1138,#848,.T.);
#2241=EDGE_CURVE('',#1137,#1138,#834,.T.);
#2243=EDGE_CURVE('',#1131,#1137,#956,.T.);
#2245=EDGE_CURVE('',#1130,#1131,#840,.T.);
#2247=EDGE_CURVE('',#1130,#1110,#948,.T.);
#2252=ADVANCED_FACE('',(#2251),#2236,.T.);
#2258=EDGE_CURVE('',#1138,#1134,#844,.T.);
#2262=EDGE_CURVE('',#1134,#1100,#852,.T.);
#2266=ADVANCED_FACE('',(#2265),#2257,.T.);
#2272=EDGE_CURVE('',#1134,#1135,#872,.T.);
#2274=EDGE_CURVE('',#1137,#1135,#960,.T.);
#2280=ADVANCED_FACE('',(#2279),#2271,.T.);
#2286=EDGE_CURVE('',#1113,#1114,#857,.T.);
#2288=EDGE_CURVE('',#1113,#1094,#932,.T.);
#2291=EDGE_CURVE('',#1102,#1121,#896,.T.);
#2293=EDGE_CURVE('',#1120,#1121,#862,.T.);
#2295=EDGE_CURVE('',#1120,#1114,#880,.T.);
#2299=ADVANCED_FACE('',(#2298),#2285,.F.);
#2305=EDGE_CURVE('',#1127,#1128,#867,.T.);
#2307=EDGE_CURVE('',#1127,#1135,#964,.T.);
#2312=EDGE_CURVE('',#1098,#1128,#940,.T.);
#2316=ADVANCED_FACE('',(#2315),#2304,.F.);
#2323=EDGE_CURVE('',#1116,#1114,#876,.T.);
#2325=EDGE_CURVE('',#1116,#1117,#914,.T.);
#2327=EDGE_CURVE('',#1117,#1113,#924,.T.);
#2331=ADVANCED_FACE('',(#2330),#2321,.T.);
#2339=EDGE_CURVE('',#1124,#1120,#884,.T.);
#2341=EDGE_CURVE('',#1124,#1116,#888,.T.);
#2345=ADVANCED_FACE('',(#2344),#2336,.T.);
#2352=EDGE_CURVE('',#1123,#1121,#892,.T.);
#2354=EDGE_CURVE('',#1123,#1124,#920,.T.);
#2359=ADVANCED_FACE('',(#2358),#2350,.T.);
#2368=EDGE_CURVE('',#1123,#1106,#904,.T.);
#2372=ADVANCED_FACE('',(#2371),#2364,.T.);
#2380=EDGE_CURVE('',#1108,#1117,#928,.T.);
#2389=ADVANCED_FACE('',(#2388),#2377,.T.);
#2401=ADVANCED_FACE('',(#2400),#2394,.T.);
#2408=EDGE_CURVE('',#1130,#1128,#936,.T.);
#2411=EDGE_CURVE('',#1131,#1127,#952,.T.);
#2415=ADVANCED_FACE('',(#2414),#2406,.T.);
#2427=ADVANCED_FACE('',(#2426),#2420,.T.);
#2439=ADVANCED_FACE('',(#2438),#2432,.T.);
#2453=ADVANCED_FACE('',(#2452),#2444,.T.);
#2465=ADVANCED_FACE('',(#2464),#2458,.T.);
#2468=(LENGTH_UNIT()NAMED_UNIT(*)SI_UNIT(.MILLI.,.METRE.));
#2469=(NAMED_UNIT(*)PLANE_ANGLE_UNIT()SI_UNIT($,.RADIAN.));
#2472=(NAMED_UNIT(*)SI_UNIT($,.STERADIAN.)SOLID_ANGLE_UNIT());
#2474=(GEOMETRIC_REPRESENTATION_CONTEXT(3)GLOBAL_UNCERTAINTY_ASSIGNED_CONTEXT((
#2473))GLOBAL_UNIT_ASSIGNED_CONTEXT((#2468,#2471,#2472))REPRESENTATION_CONTEXT(
'ID1','external'));
#2478=AXIS2_PLACEMENT_3D('',#2475,#2476,#2477);
#2479=ADVANCED_BREP_SHAPE_REPRESENTATION('',(#2478,#2467),#2474);
#2486=PRODUCT_DEFINITION('part definition','',#2485,#2482);
#2487=PRODUCT_DEFINITION_SHAPE('','SHAPE FOR LINK3.',#2486);
#2488=SHAPE_ASPECT('','solid data associated with LINK3',#2487,.F.);
#2489=PROPERTY_DEFINITION('',
'shape for solid data with which properties are associated',#2488);
#2490=SHAPE_REPRESENTATION('',(#2467),#2474);
#2491=SHAPE_DEFINITION_REPRESENTATION(#2489,#2490);
#2492=(LENGTH_UNIT()NAMED_UNIT(*)SI_UNIT(.MILLI.,.METRE.));
#2496=PROPERTY_DEFINITION('geometric validation property','area of LINK3',
#2488);
#2497=REPRESENTATION('surface area',(#2495),#2474);
#2498=PROPERTY_DEFINITION_REPRESENTATION(#2496,#2497);
#2499=(LENGTH_UNIT()NAMED_UNIT(*)SI_UNIT(.MILLI.,.METRE.));
#2503=PROPERTY_DEFINITION('geometric validation property','volume of LINK3',
#2488);
#2504=REPRESENTATION('volume',(#2502),#2474);
#2505=PROPERTY_DEFINITION_REPRESENTATION(#2503,#2504);
#2507=PROPERTY_DEFINITION('geometric validation property','centroid of LINK3',
#2488);
#2508=REPRESENTATION('centroid',(#2506),#2474);
#2509=PROPERTY_DEFINITION_REPRESENTATION(#2507,#2508);
#2510=(LENGTH_UNIT()NAMED_UNIT(*)SI_UNIT(.MILLI.,.METRE.));
#2514=PROPERTY_DEFINITION('geometric validation property','area of LINK3',
#2487);
#2515=REPRESENTATION('surface area',(#2513),#2474);
#2516=PROPERTY_DEFINITION_REPRESENTATION(#2514,#2515);
#2517=(LENGTH_UNIT()NAMED_UNIT(*)SI_UNIT(.MILLI.,.METRE.));
#2521=PROPERTY_DEFINITION('geometric validation property','volume of LINK3',
#2487);
#2522=REPRESENTATION('volume',(#2520),#2474);
#2523=PROPERTY_DEFINITION_REPRESENTATION(#2521,#2522);
#2525=PROPERTY_DEFINITION('geometric validation property','centroid of LINK3',
#2487);
#2526=REPRESENTATION('centroid',(#2524),#2474);
#2527=PROPERTY_DEFINITION_REPRESENTATION(#2525,#2526);
#2528=SHAPE_DEFINITION_REPRESENTATION(#2487,#2479);
#2529=PRODUCT_RELATED_PRODUCT_CATEGORY('part','',(#2484));
ENDSEC;
END-ISO-10303-21;
