ISO-10303-21;
HEADER;
FILE_DESCRIPTION((''),'2;1');
FILE_NAME('LINK1','2026-08-09T09:56:41',('gram2'),(''),
'CREO PARAMETRIC BY PTC INC, 2016510','CREO PARAMETRIC BY PTC INC, 2016510','');
FILE_SCHEMA(('AUTOMOTIVE_DESIGN { 1 0 10303 214 1 1 1 1 }'));
ENDSEC;
DATA;
#28=DIRECTION('',(0.E0,0.E0,-1.E0));
#29=VECTOR('',#28,2.5E1);
#30=CARTESIAN_POINT('',(1.172683262196E2,-6.133821294969E1,2.5E1));
#31=LINE('',#30,#29);
#32=DIRECTION('',(0.E0,0.E0,1.E0));
#33=VECTOR('',#32,2.5E1);
#34=CARTESIAN_POINT('',(1.034991222735E2,-8.272956961455E1,0.E0));
#35=LINE('',#34,#33);
#36=CARTESIAN_POINT('',(3.289E1,-4.000584080203E1,0.E0));
#37=DIRECTION('',(0.E0,0.E0,-1.E0));
#38=DIRECTION('',(9.466904629729E-1,3.221446372612E-1,0.E0));
#39=AXIS2_PLACEMENT_3D('',#36,#37,#38);
#41=CARTESIAN_POINT('',(1.133024697484E2,-1.179605863925E1,0.E0));
#42=DIRECTION('',(0.E0,0.E0,-1.E0));
#43=DIRECTION('',(0.E0,-1.E0,0.E0));
#44=AXIS2_PLACEMENT_3D('',#41,#42,#43);
#46=CARTESIAN_POINT('',(1.133024697484E2,-1.179605863925E1,0.E0));
#47=DIRECTION('',(0.E0,0.E0,-1.E0));
#48=DIRECTION('',(9.998013178285E-1,-1.993300951667E-2,0.E0));
#49=AXIS2_PLACEMENT_3D('',#46,#47,#48);
#51=CARTESIAN_POINT('',(5.222640954548E1,-3.822206802930E1,0.E0));
#52=DIRECTION('',(0.E0,0.E0,1.E0));
#53=DIRECTION('',(9.269156562025E-1,3.752697247136E-1,0.E0));
#54=AXIS2_PLACEMENT_3D('',#51,#52,#53);
#56=CARTESIAN_POINT('',(5.222640954548E1,-3.822206802930E1,0.E0));
#57=DIRECTION('',(0.E0,0.E0,1.E0));
#58=DIRECTION('',(9.967241239299E-1,-8.087657742594E-2,0.E0));
#59=AXIS2_PLACEMENT_3D('',#56,#57,#58);
#61=CARTESIAN_POINT('',(-1.616686413708E2,-3.012071102589E1,0.E0));
#62=DIRECTION('',(0.E0,0.E0,-1.E0));
#63=DIRECTION('',(9.996297860691E-1,-2.720828556516E-2,0.E0));
#64=AXIS2_PLACEMENT_3D('',#61,#62,#63);
#66=DIRECTION('',(2.205400224922E-1,-9.753779259749E-1,0.E0));
#67=VECTOR('',#66,7.523448990133E0);
#68=CARTESIAN_POINT('',(3.737936834440E1,-1.192802700457E2,0.E0));
#69=LINE('',#68,#67);
#70=CARTESIAN_POINT('',(0.E0,0.E0,0.E0));
#71=DIRECTION('',(0.E0,0.E0,1.E0));
#72=DIRECTION('',(2.946308675766E-1,-9.556111405122E-1,0.E0));
#73=AXIS2_PLACEMENT_3D('',#70,#71,#72);
#75=CARTESIAN_POINT('',(-3.946368873485E1,2.442E1,0.E0));
#76=DIRECTION('',(0.E0,0.E0,1.E0));
#77=DIRECTION('',(8.001948450038E-1,-5.997401187426E-1,0.E0));
#78=AXIS2_PLACEMENT_3D('',#75,#76,#77);
#80=CARTESIAN_POINT('',(8.217775979074E1,-4.213789660587E1,0.E0));
#81=DIRECTION('',(0.E0,0.E0,-1.E0));
#82=DIRECTION('',(9.915615984928E-1,-1.296364007303E-1,0.E0));
#83=AXIS2_PLACEMENT_3D('',#80,#81,#82);
#85=CARTESIAN_POINT('',(5.222640954548E1,-3.822206802930E1,0.E0));
#86=DIRECTION('',(0.E0,0.E0,1.E0));
#87=DIRECTION('',(9.915615984928E-1,-1.296364007303E-1,0.E0));
#88=AXIS2_PLACEMENT_3D('',#85,#86,#87);
#90=DIRECTION('',(-1.E0,0.E0,0.E0));
#91=VECTOR('',#90,7.551686168914E0);
#92=CARTESIAN_POINT('',(1.218544567294E2,-4.721381714765E1,0.E0));
#93=LINE('',#92,#91);
#94=CARTESIAN_POINT('',(-2.386E1,1.463E1,0.E0));
#95=DIRECTION('',(0.E0,0.E0,-1.E0));
#96=DIRECTION('',(8.711599988673E-1,-4.909992427422E-1,0.E0));
#97=AXIS2_PLACEMENT_3D('',#94,#95,#96);
#99=CARTESIAN_POINT('',(0.E0,0.E0,0.E0));
#100=DIRECTION('',(0.E0,0.E0,-1.E0));
#101=DIRECTION('',(7.852571905595E-1,-6.191697220267E-1,0.E0));
#102=AXIS2_PLACEMENT_3D('',#99,#100,#101);
#104=CARTESIAN_POINT('',(1.133024697484E2,-1.179605863925E1,6.25E0));
#105=DIRECTION('',(0.E0,0.E0,-1.E0));
#106=DIRECTION('',(9.837126564137E-1,1.797481838891E-1,0.E0));
#107=AXIS2_PLACEMENT_3D('',#104,#105,#106);
#109=CARTESIAN_POINT('',(1.133024697484E2,-1.179605863925E1,0.E0));
#110=DIRECTION('',(0.E0,0.E0,1.E0));
#111=DIRECTION('',(-8.559633314690E-1,-5.170365317659E-1,0.E0));
#112=AXIS2_PLACEMENT_3D('',#109,#110,#111);
#114=CARTESIAN_POINT('',(1.133024697484E2,-1.179605863925E1,2.5E1));
#115=DIRECTION('',(0.E0,0.E0,-1.E0));
#116=DIRECTION('',(9.837126564137E-1,1.797481838891E-1,0.E0));
#117=AXIS2_PLACEMENT_3D('',#114,#115,#116);
#119=CARTESIAN_POINT('',(1.133024697484E2,-1.179605863925E1,1.875E1));
#120=DIRECTION('',(0.E0,0.E0,1.E0));
#121=DIRECTION('',(-8.559633314690E-1,-5.170365317659E-1,0.E0));
#122=AXIS2_PLACEMENT_3D('',#119,#120,#121);
#124=DIRECTION('',(-9.688027044776E-1,-2.478332499826E-1,0.E0));
#125=VECTOR('',#124,8.024839776854E0);
#126=CARTESIAN_POINT('',(1.211288264039E2,-2.475457167961E1,6.25E0));
#127=LINE('',#126,#125);
#128=DIRECTION('',(0.E0,0.E0,1.E0));
#129=VECTOR('',#128,6.25E0);
#130=CARTESIAN_POINT('',(1.169913922100E2,-1.112200294967E1,0.E0));
#131=LINE('',#130,#129);
#132=DIRECTION('',(1.397233972966E-10,7.008071918335E-9,1.E0));
#133=VECTOR('',#132,6.25E0);
#134=CARTESIAN_POINT('',(1.173016750189E2,-1.187579072112E1,0.E0));
#135=LINE('',#134,#133);
#136=CARTESIAN_POINT('',(5.222640954548E1,-3.822206802930E1,6.25E0));
#137=DIRECTION('',(0.E0,0.E0,1.E0));
#138=DIRECTION('',(9.269156562025E-1,3.752697247136E-1,0.E0));
#139=AXIS2_PLACEMENT_3D('',#136,#137,#138);
#141=DIRECTION('',(0.E0,0.E0,1.E0));
#142=VECTOR('',#141,6.25E0);
#143=CARTESIAN_POINT('',(1.169913922100E2,-1.112200294967E1,1.875E1));
#144=LINE('',#143,#142);
#145=CARTESIAN_POINT('',(5.222640954548E1,-3.822206802930E1,1.875E1));
#146=DIRECTION('',(0.E0,0.E0,1.E0));
#147=DIRECTION('',(9.269156562025E-1,3.752697247136E-1,0.E0));
#148=AXIS2_PLACEMENT_3D('',#145,#146,#147);
#150=DIRECTION('',(-1.397233972966E-10,-7.008071634118E-9,1.E0));
#151=VECTOR('',#150,6.25E0);
#152=CARTESIAN_POINT('',(1.173016750198E2,-1.187579067732E1,1.875E1));
#153=LINE('',#152,#151);
#154=CARTESIAN_POINT('',(1.223831609076E2,-3.558640014968E1,3.E1));
#155=CARTESIAN_POINT('',(1.223976627587E2,-3.597241341529E1,3.E1));
#156=CARTESIAN_POINT('',(1.224199820411E2,-3.673631215932E1,2.994440446742E1));
#157=CARTESIAN_POINT('',(1.224297442575E2,-3.748391904259E1,2.978125336612E1));
#158=CARTESIAN_POINT('',(1.224316845073E2,-3.785345659167E1,2.967205677044E1));
#160=DIRECTION('',(0.E0,0.E0,-1.E0));
#161=VECTOR('',#160,1.125E1);
#162=CARTESIAN_POINT('',(1.197481658727E2,-1.899373140483E1,3.E1));
#163=LINE('',#162,#161);
#164=CARTESIAN_POINT('',(5.222640954548E1,-3.822206802930E1,1.875E1));
#165=DIRECTION('',(0.E0,0.E0,1.E0));
#166=DIRECTION('',(9.814286345320E-1,1.918276187641E-1,0.E0));
#167=AXIS2_PLACEMENT_3D('',#164,#165,#166);
#169=DIRECTION('',(0.E0,0.E0,1.E0));
#170=VECTOR('',#169,8.5E0);
#171=CARTESIAN_POINT('',(1.214853280318E2,-2.672777740467E1,8.25E0));
#172=LINE('',#171,#170);
#173=CARTESIAN_POINT('',(5.222640954548E1,-3.822206802930E1,6.25E0));
#174=DIRECTION('',(0.E0,0.E0,1.E0));
#175=DIRECTION('',(9.814286345320E-1,1.918276187641E-1,0.E0));
#176=AXIS2_PLACEMENT_3D('',#173,#174,#175);
#178=DIRECTION('',(0.E0,0.E0,-1.E0));
#179=VECTOR('',#178,1.125E1);
#180=CARTESIAN_POINT('',(1.197481658727E2,-1.899373140483E1,6.25E0));
#181=LINE('',#180,#179);
#182=CARTESIAN_POINT('',(1.224316845073E2,-3.785345659167E1,-4.672056770439E0));
#183=CARTESIAN_POINT('',(1.224297483398E2,-3.748469654581E1,-4.781023617599E0));
#184=CARTESIAN_POINT('',(1.224200163689E2,-3.673794976628E1,-4.944167264109E0));
#185=CARTESIAN_POINT('',(1.223976931972E2,-3.597322363366E1,-5.E0));
#186=CARTESIAN_POINT('',(1.223831609076E2,-3.558640014968E1,-5.E0));
#188=CARTESIAN_POINT('',(1.218544567294E2,-4.721381714765E1,0.E0));
#189=CARTESIAN_POINT('',(1.219292786780E2,-4.663442974531E1,0.E0));
#190=CARTESIAN_POINT('',(1.220607580826E2,-4.550258363566E1,
-1.245109878296E-1));
#191=CARTESIAN_POINT('',(1.221601108749E2,-4.442454931582E1,
-4.798946009137E-1));
#192=CARTESIAN_POINT('',(1.222026652440E2,-4.390010864866E1,
-7.185622310044E-1));
#194=DIRECTION('',(0.E0,0.E0,-1.E0));
#195=VECTOR('',#194,2.5E1);
#196=CARTESIAN_POINT('',(1.218402237305E2,-4.732335263508E1,2.5E1));
#197=LINE('',#196,#195);
#198=DIRECTION('',(7.910716206356E-14,8.701787826992E-13,1.E0));
#199=VECTOR('',#198,7.185622310043E-1);
#200=CARTESIAN_POINT('',(1.222026652440E2,-4.390010864866E1,2.5E1));
#201=LINE('',#200,#199);
#202=DIRECTION('',(0.E0,0.E0,1.E0));
#203=VECTOR('',#202,5.E0);
#204=CARTESIAN_POINT('',(1.133024697484E2,-7.796058639253E0,2.5E1));
#205=LINE('',#204,#203);
#206=CARTESIAN_POINT('',(1.133024697484E2,-1.179605863925E1,2.5E1));
#207=DIRECTION('',(0.E0,0.E0,-1.E0));
#208=DIRECTION('',(0.E0,1.E0,0.E0));
#209=AXIS2_PLACEMENT_3D('',#206,#207,#208);
#211=CARTESIAN_POINT('',(1.133024697484E2,-1.179605863925E1,1.875E1));
#212=DIRECTION('',(0.E0,0.E0,1.E0));
#213=DIRECTION('',(9.998013178285E-1,-1.993300951667E-2,0.E0));
#214=AXIS2_PLACEMENT_3D('',#211,#212,#213);
#216=CARTESIAN_POINT('',(1.133024697484E2,-1.179605863925E1,0.E0));
#217=DIRECTION('',(0.E0,0.E0,-1.E0));
#218=DIRECTION('',(0.E0,1.E0,0.E0));
#219=AXIS2_PLACEMENT_3D('',#216,#217,#218);
#221=DIRECTION('',(0.E0,0.E0,-1.E0));
#222=VECTOR('',#221,5.E0);
#223=CARTESIAN_POINT('',(1.133024697484E2,-7.796058639253E0,0.E0));
#224=LINE('',#223,#222);
#225=CARTESIAN_POINT('',(1.133024697484E2,-1.179605863925E1,6.25E0));
#226=DIRECTION('',(0.E0,0.E0,1.E0));
#227=DIRECTION('',(9.998013178285E-1,-1.993300951667E-2,0.E0));
#228=AXIS2_PLACEMENT_3D('',#225,#226,#227);
#230=DIRECTION('',(0.E0,0.E0,1.E0));
#231=VECTOR('',#230,5.E0);
#232=CARTESIAN_POINT('',(1.133024697484E2,-1.579605863925E1,2.5E1));
#233=LINE('',#232,#231);
#234=DIRECTION('',(0.E0,0.E0,-1.E0));
#235=VECTOR('',#234,5.E0);
#236=CARTESIAN_POINT('',(1.133024697484E2,-1.579605863925E1,0.E0));
#237=LINE('',#236,#235);
#238=CARTESIAN_POINT('',(5.222640954548E1,-3.822206802930E1,2.5E1));
#239=DIRECTION('',(0.E0,0.E0,1.E0));
#240=DIRECTION('',(9.269156562025E-1,3.752697247136E-1,0.E0));
#241=AXIS2_PLACEMENT_3D('',#238,#239,#240);
#243=CARTESIAN_POINT('',(1.133024697484E2,-1.179605863925E1,2.5E1));
#244=DIRECTION('',(0.E0,0.E0,-1.E0));
#245=DIRECTION('',(9.998013178285E-1,-1.993300951667E-2,0.E0));
#246=AXIS2_PLACEMENT_3D('',#243,#244,#245);
#248=CARTESIAN_POINT('',(1.133024697484E2,-1.179605863925E1,2.5E1));
#249=DIRECTION('',(0.E0,0.E0,-1.E0));
#250=DIRECTION('',(0.E0,-1.E0,0.E0));
#251=AXIS2_PLACEMENT_3D('',#248,#249,#250);
#253=CARTESIAN_POINT('',(3.289E1,-4.000584080203E1,2.5E1));
#254=DIRECTION('',(0.E0,0.E0,-1.E0));
#255=DIRECTION('',(9.466904629729E-1,3.221446372612E-1,0.E0));
#256=AXIS2_PLACEMENT_3D('',#253,#254,#255);
#258=CARTESIAN_POINT('',(5.222640954548E1,-3.822206802930E1,2.5E1));
#259=DIRECTION('',(0.E0,0.E0,1.E0));
#260=DIRECTION('',(9.967241239299E-1,-8.087657742594E-2,0.E0));
#261=AXIS2_PLACEMENT_3D('',#258,#259,#260);
#263=CARTESIAN_POINT('',(-1.616686413708E2,-3.012071102589E1,2.5E1));
#264=DIRECTION('',(0.E0,0.E0,-1.E0));
#265=DIRECTION('',(9.996297860691E-1,-2.720828556516E-2,0.E0));
#266=AXIS2_PLACEMENT_3D('',#263,#264,#265);
#268=DIRECTION('',(-2.205400224923E-1,9.753779259749E-1,0.E0));
#269=VECTOR('',#268,7.523448990133E0);
#270=CARTESIAN_POINT('',(3.903858995388E1,-1.266184761179E2,2.5E1));
#271=LINE('',#270,#269);
#272=CARTESIAN_POINT('',(0.E0,0.E0,2.5E1));
#273=DIRECTION('',(0.E0,0.E0,-1.E0));
#274=DIRECTION('',(7.852571905595E-1,-6.191697220267E-1,0.E0));
#275=AXIS2_PLACEMENT_3D('',#272,#273,#274);
#277=CARTESIAN_POINT('',(-2.386E1,1.463E1,2.5E1));
#278=DIRECTION('',(0.E0,0.E0,-1.E0));
#279=DIRECTION('',(8.711599988673E-1,-4.909992427422E-1,0.E0));
#280=AXIS2_PLACEMENT_3D('',#277,#278,#279);
#282=DIRECTION('',(1.E0,0.E0,0.E0));
#283=VECTOR('',#282,7.551686168914E0);
#284=CARTESIAN_POINT('',(1.143027705605E2,-4.721381714765E1,2.5E1));
#285=LINE('',#284,#283);
#286=CARTESIAN_POINT('',(5.222640954548E1,-3.822206802930E1,2.5E1));
#287=DIRECTION('',(0.E0,0.E0,1.E0));
#288=DIRECTION('',(9.915615984928E-1,-1.296364007303E-1,0.E0));
#289=AXIS2_PLACEMENT_3D('',#286,#287,#288);
#291=CARTESIAN_POINT('',(8.217775979074E1,-4.213789660587E1,2.5E1));
#292=DIRECTION('',(0.E0,0.E0,1.E0));
#293=DIRECTION('',(8.772641607211E-1,-4.800079085956E-1,0.E0));
#294=AXIS2_PLACEMENT_3D('',#291,#292,#293);
#296=CARTESIAN_POINT('',(-3.946368873485E1,2.442E1,2.5E1));
#297=DIRECTION('',(0.E0,0.E0,1.E0));
#298=DIRECTION('',(8.001948450038E-1,-5.997401187426E-1,0.E0));
#299=AXIS2_PLACEMENT_3D('',#296,#297,#298);
#301=CARTESIAN_POINT('',(0.E0,0.E0,2.5E1));
#302=DIRECTION('',(0.E0,0.E0,1.E0));
#303=DIRECTION('',(2.946308675765E-1,-9.556111405123E-1,0.E0));
#304=AXIS2_PLACEMENT_3D('',#301,#302,#303);
#306=DIRECTION('',(0.E0,0.E0,1.E0));
#307=VECTOR('',#306,6.25E0);
#308=CARTESIAN_POINT('',(1.100926072554E2,-1.373494563338E1,0.E0));
#309=LINE('',#308,#307);
#310=CARTESIAN_POINT('',(3.289E1,-4.000584080203E1,6.25E0));
#311=DIRECTION('',(0.E0,0.E0,1.E0));
#312=DIRECTION('',(9.497891220264E-1,3.128907535870E-1,0.E0));
#313=AXIS2_PLACEMENT_3D('',#310,#311,#312);
#315=DIRECTION('',(0.E0,0.E0,1.E0));
#316=VECTOR('',#315,6.25E0);
#317=CARTESIAN_POINT('',(1.103453029013E2,-1.448959984701E1,0.E0));
#318=LINE('',#317,#316);
#319=DIRECTION('',(0.E0,0.E0,1.E0));
#320=VECTOR('',#319,6.25E0);
#321=CARTESIAN_POINT('',(1.100926072554E2,-1.373494563338E1,1.875E1));
#322=LINE('',#321,#320);
#323=DIRECTION('',(0.E0,0.E0,1.E0));
#324=VECTOR('',#323,6.25E0);
#325=CARTESIAN_POINT('',(1.103453029013E2,-1.448959984701E1,1.875E1));
#326=LINE('',#325,#324);
#327=CARTESIAN_POINT('',(3.289E1,-4.000584080203E1,1.875E1));
#328=DIRECTION('',(0.E0,0.E0,1.E0));
#329=DIRECTION('',(9.497891220264E-1,3.128907535870E-1,0.E0));
#330=AXIS2_PLACEMENT_3D('',#327,#328,#329);
#332=DIRECTION('',(0.E0,0.E0,1.E0));
#333=VECTOR('',#332,6.25E0);
#334=CARTESIAN_POINT('',(1.125055000407E2,-2.234869909462E1,0.E0));
#335=LINE('',#334,#333);
#336=CARTESIAN_POINT('',(3.289E1,-4.000584080203E1,6.25E0));
#337=DIRECTION('',(0.E0,0.E0,1.E0));
#338=DIRECTION('',(9.866871848565E-1,1.626296382578E-1,0.E0));
#339=AXIS2_PLACEMENT_3D('',#336,#337,#338);
#341=DIRECTION('',(0.E0,0.E0,1.E0));
#342=VECTOR('',#341,8.5E0);
#343=CARTESIAN_POINT('',(1.136567491710E2,-2.873043711324E1,8.25E0));
#344=LINE('',#343,#342);
#345=CARTESIAN_POINT('',(3.289E1,-4.000584080203E1,1.875E1));
#346=DIRECTION('',(0.E0,0.E0,1.E0));
#347=DIRECTION('',(9.866871848565E-1,1.626296382578E-1,0.E0));
#348=AXIS2_PLACEMENT_3D('',#345,#346,#347);
#350=DIRECTION('',(0.E0,0.E0,1.E0));
#351=VECTOR('',#350,6.25E0);
#352=CARTESIAN_POINT('',(1.125055000407E2,-2.234869909462E1,1.875E1));
#353=LINE('',#352,#351);
#354=CARTESIAN_POINT('',(3.289E1,-4.000584080203E1,2.5E1));
#355=DIRECTION('',(0.E0,0.E0,1.E0));
#356=DIRECTION('',(9.921090095646E-1,1.253782801798E-1,0.E0));
#357=AXIS2_PLACEMENT_3D('',#354,#355,#356);
#359=CARTESIAN_POINT('',(3.289E1,-4.000584080203E1,2.5E1));
#360=DIRECTION('',(0.E0,0.E0,1.E0));
#361=DIRECTION('',(9.998311112444E-1,-1.837794841344E-2,0.E0));
#362=AXIS2_PLACEMENT_3D('',#359,#360,#361);
#364=DIRECTION('',(0.E0,0.E0,1.E0));
#365=VECTOR('',#364,2.5E1);
#366=CARTESIAN_POINT('',(1.144262271220E2,-4.150456249514E1,0.E0));
#367=LINE('',#366,#365);
#368=CARTESIAN_POINT('',(3.289E1,-4.000584080203E1,0.E0));
#369=DIRECTION('',(0.E0,0.E0,1.E0));
#370=DIRECTION('',(9.998311112444E-1,-1.837794841344E-2,0.E0));
#371=AXIS2_PLACEMENT_3D('',#368,#369,#370);
#373=CARTESIAN_POINT('',(3.289E1,-4.000584080203E1,0.E0));
#374=DIRECTION('',(0.E0,0.E0,1.E0));
#375=DIRECTION('',(9.921090095645E-1,1.253782801798E-1,0.E0));
#376=AXIS2_PLACEMENT_3D('',#373,#374,#375);
#378=DIRECTION('',(9.688027044776E-1,2.478332499826E-1,0.E0));
#379=VECTOR('',#378,8.024839776854E0);
#380=CARTESIAN_POINT('',(1.133543399251E2,-2.674339380210E1,1.875E1));
#381=LINE('',#380,#379);
#382=DIRECTION('',(0.E0,0.E0,-1.E0));
#383=VECTOR('',#382,1.125E1);
#384=CARTESIAN_POINT('',(1.199010425962E2,-1.413247392181E1,3.E1));
#385=LINE('',#384,#383);
#386=DIRECTION('',(5.115907697473E-14,-4.476419235289E-14,-1.E0));
#387=VECTOR('',#386,5.E0);
#388=CARTESIAN_POINT('',(1.091968475584E2,-1.746561474469E1,3.E1));
#389=LINE('',#388,#387);
#390=DIRECTION('',(-5.749728275074E-5,-7.661373649720E-5,9.999999954122E-1));
#391=VECTOR('',#390,6.250000028674E0);
#392=CARTESIAN_POINT('',(1.092857780174E2,-1.752896257512E1,1.875E1));
#393=LINE('',#392,#391);
#394=CARTESIAN_POINT('',(1.133024697484E2,-1.179605863925E1,1.875E1));
#395=DIRECTION('',(0.E0,0.E0,1.E0));
#396=DIRECTION('',(9.426532639681E-1,-3.337736117944E-1,0.E0));
#397=AXIS2_PLACEMENT_3D('',#394,#395,#396);
#399=DIRECTION('',(0.E0,0.E0,-1.E0));
#400=VECTOR('',#399,1.125E1);
#401=CARTESIAN_POINT('',(1.199010425962E2,-1.413247392181E1,6.25E0));
#402=LINE('',#401,#400);
#403=CARTESIAN_POINT('',(1.133024697484E2,-1.179605863925E1,6.25E0));
#404=DIRECTION('',(0.E0,0.E0,1.E0));
#405=DIRECTION('',(9.426532639681E-1,-3.337736117944E-1,0.E0));
#406=AXIS2_PLACEMENT_3D('',#403,#404,#405);
#408=DIRECTION('',(5.749728397856E-5,7.661373538875E-5,9.999999954122E-1));
#409=VECTOR('',#408,6.250000028674E0);
#410=CARTESIAN_POINT('',(1.092854186594E2,-1.752944141098E1,0.E0));
#411=LINE('',#410,#409);
#412=DIRECTION('',(-5.115907697473E-14,4.547473508865E-14,-1.E0));
#413=VECTOR('',#412,5.E0);
#414=CARTESIAN_POINT('',(1.091968475584E2,-1.746561474469E1,0.E0));
#415=LINE('',#414,#413);
#416=CARTESIAN_POINT('',(1.274422687080E2,-1.680266281617E1,3.E1));
#417=DIRECTION('',(0.E0,0.E0,-1.E0));
#418=DIRECTION('',(-9.617628544093E-1,-2.738835735828E-1,0.E0));
#419=AXIS2_PLACEMENT_3D('',#416,#417,#418);
#421=CARTESIAN_POINT('',(1.274422687080E2,-1.680266281617E1,1.875E1));
#422=DIRECTION('',(0.E0,0.E0,1.E0));
#423=DIRECTION('',(-9.426532639681E-1,3.337736117944E-1,0.E0));
#424=AXIS2_PLACEMENT_3D('',#421,#422,#423);
#426=CARTESIAN_POINT('',(1.133024697484E2,-1.179605863925E1,3.E1));
#427=DIRECTION('',(0.E0,0.E0,1.E0));
#428=DIRECTION('',(0.E0,1.E0,0.E0));
#429=AXIS2_PLACEMENT_3D('',#426,#427,#428);
#431=CARTESIAN_POINT('',(1.133024697484E2,-1.179605863925E1,3.E1));
#432=DIRECTION('',(0.E0,0.E0,1.E0));
#433=DIRECTION('',(0.E0,-1.E0,0.E0));
#434=AXIS2_PLACEMENT_3D('',#431,#432,#433);
#436=DIRECTION('',(1.E0,0.E0,0.E0));
#437=VECTOR('',#436,8.215215908005E0);
#438=CARTESIAN_POINT('',(1.141679449996E2,-3.558640014968E1,3.E1));
#439=LINE('',#438,#437);
#440=CARTESIAN_POINT('',(-5.244178204277E1,-4.333281123200E1,3.E1));
#441=DIRECTION('',(0.E0,0.E0,1.E0));
#442=DIRECTION('',(9.989208869198E-1,4.644417805712E-2,0.E0));
#443=AXIS2_PLACEMENT_3D('',#440,#441,#442);
#445=CARTESIAN_POINT('',(-5.680106567976E2,-1.591792327235E2,3.E1));
#446=DIRECTION('',(0.E0,0.E0,1.E0));
#447=DIRECTION('',(9.824628434342E-1,1.864584706342E-1,0.E0));
#448=AXIS2_PLACEMENT_3D('',#445,#446,#447);
#450=CARTESIAN_POINT('',(1.133024697484E2,-1.179605863925E1,3.E1));
#451=DIRECTION('',(0.E0,0.E0,-1.E0));
#452=DIRECTION('',(-5.865174557187E-1,-8.099365864913E-1,0.E0));
#453=AXIS2_PLACEMENT_3D('',#450,#451,#452);
#455=CARTESIAN_POINT('',(5.222640954548E1,-3.822206802930E1,3.E1));
#456=DIRECTION('',(0.E0,0.E0,-1.E0));
#457=DIRECTION('',(9.617628544093E-1,2.738835735828E-1,0.E0));
#458=AXIS2_PLACEMENT_3D('',#455,#456,#457);
#460=CARTESIAN_POINT('',(1.224316845073E2,-3.785345659167E1,2.967205677044E1));
#461=CARTESIAN_POINT('',(1.224200576161E2,-3.828062745151E1,2.954582980437E1));
#462=CARTESIAN_POINT('',(1.223958170744E2,-3.910138475784E1,2.922741611104E1));
#463=CARTESIAN_POINT('',(1.223568425648E2,-4.025528346800E1,2.854161573880E1));
#464=CARTESIAN_POINT('',(1.223315276209E2,-4.092784597260E1,2.797226267606E1));
#465=CARTESIAN_POINT('',(1.223191744716E2,-4.124325439917E1,2.765685424949E1));
#467=DIRECTION('',(0.E0,1.733751875388E-13,1.E0));
#468=VECTOR('',#467,4.672056770439E0);
#469=CARTESIAN_POINT('',(1.224316845073E2,-3.785345659167E1,2.5E1));
#470=LINE('',#469,#468);
#471=CARTESIAN_POINT('',(1.223067143577E2,-4.155696289815E1,2.734314575051E1));
#472=CARTESIAN_POINT('',(1.222930261217E2,-4.189685762389E1,2.700325102477E1));
#473=CARTESIAN_POINT('',(1.222623611374E2,-4.262803462121E1,2.639359672148E1));
#474=CARTESIAN_POINT('',(1.222240897712E2,-4.345873895278E1,2.591942510436E1));
#475=CARTESIAN_POINT('',(1.222026652440E2,-4.390010864866E1,2.571856223100E1));
#477=CARTESIAN_POINT('',(1.223191744716E2,-4.124325439917E1,2.765685424949E1));
#478=CARTESIAN_POINT('',(1.223150789031E2,-4.134782504676E1,2.755228360190E1));
#479=CARTESIAN_POINT('',(1.223109255330E2,-4.145239454644E1,2.744771410222E1));
#480=CARTESIAN_POINT('',(1.223067143577E2,-4.155696289815E1,2.734314575051E1));
#482=CARTESIAN_POINT('',(1.143027705605E2,-4.721381714765E1,2.5E1));
#483=CARTESIAN_POINT('',(1.143149287624E2,-4.669144898239E1,2.5E1));
#484=CARTESIAN_POINT('',(1.143342954396E2,-4.564571808115E1,2.510260222132E1));
#485=CARTESIAN_POINT('',(1.143481473364E2,-4.413324796889E1,2.556083976865E1));
#486=CARTESIAN_POINT('',(1.143485955576E2,-4.273918849869E1,2.630624718895E1));
#487=CARTESIAN_POINT('',(1.143424119838E2,-4.192663667235E1,2.697347197631E1));
#488=CARTESIAN_POINT('',(1.143384757592E2,-4.155696289815E1,2.734314575051E1));
#490=CARTESIAN_POINT('',(1.222026652440E2,-4.390010864866E1,2.571856223100E1));
#491=CARTESIAN_POINT('',(1.221606922026E2,-4.441738502501E1,2.548315499702E1));
#492=CARTESIAN_POINT('',(1.220608705089E2,-4.550334432720E1,2.512254002226E1));
#493=CARTESIAN_POINT('',(1.219281445814E2,-4.664321167734E1,2.5E1));
#494=CARTESIAN_POINT('',(1.218544567294E2,-4.721381714765E1,2.5E1));
#496=CARTESIAN_POINT('',(1.143348403658E2,-4.124325439917E1,2.765685424949E1));
#497=CARTESIAN_POINT('',(1.143301413768E2,-4.086820764062E1,2.803190100805E1));
#498=CARTESIAN_POINT('',(1.143175615788E2,-4.006142370578E1,2.869307658225E1));
#499=CARTESIAN_POINT('',(1.142846181723E2,-3.865990390110E1,2.944264930578E1));
#500=CARTESIAN_POINT('',(1.142357165849E2,-3.715181297609E1,2.989675780088E1));
#501=CARTESIAN_POINT('',(1.141925476130E2,-3.611555289710E1,3.E1));
#502=CARTESIAN_POINT('',(1.141679449996E2,-3.558640014968E1,3.E1));
#504=CARTESIAN_POINT('',(1.143384757592E2,-4.155696289815E1,2.734314575051E1));
#505=CARTESIAN_POINT('',(1.143373623145E2,-4.145239282861E1,2.744771582005E1));
#506=CARTESIAN_POINT('',(1.143361505178E2,-4.134782332894E1,2.755228531972E1));
#507=CARTESIAN_POINT('',(1.143348403658E2,-4.124325439917E1,2.765685424949E1));
#509=CARTESIAN_POINT('',(-5.244178204277E1,-4.333281123200E1,2.5E1));
#510=DIRECTION('',(0.E0,0.E0,1.E0));
#511=DIRECTION('',(9.997292434983E-1,-2.326885674814E-2,0.E0));
#512=AXIS2_PLACEMENT_3D('',#509,#510,#511);
#514=DIRECTION('',(1.E0,1.334881643884E-14,1.379377698680E-14));
#515=VECTOR('',#514,7.984334105751E0);
#516=CARTESIAN_POINT('',(1.143348403658E2,-4.124325439917E1,2.765685424949E1));
#517=LINE('',#516,#515);
#518=DIRECTION('',(1.E0,0.E0,0.E0));
#519=VECTOR('',#518,7.968238598559E0);
#520=CARTESIAN_POINT('',(1.143384757592E2,-4.155696289815E1,2.734314575051E1));
#521=LINE('',#520,#519);
#522=CARTESIAN_POINT('',(7.443298267220E1,-4.076944455861E1,2.5E1));
#523=DIRECTION('',(0.E0,0.E0,1.E0));
#524=DIRECTION('',(9.978735382473E-1,-6.517976423563E-2,0.E0));
#525=AXIS2_PLACEMENT_3D('',#522,#523,#524);
#527=CARTESIAN_POINT('',(-5.244178204277E1,-4.333281123200E1,2.5E1));
#528=DIRECTION('',(0.E0,0.E0,1.E0));
#529=DIRECTION('',(9.999999654814E-1,-2.627493956431E-4,0.E0));
#530=AXIS2_PLACEMENT_3D('',#527,#528,#529);
#532=CARTESIAN_POINT('',(-5.680106567976E2,-1.591792327235E2,2.5E1));
#533=DIRECTION('',(0.E0,0.E0,1.E0));
#534=DIRECTION('',(9.824628434235E-1,1.864584706903E-1,0.E0));
#535=AXIS2_PLACEMENT_3D('',#532,#533,#534);
#537=CARTESIAN_POINT('',(1.046952731820E2,-2.408085278756E1,2.5E1));
#538=DIRECTION('',(0.E0,0.E0,1.E0));
#539=DIRECTION('',(9.762783573349E-1,2.165192116176E-1,0.E0));
#540=AXIS2_PLACEMENT_3D('',#537,#538,#539);
#542=CARTESIAN_POINT('',(7.443298267220E1,-4.076944455861E1,0.E0));
#543=DIRECTION('',(0.E0,0.E0,1.E0));
#544=DIRECTION('',(8.711599988673E-1,-4.909992427422E-1,0.E0));
#545=AXIS2_PLACEMENT_3D('',#542,#543,#544);
#547=CARTESIAN_POINT('',(7.443298267220E1,-4.076944455861E1,2.5E1));
#548=DIRECTION('',(0.E0,0.E0,-1.E0));
#549=DIRECTION('',(9.978735382473E-1,-6.517976423562E-2,0.E0));
#550=AXIS2_PLACEMENT_3D('',#547,#548,#549);
#552=DIRECTION('',(0.E0,0.E0,1.E0));
#553=VECTOR('',#552,2.5E1);
#554=CARTESIAN_POINT('',(1.092793826269E2,-6.040941426830E1,0.E0));
#555=LINE('',#554,#553);
#556=DIRECTION('',(0.E0,0.E0,1.E0));
#557=VECTOR('',#556,1.675070095276E1);
#558=CARTESIAN_POINT('',(4.748126453562E1,-1.156310058682E2,4.324649523621E0));
#559=LINE('',#558,#557);
#560=CARTESIAN_POINT('',(4.748126453562E1,-1.156310058682E2,4.324649523621E0));
#561=CARTESIAN_POINT('',(4.580863874323E1,-1.163178319243E2,4.128263632909E0));
#562=CARTESIAN_POINT('',(4.230687913268E1,-1.176710464556E2,3.816687054718E0));
#563=CARTESIAN_POINT('',(3.657770798900E1,-1.195827329555E2,3.536563216839E0));
#564=CARTESIAN_POINT('',(3.244650354296E1,-1.207357004854E2,3.450224666661E0));
#565=CARTESIAN_POINT('',(3.030223397034E1,-1.212714913589E2,3.430113905568E0));
#567=DIRECTION('',(0.E0,0.E0,1.E0));
#568=VECTOR('',#567,2.5E1);
#569=CARTESIAN_POINT('',(9.815714881994E1,-7.739621525334E1,0.E0));
#570=LINE('',#569,#568);
#571=CARTESIAN_POINT('',(3.030223397034E1,-1.212714913589E2,2.785163928133E1));
#572=CARTESIAN_POINT('',(3.032568654719E1,-1.212656312391E2,2.783809377910E1));
#573=CARTESIAN_POINT('',(3.037271133278E1,-1.212538666510E2,2.781126184128E1));
#574=CARTESIAN_POINT('',(3.041997481901E1,-1.212420130511E2,2.778494724396E1));
#575=CARTESIAN_POINT('',(3.044366612517E1,-1.212360639119E2,2.777191911888E1));
#577=CARTESIAN_POINT('',(3.030223397034E1,-1.212714913589E2,2.196988609443E1));
#578=CARTESIAN_POINT('',(3.244650354296E1,-1.207357004854E2,2.194977533334E1));
#579=CARTESIAN_POINT('',(3.657770798900E1,-1.195827329555E2,2.186343678316E1));
#580=CARTESIAN_POINT('',(4.230687913268E1,-1.176710464556E2,2.158331294528E1));
#581=CARTESIAN_POINT('',(4.580863874323E1,-1.163178319243E2,2.127173636709E1));
#582=CARTESIAN_POINT('',(4.748126453562E1,-1.156310058682E2,2.107535047638E1));
#584=CARTESIAN_POINT('',(4.748126453562E1,-1.156310058682E2,2.107535047638E1));
#585=CARTESIAN_POINT('',(4.650580955134E1,-1.153031295862E2,2.072637753986E1));
#586=CARTESIAN_POINT('',(4.493672127693E1,-1.147757174167E2,2.002843166683E1));
#587=CARTESIAN_POINT('',(4.260473188738E1,-1.139918739559E2,1.863253992077E1));
#588=CARTESIAN_POINT('',(4.071430645878E1,-1.133564518493E2,1.688767523819E1));
#589=CARTESIAN_POINT('',(3.947246774406E1,-1.129390369330E2,1.479383761909E1));
#590=CARTESIAN_POINT('',(3.907799517599E1,-1.128064442444E2,1.27E1));
#591=CARTESIAN_POINT('',(3.947246774406E1,-1.129390369330E2,1.060616238091E1));
#592=CARTESIAN_POINT('',(4.071430645878E1,-1.133564518493E2,8.512324761810E0));
#593=CARTESIAN_POINT('',(4.260473188738E1,-1.139918739559E2,6.767460079231E0));
#594=CARTESIAN_POINT('',(4.493672127693E1,-1.147757174167E2,5.371568333168E0));
#595=CARTESIAN_POINT('',(4.650580955134E1,-1.153031295862E2,4.673622460137E0));
#596=CARTESIAN_POINT('',(4.748126453562E1,-1.156310058682E2,4.324649523621E0));
#598=DIRECTION('',(0.E0,0.E0,-1.E0));
#599=VECTOR('',#598,4.859886094432E0);
#600=CARTESIAN_POINT('',(2.835147811839E1,-1.217125714039E2,2.196988609443E1));
#601=LINE('',#600,#599);
#602=DIRECTION('',(-9.753779259749E-1,-2.205400224923E-1,0.E0));
#603=VECTOR('',#602,1.999999999999E0);
#604=CARTESIAN_POINT('',(3.030223397034E1,-1.212714913589E2,2.196988609443E1));
#605=LINE('',#604,#603);
#606=DIRECTION('',(0.E0,0.E0,1.E0));
#607=VECTOR('',#606,5.881753186896E0);
#608=CARTESIAN_POINT('',(3.030223397034E1,-1.212714913589E2,2.196988609443E1));
#609=LINE('',#608,#607);
#610=CARTESIAN_POINT('',(2.254985682850E1,-1.230243600508E2,2.409E1));
#611=DIRECTION('',(-2.205400224923E-1,9.753779259749E-1,0.E0));
#612=DIRECTION('',(3.644640145239E-12,8.242295734817E-13,1.E0));
#613=AXIS2_PLACEMENT_3D('',#610,#611,#612);
#615=DIRECTION('',(-9.753779259749E-1,-2.205400224923E-1,0.E0));
#616=VECTOR('',#615,1.155192476130E1);
#617=CARTESIAN_POINT('',(2.254985682853E1,-1.230243600508E2,3.209E1));
#618=LINE('',#617,#616);
#619=CARTESIAN_POINT('',(1.128236441383E1,-1.255720217975E2,2.859E1));
#620=DIRECTION('',(-2.205400224922E-1,9.753779259749E-1,0.E0));
#621=DIRECTION('',(-9.753779259749E-1,-2.205400224923E-1,0.E0));
#622=AXIS2_PLACEMENT_3D('',#619,#620,#621);
#624=DIRECTION('',(0.E0,0.E0,-1.E0));
#625=VECTOR('',#624,6.620113905568E0);
#626=CARTESIAN_POINT('',(7.868541672919E0,-1.263439118762E2,2.859E1));
#627=LINE('',#626,#625);
#628=DIRECTION('',(0.E0,0.E0,-1.E0));
#629=VECTOR('',#628,2.859886094432E0);
#630=CARTESIAN_POINT('',(1.567156508072E1,-1.245795916963E2,2.196988609443E1));
#631=LINE('',#630,#629);
#632=DIRECTION('',(-9.753779259749E-1,-2.205400224923E-1,0.E0));
#633=VECTOR('',#632,1.999999999999E0);
#634=CARTESIAN_POINT('',(3.030223397034E1,-1.212714913589E2,3.430113905568E0));
#635=LINE('',#634,#633);
#636=DIRECTION('',(0.E0,0.E0,-1.E0));
#637=VECTOR('',#636,4.459886094432E0);
#638=CARTESIAN_POINT('',(2.835147811839E1,-1.217125714039E2,7.89E0));
#639=LINE('',#638,#637);
#640=DIRECTION('',(-9.753779259749E-1,-2.205400224922E-1,0.E0));
#641=VECTOR('',#640,1.1E1);
#642=CARTESIAN_POINT('',(2.640072226644E1,-1.221536514488E2,5.89E0));
#643=LINE('',#642,#641);
#644=DIRECTION('',(0.E0,0.E0,-1.E0));
#645=VECTOR('',#644,2.459886094432E0);
#646=CARTESIAN_POINT('',(1.567156508072E1,-1.245795916963E2,5.89E0));
#647=LINE('',#646,#645);
#648=DIRECTION('',(-9.753779259749E-1,-2.205400224922E-1,0.E0));
#649=VECTOR('',#648,8.E0);
#650=CARTESIAN_POINT('',(1.567156508072E1,-1.245795916963E2,3.430113905568E0));
#651=LINE('',#650,#649);
#652=CARTESIAN_POINT('',(1.128236441383E1,-1.255720217975E2,-3.59E0));
#653=DIRECTION('',(-2.205400224922E-1,9.753779259749E-1,0.E0));
#654=DIRECTION('',(0.E0,0.E0,-1.E0));
#655=AXIS2_PLACEMENT_3D('',#652,#653,#654);
#657=DIRECTION('',(9.753779259749E-1,2.205400224923E-1,0.E0));
#658=VECTOR('',#657,1.155192476130E1);
#659=CARTESIAN_POINT('',(1.128236441383E1,-1.255720217975E2,-7.09E0));
#660=LINE('',#659,#658);
#661=CARTESIAN_POINT('',(2.254985682852E1,-1.230243600508E2,9.1E-1));
#662=DIRECTION('',(-2.205400224922E-1,9.753779259749E-1,0.E0));
#663=DIRECTION('',(6.797946000517E-1,1.537064889342E-1,-7.171147864882E-1));
#664=AXIS2_PLACEMENT_3D('',#661,#662,#663);
#666=DIRECTION('',(0.E0,0.E0,1.E0));
#667=VECTOR('',#666,6.354327707117E0);
#668=CARTESIAN_POINT('',(3.030223397034E1,-1.212714913589E2,-2.924213801549E0));
#669=LINE('',#668,#667);
#670=CARTESIAN_POINT('',(2.917870054182E1,-1.253711113939E2,1.27E1));
#671=DIRECTION('',(-9.753779259749E-1,-2.205400224922E-1,0.E0));
#672=DIRECTION('',(0.E0,0.E0,-1.E0));
#673=AXIS2_PLACEMENT_3D('',#670,#671,#672);
#675=DIRECTION('',(-2.205400224922E-1,9.753779259749E-1,0.E0));
#676=VECTOR('',#675,2.855406106016E0);
#677=CARTESIAN_POINT('',(3.000592296525E1,-1.290296513839E2,1.711E1));
#678=LINE('',#677,#676);
#679=CARTESIAN_POINT('',(2.917870054182E1,-1.253711113939E2,1.27E1));
#680=DIRECTION('',(-9.753779259749E-1,-2.205400224922E-1,0.E0));
#681=DIRECTION('',(8.272224234284E-2,-3.658539990001E-1,-9.269886094432E-1));
#682=AXIS2_PLACEMENT_3D('',#679,#680,#681);
#684=DIRECTION('',(2.205400224922E-1,-9.753779259749E-1,0.E0));
#685=VECTOR('',#684,7.501789598825E0);
#686=CARTESIAN_POINT('',(2.835147811839E1,-1.217125714039E2,7.89E0));
#687=LINE('',#686,#685);
#688=CARTESIAN_POINT('',(2.917870054182E1,-1.253711113939E2,1.27E1));
#689=DIRECTION('',(-9.753779259749E-1,-2.205400224922E-1,0.E0));
#690=DIRECTION('',(-8.272224234284E-2,3.658539990001E-1,9.269886094432E-1));
#691=AXIS2_PLACEMENT_3D('',#688,#689,#690);
#693=DIRECTION('',(-2.205400224923E-1,9.753779259749E-1,0.E0));
#694=VECTOR('',#693,2.855406106016E0);
#695=CARTESIAN_POINT('',(2.898120944524E1,-1.244976714894E2,1.711E1));
#696=LINE('',#695,#694);
#697=CARTESIAN_POINT('',(2.917870054182E1,-1.253711113939E2,1.27E1));
#698=DIRECTION('',(-9.753779259749E-1,-2.205400224922E-1,0.E0));
#699=DIRECTION('',(-4.388691035180E-2,1.940977565552E-1,9.8E-1));
#700=AXIS2_PLACEMENT_3D('',#697,#698,#699);
#702=DIRECTION('',(9.753779259749E-1,2.205400224922E-1,0.E0));
#703=VECTOR('',#702,1.E1);
#704=CARTESIAN_POINT('',(2.917870054182E1,-1.253711113939E2,8.2E0));
#705=LINE('',#704,#703);
#706=DIRECTION('',(9.753779259749E-1,2.205400224922E-1,0.E0));
#707=VECTOR('',#706,1.E1);
#708=CARTESIAN_POINT('',(2.917870054182E1,-1.253711113939E2,1.72E1));
#709=LINE('',#708,#707);
#710=CARTESIAN_POINT('',(2.917870054182E1,-1.253711113939E2,1.27E1));
#711=DIRECTION('',(-9.753779259749E-1,-2.205400224922E-1,0.E0));
#712=DIRECTION('',(4.388691035181E-2,-1.940977565553E-1,9.8E-1));
#713=AXIS2_PLACEMENT_3D('',#710,#711,#712);
#715=CARTESIAN_POINT('',(2.917870054182E1,-1.253711113939E2,1.27E1));
#716=DIRECTION('',(-9.753779259749E-1,-2.205400224922E-1,0.E0));
#717=DIRECTION('',(0.E0,0.E0,1.E0));
#718=AXIS2_PLACEMENT_3D('',#715,#716,#717);
#720=DIRECTION('',(-2.205400224923E-1,9.753779259749E-1,0.E0));
#721=VECTOR('',#720,1.790977386792E0);
#722=CARTESIAN_POINT('',(2.937619163840E1,-1.262445512984E2,1.711E1));
#723=LINE('',#722,#721);
#724=DIRECTION('',(-6.896963456765E-1,-1.559453454273E-1,7.071067811865E-1));
#725=VECTOR('',#724,2.828427124746E0);
#726=CARTESIAN_POINT('',(2.835147811839E1,-1.217125714039E2,1.711E1));
#727=LINE('',#726,#725);
#728=DIRECTION('',(6.896963456765E-1,1.559453454273E-1,-7.071067811866E-1));
#729=VECTOR('',#728,2.828427124746E0);
#730=CARTESIAN_POINT('',(2.805516711330E1,-1.294707314288E2,1.911E1));
#731=LINE('',#730,#729);
#732=DIRECTION('',(-2.205400224922E-1,9.753779259749E-1,0.E0));
#733=VECTOR('',#732,7.501789598825E0);
#734=CARTESIAN_POINT('',(2.805516711330E1,-1.294707314288E2,1.911E1));
#735=LINE('',#734,#733);
#736=DIRECTION('',(-9.753779259749E-1,-2.205400224922E-1,0.E0));
#737=VECTOR('',#736,1.1E1);
#738=CARTESIAN_POINT('',(2.640072226644E1,-1.221536514488E2,1.911E1));
#739=LINE('',#738,#737);
#740=DIRECTION('',(2.205400224922E-1,-9.753779259749E-1,0.E0));
#741=VECTOR('',#740,7.501789598825E0);
#742=CARTESIAN_POINT('',(1.567156508072E1,-1.245795916963E2,1.911E1));
#743=LINE('',#742,#741);
#744=DIRECTION('',(0.E0,0.E0,1.E0));
#745=VECTOR('',#744,3.5E0);
#746=CARTESIAN_POINT('',(1.512134282458E1,-1.221461347801E2,1.095E1));
#747=LINE('',#746,#745);
#748=DIRECTION('',(2.205400224923E-1,-9.753779259749E-1,0.E0));
#749=VECTOR('',#748,2.1E0);
#750=CARTESIAN_POINT('',(1.512134282458E1,-1.221461347801E2,1.445E1));
#751=LINE('',#750,#749);
#752=CARTESIAN_POINT('',(1.649878750415E1,-1.282381316863E2,1.27E1));
#753=DIRECTION('',(9.753779259749E-1,2.205400224922E-1,0.E0));
#754=DIRECTION('',(-2.031801405176E-1,8.986007247927E-1,3.888888888889E-1));
#755=AXIS2_PLACEMENT_3D('',#752,#753,#754);
#757=DIRECTION('',(2.205400224922E-1,-9.753779259749E-1,0.E0));
#758=VECTOR('',#757,2.1E0);
#759=CARTESIAN_POINT('',(1.741309813648E1,-1.322818349478E2,1.445E1));
#760=LINE('',#759,#758);
#761=DIRECTION('',(0.E0,0.E0,-1.E0));
#762=VECTOR('',#761,3.5E0);
#763=CARTESIAN_POINT('',(1.787623218371E1,-1.343301285924E2,1.445E1));
#764=LINE('',#763,#762);
#765=DIRECTION('',(-2.205400224922E-1,9.753779259749E-1,0.E0));
#766=VECTOR('',#765,2.1E0);
#767=CARTESIAN_POINT('',(1.787623218371E1,-1.343301285924E2,1.095E1));
#768=LINE('',#767,#766);
#769=CARTESIAN_POINT('',(1.649878750415E1,-1.282381316863E2,1.27E1));
#770=DIRECTION('',(9.753779259749E-1,2.205400224922E-1,0.E0));
#771=DIRECTION('',(2.031801405176E-1,-8.986007247927E-1,-3.888888888889E-1));
#772=AXIS2_PLACEMENT_3D('',#769,#770,#771);
#774=DIRECTION('',(-2.205400224923E-1,9.753779259749E-1,0.E0));
#775=VECTOR('',#774,2.1E0);
#776=CARTESIAN_POINT('',(1.558447687182E1,-1.241944284247E2,1.095E1));
#777=LINE('',#776,#775);
#778=CARTESIAN_POINT('',(1.649878750415E1,-1.282381316863E2,1.27E1));
#779=DIRECTION('',(-9.753779259749E-1,-2.205400224922E-1,0.E0));
#780=DIRECTION('',(8.272224234284E-2,-3.658539990001E-1,-9.269886094432E-1));
#781=AXIS2_PLACEMENT_3D('',#778,#779,#780);
#783=CARTESIAN_POINT('',(1.649878750415E1,-1.282381316863E2,1.27E1));
#784=DIRECTION('',(-9.753779259749E-1,-2.205400224922E-1,0.E0));
#785=DIRECTION('',(-8.272224234284E-2,3.658539990001E-1,9.269886094432E-1));
#786=AXIS2_PLACEMENT_3D('',#783,#784,#785);
#788=DIRECTION('',(-9.753779259749E-1,-2.205400224922E-1,0.E0));
#789=VECTOR('',#788,8.E0);
#790=CARTESIAN_POINT('',(1.512134282458E1,-1.221461347801E2,1.095E1));
#791=LINE('',#790,#789);
#792=DIRECTION('',(-9.753779259749E-1,-2.205400224922E-1,0.E0));
#793=VECTOR('',#792,8.E0);
#794=CARTESIAN_POINT('',(1.558447687182E1,-1.241944284247E2,1.095E1));
#795=LINE('',#794,#793);
#796=DIRECTION('',(-9.753779259749E-1,-2.205400224923E-1,0.E0));
#797=VECTOR('',#796,8.E0);
#798=CARTESIAN_POINT('',(1.741309813648E1,-1.322818349478E2,1.095E1));
#799=LINE('',#798,#797);
#800=DIRECTION('',(-9.753779259749E-1,-2.205400224922E-1,0.E0));
#801=VECTOR('',#800,8.E0);
#802=CARTESIAN_POINT('',(1.787623218371E1,-1.343301285924E2,1.095E1));
#803=LINE('',#802,#801);
#804=DIRECTION('',(-9.753779259749E-1,-2.205400224922E-1,0.E0));
#805=VECTOR('',#804,8.E0);
#806=CARTESIAN_POINT('',(1.787623218371E1,-1.343301285924E2,1.445E1));
#807=LINE('',#806,#805);
#808=DIRECTION('',(-9.753779259749E-1,-2.205400224923E-1,0.E0));
#809=VECTOR('',#808,8.E0);
#810=CARTESIAN_POINT('',(1.741309813648E1,-1.322818349478E2,1.445E1));
#811=LINE('',#810,#809);
#812=DIRECTION('',(-9.753779259749E-1,-2.205400224922E-1,0.E0));
#813=VECTOR('',#812,8.E0);
#814=CARTESIAN_POINT('',(1.558447687182E1,-1.241944284247E2,1.445E1));
#815=LINE('',#814,#813);
#816=DIRECTION('',(-9.753779259749E-1,-2.205400224922E-1,0.E0));
#817=VECTOR('',#816,8.E0);
#818=CARTESIAN_POINT('',(1.512134282458E1,-1.221461347801E2,1.445E1));
#819=LINE('',#818,#817);
#820=DIRECTION('',(0.E0,0.E0,1.E0));
#821=VECTOR('',#820,3.5E0);
#822=CARTESIAN_POINT('',(7.318319416785E0,-1.239104549601E2,1.095E1));
#823=LINE('',#822,#821);
#824=DIRECTION('',(-2.205400224923E-1,9.753779259749E-1,0.E0));
#825=VECTOR('',#824,2.1E0);
#826=CARTESIAN_POINT('',(7.781453464019E0,-1.259587486046E2,1.095E1));
#827=LINE('',#826,#825);
#828=CARTESIAN_POINT('',(8.695764096348E0,-1.300024518662E2,1.27E1));
#829=DIRECTION('',(9.753779259749E-1,2.205400224922E-1,0.E0));
#830=DIRECTION('',(2.031801405176E-1,-8.986007247927E-1,-3.888888888889E-1));
#831=AXIS2_PLACEMENT_3D('',#828,#829,#830);
#833=DIRECTION('',(-2.205400224922E-1,9.753779259749E-1,0.E0));
#834=VECTOR('',#833,2.1E0);
#835=CARTESIAN_POINT('',(1.007320877591E1,-1.360944487723E2,1.095E1));
#836=LINE('',#835,#834);
#837=DIRECTION('',(0.E0,0.E0,-1.E0));
#838=VECTOR('',#837,3.5E0);
#839=CARTESIAN_POINT('',(1.007320877591E1,-1.360944487723E2,1.445E1));
#840=LINE('',#839,#838);
#841=DIRECTION('',(2.205400224922E-1,-9.753779259749E-1,0.E0));
#842=VECTOR('',#841,2.1E0);
#843=CARTESIAN_POINT('',(9.610074728677E0,-1.340461551278E2,1.445E1));
#844=LINE('',#843,#842);
#845=CARTESIAN_POINT('',(8.695764096348E0,-1.300024518662E2,1.27E1));
#846=DIRECTION('',(9.753779259749E-1,2.205400224922E-1,0.E0));
#847=DIRECTION('',(-2.031801405176E-1,8.986007247927E-1,3.888888888889E-1));
#848=AXIS2_PLACEMENT_3D('',#845,#846,#847);
#850=DIRECTION('',(2.205400224923E-1,-9.753779259749E-1,0.E0));
#851=VECTOR('',#850,2.1E0);
#852=CARTESIAN_POINT('',(7.318319416785E0,-1.239104549601E2,1.445E1));
#853=LINE('',#852,#851);
#854=DIRECTION('',(-2.205400224922E-1,9.753779259749E-1,0.E0));
#855=VECTOR('',#854,7.501789598825E0);
#856=CARTESIAN_POINT('',(9.522986519776E0,-1.336609918562E2,2.859E1));
#857=LINE('',#856,#855);
#858=CARTESIAN_POINT('',(8.695764096348E0,-1.300024518662E2,1.27E1));
#859=DIRECTION('',(-9.753779259749E-1,-2.205400224922E-1,0.E0));
#860=DIRECTION('',(8.272224234284E-2,-3.658539990001E-1,-9.269886094432E-1));
#861=AXIS2_PLACEMENT_3D('',#858,#859,#860);
#863=DIRECTION('',(0.E0,0.E0,1.E0));
#864=VECTOR('',#863,7.020113905568E0);
#865=CARTESIAN_POINT('',(9.522986519776E0,-1.336609918562E2,-3.59E0));
#866=LINE('',#865,#864);
#867=DIRECTION('',(2.205400224922E-1,-9.753779259749E-1,0.E0));
#868=VECTOR('',#867,7.501789598825E0);
#869=CARTESIAN_POINT('',(7.868541672919E0,-1.263439118762E2,-3.59E0));
#870=LINE('',#869,#868);
#871=DIRECTION('',(0.E0,0.E0,-1.E0));
#872=VECTOR('',#871,7.020113905568E0);
#873=CARTESIAN_POINT('',(7.868541672919E0,-1.263439118762E2,3.430113905568E0));
#874=LINE('',#873,#872);
#875=CARTESIAN_POINT('',(8.695764096348E0,-1.300024518662E2,1.27E1));
#876=DIRECTION('',(-9.753779259749E-1,-2.205400224922E-1,0.E0));
#877=DIRECTION('',(-8.272224234284E-2,3.658539990001E-1,9.269886094432E-1));
#878=AXIS2_PLACEMENT_3D('',#875,#876,#877);
#880=DIRECTION('',(-2.205400224922E-1,9.753779259749E-1,0.E0));
#881=VECTOR('',#880,7.501789598825E0);
#882=CARTESIAN_POINT('',(1.293680926069E1,-1.328891017775E2,3.209E1));
#883=LINE('',#882,#881);
#884=DIRECTION('',(2.205400224923E-1,-9.753779259749E-1,0.E0));
#885=VECTOR('',#884,7.501789598825E0);
#886=CARTESIAN_POINT('',(2.254985682853E1,-1.230243600508E2,3.209E1));
#887=LINE('',#886,#885);
#888=DIRECTION('',(-9.753779259749E-1,-2.205400224922E-1,0.E0));
#889=VECTOR('',#888,1.155192476130E1);
#890=CARTESIAN_POINT('',(2.420430167539E1,-1.303414400308E2,3.209E1));
#891=LINE('',#890,#889);
#892=DIRECTION('',(2.205400224923E-1,-9.753779259749E-1,0.E0));
#893=VECTOR('',#892,7.501789598825E0);
#894=CARTESIAN_POINT('',(2.833359056985E1,-1.217166159083E2,2.946012376644E1));
#895=LINE('',#894,#893);
#896=CARTESIAN_POINT('',(3.577176915806E1,-1.277259517458E2,3.483024753289E1));
#897=DIRECTION('',(-2.205400224923E-1,9.753779259749E-1,0.E0));
#898=DIRECTION('',(-4.768862926081E-1,-1.078274491326E-1,-8.723260314447E-1));
#899=AXIS2_PLACEMENT_3D('',#896,#897,#898);
#901=CARTESIAN_POINT('',(3.411732431121E1,-1.204088717658E2,3.483024753289E1));
#902=DIRECTION('',(2.205400224923E-1,-9.753779259749E-1,0.E0));
#903=DIRECTION('',(-7.229667176692E-1,-1.634680178113E-1,-6.712654708053E-1));
#904=AXIS2_PLACEMENT_3D('',#901,#902,#903);
#906=DIRECTION('',(2.205400224924E-1,-9.753779259749E-1,-3.788561031868E-14));
#907=VECTOR('',#906,7.501980089888E0);
#908=CARTESIAN_POINT('',(3.044366612517E1,-1.212360639119E2,2.777191911888E1));
#909=LINE('',#908,#907);
#910=CARTESIAN_POINT('',(3.044366612517E1,-1.212360639119E2,2.777191911888E1));
#911=CARTESIAN_POINT('',(3.155352903103E1,-1.209573655225E2,2.716159258529E1));
#912=CARTESIAN_POINT('',(3.265948249061E1,-1.206634504209E2,2.655151001884E1));
#913=CARTESIAN_POINT('',(3.376152383649E1,-1.203543082247E2,2.594167158599E1));
#915=DIRECTION('',(-2.205400224924E-1,9.753779259749E-1,1.277400727368E-14));
#916=VECTOR('',#915,7.509254321883E0);
#917=CARTESIAN_POINT('',(3.541761495354E1,-1.276786691308E2,2.594167158599E1));
#918=LINE('',#917,#916);
#919=CARTESIAN_POINT('',(3.541761495354E1,-1.276786691308E2,2.594167158599E1));
#920=CARTESIAN_POINT('',(3.431479310810E1,-1.279845880423E2,2.655153691736E1));
#921=CARTESIAN_POINT('',(3.320830504297E1,-1.282761386566E2,2.716161947226E1));
#922=CARTESIAN_POINT('',(3.209815298293E1,-1.285533296927E2,2.777191911888E1));
#924=CARTESIAN_POINT('',(3.903858995388E1,-1.266184761179E2,2.5E1));
#925=CARTESIAN_POINT('',(3.862121458477E1,-1.267471599118E2,2.5E1));
#926=CARTESIAN_POINT('',(3.778546033127E1,-1.270002750189E2,2.507130850093E1));
#927=CARTESIAN_POINT('',(3.656294348499E1,-1.273574406271E2,2.538899482592E1));
#928=CARTESIAN_POINT('',(3.578893124497E1,-1.275756672940E2,2.573633204356E1));
#929=CARTESIAN_POINT('',(3.541761495354E1,-1.276786691308E2,2.594167158599E1));
#931=CARTESIAN_POINT('',(3.376152383649E1,-1.203543082247E2,2.594167158599E1));
#932=CARTESIAN_POINT('',(3.413157148046E1,-1.202505032796E2,2.573689771238E1));
#933=CARTESIAN_POINT('',(3.490349788124E1,-1.200302518871E2,2.538996546292E1));
#934=CARTESIAN_POINT('',(3.612475561387E1,-1.196685595008E2,2.507171826649E1));
#935=CARTESIAN_POINT('',(3.696125146923E1,-1.194112971190E2,2.5E1));
#936=CARTESIAN_POINT('',(3.737936834438E1,-1.192802700457E2,2.5E1));
#938=DIRECTION('',(0.E0,0.E0,1.E0));
#939=VECTOR('',#938,1.953834042679E1);
#940=CARTESIAN_POINT('',(4.915737474236E1,-1.230439048E2,2.930829786606E0));
#941=LINE('',#940,#939);
#942=CARTESIAN_POINT('',(4.915737474236E1,-1.230439048E2,2.246917021339E1));
#943=CARTESIAN_POINT('',(4.724846440664E1,-1.238065351869E2,2.239857113685E1));
#944=CARTESIAN_POINT('',(4.342437317180E1,-1.252312795339E2,2.224623706530E1));
#945=CARTESIAN_POINT('',(3.768367584750E1,-1.270752759700E2,2.205617302950E1));
#946=CARTESIAN_POINT('',(3.386295832991E1,-1.281148250215E2,2.198674743310E1));
#947=CARTESIAN_POINT('',(3.195667881720E1,-1.285885713389E2,2.196988609443E1));
#949=CARTESIAN_POINT('',(3.209815298293E1,-1.285533296927E2,2.777191911888E1));
#950=CARTESIAN_POINT('',(3.207445475175E1,-1.285592468436E2,2.778494708381E1));
#951=CARTESIAN_POINT('',(3.202717733813E1,-1.285710374974E2,2.781126151433E1));
#952=CARTESIAN_POINT('',(3.198013847199E1,-1.285827411734E2,2.783809361234E1));
#953=CARTESIAN_POINT('',(3.195667881720E1,-1.285885713389E2,2.785163928133E1));
#955=CARTESIAN_POINT('',(3.195667881720E1,-1.285885713389E2,3.430113905568E0));
#956=CARTESIAN_POINT('',(3.386295832991E1,-1.281148250215E2,3.413252566899E0));
#957=CARTESIAN_POINT('',(3.768367584750E1,-1.270752759700E2,3.343826970497E0));
#958=CARTESIAN_POINT('',(4.342437317180E1,-1.252312795339E2,3.153762934701E0));
#959=CARTESIAN_POINT('',(4.724846440664E1,-1.238065351869E2,3.001428863151E0));
#960=CARTESIAN_POINT('',(4.915737474236E1,-1.230439048E2,2.930829786606E0));
#962=CARTESIAN_POINT('',(4.915737474236E1,-1.230439048E2,2.930829786606E0));
#963=CARTESIAN_POINT('',(4.882981825911E1,-1.235950914649E2,3.032591976329E0));
#964=CARTESIAN_POINT('',(4.836005525348E1,-1.243855722448E2,3.236116355774E0));
#965=CARTESIAN_POINT('',(4.763828853876E1,-1.256001053364E2,3.643165114666E0));
#966=CARTESIAN_POINT('',(4.697982412398E1,-1.267081182235E2,4.151976063280E0));
#967=CARTESIAN_POINT('',(4.636032678377E1,-1.277505603374E2,4.762549201617E0));
#968=CARTESIAN_POINT('',(4.568969936461E1,-1.288790401857E2,5.576646719400E0));
#969=CARTESIAN_POINT('',(4.505248233850E1,-1.299512996138E2,6.594268616629E0));
#970=CARTESIAN_POINT('',(4.449314975869E1,-1.308925011316E2,7.815414893303E0));
#971=CARTESIAN_POINT('',(4.409015472646E1,-1.315706299403E2,9.036561169977E0));
#972=CARTESIAN_POINT('',(4.372541661199E1,-1.321843829727E2,1.066475620554E1));
#973=CARTESIAN_POINT('',(4.355373244061E1,-1.324732797910E2,1.27E1));
#974=CARTESIAN_POINT('',(4.372541661199E1,-1.321843829727E2,1.473524379446E1));
#975=CARTESIAN_POINT('',(4.409015472646E1,-1.315706299403E2,1.636343883002E1));
#976=CARTESIAN_POINT('',(4.449314975869E1,-1.308925011316E2,1.758458510670E1));
#977=CARTESIAN_POINT('',(4.505248233850E1,-1.299512996138E2,1.880573138337E1));
#978=CARTESIAN_POINT('',(4.568969936461E1,-1.288790401857E2,1.982335328060E1));
#979=CARTESIAN_POINT('',(4.636032678377E1,-1.277505603374E2,2.063745079838E1));
#980=CARTESIAN_POINT('',(4.697982412398E1,-1.267081182235E2,2.124802393672E1));
#981=CARTESIAN_POINT('',(4.763828853876E1,-1.256001053364E2,2.175683488533E1));
#982=CARTESIAN_POINT('',(4.836005525348E1,-1.243855722448E2,2.216388364423E1));
#983=CARTESIAN_POINT('',(4.882981825911E1,-1.235950914649E2,2.236740802367E1));
#984=CARTESIAN_POINT('',(4.915737474236E1,-1.230439048E2,2.246917021339E1));
#986=DIRECTION('',(0.E0,0.E0,-1.E0));
#987=VECTOR('',#986,4.859886094432E0);
#988=CARTESIAN_POINT('',(3.000592296525E1,-1.290296513839E2,2.196988609443E1));
#989=LINE('',#988,#987);
#990=DIRECTION('',(-9.753779259749E-1,-2.205400224922E-1,0.E0));
#991=VECTOR('',#990,1.1E1);
#992=CARTESIAN_POINT('',(2.805516711330E1,-1.294707314288E2,1.911E1));
#993=LINE('',#992,#991);
#994=DIRECTION('',(0.E0,0.E0,1.E0));
#995=VECTOR('',#994,2.859886094432E0);
#996=CARTESIAN_POINT('',(1.732600992758E1,-1.318966716763E2,1.911E1));
#997=LINE('',#996,#995);
#998=DIRECTION('',(-9.753779259749E-1,-2.205400224922E-1,0.E0));
#999=VECTOR('',#998,8.E0);
#1000=CARTESIAN_POINT('',(1.732600992758E1,-1.318966716763E2,2.196988609443E1));
#1001=LINE('',#1000,#999);
#1002=DIRECTION('',(0.E0,0.E0,1.E0));
#1003=VECTOR('',#1002,6.620113905568E0);
#1004=CARTESIAN_POINT('',(9.522986519776E0,-1.336609918562E2,2.196988609443E1));
#1005=LINE('',#1004,#1003);
#1006=CARTESIAN_POINT('',(1.293680926069E1,-1.328891017775E2,2.859E1));
#1007=DIRECTION('',(2.205400224922E-1,-9.753779259749E-1,0.E0));
#1008=DIRECTION('',(0.E0,0.E0,1.E0));
#1009=AXIS2_PLACEMENT_3D('',#1006,#1007,#1008);
#1011=CARTESIAN_POINT('',(2.420430167536E1,-1.303414400308E2,2.409E1));
#1012=DIRECTION('',(2.205400224923E-1,-9.753779259749E-1,0.E0));
#1013=DIRECTION('',(7.229667176692E-1,1.634680178113E-1,6.712654708053E-1));
#1014=AXIS2_PLACEMENT_3D('',#1011,#1012,#1013);
#1016=DIRECTION('',(0.E0,0.E0,-1.E0));
#1017=VECTOR('',#1016,5.881753186896E0);
#1018=CARTESIAN_POINT('',(3.195667881720E1,-1.285885713389E2,2.785163928133E1));
#1019=LINE('',#1018,#1017);
#1020=DIRECTION('',(-9.753779259749E-1,-2.205400224923E-1,0.E0));
#1021=VECTOR('',#1020,2.E0);
#1022=CARTESIAN_POINT('',(3.195667881720E1,-1.285885713389E2,2.196988609443E1));
#1023=LINE('',#1022,#1021);
#1024=DIRECTION('',(-9.753779259749E-1,-2.205400224923E-1,0.E0));
#1025=VECTOR('',#1024,2.E0);
#1026=CARTESIAN_POINT('',(3.195667881720E1,-1.285885713389E2,3.430113905568E0));
#1027=LINE('',#1026,#1025);
#1028=DIRECTION('',(-5.591014254462E-14,-1.341843421071E-14,-1.E0));
#1029=VECTOR('',#1028,6.354327707116E0);
#1030=CARTESIAN_POINT('',(3.195667881720E1,-1.285885713389E2,3.430113905568E0));
#1031=LINE('',#1030,#1029);
#1032=CARTESIAN_POINT('',(2.420430167538E1,-1.303414400308E2,9.1E-1));
#1033=DIRECTION('',(2.205400224922E-1,-9.753779259749E-1,0.E0));
#1034=DIRECTION('',(1.105782132527E-12,2.486899575160E-13,-1.E0));
#1035=AXIS2_PLACEMENT_3D('',#1032,#1033,#1034);
#1037=DIRECTION('',(-9.753779259749E-1,-2.205400224922E-1,0.E0));
#1038=VECTOR('',#1037,1.155192476130E1);
#1039=CARTESIAN_POINT('',(2.420430167539E1,-1.303414400308E2,-7.09E0));
#1040=LINE('',#1039,#1038);
#1041=CARTESIAN_POINT('',(1.293680926069E1,-1.328891017775E2,-3.59E0));
#1042=DIRECTION('',(2.205400224922E-1,-9.753779259749E-1,0.E0));
#1043=DIRECTION('',(-9.753779259749E-1,-2.205400224922E-1,0.E0));
#1044=AXIS2_PLACEMENT_3D('',#1041,#1042,#1043);
#1046=DIRECTION('',(0.E0,-1.155407540810E-14,1.E0));
#1047=VECTOR('',#1046,2.459886094432E0);
#1048=CARTESIAN_POINT('',(1.732600992758E1,-1.318966716763E2,3.430113905568E0));
#1049=LINE('',#1048,#1047);
#1050=DIRECTION('',(0.E0,0.E0,-1.E0));
#1051=VECTOR('',#1050,4.459886094432E0);
#1052=CARTESIAN_POINT('',(3.000592296525E1,-1.290296513839E2,7.89E0));
#1053=LINE('',#1052,#1051);
#1054=DIRECTION('',(-9.753779259749E-1,-2.205400224923E-1,0.E0));
#1055=VECTOR('',#1054,8.E0);
#1056=CARTESIAN_POINT('',(1.732600992758E1,-1.318966716763E2,3.430113905568E0));
#1057=LINE('',#1056,#1055);
#1058=CARTESIAN_POINT('',(3.151153134976E1,-1.209629008911E2,
-2.184098047700E0));
#1059=CARTESIAN_POINT('',(3.130535023755E1,-1.210166122566E2,
-2.297707357495E0));
#1060=CARTESIAN_POINT('',(3.089730764654E1,-1.211217831779E2,
-2.534795399968E0));
#1061=CARTESIAN_POINT('',(3.049884145688E1,-1.212223648413E2,
-2.791249472124E0));
#1062=CARTESIAN_POINT('',(3.030223397034E1,-1.212714913589E2,
-2.924213801549E0));
#1064=CARTESIAN_POINT('',(3.886492722976E1,-1.193354043164E2,
-1.630075487572E1));
#1065=DIRECTION('',(2.205400224922E-1,-9.753779259749E-1,0.E0));
#1066=DIRECTION('',(-5.351683287138E-1,-1.210054401566E-1,8.360338171355E-1));
#1067=AXIS2_PLACEMENT_3D('',#1064,#1065,#1066);
#1069=CARTESIAN_POINT('',(4.051937207662E1,-1.266524842964E2,
-1.630075487572E1));
#1070=DIRECTION('',(-2.205400224922E-1,9.753779259749E-1,0.E0));
#1071=DIRECTION('',(-6.797946000518E-1,-1.537064889342E-1,7.171147864882E-1));
#1072=AXIS2_PLACEMENT_3D('',#1069,#1070,#1071);
#1074=CARTESIAN_POINT('',(3.195667881720E1,-1.285885713389E2,
-2.924213801548E0));
#1075=CARTESIAN_POINT('',(3.215313882901E1,-1.285397473304E2,
-2.791387659181E0));
#1076=CARTESIAN_POINT('',(3.255151679833E1,-1.284397863398E2,
-2.535052536364E0));
#1077=CARTESIAN_POINT('',(3.295992176660E1,-1.283352603232E2,
-2.297825935224E0));
#1078=CARTESIAN_POINT('',(3.316640460680E1,-1.282818755922E2,
-2.184098047699E0));
#1080=DIRECTION('',(-2.205400224923E-1,9.753779259749E-1,-5.231728074549E-14));
#1081=VECTOR('',#1080,7.503732149559E0);
#1082=CARTESIAN_POINT('',(3.316640460680E1,-1.282818755922E2,
-2.184098047699E0));
#1083=LINE('',#1082,#1081);
#1084=CARTESIAN_POINT('',(3.316640460680E1,-1.282818755922E2,
-2.184098047700E0));
#1085=CARTESIAN_POINT('',(3.391851873944E1,-1.280874216094E2,
-1.769844004134E0));
#1086=CARTESIAN_POINT('',(3.466892245107E1,-1.278863538047E2,
-1.355701833048E0));
#1087=CARTESIAN_POINT('',(3.541761495356E1,-1.276786691308E2,
-9.416715859915E-1));
#1089=DIRECTION('',(2.205400224922E-1,-9.753779259749E-1,0.E0));
#1090=VECTOR('',#1089,7.509254321883E0);
#1091=CARTESIAN_POINT('',(3.376152383651E1,-1.203543082247E2,
-9.416715859915E-1));
#1092=LINE('',#1091,#1090);
#1093=CARTESIAN_POINT('',(3.376152383651E1,-1.203543082247E2,
-9.416715859915E-1));
#1094=CARTESIAN_POINT('',(3.301335325962E1,-1.205641833769E2,
-1.355687969149E0));
#1095=CARTESIAN_POINT('',(3.226335544885E1,-1.207670463895E2,
-1.769830144751E0));
#1096=CARTESIAN_POINT('',(3.151153134976E1,-1.209629008911E2,
-2.184098047700E0));
#1098=CARTESIAN_POINT('',(3.737936834440E1,-1.192802700457E2,0.E0));
#1099=CARTESIAN_POINT('',(3.696243452312E1,-1.194109263803E2,0.E0));
#1100=CARTESIAN_POINT('',(3.612751187289E1,-1.196677235232E2,
-7.130990740639E-2));
#1101=CARTESIAN_POINT('',(3.490605277688E1,-1.200295138759E2,
-3.889929371666E-1));
#1102=CARTESIAN_POINT('',(3.413259611410E1,-1.202502158517E2,
-7.363307091828E-1));
#1103=CARTESIAN_POINT('',(3.376152383651E1,-1.203543082247E2,
-9.416715859915E-1));
#1105=CARTESIAN_POINT('',(3.541761495356E1,-1.276786691308E2,
-9.416715859915E-1));
#1106=CARTESIAN_POINT('',(3.578790925744E1,-1.275759507898E2,
-7.368972071781E-1));
#1107=CARTESIAN_POINT('',(3.656039479357E1,-1.273581676451E2,
-3.899643281964E-1));
#1108=CARTESIAN_POINT('',(3.778270859983E1,-1.270010973503E2,
-7.171587882884E-2));
#1109=CARTESIAN_POINT('',(3.862003321637E1,-1.267475241474E2,0.E0));
#1110=CARTESIAN_POINT('',(3.903858995390E1,-1.266184761179E2,0.E0));
#1112=DIRECTION('',(-2.205400224922E-1,9.753779259749E-1,0.E0));
#1113=VECTOR('',#1112,7.501789598825E0);
#1114=CARTESIAN_POINT('',(2.964265847579E1,-1.291117881193E2,
-4.826918291906E0));
#1115=LINE('',#1114,#1113);
#1116=DIRECTION('',(2.205400224922E-1,-9.753779259749E-1,0.E0));
#1117=VECTOR('',#1116,7.501789598825E0);
#1118=CARTESIAN_POINT('',(1.128236441383E1,-1.255720217975E2,-7.09E0));
#1119=LINE('',#1118,#1117);
#1120=DIRECTION('',(-2.205400224922E-1,9.753779259749E-1,0.E0));
#1121=VECTOR('',#1120,7.501789598825E0);
#1122=CARTESIAN_POINT('',(2.420430167539E1,-1.303414400308E2,-7.09E0));
#1123=LINE('',#1122,#1121);
#1124=DIRECTION('',(2.205400224922E-1,-9.753779259749E-1,0.E0));
#1125=VECTOR('',#1124,7.501789598825E0);
#1126=CARTESIAN_POINT('',(2.640072226644E1,-1.221536514488E2,5.89E0));
#1127=LINE('',#1126,#1125);
#1128=DIRECTION('',(-9.753779259749E-1,-2.205400224923E-1,0.E0));
#1129=VECTOR('',#1128,1.1E1);
#1130=CARTESIAN_POINT('',(2.805516711330E1,-1.294707314288E2,5.89E0));
#1131=LINE('',#1130,#1129);
#1132=DIRECTION('',(-2.205400224922E-1,9.753779259749E-1,0.E0));
#1133=VECTOR('',#1132,7.501789598825E0);
#1134=CARTESIAN_POINT('',(1.732600992758E1,-1.318966716763E2,5.89E0));
#1135=LINE('',#1134,#1133);
#1136=DIRECTION('',(-6.896963456765E-1,-1.559453454273E-1,-7.071067811865E-1));
#1137=VECTOR('',#1136,2.828427124746E0);
#1138=CARTESIAN_POINT('',(3.000592296525E1,-1.290296513839E2,7.89E0));
#1139=LINE('',#1138,#1137);
#1140=DIRECTION('',(6.896963456765E-1,1.559453454273E-1,7.071067811865E-1));
#1141=VECTOR('',#1140,2.828427124746E0);
#1142=CARTESIAN_POINT('',(2.640072226644E1,-1.221536514488E2,5.89E0));
#1143=LINE('',#1142,#1141);
#1144=DIRECTION('',(-9.753779259749E-1,-2.205400224923E-1,0.E0));
#1145=VECTOR('',#1144,8.E0);
#1146=CARTESIAN_POINT('',(1.567156508072E1,-1.245795916963E2,2.196988609443E1));
#1147=LINE('',#1146,#1145);
#1148=CARTESIAN_POINT('',(3.893247980157E1,-1.231657111689E2,1.27E1));
#1149=DIRECTION('',(-9.753779259749E-1,-2.205400224922E-1,0.E0));
#1150=DIRECTION('',(0.E0,0.E0,-1.E0));
#1151=AXIS2_PLACEMENT_3D('',#1148,#1149,#1150);
#1153=CARTESIAN_POINT('',(3.893247980157E1,-1.231657111689E2,1.27E1));
#1154=DIRECTION('',(-9.753779259749E-1,-2.205400224922E-1,0.E0));
#1155=DIRECTION('',(0.E0,0.E0,1.E0));
#1156=AXIS2_PLACEMENT_3D('',#1153,#1154,#1155);
#1158=CARTESIAN_POINT('',(7.443298267220E1,-4.076944455861E1,0.E0));
#1159=DIRECTION('',(0.E0,0.E0,1.E0));
#1160=DIRECTION('',(9.978735382473E-1,-6.517976423564E-2,0.E0));
#1161=AXIS2_PLACEMENT_3D('',#1158,#1159,#1160);
#1163=CARTESIAN_POINT('',(-5.244178204277E1,-4.333281123200E1,0.E0));
#1164=DIRECTION('',(0.E0,0.E0,1.E0));
#1165=DIRECTION('',(9.999999654814E-1,-2.627493956441E-4,0.E0));
#1166=AXIS2_PLACEMENT_3D('',#1163,#1164,#1165);
#1168=CARTESIAN_POINT('',(1.046952731820E2,-2.408085278756E1,0.E0));
#1169=DIRECTION('',(0.E0,0.E0,-1.E0));
#1170=DIRECTION('',(5.738104360402E-1,8.189881461238E-1,0.E0));
#1171=AXIS2_PLACEMENT_3D('',#1168,#1169,#1170);
#1173=CARTESIAN_POINT('',(-5.680106567976E2,-1.591792327235E2,0.E0));
#1174=DIRECTION('',(0.E0,0.E0,1.E0));
#1175=DIRECTION('',(9.824628434235E-1,1.864584706903E-1,0.E0));
#1176=AXIS2_PLACEMENT_3D('',#1173,#1174,#1175);
#1178=CARTESIAN_POINT('',(1.141679449996E2,-3.558640014968E1,-5.E0));
#1179=CARTESIAN_POINT('',(1.141925179391E2,-3.611491467165E1,-5.E0));
#1180=CARTESIAN_POINT('',(1.142356615557E2,-3.715031576663E1,
-4.897062679372E0));
#1181=CARTESIAN_POINT('',(1.142846067714E2,-3.865940908365E1,
-4.442910252524E0));
#1182=CARTESIAN_POINT('',(1.143175555161E2,-4.006110809887E1,
-3.693295020608E0));
#1183=CARTESIAN_POINT('',(1.143301403035E2,-4.086812197035E1,
-3.031986678312E0));
#1184=CARTESIAN_POINT('',(1.143348403658E2,-4.124325439917E1,
-2.656854249492E0));
#1186=CARTESIAN_POINT('',(-5.244178204277E1,-4.333281123200E1,0.E0));
#1187=DIRECTION('',(0.E0,0.E0,-1.E0));
#1188=DIRECTION('',(9.999999654814E-1,-2.627493956410E-4,0.E0));
#1189=AXIS2_PLACEMENT_3D('',#1186,#1187,#1188);
#1191=CARTESIAN_POINT('',(1.143348403658E2,-4.124325439917E1,
-2.656854249492E0));
#1192=CARTESIAN_POINT('',(1.143361505178E2,-4.134782332894E1,
-2.552285319717E0));
#1193=CARTESIAN_POINT('',(1.143373623145E2,-4.145239282861E1,
-2.447715820049E0));
#1194=CARTESIAN_POINT('',(1.143384757592E2,-4.155696289815E1,
-2.343145750508E0));
#1196=DIRECTION('',(-1.E0,0.E0,0.E0));
#1197=VECTOR('',#1196,7.984334105751E0);
#1198=CARTESIAN_POINT('',(1.223191744716E2,-4.124325439917E1,
-2.656854249492E0));
#1199=LINE('',#1198,#1197);
#1200=DIRECTION('',(-1.E0,0.E0,0.E0));
#1201=VECTOR('',#1200,7.968238598559E0);
#1202=CARTESIAN_POINT('',(1.223067143577E2,-4.155696289815E1,
-2.343145750508E0));
#1203=LINE('',#1202,#1201);
#1204=CARTESIAN_POINT('',(1.222026652440E2,-4.390010864866E1,
-7.185622310044E-1));
#1205=CARTESIAN_POINT('',(1.222237737411E2,-4.346524953333E1,
-9.164622051649E-1));
#1206=CARTESIAN_POINT('',(1.222622440022E2,-4.263110357412E1,
-1.390373164394E0));
#1207=CARTESIAN_POINT('',(1.222931097998E2,-4.189477979993E1,
-2.005328848734E0));
#1208=CARTESIAN_POINT('',(1.223067143577E2,-4.155696289815E1,
-2.343145750508E0));
#1210=CARTESIAN_POINT('',(1.143384757592E2,-4.155696289815E1,
-2.343145750508E0));
#1211=CARTESIAN_POINT('',(1.143424067419E2,-4.192614437414E1,
-1.973964274521E0));
#1212=CARTESIAN_POINT('',(1.143485838700E2,-4.273765543535E1,
-1.307467926232E0));
#1213=CARTESIAN_POINT('',(1.143481614432E2,-4.412912453766E1,
-5.626664174682E-1));
#1214=CARTESIAN_POINT('',(1.143343601506E2,-4.564143678652E1,
-1.033195339675E-1));
#1215=CARTESIAN_POINT('',(1.143149706447E2,-4.668964954008E1,0.E0));
#1216=CARTESIAN_POINT('',(1.143027705605E2,-4.721381714765E1,0.E0));
#1218=CARTESIAN_POINT('',(1.223191744716E2,-4.124325439917E1,
-2.656854249492E0));
#1219=CARTESIAN_POINT('',(1.223315276209E2,-4.092784597260E1,
-2.972262676063E0));
#1220=CARTESIAN_POINT('',(1.223568425648E2,-4.025528346800E1,
-3.541615738805E0));
#1221=CARTESIAN_POINT('',(1.223958170744E2,-3.910138475784E1,
-4.227416111039E0));
#1222=CARTESIAN_POINT('',(1.224200576161E2,-3.828062745151E1,
-4.545829804371E0));
#1223=CARTESIAN_POINT('',(1.224316845073E2,-3.785345659167E1,
-4.672056770439E0));
#1225=CARTESIAN_POINT('',(1.223067143577E2,-4.155696289815E1,
-2.343145750508E0));
#1226=CARTESIAN_POINT('',(1.223109255330E2,-4.145239454644E1,
-2.447714102217E0));
#1227=CARTESIAN_POINT('',(1.223150789031E2,-4.134782504676E1,
-2.552283601904E0));
#1228=CARTESIAN_POINT('',(1.223191744716E2,-4.124325439917E1,
-2.656854249492E0));
#1230=DIRECTION('',(5.933037154766E-14,9.789511305364E-13,-1.E0));
#1231=VECTOR('',#1230,7.185622310044E-1);
#1232=CARTESIAN_POINT('',(1.222026652440E2,-4.390010864866E1,0.E0));
#1233=LINE('',#1232,#1231);
#1234=DIRECTION('',(0.E0,2.494169364593E-13,-1.E0));
#1235=VECTOR('',#1234,4.672056770439E0);
#1236=CARTESIAN_POINT('',(1.224316845073E2,-3.785345659167E1,0.E0));
#1237=LINE('',#1236,#1235);
#1238=CARTESIAN_POINT('',(1.133024697484E2,-1.179605863925E1,-5.E0));
#1239=DIRECTION('',(0.E0,0.E0,1.E0));
#1240=DIRECTION('',(0.E0,1.E0,0.E0));
#1241=AXIS2_PLACEMENT_3D('',#1238,#1239,#1240);
#1243=CARTESIAN_POINT('',(1.133024697484E2,-1.179605863925E1,-5.E0));
#1244=DIRECTION('',(0.E0,0.E0,1.E0));
#1245=DIRECTION('',(0.E0,-1.E0,0.E0));
#1246=AXIS2_PLACEMENT_3D('',#1243,#1244,#1245);
#1248=DIRECTION('',(-1.E0,0.E0,0.E0));
#1249=VECTOR('',#1248,8.215215908005E0);
#1250=CARTESIAN_POINT('',(1.223831609076E2,-3.558640014968E1,-5.E0));
#1251=LINE('',#1250,#1249);
#1252=CARTESIAN_POINT('',(5.222640954548E1,-3.822206802930E1,-5.E0));
#1253=DIRECTION('',(0.E0,0.E0,-1.E0));
#1254=DIRECTION('',(9.617628544093E-1,2.738835735828E-1,0.E0));
#1255=AXIS2_PLACEMENT_3D('',#1252,#1253,#1254);
#1257=CARTESIAN_POINT('',(1.133024697484E2,-1.179605863925E1,-5.E0));
#1258=DIRECTION('',(0.E0,0.E0,-1.E0));
#1259=DIRECTION('',(-5.865174557187E-1,-8.099365864913E-1,0.E0));
#1260=AXIS2_PLACEMENT_3D('',#1257,#1258,#1259);
#1262=CARTESIAN_POINT('',(-5.680106567976E2,-1.591792327235E2,-5.E0));
#1263=DIRECTION('',(0.E0,0.E0,1.E0));
#1264=DIRECTION('',(9.824628434342E-1,1.864584706342E-1,0.E0));
#1265=AXIS2_PLACEMENT_3D('',#1262,#1263,#1264);
#1267=CARTESIAN_POINT('',(-5.244178204277E1,-4.333281123200E1,-5.E0));
#1268=DIRECTION('',(0.E0,0.E0,1.E0));
#1269=DIRECTION('',(9.989208869198E-1,4.644417805712E-2,0.E0));
#1270=AXIS2_PLACEMENT_3D('',#1267,#1268,#1269);
#1272=CARTESIAN_POINT('',(1.274422687080E2,-1.680266281617E1,6.25E0));
#1273=DIRECTION('',(0.E0,0.E0,-1.E0));
#1274=DIRECTION('',(-9.617628544093E-1,-2.738835735828E-1,0.E0));
#1275=AXIS2_PLACEMENT_3D('',#1272,#1273,#1274);
#1277=CARTESIAN_POINT('',(1.274422687080E2,-1.680266281617E1,-5.E0));
#1278=DIRECTION('',(0.E0,0.E0,1.E0));
#1279=DIRECTION('',(-9.426532639681E-1,3.337736117944E-1,0.E0));
#1280=AXIS2_PLACEMENT_3D('',#1277,#1278,#1279);
#1282=CARTESIAN_POINT('',(1.045047079127E2,-2.394510743662E1,0.E0));
#1283=DIRECTION('',(0.E0,0.E0,-1.E0));
#1284=DIRECTION('',(5.865174557186E-1,8.099365864914E-1,0.E0));
#1285=AXIS2_PLACEMENT_3D('',#1282,#1283,#1284);
#1287=CARTESIAN_POINT('',(1.045047079127E2,-2.394510743662E1,0.E0));
#1288=DIRECTION('',(0.E0,0.E0,-1.E0));
#1289=DIRECTION('',(5.975142501151E-1,8.018582922869E-1,0.E0));
#1290=AXIS2_PLACEMENT_3D('',#1287,#1288,#1289);
#1292=CARTESIAN_POINT('',(1.045047079127E2,-2.394510743662E1,-5.E0));
#1293=DIRECTION('',(0.E0,0.E0,1.E0));
#1294=DIRECTION('',(9.803751962551E-1,1.971407481161E-1,0.E0));
#1295=AXIS2_PLACEMENT_3D('',#1292,#1293,#1294);
#1297=DIRECTION('',(0.E0,0.E0,-1.E0));
#1298=VECTOR('',#1297,5.E0);
#1299=CARTESIAN_POINT('',(1.123477094827E2,-2.236798145170E1,0.E0));
#1300=LINE('',#1299,#1298);
#1301=DIRECTION('',(2.162124701499E-10,-8.949186280915E-10,-1.E0));
#1302=VECTOR('',#1301,5.E0);
#1303=CARTESIAN_POINT('',(1.137964897339E2,-2.978124208811E1,0.E0));
#1304=LINE('',#1303,#1302);
#1305=CARTESIAN_POINT('',(1.046952731820E2,-2.408085278756E1,6.25E0));
#1306=DIRECTION('',(0.E0,0.E0,-1.E0));
#1307=DIRECTION('',(5.738131044311E-1,8.189862765536E-1,0.E0));
#1308=AXIS2_PLACEMENT_3D('',#1305,#1306,#1307);
#1310=CARTESIAN_POINT('',(1.045047079127E2,-2.394510743662E1,3.E1));
#1311=DIRECTION('',(0.E0,0.E0,-1.E0));
#1312=DIRECTION('',(5.865174557185E-1,8.099365864915E-1,0.E0));
#1313=AXIS2_PLACEMENT_3D('',#1310,#1311,#1312);
#1315=CARTESIAN_POINT('',(1.045047079127E2,-2.394510743662E1,2.5E1));
#1316=DIRECTION('',(0.E0,0.E0,1.E0));
#1317=DIRECTION('',(9.803751962551E-1,1.971407481161E-1,0.E0));
#1318=AXIS2_PLACEMENT_3D('',#1315,#1316,#1317);
#1320=CARTESIAN_POINT('',(1.045047079127E2,-2.394510743662E1,2.5E1));
#1321=DIRECTION('',(0.E0,0.E0,1.E0));
#1322=DIRECTION('',(5.975139770863E-1,8.018584957376E-1,0.E0));
#1323=AXIS2_PLACEMENT_3D('',#1320,#1321,#1322);
#1325=DIRECTION('',(0.E0,0.E0,-1.E0));
#1326=VECTOR('',#1325,5.E0);
#1327=CARTESIAN_POINT('',(1.123477094827E2,-2.236798145170E1,3.E1));
#1328=LINE('',#1327,#1326);
#1329=DIRECTION('',(2.162124701499E-10,-8.950209462455E-10,1.E0));
#1330=VECTOR('',#1329,5.E0);
#1331=CARTESIAN_POINT('',(1.137964897339E2,-2.978124208811E1,2.5E1));
#1332=LINE('',#1331,#1330);
#1333=CARTESIAN_POINT('',(1.046952731820E2,-2.408085278756E1,1.875E1));
#1334=DIRECTION('',(0.E0,0.E0,1.E0));
#1335=DIRECTION('',(9.762783573349E-1,2.165192116176E-1,0.E0));
#1336=AXIS2_PLACEMENT_3D('',#1333,#1334,#1335);
#1338=CARTESIAN_POINT('',(1.133543399251E2,-2.674339380210E1,1.875E1));
#1339=CARTESIAN_POINT('',(1.133881424850E2,-2.694847667075E1,1.875E1));
#1340=CARTESIAN_POINT('',(1.134542024578E2,-2.735937024228E1,1.868513084944E1));
#1341=CARTESIAN_POINT('',(1.135397101621E2,-2.791801506107E1,1.840212973818E1));
#1342=CARTESIAN_POINT('',(1.136056679588E2,-2.836834067657E1,1.795765317712E1));
#1343=CARTESIAN_POINT('',(1.136475772737E2,-2.866440906437E1,1.738134547441E1));
#1344=CARTESIAN_POINT('',(1.136567491710E2,-2.873043711324E1,1.696021262802E1));
#1345=CARTESIAN_POINT('',(1.136567491710E2,-2.873043711324E1,1.675E1));
#1347=CARTESIAN_POINT('',(1.214853280318E2,-2.672777740467E1,1.675E1));
#1348=CARTESIAN_POINT('',(1.214853280318E2,-2.672777740467E1,1.692759464514E1));
#1349=CARTESIAN_POINT('',(1.214774848075E2,-2.668040928917E1,1.726752582085E1));
#1350=CARTESIAN_POINT('',(1.214489181479E2,-2.650986688860E1,1.769735147671E1));
#1351=CARTESIAN_POINT('',(1.214076897208E2,-2.626832944865E1,1.805429776926E1));
#1352=CARTESIAN_POINT('',(1.213549134316E2,-2.596623175276E1,1.834656630281E1));
#1353=CARTESIAN_POINT('',(1.212883183280E2,-2.559578521471E1,1.857616853795E1));
#1354=CARTESIAN_POINT('',(1.212119867441E2,-2.518486683672E1,1.871794051206E1));
#1355=CARTESIAN_POINT('',(1.211568492434E2,-2.489794215652E1,1.875E1));
#1356=CARTESIAN_POINT('',(1.211288264039E2,-2.475457167961E1,1.875E1));
#1358=DIRECTION('',(-9.688027044776E-1,-2.478332499826E-1,0.E0));
#1359=VECTOR('',#1358,8.080674036703E0);
#1360=CARTESIAN_POINT('',(1.214853280318E2,-2.672777740467E1,8.25E0));
#1361=LINE('',#1360,#1359);
#1362=DIRECTION('',(9.688027044776E-1,2.478332499826E-1,0.E0));
#1363=VECTOR('',#1362,8.080674036703E0);
#1364=CARTESIAN_POINT('',(1.136567491710E2,-2.873043711324E1,1.675E1));
#1365=LINE('',#1364,#1363);
#1366=CARTESIAN_POINT('',(1.211288264039E2,-2.475457167961E1,6.25E0));
#1367=CARTESIAN_POINT('',(1.211690429072E2,-2.496032739011E1,6.25E0));
#1368=CARTESIAN_POINT('',(1.212475810815E2,-2.537222409036E1,6.315867399849E0));
#1369=CARTESIAN_POINT('',(1.213494734664E2,-2.593358062675E1,6.606790359262E0));
#1370=CARTESIAN_POINT('',(1.214260744155E2,-2.637435180264E1,7.052365473322E0));
#1371=CARTESIAN_POINT('',(1.214746422803E2,-2.666307554486E1,7.623497960655E0));
#1372=CARTESIAN_POINT('',(1.214853280318E2,-2.672777740467E1,8.041362008154E0));
#1373=CARTESIAN_POINT('',(1.214853280318E2,-2.672777740467E1,8.25E0));
#1375=CARTESIAN_POINT('',(1.136567491710E2,-2.873043711324E1,8.25E0));
#1376=CARTESIAN_POINT('',(1.136567491710E2,-2.873043711324E1,8.039960412157E0));
#1377=CARTESIAN_POINT('',(1.136475890873E2,-2.866449769295E1,7.619152764391E0));
#1378=CARTESIAN_POINT('',(1.136057562150E2,-2.836895061746E1,7.043166404467E0));
#1379=CARTESIAN_POINT('',(1.135398270844E2,-2.791882062465E1,6.598645715431E0));
#1380=CARTESIAN_POINT('',(1.134546707217E2,-2.736236141154E1,6.315874569313E0));
#1381=CARTESIAN_POINT('',(1.133883585044E2,-2.694978727759E1,6.25E0));
#1382=CARTESIAN_POINT('',(1.133543399251E2,-2.674339380210E1,6.25E0));
#1384=CARTESIAN_POINT('',(1.034991222735E2,-8.272956961455E1,0.E0));
#1385=CARTESIAN_POINT('',(1.034991222735E2,-8.272956961455E1,2.5E1));
#1386=VERTEX_POINT('',#1384);
#1387=VERTEX_POINT('',#1385);
#1388=CARTESIAN_POINT('',(9.815714881994E1,-7.739621525334E1,0.E0));
#1389=CARTESIAN_POINT('',(9.815714881994E1,-7.739621525334E1,2.5E1));
#1390=VERTEX_POINT('',#1388);
#1391=VERTEX_POINT('',#1389);
#1392=CARTESIAN_POINT('',(1.512134282458E1,-1.221461347801E2,1.095E1));
#1393=CARTESIAN_POINT('',(1.512134282458E1,-1.221461347801E2,1.445E1));
#1394=VERTEX_POINT('',#1392);
#1395=VERTEX_POINT('',#1393);
#1396=CARTESIAN_POINT('',(1.558447687182E1,-1.241944284247E2,1.445E1));
#1397=VERTEX_POINT('',#1396);
#1398=CARTESIAN_POINT('',(1.741309813648E1,-1.322818349478E2,1.445E1));
#1399=VERTEX_POINT('',#1398);
#1400=CARTESIAN_POINT('',(1.787623218371E1,-1.343301285924E2,1.445E1));
#1401=VERTEX_POINT('',#1400);
#1402=CARTESIAN_POINT('',(1.787623218371E1,-1.343301285924E2,1.095E1));
#1403=VERTEX_POINT('',#1402);
#1404=CARTESIAN_POINT('',(1.741309813648E1,-1.322818349478E2,1.095E1));
#1405=VERTEX_POINT('',#1404);
#1406=CARTESIAN_POINT('',(1.558447687182E1,-1.241944284247E2,1.095E1));
#1407=VERTEX_POINT('',#1406);
#1408=CARTESIAN_POINT('',(7.318319416785E0,-1.239104549601E2,1.095E1));
#1409=CARTESIAN_POINT('',(7.318319416785E0,-1.239104549601E2,1.445E1));
#1410=VERTEX_POINT('',#1408);
#1411=VERTEX_POINT('',#1409);
#1412=CARTESIAN_POINT('',(7.781453464019E0,-1.259587486046E2,1.445E1));
#1413=VERTEX_POINT('',#1412);
#1414=CARTESIAN_POINT('',(9.610074728677E0,-1.340461551278E2,1.445E1));
#1415=VERTEX_POINT('',#1414);
#1416=CARTESIAN_POINT('',(1.007320877591E1,-1.360944487723E2,1.445E1));
#1417=VERTEX_POINT('',#1416);
#1418=CARTESIAN_POINT('',(1.007320877591E1,-1.360944487723E2,1.095E1));
#1419=VERTEX_POINT('',#1418);
#1420=CARTESIAN_POINT('',(9.610074728677E0,-1.340461551278E2,1.095E1));
#1421=VERTEX_POINT('',#1420);
#1422=CARTESIAN_POINT('',(7.781453464019E0,-1.259587486046E2,1.095E1));
#1423=VERTEX_POINT('',#1422);
#1424=CARTESIAN_POINT('',(1.567156508072E1,-1.245795916963E2,5.89E0));
#1425=CARTESIAN_POINT('',(1.567156508072E1,-1.245795916963E2,3.430113905568E0));
#1426=VERTEX_POINT('',#1424);
#1427=VERTEX_POINT('',#1425);
#1428=CARTESIAN_POINT('',(1.732600992758E1,-1.318966716763E2,3.430113905568E0));
#1429=CARTESIAN_POINT('',(1.732600992758E1,-1.318966716763E2,5.89E0));
#1430=VERTEX_POINT('',#1428);
#1431=VERTEX_POINT('',#1429);
#1432=CARTESIAN_POINT('',(1.567156508072E1,-1.245795916963E2,1.911E1));
#1433=CARTESIAN_POINT('',(1.732600992758E1,-1.318966716763E2,1.911E1));
#1434=VERTEX_POINT('',#1432);
#1435=VERTEX_POINT('',#1433);
#1436=CARTESIAN_POINT('',(1.732600992758E1,-1.318966716763E2,2.196988609443E1));
#1437=VERTEX_POINT('',#1436);
#1438=CARTESIAN_POINT('',(1.567156508072E1,-1.245795916963E2,2.196988609443E1));
#1439=VERTEX_POINT('',#1438);
#1440=CARTESIAN_POINT('',(2.805516711330E1,-1.294707314288E2,1.911E1));
#1441=CARTESIAN_POINT('',(2.640072226644E1,-1.221536514488E2,1.911E1));
#1442=VERTEX_POINT('',#1440);
#1443=VERTEX_POINT('',#1441);
#1444=CARTESIAN_POINT('',(2.640072226644E1,-1.221536514488E2,5.89E0));
#1445=CARTESIAN_POINT('',(2.805516711330E1,-1.294707314288E2,5.89E0));
#1446=VERTEX_POINT('',#1444);
#1447=VERTEX_POINT('',#1445);
#1448=CARTESIAN_POINT('',(1.133024697484E2,-7.796058639253E0,-5.E0));
#1449=CARTESIAN_POINT('',(1.133024697484E2,-1.579605863925E1,-5.E0));
#1450=VERTEX_POINT('',#1448);
#1451=VERTEX_POINT('',#1449);
#1452=CARTESIAN_POINT('',(1.133024697484E2,-1.579605863925E1,0.E0));
#1453=CARTESIAN_POINT('',(1.103453029013E2,-1.448959984701E1,0.E0));
#1454=VERTEX_POINT('',#1452);
#1455=VERTEX_POINT('',#1453);
#1456=CARTESIAN_POINT('',(1.133024697484E2,-7.796058639253E0,0.E0));
#1457=CARTESIAN_POINT('',(1.173016750198E2,-1.187579067732E1,0.E0));
#1458=VERTEX_POINT('',#1456);
#1459=VERTEX_POINT('',#1457);
#1460=CARTESIAN_POINT('',(1.133024697484E2,-7.796058639253E0,3.E1));
#1461=CARTESIAN_POINT('',(1.133024697484E2,-1.579605863925E1,3.E1));
#1462=VERTEX_POINT('',#1460);
#1463=VERTEX_POINT('',#1461);
#1464=CARTESIAN_POINT('',(1.133024697484E2,-1.579605863925E1,2.5E1));
#1465=CARTESIAN_POINT('',(1.103453029013E2,-1.448959984701E1,2.5E1));
#1466=VERTEX_POINT('',#1464);
#1467=VERTEX_POINT('',#1465);
#1468=CARTESIAN_POINT('',(1.173016750198E2,-1.187579067732E1,2.5E1));
#1469=VERTEX_POINT('',#1468);
#1470=CARTESIAN_POINT('',(1.133024697484E2,-7.796058639253E0,2.5E1));
#1471=VERTEX_POINT('',#1470);
#1472=CARTESIAN_POINT('',(1.173016750198E2,-1.187579067732E1,6.25E0));
#1473=CARTESIAN_POINT('',(1.103453029013E2,-1.448959984701E1,6.25E0));
#1474=VERTEX_POINT('',#1472);
#1475=VERTEX_POINT('',#1473);
#1476=CARTESIAN_POINT('',(1.173016750198E2,-1.187579067732E1,1.875E1));
#1477=CARTESIAN_POINT('',(1.103453029013E2,-1.448959984701E1,1.875E1));
#1478=VERTEX_POINT('',#1476);
#1479=VERTEX_POINT('',#1477);
#1480=CARTESIAN_POINT('',(1.169913922100E2,-1.112200294967E1,0.E0));
#1481=CARTESIAN_POINT('',(1.169913922100E2,-1.112200294967E1,6.25E0));
#1482=VERTEX_POINT('',#1480);
#1483=VERTEX_POINT('',#1481);
#1484=CARTESIAN_POINT('',(1.169913922100E2,-1.112200294967E1,1.875E1));
#1485=CARTESIAN_POINT('',(1.169913922100E2,-1.112200294967E1,2.5E1));
#1486=VERTEX_POINT('',#1484);
#1487=VERTEX_POINT('',#1485);
#1488=CARTESIAN_POINT('',(1.100926072554E2,-1.373494563338E1,0.E0));
#1489=CARTESIAN_POINT('',(1.100926072554E2,-1.373494563338E1,6.25E0));
#1490=VERTEX_POINT('',#1488);
#1491=VERTEX_POINT('',#1489);
#1492=CARTESIAN_POINT('',(1.100926072554E2,-1.373494563338E1,1.875E1));
#1493=CARTESIAN_POINT('',(1.100926072554E2,-1.373494563338E1,2.5E1));
#1494=VERTEX_POINT('',#1492);
#1495=VERTEX_POINT('',#1493);
#1496=CARTESIAN_POINT('',(1.137964897339E2,-2.978124208811E1,0.E0));
#1497=CARTESIAN_POINT('',(1.137964897349E2,-2.978124209259E1,-5.E0));
#1498=VERTEX_POINT('',#1496);
#1499=VERTEX_POINT('',#1497);
#1500=CARTESIAN_POINT('',(1.137964897339E2,-2.978124208811E1,2.5E1));
#1501=CARTESIAN_POINT('',(1.137964897349E2,-2.978124209259E1,3.E1));
#1502=VERTEX_POINT('',#1500);
#1503=VERTEX_POINT('',#1501);
#1504=CARTESIAN_POINT('',(1.092793826269E2,-6.040941426830E1,0.E0));
#1505=CARTESIAN_POINT('',(1.092793826269E2,-6.040941426830E1,2.5E1));
#1506=VERTEX_POINT('',#1504);
#1507=VERTEX_POINT('',#1505);
#1508=CARTESIAN_POINT('',(1.144262271220E2,-4.150456249514E1,0.E0));
#1509=CARTESIAN_POINT('',(1.144262271220E2,-4.150456249514E1,2.5E1));
#1510=VERTEX_POINT('',#1508);
#1511=VERTEX_POINT('',#1509);
#1512=CARTESIAN_POINT('',(1.143479242021E2,-4.337663512803E1,0.E0));
#1513=VERTEX_POINT('',#1512);
#1514=CARTESIAN_POINT('',(1.143479242021E2,-4.337663512803E1,2.5E1));
#1515=VERTEX_POINT('',#1514);
#1516=CARTESIAN_POINT('',(1.218402237305E2,-4.732335263508E1,0.E0));
#1517=CARTESIAN_POINT('',(1.172683262196E2,-6.133821294969E1,0.E0));
#1518=VERTEX_POINT('',#1516);
#1519=VERTEX_POINT('',#1517);
#1520=CARTESIAN_POINT('',(1.172683262196E2,-6.133821294969E1,2.5E1));
#1521=VERTEX_POINT('',#1520);
#1522=CARTESIAN_POINT('',(1.218402237305E2,-4.732335263508E1,2.5E1));
#1523=VERTEX_POINT('',#1522);
#1524=CARTESIAN_POINT('',(2.420430167539E1,-1.303414400308E2,-7.09E0));
#1525=CARTESIAN_POINT('',(2.254985682853E1,-1.230243600508E2,-7.09E0));
#1526=VERTEX_POINT('',#1524);
#1527=VERTEX_POINT('',#1525);
#1528=CARTESIAN_POINT('',(2.254985682853E1,-1.230243600508E2,3.209E1));
#1529=CARTESIAN_POINT('',(2.420430167539E1,-1.303414400308E2,3.209E1));
#1530=VERTEX_POINT('',#1528);
#1531=VERTEX_POINT('',#1529);
#1532=CARTESIAN_POINT('',(9.522986519776E0,-1.336609918562E2,3.430113905568E0));
#1533=CARTESIAN_POINT('',(9.522986519776E0,-1.336609918562E2,2.196988609443E1));
#1534=VERTEX_POINT('',#1532);
#1535=VERTEX_POINT('',#1533);
#1536=CARTESIAN_POINT('',(7.868541672919E0,-1.263439118762E2,2.196988609443E1));
#1537=CARTESIAN_POINT('',(7.868541672919E0,-1.263439118762E2,3.430113905568E0));
#1538=VERTEX_POINT('',#1536);
#1539=VERTEX_POINT('',#1537);
#1540=CARTESIAN_POINT('',(7.868541672919E0,-1.263439118762E2,2.859E1));
#1541=CARTESIAN_POINT('',(1.128236441383E1,-1.255720217975E2,3.209E1));
#1542=VERTEX_POINT('',#1540);
#1543=VERTEX_POINT('',#1541);
#1544=CARTESIAN_POINT('',(1.293680926069E1,-1.328891017775E2,3.209E1));
#1545=VERTEX_POINT('',#1544);
#1546=CARTESIAN_POINT('',(9.522986519776E0,-1.336609918562E2,2.859E1));
#1547=VERTEX_POINT('',#1546);
#1548=CARTESIAN_POINT('',(9.522986519776E0,-1.336609918562E2,-3.59E0));
#1549=CARTESIAN_POINT('',(1.293680926069E1,-1.328891017775E2,-7.09E0));
#1550=VERTEX_POINT('',#1548);
#1551=VERTEX_POINT('',#1549);
#1552=CARTESIAN_POINT('',(1.128236441383E1,-1.255720217975E2,-7.09E0));
#1553=VERTEX_POINT('',#1552);
#1554=CARTESIAN_POINT('',(7.868541672919E0,-1.263439118762E2,-3.59E0));
#1555=VERTEX_POINT('',#1554);
#1556=CARTESIAN_POINT('',(1.211288264039E2,-2.475457167961E1,6.25E0));
#1557=CARTESIAN_POINT('',(1.133543399251E2,-2.674339380210E1,6.25E0));
#1558=VERTEX_POINT('',#1556);
#1559=VERTEX_POINT('',#1557);
#1560=CARTESIAN_POINT('',(1.214853280318E2,-2.672777740467E1,8.25E0));
#1561=CARTESIAN_POINT('',(1.136567491710E2,-2.873043711324E1,8.25E0));
#1562=VERTEX_POINT('',#1560);
#1563=VERTEX_POINT('',#1561);
#1564=CARTESIAN_POINT('',(1.133543399251E2,-2.674339380210E1,1.875E1));
#1565=CARTESIAN_POINT('',(1.211288264039E2,-2.475457167961E1,1.875E1));
#1566=VERTEX_POINT('',#1564);
#1567=VERTEX_POINT('',#1565);
#1568=CARTESIAN_POINT('',(1.136567491710E2,-2.873043711324E1,1.675E1));
#1569=CARTESIAN_POINT('',(1.214853280318E2,-2.672777740467E1,1.675E1));
#1570=VERTEX_POINT('',#1568);
#1571=VERTEX_POINT('',#1569);
#1572=CARTESIAN_POINT('',(1.197481658727E2,-1.899373140483E1,3.E1));
#1573=CARTESIAN_POINT('',(1.197481658727E2,-1.899373140483E1,1.875E1));
#1574=VERTEX_POINT('',#1572);
#1575=VERTEX_POINT('',#1573);
#1576=CARTESIAN_POINT('',(1.199010425962E2,-1.413247392181E1,3.E1));
#1577=CARTESIAN_POINT('',(1.199010425962E2,-1.413247392181E1,1.875E1));
#1578=VERTEX_POINT('',#1576);
#1579=VERTEX_POINT('',#1577);
#1580=CARTESIAN_POINT('',(1.197481658727E2,-1.899373140483E1,6.25E0));
#1581=CARTESIAN_POINT('',(1.197481658727E2,-1.899373140483E1,-5.E0));
#1582=VERTEX_POINT('',#1580);
#1583=VERTEX_POINT('',#1581);
#1584=CARTESIAN_POINT('',(1.199010425962E2,-1.413247392181E1,6.25E0));
#1585=CARTESIAN_POINT('',(1.199010425962E2,-1.413247392181E1,-5.E0));
#1586=VERTEX_POINT('',#1584);
#1587=VERTEX_POINT('',#1585);
#1588=CARTESIAN_POINT('',(1.092854186594E2,-1.752944141098E1,0.E0));
#1589=CARTESIAN_POINT('',(1.092857780174E2,-1.752896257513E1,6.25E0));
#1590=VERTEX_POINT('',#1588);
#1591=VERTEX_POINT('',#1589);
#1592=CARTESIAN_POINT('',(1.125055000407E2,-2.234869909462E1,0.E0));
#1593=CARTESIAN_POINT('',(1.125055000407E2,-2.234869909462E1,6.25E0));
#1594=VERTEX_POINT('',#1592);
#1595=VERTEX_POINT('',#1593);
#1596=CARTESIAN_POINT('',(1.091968475584E2,-1.746561474469E1,0.E0));
#1597=CARTESIAN_POINT('',(1.091968475584E2,-1.746561474469E1,-5.E0));
#1598=VERTEX_POINT('',#1596);
#1599=VERTEX_POINT('',#1597);
#1600=CARTESIAN_POINT('',(1.123477094827E2,-2.236798145170E1,0.E0));
#1601=CARTESIAN_POINT('',(1.123477094827E2,-2.236798145170E1,-5.E0));
#1602=VERTEX_POINT('',#1600);
#1603=VERTEX_POINT('',#1601);
#1604=CARTESIAN_POINT('',(1.091968475584E2,-1.746561474469E1,3.E1));
#1605=CARTESIAN_POINT('',(1.091968475584E2,-1.746561474469E1,2.5E1));
#1606=VERTEX_POINT('',#1604);
#1607=VERTEX_POINT('',#1605);
#1608=CARTESIAN_POINT('',(1.123477094827E2,-2.236798145170E1,3.E1));
#1609=CARTESIAN_POINT('',(1.123477094827E2,-2.236798145170E1,2.5E1));
#1610=VERTEX_POINT('',#1608);
#1611=VERTEX_POINT('',#1609);
#1612=CARTESIAN_POINT('',(1.125055000407E2,-2.234869909462E1,1.875E1));
#1613=CARTESIAN_POINT('',(1.125055000407E2,-2.234869909462E1,2.5E1));
#1614=VERTEX_POINT('',#1612);
#1615=VERTEX_POINT('',#1613);
#1616=CARTESIAN_POINT('',(1.092857780174E2,-1.752896257512E1,1.875E1));
#1617=CARTESIAN_POINT('',(1.092854186594E2,-1.752944141098E1,2.5E1));
#1618=VERTEX_POINT('',#1616);
#1619=VERTEX_POINT('',#1617);
#1620=CARTESIAN_POINT('',(1.143027705605E2,-4.721381714765E1,2.5E1));
#1621=CARTESIAN_POINT('',(1.218544567294E2,-4.721381714765E1,2.5E1));
#1622=VERTEX_POINT('',#1620);
#1623=VERTEX_POINT('',#1621);
#1624=CARTESIAN_POINT('',(1.143384757592E2,-4.155696289815E1,2.734314575051E1));
#1625=CARTESIAN_POINT('',(1.223067143577E2,-4.155696289815E1,2.734314575051E1));
#1626=VERTEX_POINT('',#1624);
#1627=VERTEX_POINT('',#1625);
#1628=CARTESIAN_POINT('',(1.218544567294E2,-4.721381714765E1,0.E0));
#1629=CARTESIAN_POINT('',(1.143027705605E2,-4.721381714765E1,0.E0));
#1630=VERTEX_POINT('',#1628);
#1631=VERTEX_POINT('',#1629);
#1632=CARTESIAN_POINT('',(1.223067143577E2,-4.155696289815E1,
-2.343145750508E0));
#1633=CARTESIAN_POINT('',(1.143384757592E2,-4.155696289815E1,
-2.343145750508E0));
#1634=VERTEX_POINT('',#1632);
#1635=VERTEX_POINT('',#1633);
#1636=CARTESIAN_POINT('',(1.222026652440E2,-4.390010864866E1,0.E0));
#1637=CARTESIAN_POINT('',(1.224316845073E2,-3.785345659167E1,0.E0));
#1638=VERTEX_POINT('',#1636);
#1639=VERTEX_POINT('',#1637);
#1640=CARTESIAN_POINT('',(1.222026652440E2,-4.390010864866E1,2.5E1));
#1641=CARTESIAN_POINT('',(1.224316845073E2,-3.785345659167E1,2.5E1));
#1642=VERTEX_POINT('',#1640);
#1643=VERTEX_POINT('',#1641);
#1644=CARTESIAN_POINT('',(1.222026652440E2,-4.390010864866E1,
-7.185622310044E-1));
#1645=VERTEX_POINT('',#1644);
#1646=CARTESIAN_POINT('',(1.222026652440E2,-4.390010864866E1,2.571856223100E1));
#1647=VERTEX_POINT('',#1646);
#1648=VERTEX_POINT('',#154);
#1649=VERTEX_POINT('',#158);
#1650=VERTEX_POINT('',#465);
#1651=CARTESIAN_POINT('',(1.143348403658E2,-4.124325439917E1,2.765685424949E1));
#1652=VERTEX_POINT('',#1651);
#1653=VERTEX_POINT('',#502);
#1654=VERTEX_POINT('',#1178);
#1655=VERTEX_POINT('',#1184);
#1656=CARTESIAN_POINT('',(1.223191744716E2,-4.124325439917E1,
-2.656854249492E0));
#1657=VERTEX_POINT('',#1656);
#1658=VERTEX_POINT('',#1223);
#1659=VERTEX_POINT('',#186);
#1660=CARTESIAN_POINT('',(3.316640460680E1,-1.282818755922E2,
-2.184098047699E0));
#1661=CARTESIAN_POINT('',(3.151153134976E1,-1.209629008911E2,
-2.184098047700E0));
#1662=VERTEX_POINT('',#1660);
#1663=VERTEX_POINT('',#1661);
#1664=CARTESIAN_POINT('',(2.964265847579E1,-1.291117881193E2,
-4.826918291906E0));
#1665=CARTESIAN_POINT('',(2.798821362893E1,-1.217947081393E2,
-4.826918291906E0));
#1666=VERTEX_POINT('',#1664);
#1667=VERTEX_POINT('',#1665);
#1668=CARTESIAN_POINT('',(3.737936834440E1,-1.192802700457E2,0.E0));
#1669=CARTESIAN_POINT('',(3.903858995390E1,-1.266184761179E2,0.E0));
#1670=VERTEX_POINT('',#1668);
#1671=VERTEX_POINT('',#1669);
#1672=CARTESIAN_POINT('',(3.376152383651E1,-1.203543082247E2,
-9.416715859915E-1));
#1673=CARTESIAN_POINT('',(3.541761495356E1,-1.276786691308E2,
-9.416715859915E-1));
#1674=VERTEX_POINT('',#1672);
#1675=VERTEX_POINT('',#1673);
#1676=CARTESIAN_POINT('',(3.044366612517E1,-1.212360639119E2,2.777191911888E1));
#1677=CARTESIAN_POINT('',(3.209815298293E1,-1.285533296927E2,2.777191911888E1));
#1678=VERTEX_POINT('',#1676);
#1679=VERTEX_POINT('',#1677);
#1680=VERTEX_POINT('',#953);
#1681=CARTESIAN_POINT('',(2.833359056985E1,-1.217166159083E2,2.946012376644E1));
#1682=CARTESIAN_POINT('',(2.998803541671E1,-1.290336958883E2,2.946012376644E1));
#1683=VERTEX_POINT('',#1681);
#1684=VERTEX_POINT('',#1682);
#1685=VERTEX_POINT('',#571);
#1686=CARTESIAN_POINT('',(3.903858995388E1,-1.266184761179E2,2.5E1));
#1687=CARTESIAN_POINT('',(3.737936834438E1,-1.192802700457E2,2.5E1));
#1688=VERTEX_POINT('',#1686);
#1689=VERTEX_POINT('',#1687);
#1690=CARTESIAN_POINT('',(3.541761495354E1,-1.276786691308E2,2.594167158599E1));
#1691=CARTESIAN_POINT('',(3.376152383649E1,-1.203543082247E2,2.594167158599E1));
#1692=VERTEX_POINT('',#1690);
#1693=VERTEX_POINT('',#1691);
#1694=CARTESIAN_POINT('',(3.195667881720E1,-1.285885713389E2,
-2.924213801548E0));
#1695=VERTEX_POINT('',#1694);
#1696=CARTESIAN_POINT('',(3.030223397034E1,-1.212714913589E2,
-2.924213801549E0));
#1697=VERTEX_POINT('',#1696);
#1698=CARTESIAN_POINT('',(2.835147811839E1,-1.217125714039E2,2.196988609443E1));
#1699=CARTESIAN_POINT('',(2.835147811839E1,-1.217125714039E2,1.711E1));
#1700=VERTEX_POINT('',#1698);
#1701=VERTEX_POINT('',#1699);
#1702=CARTESIAN_POINT('',(3.030223397034E1,-1.212714913589E2,2.196988609443E1));
#1703=VERTEX_POINT('',#1702);
#1704=CARTESIAN_POINT('',(3.030223397034E1,-1.212714913589E2,3.430113905568E0));
#1705=CARTESIAN_POINT('',(2.835147811839E1,-1.217125714039E2,3.430113905568E0));
#1706=VERTEX_POINT('',#1704);
#1707=VERTEX_POINT('',#1705);
#1708=CARTESIAN_POINT('',(3.000592296525E1,-1.290296513839E2,2.196988609443E1));
#1709=CARTESIAN_POINT('',(3.000592296525E1,-1.290296513839E2,1.711E1));
#1710=VERTEX_POINT('',#1708);
#1711=VERTEX_POINT('',#1709);
#1712=CARTESIAN_POINT('',(3.195667881720E1,-1.285885713389E2,3.430113905568E0));
#1713=CARTESIAN_POINT('',(3.000592296525E1,-1.290296513839E2,3.430113905568E0));
#1714=VERTEX_POINT('',#1712);
#1715=VERTEX_POINT('',#1713);
#1716=CARTESIAN_POINT('',(3.195667881720E1,-1.285885713389E2,2.196988609443E1));
#1717=VERTEX_POINT('',#1716);
#1718=CARTESIAN_POINT('',(2.835147811839E1,-1.217125714039E2,7.89E0));
#1719=CARTESIAN_POINT('',(3.000592296525E1,-1.290296513839E2,7.89E0));
#1720=VERTEX_POINT('',#1718);
#1721=VERTEX_POINT('',#1719);
#1722=CARTESIAN_POINT('',(3.893247980157E1,-1.231657111689E2,8.2E0));
#1723=CARTESIAN_POINT('',(3.893247980157E1,-1.231657111689E2,1.72E1));
#1724=VERTEX_POINT('',#1722);
#1725=VERTEX_POINT('',#1723);
#1726=CARTESIAN_POINT('',(2.917870054182E1,-1.253711113939E2,1.72E1));
#1727=VERTEX_POINT('',#1726);
#1728=CARTESIAN_POINT('',(2.917870054182E1,-1.253711113939E2,8.2E0));
#1729=CARTESIAN_POINT('',(2.937619163840E1,-1.262445512984E2,1.711E1));
#1730=VERTEX_POINT('',#1728);
#1731=VERTEX_POINT('',#1729);
#1732=CARTESIAN_POINT('',(2.898120944524E1,-1.244976714894E2,1.711E1));
#1733=VERTEX_POINT('',#1732);
#1734=CARTESIAN_POINT('',(4.748126453562E1,-1.156310058682E2,4.324649523621E0));
#1735=CARTESIAN_POINT('',(4.748126453562E1,-1.156310058682E2,2.107535047638E1));
#1736=VERTEX_POINT('',#1734);
#1737=VERTEX_POINT('',#1735);
#1738=CARTESIAN_POINT('',(4.915737474236E1,-1.230439048E2,2.930829786606E0));
#1739=CARTESIAN_POINT('',(4.915737474236E1,-1.230439048E2,2.246917021339E1));
#1740=VERTEX_POINT('',#1738);
#1741=VERTEX_POINT('',#1739);
#1742=CARTESIAN_POINT('',(-3.946368873485E1,2.442E1,0.E0));
#1743=DIRECTION('',(0.E0,0.E0,1.E0));
#1744=DIRECTION('',(1.E0,0.E0,0.E0));
#1745=AXIS2_PLACEMENT_3D('',#1742,#1743,#1744);
#1746=CYLINDRICAL_SURFACE('',#1745,1.7866E2);
#1748=ORIENTED_EDGE('',*,*,#1747,.T.);
#1750=ORIENTED_EDGE('',*,*,#1749,.F.);
#1752=ORIENTED_EDGE('',*,*,#1751,.T.);
#1754=ORIENTED_EDGE('',*,*,#1753,.T.);
#1755=EDGE_LOOP('',(#1748,#1750,#1752,#1754));
#1756=FACE_OUTER_BOUND('',#1755,.F.);
#1758=CARTESIAN_POINT('',(8.217775979074E1,-4.213789660587E1,8.4151016E1));
#1759=DIRECTION('',(0.E0,0.E0,-1.E0));
#1760=DIRECTION('',(9.915615984928E-1,-1.296364007303E-1,0.E0));
#1761=AXIS2_PLACEMENT_3D('',#1758,#1759,#1760);
#1762=CYLINDRICAL_SURFACE('',#1761,4.E1);
#1764=ORIENTED_EDGE('',*,*,#1763,.T.);
#1765=ORIENTED_EDGE('',*,*,#1747,.F.);
#1767=ORIENTED_EDGE('',*,*,#1766,.T.);
#1769=ORIENTED_EDGE('',*,*,#1768,.T.);
#1770=EDGE_LOOP('',(#1764,#1765,#1767,#1769));
#1771=FACE_OUTER_BOUND('',#1770,.F.);
#1773=CARTESIAN_POINT('',(0.E0,0.E0,0.E0));
#1774=DIRECTION('',(0.E0,0.E0,1.E0));
#1775=DIRECTION('',(1.E0,0.E0,0.E0));
#1776=AXIS2_PLACEMENT_3D('',#1773,#1774,#1775);
#1777=PLANE('',#1776);
#1779=ORIENTED_EDGE('',*,*,#1778,.F.);
#1781=ORIENTED_EDGE('',*,*,#1780,.T.);
#1783=ORIENTED_EDGE('',*,*,#1782,.F.);
#1785=ORIENTED_EDGE('',*,*,#1784,.F.);
#1787=ORIENTED_EDGE('',*,*,#1786,.T.);
#1788=EDGE_LOOP('',(#1779,#1781,#1783,#1785,#1787));
#1789=FACE_OUTER_BOUND('',#1788,.F.);
#1791=CARTESIAN_POINT('',(0.E0,0.E0,0.E0));
#1792=DIRECTION('',(0.E0,0.E0,1.E0));
#1793=DIRECTION('',(1.E0,0.E0,0.E0));
#1794=AXIS2_PLACEMENT_3D('',#1791,#1792,#1793);
#1795=PLANE('',#1794);
#1797=ORIENTED_EDGE('',*,*,#1796,.T.);
#1799=ORIENTED_EDGE('',*,*,#1798,.T.);
#1800=EDGE_LOOP('',(#1797,#1799));
#1801=FACE_OUTER_BOUND('',#1800,.F.);
#1803=CARTESIAN_POINT('',(0.E0,0.E0,0.E0));
#1804=DIRECTION('',(0.E0,0.E0,1.E0));
#1805=DIRECTION('',(1.E0,0.E0,0.E0));
#1806=AXIS2_PLACEMENT_3D('',#1803,#1804,#1805);
#1807=PLANE('',#1806);
#1809=ORIENTED_EDGE('',*,*,#1808,.T.);
#1811=ORIENTED_EDGE('',*,*,#1810,.T.);
#1812=ORIENTED_EDGE('',*,*,#1749,.T.);
#1813=ORIENTED_EDGE('',*,*,#1763,.F.);
#1815=ORIENTED_EDGE('',*,*,#1814,.T.);
#1817=ORIENTED_EDGE('',*,*,#1816,.T.);
#1819=ORIENTED_EDGE('',*,*,#1818,.F.);
#1821=ORIENTED_EDGE('',*,*,#1820,.F.);
#1823=ORIENTED_EDGE('',*,*,#1822,.T.);
#1825=ORIENTED_EDGE('',*,*,#1824,.T.);
#1826=EDGE_LOOP('',(#1809,#1811,#1812,#1813,#1815,#1817,#1819,#1821,#1823,
#1825));
#1827=FACE_OUTER_BOUND('',#1826,.F.);
#1829=CARTESIAN_POINT('',(1.133024697484E2,-1.179605863925E1,4.2695E1));
#1830=DIRECTION('',(0.E0,0.E0,1.E0));
#1831=DIRECTION('',(1.E0,0.E0,0.E0));
#1832=AXIS2_PLACEMENT_3D('',#1829,#1830,#1831);
#1833=CYLINDRICAL_SURFACE('',#1832,3.75E0);
#1835=ORIENTED_EDGE('',*,*,#1834,.T.);
#1837=ORIENTED_EDGE('',*,*,#1836,.F.);
#1838=ORIENTED_EDGE('',*,*,#1778,.T.);
#1840=ORIENTED_EDGE('',*,*,#1839,.T.);
#1841=EDGE_LOOP('',(#1835,#1837,#1838,#1840));
#1842=FACE_OUTER_BOUND('',#1841,.F.);
#1844=CARTESIAN_POINT('',(1.133024697484E2,-1.179605863925E1,4.2695E1));
#1845=DIRECTION('',(0.E0,0.E0,1.E0));
#1846=DIRECTION('',(1.E0,0.E0,0.E0));
#1847=AXIS2_PLACEMENT_3D('',#1844,#1845,#1846);
#1848=CYLINDRICAL_SURFACE('',#1847,3.75E0);
#1850=ORIENTED_EDGE('',*,*,#1849,.T.);
#1852=ORIENTED_EDGE('',*,*,#1851,.F.);
#1854=ORIENTED_EDGE('',*,*,#1853,.T.);
#1856=ORIENTED_EDGE('',*,*,#1855,.T.);
#1857=EDGE_LOOP('',(#1850,#1852,#1854,#1856));
#1858=FACE_OUTER_BOUND('',#1857,.F.);
#1860=CARTESIAN_POINT('',(0.E0,0.E0,6.25E0));
#1861=DIRECTION('',(0.E0,0.E0,1.E0));
#1862=DIRECTION('',(0.E0,-1.E0,0.E0));
#1863=AXIS2_PLACEMENT_3D('',#1860,#1861,#1862);
#1864=PLANE('',#1863);
#1866=ORIENTED_EDGE('',*,*,#1865,.T.);
#1868=ORIENTED_EDGE('',*,*,#1867,.F.);
#1870=ORIENTED_EDGE('',*,*,#1869,.F.);
#1872=ORIENTED_EDGE('',*,*,#1871,.F.);
#1874=ORIENTED_EDGE('',*,*,#1873,.F.);
#1876=ORIENTED_EDGE('',*,*,#1875,.T.);
#1877=EDGE_LOOP('',(#1866,#1868,#1870,#1872,#1874,#1876));
#1878=FACE_OUTER_BOUND('',#1877,.F.);
#1879=ORIENTED_EDGE('',*,*,#1834,.F.);
#1881=ORIENTED_EDGE('',*,*,#1880,.F.);
#1883=ORIENTED_EDGE('',*,*,#1882,.T.);
#1885=ORIENTED_EDGE('',*,*,#1884,.T.);
#1886=EDGE_LOOP('',(#1879,#1881,#1883,#1885));
#1887=FACE_BOUND('',#1886,.F.);
#1889=CARTESIAN_POINT('',(5.222640954548E1,-3.822206802930E1,0.E0));
#1890=DIRECTION('',(0.E0,0.E0,1.E0));
#1891=DIRECTION('',(1.E0,0.E0,0.E0));
#1892=AXIS2_PLACEMENT_3D('',#1889,#1890,#1891);
#1893=CYLINDRICAL_SURFACE('',#1892,7.020624264876E1);
#1894=ORIENTED_EDGE('',*,*,#1839,.F.);
#1895=ORIENTED_EDGE('',*,*,#1786,.F.);
#1897=ORIENTED_EDGE('',*,*,#1896,.T.);
#1898=ORIENTED_EDGE('',*,*,#1880,.T.);
#1899=EDGE_LOOP('',(#1894,#1895,#1897,#1898));
#1900=FACE_OUTER_BOUND('',#1899,.F.);
#1902=CARTESIAN_POINT('',(5.222640954548E1,-3.822206802930E1,0.E0));
#1903=DIRECTION('',(0.E0,0.E0,1.E0));
#1904=DIRECTION('',(1.E0,0.E0,0.E0));
#1905=AXIS2_PLACEMENT_3D('',#1902,#1903,#1904);
#1906=CYLINDRICAL_SURFACE('',#1905,7.020624264876E1);
#1907=ORIENTED_EDGE('',*,*,#1855,.F.);
#1909=ORIENTED_EDGE('',*,*,#1908,.F.);
#1911=ORIENTED_EDGE('',*,*,#1910,.T.);
#1913=ORIENTED_EDGE('',*,*,#1912,.T.);
#1914=EDGE_LOOP('',(#1907,#1909,#1911,#1913));
#1915=FACE_OUTER_BOUND('',#1914,.F.);
#1917=CARTESIAN_POINT('',(5.222640954548E1,-3.822206802930E1,0.E0));
#1918=DIRECTION('',(0.E0,0.E0,1.E0));
#1919=DIRECTION('',(1.E0,0.E0,0.E0));
#1920=AXIS2_PLACEMENT_3D('',#1917,#1918,#1919);
#1921=CYLINDRICAL_SURFACE('',#1920,7.020624264876E1);
#1923=ORIENTED_EDGE('',*,*,#1922,.F.);
#1925=ORIENTED_EDGE('',*,*,#1924,.F.);
#1927=ORIENTED_EDGE('',*,*,#1926,.T.);
#1929=ORIENTED_EDGE('',*,*,#1928,.F.);
#1931=ORIENTED_EDGE('',*,*,#1930,.F.);
#1933=ORIENTED_EDGE('',*,*,#1932,.F.);
#1935=ORIENTED_EDGE('',*,*,#1934,.F.);
#1936=ORIENTED_EDGE('',*,*,#1873,.T.);
#1938=ORIENTED_EDGE('',*,*,#1937,.T.);
#1940=ORIENTED_EDGE('',*,*,#1939,.T.);
#1942=ORIENTED_EDGE('',*,*,#1941,.F.);
#1944=ORIENTED_EDGE('',*,*,#1943,.F.);
#1945=ORIENTED_EDGE('',*,*,#1796,.F.);
#1947=ORIENTED_EDGE('',*,*,#1946,.T.);
#1949=ORIENTED_EDGE('',*,*,#1948,.F.);
#1950=ORIENTED_EDGE('',*,*,#1814,.F.);
#1951=ORIENTED_EDGE('',*,*,#1768,.F.);
#1953=ORIENTED_EDGE('',*,*,#1952,.T.);
#1955=ORIENTED_EDGE('',*,*,#1954,.F.);
#1957=ORIENTED_EDGE('',*,*,#1956,.F.);
#1959=ORIENTED_EDGE('',*,*,#1958,.T.);
#1961=ORIENTED_EDGE('',*,*,#1960,.T.);
#1962=EDGE_LOOP('',(#1923,#1925,#1927,#1929,#1931,#1933,#1935,#1936,#1938,#1940,
#1942,#1944,#1945,#1947,#1949,#1950,#1951,#1953,#1955,#1957,#1959,#1961));
#1963=FACE_OUTER_BOUND('',#1962,.F.);
#1965=CARTESIAN_POINT('',(1.133024697484E2,-1.179605863925E1,2.5E1));
#1966=DIRECTION('',(0.E0,0.E0,1.E0));
#1967=DIRECTION('',(1.E0,0.E0,0.E0));
#1968=AXIS2_PLACEMENT_3D('',#1965,#1966,#1967);
#1969=CYLINDRICAL_SURFACE('',#1968,4.E0);
#1971=ORIENTED_EDGE('',*,*,#1970,.F.);
#1973=ORIENTED_EDGE('',*,*,#1972,.T.);
#1974=ORIENTED_EDGE('',*,*,#1910,.F.);
#1976=ORIENTED_EDGE('',*,*,#1975,.T.);
#1978=ORIENTED_EDGE('',*,*,#1977,.T.);
#1980=ORIENTED_EDGE('',*,*,#1979,.F.);
#1982=ORIENTED_EDGE('',*,*,#1981,.T.);
#1984=ORIENTED_EDGE('',*,*,#1983,.F.);
#1985=EDGE_LOOP('',(#1971,#1973,#1974,#1976,#1978,#1980,#1982,#1984));
#1986=FACE_OUTER_BOUND('',#1985,.F.);
#1988=CARTESIAN_POINT('',(1.133024697484E2,-1.179605863925E1,2.5E1));
#1989=DIRECTION('',(0.E0,0.E0,1.E0));
#1990=DIRECTION('',(1.E0,0.E0,0.E0));
#1991=AXIS2_PLACEMENT_3D('',#1988,#1989,#1990);
#1992=CYLINDRICAL_SURFACE('',#1991,4.E0);
#1994=ORIENTED_EDGE('',*,*,#1993,.F.);
#1996=ORIENTED_EDGE('',*,*,#1995,.T.);
#1998=ORIENTED_EDGE('',*,*,#1997,.T.);
#2000=ORIENTED_EDGE('',*,*,#1999,.F.);
#2001=ORIENTED_EDGE('',*,*,#1782,.T.);
#2003=ORIENTED_EDGE('',*,*,#2002,.T.);
#2004=ORIENTED_EDGE('',*,*,#1882,.F.);
#2005=ORIENTED_EDGE('',*,*,#1896,.F.);
#2006=EDGE_LOOP('',(#1994,#1996,#1998,#2000,#2001,#2003,#2004,#2005));
#2007=FACE_OUTER_BOUND('',#2006,.F.);
#2009=CARTESIAN_POINT('',(1.133024697484E2,-1.179605863925E1,0.E0));
#2010=DIRECTION('',(0.E0,0.E0,-1.E0));
#2011=DIRECTION('',(0.E0,1.E0,0.E0));
#2012=AXIS2_PLACEMENT_3D('',#2009,#2010,#2011);
#2013=CYLINDRICAL_SURFACE('',#2012,4.E0);
#2015=ORIENTED_EDGE('',*,*,#2014,.F.);
#2016=ORIENTED_EDGE('',*,*,#1972,.F.);
#2017=ORIENTED_EDGE('',*,*,#1970,.T.);
#2019=ORIENTED_EDGE('',*,*,#2018,.F.);
#2020=ORIENTED_EDGE('',*,*,#1981,.F.);
#2021=EDGE_LOOP('',(#2015,#2016,#2017,#2019,#2020));
#2022=FACE_OUTER_BOUND('',#2021,.F.);
#2024=CARTESIAN_POINT('',(1.133024697484E2,-1.179605863925E1,0.E0));
#2025=DIRECTION('',(0.E0,0.E0,-1.E0));
#2026=DIRECTION('',(0.E0,1.E0,0.E0));
#2027=AXIS2_PLACEMENT_3D('',#2024,#2025,#2026);
#2028=CYLINDRICAL_SURFACE('',#2027,4.E0);
#2029=ORIENTED_EDGE('',*,*,#1993,.T.);
#2030=ORIENTED_EDGE('',*,*,#1784,.T.);
#2031=ORIENTED_EDGE('',*,*,#1999,.T.);
#2033=ORIENTED_EDGE('',*,*,#2032,.T.);
#2034=ORIENTED_EDGE('',*,*,#1995,.F.);
#2035=EDGE_LOOP('',(#2029,#2030,#2031,#2033,#2034));
#2036=FACE_OUTER_BOUND('',#2035,.F.);
#2038=CARTESIAN_POINT('',(0.E0,0.E0,2.5E1));
#2039=DIRECTION('',(0.E0,0.E0,1.E0));
#2040=DIRECTION('',(1.E0,0.E0,0.E0));
#2041=AXIS2_PLACEMENT_3D('',#2038,#2039,#2040);
#2042=PLANE('',#2041);
#2043=ORIENTED_EDGE('',*,*,#1849,.F.);
#2044=ORIENTED_EDGE('',*,*,#1912,.F.);
#2045=ORIENTED_EDGE('',*,*,#2014,.T.);
#2046=ORIENTED_EDGE('',*,*,#1979,.T.);
#2048=ORIENTED_EDGE('',*,*,#2047,.F.);
#2049=EDGE_LOOP('',(#2043,#2044,#2045,#2046,#2048));
#2050=FACE_OUTER_BOUND('',#2049,.F.);
#2052=CARTESIAN_POINT('',(0.E0,0.E0,2.5E1));
#2053=DIRECTION('',(0.E0,0.E0,1.E0));
#2054=DIRECTION('',(1.E0,0.E0,0.E0));
#2055=AXIS2_PLACEMENT_3D('',#2052,#2053,#2054);
#2056=PLANE('',#2055);
#2057=ORIENTED_EDGE('',*,*,#1958,.F.);
#2059=ORIENTED_EDGE('',*,*,#2058,.F.);
#2060=EDGE_LOOP('',(#2057,#2059));
#2061=FACE_OUTER_BOUND('',#2060,.F.);
#2063=CARTESIAN_POINT('',(0.E0,0.E0,2.5E1));
#2064=DIRECTION('',(0.E0,0.E0,1.E0));
#2065=DIRECTION('',(1.E0,0.E0,0.E0));
#2066=AXIS2_PLACEMENT_3D('',#2063,#2064,#2065);
#2067=PLANE('',#2066);
#2069=ORIENTED_EDGE('',*,*,#2068,.T.);
#2071=ORIENTED_EDGE('',*,*,#2070,.F.);
#2073=ORIENTED_EDGE('',*,*,#2072,.F.);
#2075=ORIENTED_EDGE('',*,*,#2074,.F.);
#2077=ORIENTED_EDGE('',*,*,#2076,.F.);
#2079=ORIENTED_EDGE('',*,*,#2078,.T.);
#2080=ORIENTED_EDGE('',*,*,#1952,.F.);
#2081=ORIENTED_EDGE('',*,*,#1766,.F.);
#2082=ORIENTED_EDGE('',*,*,#1753,.F.);
#2084=ORIENTED_EDGE('',*,*,#2083,.F.);
#2085=EDGE_LOOP('',(#2069,#2071,#2073,#2075,#2077,#2079,#2080,#2081,#2082,
#2084));
#2086=FACE_OUTER_BOUND('',#2085,.F.);
#2088=CARTESIAN_POINT('',(3.289E1,-4.000584080203E1,0.E0));
#2089=DIRECTION('',(0.E0,0.E0,1.E0));
#2090=DIRECTION('',(1.E0,0.E0,0.E0));
#2091=AXIS2_PLACEMENT_3D('',#2088,#2089,#2090);
#2092=CYLINDRICAL_SURFACE('',#2091,8.155E1);
#2093=ORIENTED_EDGE('',*,*,#1836,.T.);
#2094=ORIENTED_EDGE('',*,*,#1884,.F.);
#2095=ORIENTED_EDGE('',*,*,#2002,.F.);
#2096=ORIENTED_EDGE('',*,*,#1780,.F.);
#2097=EDGE_LOOP('',(#2093,#2094,#2095,#2096));
#2098=FACE_OUTER_BOUND('',#2097,.F.);
#2100=CARTESIAN_POINT('',(3.289E1,-4.000584080203E1,0.E0));
#2101=DIRECTION('',(0.E0,0.E0,1.E0));
#2102=DIRECTION('',(1.E0,0.E0,0.E0));
#2103=AXIS2_PLACEMENT_3D('',#2100,#2101,#2102);
#2104=CYLINDRICAL_SURFACE('',#2103,8.155E1);
#2105=ORIENTED_EDGE('',*,*,#1851,.T.);
#2106=ORIENTED_EDGE('',*,*,#2047,.T.);
#2107=ORIENTED_EDGE('',*,*,#1977,.F.);
#2109=ORIENTED_EDGE('',*,*,#2108,.T.);
#2110=EDGE_LOOP('',(#2105,#2106,#2107,#2109));
#2111=FACE_OUTER_BOUND('',#2110,.F.);
#2113=CARTESIAN_POINT('',(3.289E1,-4.000584080203E1,0.E0));
#2114=DIRECTION('',(0.E0,0.E0,1.E0));
#2115=DIRECTION('',(1.E0,0.E0,0.E0));
#2116=AXIS2_PLACEMENT_3D('',#2113,#2114,#2115);
#2117=CYLINDRICAL_SURFACE('',#2116,8.155E1);
#2119=ORIENTED_EDGE('',*,*,#2118,.T.);
#2120=ORIENTED_EDGE('',*,*,#1865,.F.);
#2122=ORIENTED_EDGE('',*,*,#2121,.F.);
#2124=ORIENTED_EDGE('',*,*,#2123,.T.);
#2126=ORIENTED_EDGE('',*,*,#2125,.F.);
#2128=ORIENTED_EDGE('',*,*,#2127,.T.);
#2130=ORIENTED_EDGE('',*,*,#2129,.T.);
#2132=ORIENTED_EDGE('',*,*,#2131,.F.);
#2134=ORIENTED_EDGE('',*,*,#2133,.F.);
#2136=ORIENTED_EDGE('',*,*,#2135,.F.);
#2138=ORIENTED_EDGE('',*,*,#2137,.T.);
#2140=ORIENTED_EDGE('',*,*,#2139,.T.);
#2141=EDGE_LOOP('',(#2119,#2120,#2122,#2124,#2126,#2128,#2130,#2132,#2134,#2136,
#2138,#2140));
#2142=FACE_OUTER_BOUND('',#2141,.F.);
#2144=CARTESIAN_POINT('',(0.E0,0.E0,1.875E1));
#2145=DIRECTION('',(0.E0,0.E0,1.E0));
#2146=DIRECTION('',(0.E0,-1.E0,0.E0));
#2147=AXIS2_PLACEMENT_3D('',#2144,#2145,#2146);
#2148=PLANE('',#2147);
#2150=ORIENTED_EDGE('',*,*,#2149,.T.);
#2152=ORIENTED_EDGE('',*,*,#2151,.F.);
#2153=ORIENTED_EDGE('',*,*,#2127,.F.);
#2155=ORIENTED_EDGE('',*,*,#2154,.T.);
#2156=ORIENTED_EDGE('',*,*,#1928,.T.);
#2158=ORIENTED_EDGE('',*,*,#2157,.F.);
#2159=EDGE_LOOP('',(#2150,#2152,#2153,#2155,#2156,#2158));
#2160=FACE_OUTER_BOUND('',#2159,.F.);
#2161=ORIENTED_EDGE('',*,*,#1853,.F.);
#2162=ORIENTED_EDGE('',*,*,#2108,.F.);
#2163=ORIENTED_EDGE('',*,*,#1975,.F.);
#2164=ORIENTED_EDGE('',*,*,#1908,.T.);
#2165=EDGE_LOOP('',(#2161,#2162,#2163,#2164));
#2166=FACE_BOUND('',#2165,.F.);
#2168=CARTESIAN_POINT('',(1.133024697484E2,-1.179605863925E1,2.5E1));
#2169=DIRECTION('',(0.E0,0.E0,1.E0));
#2170=DIRECTION('',(1.E0,0.E0,0.E0));
#2171=AXIS2_PLACEMENT_3D('',#2168,#2169,#2170);
#2172=CYLINDRICAL_SURFACE('',#2171,7.E0);
#2174=ORIENTED_EDGE('',*,*,#2173,.F.);
#2176=ORIENTED_EDGE('',*,*,#2175,.F.);
#2178=ORIENTED_EDGE('',*,*,#2177,.T.);
#2180=ORIENTED_EDGE('',*,*,#2179,.F.);
#2182=ORIENTED_EDGE('',*,*,#2181,.F.);
#2183=ORIENTED_EDGE('',*,*,#2149,.F.);
#2184=EDGE_LOOP('',(#2174,#2176,#2178,#2180,#2182,#2183));
#2185=FACE_OUTER_BOUND('',#2184,.F.);
#2187=CARTESIAN_POINT('',(1.133024697484E2,-1.179605863925E1,2.5E1));
#2188=DIRECTION('',(0.E0,0.E0,1.E0));
#2189=DIRECTION('',(1.E0,0.E0,0.E0));
#2190=AXIS2_PLACEMENT_3D('',#2187,#2188,#2189);
#2191=CYLINDRICAL_SURFACE('',#2190,7.E0);
#2193=ORIENTED_EDGE('',*,*,#2192,.F.);
#2194=ORIENTED_EDGE('',*,*,#1869,.T.);
#2196=ORIENTED_EDGE('',*,*,#2195,.F.);
#2198=ORIENTED_EDGE('',*,*,#2197,.F.);
#2200=ORIENTED_EDGE('',*,*,#2199,.T.);
#2202=ORIENTED_EDGE('',*,*,#2201,.T.);
#2203=EDGE_LOOP('',(#2193,#2194,#2196,#2198,#2200,#2202));
#2204=FACE_OUTER_BOUND('',#2203,.F.);
#2206=CARTESIAN_POINT('',(1.274422687080E2,-1.680266281617E1,8.3165048E1));
#2207=DIRECTION('',(0.E0,0.E0,-1.E0));
#2208=DIRECTION('',(-9.617628544093E-1,-2.738835735828E-1,0.E0));
#2209=AXIS2_PLACEMENT_3D('',#2206,#2207,#2208);
#2210=CYLINDRICAL_SURFACE('',#2209,8.E0);
#2211=ORIENTED_EDGE('',*,*,#1926,.F.);
#2213=ORIENTED_EDGE('',*,*,#2212,.T.);
#2214=ORIENTED_EDGE('',*,*,#2173,.T.);
#2215=ORIENTED_EDGE('',*,*,#2157,.T.);
#2216=EDGE_LOOP('',(#2211,#2213,#2214,#2215));
#2217=FACE_OUTER_BOUND('',#2216,.F.);
#2219=CARTESIAN_POINT('',(0.E0,0.E0,3.E1));
#2220=DIRECTION('',(0.E0,0.E0,-1.E0));
#2221=DIRECTION('',(0.E0,1.E0,0.E0));
#2222=AXIS2_PLACEMENT_3D('',#2219,#2220,#2221);
#2223=PLANE('',#2222);
#2225=ORIENTED_EDGE('',*,*,#2224,.F.);
#2227=ORIENTED_EDGE('',*,*,#2226,.T.);
#2229=ORIENTED_EDGE('',*,*,#2228,.T.);
#2231=ORIENTED_EDGE('',*,*,#2230,.F.);
#2232=ORIENTED_EDGE('',*,*,#2175,.T.);
#2233=ORIENTED_EDGE('',*,*,#2212,.F.);
#2234=ORIENTED_EDGE('',*,*,#1924,.T.);
#2235=EDGE_LOOP('',(#2225,#2227,#2229,#2231,#2232,#2233,#2234));
#2236=FACE_OUTER_BOUND('',#2235,.F.);
#2237=ORIENTED_EDGE('',*,*,#1983,.T.);
#2238=ORIENTED_EDGE('',*,*,#2018,.T.);
#2239=EDGE_LOOP('',(#2237,#2238));
#2240=FACE_BOUND('',#2239,.F.);
#2242=CARTESIAN_POINT('',(-2.031344177449E2,-3.558640014968E1,2.2E1));
#2243=DIRECTION('',(1.E0,0.E0,0.E0));
#2244=DIRECTION('',(0.E0,0.E0,1.E0));
#2245=AXIS2_PLACEMENT_3D('',#2242,#2243,#2244);
#2246=CYLINDRICAL_SURFACE('',#2245,8.E0);
#2247=ORIENTED_EDGE('',*,*,#1922,.T.);
#2249=ORIENTED_EDGE('',*,*,#2248,.T.);
#2251=ORIENTED_EDGE('',*,*,#2250,.F.);
#2253=ORIENTED_EDGE('',*,*,#2252,.T.);
#2254=ORIENTED_EDGE('',*,*,#2224,.T.);
#2255=EDGE_LOOP('',(#2247,#2249,#2251,#2253,#2254));
#2256=FACE_OUTER_BOUND('',#2255,.F.);
#2258=CARTESIAN_POINT('',(-1.616686413708E2,-3.012071102589E1,2.5E1));
#2259=DIRECTION('',(0.E0,0.E0,-1.E0));
#2260=DIRECTION('',(0.E0,1.E0,0.E0));
#2261=AXIS2_PLACEMENT_3D('',#2258,#2259,#2260);
#2262=CYLINDRICAL_SURFACE('',#2261,2.842055427292E2);
#2263=ORIENTED_EDGE('',*,*,#2248,.F.);
#2264=ORIENTED_EDGE('',*,*,#1960,.F.);
#2265=ORIENTED_EDGE('',*,*,#2058,.T.);
#2266=ORIENTED_EDGE('',*,*,#1956,.T.);
#2268=ORIENTED_EDGE('',*,*,#2267,.F.);
#2270=ORIENTED_EDGE('',*,*,#2269,.F.);
#2271=EDGE_LOOP('',(#2263,#2264,#2265,#2266,#2268,#2270));
#2272=FACE_OUTER_BOUND('',#2271,.F.);
#2274=CARTESIAN_POINT('',(-2.031344177449E2,-4.721381714765E1,3.3E1));
#2275=DIRECTION('',(1.E0,0.E0,0.E0));
#2276=DIRECTION('',(0.E0,0.E0,-1.E0));
#2277=AXIS2_PLACEMENT_3D('',#2274,#2275,#2276);
#2278=CYLINDRICAL_SURFACE('',#2277,8.E0);
#2279=ORIENTED_EDGE('',*,*,#2078,.F.);
#2281=ORIENTED_EDGE('',*,*,#2280,.T.);
#2283=ORIENTED_EDGE('',*,*,#2282,.T.);
#2284=ORIENTED_EDGE('',*,*,#2267,.T.);
#2285=ORIENTED_EDGE('',*,*,#1954,.T.);
#2286=EDGE_LOOP('',(#2279,#2281,#2283,#2284,#2285));
#2287=FACE_OUTER_BOUND('',#2286,.F.);
#2289=CARTESIAN_POINT('',(-5.244178204277E1,-4.333281123200E1,2.5E1));
#2290=DIRECTION('',(0.E0,0.E0,-1.E0));
#2291=DIRECTION('',(0.E0,1.E0,0.E0));
#2292=AXIS2_PLACEMENT_3D('',#2289,#2290,#2291);
#2293=CYLINDRICAL_SURFACE('',#2292,1.667897120022E2);
#2294=ORIENTED_EDGE('',*,*,#2252,.F.);
#2296=ORIENTED_EDGE('',*,*,#2295,.F.);
#2297=ORIENTED_EDGE('',*,*,#2280,.F.);
#2298=ORIENTED_EDGE('',*,*,#2076,.T.);
#2300=ORIENTED_EDGE('',*,*,#2299,.T.);
#2302=ORIENTED_EDGE('',*,*,#2301,.T.);
#2303=ORIENTED_EDGE('',*,*,#2226,.F.);
#2304=EDGE_LOOP('',(#2294,#2296,#2297,#2298,#2300,#2302,#2303));
#2305=FACE_OUTER_BOUND('',#2304,.F.);
#2307=CARTESIAN_POINT('',(1.182748152169E2,-4.140010864866E1,2.75E1));
#2308=DIRECTION('',(0.E0,-7.071067811865E-1,7.071067811865E-1));
#2309=DIRECTION('',(0.E0,-7.071067811865E-1,-7.071067811865E-1));
#2310=AXIS2_PLACEMENT_3D('',#2307,#2308,#2309);
#2311=PLANE('',#2310);
#2312=ORIENTED_EDGE('',*,*,#2250,.T.);
#2313=ORIENTED_EDGE('',*,*,#2269,.T.);
#2314=ORIENTED_EDGE('',*,*,#2282,.F.);
#2315=ORIENTED_EDGE('',*,*,#2295,.T.);
#2316=EDGE_LOOP('',(#2312,#2313,#2314,#2315));
#2317=FACE_OUTER_BOUND('',#2316,.F.);
#2319=CARTESIAN_POINT('',(0.E0,0.E0,2.5E1));
#2320=DIRECTION('',(0.E0,0.E0,-1.E0));
#2321=DIRECTION('',(0.E0,1.E0,0.E0));
#2322=AXIS2_PLACEMENT_3D('',#2319,#2320,#2321);
#2323=PLANE('',#2322);
#2325=ORIENTED_EDGE('',*,*,#2324,.T.);
#2326=ORIENTED_EDGE('',*,*,#2133,.T.);
#2327=ORIENTED_EDGE('',*,*,#2299,.F.);
#2328=EDGE_LOOP('',(#2325,#2326,#2327));
#2329=FACE_OUTER_BOUND('',#2328,.F.);
#2331=CARTESIAN_POINT('',(0.E0,0.E0,2.5E1));
#2332=DIRECTION('',(0.E0,0.E0,-1.E0));
#2333=DIRECTION('',(0.E0,1.E0,0.E0));
#2334=AXIS2_PLACEMENT_3D('',#2331,#2332,#2333);
#2335=PLANE('',#2334);
#2337=ORIENTED_EDGE('',*,*,#2336,.F.);
#2339=ORIENTED_EDGE('',*,*,#2338,.F.);
#2340=ORIENTED_EDGE('',*,*,#2131,.T.);
#2342=ORIENTED_EDGE('',*,*,#2341,.T.);
#2343=EDGE_LOOP('',(#2337,#2339,#2340,#2342));
#2344=FACE_OUTER_BOUND('',#2343,.F.);
#2346=CARTESIAN_POINT('',(7.443298267220E1,-4.076944455861E1,-5.9151016E1));
#2347=DIRECTION('',(0.E0,0.E0,1.E0));
#2348=DIRECTION('',(8.711599988673E-1,-4.909992427422E-1,0.E0));
#2349=AXIS2_PLACEMENT_3D('',#2346,#2347,#2348);
#2350=CYLINDRICAL_SURFACE('',#2349,4.E1);
#2352=ORIENTED_EDGE('',*,*,#2351,.F.);
#2353=ORIENTED_EDGE('',*,*,#1820,.T.);
#2355=ORIENTED_EDGE('',*,*,#2354,.T.);
#2356=ORIENTED_EDGE('',*,*,#2135,.T.);
#2357=ORIENTED_EDGE('',*,*,#2324,.F.);
#2358=ORIENTED_EDGE('',*,*,#2074,.T.);
#2359=EDGE_LOOP('',(#2352,#2353,#2355,#2356,#2357,#2358));
#2360=FACE_OUTER_BOUND('',#2359,.F.);
#2362=CARTESIAN_POINT('',(-2.386E1,1.463E1,0.E0));
#2363=DIRECTION('',(0.E0,0.E0,1.E0));
#2364=DIRECTION('',(1.E0,0.E0,0.E0));
#2365=AXIS2_PLACEMENT_3D('',#2362,#2363,#2364);
#2366=CYLINDRICAL_SURFACE('',#2365,1.5283E2);
#2367=ORIENTED_EDGE('',*,*,#2351,.T.);
#2368=ORIENTED_EDGE('',*,*,#2072,.T.);
#2370=ORIENTED_EDGE('',*,*,#2369,.F.);
#2371=ORIENTED_EDGE('',*,*,#1822,.F.);
#2372=EDGE_LOOP('',(#2367,#2368,#2370,#2371));
#2373=FACE_OUTER_BOUND('',#2372,.F.);
#2375=CARTESIAN_POINT('',(0.E0,0.E0,0.E0));
#2376=DIRECTION('',(0.E0,0.E0,1.E0));
#2377=DIRECTION('',(1.E0,0.E0,0.E0));
#2378=AXIS2_PLACEMENT_3D('',#2375,#2376,#2377);
#2379=CYLINDRICAL_SURFACE('',#2378,1.25E2);
#2381=ORIENTED_EDGE('',*,*,#2380,.F.);
#2383=ORIENTED_EDGE('',*,*,#2382,.T.);
#2385=ORIENTED_EDGE('',*,*,#2384,.F.);
#2387=ORIENTED_EDGE('',*,*,#2386,.F.);
#2389=ORIENTED_EDGE('',*,*,#2388,.F.);
#2391=ORIENTED_EDGE('',*,*,#2390,.F.);
#2392=ORIENTED_EDGE('',*,*,#1824,.F.);
#2393=ORIENTED_EDGE('',*,*,#2369,.T.);
#2394=ORIENTED_EDGE('',*,*,#2070,.T.);
#2396=ORIENTED_EDGE('',*,*,#2395,.F.);
#2398=ORIENTED_EDGE('',*,*,#2397,.F.);
#2400=ORIENTED_EDGE('',*,*,#2399,.F.);
#2402=ORIENTED_EDGE('',*,*,#2401,.F.);
#2404=ORIENTED_EDGE('',*,*,#2403,.T.);
#2405=EDGE_LOOP('',(#2381,#2383,#2385,#2387,#2389,#2391,#2392,#2393,#2394,#2396,
#2398,#2400,#2402,#2404));
#2406=FACE_OUTER_BOUND('',#2405,.F.);
#2408=CARTESIAN_POINT('',(3.592514990609E1,-1.117466893592E2,-2.3715E1));
#2409=DIRECTION('',(-3.186096224703E-1,-9.478860208218E-1,0.E0));
#2410=DIRECTION('',(9.478860208218E-1,-3.186096224703E-1,0.E0));
#2411=AXIS2_PLACEMENT_3D('',#2408,#2409,#2410);
#2412=PLANE('',#2411);
#2413=ORIENTED_EDGE('',*,*,#2380,.T.);
#2415=ORIENTED_EDGE('',*,*,#2414,.T.);
#2416=EDGE_LOOP('',(#2413,#2415));
#2417=FACE_OUTER_BOUND('',#2416,.F.);
#2419=CARTESIAN_POINT('',(2.917870054182E1,-1.253711113939E2,1.27E1));
#2420=DIRECTION('',(-9.753779259749E-1,-2.205400224922E-1,0.E0));
#2421=DIRECTION('',(0.E0,0.E0,-1.E0));
#2422=AXIS2_PLACEMENT_3D('',#2419,#2420,#2421);
#2423=CYLINDRICAL_SURFACE('',#2422,1.E1);
#2424=ORIENTED_EDGE('',*,*,#2414,.F.);
#2425=ORIENTED_EDGE('',*,*,#2403,.F.);
#2427=ORIENTED_EDGE('',*,*,#2426,.T.);
#2429=ORIENTED_EDGE('',*,*,#2428,.T.);
#2431=ORIENTED_EDGE('',*,*,#2430,.F.);
#2432=ORIENTED_EDGE('',*,*,#2382,.F.);
#2433=EDGE_LOOP('',(#2424,#2425,#2427,#2429,#2431,#2432));
#2434=FACE_OUTER_BOUND('',#2433,.F.);
#2436=CARTESIAN_POINT('',(3.030223397034E1,-1.212714913589E2,5.89E0));
#2437=DIRECTION('',(-2.205400224922E-1,9.753779259749E-1,0.E0));
#2438=DIRECTION('',(0.E0,0.E0,-1.E0));
#2439=AXIS2_PLACEMENT_3D('',#2436,#2437,#2438);
#2440=PLANE('',#2439);
#2442=ORIENTED_EDGE('',*,*,#2441,.F.);
#2443=ORIENTED_EDGE('',*,*,#2426,.F.);
#2444=ORIENTED_EDGE('',*,*,#2401,.T.);
#2446=ORIENTED_EDGE('',*,*,#2445,.F.);
#2448=ORIENTED_EDGE('',*,*,#2447,.F.);
#2450=ORIENTED_EDGE('',*,*,#2449,.T.);
#2452=ORIENTED_EDGE('',*,*,#2451,.F.);
#2454=ORIENTED_EDGE('',*,*,#2453,.T.);
#2456=ORIENTED_EDGE('',*,*,#2455,.F.);
#2458=ORIENTED_EDGE('',*,*,#2457,.T.);
#2460=ORIENTED_EDGE('',*,*,#2459,.F.);
#2462=ORIENTED_EDGE('',*,*,#2461,.F.);
#2463=EDGE_LOOP('',(#2442,#2443,#2444,#2446,#2448,#2450,#2452,#2454,#2456,#2458,
#2460,#2462));
#2464=FACE_OUTER_BOUND('',#2463,.F.);
#2466=CARTESIAN_POINT('',(3.030223397034E1,-1.212714913589E2,5.89E0));
#2467=DIRECTION('',(-2.205400224922E-1,9.753779259749E-1,0.E0));
#2468=DIRECTION('',(0.E0,0.E0,-1.E0));
#2469=AXIS2_PLACEMENT_3D('',#2466,#2467,#2468);
#2470=PLANE('',#2469);
#2471=ORIENTED_EDGE('',*,*,#2430,.T.);
#2473=ORIENTED_EDGE('',*,*,#2472,.F.);
#2475=ORIENTED_EDGE('',*,*,#2474,.F.);
#2477=ORIENTED_EDGE('',*,*,#2476,.T.);
#2479=ORIENTED_EDGE('',*,*,#2478,.T.);
#2481=ORIENTED_EDGE('',*,*,#2480,.T.);
#2483=ORIENTED_EDGE('',*,*,#2482,.T.);
#2485=ORIENTED_EDGE('',*,*,#2484,.F.);
#2487=ORIENTED_EDGE('',*,*,#2486,.T.);
#2489=ORIENTED_EDGE('',*,*,#2488,.F.);
#2491=ORIENTED_EDGE('',*,*,#2490,.F.);
#2492=ORIENTED_EDGE('',*,*,#2384,.T.);
#2493=EDGE_LOOP('',(#2471,#2473,#2475,#2477,#2479,#2481,#2483,#2485,#2487,#2489,
#2491,#2492));
#2494=FACE_OUTER_BOUND('',#2493,.F.);
#2496=CARTESIAN_POINT('',(7.909463381513E-1,1.788387029896E-1,-2.044E1));
#2497=DIRECTION('',(-9.753779259749E-1,-2.205400224922E-1,0.E0));
#2498=DIRECTION('',(0.E0,0.E0,1.E0));
#2499=AXIS2_PLACEMENT_3D('',#2496,#2497,#2498);
#2500=PLANE('',#2499);
#2502=ORIENTED_EDGE('',*,*,#2501,.T.);
#2504=ORIENTED_EDGE('',*,*,#2503,.F.);
#2506=ORIENTED_EDGE('',*,*,#2505,.F.);
#2508=ORIENTED_EDGE('',*,*,#2507,.F.);
#2510=ORIENTED_EDGE('',*,*,#2509,.F.);
#2512=ORIENTED_EDGE('',*,*,#2511,.F.);
#2513=ORIENTED_EDGE('',*,*,#2472,.T.);
#2514=ORIENTED_EDGE('',*,*,#2428,.F.);
#2515=ORIENTED_EDGE('',*,*,#2441,.T.);
#2517=ORIENTED_EDGE('',*,*,#2516,.F.);
#2519=ORIENTED_EDGE('',*,*,#2518,.T.);
#2520=EDGE_LOOP('',(#2502,#2504,#2506,#2508,#2510,#2512,#2513,#2514,#2515,#2517,
#2519));
#2521=FACE_OUTER_BOUND('',#2520,.F.);
#2523=CARTESIAN_POINT('',(2.917870054182E1,-1.253711113939E2,1.27E1));
#2524=DIRECTION('',(-9.753779259749E-1,-2.205400224922E-1,0.E0));
#2525=DIRECTION('',(0.E0,0.E0,-1.E0));
#2526=AXIS2_PLACEMENT_3D('',#2523,#2524,#2525);
#2527=CYLINDRICAL_SURFACE('',#2526,4.5E0);
#2528=ORIENTED_EDGE('',*,*,#2501,.F.);
#2530=ORIENTED_EDGE('',*,*,#2529,.T.);
#2532=ORIENTED_EDGE('',*,*,#2531,.T.);
#2534=ORIENTED_EDGE('',*,*,#2533,.F.);
#2536=ORIENTED_EDGE('',*,*,#2535,.F.);
#2537=EDGE_LOOP('',(#2528,#2530,#2532,#2534,#2536));
#2538=FACE_OUTER_BOUND('',#2537,.F.);
#2540=CARTESIAN_POINT('',(2.917870054182E1,-1.253711113939E2,1.27E1));
#2541=DIRECTION('',(-9.753779259749E-1,-2.205400224922E-1,0.E0));
#2542=DIRECTION('',(0.E0,0.E0,-1.E0));
#2543=AXIS2_PLACEMENT_3D('',#2540,#2541,#2542);
#2544=CYLINDRICAL_SURFACE('',#2543,4.5E0);
#2545=ORIENTED_EDGE('',*,*,#2518,.F.);
#2547=ORIENTED_EDGE('',*,*,#2546,.F.);
#2548=ORIENTED_EDGE('',*,*,#2533,.T.);
#2550=ORIENTED_EDGE('',*,*,#2549,.T.);
#2551=ORIENTED_EDGE('',*,*,#2529,.F.);
#2552=EDGE_LOOP('',(#2545,#2547,#2548,#2550,#2551));
#2553=FACE_OUTER_BOUND('',#2552,.F.);
#2555=CARTESIAN_POINT('',(7.909463381513E-1,1.788387029896E-1,-2.044E1));
#2556=DIRECTION('',(-9.753779259749E-1,-2.205400224922E-1,0.E0));
#2557=DIRECTION('',(0.E0,0.E0,-1.E0));
#2558=AXIS2_PLACEMENT_3D('',#2555,#2556,#2557);
#2559=PLANE('',#2558);
#2561=ORIENTED_EDGE('',*,*,#2560,.F.);
#2562=ORIENTED_EDGE('',*,*,#2535,.T.);
#2563=ORIENTED_EDGE('',*,*,#2546,.T.);
#2564=EDGE_LOOP('',(#2561,#2562,#2563));
#2565=FACE_OUTER_BOUND('',#2564,.F.);
#2567=CARTESIAN_POINT('',(2.820332261585E1,-1.255916514164E2,1.811E1));
#2568=DIRECTION('',(-6.896963456765E-1,-1.559453454273E-1,-7.071067811865E-1));
#2569=DIRECTION('',(-6.896963456765E-1,-1.559453454273E-1,7.071067811865E-1));
#2570=AXIS2_PLACEMENT_3D('',#2567,#2568,#2569);
#2571=PLANE('',#2570);
#2572=ORIENTED_EDGE('',*,*,#2560,.T.);
#2573=ORIENTED_EDGE('',*,*,#2516,.T.);
#2574=ORIENTED_EDGE('',*,*,#2461,.T.);
#2576=ORIENTED_EDGE('',*,*,#2575,.F.);
#2578=ORIENTED_EDGE('',*,*,#2577,.T.);
#2579=ORIENTED_EDGE('',*,*,#2503,.T.);
#2580=EDGE_LOOP('',(#2572,#2573,#2574,#2576,#2578,#2579));
#2581=FACE_OUTER_BOUND('',#2580,.F.);
#2583=CARTESIAN_POINT('',(3.030223397034E1,-1.212714913589E2,1.911E1));
#2584=DIRECTION('',(0.E0,0.E0,-1.E0));
#2585=DIRECTION('',(2.205400224922E-1,-9.753779259749E-1,0.E0));
#2586=AXIS2_PLACEMENT_3D('',#2583,#2584,#2585);
#2587=PLANE('',#2586);
#2588=ORIENTED_EDGE('',*,*,#2575,.T.);
#2589=ORIENTED_EDGE('',*,*,#2459,.T.);
#2591=ORIENTED_EDGE('',*,*,#2590,.T.);
#2593=ORIENTED_EDGE('',*,*,#2592,.F.);
#2594=EDGE_LOOP('',(#2588,#2589,#2591,#2593));
#2595=FACE_OUTER_BOUND('',#2594,.F.);
#2597=CARTESIAN_POINT('',(-1.188896669952E1,-2.688181589410E0,-2.044E1));
#2598=DIRECTION('',(-9.753779259749E-1,-2.205400224922E-1,0.E0));
#2599=DIRECTION('',(0.E0,0.E0,1.E0));
#2600=AXIS2_PLACEMENT_3D('',#2597,#2598,#2599);
#2601=PLANE('',#2600);
#2602=ORIENTED_EDGE('',*,*,#2478,.F.);
#2604=ORIENTED_EDGE('',*,*,#2603,.F.);
#2606=ORIENTED_EDGE('',*,*,#2605,.F.);
#2608=ORIENTED_EDGE('',*,*,#2607,.T.);
#2610=ORIENTED_EDGE('',*,*,#2609,.F.);
#2611=ORIENTED_EDGE('',*,*,#2590,.F.);
#2612=ORIENTED_EDGE('',*,*,#2457,.F.);
#2614=ORIENTED_EDGE('',*,*,#2613,.T.);
#2615=EDGE_LOOP('',(#2602,#2604,#2606,#2608,#2610,#2611,#2612,#2614));
#2616=FACE_OUTER_BOUND('',#2615,.F.);
#2618=ORIENTED_EDGE('',*,*,#2617,.T.);
#2620=ORIENTED_EDGE('',*,*,#2619,.T.);
#2622=ORIENTED_EDGE('',*,*,#2621,.T.);
#2624=ORIENTED_EDGE('',*,*,#2623,.T.);
#2626=ORIENTED_EDGE('',*,*,#2625,.T.);
#2628=ORIENTED_EDGE('',*,*,#2627,.T.);
#2630=ORIENTED_EDGE('',*,*,#2629,.T.);
#2632=ORIENTED_EDGE('',*,*,#2631,.T.);
#2633=EDGE_LOOP('',(#2618,#2620,#2622,#2624,#2626,#2628,#2630,#2632));
#2634=FACE_BOUND('',#2633,.F.);
#2636=CARTESIAN_POINT('',(1.512134282458E1,-1.221461347801E2,1.095E1));
#2637=DIRECTION('',(2.205400224922E-1,-9.753779259749E-1,0.E0));
#2638=DIRECTION('',(0.E0,0.E0,1.E0));
#2639=AXIS2_PLACEMENT_3D('',#2636,#2637,#2638);
#2640=PLANE('',#2639);
#2641=ORIENTED_EDGE('',*,*,#2617,.F.);
#2643=ORIENTED_EDGE('',*,*,#2642,.T.);
#2645=ORIENTED_EDGE('',*,*,#2644,.T.);
#2647=ORIENTED_EDGE('',*,*,#2646,.F.);
#2648=EDGE_LOOP('',(#2641,#2643,#2645,#2647));
#2649=FACE_OUTER_BOUND('',#2648,.F.);
#2651=CARTESIAN_POINT('',(1.558447687182E1,-1.241944284247E2,1.095E1));
#2652=DIRECTION('',(0.E0,0.E0,1.E0));
#2653=DIRECTION('',(-2.205400224922E-1,9.753779259749E-1,0.E0));
#2654=AXIS2_PLACEMENT_3D('',#2651,#2652,#2653);
#2655=PLANE('',#2654);
#2656=ORIENTED_EDGE('',*,*,#2631,.F.);
#2658=ORIENTED_EDGE('',*,*,#2657,.T.);
#2660=ORIENTED_EDGE('',*,*,#2659,.T.);
#2661=ORIENTED_EDGE('',*,*,#2642,.F.);
#2662=EDGE_LOOP('',(#2656,#2658,#2660,#2661));
#2663=FACE_OUTER_BOUND('',#2662,.F.);
#2665=CARTESIAN_POINT('',(1.649878750415E1,-1.282381316863E2,1.27E1));
#2666=DIRECTION('',(-9.753779259749E-1,-2.205400224922E-1,0.E0));
#2667=DIRECTION('',(0.E0,0.E0,1.E0));
#2668=AXIS2_PLACEMENT_3D('',#2665,#2666,#2667);
#2669=CYLINDRICAL_SURFACE('',#2668,4.5E0);
#2670=ORIENTED_EDGE('',*,*,#2629,.F.);
#2672=ORIENTED_EDGE('',*,*,#2671,.T.);
#2674=ORIENTED_EDGE('',*,*,#2673,.T.);
#2675=ORIENTED_EDGE('',*,*,#2657,.F.);
#2676=EDGE_LOOP('',(#2670,#2672,#2674,#2675));
#2677=FACE_OUTER_BOUND('',#2676,.F.);
#2679=CARTESIAN_POINT('',(1.787623218371E1,-1.343301285924E2,1.095E1));
#2680=DIRECTION('',(0.E0,0.E0,1.E0));
#2681=DIRECTION('',(-2.205400224922E-1,9.753779259749E-1,0.E0));
#2682=AXIS2_PLACEMENT_3D('',#2679,#2680,#2681);
#2683=PLANE('',#2682);
#2684=ORIENTED_EDGE('',*,*,#2627,.F.);
#2686=ORIENTED_EDGE('',*,*,#2685,.T.);
#2688=ORIENTED_EDGE('',*,*,#2687,.T.);
#2689=ORIENTED_EDGE('',*,*,#2671,.F.);
#2690=EDGE_LOOP('',(#2684,#2686,#2688,#2689));
#2691=FACE_OUTER_BOUND('',#2690,.F.);
#2693=CARTESIAN_POINT('',(1.787623218371E1,-1.343301285924E2,1.445E1));
#2694=DIRECTION('',(-2.205400224922E-1,9.753779259749E-1,0.E0));
#2695=DIRECTION('',(0.E0,0.E0,-1.E0));
#2696=AXIS2_PLACEMENT_3D('',#2693,#2694,#2695);
#2697=PLANE('',#2696);
#2698=ORIENTED_EDGE('',*,*,#2625,.F.);
#2700=ORIENTED_EDGE('',*,*,#2699,.T.);
#2702=ORIENTED_EDGE('',*,*,#2701,.T.);
#2703=ORIENTED_EDGE('',*,*,#2685,.F.);
#2704=EDGE_LOOP('',(#2698,#2700,#2702,#2703));
#2705=FACE_OUTER_BOUND('',#2704,.F.);
#2707=CARTESIAN_POINT('',(1.741309813648E1,-1.322818349478E2,1.445E1));
#2708=DIRECTION('',(0.E0,0.E0,-1.E0));
#2709=DIRECTION('',(2.205400224922E-1,-9.753779259749E-1,0.E0));
#2710=AXIS2_PLACEMENT_3D('',#2707,#2708,#2709);
#2711=PLANE('',#2710);
#2712=ORIENTED_EDGE('',*,*,#2623,.F.);
#2714=ORIENTED_EDGE('',*,*,#2713,.T.);
#2716=ORIENTED_EDGE('',*,*,#2715,.T.);
#2717=ORIENTED_EDGE('',*,*,#2699,.F.);
#2718=EDGE_LOOP('',(#2712,#2714,#2716,#2717));
#2719=FACE_OUTER_BOUND('',#2718,.F.);
#2721=CARTESIAN_POINT('',(1.649878750415E1,-1.282381316863E2,1.27E1));
#2722=DIRECTION('',(-9.753779259749E-1,-2.205400224922E-1,0.E0));
#2723=DIRECTION('',(0.E0,0.E0,1.E0));
#2724=AXIS2_PLACEMENT_3D('',#2721,#2722,#2723);
#2725=CYLINDRICAL_SURFACE('',#2724,4.5E0);
#2726=ORIENTED_EDGE('',*,*,#2621,.F.);
#2728=ORIENTED_EDGE('',*,*,#2727,.T.);
#2730=ORIENTED_EDGE('',*,*,#2729,.T.);
#2731=ORIENTED_EDGE('',*,*,#2713,.F.);
#2732=EDGE_LOOP('',(#2726,#2728,#2730,#2731));
#2733=FACE_OUTER_BOUND('',#2732,.F.);
#2735=CARTESIAN_POINT('',(1.512134282458E1,-1.221461347801E2,1.445E1));
#2736=DIRECTION('',(0.E0,0.E0,-1.E0));
#2737=DIRECTION('',(2.205400224922E-1,-9.753779259749E-1,0.E0));
#2738=AXIS2_PLACEMENT_3D('',#2735,#2736,#2737);
#2739=PLANE('',#2738);
#2740=ORIENTED_EDGE('',*,*,#2619,.F.);
#2741=ORIENTED_EDGE('',*,*,#2646,.T.);
#2743=ORIENTED_EDGE('',*,*,#2742,.T.);
#2744=ORIENTED_EDGE('',*,*,#2727,.F.);
#2745=EDGE_LOOP('',(#2740,#2741,#2743,#2744));
#2746=FACE_OUTER_BOUND('',#2745,.F.);
#2748=CARTESIAN_POINT('',(-1.969199010732E1,-4.452501769348E0,-2.044E1));
#2749=DIRECTION('',(-9.753779259749E-1,-2.205400224922E-1,0.E0));
#2750=DIRECTION('',(0.E0,0.E0,1.E0));
#2751=AXIS2_PLACEMENT_3D('',#2748,#2749,#2750);
#2752=PLANE('',#2751);
#2754=ORIENTED_EDGE('',*,*,#2753,.F.);
#2756=ORIENTED_EDGE('',*,*,#2755,.F.);
#2758=ORIENTED_EDGE('',*,*,#2757,.F.);
#2760=ORIENTED_EDGE('',*,*,#2759,.F.);
#2762=ORIENTED_EDGE('',*,*,#2761,.F.);
#2763=ORIENTED_EDGE('',*,*,#2482,.F.);
#2765=ORIENTED_EDGE('',*,*,#2764,.F.);
#2766=ORIENTED_EDGE('',*,*,#2453,.F.);
#2767=EDGE_LOOP('',(#2754,#2756,#2758,#2760,#2762,#2763,#2765,#2766));
#2768=FACE_OUTER_BOUND('',#2767,.F.);
#2769=ORIENTED_EDGE('',*,*,#2644,.F.);
#2770=ORIENTED_EDGE('',*,*,#2659,.F.);
#2771=ORIENTED_EDGE('',*,*,#2673,.F.);
#2772=ORIENTED_EDGE('',*,*,#2687,.F.);
#2773=ORIENTED_EDGE('',*,*,#2701,.F.);
#2774=ORIENTED_EDGE('',*,*,#2715,.F.);
#2775=ORIENTED_EDGE('',*,*,#2729,.F.);
#2776=ORIENTED_EDGE('',*,*,#2742,.F.);
#2777=EDGE_LOOP('',(#2769,#2770,#2771,#2772,#2773,#2774,#2775,#2776));
#2778=FACE_BOUND('',#2777,.F.);
#2780=CARTESIAN_POINT('',(6.252786840812E1,-3.522144825928E2,2.859E1));
#2781=DIRECTION('',(-2.205400224922E-1,9.753779259749E-1,0.E0));
#2782=DIRECTION('',(-9.753779259749E-1,-2.205400224922E-1,0.E0));
#2783=AXIS2_PLACEMENT_3D('',#2780,#2781,#2782);
#2784=CYLINDRICAL_SURFACE('',#2783,3.5E0);
#2785=ORIENTED_EDGE('',*,*,#2451,.T.);
#2787=ORIENTED_EDGE('',*,*,#2786,.F.);
#2789=ORIENTED_EDGE('',*,*,#2788,.T.);
#2790=ORIENTED_EDGE('',*,*,#2753,.T.);
#2791=EDGE_LOOP('',(#2785,#2787,#2789,#2790));
#2792=FACE_OUTER_BOUND('',#2791,.F.);
#2794=CARTESIAN_POINT('',(3.195667881720E1,-1.285885713389E2,3.209E1));
#2795=DIRECTION('',(0.E0,0.E0,1.E0));
#2796=DIRECTION('',(-2.205400224922E-1,9.753779259749E-1,0.E0));
#2797=AXIS2_PLACEMENT_3D('',#2794,#2795,#2796);
#2798=PLANE('',#2797);
#2799=ORIENTED_EDGE('',*,*,#2786,.T.);
#2800=ORIENTED_EDGE('',*,*,#2449,.F.);
#2802=ORIENTED_EDGE('',*,*,#2801,.T.);
#2804=ORIENTED_EDGE('',*,*,#2803,.T.);
#2805=EDGE_LOOP('',(#2799,#2800,#2802,#2804));
#2806=FACE_OUTER_BOUND('',#2805,.F.);
#2808=CARTESIAN_POINT('',(-4.365384358194E1,1.697734154660E2,2.409E1));
#2809=DIRECTION('',(2.205400224923E-1,-9.753779259749E-1,0.E0));
#2810=DIRECTION('',(9.690471427340E-1,2.191085864908E-1,1.137499999348E-1));
#2811=AXIS2_PLACEMENT_3D('',#2808,#2809,#2810);
#2812=CYLINDRICAL_SURFACE('',#2811,8.E0);
#2814=ORIENTED_EDGE('',*,*,#2813,.T.);
#2816=ORIENTED_EDGE('',*,*,#2815,.T.);
#2817=ORIENTED_EDGE('',*,*,#2801,.F.);
#2818=ORIENTED_EDGE('',*,*,#2447,.T.);
#2819=EDGE_LOOP('',(#2814,#2816,#2817,#2818));
#2820=FACE_OUTER_BOUND('',#2819,.F.);
#2822=CARTESIAN_POINT('',(-3.480823868672E1,1.844268307240E2,3.483024753289E1));
#2823=DIRECTION('',(2.205400224923E-1,-9.753779259749E-1,0.E0));
#2824=DIRECTION('',(-7.229667176692E-1,-1.634680178113E-1,-6.712654708053E-1));
#2825=AXIS2_PLACEMENT_3D('',#2822,#2823,#2824);
#2826=CYLINDRICAL_SURFACE('',#2825,8.E0);
#2828=ORIENTED_EDGE('',*,*,#2827,.T.);
#2830=ORIENTED_EDGE('',*,*,#2829,.T.);
#2832=ORIENTED_EDGE('',*,*,#2831,.T.);
#2833=ORIENTED_EDGE('',*,*,#2813,.F.);
#2834=ORIENTED_EDGE('',*,*,#2445,.T.);
#2835=ORIENTED_EDGE('',*,*,#2399,.T.);
#2836=EDGE_LOOP('',(#2828,#2830,#2832,#2833,#2834,#2835));
#2837=FACE_OUTER_BOUND('',#2836,.F.);
#2839=CARTESIAN_POINT('',(3.307442949228E1,-1.243768588079E2,2.67725E1));
#2840=DIRECTION('',(4.591145444704E-1,1.038091279981E-1,8.822910517511E-1));
#2841=DIRECTION('',(8.605672161632E-1,1.945804883980E-1,-4.707042595941E-1));
#2842=AXIS2_PLACEMENT_3D('',#2839,#2840,#2841);
#2843=PLANE('',#2842);
#2844=ORIENTED_EDGE('',*,*,#2827,.F.);
#2845=ORIENTED_EDGE('',*,*,#2397,.T.);
#2847=ORIENTED_EDGE('',*,*,#2846,.F.);
#2849=ORIENTED_EDGE('',*,*,#2848,.T.);
#2850=EDGE_LOOP('',(#2844,#2845,#2847,#2849));
#2851=FACE_OUTER_BOUND('',#2850,.F.);
#2853=CARTESIAN_POINT('',(9.004748303748E1,-3.522144825928E2,3.3E1));
#2854=DIRECTION('',(-2.205400224923E-1,9.753779259749E-1,0.E0));
#2855=DIRECTION('',(0.E0,0.E0,-1.E0));
#2856=AXIS2_PLACEMENT_3D('',#2853,#2854,#2855);
#2857=CYLINDRICAL_SURFACE('',#2856,8.E0);
#2858=ORIENTED_EDGE('',*,*,#2068,.F.);
#2860=ORIENTED_EDGE('',*,*,#2859,.T.);
#2861=ORIENTED_EDGE('',*,*,#2846,.T.);
#2862=ORIENTED_EDGE('',*,*,#2395,.T.);
#2863=EDGE_LOOP('',(#2858,#2860,#2861,#2862));
#2864=FACE_OUTER_BOUND('',#2863,.F.);
#2866=CARTESIAN_POINT('',(0.E0,0.E0,0.E0));
#2867=DIRECTION('',(0.E0,0.E0,1.E0));
#2868=DIRECTION('',(1.E0,0.E0,0.E0));
#2869=AXIS2_PLACEMENT_3D('',#2866,#2867,#2868);
#2870=CYLINDRICAL_SURFACE('',#2869,1.325E2);
#2872=ORIENTED_EDGE('',*,*,#2871,.T.);
#2874=ORIENTED_EDGE('',*,*,#2873,.T.);
#2876=ORIENTED_EDGE('',*,*,#2875,.F.);
#2877=ORIENTED_EDGE('',*,*,#2829,.F.);
#2878=ORIENTED_EDGE('',*,*,#2848,.F.);
#2879=ORIENTED_EDGE('',*,*,#2859,.F.);
#2880=ORIENTED_EDGE('',*,*,#2083,.T.);
#2881=ORIENTED_EDGE('',*,*,#1751,.F.);
#2882=ORIENTED_EDGE('',*,*,#1810,.F.);
#2884=ORIENTED_EDGE('',*,*,#2883,.F.);
#2886=ORIENTED_EDGE('',*,*,#2885,.F.);
#2888=ORIENTED_EDGE('',*,*,#2887,.F.);
#2890=ORIENTED_EDGE('',*,*,#2889,.F.);
#2892=ORIENTED_EDGE('',*,*,#2891,.T.);
#2893=EDGE_LOOP('',(#2872,#2874,#2876,#2877,#2878,#2879,#2880,#2881,#2882,#2884,
#2886,#2888,#2890,#2892));
#2894=FACE_OUTER_BOUND('',#2893,.F.);
#2896=CARTESIAN_POINT('',(4.915737474236E1,-1.230439048E2,-2.3715E1));
#2897=DIRECTION('',(-8.596565354593E-1,5.108724312802E-1,0.E0));
#2898=DIRECTION('',(-5.108724312802E-1,-8.596565354593E-1,0.E0));
#2899=AXIS2_PLACEMENT_3D('',#2896,#2897,#2898);
#2900=PLANE('',#2899);
#2901=ORIENTED_EDGE('',*,*,#2871,.F.);
#2903=ORIENTED_EDGE('',*,*,#2902,.T.);
#2904=EDGE_LOOP('',(#2901,#2903));
#2905=FACE_OUTER_BOUND('',#2904,.F.);
#2907=CARTESIAN_POINT('',(2.917870054182E1,-1.253711113939E2,1.27E1));
#2908=DIRECTION('',(-9.753779259749E-1,-2.205400224922E-1,0.E0));
#2909=DIRECTION('',(0.E0,0.E0,-1.E0));
#2910=AXIS2_PLACEMENT_3D('',#2907,#2908,#2909);
#2911=CYLINDRICAL_SURFACE('',#2910,1.E1);
#2912=ORIENTED_EDGE('',*,*,#2902,.F.);
#2913=ORIENTED_EDGE('',*,*,#2891,.F.);
#2915=ORIENTED_EDGE('',*,*,#2914,.T.);
#2916=ORIENTED_EDGE('',*,*,#2507,.T.);
#2918=ORIENTED_EDGE('',*,*,#2917,.F.);
#2919=ORIENTED_EDGE('',*,*,#2873,.F.);
#2920=EDGE_LOOP('',(#2912,#2913,#2915,#2916,#2918,#2919));
#2921=FACE_OUTER_BOUND('',#2920,.F.);
#2923=CARTESIAN_POINT('',(3.195667881720E1,-1.285885713389E2,-7.09E0));
#2924=DIRECTION('',(2.205400224922E-1,-9.753779259749E-1,0.E0));
#2925=DIRECTION('',(0.E0,0.E0,1.E0));
#2926=AXIS2_PLACEMENT_3D('',#2923,#2924,#2925);
#2927=PLANE('',#2926);
#2928=ORIENTED_EDGE('',*,*,#2505,.T.);
#2929=ORIENTED_EDGE('',*,*,#2577,.F.);
#2930=ORIENTED_EDGE('',*,*,#2592,.T.);
#2931=ORIENTED_EDGE('',*,*,#2609,.T.);
#2933=ORIENTED_EDGE('',*,*,#2932,.T.);
#2934=ORIENTED_EDGE('',*,*,#2755,.T.);
#2935=ORIENTED_EDGE('',*,*,#2788,.F.);
#2936=ORIENTED_EDGE('',*,*,#2803,.F.);
#2937=ORIENTED_EDGE('',*,*,#2815,.F.);
#2938=ORIENTED_EDGE('',*,*,#2831,.F.);
#2939=ORIENTED_EDGE('',*,*,#2875,.T.);
#2940=ORIENTED_EDGE('',*,*,#2917,.T.);
#2941=EDGE_LOOP('',(#2928,#2929,#2930,#2931,#2933,#2934,#2935,#2936,#2937,#2938,
#2939,#2940));
#2942=FACE_OUTER_BOUND('',#2941,.F.);
#2944=CARTESIAN_POINT('',(3.195667881720E1,-1.285885713389E2,-7.09E0));
#2945=DIRECTION('',(2.205400224922E-1,-9.753779259749E-1,0.E0));
#2946=DIRECTION('',(0.E0,0.E0,1.E0));
#2947=AXIS2_PLACEMENT_3D('',#2944,#2945,#2946);
#2948=PLANE('',#2947);
#2949=ORIENTED_EDGE('',*,*,#2914,.F.);
#2950=ORIENTED_EDGE('',*,*,#2889,.T.);
#2952=ORIENTED_EDGE('',*,*,#2951,.F.);
#2954=ORIENTED_EDGE('',*,*,#2953,.F.);
#2956=ORIENTED_EDGE('',*,*,#2955,.T.);
#2958=ORIENTED_EDGE('',*,*,#2957,.F.);
#2959=ORIENTED_EDGE('',*,*,#2759,.T.);
#2961=ORIENTED_EDGE('',*,*,#2960,.F.);
#2962=ORIENTED_EDGE('',*,*,#2605,.T.);
#2964=ORIENTED_EDGE('',*,*,#2963,.F.);
#2966=ORIENTED_EDGE('',*,*,#2965,.F.);
#2967=ORIENTED_EDGE('',*,*,#2509,.T.);
#2968=EDGE_LOOP('',(#2949,#2950,#2952,#2954,#2956,#2958,#2959,#2961,#2962,#2964,
#2966,#2967));
#2969=FACE_OUTER_BOUND('',#2968,.F.);
#2971=CARTESIAN_POINT('',(1.649878750415E1,-1.282381316863E2,1.27E1));
#2972=DIRECTION('',(-9.753779259749E-1,-2.205400224922E-1,0.E0));
#2973=DIRECTION('',(0.E0,0.E0,1.E0));
#2974=AXIS2_PLACEMENT_3D('',#2971,#2972,#2973);
#2975=CYLINDRICAL_SURFACE('',#2974,1.E1);
#2976=ORIENTED_EDGE('',*,*,#2607,.F.);
#2977=ORIENTED_EDGE('',*,*,#2960,.T.);
#2978=ORIENTED_EDGE('',*,*,#2757,.T.);
#2979=ORIENTED_EDGE('',*,*,#2932,.F.);
#2980=EDGE_LOOP('',(#2976,#2977,#2978,#2979));
#2981=FACE_OUTER_BOUND('',#2980,.F.);
#2983=CARTESIAN_POINT('',(9.152057566440E1,-3.522144825928E2,
-1.630075487572E1));
#2984=DIRECTION('',(-2.205400224922E-1,9.753779259749E-1,0.E0));
#2985=DIRECTION('',(-6.797946000518E-1,-1.537064889342E-1,7.171147864882E-1));
#2986=AXIS2_PLACEMENT_3D('',#2983,#2984,#2985);
#2987=CYLINDRICAL_SURFACE('',#2986,1.6E1);
#2989=ORIENTED_EDGE('',*,*,#2988,.T.);
#2990=ORIENTED_EDGE('',*,*,#2386,.T.);
#2991=ORIENTED_EDGE('',*,*,#2490,.T.);
#2993=ORIENTED_EDGE('',*,*,#2992,.F.);
#2994=ORIENTED_EDGE('',*,*,#2951,.T.);
#2995=ORIENTED_EDGE('',*,*,#2887,.T.);
#2996=EDGE_LOOP('',(#2989,#2990,#2991,#2993,#2994,#2995));
#2997=FACE_OUTER_BOUND('',#2996,.F.);
#2999=CARTESIAN_POINT('',(3.307442949230E1,-1.243768588079E2,-1.7725E0));
#3000=DIRECTION('',(4.591145444704E-1,1.038091279981E-1,-8.822910517511E-1));
#3001=DIRECTION('',(8.605672161632E-1,1.945804883978E-1,4.707042595941E-1));
#3002=AXIS2_PLACEMENT_3D('',#2999,#3000,#3001);
#3003=PLANE('',#3002);
#3004=ORIENTED_EDGE('',*,*,#2988,.F.);
#3005=ORIENTED_EDGE('',*,*,#2885,.T.);
#3007=ORIENTED_EDGE('',*,*,#3006,.F.);
#3008=ORIENTED_EDGE('',*,*,#2388,.T.);
#3009=EDGE_LOOP('',(#3004,#3005,#3007,#3008));
#3010=FACE_OUTER_BOUND('',#3009,.F.);
#3012=CARTESIAN_POINT('',(-3.316678203621E1,1.927227716978E2,-8.E0));
#3013=DIRECTION('',(2.205400224922E-1,-9.753779259749E-1,0.E0));
#3014=DIRECTION('',(0.E0,0.E0,1.E0));
#3015=AXIS2_PLACEMENT_3D('',#3012,#3013,#3014);
#3016=CYLINDRICAL_SURFACE('',#3015,8.E0);
#3017=ORIENTED_EDGE('',*,*,#1808,.F.);
#3018=ORIENTED_EDGE('',*,*,#2390,.T.);
#3019=ORIENTED_EDGE('',*,*,#3006,.T.);
#3020=ORIENTED_EDGE('',*,*,#2883,.T.);
#3021=EDGE_LOOP('',(#3017,#3018,#3019,#3020));
#3022=FACE_OUTER_BOUND('',#3021,.F.);
#3024=CARTESIAN_POINT('',(7.437140561934E1,-3.522144825928E2,9.1E-1));
#3025=DIRECTION('',(-2.205400224922E-1,9.753779259749E-1,0.E0));
#3026=DIRECTION('',(0.E0,0.E0,-1.E0));
#3027=AXIS2_PLACEMENT_3D('',#3024,#3025,#3026);
#3028=CYLINDRICAL_SURFACE('',#3027,8.E0);
#3029=ORIENTED_EDGE('',*,*,#2992,.T.);
#3030=ORIENTED_EDGE('',*,*,#2488,.T.);
#3032=ORIENTED_EDGE('',*,*,#3031,.F.);
#3033=ORIENTED_EDGE('',*,*,#2953,.T.);
#3034=EDGE_LOOP('',(#3029,#3030,#3032,#3033));
#3035=FACE_OUTER_BOUND('',#3034,.F.);
#3037=CARTESIAN_POINT('',(3.030223397034E1,-1.212714913589E2,-7.09E0));
#3038=DIRECTION('',(0.E0,0.E0,-1.E0));
#3039=DIRECTION('',(2.205400224922E-1,-9.753779259749E-1,0.E0));
#3040=AXIS2_PLACEMENT_3D('',#3037,#3038,#3039);
#3041=PLANE('',#3040);
#3043=ORIENTED_EDGE('',*,*,#3042,.T.);
#3044=ORIENTED_EDGE('',*,*,#2955,.F.);
#3045=ORIENTED_EDGE('',*,*,#3031,.T.);
#3046=ORIENTED_EDGE('',*,*,#2486,.F.);
#3047=EDGE_LOOP('',(#3043,#3044,#3045,#3046));
#3048=FACE_OUTER_BOUND('',#3047,.F.);
#3050=CARTESIAN_POINT('',(-6.217741504450E1,1.993170687220E2,-3.59E0));
#3051=DIRECTION('',(2.205400224922E-1,-9.753779259749E-1,0.E0));
#3052=DIRECTION('',(-9.753779259749E-1,-2.205400224922E-1,0.E0));
#3053=AXIS2_PLACEMENT_3D('',#3050,#3051,#3052);
#3054=CYLINDRICAL_SURFACE('',#3053,3.5E0);
#3055=ORIENTED_EDGE('',*,*,#2957,.T.);
#3056=ORIENTED_EDGE('',*,*,#3042,.F.);
#3057=ORIENTED_EDGE('',*,*,#2484,.T.);
#3058=ORIENTED_EDGE('',*,*,#2761,.T.);
#3059=EDGE_LOOP('',(#3055,#3056,#3057,#3058));
#3060=FACE_OUTER_BOUND('',#3059,.F.);
#3062=CARTESIAN_POINT('',(3.195667881720E1,-1.285885713389E2,5.89E0));
#3063=DIRECTION('',(0.E0,0.E0,1.E0));
#3064=DIRECTION('',(-2.205400224922E-1,9.753779259749E-1,0.E0));
#3065=AXIS2_PLACEMENT_3D('',#3062,#3063,#3064);
#3066=PLANE('',#3065);
#3068=ORIENTED_EDGE('',*,*,#3067,.T.);
#3069=ORIENTED_EDGE('',*,*,#2963,.T.);
#3070=ORIENTED_EDGE('',*,*,#2603,.T.);
#3071=ORIENTED_EDGE('',*,*,#2476,.F.);
#3072=EDGE_LOOP('',(#3068,#3069,#3070,#3071));
#3073=FACE_OUTER_BOUND('',#3072,.F.);
#3075=CARTESIAN_POINT('',(2.820332261585E1,-1.255916514164E2,6.89E0));
#3076=DIRECTION('',(-6.896963456765E-1,-1.559453454273E-1,7.071067811866E-1));
#3077=DIRECTION('',(-6.896963456765E-1,-1.559453454273E-1,-7.071067811865E-1));
#3078=AXIS2_PLACEMENT_3D('',#3075,#3076,#3077);
#3079=PLANE('',#3078);
#3080=ORIENTED_EDGE('',*,*,#2511,.T.);
#3081=ORIENTED_EDGE('',*,*,#2965,.T.);
#3082=ORIENTED_EDGE('',*,*,#3067,.F.);
#3083=ORIENTED_EDGE('',*,*,#2474,.T.);
#3084=EDGE_LOOP('',(#3080,#3081,#3082,#3083));
#3085=FACE_OUTER_BOUND('',#3084,.F.);
#3087=CARTESIAN_POINT('',(1.649878750415E1,-1.282381316863E2,1.27E1));
#3088=DIRECTION('',(-9.753779259749E-1,-2.205400224922E-1,0.E0));
#3089=DIRECTION('',(0.E0,0.E0,1.E0));
#3090=AXIS2_PLACEMENT_3D('',#3087,#3088,#3089);
#3091=CYLINDRICAL_SURFACE('',#3090,1.E1);
#3092=ORIENTED_EDGE('',*,*,#2613,.F.);
#3093=ORIENTED_EDGE('',*,*,#2455,.T.);
#3094=ORIENTED_EDGE('',*,*,#2764,.T.);
#3095=ORIENTED_EDGE('',*,*,#2480,.F.);
#3096=EDGE_LOOP('',(#3092,#3093,#3094,#3095));
#3097=FACE_OUTER_BOUND('',#3096,.F.);
#3099=CARTESIAN_POINT('',(1.054472559790E1,2.384238927912E0,-2.044E1));
#3100=DIRECTION('',(-9.753779259749E-1,-2.205400224922E-1,0.E0));
#3101=DIRECTION('',(0.E0,0.E0,-1.E0));
#3102=AXIS2_PLACEMENT_3D('',#3099,#3100,#3101);
#3103=PLANE('',#3102);
#3104=ORIENTED_EDGE('',*,*,#2531,.F.);
#3105=ORIENTED_EDGE('',*,*,#2549,.F.);
#3106=EDGE_LOOP('',(#3104,#3105));
#3107=FACE_OUTER_BOUND('',#3106,.F.);
#3109=CARTESIAN_POINT('',(0.E0,0.E0,0.E0));
#3110=DIRECTION('',(0.E0,0.E0,-1.E0));
#3111=DIRECTION('',(0.E0,1.E0,0.E0));
#3112=AXIS2_PLACEMENT_3D('',#3109,#3110,#3111);
#3113=PLANE('',#3112);
#3114=ORIENTED_EDGE('',*,*,#2354,.F.);
#3116=ORIENTED_EDGE('',*,*,#3115,.T.);
#3117=ORIENTED_EDGE('',*,*,#2137,.F.);
#3118=EDGE_LOOP('',(#3114,#3116,#3117));
#3119=FACE_OUTER_BOUND('',#3118,.F.);
#3121=CARTESIAN_POINT('',(0.E0,0.E0,0.E0));
#3122=DIRECTION('',(0.E0,0.E0,-1.E0));
#3123=DIRECTION('',(0.E0,1.E0,0.E0));
#3124=AXIS2_PLACEMENT_3D('',#3121,#3122,#3123);
#3125=PLANE('',#3124);
#3127=ORIENTED_EDGE('',*,*,#3126,.T.);
#3128=ORIENTED_EDGE('',*,*,#2139,.F.);
#3130=ORIENTED_EDGE('',*,*,#3129,.T.);
#3132=ORIENTED_EDGE('',*,*,#3131,.F.);
#3133=EDGE_LOOP('',(#3127,#3128,#3130,#3132));
#3134=FACE_OUTER_BOUND('',#3133,.F.);
#3136=CARTESIAN_POINT('',(-5.244178204277E1,-4.333281123200E1,0.E0));
#3137=DIRECTION('',(0.E0,0.E0,-1.E0));
#3138=DIRECTION('',(0.E0,1.E0,0.E0));
#3139=AXIS2_PLACEMENT_3D('',#3136,#3137,#3138);
#3140=CYLINDRICAL_SURFACE('',#3139,1.667897120022E2);
#3142=ORIENTED_EDGE('',*,*,#3141,.F.);
#3144=ORIENTED_EDGE('',*,*,#3143,.T.);
#3146=ORIENTED_EDGE('',*,*,#3145,.F.);
#3147=ORIENTED_EDGE('',*,*,#3115,.F.);
#3148=ORIENTED_EDGE('',*,*,#1818,.T.);
#3150=ORIENTED_EDGE('',*,*,#3149,.F.);
#3152=ORIENTED_EDGE('',*,*,#3151,.F.);
#3153=EDGE_LOOP('',(#3142,#3144,#3146,#3147,#3148,#3150,#3152));
#3154=FACE_OUTER_BOUND('',#3153,.F.);
#3156=CARTESIAN_POINT('',(4.313028215623E2,-3.558640014968E1,3.E0));
#3157=DIRECTION('',(-1.E0,0.E0,0.E0));
#3158=DIRECTION('',(0.E0,0.E0,-1.E0));
#3159=AXIS2_PLACEMENT_3D('',#3156,#3157,#3158);
#3160=CYLINDRICAL_SURFACE('',#3159,8.E0);
#3161=ORIENTED_EDGE('',*,*,#3141,.T.);
#3163=ORIENTED_EDGE('',*,*,#3162,.F.);
#3165=ORIENTED_EDGE('',*,*,#3164,.T.);
#3166=ORIENTED_EDGE('',*,*,#1941,.T.);
#3168=ORIENTED_EDGE('',*,*,#3167,.T.);
#3169=EDGE_LOOP('',(#3161,#3163,#3165,#3166,#3168));
#3170=FACE_OUTER_BOUND('',#3169,.F.);
#3172=CARTESIAN_POINT('',(1.182748152169E2,-4.140010864866E1,-2.5E0));
#3173=DIRECTION('',(0.E0,-7.071067811865E-1,-7.071067811865E-1));
#3174=DIRECTION('',(0.E0,-7.071067811865E-1,7.071067811865E-1));
#3175=AXIS2_PLACEMENT_3D('',#3172,#3173,#3174);
#3176=PLANE('',#3175);
#3177=ORIENTED_EDGE('',*,*,#3162,.T.);
#3178=ORIENTED_EDGE('',*,*,#3151,.T.);
#3180=ORIENTED_EDGE('',*,*,#3179,.F.);
#3182=ORIENTED_EDGE('',*,*,#3181,.T.);
#3183=EDGE_LOOP('',(#3177,#3178,#3180,#3182));
#3184=FACE_OUTER_BOUND('',#3183,.F.);
#3186=CARTESIAN_POINT('',(4.313028215623E2,-4.721381714765E1,-8.E0));
#3187=DIRECTION('',(-1.E0,0.E0,0.E0));
#3188=DIRECTION('',(0.E0,0.E0,1.E0));
#3189=AXIS2_PLACEMENT_3D('',#3186,#3187,#3188);
#3190=CYLINDRICAL_SURFACE('',#3189,8.E0);
#3191=ORIENTED_EDGE('',*,*,#1816,.F.);
#3192=ORIENTED_EDGE('',*,*,#1948,.T.);
#3194=ORIENTED_EDGE('',*,*,#3193,.T.);
#3195=ORIENTED_EDGE('',*,*,#3179,.T.);
#3196=ORIENTED_EDGE('',*,*,#3149,.T.);
#3197=EDGE_LOOP('',(#3191,#3192,#3194,#3195,#3196));
#3198=FACE_OUTER_BOUND('',#3197,.F.);
#3200=CARTESIAN_POINT('',(-1.616686413708E2,-3.012071102589E1,0.E0));
#3201=DIRECTION('',(0.E0,0.E0,-1.E0));
#3202=DIRECTION('',(0.E0,1.E0,0.E0));
#3203=AXIS2_PLACEMENT_3D('',#3200,#3201,#3202);
#3204=CYLINDRICAL_SURFACE('',#3203,2.842055427292E2);
#3205=ORIENTED_EDGE('',*,*,#3164,.F.);
#3206=ORIENTED_EDGE('',*,*,#3181,.F.);
#3207=ORIENTED_EDGE('',*,*,#3193,.F.);
#3208=ORIENTED_EDGE('',*,*,#1946,.F.);
#3209=ORIENTED_EDGE('',*,*,#1798,.F.);
#3210=ORIENTED_EDGE('',*,*,#1943,.T.);
#3211=EDGE_LOOP('',(#3205,#3206,#3207,#3208,#3209,#3210));
#3212=FACE_OUTER_BOUND('',#3211,.F.);
#3214=CARTESIAN_POINT('',(0.E0,0.E0,-5.E0));
#3215=DIRECTION('',(0.E0,0.E0,-1.E0));
#3216=DIRECTION('',(0.E0,1.E0,0.E0));
#3217=AXIS2_PLACEMENT_3D('',#3214,#3215,#3216);
#3218=PLANE('',#3217);
#3219=ORIENTED_EDGE('',*,*,#3167,.F.);
#3220=ORIENTED_EDGE('',*,*,#1939,.F.);
#3222=ORIENTED_EDGE('',*,*,#3221,.F.);
#3223=ORIENTED_EDGE('',*,*,#2201,.F.);
#3225=ORIENTED_EDGE('',*,*,#3224,.F.);
#3227=ORIENTED_EDGE('',*,*,#3226,.F.);
#3228=ORIENTED_EDGE('',*,*,#3143,.F.);
#3229=EDGE_LOOP('',(#3219,#3220,#3222,#3223,#3225,#3227,#3228));
#3230=FACE_OUTER_BOUND('',#3229,.F.);
#3231=ORIENTED_EDGE('',*,*,#1997,.F.);
#3232=ORIENTED_EDGE('',*,*,#2032,.F.);
#3233=EDGE_LOOP('',(#3231,#3232));
#3234=FACE_BOUND('',#3233,.F.);
#3236=CARTESIAN_POINT('',(1.274422687080E2,-1.680266281617E1,8.3165048E1));
#3237=DIRECTION('',(0.E0,0.E0,-1.E0));
#3238=DIRECTION('',(-9.617628544093E-1,-2.738835735828E-1,0.E0));
#3239=AXIS2_PLACEMENT_3D('',#3236,#3237,#3238);
#3240=CYLINDRICAL_SURFACE('',#3239,8.E0);
#3241=ORIENTED_EDGE('',*,*,#1937,.F.);
#3242=ORIENTED_EDGE('',*,*,#1871,.T.);
#3243=ORIENTED_EDGE('',*,*,#2192,.T.);
#3244=ORIENTED_EDGE('',*,*,#3221,.T.);
#3245=EDGE_LOOP('',(#3241,#3242,#3243,#3244));
#3246=FACE_OUTER_BOUND('',#3245,.F.);
#3248=CARTESIAN_POINT('',(1.045047079127E2,-2.394510743662E1,8.3165048E1));
#3249=DIRECTION('',(0.E0,0.E0,-1.E0));
#3250=DIRECTION('',(5.865174557186E-1,8.099365864914E-1,0.E0));
#3251=AXIS2_PLACEMENT_3D('',#3248,#3249,#3250);
#3252=CYLINDRICAL_SURFACE('',#3251,8.E0);
#3253=ORIENTED_EDGE('',*,*,#2199,.F.);
#3254=ORIENTED_EDGE('',*,*,#2197,.T.);
#3255=ORIENTED_EDGE('',*,*,#3131,.T.);
#3257=ORIENTED_EDGE('',*,*,#3256,.T.);
#3258=ORIENTED_EDGE('',*,*,#3224,.T.);
#3259=EDGE_LOOP('',(#3253,#3254,#3255,#3257,#3258));
#3260=FACE_OUTER_BOUND('',#3259,.F.);
#3262=CARTESIAN_POINT('',(-5.680106567976E2,-1.591792327235E2,0.E0));
#3263=DIRECTION('',(0.E0,0.E0,-1.E0));
#3264=DIRECTION('',(0.E0,1.E0,0.E0));
#3265=AXIS2_PLACEMENT_3D('',#3262,#3263,#3264);
#3266=CYLINDRICAL_SURFACE('',#3265,6.939775392923E2);
#3267=ORIENTED_EDGE('',*,*,#3256,.F.);
#3268=ORIENTED_EDGE('',*,*,#3129,.F.);
#3269=ORIENTED_EDGE('',*,*,#3145,.T.);
#3270=ORIENTED_EDGE('',*,*,#3226,.T.);
#3271=EDGE_LOOP('',(#3267,#3268,#3269,#3270));
#3272=FACE_OUTER_BOUND('',#3271,.F.);
#3274=CARTESIAN_POINT('',(1.046952731820E2,-2.408085278756E1,-5.8165048E1));
#3275=DIRECTION('',(0.E0,0.E0,1.E0));
#3276=DIRECTION('',(9.762783573349E-1,2.165192116176E-1,0.E0));
#3277=AXIS2_PLACEMENT_3D('',#3274,#3275,#3276);
#3278=CYLINDRICAL_SURFACE('',#3277,8.E0);
#3279=ORIENTED_EDGE('',*,*,#2195,.T.);
#3280=ORIENTED_EDGE('',*,*,#1867,.T.);
#3281=ORIENTED_EDGE('',*,*,#2118,.F.);
#3282=ORIENTED_EDGE('',*,*,#3126,.F.);
#3283=EDGE_LOOP('',(#3279,#3280,#3281,#3282));
#3284=FACE_OUTER_BOUND('',#3283,.F.);
#3286=CARTESIAN_POINT('',(1.045047079127E2,-2.394510743662E1,8.3165048E1));
#3287=DIRECTION('',(0.E0,0.E0,-1.E0));
#3288=DIRECTION('',(5.865174557186E-1,8.099365864914E-1,0.E0));
#3289=AXIS2_PLACEMENT_3D('',#3286,#3287,#3288);
#3290=CYLINDRICAL_SURFACE('',#3289,8.E0);
#3291=ORIENTED_EDGE('',*,*,#2177,.F.);
#3292=ORIENTED_EDGE('',*,*,#2230,.T.);
#3294=ORIENTED_EDGE('',*,*,#3293,.T.);
#3295=ORIENTED_EDGE('',*,*,#2336,.T.);
#3296=ORIENTED_EDGE('',*,*,#2179,.T.);
#3297=EDGE_LOOP('',(#3291,#3292,#3294,#3295,#3296));
#3298=FACE_OUTER_BOUND('',#3297,.F.);
#3300=CARTESIAN_POINT('',(-5.680106567976E2,-1.591792327235E2,2.5E1));
#3301=DIRECTION('',(0.E0,0.E0,-1.E0));
#3302=DIRECTION('',(0.E0,1.E0,0.E0));
#3303=AXIS2_PLACEMENT_3D('',#3300,#3301,#3302);
#3304=CYLINDRICAL_SURFACE('',#3303,6.939775392923E2);
#3305=ORIENTED_EDGE('',*,*,#3293,.F.);
#3306=ORIENTED_EDGE('',*,*,#2228,.F.);
#3307=ORIENTED_EDGE('',*,*,#2301,.F.);
#3308=ORIENTED_EDGE('',*,*,#2338,.T.);
#3309=EDGE_LOOP('',(#3305,#3306,#3307,#3308));
#3310=FACE_OUTER_BOUND('',#3309,.F.);
#3312=CARTESIAN_POINT('',(1.046952731820E2,-2.408085278756E1,-5.8165048E1));
#3313=DIRECTION('',(0.E0,0.E0,1.E0));
#3314=DIRECTION('',(9.762783573349E-1,2.165192116176E-1,0.E0));
#3315=AXIS2_PLACEMENT_3D('',#3312,#3313,#3314);
#3316=CYLINDRICAL_SURFACE('',#3315,8.E0);
#3317=ORIENTED_EDGE('',*,*,#2341,.F.);
#3318=ORIENTED_EDGE('',*,*,#2129,.F.);
#3319=ORIENTED_EDGE('',*,*,#2151,.T.);
#3320=ORIENTED_EDGE('',*,*,#2181,.T.);
#3321=EDGE_LOOP('',(#3317,#3318,#3319,#3320));
#3322=FACE_OUTER_BOUND('',#3321,.F.);
#3324=CARTESIAN_POINT('',(-2.042959153095E2,-1.080027614202E2,1.675E1));
#3325=DIRECTION('',(9.688027044776E-1,2.478332499826E-1,0.E0));
#3326=DIRECTION('',(0.E0,0.E0,1.E0));
#3327=AXIS2_PLACEMENT_3D('',#3324,#3325,#3326);
#3328=CYLINDRICAL_SURFACE('',#3327,2.E0);
#3329=ORIENTED_EDGE('',*,*,#2154,.F.);
#3330=ORIENTED_EDGE('',*,*,#2125,.T.);
#3332=ORIENTED_EDGE('',*,*,#3331,.T.);
#3333=ORIENTED_EDGE('',*,*,#1930,.T.);
#3334=EDGE_LOOP('',(#3329,#3330,#3332,#3333));
#3335=FACE_OUTER_BOUND('',#3334,.F.);
#3337=CARTESIAN_POINT('',(1.061835391271E2,-3.064218851982E1,6.25E0));
#3338=DIRECTION('',(2.478332499826E-1,-9.688027044776E-1,0.E0));
#3339=DIRECTION('',(9.688027044776E-1,2.478332499826E-1,0.E0));
#3340=AXIS2_PLACEMENT_3D('',#3337,#3338,#3339);
#3341=PLANE('',#3340);
#3343=ORIENTED_EDGE('',*,*,#3342,.F.);
#3344=ORIENTED_EDGE('',*,*,#1932,.T.);
#3345=ORIENTED_EDGE('',*,*,#3331,.F.);
#3346=ORIENTED_EDGE('',*,*,#2123,.F.);
#3347=EDGE_LOOP('',(#3343,#3344,#3345,#3346));
#3348=FACE_OUTER_BOUND('',#3347,.F.);
#3350=CARTESIAN_POINT('',(4.388354647684E2,5.651921952991E1,8.25E0));
#3351=DIRECTION('',(-9.688027044776E-1,-2.478332499826E-1,0.E0));
#3352=DIRECTION('',(0.E0,0.E0,-1.E0));
#3353=AXIS2_PLACEMENT_3D('',#3350,#3351,#3352);
#3354=CYLINDRICAL_SURFACE('',#3353,2.E0);
#3355=ORIENTED_EDGE('',*,*,#1875,.F.);
#3356=ORIENTED_EDGE('',*,*,#1934,.T.);
#3357=ORIENTED_EDGE('',*,*,#3342,.T.);
#3358=ORIENTED_EDGE('',*,*,#2121,.T.);
#3359=EDGE_LOOP('',(#3355,#3356,#3357,#3358));
#3360=FACE_OUTER_BOUND('',#3359,.F.);
#3362=CLOSED_SHELL('',(#1757,#1772,#1790,#1802,#1828,#1843,#1859,#1888,#1901,
#1916,#1964,#1987,#2008,#2023,#2037,#2051,#2062,#2087,#2099,#2112,#2143,#2167,
#2186,#2205,#2218,#2241,#2257,#2273,#2288,#2306,#2318,#2330,#2345,#2361,#2374,
#2407,#2418,#2435,#2465,#2495,#2522,#2539,#2554,#2566,#2582,#2596,#2635,#2650,
#2664,#2678,#2692,#2706,#2720,#2734,#2747,#2779,#2793,#2807,#2821,#2838,#2852,
#2865,#2895,#2906,#2922,#2943,#2970,#2982,#2998,#3011,#3023,#3036,#3049,#3061,
#3074,#3086,#3098,#3108,#3120,#3135,#3155,#3171,#3185,#3199,#3213,#3235,#3247,
#3261,#3273,#3285,#3299,#3311,#3323,#3336,#3349,#3361));
#3363=MANIFOLD_SOLID_BREP('',#3362);
#3366=PLANE_ANGLE_MEASURE_WITH_UNIT(PLANE_ANGLE_MEASURE(1.745329251994E-2),
#3365);
#3367=(CONVERSION_BASED_UNIT('DEGREE',#3366)NAMED_UNIT(*)PLANE_ANGLE_UNIT());
#3369=UNCERTAINTY_MEASURE_WITH_UNIT(LENGTH_MEASURE(2.897211272230E-2),#3364,
'distance_accuracy_value',
'Maximum model space distance between geometric entities at asserted connectivities');
#3371=CARTESIAN_POINT('',(0.E0,0.E0,0.E0));
#3372=DIRECTION('',(0.E0,0.E0,1.E0));
#3373=DIRECTION('',(1.E0,0.E0,0.E0));
#3376=APPLICATION_CONTEXT('automotive_design');
#3377=APPLICATION_PROTOCOL_DEFINITION('international standard',
'automotive_design',2001,#3376);
#3378=PRODUCT_DEFINITION_CONTEXT('part definition',#3376,'design');
#3379=PRODUCT_CONTEXT('',#3376,'mechanical');
#3380=PRODUCT('LINK1','LINK1','NOT SPECIFIED',(#3379));
#3381=PRODUCT_DEFINITION_FORMATION('20','LAST_VERSION',#3380);
#3389=DERIVED_UNIT_ELEMENT(#3388,2.E0);
#3390=DERIVED_UNIT((#3389));
#3391=MEASURE_REPRESENTATION_ITEM('surface area measure',AREA_MEASURE(
1.592917062003E4),#3390);
#3396=DERIVED_UNIT_ELEMENT(#3395,3.E0);
#3397=DERIVED_UNIT((#3396));
#3398=MEASURE_REPRESENTATION_ITEM('volume measure',VOLUME_MEASURE(
4.043529901108E4),#3397);
#3402=CARTESIAN_POINT('centre point',(7.765930218530E1,-8.518468253970E1,
1.251376453279E1));
#3407=DERIVED_UNIT_ELEMENT(#3406,2.E0);
#3408=DERIVED_UNIT((#3407));
#3409=MEASURE_REPRESENTATION_ITEM('surface area measure',AREA_MEASURE(
1.592917062003E4),#3408);
#3414=DERIVED_UNIT_ELEMENT(#3413,3.E0);
#3415=DERIVED_UNIT((#3414));
#3416=MEASURE_REPRESENTATION_ITEM('volume measure',VOLUME_MEASURE(
4.043529901108E4),#3415);
#3420=CARTESIAN_POINT('centre point',(7.765930218530E1,-8.518468253970E1,
1.251376453279E1));
#1=DRAUGHTING_PRE_DEFINED_COLOUR('green');
#2=DRAUGHTING_PRE_DEFINED_COLOUR('green');
#3=DRAUGHTING_PRE_DEFINED_COLOUR('green');
#4=COLOUR_RGB('',1.1E-2,1.2E-2,1.E0);
#5=COLOUR_RGB('',1.1E-2,1.2E-2,1.E0);
#6=COLOUR_RGB('',4.1E-1,2.61589E-1,1.12848E-1);
#7=COLOUR_RGB('',5.04854E-1,1.5455E-2,1.5455E-2);
#8=COLOUR_RGB('',6.35294E-1,6.86275E-1,7.4902E-1);
#9=COLOUR_RGB('',6.40777E-1,6.40777E-1,6.40777E-1);
#10=COLOUR_RGB('',6.66667E-1,6.66667E-1,6.66667E-1);
#11=COLOUR_RGB('',6.69062E-1,6.69903E-1,6.55217E-1);
#12=COLOUR_RGB('',7.45098E-1,3.92157E-1,2.94118E-1);
#13=COLOUR_RGB('',8.03922E-1,5.88235E-1,1.96078E-1);
#14=COLOUR_RGB('',9.21569E-1,7.05882E-1,4.70588E-1);
#15=DRAUGHTING_PRE_DEFINED_COLOUR('red');
#16=DRAUGHTING_PRE_DEFINED_COLOUR('red');
#17=DRAUGHTING_PRE_DEFINED_COLOUR('red');
#18=DRAUGHTING_PRE_DEFINED_COLOUR('red');
#19=DRAUGHTING_PRE_DEFINED_COLOUR('red');
#20=DRAUGHTING_PRE_DEFINED_COLOUR('red');
#21=DRAUGHTING_PRE_DEFINED_COLOUR('red');
#22=DRAUGHTING_PRE_DEFINED_COLOUR('yellow');
#23=DRAUGHTING_PRE_DEFINED_COLOUR('yellow');
#24=COLOUR_RGB('',1.E0,1.E0,5.3E-1);
#25=COLOUR_RGB('',1.E0,1.E0,9.49E-1);
#26=COLOUR_RGB('',1.E0,1.E0,9.49E-1);
#27=DRAUGHTING_PRE_DEFINED_COLOUR('white');
#40=CIRCLE('',#39,8.155E1);
#45=CIRCLE('',#44,4.E0);
#50=CIRCLE('',#49,4.E0);
#55=CIRCLE('',#54,7.020624264876E1);
#60=CIRCLE('',#59,7.020624264876E1);
#65=CIRCLE('',#64,2.842055427292E2);
#74=CIRCLE('',#73,1.325E2);
#79=CIRCLE('',#78,1.7866E2);
#84=CIRCLE('',#83,4.E1);
#89=CIRCLE('',#88,7.020624264876E1);
#98=CIRCLE('',#97,1.5283E2);
#103=CIRCLE('',#102,1.25E2);
#108=CIRCLE('',#107,3.75E0);
#113=CIRCLE('',#112,3.75E0);
#118=CIRCLE('',#117,3.75E0);
#123=CIRCLE('',#122,3.75E0);
#140=CIRCLE('',#139,7.020624264876E1);
#149=CIRCLE('',#148,7.020624264876E1);
#159=B_SPLINE_CURVE_WITH_KNOTS('',3,(#154,#155,#156,#157,#158),.UNSPECIFIED.,
.F.,.F.,(4,1,4),(0.E0,5.E-1,1.E0),.UNSPECIFIED.);
#168=CIRCLE('',#167,7.020624264876E1);
#177=CIRCLE('',#176,7.020624264876E1);
#187=B_SPLINE_CURVE_WITH_KNOTS('',3,(#182,#183,#184,#185,#186),.UNSPECIFIED.,
.F.,.F.,(4,1,4),(0.E0,5.E-1,1.E0),.UNSPECIFIED.);
#193=B_SPLINE_CURVE_WITH_KNOTS('',3,(#188,#189,#190,#191,#192),.UNSPECIFIED.,
.F.,.F.,(4,1,4),(0.E0,5.E-1,1.E0),.UNSPECIFIED.);
#210=CIRCLE('',#209,4.E0);
#215=CIRCLE('',#214,4.E0);
#220=CIRCLE('',#219,4.E0);
#229=CIRCLE('',#228,4.E0);
#242=CIRCLE('',#241,7.020624264876E1);
#247=CIRCLE('',#246,4.E0);
#252=CIRCLE('',#251,4.E0);
#257=CIRCLE('',#256,8.155E1);
#262=CIRCLE('',#261,7.020624264876E1);
#267=CIRCLE('',#266,2.842055427292E2);
#276=CIRCLE('',#275,1.25E2);
#281=CIRCLE('',#280,1.5283E2);
#290=CIRCLE('',#289,7.020624264876E1);
#295=CIRCLE('',#294,4.E1);
#300=CIRCLE('',#299,1.7866E2);
#305=CIRCLE('',#304,1.325E2);
#314=CIRCLE('',#313,8.155E1);
#331=CIRCLE('',#330,8.155E1);
#340=CIRCLE('',#339,8.155E1);
#349=CIRCLE('',#348,8.155E1);
#358=CIRCLE('',#357,8.155E1);
#363=CIRCLE('',#362,8.155E1);
#372=CIRCLE('',#371,8.155E1);
#377=CIRCLE('',#376,8.155E1);
#398=CIRCLE('',#397,7.E0);
#407=CIRCLE('',#406,7.E0);
#420=CIRCLE('',#419,8.E0);
#425=CIRCLE('',#424,8.E0);
#430=CIRCLE('',#429,4.E0);
#435=CIRCLE('',#434,4.E0);
#444=CIRCLE('',#443,1.667897120022E2);
#449=CIRCLE('',#448,6.939775392923E2);
#454=CIRCLE('',#453,7.E0);
#459=CIRCLE('',#458,7.020624264876E1);
#466=B_SPLINE_CURVE_WITH_KNOTS('',3,(#460,#461,#462,#463,#464,#465),
.UNSPECIFIED.,.F.,.F.,(4,1,1,4),(0.E0,3.333333333333E-1,6.666666666667E-1,1.E0),
.UNSPECIFIED.);
#476=B_SPLINE_CURVE_WITH_KNOTS('',3,(#471,#472,#473,#474,#475),.UNSPECIFIED.,
.F.,.F.,(4,1,4),(0.E0,5.E-1,1.E0),.UNSPECIFIED.);
#481=B_SPLINE_CURVE_WITH_KNOTS('',3,(#477,#478,#479,#480),.UNSPECIFIED.,.F.,.F.,
(4,4),(0.E0,1.E0),.UNSPECIFIED.);
#489=B_SPLINE_CURVE_WITH_KNOTS('',3,(#482,#483,#484,#485,#486,#487,#488),
.UNSPECIFIED.,.F.,.F.,(4,1,1,1,4),(0.E0,2.5E-1,5.E-1,7.5E-1,1.E0),
.UNSPECIFIED.);
#495=B_SPLINE_CURVE_WITH_KNOTS('',3,(#490,#491,#492,#493,#494),.UNSPECIFIED.,
.F.,.F.,(4,1,4),(0.E0,5.E-1,1.E0),.UNSPECIFIED.);
#503=B_SPLINE_CURVE_WITH_KNOTS('',3,(#496,#497,#498,#499,#500,#501,#502),
.UNSPECIFIED.,.F.,.F.,(4,1,1,1,4),(0.E0,2.5E-1,5.E-1,7.5E-1,1.E0),
.UNSPECIFIED.);
#508=B_SPLINE_CURVE_WITH_KNOTS('',3,(#504,#505,#506,#507),.UNSPECIFIED.,.F.,.F.,
(4,4),(0.E0,1.E0),.UNSPECIFIED.);
#513=CIRCLE('',#512,1.667897120022E2);
#526=CIRCLE('',#525,4.E1);
#531=CIRCLE('',#530,1.667897120022E2);
#536=CIRCLE('',#535,6.939775392923E2);
#541=CIRCLE('',#540,8.E0);
#546=CIRCLE('',#545,4.E1);
#551=CIRCLE('',#550,4.E1);
#566=B_SPLINE_CURVE_WITH_KNOTS('',3,(#560,#561,#562,#563,#564,#565),
.UNSPECIFIED.,.F.,.F.,(4,1,1,4),(0.E0,3.333333333333E-1,6.666666666667E-1,1.E0),
.UNSPECIFIED.);
#576=B_SPLINE_CURVE_WITH_KNOTS('',3,(#571,#572,#573,#574,#575),.UNSPECIFIED.,
.F.,.F.,(4,1,4),(0.E0,5.E-1,1.E0),.UNSPECIFIED.);
#583=B_SPLINE_CURVE_WITH_KNOTS('',3,(#577,#578,#579,#580,#581,#582),
.UNSPECIFIED.,.F.,.F.,(4,1,1,4),(0.E0,3.333333333333E-1,6.666666666667E-1,1.E0),
.UNSPECIFIED.);
#597=B_SPLINE_CURVE_WITH_KNOTS('',3,(#584,#585,#586,#587,#588,#589,#590,#591,
#592,#593,#594,#595,#596),.UNSPECIFIED.,.F.,.F.,(4,1,1,1,1,1,1,1,1,1,4),(0.E0,
6.25E-2,1.25E-1,2.5E-1,3.75E-1,5.E-1,6.25E-1,7.5E-1,8.75E-1,9.375E-1,1.E0),
.UNSPECIFIED.);
#614=CIRCLE('',#613,8.E0);
#623=CIRCLE('',#622,3.5E0);
#656=CIRCLE('',#655,3.5E0);
#665=CIRCLE('',#664,8.E0);
#674=CIRCLE('',#673,4.5E0);
#683=CIRCLE('',#682,1.E1);
#692=CIRCLE('',#691,1.E1);
#701=CIRCLE('',#700,4.5E0);
#714=CIRCLE('',#713,4.5E0);
#719=CIRCLE('',#718,4.5E0);
#756=CIRCLE('',#755,4.5E0);
#773=CIRCLE('',#772,4.5E0);
#782=CIRCLE('',#781,1.E1);
#787=CIRCLE('',#786,1.E1);
#832=CIRCLE('',#831,4.5E0);
#849=CIRCLE('',#848,4.5E0);
#862=CIRCLE('',#861,1.E1);
#879=CIRCLE('',#878,1.E1);
#900=CIRCLE('',#899,8.E0);
#905=CIRCLE('',#904,8.E0);
#914=B_SPLINE_CURVE_WITH_KNOTS('',3,(#910,#911,#912,#913),.UNSPECIFIED.,.F.,.F.,
(4,4),(0.E0,1.E0),.UNSPECIFIED.);
#923=B_SPLINE_CURVE_WITH_KNOTS('',3,(#919,#920,#921,#922),.UNSPECIFIED.,.F.,.F.,
(4,4),(0.E0,1.E0),.UNSPECIFIED.);
#930=B_SPLINE_CURVE_WITH_KNOTS('',3,(#924,#925,#926,#927,#928,#929),
.UNSPECIFIED.,.F.,.F.,(4,1,1,4),(0.E0,3.333333333333E-1,6.666666666667E-1,1.E0),
.UNSPECIFIED.);
#937=B_SPLINE_CURVE_WITH_KNOTS('',3,(#931,#932,#933,#934,#935,#936),
.UNSPECIFIED.,.F.,.F.,(4,1,1,4),(0.E0,3.333333333333E-1,6.666666666667E-1,1.E0),
.UNSPECIFIED.);
#948=B_SPLINE_CURVE_WITH_KNOTS('',3,(#942,#943,#944,#945,#946,#947),
.UNSPECIFIED.,.F.,.F.,(4,1,1,4),(0.E0,3.333333333333E-1,6.666666666667E-1,1.E0),
.UNSPECIFIED.);
#954=B_SPLINE_CURVE_WITH_KNOTS('',3,(#949,#950,#951,#952,#953),.UNSPECIFIED.,
.F.,.F.,(4,1,4),(0.E0,5.E-1,1.E0),.UNSPECIFIED.);
#961=B_SPLINE_CURVE_WITH_KNOTS('',3,(#955,#956,#957,#958,#959,#960),
.UNSPECIFIED.,.F.,.F.,(4,1,1,4),(0.E0,3.333333333333E-1,6.666666666667E-1,1.E0),
.UNSPECIFIED.);
#985=B_SPLINE_CURVE_WITH_KNOTS('',3,(#962,#963,#964,#965,#966,#967,#968,#969,
#970,#971,#972,#973,#974,#975,#976,#977,#978,#979,#980,#981,#982,#983,#984),
.UNSPECIFIED.,.F.,.F.,(4,1,1,1,1,1,1,1,1,1,1,1,1,1,1,1,1,1,1,1,4),(0.E0,
1.5625E-2,3.125E-2,6.25E-2,9.375E-2,1.25E-1,1.875E-1,2.5E-1,3.125E-1,3.75E-1,
5.E-1,6.25E-1,6.875E-1,7.5E-1,8.125E-1,8.75E-1,9.0625E-1,9.375E-1,9.6875E-1,
9.84375E-1,1.E0),.UNSPECIFIED.);
#1010=CIRCLE('',#1009,3.5E0);
#1015=CIRCLE('',#1014,8.E0);
#1036=CIRCLE('',#1035,8.E0);
#1045=CIRCLE('',#1044,3.5E0);
#1063=B_SPLINE_CURVE_WITH_KNOTS('',3,(#1058,#1059,#1060,#1061,#1062),
.UNSPECIFIED.,.F.,.F.,(4,1,4),(0.E0,5.E-1,1.E0),.UNSPECIFIED.);
#1068=CIRCLE('',#1067,1.6E1);
#1073=CIRCLE('',#1072,1.6E1);
#1079=B_SPLINE_CURVE_WITH_KNOTS('',3,(#1074,#1075,#1076,#1077,#1078),
.UNSPECIFIED.,.F.,.F.,(4,1,4),(0.E0,5.E-1,1.E0),.UNSPECIFIED.);
#1088=B_SPLINE_CURVE_WITH_KNOTS('',3,(#1084,#1085,#1086,#1087),.UNSPECIFIED.,
.F.,.F.,(4,4),(0.E0,1.E0),.UNSPECIFIED.);
#1097=B_SPLINE_CURVE_WITH_KNOTS('',3,(#1093,#1094,#1095,#1096),.UNSPECIFIED.,
.F.,.F.,(4,4),(0.E0,1.E0),.UNSPECIFIED.);
#1104=B_SPLINE_CURVE_WITH_KNOTS('',3,(#1098,#1099,#1100,#1101,#1102,#1103),
.UNSPECIFIED.,.F.,.F.,(4,1,1,4),(0.E0,3.333333333333E-1,6.666666666667E-1,1.E0),
.UNSPECIFIED.);
#1111=B_SPLINE_CURVE_WITH_KNOTS('',3,(#1105,#1106,#1107,#1108,#1109,#1110),
.UNSPECIFIED.,.F.,.F.,(4,1,1,4),(0.E0,3.333333333333E-1,6.666666666667E-1,1.E0),
.UNSPECIFIED.);
#1152=CIRCLE('',#1151,4.5E0);
#1157=CIRCLE('',#1156,4.5E0);
#1162=CIRCLE('',#1161,4.E1);
#1167=CIRCLE('',#1166,1.667897120022E2);
#1172=CIRCLE('',#1171,8.E0);
#1177=CIRCLE('',#1176,6.939775392923E2);
#1185=B_SPLINE_CURVE_WITH_KNOTS('',3,(#1178,#1179,#1180,#1181,#1182,#1183,
#1184),.UNSPECIFIED.,.F.,.F.,(4,1,1,1,4),(0.E0,2.5E-1,5.E-1,7.5E-1,1.E0),
.UNSPECIFIED.);
#1190=CIRCLE('',#1189,1.667897120022E2);
#1195=B_SPLINE_CURVE_WITH_KNOTS('',3,(#1191,#1192,#1193,#1194),.UNSPECIFIED.,
.F.,.F.,(4,4),(0.E0,1.E0),.UNSPECIFIED.);
#1209=B_SPLINE_CURVE_WITH_KNOTS('',3,(#1204,#1205,#1206,#1207,#1208),
.UNSPECIFIED.,.F.,.F.,(4,1,4),(0.E0,5.E-1,1.E0),.UNSPECIFIED.);
#1217=B_SPLINE_CURVE_WITH_KNOTS('',3,(#1210,#1211,#1212,#1213,#1214,#1215,
#1216),.UNSPECIFIED.,.F.,.F.,(4,1,1,1,4),(0.E0,2.5E-1,5.E-1,7.5E-1,1.E0),
.UNSPECIFIED.);
#1224=B_SPLINE_CURVE_WITH_KNOTS('',3,(#1218,#1219,#1220,#1221,#1222,#1223),
.UNSPECIFIED.,.F.,.F.,(4,1,1,4),(0.E0,3.333333333333E-1,6.666666666667E-1,1.E0),
.UNSPECIFIED.);
#1229=B_SPLINE_CURVE_WITH_KNOTS('',3,(#1225,#1226,#1227,#1228),.UNSPECIFIED.,
.F.,.F.,(4,4),(0.E0,1.E0),.UNSPECIFIED.);
#1242=CIRCLE('',#1241,4.E0);
#1247=CIRCLE('',#1246,4.E0);
#1256=CIRCLE('',#1255,7.020624264876E1);
#1261=CIRCLE('',#1260,7.E0);
#1266=CIRCLE('',#1265,6.939775392923E2);
#1271=CIRCLE('',#1270,1.667897120022E2);
#1276=CIRCLE('',#1275,8.E0);
#1281=CIRCLE('',#1280,8.E0);
#1286=CIRCLE('',#1285,8.E0);
#1291=CIRCLE('',#1290,8.E0);
#1296=CIRCLE('',#1295,8.E0);
#1309=CIRCLE('',#1308,8.E0);
#1314=CIRCLE('',#1313,8.E0);
#1319=CIRCLE('',#1318,8.E0);
#1324=CIRCLE('',#1323,8.E0);
#1337=CIRCLE('',#1336,8.E0);
#1346=B_SPLINE_CURVE_WITH_KNOTS('',3,(#1338,#1339,#1340,#1341,#1342,#1343,#1344,
#1345),.UNSPECIFIED.,.F.,.F.,(4,1,1,1,1,4),(0.E0,2.E-1,4.E-1,6.E-1,8.E-1,1.E0),
.UNSPECIFIED.);
#1357=B_SPLINE_CURVE_WITH_KNOTS('',3,(#1347,#1348,#1349,#1350,#1351,#1352,#1353,
#1354,#1355,#1356),.UNSPECIFIED.,.F.,.F.,(4,1,1,1,1,1,1,4),(0.E0,
1.428571428571E-1,2.857142857143E-1,4.285714285714E-1,5.714285714286E-1,
7.142857142857E-1,8.571428571429E-1,1.E0),.UNSPECIFIED.);
#1374=B_SPLINE_CURVE_WITH_KNOTS('',3,(#1366,#1367,#1368,#1369,#1370,#1371,#1372,
#1373),.UNSPECIFIED.,.F.,.F.,(4,1,1,1,1,4),(0.E0,2.E-1,4.E-1,6.E-1,8.E-1,1.E0),
.UNSPECIFIED.);
#1383=B_SPLINE_CURVE_WITH_KNOTS('',3,(#1375,#1376,#1377,#1378,#1379,#1380,#1381,
#1382),.UNSPECIFIED.,.F.,.F.,(4,1,1,1,1,4),(0.E0,2.E-1,4.E-1,6.E-1,8.E-1,1.E0),
.UNSPECIFIED.);
#1747=EDGE_CURVE('',#1521,#1519,#31,.T.);
#1749=EDGE_CURVE('',#1386,#1519,#79,.T.);
#1751=EDGE_CURVE('',#1386,#1387,#35,.T.);
#1753=EDGE_CURVE('',#1387,#1521,#300,.T.);
#1757=ADVANCED_FACE('',(#1756),#1746,.T.);
#1763=EDGE_CURVE('',#1518,#1519,#84,.T.);
#1766=EDGE_CURVE('',#1521,#1523,#295,.T.);
#1768=EDGE_CURVE('',#1523,#1518,#197,.T.);
#1772=ADVANCED_FACE('',(#1771),#1762,.T.);
#1778=EDGE_CURVE('',#1490,#1482,#113,.T.);
#1780=EDGE_CURVE('',#1490,#1455,#40,.T.);
#1782=EDGE_CURVE('',#1454,#1455,#45,.T.);
#1784=EDGE_CURVE('',#1459,#1454,#50,.T.);
#1786=EDGE_CURVE('',#1459,#1482,#55,.T.);
#1790=ADVANCED_FACE('',(#1789),#1777,.F.);
#1796=EDGE_CURVE('',#1638,#1639,#60,.T.);
#1798=EDGE_CURVE('',#1639,#1638,#65,.T.);
#1802=ADVANCED_FACE('',(#1801),#1795,.F.);
#1808=EDGE_CURVE('',#1670,#1671,#69,.T.);
#1810=EDGE_CURVE('',#1671,#1386,#74,.T.);
#1814=EDGE_CURVE('',#1518,#1630,#89,.T.);
#1816=EDGE_CURVE('',#1630,#1631,#93,.T.);
#1818=EDGE_CURVE('',#1513,#1631,#1190,.T.);
#1820=EDGE_CURVE('',#1506,#1513,#546,.T.);
#1822=EDGE_CURVE('',#1506,#1390,#98,.T.);
#1824=EDGE_CURVE('',#1390,#1670,#103,.T.);
#1828=ADVANCED_FACE('',(#1827),#1807,.F.);
#1834=EDGE_CURVE('',#1483,#1491,#108,.T.);
#1836=EDGE_CURVE('',#1490,#1491,#309,.T.);
#1839=EDGE_CURVE('',#1482,#1483,#131,.T.);
#1843=ADVANCED_FACE('',(#1842),#1833,.F.);
#1849=EDGE_CURVE('',#1487,#1495,#118,.T.);
#1851=EDGE_CURVE('',#1494,#1495,#322,.T.);
#1853=EDGE_CURVE('',#1494,#1486,#123,.T.);
#1855=EDGE_CURVE('',#1486,#1487,#144,.T.);
#1859=ADVANCED_FACE('',(#1858),#1848,.F.);
#1865=EDGE_CURVE('',#1559,#1595,#340,.T.);
#1867=EDGE_CURVE('',#1591,#1595,#1309,.T.);
#1869=EDGE_CURVE('',#1586,#1591,#407,.T.);
#1871=EDGE_CURVE('',#1582,#1586,#1276,.T.);
#1873=EDGE_CURVE('',#1558,#1582,#177,.T.);
#1875=EDGE_CURVE('',#1558,#1559,#127,.T.);
#1880=EDGE_CURVE('',#1474,#1483,#140,.T.);
#1882=EDGE_CURVE('',#1474,#1475,#229,.T.);
#1884=EDGE_CURVE('',#1475,#1491,#314,.T.);
#1888=ADVANCED_FACE('',(#1878,#1887),#1864,.T.);
#1896=EDGE_CURVE('',#1459,#1474,#135,.T.);
#1901=ADVANCED_FACE('',(#1900),#1893,.T.);
#1908=EDGE_CURVE('',#1478,#1486,#149,.T.);
#1910=EDGE_CURVE('',#1478,#1469,#153,.T.);
#1912=EDGE_CURVE('',#1469,#1487,#242,.T.);
#1916=ADVANCED_FACE('',(#1915),#1906,.T.);
#1922=EDGE_CURVE('',#1648,#1649,#159,.T.);
#1924=EDGE_CURVE('',#1574,#1648,#459,.T.);
#1926=EDGE_CURVE('',#1574,#1575,#163,.T.);
#1928=EDGE_CURVE('',#1567,#1575,#168,.T.);
#1930=EDGE_CURVE('',#1571,#1567,#1357,.T.);
#1932=EDGE_CURVE('',#1562,#1571,#172,.T.);
#1934=EDGE_CURVE('',#1558,#1562,#1374,.T.);
#1937=EDGE_CURVE('',#1582,#1583,#181,.T.);
#1939=EDGE_CURVE('',#1583,#1659,#1256,.T.);
#1941=EDGE_CURVE('',#1658,#1659,#187,.T.);
#1943=EDGE_CURVE('',#1639,#1658,#1237,.T.);
#1946=EDGE_CURVE('',#1638,#1645,#1233,.T.);
#1948=EDGE_CURVE('',#1630,#1645,#193,.T.);
#1952=EDGE_CURVE('',#1523,#1623,#290,.T.);
#1954=EDGE_CURVE('',#1647,#1623,#495,.T.);
#1956=EDGE_CURVE('',#1642,#1647,#201,.T.);
#1958=EDGE_CURVE('',#1642,#1643,#262,.T.);
#1960=EDGE_CURVE('',#1643,#1649,#470,.T.);
#1964=ADVANCED_FACE('',(#1963),#1921,.T.);
#1970=EDGE_CURVE('',#1471,#1462,#205,.T.);
#1972=EDGE_CURVE('',#1471,#1469,#210,.T.);
#1975=EDGE_CURVE('',#1478,#1479,#215,.T.);
#1977=EDGE_CURVE('',#1479,#1467,#326,.T.);
#1979=EDGE_CURVE('',#1466,#1467,#252,.T.);
#1981=EDGE_CURVE('',#1466,#1463,#233,.T.);
#1983=EDGE_CURVE('',#1462,#1463,#430,.T.);
#1987=ADVANCED_FACE('',(#1986),#1969,.F.);
#1993=EDGE_CURVE('',#1458,#1459,#220,.T.);
#1995=EDGE_CURVE('',#1458,#1450,#224,.T.);
#1997=EDGE_CURVE('',#1450,#1451,#1242,.T.);
#1999=EDGE_CURVE('',#1454,#1451,#237,.T.);
#2002=EDGE_CURVE('',#1455,#1475,#318,.T.);
#2008=ADVANCED_FACE('',(#2007),#1992,.F.);
#2014=EDGE_CURVE('',#1469,#1466,#247,.T.);
#2018=EDGE_CURVE('',#1463,#1462,#435,.T.);
#2023=ADVANCED_FACE('',(#2022),#2013,.F.);
#2032=EDGE_CURVE('',#1451,#1450,#1247,.T.);
#2037=ADVANCED_FACE('',(#2036),#2028,.F.);
#2047=EDGE_CURVE('',#1495,#1467,#257,.T.);
#2051=ADVANCED_FACE('',(#2050),#2042,.T.);
#2058=EDGE_CURVE('',#1643,#1642,#267,.T.);
#2062=ADVANCED_FACE('',(#2061),#2056,.T.);
#2068=EDGE_CURVE('',#1688,#1689,#271,.T.);
#2070=EDGE_CURVE('',#1391,#1689,#276,.T.);
#2072=EDGE_CURVE('',#1507,#1391,#281,.T.);
#2074=EDGE_CURVE('',#1515,#1507,#551,.T.);
#2076=EDGE_CURVE('',#1622,#1515,#513,.T.);
#2078=EDGE_CURVE('',#1622,#1623,#285,.T.);
#2083=EDGE_CURVE('',#1688,#1387,#305,.T.);
#2087=ADVANCED_FACE('',(#2086),#2067,.T.);
#2099=ADVANCED_FACE('',(#2098),#2092,.F.);
#2108=EDGE_CURVE('',#1479,#1494,#331,.T.);
#2112=ADVANCED_FACE('',(#2111),#2104,.F.);
#2118=EDGE_CURVE('',#1594,#1595,#335,.T.);
#2121=EDGE_CURVE('',#1563,#1559,#1383,.T.);
#2123=EDGE_CURVE('',#1563,#1570,#344,.T.);
#2125=EDGE_CURVE('',#1566,#1570,#1346,.T.);
#2127=EDGE_CURVE('',#1566,#1614,#349,.T.);
#2129=EDGE_CURVE('',#1614,#1615,#353,.T.);
#2131=EDGE_CURVE('',#1502,#1615,#358,.T.);
#2133=EDGE_CURVE('',#1511,#1502,#363,.T.);
#2135=EDGE_CURVE('',#1510,#1511,#367,.T.);
#2137=EDGE_CURVE('',#1510,#1498,#372,.T.);
#2139=EDGE_CURVE('',#1498,#1594,#377,.T.);
#2143=ADVANCED_FACE('',(#2142),#2117,.F.);
#2149=EDGE_CURVE('',#1579,#1618,#398,.T.);
#2151=EDGE_CURVE('',#1614,#1618,#1337,.T.);
#2154=EDGE_CURVE('',#1566,#1567,#381,.T.);
#2157=EDGE_CURVE('',#1579,#1575,#425,.T.);
#2167=ADVANCED_FACE('',(#2160,#2166),#2148,.F.);
#2173=EDGE_CURVE('',#1578,#1579,#385,.T.);
#2175=EDGE_CURVE('',#1606,#1578,#454,.T.);
#2177=EDGE_CURVE('',#1606,#1607,#389,.T.);
#2179=EDGE_CURVE('',#1619,#1607,#1324,.T.);
#2181=EDGE_CURVE('',#1618,#1619,#393,.T.);
#2186=ADVANCED_FACE('',(#2185),#2172,.T.);
#2192=EDGE_CURVE('',#1586,#1587,#402,.T.);
#2195=EDGE_CURVE('',#1590,#1591,#411,.T.);
#2197=EDGE_CURVE('',#1598,#1590,#1286,.T.);
#2199=EDGE_CURVE('',#1598,#1599,#415,.T.);
#2201=EDGE_CURVE('',#1599,#1587,#1261,.T.);
#2205=ADVANCED_FACE('',(#2204),#2191,.T.);
#2212=EDGE_CURVE('',#1574,#1578,#420,.T.);
#2218=ADVANCED_FACE('',(#2217),#2210,.F.);
#2224=EDGE_CURVE('',#1653,#1648,#439,.T.);
#2226=EDGE_CURVE('',#1653,#1503,#444,.T.);
#2228=EDGE_CURVE('',#1503,#1610,#449,.T.);
#2230=EDGE_CURVE('',#1606,#1610,#1314,.T.);
#2241=ADVANCED_FACE('',(#2236,#2240),#2223,.F.);
#2248=EDGE_CURVE('',#1649,#1650,#466,.T.);
#2250=EDGE_CURVE('',#1652,#1650,#517,.T.);
#2252=EDGE_CURVE('',#1652,#1653,#503,.T.);
#2257=ADVANCED_FACE('',(#2256),#2246,.T.);
#2267=EDGE_CURVE('',#1627,#1647,#476,.T.);
#2269=EDGE_CURVE('',#1650,#1627,#481,.T.);
#2273=ADVANCED_FACE('',(#2272),#2262,.T.);
#2280=EDGE_CURVE('',#1622,#1626,#489,.T.);
#2282=EDGE_CURVE('',#1626,#1627,#521,.T.);
#2288=ADVANCED_FACE('',(#2287),#2278,.F.);
#2295=EDGE_CURVE('',#1626,#1652,#508,.T.);
#2299=EDGE_CURVE('',#1515,#1502,#531,.T.);
#2301=EDGE_CURVE('',#1502,#1503,#1332,.T.);
#2306=ADVANCED_FACE('',(#2305),#2293,.F.);
#2318=ADVANCED_FACE('',(#2317),#2311,.T.);
#2324=EDGE_CURVE('',#1515,#1511,#526,.T.);
#2330=ADVANCED_FACE('',(#2329),#2323,.T.);
#2336=EDGE_CURVE('',#1611,#1619,#1319,.T.);
#2338=EDGE_CURVE('',#1502,#1611,#536,.T.);
#2341=EDGE_CURVE('',#1615,#1619,#541,.T.);
#2345=ADVANCED_FACE('',(#2344),#2335,.T.);
#2351=EDGE_CURVE('',#1506,#1507,#555,.T.);
#2354=EDGE_CURVE('',#1513,#1510,#1162,.T.);
#2361=ADVANCED_FACE('',(#2360),#2350,.F.);
#2369=EDGE_CURVE('',#1390,#1391,#570,.T.);
#2374=ADVANCED_FACE('',(#2373),#2366,.F.);
#2380=EDGE_CURVE('',#1736,#1737,#559,.T.);
#2382=EDGE_CURVE('',#1736,#1706,#566,.T.);
#2384=EDGE_CURVE('',#1697,#1706,#669,.T.);
#2386=EDGE_CURVE('',#1663,#1697,#1063,.T.);
#2388=EDGE_CURVE('',#1674,#1663,#1097,.T.);
#2390=EDGE_CURVE('',#1670,#1674,#1104,.T.);
#2395=EDGE_CURVE('',#1693,#1689,#937,.T.);
#2397=EDGE_CURVE('',#1678,#1693,#914,.T.);
#2399=EDGE_CURVE('',#1685,#1678,#576,.T.);
#2401=EDGE_CURVE('',#1703,#1685,#609,.T.);
#2403=EDGE_CURVE('',#1703,#1737,#583,.T.);
#2407=ADVANCED_FACE('',(#2406),#2379,.F.);
#2414=EDGE_CURVE('',#1737,#1736,#597,.T.);
#2418=ADVANCED_FACE('',(#2417),#2412,.F.);
#2426=EDGE_CURVE('',#1703,#1700,#605,.T.);
#2428=EDGE_CURVE('',#1700,#1707,#692,.T.);
#2430=EDGE_CURVE('',#1706,#1707,#635,.T.);
#2435=ADVANCED_FACE('',(#2434),#2423,.T.);
#2441=EDGE_CURVE('',#1700,#1701,#601,.T.);
#2445=EDGE_CURVE('',#1683,#1685,#905,.T.);
#2447=EDGE_CURVE('',#1530,#1683,#614,.T.);
#2449=EDGE_CURVE('',#1530,#1543,#618,.T.);
#2451=EDGE_CURVE('',#1542,#1543,#623,.T.);
#2453=EDGE_CURVE('',#1542,#1538,#627,.T.);
#2455=EDGE_CURVE('',#1439,#1538,#1147,.T.);
#2457=EDGE_CURVE('',#1439,#1434,#631,.T.);
#2459=EDGE_CURVE('',#1443,#1434,#739,.T.);
#2461=EDGE_CURVE('',#1701,#1443,#727,.T.);
#2465=ADVANCED_FACE('',(#2464),#2440,.T.);
#2472=EDGE_CURVE('',#1720,#1707,#639,.T.);
#2474=EDGE_CURVE('',#1446,#1720,#1143,.T.);
#2476=EDGE_CURVE('',#1446,#1426,#643,.T.);
#2478=EDGE_CURVE('',#1426,#1427,#647,.T.);
#2480=EDGE_CURVE('',#1427,#1539,#651,.T.);
#2482=EDGE_CURVE('',#1539,#1555,#874,.T.);
#2484=EDGE_CURVE('',#1553,#1555,#656,.T.);
#2486=EDGE_CURVE('',#1553,#1527,#660,.T.);
#2488=EDGE_CURVE('',#1667,#1527,#665,.T.);
#2490=EDGE_CURVE('',#1697,#1667,#1068,.T.);
#2495=ADVANCED_FACE('',(#2494),#2470,.T.);
#2501=EDGE_CURVE('',#1730,#1731,#674,.T.);
#2503=EDGE_CURVE('',#1711,#1731,#678,.T.);
#2505=EDGE_CURVE('',#1710,#1711,#989,.T.);
#2507=EDGE_CURVE('',#1715,#1710,#683,.T.);
#2509=EDGE_CURVE('',#1721,#1715,#1053,.T.);
#2511=EDGE_CURVE('',#1720,#1721,#687,.T.);
#2516=EDGE_CURVE('',#1733,#1701,#696,.T.);
#2518=EDGE_CURVE('',#1733,#1730,#701,.T.);
#2522=ADVANCED_FACE('',(#2521),#2500,.T.);
#2529=EDGE_CURVE('',#1730,#1724,#705,.T.);
#2531=EDGE_CURVE('',#1724,#1725,#1152,.T.);
#2533=EDGE_CURVE('',#1727,#1725,#709,.T.);
#2535=EDGE_CURVE('',#1731,#1727,#714,.T.);
#2539=ADVANCED_FACE('',(#2538),#2527,.F.);
#2546=EDGE_CURVE('',#1727,#1733,#719,.T.);
#2549=EDGE_CURVE('',#1725,#1724,#1157,.T.);
#2554=ADVANCED_FACE('',(#2553),#2544,.F.);
#2560=EDGE_CURVE('',#1731,#1733,#723,.T.);
#2566=ADVANCED_FACE('',(#2565),#2559,.F.);
#2575=EDGE_CURVE('',#1442,#1443,#735,.T.);
#2577=EDGE_CURVE('',#1442,#1711,#731,.T.);
#2582=ADVANCED_FACE('',(#2581),#2571,.T.);
#2590=EDGE_CURVE('',#1434,#1435,#743,.T.);
#2592=EDGE_CURVE('',#1442,#1435,#993,.T.);
#2596=ADVANCED_FACE('',(#2595),#2587,.T.);
#2603=EDGE_CURVE('',#1431,#1426,#1135,.T.);
#2605=EDGE_CURVE('',#1430,#1431,#1049,.T.);
#2607=EDGE_CURVE('',#1430,#1437,#782,.T.);
#2609=EDGE_CURVE('',#1435,#1437,#997,.T.);
#2613=EDGE_CURVE('',#1439,#1427,#787,.T.);
#2617=EDGE_CURVE('',#1394,#1395,#747,.T.);
#2619=EDGE_CURVE('',#1395,#1397,#751,.T.);
#2621=EDGE_CURVE('',#1397,#1399,#756,.T.);
#2623=EDGE_CURVE('',#1399,#1401,#760,.T.);
#2625=EDGE_CURVE('',#1401,#1403,#764,.T.);
#2627=EDGE_CURVE('',#1403,#1405,#768,.T.);
#2629=EDGE_CURVE('',#1405,#1407,#773,.T.);
#2631=EDGE_CURVE('',#1407,#1394,#777,.T.);
#2635=ADVANCED_FACE('',(#2616,#2634),#2601,.F.);
#2642=EDGE_CURVE('',#1394,#1410,#791,.T.);
#2644=EDGE_CURVE('',#1410,#1411,#823,.T.);
#2646=EDGE_CURVE('',#1395,#1411,#819,.T.);
#2650=ADVANCED_FACE('',(#2649),#2640,.T.);
#2657=EDGE_CURVE('',#1407,#1423,#795,.T.);
#2659=EDGE_CURVE('',#1423,#1410,#827,.T.);
#2664=ADVANCED_FACE('',(#2663),#2655,.T.);
#2671=EDGE_CURVE('',#1405,#1421,#799,.T.);
#2673=EDGE_CURVE('',#1421,#1423,#832,.T.);
#2678=ADVANCED_FACE('',(#2677),#2669,.F.);
#2685=EDGE_CURVE('',#1403,#1419,#803,.T.);
#2687=EDGE_CURVE('',#1419,#1421,#836,.T.);
#2692=ADVANCED_FACE('',(#2691),#2683,.T.);
#2699=EDGE_CURVE('',#1401,#1417,#807,.T.);
#2701=EDGE_CURVE('',#1417,#1419,#840,.T.);
#2706=ADVANCED_FACE('',(#2705),#2697,.T.);
#2713=EDGE_CURVE('',#1399,#1415,#811,.T.);
#2715=EDGE_CURVE('',#1415,#1417,#844,.T.);
#2720=ADVANCED_FACE('',(#2719),#2711,.T.);
#2727=EDGE_CURVE('',#1397,#1413,#815,.T.);
#2729=EDGE_CURVE('',#1413,#1415,#849,.T.);
#2734=ADVANCED_FACE('',(#2733),#2725,.F.);
#2742=EDGE_CURVE('',#1411,#1413,#853,.T.);
#2747=ADVANCED_FACE('',(#2746),#2739,.T.);
#2753=EDGE_CURVE('',#1547,#1542,#857,.T.);
#2755=EDGE_CURVE('',#1535,#1547,#1005,.T.);
#2757=EDGE_CURVE('',#1534,#1535,#862,.T.);
#2759=EDGE_CURVE('',#1550,#1534,#866,.T.);
#2761=EDGE_CURVE('',#1555,#1550,#870,.T.);
#2764=EDGE_CURVE('',#1538,#1539,#879,.T.);
#2779=ADVANCED_FACE('',(#2768,#2778),#2752,.T.);
#2786=EDGE_CURVE('',#1545,#1543,#883,.T.);
#2788=EDGE_CURVE('',#1545,#1547,#1010,.T.);
#2793=ADVANCED_FACE('',(#2792),#2784,.T.);
#2801=EDGE_CURVE('',#1530,#1531,#887,.T.);
#2803=EDGE_CURVE('',#1531,#1545,#891,.T.);
#2807=ADVANCED_FACE('',(#2806),#2798,.T.);
#2813=EDGE_CURVE('',#1683,#1684,#895,.T.);
#2815=EDGE_CURVE('',#1684,#1531,#1015,.T.);
#2821=ADVANCED_FACE('',(#2820),#2812,.T.);
#2827=EDGE_CURVE('',#1678,#1679,#909,.T.);
#2829=EDGE_CURVE('',#1679,#1680,#954,.T.);
#2831=EDGE_CURVE('',#1680,#1684,#900,.T.);
#2838=ADVANCED_FACE('',(#2837),#2826,.F.);
#2846=EDGE_CURVE('',#1692,#1693,#918,.T.);
#2848=EDGE_CURVE('',#1692,#1679,#923,.T.);
#2852=ADVANCED_FACE('',(#2851),#2843,.T.);
#2859=EDGE_CURVE('',#1688,#1692,#930,.T.);
#2865=ADVANCED_FACE('',(#2864),#2857,.F.);
#2871=EDGE_CURVE('',#1740,#1741,#941,.T.);
#2873=EDGE_CURVE('',#1741,#1717,#948,.T.);
#2875=EDGE_CURVE('',#1680,#1717,#1019,.T.);
#2883=EDGE_CURVE('',#1675,#1671,#1111,.T.);
#2885=EDGE_CURVE('',#1662,#1675,#1088,.T.);
#2887=EDGE_CURVE('',#1695,#1662,#1079,.T.);
#2889=EDGE_CURVE('',#1714,#1695,#1031,.T.);
#2891=EDGE_CURVE('',#1714,#1740,#961,.T.);
#2895=ADVANCED_FACE('',(#2894),#2870,.T.);
#2902=EDGE_CURVE('',#1740,#1741,#985,.T.);
#2906=ADVANCED_FACE('',(#2905),#2900,.F.);
#2914=EDGE_CURVE('',#1714,#1715,#1027,.T.);
#2917=EDGE_CURVE('',#1717,#1710,#1023,.T.);
#2922=ADVANCED_FACE('',(#2921),#2911,.T.);
#2932=EDGE_CURVE('',#1437,#1535,#1001,.T.);
#2943=ADVANCED_FACE('',(#2942),#2927,.T.);
#2951=EDGE_CURVE('',#1666,#1695,#1073,.T.);
#2953=EDGE_CURVE('',#1526,#1666,#1036,.T.);
#2955=EDGE_CURVE('',#1526,#1551,#1040,.T.);
#2957=EDGE_CURVE('',#1550,#1551,#1045,.T.);
#2960=EDGE_CURVE('',#1430,#1534,#1057,.T.);
#2963=EDGE_CURVE('',#1447,#1431,#1131,.T.);
#2965=EDGE_CURVE('',#1721,#1447,#1139,.T.);
#2970=ADVANCED_FACE('',(#2969),#2948,.T.);
#2982=ADVANCED_FACE('',(#2981),#2975,.T.);
#2988=EDGE_CURVE('',#1662,#1663,#1083,.T.);
#2992=EDGE_CURVE('',#1666,#1667,#1115,.T.);
#2998=ADVANCED_FACE('',(#2997),#2987,.F.);
#3006=EDGE_CURVE('',#1674,#1675,#1092,.T.);
#3011=ADVANCED_FACE('',(#3010),#3003,.T.);
#3023=ADVANCED_FACE('',(#3022),#3016,.F.);
#3031=EDGE_CURVE('',#1526,#1527,#1123,.T.);
#3036=ADVANCED_FACE('',(#3035),#3028,.T.);
#3042=EDGE_CURVE('',#1553,#1551,#1119,.T.);
#3049=ADVANCED_FACE('',(#3048),#3041,.T.);
#3061=ADVANCED_FACE('',(#3060),#3054,.T.);
#3067=EDGE_CURVE('',#1446,#1447,#1127,.T.);
#3074=ADVANCED_FACE('',(#3073),#3066,.T.);
#3086=ADVANCED_FACE('',(#3085),#3079,.T.);
#3098=ADVANCED_FACE('',(#3097),#3091,.T.);
#3108=ADVANCED_FACE('',(#3107),#3103,.T.);
#3115=EDGE_CURVE('',#1513,#1498,#1167,.T.);
#3120=ADVANCED_FACE('',(#3119),#3113,.F.);
#3126=EDGE_CURVE('',#1590,#1594,#1172,.T.);
#3129=EDGE_CURVE('',#1498,#1602,#1177,.T.);
#3131=EDGE_CURVE('',#1590,#1602,#1291,.T.);
#3135=ADVANCED_FACE('',(#3134),#3125,.F.);
#3141=EDGE_CURVE('',#1654,#1655,#1185,.T.);
#3143=EDGE_CURVE('',#1654,#1499,#1271,.T.);
#3145=EDGE_CURVE('',#1498,#1499,#1304,.T.);
#3149=EDGE_CURVE('',#1635,#1631,#1217,.T.);
#3151=EDGE_CURVE('',#1655,#1635,#1195,.T.);
#3155=ADVANCED_FACE('',(#3154),#3140,.F.);
#3162=EDGE_CURVE('',#1657,#1655,#1199,.T.);
#3164=EDGE_CURVE('',#1657,#1658,#1224,.T.);
#3167=EDGE_CURVE('',#1659,#1654,#1251,.T.);
#3171=ADVANCED_FACE('',(#3170),#3160,.T.);
#3179=EDGE_CURVE('',#1634,#1635,#1203,.T.);
#3181=EDGE_CURVE('',#1634,#1657,#1229,.T.);
#3185=ADVANCED_FACE('',(#3184),#3176,.T.);
#3193=EDGE_CURVE('',#1645,#1634,#1209,.T.);
#3199=ADVANCED_FACE('',(#3198),#3190,.F.);
#3213=ADVANCED_FACE('',(#3212),#3204,.T.);
#3221=EDGE_CURVE('',#1587,#1583,#1281,.T.);
#3224=EDGE_CURVE('',#1603,#1599,#1296,.T.);
#3226=EDGE_CURVE('',#1499,#1603,#1266,.T.);
#3235=ADVANCED_FACE('',(#3230,#3234),#3218,.T.);
#3247=ADVANCED_FACE('',(#3246),#3240,.F.);
#3256=EDGE_CURVE('',#1602,#1603,#1300,.T.);
#3261=ADVANCED_FACE('',(#3260),#3252,.F.);
#3273=ADVANCED_FACE('',(#3272),#3266,.F.);
#3285=ADVANCED_FACE('',(#3284),#3278,.F.);
#3293=EDGE_CURVE('',#1610,#1611,#1328,.T.);
#3299=ADVANCED_FACE('',(#3298),#3290,.F.);
#3311=ADVANCED_FACE('',(#3310),#3304,.F.);
#3323=ADVANCED_FACE('',(#3322),#3316,.F.);
#3331=EDGE_CURVE('',#1570,#1571,#1365,.T.);
#3336=ADVANCED_FACE('',(#3335),#3328,.F.);
#3342=EDGE_CURVE('',#1562,#1563,#1361,.T.);
#3349=ADVANCED_FACE('',(#3348),#3341,.F.);
#3361=ADVANCED_FACE('',(#3360),#3354,.F.);
#3364=(LENGTH_UNIT()NAMED_UNIT(*)SI_UNIT(.MILLI.,.METRE.));
#3365=(NAMED_UNIT(*)PLANE_ANGLE_UNIT()SI_UNIT($,.RADIAN.));
#3368=(NAMED_UNIT(*)SI_UNIT($,.STERADIAN.)SOLID_ANGLE_UNIT());
#3370=(GEOMETRIC_REPRESENTATION_CONTEXT(3)GLOBAL_UNCERTAINTY_ASSIGNED_CONTEXT((
#3369))GLOBAL_UNIT_ASSIGNED_CONTEXT((#3364,#3367,#3368))REPRESENTATION_CONTEXT(
'ID1','external'));
#3374=AXIS2_PLACEMENT_3D('',#3371,#3372,#3373);
#3375=ADVANCED_BREP_SHAPE_REPRESENTATION('',(#3374,#3363),#3370);
#3382=PRODUCT_DEFINITION('part definition','',#3381,#3378);
#3383=PRODUCT_DEFINITION_SHAPE('','SHAPE FOR LINK1.',#3382);
#3384=SHAPE_ASPECT('','solid data associated with LINK1',#3383,.F.);
#3385=PROPERTY_DEFINITION('',
'shape for solid data with which properties are associated',#3384);
#3386=SHAPE_REPRESENTATION('',(#3363),#3370);
#3387=SHAPE_DEFINITION_REPRESENTATION(#3385,#3386);
#3388=(LENGTH_UNIT()NAMED_UNIT(*)SI_UNIT(.MILLI.,.METRE.));
#3392=PROPERTY_DEFINITION('geometric validation property','area of LINK1',
#3384);
#3393=REPRESENTATION('surface area',(#3391),#3370);
#3394=PROPERTY_DEFINITION_REPRESENTATION(#3392,#3393);
#3395=(LENGTH_UNIT()NAMED_UNIT(*)SI_UNIT(.MILLI.,.METRE.));
#3399=PROPERTY_DEFINITION('geometric validation property','volume of LINK1',
#3384);
#3400=REPRESENTATION('volume',(#3398),#3370);
#3401=PROPERTY_DEFINITION_REPRESENTATION(#3399,#3400);
#3403=PROPERTY_DEFINITION('geometric validation property','centroid of LINK1',
#3384);
#3404=REPRESENTATION('centroid',(#3402),#3370);
#3405=PROPERTY_DEFINITION_REPRESENTATION(#3403,#3404);
#3406=(LENGTH_UNIT()NAMED_UNIT(*)SI_UNIT(.MILLI.,.METRE.));
#3410=PROPERTY_DEFINITION('geometric validation property','area of LINK1',
#3383);
#3411=REPRESENTATION('surface area',(#3409),#3370);
#3412=PROPERTY_DEFINITION_REPRESENTATION(#3410,#3411);
#3413=(LENGTH_UNIT()NAMED_UNIT(*)SI_UNIT(.MILLI.,.METRE.));
#3417=PROPERTY_DEFINITION('geometric validation property','volume of LINK1',
#3383);
#3418=REPRESENTATION('volume',(#3416),#3370);
#3419=PROPERTY_DEFINITION_REPRESENTATION(#3417,#3418);
#3421=PROPERTY_DEFINITION('geometric validation property','centroid of LINK1',
#3383);
#3422=REPRESENTATION('centroid',(#3420),#3370);
#3423=PROPERTY_DEFINITION_REPRESENTATION(#3421,#3422);
#3424=SHAPE_DEFINITION_REPRESENTATION(#3383,#3375);
#3425=PRODUCT_RELATED_PRODUCT_CATEGORY('part','',(#3380));
ENDSEC;
END-ISO-10303-21;
