ISO-10303-21;
HEADER;
FILE_DESCRIPTION((''),'2;1');
FILE_NAME('MOTORGEAR','2026-08-09T09:56:41',('gram2'),(''),
'CREO PARAMETRIC BY PTC INC, 2016510','CREO PARAMETRIC BY PTC INC, 2016510','');
FILE_SCHEMA(('AUTOMOTIVE_DESIGN { 1 0 10303 214 1 1 1 1 }'));
ENDSEC;
DATA;
#29=CARTESIAN_POINT('',(0.E0,-2.025256353956E-3,0.E0));
#30=DIRECTION('',(0.E0,0.E0,1.E0));
#31=DIRECTION('',(-6.775242961115E-2,9.977021641160E-1,0.E0));
#32=AXIS2_PLACEMENT_3D('',#29,#30,#31);
#34=DRAUGHTING_PRE_DEFINED_CURVE_FONT('continuous');
#35=CURVE_STYLE('',#34,POSITIVE_LENGTH_MEASURE(2.E-2),#5);
#36=PRESENTATION_STYLE_ASSIGNMENT((#35));
#37=STYLED_ITEM('',(#36),#33);
#38=CARTESIAN_POINT('',(-3.081952851282E0,6.419094808346E0,0.E0));
#39=DIRECTION('',(0.E0,0.E0,1.E0));
#40=DIRECTION('',(9.781979506793E-1,2.076746717508E-1,0.E0));
#41=AXIS2_PLACEMENT_3D('',#38,#39,#40);
#43=CURVE_STYLE('',#34,POSITIVE_LENGTH_MEASURE(2.E-2),#5);
#44=PRESENTATION_STYLE_ASSIGNMENT((#43));
#45=STYLED_ITEM('',(#44),#42);
#46=DIRECTION('',(-9.781476007338E-1,-2.079116908178E-1,0.E0));
#47=VECTOR('',#46,3.6E-1);
#48=CARTESIAN_POINT('',(-1.486805883937E0,7.860623910574E0,0.E0));
#49=LINE('',#48,#47);
#50=CURVE_STYLE('',#34,POSITIVE_LENGTH_MEASURE(2.E-2),#5);
#51=PRESENTATION_STYLE_ASSIGNMENT((#50));
#52=STYLED_ITEM('',(#51),#49);
#53=CARTESIAN_POINT('',(2.046229540255E-1,7.117678061190E0,0.E0));
#54=DIRECTION('',(0.E0,0.E0,1.E0));
#55=DIRECTION('',(-9.504939415008E-1,3.107430886927E-1,0.E0));
#56=AXIS2_PLACEMENT_3D('',#53,#54,#55);
#58=CURVE_STYLE('',#34,POSITIVE_LENGTH_MEASURE(2.E-2),#5);
#59=PRESENTATION_STYLE_ASSIGNMENT((#58));
#60=STYLED_ITEM('',(#59),#57);
#61=CARTESIAN_POINT('',(0.E0,-2.025256353956E-3,0.E0));
#62=DIRECTION('',(0.E0,0.E0,1.E0));
#63=DIRECTION('',(-2.736467869230E-1,9.618302532187E-1,0.E0));
#64=AXIS2_PLACEMENT_3D('',#61,#62,#63);
#66=CURVE_STYLE('',#34,POSITIVE_LENGTH_MEASURE(2.E-2),#5);
#67=PRESENTATION_STYLE_ASSIGNMENT((#66));
#68=STYLED_ITEM('',(#67),#65);
#69=CARTESIAN_POINT('',(-4.349209642179E0,5.638048157336E0,0.E0));
#70=DIRECTION('',(0.E0,0.E0,1.E0));
#71=DIRECTION('',(9.136189489574E-1,4.065715387308E-1,0.E0));
#72=AXIS2_PLACEMENT_3D('',#69,#70,#71);
#74=CURVE_STYLE('',#34,POSITIVE_LENGTH_MEASURE(2.E-2),#5);
#75=PRESENTATION_STYLE_ASSIGNMENT((#74));
#76=STYLED_ITEM('',(#75),#73);
#77=DIRECTION('',(-9.135454576426E-1,-4.067366430758E-1,0.E0));
#78=VECTOR('',#77,3.6E-1);
#79=CARTESIAN_POINT('',(-3.088631216260E0,7.379726093152E0,0.E0));
#80=LINE('',#79,#78);
#81=CURVE_STYLE('',#34,POSITIVE_LENGTH_MEASURE(2.E-2),#5);
#82=PRESENTATION_STYLE_ASSIGNMENT((#81));
#83=STYLED_ITEM('',(#82),#80);
#84=CARTESIAN_POINT('',(-1.279697028864E0,7.004683222701E0,0.E0));
#85=DIRECTION('',(0.E0,0.E0,1.E0));
#86=DIRECTION('',(-9.943304893711E-1,1.063338041599E-1,0.E0));
#87=AXIS2_PLACEMENT_3D('',#84,#85,#86);
#89=CURVE_STYLE('',#34,POSITIVE_LENGTH_MEASURE(2.E-2),#5);
#90=PRESENTATION_STYLE_ASSIGNMENT((#89));
#91=STYLED_ITEM('',(#90),#88);
#92=CARTESIAN_POINT('',(0.E0,-2.025256353956E-3,0.E0));
#93=DIRECTION('',(0.E0,0.E0,1.E0));
#94=DIRECTION('',(-4.675927483857E-1,8.839440150016E-1,0.E0));
#95=AXIS2_PLACEMENT_3D('',#92,#93,#94);
#97=CURVE_STYLE('',#34,POSITIVE_LENGTH_MEASURE(2.E-2),#5);
#98=PRESENTATION_STYLE_ASSIGNMENT((#97));
#99=STYLED_ITEM('',(#98),#96);
#100=CARTESIAN_POINT('',(-5.426385101890E0,4.610591747494E0,0.E0));
#101=DIRECTION('',(0.E0,0.E0,1.E0));
#102=DIRECTION('',(8.090810403299E-1,5.876970904970E-1,0.E0));
#103=AXIS2_PLACEMENT_3D('',#100,#101,#102);
#105=CURVE_STYLE('',#34,POSITIVE_LENGTH_MEASURE(2.E-2),#5);
#106=PRESENTATION_STYLE_ASSIGNMENT((#105));
#107=STYLED_ITEM('',(#106),#104);
#108=DIRECTION('',(-8.090169943749E-1,-5.877852522925E-1,0.E0));
#109=VECTOR('',#108,3.6E-1);
#110=CARTESIAN_POINT('',(-4.555468543535E0,6.576298833604E0,0.E0));
#111=LINE('',#110,#109);
#112=CURVE_STYLE('',#34,POSITIVE_LENGTH_MEASURE(2.E-2),#5);
#113=PRESENTATION_STYLE_ASSIGNMENT((#112));
#114=STYLED_ITEM('',(#113),#111);
#115=CARTESIAN_POINT('',(-2.708088110924E0,6.585550115180E0,0.E0));
#116=DIRECTION('',(0.E0,0.E0,1.E0));
#117=DIRECTION('',(-9.947100235287E-1,-1.027227778609E-1,0.E0));
#118=AXIS2_PLACEMENT_3D('',#115,#116,#117);
#120=CURVE_STYLE('',#34,POSITIVE_LENGTH_MEASURE(2.E-2),#5);
#121=PRESENTATION_STYLE_ASSIGNMENT((#120));
#122=STYLED_ITEM('',(#121),#119);
#123=CARTESIAN_POINT('',(0.E0,-2.025256353956E-3,0.E0));
#124=DIRECTION('',(0.E0,0.E0,1.E0));
#125=DIRECTION('',(-6.411172476272E-1,7.674429456284E-1,0.E0));
#126=AXIS2_PLACEMENT_3D('',#123,#124,#125);
#128=CURVE_STYLE('',#34,POSITIVE_LENGTH_MEASURE(2.E-2),#5);
#129=PRESENTATION_STYLE_ASSIGNMENT((#128));
#130=STYLED_ITEM('',(#129),#127);
#131=CARTESIAN_POINT('',(-6.266401493963E0,3.381630354212E0,0.E0));
#132=DIRECTION('',(0.E0,0.E0,1.E0));
#133=DIRECTION('',(6.691206191226E-1,7.431538179038E-1,0.E0));
#134=AXIS2_PLACEMENT_3D('',#131,#132,#133);
#136=CURVE_STYLE('',#34,POSITIVE_LENGTH_MEASURE(2.E-2),#5);
#137=PRESENTATION_STYLE_ASSIGNMENT((#136));
#138=STYLED_ITEM('',(#137),#135);
#139=DIRECTION('',(-6.691306063589E-1,-7.431448254774E-1,0.E0));
#140=VECTOR('',#139,3.6E-1);
#141=CARTESIAN_POINT('',(-5.823210035895E0,5.485455758445E0,0.E0));
#142=LINE('',#141,#140);
#143=CURVE_STYLE('',#34,POSITIVE_LENGTH_MEASURE(2.E-2),#5);
#144=PRESENTATION_STYLE_ASSIGNMENT((#143));
#145=STYLED_ITEM('',(#144),#142);
#146=CARTESIAN_POINT('',(-4.018122747688E0,5.878596866650E0,0.E0));
#147=DIRECTION('',(0.E0,0.E0,1.E0));
#148=DIRECTION('',(-9.516159565099E-1,-3.072898815706E-1,0.E0));
#149=AXIS2_PLACEMENT_3D('',#146,#147,#148);
#151=CURVE_STYLE('',#34,POSITIVE_LENGTH_MEASURE(2.E-2),#5);
#152=PRESENTATION_STYLE_ASSIGNMENT((#151));
#153=STYLED_ITEM('',(#152),#150);
#154=CARTESIAN_POINT('',(0.E0,-2.025256353956E-3,0.E0));
#155=DIRECTION('',(0.E0,0.E0,1.E0));
#156=DIRECTION('',(-7.866405047723E-1,6.174113023355E-1,0.E0));
#157=AXIS2_PLACEMENT_3D('',#154,#155,#156);
#159=CURVE_STYLE('',#34,POSITIVE_LENGTH_MEASURE(2.E-2),#5);
#160=PRESENTATION_STYLE_ASSIGNMENT((#159));
#161=STYLED_ITEM('',(#160),#158);
#162=CARTESIAN_POINT('',(-6.832546071219E0,2.004875487588E0,0.E0));
#163=DIRECTION('',(0.E0,0.E0,1.E0));
#164=DIRECTION('',(4.998567064919E-1,8.661081185251E-1,0.E0));
#165=AXIS2_PLACEMENT_3D('',#162,#163,#164);
#167=CURVE_STYLE('',#34,POSITIVE_LENGTH_MEASURE(2.E-2),#5);
#168=PRESENTATION_STYLE_ASSIGNMENT((#167));
#169=STYLED_ITEM('',(#168),#166);
#170=DIRECTION('',(-5.E-1,-8.660254037844E-1,0.E0));
#171=VECTOR('',#170,3.6E-1);
#172=CARTESIAN_POINT('',(-6.836449306824E0,4.154871944504E0,0.E0));
#173=LINE('',#172,#171);
#174=CURVE_STYLE('',#34,POSITIVE_LENGTH_MEASURE(2.E-2),#5);
#175=PRESENTATION_STYLE_ASSIGNMENT((#174));
#176=STYLED_ITEM('',(#175),#173);
#177=CARTESIAN_POINT('',(-5.152546139286E0,4.914720726409E0,0.E0));
#178=DIRECTION('',(0.E0,0.E0,1.E0));
#179=DIRECTION('',(-8.669317058317E-1,-4.984269429152E-1,0.E0));
#180=AXIS2_PLACEMENT_3D('',#177,#178,#179);
#182=CURVE_STYLE('',#34,POSITIVE_LENGTH_MEASURE(2.E-2),#5);
#183=PRESENTATION_STYLE_ASSIGNMENT((#182));
#184=STYLED_ITEM('',(#183),#181);
#185=CARTESIAN_POINT('',(0.E0,-2.025256353956E-3,0.E0));
#186=DIRECTION('',(0.E0,0.E0,1.E0));
#187=DIRECTION('',(-8.978024823822E-1,4.403983453969E-1,0.E0));
#188=AXIS2_PLACEMENT_3D('',#185,#186,#187);
#190=CURVE_STYLE('',#34,POSITIVE_LENGTH_MEASURE(2.E-2),#5);
#191=PRESENTATION_STYLE_ASSIGNMENT((#190));
#192=STYLED_ITEM('',(#191),#189);
#193=CARTESIAN_POINT('',(-7.100075598970E0,5.404979416967E-1,0.E0));
#194=DIRECTION('',(0.E0,0.E0,1.E0));
#195=DIRECTION('',(3.086930710358E-1,9.511617043881E-1,0.E0));
#196=AXIS2_PLACEMENT_3D('',#193,#194,#195);
#198=CURVE_STYLE('',#34,POSITIVE_LENGTH_MEASURE(2.E-2),#5);
#199=PRESENTATION_STYLE_ASSIGNMENT((#198));
#200=STYLED_ITEM('',(#199),#197);
#201=DIRECTION('',(-3.090169943750E-1,-9.510565162952E-1,0.E0));
#202=VECTOR('',#201,3.6E-1);
#203=CARTESIAN_POINT('',(-7.550902938121E0,2.642700289301E0,0.E0));
#204=LINE('',#203,#202);
#205=CURVE_STYLE('',#34,POSITIVE_LENGTH_MEASURE(2.E-2),#5);
#206=PRESENTATION_STYLE_ASSIGNMENT((#205));
#207=STYLED_ITEM('',(#206),#204);
#208=CARTESIAN_POINT('',(-6.061778539937E0,3.736047706979E0,0.E0));
#209=DIRECTION('',(0.E0,0.E0,1.E0));
#210=DIRECTION('',(-7.443583796087E-1,-6.677803551366E-1,0.E0));
#211=AXIS2_PLACEMENT_3D('',#208,#209,#210);
#213=CURVE_STYLE('',#34,POSITIVE_LENGTH_MEASURE(2.E-2),#5);
#214=PRESENTATION_STYLE_ASSIGNMENT((#213));
#215=STYLED_ITEM('',(#214),#212);
#216=CARTESIAN_POINT('',(0.E0,-2.025256353956E-3,0.E0));
#217=DIRECTION('',(0.E0,0.E0,1.E0));
#218=DIRECTION('',(-9.697417046461E-1,2.441332141886E-1,0.E0));
#219=AXIS2_PLACEMENT_3D('',#216,#217,#218);
#221=CURVE_STYLE('',#34,POSITIVE_LENGTH_MEASURE(2.E-2),#5);
#222=PRESENTATION_STYLE_ASSIGNMENT((#221));
#223=STYLED_ITEM('',(#222),#220);
#224=CARTESIAN_POINT('',(-7.057297753103E0,-9.475019578436E-1,0.E0));
#225=DIRECTION('',(0.E0,0.E0,1.E0));
#226=DIRECTION('',(1.040002096532E-1,9.945772752240E-1,0.E0));
#227=AXIS2_PLACEMENT_3D('',#224,#225,#226);
#229=CURVE_STYLE('',#34,POSITIVE_LENGTH_MEASURE(2.E-2),#5);
#230=PRESENTATION_STYLE_ASSIGNMENT((#229));
#231=STYLED_ITEM('',(#230),#228);
#232=DIRECTION('',(-1.045284632677E-1,-9.945218953683E-1,0.E0));
#233=VECTOR('',#232,3.6E-1);
#234=CARTESIAN_POINT('',(-7.935345877770E0,1.015029950373E0,0.E0));
#235=LINE('',#234,#233);
#236=CURVE_STYLE('',#34,POSITIVE_LENGTH_MEASURE(2.E-2),#5);
#237=PRESENTATION_STYLE_ASSIGNMENT((#236));
#238=STYLED_ITEM('',(#237),#235);
#239=CARTESIAN_POINT('',(-6.706082130753E0,2.394091475207E0,0.E0));
#240=DIRECTION('',(0.E0,0.E0,1.E0));
#241=DIRECTION('',(-5.892530203690E-1,-8.079485614728E-1,0.E0));
#242=AXIS2_PLACEMENT_3D('',#239,#240,#241);
#244=CURVE_STYLE('',#34,POSITIVE_LENGTH_MEASURE(2.E-2),#5);
#245=PRESENTATION_STYLE_ASSIGNMENT((#244));
#246=STYLED_ITEM('',(#245),#243);
#247=CARTESIAN_POINT('',(-6.706082130753E0,-2.394091475207E0,0.E0));
#248=DIRECTION('',(0.E0,0.E0,1.E0));
#249=DIRECTION('',(-1.052530452475E-1,9.944454718415E-1,0.E0));
#250=AXIS2_PLACEMENT_3D('',#247,#248,#249);
#252=CURVE_STYLE('',#34,POSITIVE_LENGTH_MEASURE(2.E-2),#5);
#253=PRESENTATION_STYLE_ASSIGNMENT((#252));
#254=STYLED_ITEM('',(#253),#251);
#255=DIRECTION('',(1.045284632677E-1,-9.945218953683E-1,0.E0));
#256=VECTOR('',#255,3.6E-1);
#257=CARTESIAN_POINT('',(-7.972976124547E0,-6.570020680405E-1,0.E0));
#258=LINE('',#257,#256);
#259=CURVE_STYLE('',#34,POSITIVE_LENGTH_MEASURE(2.E-2),#5);
#260=PRESENTATION_STYLE_ASSIGNMENT((#259));
#261=STYLED_ITEM('',(#260),#258);
#262=CARTESIAN_POINT('',(-7.057297753103E0,9.475019578434E-1,0.E0));
#263=DIRECTION('',(0.E0,0.E0,1.E0));
#264=DIRECTION('',(-4.083944765895E-1,-9.128055387053E-1,0.E0));
#265=AXIS2_PLACEMENT_3D('',#262,#263,#264);
#267=CURVE_STYLE('',#34,POSITIVE_LENGTH_MEASURE(2.E-2),#5);
#268=PRESENTATION_STYLE_ASSIGNMENT((#267));
#269=STYLED_ITEM('',(#268),#266);
#270=CARTESIAN_POINT('',(0.E0,-2.025256353956E-3,0.E0));
#271=DIRECTION('',(0.E0,0.E0,1.E0));
#272=DIRECTION('',(-9.851999260001E-1,-1.714091765612E-1,0.E0));
#273=AXIS2_PLACEMENT_3D('',#270,#271,#272);
#275=CURVE_STYLE('',#34,POSITIVE_LENGTH_MEASURE(2.E-2),#5);
#276=PRESENTATION_STYLE_ASSIGNMENT((#275));
#277=STYLED_ITEM('',(#276),#274);
#278=CARTESIAN_POINT('',(-6.061778539937E0,-3.736047706979E0,0.E0));
#279=DIRECTION('',(0.E0,0.E0,1.E0));
#280=DIRECTION('',(-3.098923125273E-1,9.507716627227E-1,0.E0));
#281=AXIS2_PLACEMENT_3D('',#278,#279,#280);
#283=CURVE_STYLE('',#34,POSITIVE_LENGTH_MEASURE(2.E-2),#5);
#284=PRESENTATION_STYLE_ASSIGNMENT((#283));
#285=STYLED_ITEM('',(#284),#282);
#286=DIRECTION('',(3.090169943749E-1,-9.510565162952E-1,0.E0));
#287=VECTOR('',#286,3.6E-1);
#288=CARTESIAN_POINT('',(-7.662149056096E0,-2.300319943435E0,0.E0));
#289=LINE('',#288,#287);
#290=CURVE_STYLE('',#34,POSITIVE_LENGTH_MEASURE(2.E-2),#5);
#291=PRESENTATION_STYLE_ASSIGNMENT((#290));
#292=STYLED_ITEM('',(#291),#289);
#293=CARTESIAN_POINT('',(-7.100075598970E0,-5.404979416969E-1,0.E0));
#294=DIRECTION('',(0.E0,0.E0,1.E0));
#295=DIRECTION('',(-2.096871344889E-1,-9.777685337695E-1,0.E0));
#296=AXIS2_PLACEMENT_3D('',#293,#294,#295);
#298=CURVE_STYLE('',#34,POSITIVE_LENGTH_MEASURE(2.E-2),#5);
#299=PRESENTATION_STYLE_ASSIGNMENT((#298));
#300=STYLED_ITEM('',(#299),#297);
#301=CARTESIAN_POINT('',(0.E0,-2.025256353956E-3,0.E0));
#302=DIRECTION('',(0.E0,0.E0,1.E0));
#303=DIRECTION('',(-9.280382488842E-1,-3.724849105775E-1,0.E0));
#304=AXIS2_PLACEMENT_3D('',#301,#302,#303);
#306=CURVE_STYLE('',#34,POSITIVE_LENGTH_MEASURE(2.E-2),#5);
#307=PRESENTATION_STYLE_ASSIGNMENT((#306));
#308=STYLED_ITEM('',(#307),#305);
#309=CARTESIAN_POINT('',(-5.152546139286E0,-4.914720726410E0,0.E0));
#310=DIRECTION('',(0.E0,0.E0,1.E0));
#311=DIRECTION('',(-5.009574120352E-1,8.654719356091E-1,0.E0));
#312=AXIS2_PLACEMENT_3D('',#309,#310,#311);
#314=CURVE_STYLE('',#34,POSITIVE_LENGTH_MEASURE(2.E-2),#5);
#315=PRESENTATION_STYLE_ASSIGNMENT((#314));
#316=STYLED_ITEM('',(#315),#313);
#317=DIRECTION('',(5.E-1,-8.660254037844E-1,0.E0));
#318=VECTOR('',#317,3.6E-1);
#319=CARTESIAN_POINT('',(-7.016449306824E0,-3.843102799142E0,0.E0));
#320=LINE('',#319,#318);
#321=CURVE_STYLE('',#34,POSITIVE_LENGTH_MEASURE(2.E-2),#5);
#322=PRESENTATION_STYLE_ASSIGNMENT((#321));
#323=STYLED_ITEM('',(#322),#320);
#324=CARTESIAN_POINT('',(-6.832546071219E0,-2.004875487588E0,0.E0));
#325=DIRECTION('',(0.E0,0.E0,1.E0));
#326=DIRECTION('',(-1.815458420685E-3,-9.999983520540E-1,0.E0));
#327=AXIS2_PLACEMENT_3D('',#324,#325,#326);
#329=CURVE_STYLE('',#34,POSITIVE_LENGTH_MEASURE(2.E-2),#5);
#330=PRESENTATION_STYLE_ASSIGNMENT((#329));
#331=STYLED_ITEM('',(#330),#328);
#332=CARTESIAN_POINT('',(0.E0,-2.025256353956E-3,0.E0));
#333=DIRECTION('',(0.E0,0.E0,1.E0));
#334=DIRECTION('',(-8.303005865084E-1,-5.573158315030E-1,0.E0));
#335=AXIS2_PLACEMENT_3D('',#332,#333,#334);
#337=CURVE_STYLE('',#34,POSITIVE_LENGTH_MEASURE(2.E-2),#5);
#338=PRESENTATION_STYLE_ASSIGNMENT((#337));
#339=STYLED_ITEM('',(#338),#336);
#340=CARTESIAN_POINT('',(-4.018122747688E0,-5.878596866650E0,0.E0));
#341=DIRECTION('',(0.E0,0.E0,1.E0));
#342=DIRECTION('',(-6.700761589665E-1,7.422923556017E-1,0.E0));
#343=AXIS2_PLACEMENT_3D('',#340,#341,#342);
#345=CURVE_STYLE('',#34,POSITIVE_LENGTH_MEASURE(2.E-2),#5);
#346=PRESENTATION_STYLE_ASSIGNMENT((#345));
#347=STYLED_ITEM('',(#346),#344);
#348=DIRECTION('',(6.691306063589E-1,-7.431448254774E-1,0.E0));
#349=VECTOR('',#348,3.6E-1);
#350=CARTESIAN_POINT('',(-6.064097054184E0,-5.217923621273E0,0.E0));
#351=LINE('',#350,#349);
#352=CURVE_STYLE('',#34,POSITIVE_LENGTH_MEASURE(2.E-2),#5);
#353=PRESENTATION_STYLE_ASSIGNMENT((#352));
#354=STYLED_ITEM('',(#353),#351);
#355=CARTESIAN_POINT('',(-6.266401493963E0,-3.381630354212E0,0.E0));
#356=DIRECTION('',(0.E0,0.E0,1.E0));
#357=DIRECTION('',(2.061355618921E-1,-9.785234438292E-1,0.E0));
#358=AXIS2_PLACEMENT_3D('',#355,#356,#357);
#360=CURVE_STYLE('',#34,POSITIVE_LENGTH_MEASURE(2.E-2),#5);
#361=PRESENTATION_STYLE_ASSIGNMENT((#360));
#362=STYLED_ITEM('',(#361),#359);
#363=CARTESIAN_POINT('',(0.E0,-2.025256353956E-3,0.E0));
#364=DIRECTION('',(0.E0,0.E0,1.E0));
#365=DIRECTION('',(-6.962582842795E-1,-7.177913356764E-1,0.E0));
#366=AXIS2_PLACEMENT_3D('',#363,#364,#365);
#368=CURVE_STYLE('',#34,POSITIVE_LENGTH_MEASURE(2.E-2),#5);
#369=PRESENTATION_STYLE_ASSIGNMENT((#368));
#370=STYLED_ITEM('',(#369),#367);
#371=CARTESIAN_POINT('',(-2.708088110923E0,-6.585550115180E0,0.E0));
#372=DIRECTION('',(0.E0,0.E0,1.E0));
#373=DIRECTION('',(-8.098478102574E-1,5.866400295081E-1,0.E0));
#374=AXIS2_PLACEMENT_3D('',#371,#372,#373);
#376=CURVE_STYLE('',#34,POSITIVE_LENGTH_MEASURE(2.E-2),#5);
#377=PRESENTATION_STYLE_ASSIGNMENT((#376));
#378=STYLED_ITEM('',(#377),#375);
#379=DIRECTION('',(8.090169943749E-1,-5.877852522925E-1,0.E0));
#380=VECTOR('',#379,3.6E-1);
#381=CARTESIAN_POINT('',(-4.846714661510E0,-6.364696142779E0,0.E0));
#382=LINE('',#381,#380);
#383=CURVE_STYLE('',#34,POSITIVE_LENGTH_MEASURE(2.E-2),#5);
#384=PRESENTATION_STYLE_ASSIGNMENT((#383));
#385=STYLED_ITEM('',(#384),#382);
#386=CARTESIAN_POINT('',(-5.426385101890E0,-4.610591747494E0,0.E0));
#387=DIRECTION('',(0.E0,0.E0,1.E0));
#388=DIRECTION('',(4.050774690020E-1,-9.142823656327E-1,0.E0));
#389=AXIS2_PLACEMENT_3D('',#386,#387,#388);
#391=CURVE_STYLE('',#34,POSITIVE_LENGTH_MEASURE(2.E-2),#5);
#392=PRESENTATION_STYLE_ASSIGNMENT((#391));
#393=STYLED_ITEM('',(#392),#390);
#394=CARTESIAN_POINT('',(0.E0,-2.025256353956E-3,0.E0));
#395=DIRECTION('',(0.E0,0.E0,1.E0));
#396=DIRECTION('',(-5.317677059485E-1,-8.468902567100E-1,0.E0));
#397=AXIS2_PLACEMENT_3D('',#394,#395,#396);
#399=CURVE_STYLE('',#34,POSITIVE_LENGTH_MEASURE(2.E-2),#5);
#400=PRESENTATION_STYLE_ASSIGNMENT((#399));
#401=STYLED_ITEM('',(#400),#398);
#402=CARTESIAN_POINT('',(-1.279697028863E0,-7.004683222701E0,0.E0));
#403=DIRECTION('',(0.E0,0.E0,1.E0));
#404=DIRECTION('',(-9.141646391444E-1,4.053430800420E-1,0.E0));
#405=AXIS2_PLACEMENT_3D('',#402,#403,#404);
#407=CURVE_STYLE('',#34,POSITIVE_LENGTH_MEASURE(2.E-2),#5);
#408=PRESENTATION_STYLE_ASSIGNMENT((#407));
#409=STYLED_ITEM('',(#408),#406);
#410=DIRECTION('',(9.135454576426E-1,-4.067366430758E-1,0.E0));
#411=VECTOR('',#410,3.6E-1);
#412=CARTESIAN_POINT('',(-3.417507581011E0,-7.233300901644E0,0.E0));
#413=LINE('',#412,#411);
#414=CURVE_STYLE('',#34,POSITIVE_LENGTH_MEASURE(2.E-2),#5);
#415=PRESENTATION_STYLE_ASSIGNMENT((#414));
#416=STYLED_ITEM('',(#415),#413);
#417=CARTESIAN_POINT('',(-4.349209642179E0,-5.638048157336E0,0.E0));
#418=DIRECTION('',(0.E0,0.E0,1.E0));
#419=DIRECTION('',(5.863155469392E-1,-8.100827608445E-1,0.E0));
#420=AXIS2_PLACEMENT_3D('',#417,#418,#419);
#422=CURVE_STYLE('',#34,POSITIVE_LENGTH_MEASURE(2.E-2),#5);
#423=PRESENTATION_STYLE_ASSIGNMENT((#422));
#424=STYLED_ITEM('',(#423),#421);
#425=CARTESIAN_POINT('',(0.E0,-2.025256353956E-3,0.E0));
#426=DIRECTION('',(0.E0,0.E0,1.E0));
#427=DIRECTION('',(-3.440192153449E-1,-9.389626081338E-1,0.E0));
#428=AXIS2_PLACEMENT_3D('',#425,#426,#427);
#430=CURVE_STYLE('',#34,POSITIVE_LENGTH_MEASURE(2.E-2),#5);
#431=PRESENTATION_STYLE_ASSIGNMENT((#430));
#432=STYLED_ITEM('',(#431),#429);
#433=CARTESIAN_POINT('',(2.046229540256E-1,-7.117678061191E0,0.E0));
#434=DIRECTION('',(0.E0,0.E0,1.E0));
#435=DIRECTION('',(-9.784787028559E-1,2.063478326940E-1,0.E0));
#436=AXIS2_PLACEMENT_3D('',#433,#434,#435);
#438=CURVE_STYLE('',#34,POSITIVE_LENGTH_MEASURE(2.E-2),#5);
#439=PRESENTATION_STYLE_ASSIGNMENT((#438));
#440=STYLED_ITEM('',(#439),#437);
#441=DIRECTION('',(9.781476007338E-1,-2.079116908178E-1,0.E0));
#442=VECTOR('',#441,3.6E-1);
#443=CARTESIAN_POINT('',(-1.838939020201E0,-7.785775701880E0,0.E0));
#444=LINE('',#443,#442);
#445=CURVE_STYLE('',#34,POSITIVE_LENGTH_MEASURE(2.E-2),#5);
#446=PRESENTATION_STYLE_ASSIGNMENT((#445));
#447=STYLED_ITEM('',(#446),#444);
#448=CARTESIAN_POINT('',(-3.081952851282E0,-6.419094808346E0,0.E0));
#449=DIRECTION('',(0.E0,0.E0,1.E0));
#450=DIRECTION('',(7.419288220210E-1,-6.704786521990E-1,0.E0));
#451=AXIS2_PLACEMENT_3D('',#448,#449,#450);
#453=CURVE_STYLE('',#34,POSITIVE_LENGTH_MEASURE(2.E-2),#5);
#454=PRESENTATION_STYLE_ASSIGNMENT((#453));
#455=STYLED_ITEM('',(#454),#452);
#456=CARTESIAN_POINT('',(0.E0,-2.025256353956E-3,0.E0));
#457=DIRECTION('',(0.E0,0.E0,1.E0));
#458=DIRECTION('',(-1.412226935816E-1,-9.899778537006E-1,0.E0));
#459=AXIS2_PLACEMENT_3D('',#456,#457,#458);
#461=CURVE_STYLE('',#34,POSITIVE_LENGTH_MEASURE(2.E-2),#5);
#462=PRESENTATION_STYLE_ASSIGNMENT((#461));
#463=STYLED_ITEM('',(#462),#460);
#464=CARTESIAN_POINT('',(1.679999931934E0,-6.919596213998E0,0.E0));
#465=DIRECTION('',(0.E0,0.E0,1.E0));
#466=DIRECTION('',(-9.999986676049E-1,-1.632417996141E-3,0.E0));
#467=AXIS2_PLACEMENT_3D('',#464,#465,#466);
#469=CURVE_STYLE('',#34,POSITIVE_LENGTH_MEASURE(2.E-2),#5);
#470=PRESENTATION_STYLE_ASSIGNMENT((#469));
#471=STYLED_ITEM('',(#470),#468);
#472=DIRECTION('',(1.E0,0.E0,0.E0));
#473=VECTOR('',#472,3.6E-1);
#474=CARTESIAN_POINT('',(-1.8E-1,-7.997974743646E0,0.E0));
#475=LINE('',#474,#473);
#476=CURVE_STYLE('',#34,POSITIVE_LENGTH_MEASURE(2.E-2),#5);
#477=PRESENTATION_STYLE_ASSIGNMENT((#476));
#478=STYLED_ITEM('',(#477),#475);
#479=CARTESIAN_POINT('',(-1.679999931934E0,-6.919596213998E0,0.E0));
#480=DIRECTION('',(0.E0,0.E0,1.E0));
#481=DIRECTION('',(8.651162474110E-1,-5.015714091388E-1,0.E0));
#482=AXIS2_PLACEMENT_3D('',#479,#480,#481);
#484=CURVE_STYLE('',#34,POSITIVE_LENGTH_MEASURE(2.E-2),#5);
#485=PRESENTATION_STYLE_ASSIGNMENT((#484));
#486=STYLED_ITEM('',(#485),#483);
#487=CARTESIAN_POINT('',(0.E0,-2.025256353956E-3,0.E0));
#488=DIRECTION('',(0.E0,0.E0,1.E0));
#489=DIRECTION('',(6.775202647220E-2,-9.977021914925E-1,0.E0));
#490=AXIS2_PLACEMENT_3D('',#487,#488,#489);
#492=CURVE_STYLE('',#34,POSITIVE_LENGTH_MEASURE(2.E-2),#5);
#493=PRESENTATION_STYLE_ASSIGNMENT((#492));
#494=STYLED_ITEM('',(#493),#491);
#495=CARTESIAN_POINT('',(3.081952851282E0,-6.419094808346E0,0.E0));
#496=DIRECTION('',(0.E0,0.E0,1.E0));
#497=DIRECTION('',(-9.778084262964E-1,-2.095010297437E-1,0.E0));
#498=AXIS2_PLACEMENT_3D('',#495,#496,#497);
#500=CURVE_STYLE('',#34,POSITIVE_LENGTH_MEASURE(2.E-2),#5);
#501=PRESENTATION_STYLE_ASSIGNMENT((#500));
#502=STYLED_ITEM('',(#501),#499);
#503=DIRECTION('',(9.781476007338E-1,2.079116908178E-1,0.E0));
#504=VECTOR('',#503,3.6E-1);
#505=CARTESIAN_POINT('',(1.486805883937E0,-7.860623910574E0,0.E0));
#506=LINE('',#505,#504);
#507=CURVE_STYLE('',#34,POSITIVE_LENGTH_MEASURE(2.E-2),#5);
#508=PRESENTATION_STYLE_ASSIGNMENT((#507));
#509=STYLED_ITEM('',(#508),#506);
#510=CARTESIAN_POINT('',(-2.046229540255E-1,-7.117678061190E0,0.E0));
#511=DIRECTION('',(0.E0,0.E0,1.E0));
#512=DIRECTION('',(9.504939415008E-1,-3.107430886927E-1,0.E0));
#513=AXIS2_PLACEMENT_3D('',#510,#511,#512);
#515=CURVE_STYLE('',#34,POSITIVE_LENGTH_MEASURE(2.E-2),#5);
#516=PRESENTATION_STYLE_ASSIGNMENT((#515));
#517=STYLED_ITEM('',(#516),#514);
#518=CARTESIAN_POINT('',(0.E0,-2.025256353956E-3,0.E0));
#519=DIRECTION('',(0.E0,0.E0,1.E0));
#520=DIRECTION('',(2.737639638495E-1,-9.617969079267E-1,0.E0));
#521=AXIS2_PLACEMENT_3D('',#518,#519,#520);
#523=CURVE_STYLE('',#34,POSITIVE_LENGTH_MEASURE(2.E-2),#5);
#524=PRESENTATION_STYLE_ASSIGNMENT((#523));
#525=STYLED_ITEM('',(#524),#522);
#526=CARTESIAN_POINT('',(4.349209642179E0,-5.638048157336E0,0.E0));
#527=DIRECTION('',(0.E0,0.E0,1.E0));
#528=DIRECTION('',(-9.129029107407E-1,-4.081767699921E-1,0.E0));
#529=AXIS2_PLACEMENT_3D('',#526,#527,#528);
#531=CURVE_STYLE('',#34,POSITIVE_LENGTH_MEASURE(2.E-2),#5);
#532=PRESENTATION_STYLE_ASSIGNMENT((#531));
#533=STYLED_ITEM('',(#532),#530);
#534=DIRECTION('',(9.135454576426E-1,4.067366430758E-1,0.E0));
#535=VECTOR('',#534,3.6E-1);
#536=CARTESIAN_POINT('',(3.088631216260E0,-7.379726093152E0,0.E0));
#537=LINE('',#536,#535);
#538=CURVE_STYLE('',#34,POSITIVE_LENGTH_MEASURE(2.E-2),#5);
#539=PRESENTATION_STYLE_ASSIGNMENT((#538));
#540=STYLED_ITEM('',(#539),#537);
#541=CARTESIAN_POINT('',(1.279697028864E0,-7.004683222701E0,0.E0));
#542=DIRECTION('',(0.E0,0.E0,1.E0));
#543=DIRECTION('',(9.943304893711E-1,-1.063338041599E-1,0.E0));
#544=AXIS2_PLACEMENT_3D('',#541,#542,#543);
#546=CURVE_STYLE('',#34,POSITIVE_LENGTH_MEASURE(2.E-2),#5);
#547=PRESENTATION_STYLE_ASSIGNMENT((#546));
#548=STYLED_ITEM('',(#547),#545);
#549=CARTESIAN_POINT('',(0.E0,-2.025256353956E-3,0.E0));
#550=DIRECTION('',(0.E0,0.E0,1.E0));
#551=DIRECTION('',(4.678018402339E-1,-8.838333769856E-1,0.E0));
#552=AXIS2_PLACEMENT_3D('',#549,#550,#551);
#554=CURVE_STYLE('',#34,POSITIVE_LENGTH_MEASURE(2.E-2),#5);
#555=PRESENTATION_STYLE_ASSIGNMENT((#554));
#556=STYLED_ITEM('',(#555),#553);
#557=CARTESIAN_POINT('',(5.426385101890E0,-4.610591747494E0,0.E0));
#558=DIRECTION('',(0.E0,0.E0,1.E0));
#559=DIRECTION('',(-8.081402654067E-1,-5.889900775297E-1,0.E0));
#560=AXIS2_PLACEMENT_3D('',#557,#558,#559);
#562=CURVE_STYLE('',#34,POSITIVE_LENGTH_MEASURE(2.E-2),#5);
#563=PRESENTATION_STYLE_ASSIGNMENT((#562));
#564=STYLED_ITEM('',(#563),#561);
#565=DIRECTION('',(8.090169943749E-1,5.877852522925E-1,0.E0));
#566=VECTOR('',#565,3.6E-1);
#567=CARTESIAN_POINT('',(4.555468543535E0,-6.576298833604E0,0.E0));
#568=LINE('',#567,#566);
#569=CURVE_STYLE('',#34,POSITIVE_LENGTH_MEASURE(2.E-2),#5);
#570=PRESENTATION_STYLE_ASSIGNMENT((#569));
#571=STYLED_ITEM('',(#570),#568);
#572=CARTESIAN_POINT('',(2.708088110924E0,-6.585550115180E0,0.E0));
#573=DIRECTION('',(0.E0,0.E0,1.E0));
#574=DIRECTION('',(9.947100235287E-1,1.027227778609E-1,0.E0));
#575=AXIS2_PLACEMENT_3D('',#572,#573,#574);
#577=CURVE_STYLE('',#34,POSITIVE_LENGTH_MEASURE(2.E-2),#5);
#578=PRESENTATION_STYLE_ASSIGNMENT((#577));
#579=STYLED_ITEM('',(#578),#576);
#580=CARTESIAN_POINT('',(0.E0,-2.025256353956E-3,0.E0));
#581=DIRECTION('',(0.E0,0.E0,1.E0));
#582=DIRECTION('',(6.413792258523E-1,-7.672240146431E-1,0.E0));
#583=AXIS2_PLACEMENT_3D('',#580,#581,#582);
#585=CURVE_STYLE('',#34,POSITIVE_LENGTH_MEASURE(2.E-2),#5);
#586=PRESENTATION_STYLE_ASSIGNMENT((#585));
#587=STYLED_ITEM('',(#586),#584);
#588=CARTESIAN_POINT('',(6.266401493963E0,-3.381630354212E0,0.E0));
#589=DIRECTION('',(0.E0,0.E0,1.E0));
#590=DIRECTION('',(-6.681132242312E-1,-7.440596210031E-1,0.E0));
#591=AXIS2_PLACEMENT_3D('',#588,#589,#590);
#593=CURVE_STYLE('',#34,POSITIVE_LENGTH_MEASURE(2.E-2),#5);
#594=PRESENTATION_STYLE_ASSIGNMENT((#593));
#595=STYLED_ITEM('',(#594),#592);
#596=DIRECTION('',(6.691306063589E-1,7.431448254774E-1,0.E0));
#597=VECTOR('',#596,3.6E-1);
#598=CARTESIAN_POINT('',(5.823210035895E0,-5.485455758445E0,0.E0));
#599=LINE('',#598,#597);
#600=CURVE_STYLE('',#34,POSITIVE_LENGTH_MEASURE(2.E-2),#5);
#601=PRESENTATION_STYLE_ASSIGNMENT((#600));
#602=STYLED_ITEM('',(#601),#599);
#603=CARTESIAN_POINT('',(4.018122747688E0,-5.878596866650E0,0.E0));
#604=DIRECTION('',(0.E0,0.E0,1.E0));
#605=DIRECTION('',(9.516159565099E-1,3.072898815706E-1,0.E0));
#606=AXIS2_PLACEMENT_3D('',#603,#604,#605);
#608=CURVE_STYLE('',#34,POSITIVE_LENGTH_MEASURE(2.E-2),#5);
#609=PRESENTATION_STYLE_ASSIGNMENT((#608));
#610=STYLED_ITEM('',(#609),#607);
#611=CARTESIAN_POINT('',(0.E0,-2.025256353956E-3,0.E0));
#612=DIRECTION('',(0.E0,0.E0,1.E0));
#613=DIRECTION('',(7.869064838082E-1,-6.170722694634E-1,0.E0));
#614=AXIS2_PLACEMENT_3D('',#611,#612,#613);
#616=CURVE_STYLE('',#34,POSITIVE_LENGTH_MEASURE(2.E-2),#5);
#617=PRESENTATION_STYLE_ASSIGNMENT((#616));
#618=STYLED_ITEM('',(#617),#615);
#619=CARTESIAN_POINT('',(6.832546071219E0,-2.004875487588E0,0.E0));
#620=DIRECTION('',(0.E0,0.E0,1.E0));
#621=DIRECTION('',(-4.989459522548E-1,-8.666331038730E-1,0.E0));
#622=AXIS2_PLACEMENT_3D('',#619,#620,#621);
#624=CURVE_STYLE('',#34,POSITIVE_LENGTH_MEASURE(2.E-2),#5);
#625=PRESENTATION_STYLE_ASSIGNMENT((#624));
#626=STYLED_ITEM('',(#625),#623);
#627=DIRECTION('',(5.E-1,8.660254037844E-1,0.E0));
#628=VECTOR('',#627,3.6E-1);
#629=CARTESIAN_POINT('',(6.836449306824E0,-4.154871944504E0,0.E0));
#630=LINE('',#629,#628);
#631=CURVE_STYLE('',#34,POSITIVE_LENGTH_MEASURE(2.E-2),#5);
#632=PRESENTATION_STYLE_ASSIGNMENT((#631));
#633=STYLED_ITEM('',(#632),#630);
#634=CARTESIAN_POINT('',(5.152546139286E0,-4.914720726409E0,0.E0));
#635=DIRECTION('',(0.E0,0.E0,1.E0));
#636=DIRECTION('',(8.669317058317E-1,4.984269429152E-1,0.E0));
#637=AXIS2_PLACEMENT_3D('',#634,#635,#636);
#639=CURVE_STYLE('',#34,POSITIVE_LENGTH_MEASURE(2.E-2),#5);
#640=PRESENTATION_STYLE_ASSIGNMENT((#639));
#641=STYLED_ITEM('',(#640),#638);
#642=CARTESIAN_POINT('',(0.E0,-2.025256353956E-3,0.E0));
#643=DIRECTION('',(0.E0,0.E0,1.E0));
#644=DIRECTION('',(8.980230754977E-1,-4.399483559164E-1,0.E0));
#645=AXIS2_PLACEMENT_3D('',#642,#643,#644);
#647=CURVE_STYLE('',#34,POSITIVE_LENGTH_MEASURE(2.E-2),#5);
#648=PRESENTATION_STYLE_ASSIGNMENT((#647));
#649=STYLED_ITEM('',(#648),#646);
#650=CARTESIAN_POINT('',(7.100075598970E0,-5.404979416967E-1,0.E0));
#651=DIRECTION('',(0.E0,0.E0,1.E0));
#652=DIRECTION('',(-3.080256500815E-1,-9.513780525595E-1,0.E0));
#653=AXIS2_PLACEMENT_3D('',#650,#651,#652);
#655=CURVE_STYLE('',#34,POSITIVE_LENGTH_MEASURE(2.E-2),#5);
#656=PRESENTATION_STYLE_ASSIGNMENT((#655));
#657=STYLED_ITEM('',(#656),#654);
#658=DIRECTION('',(3.090169943749E-1,9.510565162952E-1,0.E0));
#659=VECTOR('',#658,3.6E-1);
#660=CARTESIAN_POINT('',(7.550902938121E0,-2.642700289301E0,0.E0));
#661=LINE('',#660,#659);
#662=CURVE_STYLE('',#34,POSITIVE_LENGTH_MEASURE(2.E-2),#5);
#663=PRESENTATION_STYLE_ASSIGNMENT((#662));
#664=STYLED_ITEM('',(#663),#661);
#665=CARTESIAN_POINT('',(6.061778539937E0,-3.736047706979E0,0.E0));
#666=DIRECTION('',(0.E0,0.E0,1.E0));
#667=DIRECTION('',(7.443583796087E-1,6.677803551366E-1,0.E0));
#668=AXIS2_PLACEMENT_3D('',#665,#666,#667);
#670=CURVE_STYLE('',#34,POSITIVE_LENGTH_MEASURE(2.E-2),#5);
#671=PRESENTATION_STYLE_ASSIGNMENT((#670));
#672=STYLED_ITEM('',(#671),#669);
#673=CARTESIAN_POINT('',(0.E0,-2.025256353956E-3,0.E0));
#674=DIRECTION('',(0.E0,0.E0,1.E0));
#675=DIRECTION('',(9.698755991326E-1,-2.436007434455E-1,0.E0));
#676=AXIS2_PLACEMENT_3D('',#673,#674,#675);
#678=CURVE_STYLE('',#34,POSITIVE_LENGTH_MEASURE(2.E-2),#5);
#679=PRESENTATION_STYLE_ASSIGNMENT((#678));
#680=STYLED_ITEM('',(#679),#677);
#681=CARTESIAN_POINT('',(7.057297753103E0,9.475019578436E-1,0.E0));
#682=DIRECTION('',(0.E0,0.E0,1.E0));
#683=DIRECTION('',(-1.036807772728E-1,-9.946106255335E-1,0.E0));
#684=AXIS2_PLACEMENT_3D('',#681,#682,#683);
#686=CURVE_STYLE('',#34,POSITIVE_LENGTH_MEASURE(2.E-2),#5);
#687=PRESENTATION_STYLE_ASSIGNMENT((#686));
#688=STYLED_ITEM('',(#687),#685);
#689=DIRECTION('',(1.045284632677E-1,9.945218953683E-1,0.E0));
#690=VECTOR('',#689,3.6E-1);
#691=CARTESIAN_POINT('',(7.935345877770E0,-1.015029950373E0,0.E0));
#692=LINE('',#691,#690);
#693=CURVE_STYLE('',#34,POSITIVE_LENGTH_MEASURE(2.E-2),#5);
#694=PRESENTATION_STYLE_ASSIGNMENT((#693));
#695=STYLED_ITEM('',(#694),#692);
#696=CARTESIAN_POINT('',(6.706082130753E0,-2.394091475207E0,0.E0));
#697=DIRECTION('',(0.E0,0.E0,1.E0));
#698=DIRECTION('',(5.892530203690E-1,8.079485614728E-1,0.E0));
#699=AXIS2_PLACEMENT_3D('',#696,#697,#698);
#701=CURVE_STYLE('',#34,POSITIVE_LENGTH_MEASURE(2.E-2),#5);
#702=PRESENTATION_STYLE_ASSIGNMENT((#701));
#703=STYLED_ITEM('',(#702),#700);
#704=CARTESIAN_POINT('',(6.706082130753E0,2.394091475207E0,0.E0));
#705=DIRECTION('',(0.E0,0.E0,1.E0));
#706=DIRECTION('',(1.051834613052E-1,-9.944528342098E-1,0.E0));
#707=AXIS2_PLACEMENT_3D('',#704,#705,#706);
#709=CURVE_STYLE('',#34,POSITIVE_LENGTH_MEASURE(2.E-2),#5);
#710=PRESENTATION_STYLE_ASSIGNMENT((#709));
#711=STYLED_ITEM('',(#710),#708);
#712=DIRECTION('',(-1.045284632677E-1,9.945218953683E-1,0.E0));
#713=VECTOR('',#712,3.6E-1);
#714=CARTESIAN_POINT('',(7.972976124547E0,6.570020680405E-1,0.E0));
#715=LINE('',#714,#713);
#716=CURVE_STYLE('',#34,POSITIVE_LENGTH_MEASURE(2.E-2),#5);
#717=PRESENTATION_STYLE_ASSIGNMENT((#716));
#718=STYLED_ITEM('',(#717),#715);
#719=CARTESIAN_POINT('',(7.057297753103E0,-9.475019578434E-1,0.E0));
#720=DIRECTION('',(0.E0,0.E0,1.E0));
#721=DIRECTION('',(4.083944765895E-1,9.128055387053E-1,0.E0));
#722=AXIS2_PLACEMENT_3D('',#719,#720,#721);
#724=CURVE_STYLE('',#34,POSITIVE_LENGTH_MEASURE(2.E-2),#5);
#725=PRESENTATION_STYLE_ASSIGNMENT((#724));
#726=STYLED_ITEM('',(#725),#723);
#727=CARTESIAN_POINT('',(0.E0,-2.025256353956E-3,0.E0));
#728=DIRECTION('',(0.E0,0.E0,1.E0));
#729=DIRECTION('',(9.851031775568E-1,1.719643264389E-1,0.E0));
#730=AXIS2_PLACEMENT_3D('',#727,#728,#729);
#732=CURVE_STYLE('',#34,POSITIVE_LENGTH_MEASURE(2.E-2),#5);
#733=PRESENTATION_STYLE_ASSIGNMENT((#732));
#734=STYLED_ITEM('',(#733),#731);
#735=CARTESIAN_POINT('',(6.061778539937E0,3.736047706979E0,0.E0));
#736=DIRECTION('',(0.E0,0.E0,1.E0));
#737=DIRECTION('',(3.094570216136E-1,-9.509134302207E-1,0.E0));
#738=AXIS2_PLACEMENT_3D('',#735,#736,#737);
#740=CURVE_STYLE('',#34,POSITIVE_LENGTH_MEASURE(2.E-2),#5);
#741=PRESENTATION_STYLE_ASSIGNMENT((#740));
#742=STYLED_ITEM('',(#741),#739);
#743=DIRECTION('',(-3.090169943749E-1,9.510565162952E-1,0.E0));
#744=VECTOR('',#743,3.6E-1);
#745=CARTESIAN_POINT('',(7.662149056096E0,2.300319943435E0,0.E0));
#746=LINE('',#745,#744);
#747=CURVE_STYLE('',#34,POSITIVE_LENGTH_MEASURE(2.E-2),#5);
#748=PRESENTATION_STYLE_ASSIGNMENT((#747));
#749=STYLED_ITEM('',(#748),#746);
#750=CARTESIAN_POINT('',(7.100075598970E0,5.404979416969E-1,0.E0));
#751=DIRECTION('',(0.E0,0.E0,1.E0));
#752=DIRECTION('',(2.096871344889E-1,9.777685337695E-1,0.E0));
#753=AXIS2_PLACEMENT_3D('',#750,#751,#752);
#755=CURVE_STYLE('',#34,POSITIVE_LENGTH_MEASURE(2.E-2),#5);
#756=PRESENTATION_STYLE_ASSIGNMENT((#755));
#757=STYLED_ITEM('',(#756),#754);
#758=CARTESIAN_POINT('',(0.E0,-2.025256353956E-3,0.E0));
#759=DIRECTION('',(0.E0,0.E0,1.E0));
#760=DIRECTION('',(9.278284026205E-1,3.730073126504E-1,0.E0));
#761=AXIS2_PLACEMENT_3D('',#758,#759,#760);
#763=CURVE_STYLE('',#34,POSITIVE_LENGTH_MEASURE(2.E-2),#5);
#764=PRESENTATION_STYLE_ASSIGNMENT((#763));
#765=STYLED_ITEM('',(#764),#762);
#766=CARTESIAN_POINT('',(5.152546139286E0,4.914720726410E0,0.E0));
#767=DIRECTION('',(0.E0,0.E0,1.E0));
#768=DIRECTION('',(5.002395819840E-1,-8.658870368683E-1,0.E0));
#769=AXIS2_PLACEMENT_3D('',#766,#767,#768);
#771=CURVE_STYLE('',#34,POSITIVE_LENGTH_MEASURE(2.E-2),#5);
#772=PRESENTATION_STYLE_ASSIGNMENT((#771));
#773=STYLED_ITEM('',(#772),#770);
#774=DIRECTION('',(-5.E-1,8.660254037844E-1,0.E0));
#775=VECTOR('',#774,3.6E-1);
#776=CARTESIAN_POINT('',(7.016449306824E0,3.843102799142E0,0.E0));
#777=LINE('',#776,#775);
#778=CURVE_STYLE('',#34,POSITIVE_LENGTH_MEASURE(2.E-2),#5);
#779=PRESENTATION_STYLE_ASSIGNMENT((#778));
#780=STYLED_ITEM('',(#779),#777);
#781=CARTESIAN_POINT('',(6.832546071219E0,2.004875487588E0,0.E0));
#782=DIRECTION('',(0.E0,0.E0,1.E0));
#783=DIRECTION('',(1.815458420685E-3,9.999983520540E-1,0.E0));
#784=AXIS2_PLACEMENT_3D('',#781,#782,#783);
#786=CURVE_STYLE('',#34,POSITIVE_LENGTH_MEASURE(2.E-2),#5);
#787=PRESENTATION_STYLE_ASSIGNMENT((#786));
#788=STYLED_ITEM('',(#787),#785);
#789=CARTESIAN_POINT('',(0.E0,-2.025256353956E-3,0.E0));
#790=DIRECTION('',(0.E0,0.E0,1.E0));
#791=DIRECTION('',(8.300154460086E-1,5.577404050158E-1,0.E0));
#792=AXIS2_PLACEMENT_3D('',#789,#790,#791);
#794=CURVE_STYLE('',#34,POSITIVE_LENGTH_MEASURE(2.E-2),#5);
#795=PRESENTATION_STYLE_ASSIGNMENT((#794));
#796=STYLED_ITEM('',(#795),#793);
#797=CARTESIAN_POINT('',(4.018122747688E0,5.878596866650E0,0.E0));
#798=DIRECTION('',(0.E0,0.E0,1.E0));
#799=DIRECTION('',(6.692115119005E-1,-7.430719698251E-1,0.E0));
#800=AXIS2_PLACEMENT_3D('',#797,#798,#799);
#802=CURVE_STYLE('',#34,POSITIVE_LENGTH_MEASURE(2.E-2),#5);
#803=PRESENTATION_STYLE_ASSIGNMENT((#802));
#804=STYLED_ITEM('',(#803),#801);
#805=DIRECTION('',(-6.691306063589E-1,7.431448254774E-1,0.E0));
#806=VECTOR('',#805,3.6E-1);
#807=CARTESIAN_POINT('',(6.064097054184E0,5.217923621273E0,0.E0));
#808=LINE('',#807,#806);
#809=CURVE_STYLE('',#34,POSITIVE_LENGTH_MEASURE(2.E-2),#5);
#810=PRESENTATION_STYLE_ASSIGNMENT((#809));
#811=STYLED_ITEM('',(#810),#808);
#812=CARTESIAN_POINT('',(6.266401493963E0,3.381630354212E0,0.E0));
#813=DIRECTION('',(0.E0,0.E0,1.E0));
#814=DIRECTION('',(-2.061355618921E-1,9.785234438292E-1,0.E0));
#815=AXIS2_PLACEMENT_3D('',#812,#813,#814);
#817=CURVE_STYLE('',#34,POSITIVE_LENGTH_MEASURE(2.E-2),#5);
#818=PRESENTATION_STYLE_ASSIGNMENT((#817));
#819=STYLED_ITEM('',(#818),#816);
#820=CARTESIAN_POINT('',(0.E0,-2.025256353956E-3,0.E0));
#821=DIRECTION('',(0.E0,0.E0,1.E0));
#822=DIRECTION('',(6.959438339341E-1,7.180962191859E-1,0.E0));
#823=AXIS2_PLACEMENT_3D('',#820,#821,#822);
#825=CURVE_STYLE('',#34,POSITIVE_LENGTH_MEASURE(2.E-2),#5);
#826=PRESENTATION_STYLE_ASSIGNMENT((#825));
#827=STYLED_ITEM('',(#826),#824);
#828=CARTESIAN_POINT('',(2.708088110923E0,6.585550115180E0,0.E0));
#829=DIRECTION('',(0.E0,0.E0,1.E0));
#830=DIRECTION('',(8.089973923919E-1,-5.878122311616E-1,0.E0));
#831=AXIS2_PLACEMENT_3D('',#828,#829,#830);
#833=CURVE_STYLE('',#34,POSITIVE_LENGTH_MEASURE(2.E-2),#5);
#834=PRESENTATION_STYLE_ASSIGNMENT((#833));
#835=STYLED_ITEM('',(#834),#832);
#836=DIRECTION('',(-8.090169943749E-1,5.877852522925E-1,0.E0));
#837=VECTOR('',#836,3.6E-1);
#838=CARTESIAN_POINT('',(4.846714661510E0,6.364696142779E0,0.E0));
#839=LINE('',#838,#837);
#840=CURVE_STYLE('',#34,POSITIVE_LENGTH_MEASURE(2.E-2),#5);
#841=PRESENTATION_STYLE_ASSIGNMENT((#840));
#842=STYLED_ITEM('',(#841),#839);
#843=CARTESIAN_POINT('',(5.426385101890E0,4.610591747494E0,0.E0));
#844=DIRECTION('',(0.E0,0.E0,1.E0));
#845=DIRECTION('',(-4.050774690020E-1,9.142823656327E-1,0.E0));
#846=AXIS2_PLACEMENT_3D('',#843,#844,#845);
#848=CURVE_STYLE('',#34,POSITIVE_LENGTH_MEASURE(2.E-2),#5);
#849=PRESENTATION_STYLE_ASSIGNMENT((#848));
#850=STYLED_ITEM('',(#849),#847);
#851=CARTESIAN_POINT('',(0.E0,-2.025256353956E-3,0.E0));
#852=DIRECTION('',(0.E0,0.E0,1.E0));
#853=DIRECTION('',(5.314747911322E-1,8.470741091492E-1,0.E0));
#854=AXIS2_PLACEMENT_3D('',#851,#852,#853);
#856=CURVE_STYLE('',#34,POSITIVE_LENGTH_MEASURE(2.E-2),#5);
#857=PRESENTATION_STYLE_ASSIGNMENT((#856));
#858=STYLED_ITEM('',(#857),#855);
#859=CARTESIAN_POINT('',(1.279697028863E0,7.004683222701E0,0.E0));
#860=DIRECTION('',(0.E0,0.E0,1.E0));
#861=DIRECTION('',(9.134869645107E-1,-4.068679953856E-1,0.E0));
#862=AXIS2_PLACEMENT_3D('',#859,#860,#861);
#864=CURVE_STYLE('',#34,POSITIVE_LENGTH_MEASURE(2.E-2),#5);
#865=PRESENTATION_STYLE_ASSIGNMENT((#864));
#866=STYLED_ITEM('',(#865),#863);
#867=DIRECTION('',(-9.135454576426E-1,4.067366430758E-1,0.E0));
#868=VECTOR('',#867,3.6E-1);
#869=CARTESIAN_POINT('',(3.417507581011E0,7.233300901644E0,0.E0));
#870=LINE('',#869,#868);
#871=CURVE_STYLE('',#34,POSITIVE_LENGTH_MEASURE(2.E-2),#5);
#872=PRESENTATION_STYLE_ASSIGNMENT((#871));
#873=STYLED_ITEM('',(#872),#870);
#874=CARTESIAN_POINT('',(4.349209642179E0,5.638048157336E0,0.E0));
#875=DIRECTION('',(0.E0,0.E0,1.E0));
#876=DIRECTION('',(-5.863155469392E-1,8.100827608445E-1,0.E0));
#877=AXIS2_PLACEMENT_3D('',#874,#875,#876);
#879=CURVE_STYLE('',#34,POSITIVE_LENGTH_MEASURE(2.E-2),#5);
#880=PRESENTATION_STYLE_ASSIGNMENT((#879));
#881=STYLED_ITEM('',(#880),#878);
#882=CARTESIAN_POINT('',(0.E0,-2.025256353956E-3,0.E0));
#883=DIRECTION('',(0.E0,0.E0,1.E0));
#884=DIRECTION('',(3.437963959627E-1,9.390442152120E-1,0.E0));
#885=AXIS2_PLACEMENT_3D('',#882,#883,#884);
#887=CURVE_STYLE('',#34,POSITIVE_LENGTH_MEASURE(2.E-2),#5);
#888=PRESENTATION_STYLE_ASSIGNMENT((#887));
#889=STYLED_ITEM('',(#888),#886);
#890=CARTESIAN_POINT('',(-2.046229540256E-1,7.117678061191E0,0.E0));
#891=DIRECTION('',(0.E0,0.E0,1.E0));
#892=DIRECTION('',(9.781043004450E-1,-2.081152984549E-1,0.E0));
#893=AXIS2_PLACEMENT_3D('',#890,#891,#892);
#895=CURVE_STYLE('',#34,POSITIVE_LENGTH_MEASURE(2.E-2),#5);
#896=PRESENTATION_STYLE_ASSIGNMENT((#895));
#897=STYLED_ITEM('',(#896),#894);
#898=DIRECTION('',(-9.781476007338E-1,2.079116908178E-1,0.E0));
#899=VECTOR('',#898,3.6E-1);
#900=CARTESIAN_POINT('',(1.838939020201E0,7.785775701880E0,0.E0));
#901=LINE('',#900,#899);
#902=CURVE_STYLE('',#34,POSITIVE_LENGTH_MEASURE(2.E-2),#5);
#903=PRESENTATION_STYLE_ASSIGNMENT((#902));
#904=STYLED_ITEM('',(#903),#901);
#905=CARTESIAN_POINT('',(3.081952851282E0,6.419094808346E0,0.E0));
#906=DIRECTION('',(0.E0,0.E0,1.E0));
#907=DIRECTION('',(-7.419288220210E-1,6.704786521990E-1,0.E0));
#908=AXIS2_PLACEMENT_3D('',#905,#906,#907);
#910=CURVE_STYLE('',#34,POSITIVE_LENGTH_MEASURE(2.E-2),#5);
#911=PRESENTATION_STYLE_ASSIGNMENT((#910));
#912=STYLED_ITEM('',(#911),#909);
#913=CARTESIAN_POINT('',(0.E0,-2.025256353956E-3,0.E0));
#914=DIRECTION('',(0.E0,0.E0,1.E0));
#915=DIRECTION('',(1.411019831665E-1,9.899950658193E-1,0.E0));
#916=AXIS2_PLACEMENT_3D('',#913,#914,#915);
#918=CURVE_STYLE('',#34,POSITIVE_LENGTH_MEASURE(2.E-2),#5);
#919=PRESENTATION_STYLE_ASSIGNMENT((#918));
#920=STYLED_ITEM('',(#919),#917);
#921=CARTESIAN_POINT('',(-1.679999931934E0,6.919596213998E0,0.E0));
#922=DIRECTION('',(0.E0,0.E0,1.E0));
#923=DIRECTION('',(9.999999683412E-1,-2.516297336438E-4,0.E0));
#924=AXIS2_PLACEMENT_3D('',#921,#922,#923);
#926=CURVE_STYLE('',#34,POSITIVE_LENGTH_MEASURE(2.E-2),#5);
#927=PRESENTATION_STYLE_ASSIGNMENT((#926));
#928=STYLED_ITEM('',(#927),#925);
#929=DIRECTION('',(-1.E0,0.E0,0.E0));
#930=VECTOR('',#929,3.6E-1);
#931=CARTESIAN_POINT('',(1.8E-1,7.997974743646E0,0.E0));
#932=LINE('',#931,#930);
#933=CURVE_STYLE('',#34,POSITIVE_LENGTH_MEASURE(2.E-2),#5);
#934=PRESENTATION_STYLE_ASSIGNMENT((#933));
#935=STYLED_ITEM('',(#934),#932);
#936=CARTESIAN_POINT('',(1.679999931934E0,6.919596213998E0,0.E0));
#937=DIRECTION('',(0.E0,0.E0,1.E0));
#938=DIRECTION('',(-8.651162474110E-1,5.015714091388E-1,0.E0));
#939=AXIS2_PLACEMENT_3D('',#936,#937,#938);
#941=CURVE_STYLE('',#34,POSITIVE_LENGTH_MEASURE(2.E-2),#5);
#942=PRESENTATION_STYLE_ASSIGNMENT((#941));
#943=STYLED_ITEM('',(#942),#940);
#944=CARTESIAN_POINT('',(0.E0,-2.025256353956E-3,0.E0));
#945=DIRECTION('',(0.E0,0.E0,-1.E0));
#946=DIRECTION('',(9.993074560464E-1,3.721032504580E-2,0.E0));
#947=AXIS2_PLACEMENT_3D('',#944,#945,#946);
#949=CURVE_STYLE('',#34,POSITIVE_LENGTH_MEASURE(2.E-2),#5);
#950=PRESENTATION_STYLE_ASSIGNMENT((#949));
#951=STYLED_ITEM('',(#950),#948);
#952=CARTESIAN_POINT('',(0.E0,-2.025256353956E-3,6.E0));
#953=DIRECTION('',(0.E0,0.E0,1.E0));
#954=DIRECTION('',(9.993289089194E-1,-3.662965735435E-2,0.E0));
#955=AXIS2_PLACEMENT_3D('',#952,#953,#954);
#957=CURVE_STYLE('',#34,POSITIVE_LENGTH_MEASURE(2.E-2),#5);
#958=PRESENTATION_STYLE_ASSIGNMENT((#957));
#959=STYLED_ITEM('',(#958),#956);
#960=CARTESIAN_POINT('',(0.E0,-2.025256353956E-3,6.E0));
#961=DIRECTION('',(0.E0,0.E0,1.E0));
#962=DIRECTION('',(-9.993074560464E-1,3.721032504580E-2,0.E0));
#963=AXIS2_PLACEMENT_3D('',#960,#961,#962);
#965=CURVE_STYLE('',#34,POSITIVE_LENGTH_MEASURE(2.E-2),#5);
#966=PRESENTATION_STYLE_ASSIGNMENT((#965));
#967=STYLED_ITEM('',(#966),#964);
#968=CARTESIAN_POINT('',(0.E0,-2.025256353956E-3,0.E0));
#969=DIRECTION('',(0.E0,0.E0,-1.E0));
#970=DIRECTION('',(-9.993289089194E-1,-3.662965735435E-2,0.E0));
#971=AXIS2_PLACEMENT_3D('',#968,#969,#970);
#973=CURVE_STYLE('',#34,POSITIVE_LENGTH_MEASURE(2.E-2),#5);
#974=PRESENTATION_STYLE_ASSIGNMENT((#973));
#975=STYLED_ITEM('',(#974),#972);
#976=DIRECTION('',(0.E0,0.E0,1.E0));
#977=VECTOR('',#976,6.E0);
#978=CARTESIAN_POINT('',(6.728047011871E0,-1.691888632125E0,0.E0));
#979=LINE('',#978,#977);
#980=CURVE_STYLE('',#34,POSITIVE_LENGTH_MEASURE(2.E-2),#5);
#981=PRESENTATION_STYLE_ASSIGNMENT((#980));
#982=STYLED_ITEM('',(#981),#979);
#983=DIRECTION('',(0.E0,0.E0,1.E0));
#984=VECTOR('',#983,6.E0);
#985=CARTESIAN_POINT('',(7.662149056096E0,-2.300319943435E0,0.E0));
#986=LINE('',#985,#984);
#987=CURVE_STYLE('',#34,POSITIVE_LENGTH_MEASURE(2.E-2),#5);
#988=PRESENTATION_STYLE_ASSIGNMENT((#987));
#989=STYLED_ITEM('',(#988),#986);
#990=DIRECTION('',(0.E0,0.E0,1.E0));
#991=VECTOR('',#990,6.E0);
#992=CARTESIAN_POINT('',(7.550902938121E0,-2.642700289301E0,0.E0));
#993=LINE('',#992,#991);
#994=CURVE_STYLE('',#34,POSITIVE_LENGTH_MEASURE(2.E-2),#5);
#995=PRESENTATION_STYLE_ASSIGNMENT((#994));
#996=STYLED_ITEM('',(#995),#993);
#997=DIRECTION('',(0.E0,0.E0,1.E0));
#998=VECTOR('',#997,6.E0);
#999=CARTESIAN_POINT('',(6.437820451295E0,-2.585960754700E0,0.E0));
#1000=LINE('',#999,#998);
#1001=CURVE_STYLE('',#34,POSITIVE_LENGTH_MEASURE(2.E-2),#5);
#1002=PRESENTATION_STYLE_ASSIGNMENT((#1001));
#1003=STYLED_ITEM('',(#1002),#1000);
#1004=CARTESIAN_POINT('',(0.E0,-2.025256353956E-3,6.E0));
#1005=DIRECTION('',(0.E0,0.E0,1.E0));
#1006=DIRECTION('',(-2.736467869230E-1,9.618302532187E-1,0.E0));
#1007=AXIS2_PLACEMENT_3D('',#1004,#1005,#1006);
#1009=CURVE_STYLE('',#34,POSITIVE_LENGTH_MEASURE(2.E-2),#5);
#1010=PRESENTATION_STYLE_ASSIGNMENT((#1009));
#1011=STYLED_ITEM('',(#1010),#1008);
#1012=CARTESIAN_POINT('',(2.046229540255E-1,7.117678061190E0,6.E0));
#1013=DIRECTION('',(0.E0,0.E0,1.E0));
#1014=DIRECTION('',(-9.504939415008E-1,3.107430886927E-1,0.E0));
#1015=AXIS2_PLACEMENT_3D('',#1012,#1013,#1014);
#1017=CURVE_STYLE('',#34,POSITIVE_LENGTH_MEASURE(2.E-2),#5);
#1018=PRESENTATION_STYLE_ASSIGNMENT((#1017));
#1019=STYLED_ITEM('',(#1018),#1016);
#1020=DIRECTION('',(-9.781476007338E-1,-2.079116908178E-1,0.E0));
#1021=VECTOR('',#1020,3.6E-1);
#1022=CARTESIAN_POINT('',(-1.486805883937E0,7.860623910574E0,6.E0));
#1023=LINE('',#1022,#1021);
#1024=CURVE_STYLE('',#34,POSITIVE_LENGTH_MEASURE(2.E-2),#5);
#1025=PRESENTATION_STYLE_ASSIGNMENT((#1024));
#1026=STYLED_ITEM('',(#1025),#1023);
#1027=CARTESIAN_POINT('',(-3.081952851282E0,6.419094808346E0,6.E0));
#1028=DIRECTION('',(0.E0,0.E0,1.E0));
#1029=DIRECTION('',(9.781979506793E-1,2.076746717508E-1,0.E0));
#1030=AXIS2_PLACEMENT_3D('',#1027,#1028,#1029);
#1032=CURVE_STYLE('',#34,POSITIVE_LENGTH_MEASURE(2.E-2),#5);
#1033=PRESENTATION_STYLE_ASSIGNMENT((#1032));
#1034=STYLED_ITEM('',(#1033),#1031);
#1035=CARTESIAN_POINT('',(0.E0,-2.025256353956E-3,6.E0));
#1036=DIRECTION('',(0.E0,0.E0,1.E0));
#1037=DIRECTION('',(-6.775242961115E-2,9.977021641160E-1,0.E0));
#1038=AXIS2_PLACEMENT_3D('',#1035,#1036,#1037);
#1040=CURVE_STYLE('',#34,POSITIVE_LENGTH_MEASURE(2.E-2),#5);
#1041=PRESENTATION_STYLE_ASSIGNMENT((#1040));
#1042=STYLED_ITEM('',(#1041),#1039);
#1043=CARTESIAN_POINT('',(1.679999931934E0,6.919596213998E0,6.E0));
#1044=DIRECTION('',(0.E0,0.E0,1.E0));
#1045=DIRECTION('',(-8.651162474110E-1,5.015714091388E-1,0.E0));
#1046=AXIS2_PLACEMENT_3D('',#1043,#1044,#1045);
#1048=CURVE_STYLE('',#34,POSITIVE_LENGTH_MEASURE(2.E-2),#5);
#1049=PRESENTATION_STYLE_ASSIGNMENT((#1048));
#1050=STYLED_ITEM('',(#1049),#1047);
#1051=DIRECTION('',(-1.E0,0.E0,0.E0));
#1052=VECTOR('',#1051,3.6E-1);
#1053=CARTESIAN_POINT('',(1.8E-1,7.997974743646E0,6.E0));
#1054=LINE('',#1053,#1052);
#1055=CURVE_STYLE('',#34,POSITIVE_LENGTH_MEASURE(2.E-2),#5);
#1056=PRESENTATION_STYLE_ASSIGNMENT((#1055));
#1057=STYLED_ITEM('',(#1056),#1054);
#1058=CARTESIAN_POINT('',(-1.679999931934E0,6.919596213998E0,6.E0));
#1059=DIRECTION('',(0.E0,0.E0,1.E0));
#1060=DIRECTION('',(9.999999683412E-1,-2.516297336438E-4,0.E0));
#1061=AXIS2_PLACEMENT_3D('',#1058,#1059,#1060);
#1063=CURVE_STYLE('',#34,POSITIVE_LENGTH_MEASURE(2.E-2),#5);
#1064=PRESENTATION_STYLE_ASSIGNMENT((#1063));
#1065=STYLED_ITEM('',(#1064),#1062);
#1066=CARTESIAN_POINT('',(0.E0,-2.025256353956E-3,6.E0));
#1067=DIRECTION('',(0.E0,0.E0,1.E0));
#1068=DIRECTION('',(1.411019831665E-1,9.899950658193E-1,0.E0));
#1069=AXIS2_PLACEMENT_3D('',#1066,#1067,#1068);
#1071=CURVE_STYLE('',#34,POSITIVE_LENGTH_MEASURE(2.E-2),#5);
#1072=PRESENTATION_STYLE_ASSIGNMENT((#1071));
#1073=STYLED_ITEM('',(#1072),#1070);
#1074=CARTESIAN_POINT('',(3.081952851282E0,6.419094808346E0,6.E0));
#1075=DIRECTION('',(0.E0,0.E0,1.E0));
#1076=DIRECTION('',(-7.419288220210E-1,6.704786521990E-1,0.E0));
#1077=AXIS2_PLACEMENT_3D('',#1074,#1075,#1076);
#1079=CURVE_STYLE('',#34,POSITIVE_LENGTH_MEASURE(2.E-2),#5);
#1080=PRESENTATION_STYLE_ASSIGNMENT((#1079));
#1081=STYLED_ITEM('',(#1080),#1078);
#1082=DIRECTION('',(-9.781476007338E-1,2.079116908178E-1,0.E0));
#1083=VECTOR('',#1082,3.6E-1);
#1084=CARTESIAN_POINT('',(1.838939020201E0,7.785775701880E0,6.E0));
#1085=LINE('',#1084,#1083);
#1086=CURVE_STYLE('',#34,POSITIVE_LENGTH_MEASURE(2.E-2),#5);
#1087=PRESENTATION_STYLE_ASSIGNMENT((#1086));
#1088=STYLED_ITEM('',(#1087),#1085);
#1089=CARTESIAN_POINT('',(-2.046229540256E-1,7.117678061191E0,6.E0));
#1090=DIRECTION('',(0.E0,0.E0,1.E0));
#1091=DIRECTION('',(9.781043004450E-1,-2.081152984549E-1,0.E0));
#1092=AXIS2_PLACEMENT_3D('',#1089,#1090,#1091);
#1094=CURVE_STYLE('',#34,POSITIVE_LENGTH_MEASURE(2.E-2),#5);
#1095=PRESENTATION_STYLE_ASSIGNMENT((#1094));
#1096=STYLED_ITEM('',(#1095),#1093);
#1097=CARTESIAN_POINT('',(0.E0,-2.025256353956E-3,6.E0));
#1098=DIRECTION('',(0.E0,0.E0,1.E0));
#1099=DIRECTION('',(3.437963959627E-1,9.390442152120E-1,0.E0));
#1100=AXIS2_PLACEMENT_3D('',#1097,#1098,#1099);
#1102=CURVE_STYLE('',#34,POSITIVE_LENGTH_MEASURE(2.E-2),#5);
#1103=PRESENTATION_STYLE_ASSIGNMENT((#1102));
#1104=STYLED_ITEM('',(#1103),#1101);
#1105=CARTESIAN_POINT('',(4.349209642179E0,5.638048157336E0,6.E0));
#1106=DIRECTION('',(0.E0,0.E0,1.E0));
#1107=DIRECTION('',(-5.863155469392E-1,8.100827608445E-1,0.E0));
#1108=AXIS2_PLACEMENT_3D('',#1105,#1106,#1107);
#1110=CURVE_STYLE('',#34,POSITIVE_LENGTH_MEASURE(2.E-2),#5);
#1111=PRESENTATION_STYLE_ASSIGNMENT((#1110));
#1112=STYLED_ITEM('',(#1111),#1109);
#1113=DIRECTION('',(-9.135454576426E-1,4.067366430758E-1,0.E0));
#1114=VECTOR('',#1113,3.6E-1);
#1115=CARTESIAN_POINT('',(3.417507581011E0,7.233300901644E0,6.E0));
#1116=LINE('',#1115,#1114);
#1117=CURVE_STYLE('',#34,POSITIVE_LENGTH_MEASURE(2.E-2),#5);
#1118=PRESENTATION_STYLE_ASSIGNMENT((#1117));
#1119=STYLED_ITEM('',(#1118),#1116);
#1120=CARTESIAN_POINT('',(1.279697028863E0,7.004683222701E0,6.E0));
#1121=DIRECTION('',(0.E0,0.E0,1.E0));
#1122=DIRECTION('',(9.134649410584E-1,-4.069174381335E-1,0.E0));
#1123=AXIS2_PLACEMENT_3D('',#1120,#1121,#1122);
#1125=CURVE_STYLE('',#34,POSITIVE_LENGTH_MEASURE(2.E-2),#5);
#1126=PRESENTATION_STYLE_ASSIGNMENT((#1125));
#1127=STYLED_ITEM('',(#1126),#1124);
#1128=CARTESIAN_POINT('',(0.E0,-2.025256353956E-3,6.E0));
#1129=DIRECTION('',(0.E0,0.E0,1.E0));
#1130=DIRECTION('',(5.314777145220E-1,8.470722749367E-1,0.E0));
#1131=AXIS2_PLACEMENT_3D('',#1128,#1129,#1130);
#1133=CURVE_STYLE('',#34,POSITIVE_LENGTH_MEASURE(2.E-2),#5);
#1134=PRESENTATION_STYLE_ASSIGNMENT((#1133));
#1135=STYLED_ITEM('',(#1134),#1132);
#1136=CARTESIAN_POINT('',(5.426385101890E0,4.610591747494E0,6.E0));
#1137=DIRECTION('',(0.E0,0.E0,1.E0));
#1138=DIRECTION('',(-4.050774690020E-1,9.142823656327E-1,0.E0));
#1139=AXIS2_PLACEMENT_3D('',#1136,#1137,#1138);
#1141=CURVE_STYLE('',#34,POSITIVE_LENGTH_MEASURE(2.E-2),#5);
#1142=PRESENTATION_STYLE_ASSIGNMENT((#1141));
#1143=STYLED_ITEM('',(#1142),#1140);
#1144=DIRECTION('',(-8.090169943749E-1,5.877852522925E-1,0.E0));
#1145=VECTOR('',#1144,3.6E-1);
#1146=CARTESIAN_POINT('',(4.846714661510E0,6.364696142779E0,6.E0));
#1147=LINE('',#1146,#1145);
#1148=CURVE_STYLE('',#34,POSITIVE_LENGTH_MEASURE(2.E-2),#5);
#1149=PRESENTATION_STYLE_ASSIGNMENT((#1148));
#1150=STYLED_ITEM('',(#1149),#1147);
#1151=CARTESIAN_POINT('',(2.708088110923E0,6.585550115180E0,6.E0));
#1152=DIRECTION('',(0.E0,0.E0,1.E0));
#1153=DIRECTION('',(8.089329893648E-1,-5.879008578981E-1,0.E0));
#1154=AXIS2_PLACEMENT_3D('',#1151,#1152,#1153);
#1156=CURVE_STYLE('',#34,POSITIVE_LENGTH_MEASURE(2.E-2),#5);
#1157=PRESENTATION_STYLE_ASSIGNMENT((#1156));
#1158=STYLED_ITEM('',(#1157),#1155);
#1159=CARTESIAN_POINT('',(0.E0,-2.025256353956E-3,6.E0));
#1160=DIRECTION('',(0.E0,0.E0,1.E0));
#1161=DIRECTION('',(6.959484370821E-1,7.180917580107E-1,0.E0));
#1162=AXIS2_PLACEMENT_3D('',#1159,#1160,#1161);
#1164=CURVE_STYLE('',#34,POSITIVE_LENGTH_MEASURE(2.E-2),#5);
#1165=PRESENTATION_STYLE_ASSIGNMENT((#1164));
#1166=STYLED_ITEM('',(#1165),#1163);
#1167=CARTESIAN_POINT('',(6.266401493963E0,3.381630354212E0,6.E0));
#1168=DIRECTION('',(0.E0,0.E0,1.E0));
#1169=DIRECTION('',(-2.061355618921E-1,9.785234438292E-1,0.E0));
#1170=AXIS2_PLACEMENT_3D('',#1167,#1168,#1169);
#1172=CURVE_STYLE('',#34,POSITIVE_LENGTH_MEASURE(2.E-2),#5);
#1173=PRESENTATION_STYLE_ASSIGNMENT((#1172));
#1174=STYLED_ITEM('',(#1173),#1171);
#1175=DIRECTION('',(-6.691306063589E-1,7.431448254774E-1,0.E0));
#1176=VECTOR('',#1175,3.6E-1);
#1177=CARTESIAN_POINT('',(6.064097054184E0,5.217923621273E0,6.E0));
#1178=LINE('',#1177,#1176);
#1179=CURVE_STYLE('',#34,POSITIVE_LENGTH_MEASURE(2.E-2),#5);
#1180=PRESENTATION_STYLE_ASSIGNMENT((#1179));
#1181=STYLED_ITEM('',(#1180),#1178);
#1182=CARTESIAN_POINT('',(4.018122747688E0,5.878596866650E0,6.E0));
#1183=DIRECTION('',(0.E0,0.E0,1.E0));
#1184=DIRECTION('',(6.690770507641E-1,-7.431930436574E-1,0.E0));
#1185=AXIS2_PLACEMENT_3D('',#1182,#1183,#1184);
#1187=CURVE_STYLE('',#34,POSITIVE_LENGTH_MEASURE(2.E-2),#5);
#1188=PRESENTATION_STYLE_ASSIGNMENT((#1187));
#1189=STYLED_ITEM('',(#1188),#1186);
#1190=CARTESIAN_POINT('',(0.E0,-2.025256353956E-3,6.E0));
#1191=DIRECTION('',(0.E0,0.E0,1.E0));
#1192=DIRECTION('',(8.300210751608E-1,5.577320277596E-1,0.E0));
#1193=AXIS2_PLACEMENT_3D('',#1190,#1191,#1192);
#1195=CURVE_STYLE('',#34,POSITIVE_LENGTH_MEASURE(2.E-2),#5);
#1196=PRESENTATION_STYLE_ASSIGNMENT((#1195));
#1197=STYLED_ITEM('',(#1196),#1194);
#1198=CARTESIAN_POINT('',(6.832546071219E0,2.004875487588E0,6.E0));
#1199=DIRECTION('',(0.E0,0.E0,1.E0));
#1200=DIRECTION('',(1.815458420685E-3,9.999983520540E-1,0.E0));
#1201=AXIS2_PLACEMENT_3D('',#1198,#1199,#1200);
#1203=CURVE_STYLE('',#34,POSITIVE_LENGTH_MEASURE(2.E-2),#5);
#1204=PRESENTATION_STYLE_ASSIGNMENT((#1203));
#1205=STYLED_ITEM('',(#1204),#1202);
#1206=DIRECTION('',(-5.E-1,8.660254037844E-1,0.E0));
#1207=VECTOR('',#1206,3.6E-1);
#1208=CARTESIAN_POINT('',(7.016449306824E0,3.843102799142E0,6.E0));
#1209=LINE('',#1208,#1207);
#1210=CURVE_STYLE('',#34,POSITIVE_LENGTH_MEASURE(2.E-2),#5);
#1211=PRESENTATION_STYLE_ASSIGNMENT((#1210));
#1212=STYLED_ITEM('',(#1211),#1209);
#1213=CARTESIAN_POINT('',(5.152546139286E0,4.914720726410E0,6.E0));
#1214=DIRECTION('',(0.E0,0.E0,1.E0));
#1215=DIRECTION('',(5.000099701767E-1,-8.660196474237E-1,0.E0));
#1216=AXIS2_PLACEMENT_3D('',#1213,#1214,#1215);
#1218=CURVE_STYLE('',#34,POSITIVE_LENGTH_MEASURE(2.E-2),#5);
#1219=PRESENTATION_STYLE_ASSIGNMENT((#1218));
#1220=STYLED_ITEM('',(#1219),#1217);
#1221=CARTESIAN_POINT('',(0.E0,-2.025256353956E-3,6.E0));
#1222=DIRECTION('',(0.E0,0.E0,1.E0));
#1223=DIRECTION('',(9.278337513057E-1,3.729940079117E-1,0.E0));
#1224=AXIS2_PLACEMENT_3D('',#1221,#1222,#1223);
#1226=CURVE_STYLE('',#34,POSITIVE_LENGTH_MEASURE(2.E-2),#5);
#1227=PRESENTATION_STYLE_ASSIGNMENT((#1226));
#1228=STYLED_ITEM('',(#1227),#1225);
#1229=CARTESIAN_POINT('',(7.100075598970E0,5.404979416969E-1,6.E0));
#1230=DIRECTION('',(0.E0,0.E0,1.E0));
#1231=DIRECTION('',(2.096871344889E-1,9.777685337695E-1,0.E0));
#1232=AXIS2_PLACEMENT_3D('',#1229,#1230,#1231);
#1234=CURVE_STYLE('',#34,POSITIVE_LENGTH_MEASURE(2.E-2),#5);
#1235=PRESENTATION_STYLE_ASSIGNMENT((#1234));
#1236=STYLED_ITEM('',(#1235),#1233);
#1237=DIRECTION('',(-3.090169943749E-1,9.510565162952E-1,0.E0));
#1238=VECTOR('',#1237,3.6E-1);
#1239=CARTESIAN_POINT('',(7.662149056096E0,2.300319943435E0,6.E0));
#1240=LINE('',#1239,#1238);
#1241=CURVE_STYLE('',#34,POSITIVE_LENGTH_MEASURE(2.E-2),#5);
#1242=PRESENTATION_STYLE_ASSIGNMENT((#1241));
#1243=STYLED_ITEM('',(#1242),#1240);
#1244=CARTESIAN_POINT('',(6.061778539937E0,3.736047706979E0,6.E0));
#1245=DIRECTION('',(0.E0,0.E0,1.E0));
#1246=DIRECTION('',(3.091160689421E-1,-9.510243193114E-1,0.E0));
#1247=AXIS2_PLACEMENT_3D('',#1244,#1245,#1246);
#1249=CURVE_STYLE('',#34,POSITIVE_LENGTH_MEASURE(2.E-2),#5);
#1250=PRESENTATION_STYLE_ASSIGNMENT((#1249));
#1251=STYLED_ITEM('',(#1250),#1248);
#1252=CARTESIAN_POINT('',(0.E0,-2.025256353956E-3,6.E0));
#1253=DIRECTION('',(0.E0,0.E0,1.E0));
#1254=DIRECTION('',(9.851064387449E-1,1.719456435720E-1,0.E0));
#1255=AXIS2_PLACEMENT_3D('',#1252,#1253,#1254);
#1257=CURVE_STYLE('',#34,POSITIVE_LENGTH_MEASURE(2.E-2),#5);
#1258=PRESENTATION_STYLE_ASSIGNMENT((#1257));
#1259=STYLED_ITEM('',(#1258),#1256);
#1260=CARTESIAN_POINT('',(7.057297753103E0,-9.475019578434E-1,6.E0));
#1261=DIRECTION('',(0.E0,0.E0,1.E0));
#1262=DIRECTION('',(4.083944765895E-1,9.128055387053E-1,0.E0));
#1263=AXIS2_PLACEMENT_3D('',#1260,#1261,#1262);
#1265=CURVE_STYLE('',#34,POSITIVE_LENGTH_MEASURE(2.E-2),#5);
#1266=PRESENTATION_STYLE_ASSIGNMENT((#1265));
#1267=STYLED_ITEM('',(#1266),#1264);
#1268=DIRECTION('',(-1.045284632677E-1,9.945218953683E-1,0.E0));
#1269=VECTOR('',#1268,3.6E-1);
#1270=CARTESIAN_POINT('',(7.972976124547E0,6.570020680405E-1,6.E0));
#1271=LINE('',#1270,#1269);
#1272=CURVE_STYLE('',#34,POSITIVE_LENGTH_MEASURE(2.E-2),#5);
#1273=PRESENTATION_STYLE_ASSIGNMENT((#1272));
#1274=STYLED_ITEM('',(#1273),#1271);
#1275=CARTESIAN_POINT('',(6.706082130753E0,2.394091475207E0,6.E0));
#1276=DIRECTION('',(0.E0,0.E0,1.E0));
#1277=DIRECTION('',(1.047292302447E-1,-9.945007734197E-1,0.E0));
#1278=AXIS2_PLACEMENT_3D('',#1275,#1276,#1277);
#1280=CURVE_STYLE('',#34,POSITIVE_LENGTH_MEASURE(2.E-2),#5);
#1281=PRESENTATION_STYLE_ASSIGNMENT((#1280));
#1282=STYLED_ITEM('',(#1281),#1279);
#1283=CARTESIAN_POINT('',(6.706082130753E0,-2.394091475207E0,6.E0));
#1284=DIRECTION('',(0.E0,0.E0,1.E0));
#1285=DIRECTION('',(5.892530203690E-1,8.079485614728E-1,0.E0));
#1286=AXIS2_PLACEMENT_3D('',#1283,#1284,#1285);
#1288=CURVE_STYLE('',#34,POSITIVE_LENGTH_MEASURE(2.E-2),#5);
#1289=PRESENTATION_STYLE_ASSIGNMENT((#1288));
#1290=STYLED_ITEM('',(#1289),#1287);
#1291=DIRECTION('',(1.045284632677E-1,9.945218953683E-1,0.E0));
#1292=VECTOR('',#1291,3.6E-1);
#1293=CARTESIAN_POINT('',(7.935345877770E0,-1.015029950373E0,6.E0));
#1294=LINE('',#1293,#1292);
#1295=CURVE_STYLE('',#34,POSITIVE_LENGTH_MEASURE(2.E-2),#5);
#1296=PRESENTATION_STYLE_ASSIGNMENT((#1295));
#1297=STYLED_ITEM('',(#1296),#1294);
#1298=CARTESIAN_POINT('',(7.057297753103E0,9.475019578436E-1,6.E0));
#1299=DIRECTION('',(0.E0,0.E0,1.E0));
#1300=DIRECTION('',(-1.036807772728E-1,-9.946106255335E-1,0.E0));
#1301=AXIS2_PLACEMENT_3D('',#1298,#1299,#1300);
#1303=CURVE_STYLE('',#34,POSITIVE_LENGTH_MEASURE(2.E-2),#5);
#1304=PRESENTATION_STYLE_ASSIGNMENT((#1303));
#1305=STYLED_ITEM('',(#1304),#1302);
#1306=CARTESIAN_POINT('',(0.E0,-2.025256353956E-3,6.E0));
#1307=DIRECTION('',(0.E0,0.E0,1.E0));
#1308=DIRECTION('',(9.698755991326E-1,-2.436007434455E-1,0.E0));
#1309=AXIS2_PLACEMENT_3D('',#1306,#1307,#1308);
#1311=CURVE_STYLE('',#34,POSITIVE_LENGTH_MEASURE(2.E-2),#5);
#1312=PRESENTATION_STYLE_ASSIGNMENT((#1311));
#1313=STYLED_ITEM('',(#1312),#1310);
#1314=CARTESIAN_POINT('',(6.061778539937E0,-3.736047706979E0,6.E0));
#1315=DIRECTION('',(0.E0,0.E0,1.E0));
#1316=DIRECTION('',(7.443583796087E-1,6.677803551366E-1,0.E0));
#1317=AXIS2_PLACEMENT_3D('',#1314,#1315,#1316);
#1319=CURVE_STYLE('',#34,POSITIVE_LENGTH_MEASURE(2.E-2),#5);
#1320=PRESENTATION_STYLE_ASSIGNMENT((#1319));
#1321=STYLED_ITEM('',(#1320),#1318);
#1322=DIRECTION('',(3.090169943749E-1,9.510565162952E-1,0.E0));
#1323=VECTOR('',#1322,3.6E-1);
#1324=CARTESIAN_POINT('',(7.550902938121E0,-2.642700289301E0,6.E0));
#1325=LINE('',#1324,#1323);
#1326=CURVE_STYLE('',#34,POSITIVE_LENGTH_MEASURE(2.E-2),#5);
#1327=PRESENTATION_STYLE_ASSIGNMENT((#1326));
#1328=STYLED_ITEM('',(#1327),#1325);
#1329=CARTESIAN_POINT('',(7.100075598970E0,-5.404979416967E-1,6.E0));
#1330=DIRECTION('',(0.E0,0.E0,1.E0));
#1331=DIRECTION('',(-3.080256500815E-1,-9.513780525595E-1,0.E0));
#1332=AXIS2_PLACEMENT_3D('',#1329,#1330,#1331);
#1334=CURVE_STYLE('',#34,POSITIVE_LENGTH_MEASURE(2.E-2),#5);
#1335=PRESENTATION_STYLE_ASSIGNMENT((#1334));
#1336=STYLED_ITEM('',(#1335),#1333);
#1337=CARTESIAN_POINT('',(0.E0,-2.025256353956E-3,6.E0));
#1338=DIRECTION('',(0.E0,0.E0,1.E0));
#1339=DIRECTION('',(8.980230754977E-1,-4.399483559164E-1,0.E0));
#1340=AXIS2_PLACEMENT_3D('',#1337,#1338,#1339);
#1342=CURVE_STYLE('',#34,POSITIVE_LENGTH_MEASURE(2.E-2),#5);
#1343=PRESENTATION_STYLE_ASSIGNMENT((#1342));
#1344=STYLED_ITEM('',(#1343),#1341);
#1345=CARTESIAN_POINT('',(5.152546139286E0,-4.914720726409E0,6.E0));
#1346=DIRECTION('',(0.E0,0.E0,1.E0));
#1347=DIRECTION('',(8.669317058317E-1,4.984269429152E-1,0.E0));
#1348=AXIS2_PLACEMENT_3D('',#1345,#1346,#1347);
#1350=CURVE_STYLE('',#34,POSITIVE_LENGTH_MEASURE(2.E-2),#5);
#1351=PRESENTATION_STYLE_ASSIGNMENT((#1350));
#1352=STYLED_ITEM('',(#1351),#1349);
#1353=DIRECTION('',(5.E-1,8.660254037844E-1,0.E0));
#1354=VECTOR('',#1353,3.6E-1);
#1355=CARTESIAN_POINT('',(6.836449306824E0,-4.154871944504E0,6.E0));
#1356=LINE('',#1355,#1354);
#1357=CURVE_STYLE('',#34,POSITIVE_LENGTH_MEASURE(2.E-2),#5);
#1358=PRESENTATION_STYLE_ASSIGNMENT((#1357));
#1359=STYLED_ITEM('',(#1358),#1356);
#1360=CARTESIAN_POINT('',(6.832546071219E0,-2.004875487588E0,6.E0));
#1361=DIRECTION('',(0.E0,0.E0,1.E0));
#1362=DIRECTION('',(-4.989459522548E-1,-8.666331038730E-1,0.E0));
#1363=AXIS2_PLACEMENT_3D('',#1360,#1361,#1362);
#1365=CURVE_STYLE('',#34,POSITIVE_LENGTH_MEASURE(2.E-2),#5);
#1366=PRESENTATION_STYLE_ASSIGNMENT((#1365));
#1367=STYLED_ITEM('',(#1366),#1364);
#1368=CARTESIAN_POINT('',(0.E0,-2.025256353956E-3,6.E0));
#1369=DIRECTION('',(0.E0,0.E0,1.E0));
#1370=DIRECTION('',(7.869064838082E-1,-6.170722694634E-1,0.E0));
#1371=AXIS2_PLACEMENT_3D('',#1368,#1369,#1370);
#1373=CURVE_STYLE('',#34,POSITIVE_LENGTH_MEASURE(2.E-2),#5);
#1374=PRESENTATION_STYLE_ASSIGNMENT((#1373));
#1375=STYLED_ITEM('',(#1374),#1372);
#1376=CARTESIAN_POINT('',(4.018122747688E0,-5.878596866650E0,6.E0));
#1377=DIRECTION('',(0.E0,0.E0,1.E0));
#1378=DIRECTION('',(9.516159565099E-1,3.072898815706E-1,0.E0));
#1379=AXIS2_PLACEMENT_3D('',#1376,#1377,#1378);
#1381=CURVE_STYLE('',#34,POSITIVE_LENGTH_MEASURE(2.E-2),#5);
#1382=PRESENTATION_STYLE_ASSIGNMENT((#1381));
#1383=STYLED_ITEM('',(#1382),#1380);
#1384=DIRECTION('',(6.691306063589E-1,7.431448254774E-1,0.E0));
#1385=VECTOR('',#1384,3.6E-1);
#1386=CARTESIAN_POINT('',(5.823210035895E0,-5.485455758445E0,6.E0));
#1387=LINE('',#1386,#1385);
#1388=CURVE_STYLE('',#34,POSITIVE_LENGTH_MEASURE(2.E-2),#5);
#1389=PRESENTATION_STYLE_ASSIGNMENT((#1388));
#1390=STYLED_ITEM('',(#1389),#1387);
#1391=CARTESIAN_POINT('',(6.266401493963E0,-3.381630354212E0,6.E0));
#1392=DIRECTION('',(0.E0,0.E0,1.E0));
#1393=DIRECTION('',(-6.681132242312E-1,-7.440596210031E-1,0.E0));
#1394=AXIS2_PLACEMENT_3D('',#1391,#1392,#1393);
#1396=CURVE_STYLE('',#34,POSITIVE_LENGTH_MEASURE(2.E-2),#5);
#1397=PRESENTATION_STYLE_ASSIGNMENT((#1396));
#1398=STYLED_ITEM('',(#1397),#1395);
#1399=CARTESIAN_POINT('',(0.E0,-2.025256353956E-3,6.E0));
#1400=DIRECTION('',(0.E0,0.E0,1.E0));
#1401=DIRECTION('',(6.413792258523E-1,-7.672240146431E-1,0.E0));
#1402=AXIS2_PLACEMENT_3D('',#1399,#1400,#1401);
#1404=CURVE_STYLE('',#34,POSITIVE_LENGTH_MEASURE(2.E-2),#5);
#1405=PRESENTATION_STYLE_ASSIGNMENT((#1404));
#1406=STYLED_ITEM('',(#1405),#1403);
#1407=CARTESIAN_POINT('',(2.708088110924E0,-6.585550115180E0,6.E0));
#1408=DIRECTION('',(0.E0,0.E0,1.E0));
#1409=DIRECTION('',(9.947100235287E-1,1.027227778609E-1,0.E0));
#1410=AXIS2_PLACEMENT_3D('',#1407,#1408,#1409);
#1412=CURVE_STYLE('',#34,POSITIVE_LENGTH_MEASURE(2.E-2),#5);
#1413=PRESENTATION_STYLE_ASSIGNMENT((#1412));
#1414=STYLED_ITEM('',(#1413),#1411);
#1415=DIRECTION('',(8.090169943749E-1,5.877852522925E-1,0.E0));
#1416=VECTOR('',#1415,3.6E-1);
#1417=CARTESIAN_POINT('',(4.555468543535E0,-6.576298833604E0,6.E0));
#1418=LINE('',#1417,#1416);
#1419=CURVE_STYLE('',#34,POSITIVE_LENGTH_MEASURE(2.E-2),#5);
#1420=PRESENTATION_STYLE_ASSIGNMENT((#1419));
#1421=STYLED_ITEM('',(#1420),#1418);
#1422=CARTESIAN_POINT('',(5.426385101890E0,-4.610591747494E0,6.E0));
#1423=DIRECTION('',(0.E0,0.E0,1.E0));
#1424=DIRECTION('',(-8.081402654067E-1,-5.889900775297E-1,0.E0));
#1425=AXIS2_PLACEMENT_3D('',#1422,#1423,#1424);
#1427=CURVE_STYLE('',#34,POSITIVE_LENGTH_MEASURE(2.E-2),#5);
#1428=PRESENTATION_STYLE_ASSIGNMENT((#1427));
#1429=STYLED_ITEM('',(#1428),#1426);
#1430=CARTESIAN_POINT('',(0.E0,-2.025256353956E-3,6.E0));
#1431=DIRECTION('',(0.E0,0.E0,1.E0));
#1432=DIRECTION('',(4.678018402339E-1,-8.838333769856E-1,0.E0));
#1433=AXIS2_PLACEMENT_3D('',#1430,#1431,#1432);
#1435=CURVE_STYLE('',#34,POSITIVE_LENGTH_MEASURE(2.E-2),#5);
#1436=PRESENTATION_STYLE_ASSIGNMENT((#1435));
#1437=STYLED_ITEM('',(#1436),#1434);
#1438=CARTESIAN_POINT('',(1.279697028864E0,-7.004683222701E0,6.E0));
#1439=DIRECTION('',(0.E0,0.E0,1.E0));
#1440=DIRECTION('',(9.943304893711E-1,-1.063338041599E-1,0.E0));
#1441=AXIS2_PLACEMENT_3D('',#1438,#1439,#1440);
#1443=CURVE_STYLE('',#34,POSITIVE_LENGTH_MEASURE(2.E-2),#5);
#1444=PRESENTATION_STYLE_ASSIGNMENT((#1443));
#1445=STYLED_ITEM('',(#1444),#1442);
#1446=DIRECTION('',(9.135454576426E-1,4.067366430758E-1,0.E0));
#1447=VECTOR('',#1446,3.6E-1);
#1448=CARTESIAN_POINT('',(3.088631216260E0,-7.379726093152E0,6.E0));
#1449=LINE('',#1448,#1447);
#1450=CURVE_STYLE('',#34,POSITIVE_LENGTH_MEASURE(2.E-2),#5);
#1451=PRESENTATION_STYLE_ASSIGNMENT((#1450));
#1452=STYLED_ITEM('',(#1451),#1449);
#1453=CARTESIAN_POINT('',(4.349209642179E0,-5.638048157336E0,6.E0));
#1454=DIRECTION('',(0.E0,0.E0,1.E0));
#1455=DIRECTION('',(-9.129029107407E-1,-4.081767699921E-1,0.E0));
#1456=AXIS2_PLACEMENT_3D('',#1453,#1454,#1455);
#1458=CURVE_STYLE('',#34,POSITIVE_LENGTH_MEASURE(2.E-2),#5);
#1459=PRESENTATION_STYLE_ASSIGNMENT((#1458));
#1460=STYLED_ITEM('',(#1459),#1457);
#1461=CARTESIAN_POINT('',(0.E0,-2.025256353956E-3,6.E0));
#1462=DIRECTION('',(0.E0,0.E0,1.E0));
#1463=DIRECTION('',(2.737639638495E-1,-9.617969079267E-1,0.E0));
#1464=AXIS2_PLACEMENT_3D('',#1461,#1462,#1463);
#1466=CURVE_STYLE('',#34,POSITIVE_LENGTH_MEASURE(2.E-2),#5);
#1467=PRESENTATION_STYLE_ASSIGNMENT((#1466));
#1468=STYLED_ITEM('',(#1467),#1465);
#1469=CARTESIAN_POINT('',(-2.046229540255E-1,-7.117678061190E0,6.E0));
#1470=DIRECTION('',(0.E0,0.E0,1.E0));
#1471=DIRECTION('',(9.504939415008E-1,-3.107430886927E-1,0.E0));
#1472=AXIS2_PLACEMENT_3D('',#1469,#1470,#1471);
#1474=CURVE_STYLE('',#34,POSITIVE_LENGTH_MEASURE(2.E-2),#5);
#1475=PRESENTATION_STYLE_ASSIGNMENT((#1474));
#1476=STYLED_ITEM('',(#1475),#1473);
#1477=DIRECTION('',(9.781476007338E-1,2.079116908178E-1,0.E0));
#1478=VECTOR('',#1477,3.6E-1);
#1479=CARTESIAN_POINT('',(1.486805883937E0,-7.860623910574E0,6.E0));
#1480=LINE('',#1479,#1478);
#1481=CURVE_STYLE('',#34,POSITIVE_LENGTH_MEASURE(2.E-2),#5);
#1482=PRESENTATION_STYLE_ASSIGNMENT((#1481));
#1483=STYLED_ITEM('',(#1482),#1480);
#1484=CARTESIAN_POINT('',(3.081952851282E0,-6.419094808346E0,6.E0));
#1485=DIRECTION('',(0.E0,0.E0,1.E0));
#1486=DIRECTION('',(-9.778084262964E-1,-2.095010297437E-1,0.E0));
#1487=AXIS2_PLACEMENT_3D('',#1484,#1485,#1486);
#1489=CURVE_STYLE('',#34,POSITIVE_LENGTH_MEASURE(2.E-2),#5);
#1490=PRESENTATION_STYLE_ASSIGNMENT((#1489));
#1491=STYLED_ITEM('',(#1490),#1488);
#1492=CARTESIAN_POINT('',(0.E0,-2.025256353956E-3,6.E0));
#1493=DIRECTION('',(0.E0,0.E0,1.E0));
#1494=DIRECTION('',(6.775202647220E-2,-9.977021914925E-1,0.E0));
#1495=AXIS2_PLACEMENT_3D('',#1492,#1493,#1494);
#1497=CURVE_STYLE('',#34,POSITIVE_LENGTH_MEASURE(2.E-2),#5);
#1498=PRESENTATION_STYLE_ASSIGNMENT((#1497));
#1499=STYLED_ITEM('',(#1498),#1496);
#1500=CARTESIAN_POINT('',(-1.679999931934E0,-6.919596213998E0,6.E0));
#1501=DIRECTION('',(0.E0,0.E0,1.E0));
#1502=DIRECTION('',(8.651162474110E-1,-5.015714091388E-1,0.E0));
#1503=AXIS2_PLACEMENT_3D('',#1500,#1501,#1502);
#1505=CURVE_STYLE('',#34,POSITIVE_LENGTH_MEASURE(2.E-2),#5);
#1506=PRESENTATION_STYLE_ASSIGNMENT((#1505));
#1507=STYLED_ITEM('',(#1506),#1504);
#1508=DIRECTION('',(1.E0,0.E0,0.E0));
#1509=VECTOR('',#1508,3.6E-1);
#1510=CARTESIAN_POINT('',(-1.8E-1,-7.997974743646E0,6.E0));
#1511=LINE('',#1510,#1509);
#1512=CURVE_STYLE('',#34,POSITIVE_LENGTH_MEASURE(2.E-2),#5);
#1513=PRESENTATION_STYLE_ASSIGNMENT((#1512));
#1514=STYLED_ITEM('',(#1513),#1511);
#1515=CARTESIAN_POINT('',(1.679999931934E0,-6.919596213998E0,6.E0));
#1516=DIRECTION('',(0.E0,0.E0,1.E0));
#1517=DIRECTION('',(-9.999986676049E-1,-1.632417996141E-3,0.E0));
#1518=AXIS2_PLACEMENT_3D('',#1515,#1516,#1517);
#1520=CURVE_STYLE('',#34,POSITIVE_LENGTH_MEASURE(2.E-2),#5);
#1521=PRESENTATION_STYLE_ASSIGNMENT((#1520));
#1522=STYLED_ITEM('',(#1521),#1519);
#1523=CARTESIAN_POINT('',(0.E0,-2.025256353956E-3,6.E0));
#1524=DIRECTION('',(0.E0,0.E0,1.E0));
#1525=DIRECTION('',(-1.412226935816E-1,-9.899778537006E-1,0.E0));
#1526=AXIS2_PLACEMENT_3D('',#1523,#1524,#1525);
#1528=CURVE_STYLE('',#34,POSITIVE_LENGTH_MEASURE(2.E-2),#5);
#1529=PRESENTATION_STYLE_ASSIGNMENT((#1528));
#1530=STYLED_ITEM('',(#1529),#1527);
#1531=CARTESIAN_POINT('',(-3.081952851282E0,-6.419094808346E0,6.E0));
#1532=DIRECTION('',(0.E0,0.E0,1.E0));
#1533=DIRECTION('',(7.419288220210E-1,-6.704786521990E-1,0.E0));
#1534=AXIS2_PLACEMENT_3D('',#1531,#1532,#1533);
#1536=CURVE_STYLE('',#34,POSITIVE_LENGTH_MEASURE(2.E-2),#5);
#1537=PRESENTATION_STYLE_ASSIGNMENT((#1536));
#1538=STYLED_ITEM('',(#1537),#1535);
#1539=DIRECTION('',(9.781476007338E-1,-2.079116908178E-1,0.E0));
#1540=VECTOR('',#1539,3.6E-1);
#1541=CARTESIAN_POINT('',(-1.838939020201E0,-7.785775701880E0,6.E0));
#1542=LINE('',#1541,#1540);
#1543=CURVE_STYLE('',#34,POSITIVE_LENGTH_MEASURE(2.E-2),#5);
#1544=PRESENTATION_STYLE_ASSIGNMENT((#1543));
#1545=STYLED_ITEM('',(#1544),#1542);
#1546=CARTESIAN_POINT('',(2.046229540256E-1,-7.117678061191E0,6.E0));
#1547=DIRECTION('',(0.E0,0.E0,1.E0));
#1548=DIRECTION('',(-9.784787028559E-1,2.063478326940E-1,0.E0));
#1549=AXIS2_PLACEMENT_3D('',#1546,#1547,#1548);
#1551=CURVE_STYLE('',#34,POSITIVE_LENGTH_MEASURE(2.E-2),#5);
#1552=PRESENTATION_STYLE_ASSIGNMENT((#1551));
#1553=STYLED_ITEM('',(#1552),#1550);
#1554=CARTESIAN_POINT('',(0.E0,-2.025256353956E-3,6.E0));
#1555=DIRECTION('',(0.E0,0.E0,1.E0));
#1556=DIRECTION('',(-3.440192153449E-1,-9.389626081338E-1,0.E0));
#1557=AXIS2_PLACEMENT_3D('',#1554,#1555,#1556);
#1559=CURVE_STYLE('',#34,POSITIVE_LENGTH_MEASURE(2.E-2),#5);
#1560=PRESENTATION_STYLE_ASSIGNMENT((#1559));
#1561=STYLED_ITEM('',(#1560),#1558);
#1562=CARTESIAN_POINT('',(-4.349209642179E0,-5.638048157336E0,6.E0));
#1563=DIRECTION('',(0.E0,0.E0,1.E0));
#1564=DIRECTION('',(5.863155469392E-1,-8.100827608445E-1,0.E0));
#1565=AXIS2_PLACEMENT_3D('',#1562,#1563,#1564);
#1567=CURVE_STYLE('',#34,POSITIVE_LENGTH_MEASURE(2.E-2),#5);
#1568=PRESENTATION_STYLE_ASSIGNMENT((#1567));
#1569=STYLED_ITEM('',(#1568),#1566);
#1570=DIRECTION('',(9.135454576426E-1,-4.067366430758E-1,0.E0));
#1571=VECTOR('',#1570,3.6E-1);
#1572=CARTESIAN_POINT('',(-3.417507581011E0,-7.233300901644E0,6.E0));
#1573=LINE('',#1572,#1571);
#1574=CURVE_STYLE('',#34,POSITIVE_LENGTH_MEASURE(2.E-2),#5);
#1575=PRESENTATION_STYLE_ASSIGNMENT((#1574));
#1576=STYLED_ITEM('',(#1575),#1573);
#1577=CARTESIAN_POINT('',(-1.279697028863E0,-7.004683222701E0,6.E0));
#1578=DIRECTION('',(0.E0,0.E0,1.E0));
#1579=DIRECTION('',(-9.141646391444E-1,4.053430800420E-1,0.E0));
#1580=AXIS2_PLACEMENT_3D('',#1577,#1578,#1579);
#1582=CURVE_STYLE('',#34,POSITIVE_LENGTH_MEASURE(2.E-2),#5);
#1583=PRESENTATION_STYLE_ASSIGNMENT((#1582));
#1584=STYLED_ITEM('',(#1583),#1581);
#1585=CARTESIAN_POINT('',(0.E0,-2.025256353956E-3,6.E0));
#1586=DIRECTION('',(0.E0,0.E0,1.E0));
#1587=DIRECTION('',(-5.317677059485E-1,-8.468902567100E-1,0.E0));
#1588=AXIS2_PLACEMENT_3D('',#1585,#1586,#1587);
#1590=CURVE_STYLE('',#34,POSITIVE_LENGTH_MEASURE(2.E-2),#5);
#1591=PRESENTATION_STYLE_ASSIGNMENT((#1590));
#1592=STYLED_ITEM('',(#1591),#1589);
#1593=CARTESIAN_POINT('',(-5.426385101890E0,-4.610591747494E0,6.E0));
#1594=DIRECTION('',(0.E0,0.E0,1.E0));
#1595=DIRECTION('',(4.050774690020E-1,-9.142823656327E-1,0.E0));
#1596=AXIS2_PLACEMENT_3D('',#1593,#1594,#1595);
#1598=CURVE_STYLE('',#34,POSITIVE_LENGTH_MEASURE(2.E-2),#5);
#1599=PRESENTATION_STYLE_ASSIGNMENT((#1598));
#1600=STYLED_ITEM('',(#1599),#1597);
#1601=DIRECTION('',(8.090169943749E-1,-5.877852522925E-1,0.E0));
#1602=VECTOR('',#1601,3.6E-1);
#1603=CARTESIAN_POINT('',(-4.846714661510E0,-6.364696142779E0,6.E0));
#1604=LINE('',#1603,#1602);
#1605=CURVE_STYLE('',#34,POSITIVE_LENGTH_MEASURE(2.E-2),#5);
#1606=PRESENTATION_STYLE_ASSIGNMENT((#1605));
#1607=STYLED_ITEM('',(#1606),#1604);
#1608=CARTESIAN_POINT('',(-2.708088110923E0,-6.585550115180E0,6.E0));
#1609=DIRECTION('',(0.E0,0.E0,1.E0));
#1610=DIRECTION('',(-8.098478102574E-1,5.866400295081E-1,0.E0));
#1611=AXIS2_PLACEMENT_3D('',#1608,#1609,#1610);
#1613=CURVE_STYLE('',#34,POSITIVE_LENGTH_MEASURE(2.E-2),#5);
#1614=PRESENTATION_STYLE_ASSIGNMENT((#1613));
#1615=STYLED_ITEM('',(#1614),#1612);
#1616=CARTESIAN_POINT('',(0.E0,-2.025256353956E-3,6.E0));
#1617=DIRECTION('',(0.E0,0.E0,1.E0));
#1618=DIRECTION('',(-6.962582842795E-1,-7.177913356764E-1,0.E0));
#1619=AXIS2_PLACEMENT_3D('',#1616,#1617,#1618);
#1621=CURVE_STYLE('',#34,POSITIVE_LENGTH_MEASURE(2.E-2),#5);
#1622=PRESENTATION_STYLE_ASSIGNMENT((#1621));
#1623=STYLED_ITEM('',(#1622),#1620);
#1624=CARTESIAN_POINT('',(-6.266401493963E0,-3.381630354212E0,6.E0));
#1625=DIRECTION('',(0.E0,0.E0,1.E0));
#1626=DIRECTION('',(2.061355618921E-1,-9.785234438292E-1,0.E0));
#1627=AXIS2_PLACEMENT_3D('',#1624,#1625,#1626);
#1629=CURVE_STYLE('',#34,POSITIVE_LENGTH_MEASURE(2.E-2),#5);
#1630=PRESENTATION_STYLE_ASSIGNMENT((#1629));
#1631=STYLED_ITEM('',(#1630),#1628);
#1632=DIRECTION('',(6.691306063589E-1,-7.431448254774E-1,0.E0));
#1633=VECTOR('',#1632,3.6E-1);
#1634=CARTESIAN_POINT('',(-6.064097054184E0,-5.217923621273E0,6.E0));
#1635=LINE('',#1634,#1633);
#1636=CURVE_STYLE('',#34,POSITIVE_LENGTH_MEASURE(2.E-2),#5);
#1637=PRESENTATION_STYLE_ASSIGNMENT((#1636));
#1638=STYLED_ITEM('',(#1637),#1635);
#1639=CARTESIAN_POINT('',(-4.018122747688E0,-5.878596866650E0,6.E0));
#1640=DIRECTION('',(0.E0,0.E0,1.E0));
#1641=DIRECTION('',(-6.700761589665E-1,7.422923556017E-1,0.E0));
#1642=AXIS2_PLACEMENT_3D('',#1639,#1640,#1641);
#1644=CURVE_STYLE('',#34,POSITIVE_LENGTH_MEASURE(2.E-2),#5);
#1645=PRESENTATION_STYLE_ASSIGNMENT((#1644));
#1646=STYLED_ITEM('',(#1645),#1643);
#1647=CARTESIAN_POINT('',(0.E0,-2.025256353956E-3,6.E0));
#1648=DIRECTION('',(0.E0,0.E0,1.E0));
#1649=DIRECTION('',(-8.303005865084E-1,-5.573158315030E-1,0.E0));
#1650=AXIS2_PLACEMENT_3D('',#1647,#1648,#1649);
#1652=CURVE_STYLE('',#34,POSITIVE_LENGTH_MEASURE(2.E-2),#5);
#1653=PRESENTATION_STYLE_ASSIGNMENT((#1652));
#1654=STYLED_ITEM('',(#1653),#1651);
#1655=CARTESIAN_POINT('',(-6.832546071219E0,-2.004875487588E0,6.E0));
#1656=DIRECTION('',(0.E0,0.E0,1.E0));
#1657=DIRECTION('',(-1.815458420685E-3,-9.999983520540E-1,0.E0));
#1658=AXIS2_PLACEMENT_3D('',#1655,#1656,#1657);
#1660=CURVE_STYLE('',#34,POSITIVE_LENGTH_MEASURE(2.E-2),#5);
#1661=PRESENTATION_STYLE_ASSIGNMENT((#1660));
#1662=STYLED_ITEM('',(#1661),#1659);
#1663=DIRECTION('',(5.E-1,-8.660254037844E-1,0.E0));
#1664=VECTOR('',#1663,3.6E-1);
#1665=CARTESIAN_POINT('',(-7.016449306824E0,-3.843102799142E0,6.E0));
#1666=LINE('',#1665,#1664);
#1667=CURVE_STYLE('',#34,POSITIVE_LENGTH_MEASURE(2.E-2),#5);
#1668=PRESENTATION_STYLE_ASSIGNMENT((#1667));
#1669=STYLED_ITEM('',(#1668),#1666);
#1670=CARTESIAN_POINT('',(-5.152546139286E0,-4.914720726410E0,6.E0));
#1671=DIRECTION('',(0.E0,0.E0,1.E0));
#1672=DIRECTION('',(-5.009574120352E-1,8.654719356091E-1,0.E0));
#1673=AXIS2_PLACEMENT_3D('',#1670,#1671,#1672);
#1675=CURVE_STYLE('',#34,POSITIVE_LENGTH_MEASURE(2.E-2),#5);
#1676=PRESENTATION_STYLE_ASSIGNMENT((#1675));
#1677=STYLED_ITEM('',(#1676),#1674);
#1678=CARTESIAN_POINT('',(0.E0,-2.025256353956E-3,6.E0));
#1679=DIRECTION('',(0.E0,0.E0,1.E0));
#1680=DIRECTION('',(-9.280382488842E-1,-3.724849105775E-1,0.E0));
#1681=AXIS2_PLACEMENT_3D('',#1678,#1679,#1680);
#1683=CURVE_STYLE('',#34,POSITIVE_LENGTH_MEASURE(2.E-2),#5);
#1684=PRESENTATION_STYLE_ASSIGNMENT((#1683));
#1685=STYLED_ITEM('',(#1684),#1682);
#1686=CARTESIAN_POINT('',(-7.100075598970E0,-5.404979416969E-1,6.E0));
#1687=DIRECTION('',(0.E0,0.E0,1.E0));
#1688=DIRECTION('',(-2.096871344889E-1,-9.777685337695E-1,0.E0));
#1689=AXIS2_PLACEMENT_3D('',#1686,#1687,#1688);
#1691=CURVE_STYLE('',#34,POSITIVE_LENGTH_MEASURE(2.E-2),#5);
#1692=PRESENTATION_STYLE_ASSIGNMENT((#1691));
#1693=STYLED_ITEM('',(#1692),#1690);
#1694=DIRECTION('',(3.090169943749E-1,-9.510565162952E-1,0.E0));
#1695=VECTOR('',#1694,3.6E-1);
#1696=CARTESIAN_POINT('',(-7.662149056096E0,-2.300319943435E0,6.E0));
#1697=LINE('',#1696,#1695);
#1698=CURVE_STYLE('',#34,POSITIVE_LENGTH_MEASURE(2.E-2),#5);
#1699=PRESENTATION_STYLE_ASSIGNMENT((#1698));
#1700=STYLED_ITEM('',(#1699),#1697);
#1701=CARTESIAN_POINT('',(-6.061778539937E0,-3.736047706979E0,6.E0));
#1702=DIRECTION('',(0.E0,0.E0,1.E0));
#1703=DIRECTION('',(-3.098923125273E-1,9.507716627227E-1,0.E0));
#1704=AXIS2_PLACEMENT_3D('',#1701,#1702,#1703);
#1706=CURVE_STYLE('',#34,POSITIVE_LENGTH_MEASURE(2.E-2),#5);
#1707=PRESENTATION_STYLE_ASSIGNMENT((#1706));
#1708=STYLED_ITEM('',(#1707),#1705);
#1709=CARTESIAN_POINT('',(0.E0,-2.025256353956E-3,6.E0));
#1710=DIRECTION('',(0.E0,0.E0,1.E0));
#1711=DIRECTION('',(-9.851999260001E-1,-1.714091765612E-1,0.E0));
#1712=AXIS2_PLACEMENT_3D('',#1709,#1710,#1711);
#1714=CURVE_STYLE('',#34,POSITIVE_LENGTH_MEASURE(2.E-2),#5);
#1715=PRESENTATION_STYLE_ASSIGNMENT((#1714));
#1716=STYLED_ITEM('',(#1715),#1713);
#1717=CARTESIAN_POINT('',(-7.057297753103E0,9.475019578434E-1,6.E0));
#1718=DIRECTION('',(0.E0,0.E0,1.E0));
#1719=DIRECTION('',(-4.083944765895E-1,-9.128055387053E-1,0.E0));
#1720=AXIS2_PLACEMENT_3D('',#1717,#1718,#1719);
#1722=CURVE_STYLE('',#34,POSITIVE_LENGTH_MEASURE(2.E-2),#5);
#1723=PRESENTATION_STYLE_ASSIGNMENT((#1722));
#1724=STYLED_ITEM('',(#1723),#1721);
#1725=DIRECTION('',(1.045284632677E-1,-9.945218953683E-1,0.E0));
#1726=VECTOR('',#1725,3.6E-1);
#1727=CARTESIAN_POINT('',(-7.972976124547E0,-6.570020680405E-1,6.E0));
#1728=LINE('',#1727,#1726);
#1729=CURVE_STYLE('',#34,POSITIVE_LENGTH_MEASURE(2.E-2),#5);
#1730=PRESENTATION_STYLE_ASSIGNMENT((#1729));
#1731=STYLED_ITEM('',(#1730),#1728);
#1732=CARTESIAN_POINT('',(-6.706082130753E0,-2.394091475207E0,6.E0));
#1733=DIRECTION('',(0.E0,0.E0,1.E0));
#1734=DIRECTION('',(-1.047638859607E-1,9.944971232731E-1,0.E0));
#1735=AXIS2_PLACEMENT_3D('',#1732,#1733,#1734);
#1737=CURVE_STYLE('',#34,POSITIVE_LENGTH_MEASURE(2.E-2),#5);
#1738=PRESENTATION_STYLE_ASSIGNMENT((#1737));
#1739=STYLED_ITEM('',(#1738),#1736);
#1740=CARTESIAN_POINT('',(-6.706082130753E0,2.394091475207E0,6.E0));
#1741=DIRECTION('',(0.E0,0.E0,1.E0));
#1742=DIRECTION('',(-5.892530203690E-1,-8.079485614728E-1,0.E0));
#1743=AXIS2_PLACEMENT_3D('',#1740,#1741,#1742);
#1745=CURVE_STYLE('',#34,POSITIVE_LENGTH_MEASURE(2.E-2),#5);
#1746=PRESENTATION_STYLE_ASSIGNMENT((#1745));
#1747=STYLED_ITEM('',(#1746),#1744);
#1748=DIRECTION('',(-1.045284632677E-1,-9.945218953683E-1,0.E0));
#1749=VECTOR('',#1748,3.6E-1);
#1750=CARTESIAN_POINT('',(-7.935345877770E0,1.015029950373E0,6.E0));
#1751=LINE('',#1750,#1749);
#1752=CURVE_STYLE('',#34,POSITIVE_LENGTH_MEASURE(2.E-2),#5);
#1753=PRESENTATION_STYLE_ASSIGNMENT((#1752));
#1754=STYLED_ITEM('',(#1753),#1751);
#1755=CARTESIAN_POINT('',(-7.057297753103E0,-9.475019578436E-1,6.E0));
#1756=DIRECTION('',(0.E0,0.E0,1.E0));
#1757=DIRECTION('',(1.043909651455E-1,9.945363373935E-1,0.E0));
#1758=AXIS2_PLACEMENT_3D('',#1755,#1756,#1757);
#1760=CURVE_STYLE('',#34,POSITIVE_LENGTH_MEASURE(2.E-2),#5);
#1761=PRESENTATION_STYLE_ASSIGNMENT((#1760));
#1762=STYLED_ITEM('',(#1761),#1759);
#1763=CARTESIAN_POINT('',(0.E0,-2.025256353956E-3,6.E0));
#1764=DIRECTION('',(0.E0,0.E0,1.E0));
#1765=DIRECTION('',(-9.697374954501E-1,2.441499332750E-1,0.E0));
#1766=AXIS2_PLACEMENT_3D('',#1763,#1764,#1765);
#1768=CURVE_STYLE('',#34,POSITIVE_LENGTH_MEASURE(2.E-2),#5);
#1769=PRESENTATION_STYLE_ASSIGNMENT((#1768));
#1770=STYLED_ITEM('',(#1769),#1767);
#1771=CARTESIAN_POINT('',(-6.061778539937E0,3.736047706979E0,6.E0));
#1772=DIRECTION('',(0.E0,0.E0,1.E0));
#1773=DIRECTION('',(-7.443583796087E-1,-6.677803551366E-1,0.E0));
#1774=AXIS2_PLACEMENT_3D('',#1771,#1772,#1773);
#1776=CURVE_STYLE('',#34,POSITIVE_LENGTH_MEASURE(2.E-2),#5);
#1777=PRESENTATION_STYLE_ASSIGNMENT((#1776));
#1778=STYLED_ITEM('',(#1777),#1775);
#1779=DIRECTION('',(-3.090169943750E-1,-9.510565162952E-1,0.E0));
#1780=VECTOR('',#1779,3.6E-1);
#1781=CARTESIAN_POINT('',(-7.550902938121E0,2.642700289301E0,6.E0));
#1782=LINE('',#1781,#1780);
#1783=CURVE_STYLE('',#34,POSITIVE_LENGTH_MEASURE(2.E-2),#5);
#1784=PRESENTATION_STYLE_ASSIGNMENT((#1783));
#1785=STYLED_ITEM('',(#1784),#1782);
#1786=CARTESIAN_POINT('',(-7.100075598970E0,5.404979416967E-1,6.E0));
#1787=DIRECTION('',(0.E0,0.E0,1.E0));
#1788=DIRECTION('',(3.089757793660E-1,9.510699068760E-1,0.E0));
#1789=AXIS2_PLACEMENT_3D('',#1786,#1787,#1788);
#1791=CURVE_STYLE('',#34,POSITIVE_LENGTH_MEASURE(2.E-2),#5);
#1792=PRESENTATION_STYLE_ASSIGNMENT((#1791));
#1793=STYLED_ITEM('',(#1792),#1790);
#1794=CARTESIAN_POINT('',(0.E0,-2.025256353956E-3,6.E0));
#1795=DIRECTION('',(0.E0,0.E0,1.E0));
#1796=DIRECTION('',(-8.977968688537E-1,4.404097890334E-1,0.E0));
#1797=AXIS2_PLACEMENT_3D('',#1794,#1795,#1796);
#1799=CURVE_STYLE('',#34,POSITIVE_LENGTH_MEASURE(2.E-2),#5);
#1800=PRESENTATION_STYLE_ASSIGNMENT((#1799));
#1801=STYLED_ITEM('',(#1800),#1798);
#1802=CARTESIAN_POINT('',(-5.152546139286E0,4.914720726409E0,6.E0));
#1803=DIRECTION('',(0.E0,0.E0,1.E0));
#1804=DIRECTION('',(-8.669317058317E-1,-4.984269429152E-1,0.E0));
#1805=AXIS2_PLACEMENT_3D('',#1802,#1803,#1804);
#1807=CURVE_STYLE('',#34,POSITIVE_LENGTH_MEASURE(2.E-2),#5);
#1808=PRESENTATION_STYLE_ASSIGNMENT((#1807));
#1809=STYLED_ITEM('',(#1808),#1806);
#1810=DIRECTION('',(-5.E-1,-8.660254037844E-1,0.E0));
#1811=VECTOR('',#1810,3.6E-1);
#1812=CARTESIAN_POINT('',(-6.836449306824E0,4.154871944504E0,6.E0));
#1813=LINE('',#1812,#1811);
#1814=CURVE_STYLE('',#34,POSITIVE_LENGTH_MEASURE(2.E-2),#5);
#1815=PRESENTATION_STYLE_ASSIGNMENT((#1814));
#1816=STYLED_ITEM('',(#1815),#1813);
#1817=CARTESIAN_POINT('',(-6.832546071219E0,2.004875487588E0,6.E0));
#1818=DIRECTION('',(0.E0,0.E0,1.E0));
#1819=DIRECTION('',(5.000380063287E-1,8.660034597083E-1,0.E0));
#1820=AXIS2_PLACEMENT_3D('',#1817,#1818,#1819);
#1822=CURVE_STYLE('',#34,POSITIVE_LENGTH_MEASURE(2.E-2),#5);
#1823=PRESENTATION_STYLE_ASSIGNMENT((#1822));
#1824=STYLED_ITEM('',(#1823),#1821);
#1825=CARTESIAN_POINT('',(0.E0,-2.025256353956E-3,6.E0));
#1826=DIRECTION('',(0.E0,0.E0,1.E0));
#1827=DIRECTION('',(-7.866351357004E-1,6.174181429806E-1,0.E0));
#1828=AXIS2_PLACEMENT_3D('',#1825,#1826,#1827);
#1830=CURVE_STYLE('',#34,POSITIVE_LENGTH_MEASURE(2.E-2),#5);
#1831=PRESENTATION_STYLE_ASSIGNMENT((#1830));
#1832=STYLED_ITEM('',(#1831),#1829);
#1833=CARTESIAN_POINT('',(-4.018122747688E0,5.878596866650E0,6.E0));
#1834=DIRECTION('',(0.E0,0.E0,1.E0));
#1835=DIRECTION('',(-9.516159565099E-1,-3.072898815706E-1,0.E0));
#1836=AXIS2_PLACEMENT_3D('',#1833,#1834,#1835);
#1838=CURVE_STYLE('',#34,POSITIVE_LENGTH_MEASURE(2.E-2),#5);
#1839=PRESENTATION_STYLE_ASSIGNMENT((#1838));
#1840=STYLED_ITEM('',(#1839),#1837);
#1841=DIRECTION('',(-6.691306063589E-1,-7.431448254774E-1,0.E0));
#1842=VECTOR('',#1841,3.6E-1);
#1843=CARTESIAN_POINT('',(-5.823210035895E0,5.485455758445E0,6.E0));
#1844=LINE('',#1843,#1842);
#1845=CURVE_STYLE('',#34,POSITIVE_LENGTH_MEASURE(2.E-2),#5);
#1846=PRESENTATION_STYLE_ASSIGNMENT((#1845));
#1847=STYLED_ITEM('',(#1846),#1844);
#1848=CARTESIAN_POINT('',(-6.266401493963E0,3.381630354212E0,6.E0));
#1849=DIRECTION('',(0.E0,0.E0,1.E0));
#1850=DIRECTION('',(6.692194830401E-1,7.430647909298E-1,0.E0));
#1851=AXIS2_PLACEMENT_3D('',#1848,#1849,#1850);
#1853=CURVE_STYLE('',#34,POSITIVE_LENGTH_MEASURE(2.E-2),#5);
#1854=PRESENTATION_STYLE_ASSIGNMENT((#1853));
#1855=STYLED_ITEM('',(#1854),#1852);
#1856=CARTESIAN_POINT('',(0.E0,-2.025256353956E-3,6.E0));
#1857=DIRECTION('',(0.E0,0.E0,1.E0));
#1858=DIRECTION('',(-6.411137864385E-1,7.674458370716E-1,0.E0));
#1859=AXIS2_PLACEMENT_3D('',#1856,#1857,#1858);
#1861=CURVE_STYLE('',#34,POSITIVE_LENGTH_MEASURE(2.E-2),#5);
#1862=PRESENTATION_STYLE_ASSIGNMENT((#1861));
#1863=STYLED_ITEM('',(#1862),#1860);
#1864=CARTESIAN_POINT('',(-2.708088110924E0,6.585550115180E0,6.E0));
#1865=DIRECTION('',(0.E0,0.E0,1.E0));
#1866=DIRECTION('',(-9.947100235287E-1,-1.027227778609E-1,0.E0));
#1867=AXIS2_PLACEMENT_3D('',#1864,#1865,#1866);
#1869=CURVE_STYLE('',#34,POSITIVE_LENGTH_MEASURE(2.E-2),#5);
#1870=PRESENTATION_STYLE_ASSIGNMENT((#1869));
#1871=STYLED_ITEM('',(#1870),#1868);
#1872=DIRECTION('',(-8.090169943750E-1,-5.877852522925E-1,0.E0));
#1873=VECTOR('',#1872,3.6E-1);
#1874=CARTESIAN_POINT('',(-4.555468543535E0,6.576298833604E0,6.E0));
#1875=LINE('',#1874,#1873);
#1876=CURVE_STYLE('',#34,POSITIVE_LENGTH_MEASURE(2.E-2),#5);
#1877=PRESENTATION_STYLE_ASSIGNMENT((#1876));
#1878=STYLED_ITEM('',(#1877),#1875);
#1879=CARTESIAN_POINT('',(-5.426385101890E0,4.610591747494E0,6.E0));
#1880=DIRECTION('',(0.E0,0.E0,1.E0));
#1881=DIRECTION('',(8.091230783796E-1,5.876392124709E-1,0.E0));
#1882=AXIS2_PLACEMENT_3D('',#1879,#1880,#1881);
#1884=CURVE_STYLE('',#34,POSITIVE_LENGTH_MEASURE(2.E-2),#5);
#1885=PRESENTATION_STYLE_ASSIGNMENT((#1884));
#1886=STYLED_ITEM('',(#1885),#1883);
#1887=CARTESIAN_POINT('',(0.E0,-2.025256353956E-3,6.E0));
#1888=DIRECTION('',(0.E0,0.E0,1.E0));
#1889=DIRECTION('',(-4.675907787371E-1,8.839450569125E-1,0.E0));
#1890=AXIS2_PLACEMENT_3D('',#1887,#1888,#1889);
#1892=CURVE_STYLE('',#34,POSITIVE_LENGTH_MEASURE(2.E-2),#5);
#1893=PRESENTATION_STYLE_ASSIGNMENT((#1892));
#1894=STYLED_ITEM('',(#1893),#1891);
#1895=CARTESIAN_POINT('',(-1.279697028864E0,7.004683222701E0,6.E0));
#1896=DIRECTION('',(0.E0,0.E0,1.E0));
#1897=DIRECTION('',(-9.943304893711E-1,1.063338041599E-1,0.E0));
#1898=AXIS2_PLACEMENT_3D('',#1895,#1896,#1897);
#1900=CURVE_STYLE('',#34,POSITIVE_LENGTH_MEASURE(2.E-2),#5);
#1901=PRESENTATION_STYLE_ASSIGNMENT((#1900));
#1902=STYLED_ITEM('',(#1901),#1899);
#1903=DIRECTION('',(-9.135454576426E-1,-4.067366430758E-1,0.E0));
#1904=VECTOR('',#1903,3.6E-1);
#1905=CARTESIAN_POINT('',(-3.088631216260E0,7.379726093152E0,6.E0));
#1906=LINE('',#1905,#1904);
#1907=CURVE_STYLE('',#34,POSITIVE_LENGTH_MEASURE(2.E-2),#5);
#1908=PRESENTATION_STYLE_ASSIGNMENT((#1907));
#1909=STYLED_ITEM('',(#1908),#1906);
#1910=CARTESIAN_POINT('',(-4.349209642179E0,5.638048157336E0,6.E0));
#1911=DIRECTION('',(0.E0,0.E0,1.E0));
#1912=DIRECTION('',(9.136189489574E-1,4.065715387308E-1,0.E0));
#1913=AXIS2_PLACEMENT_3D('',#1910,#1911,#1912);
#1915=CURVE_STYLE('',#34,POSITIVE_LENGTH_MEASURE(2.E-2),#5);
#1916=PRESENTATION_STYLE_ASSIGNMENT((#1915));
#1917=STYLED_ITEM('',(#1916),#1914);
#1918=DIRECTION('',(0.E0,0.E0,1.E0));
#1919=VECTOR('',#1918,6.E0);
#1920=CARTESIAN_POINT('',(-1.898296706598E0,6.670213529615E0,0.E0));
#1921=LINE('',#1920,#1919);
#1922=CURVE_STYLE('',#34,POSITIVE_LENGTH_MEASURE(2.E-2),#5);
#1923=PRESENTATION_STYLE_ASSIGNMENT((#1922));
#1924=STYLED_ITEM('',(#1923),#1921);
#1925=DIRECTION('',(0.E0,0.E0,1.E0));
#1926=VECTOR('',#1925,6.E0);
#1927=CARTESIAN_POINT('',(-1.838939020201E0,7.785775701880E0,0.E0));
#1928=LINE('',#1927,#1926);
#1929=CURVE_STYLE('',#34,POSITIVE_LENGTH_MEASURE(2.E-2),#5);
#1930=PRESENTATION_STYLE_ASSIGNMENT((#1929));
#1931=STYLED_ITEM('',(#1930),#1928);
#1932=DIRECTION('',(0.E0,0.E0,1.E0));
#1933=VECTOR('',#1932,6.E0);
#1934=CARTESIAN_POINT('',(-1.486805883937E0,7.860623910574E0,0.E0));
#1935=LINE('',#1934,#1933);
#1936=CURVE_STYLE('',#34,POSITIVE_LENGTH_MEASURE(2.E-2),#5);
#1937=PRESENTATION_STYLE_ASSIGNMENT((#1936));
#1938=STYLED_ITEM('',(#1937),#1935);
#1939=DIRECTION('',(0.E0,0.E0,1.E0));
#1940=VECTOR('',#1939,6.E0);
#1941=CARTESIAN_POINT('',(-9.788270785191E-1,6.865592396815E0,0.E0));
#1942=LINE('',#1941,#1940);
#1943=CURVE_STYLE('',#34,POSITIVE_LENGTH_MEASURE(2.E-2),#5);
#1944=PRESENTATION_STYLE_ASSIGNMENT((#1943));
#1945=STYLED_ITEM('',(#1944),#1942);
#1946=DIRECTION('',(0.E0,0.E0,1.E0));
#1947=VECTOR('',#1946,6.E0);
#1948=CARTESIAN_POINT('',(-4.7E-1,6.919055210070E0,0.E0));
#1949=LINE('',#1948,#1947);
#1950=CURVE_STYLE('',#34,POSITIVE_LENGTH_MEASURE(2.E-2),#5);
#1951=PRESENTATION_STYLE_ASSIGNMENT((#1950));
#1952=STYLED_ITEM('',(#1951),#1949);
#1953=DIRECTION('',(0.E0,0.E0,1.E0));
#1954=VECTOR('',#1953,6.E0);
#1955=CARTESIAN_POINT('',(-1.8E-1,7.997974743646E0,0.E0));
#1956=LINE('',#1955,#1954);
#1957=CURVE_STYLE('',#34,POSITIVE_LENGTH_MEASURE(2.E-2),#5);
#1958=PRESENTATION_STYLE_ASSIGNMENT((#1957));
#1959=STYLED_ITEM('',(#1958),#1956);
#1960=DIRECTION('',(0.E0,0.E0,1.E0));
#1961=VECTOR('',#1960,6.E0);
#1962=CARTESIAN_POINT('',(1.8E-1,7.997974743646E0,0.E0));
#1963=LINE('',#1962,#1961);
#1964=CURVE_STYLE('',#34,POSITIVE_LENGTH_MEASURE(2.E-2),#5);
#1965=PRESENTATION_STYLE_ASSIGNMENT((#1964));
#1966=STYLED_ITEM('',(#1965),#1963);
#1967=DIRECTION('',(0.E0,0.E0,1.E0));
#1968=VECTOR('',#1967,6.E0);
#1969=CARTESIAN_POINT('',(4.7E-1,6.919055210070E0,0.E0));
#1970=LINE('',#1969,#1968);
#1971=CURVE_STYLE('',#34,POSITIVE_LENGTH_MEASURE(2.E-2),#5);
#1972=PRESENTATION_STYLE_ASSIGNMENT((#1971));
#1973=STYLED_ITEM('',(#1972),#1970);
#1974=DIRECTION('',(0.E0,0.E0,1.E0));
#1975=VECTOR('',#1974,6.E0);
#1976=CARTESIAN_POINT('',(9.788267858499E-1,6.865591716585E0,0.E0));
#1977=LINE('',#1976,#1975);
#1978=CURVE_STYLE('',#34,POSITIVE_LENGTH_MEASURE(2.E-2),#5);
#1979=PRESENTATION_STYLE_ASSIGNMENT((#1978));
#1980=STYLED_ITEM('',(#1979),#1977);
#1981=DIRECTION('',(0.E0,0.E0,1.E0));
#1982=VECTOR('',#1981,6.E0);
#1983=CARTESIAN_POINT('',(1.486805883937E0,7.860623910574E0,0.E0));
#1984=LINE('',#1983,#1982);
#1985=CURVE_STYLE('',#34,POSITIVE_LENGTH_MEASURE(2.E-2),#5);
#1986=PRESENTATION_STYLE_ASSIGNMENT((#1985));
#1987=STYLED_ITEM('',(#1986),#1984);
#1988=DIRECTION('',(0.E0,0.E0,1.E0));
#1989=VECTOR('',#1988,6.E0);
#1990=CARTESIAN_POINT('',(1.838939020201E0,7.785775701880E0,0.E0));
#1991=LINE('',#1990,#1989);
#1992=CURVE_STYLE('',#34,POSITIVE_LENGTH_MEASURE(2.E-2),#5);
#1993=PRESENTATION_STYLE_ASSIGNMENT((#1992));
#1994=STYLED_ITEM('',(#1993),#1991);
#1995=DIRECTION('',(0.E0,0.E0,1.E0));
#1996=VECTOR('',#1995,6.E0);
#1997=CARTESIAN_POINT('',(1.898295759013E0,6.670217291926E0,0.E0));
#1998=LINE('',#1997,#1996);
#1999=CURVE_STYLE('',#34,POSITIVE_LENGTH_MEASURE(2.E-2),#5);
#2000=PRESENTATION_STYLE_ASSIGNMENT((#1999));
#2001=STYLED_ITEM('',(#2000),#1998);
#2002=DIRECTION('',(0.E0,0.E0,1.E0));
#2003=VECTOR('',#2002,6.E0);
#2004=CARTESIAN_POINT('',(2.384919648986E0,6.512150680808E0,0.E0));
#2005=LINE('',#2004,#2003);
#2006=CURVE_STYLE('',#34,POSITIVE_LENGTH_MEASURE(2.E-2),#5);
#2007=PRESENTATION_STYLE_ASSIGNMENT((#2006));
#2008=STYLED_ITEM('',(#2007),#2005);
#2009=DIRECTION('',(0.E0,0.E0,1.E0));
#2010=VECTOR('',#2009,6.E0);
#2011=CARTESIAN_POINT('',(3.088631216260E0,7.379726093152E0,0.E0));
#2012=LINE('',#2011,#2010);
#2013=CURVE_STYLE('',#34,POSITIVE_LENGTH_MEASURE(2.E-2),#5);
#2014=PRESENTATION_STYLE_ASSIGNMENT((#2013));
#2015=STYLED_ITEM('',(#2014),#2012);
#2016=DIRECTION('',(0.E0,0.E0,1.E0));
#2017=VECTOR('',#2016,6.E0);
#2018=CARTESIAN_POINT('',(3.417507581011E0,7.233300901644E0,0.E0));
#2019=LINE('',#2018,#2017);
#2020=CURVE_STYLE('',#34,POSITIVE_LENGTH_MEASURE(2.E-2),#5);
#2021=PRESENTATION_STYLE_ASSIGNMENT((#2020));
#2022=STYLED_ITEM('',(#2021),#2019);
#2023=DIRECTION('',(-2.112061324159E-6,-6.136609826235E-6,9.999999999789E-1));
#2024=VECTOR('',#2023,6.000000000126E0);
#2025=CARTESIAN_POINT('',(3.243690651549E0,6.129917882224E0,0.E0));
#2026=LINE('',#2025,#2024);
#2027=CURVE_STYLE('',#34,POSITIVE_LENGTH_MEASURE(2.E-2),#5);
#2028=PRESENTATION_STYLE_ASSIGNMENT((#2027));
#2029=STYLED_ITEM('',(#2028),#2026);
#2030=DIRECTION('',(5.638896787595E-6,6.484820503306E-6,9.999999999631E-1));
#2031=VECTOR('',#2030,6.000000000222E0);
#2032=CARTESIAN_POINT('',(3.686830396343E0,5.874098539489E0,0.E0));
#2033=LINE('',#2032,#2031);
#2034=CURVE_STYLE('',#34,POSITIVE_LENGTH_MEASURE(2.E-2),#5);
#2035=PRESENTATION_STYLE_ASSIGNMENT((#2034));
#2036=STYLED_ITEM('',(#2035),#2033);
#2037=DIRECTION('',(0.E0,0.E0,1.E0));
#2038=VECTOR('',#2037,6.E0);
#2039=CARTESIAN_POINT('',(4.555468543535E0,6.576298833604E0,0.E0));
#2040=LINE('',#2039,#2038);
#2041=CURVE_STYLE('',#34,POSITIVE_LENGTH_MEASURE(2.E-2),#5);
#2042=PRESENTATION_STYLE_ASSIGNMENT((#2041));
#2043=STYLED_ITEM('',(#2042),#2040);
#2044=DIRECTION('',(0.E0,0.E0,1.E0));
#2045=VECTOR('',#2044,6.E0);
#2046=CARTESIAN_POINT('',(4.846714661510E0,6.364696142779E0,0.E0));
#2047=LINE('',#2046,#2045);
#2048=CURVE_STYLE('',#34,POSITIVE_LENGTH_MEASURE(2.E-2),#5);
#2049=PRESENTATION_STYLE_ASSIGNMENT((#2048));
#2050=STYLED_ITEM('',(#2049),#2047);
#2051=DIRECTION('',(-6.763507536117E-6,-1.126103195913E-5,9.999999999137E-1));
#2052=VECTOR('',#2051,6.000000000518E0);
#2053=CARTESIAN_POINT('',(4.447426227586E0,5.321756908882E0,0.E0));
#2054=LINE('',#2053,#2052);
#2055=CURVE_STYLE('',#34,POSITIVE_LENGTH_MEASURE(2.E-2),#5);
#2056=PRESENTATION_STYLE_ASSIGNMENT((#2055));
#2057=STYLED_ITEM('',(#2056),#2054);
#2058=DIRECTION('',(1.274174159679E-5,9.597552314185E-6,9.999999998728E-1));
#2059=VECTOR('',#2058,6.000000000763E0);
#2060=CARTESIAN_POINT('',(4.827720235567E0,4.979346283899E0,0.E0));
#2061=LINE('',#2060,#2059);
#2062=CURVE_STYLE('',#34,POSITIVE_LENGTH_MEASURE(2.E-2),#5);
#2063=PRESENTATION_STYLE_ASSIGNMENT((#2062));
#2064=STYLED_ITEM('',(#2063),#2061);
#2065=DIRECTION('',(0.E0,0.E0,1.E0));
#2066=VECTOR('',#2065,6.E0);
#2067=CARTESIAN_POINT('',(5.823210035895E0,5.485455758445E0,0.E0));
#2068=LINE('',#2067,#2066);
#2069=CURVE_STYLE('',#34,POSITIVE_LENGTH_MEASURE(2.E-2),#5);
#2070=PRESENTATION_STYLE_ASSIGNMENT((#2069));
#2071=STYLED_ITEM('',(#2070),#2068);
#2072=DIRECTION('',(0.E0,0.E0,1.E0));
#2073=VECTOR('',#2072,6.E0);
#2074=CARTESIAN_POINT('',(6.064097054184E0,5.217923621273E0,0.E0));
#2075=LINE('',#2074,#2073);
#2076=CURVE_STYLE('',#34,POSITIVE_LENGTH_MEASURE(2.E-2),#5);
#2077=PRESENTATION_STYLE_ASSIGNMENT((#2076));
#2078=STYLED_ITEM('',(#2077),#2075);
#2079=DIRECTION('',(-1.479204083362E-5,-1.587020503572E-5,9.999999997647E-1));
#2080=VECTOR('',#2079,6.000000001412E0);
#2081=CARTESIAN_POINT('',(5.456918417280E0,4.280999275361E0,0.E0));
#2082=LINE('',#2081,#2080);
#2083=CURVE_STYLE('',#34,POSITIVE_LENGTH_MEASURE(2.E-2),#5);
#2084=PRESENTATION_STYLE_ASSIGNMENT((#2083));
#2085=STYLED_ITEM('',(#2084),#2082);
#2086=DIRECTION('',(2.275130769803E-5,1.060177425989E-5,9.999999996850E-1));
#2087=VECTOR('',#2086,6.000000001890E0);
#2088=CARTESIAN_POINT('',(5.757722246614E0,3.866931779764E0,0.E0));
#2089=LINE('',#2088,#2087);
#2090=CURVE_STYLE('',#34,POSITIVE_LENGTH_MEASURE(2.E-2),#5);
#2091=PRESENTATION_STYLE_ASSIGNMENT((#2090));
#2092=STYLED_ITEM('',(#2091),#2089);
#2093=DIRECTION('',(0.E0,0.E0,1.E0));
#2094=VECTOR('',#2093,6.E0);
#2095=CARTESIAN_POINT('',(6.836449306824E0,4.154871944504E0,0.E0));
#2096=LINE('',#2095,#2094);
#2097=CURVE_STYLE('',#34,POSITIVE_LENGTH_MEASURE(2.E-2),#5);
#2098=PRESENTATION_STYLE_ASSIGNMENT((#2097));
#2099=STYLED_ITEM('',(#2098),#2096);
#2100=DIRECTION('',(0.E0,0.E0,1.E0));
#2101=VECTOR('',#2100,6.E0);
#2102=CARTESIAN_POINT('',(7.016449306824E0,3.843102799142E0,0.E0));
#2103=LINE('',#2102,#2101);
#2104=CURVE_STYLE('',#34,POSITIVE_LENGTH_MEASURE(2.E-2),#5);
#2105=PRESENTATION_STYLE_ASSIGNMENT((#2104));
#2106=STYLED_ITEM('',(#2105),#2103);
#2107=DIRECTION('',(-2.603710777828E-5,-1.824343607807E-5,9.999999994946E-1));
#2108=VECTOR('',#2107,6.000000003032E0);
#2109=CARTESIAN_POINT('',(6.228050397819E0,3.053076598633E0,0.E0));
#2110=LINE('',#2109,#2108);
#2111=CURVE_STYLE('',#34,POSITIVE_LENGTH_MEASURE(2.E-2),#5);
#2112=PRESENTATION_STYLE_ASSIGNMENT((#2111));
#2113=STYLED_ITEM('',(#2112),#2110);
#2114=DIRECTION('',(3.472837497753E-5,8.005352079477E-6,9.999999993649E-1));
#2115=VECTOR('',#2114,6.000000003810E0);
#2116=CARTESIAN_POINT('',(6.436179799195E0,2.585428782485E0,0.E0));
#2117=LINE('',#2116,#2115);
#2118=CURVE_STYLE('',#34,POSITIVE_LENGTH_MEASURE(2.E-2),#5);
#2119=PRESENTATION_STYLE_ASSIGNMENT((#2118));
#2120=STYLED_ITEM('',(#2119),#2117);
#2121=DIRECTION('',(0.E0,0.E0,1.E0));
#2122=VECTOR('',#2121,6.E0);
#2123=CARTESIAN_POINT('',(7.550902938121E0,2.642700289301E0,0.E0));
#2124=LINE('',#2123,#2122);
#2125=CURVE_STYLE('',#34,POSITIVE_LENGTH_MEASURE(2.E-2),#5);
#2126=PRESENTATION_STYLE_ASSIGNMENT((#2125));
#2127=STYLED_ITEM('',(#2126),#2124);
#2128=DIRECTION('',(0.E0,0.E0,1.E0));
#2129=VECTOR('',#2128,6.E0);
#2130=CARTESIAN_POINT('',(7.662149056096E0,2.300319943435E0,0.E0));
#2131=LINE('',#2130,#2129);
#2132=CURVE_STYLE('',#34,POSITIVE_LENGTH_MEASURE(2.E-2),#5);
#2133=PRESENTATION_STYLE_ASSIGNMENT((#2132));
#2134=STYLED_ITEM('',(#2133),#2131);
#2135=DIRECTION('',(-3.956409828688E-5,-1.681204802611E-5,9.999999990760E-1));
#2136=VECTOR('',#2135,6.000000005544E0);
#2137=CARTESIAN_POINT('',(6.727100440415E0,1.691604067250E0,0.E0));
#2138=LINE('',#2137,#2136);
#2139=CURVE_STYLE('',#34,POSITIVE_LENGTH_MEASURE(2.E-2),#5);
#2140=PRESENTATION_STYLE_ASSIGNMENT((#2139));
#2141=STYLED_ITEM('',(#2140),#2138);
#2142=DIRECTION('',(4.710095819149E-5,8.025784087294E-7,9.999999988904E-1));
#2143=VECTOR('',#2142,6.000000006657E0);
#2144=CARTESIAN_POINT('',(6.833412975870E0,1.190809342261E0,0.E0));
#2145=LINE('',#2144,#2143);
#2146=CURVE_STYLE('',#34,POSITIVE_LENGTH_MEASURE(2.E-2),#5);
#2147=PRESENTATION_STYLE_ASSIGNMENT((#2146));
#2148=STYLED_ITEM('',(#2147),#2145);
#2149=DIRECTION('',(0.E0,0.E0,1.E0));
#2150=VECTOR('',#2149,6.E0);
#2151=CARTESIAN_POINT('',(7.935345877770E0,1.015029950373E0,0.E0));
#2152=LINE('',#2151,#2150);
#2153=CURVE_STYLE('',#34,POSITIVE_LENGTH_MEASURE(2.E-2),#5);
#2154=PRESENTATION_STYLE_ASSIGNMENT((#2153));
#2155=STYLED_ITEM('',(#2154),#2152);
#2156=DIRECTION('',(0.E0,0.E0,1.E0));
#2157=VECTOR('',#2156,6.E0);
#2158=CARTESIAN_POINT('',(7.972976124547E0,6.570020680405E-1,0.E0));
#2159=LINE('',#2158,#2157);
#2160=CURVE_STYLE('',#34,POSITIVE_LENGTH_MEASURE(2.E-2),#5);
#2161=PRESENTATION_STYLE_ASSIGNMENT((#2160));
#2162=STYLED_ITEM('',(#2161),#2159);
#2163=DIRECTION('',(-5.375311262967E-5,-1.047465347685E-5,9.999999985004E-1));
#2164=VECTOR('',#2163,6.000000008997E0);
#2165=CARTESIAN_POINT('',(6.932218920109E0,2.560459566053E-1,0.E0));
#2166=LINE('',#2165,#2164);
#2167=CURVE_STYLE('',#34,POSITIVE_LENGTH_MEASURE(2.E-2),#5);
#2168=PRESENTATION_STYLE_ASSIGNMENT((#2167));
#2169=STYLED_ITEM('',(#2168),#2166);
#2170=DIRECTION('',(5.788625981040E-5,-1.128179212E-5,9.999999982610E-1));
#2171=VECTOR('',#2170,6.000000010434E0);
#2172=CARTESIAN_POINT('',(6.932020578242E0,-2.559962468562E-1,0.E0));
#2173=LINE('',#2172,#2171);
#2174=CURVE_STYLE('',#34,POSITIVE_LENGTH_MEASURE(2.E-2),#5);
#2175=PRESENTATION_STYLE_ASSIGNMENT((#2174));
#2176=STYLED_ITEM('',(#2175),#2173);
#2177=DIRECTION('',(0.E0,0.E0,1.E0));
#2178=VECTOR('',#2177,6.E0);
#2179=CARTESIAN_POINT('',(7.972976124547E0,-6.570020680406E-1,0.E0));
#2180=LINE('',#2179,#2178);
#2181=CURVE_STYLE('',#34,POSITIVE_LENGTH_MEASURE(2.E-2),#5);
#2182=PRESENTATION_STYLE_ASSIGNMENT((#2181));
#2183=STYLED_ITEM('',(#2182),#2180);
#2184=DIRECTION('',(0.E0,0.E0,1.E0));
#2185=VECTOR('',#2184,6.E0);
#2186=CARTESIAN_POINT('',(7.935345877770E0,-1.015029950373E0,0.E0));
#2187=LINE('',#2186,#2185);
#2188=CURVE_STYLE('',#34,POSITIVE_LENGTH_MEASURE(2.E-2),#5);
#2189=PRESENTATION_STYLE_ASSIGNMENT((#2188));
#2190=STYLED_ITEM('',(#2189),#2187);
#2191=DIRECTION('',(0.E0,0.E0,1.E0));
#2192=VECTOR('',#2191,6.E0);
#2193=CARTESIAN_POINT('',(6.834384081966E0,-1.190910887054E0,0.E0));
#2194=LINE('',#2193,#2192);
#2195=CURVE_STYLE('',#34,POSITIVE_LENGTH_MEASURE(2.E-2),#5);
#2196=PRESENTATION_STYLE_ASSIGNMENT((#2195));
#2197=STYLED_ITEM('',(#2196),#2194);
#2198=DIRECTION('',(0.E0,0.E0,1.E0));
#2199=VECTOR('',#2198,6.E0);
#2200=CARTESIAN_POINT('',(6.229604575161E0,-3.053956064850E0,0.E0));
#2201=LINE('',#2200,#2199);
#2202=CURVE_STYLE('',#34,POSITIVE_LENGTH_MEASURE(2.E-2),#5);
#2203=PRESENTATION_STYLE_ASSIGNMENT((#2202));
#2204=STYLED_ITEM('',(#2203),#2201);
#2205=DIRECTION('',(0.E0,0.E0,1.E0));
#2206=VECTOR('',#2205,6.E0);
#2207=CARTESIAN_POINT('',(7.016449306824E0,-3.843102799142E0,0.E0));
#2208=LINE('',#2207,#2206);
#2209=CURVE_STYLE('',#34,POSITIVE_LENGTH_MEASURE(2.E-2),#5);
#2210=PRESENTATION_STYLE_ASSIGNMENT((#2209));
#2211=STYLED_ITEM('',(#2210),#2208);
#2212=DIRECTION('',(0.E0,0.E0,1.E0));
#2213=VECTOR('',#2212,6.E0);
#2214=CARTESIAN_POINT('',(6.836449306824E0,-4.154871944504E0,0.E0));
#2215=LINE('',#2214,#2213);
#2216=CURVE_STYLE('',#34,POSITIVE_LENGTH_MEASURE(2.E-2),#5);
#2217=PRESENTATION_STYLE_ASSIGNMENT((#2216));
#2218=STYLED_ITEM('',(#2217),#2215);
#2219=DIRECTION('',(0.E0,0.E0,1.E0));
#2220=VECTOR('',#2219,6.E0);
#2221=CARTESIAN_POINT('',(5.759812273872E0,-3.868136660915E0,0.E0));
#2222=LINE('',#2221,#2220);
#2223=CURVE_STYLE('',#34,POSITIVE_LENGTH_MEASURE(2.E-2),#5);
#2224=PRESENTATION_STYLE_ASSIGNMENT((#2223));
#2225=STYLED_ITEM('',(#2224),#2222);
#2226=DIRECTION('',(0.E0,0.E0,1.E0));
#2227=VECTOR('',#2226,6.E0);
#2228=CARTESIAN_POINT('',(5.458786489466E0,-4.282668302106E0,0.E0));
#2229=LINE('',#2228,#2227);
#2230=CURVE_STYLE('',#34,POSITIVE_LENGTH_MEASURE(2.E-2),#5);
#2231=PRESENTATION_STYLE_ASSIGNMENT((#2230));
#2232=STYLED_ITEM('',(#2231),#2229);
#2233=DIRECTION('',(0.E0,0.E0,1.E0));
#2234=VECTOR('',#2233,6.E0);
#2235=CARTESIAN_POINT('',(6.064097054184E0,-5.217923621273E0,0.E0));
#2236=LINE('',#2235,#2234);
#2237=CURVE_STYLE('',#34,POSITIVE_LENGTH_MEASURE(2.E-2),#5);
#2238=PRESENTATION_STYLE_ASSIGNMENT((#2237));
#2239=STYLED_ITEM('',(#2238),#2236);
#2240=DIRECTION('',(0.E0,0.E0,1.E0));
#2241=VECTOR('',#2240,6.E0);
#2242=CARTESIAN_POINT('',(5.823210035895E0,-5.485455758445E0,0.E0));
#2243=LINE('',#2242,#2241);
#2244=CURVE_STYLE('',#34,POSITIVE_LENGTH_MEASURE(2.E-2),#5);
#2245=PRESENTATION_STYLE_ASSIGNMENT((#2244));
#2246=STYLED_ITEM('',(#2245),#2243);
#2247=DIRECTION('',(0.E0,0.E0,1.E0));
#2248=VECTOR('',#2247,6.E0);
#2249=CARTESIAN_POINT('',(4.829958061866E0,-4.981358539369E0,0.E0));
#2250=LINE('',#2249,#2248);
#2251=CURVE_STYLE('',#34,POSITIVE_LENGTH_MEASURE(2.E-2),#5);
#2252=PRESENTATION_STYLE_ASSIGNMENT((#2251));
#2253=STYLED_ITEM('',(#2252),#2250);
#2254=DIRECTION('',(0.E0,0.E0,1.E0));
#2255=VECTOR('',#2254,6.E0);
#2256=CARTESIAN_POINT('',(4.449260902977E0,-5.324274051737E0,0.E0));
#2257=LINE('',#2256,#2255);
#2258=CURVE_STYLE('',#34,POSITIVE_LENGTH_MEASURE(2.E-2),#5);
#2259=PRESENTATION_STYLE_ASSIGNMENT((#2258));
#2260=STYLED_ITEM('',(#2259),#2257);
#2261=DIRECTION('',(0.E0,0.E0,1.E0));
#2262=VECTOR('',#2261,6.E0);
#2263=CARTESIAN_POINT('',(4.846714661510E0,-6.364696142779E0,0.E0));
#2264=LINE('',#2263,#2262);
#2265=CURVE_STYLE('',#34,POSITIVE_LENGTH_MEASURE(2.E-2),#5);
#2266=PRESENTATION_STYLE_ASSIGNMENT((#2265));
#2267=STYLED_ITEM('',(#2266),#2264);
#2268=DIRECTION('',(0.E0,0.E0,1.E0));
#2269=VECTOR('',#2268,6.E0);
#2270=CARTESIAN_POINT('',(4.555468543535E0,-6.576298833604E0,0.E0));
#2271=LINE('',#2270,#2269);
#2272=CURVE_STYLE('',#34,POSITIVE_LENGTH_MEASURE(2.E-2),#5);
#2273=PRESENTATION_STYLE_ASSIGNMENT((#2272));
#2274=STYLED_ITEM('',(#2273),#2271);
#2275=DIRECTION('',(0.E0,0.E0,1.E0));
#2276=VECTOR('',#2275,6.E0);
#2277=CARTESIAN_POINT('',(3.688883531265E0,-5.876920414183E0,0.E0));
#2278=LINE('',#2277,#2276);
#2279=CURVE_STYLE('',#34,POSITIVE_LENGTH_MEASURE(2.E-2),#5);
#2280=PRESENTATION_STYLE_ASSIGNMENT((#2279));
#2281=STYLED_ITEM('',(#2280),#2278);
#2282=DIRECTION('',(0.E0,0.E0,1.E0));
#2283=VECTOR('',#2282,6.E0);
#2284=CARTESIAN_POINT('',(3.245151003024E0,-6.133195600610E0,0.E0));
#2285=LINE('',#2284,#2283);
#2286=CURVE_STYLE('',#34,POSITIVE_LENGTH_MEASURE(2.E-2),#5);
#2287=PRESENTATION_STYLE_ASSIGNMENT((#2286));
#2288=STYLED_ITEM('',(#2287),#2285);
#2289=DIRECTION('',(0.E0,0.E0,1.E0));
#2290=VECTOR('',#2289,6.E0);
#2291=CARTESIAN_POINT('',(3.417507581011E0,-7.233300901644E0,0.E0));
#2292=LINE('',#2291,#2290);
#2293=CURVE_STYLE('',#34,POSITIVE_LENGTH_MEASURE(2.E-2),#5);
#2294=PRESENTATION_STYLE_ASSIGNMENT((#2293));
#2295=STYLED_ITEM('',(#2294),#2292);
#2296=DIRECTION('',(0.E0,0.E0,1.E0));
#2297=VECTOR('',#2296,6.E0);
#2298=CARTESIAN_POINT('',(3.088631216260E0,-7.379726093152E0,0.E0));
#2299=LINE('',#2298,#2297);
#2300=CURVE_STYLE('',#34,POSITIVE_LENGTH_MEASURE(2.E-2),#5);
#2301=PRESENTATION_STYLE_ASSIGNMENT((#2300));
#2302=STYLED_ITEM('',(#2301),#2299);
#2303=DIRECTION('',(0.E0,0.E0,1.E0));
#2304=VECTOR('',#2303,6.E0);
#2305=CARTESIAN_POINT('',(2.386468384087E0,-6.515628212819E0,0.E0));
#2306=LINE('',#2305,#2304);
#2307=CURVE_STYLE('',#34,POSITIVE_LENGTH_MEASURE(2.E-2),#5);
#2308=PRESENTATION_STYLE_ASSIGNMENT((#2307));
#2309=STYLED_ITEM('',(#2308),#2306);
#2310=DIRECTION('',(0.E0,0.E0,1.E0));
#2311=VECTOR('',#2310,6.E0);
#2312=CARTESIAN_POINT('',(1.899106257115E0,-6.674030220898E0,0.E0));
#2313=LINE('',#2312,#2311);
#2314=CURVE_STYLE('',#34,POSITIVE_LENGTH_MEASURE(2.E-2),#5);
#2315=PRESENTATION_STYLE_ASSIGNMENT((#2314));
#2316=STYLED_ITEM('',(#2315),#2313);
#2317=DIRECTION('',(0.E0,0.E0,1.E0));
#2318=VECTOR('',#2317,6.E0);
#2319=CARTESIAN_POINT('',(1.838939020201E0,-7.785775701880E0,0.E0));
#2320=LINE('',#2319,#2318);
#2321=CURVE_STYLE('',#34,POSITIVE_LENGTH_MEASURE(2.E-2),#5);
#2322=PRESENTATION_STYLE_ASSIGNMENT((#2321));
#2323=STYLED_ITEM('',(#2322),#2320);
#2324=DIRECTION('',(0.E0,0.E0,1.E0));
#2325=VECTOR('',#2324,6.E0);
#2326=CARTESIAN_POINT('',(1.486805883937E0,-7.860623910574E0,0.E0));
#2327=LINE('',#2326,#2325);
#2328=CURVE_STYLE('',#34,POSITIVE_LENGTH_MEASURE(2.E-2),#5);
#2329=PRESENTATION_STYLE_ASSIGNMENT((#2328));
#2330=STYLED_ITEM('',(#2329),#2327);
#2331=DIRECTION('',(0.E0,0.E0,1.E0));
#2332=VECTOR('',#2331,6.E0);
#2333=CARTESIAN_POINT('',(9.796647347449E-1,-6.869522022295E0,0.E0));
#2334=LINE('',#2333,#2332);
#2335=CURVE_STYLE('',#34,POSITIVE_LENGTH_MEASURE(2.E-2),#5);
#2336=PRESENTATION_STYLE_ASSIGNMENT((#2335));
#2337=STYLED_ITEM('',(#2336),#2334);
#2338=DIRECTION('',(0.E0,0.E0,1.E0));
#2339=VECTOR('',#2338,6.E0);
#2340=CARTESIAN_POINT('',(4.699972034168E-1,-6.923105912689E0,0.E0));
#2341=LINE('',#2340,#2339);
#2342=CURVE_STYLE('',#34,POSITIVE_LENGTH_MEASURE(2.E-2),#5);
#2343=PRESENTATION_STYLE_ASSIGNMENT((#2342));
#2344=STYLED_ITEM('',(#2343),#2341);
#2345=DIRECTION('',(0.E0,0.E0,1.E0));
#2346=VECTOR('',#2345,6.E0);
#2347=CARTESIAN_POINT('',(1.8E-1,-7.997974743646E0,0.E0));
#2348=LINE('',#2347,#2346);
#2349=CURVE_STYLE('',#34,POSITIVE_LENGTH_MEASURE(2.E-2),#5);
#2350=PRESENTATION_STYLE_ASSIGNMENT((#2349));
#2351=STYLED_ITEM('',(#2350),#2348);
#2352=DIRECTION('',(0.E0,0.E0,1.E0));
#2353=VECTOR('',#2352,6.E0);
#2354=CARTESIAN_POINT('',(-1.8E-1,-7.997974743646E0,0.E0));
#2355=LINE('',#2354,#2353);
#2356=CURVE_STYLE('',#34,POSITIVE_LENGTH_MEASURE(2.E-2),#5);
#2357=PRESENTATION_STYLE_ASSIGNMENT((#2356));
#2358=STYLED_ITEM('',(#2357),#2355);
#2359=DIRECTION('',(0.E0,0.E0,1.E0));
#2360=VECTOR('',#2359,6.E0);
#2361=CARTESIAN_POINT('',(-4.699972034168E-1,-6.923105912689E0,0.E0));
#2362=LINE('',#2361,#2360);
#2363=CURVE_STYLE('',#34,POSITIVE_LENGTH_MEASURE(2.E-2),#5);
#2364=PRESENTATION_STYLE_ASSIGNMENT((#2363));
#2365=STYLED_ITEM('',(#2364),#2362);
#2366=DIRECTION('',(0.E0,0.E0,1.E0));
#2367=VECTOR('',#2366,6.E0);
#2368=CARTESIAN_POINT('',(-9.796647347449E-1,-6.869522022295E0,0.E0));
#2369=LINE('',#2368,#2367);
#2370=CURVE_STYLE('',#34,POSITIVE_LENGTH_MEASURE(2.E-2),#5);
#2371=PRESENTATION_STYLE_ASSIGNMENT((#2370));
#2372=STYLED_ITEM('',(#2371),#2369);
#2373=DIRECTION('',(0.E0,0.E0,1.E0));
#2374=VECTOR('',#2373,6.E0);
#2375=CARTESIAN_POINT('',(-1.486805883937E0,-7.860623910574E0,0.E0));
#2376=LINE('',#2375,#2374);
#2377=CURVE_STYLE('',#34,POSITIVE_LENGTH_MEASURE(2.E-2),#5);
#2378=PRESENTATION_STYLE_ASSIGNMENT((#2377));
#2379=STYLED_ITEM('',(#2378),#2376);
#2380=DIRECTION('',(0.E0,0.E0,1.E0));
#2381=VECTOR('',#2380,6.E0);
#2382=CARTESIAN_POINT('',(-1.838939020201E0,-7.785775701880E0,0.E0));
#2383=LINE('',#2382,#2381);
#2384=CURVE_STYLE('',#34,POSITIVE_LENGTH_MEASURE(2.E-2),#5);
#2385=PRESENTATION_STYLE_ASSIGNMENT((#2384));
#2386=STYLED_ITEM('',(#2385),#2383);
#2387=DIRECTION('',(0.E0,0.E0,1.E0));
#2388=VECTOR('',#2387,6.E0);
#2389=CARTESIAN_POINT('',(-1.899106257115E0,-6.674030220898E0,0.E0));
#2390=LINE('',#2389,#2388);
#2391=CURVE_STYLE('',#34,POSITIVE_LENGTH_MEASURE(2.E-2),#5);
#2392=PRESENTATION_STYLE_ASSIGNMENT((#2391));
#2393=STYLED_ITEM('',(#2392),#2390);
#2394=DIRECTION('',(0.E0,0.E0,1.E0));
#2395=VECTOR('',#2394,6.E0);
#2396=CARTESIAN_POINT('',(-2.386468384087E0,-6.515628212819E0,0.E0));
#2397=LINE('',#2396,#2395);
#2398=CURVE_STYLE('',#34,POSITIVE_LENGTH_MEASURE(2.E-2),#5);
#2399=PRESENTATION_STYLE_ASSIGNMENT((#2398));
#2400=STYLED_ITEM('',(#2399),#2397);
#2401=DIRECTION('',(0.E0,0.E0,1.E0));
#2402=VECTOR('',#2401,6.E0);
#2403=CARTESIAN_POINT('',(-3.088631216260E0,-7.379726093152E0,0.E0));
#2404=LINE('',#2403,#2402);
#2405=CURVE_STYLE('',#34,POSITIVE_LENGTH_MEASURE(2.E-2),#5);
#2406=PRESENTATION_STYLE_ASSIGNMENT((#2405));
#2407=STYLED_ITEM('',(#2406),#2404);
#2408=DIRECTION('',(0.E0,0.E0,1.E0));
#2409=VECTOR('',#2408,6.E0);
#2410=CARTESIAN_POINT('',(-3.417507581011E0,-7.233300901644E0,0.E0));
#2411=LINE('',#2410,#2409);
#2412=CURVE_STYLE('',#34,POSITIVE_LENGTH_MEASURE(2.E-2),#5);
#2413=PRESENTATION_STYLE_ASSIGNMENT((#2412));
#2414=STYLED_ITEM('',(#2413),#2411);
#2415=DIRECTION('',(0.E0,0.E0,1.E0));
#2416=VECTOR('',#2415,6.E0);
#2417=CARTESIAN_POINT('',(-3.245151003024E0,-6.133195600610E0,0.E0));
#2418=LINE('',#2417,#2416);
#2419=CURVE_STYLE('',#34,POSITIVE_LENGTH_MEASURE(2.E-2),#5);
#2420=PRESENTATION_STYLE_ASSIGNMENT((#2419));
#2421=STYLED_ITEM('',(#2420),#2418);
#2422=DIRECTION('',(0.E0,0.E0,1.E0));
#2423=VECTOR('',#2422,6.E0);
#2424=CARTESIAN_POINT('',(-3.688883531265E0,-5.876920414183E0,0.E0));
#2425=LINE('',#2424,#2423);
#2426=CURVE_STYLE('',#34,POSITIVE_LENGTH_MEASURE(2.E-2),#5);
#2427=PRESENTATION_STYLE_ASSIGNMENT((#2426));
#2428=STYLED_ITEM('',(#2427),#2425);
#2429=DIRECTION('',(0.E0,0.E0,1.E0));
#2430=VECTOR('',#2429,6.E0);
#2431=CARTESIAN_POINT('',(-4.555468543535E0,-6.576298833604E0,0.E0));
#2432=LINE('',#2431,#2430);
#2433=CURVE_STYLE('',#34,POSITIVE_LENGTH_MEASURE(2.E-2),#5);
#2434=PRESENTATION_STYLE_ASSIGNMENT((#2433));
#2435=STYLED_ITEM('',(#2434),#2432);
#2436=DIRECTION('',(0.E0,0.E0,1.E0));
#2437=VECTOR('',#2436,6.E0);
#2438=CARTESIAN_POINT('',(-4.846714661510E0,-6.364696142779E0,0.E0));
#2439=LINE('',#2438,#2437);
#2440=CURVE_STYLE('',#34,POSITIVE_LENGTH_MEASURE(2.E-2),#5);
#2441=PRESENTATION_STYLE_ASSIGNMENT((#2440));
#2442=STYLED_ITEM('',(#2441),#2439);
#2443=DIRECTION('',(0.E0,0.E0,1.E0));
#2444=VECTOR('',#2443,6.E0);
#2445=CARTESIAN_POINT('',(-4.449260902977E0,-5.324274051737E0,0.E0));
#2446=LINE('',#2445,#2444);
#2447=CURVE_STYLE('',#34,POSITIVE_LENGTH_MEASURE(2.E-2),#5);
#2448=PRESENTATION_STYLE_ASSIGNMENT((#2447));
#2449=STYLED_ITEM('',(#2448),#2446);
#2450=DIRECTION('',(0.E0,0.E0,1.E0));
#2451=VECTOR('',#2450,6.E0);
#2452=CARTESIAN_POINT('',(-4.829958061866E0,-4.981358539369E0,0.E0));
#2453=LINE('',#2452,#2451);
#2454=CURVE_STYLE('',#34,POSITIVE_LENGTH_MEASURE(2.E-2),#5);
#2455=PRESENTATION_STYLE_ASSIGNMENT((#2454));
#2456=STYLED_ITEM('',(#2455),#2453);
#2457=DIRECTION('',(0.E0,0.E0,1.E0));
#2458=VECTOR('',#2457,6.E0);
#2459=CARTESIAN_POINT('',(-5.823210035895E0,-5.485455758445E0,0.E0));
#2460=LINE('',#2459,#2458);
#2461=CURVE_STYLE('',#34,POSITIVE_LENGTH_MEASURE(2.E-2),#5);
#2462=PRESENTATION_STYLE_ASSIGNMENT((#2461));
#2463=STYLED_ITEM('',(#2462),#2460);
#2464=DIRECTION('',(0.E0,0.E0,1.E0));
#2465=VECTOR('',#2464,6.E0);
#2466=CARTESIAN_POINT('',(-6.064097054184E0,-5.217923621273E0,0.E0));
#2467=LINE('',#2466,#2465);
#2468=CURVE_STYLE('',#34,POSITIVE_LENGTH_MEASURE(2.E-2),#5);
#2469=PRESENTATION_STYLE_ASSIGNMENT((#2468));
#2470=STYLED_ITEM('',(#2469),#2467);
#2471=DIRECTION('',(0.E0,0.E0,1.E0));
#2472=VECTOR('',#2471,6.E0);
#2473=CARTESIAN_POINT('',(-5.458786489466E0,-4.282668302106E0,0.E0));
#2474=LINE('',#2473,#2472);
#2475=CURVE_STYLE('',#34,POSITIVE_LENGTH_MEASURE(2.E-2),#5);
#2476=PRESENTATION_STYLE_ASSIGNMENT((#2475));
#2477=STYLED_ITEM('',(#2476),#2474);
#2478=DIRECTION('',(0.E0,0.E0,1.E0));
#2479=VECTOR('',#2478,6.E0);
#2480=CARTESIAN_POINT('',(-5.759812273872E0,-3.868136660915E0,0.E0));
#2481=LINE('',#2480,#2479);
#2482=CURVE_STYLE('',#34,POSITIVE_LENGTH_MEASURE(2.E-2),#5);
#2483=PRESENTATION_STYLE_ASSIGNMENT((#2482));
#2484=STYLED_ITEM('',(#2483),#2481);
#2485=DIRECTION('',(0.E0,0.E0,1.E0));
#2486=VECTOR('',#2485,6.E0);
#2487=CARTESIAN_POINT('',(-6.836449306824E0,-4.154871944504E0,0.E0));
#2488=LINE('',#2487,#2486);
#2489=CURVE_STYLE('',#34,POSITIVE_LENGTH_MEASURE(2.E-2),#5);
#2490=PRESENTATION_STYLE_ASSIGNMENT((#2489));
#2491=STYLED_ITEM('',(#2490),#2488);
#2492=DIRECTION('',(0.E0,0.E0,1.E0));
#2493=VECTOR('',#2492,6.E0);
#2494=CARTESIAN_POINT('',(-7.016449306824E0,-3.843102799142E0,0.E0));
#2495=LINE('',#2494,#2493);
#2496=CURVE_STYLE('',#34,POSITIVE_LENGTH_MEASURE(2.E-2),#5);
#2497=PRESENTATION_STYLE_ASSIGNMENT((#2496));
#2498=STYLED_ITEM('',(#2497),#2495);
#2499=DIRECTION('',(0.E0,0.E0,1.E0));
#2500=VECTOR('',#2499,6.E0);
#2501=CARTESIAN_POINT('',(-6.229604575161E0,-3.053956064850E0,0.E0));
#2502=LINE('',#2501,#2500);
#2503=CURVE_STYLE('',#34,POSITIVE_LENGTH_MEASURE(2.E-2),#5);
#2504=PRESENTATION_STYLE_ASSIGNMENT((#2503));
#2505=STYLED_ITEM('',(#2504),#2502);
#2506=DIRECTION('',(0.E0,0.E0,1.E0));
#2507=VECTOR('',#2506,6.E0);
#2508=CARTESIAN_POINT('',(-6.437820451295E0,-2.585960754700E0,0.E0));
#2509=LINE('',#2508,#2507);
#2510=CURVE_STYLE('',#34,POSITIVE_LENGTH_MEASURE(2.E-2),#5);
#2511=PRESENTATION_STYLE_ASSIGNMENT((#2510));
#2512=STYLED_ITEM('',(#2511),#2509);
#2513=DIRECTION('',(0.E0,0.E0,1.E0));
#2514=VECTOR('',#2513,6.E0);
#2515=CARTESIAN_POINT('',(-7.550902938121E0,-2.642700289301E0,0.E0));
#2516=LINE('',#2515,#2514);
#2517=CURVE_STYLE('',#34,POSITIVE_LENGTH_MEASURE(2.E-2),#5);
#2518=PRESENTATION_STYLE_ASSIGNMENT((#2517));
#2519=STYLED_ITEM('',(#2518),#2516);
#2520=DIRECTION('',(0.E0,0.E0,1.E0));
#2521=VECTOR('',#2520,6.E0);
#2522=CARTESIAN_POINT('',(-7.662149056096E0,-2.300319943435E0,0.E0));
#2523=LINE('',#2522,#2521);
#2524=CURVE_STYLE('',#34,POSITIVE_LENGTH_MEASURE(2.E-2),#5);
#2525=PRESENTATION_STYLE_ASSIGNMENT((#2524));
#2526=STYLED_ITEM('',(#2525),#2523);
#2527=DIRECTION('',(0.E0,0.E0,1.E0));
#2528=VECTOR('',#2527,6.E0);
#2529=CARTESIAN_POINT('',(-6.728047011871E0,-1.691888632125E0,0.E0));
#2530=LINE('',#2529,#2528);
#2531=CURVE_STYLE('',#34,POSITIVE_LENGTH_MEASURE(2.E-2),#5);
#2532=PRESENTATION_STYLE_ASSIGNMENT((#2531));
#2533=STYLED_ITEM('',(#2532),#2530);
#2534=DIRECTION('',(0.E0,0.E0,1.E0));
#2535=VECTOR('',#2534,6.E0);
#2536=CARTESIAN_POINT('',(-6.833984139191E0,-1.190904272768E0,0.E0));
#2537=LINE('',#2536,#2535);
#2538=CURVE_STYLE('',#34,POSITIVE_LENGTH_MEASURE(2.E-2),#5);
#2539=PRESENTATION_STYLE_ASSIGNMENT((#2538));
#2540=STYLED_ITEM('',(#2539),#2537);
#2541=DIRECTION('',(0.E0,0.E0,1.E0));
#2542=VECTOR('',#2541,6.E0);
#2543=CARTESIAN_POINT('',(-7.935345877770E0,-1.015029950373E0,0.E0));
#2544=LINE('',#2543,#2542);
#2545=CURVE_STYLE('',#34,POSITIVE_LENGTH_MEASURE(2.E-2),#5);
#2546=PRESENTATION_STYLE_ASSIGNMENT((#2545));
#2547=STYLED_ITEM('',(#2546),#2544);
#2548=DIRECTION('',(0.E0,0.E0,1.E0));
#2549=VECTOR('',#2548,6.E0);
#2550=CARTESIAN_POINT('',(-7.972976124547E0,-6.570020680405E-1,0.E0));
#2551=LINE('',#2550,#2549);
#2552=CURVE_STYLE('',#34,POSITIVE_LENGTH_MEASURE(2.E-2),#5);
#2553=PRESENTATION_STYLE_ASSIGNMENT((#2552));
#2554=STYLED_ITEM('',(#2553),#2551);
#2555=DIRECTION('',(5.788625981040E-5,1.128179211999E-5,9.999999982610E-1));
#2556=VECTOR('',#2555,6.000000010434E0);
#2557=CARTESIAN_POINT('',(-6.932367895801E0,-2.560639376091E-1,0.E0));
#2558=LINE('',#2557,#2556);
#2559=CURVE_STYLE('',#34,POSITIVE_LENGTH_MEASURE(2.E-2),#5);
#2560=PRESENTATION_STYLE_ASSIGNMENT((#2559));
#2561=STYLED_ITEM('',(#2560),#2558);
#2562=DIRECTION('',(-5.375311262967E-5,1.047465347686E-5,9.999999985004E-1));
#2563=VECTOR('',#2562,6.000000008997E0);
#2564=CARTESIAN_POINT('',(-6.931896401433E0,2.559831086844E-1,0.E0));
#2565=LINE('',#2564,#2563);
#2566=CURVE_STYLE('',#34,POSITIVE_LENGTH_MEASURE(2.E-2),#5);
#2567=PRESENTATION_STYLE_ASSIGNMENT((#2566));
#2568=STYLED_ITEM('',(#2567),#2565);
#2569=DIRECTION('',(0.E0,0.E0,1.E0));
#2570=VECTOR('',#2569,6.E0);
#2571=CARTESIAN_POINT('',(-7.972976124547E0,6.570020680406E-1,0.E0));
#2572=LINE('',#2571,#2570);
#2573=CURVE_STYLE('',#34,POSITIVE_LENGTH_MEASURE(2.E-2),#5);
#2574=PRESENTATION_STYLE_ASSIGNMENT((#2573));
#2575=STYLED_ITEM('',(#2574),#2572);
#2576=DIRECTION('',(0.E0,0.E0,1.E0));
#2577=VECTOR('',#2576,6.E0);
#2578=CARTESIAN_POINT('',(-7.935345877770E0,1.015029950373E0,0.E0));
#2579=LINE('',#2578,#2577);
#2580=CURVE_STYLE('',#34,POSITIVE_LENGTH_MEASURE(2.E-2),#5);
#2581=PRESENTATION_STYLE_ASSIGNMENT((#2580));
#2582=STYLED_ITEM('',(#2581),#2579);
#2583=DIRECTION('',(4.710095819149E-5,-8.025784087294E-7,9.999999988904E-1));
#2584=VECTOR('',#2583,6.000000006657E0);
#2585=CARTESIAN_POINT('',(-6.833695581620E0,1.190814157731E0,0.E0));
#2586=LINE('',#2585,#2584);
#2587=CURVE_STYLE('',#34,POSITIVE_LENGTH_MEASURE(2.E-2),#5);
#2588=PRESENTATION_STYLE_ASSIGNMENT((#2587));
#2589=STYLED_ITEM('',(#2588),#2586);
#2590=DIRECTION('',(-3.956409828703E-5,1.681204802607E-5,9.999999990760E-1));
#2591=VECTOR('',#2590,6.000000005544E0);
#2592=CARTESIAN_POINT('',(-6.726863055825E0,1.691503194962E0,0.E0));
#2593=LINE('',#2592,#2591);
#2594=CURVE_STYLE('',#34,POSITIVE_LENGTH_MEASURE(2.E-2),#5);
#2595=PRESENTATION_STYLE_ASSIGNMENT((#2594));
#2596=STYLED_ITEM('',(#2595),#2593);
#2597=DIRECTION('',(0.E0,0.E0,1.E0));
#2598=VECTOR('',#2597,6.E0);
#2599=CARTESIAN_POINT('',(-7.662149056096E0,2.300319943435E0,0.E0));
#2600=LINE('',#2599,#2598);
#2601=CURVE_STYLE('',#34,POSITIVE_LENGTH_MEASURE(2.E-2),#5);
#2602=PRESENTATION_STYLE_ASSIGNMENT((#2601));
#2603=STYLED_ITEM('',(#2602),#2600);
#2604=DIRECTION('',(0.E0,0.E0,1.E0));
#2605=VECTOR('',#2604,6.E0);
#2606=CARTESIAN_POINT('',(-7.550902938121E0,2.642700289301E0,0.E0));
#2607=LINE('',#2606,#2605);
#2608=CURVE_STYLE('',#34,POSITIVE_LENGTH_MEASURE(2.E-2),#5);
#2609=PRESENTATION_STYLE_ASSIGNMENT((#2608));
#2610=STYLED_ITEM('',(#2609),#2607);
#2611=DIRECTION('',(3.472837497783E-5,-8.005352079403E-6,9.999999993649E-1));
#2612=VECTOR('',#2611,6.000000003810E0);
#2613=CARTESIAN_POINT('',(-6.436388169445E0,2.585476814598E0,0.E0));
#2614=LINE('',#2613,#2612);
#2615=CURVE_STYLE('',#34,POSITIVE_LENGTH_MEASURE(2.E-2),#5);
#2616=PRESENTATION_STYLE_ASSIGNMENT((#2615));
#2617=STYLED_ITEM('',(#2616),#2614);
#2618=DIRECTION('',(-2.603710777813E-5,1.824343607814E-5,9.999999994946E-1));
#2619=VECTOR('',#2618,6.000000003032E0);
#2620=CARTESIAN_POINT('',(-6.227894175172E0,3.052967138017E0,0.E0));
#2621=LINE('',#2620,#2619);
#2622=CURVE_STYLE('',#34,POSITIVE_LENGTH_MEASURE(2.E-2),#5);
#2623=PRESENTATION_STYLE_ASSIGNMENT((#2622));
#2624=STYLED_ITEM('',(#2623),#2621);
#2625=DIRECTION('',(0.E0,0.E0,1.E0));
#2626=VECTOR('',#2625,6.E0);
#2627=CARTESIAN_POINT('',(-7.016449306824E0,3.843102799142E0,0.E0));
#2628=LINE('',#2627,#2626);
#2629=CURVE_STYLE('',#34,POSITIVE_LENGTH_MEASURE(2.E-2),#5);
#2630=PRESENTATION_STYLE_ASSIGNMENT((#2629));
#2631=STYLED_ITEM('',(#2630),#2628);
#2632=DIRECTION('',(0.E0,0.E0,1.E0));
#2633=VECTOR('',#2632,6.E0);
#2634=CARTESIAN_POINT('',(-6.836449306824E0,4.154871944504E0,0.E0));
#2635=LINE('',#2634,#2633);
#2636=CURVE_STYLE('',#34,POSITIVE_LENGTH_MEASURE(2.E-2),#5);
#2637=PRESENTATION_STYLE_ASSIGNMENT((#2636));
#2638=STYLED_ITEM('',(#2637),#2635);
#2639=DIRECTION('',(2.275130769803E-5,-1.060177426003E-5,9.999999996850E-1));
#2640=VECTOR('',#2639,6.000000001890E0);
#2641=CARTESIAN_POINT('',(-5.757858754460E0,3.866995390409E0,0.E0));
#2642=LINE('',#2641,#2640);
#2643=CURVE_STYLE('',#34,POSITIVE_LENGTH_MEASURE(2.E-2),#5);
#2644=PRESENTATION_STYLE_ASSIGNMENT((#2643));
#2645=STYLED_ITEM('',(#2644),#2642);
#2646=DIRECTION('',(-1.479204083376E-5,1.587020503587E-5,9.999999997647E-1));
#2647=VECTOR('',#2646,6.000000001412E0);
#2648=CARTESIAN_POINT('',(-5.456829665035E0,4.280904054131E0,0.E0));
#2649=LINE('',#2648,#2647);
#2650=CURVE_STYLE('',#34,POSITIVE_LENGTH_MEASURE(2.E-2),#5);
#2651=PRESENTATION_STYLE_ASSIGNMENT((#2650));
#2652=STYLED_ITEM('',(#2651),#2649);
#2653=DIRECTION('',(0.E0,0.E0,1.E0));
#2654=VECTOR('',#2653,6.E0);
#2655=CARTESIAN_POINT('',(-6.064097054184E0,5.217923621273E0,0.E0));
#2656=LINE('',#2655,#2654);
#2657=CURVE_STYLE('',#34,POSITIVE_LENGTH_MEASURE(2.E-2),#5);
#2658=PRESENTATION_STYLE_ASSIGNMENT((#2657));
#2659=STYLED_ITEM('',(#2658),#2656);
#2660=DIRECTION('',(0.E0,0.E0,1.E0));
#2661=VECTOR('',#2660,6.E0);
#2662=CARTESIAN_POINT('',(-5.823210035895E0,5.485455758445E0,0.E0));
#2663=LINE('',#2662,#2661);
#2664=CURVE_STYLE('',#34,POSITIVE_LENGTH_MEASURE(2.E-2),#5);
#2665=PRESENTATION_STYLE_ASSIGNMENT((#2664));
#2666=STYLED_ITEM('',(#2665),#2663);
#2667=DIRECTION('',(1.274174159679E-5,-9.597552314185E-6,9.999999998728E-1));
#2668=VECTOR('',#2667,6.000000000763E0);
#2669=CARTESIAN_POINT('',(-4.827796686016E0,4.979403869213E0,0.E0));
#2670=LINE('',#2669,#2668);
#2671=CURVE_STYLE('',#34,POSITIVE_LENGTH_MEASURE(2.E-2),#5);
#2672=PRESENTATION_STYLE_ASSIGNMENT((#2671));
#2673=STYLED_ITEM('',(#2672),#2670);
#2674=DIRECTION('',(-6.983333072838E-6,1.107040270840E-5,9.999999999143E-1));
#2675=VECTOR('',#2674,6.000000000514E0);
#2676=CARTESIAN_POINT('',(-4.447385646541E0,5.321689342691E0,0.E0));
#2677=LINE('',#2676,#2675);
#2678=CURVE_STYLE('',#34,POSITIVE_LENGTH_MEASURE(2.E-2),#5);
#2679=PRESENTATION_STYLE_ASSIGNMENT((#2678));
#2680=STYLED_ITEM('',(#2679),#2677);
#2681=DIRECTION('',(0.E0,0.E0,1.E0));
#2682=VECTOR('',#2681,6.E0);
#2683=CARTESIAN_POINT('',(-4.846714661510E0,6.364696142779E0,0.E0));
#2684=LINE('',#2683,#2682);
#2685=CURVE_STYLE('',#34,POSITIVE_LENGTH_MEASURE(2.E-2),#5);
#2686=PRESENTATION_STYLE_ASSIGNMENT((#2685));
#2687=STYLED_ITEM('',(#2686),#2684);
#2688=DIRECTION('',(0.E0,0.E0,1.E0));
#2689=VECTOR('',#2688,6.E0);
#2690=CARTESIAN_POINT('',(-4.555468543535E0,6.576298833604E0,0.E0));
#2691=LINE('',#2690,#2689);
#2692=CURVE_STYLE('',#34,POSITIVE_LENGTH_MEASURE(2.E-2),#5);
#2693=PRESENTATION_STYLE_ASSIGNMENT((#2692));
#2694=STYLED_ITEM('',(#2693),#2691);
#2695=DIRECTION('',(5.475796438747E-6,-6.583009023878E-6,9.999999999633E-1));
#2696=VECTOR('',#2695,6.000000000220E0);
#2697=CARTESIAN_POINT('',(-3.686863251121E0,5.874138037543E0,0.E0));
#2698=LINE('',#2697,#2696);
#2699=CURVE_STYLE('',#34,POSITIVE_LENGTH_MEASURE(2.E-2),#5);
#2700=PRESENTATION_STYLE_ASSIGNMENT((#2699));
#2701=STYLED_ITEM('',(#2700),#2698);
#2702=DIRECTION('',(-2.237884323362E-6,6.067051854263E-6,9.999999999791E-1));
#2703=VECTOR('',#2702,6.000000000125E0);
#2704=CARTESIAN_POINT('',(-3.243677979182E0,6.129881062565E0,0.E0));
#2705=LINE('',#2704,#2703);
#2706=CURVE_STYLE('',#34,POSITIVE_LENGTH_MEASURE(2.E-2),#5);
#2707=PRESENTATION_STYLE_ASSIGNMENT((#2706));
#2708=STYLED_ITEM('',(#2707),#2705);
#2709=DIRECTION('',(0.E0,0.E0,1.E0));
#2710=VECTOR('',#2709,6.E0);
#2711=CARTESIAN_POINT('',(-3.417507581011E0,7.233300901644E0,0.E0));
#2712=LINE('',#2711,#2710);
#2713=CURVE_STYLE('',#34,POSITIVE_LENGTH_MEASURE(2.E-2),#5);
#2714=PRESENTATION_STYLE_ASSIGNMENT((#2713));
#2715=STYLED_ITEM('',(#2714),#2712);
#2716=DIRECTION('',(0.E0,0.E0,1.E0));
#2717=VECTOR('',#2716,6.E0);
#2718=CARTESIAN_POINT('',(-3.088631216260E0,7.379726093152E0,0.E0));
#2719=LINE('',#2718,#2717);
#2720=CURVE_STYLE('',#34,POSITIVE_LENGTH_MEASURE(2.E-2),#5);
#2721=PRESENTATION_STYLE_ASSIGNMENT((#2720));
#2722=STYLED_ITEM('',(#2721),#2719);
#2723=DIRECTION('',(0.E0,0.E0,1.E0));
#2724=VECTOR('',#2723,6.E0);
#2725=CARTESIAN_POINT('',(-2.384922911776E0,6.512155296169E0,0.E0));
#2726=LINE('',#2725,#2724);
#2727=CURVE_STYLE('',#34,POSITIVE_LENGTH_MEASURE(2.E-2),#5);
#2728=PRESENTATION_STYLE_ASSIGNMENT((#2727));
#2729=STYLED_ITEM('',(#2728),#2726);
#2730=CARTESIAN_POINT('',(1.8E-1,7.997974743646E0,0.E0));
#2731=CARTESIAN_POINT('',(-1.8E-1,7.997974743646E0,0.E0));
#2732=VERTEX_POINT('',#2730);
#2733=VERTEX_POINT('',#2731);
#2734=CARTESIAN_POINT('',(1.8E-1,7.997974743646E0,6.E0));
#2735=CARTESIAN_POINT('',(-1.8E-1,7.997974743646E0,6.E0));
#2736=VERTEX_POINT('',#2734);
#2737=VERTEX_POINT('',#2735);
#2738=CARTESIAN_POINT('',(-4.7E-1,6.919055210070E0,0.E0));
#2739=CARTESIAN_POINT('',(-4.7E-1,6.919055210070E0,6.E0));
#2740=VERTEX_POINT('',#2738);
#2741=VERTEX_POINT('',#2739);
#2742=CARTESIAN_POINT('',(4.7E-1,6.919055210070E0,0.E0));
#2743=CARTESIAN_POINT('',(4.7E-1,6.919055210070E0,6.E0));
#2744=VERTEX_POINT('',#2742);
#2745=VERTEX_POINT('',#2743);
#2746=CARTESIAN_POINT('',(6.833703660036E0,1.190765215407E0,6.E0));
#2747=CARTESIAN_POINT('',(6.727118183060E0,1.691531879931E0,6.E0));
#2748=VERTEX_POINT('',#2746);
#2749=VERTEX_POINT('',#2747);
#2750=CARTESIAN_POINT('',(6.833681037107E0,1.190894818840E0,0.E0));
#2751=CARTESIAN_POINT('',(6.727088983780E0,1.691647860578E0,0.E0));
#2752=VERTEX_POINT('',#2750);
#2753=VERTEX_POINT('',#2751);
#2754=CARTESIAN_POINT('',(-1.486805883937E0,7.860623910574E0,0.E0));
#2755=CARTESIAN_POINT('',(-1.838939020201E0,7.785775701880E0,0.E0));
#2756=VERTEX_POINT('',#2754);
#2757=VERTEX_POINT('',#2755);
#2758=CARTESIAN_POINT('',(-1.486805883937E0,7.860623910574E0,6.E0));
#2759=CARTESIAN_POINT('',(-1.838939020201E0,7.785775701880E0,6.E0));
#2760=VERTEX_POINT('',#2758);
#2761=VERTEX_POINT('',#2759);
#2762=CARTESIAN_POINT('',(-3.088631216260E0,7.379726093152E0,0.E0));
#2763=CARTESIAN_POINT('',(-3.417507581011E0,7.233300901644E0,0.E0));
#2764=VERTEX_POINT('',#2762);
#2765=VERTEX_POINT('',#2763);
#2766=CARTESIAN_POINT('',(-3.088631216260E0,7.379726093152E0,6.E0));
#2767=CARTESIAN_POINT('',(-3.417507581011E0,7.233300901644E0,6.E0));
#2768=VERTEX_POINT('',#2766);
#2769=VERTEX_POINT('',#2767);
#2770=CARTESIAN_POINT('',(-4.555468543535E0,6.576298833604E0,0.E0));
#2771=CARTESIAN_POINT('',(-4.846714661510E0,6.364696142779E0,0.E0));
#2772=VERTEX_POINT('',#2770);
#2773=VERTEX_POINT('',#2771);
#2774=CARTESIAN_POINT('',(-4.555468543535E0,6.576298833604E0,6.E0));
#2775=CARTESIAN_POINT('',(-4.846714661510E0,6.364696142779E0,6.E0));
#2776=VERTEX_POINT('',#2774);
#2777=VERTEX_POINT('',#2775);
#2778=CARTESIAN_POINT('',(-5.823210035895E0,5.485455758445E0,0.E0));
#2779=CARTESIAN_POINT('',(-6.064097054184E0,5.217923621273E0,0.E0));
#2780=VERTEX_POINT('',#2778);
#2781=VERTEX_POINT('',#2779);
#2782=CARTESIAN_POINT('',(-5.823210035895E0,5.485455758445E0,6.E0));
#2783=CARTESIAN_POINT('',(-6.064097054184E0,5.217923621273E0,6.E0));
#2784=VERTEX_POINT('',#2782);
#2785=VERTEX_POINT('',#2783);
#2786=CARTESIAN_POINT('',(-6.836449306824E0,4.154871944504E0,0.E0));
#2787=CARTESIAN_POINT('',(-7.016449306824E0,3.843102799142E0,0.E0));
#2788=VERTEX_POINT('',#2786);
#2789=VERTEX_POINT('',#2787);
#2790=CARTESIAN_POINT('',(-6.836449306824E0,4.154871944504E0,6.E0));
#2791=CARTESIAN_POINT('',(-7.016449306824E0,3.843102799142E0,6.E0));
#2792=VERTEX_POINT('',#2790);
#2793=VERTEX_POINT('',#2791);
#2794=CARTESIAN_POINT('',(-7.550902938121E0,2.642700289301E0,0.E0));
#2795=CARTESIAN_POINT('',(-7.662149056096E0,2.300319943435E0,0.E0));
#2796=VERTEX_POINT('',#2794);
#2797=VERTEX_POINT('',#2795);
#2798=CARTESIAN_POINT('',(-7.550902938121E0,2.642700289301E0,6.E0));
#2799=CARTESIAN_POINT('',(-7.662149056096E0,2.300319943435E0,6.E0));
#2800=VERTEX_POINT('',#2798);
#2801=VERTEX_POINT('',#2799);
#2802=CARTESIAN_POINT('',(-7.935345877770E0,1.015029950373E0,0.E0));
#2803=CARTESIAN_POINT('',(-7.972976124547E0,6.570020680406E-1,0.E0));
#2804=VERTEX_POINT('',#2802);
#2805=VERTEX_POINT('',#2803);
#2806=CARTESIAN_POINT('',(-7.935345877770E0,1.015029950373E0,6.E0));
#2807=CARTESIAN_POINT('',(-7.972976124547E0,6.570020680406E-1,6.E0));
#2808=VERTEX_POINT('',#2806);
#2809=VERTEX_POINT('',#2807);
#2810=CARTESIAN_POINT('',(-7.972976124547E0,-6.570020680405E-1,0.E0));
#2811=CARTESIAN_POINT('',(-7.935345877770E0,-1.015029950373E0,0.E0));
#2812=VERTEX_POINT('',#2810);
#2813=VERTEX_POINT('',#2811);
#2814=CARTESIAN_POINT('',(-7.972976124547E0,-6.570020680405E-1,6.E0));
#2815=CARTESIAN_POINT('',(-7.935345877770E0,-1.015029950373E0,6.E0));
#2816=VERTEX_POINT('',#2814);
#2817=VERTEX_POINT('',#2815);
#2818=CARTESIAN_POINT('',(-7.662149056096E0,-2.300319943435E0,0.E0));
#2819=CARTESIAN_POINT('',(-7.550902938121E0,-2.642700289301E0,0.E0));
#2820=VERTEX_POINT('',#2818);
#2821=VERTEX_POINT('',#2819);
#2822=CARTESIAN_POINT('',(-7.662149056096E0,-2.300319943435E0,6.E0));
#2823=CARTESIAN_POINT('',(-7.550902938121E0,-2.642700289301E0,6.E0));
#2824=VERTEX_POINT('',#2822);
#2825=VERTEX_POINT('',#2823);
#2826=CARTESIAN_POINT('',(-7.016449306824E0,-3.843102799142E0,0.E0));
#2827=CARTESIAN_POINT('',(-6.836449306824E0,-4.154871944504E0,0.E0));
#2828=VERTEX_POINT('',#2826);
#2829=VERTEX_POINT('',#2827);
#2830=CARTESIAN_POINT('',(-7.016449306824E0,-3.843102799142E0,6.E0));
#2831=CARTESIAN_POINT('',(-6.836449306824E0,-4.154871944504E0,6.E0));
#2832=VERTEX_POINT('',#2830);
#2833=VERTEX_POINT('',#2831);
#2834=CARTESIAN_POINT('',(-6.064097054184E0,-5.217923621273E0,0.E0));
#2835=CARTESIAN_POINT('',(-5.823210035895E0,-5.485455758445E0,0.E0));
#2836=VERTEX_POINT('',#2834);
#2837=VERTEX_POINT('',#2835);
#2838=CARTESIAN_POINT('',(-6.064097054184E0,-5.217923621273E0,6.E0));
#2839=CARTESIAN_POINT('',(-5.823210035895E0,-5.485455758445E0,6.E0));
#2840=VERTEX_POINT('',#2838);
#2841=VERTEX_POINT('',#2839);
#2842=CARTESIAN_POINT('',(-4.846714661510E0,-6.364696142779E0,0.E0));
#2843=CARTESIAN_POINT('',(-4.555468543535E0,-6.576298833604E0,0.E0));
#2844=VERTEX_POINT('',#2842);
#2845=VERTEX_POINT('',#2843);
#2846=CARTESIAN_POINT('',(-4.846714661510E0,-6.364696142779E0,6.E0));
#2847=CARTESIAN_POINT('',(-4.555468543535E0,-6.576298833604E0,6.E0));
#2848=VERTEX_POINT('',#2846);
#2849=VERTEX_POINT('',#2847);
#2850=CARTESIAN_POINT('',(-3.417507581011E0,-7.233300901644E0,0.E0));
#2851=CARTESIAN_POINT('',(-3.088631216260E0,-7.379726093152E0,0.E0));
#2852=VERTEX_POINT('',#2850);
#2853=VERTEX_POINT('',#2851);
#2854=CARTESIAN_POINT('',(-3.417507581011E0,-7.233300901644E0,6.E0));
#2855=CARTESIAN_POINT('',(-3.088631216260E0,-7.379726093152E0,6.E0));
#2856=VERTEX_POINT('',#2854);
#2857=VERTEX_POINT('',#2855);
#2858=CARTESIAN_POINT('',(-1.838939020201E0,-7.785775701880E0,0.E0));
#2859=CARTESIAN_POINT('',(-1.486805883937E0,-7.860623910574E0,0.E0));
#2860=VERTEX_POINT('',#2858);
#2861=VERTEX_POINT('',#2859);
#2862=CARTESIAN_POINT('',(-1.838939020201E0,-7.785775701880E0,6.E0));
#2863=CARTESIAN_POINT('',(-1.486805883937E0,-7.860623910574E0,6.E0));
#2864=VERTEX_POINT('',#2862);
#2865=VERTEX_POINT('',#2863);
#2866=CARTESIAN_POINT('',(-1.8E-1,-7.997974743646E0,0.E0));
#2867=CARTESIAN_POINT('',(1.8E-1,-7.997974743646E0,0.E0));
#2868=VERTEX_POINT('',#2866);
#2869=VERTEX_POINT('',#2867);
#2870=CARTESIAN_POINT('',(-1.8E-1,-7.997974743646E0,6.E0));
#2871=CARTESIAN_POINT('',(1.8E-1,-7.997974743646E0,6.E0));
#2872=VERTEX_POINT('',#2870);
#2873=VERTEX_POINT('',#2871);
#2874=CARTESIAN_POINT('',(1.486805883937E0,-7.860623910574E0,0.E0));
#2875=CARTESIAN_POINT('',(1.838939020201E0,-7.785775701880E0,0.E0));
#2876=VERTEX_POINT('',#2874);
#2877=VERTEX_POINT('',#2875);
#2878=CARTESIAN_POINT('',(1.486805883937E0,-7.860623910574E0,6.E0));
#2879=CARTESIAN_POINT('',(1.838939020201E0,-7.785775701880E0,6.E0));
#2880=VERTEX_POINT('',#2878);
#2881=VERTEX_POINT('',#2879);
#2882=CARTESIAN_POINT('',(3.088631216260E0,-7.379726093152E0,0.E0));
#2883=CARTESIAN_POINT('',(3.417507581011E0,-7.233300901644E0,0.E0));
#2884=VERTEX_POINT('',#2882);
#2885=VERTEX_POINT('',#2883);
#2886=CARTESIAN_POINT('',(3.088631216260E0,-7.379726093152E0,6.E0));
#2887=CARTESIAN_POINT('',(3.417507581011E0,-7.233300901644E0,6.E0));
#2888=VERTEX_POINT('',#2886);
#2889=VERTEX_POINT('',#2887);
#2890=CARTESIAN_POINT('',(4.555468543535E0,-6.576298833604E0,0.E0));
#2891=CARTESIAN_POINT('',(4.846714661510E0,-6.364696142779E0,0.E0));
#2892=VERTEX_POINT('',#2890);
#2893=VERTEX_POINT('',#2891);
#2894=CARTESIAN_POINT('',(4.555468543535E0,-6.576298833604E0,6.E0));
#2895=CARTESIAN_POINT('',(4.846714661510E0,-6.364696142779E0,6.E0));
#2896=VERTEX_POINT('',#2894);
#2897=VERTEX_POINT('',#2895);
#2898=CARTESIAN_POINT('',(5.823210035895E0,-5.485455758445E0,0.E0));
#2899=CARTESIAN_POINT('',(6.064097054184E0,-5.217923621273E0,0.E0));
#2900=VERTEX_POINT('',#2898);
#2901=VERTEX_POINT('',#2899);
#2902=CARTESIAN_POINT('',(5.823210035895E0,-5.485455758445E0,6.E0));
#2903=CARTESIAN_POINT('',(6.064097054184E0,-5.217923621273E0,6.E0));
#2904=VERTEX_POINT('',#2902);
#2905=VERTEX_POINT('',#2903);
#2906=CARTESIAN_POINT('',(6.836449306824E0,-4.154871944504E0,0.E0));
#2907=CARTESIAN_POINT('',(7.016449306824E0,-3.843102799142E0,0.E0));
#2908=VERTEX_POINT('',#2906);
#2909=VERTEX_POINT('',#2907);
#2910=CARTESIAN_POINT('',(6.836449306824E0,-4.154871944504E0,6.E0));
#2911=CARTESIAN_POINT('',(7.016449306824E0,-3.843102799142E0,6.E0));
#2912=VERTEX_POINT('',#2910);
#2913=VERTEX_POINT('',#2911);
#2914=CARTESIAN_POINT('',(7.550902938121E0,-2.642700289301E0,0.E0));
#2915=CARTESIAN_POINT('',(7.662149056096E0,-2.300319943435E0,0.E0));
#2916=VERTEX_POINT('',#2914);
#2917=VERTEX_POINT('',#2915);
#2918=CARTESIAN_POINT('',(7.550902938121E0,-2.642700289301E0,6.E0));
#2919=CARTESIAN_POINT('',(7.662149056096E0,-2.300319943435E0,6.E0));
#2920=VERTEX_POINT('',#2918);
#2921=VERTEX_POINT('',#2919);
#2922=CARTESIAN_POINT('',(7.935345877770E0,-1.015029950373E0,0.E0));
#2923=CARTESIAN_POINT('',(7.972976124547E0,-6.570020680406E-1,0.E0));
#2924=VERTEX_POINT('',#2922);
#2925=VERTEX_POINT('',#2923);
#2926=CARTESIAN_POINT('',(7.935345877770E0,-1.015029950373E0,6.E0));
#2927=CARTESIAN_POINT('',(7.972976124547E0,-6.570020680406E-1,6.E0));
#2928=VERTEX_POINT('',#2926);
#2929=VERTEX_POINT('',#2927);
#2930=CARTESIAN_POINT('',(7.972976124547E0,6.570020680405E-1,0.E0));
#2931=CARTESIAN_POINT('',(7.935345877770E0,1.015029950373E0,0.E0));
#2932=VERTEX_POINT('',#2930);
#2933=VERTEX_POINT('',#2931);
#2934=CARTESIAN_POINT('',(7.972976124547E0,6.570020680405E-1,6.E0));
#2935=CARTESIAN_POINT('',(7.935345877770E0,1.015029950373E0,6.E0));
#2936=VERTEX_POINT('',#2934);
#2937=VERTEX_POINT('',#2935);
#2938=CARTESIAN_POINT('',(7.662149056096E0,2.300319943435E0,0.E0));
#2939=CARTESIAN_POINT('',(7.550902938121E0,2.642700289301E0,0.E0));
#2940=VERTEX_POINT('',#2938);
#2941=VERTEX_POINT('',#2939);
#2942=CARTESIAN_POINT('',(7.662149056096E0,2.300319943435E0,6.E0));
#2943=CARTESIAN_POINT('',(7.550902938121E0,2.642700289301E0,6.E0));
#2944=VERTEX_POINT('',#2942);
#2945=VERTEX_POINT('',#2943);
#2946=CARTESIAN_POINT('',(7.016449306824E0,3.843102799142E0,0.E0));
#2947=CARTESIAN_POINT('',(6.836449306824E0,4.154871944504E0,0.E0));
#2948=VERTEX_POINT('',#2946);
#2949=VERTEX_POINT('',#2947);
#2950=CARTESIAN_POINT('',(7.016449306824E0,3.843102799142E0,6.E0));
#2951=CARTESIAN_POINT('',(6.836449306824E0,4.154871944504E0,6.E0));
#2952=VERTEX_POINT('',#2950);
#2953=VERTEX_POINT('',#2951);
#2954=CARTESIAN_POINT('',(6.064097054184E0,5.217923621273E0,0.E0));
#2955=CARTESIAN_POINT('',(5.823210035895E0,5.485455758445E0,0.E0));
#2956=VERTEX_POINT('',#2954);
#2957=VERTEX_POINT('',#2955);
#2958=CARTESIAN_POINT('',(6.064097054184E0,5.217923621273E0,6.E0));
#2959=CARTESIAN_POINT('',(5.823210035895E0,5.485455758445E0,6.E0));
#2960=VERTEX_POINT('',#2958);
#2961=VERTEX_POINT('',#2959);
#2962=CARTESIAN_POINT('',(4.846714661510E0,6.364696142779E0,0.E0));
#2963=CARTESIAN_POINT('',(4.555468543535E0,6.576298833604E0,0.E0));
#2964=VERTEX_POINT('',#2962);
#2965=VERTEX_POINT('',#2963);
#2966=CARTESIAN_POINT('',(4.846714661510E0,6.364696142779E0,6.E0));
#2967=CARTESIAN_POINT('',(4.555468543535E0,6.576298833604E0,6.E0));
#2968=VERTEX_POINT('',#2966);
#2969=VERTEX_POINT('',#2967);
#2970=CARTESIAN_POINT('',(3.417507581011E0,7.233300901644E0,0.E0));
#2971=CARTESIAN_POINT('',(3.088631216260E0,7.379726093152E0,0.E0));
#2972=VERTEX_POINT('',#2970);
#2973=VERTEX_POINT('',#2971);
#2974=CARTESIAN_POINT('',(3.417507581011E0,7.233300901644E0,6.E0));
#2975=CARTESIAN_POINT('',(3.088631216260E0,7.379726093152E0,6.E0));
#2976=VERTEX_POINT('',#2974);
#2977=VERTEX_POINT('',#2975);
#2978=CARTESIAN_POINT('',(1.838939020201E0,7.785775701880E0,0.E0));
#2979=CARTESIAN_POINT('',(1.486805883937E0,7.860623910574E0,0.E0));
#2980=VERTEX_POINT('',#2978);
#2981=VERTEX_POINT('',#2979);
#2982=CARTESIAN_POINT('',(1.838939020201E0,7.785775701880E0,6.E0));
#2983=CARTESIAN_POINT('',(1.486805883937E0,7.860623910574E0,6.E0));
#2984=VERTEX_POINT('',#2982);
#2985=VERTEX_POINT('',#2983);
#2986=CARTESIAN_POINT('',(-1.898296706598E0,6.670213529615E0,0.E0));
#2987=CARTESIAN_POINT('',(-1.898296706598E0,6.670213529615E0,6.E0));
#2988=VERTEX_POINT('',#2986);
#2989=VERTEX_POINT('',#2987);
#2990=CARTESIAN_POINT('',(-9.788270785191E-1,6.865592396815E0,0.E0));
#2991=CARTESIAN_POINT('',(-9.788270785191E-1,6.865592396815E0,6.E0));
#2992=VERTEX_POINT('',#2990);
#2993=VERTEX_POINT('',#2991);
#2994=CARTESIAN_POINT('',(-3.243677979182E0,6.129881062565E0,0.E0));
#2995=CARTESIAN_POINT('',(-3.243691406487E0,6.129917464876E0,6.E0));
#2996=VERTEX_POINT('',#2994);
#2997=VERTEX_POINT('',#2995);
#2998=CARTESIAN_POINT('',(-2.384922911776E0,6.512155296169E0,0.E0));
#2999=CARTESIAN_POINT('',(-2.384922911776E0,6.512155296169E0,6.E0));
#3000=VERTEX_POINT('',#2998);
#3001=VERTEX_POINT('',#2999);
#3002=CARTESIAN_POINT('',(-4.447385646541E0,5.321689342691E0,0.E0));
#3003=CARTESIAN_POINT('',(-4.447427546540E0,5.321755765107E0,6.E0));
#3004=VERTEX_POINT('',#3002);
#3005=VERTEX_POINT('',#3003);
#3006=CARTESIAN_POINT('',(-3.686863251121E0,5.874138037543E0,0.E0));
#3007=CARTESIAN_POINT('',(-3.686830396343E0,5.874098539489E0,6.E0));
#3008=VERTEX_POINT('',#3006);
#3009=VERTEX_POINT('',#3007);
#3010=CARTESIAN_POINT('',(-5.456829665035E0,4.280904054131E0,0.E0));
#3011=CARTESIAN_POINT('',(-5.456918417280E0,4.280999275361E0,6.E0));
#3012=VERTEX_POINT('',#3010);
#3013=VERTEX_POINT('',#3011);
#3014=CARTESIAN_POINT('',(-4.827796686016E0,4.979403869213E0,0.E0));
#3015=CARTESIAN_POINT('',(-4.827720235567E0,4.979346283899E0,6.E0));
#3016=VERTEX_POINT('',#3014);
#3017=VERTEX_POINT('',#3015);
#3018=CARTESIAN_POINT('',(-6.227894175172E0,3.052967138017E0,0.E0));
#3019=CARTESIAN_POINT('',(-6.228050397819E0,3.053076598633E0,6.E0));
#3020=VERTEX_POINT('',#3018);
#3021=VERTEX_POINT('',#3019);
#3022=CARTESIAN_POINT('',(-5.757858754460E0,3.866995390409E0,0.E0));
#3023=CARTESIAN_POINT('',(-5.757722246614E0,3.866931779764E0,6.E0));
#3024=VERTEX_POINT('',#3022);
#3025=VERTEX_POINT('',#3023);
#3026=CARTESIAN_POINT('',(-6.726863055825E0,1.691503194962E0,0.E0));
#3027=CARTESIAN_POINT('',(-6.727100440415E0,1.691604067250E0,6.E0));
#3028=VERTEX_POINT('',#3026);
#3029=VERTEX_POINT('',#3027);
#3030=CARTESIAN_POINT('',(-6.436388169445E0,2.585476814598E0,0.E0));
#3031=CARTESIAN_POINT('',(-6.436179799195E0,2.585428782485E0,6.E0));
#3032=VERTEX_POINT('',#3030);
#3033=VERTEX_POINT('',#3031);
#3034=CARTESIAN_POINT('',(-6.931896401433E0,2.559831086844E-1,0.E0));
#3035=CARTESIAN_POINT('',(-6.932218920109E0,2.560459566053E-1,6.E0));
#3036=VERTEX_POINT('',#3034);
#3037=VERTEX_POINT('',#3035);
#3038=CARTESIAN_POINT('',(-6.833695581620E0,1.190814157731E0,0.E0));
#3039=CARTESIAN_POINT('',(-6.833412975870E0,1.190809342261E0,6.E0));
#3040=VERTEX_POINT('',#3038);
#3041=VERTEX_POINT('',#3039);
#3042=CARTESIAN_POINT('',(-6.833984139191E0,-1.190904272768E0,0.E0));
#3043=CARTESIAN_POINT('',(-6.833984139191E0,-1.190904272768E0,6.E0));
#3044=VERTEX_POINT('',#3042);
#3045=VERTEX_POINT('',#3043);
#3046=CARTESIAN_POINT('',(-6.932367895801E0,-2.560639376091E-1,0.E0));
#3047=CARTESIAN_POINT('',(-6.932020578242E0,-2.559962468562E-1,6.E0));
#3048=VERTEX_POINT('',#3046);
#3049=VERTEX_POINT('',#3047);
#3050=CARTESIAN_POINT('',(-6.437820451295E0,-2.585960754700E0,0.E0));
#3051=CARTESIAN_POINT('',(-6.437820451295E0,-2.585960754700E0,6.E0));
#3052=VERTEX_POINT('',#3050);
#3053=VERTEX_POINT('',#3051);
#3054=CARTESIAN_POINT('',(-6.728047011871E0,-1.691888632125E0,0.E0));
#3055=CARTESIAN_POINT('',(-6.728047011871E0,-1.691888632125E0,6.E0));
#3056=VERTEX_POINT('',#3054);
#3057=VERTEX_POINT('',#3055);
#3058=CARTESIAN_POINT('',(-5.759812273872E0,-3.868136660915E0,0.E0));
#3059=CARTESIAN_POINT('',(-5.759812273872E0,-3.868136660915E0,6.E0));
#3060=VERTEX_POINT('',#3058);
#3061=VERTEX_POINT('',#3059);
#3062=CARTESIAN_POINT('',(-6.229604575161E0,-3.053956064850E0,0.E0));
#3063=CARTESIAN_POINT('',(-6.229604575161E0,-3.053956064850E0,6.E0));
#3064=VERTEX_POINT('',#3062);
#3065=VERTEX_POINT('',#3063);
#3066=CARTESIAN_POINT('',(-4.829958061866E0,-4.981358539369E0,0.E0));
#3067=CARTESIAN_POINT('',(-4.829958061866E0,-4.981358539369E0,6.E0));
#3068=VERTEX_POINT('',#3066);
#3069=VERTEX_POINT('',#3067);
#3070=CARTESIAN_POINT('',(-5.458786489466E0,-4.282668302106E0,0.E0));
#3071=CARTESIAN_POINT('',(-5.458786489466E0,-4.282668302106E0,6.E0));
#3072=VERTEX_POINT('',#3070);
#3073=VERTEX_POINT('',#3071);
#3074=CARTESIAN_POINT('',(-3.688883531265E0,-5.876920414183E0,0.E0));
#3075=CARTESIAN_POINT('',(-3.688883531265E0,-5.876920414183E0,6.E0));
#3076=VERTEX_POINT('',#3074);
#3077=VERTEX_POINT('',#3075);
#3078=CARTESIAN_POINT('',(-4.449260902977E0,-5.324274051737E0,0.E0));
#3079=CARTESIAN_POINT('',(-4.449260902977E0,-5.324274051737E0,6.E0));
#3080=VERTEX_POINT('',#3078);
#3081=VERTEX_POINT('',#3079);
#3082=CARTESIAN_POINT('',(-2.386468384087E0,-6.515628212819E0,0.E0));
#3083=CARTESIAN_POINT('',(-2.386468384087E0,-6.515628212819E0,6.E0));
#3084=VERTEX_POINT('',#3082);
#3085=VERTEX_POINT('',#3083);
#3086=CARTESIAN_POINT('',(-3.245151003024E0,-6.133195600610E0,0.E0));
#3087=CARTESIAN_POINT('',(-3.245151003024E0,-6.133195600610E0,6.E0));
#3088=VERTEX_POINT('',#3086);
#3089=VERTEX_POINT('',#3087);
#3090=CARTESIAN_POINT('',(-9.796647347449E-1,-6.869522022295E0,0.E0));
#3091=CARTESIAN_POINT('',(-9.796647347449E-1,-6.869522022295E0,6.E0));
#3092=VERTEX_POINT('',#3090);
#3093=VERTEX_POINT('',#3091);
#3094=CARTESIAN_POINT('',(-1.899106257115E0,-6.674030220898E0,0.E0));
#3095=CARTESIAN_POINT('',(-1.899106257115E0,-6.674030220898E0,6.E0));
#3096=VERTEX_POINT('',#3094);
#3097=VERTEX_POINT('',#3095);
#3098=CARTESIAN_POINT('',(4.699972034168E-1,-6.923105912689E0,0.E0));
#3099=CARTESIAN_POINT('',(4.699972034168E-1,-6.923105912689E0,6.E0));
#3100=VERTEX_POINT('',#3098);
#3101=VERTEX_POINT('',#3099);
#3102=CARTESIAN_POINT('',(-4.699972034168E-1,-6.923105912689E0,0.E0));
#3103=CARTESIAN_POINT('',(-4.699972034168E-1,-6.923105912689E0,6.E0));
#3104=VERTEX_POINT('',#3102);
#3105=VERTEX_POINT('',#3103);
#3106=CARTESIAN_POINT('',(1.899106257115E0,-6.674030220898E0,0.E0));
#3107=CARTESIAN_POINT('',(1.899106257115E0,-6.674030220898E0,6.E0));
#3108=VERTEX_POINT('',#3106);
#3109=VERTEX_POINT('',#3107);
#3110=CARTESIAN_POINT('',(9.796647347449E-1,-6.869522022295E0,0.E0));
#3111=CARTESIAN_POINT('',(9.796647347449E-1,-6.869522022295E0,6.E0));
#3112=VERTEX_POINT('',#3110);
#3113=VERTEX_POINT('',#3111);
#3114=CARTESIAN_POINT('',(3.245151003024E0,-6.133195600610E0,0.E0));
#3115=CARTESIAN_POINT('',(3.245151003024E0,-6.133195600610E0,6.E0));
#3116=VERTEX_POINT('',#3114);
#3117=VERTEX_POINT('',#3115);
#3118=CARTESIAN_POINT('',(2.386468384087E0,-6.515628212819E0,0.E0));
#3119=CARTESIAN_POINT('',(2.386468384087E0,-6.515628212819E0,6.E0));
#3120=VERTEX_POINT('',#3118);
#3121=VERTEX_POINT('',#3119);
#3122=CARTESIAN_POINT('',(4.449260902977E0,-5.324274051737E0,0.E0));
#3123=CARTESIAN_POINT('',(4.449260902977E0,-5.324274051737E0,6.E0));
#3124=VERTEX_POINT('',#3122);
#3125=VERTEX_POINT('',#3123);
#3126=CARTESIAN_POINT('',(3.688883531265E0,-5.876920414183E0,0.E0));
#3127=CARTESIAN_POINT('',(3.688883531265E0,-5.876920414183E0,6.E0));
#3128=VERTEX_POINT('',#3126);
#3129=VERTEX_POINT('',#3127);
#3130=CARTESIAN_POINT('',(5.458786489466E0,-4.282668302106E0,0.E0));
#3131=CARTESIAN_POINT('',(5.458786489466E0,-4.282668302106E0,6.E0));
#3132=VERTEX_POINT('',#3130);
#3133=VERTEX_POINT('',#3131);
#3134=CARTESIAN_POINT('',(4.829958061866E0,-4.981358539369E0,0.E0));
#3135=CARTESIAN_POINT('',(4.829958061866E0,-4.981358539369E0,6.E0));
#3136=VERTEX_POINT('',#3134);
#3137=VERTEX_POINT('',#3135);
#3138=CARTESIAN_POINT('',(6.229604575161E0,-3.053956064850E0,0.E0));
#3139=CARTESIAN_POINT('',(6.229604575161E0,-3.053956064850E0,6.E0));
#3140=VERTEX_POINT('',#3138);
#3141=VERTEX_POINT('',#3139);
#3142=CARTESIAN_POINT('',(5.759812273872E0,-3.868136660915E0,0.E0));
#3143=CARTESIAN_POINT('',(5.759812273872E0,-3.868136660915E0,6.E0));
#3144=VERTEX_POINT('',#3142);
#3145=VERTEX_POINT('',#3143);
#3146=CARTESIAN_POINT('',(6.728047011871E0,-1.691888632125E0,0.E0));
#3147=CARTESIAN_POINT('',(6.728047011871E0,-1.691888632125E0,6.E0));
#3148=VERTEX_POINT('',#3146);
#3149=VERTEX_POINT('',#3147);
#3150=CARTESIAN_POINT('',(6.437820451295E0,-2.585960754700E0,0.E0));
#3151=CARTESIAN_POINT('',(6.437820451295E0,-2.585960754700E0,6.E0));
#3152=VERTEX_POINT('',#3150);
#3153=VERTEX_POINT('',#3151);
#3154=CARTESIAN_POINT('',(6.932020578242E0,-2.559962468562E-1,0.E0));
#3155=CARTESIAN_POINT('',(6.932367895801E0,-2.560639376091E-1,6.E0));
#3156=VERTEX_POINT('',#3154);
#3157=VERTEX_POINT('',#3155);
#3158=CARTESIAN_POINT('',(6.834384081966E0,-1.190910887054E0,0.E0));
#3159=CARTESIAN_POINT('',(6.834384081966E0,-1.190910887054E0,6.E0));
#3160=VERTEX_POINT('',#3158);
#3161=VERTEX_POINT('',#3159);
#3162=CARTESIAN_POINT('',(6.932218920109E0,2.560459566053E-1,0.E0));
#3163=CARTESIAN_POINT('',(6.931896401433E0,2.559831086844E-1,6.E0));
#3164=VERTEX_POINT('',#3162);
#3165=VERTEX_POINT('',#3163);
#3166=CARTESIAN_POINT('',(6.436179799195E0,2.585428782485E0,0.E0));
#3167=CARTESIAN_POINT('',(6.436388169445E0,2.585476814598E0,6.E0));
#3168=VERTEX_POINT('',#3166);
#3169=VERTEX_POINT('',#3167);
#3170=CARTESIAN_POINT('',(5.757722246614E0,3.866931779764E0,0.E0));
#3171=CARTESIAN_POINT('',(5.757858754460E0,3.866995390409E0,6.E0));
#3172=VERTEX_POINT('',#3170);
#3173=VERTEX_POINT('',#3171);
#3174=CARTESIAN_POINT('',(6.228050397819E0,3.053076598633E0,0.E0));
#3175=CARTESIAN_POINT('',(6.227894175172E0,3.052967138017E0,6.E0));
#3176=VERTEX_POINT('',#3174);
#3177=VERTEX_POINT('',#3175);
#3178=CARTESIAN_POINT('',(4.827720235567E0,4.979346283899E0,0.E0));
#3179=CARTESIAN_POINT('',(4.827796686016E0,4.979403869213E0,6.E0));
#3180=VERTEX_POINT('',#3178);
#3181=VERTEX_POINT('',#3179);
#3182=CARTESIAN_POINT('',(5.456918417280E0,4.280999275361E0,0.E0));
#3183=CARTESIAN_POINT('',(5.456829665035E0,4.280904054131E0,6.E0));
#3184=VERTEX_POINT('',#3182);
#3185=VERTEX_POINT('',#3183);
#3186=CARTESIAN_POINT('',(3.686830396343E0,5.874098539489E0,0.E0));
#3187=CARTESIAN_POINT('',(3.686864229723E0,5.874137448412E0,6.E0));
#3188=VERTEX_POINT('',#3186);
#3189=VERTEX_POINT('',#3187);
#3190=CARTESIAN_POINT('',(4.447426227586E0,5.321756908882E0,0.E0));
#3191=CARTESIAN_POINT('',(4.447385646541E0,5.321689342691E0,6.E0));
#3192=VERTEX_POINT('',#3190);
#3193=VERTEX_POINT('',#3191);
#3194=CARTESIAN_POINT('',(2.384919648986E0,6.512150680808E0,0.E0));
#3195=CARTESIAN_POINT('',(2.384919648986E0,6.512150680808E0,6.E0));
#3196=VERTEX_POINT('',#3194);
#3197=VERTEX_POINT('',#3195);
#3198=CARTESIAN_POINT('',(3.243690651549E0,6.129917882224E0,0.E0));
#3199=CARTESIAN_POINT('',(3.243677979182E0,6.129881062565E0,6.E0));
#3200=VERTEX_POINT('',#3198);
#3201=VERTEX_POINT('',#3199);
#3202=CARTESIAN_POINT('',(9.788267858499E-1,6.865591716585E0,0.E0));
#3203=CARTESIAN_POINT('',(9.788267858499E-1,6.865591716585E0,6.E0));
#3204=VERTEX_POINT('',#3202);
#3205=VERTEX_POINT('',#3203);
#3206=CARTESIAN_POINT('',(1.898295759013E0,6.670217291926E0,0.E0));
#3207=CARTESIAN_POINT('',(1.898295759013E0,6.670217291926E0,6.E0));
#3208=VERTEX_POINT('',#3206);
#3209=VERTEX_POINT('',#3207);
#3210=CARTESIAN_POINT('',(0.E0,0.E0,0.E0));
#3211=DIRECTION('',(0.E0,0.E0,1.E0));
#3212=DIRECTION('',(1.E0,0.E0,0.E0));
#3213=AXIS2_PLACEMENT_3D('',#3210,#3211,#3212);
#3214=PLANE('',#3213);
#3216=ORIENTED_EDGE('',*,*,#3215,.T.);
#3218=ORIENTED_EDGE('',*,*,#3217,.T.);
#3220=ORIENTED_EDGE('',*,*,#3219,.T.);
#3222=ORIENTED_EDGE('',*,*,#3221,.T.);
#3224=ORIENTED_EDGE('',*,*,#3223,.T.);
#3226=ORIENTED_EDGE('',*,*,#3225,.T.);
#3228=ORIENTED_EDGE('',*,*,#3227,.T.);
#3230=ORIENTED_EDGE('',*,*,#3229,.T.);
#3232=ORIENTED_EDGE('',*,*,#3231,.T.);
#3234=ORIENTED_EDGE('',*,*,#3233,.T.);
#3236=ORIENTED_EDGE('',*,*,#3235,.T.);
#3238=ORIENTED_EDGE('',*,*,#3237,.T.);
#3240=ORIENTED_EDGE('',*,*,#3239,.T.);
#3242=ORIENTED_EDGE('',*,*,#3241,.T.);
#3244=ORIENTED_EDGE('',*,*,#3243,.T.);
#3246=ORIENTED_EDGE('',*,*,#3245,.T.);
#3248=ORIENTED_EDGE('',*,*,#3247,.T.);
#3250=ORIENTED_EDGE('',*,*,#3249,.T.);
#3252=ORIENTED_EDGE('',*,*,#3251,.T.);
#3254=ORIENTED_EDGE('',*,*,#3253,.T.);
#3256=ORIENTED_EDGE('',*,*,#3255,.T.);
#3258=ORIENTED_EDGE('',*,*,#3257,.T.);
#3260=ORIENTED_EDGE('',*,*,#3259,.T.);
#3262=ORIENTED_EDGE('',*,*,#3261,.T.);
#3264=ORIENTED_EDGE('',*,*,#3263,.T.);
#3266=ORIENTED_EDGE('',*,*,#3265,.T.);
#3268=ORIENTED_EDGE('',*,*,#3267,.T.);
#3270=ORIENTED_EDGE('',*,*,#3269,.T.);
#3272=ORIENTED_EDGE('',*,*,#3271,.F.);
#3274=ORIENTED_EDGE('',*,*,#3273,.T.);
#3276=ORIENTED_EDGE('',*,*,#3275,.T.);
#3278=ORIENTED_EDGE('',*,*,#3277,.T.);
#3280=ORIENTED_EDGE('',*,*,#3279,.T.);
#3282=ORIENTED_EDGE('',*,*,#3281,.T.);
#3284=ORIENTED_EDGE('',*,*,#3283,.T.);
#3286=ORIENTED_EDGE('',*,*,#3285,.T.);
#3288=ORIENTED_EDGE('',*,*,#3287,.T.);
#3290=ORIENTED_EDGE('',*,*,#3289,.T.);
#3292=ORIENTED_EDGE('',*,*,#3291,.T.);
#3294=ORIENTED_EDGE('',*,*,#3293,.T.);
#3296=ORIENTED_EDGE('',*,*,#3295,.T.);
#3298=ORIENTED_EDGE('',*,*,#3297,.T.);
#3300=ORIENTED_EDGE('',*,*,#3299,.T.);
#3302=ORIENTED_EDGE('',*,*,#3301,.T.);
#3304=ORIENTED_EDGE('',*,*,#3303,.T.);
#3306=ORIENTED_EDGE('',*,*,#3305,.T.);
#3308=ORIENTED_EDGE('',*,*,#3307,.T.);
#3310=ORIENTED_EDGE('',*,*,#3309,.T.);
#3312=ORIENTED_EDGE('',*,*,#3311,.T.);
#3314=ORIENTED_EDGE('',*,*,#3313,.T.);
#3316=ORIENTED_EDGE('',*,*,#3315,.T.);
#3318=ORIENTED_EDGE('',*,*,#3317,.T.);
#3320=ORIENTED_EDGE('',*,*,#3319,.T.);
#3322=ORIENTED_EDGE('',*,*,#3321,.T.);
#3324=ORIENTED_EDGE('',*,*,#3323,.T.);
#3326=ORIENTED_EDGE('',*,*,#3325,.T.);
#3328=ORIENTED_EDGE('',*,*,#3327,.T.);
#3330=ORIENTED_EDGE('',*,*,#3329,.T.);
#3332=ORIENTED_EDGE('',*,*,#3331,.T.);
#3334=ORIENTED_EDGE('',*,*,#3333,.T.);
#3336=ORIENTED_EDGE('',*,*,#3335,.T.);
#3338=ORIENTED_EDGE('',*,*,#3337,.T.);
#3340=ORIENTED_EDGE('',*,*,#3339,.T.);
#3342=ORIENTED_EDGE('',*,*,#3341,.T.);
#3344=ORIENTED_EDGE('',*,*,#3343,.T.);
#3346=ORIENTED_EDGE('',*,*,#3345,.T.);
#3348=ORIENTED_EDGE('',*,*,#3347,.T.);
#3350=ORIENTED_EDGE('',*,*,#3349,.T.);
#3352=ORIENTED_EDGE('',*,*,#3351,.T.);
#3354=ORIENTED_EDGE('',*,*,#3353,.T.);
#3356=ORIENTED_EDGE('',*,*,#3355,.T.);
#3358=ORIENTED_EDGE('',*,*,#3357,.T.);
#3360=ORIENTED_EDGE('',*,*,#3359,.T.);
#3362=ORIENTED_EDGE('',*,*,#3361,.T.);
#3364=ORIENTED_EDGE('',*,*,#3363,.T.);
#3366=ORIENTED_EDGE('',*,*,#3365,.T.);
#3368=ORIENTED_EDGE('',*,*,#3367,.T.);
#3370=ORIENTED_EDGE('',*,*,#3369,.T.);
#3372=ORIENTED_EDGE('',*,*,#3371,.T.);
#3374=ORIENTED_EDGE('',*,*,#3373,.T.);
#3376=ORIENTED_EDGE('',*,*,#3375,.T.);
#3378=ORIENTED_EDGE('',*,*,#3377,.T.);
#3380=ORIENTED_EDGE('',*,*,#3379,.T.);
#3382=ORIENTED_EDGE('',*,*,#3381,.T.);
#3384=ORIENTED_EDGE('',*,*,#3383,.T.);
#3386=ORIENTED_EDGE('',*,*,#3385,.T.);
#3388=ORIENTED_EDGE('',*,*,#3387,.T.);
#3390=ORIENTED_EDGE('',*,*,#3389,.T.);
#3392=ORIENTED_EDGE('',*,*,#3391,.F.);
#3394=ORIENTED_EDGE('',*,*,#3393,.T.);
#3396=ORIENTED_EDGE('',*,*,#3395,.T.);
#3398=ORIENTED_EDGE('',*,*,#3397,.T.);
#3400=ORIENTED_EDGE('',*,*,#3399,.T.);
#3402=ORIENTED_EDGE('',*,*,#3401,.T.);
#3404=ORIENTED_EDGE('',*,*,#3403,.T.);
#3406=ORIENTED_EDGE('',*,*,#3405,.T.);
#3408=ORIENTED_EDGE('',*,*,#3407,.T.);
#3410=ORIENTED_EDGE('',*,*,#3409,.T.);
#3412=ORIENTED_EDGE('',*,*,#3411,.T.);
#3414=ORIENTED_EDGE('',*,*,#3413,.T.);
#3416=ORIENTED_EDGE('',*,*,#3415,.T.);
#3418=ORIENTED_EDGE('',*,*,#3417,.T.);
#3420=ORIENTED_EDGE('',*,*,#3419,.T.);
#3422=ORIENTED_EDGE('',*,*,#3421,.T.);
#3424=ORIENTED_EDGE('',*,*,#3423,.T.);
#3426=ORIENTED_EDGE('',*,*,#3425,.T.);
#3428=ORIENTED_EDGE('',*,*,#3427,.T.);
#3430=ORIENTED_EDGE('',*,*,#3429,.T.);
#3432=ORIENTED_EDGE('',*,*,#3431,.T.);
#3434=ORIENTED_EDGE('',*,*,#3433,.T.);
#3436=ORIENTED_EDGE('',*,*,#3435,.T.);
#3438=ORIENTED_EDGE('',*,*,#3437,.T.);
#3440=ORIENTED_EDGE('',*,*,#3439,.T.);
#3442=ORIENTED_EDGE('',*,*,#3441,.T.);
#3444=ORIENTED_EDGE('',*,*,#3443,.T.);
#3446=ORIENTED_EDGE('',*,*,#3445,.T.);
#3448=ORIENTED_EDGE('',*,*,#3447,.T.);
#3450=ORIENTED_EDGE('',*,*,#3449,.T.);
#3452=ORIENTED_EDGE('',*,*,#3451,.T.);
#3454=ORIENTED_EDGE('',*,*,#3453,.T.);
#3455=EDGE_LOOP('',(#3216,#3218,#3220,#3222,#3224,#3226,#3228,#3230,#3232,#3234,
#3236,#3238,#3240,#3242,#3244,#3246,#3248,#3250,#3252,#3254,#3256,#3258,#3260,
#3262,#3264,#3266,#3268,#3270,#3272,#3274,#3276,#3278,#3280,#3282,#3284,#3286,
#3288,#3290,#3292,#3294,#3296,#3298,#3300,#3302,#3304,#3306,#3308,#3310,#3312,
#3314,#3316,#3318,#3320,#3322,#3324,#3326,#3328,#3330,#3332,#3334,#3336,#3338,
#3340,#3342,#3344,#3346,#3348,#3350,#3352,#3354,#3356,#3358,#3360,#3362,#3364,
#3366,#3368,#3370,#3372,#3374,#3376,#3378,#3380,#3382,#3384,#3386,#3388,#3390,
#3392,#3394,#3396,#3398,#3400,#3402,#3404,#3406,#3408,#3410,#3412,#3414,#3416,
#3418,#3420,#3422,#3424,#3426,#3428,#3430,#3432,#3434,#3436,#3438,#3440,#3442,
#3444,#3446,#3448,#3450,#3452,#3454));
#3456=FACE_OUTER_BOUND('',#3455,.F.);
#3458=FILL_AREA_STYLE_COLOUR('',#5);
#3459=FILL_AREA_STYLE('',(#3458));
#3460=SURFACE_STYLE_FILL_AREA(#3459);
#3461=SURFACE_SIDE_STYLE('',(#3460));
#3462=SURFACE_STYLE_USAGE(.NEGATIVE.,#3461);
#3463=PRESENTATION_STYLE_ASSIGNMENT((#3462));
#3464=STYLED_ITEM('',(#3463),#3457);
#3465=CARTESIAN_POINT('',(0.E0,-2.025256353956E-3,6.E0));
#3466=DIRECTION('',(0.E0,0.E0,1.E0));
#3467=DIRECTION('',(1.E0,0.E0,0.E0));
#3468=AXIS2_PLACEMENT_3D('',#3465,#3466,#3467);
#3469=CYLINDRICAL_SURFACE('',#3468,6.937020601290E0);
#3471=ORIENTED_EDGE('',*,*,#3470,.T.);
#3473=ORIENTED_EDGE('',*,*,#3472,.T.);
#3475=ORIENTED_EDGE('',*,*,#3474,.F.);
#3476=ORIENTED_EDGE('',*,*,#3383,.F.);
#3477=EDGE_LOOP('',(#3471,#3473,#3475,#3476));
#3478=FACE_OUTER_BOUND('',#3477,.F.);
#3480=FILL_AREA_STYLE_COLOUR('',#5);
#3481=FILL_AREA_STYLE('',(#3480));
#3482=SURFACE_STYLE_FILL_AREA(#3481);
#3483=SURFACE_SIDE_STYLE('',(#3482));
#3484=SURFACE_STYLE_USAGE(.BOTH.,#3483);
#3485=PRESENTATION_STYLE_ASSIGNMENT((#3484));
#3486=STYLED_ITEM('',(#3485),#3479);
#3487=CARTESIAN_POINT('',(0.E0,-2.025256353956E-3,6.E0));
#3488=DIRECTION('',(0.E0,0.E0,1.E0));
#3489=DIRECTION('',(1.E0,0.E0,0.E0));
#3490=AXIS2_PLACEMENT_3D('',#3487,#3488,#3489);
#3491=CYLINDRICAL_SURFACE('',#3490,6.937020601290E0);
#3493=ORIENTED_EDGE('',*,*,#3492,.T.);
#3495=ORIENTED_EDGE('',*,*,#3494,.T.);
#3497=ORIENTED_EDGE('',*,*,#3496,.F.);
#3498=ORIENTED_EDGE('',*,*,#3375,.F.);
#3499=EDGE_LOOP('',(#3493,#3495,#3497,#3498));
#3500=FACE_OUTER_BOUND('',#3499,.F.);
#3502=FILL_AREA_STYLE_COLOUR('',#5);
#3503=FILL_AREA_STYLE('',(#3502));
#3504=SURFACE_STYLE_FILL_AREA(#3503);
#3505=SURFACE_SIDE_STYLE('',(#3504));
#3506=SURFACE_STYLE_USAGE(.POSITIVE.,#3505);
#3507=PRESENTATION_STYLE_ASSIGNMENT((#3506));
#3508=STYLED_ITEM('',(#3507),#3501);
#3509=CARTESIAN_POINT('',(0.E0,-2.025256353956E-3,6.E0));
#3510=DIRECTION('',(0.E0,0.E0,1.E0));
#3511=DIRECTION('',(1.E0,0.E0,0.E0));
#3512=AXIS2_PLACEMENT_3D('',#3509,#3510,#3511);
#3513=CYLINDRICAL_SURFACE('',#3512,6.937020601290E0);
#3515=ORIENTED_EDGE('',*,*,#3514,.T.);
#3517=ORIENTED_EDGE('',*,*,#3516,.T.);
#3519=ORIENTED_EDGE('',*,*,#3518,.F.);
#3520=ORIENTED_EDGE('',*,*,#3367,.F.);
#3521=EDGE_LOOP('',(#3515,#3517,#3519,#3520));
#3522=FACE_OUTER_BOUND('',#3521,.F.);
#3524=FILL_AREA_STYLE_COLOUR('',#5);
#3525=FILL_AREA_STYLE('',(#3524));
#3526=SURFACE_STYLE_FILL_AREA(#3525);
#3527=SURFACE_SIDE_STYLE('',(#3526));
#3528=SURFACE_STYLE_USAGE(.POSITIVE.,#3527);
#3529=PRESENTATION_STYLE_ASSIGNMENT((#3528));
#3530=STYLED_ITEM('',(#3529),#3523);
#3531=CARTESIAN_POINT('',(0.E0,-2.025256353956E-3,6.E0));
#3532=DIRECTION('',(0.E0,0.E0,1.E0));
#3533=DIRECTION('',(1.E0,0.E0,0.E0));
#3534=AXIS2_PLACEMENT_3D('',#3531,#3532,#3533);
#3535=CYLINDRICAL_SURFACE('',#3534,6.937020601290E0);
#3537=ORIENTED_EDGE('',*,*,#3536,.T.);
#3539=ORIENTED_EDGE('',*,*,#3538,.T.);
#3541=ORIENTED_EDGE('',*,*,#3540,.F.);
#3542=ORIENTED_EDGE('',*,*,#3359,.F.);
#3543=EDGE_LOOP('',(#3537,#3539,#3541,#3542));
#3544=FACE_OUTER_BOUND('',#3543,.F.);
#3546=FILL_AREA_STYLE_COLOUR('',#5);
#3547=FILL_AREA_STYLE('',(#3546));
#3548=SURFACE_STYLE_FILL_AREA(#3547);
#3549=SURFACE_SIDE_STYLE('',(#3548));
#3550=SURFACE_STYLE_USAGE(.POSITIVE.,#3549);
#3551=PRESENTATION_STYLE_ASSIGNMENT((#3550));
#3552=STYLED_ITEM('',(#3551),#3545);
#3553=CARTESIAN_POINT('',(0.E0,-2.025256353956E-3,6.E0));
#3554=DIRECTION('',(0.E0,0.E0,1.E0));
#3555=DIRECTION('',(1.E0,0.E0,0.E0));
#3556=AXIS2_PLACEMENT_3D('',#3553,#3554,#3555);
#3557=CYLINDRICAL_SURFACE('',#3556,6.937020601290E0);
#3559=ORIENTED_EDGE('',*,*,#3558,.T.);
#3561=ORIENTED_EDGE('',*,*,#3560,.T.);
#3563=ORIENTED_EDGE('',*,*,#3562,.F.);
#3564=ORIENTED_EDGE('',*,*,#3351,.F.);
#3565=EDGE_LOOP('',(#3559,#3561,#3563,#3564));
#3566=FACE_OUTER_BOUND('',#3565,.F.);
#3568=FILL_AREA_STYLE_COLOUR('',#5);
#3569=FILL_AREA_STYLE('',(#3568));
#3570=SURFACE_STYLE_FILL_AREA(#3569);
#3571=SURFACE_SIDE_STYLE('',(#3570));
#3572=SURFACE_STYLE_USAGE(.POSITIVE.,#3571);
#3573=PRESENTATION_STYLE_ASSIGNMENT((#3572));
#3574=STYLED_ITEM('',(#3573),#3567);
#3575=CARTESIAN_POINT('',(0.E0,-2.025256353956E-3,6.E0));
#3576=DIRECTION('',(0.E0,0.E0,1.E0));
#3577=DIRECTION('',(1.E0,0.E0,0.E0));
#3578=AXIS2_PLACEMENT_3D('',#3575,#3576,#3577);
#3579=CYLINDRICAL_SURFACE('',#3578,6.937020601290E0);
#3581=ORIENTED_EDGE('',*,*,#3580,.T.);
#3583=ORIENTED_EDGE('',*,*,#3582,.T.);
#3585=ORIENTED_EDGE('',*,*,#3584,.F.);
#3586=ORIENTED_EDGE('',*,*,#3343,.F.);
#3587=EDGE_LOOP('',(#3581,#3583,#3585,#3586));
#3588=FACE_OUTER_BOUND('',#3587,.F.);
#3590=FILL_AREA_STYLE_COLOUR('',#5);
#3591=FILL_AREA_STYLE('',(#3590));
#3592=SURFACE_STYLE_FILL_AREA(#3591);
#3593=SURFACE_SIDE_STYLE('',(#3592));
#3594=SURFACE_STYLE_USAGE(.POSITIVE.,#3593);
#3595=PRESENTATION_STYLE_ASSIGNMENT((#3594));
#3596=STYLED_ITEM('',(#3595),#3589);
#3597=CARTESIAN_POINT('',(0.E0,-2.025256353956E-3,6.E0));
#3598=DIRECTION('',(0.E0,0.E0,1.E0));
#3599=DIRECTION('',(1.E0,0.E0,0.E0));
#3600=AXIS2_PLACEMENT_3D('',#3597,#3598,#3599);
#3601=CYLINDRICAL_SURFACE('',#3600,6.937020601290E0);
#3603=ORIENTED_EDGE('',*,*,#3602,.T.);
#3605=ORIENTED_EDGE('',*,*,#3604,.T.);
#3607=ORIENTED_EDGE('',*,*,#3606,.F.);
#3608=ORIENTED_EDGE('',*,*,#3335,.F.);
#3609=EDGE_LOOP('',(#3603,#3605,#3607,#3608));
#3610=FACE_OUTER_BOUND('',#3609,.F.);
#3612=FILL_AREA_STYLE_COLOUR('',#5);
#3613=FILL_AREA_STYLE('',(#3612));
#3614=SURFACE_STYLE_FILL_AREA(#3613);
#3615=SURFACE_SIDE_STYLE('',(#3614));
#3616=SURFACE_STYLE_USAGE(.POSITIVE.,#3615);
#3617=PRESENTATION_STYLE_ASSIGNMENT((#3616));
#3618=STYLED_ITEM('',(#3617),#3611);
#3619=CARTESIAN_POINT('',(0.E0,-2.025256353956E-3,6.E0));
#3620=DIRECTION('',(0.E0,0.E0,1.E0));
#3621=DIRECTION('',(1.E0,0.E0,0.E0));
#3622=AXIS2_PLACEMENT_3D('',#3619,#3620,#3621);
#3623=CYLINDRICAL_SURFACE('',#3622,6.937020601290E0);
#3625=ORIENTED_EDGE('',*,*,#3624,.T.);
#3627=ORIENTED_EDGE('',*,*,#3626,.T.);
#3629=ORIENTED_EDGE('',*,*,#3628,.F.);
#3630=ORIENTED_EDGE('',*,*,#3327,.F.);
#3631=EDGE_LOOP('',(#3625,#3627,#3629,#3630));
#3632=FACE_OUTER_BOUND('',#3631,.F.);
#3634=FILL_AREA_STYLE_COLOUR('',#5);
#3635=FILL_AREA_STYLE('',(#3634));
#3636=SURFACE_STYLE_FILL_AREA(#3635);
#3637=SURFACE_SIDE_STYLE('',(#3636));
#3638=SURFACE_STYLE_USAGE(.POSITIVE.,#3637);
#3639=PRESENTATION_STYLE_ASSIGNMENT((#3638));
#3640=STYLED_ITEM('',(#3639),#3633);
#3641=CARTESIAN_POINT('',(0.E0,-2.025256353956E-3,6.E0));
#3642=DIRECTION('',(0.E0,0.E0,1.E0));
#3643=DIRECTION('',(1.E0,0.E0,0.E0));
#3644=AXIS2_PLACEMENT_3D('',#3641,#3642,#3643);
#3645=CYLINDRICAL_SURFACE('',#3644,6.937020601290E0);
#3647=ORIENTED_EDGE('',*,*,#3646,.T.);
#3649=ORIENTED_EDGE('',*,*,#3648,.T.);
#3651=ORIENTED_EDGE('',*,*,#3650,.F.);
#3652=ORIENTED_EDGE('',*,*,#3319,.F.);
#3653=EDGE_LOOP('',(#3647,#3649,#3651,#3652));
#3654=FACE_OUTER_BOUND('',#3653,.F.);
#3656=FILL_AREA_STYLE_COLOUR('',#5);
#3657=FILL_AREA_STYLE('',(#3656));
#3658=SURFACE_STYLE_FILL_AREA(#3657);
#3659=SURFACE_SIDE_STYLE('',(#3658));
#3660=SURFACE_STYLE_USAGE(.POSITIVE.,#3659);
#3661=PRESENTATION_STYLE_ASSIGNMENT((#3660));
#3662=STYLED_ITEM('',(#3661),#3655);
#3663=CARTESIAN_POINT('',(0.E0,-2.025256353956E-3,6.E0));
#3664=DIRECTION('',(0.E0,0.E0,1.E0));
#3665=DIRECTION('',(1.E0,0.E0,0.E0));
#3666=AXIS2_PLACEMENT_3D('',#3663,#3664,#3665);
#3667=CYLINDRICAL_SURFACE('',#3666,6.937020601290E0);
#3669=ORIENTED_EDGE('',*,*,#3668,.T.);
#3671=ORIENTED_EDGE('',*,*,#3670,.T.);
#3673=ORIENTED_EDGE('',*,*,#3672,.F.);
#3674=ORIENTED_EDGE('',*,*,#3311,.F.);
#3675=EDGE_LOOP('',(#3669,#3671,#3673,#3674));
#3676=FACE_OUTER_BOUND('',#3675,.F.);
#3678=FILL_AREA_STYLE_COLOUR('',#5);
#3679=FILL_AREA_STYLE('',(#3678));
#3680=SURFACE_STYLE_FILL_AREA(#3679);
#3681=SURFACE_SIDE_STYLE('',(#3680));
#3682=SURFACE_STYLE_USAGE(.POSITIVE.,#3681);
#3683=PRESENTATION_STYLE_ASSIGNMENT((#3682));
#3684=STYLED_ITEM('',(#3683),#3677);
#3685=CARTESIAN_POINT('',(0.E0,-2.025256353956E-3,6.E0));
#3686=DIRECTION('',(0.E0,0.E0,1.E0));
#3687=DIRECTION('',(1.E0,0.E0,0.E0));
#3688=AXIS2_PLACEMENT_3D('',#3685,#3686,#3687);
#3689=CYLINDRICAL_SURFACE('',#3688,6.937020601290E0);
#3691=ORIENTED_EDGE('',*,*,#3690,.T.);
#3693=ORIENTED_EDGE('',*,*,#3692,.T.);
#3695=ORIENTED_EDGE('',*,*,#3694,.F.);
#3696=ORIENTED_EDGE('',*,*,#3303,.F.);
#3697=EDGE_LOOP('',(#3691,#3693,#3695,#3696));
#3698=FACE_OUTER_BOUND('',#3697,.F.);
#3700=FILL_AREA_STYLE_COLOUR('',#5);
#3701=FILL_AREA_STYLE('',(#3700));
#3702=SURFACE_STYLE_FILL_AREA(#3701);
#3703=SURFACE_SIDE_STYLE('',(#3702));
#3704=SURFACE_STYLE_USAGE(.POSITIVE.,#3703);
#3705=PRESENTATION_STYLE_ASSIGNMENT((#3704));
#3706=STYLED_ITEM('',(#3705),#3699);
#3707=CARTESIAN_POINT('',(0.E0,-2.025256353956E-3,6.E0));
#3708=DIRECTION('',(0.E0,0.E0,1.E0));
#3709=DIRECTION('',(1.E0,0.E0,0.E0));
#3710=AXIS2_PLACEMENT_3D('',#3707,#3708,#3709);
#3711=CYLINDRICAL_SURFACE('',#3710,6.937020601290E0);
#3713=ORIENTED_EDGE('',*,*,#3712,.T.);
#3715=ORIENTED_EDGE('',*,*,#3714,.T.);
#3717=ORIENTED_EDGE('',*,*,#3716,.F.);
#3718=ORIENTED_EDGE('',*,*,#3295,.F.);
#3719=EDGE_LOOP('',(#3713,#3715,#3717,#3718));
#3720=FACE_OUTER_BOUND('',#3719,.F.);
#3722=FILL_AREA_STYLE_COLOUR('',#5);
#3723=FILL_AREA_STYLE('',(#3722));
#3724=SURFACE_STYLE_FILL_AREA(#3723);
#3725=SURFACE_SIDE_STYLE('',(#3724));
#3726=SURFACE_STYLE_USAGE(.POSITIVE.,#3725);
#3727=PRESENTATION_STYLE_ASSIGNMENT((#3726));
#3728=STYLED_ITEM('',(#3727),#3721);
#3729=CARTESIAN_POINT('',(0.E0,-2.025256353956E-3,6.E0));
#3730=DIRECTION('',(0.E0,0.E0,1.E0));
#3731=DIRECTION('',(1.E0,0.E0,0.E0));
#3732=AXIS2_PLACEMENT_3D('',#3729,#3730,#3731);
#3733=CYLINDRICAL_SURFACE('',#3732,6.937020601290E0);
#3735=ORIENTED_EDGE('',*,*,#3734,.T.);
#3737=ORIENTED_EDGE('',*,*,#3736,.T.);
#3739=ORIENTED_EDGE('',*,*,#3738,.F.);
#3740=ORIENTED_EDGE('',*,*,#3287,.F.);
#3741=EDGE_LOOP('',(#3735,#3737,#3739,#3740));
#3742=FACE_OUTER_BOUND('',#3741,.F.);
#3744=FILL_AREA_STYLE_COLOUR('',#5);
#3745=FILL_AREA_STYLE('',(#3744));
#3746=SURFACE_STYLE_FILL_AREA(#3745);
#3747=SURFACE_SIDE_STYLE('',(#3746));
#3748=SURFACE_STYLE_USAGE(.POSITIVE.,#3747);
#3749=PRESENTATION_STYLE_ASSIGNMENT((#3748));
#3750=STYLED_ITEM('',(#3749),#3743);
#3751=CARTESIAN_POINT('',(0.E0,-2.025256353956E-3,6.E0));
#3752=DIRECTION('',(0.E0,0.E0,1.E0));
#3753=DIRECTION('',(1.E0,0.E0,0.E0));
#3754=AXIS2_PLACEMENT_3D('',#3751,#3752,#3753);
#3755=CYLINDRICAL_SURFACE('',#3754,6.937020601290E0);
#3757=ORIENTED_EDGE('',*,*,#3756,.T.);
#3759=ORIENTED_EDGE('',*,*,#3758,.T.);
#3761=ORIENTED_EDGE('',*,*,#3760,.F.);
#3762=ORIENTED_EDGE('',*,*,#3279,.F.);
#3763=EDGE_LOOP('',(#3757,#3759,#3761,#3762));
#3764=FACE_OUTER_BOUND('',#3763,.F.);
#3766=FILL_AREA_STYLE_COLOUR('',#5);
#3767=FILL_AREA_STYLE('',(#3766));
#3768=SURFACE_STYLE_FILL_AREA(#3767);
#3769=SURFACE_SIDE_STYLE('',(#3768));
#3770=SURFACE_STYLE_USAGE(.POSITIVE.,#3769);
#3771=PRESENTATION_STYLE_ASSIGNMENT((#3770));
#3772=STYLED_ITEM('',(#3771),#3765);
#3773=CARTESIAN_POINT('',(0.E0,-2.025256353956E-3,6.E0));
#3774=DIRECTION('',(0.E0,0.E0,1.E0));
#3775=DIRECTION('',(1.E0,0.E0,0.E0));
#3776=AXIS2_PLACEMENT_3D('',#3773,#3774,#3775);
#3777=CYLINDRICAL_SURFACE('',#3776,6.937020601290E0);
#3779=ORIENTED_EDGE('',*,*,#3778,.T.);
#3781=ORIENTED_EDGE('',*,*,#3780,.T.);
#3783=ORIENTED_EDGE('',*,*,#3782,.F.);
#3784=ORIENTED_EDGE('',*,*,#3215,.F.);
#3785=EDGE_LOOP('',(#3779,#3781,#3783,#3784));
#3786=FACE_OUTER_BOUND('',#3785,.F.);
#3788=FILL_AREA_STYLE_COLOUR('',#5);
#3789=FILL_AREA_STYLE('',(#3788));
#3790=SURFACE_STYLE_FILL_AREA(#3789);
#3791=SURFACE_SIDE_STYLE('',(#3790));
#3792=SURFACE_STYLE_USAGE(.POSITIVE.,#3791);
#3793=PRESENTATION_STYLE_ASSIGNMENT((#3792));
#3794=STYLED_ITEM('',(#3793),#3787);
#3795=CARTESIAN_POINT('',(0.E0,-2.025256353956E-3,6.E0));
#3796=DIRECTION('',(0.E0,0.E0,1.E0));
#3797=DIRECTION('',(1.E0,0.E0,0.E0));
#3798=AXIS2_PLACEMENT_3D('',#3795,#3796,#3797);
#3799=CYLINDRICAL_SURFACE('',#3798,6.937020601290E0);
#3801=ORIENTED_EDGE('',*,*,#3800,.F.);
#3802=ORIENTED_EDGE('',*,*,#3447,.F.);
#3804=ORIENTED_EDGE('',*,*,#3803,.T.);
#3806=ORIENTED_EDGE('',*,*,#3805,.T.);
#3807=EDGE_LOOP('',(#3801,#3802,#3804,#3806));
#3808=FACE_OUTER_BOUND('',#3807,.F.);
#3810=FILL_AREA_STYLE_COLOUR('',#5);
#3811=FILL_AREA_STYLE('',(#3810));
#3812=SURFACE_STYLE_FILL_AREA(#3811);
#3813=SURFACE_SIDE_STYLE('',(#3812));
#3814=SURFACE_STYLE_USAGE(.POSITIVE.,#3813);
#3815=PRESENTATION_STYLE_ASSIGNMENT((#3814));
#3816=STYLED_ITEM('',(#3815),#3809);
#3817=CARTESIAN_POINT('',(0.E0,-2.025256353956E-3,6.E0));
#3818=DIRECTION('',(0.E0,0.E0,1.E0));
#3819=DIRECTION('',(1.E0,0.E0,0.E0));
#3820=AXIS2_PLACEMENT_3D('',#3817,#3818,#3819);
#3821=CYLINDRICAL_SURFACE('',#3820,6.937020601290E0);
#3822=ORIENTED_EDGE('',*,*,#3391,.T.);
#3824=ORIENTED_EDGE('',*,*,#3823,.T.);
#3826=ORIENTED_EDGE('',*,*,#3825,.T.);
#3828=ORIENTED_EDGE('',*,*,#3827,.F.);
#3829=EDGE_LOOP('',(#3822,#3824,#3826,#3828));
#3830=FACE_OUTER_BOUND('',#3829,.F.);
#3832=FILL_AREA_STYLE_COLOUR('',#5);
#3833=FILL_AREA_STYLE('',(#3832));
#3834=SURFACE_STYLE_FILL_AREA(#3833);
#3835=SURFACE_SIDE_STYLE('',(#3834));
#3836=SURFACE_STYLE_USAGE(.POSITIVE.,#3835);
#3837=PRESENTATION_STYLE_ASSIGNMENT((#3836));
#3838=STYLED_ITEM('',(#3837),#3831);
#3839=CARTESIAN_POINT('',(0.E0,-2.025256353956E-3,6.E0));
#3840=DIRECTION('',(0.E0,0.E0,1.E0));
#3841=DIRECTION('',(1.E0,0.E0,0.E0));
#3842=AXIS2_PLACEMENT_3D('',#3839,#3840,#3841);
#3843=CYLINDRICAL_SURFACE('',#3842,6.937020601290E0);
#3845=ORIENTED_EDGE('',*,*,#3844,.T.);
#3847=ORIENTED_EDGE('',*,*,#3846,.F.);
#3848=ORIENTED_EDGE('',*,*,#3399,.F.);
#3850=ORIENTED_EDGE('',*,*,#3849,.T.);
#3851=EDGE_LOOP('',(#3845,#3847,#3848,#3850));
#3852=FACE_OUTER_BOUND('',#3851,.F.);
#3854=FILL_AREA_STYLE_COLOUR('',#5);
#3855=FILL_AREA_STYLE('',(#3854));
#3856=SURFACE_STYLE_FILL_AREA(#3855);
#3857=SURFACE_SIDE_STYLE('',(#3856));
#3858=SURFACE_STYLE_USAGE(.POSITIVE.,#3857);
#3859=PRESENTATION_STYLE_ASSIGNMENT((#3858));
#3860=STYLED_ITEM('',(#3859),#3853);
#3861=CARTESIAN_POINT('',(0.E0,-2.025256353956E-3,6.E0));
#3862=DIRECTION('',(0.E0,0.E0,1.E0));
#3863=DIRECTION('',(1.E0,0.E0,0.E0));
#3864=AXIS2_PLACEMENT_3D('',#3861,#3862,#3863);
#3865=CYLINDRICAL_SURFACE('',#3864,6.937020601290E0);
#3867=ORIENTED_EDGE('',*,*,#3866,.T.);
#3869=ORIENTED_EDGE('',*,*,#3868,.T.);
#3871=ORIENTED_EDGE('',*,*,#3870,.F.);
#3872=ORIENTED_EDGE('',*,*,#3223,.F.);
#3873=EDGE_LOOP('',(#3867,#3869,#3871,#3872));
#3874=FACE_OUTER_BOUND('',#3873,.F.);
#3876=FILL_AREA_STYLE_COLOUR('',#5);
#3877=FILL_AREA_STYLE('',(#3876));
#3878=SURFACE_STYLE_FILL_AREA(#3877);
#3879=SURFACE_SIDE_STYLE('',(#3878));
#3880=SURFACE_STYLE_USAGE(.POSITIVE.,#3879);
#3881=PRESENTATION_STYLE_ASSIGNMENT((#3880));
#3882=STYLED_ITEM('',(#3881),#3875);
#3883=CARTESIAN_POINT('',(0.E0,-2.025256353956E-3,6.E0));
#3884=DIRECTION('',(0.E0,0.E0,1.E0));
#3885=DIRECTION('',(1.E0,0.E0,0.E0));
#3886=AXIS2_PLACEMENT_3D('',#3883,#3884,#3885);
#3887=CYLINDRICAL_SURFACE('',#3886,6.937020601290E0);
#3889=ORIENTED_EDGE('',*,*,#3888,.T.);
#3891=ORIENTED_EDGE('',*,*,#3890,.T.);
#3893=ORIENTED_EDGE('',*,*,#3892,.F.);
#3894=ORIENTED_EDGE('',*,*,#3231,.F.);
#3895=EDGE_LOOP('',(#3889,#3891,#3893,#3894));
#3896=FACE_OUTER_BOUND('',#3895,.F.);
#3898=FILL_AREA_STYLE_COLOUR('',#5);
#3899=FILL_AREA_STYLE('',(#3898));
#3900=SURFACE_STYLE_FILL_AREA(#3899);
#3901=SURFACE_SIDE_STYLE('',(#3900));
#3902=SURFACE_STYLE_USAGE(.POSITIVE.,#3901);
#3903=PRESENTATION_STYLE_ASSIGNMENT((#3902));
#3904=STYLED_ITEM('',(#3903),#3897);
#3905=CARTESIAN_POINT('',(0.E0,-2.025256353956E-3,6.E0));
#3906=DIRECTION('',(0.E0,0.E0,1.E0));
#3907=DIRECTION('',(1.E0,0.E0,0.E0));
#3908=AXIS2_PLACEMENT_3D('',#3905,#3906,#3907);
#3909=CYLINDRICAL_SURFACE('',#3908,6.937020601290E0);
#3911=ORIENTED_EDGE('',*,*,#3910,.T.);
#3913=ORIENTED_EDGE('',*,*,#3912,.T.);
#3915=ORIENTED_EDGE('',*,*,#3914,.F.);
#3916=ORIENTED_EDGE('',*,*,#3239,.F.);
#3917=EDGE_LOOP('',(#3911,#3913,#3915,#3916));
#3918=FACE_OUTER_BOUND('',#3917,.F.);
#3920=FILL_AREA_STYLE_COLOUR('',#5);
#3921=FILL_AREA_STYLE('',(#3920));
#3922=SURFACE_STYLE_FILL_AREA(#3921);
#3923=SURFACE_SIDE_STYLE('',(#3922));
#3924=SURFACE_STYLE_USAGE(.POSITIVE.,#3923);
#3925=PRESENTATION_STYLE_ASSIGNMENT((#3924));
#3926=STYLED_ITEM('',(#3925),#3919);
#3927=CARTESIAN_POINT('',(0.E0,-2.025256353956E-3,6.E0));
#3928=DIRECTION('',(0.E0,0.E0,1.E0));
#3929=DIRECTION('',(1.E0,0.E0,0.E0));
#3930=AXIS2_PLACEMENT_3D('',#3927,#3928,#3929);
#3931=CYLINDRICAL_SURFACE('',#3930,6.937020601290E0);
#3933=ORIENTED_EDGE('',*,*,#3932,.T.);
#3935=ORIENTED_EDGE('',*,*,#3934,.T.);
#3937=ORIENTED_EDGE('',*,*,#3936,.F.);
#3938=ORIENTED_EDGE('',*,*,#3247,.F.);
#3939=EDGE_LOOP('',(#3933,#3935,#3937,#3938));
#3940=FACE_OUTER_BOUND('',#3939,.F.);
#3942=FILL_AREA_STYLE_COLOUR('',#5);
#3943=FILL_AREA_STYLE('',(#3942));
#3944=SURFACE_STYLE_FILL_AREA(#3943);
#3945=SURFACE_SIDE_STYLE('',(#3944));
#3946=SURFACE_STYLE_USAGE(.POSITIVE.,#3945);
#3947=PRESENTATION_STYLE_ASSIGNMENT((#3946));
#3948=STYLED_ITEM('',(#3947),#3941);
#3949=CARTESIAN_POINT('',(0.E0,-2.025256353956E-3,6.E0));
#3950=DIRECTION('',(0.E0,0.E0,1.E0));
#3951=DIRECTION('',(1.E0,0.E0,0.E0));
#3952=AXIS2_PLACEMENT_3D('',#3949,#3950,#3951);
#3953=CYLINDRICAL_SURFACE('',#3952,6.937020601290E0);
#3955=ORIENTED_EDGE('',*,*,#3954,.T.);
#3957=ORIENTED_EDGE('',*,*,#3956,.T.);
#3959=ORIENTED_EDGE('',*,*,#3958,.F.);
#3960=ORIENTED_EDGE('',*,*,#3255,.F.);
#3961=EDGE_LOOP('',(#3955,#3957,#3959,#3960));
#3962=FACE_OUTER_BOUND('',#3961,.F.);
#3964=FILL_AREA_STYLE_COLOUR('',#5);
#3965=FILL_AREA_STYLE('',(#3964));
#3966=SURFACE_STYLE_FILL_AREA(#3965);
#3967=SURFACE_SIDE_STYLE('',(#3966));
#3968=SURFACE_STYLE_USAGE(.POSITIVE.,#3967);
#3969=PRESENTATION_STYLE_ASSIGNMENT((#3968));
#3970=STYLED_ITEM('',(#3969),#3963);
#3971=CARTESIAN_POINT('',(0.E0,-2.025256353956E-3,6.E0));
#3972=DIRECTION('',(0.E0,0.E0,1.E0));
#3973=DIRECTION('',(1.E0,0.E0,0.E0));
#3974=AXIS2_PLACEMENT_3D('',#3971,#3972,#3973);
#3975=CYLINDRICAL_SURFACE('',#3974,6.937020601290E0);
#3977=ORIENTED_EDGE('',*,*,#3976,.T.);
#3979=ORIENTED_EDGE('',*,*,#3978,.T.);
#3981=ORIENTED_EDGE('',*,*,#3980,.F.);
#3982=ORIENTED_EDGE('',*,*,#3263,.F.);
#3983=EDGE_LOOP('',(#3977,#3979,#3981,#3982));
#3984=FACE_OUTER_BOUND('',#3983,.F.);
#3986=FILL_AREA_STYLE_COLOUR('',#5);
#3987=FILL_AREA_STYLE('',(#3986));
#3988=SURFACE_STYLE_FILL_AREA(#3987);
#3989=SURFACE_SIDE_STYLE('',(#3988));
#3990=SURFACE_STYLE_USAGE(.POSITIVE.,#3989);
#3991=PRESENTATION_STYLE_ASSIGNMENT((#3990));
#3992=STYLED_ITEM('',(#3991),#3985);
#3993=CARTESIAN_POINT('',(0.E0,-2.025256353956E-3,6.E0));
#3994=DIRECTION('',(0.E0,0.E0,1.E0));
#3995=DIRECTION('',(1.E0,0.E0,0.E0));
#3996=AXIS2_PLACEMENT_3D('',#3993,#3994,#3995);
#3997=CYLINDRICAL_SURFACE('',#3996,6.937020601290E0);
#3999=ORIENTED_EDGE('',*,*,#3998,.T.);
#4001=ORIENTED_EDGE('',*,*,#4000,.F.);
#4002=ORIENTED_EDGE('',*,*,#3271,.T.);
#4004=ORIENTED_EDGE('',*,*,#4003,.T.);
#4005=EDGE_LOOP('',(#3999,#4001,#4002,#4004));
#4006=FACE_OUTER_BOUND('',#4005,.F.);
#4008=FILL_AREA_STYLE_COLOUR('',#5);
#4009=FILL_AREA_STYLE('',(#4008));
#4010=SURFACE_STYLE_FILL_AREA(#4009);
#4011=SURFACE_SIDE_STYLE('',(#4010));
#4012=SURFACE_STYLE_USAGE(.POSITIVE.,#4011);
#4013=PRESENTATION_STYLE_ASSIGNMENT((#4012));
#4014=STYLED_ITEM('',(#4013),#4007);
#4015=CARTESIAN_POINT('',(0.E0,-2.025256353956E-3,6.E0));
#4016=DIRECTION('',(0.E0,0.E0,1.E0));
#4017=DIRECTION('',(1.E0,0.E0,0.E0));
#4018=AXIS2_PLACEMENT_3D('',#4015,#4016,#4017);
#4019=CYLINDRICAL_SURFACE('',#4018,6.937020601290E0);
#4021=ORIENTED_EDGE('',*,*,#4020,.T.);
#4023=ORIENTED_EDGE('',*,*,#4022,.T.);
#4025=ORIENTED_EDGE('',*,*,#4024,.F.);
#4026=ORIENTED_EDGE('',*,*,#3407,.F.);
#4027=EDGE_LOOP('',(#4021,#4023,#4025,#4026));
#4028=FACE_OUTER_BOUND('',#4027,.F.);
#4030=FILL_AREA_STYLE_COLOUR('',#5);
#4031=FILL_AREA_STYLE('',(#4030));
#4032=SURFACE_STYLE_FILL_AREA(#4031);
#4033=SURFACE_SIDE_STYLE('',(#4032));
#4034=SURFACE_STYLE_USAGE(.POSITIVE.,#4033);
#4035=PRESENTATION_STYLE_ASSIGNMENT((#4034));
#4036=STYLED_ITEM('',(#4035),#4029);
#4037=CARTESIAN_POINT('',(0.E0,-2.025256353956E-3,6.E0));
#4038=DIRECTION('',(0.E0,0.E0,1.E0));
#4039=DIRECTION('',(1.E0,0.E0,0.E0));
#4040=AXIS2_PLACEMENT_3D('',#4037,#4038,#4039);
#4041=CYLINDRICAL_SURFACE('',#4040,6.937020601290E0);
#4043=ORIENTED_EDGE('',*,*,#4042,.T.);
#4045=ORIENTED_EDGE('',*,*,#4044,.T.);
#4047=ORIENTED_EDGE('',*,*,#4046,.F.);
#4048=ORIENTED_EDGE('',*,*,#3415,.F.);
#4049=EDGE_LOOP('',(#4043,#4045,#4047,#4048));
#4050=FACE_OUTER_BOUND('',#4049,.F.);
#4052=FILL_AREA_STYLE_COLOUR('',#5);
#4053=FILL_AREA_STYLE('',(#4052));
#4054=SURFACE_STYLE_FILL_AREA(#4053);
#4055=SURFACE_SIDE_STYLE('',(#4054));
#4056=SURFACE_STYLE_USAGE(.POSITIVE.,#4055);
#4057=PRESENTATION_STYLE_ASSIGNMENT((#4056));
#4058=STYLED_ITEM('',(#4057),#4051);
#4059=CARTESIAN_POINT('',(0.E0,-2.025256353956E-3,6.E0));
#4060=DIRECTION('',(0.E0,0.E0,1.E0));
#4061=DIRECTION('',(1.E0,0.E0,0.E0));
#4062=AXIS2_PLACEMENT_3D('',#4059,#4060,#4061);
#4063=CYLINDRICAL_SURFACE('',#4062,6.937020601290E0);
#4065=ORIENTED_EDGE('',*,*,#4064,.T.);
#4067=ORIENTED_EDGE('',*,*,#4066,.T.);
#4069=ORIENTED_EDGE('',*,*,#4068,.F.);
#4070=ORIENTED_EDGE('',*,*,#3423,.F.);
#4071=EDGE_LOOP('',(#4065,#4067,#4069,#4070));
#4072=FACE_OUTER_BOUND('',#4071,.F.);
#4074=FILL_AREA_STYLE_COLOUR('',#5);
#4075=FILL_AREA_STYLE('',(#4074));
#4076=SURFACE_STYLE_FILL_AREA(#4075);
#4077=SURFACE_SIDE_STYLE('',(#4076));
#4078=SURFACE_STYLE_USAGE(.POSITIVE.,#4077);
#4079=PRESENTATION_STYLE_ASSIGNMENT((#4078));
#4080=STYLED_ITEM('',(#4079),#4073);
#4081=CARTESIAN_POINT('',(0.E0,-2.025256353956E-3,6.E0));
#4082=DIRECTION('',(0.E0,0.E0,1.E0));
#4083=DIRECTION('',(1.E0,0.E0,0.E0));
#4084=AXIS2_PLACEMENT_3D('',#4081,#4082,#4083);
#4085=CYLINDRICAL_SURFACE('',#4084,6.937020601290E0);
#4087=ORIENTED_EDGE('',*,*,#4086,.T.);
#4089=ORIENTED_EDGE('',*,*,#4088,.T.);
#4091=ORIENTED_EDGE('',*,*,#4090,.F.);
#4092=ORIENTED_EDGE('',*,*,#3431,.F.);
#4093=EDGE_LOOP('',(#4087,#4089,#4091,#4092));
#4094=FACE_OUTER_BOUND('',#4093,.F.);
#4096=FILL_AREA_STYLE_COLOUR('',#5);
#4097=FILL_AREA_STYLE('',(#4096));
#4098=SURFACE_STYLE_FILL_AREA(#4097);
#4099=SURFACE_SIDE_STYLE('',(#4098));
#4100=SURFACE_STYLE_USAGE(.POSITIVE.,#4099);
#4101=PRESENTATION_STYLE_ASSIGNMENT((#4100));
#4102=STYLED_ITEM('',(#4101),#4095);
#4103=CARTESIAN_POINT('',(0.E0,-2.025256353956E-3,6.E0));
#4104=DIRECTION('',(0.E0,0.E0,1.E0));
#4105=DIRECTION('',(1.E0,0.E0,0.E0));
#4106=AXIS2_PLACEMENT_3D('',#4103,#4104,#4105);
#4107=CYLINDRICAL_SURFACE('',#4106,6.937020601290E0);
#4109=ORIENTED_EDGE('',*,*,#4108,.T.);
#4111=ORIENTED_EDGE('',*,*,#4110,.T.);
#4113=ORIENTED_EDGE('',*,*,#4112,.F.);
#4114=ORIENTED_EDGE('',*,*,#3439,.F.);
#4115=EDGE_LOOP('',(#4109,#4111,#4113,#4114));
#4116=FACE_OUTER_BOUND('',#4115,.F.);
#4118=FILL_AREA_STYLE_COLOUR('',#5);
#4119=FILL_AREA_STYLE('',(#4118));
#4120=SURFACE_STYLE_FILL_AREA(#4119);
#4121=SURFACE_SIDE_STYLE('',(#4120));
#4122=SURFACE_STYLE_USAGE(.POSITIVE.,#4121);
#4123=PRESENTATION_STYLE_ASSIGNMENT((#4122));
#4124=STYLED_ITEM('',(#4123),#4117);
#4125=CARTESIAN_POINT('',(6.061778539937E0,-3.736047706979E0,0.E0));
#4126=DIRECTION('',(0.E0,0.E0,1.E0));
#4127=DIRECTION('',(-3.090169943749E-1,-9.510565162952E-1,0.E0));
#4128=AXIS2_PLACEMENT_3D('',#4125,#4126,#4127);
#4129=CYLINDRICAL_SURFACE('',#4128,2.15E0);
#4130=ORIENTED_EDGE('',*,*,#3470,.F.);
#4131=ORIENTED_EDGE('',*,*,#3381,.F.);
#4133=ORIENTED_EDGE('',*,*,#4132,.T.);
#4135=ORIENTED_EDGE('',*,*,#4134,.T.);
#4136=EDGE_LOOP('',(#4130,#4131,#4133,#4135));
#4137=FACE_OUTER_BOUND('',#4136,.F.);
#4139=FILL_AREA_STYLE_COLOUR('',#5);
#4140=FILL_AREA_STYLE('',(#4139));
#4141=SURFACE_STYLE_FILL_AREA(#4140);
#4142=SURFACE_SIDE_STYLE('',(#4141));
#4143=SURFACE_STYLE_USAGE(.BOTH.,#4142);
#4144=PRESENTATION_STYLE_ASSIGNMENT((#4143));
#4145=STYLED_ITEM('',(#4144),#4138);
#4146=CARTESIAN_POINT('',(7.550902938121E0,-2.642700289301E0,0.E0));
#4147=DIRECTION('',(9.510565162952E-1,-3.090169943749E-1,0.E0));
#4148=DIRECTION('',(3.090169943749E-1,9.510565162952E-1,0.E0));
#4149=AXIS2_PLACEMENT_3D('',#4146,#4147,#4148);
#4150=PLANE('',#4149);
#4151=ORIENTED_EDGE('',*,*,#3379,.F.);
#4153=ORIENTED_EDGE('',*,*,#4152,.T.);
#4155=ORIENTED_EDGE('',*,*,#4154,.T.);
#4156=ORIENTED_EDGE('',*,*,#4132,.F.);
#4157=EDGE_LOOP('',(#4151,#4153,#4155,#4156));
#4158=FACE_OUTER_BOUND('',#4157,.F.);
#4160=FILL_AREA_STYLE_COLOUR('',#5);
#4161=FILL_AREA_STYLE('',(#4160));
#4162=SURFACE_STYLE_FILL_AREA(#4161);
#4163=SURFACE_SIDE_STYLE('',(#4162));
#4164=SURFACE_STYLE_USAGE(.BOTH.,#4163);
#4165=PRESENTATION_STYLE_ASSIGNMENT((#4164));
#4166=STYLED_ITEM('',(#4165),#4159);
#4167=CARTESIAN_POINT('',(7.100075598970E0,-5.404979416967E-1,0.E0));
#4168=DIRECTION('',(0.E0,0.E0,1.E0));
#4169=DIRECTION('',(-3.090169943749E-1,-9.510565162952E-1,0.E0));
#4170=AXIS2_PLACEMENT_3D('',#4167,#4168,#4169);
#4171=CYLINDRICAL_SURFACE('',#4170,2.15E0);
#4172=ORIENTED_EDGE('',*,*,#3496,.T.);
#4174=ORIENTED_EDGE('',*,*,#4173,.T.);
#4175=ORIENTED_EDGE('',*,*,#4152,.F.);
#4176=ORIENTED_EDGE('',*,*,#3377,.F.);
#4177=EDGE_LOOP('',(#4172,#4174,#4175,#4176));
#4178=FACE_OUTER_BOUND('',#4177,.F.);
#4180=FILL_AREA_STYLE_COLOUR('',#5);
#4181=FILL_AREA_STYLE('',(#4180));
#4182=SURFACE_STYLE_FILL_AREA(#4181);
#4183=SURFACE_SIDE_STYLE('',(#4182));
#4184=SURFACE_STYLE_USAGE(.BOTH.,#4183);
#4185=PRESENTATION_STYLE_ASSIGNMENT((#4184));
#4186=STYLED_ITEM('',(#4185),#4179);
#4187=CARTESIAN_POINT('',(0.E0,0.E0,6.E0));
#4188=DIRECTION('',(0.E0,0.E0,1.E0));
#4189=DIRECTION('',(1.E0,0.E0,0.E0));
#4190=AXIS2_PLACEMENT_3D('',#4187,#4188,#4189);
#4191=PLANE('',#4190);
#4192=ORIENTED_EDGE('',*,*,#3868,.F.);
#4194=ORIENTED_EDGE('',*,*,#4193,.F.);
#4196=ORIENTED_EDGE('',*,*,#4195,.F.);
#4198=ORIENTED_EDGE('',*,*,#4197,.F.);
#4199=ORIENTED_EDGE('',*,*,#3780,.F.);
#4201=ORIENTED_EDGE('',*,*,#4200,.F.);
#4203=ORIENTED_EDGE('',*,*,#4202,.F.);
#4205=ORIENTED_EDGE('',*,*,#4204,.F.);
#4206=ORIENTED_EDGE('',*,*,#3805,.F.);
#4208=ORIENTED_EDGE('',*,*,#4207,.F.);
#4210=ORIENTED_EDGE('',*,*,#4209,.F.);
#4212=ORIENTED_EDGE('',*,*,#4211,.F.);
#4213=ORIENTED_EDGE('',*,*,#4110,.F.);
#4215=ORIENTED_EDGE('',*,*,#4214,.F.);
#4217=ORIENTED_EDGE('',*,*,#4216,.F.);
#4219=ORIENTED_EDGE('',*,*,#4218,.F.);
#4220=ORIENTED_EDGE('',*,*,#4088,.F.);
#4222=ORIENTED_EDGE('',*,*,#4221,.F.);
#4224=ORIENTED_EDGE('',*,*,#4223,.F.);
#4226=ORIENTED_EDGE('',*,*,#4225,.F.);
#4227=ORIENTED_EDGE('',*,*,#4066,.F.);
#4229=ORIENTED_EDGE('',*,*,#4228,.F.);
#4231=ORIENTED_EDGE('',*,*,#4230,.F.);
#4233=ORIENTED_EDGE('',*,*,#4232,.F.);
#4234=ORIENTED_EDGE('',*,*,#4044,.F.);
#4236=ORIENTED_EDGE('',*,*,#4235,.F.);
#4238=ORIENTED_EDGE('',*,*,#4237,.F.);
#4240=ORIENTED_EDGE('',*,*,#4239,.F.);
#4241=ORIENTED_EDGE('',*,*,#4022,.F.);
#4243=ORIENTED_EDGE('',*,*,#4242,.F.);
#4245=ORIENTED_EDGE('',*,*,#4244,.F.);
#4247=ORIENTED_EDGE('',*,*,#4246,.F.);
#4248=ORIENTED_EDGE('',*,*,#3844,.F.);
#4250=ORIENTED_EDGE('',*,*,#4249,.F.);
#4252=ORIENTED_EDGE('',*,*,#4251,.F.);
#4254=ORIENTED_EDGE('',*,*,#4253,.F.);
#4255=ORIENTED_EDGE('',*,*,#3825,.F.);
#4257=ORIENTED_EDGE('',*,*,#4256,.F.);
#4259=ORIENTED_EDGE('',*,*,#4258,.F.);
#4261=ORIENTED_EDGE('',*,*,#4260,.F.);
#4262=ORIENTED_EDGE('',*,*,#3472,.F.);
#4263=ORIENTED_EDGE('',*,*,#4134,.F.);
#4264=ORIENTED_EDGE('',*,*,#4154,.F.);
#4265=ORIENTED_EDGE('',*,*,#4173,.F.);
#4266=ORIENTED_EDGE('',*,*,#3494,.F.);
#4268=ORIENTED_EDGE('',*,*,#4267,.F.);
#4270=ORIENTED_EDGE('',*,*,#4269,.F.);
#4272=ORIENTED_EDGE('',*,*,#4271,.F.);
#4273=ORIENTED_EDGE('',*,*,#3516,.F.);
#4275=ORIENTED_EDGE('',*,*,#4274,.F.);
#4277=ORIENTED_EDGE('',*,*,#4276,.F.);
#4279=ORIENTED_EDGE('',*,*,#4278,.F.);
#4280=ORIENTED_EDGE('',*,*,#3538,.F.);
#4282=ORIENTED_EDGE('',*,*,#4281,.F.);
#4284=ORIENTED_EDGE('',*,*,#4283,.F.);
#4286=ORIENTED_EDGE('',*,*,#4285,.F.);
#4287=ORIENTED_EDGE('',*,*,#3560,.F.);
#4289=ORIENTED_EDGE('',*,*,#4288,.F.);
#4291=ORIENTED_EDGE('',*,*,#4290,.F.);
#4293=ORIENTED_EDGE('',*,*,#4292,.F.);
#4294=ORIENTED_EDGE('',*,*,#3582,.F.);
#4296=ORIENTED_EDGE('',*,*,#4295,.F.);
#4298=ORIENTED_EDGE('',*,*,#4297,.F.);
#4300=ORIENTED_EDGE('',*,*,#4299,.F.);
#4301=ORIENTED_EDGE('',*,*,#3604,.F.);
#4303=ORIENTED_EDGE('',*,*,#4302,.F.);
#4305=ORIENTED_EDGE('',*,*,#4304,.F.);
#4307=ORIENTED_EDGE('',*,*,#4306,.F.);
#4308=ORIENTED_EDGE('',*,*,#3626,.F.);
#4310=ORIENTED_EDGE('',*,*,#4309,.F.);
#4312=ORIENTED_EDGE('',*,*,#4311,.F.);
#4314=ORIENTED_EDGE('',*,*,#4313,.F.);
#4315=ORIENTED_EDGE('',*,*,#3648,.F.);
#4317=ORIENTED_EDGE('',*,*,#4316,.F.);
#4319=ORIENTED_EDGE('',*,*,#4318,.F.);
#4321=ORIENTED_EDGE('',*,*,#4320,.F.);
#4322=ORIENTED_EDGE('',*,*,#3670,.F.);
#4324=ORIENTED_EDGE('',*,*,#4323,.F.);
#4326=ORIENTED_EDGE('',*,*,#4325,.F.);
#4328=ORIENTED_EDGE('',*,*,#4327,.F.);
#4329=ORIENTED_EDGE('',*,*,#3692,.F.);
#4331=ORIENTED_EDGE('',*,*,#4330,.F.);
#4333=ORIENTED_EDGE('',*,*,#4332,.F.);
#4335=ORIENTED_EDGE('',*,*,#4334,.F.);
#4336=ORIENTED_EDGE('',*,*,#3714,.F.);
#4338=ORIENTED_EDGE('',*,*,#4337,.F.);
#4340=ORIENTED_EDGE('',*,*,#4339,.F.);
#4342=ORIENTED_EDGE('',*,*,#4341,.F.);
#4343=ORIENTED_EDGE('',*,*,#3736,.F.);
#4345=ORIENTED_EDGE('',*,*,#4344,.F.);
#4347=ORIENTED_EDGE('',*,*,#4346,.F.);
#4349=ORIENTED_EDGE('',*,*,#4348,.F.);
#4350=ORIENTED_EDGE('',*,*,#3758,.F.);
#4352=ORIENTED_EDGE('',*,*,#4351,.F.);
#4354=ORIENTED_EDGE('',*,*,#4353,.F.);
#4356=ORIENTED_EDGE('',*,*,#4355,.F.);
#4357=ORIENTED_EDGE('',*,*,#3998,.F.);
#4359=ORIENTED_EDGE('',*,*,#4358,.F.);
#4361=ORIENTED_EDGE('',*,*,#4360,.F.);
#4363=ORIENTED_EDGE('',*,*,#4362,.F.);
#4364=ORIENTED_EDGE('',*,*,#3978,.F.);
#4366=ORIENTED_EDGE('',*,*,#4365,.F.);
#4368=ORIENTED_EDGE('',*,*,#4367,.F.);
#4370=ORIENTED_EDGE('',*,*,#4369,.F.);
#4371=ORIENTED_EDGE('',*,*,#3956,.F.);
#4373=ORIENTED_EDGE('',*,*,#4372,.F.);
#4375=ORIENTED_EDGE('',*,*,#4374,.F.);
#4377=ORIENTED_EDGE('',*,*,#4376,.F.);
#4378=ORIENTED_EDGE('',*,*,#3934,.F.);
#4380=ORIENTED_EDGE('',*,*,#4379,.F.);
#4382=ORIENTED_EDGE('',*,*,#4381,.F.);
#4384=ORIENTED_EDGE('',*,*,#4383,.F.);
#4385=ORIENTED_EDGE('',*,*,#3912,.F.);
#4387=ORIENTED_EDGE('',*,*,#4386,.F.);
#4389=ORIENTED_EDGE('',*,*,#4388,.F.);
#4391=ORIENTED_EDGE('',*,*,#4390,.F.);
#4392=ORIENTED_EDGE('',*,*,#3890,.F.);
#4394=ORIENTED_EDGE('',*,*,#4393,.F.);
#4396=ORIENTED_EDGE('',*,*,#4395,.F.);
#4398=ORIENTED_EDGE('',*,*,#4397,.F.);
#4399=EDGE_LOOP('',(#4192,#4194,#4196,#4198,#4199,#4201,#4203,#4205,#4206,#4208,
#4210,#4212,#4213,#4215,#4217,#4219,#4220,#4222,#4224,#4226,#4227,#4229,#4231,
#4233,#4234,#4236,#4238,#4240,#4241,#4243,#4245,#4247,#4248,#4250,#4252,#4254,
#4255,#4257,#4259,#4261,#4262,#4263,#4264,#4265,#4266,#4268,#4270,#4272,#4273,
#4275,#4277,#4279,#4280,#4282,#4284,#4286,#4287,#4289,#4291,#4293,#4294,#4296,
#4298,#4300,#4301,#4303,#4305,#4307,#4308,#4310,#4312,#4314,#4315,#4317,#4319,
#4321,#4322,#4324,#4326,#4328,#4329,#4331,#4333,#4335,#4336,#4338,#4340,#4342,
#4343,#4345,#4347,#4349,#4350,#4352,#4354,#4356,#4357,#4359,#4361,#4363,#4364,
#4366,#4368,#4370,#4371,#4373,#4375,#4377,#4378,#4380,#4382,#4384,#4385,#4387,
#4389,#4391,#4392,#4394,#4396,#4398));
#4400=FACE_OUTER_BOUND('',#4399,.F.);
#4402=FILL_AREA_STYLE_COLOUR('',#5);
#4403=FILL_AREA_STYLE('',(#4402));
#4404=SURFACE_STYLE_FILL_AREA(#4403);
#4405=SURFACE_SIDE_STYLE('',(#4404));
#4406=SURFACE_STYLE_USAGE(.BOTH.,#4405);
#4407=PRESENTATION_STYLE_ASSIGNMENT((#4406));
#4408=STYLED_ITEM('',(#4407),#4401);
#4409=CARTESIAN_POINT('',(2.046229540255E-1,7.117678061190E0,0.E0));
#4410=DIRECTION('',(0.E0,0.E0,1.E0));
#4411=DIRECTION('',(9.781476007338E-1,2.079116908178E-1,0.E0));
#4412=AXIS2_PLACEMENT_3D('',#4409,#4410,#4411);
#4413=CYLINDRICAL_SURFACE('',#4412,2.15E0);
#4414=ORIENTED_EDGE('',*,*,#3866,.F.);
#4415=ORIENTED_EDGE('',*,*,#3221,.F.);
#4417=ORIENTED_EDGE('',*,*,#4416,.T.);
#4418=ORIENTED_EDGE('',*,*,#4193,.T.);
#4419=EDGE_LOOP('',(#4414,#4415,#4417,#4418));
#4420=FACE_OUTER_BOUND('',#4419,.F.);
#4422=FILL_AREA_STYLE_COLOUR('',#5);
#4423=FILL_AREA_STYLE('',(#4422));
#4424=SURFACE_STYLE_FILL_AREA(#4423);
#4425=SURFACE_SIDE_STYLE('',(#4424));
#4426=SURFACE_STYLE_USAGE(.BOTH.,#4425);
#4427=PRESENTATION_STYLE_ASSIGNMENT((#4426));
#4428=STYLED_ITEM('',(#4427),#4421);
#4429=CARTESIAN_POINT('',(-1.486805883937E0,7.860623910574E0,0.E0));
#4430=DIRECTION('',(-2.079116908178E-1,9.781476007338E-1,0.E0));
#4431=DIRECTION('',(-9.781476007338E-1,-2.079116908178E-1,0.E0));
#4432=AXIS2_PLACEMENT_3D('',#4429,#4430,#4431);
#4433=PLANE('',#4432);
#4434=ORIENTED_EDGE('',*,*,#3219,.F.);
#4436=ORIENTED_EDGE('',*,*,#4435,.T.);
#4437=ORIENTED_EDGE('',*,*,#4195,.T.);
#4438=ORIENTED_EDGE('',*,*,#4416,.F.);
#4439=EDGE_LOOP('',(#4434,#4436,#4437,#4438));
#4440=FACE_OUTER_BOUND('',#4439,.F.);
#4442=FILL_AREA_STYLE_COLOUR('',#5);
#4443=FILL_AREA_STYLE('',(#4442));
#4444=SURFACE_STYLE_FILL_AREA(#4443);
#4445=SURFACE_SIDE_STYLE('',(#4444));
#4446=SURFACE_STYLE_USAGE(.BOTH.,#4445);
#4447=PRESENTATION_STYLE_ASSIGNMENT((#4446));
#4448=STYLED_ITEM('',(#4447),#4441);
#4449=CARTESIAN_POINT('',(-3.081952851282E0,6.419094808346E0,0.E0));
#4450=DIRECTION('',(0.E0,0.E0,1.E0));
#4451=DIRECTION('',(9.781476007338E-1,2.079116908178E-1,0.E0));
#4452=AXIS2_PLACEMENT_3D('',#4449,#4450,#4451);
#4453=CYLINDRICAL_SURFACE('',#4452,2.15E0);
#4454=ORIENTED_EDGE('',*,*,#3782,.T.);
#4455=ORIENTED_EDGE('',*,*,#4197,.T.);
#4456=ORIENTED_EDGE('',*,*,#4435,.F.);
#4457=ORIENTED_EDGE('',*,*,#3217,.F.);
#4458=EDGE_LOOP('',(#4454,#4455,#4456,#4457));
#4459=FACE_OUTER_BOUND('',#4458,.F.);
#4461=FILL_AREA_STYLE_COLOUR('',#5);
#4462=FILL_AREA_STYLE('',(#4461));
#4463=SURFACE_STYLE_FILL_AREA(#4462);
#4464=SURFACE_SIDE_STYLE('',(#4463));
#4465=SURFACE_STYLE_USAGE(.BOTH.,#4464);
#4466=PRESENTATION_STYLE_ASSIGNMENT((#4465));
#4467=STYLED_ITEM('',(#4466),#4460);
#4468=CARTESIAN_POINT('',(1.679999931934E0,6.919596213998E0,0.E0));
#4469=DIRECTION('',(0.E0,0.E0,1.E0));
#4470=DIRECTION('',(1.E0,0.E0,0.E0));
#4471=AXIS2_PLACEMENT_3D('',#4468,#4469,#4470);
#4472=CYLINDRICAL_SURFACE('',#4471,2.15E0);
#4473=ORIENTED_EDGE('',*,*,#3778,.F.);
#4474=ORIENTED_EDGE('',*,*,#3453,.F.);
#4476=ORIENTED_EDGE('',*,*,#4475,.T.);
#4477=ORIENTED_EDGE('',*,*,#4200,.T.);
#4478=EDGE_LOOP('',(#4473,#4474,#4476,#4477));
#4479=FACE_OUTER_BOUND('',#4478,.F.);
#4481=FILL_AREA_STYLE_COLOUR('',#5);
#4482=FILL_AREA_STYLE('',(#4481));
#4483=SURFACE_STYLE_FILL_AREA(#4482);
#4484=SURFACE_SIDE_STYLE('',(#4483));
#4485=SURFACE_STYLE_USAGE(.BOTH.,#4484);
#4486=PRESENTATION_STYLE_ASSIGNMENT((#4485));
#4487=STYLED_ITEM('',(#4486),#4480);
#4488=CARTESIAN_POINT('',(1.8E-1,7.997974743646E0,0.E0));
#4489=DIRECTION('',(0.E0,1.E0,0.E0));
#4490=DIRECTION('',(-1.E0,0.E0,0.E0));
#4491=AXIS2_PLACEMENT_3D('',#4488,#4489,#4490);
#4492=PLANE('',#4491);
#4493=ORIENTED_EDGE('',*,*,#3451,.F.);
#4495=ORIENTED_EDGE('',*,*,#4494,.T.);
#4496=ORIENTED_EDGE('',*,*,#4202,.T.);
#4497=ORIENTED_EDGE('',*,*,#4475,.F.);
#4498=EDGE_LOOP('',(#4493,#4495,#4496,#4497));
#4499=FACE_OUTER_BOUND('',#4498,.F.);
#4501=FILL_AREA_STYLE_COLOUR('',#5);
#4502=FILL_AREA_STYLE('',(#4501));
#4503=SURFACE_STYLE_FILL_AREA(#4502);
#4504=SURFACE_SIDE_STYLE('',(#4503));
#4505=SURFACE_STYLE_USAGE(.BOTH.,#4504);
#4506=PRESENTATION_STYLE_ASSIGNMENT((#4505));
#4507=STYLED_ITEM('',(#4506),#4500);
#4508=CARTESIAN_POINT('',(-1.679999931934E0,6.919596213998E0,0.E0));
#4509=DIRECTION('',(0.E0,0.E0,1.E0));
#4510=DIRECTION('',(1.E0,0.E0,0.E0));
#4511=AXIS2_PLACEMENT_3D('',#4508,#4509,#4510);
#4512=CYLINDRICAL_SURFACE('',#4511,2.15E0);
#4513=ORIENTED_EDGE('',*,*,#3800,.T.);
#4514=ORIENTED_EDGE('',*,*,#4204,.T.);
#4515=ORIENTED_EDGE('',*,*,#4494,.F.);
#4516=ORIENTED_EDGE('',*,*,#3449,.F.);
#4517=EDGE_LOOP('',(#4513,#4514,#4515,#4516));
#4518=FACE_OUTER_BOUND('',#4517,.F.);
#4520=FILL_AREA_STYLE_COLOUR('',#5);
#4521=FILL_AREA_STYLE('',(#4520));
#4522=SURFACE_STYLE_FILL_AREA(#4521);
#4523=SURFACE_SIDE_STYLE('',(#4522));
#4524=SURFACE_STYLE_USAGE(.BOTH.,#4523);
#4525=PRESENTATION_STYLE_ASSIGNMENT((#4524));
#4526=STYLED_ITEM('',(#4525),#4519);
#4527=CARTESIAN_POINT('',(3.081952851282E0,6.419094808346E0,0.E0));
#4528=DIRECTION('',(0.E0,0.E0,1.E0));
#4529=DIRECTION('',(9.781476007338E-1,-2.079116908178E-1,0.E0));
#4530=AXIS2_PLACEMENT_3D('',#4527,#4528,#4529);
#4531=CYLINDRICAL_SURFACE('',#4530,2.15E0);
#4532=ORIENTED_EDGE('',*,*,#3803,.F.);
#4533=ORIENTED_EDGE('',*,*,#3445,.F.);
#4535=ORIENTED_EDGE('',*,*,#4534,.T.);
#4536=ORIENTED_EDGE('',*,*,#4207,.T.);
#4537=EDGE_LOOP('',(#4532,#4533,#4535,#4536));
#4538=FACE_OUTER_BOUND('',#4537,.F.);
#4540=FILL_AREA_STYLE_COLOUR('',#5);
#4541=FILL_AREA_STYLE('',(#4540));
#4542=SURFACE_STYLE_FILL_AREA(#4541);
#4543=SURFACE_SIDE_STYLE('',(#4542));
#4544=SURFACE_STYLE_USAGE(.BOTH.,#4543);
#4545=PRESENTATION_STYLE_ASSIGNMENT((#4544));
#4546=STYLED_ITEM('',(#4545),#4539);
#4547=CARTESIAN_POINT('',(1.838939020201E0,7.785775701880E0,0.E0));
#4548=DIRECTION('',(2.079116908178E-1,9.781476007338E-1,0.E0));
#4549=DIRECTION('',(-9.781476007338E-1,2.079116908178E-1,0.E0));
#4550=AXIS2_PLACEMENT_3D('',#4547,#4548,#4549);
#4551=PLANE('',#4550);
#4552=ORIENTED_EDGE('',*,*,#3443,.F.);
#4554=ORIENTED_EDGE('',*,*,#4553,.T.);
#4555=ORIENTED_EDGE('',*,*,#4209,.T.);
#4556=ORIENTED_EDGE('',*,*,#4534,.F.);
#4557=EDGE_LOOP('',(#4552,#4554,#4555,#4556));
#4558=FACE_OUTER_BOUND('',#4557,.F.);
#4560=FILL_AREA_STYLE_COLOUR('',#5);
#4561=FILL_AREA_STYLE('',(#4560));
#4562=SURFACE_STYLE_FILL_AREA(#4561);
#4563=SURFACE_SIDE_STYLE('',(#4562));
#4564=SURFACE_STYLE_USAGE(.BOTH.,#4563);
#4565=PRESENTATION_STYLE_ASSIGNMENT((#4564));
#4566=STYLED_ITEM('',(#4565),#4559);
#4567=CARTESIAN_POINT('',(-2.046229540256E-1,7.117678061191E0,0.E0));
#4568=DIRECTION('',(0.E0,0.E0,1.E0));
#4569=DIRECTION('',(9.781476007338E-1,-2.079116908178E-1,0.E0));
#4570=AXIS2_PLACEMENT_3D('',#4567,#4568,#4569);
#4571=CYLINDRICAL_SURFACE('',#4570,2.15E0);
#4572=ORIENTED_EDGE('',*,*,#4112,.T.);
#4573=ORIENTED_EDGE('',*,*,#4211,.T.);
#4574=ORIENTED_EDGE('',*,*,#4553,.F.);
#4575=ORIENTED_EDGE('',*,*,#3441,.F.);
#4576=EDGE_LOOP('',(#4572,#4573,#4574,#4575));
#4577=FACE_OUTER_BOUND('',#4576,.F.);
#4579=FILL_AREA_STYLE_COLOUR('',#5);
#4580=FILL_AREA_STYLE('',(#4579));
#4581=SURFACE_STYLE_FILL_AREA(#4580);
#4582=SURFACE_SIDE_STYLE('',(#4581));
#4583=SURFACE_STYLE_USAGE(.BOTH.,#4582);
#4584=PRESENTATION_STYLE_ASSIGNMENT((#4583));
#4585=STYLED_ITEM('',(#4584),#4578);
#4586=CARTESIAN_POINT('',(4.349209642179E0,5.638048157336E0,0.E0));
#4587=DIRECTION('',(0.E0,0.E0,1.E0));
#4588=DIRECTION('',(9.135454576426E-1,-4.067366430758E-1,0.E0));
#4589=AXIS2_PLACEMENT_3D('',#4586,#4587,#4588);
#4590=CYLINDRICAL_SURFACE('',#4589,2.15E0);
#4591=ORIENTED_EDGE('',*,*,#4108,.F.);
#4592=ORIENTED_EDGE('',*,*,#3437,.F.);
#4594=ORIENTED_EDGE('',*,*,#4593,.T.);
#4595=ORIENTED_EDGE('',*,*,#4214,.T.);
#4596=EDGE_LOOP('',(#4591,#4592,#4594,#4595));
#4597=FACE_OUTER_BOUND('',#4596,.F.);
#4599=FILL_AREA_STYLE_COLOUR('',#5);
#4600=FILL_AREA_STYLE('',(#4599));
#4601=SURFACE_STYLE_FILL_AREA(#4600);
#4602=SURFACE_SIDE_STYLE('',(#4601));
#4603=SURFACE_STYLE_USAGE(.BOTH.,#4602);
#4604=PRESENTATION_STYLE_ASSIGNMENT((#4603));
#4605=STYLED_ITEM('',(#4604),#4598);
#4606=CARTESIAN_POINT('',(3.417507581011E0,7.233300901644E0,0.E0));
#4607=DIRECTION('',(4.067366430758E-1,9.135454576426E-1,0.E0));
#4608=DIRECTION('',(-9.135454576426E-1,4.067366430758E-1,0.E0));
#4609=AXIS2_PLACEMENT_3D('',#4606,#4607,#4608);
#4610=PLANE('',#4609);
#4611=ORIENTED_EDGE('',*,*,#3435,.F.);
#4613=ORIENTED_EDGE('',*,*,#4612,.T.);
#4614=ORIENTED_EDGE('',*,*,#4216,.T.);
#4615=ORIENTED_EDGE('',*,*,#4593,.F.);
#4616=EDGE_LOOP('',(#4611,#4613,#4614,#4615));
#4617=FACE_OUTER_BOUND('',#4616,.F.);
#4619=FILL_AREA_STYLE_COLOUR('',#5);
#4620=FILL_AREA_STYLE('',(#4619));
#4621=SURFACE_STYLE_FILL_AREA(#4620);
#4622=SURFACE_SIDE_STYLE('',(#4621));
#4623=SURFACE_STYLE_USAGE(.BOTH.,#4622);
#4624=PRESENTATION_STYLE_ASSIGNMENT((#4623));
#4625=STYLED_ITEM('',(#4624),#4618);
#4626=CARTESIAN_POINT('',(1.279697028863E0,7.004683222701E0,0.E0));
#4627=DIRECTION('',(0.E0,0.E0,1.E0));
#4628=DIRECTION('',(9.135454576426E-1,-4.067366430758E-1,0.E0));
#4629=AXIS2_PLACEMENT_3D('',#4626,#4627,#4628);
#4630=CYLINDRICAL_SURFACE('',#4629,2.15E0);
#4631=ORIENTED_EDGE('',*,*,#4090,.T.);
#4632=ORIENTED_EDGE('',*,*,#4218,.T.);
#4633=ORIENTED_EDGE('',*,*,#4612,.F.);
#4634=ORIENTED_EDGE('',*,*,#3433,.F.);
#4635=EDGE_LOOP('',(#4631,#4632,#4633,#4634));
#4636=FACE_OUTER_BOUND('',#4635,.F.);
#4638=FILL_AREA_STYLE_COLOUR('',#5);
#4639=FILL_AREA_STYLE('',(#4638));
#4640=SURFACE_STYLE_FILL_AREA(#4639);
#4641=SURFACE_SIDE_STYLE('',(#4640));
#4642=SURFACE_STYLE_USAGE(.BOTH.,#4641);
#4643=PRESENTATION_STYLE_ASSIGNMENT((#4642));
#4644=STYLED_ITEM('',(#4643),#4637);
#4645=CARTESIAN_POINT('',(5.426385101890E0,4.610591747494E0,0.E0));
#4646=DIRECTION('',(0.E0,0.E0,1.E0));
#4647=DIRECTION('',(8.090169943749E-1,-5.877852522925E-1,0.E0));
#4648=AXIS2_PLACEMENT_3D('',#4645,#4646,#4647);
#4649=CYLINDRICAL_SURFACE('',#4648,2.15E0);
#4650=ORIENTED_EDGE('',*,*,#4086,.F.);
#4651=ORIENTED_EDGE('',*,*,#3429,.F.);
#4653=ORIENTED_EDGE('',*,*,#4652,.T.);
#4654=ORIENTED_EDGE('',*,*,#4221,.T.);
#4655=EDGE_LOOP('',(#4650,#4651,#4653,#4654));
#4656=FACE_OUTER_BOUND('',#4655,.F.);
#4658=FILL_AREA_STYLE_COLOUR('',#5);
#4659=FILL_AREA_STYLE('',(#4658));
#4660=SURFACE_STYLE_FILL_AREA(#4659);
#4661=SURFACE_SIDE_STYLE('',(#4660));
#4662=SURFACE_STYLE_USAGE(.BOTH.,#4661);
#4663=PRESENTATION_STYLE_ASSIGNMENT((#4662));
#4664=STYLED_ITEM('',(#4663),#4657);
#4665=CARTESIAN_POINT('',(4.846714661510E0,6.364696142779E0,0.E0));
#4666=DIRECTION('',(5.877852522925E-1,8.090169943749E-1,0.E0));
#4667=DIRECTION('',(-8.090169943749E-1,5.877852522925E-1,0.E0));
#4668=AXIS2_PLACEMENT_3D('',#4665,#4666,#4667);
#4669=PLANE('',#4668);
#4670=ORIENTED_EDGE('',*,*,#3427,.F.);
#4672=ORIENTED_EDGE('',*,*,#4671,.T.);
#4673=ORIENTED_EDGE('',*,*,#4223,.T.);
#4674=ORIENTED_EDGE('',*,*,#4652,.F.);
#4675=EDGE_LOOP('',(#4670,#4672,#4673,#4674));
#4676=FACE_OUTER_BOUND('',#4675,.F.);
#4678=FILL_AREA_STYLE_COLOUR('',#5);
#4679=FILL_AREA_STYLE('',(#4678));
#4680=SURFACE_STYLE_FILL_AREA(#4679);
#4681=SURFACE_SIDE_STYLE('',(#4680));
#4682=SURFACE_STYLE_USAGE(.BOTH.,#4681);
#4683=PRESENTATION_STYLE_ASSIGNMENT((#4682));
#4684=STYLED_ITEM('',(#4683),#4677);
#4685=CARTESIAN_POINT('',(2.708088110923E0,6.585550115180E0,0.E0));
#4686=DIRECTION('',(0.E0,0.E0,1.E0));
#4687=DIRECTION('',(8.090169943749E-1,-5.877852522925E-1,0.E0));
#4688=AXIS2_PLACEMENT_3D('',#4685,#4686,#4687);
#4689=CYLINDRICAL_SURFACE('',#4688,2.15E0);
#4690=ORIENTED_EDGE('',*,*,#4068,.T.);
#4691=ORIENTED_EDGE('',*,*,#4225,.T.);
#4692=ORIENTED_EDGE('',*,*,#4671,.F.);
#4693=ORIENTED_EDGE('',*,*,#3425,.F.);
#4694=EDGE_LOOP('',(#4690,#4691,#4692,#4693));
#4695=FACE_OUTER_BOUND('',#4694,.F.);
#4697=FILL_AREA_STYLE_COLOUR('',#5);
#4698=FILL_AREA_STYLE('',(#4697));
#4699=SURFACE_STYLE_FILL_AREA(#4698);
#4700=SURFACE_SIDE_STYLE('',(#4699));
#4701=SURFACE_STYLE_USAGE(.BOTH.,#4700);
#4702=PRESENTATION_STYLE_ASSIGNMENT((#4701));
#4703=STYLED_ITEM('',(#4702),#4696);
#4704=CARTESIAN_POINT('',(6.266401493963E0,3.381630354212E0,0.E0));
#4705=DIRECTION('',(0.E0,0.E0,1.E0));
#4706=DIRECTION('',(6.691306063589E-1,-7.431448254774E-1,0.E0));
#4707=AXIS2_PLACEMENT_3D('',#4704,#4705,#4706);
#4708=CYLINDRICAL_SURFACE('',#4707,2.15E0);
#4709=ORIENTED_EDGE('',*,*,#4064,.F.);
#4710=ORIENTED_EDGE('',*,*,#3421,.F.);
#4712=ORIENTED_EDGE('',*,*,#4711,.T.);
#4713=ORIENTED_EDGE('',*,*,#4228,.T.);
#4714=EDGE_LOOP('',(#4709,#4710,#4712,#4713));
#4715=FACE_OUTER_BOUND('',#4714,.F.);
#4717=FILL_AREA_STYLE_COLOUR('',#5);
#4718=FILL_AREA_STYLE('',(#4717));
#4719=SURFACE_STYLE_FILL_AREA(#4718);
#4720=SURFACE_SIDE_STYLE('',(#4719));
#4721=SURFACE_STYLE_USAGE(.BOTH.,#4720);
#4722=PRESENTATION_STYLE_ASSIGNMENT((#4721));
#4723=STYLED_ITEM('',(#4722),#4716);
#4724=CARTESIAN_POINT('',(6.064097054184E0,5.217923621273E0,0.E0));
#4725=DIRECTION('',(7.431448254774E-1,6.691306063589E-1,0.E0));
#4726=DIRECTION('',(-6.691306063589E-1,7.431448254774E-1,0.E0));
#4727=AXIS2_PLACEMENT_3D('',#4724,#4725,#4726);
#4728=PLANE('',#4727);
#4729=ORIENTED_EDGE('',*,*,#3419,.F.);
#4731=ORIENTED_EDGE('',*,*,#4730,.T.);
#4732=ORIENTED_EDGE('',*,*,#4230,.T.);
#4733=ORIENTED_EDGE('',*,*,#4711,.F.);
#4734=EDGE_LOOP('',(#4729,#4731,#4732,#4733));
#4735=FACE_OUTER_BOUND('',#4734,.F.);
#4737=FILL_AREA_STYLE_COLOUR('',#5);
#4738=FILL_AREA_STYLE('',(#4737));
#4739=SURFACE_STYLE_FILL_AREA(#4738);
#4740=SURFACE_SIDE_STYLE('',(#4739));
#4741=SURFACE_STYLE_USAGE(.BOTH.,#4740);
#4742=PRESENTATION_STYLE_ASSIGNMENT((#4741));
#4743=STYLED_ITEM('',(#4742),#4736);
#4744=CARTESIAN_POINT('',(4.018122747688E0,5.878596866650E0,0.E0));
#4745=DIRECTION('',(0.E0,0.E0,1.E0));
#4746=DIRECTION('',(6.691306063589E-1,-7.431448254774E-1,0.E0));
#4747=AXIS2_PLACEMENT_3D('',#4744,#4745,#4746);
#4748=CYLINDRICAL_SURFACE('',#4747,2.15E0);
#4749=ORIENTED_EDGE('',*,*,#4046,.T.);
#4750=ORIENTED_EDGE('',*,*,#4232,.T.);
#4751=ORIENTED_EDGE('',*,*,#4730,.F.);
#4752=ORIENTED_EDGE('',*,*,#3417,.F.);
#4753=EDGE_LOOP('',(#4749,#4750,#4751,#4752));
#4754=FACE_OUTER_BOUND('',#4753,.F.);
#4756=FILL_AREA_STYLE_COLOUR('',#5);
#4757=FILL_AREA_STYLE('',(#4756));
#4758=SURFACE_STYLE_FILL_AREA(#4757);
#4759=SURFACE_SIDE_STYLE('',(#4758));
#4760=SURFACE_STYLE_USAGE(.BOTH.,#4759);
#4761=PRESENTATION_STYLE_ASSIGNMENT((#4760));
#4762=STYLED_ITEM('',(#4761),#4755);
#4763=CARTESIAN_POINT('',(6.832546071219E0,2.004875487588E0,0.E0));
#4764=DIRECTION('',(0.E0,0.E0,1.E0));
#4765=DIRECTION('',(5.E-1,-8.660254037844E-1,0.E0));
#4766=AXIS2_PLACEMENT_3D('',#4763,#4764,#4765);
#4767=CYLINDRICAL_SURFACE('',#4766,2.15E0);
#4768=ORIENTED_EDGE('',*,*,#4042,.F.);
#4769=ORIENTED_EDGE('',*,*,#3413,.F.);
#4771=ORIENTED_EDGE('',*,*,#4770,.T.);
#4772=ORIENTED_EDGE('',*,*,#4235,.T.);
#4773=EDGE_LOOP('',(#4768,#4769,#4771,#4772));
#4774=FACE_OUTER_BOUND('',#4773,.F.);
#4776=FILL_AREA_STYLE_COLOUR('',#5);
#4777=FILL_AREA_STYLE('',(#4776));
#4778=SURFACE_STYLE_FILL_AREA(#4777);
#4779=SURFACE_SIDE_STYLE('',(#4778));
#4780=SURFACE_STYLE_USAGE(.BOTH.,#4779);
#4781=PRESENTATION_STYLE_ASSIGNMENT((#4780));
#4782=STYLED_ITEM('',(#4781),#4775);
#4783=CARTESIAN_POINT('',(7.016449306824E0,3.843102799142E0,0.E0));
#4784=DIRECTION('',(8.660254037844E-1,5.E-1,0.E0));
#4785=DIRECTION('',(-5.E-1,8.660254037844E-1,0.E0));
#4786=AXIS2_PLACEMENT_3D('',#4783,#4784,#4785);
#4787=PLANE('',#4786);
#4788=ORIENTED_EDGE('',*,*,#3411,.F.);
#4790=ORIENTED_EDGE('',*,*,#4789,.T.);
#4791=ORIENTED_EDGE('',*,*,#4237,.T.);
#4792=ORIENTED_EDGE('',*,*,#4770,.F.);
#4793=EDGE_LOOP('',(#4788,#4790,#4791,#4792));
#4794=FACE_OUTER_BOUND('',#4793,.F.);
#4796=FILL_AREA_STYLE_COLOUR('',#5);
#4797=FILL_AREA_STYLE('',(#4796));
#4798=SURFACE_STYLE_FILL_AREA(#4797);
#4799=SURFACE_SIDE_STYLE('',(#4798));
#4800=SURFACE_STYLE_USAGE(.BOTH.,#4799);
#4801=PRESENTATION_STYLE_ASSIGNMENT((#4800));
#4802=STYLED_ITEM('',(#4801),#4795);
#4803=CARTESIAN_POINT('',(5.152546139286E0,4.914720726410E0,0.E0));
#4804=DIRECTION('',(0.E0,0.E0,1.E0));
#4805=DIRECTION('',(5.E-1,-8.660254037844E-1,0.E0));
#4806=AXIS2_PLACEMENT_3D('',#4803,#4804,#4805);
#4807=CYLINDRICAL_SURFACE('',#4806,2.15E0);
#4808=ORIENTED_EDGE('',*,*,#4024,.T.);
#4809=ORIENTED_EDGE('',*,*,#4239,.T.);
#4810=ORIENTED_EDGE('',*,*,#4789,.F.);
#4811=ORIENTED_EDGE('',*,*,#3409,.F.);
#4812=EDGE_LOOP('',(#4808,#4809,#4810,#4811));
#4813=FACE_OUTER_BOUND('',#4812,.F.);
#4815=FILL_AREA_STYLE_COLOUR('',#5);
#4816=FILL_AREA_STYLE('',(#4815));
#4817=SURFACE_STYLE_FILL_AREA(#4816);
#4818=SURFACE_SIDE_STYLE('',(#4817));
#4819=SURFACE_STYLE_USAGE(.BOTH.,#4818);
#4820=PRESENTATION_STYLE_ASSIGNMENT((#4819));
#4821=STYLED_ITEM('',(#4820),#4814);
#4822=CARTESIAN_POINT('',(7.100075598970E0,5.404979416969E-1,0.E0));
#4823=DIRECTION('',(0.E0,0.E0,1.E0));
#4824=DIRECTION('',(3.090169943749E-1,-9.510565162952E-1,0.E0));
#4825=AXIS2_PLACEMENT_3D('',#4822,#4823,#4824);
#4826=CYLINDRICAL_SURFACE('',#4825,2.15E0);
#4827=ORIENTED_EDGE('',*,*,#4020,.F.);
#4828=ORIENTED_EDGE('',*,*,#3405,.F.);
#4830=ORIENTED_EDGE('',*,*,#4829,.T.);
#4831=ORIENTED_EDGE('',*,*,#4242,.T.);
#4832=EDGE_LOOP('',(#4827,#4828,#4830,#4831));
#4833=FACE_OUTER_BOUND('',#4832,.F.);
#4835=FILL_AREA_STYLE_COLOUR('',#5);
#4836=FILL_AREA_STYLE('',(#4835));
#4837=SURFACE_STYLE_FILL_AREA(#4836);
#4838=SURFACE_SIDE_STYLE('',(#4837));
#4839=SURFACE_STYLE_USAGE(.BOTH.,#4838);
#4840=PRESENTATION_STYLE_ASSIGNMENT((#4839));
#4841=STYLED_ITEM('',(#4840),#4834);
#4842=CARTESIAN_POINT('',(7.662149056096E0,2.300319943435E0,0.E0));
#4843=DIRECTION('',(9.510565162952E-1,3.090169943749E-1,0.E0));
#4844=DIRECTION('',(-3.090169943749E-1,9.510565162952E-1,0.E0));
#4845=AXIS2_PLACEMENT_3D('',#4842,#4843,#4844);
#4846=PLANE('',#4845);
#4847=ORIENTED_EDGE('',*,*,#3403,.F.);
#4849=ORIENTED_EDGE('',*,*,#4848,.T.);
#4850=ORIENTED_EDGE('',*,*,#4244,.T.);
#4851=ORIENTED_EDGE('',*,*,#4829,.F.);
#4852=EDGE_LOOP('',(#4847,#4849,#4850,#4851));
#4853=FACE_OUTER_BOUND('',#4852,.F.);
#4855=FILL_AREA_STYLE_COLOUR('',#5);
#4856=FILL_AREA_STYLE('',(#4855));
#4857=SURFACE_STYLE_FILL_AREA(#4856);
#4858=SURFACE_SIDE_STYLE('',(#4857));
#4859=SURFACE_STYLE_USAGE(.BOTH.,#4858);
#4860=PRESENTATION_STYLE_ASSIGNMENT((#4859));
#4861=STYLED_ITEM('',(#4860),#4854);
#4862=CARTESIAN_POINT('',(6.061778539937E0,3.736047706979E0,0.E0));
#4863=DIRECTION('',(0.E0,0.E0,1.E0));
#4864=DIRECTION('',(3.090169943749E-1,-9.510565162952E-1,0.E0));
#4865=AXIS2_PLACEMENT_3D('',#4862,#4863,#4864);
#4866=CYLINDRICAL_SURFACE('',#4865,2.15E0);
#4867=ORIENTED_EDGE('',*,*,#3846,.T.);
#4868=ORIENTED_EDGE('',*,*,#4246,.T.);
#4869=ORIENTED_EDGE('',*,*,#4848,.F.);
#4870=ORIENTED_EDGE('',*,*,#3401,.F.);
#4871=EDGE_LOOP('',(#4867,#4868,#4869,#4870));
#4872=FACE_OUTER_BOUND('',#4871,.F.);
#4874=FILL_AREA_STYLE_COLOUR('',#5);
#4875=FILL_AREA_STYLE('',(#4874));
#4876=SURFACE_STYLE_FILL_AREA(#4875);
#4877=SURFACE_SIDE_STYLE('',(#4876));
#4878=SURFACE_STYLE_USAGE(.BOTH.,#4877);
#4879=PRESENTATION_STYLE_ASSIGNMENT((#4878));
#4880=STYLED_ITEM('',(#4879),#4873);
#4881=CARTESIAN_POINT('',(7.057297753103E0,-9.475019578434E-1,0.E0));
#4882=DIRECTION('',(0.E0,0.E0,1.E0));
#4883=DIRECTION('',(1.045284632677E-1,-9.945218953683E-1,0.E0));
#4884=AXIS2_PLACEMENT_3D('',#4881,#4882,#4883);
#4885=CYLINDRICAL_SURFACE('',#4884,2.15E0);
#4886=ORIENTED_EDGE('',*,*,#3849,.F.);
#4887=ORIENTED_EDGE('',*,*,#3397,.F.);
#4889=ORIENTED_EDGE('',*,*,#4888,.T.);
#4890=ORIENTED_EDGE('',*,*,#4249,.T.);
#4891=EDGE_LOOP('',(#4886,#4887,#4889,#4890));
#4892=FACE_OUTER_BOUND('',#4891,.F.);
#4894=FILL_AREA_STYLE_COLOUR('',#5);
#4895=FILL_AREA_STYLE('',(#4894));
#4896=SURFACE_STYLE_FILL_AREA(#4895);
#4897=SURFACE_SIDE_STYLE('',(#4896));
#4898=SURFACE_STYLE_USAGE(.BOTH.,#4897);
#4899=PRESENTATION_STYLE_ASSIGNMENT((#4898));
#4900=STYLED_ITEM('',(#4899),#4893);
#4901=CARTESIAN_POINT('',(7.972976124547E0,6.570020680405E-1,0.E0));
#4902=DIRECTION('',(9.945218953683E-1,1.045284632677E-1,0.E0));
#4903=DIRECTION('',(-1.045284632677E-1,9.945218953683E-1,0.E0));
#4904=AXIS2_PLACEMENT_3D('',#4901,#4902,#4903);
#4905=PLANE('',#4904);
#4906=ORIENTED_EDGE('',*,*,#3395,.F.);
#4908=ORIENTED_EDGE('',*,*,#4907,.T.);
#4909=ORIENTED_EDGE('',*,*,#4251,.T.);
#4910=ORIENTED_EDGE('',*,*,#4888,.F.);
#4911=EDGE_LOOP('',(#4906,#4908,#4909,#4910));
#4912=FACE_OUTER_BOUND('',#4911,.F.);
#4914=FILL_AREA_STYLE_COLOUR('',#5);
#4915=FILL_AREA_STYLE('',(#4914));
#4916=SURFACE_STYLE_FILL_AREA(#4915);
#4917=SURFACE_SIDE_STYLE('',(#4916));
#4918=SURFACE_STYLE_USAGE(.BOTH.,#4917);
#4919=PRESENTATION_STYLE_ASSIGNMENT((#4918));
#4920=STYLED_ITEM('',(#4919),#4913);
#4921=CARTESIAN_POINT('',(6.706082130753E0,2.394091475207E0,0.E0));
#4922=DIRECTION('',(0.E0,0.E0,1.E0));
#4923=DIRECTION('',(1.045284632677E-1,-9.945218953683E-1,0.E0));
#4924=AXIS2_PLACEMENT_3D('',#4921,#4922,#4923);
#4925=CYLINDRICAL_SURFACE('',#4924,2.15E0);
#4926=ORIENTED_EDGE('',*,*,#3827,.T.);
#4927=ORIENTED_EDGE('',*,*,#4253,.T.);
#4928=ORIENTED_EDGE('',*,*,#4907,.F.);
#4929=ORIENTED_EDGE('',*,*,#3393,.F.);
#4930=EDGE_LOOP('',(#4926,#4927,#4928,#4929));
#4931=FACE_OUTER_BOUND('',#4930,.F.);
#4933=FILL_AREA_STYLE_COLOUR('',#5);
#4934=FILL_AREA_STYLE('',(#4933));
#4935=SURFACE_STYLE_FILL_AREA(#4934);
#4936=SURFACE_SIDE_STYLE('',(#4935));
#4937=SURFACE_STYLE_USAGE(.BOTH.,#4936);
#4938=PRESENTATION_STYLE_ASSIGNMENT((#4937));
#4939=STYLED_ITEM('',(#4938),#4932);
#4940=CARTESIAN_POINT('',(6.706082130753E0,-2.394091475207E0,0.E0));
#4941=DIRECTION('',(0.E0,0.E0,1.E0));
#4942=DIRECTION('',(-1.045284632677E-1,-9.945218953683E-1,0.E0));
#4943=AXIS2_PLACEMENT_3D('',#4940,#4941,#4942);
#4944=CYLINDRICAL_SURFACE('',#4943,2.15E0);
#4945=ORIENTED_EDGE('',*,*,#3823,.F.);
#4946=ORIENTED_EDGE('',*,*,#3389,.F.);
#4948=ORIENTED_EDGE('',*,*,#4947,.T.);
#4949=ORIENTED_EDGE('',*,*,#4256,.T.);
#4950=EDGE_LOOP('',(#4945,#4946,#4948,#4949));
#4951=FACE_OUTER_BOUND('',#4950,.F.);
#4953=FILL_AREA_STYLE_COLOUR('',#5);
#4954=FILL_AREA_STYLE('',(#4953));
#4955=SURFACE_STYLE_FILL_AREA(#4954);
#4956=SURFACE_SIDE_STYLE('',(#4955));
#4957=SURFACE_STYLE_USAGE(.BOTH.,#4956);
#4958=PRESENTATION_STYLE_ASSIGNMENT((#4957));
#4959=STYLED_ITEM('',(#4958),#4952);
#4960=CARTESIAN_POINT('',(7.935345877770E0,-1.015029950373E0,0.E0));
#4961=DIRECTION('',(9.945218953683E-1,-1.045284632677E-1,0.E0));
#4962=DIRECTION('',(1.045284632677E-1,9.945218953683E-1,0.E0));
#4963=AXIS2_PLACEMENT_3D('',#4960,#4961,#4962);
#4964=PLANE('',#4963);
#4965=ORIENTED_EDGE('',*,*,#3387,.F.);
#4967=ORIENTED_EDGE('',*,*,#4966,.T.);
#4968=ORIENTED_EDGE('',*,*,#4258,.T.);
#4969=ORIENTED_EDGE('',*,*,#4947,.F.);
#4970=EDGE_LOOP('',(#4965,#4967,#4968,#4969));
#4971=FACE_OUTER_BOUND('',#4970,.F.);
#4973=FILL_AREA_STYLE_COLOUR('',#5);
#4974=FILL_AREA_STYLE('',(#4973));
#4975=SURFACE_STYLE_FILL_AREA(#4974);
#4976=SURFACE_SIDE_STYLE('',(#4975));
#4977=SURFACE_STYLE_USAGE(.BOTH.,#4976);
#4978=PRESENTATION_STYLE_ASSIGNMENT((#4977));
#4979=STYLED_ITEM('',(#4978),#4972);
#4980=CARTESIAN_POINT('',(7.057297753103E0,9.475019578436E-1,0.E0));
#4981=DIRECTION('',(0.E0,0.E0,1.E0));
#4982=DIRECTION('',(-1.045284632677E-1,-9.945218953683E-1,0.E0));
#4983=AXIS2_PLACEMENT_3D('',#4980,#4981,#4982);
#4984=CYLINDRICAL_SURFACE('',#4983,2.15E0);
#4985=ORIENTED_EDGE('',*,*,#3474,.T.);
#4986=ORIENTED_EDGE('',*,*,#4260,.T.);
#4987=ORIENTED_EDGE('',*,*,#4966,.F.);
#4988=ORIENTED_EDGE('',*,*,#3385,.F.);
#4989=EDGE_LOOP('',(#4985,#4986,#4987,#4988));
#4990=FACE_OUTER_BOUND('',#4989,.F.);
#4992=FILL_AREA_STYLE_COLOUR('',#5);
#4993=FILL_AREA_STYLE('',(#4992));
#4994=SURFACE_STYLE_FILL_AREA(#4993);
#4995=SURFACE_SIDE_STYLE('',(#4994));
#4996=SURFACE_STYLE_USAGE(.BOTH.,#4995);
#4997=PRESENTATION_STYLE_ASSIGNMENT((#4996));
#4998=STYLED_ITEM('',(#4997),#4991);
#4999=CARTESIAN_POINT('',(5.152546139286E0,-4.914720726409E0,0.E0));
#5000=DIRECTION('',(0.E0,0.E0,1.E0));
#5001=DIRECTION('',(-5.E-1,-8.660254037844E-1,0.E0));
#5002=AXIS2_PLACEMENT_3D('',#4999,#5000,#5001);
#5003=CYLINDRICAL_SURFACE('',#5002,2.15E0);
#5004=ORIENTED_EDGE('',*,*,#3492,.F.);
#5005=ORIENTED_EDGE('',*,*,#3373,.F.);
#5007=ORIENTED_EDGE('',*,*,#5006,.T.);
#5008=ORIENTED_EDGE('',*,*,#4267,.T.);
#5009=EDGE_LOOP('',(#5004,#5005,#5007,#5008));
#5010=FACE_OUTER_BOUND('',#5009,.F.);
#5012=FILL_AREA_STYLE_COLOUR('',#5);
#5013=FILL_AREA_STYLE('',(#5012));
#5014=SURFACE_STYLE_FILL_AREA(#5013);
#5015=SURFACE_SIDE_STYLE('',(#5014));
#5016=SURFACE_STYLE_USAGE(.BOTH.,#5015);
#5017=PRESENTATION_STYLE_ASSIGNMENT((#5016));
#5018=STYLED_ITEM('',(#5017),#5011);
#5019=CARTESIAN_POINT('',(6.836449306824E0,-4.154871944504E0,0.E0));
#5020=DIRECTION('',(8.660254037844E-1,-5.E-1,0.E0));
#5021=DIRECTION('',(5.E-1,8.660254037844E-1,0.E0));
#5022=AXIS2_PLACEMENT_3D('',#5019,#5020,#5021);
#5023=PLANE('',#5022);
#5024=ORIENTED_EDGE('',*,*,#3371,.F.);
#5026=ORIENTED_EDGE('',*,*,#5025,.T.);
#5027=ORIENTED_EDGE('',*,*,#4269,.T.);
#5028=ORIENTED_EDGE('',*,*,#5006,.F.);
#5029=EDGE_LOOP('',(#5024,#5026,#5027,#5028));
#5030=FACE_OUTER_BOUND('',#5029,.F.);
#5032=FILL_AREA_STYLE_COLOUR('',#5);
#5033=FILL_AREA_STYLE('',(#5032));
#5034=SURFACE_STYLE_FILL_AREA(#5033);
#5035=SURFACE_SIDE_STYLE('',(#5034));
#5036=SURFACE_STYLE_USAGE(.BOTH.,#5035);
#5037=PRESENTATION_STYLE_ASSIGNMENT((#5036));
#5038=STYLED_ITEM('',(#5037),#5031);
#5039=CARTESIAN_POINT('',(6.832546071219E0,-2.004875487588E0,0.E0));
#5040=DIRECTION('',(0.E0,0.E0,1.E0));
#5041=DIRECTION('',(-5.E-1,-8.660254037844E-1,0.E0));
#5042=AXIS2_PLACEMENT_3D('',#5039,#5040,#5041);
#5043=CYLINDRICAL_SURFACE('',#5042,2.15E0);
#5044=ORIENTED_EDGE('',*,*,#3518,.T.);
#5045=ORIENTED_EDGE('',*,*,#4271,.T.);
#5046=ORIENTED_EDGE('',*,*,#5025,.F.);
#5047=ORIENTED_EDGE('',*,*,#3369,.F.);
#5048=EDGE_LOOP('',(#5044,#5045,#5046,#5047));
#5049=FACE_OUTER_BOUND('',#5048,.F.);
#5051=FILL_AREA_STYLE_COLOUR('',#5);
#5052=FILL_AREA_STYLE('',(#5051));
#5053=SURFACE_STYLE_FILL_AREA(#5052);
#5054=SURFACE_SIDE_STYLE('',(#5053));
#5055=SURFACE_STYLE_USAGE(.BOTH.,#5054);
#5056=PRESENTATION_STYLE_ASSIGNMENT((#5055));
#5057=STYLED_ITEM('',(#5056),#5050);
#5058=CARTESIAN_POINT('',(4.018122747688E0,-5.878596866650E0,0.E0));
#5059=DIRECTION('',(0.E0,0.E0,1.E0));
#5060=DIRECTION('',(-6.691306063589E-1,-7.431448254774E-1,0.E0));
#5061=AXIS2_PLACEMENT_3D('',#5058,#5059,#5060);
#5062=CYLINDRICAL_SURFACE('',#5061,2.15E0);
#5063=ORIENTED_EDGE('',*,*,#3514,.F.);
#5064=ORIENTED_EDGE('',*,*,#3365,.F.);
#5066=ORIENTED_EDGE('',*,*,#5065,.T.);
#5067=ORIENTED_EDGE('',*,*,#4274,.T.);
#5068=EDGE_LOOP('',(#5063,#5064,#5066,#5067));
#5069=FACE_OUTER_BOUND('',#5068,.F.);
#5071=FILL_AREA_STYLE_COLOUR('',#5);
#5072=FILL_AREA_STYLE('',(#5071));
#5073=SURFACE_STYLE_FILL_AREA(#5072);
#5074=SURFACE_SIDE_STYLE('',(#5073));
#5075=SURFACE_STYLE_USAGE(.BOTH.,#5074);
#5076=PRESENTATION_STYLE_ASSIGNMENT((#5075));
#5077=STYLED_ITEM('',(#5076),#5070);
#5078=CARTESIAN_POINT('',(5.823210035895E0,-5.485455758445E0,0.E0));
#5079=DIRECTION('',(7.431448254774E-1,-6.691306063589E-1,0.E0));
#5080=DIRECTION('',(6.691306063589E-1,7.431448254774E-1,0.E0));
#5081=AXIS2_PLACEMENT_3D('',#5078,#5079,#5080);
#5082=PLANE('',#5081);
#5083=ORIENTED_EDGE('',*,*,#3363,.F.);
#5085=ORIENTED_EDGE('',*,*,#5084,.T.);
#5086=ORIENTED_EDGE('',*,*,#4276,.T.);
#5087=ORIENTED_EDGE('',*,*,#5065,.F.);
#5088=EDGE_LOOP('',(#5083,#5085,#5086,#5087));
#5089=FACE_OUTER_BOUND('',#5088,.F.);
#5091=FILL_AREA_STYLE_COLOUR('',#5);
#5092=FILL_AREA_STYLE('',(#5091));
#5093=SURFACE_STYLE_FILL_AREA(#5092);
#5094=SURFACE_SIDE_STYLE('',(#5093));
#5095=SURFACE_STYLE_USAGE(.BOTH.,#5094);
#5096=PRESENTATION_STYLE_ASSIGNMENT((#5095));
#5097=STYLED_ITEM('',(#5096),#5090);
#5098=CARTESIAN_POINT('',(6.266401493963E0,-3.381630354212E0,0.E0));
#5099=DIRECTION('',(0.E0,0.E0,1.E0));
#5100=DIRECTION('',(-6.691306063589E-1,-7.431448254774E-1,0.E0));
#5101=AXIS2_PLACEMENT_3D('',#5098,#5099,#5100);
#5102=CYLINDRICAL_SURFACE('',#5101,2.15E0);
#5103=ORIENTED_EDGE('',*,*,#3540,.T.);
#5104=ORIENTED_EDGE('',*,*,#4278,.T.);
#5105=ORIENTED_EDGE('',*,*,#5084,.F.);
#5106=ORIENTED_EDGE('',*,*,#3361,.F.);
#5107=EDGE_LOOP('',(#5103,#5104,#5105,#5106));
#5108=FACE_OUTER_BOUND('',#5107,.F.);
#5110=FILL_AREA_STYLE_COLOUR('',#5);
#5111=FILL_AREA_STYLE('',(#5110));
#5112=SURFACE_STYLE_FILL_AREA(#5111);
#5113=SURFACE_SIDE_STYLE('',(#5112));
#5114=SURFACE_STYLE_USAGE(.BOTH.,#5113);
#5115=PRESENTATION_STYLE_ASSIGNMENT((#5114));
#5116=STYLED_ITEM('',(#5115),#5109);
#5117=CARTESIAN_POINT('',(2.708088110924E0,-6.585550115180E0,0.E0));
#5118=DIRECTION('',(0.E0,0.E0,1.E0));
#5119=DIRECTION('',(-8.090169943749E-1,-5.877852522925E-1,0.E0));
#5120=AXIS2_PLACEMENT_3D('',#5117,#5118,#5119);
#5121=CYLINDRICAL_SURFACE('',#5120,2.15E0);
#5122=ORIENTED_EDGE('',*,*,#3536,.F.);
#5123=ORIENTED_EDGE('',*,*,#3357,.F.);
#5125=ORIENTED_EDGE('',*,*,#5124,.T.);
#5126=ORIENTED_EDGE('',*,*,#4281,.T.);
#5127=EDGE_LOOP('',(#5122,#5123,#5125,#5126));
#5128=FACE_OUTER_BOUND('',#5127,.F.);
#5130=FILL_AREA_STYLE_COLOUR('',#5);
#5131=FILL_AREA_STYLE('',(#5130));
#5132=SURFACE_STYLE_FILL_AREA(#5131);
#5133=SURFACE_SIDE_STYLE('',(#5132));
#5134=SURFACE_STYLE_USAGE(.BOTH.,#5133);
#5135=PRESENTATION_STYLE_ASSIGNMENT((#5134));
#5136=STYLED_ITEM('',(#5135),#5129);
#5137=CARTESIAN_POINT('',(4.555468543535E0,-6.576298833604E0,0.E0));
#5138=DIRECTION('',(5.877852522925E-1,-8.090169943749E-1,0.E0));
#5139=DIRECTION('',(8.090169943749E-1,5.877852522925E-1,0.E0));
#5140=AXIS2_PLACEMENT_3D('',#5137,#5138,#5139);
#5141=PLANE('',#5140);
#5142=ORIENTED_EDGE('',*,*,#3355,.F.);
#5144=ORIENTED_EDGE('',*,*,#5143,.T.);
#5145=ORIENTED_EDGE('',*,*,#4283,.T.);
#5146=ORIENTED_EDGE('',*,*,#5124,.F.);
#5147=EDGE_LOOP('',(#5142,#5144,#5145,#5146));
#5148=FACE_OUTER_BOUND('',#5147,.F.);
#5150=FILL_AREA_STYLE_COLOUR('',#5);
#5151=FILL_AREA_STYLE('',(#5150));
#5152=SURFACE_STYLE_FILL_AREA(#5151);
#5153=SURFACE_SIDE_STYLE('',(#5152));
#5154=SURFACE_STYLE_USAGE(.BOTH.,#5153);
#5155=PRESENTATION_STYLE_ASSIGNMENT((#5154));
#5156=STYLED_ITEM('',(#5155),#5149);
#5157=CARTESIAN_POINT('',(5.426385101890E0,-4.610591747494E0,0.E0));
#5158=DIRECTION('',(0.E0,0.E0,1.E0));
#5159=DIRECTION('',(-8.090169943749E-1,-5.877852522925E-1,0.E0));
#5160=AXIS2_PLACEMENT_3D('',#5157,#5158,#5159);
#5161=CYLINDRICAL_SURFACE('',#5160,2.15E0);
#5162=ORIENTED_EDGE('',*,*,#3562,.T.);
#5163=ORIENTED_EDGE('',*,*,#4285,.T.);
#5164=ORIENTED_EDGE('',*,*,#5143,.F.);
#5165=ORIENTED_EDGE('',*,*,#3353,.F.);
#5166=EDGE_LOOP('',(#5162,#5163,#5164,#5165));
#5167=FACE_OUTER_BOUND('',#5166,.F.);
#5169=FILL_AREA_STYLE_COLOUR('',#5);
#5170=FILL_AREA_STYLE('',(#5169));
#5171=SURFACE_STYLE_FILL_AREA(#5170);
#5172=SURFACE_SIDE_STYLE('',(#5171));
#5173=SURFACE_STYLE_USAGE(.BOTH.,#5172);
#5174=PRESENTATION_STYLE_ASSIGNMENT((#5173));
#5175=STYLED_ITEM('',(#5174),#5168);
#5176=CARTESIAN_POINT('',(1.279697028864E0,-7.004683222701E0,0.E0));
#5177=DIRECTION('',(0.E0,0.E0,1.E0));
#5178=DIRECTION('',(-9.135454576426E-1,-4.067366430758E-1,0.E0));
#5179=AXIS2_PLACEMENT_3D('',#5176,#5177,#5178);
#5180=CYLINDRICAL_SURFACE('',#5179,2.15E0);
#5181=ORIENTED_EDGE('',*,*,#3558,.F.);
#5182=ORIENTED_EDGE('',*,*,#3349,.F.);
#5184=ORIENTED_EDGE('',*,*,#5183,.T.);
#5185=ORIENTED_EDGE('',*,*,#4288,.T.);
#5186=EDGE_LOOP('',(#5181,#5182,#5184,#5185));
#5187=FACE_OUTER_BOUND('',#5186,.F.);
#5189=FILL_AREA_STYLE_COLOUR('',#5);
#5190=FILL_AREA_STYLE('',(#5189));
#5191=SURFACE_STYLE_FILL_AREA(#5190);
#5192=SURFACE_SIDE_STYLE('',(#5191));
#5193=SURFACE_STYLE_USAGE(.BOTH.,#5192);
#5194=PRESENTATION_STYLE_ASSIGNMENT((#5193));
#5195=STYLED_ITEM('',(#5194),#5188);
#5196=CARTESIAN_POINT('',(3.088631216260E0,-7.379726093152E0,0.E0));
#5197=DIRECTION('',(4.067366430758E-1,-9.135454576426E-1,0.E0));
#5198=DIRECTION('',(9.135454576426E-1,4.067366430758E-1,0.E0));
#5199=AXIS2_PLACEMENT_3D('',#5196,#5197,#5198);
#5200=PLANE('',#5199);
#5201=ORIENTED_EDGE('',*,*,#3347,.F.);
#5203=ORIENTED_EDGE('',*,*,#5202,.T.);
#5204=ORIENTED_EDGE('',*,*,#4290,.T.);
#5205=ORIENTED_EDGE('',*,*,#5183,.F.);
#5206=EDGE_LOOP('',(#5201,#5203,#5204,#5205));
#5207=FACE_OUTER_BOUND('',#5206,.F.);
#5209=FILL_AREA_STYLE_COLOUR('',#5);
#5210=FILL_AREA_STYLE('',(#5209));
#5211=SURFACE_STYLE_FILL_AREA(#5210);
#5212=SURFACE_SIDE_STYLE('',(#5211));
#5213=SURFACE_STYLE_USAGE(.BOTH.,#5212);
#5214=PRESENTATION_STYLE_ASSIGNMENT((#5213));
#5215=STYLED_ITEM('',(#5214),#5208);
#5216=CARTESIAN_POINT('',(4.349209642179E0,-5.638048157336E0,0.E0));
#5217=DIRECTION('',(0.E0,0.E0,1.E0));
#5218=DIRECTION('',(-9.135454576426E-1,-4.067366430758E-1,0.E0));
#5219=AXIS2_PLACEMENT_3D('',#5216,#5217,#5218);
#5220=CYLINDRICAL_SURFACE('',#5219,2.15E0);
#5221=ORIENTED_EDGE('',*,*,#3584,.T.);
#5222=ORIENTED_EDGE('',*,*,#4292,.T.);
#5223=ORIENTED_EDGE('',*,*,#5202,.F.);
#5224=ORIENTED_EDGE('',*,*,#3345,.F.);
#5225=EDGE_LOOP('',(#5221,#5222,#5223,#5224));
#5226=FACE_OUTER_BOUND('',#5225,.F.);
#5228=FILL_AREA_STYLE_COLOUR('',#5);
#5229=FILL_AREA_STYLE('',(#5228));
#5230=SURFACE_STYLE_FILL_AREA(#5229);
#5231=SURFACE_SIDE_STYLE('',(#5230));
#5232=SURFACE_STYLE_USAGE(.BOTH.,#5231);
#5233=PRESENTATION_STYLE_ASSIGNMENT((#5232));
#5234=STYLED_ITEM('',(#5233),#5227);
#5235=CARTESIAN_POINT('',(-2.046229540255E-1,-7.117678061190E0,0.E0));
#5236=DIRECTION('',(0.E0,0.E0,1.E0));
#5237=DIRECTION('',(-9.781476007338E-1,-2.079116908178E-1,0.E0));
#5238=AXIS2_PLACEMENT_3D('',#5235,#5236,#5237);
#5239=CYLINDRICAL_SURFACE('',#5238,2.15E0);
#5240=ORIENTED_EDGE('',*,*,#3580,.F.);
#5241=ORIENTED_EDGE('',*,*,#3341,.F.);
#5243=ORIENTED_EDGE('',*,*,#5242,.T.);
#5244=ORIENTED_EDGE('',*,*,#4295,.T.);
#5245=EDGE_LOOP('',(#5240,#5241,#5243,#5244));
#5246=FACE_OUTER_BOUND('',#5245,.F.);
#5248=FILL_AREA_STYLE_COLOUR('',#5);
#5249=FILL_AREA_STYLE('',(#5248));
#5250=SURFACE_STYLE_FILL_AREA(#5249);
#5251=SURFACE_SIDE_STYLE('',(#5250));
#5252=SURFACE_STYLE_USAGE(.BOTH.,#5251);
#5253=PRESENTATION_STYLE_ASSIGNMENT((#5252));
#5254=STYLED_ITEM('',(#5253),#5247);
#5255=CARTESIAN_POINT('',(1.486805883937E0,-7.860623910574E0,0.E0));
#5256=DIRECTION('',(2.079116908178E-1,-9.781476007338E-1,0.E0));
#5257=DIRECTION('',(9.781476007338E-1,2.079116908178E-1,0.E0));
#5258=AXIS2_PLACEMENT_3D('',#5255,#5256,#5257);
#5259=PLANE('',#5258);
#5260=ORIENTED_EDGE('',*,*,#3339,.F.);
#5262=ORIENTED_EDGE('',*,*,#5261,.T.);
#5263=ORIENTED_EDGE('',*,*,#4297,.T.);
#5264=ORIENTED_EDGE('',*,*,#5242,.F.);
#5265=EDGE_LOOP('',(#5260,#5262,#5263,#5264));
#5266=FACE_OUTER_BOUND('',#5265,.F.);
#5268=FILL_AREA_STYLE_COLOUR('',#5);
#5269=FILL_AREA_STYLE('',(#5268));
#5270=SURFACE_STYLE_FILL_AREA(#5269);
#5271=SURFACE_SIDE_STYLE('',(#5270));
#5272=SURFACE_STYLE_USAGE(.BOTH.,#5271);
#5273=PRESENTATION_STYLE_ASSIGNMENT((#5272));
#5274=STYLED_ITEM('',(#5273),#5267);
#5275=CARTESIAN_POINT('',(3.081952851282E0,-6.419094808346E0,0.E0));
#5276=DIRECTION('',(0.E0,0.E0,1.E0));
#5277=DIRECTION('',(-9.781476007338E-1,-2.079116908178E-1,0.E0));
#5278=AXIS2_PLACEMENT_3D('',#5275,#5276,#5277);
#5279=CYLINDRICAL_SURFACE('',#5278,2.15E0);
#5280=ORIENTED_EDGE('',*,*,#3606,.T.);
#5281=ORIENTED_EDGE('',*,*,#4299,.T.);
#5282=ORIENTED_EDGE('',*,*,#5261,.F.);
#5283=ORIENTED_EDGE('',*,*,#3337,.F.);
#5284=EDGE_LOOP('',(#5280,#5281,#5282,#5283));
#5285=FACE_OUTER_BOUND('',#5284,.F.);
#5287=FILL_AREA_STYLE_COLOUR('',#5);
#5288=FILL_AREA_STYLE('',(#5287));
#5289=SURFACE_STYLE_FILL_AREA(#5288);
#5290=SURFACE_SIDE_STYLE('',(#5289));
#5291=SURFACE_STYLE_USAGE(.BOTH.,#5290);
#5292=PRESENTATION_STYLE_ASSIGNMENT((#5291));
#5293=STYLED_ITEM('',(#5292),#5286);
#5294=CARTESIAN_POINT('',(-1.679999931934E0,-6.919596213998E0,0.E0));
#5295=DIRECTION('',(0.E0,0.E0,1.E0));
#5296=DIRECTION('',(-1.E0,0.E0,0.E0));
#5297=AXIS2_PLACEMENT_3D('',#5294,#5295,#5296);
#5298=CYLINDRICAL_SURFACE('',#5297,2.15E0);
#5299=ORIENTED_EDGE('',*,*,#3602,.F.);
#5300=ORIENTED_EDGE('',*,*,#3333,.F.);
#5302=ORIENTED_EDGE('',*,*,#5301,.T.);
#5303=ORIENTED_EDGE('',*,*,#4302,.T.);
#5304=EDGE_LOOP('',(#5299,#5300,#5302,#5303));
#5305=FACE_OUTER_BOUND('',#5304,.F.);
#5307=FILL_AREA_STYLE_COLOUR('',#5);
#5308=FILL_AREA_STYLE('',(#5307));
#5309=SURFACE_STYLE_FILL_AREA(#5308);
#5310=SURFACE_SIDE_STYLE('',(#5309));
#5311=SURFACE_STYLE_USAGE(.BOTH.,#5310);
#5312=PRESENTATION_STYLE_ASSIGNMENT((#5311));
#5313=STYLED_ITEM('',(#5312),#5306);
#5314=CARTESIAN_POINT('',(-1.8E-1,-7.997974743646E0,0.E0));
#5315=DIRECTION('',(0.E0,-1.E0,0.E0));
#5316=DIRECTION('',(1.E0,0.E0,0.E0));
#5317=AXIS2_PLACEMENT_3D('',#5314,#5315,#5316);
#5318=PLANE('',#5317);
#5319=ORIENTED_EDGE('',*,*,#3331,.F.);
#5321=ORIENTED_EDGE('',*,*,#5320,.T.);
#5322=ORIENTED_EDGE('',*,*,#4304,.T.);
#5323=ORIENTED_EDGE('',*,*,#5301,.F.);
#5324=EDGE_LOOP('',(#5319,#5321,#5322,#5323));
#5325=FACE_OUTER_BOUND('',#5324,.F.);
#5327=FILL_AREA_STYLE_COLOUR('',#5);
#5328=FILL_AREA_STYLE('',(#5327));
#5329=SURFACE_STYLE_FILL_AREA(#5328);
#5330=SURFACE_SIDE_STYLE('',(#5329));
#5331=SURFACE_STYLE_USAGE(.BOTH.,#5330);
#5332=PRESENTATION_STYLE_ASSIGNMENT((#5331));
#5333=STYLED_ITEM('',(#5332),#5326);
#5334=CARTESIAN_POINT('',(1.679999931934E0,-6.919596213998E0,0.E0));
#5335=DIRECTION('',(0.E0,0.E0,1.E0));
#5336=DIRECTION('',(-1.E0,0.E0,0.E0));
#5337=AXIS2_PLACEMENT_3D('',#5334,#5335,#5336);
#5338=CYLINDRICAL_SURFACE('',#5337,2.15E0);
#5339=ORIENTED_EDGE('',*,*,#3628,.T.);
#5340=ORIENTED_EDGE('',*,*,#4306,.T.);
#5341=ORIENTED_EDGE('',*,*,#5320,.F.);
#5342=ORIENTED_EDGE('',*,*,#3329,.F.);
#5343=EDGE_LOOP('',(#5339,#5340,#5341,#5342));
#5344=FACE_OUTER_BOUND('',#5343,.F.);
#5346=FILL_AREA_STYLE_COLOUR('',#5);
#5347=FILL_AREA_STYLE('',(#5346));
#5348=SURFACE_STYLE_FILL_AREA(#5347);
#5349=SURFACE_SIDE_STYLE('',(#5348));
#5350=SURFACE_STYLE_USAGE(.BOTH.,#5349);
#5351=PRESENTATION_STYLE_ASSIGNMENT((#5350));
#5352=STYLED_ITEM('',(#5351),#5345);
#5353=CARTESIAN_POINT('',(-3.081952851282E0,-6.419094808346E0,0.E0));
#5354=DIRECTION('',(0.E0,0.E0,1.E0));
#5355=DIRECTION('',(-9.781476007338E-1,2.079116908178E-1,0.E0));
#5356=AXIS2_PLACEMENT_3D('',#5353,#5354,#5355);
#5357=CYLINDRICAL_SURFACE('',#5356,2.15E0);
#5358=ORIENTED_EDGE('',*,*,#3624,.F.);
#5359=ORIENTED_EDGE('',*,*,#3325,.F.);
#5361=ORIENTED_EDGE('',*,*,#5360,.T.);
#5362=ORIENTED_EDGE('',*,*,#4309,.T.);
#5363=EDGE_LOOP('',(#5358,#5359,#5361,#5362));
#5364=FACE_OUTER_BOUND('',#5363,.F.);
#5366=FILL_AREA_STYLE_COLOUR('',#5);
#5367=FILL_AREA_STYLE('',(#5366));
#5368=SURFACE_STYLE_FILL_AREA(#5367);
#5369=SURFACE_SIDE_STYLE('',(#5368));
#5370=SURFACE_STYLE_USAGE(.BOTH.,#5369);
#5371=PRESENTATION_STYLE_ASSIGNMENT((#5370));
#5372=STYLED_ITEM('',(#5371),#5365);
#5373=CARTESIAN_POINT('',(-1.838939020201E0,-7.785775701880E0,0.E0));
#5374=DIRECTION('',(-2.079116908178E-1,-9.781476007338E-1,0.E0));
#5375=DIRECTION('',(9.781476007338E-1,-2.079116908178E-1,0.E0));
#5376=AXIS2_PLACEMENT_3D('',#5373,#5374,#5375);
#5377=PLANE('',#5376);
#5378=ORIENTED_EDGE('',*,*,#3323,.F.);
#5380=ORIENTED_EDGE('',*,*,#5379,.T.);
#5381=ORIENTED_EDGE('',*,*,#4311,.T.);
#5382=ORIENTED_EDGE('',*,*,#5360,.F.);
#5383=EDGE_LOOP('',(#5378,#5380,#5381,#5382));
#5384=FACE_OUTER_BOUND('',#5383,.F.);
#5386=FILL_AREA_STYLE_COLOUR('',#5);
#5387=FILL_AREA_STYLE('',(#5386));
#5388=SURFACE_STYLE_FILL_AREA(#5387);
#5389=SURFACE_SIDE_STYLE('',(#5388));
#5390=SURFACE_STYLE_USAGE(.BOTH.,#5389);
#5391=PRESENTATION_STYLE_ASSIGNMENT((#5390));
#5392=STYLED_ITEM('',(#5391),#5385);
#5393=CARTESIAN_POINT('',(2.046229540256E-1,-7.117678061191E0,0.E0));
#5394=DIRECTION('',(0.E0,0.E0,1.E0));
#5395=DIRECTION('',(-9.781476007338E-1,2.079116908178E-1,0.E0));
#5396=AXIS2_PLACEMENT_3D('',#5393,#5394,#5395);
#5397=CYLINDRICAL_SURFACE('',#5396,2.15E0);
#5398=ORIENTED_EDGE('',*,*,#3650,.T.);
#5399=ORIENTED_EDGE('',*,*,#4313,.T.);
#5400=ORIENTED_EDGE('',*,*,#5379,.F.);
#5401=ORIENTED_EDGE('',*,*,#3321,.F.);
#5402=EDGE_LOOP('',(#5398,#5399,#5400,#5401));
#5403=FACE_OUTER_BOUND('',#5402,.F.);
#5405=FILL_AREA_STYLE_COLOUR('',#5);
#5406=FILL_AREA_STYLE('',(#5405));
#5407=SURFACE_STYLE_FILL_AREA(#5406);
#5408=SURFACE_SIDE_STYLE('',(#5407));
#5409=SURFACE_STYLE_USAGE(.BOTH.,#5408);
#5410=PRESENTATION_STYLE_ASSIGNMENT((#5409));
#5411=STYLED_ITEM('',(#5410),#5404);
#5412=CARTESIAN_POINT('',(-4.349209642179E0,-5.638048157336E0,0.E0));
#5413=DIRECTION('',(0.E0,0.E0,1.E0));
#5414=DIRECTION('',(-9.135454576426E-1,4.067366430758E-1,0.E0));
#5415=AXIS2_PLACEMENT_3D('',#5412,#5413,#5414);
#5416=CYLINDRICAL_SURFACE('',#5415,2.15E0);
#5417=ORIENTED_EDGE('',*,*,#3646,.F.);
#5418=ORIENTED_EDGE('',*,*,#3317,.F.);
#5420=ORIENTED_EDGE('',*,*,#5419,.T.);
#5421=ORIENTED_EDGE('',*,*,#4316,.T.);
#5422=EDGE_LOOP('',(#5417,#5418,#5420,#5421));
#5423=FACE_OUTER_BOUND('',#5422,.F.);
#5425=FILL_AREA_STYLE_COLOUR('',#5);
#5426=FILL_AREA_STYLE('',(#5425));
#5427=SURFACE_STYLE_FILL_AREA(#5426);
#5428=SURFACE_SIDE_STYLE('',(#5427));
#5429=SURFACE_STYLE_USAGE(.BOTH.,#5428);
#5430=PRESENTATION_STYLE_ASSIGNMENT((#5429));
#5431=STYLED_ITEM('',(#5430),#5424);
#5432=CARTESIAN_POINT('',(-3.417507581011E0,-7.233300901644E0,0.E0));
#5433=DIRECTION('',(-4.067366430758E-1,-9.135454576426E-1,0.E0));
#5434=DIRECTION('',(9.135454576426E-1,-4.067366430758E-1,0.E0));
#5435=AXIS2_PLACEMENT_3D('',#5432,#5433,#5434);
#5436=PLANE('',#5435);
#5437=ORIENTED_EDGE('',*,*,#3315,.F.);
#5439=ORIENTED_EDGE('',*,*,#5438,.T.);
#5440=ORIENTED_EDGE('',*,*,#4318,.T.);
#5441=ORIENTED_EDGE('',*,*,#5419,.F.);
#5442=EDGE_LOOP('',(#5437,#5439,#5440,#5441));
#5443=FACE_OUTER_BOUND('',#5442,.F.);
#5445=FILL_AREA_STYLE_COLOUR('',#5);
#5446=FILL_AREA_STYLE('',(#5445));
#5447=SURFACE_STYLE_FILL_AREA(#5446);
#5448=SURFACE_SIDE_STYLE('',(#5447));
#5449=SURFACE_STYLE_USAGE(.BOTH.,#5448);
#5450=PRESENTATION_STYLE_ASSIGNMENT((#5449));
#5451=STYLED_ITEM('',(#5450),#5444);
#5452=CARTESIAN_POINT('',(-1.279697028863E0,-7.004683222701E0,0.E0));
#5453=DIRECTION('',(0.E0,0.E0,1.E0));
#5454=DIRECTION('',(-9.135454576426E-1,4.067366430758E-1,0.E0));
#5455=AXIS2_PLACEMENT_3D('',#5452,#5453,#5454);
#5456=CYLINDRICAL_SURFACE('',#5455,2.15E0);
#5457=ORIENTED_EDGE('',*,*,#3672,.T.);
#5458=ORIENTED_EDGE('',*,*,#4320,.T.);
#5459=ORIENTED_EDGE('',*,*,#5438,.F.);
#5460=ORIENTED_EDGE('',*,*,#3313,.F.);
#5461=EDGE_LOOP('',(#5457,#5458,#5459,#5460));
#5462=FACE_OUTER_BOUND('',#5461,.F.);
#5464=FILL_AREA_STYLE_COLOUR('',#5);
#5465=FILL_AREA_STYLE('',(#5464));
#5466=SURFACE_STYLE_FILL_AREA(#5465);
#5467=SURFACE_SIDE_STYLE('',(#5466));
#5468=SURFACE_STYLE_USAGE(.BOTH.,#5467);
#5469=PRESENTATION_STYLE_ASSIGNMENT((#5468));
#5470=STYLED_ITEM('',(#5469),#5463);
#5471=CARTESIAN_POINT('',(-5.426385101890E0,-4.610591747494E0,0.E0));
#5472=DIRECTION('',(0.E0,0.E0,1.E0));
#5473=DIRECTION('',(-8.090169943749E-1,5.877852522925E-1,0.E0));
#5474=AXIS2_PLACEMENT_3D('',#5471,#5472,#5473);
#5475=CYLINDRICAL_SURFACE('',#5474,2.15E0);
#5476=ORIENTED_EDGE('',*,*,#3668,.F.);
#5477=ORIENTED_EDGE('',*,*,#3309,.F.);
#5479=ORIENTED_EDGE('',*,*,#5478,.T.);
#5480=ORIENTED_EDGE('',*,*,#4323,.T.);
#5481=EDGE_LOOP('',(#5476,#5477,#5479,#5480));
#5482=FACE_OUTER_BOUND('',#5481,.F.);
#5484=FILL_AREA_STYLE_COLOUR('',#5);
#5485=FILL_AREA_STYLE('',(#5484));
#5486=SURFACE_STYLE_FILL_AREA(#5485);
#5487=SURFACE_SIDE_STYLE('',(#5486));
#5488=SURFACE_STYLE_USAGE(.BOTH.,#5487);
#5489=PRESENTATION_STYLE_ASSIGNMENT((#5488));
#5490=STYLED_ITEM('',(#5489),#5483);
#5491=CARTESIAN_POINT('',(-4.846714661510E0,-6.364696142779E0,0.E0));
#5492=DIRECTION('',(-5.877852522925E-1,-8.090169943749E-1,0.E0));
#5493=DIRECTION('',(8.090169943749E-1,-5.877852522925E-1,0.E0));
#5494=AXIS2_PLACEMENT_3D('',#5491,#5492,#5493);
#5495=PLANE('',#5494);
#5496=ORIENTED_EDGE('',*,*,#3307,.F.);
#5498=ORIENTED_EDGE('',*,*,#5497,.T.);
#5499=ORIENTED_EDGE('',*,*,#4325,.T.);
#5500=ORIENTED_EDGE('',*,*,#5478,.F.);
#5501=EDGE_LOOP('',(#5496,#5498,#5499,#5500));
#5502=FACE_OUTER_BOUND('',#5501,.F.);
#5504=FILL_AREA_STYLE_COLOUR('',#5);
#5505=FILL_AREA_STYLE('',(#5504));
#5506=SURFACE_STYLE_FILL_AREA(#5505);
#5507=SURFACE_SIDE_STYLE('',(#5506));
#5508=SURFACE_STYLE_USAGE(.BOTH.,#5507);
#5509=PRESENTATION_STYLE_ASSIGNMENT((#5508));
#5510=STYLED_ITEM('',(#5509),#5503);
#5511=CARTESIAN_POINT('',(-2.708088110923E0,-6.585550115180E0,0.E0));
#5512=DIRECTION('',(0.E0,0.E0,1.E0));
#5513=DIRECTION('',(-8.090169943749E-1,5.877852522925E-1,0.E0));
#5514=AXIS2_PLACEMENT_3D('',#5511,#5512,#5513);
#5515=CYLINDRICAL_SURFACE('',#5514,2.15E0);
#5516=ORIENTED_EDGE('',*,*,#3694,.T.);
#5517=ORIENTED_EDGE('',*,*,#4327,.T.);
#5518=ORIENTED_EDGE('',*,*,#5497,.F.);
#5519=ORIENTED_EDGE('',*,*,#3305,.F.);
#5520=EDGE_LOOP('',(#5516,#5517,#5518,#5519));
#5521=FACE_OUTER_BOUND('',#5520,.F.);
#5523=FILL_AREA_STYLE_COLOUR('',#5);
#5524=FILL_AREA_STYLE('',(#5523));
#5525=SURFACE_STYLE_FILL_AREA(#5524);
#5526=SURFACE_SIDE_STYLE('',(#5525));
#5527=SURFACE_STYLE_USAGE(.BOTH.,#5526);
#5528=PRESENTATION_STYLE_ASSIGNMENT((#5527));
#5529=STYLED_ITEM('',(#5528),#5522);
#5530=CARTESIAN_POINT('',(-6.266401493963E0,-3.381630354212E0,0.E0));
#5531=DIRECTION('',(0.E0,0.E0,1.E0));
#5532=DIRECTION('',(-6.691306063589E-1,7.431448254774E-1,0.E0));
#5533=AXIS2_PLACEMENT_3D('',#5530,#5531,#5532);
#5534=CYLINDRICAL_SURFACE('',#5533,2.15E0);
#5535=ORIENTED_EDGE('',*,*,#3690,.F.);
#5536=ORIENTED_EDGE('',*,*,#3301,.F.);
#5538=ORIENTED_EDGE('',*,*,#5537,.T.);
#5539=ORIENTED_EDGE('',*,*,#4330,.T.);
#5540=EDGE_LOOP('',(#5535,#5536,#5538,#5539));
#5541=FACE_OUTER_BOUND('',#5540,.F.);
#5543=FILL_AREA_STYLE_COLOUR('',#5);
#5544=FILL_AREA_STYLE('',(#5543));
#5545=SURFACE_STYLE_FILL_AREA(#5544);
#5546=SURFACE_SIDE_STYLE('',(#5545));
#5547=SURFACE_STYLE_USAGE(.BOTH.,#5546);
#5548=PRESENTATION_STYLE_ASSIGNMENT((#5547));
#5549=STYLED_ITEM('',(#5548),#5542);
#5550=CARTESIAN_POINT('',(-6.064097054184E0,-5.217923621273E0,0.E0));
#5551=DIRECTION('',(-7.431448254774E-1,-6.691306063589E-1,0.E0));
#5552=DIRECTION('',(6.691306063589E-1,-7.431448254774E-1,0.E0));
#5553=AXIS2_PLACEMENT_3D('',#5550,#5551,#5552);
#5554=PLANE('',#5553);
#5555=ORIENTED_EDGE('',*,*,#3299,.F.);
#5557=ORIENTED_EDGE('',*,*,#5556,.T.);
#5558=ORIENTED_EDGE('',*,*,#4332,.T.);
#5559=ORIENTED_EDGE('',*,*,#5537,.F.);
#5560=EDGE_LOOP('',(#5555,#5557,#5558,#5559));
#5561=FACE_OUTER_BOUND('',#5560,.F.);
#5563=FILL_AREA_STYLE_COLOUR('',#5);
#5564=FILL_AREA_STYLE('',(#5563));
#5565=SURFACE_STYLE_FILL_AREA(#5564);
#5566=SURFACE_SIDE_STYLE('',(#5565));
#5567=SURFACE_STYLE_USAGE(.BOTH.,#5566);
#5568=PRESENTATION_STYLE_ASSIGNMENT((#5567));
#5569=STYLED_ITEM('',(#5568),#5562);
#5570=CARTESIAN_POINT('',(-4.018122747688E0,-5.878596866650E0,0.E0));
#5571=DIRECTION('',(0.E0,0.E0,1.E0));
#5572=DIRECTION('',(-6.691306063589E-1,7.431448254774E-1,0.E0));
#5573=AXIS2_PLACEMENT_3D('',#5570,#5571,#5572);
#5574=CYLINDRICAL_SURFACE('',#5573,2.15E0);
#5575=ORIENTED_EDGE('',*,*,#3716,.T.);
#5576=ORIENTED_EDGE('',*,*,#4334,.T.);
#5577=ORIENTED_EDGE('',*,*,#5556,.F.);
#5578=ORIENTED_EDGE('',*,*,#3297,.F.);
#5579=EDGE_LOOP('',(#5575,#5576,#5577,#5578));
#5580=FACE_OUTER_BOUND('',#5579,.F.);
#5582=FILL_AREA_STYLE_COLOUR('',#5);
#5583=FILL_AREA_STYLE('',(#5582));
#5584=SURFACE_STYLE_FILL_AREA(#5583);
#5585=SURFACE_SIDE_STYLE('',(#5584));
#5586=SURFACE_STYLE_USAGE(.BOTH.,#5585);
#5587=PRESENTATION_STYLE_ASSIGNMENT((#5586));
#5588=STYLED_ITEM('',(#5587),#5581);
#5589=CARTESIAN_POINT('',(-6.832546071219E0,-2.004875487588E0,0.E0));
#5590=DIRECTION('',(0.E0,0.E0,1.E0));
#5591=DIRECTION('',(-5.E-1,8.660254037844E-1,0.E0));
#5592=AXIS2_PLACEMENT_3D('',#5589,#5590,#5591);
#5593=CYLINDRICAL_SURFACE('',#5592,2.15E0);
#5594=ORIENTED_EDGE('',*,*,#3712,.F.);
#5595=ORIENTED_EDGE('',*,*,#3293,.F.);
#5597=ORIENTED_EDGE('',*,*,#5596,.T.);
#5598=ORIENTED_EDGE('',*,*,#4337,.T.);
#5599=EDGE_LOOP('',(#5594,#5595,#5597,#5598));
#5600=FACE_OUTER_BOUND('',#5599,.F.);
#5602=FILL_AREA_STYLE_COLOUR('',#5);
#5603=FILL_AREA_STYLE('',(#5602));
#5604=SURFACE_STYLE_FILL_AREA(#5603);
#5605=SURFACE_SIDE_STYLE('',(#5604));
#5606=SURFACE_STYLE_USAGE(.BOTH.,#5605);
#5607=PRESENTATION_STYLE_ASSIGNMENT((#5606));
#5608=STYLED_ITEM('',(#5607),#5601);
#5609=CARTESIAN_POINT('',(-7.016449306824E0,-3.843102799142E0,0.E0));
#5610=DIRECTION('',(-8.660254037844E-1,-5.E-1,0.E0));
#5611=DIRECTION('',(5.E-1,-8.660254037844E-1,0.E0));
#5612=AXIS2_PLACEMENT_3D('',#5609,#5610,#5611);
#5613=PLANE('',#5612);
#5614=ORIENTED_EDGE('',*,*,#3291,.F.);
#5616=ORIENTED_EDGE('',*,*,#5615,.T.);
#5617=ORIENTED_EDGE('',*,*,#4339,.T.);
#5618=ORIENTED_EDGE('',*,*,#5596,.F.);
#5619=EDGE_LOOP('',(#5614,#5616,#5617,#5618));
#5620=FACE_OUTER_BOUND('',#5619,.F.);
#5622=FILL_AREA_STYLE_COLOUR('',#5);
#5623=FILL_AREA_STYLE('',(#5622));
#5624=SURFACE_STYLE_FILL_AREA(#5623);
#5625=SURFACE_SIDE_STYLE('',(#5624));
#5626=SURFACE_STYLE_USAGE(.BOTH.,#5625);
#5627=PRESENTATION_STYLE_ASSIGNMENT((#5626));
#5628=STYLED_ITEM('',(#5627),#5621);
#5629=CARTESIAN_POINT('',(-5.152546139286E0,-4.914720726410E0,0.E0));
#5630=DIRECTION('',(0.E0,0.E0,1.E0));
#5631=DIRECTION('',(-5.E-1,8.660254037844E-1,0.E0));
#5632=AXIS2_PLACEMENT_3D('',#5629,#5630,#5631);
#5633=CYLINDRICAL_SURFACE('',#5632,2.15E0);
#5634=ORIENTED_EDGE('',*,*,#3738,.T.);
#5635=ORIENTED_EDGE('',*,*,#4341,.T.);
#5636=ORIENTED_EDGE('',*,*,#5615,.F.);
#5637=ORIENTED_EDGE('',*,*,#3289,.F.);
#5638=EDGE_LOOP('',(#5634,#5635,#5636,#5637));
#5639=FACE_OUTER_BOUND('',#5638,.F.);
#5641=FILL_AREA_STYLE_COLOUR('',#5);
#5642=FILL_AREA_STYLE('',(#5641));
#5643=SURFACE_STYLE_FILL_AREA(#5642);
#5644=SURFACE_SIDE_STYLE('',(#5643));
#5645=SURFACE_STYLE_USAGE(.BOTH.,#5644);
#5646=PRESENTATION_STYLE_ASSIGNMENT((#5645));
#5647=STYLED_ITEM('',(#5646),#5640);
#5648=CARTESIAN_POINT('',(-7.100075598970E0,-5.404979416969E-1,0.E0));
#5649=DIRECTION('',(0.E0,0.E0,1.E0));
#5650=DIRECTION('',(-3.090169943749E-1,9.510565162952E-1,0.E0));
#5651=AXIS2_PLACEMENT_3D('',#5648,#5649,#5650);
#5652=CYLINDRICAL_SURFACE('',#5651,2.15E0);
#5653=ORIENTED_EDGE('',*,*,#3734,.F.);
#5654=ORIENTED_EDGE('',*,*,#3285,.F.);
#5656=ORIENTED_EDGE('',*,*,#5655,.T.);
#5657=ORIENTED_EDGE('',*,*,#4344,.T.);
#5658=EDGE_LOOP('',(#5653,#5654,#5656,#5657));
#5659=FACE_OUTER_BOUND('',#5658,.F.);
#5661=FILL_AREA_STYLE_COLOUR('',#5);
#5662=FILL_AREA_STYLE('',(#5661));
#5663=SURFACE_STYLE_FILL_AREA(#5662);
#5664=SURFACE_SIDE_STYLE('',(#5663));
#5665=SURFACE_STYLE_USAGE(.BOTH.,#5664);
#5666=PRESENTATION_STYLE_ASSIGNMENT((#5665));
#5667=STYLED_ITEM('',(#5666),#5660);
#5668=CARTESIAN_POINT('',(-7.662149056096E0,-2.300319943435E0,0.E0));
#5669=DIRECTION('',(-9.510565162952E-1,-3.090169943749E-1,0.E0));
#5670=DIRECTION('',(3.090169943749E-1,-9.510565162952E-1,0.E0));
#5671=AXIS2_PLACEMENT_3D('',#5668,#5669,#5670);
#5672=PLANE('',#5671);
#5673=ORIENTED_EDGE('',*,*,#3283,.F.);
#5675=ORIENTED_EDGE('',*,*,#5674,.T.);
#5676=ORIENTED_EDGE('',*,*,#4346,.T.);
#5677=ORIENTED_EDGE('',*,*,#5655,.F.);
#5678=EDGE_LOOP('',(#5673,#5675,#5676,#5677));
#5679=FACE_OUTER_BOUND('',#5678,.F.);
#5681=FILL_AREA_STYLE_COLOUR('',#5);
#5682=FILL_AREA_STYLE('',(#5681));
#5683=SURFACE_STYLE_FILL_AREA(#5682);
#5684=SURFACE_SIDE_STYLE('',(#5683));
#5685=SURFACE_STYLE_USAGE(.BOTH.,#5684);
#5686=PRESENTATION_STYLE_ASSIGNMENT((#5685));
#5687=STYLED_ITEM('',(#5686),#5680);
#5688=CARTESIAN_POINT('',(-6.061778539937E0,-3.736047706979E0,0.E0));
#5689=DIRECTION('',(0.E0,0.E0,1.E0));
#5690=DIRECTION('',(-3.090169943749E-1,9.510565162952E-1,0.E0));
#5691=AXIS2_PLACEMENT_3D('',#5688,#5689,#5690);
#5692=CYLINDRICAL_SURFACE('',#5691,2.15E0);
#5693=ORIENTED_EDGE('',*,*,#3760,.T.);
#5694=ORIENTED_EDGE('',*,*,#4348,.T.);
#5695=ORIENTED_EDGE('',*,*,#5674,.F.);
#5696=ORIENTED_EDGE('',*,*,#3281,.F.);
#5697=EDGE_LOOP('',(#5693,#5694,#5695,#5696));
#5698=FACE_OUTER_BOUND('',#5697,.F.);
#5700=FILL_AREA_STYLE_COLOUR('',#5);
#5701=FILL_AREA_STYLE('',(#5700));
#5702=SURFACE_STYLE_FILL_AREA(#5701);
#5703=SURFACE_SIDE_STYLE('',(#5702));
#5704=SURFACE_STYLE_USAGE(.BOTH.,#5703);
#5705=PRESENTATION_STYLE_ASSIGNMENT((#5704));
#5706=STYLED_ITEM('',(#5705),#5699);
#5707=CARTESIAN_POINT('',(-7.057297753103E0,9.475019578434E-1,0.E0));
#5708=DIRECTION('',(0.E0,0.E0,1.E0));
#5709=DIRECTION('',(-1.045284632677E-1,9.945218953683E-1,0.E0));
#5710=AXIS2_PLACEMENT_3D('',#5707,#5708,#5709);
#5711=CYLINDRICAL_SURFACE('',#5710,2.15E0);
#5712=ORIENTED_EDGE('',*,*,#3756,.F.);
#5713=ORIENTED_EDGE('',*,*,#3277,.F.);
#5715=ORIENTED_EDGE('',*,*,#5714,.T.);
#5716=ORIENTED_EDGE('',*,*,#4351,.T.);
#5717=EDGE_LOOP('',(#5712,#5713,#5715,#5716));
#5718=FACE_OUTER_BOUND('',#5717,.F.);
#5720=FILL_AREA_STYLE_COLOUR('',#5);
#5721=FILL_AREA_STYLE('',(#5720));
#5722=SURFACE_STYLE_FILL_AREA(#5721);
#5723=SURFACE_SIDE_STYLE('',(#5722));
#5724=SURFACE_STYLE_USAGE(.BOTH.,#5723);
#5725=PRESENTATION_STYLE_ASSIGNMENT((#5724));
#5726=STYLED_ITEM('',(#5725),#5719);
#5727=CARTESIAN_POINT('',(-7.972976124547E0,-6.570020680405E-1,0.E0));
#5728=DIRECTION('',(-9.945218953683E-1,-1.045284632677E-1,0.E0));
#5729=DIRECTION('',(1.045284632677E-1,-9.945218953683E-1,0.E0));
#5730=AXIS2_PLACEMENT_3D('',#5727,#5728,#5729);
#5731=PLANE('',#5730);
#5732=ORIENTED_EDGE('',*,*,#3275,.F.);
#5734=ORIENTED_EDGE('',*,*,#5733,.T.);
#5735=ORIENTED_EDGE('',*,*,#4353,.T.);
#5736=ORIENTED_EDGE('',*,*,#5714,.F.);
#5737=EDGE_LOOP('',(#5732,#5734,#5735,#5736));
#5738=FACE_OUTER_BOUND('',#5737,.F.);
#5740=FILL_AREA_STYLE_COLOUR('',#5);
#5741=FILL_AREA_STYLE('',(#5740));
#5742=SURFACE_STYLE_FILL_AREA(#5741);
#5743=SURFACE_SIDE_STYLE('',(#5742));
#5744=SURFACE_STYLE_USAGE(.BOTH.,#5743);
#5745=PRESENTATION_STYLE_ASSIGNMENT((#5744));
#5746=STYLED_ITEM('',(#5745),#5739);
#5747=CARTESIAN_POINT('',(-6.706082130753E0,-2.394091475207E0,0.E0));
#5748=DIRECTION('',(0.E0,0.E0,1.E0));
#5749=DIRECTION('',(-1.045284632677E-1,9.945218953683E-1,0.E0));
#5750=AXIS2_PLACEMENT_3D('',#5747,#5748,#5749);
#5751=CYLINDRICAL_SURFACE('',#5750,2.15E0);
#5752=ORIENTED_EDGE('',*,*,#4000,.T.);
#5753=ORIENTED_EDGE('',*,*,#4355,.T.);
#5754=ORIENTED_EDGE('',*,*,#5733,.F.);
#5755=ORIENTED_EDGE('',*,*,#3273,.F.);
#5756=EDGE_LOOP('',(#5752,#5753,#5754,#5755));
#5757=FACE_OUTER_BOUND('',#5756,.F.);
#5759=FILL_AREA_STYLE_COLOUR('',#5);
#5760=FILL_AREA_STYLE('',(#5759));
#5761=SURFACE_STYLE_FILL_AREA(#5760);
#5762=SURFACE_SIDE_STYLE('',(#5761));
#5763=SURFACE_STYLE_USAGE(.BOTH.,#5762);
#5764=PRESENTATION_STYLE_ASSIGNMENT((#5763));
#5765=STYLED_ITEM('',(#5764),#5758);
#5766=CARTESIAN_POINT('',(-6.706082130753E0,2.394091475207E0,0.E0));
#5767=DIRECTION('',(0.E0,0.E0,1.E0));
#5768=DIRECTION('',(1.045284632677E-1,9.945218953683E-1,0.E0));
#5769=AXIS2_PLACEMENT_3D('',#5766,#5767,#5768);
#5770=CYLINDRICAL_SURFACE('',#5769,2.15E0);
#5771=ORIENTED_EDGE('',*,*,#4003,.F.);
#5772=ORIENTED_EDGE('',*,*,#3269,.F.);
#5774=ORIENTED_EDGE('',*,*,#5773,.T.);
#5775=ORIENTED_EDGE('',*,*,#4358,.T.);
#5776=EDGE_LOOP('',(#5771,#5772,#5774,#5775));
#5777=FACE_OUTER_BOUND('',#5776,.F.);
#5779=FILL_AREA_STYLE_COLOUR('',#5);
#5780=FILL_AREA_STYLE('',(#5779));
#5781=SURFACE_STYLE_FILL_AREA(#5780);
#5782=SURFACE_SIDE_STYLE('',(#5781));
#5783=SURFACE_STYLE_USAGE(.BOTH.,#5782);
#5784=PRESENTATION_STYLE_ASSIGNMENT((#5783));
#5785=STYLED_ITEM('',(#5784),#5778);
#5786=CARTESIAN_POINT('',(-7.935345877770E0,1.015029950373E0,0.E0));
#5787=DIRECTION('',(-9.945218953683E-1,1.045284632677E-1,0.E0));
#5788=DIRECTION('',(-1.045284632677E-1,-9.945218953683E-1,0.E0));
#5789=AXIS2_PLACEMENT_3D('',#5786,#5787,#5788);
#5790=PLANE('',#5789);
#5791=ORIENTED_EDGE('',*,*,#3267,.F.);
#5793=ORIENTED_EDGE('',*,*,#5792,.T.);
#5794=ORIENTED_EDGE('',*,*,#4360,.T.);
#5795=ORIENTED_EDGE('',*,*,#5773,.F.);
#5796=EDGE_LOOP('',(#5791,#5793,#5794,#5795));
#5797=FACE_OUTER_BOUND('',#5796,.F.);
#5799=FILL_AREA_STYLE_COLOUR('',#5);
#5800=FILL_AREA_STYLE('',(#5799));
#5801=SURFACE_STYLE_FILL_AREA(#5800);
#5802=SURFACE_SIDE_STYLE('',(#5801));
#5803=SURFACE_STYLE_USAGE(.BOTH.,#5802);
#5804=PRESENTATION_STYLE_ASSIGNMENT((#5803));
#5805=STYLED_ITEM('',(#5804),#5798);
#5806=CARTESIAN_POINT('',(-7.057297753103E0,-9.475019578436E-1,0.E0));
#5807=DIRECTION('',(0.E0,0.E0,1.E0));
#5808=DIRECTION('',(1.045284632677E-1,9.945218953683E-1,0.E0));
#5809=AXIS2_PLACEMENT_3D('',#5806,#5807,#5808);
#5810=CYLINDRICAL_SURFACE('',#5809,2.15E0);
#5811=ORIENTED_EDGE('',*,*,#3980,.T.);
#5812=ORIENTED_EDGE('',*,*,#4362,.T.);
#5813=ORIENTED_EDGE('',*,*,#5792,.F.);
#5814=ORIENTED_EDGE('',*,*,#3265,.F.);
#5815=EDGE_LOOP('',(#5811,#5812,#5813,#5814));
#5816=FACE_OUTER_BOUND('',#5815,.F.);
#5818=FILL_AREA_STYLE_COLOUR('',#5);
#5819=FILL_AREA_STYLE('',(#5818));
#5820=SURFACE_STYLE_FILL_AREA(#5819);
#5821=SURFACE_SIDE_STYLE('',(#5820));
#5822=SURFACE_STYLE_USAGE(.BOTH.,#5821);
#5823=PRESENTATION_STYLE_ASSIGNMENT((#5822));
#5824=STYLED_ITEM('',(#5823),#5817);
#5825=CARTESIAN_POINT('',(-6.061778539937E0,3.736047706979E0,0.E0));
#5826=DIRECTION('',(0.E0,0.E0,1.E0));
#5827=DIRECTION('',(3.090169943749E-1,9.510565162952E-1,0.E0));
#5828=AXIS2_PLACEMENT_3D('',#5825,#5826,#5827);
#5829=CYLINDRICAL_SURFACE('',#5828,2.15E0);
#5830=ORIENTED_EDGE('',*,*,#3976,.F.);
#5831=ORIENTED_EDGE('',*,*,#3261,.F.);
#5833=ORIENTED_EDGE('',*,*,#5832,.T.);
#5834=ORIENTED_EDGE('',*,*,#4365,.T.);
#5835=EDGE_LOOP('',(#5830,#5831,#5833,#5834));
#5836=FACE_OUTER_BOUND('',#5835,.F.);
#5838=FILL_AREA_STYLE_COLOUR('',#5);
#5839=FILL_AREA_STYLE('',(#5838));
#5840=SURFACE_STYLE_FILL_AREA(#5839);
#5841=SURFACE_SIDE_STYLE('',(#5840));
#5842=SURFACE_STYLE_USAGE(.BOTH.,#5841);
#5843=PRESENTATION_STYLE_ASSIGNMENT((#5842));
#5844=STYLED_ITEM('',(#5843),#5837);
#5845=CARTESIAN_POINT('',(-7.550902938121E0,2.642700289301E0,0.E0));
#5846=DIRECTION('',(-9.510565162952E-1,3.090169943749E-1,0.E0));
#5847=DIRECTION('',(-3.090169943749E-1,-9.510565162952E-1,0.E0));
#5848=AXIS2_PLACEMENT_3D('',#5845,#5846,#5847);
#5849=PLANE('',#5848);
#5850=ORIENTED_EDGE('',*,*,#3259,.F.);
#5852=ORIENTED_EDGE('',*,*,#5851,.T.);
#5853=ORIENTED_EDGE('',*,*,#4367,.T.);
#5854=ORIENTED_EDGE('',*,*,#5832,.F.);
#5855=EDGE_LOOP('',(#5850,#5852,#5853,#5854));
#5856=FACE_OUTER_BOUND('',#5855,.F.);
#5858=FILL_AREA_STYLE_COLOUR('',#5);
#5859=FILL_AREA_STYLE('',(#5858));
#5860=SURFACE_STYLE_FILL_AREA(#5859);
#5861=SURFACE_SIDE_STYLE('',(#5860));
#5862=SURFACE_STYLE_USAGE(.BOTH.,#5861);
#5863=PRESENTATION_STYLE_ASSIGNMENT((#5862));
#5864=STYLED_ITEM('',(#5863),#5857);
#5865=CARTESIAN_POINT('',(-7.100075598970E0,5.404979416967E-1,0.E0));
#5866=DIRECTION('',(0.E0,0.E0,1.E0));
#5867=DIRECTION('',(3.090169943749E-1,9.510565162952E-1,0.E0));
#5868=AXIS2_PLACEMENT_3D('',#5865,#5866,#5867);
#5869=CYLINDRICAL_SURFACE('',#5868,2.15E0);
#5870=ORIENTED_EDGE('',*,*,#3958,.T.);
#5871=ORIENTED_EDGE('',*,*,#4369,.T.);
#5872=ORIENTED_EDGE('',*,*,#5851,.F.);
#5873=ORIENTED_EDGE('',*,*,#3257,.F.);
#5874=EDGE_LOOP('',(#5870,#5871,#5872,#5873));
#5875=FACE_OUTER_BOUND('',#5874,.F.);
#5877=FILL_AREA_STYLE_COLOUR('',#5);
#5878=FILL_AREA_STYLE('',(#5877));
#5879=SURFACE_STYLE_FILL_AREA(#5878);
#5880=SURFACE_SIDE_STYLE('',(#5879));
#5881=SURFACE_STYLE_USAGE(.BOTH.,#5880);
#5882=PRESENTATION_STYLE_ASSIGNMENT((#5881));
#5883=STYLED_ITEM('',(#5882),#5876);
#5884=CARTESIAN_POINT('',(-5.152546139286E0,4.914720726409E0,0.E0));
#5885=DIRECTION('',(0.E0,0.E0,1.E0));
#5886=DIRECTION('',(5.E-1,8.660254037844E-1,0.E0));
#5887=AXIS2_PLACEMENT_3D('',#5884,#5885,#5886);
#5888=CYLINDRICAL_SURFACE('',#5887,2.15E0);
#5889=ORIENTED_EDGE('',*,*,#3954,.F.);
#5890=ORIENTED_EDGE('',*,*,#3253,.F.);
#5892=ORIENTED_EDGE('',*,*,#5891,.T.);
#5893=ORIENTED_EDGE('',*,*,#4372,.T.);
#5894=EDGE_LOOP('',(#5889,#5890,#5892,#5893));
#5895=FACE_OUTER_BOUND('',#5894,.F.);
#5897=FILL_AREA_STYLE_COLOUR('',#5);
#5898=FILL_AREA_STYLE('',(#5897));
#5899=SURFACE_STYLE_FILL_AREA(#5898);
#5900=SURFACE_SIDE_STYLE('',(#5899));
#5901=SURFACE_STYLE_USAGE(.BOTH.,#5900);
#5902=PRESENTATION_STYLE_ASSIGNMENT((#5901));
#5903=STYLED_ITEM('',(#5902),#5896);
#5904=CARTESIAN_POINT('',(-6.836449306824E0,4.154871944504E0,0.E0));
#5905=DIRECTION('',(-8.660254037844E-1,5.E-1,0.E0));
#5906=DIRECTION('',(-5.E-1,-8.660254037844E-1,0.E0));
#5907=AXIS2_PLACEMENT_3D('',#5904,#5905,#5906);
#5908=PLANE('',#5907);
#5909=ORIENTED_EDGE('',*,*,#3251,.F.);
#5911=ORIENTED_EDGE('',*,*,#5910,.T.);
#5912=ORIENTED_EDGE('',*,*,#4374,.T.);
#5913=ORIENTED_EDGE('',*,*,#5891,.F.);
#5914=EDGE_LOOP('',(#5909,#5911,#5912,#5913));
#5915=FACE_OUTER_BOUND('',#5914,.F.);
#5917=FILL_AREA_STYLE_COLOUR('',#5);
#5918=FILL_AREA_STYLE('',(#5917));
#5919=SURFACE_STYLE_FILL_AREA(#5918);
#5920=SURFACE_SIDE_STYLE('',(#5919));
#5921=SURFACE_STYLE_USAGE(.BOTH.,#5920);
#5922=PRESENTATION_STYLE_ASSIGNMENT((#5921));
#5923=STYLED_ITEM('',(#5922),#5916);
#5924=CARTESIAN_POINT('',(-6.832546071219E0,2.004875487588E0,0.E0));
#5925=DIRECTION('',(0.E0,0.E0,1.E0));
#5926=DIRECTION('',(5.E-1,8.660254037844E-1,0.E0));
#5927=AXIS2_PLACEMENT_3D('',#5924,#5925,#5926);
#5928=CYLINDRICAL_SURFACE('',#5927,2.15E0);
#5929=ORIENTED_EDGE('',*,*,#3936,.T.);
#5930=ORIENTED_EDGE('',*,*,#4376,.T.);
#5931=ORIENTED_EDGE('',*,*,#5910,.F.);
#5932=ORIENTED_EDGE('',*,*,#3249,.F.);
#5933=EDGE_LOOP('',(#5929,#5930,#5931,#5932));
#5934=FACE_OUTER_BOUND('',#5933,.F.);
#5936=FILL_AREA_STYLE_COLOUR('',#5);
#5937=FILL_AREA_STYLE('',(#5936));
#5938=SURFACE_STYLE_FILL_AREA(#5937);
#5939=SURFACE_SIDE_STYLE('',(#5938));
#5940=SURFACE_STYLE_USAGE(.BOTH.,#5939);
#5941=PRESENTATION_STYLE_ASSIGNMENT((#5940));
#5942=STYLED_ITEM('',(#5941),#5935);
#5943=CARTESIAN_POINT('',(-4.018122747688E0,5.878596866650E0,0.E0));
#5944=DIRECTION('',(0.E0,0.E0,1.E0));
#5945=DIRECTION('',(6.691306063589E-1,7.431448254774E-1,0.E0));
#5946=AXIS2_PLACEMENT_3D('',#5943,#5944,#5945);
#5947=CYLINDRICAL_SURFACE('',#5946,2.15E0);
#5948=ORIENTED_EDGE('',*,*,#3932,.F.);
#5949=ORIENTED_EDGE('',*,*,#3245,.F.);
#5951=ORIENTED_EDGE('',*,*,#5950,.T.);
#5952=ORIENTED_EDGE('',*,*,#4379,.T.);
#5953=EDGE_LOOP('',(#5948,#5949,#5951,#5952));
#5954=FACE_OUTER_BOUND('',#5953,.F.);
#5956=FILL_AREA_STYLE_COLOUR('',#5);
#5957=FILL_AREA_STYLE('',(#5956));
#5958=SURFACE_STYLE_FILL_AREA(#5957);
#5959=SURFACE_SIDE_STYLE('',(#5958));
#5960=SURFACE_STYLE_USAGE(.BOTH.,#5959);
#5961=PRESENTATION_STYLE_ASSIGNMENT((#5960));
#5962=STYLED_ITEM('',(#5961),#5955);
#5963=CARTESIAN_POINT('',(-5.823210035895E0,5.485455758445E0,0.E0));
#5964=DIRECTION('',(-7.431448254774E-1,6.691306063589E-1,0.E0));
#5965=DIRECTION('',(-6.691306063589E-1,-7.431448254774E-1,0.E0));
#5966=AXIS2_PLACEMENT_3D('',#5963,#5964,#5965);
#5967=PLANE('',#5966);
#5968=ORIENTED_EDGE('',*,*,#3243,.F.);
#5970=ORIENTED_EDGE('',*,*,#5969,.T.);
#5971=ORIENTED_EDGE('',*,*,#4381,.T.);
#5972=ORIENTED_EDGE('',*,*,#5950,.F.);
#5973=EDGE_LOOP('',(#5968,#5970,#5971,#5972));
#5974=FACE_OUTER_BOUND('',#5973,.F.);
#5976=FILL_AREA_STYLE_COLOUR('',#5);
#5977=FILL_AREA_STYLE('',(#5976));
#5978=SURFACE_STYLE_FILL_AREA(#5977);
#5979=SURFACE_SIDE_STYLE('',(#5978));
#5980=SURFACE_STYLE_USAGE(.BOTH.,#5979);
#5981=PRESENTATION_STYLE_ASSIGNMENT((#5980));
#5982=STYLED_ITEM('',(#5981),#5975);
#5983=CARTESIAN_POINT('',(-6.266401493963E0,3.381630354212E0,0.E0));
#5984=DIRECTION('',(0.E0,0.E0,1.E0));
#5985=DIRECTION('',(6.691306063589E-1,7.431448254774E-1,0.E0));
#5986=AXIS2_PLACEMENT_3D('',#5983,#5984,#5985);
#5987=CYLINDRICAL_SURFACE('',#5986,2.15E0);
#5988=ORIENTED_EDGE('',*,*,#3914,.T.);
#5989=ORIENTED_EDGE('',*,*,#4383,.T.);
#5990=ORIENTED_EDGE('',*,*,#5969,.F.);
#5991=ORIENTED_EDGE('',*,*,#3241,.F.);
#5992=EDGE_LOOP('',(#5988,#5989,#5990,#5991));
#5993=FACE_OUTER_BOUND('',#5992,.F.);
#5995=FILL_AREA_STYLE_COLOUR('',#5);
#5996=FILL_AREA_STYLE('',(#5995));
#5997=SURFACE_STYLE_FILL_AREA(#5996);
#5998=SURFACE_SIDE_STYLE('',(#5997));
#5999=SURFACE_STYLE_USAGE(.BOTH.,#5998);
#6000=PRESENTATION_STYLE_ASSIGNMENT((#5999));
#6001=STYLED_ITEM('',(#6000),#5994);
#6002=CARTESIAN_POINT('',(-2.708088110924E0,6.585550115180E0,0.E0));
#6003=DIRECTION('',(0.E0,0.E0,1.E0));
#6004=DIRECTION('',(8.090169943749E-1,5.877852522925E-1,0.E0));
#6005=AXIS2_PLACEMENT_3D('',#6002,#6003,#6004);
#6006=CYLINDRICAL_SURFACE('',#6005,2.15E0);
#6007=ORIENTED_EDGE('',*,*,#3910,.F.);
#6008=ORIENTED_EDGE('',*,*,#3237,.F.);
#6010=ORIENTED_EDGE('',*,*,#6009,.T.);
#6011=ORIENTED_EDGE('',*,*,#4386,.T.);
#6012=EDGE_LOOP('',(#6007,#6008,#6010,#6011));
#6013=FACE_OUTER_BOUND('',#6012,.F.);
#6015=FILL_AREA_STYLE_COLOUR('',#5);
#6016=FILL_AREA_STYLE('',(#6015));
#6017=SURFACE_STYLE_FILL_AREA(#6016);
#6018=SURFACE_SIDE_STYLE('',(#6017));
#6019=SURFACE_STYLE_USAGE(.BOTH.,#6018);
#6020=PRESENTATION_STYLE_ASSIGNMENT((#6019));
#6021=STYLED_ITEM('',(#6020),#6014);
#6022=CARTESIAN_POINT('',(-4.555468543535E0,6.576298833604E0,0.E0));
#6023=DIRECTION('',(-5.877852522925E-1,8.090169943749E-1,0.E0));
#6024=DIRECTION('',(-8.090169943749E-1,-5.877852522925E-1,0.E0));
#6025=AXIS2_PLACEMENT_3D('',#6022,#6023,#6024);
#6026=PLANE('',#6025);
#6027=ORIENTED_EDGE('',*,*,#3235,.F.);
#6029=ORIENTED_EDGE('',*,*,#6028,.T.);
#6030=ORIENTED_EDGE('',*,*,#4388,.T.);
#6031=ORIENTED_EDGE('',*,*,#6009,.F.);
#6032=EDGE_LOOP('',(#6027,#6029,#6030,#6031));
#6033=FACE_OUTER_BOUND('',#6032,.F.);
#6035=FILL_AREA_STYLE_COLOUR('',#5);
#6036=FILL_AREA_STYLE('',(#6035));
#6037=SURFACE_STYLE_FILL_AREA(#6036);
#6038=SURFACE_SIDE_STYLE('',(#6037));
#6039=SURFACE_STYLE_USAGE(.BOTH.,#6038);
#6040=PRESENTATION_STYLE_ASSIGNMENT((#6039));
#6041=STYLED_ITEM('',(#6040),#6034);
#6042=CARTESIAN_POINT('',(-5.426385101890E0,4.610591747494E0,0.E0));
#6043=DIRECTION('',(0.E0,0.E0,1.E0));
#6044=DIRECTION('',(8.090169943749E-1,5.877852522925E-1,0.E0));
#6045=AXIS2_PLACEMENT_3D('',#6042,#6043,#6044);
#6046=CYLINDRICAL_SURFACE('',#6045,2.15E0);
#6047=ORIENTED_EDGE('',*,*,#3892,.T.);
#6048=ORIENTED_EDGE('',*,*,#4390,.T.);
#6049=ORIENTED_EDGE('',*,*,#6028,.F.);
#6050=ORIENTED_EDGE('',*,*,#3233,.F.);
#6051=EDGE_LOOP('',(#6047,#6048,#6049,#6050));
#6052=FACE_OUTER_BOUND('',#6051,.F.);
#6054=FILL_AREA_STYLE_COLOUR('',#5);
#6055=FILL_AREA_STYLE('',(#6054));
#6056=SURFACE_STYLE_FILL_AREA(#6055);
#6057=SURFACE_SIDE_STYLE('',(#6056));
#6058=SURFACE_STYLE_USAGE(.BOTH.,#6057);
#6059=PRESENTATION_STYLE_ASSIGNMENT((#6058));
#6060=STYLED_ITEM('',(#6059),#6053);
#6061=CARTESIAN_POINT('',(-1.279697028864E0,7.004683222701E0,0.E0));
#6062=DIRECTION('',(0.E0,0.E0,1.E0));
#6063=DIRECTION('',(9.135454576426E-1,4.067366430758E-1,0.E0));
#6064=AXIS2_PLACEMENT_3D('',#6061,#6062,#6063);
#6065=CYLINDRICAL_SURFACE('',#6064,2.15E0);
#6066=ORIENTED_EDGE('',*,*,#3888,.F.);
#6067=ORIENTED_EDGE('',*,*,#3229,.F.);
#6069=ORIENTED_EDGE('',*,*,#6068,.T.);
#6070=ORIENTED_EDGE('',*,*,#4393,.T.);
#6071=EDGE_LOOP('',(#6066,#6067,#6069,#6070));
#6072=FACE_OUTER_BOUND('',#6071,.F.);
#6074=FILL_AREA_STYLE_COLOUR('',#5);
#6075=FILL_AREA_STYLE('',(#6074));
#6076=SURFACE_STYLE_FILL_AREA(#6075);
#6077=SURFACE_SIDE_STYLE('',(#6076));
#6078=SURFACE_STYLE_USAGE(.BOTH.,#6077);
#6079=PRESENTATION_STYLE_ASSIGNMENT((#6078));
#6080=STYLED_ITEM('',(#6079),#6073);
#6081=CARTESIAN_POINT('',(-3.088631216260E0,7.379726093152E0,0.E0));
#6082=DIRECTION('',(-4.067366430758E-1,9.135454576426E-1,0.E0));
#6083=DIRECTION('',(-9.135454576426E-1,-4.067366430758E-1,0.E0));
#6084=AXIS2_PLACEMENT_3D('',#6081,#6082,#6083);
#6085=PLANE('',#6084);
#6086=ORIENTED_EDGE('',*,*,#3227,.F.);
#6088=ORIENTED_EDGE('',*,*,#6087,.T.);
#6089=ORIENTED_EDGE('',*,*,#4395,.T.);
#6090=ORIENTED_EDGE('',*,*,#6068,.F.);
#6091=EDGE_LOOP('',(#6086,#6088,#6089,#6090));
#6092=FACE_OUTER_BOUND('',#6091,.F.);
#6094=FILL_AREA_STYLE_COLOUR('',#5);
#6095=FILL_AREA_STYLE('',(#6094));
#6096=SURFACE_STYLE_FILL_AREA(#6095);
#6097=SURFACE_SIDE_STYLE('',(#6096));
#6098=SURFACE_STYLE_USAGE(.BOTH.,#6097);
#6099=PRESENTATION_STYLE_ASSIGNMENT((#6098));
#6100=STYLED_ITEM('',(#6099),#6093);
#6101=CARTESIAN_POINT('',(-4.349209642179E0,5.638048157336E0,0.E0));
#6102=DIRECTION('',(0.E0,0.E0,1.E0));
#6103=DIRECTION('',(9.135454576426E-1,4.067366430758E-1,0.E0));
#6104=AXIS2_PLACEMENT_3D('',#6101,#6102,#6103);
#6105=CYLINDRICAL_SURFACE('',#6104,2.15E0);
#6106=ORIENTED_EDGE('',*,*,#3870,.T.);
#6107=ORIENTED_EDGE('',*,*,#4397,.T.);
#6108=ORIENTED_EDGE('',*,*,#6087,.F.);
#6109=ORIENTED_EDGE('',*,*,#3225,.F.);
#6110=EDGE_LOOP('',(#6106,#6107,#6108,#6109));
#6111=FACE_OUTER_BOUND('',#6110,.F.);
#6113=FILL_AREA_STYLE_COLOUR('',#5);
#6114=FILL_AREA_STYLE('',(#6113));
#6115=SURFACE_STYLE_FILL_AREA(#6114);
#6116=SURFACE_SIDE_STYLE('',(#6115));
#6117=SURFACE_STYLE_USAGE(.BOTH.,#6116);
#6118=PRESENTATION_STYLE_ASSIGNMENT((#6117));
#6119=STYLED_ITEM('',(#6118),#6112);
#6120=CLOSED_SHELL('',(#3457,#3479,#3501,#3523,#3545,#3567,#3589,#3611,#3633,
#3655,#3677,#3699,#3721,#3743,#3765,#3787,#3809,#3831,#3853,#3875,#3897,#3919,
#3941,#3963,#3985,#4007,#4029,#4051,#4073,#4095,#4117,#4138,#4159,#4179,#4401,
#4421,#4441,#4460,#4480,#4500,#4519,#4539,#4559,#4578,#4598,#4618,#4637,#4657,
#4677,#4696,#4716,#4736,#4755,#4775,#4795,#4814,#4834,#4854,#4873,#4893,#4913,
#4932,#4952,#4972,#4991,#5011,#5031,#5050,#5070,#5090,#5109,#5129,#5149,#5168,
#5188,#5208,#5227,#5247,#5267,#5286,#5306,#5326,#5345,#5365,#5385,#5404,#5424,
#5444,#5463,#5483,#5503,#5522,#5542,#5562,#5581,#5601,#5621,#5640,#5660,#5680,
#5699,#5719,#5739,#5758,#5778,#5798,#5817,#5837,#5857,#5876,#5896,#5916,#5935,
#5955,#5975,#5994,#6014,#6034,#6053,#6073,#6093,#6112));
#6121=MANIFOLD_SOLID_BREP('',#6120);
#6122=FILL_AREA_STYLE_COLOUR('',#5);
#6123=FILL_AREA_STYLE('',(#6122));
#6124=SURFACE_STYLE_FILL_AREA(#6123);
#6125=SURFACE_SIDE_STYLE('',(#6124));
#6126=SURFACE_STYLE_USAGE(.BOTH.,#6125);
#6127=PRESENTATION_STYLE_ASSIGNMENT((#6126));
#28=STYLED_ITEM('',(#6127),#6121);
#6130=PLANE_ANGLE_MEASURE_WITH_UNIT(PLANE_ANGLE_MEASURE(1.745329251994E-2),
#6129);
#6131=(CONVERSION_BASED_UNIT('DEGREE',#6130)NAMED_UNIT(*)PLANE_ANGLE_UNIT());
#6133=UNCERTAINTY_MEASURE_WITH_UNIT(LENGTH_MEASURE(2.341019260769E-3),#6128,
'distance_accuracy_value',
'Maximum model space distance between geometric entities at asserted connectivities');
#6135=CARTESIAN_POINT('',(0.E0,0.E0,0.E0));
#6136=DIRECTION('',(0.E0,0.E0,1.E0));
#6137=DIRECTION('',(1.E0,0.E0,0.E0));
#6140=MECHANICAL_DESIGN_GEOMETRIC_PRESENTATION_REPRESENTATION('',(#37,#45,#52,
#60,#68,#76,#83,#91,#99,#107,#114,#122,#130,#138,#145,#153,#161,#169,#176,#184,
#192,#200,#207,#215,#223,#231,#238,#246,#254,#261,#269,#277,#285,#292,#300,#308,
#316,#323,#331,#339,#347,#354,#362,#370,#378,#385,#393,#401,#409,#416,#424,#432,
#440,#447,#455,#463,#471,#478,#486,#494,#502,#509,#517,#525,#533,#540,#548,#556,
#564,#571,#579,#587,#595,#602,#610,#618,#626,#633,#641,#649,#657,#664,#672,#680,
#688,#695,#703,#711,#718,#726,#734,#742,#749,#757,#765,#773,#780,#788,#796,#804,
#811,#819,#827,#835,#842,#850,#858,#866,#873,#881,#889,#897,#904,#912,#920,#928,
#935,#943,#951,#959,#967,#975,#982,#989,#996,#1003,#1011,#1019,#1026,#1034,
#1042,#1050,#1057,#1065,#1073,#1081,#1088,#1096,#1104,#1112,#1119,#1127,#1135,
#1143,#1150,#1158,#1166,#1174,#1181,#1189,#1197,#1205,#1212,#1220,#1228,#1236,
#1243,#1251,#1259,#1267,#1274,#1282,#1290,#1297,#1305,#1313,#1321,#1328,#1336,
#1344,#1352,#1359,#1367,#1375,#1383,#1390,#1398,#1406,#1414,#1421,#1429,#1437,
#1445,#1452,#1460,#1468,#1476,#1483,#1491,#1499,#1507,#1514,#1522,#1530,#1538,
#1545,#1553,#1561,#1569,#1576,#1584,#1592,#1600,#1607,#1615,#1623,#1631,#1638,
#1646,#1654,#1662,#1669,#1677,#1685,#1693,#1700,#1708,#1716,#1724,#1731,#1739,
#1747,#1754,#1762,#1770,#1778,#1785,#1793,#1801,#1809,#1816,#1824,#1832,#1840,
#1847,#1855,#1863,#1871,#1878,#1886,#1894,#1902,#1909,#1917,#1924,#1931,#1938,
#1945,#1952,#1959,#1966,#1973,#1980,#1987,#1994,#2001,#2008,#2015,#2022,#2029,
#2036,#2043,#2050,#2057,#2064,#2071,#2078,#2085,#2092,#2099,#2106,#2113,#2120,
#2127,#2134,#2141,#2148,#2155,#2162,#2169,#2176,#2183,#2190,#2197,#2204,#2211,
#2218,#2225,#2232,#2239,#2246,#2253,#2260,#2267,#2274,#2281,#2288,#2295,#2302,
#2309,#2316,#2323,#2330,#2337,#2344,#2351,#2358,#2365,#2372,#2379,#2386,#2393,
#2400,#2407,#2414,#2421,#2428,#2435,#2442,#2449,#2456,#2463,#2470,#2477,#2484,
#2491,#2498,#2505,#2512,#2519,#2526,#2533,#2540,#2547,#2554,#2561,#2568,#2575,
#2582,#2589,#2596,#2603,#2610,#2617,#2624,#2631,#2638,#2645,#2652,#2659,#2666,
#2673,#2680,#2687,#2694,#2701,#2708,#2715,#2722,#2729,#3464,#3486,#3508,#3530,
#3552,#3574,#3596,#3618,#3640,#3662,#3684,#3706,#3728,#3750,#3772,#3794,#3816,
#3838,#3860,#3882,#3904,#3926,#3948,#3970,#3992,#4014,#4036,#4058,#4080,#4102,
#4124,#4145,#4166,#4186,#4408,#4428,#4448,#4467,#4487,#4507,#4526,#4546,#4566,
#4585,#4605,#4625,#4644,#4664,#4684,#4703,#4723,#4743,#4762,#4782,#4802,#4821,
#4841,#4861,#4880,#4900,#4920,#4939,#4959,#4979,#4998,#5018,#5038,#5057,#5077,
#5097,#5116,#5136,#5156,#5175,#5195,#5215,#5234,#5254,#5274,#5293,#5313,#5333,
#5352,#5372,#5392,#5411,#5431,#5451,#5470,#5490,#5510,#5529,#5549,#5569,#5588,
#5608,#5628,#5647,#5667,#5687,#5706,#5726,#5746,#5765,#5785,#5805,#5824,#5844,
#5864,#5883,#5903,#5923,#5942,#5962,#5982,#6001,#6021,#6041,#6060,#6080,#6100,
#6119,#28),#6134);
#6141=APPLICATION_CONTEXT('automotive_design');
#6142=APPLICATION_PROTOCOL_DEFINITION('international standard',
'automotive_design',2001,#6141);
#6143=PRODUCT_DEFINITION_CONTEXT('part definition',#6141,'design');
#6144=PRODUCT_CONTEXT('',#6141,'mechanical');
#6145=PRODUCT('MOTORGEAR','MOTORGEAR','NOT SPECIFIED',(#6144));
#6146=PRODUCT_DEFINITION_FORMATION('3','LAST_VERSION',#6145);
#6154=DERIVED_UNIT_ELEMENT(#6153,2.E0);
#6155=DERIVED_UNIT((#6154));
#6156=MEASURE_REPRESENTATION_ITEM('surface area measure',AREA_MEASURE(
9.134738747429E2),#6155);
#6161=DERIVED_UNIT_ELEMENT(#6160,3.E0);
#6162=DERIVED_UNIT((#6161));
#6163=MEASURE_REPRESENTATION_ITEM('volume measure',VOLUME_MEASURE(
1.051042286901E3),#6162);
#6167=CARTESIAN_POINT('centre point',(-2.129357451488E-11,-6.161503788529E-4,
3.E0));
#6172=DERIVED_UNIT_ELEMENT(#6171,2.E0);
#6173=DERIVED_UNIT((#6172));
#6174=MEASURE_REPRESENTATION_ITEM('surface area measure',AREA_MEASURE(
9.134738747429E2),#6173);
#6179=DERIVED_UNIT_ELEMENT(#6178,3.E0);
#6180=DERIVED_UNIT((#6179));
#6181=MEASURE_REPRESENTATION_ITEM('volume measure',VOLUME_MEASURE(
1.051042286901E3),#6180);
#6185=CARTESIAN_POINT('centre point',(-2.129357451488E-11,-6.161503788529E-4,
3.E0));
#1=DRAUGHTING_PRE_DEFINED_COLOUR('green');
#2=DRAUGHTING_PRE_DEFINED_COLOUR('green');
#3=DRAUGHTING_PRE_DEFINED_COLOUR('green');
#4=COLOUR_RGB('',1.1E-2,1.2E-2,1.E0);
#5=COLOUR_RGB('',1.1E-2,1.2E-2,1.E0);
#6=COLOUR_RGB('',4.1E-1,2.61589E-1,1.12848E-1);
#7=COLOUR_RGB('',5.04854E-1,1.5455E-2,1.5455E-2);
#8=COLOUR_RGB('',6.35294E-1,6.86275E-1,7.4902E-1);
#9=COLOUR_RGB('',6.40777E-1,6.40777E-1,6.40777E-1);
#10=COLOUR_RGB('',6.66667E-1,6.66667E-1,6.66667E-1);
#11=COLOUR_RGB('',6.69062E-1,6.69903E-1,6.55217E-1);
#12=COLOUR_RGB('',7.45098E-1,3.92157E-1,2.94118E-1);
#13=COLOUR_RGB('',8.03922E-1,5.88235E-1,1.96078E-1);
#14=COLOUR_RGB('',9.21569E-1,7.05882E-1,4.70588E-1);
#15=DRAUGHTING_PRE_DEFINED_COLOUR('red');
#16=DRAUGHTING_PRE_DEFINED_COLOUR('red');
#17=DRAUGHTING_PRE_DEFINED_COLOUR('red');
#18=DRAUGHTING_PRE_DEFINED_COLOUR('red');
#19=DRAUGHTING_PRE_DEFINED_COLOUR('red');
#20=DRAUGHTING_PRE_DEFINED_COLOUR('red');
#21=DRAUGHTING_PRE_DEFINED_COLOUR('red');
#22=DRAUGHTING_PRE_DEFINED_COLOUR('yellow');
#23=DRAUGHTING_PRE_DEFINED_COLOUR('yellow');
#24=COLOUR_RGB('',1.E0,1.E0,5.3E-1);
#25=COLOUR_RGB('',1.E0,1.E0,9.49E-1);
#26=COLOUR_RGB('',1.E0,1.E0,9.49E-1);
#27=DRAUGHTING_PRE_DEFINED_COLOUR('white');
#33=CIRCLE('',#32,6.937020601290E0);
#42=CIRCLE('',#41,2.15E0);
#57=CIRCLE('',#56,2.15E0);
#65=CIRCLE('',#64,6.937020601290E0);
#73=CIRCLE('',#72,2.15E0);
#88=CIRCLE('',#87,2.15E0);
#96=CIRCLE('',#95,6.937020601290E0);
#104=CIRCLE('',#103,2.15E0);
#119=CIRCLE('',#118,2.15E0);
#127=CIRCLE('',#126,6.937020601290E0);
#135=CIRCLE('',#134,2.15E0);
#150=CIRCLE('',#149,2.15E0);
#158=CIRCLE('',#157,6.937020601290E0);
#166=CIRCLE('',#165,2.15E0);
#181=CIRCLE('',#180,2.15E0);
#189=CIRCLE('',#188,6.937020601290E0);
#197=CIRCLE('',#196,2.15E0);
#212=CIRCLE('',#211,2.15E0);
#220=CIRCLE('',#219,6.937020601290E0);
#228=CIRCLE('',#227,2.15E0);
#243=CIRCLE('',#242,2.15E0);
#251=CIRCLE('',#250,2.15E0);
#266=CIRCLE('',#265,2.15E0);
#274=CIRCLE('',#273,6.937020601290E0);
#282=CIRCLE('',#281,2.15E0);
#297=CIRCLE('',#296,2.15E0);
#305=CIRCLE('',#304,6.937020601290E0);
#313=CIRCLE('',#312,2.15E0);
#328=CIRCLE('',#327,2.15E0);
#336=CIRCLE('',#335,6.937020601290E0);
#344=CIRCLE('',#343,2.15E0);
#359=CIRCLE('',#358,2.15E0);
#367=CIRCLE('',#366,6.937020601290E0);
#375=CIRCLE('',#374,2.15E0);
#390=CIRCLE('',#389,2.15E0);
#398=CIRCLE('',#397,6.937020601290E0);
#406=CIRCLE('',#405,2.15E0);
#421=CIRCLE('',#420,2.15E0);
#429=CIRCLE('',#428,6.937020601290E0);
#437=CIRCLE('',#436,2.15E0);
#452=CIRCLE('',#451,2.15E0);
#460=CIRCLE('',#459,6.937020601290E0);
#468=CIRCLE('',#467,2.15E0);
#483=CIRCLE('',#482,2.15E0);
#491=CIRCLE('',#490,6.937020601290E0);
#499=CIRCLE('',#498,2.15E0);
#514=CIRCLE('',#513,2.15E0);
#522=CIRCLE('',#521,6.937020601290E0);
#530=CIRCLE('',#529,2.15E0);
#545=CIRCLE('',#544,2.15E0);
#553=CIRCLE('',#552,6.937020601290E0);
#561=CIRCLE('',#560,2.15E0);
#576=CIRCLE('',#575,2.15E0);
#584=CIRCLE('',#583,6.937020601290E0);
#592=CIRCLE('',#591,2.15E0);
#607=CIRCLE('',#606,2.15E0);
#615=CIRCLE('',#614,6.937020601290E0);
#623=CIRCLE('',#622,2.15E0);
#638=CIRCLE('',#637,2.15E0);
#646=CIRCLE('',#645,6.937020601290E0);
#654=CIRCLE('',#653,2.15E0);
#669=CIRCLE('',#668,2.15E0);
#677=CIRCLE('',#676,6.937020601290E0);
#685=CIRCLE('',#684,2.15E0);
#700=CIRCLE('',#699,2.15E0);
#708=CIRCLE('',#707,2.15E0);
#723=CIRCLE('',#722,2.15E0);
#731=CIRCLE('',#730,6.937020601290E0);
#739=CIRCLE('',#738,2.15E0);
#754=CIRCLE('',#753,2.15E0);
#762=CIRCLE('',#761,6.937020601290E0);
#770=CIRCLE('',#769,2.15E0);
#785=CIRCLE('',#784,2.15E0);
#793=CIRCLE('',#792,6.937020601290E0);
#801=CIRCLE('',#800,2.15E0);
#816=CIRCLE('',#815,2.15E0);
#824=CIRCLE('',#823,6.937020601290E0);
#832=CIRCLE('',#831,2.15E0);
#847=CIRCLE('',#846,2.15E0);
#855=CIRCLE('',#854,6.937020601290E0);
#863=CIRCLE('',#862,2.15E0);
#878=CIRCLE('',#877,2.15E0);
#886=CIRCLE('',#885,6.937020601290E0);
#894=CIRCLE('',#893,2.15E0);
#909=CIRCLE('',#908,2.15E0);
#917=CIRCLE('',#916,6.937020601290E0);
#925=CIRCLE('',#924,2.15E0);
#940=CIRCLE('',#939,2.15E0);
#948=CIRCLE('',#947,6.937020601290E0);
#956=CIRCLE('',#955,6.937020601290E0);
#964=CIRCLE('',#963,6.937020601290E0);
#972=CIRCLE('',#971,6.937020601290E0);
#1008=CIRCLE('',#1007,6.937020601290E0);
#1016=CIRCLE('',#1015,2.15E0);
#1031=CIRCLE('',#1030,2.15E0);
#1039=CIRCLE('',#1038,6.937020601290E0);
#1047=CIRCLE('',#1046,2.15E0);
#1062=CIRCLE('',#1061,2.15E0);
#1070=CIRCLE('',#1069,6.937020601290E0);
#1078=CIRCLE('',#1077,2.15E0);
#1093=CIRCLE('',#1092,2.15E0);
#1101=CIRCLE('',#1100,6.937020601290E0);
#1109=CIRCLE('',#1108,2.15E0);
#1124=CIRCLE('',#1123,2.15E0);
#1132=CIRCLE('',#1131,6.937020601290E0);
#1140=CIRCLE('',#1139,2.15E0);
#1155=CIRCLE('',#1154,2.15E0);
#1163=CIRCLE('',#1162,6.937020601290E0);
#1171=CIRCLE('',#1170,2.15E0);
#1186=CIRCLE('',#1185,2.15E0);
#1194=CIRCLE('',#1193,6.937020601290E0);
#1202=CIRCLE('',#1201,2.15E0);
#1217=CIRCLE('',#1216,2.15E0);
#1225=CIRCLE('',#1224,6.937020601290E0);
#1233=CIRCLE('',#1232,2.15E0);
#1248=CIRCLE('',#1247,2.15E0);
#1256=CIRCLE('',#1255,6.937020601290E0);
#1264=CIRCLE('',#1263,2.15E0);
#1279=CIRCLE('',#1278,2.15E0);
#1287=CIRCLE('',#1286,2.15E0);
#1302=CIRCLE('',#1301,2.15E0);
#1310=CIRCLE('',#1309,6.937020601290E0);
#1318=CIRCLE('',#1317,2.15E0);
#1333=CIRCLE('',#1332,2.15E0);
#1341=CIRCLE('',#1340,6.937020601290E0);
#1349=CIRCLE('',#1348,2.15E0);
#1364=CIRCLE('',#1363,2.15E0);
#1372=CIRCLE('',#1371,6.937020601290E0);
#1380=CIRCLE('',#1379,2.15E0);
#1395=CIRCLE('',#1394,2.15E0);
#1403=CIRCLE('',#1402,6.937020601290E0);
#1411=CIRCLE('',#1410,2.15E0);
#1426=CIRCLE('',#1425,2.15E0);
#1434=CIRCLE('',#1433,6.937020601290E0);
#1442=CIRCLE('',#1441,2.15E0);
#1457=CIRCLE('',#1456,2.15E0);
#1465=CIRCLE('',#1464,6.937020601290E0);
#1473=CIRCLE('',#1472,2.15E0);
#1488=CIRCLE('',#1487,2.15E0);
#1496=CIRCLE('',#1495,6.937020601290E0);
#1504=CIRCLE('',#1503,2.15E0);
#1519=CIRCLE('',#1518,2.15E0);
#1527=CIRCLE('',#1526,6.937020601290E0);
#1535=CIRCLE('',#1534,2.15E0);
#1550=CIRCLE('',#1549,2.15E0);
#1558=CIRCLE('',#1557,6.937020601290E0);
#1566=CIRCLE('',#1565,2.15E0);
#1581=CIRCLE('',#1580,2.15E0);
#1589=CIRCLE('',#1588,6.937020601290E0);
#1597=CIRCLE('',#1596,2.15E0);
#1612=CIRCLE('',#1611,2.15E0);
#1620=CIRCLE('',#1619,6.937020601290E0);
#1628=CIRCLE('',#1627,2.15E0);
#1643=CIRCLE('',#1642,2.15E0);
#1651=CIRCLE('',#1650,6.937020601290E0);
#1659=CIRCLE('',#1658,2.15E0);
#1674=CIRCLE('',#1673,2.15E0);
#1682=CIRCLE('',#1681,6.937020601290E0);
#1690=CIRCLE('',#1689,2.15E0);
#1705=CIRCLE('',#1704,2.15E0);
#1713=CIRCLE('',#1712,6.937020601290E0);
#1721=CIRCLE('',#1720,2.15E0);
#1736=CIRCLE('',#1735,2.15E0);
#1744=CIRCLE('',#1743,2.15E0);
#1759=CIRCLE('',#1758,2.15E0);
#1767=CIRCLE('',#1766,6.937020601290E0);
#1775=CIRCLE('',#1774,2.15E0);
#1790=CIRCLE('',#1789,2.15E0);
#1798=CIRCLE('',#1797,6.937020601290E0);
#1806=CIRCLE('',#1805,2.15E0);
#1821=CIRCLE('',#1820,2.15E0);
#1829=CIRCLE('',#1828,6.937020601290E0);
#1837=CIRCLE('',#1836,2.15E0);
#1852=CIRCLE('',#1851,2.15E0);
#1860=CIRCLE('',#1859,6.937020601290E0);
#1868=CIRCLE('',#1867,2.15E0);
#1883=CIRCLE('',#1882,2.15E0);
#1891=CIRCLE('',#1890,6.937020601290E0);
#1899=CIRCLE('',#1898,2.15E0);
#1914=CIRCLE('',#1913,2.15E0);
#3215=EDGE_CURVE('',#2740,#2992,#33,.T.);
#3217=EDGE_CURVE('',#2992,#2756,#42,.T.);
#3219=EDGE_CURVE('',#2756,#2757,#49,.T.);
#3221=EDGE_CURVE('',#2757,#2988,#57,.T.);
#3223=EDGE_CURVE('',#2988,#3000,#65,.T.);
#3225=EDGE_CURVE('',#3000,#2764,#73,.T.);
#3227=EDGE_CURVE('',#2764,#2765,#80,.T.);
#3229=EDGE_CURVE('',#2765,#2996,#88,.T.);
#3231=EDGE_CURVE('',#2996,#3008,#96,.T.);
#3233=EDGE_CURVE('',#3008,#2772,#104,.T.);
#3235=EDGE_CURVE('',#2772,#2773,#111,.T.);
#3237=EDGE_CURVE('',#2773,#3004,#119,.T.);
#3239=EDGE_CURVE('',#3004,#3016,#127,.T.);
#3241=EDGE_CURVE('',#3016,#2780,#135,.T.);
#3243=EDGE_CURVE('',#2780,#2781,#142,.T.);
#3245=EDGE_CURVE('',#2781,#3012,#150,.T.);
#3247=EDGE_CURVE('',#3012,#3024,#158,.T.);
#3249=EDGE_CURVE('',#3024,#2788,#166,.T.);
#3251=EDGE_CURVE('',#2788,#2789,#173,.T.);
#3253=EDGE_CURVE('',#2789,#3020,#181,.T.);
#3255=EDGE_CURVE('',#3020,#3032,#189,.T.);
#3257=EDGE_CURVE('',#3032,#2796,#197,.T.);
#3259=EDGE_CURVE('',#2796,#2797,#204,.T.);
#3261=EDGE_CURVE('',#2797,#3028,#212,.T.);
#3263=EDGE_CURVE('',#3028,#3040,#220,.T.);
#3265=EDGE_CURVE('',#3040,#2804,#228,.T.);
#3267=EDGE_CURVE('',#2804,#2805,#235,.T.);
#3269=EDGE_CURVE('',#2805,#3036,#243,.T.);
#3271=EDGE_CURVE('',#3048,#3036,#972,.T.);
#3273=EDGE_CURVE('',#3048,#2812,#251,.T.);
#3275=EDGE_CURVE('',#2812,#2813,#258,.T.);
#3277=EDGE_CURVE('',#2813,#3044,#266,.T.);
#3279=EDGE_CURVE('',#3044,#3056,#274,.T.);
#3281=EDGE_CURVE('',#3056,#2820,#282,.T.);
#3283=EDGE_CURVE('',#2820,#2821,#289,.T.);
#3285=EDGE_CURVE('',#2821,#3052,#297,.T.);
#3287=EDGE_CURVE('',#3052,#3064,#305,.T.);
#3289=EDGE_CURVE('',#3064,#2828,#313,.T.);
#3291=EDGE_CURVE('',#2828,#2829,#320,.T.);
#3293=EDGE_CURVE('',#2829,#3060,#328,.T.);
#3295=EDGE_CURVE('',#3060,#3072,#336,.T.);
#3297=EDGE_CURVE('',#3072,#2836,#344,.T.);
#3299=EDGE_CURVE('',#2836,#2837,#351,.T.);
#3301=EDGE_CURVE('',#2837,#3068,#359,.T.);
#3303=EDGE_CURVE('',#3068,#3080,#367,.T.);
#3305=EDGE_CURVE('',#3080,#2844,#375,.T.);
#3307=EDGE_CURVE('',#2844,#2845,#382,.T.);
#3309=EDGE_CURVE('',#2845,#3076,#390,.T.);
#3311=EDGE_CURVE('',#3076,#3088,#398,.T.);
#3313=EDGE_CURVE('',#3088,#2852,#406,.T.);
#3315=EDGE_CURVE('',#2852,#2853,#413,.T.);
#3317=EDGE_CURVE('',#2853,#3084,#421,.T.);
#3319=EDGE_CURVE('',#3084,#3096,#429,.T.);
#3321=EDGE_CURVE('',#3096,#2860,#437,.T.);
#3323=EDGE_CURVE('',#2860,#2861,#444,.T.);
#3325=EDGE_CURVE('',#2861,#3092,#452,.T.);
#3327=EDGE_CURVE('',#3092,#3104,#460,.T.);
#3329=EDGE_CURVE('',#3104,#2868,#468,.T.);
#3331=EDGE_CURVE('',#2868,#2869,#475,.T.);
#3333=EDGE_CURVE('',#2869,#3100,#483,.T.);
#3335=EDGE_CURVE('',#3100,#3112,#491,.T.);
#3337=EDGE_CURVE('',#3112,#2876,#499,.T.);
#3339=EDGE_CURVE('',#2876,#2877,#506,.T.);
#3341=EDGE_CURVE('',#2877,#3108,#514,.T.);
#3343=EDGE_CURVE('',#3108,#3120,#522,.T.);
#3345=EDGE_CURVE('',#3120,#2884,#530,.T.);
#3347=EDGE_CURVE('',#2884,#2885,#537,.T.);
#3349=EDGE_CURVE('',#2885,#3116,#545,.T.);
#3351=EDGE_CURVE('',#3116,#3128,#553,.T.);
#3353=EDGE_CURVE('',#3128,#2892,#561,.T.);
#3355=EDGE_CURVE('',#2892,#2893,#568,.T.);
#3357=EDGE_CURVE('',#2893,#3124,#576,.T.);
#3359=EDGE_CURVE('',#3124,#3136,#584,.T.);
#3361=EDGE_CURVE('',#3136,#2900,#592,.T.);
#3363=EDGE_CURVE('',#2900,#2901,#599,.T.);
#3365=EDGE_CURVE('',#2901,#3132,#607,.T.);
#3367=EDGE_CURVE('',#3132,#3144,#615,.T.);
#3369=EDGE_CURVE('',#3144,#2908,#623,.T.);
#3371=EDGE_CURVE('',#2908,#2909,#630,.T.);
#3373=EDGE_CURVE('',#2909,#3140,#638,.T.);
#3375=EDGE_CURVE('',#3140,#3152,#646,.T.);
#3377=EDGE_CURVE('',#3152,#2916,#654,.T.);
#3379=EDGE_CURVE('',#2916,#2917,#661,.T.);
#3381=EDGE_CURVE('',#2917,#3148,#669,.T.);
#3383=EDGE_CURVE('',#3148,#3160,#677,.T.);
#3385=EDGE_CURVE('',#3160,#2924,#685,.T.);
#3387=EDGE_CURVE('',#2924,#2925,#692,.T.);
#3389=EDGE_CURVE('',#2925,#3156,#700,.T.);
#3391=EDGE_CURVE('',#3164,#3156,#948,.T.);
#3393=EDGE_CURVE('',#3164,#2932,#708,.T.);
#3395=EDGE_CURVE('',#2932,#2933,#715,.T.);
#3397=EDGE_CURVE('',#2933,#2752,#723,.T.);
#3399=EDGE_CURVE('',#2752,#2753,#731,.T.);
#3401=EDGE_CURVE('',#2753,#2940,#739,.T.);
#3403=EDGE_CURVE('',#2940,#2941,#746,.T.);
#3405=EDGE_CURVE('',#2941,#3168,#754,.T.);
#3407=EDGE_CURVE('',#3168,#3176,#762,.T.);
#3409=EDGE_CURVE('',#3176,#2948,#770,.T.);
#3411=EDGE_CURVE('',#2948,#2949,#777,.T.);
#3413=EDGE_CURVE('',#2949,#3172,#785,.T.);
#3415=EDGE_CURVE('',#3172,#3184,#793,.T.);
#3417=EDGE_CURVE('',#3184,#2956,#801,.T.);
#3419=EDGE_CURVE('',#2956,#2957,#808,.T.);
#3421=EDGE_CURVE('',#2957,#3180,#816,.T.);
#3423=EDGE_CURVE('',#3180,#3192,#824,.T.);
#3425=EDGE_CURVE('',#3192,#2964,#832,.T.);
#3427=EDGE_CURVE('',#2964,#2965,#839,.T.);
#3429=EDGE_CURVE('',#2965,#3188,#847,.T.);
#3431=EDGE_CURVE('',#3188,#3200,#855,.T.);
#3433=EDGE_CURVE('',#3200,#2972,#863,.T.);
#3435=EDGE_CURVE('',#2972,#2973,#870,.T.);
#3437=EDGE_CURVE('',#2973,#3196,#878,.T.);
#3439=EDGE_CURVE('',#3196,#3208,#886,.T.);
#3441=EDGE_CURVE('',#3208,#2980,#894,.T.);
#3443=EDGE_CURVE('',#2980,#2981,#901,.T.);
#3445=EDGE_CURVE('',#2981,#3204,#909,.T.);
#3447=EDGE_CURVE('',#3204,#2744,#917,.T.);
#3449=EDGE_CURVE('',#2744,#2732,#925,.T.);
#3451=EDGE_CURVE('',#2732,#2733,#932,.T.);
#3453=EDGE_CURVE('',#2733,#2740,#940,.T.);
#3457=ADVANCED_FACE('',(#3456),#3214,.F.);
#3470=EDGE_CURVE('',#3148,#3149,#979,.T.);
#3472=EDGE_CURVE('',#3149,#3161,#1310,.T.);
#3474=EDGE_CURVE('',#3160,#3161,#2194,.T.);
#3479=ADVANCED_FACE('',(#3478),#3469,.T.);
#3492=EDGE_CURVE('',#3140,#3141,#2201,.T.);
#3494=EDGE_CURVE('',#3141,#3153,#1341,.T.);
#3496=EDGE_CURVE('',#3152,#3153,#1000,.T.);
#3501=ADVANCED_FACE('',(#3500),#3491,.T.);
#3514=EDGE_CURVE('',#3132,#3133,#2229,.T.);
#3516=EDGE_CURVE('',#3133,#3145,#1372,.T.);
#3518=EDGE_CURVE('',#3144,#3145,#2222,.T.);
#3523=ADVANCED_FACE('',(#3522),#3513,.T.);
#3536=EDGE_CURVE('',#3124,#3125,#2257,.T.);
#3538=EDGE_CURVE('',#3125,#3137,#1403,.T.);
#3540=EDGE_CURVE('',#3136,#3137,#2250,.T.);
#3545=ADVANCED_FACE('',(#3544),#3535,.T.);
#3558=EDGE_CURVE('',#3116,#3117,#2285,.T.);
#3560=EDGE_CURVE('',#3117,#3129,#1434,.T.);
#3562=EDGE_CURVE('',#3128,#3129,#2278,.T.);
#3567=ADVANCED_FACE('',(#3566),#3557,.T.);
#3580=EDGE_CURVE('',#3108,#3109,#2313,.T.);
#3582=EDGE_CURVE('',#3109,#3121,#1465,.T.);
#3584=EDGE_CURVE('',#3120,#3121,#2306,.T.);
#3589=ADVANCED_FACE('',(#3588),#3579,.T.);
#3602=EDGE_CURVE('',#3100,#3101,#2341,.T.);
#3604=EDGE_CURVE('',#3101,#3113,#1496,.T.);
#3606=EDGE_CURVE('',#3112,#3113,#2334,.T.);
#3611=ADVANCED_FACE('',(#3610),#3601,.T.);
#3624=EDGE_CURVE('',#3092,#3093,#2369,.T.);
#3626=EDGE_CURVE('',#3093,#3105,#1527,.T.);
#3628=EDGE_CURVE('',#3104,#3105,#2362,.T.);
#3633=ADVANCED_FACE('',(#3632),#3623,.T.);
#3646=EDGE_CURVE('',#3084,#3085,#2397,.T.);
#3648=EDGE_CURVE('',#3085,#3097,#1558,.T.);
#3650=EDGE_CURVE('',#3096,#3097,#2390,.T.);
#3655=ADVANCED_FACE('',(#3654),#3645,.T.);
#3668=EDGE_CURVE('',#3076,#3077,#2425,.T.);
#3670=EDGE_CURVE('',#3077,#3089,#1589,.T.);
#3672=EDGE_CURVE('',#3088,#3089,#2418,.T.);
#3677=ADVANCED_FACE('',(#3676),#3667,.T.);
#3690=EDGE_CURVE('',#3068,#3069,#2453,.T.);
#3692=EDGE_CURVE('',#3069,#3081,#1620,.T.);
#3694=EDGE_CURVE('',#3080,#3081,#2446,.T.);
#3699=ADVANCED_FACE('',(#3698),#3689,.T.);
#3712=EDGE_CURVE('',#3060,#3061,#2481,.T.);
#3714=EDGE_CURVE('',#3061,#3073,#1651,.T.);
#3716=EDGE_CURVE('',#3072,#3073,#2474,.T.);
#3721=ADVANCED_FACE('',(#3720),#3711,.T.);
#3734=EDGE_CURVE('',#3052,#3053,#2509,.T.);
#3736=EDGE_CURVE('',#3053,#3065,#1682,.T.);
#3738=EDGE_CURVE('',#3064,#3065,#2502,.T.);
#3743=ADVANCED_FACE('',(#3742),#3733,.T.);
#3756=EDGE_CURVE('',#3044,#3045,#2537,.T.);
#3758=EDGE_CURVE('',#3045,#3057,#1713,.T.);
#3760=EDGE_CURVE('',#3056,#3057,#2530,.T.);
#3765=ADVANCED_FACE('',(#3764),#3755,.T.);
#3778=EDGE_CURVE('',#2740,#2741,#1949,.T.);
#3780=EDGE_CURVE('',#2741,#2993,#1039,.T.);
#3782=EDGE_CURVE('',#2992,#2993,#1942,.T.);
#3787=ADVANCED_FACE('',(#3786),#3777,.T.);
#3800=EDGE_CURVE('',#2744,#2745,#1970,.T.);
#3803=EDGE_CURVE('',#3204,#3205,#1977,.T.);
#3805=EDGE_CURVE('',#3205,#2745,#1070,.T.);
#3809=ADVANCED_FACE('',(#3808),#3799,.T.);
#3823=EDGE_CURVE('',#3156,#3157,#2173,.T.);
#3825=EDGE_CURVE('',#3157,#3165,#956,.T.);
#3827=EDGE_CURVE('',#3164,#3165,#2166,.T.);
#3831=ADVANCED_FACE('',(#3830),#3821,.T.);
#3844=EDGE_CURVE('',#2748,#2749,#1256,.T.);
#3846=EDGE_CURVE('',#2753,#2749,#2138,.T.);
#3849=EDGE_CURVE('',#2752,#2748,#2145,.T.);
#3853=ADVANCED_FACE('',(#3852),#3843,.T.);
#3866=EDGE_CURVE('',#2988,#2989,#1921,.T.);
#3868=EDGE_CURVE('',#2989,#3001,#1008,.T.);
#3870=EDGE_CURVE('',#3000,#3001,#2726,.T.);
#3875=ADVANCED_FACE('',(#3874),#3865,.T.);
#3888=EDGE_CURVE('',#2996,#2997,#2705,.T.);
#3890=EDGE_CURVE('',#2997,#3009,#1891,.T.);
#3892=EDGE_CURVE('',#3008,#3009,#2698,.T.);
#3897=ADVANCED_FACE('',(#3896),#3887,.T.);
#3910=EDGE_CURVE('',#3004,#3005,#2677,.T.);
#3912=EDGE_CURVE('',#3005,#3017,#1860,.T.);
#3914=EDGE_CURVE('',#3016,#3017,#2670,.T.);
#3919=ADVANCED_FACE('',(#3918),#3909,.T.);
#3932=EDGE_CURVE('',#3012,#3013,#2649,.T.);
#3934=EDGE_CURVE('',#3013,#3025,#1829,.T.);
#3936=EDGE_CURVE('',#3024,#3025,#2642,.T.);
#3941=ADVANCED_FACE('',(#3940),#3931,.T.);
#3954=EDGE_CURVE('',#3020,#3021,#2621,.T.);
#3956=EDGE_CURVE('',#3021,#3033,#1798,.T.);
#3958=EDGE_CURVE('',#3032,#3033,#2614,.T.);
#3963=ADVANCED_FACE('',(#3962),#3953,.T.);
#3976=EDGE_CURVE('',#3028,#3029,#2593,.T.);
#3978=EDGE_CURVE('',#3029,#3041,#1767,.T.);
#3980=EDGE_CURVE('',#3040,#3041,#2586,.T.);
#3985=ADVANCED_FACE('',(#3984),#3975,.T.);
#3998=EDGE_CURVE('',#3037,#3049,#964,.T.);
#4000=EDGE_CURVE('',#3048,#3049,#2558,.T.);
#4003=EDGE_CURVE('',#3036,#3037,#2565,.T.);
#4007=ADVANCED_FACE('',(#4006),#3997,.T.);
#4020=EDGE_CURVE('',#3168,#3169,#2117,.T.);
#4022=EDGE_CURVE('',#3169,#3177,#1225,.T.);
#4024=EDGE_CURVE('',#3176,#3177,#2110,.T.);
#4029=ADVANCED_FACE('',(#4028),#4019,.T.);
#4042=EDGE_CURVE('',#3172,#3173,#2089,.T.);
#4044=EDGE_CURVE('',#3173,#3185,#1194,.T.);
#4046=EDGE_CURVE('',#3184,#3185,#2082,.T.);
#4051=ADVANCED_FACE('',(#4050),#4041,.T.);
#4064=EDGE_CURVE('',#3180,#3181,#2061,.T.);
#4066=EDGE_CURVE('',#3181,#3193,#1163,.T.);
#4068=EDGE_CURVE('',#3192,#3193,#2054,.T.);
#4073=ADVANCED_FACE('',(#4072),#4063,.T.);
#4086=EDGE_CURVE('',#3188,#3189,#2033,.T.);
#4088=EDGE_CURVE('',#3189,#3201,#1132,.T.);
#4090=EDGE_CURVE('',#3200,#3201,#2026,.T.);
#4095=ADVANCED_FACE('',(#4094),#4085,.T.);
#4108=EDGE_CURVE('',#3196,#3197,#2005,.T.);
#4110=EDGE_CURVE('',#3197,#3209,#1101,.T.);
#4112=EDGE_CURVE('',#3208,#3209,#1998,.T.);
#4117=ADVANCED_FACE('',(#4116),#4107,.T.);
#4132=EDGE_CURVE('',#2917,#2921,#986,.T.);
#4134=EDGE_CURVE('',#2921,#3149,#1318,.T.);
#4138=ADVANCED_FACE('',(#4137),#4129,.T.);
#4152=EDGE_CURVE('',#2916,#2920,#993,.T.);
#4154=EDGE_CURVE('',#2920,#2921,#1325,.T.);
#4159=ADVANCED_FACE('',(#4158),#4150,.T.);
#4173=EDGE_CURVE('',#3153,#2920,#1333,.T.);
#4179=ADVANCED_FACE('',(#4178),#4171,.T.);
#4193=EDGE_CURVE('',#2761,#2989,#1016,.T.);
#4195=EDGE_CURVE('',#2760,#2761,#1023,.T.);
#4197=EDGE_CURVE('',#2993,#2760,#1031,.T.);
#4200=EDGE_CURVE('',#2737,#2741,#1047,.T.);
#4202=EDGE_CURVE('',#2736,#2737,#1054,.T.);
#4204=EDGE_CURVE('',#2745,#2736,#1062,.T.);
#4207=EDGE_CURVE('',#2985,#3205,#1078,.T.);
#4209=EDGE_CURVE('',#2984,#2985,#1085,.T.);
#4211=EDGE_CURVE('',#3209,#2984,#1093,.T.);
#4214=EDGE_CURVE('',#2977,#3197,#1109,.T.);
#4216=EDGE_CURVE('',#2976,#2977,#1116,.T.);
#4218=EDGE_CURVE('',#3201,#2976,#1124,.T.);
#4221=EDGE_CURVE('',#2969,#3189,#1140,.T.);
#4223=EDGE_CURVE('',#2968,#2969,#1147,.T.);
#4225=EDGE_CURVE('',#3193,#2968,#1155,.T.);
#4228=EDGE_CURVE('',#2961,#3181,#1171,.T.);
#4230=EDGE_CURVE('',#2960,#2961,#1178,.T.);
#4232=EDGE_CURVE('',#3185,#2960,#1186,.T.);
#4235=EDGE_CURVE('',#2953,#3173,#1202,.T.);
#4237=EDGE_CURVE('',#2952,#2953,#1209,.T.);
#4239=EDGE_CURVE('',#3177,#2952,#1217,.T.);
#4242=EDGE_CURVE('',#2945,#3169,#1233,.T.);
#4244=EDGE_CURVE('',#2944,#2945,#1240,.T.);
#4246=EDGE_CURVE('',#2749,#2944,#1248,.T.);
#4249=EDGE_CURVE('',#2937,#2748,#1264,.T.);
#4251=EDGE_CURVE('',#2936,#2937,#1271,.T.);
#4253=EDGE_CURVE('',#3165,#2936,#1279,.T.);
#4256=EDGE_CURVE('',#2929,#3157,#1287,.T.);
#4258=EDGE_CURVE('',#2928,#2929,#1294,.T.);
#4260=EDGE_CURVE('',#3161,#2928,#1302,.T.);
#4267=EDGE_CURVE('',#2913,#3141,#1349,.T.);
#4269=EDGE_CURVE('',#2912,#2913,#1356,.T.);
#4271=EDGE_CURVE('',#3145,#2912,#1364,.T.);
#4274=EDGE_CURVE('',#2905,#3133,#1380,.T.);
#4276=EDGE_CURVE('',#2904,#2905,#1387,.T.);
#4278=EDGE_CURVE('',#3137,#2904,#1395,.T.);
#4281=EDGE_CURVE('',#2897,#3125,#1411,.T.);
#4283=EDGE_CURVE('',#2896,#2897,#1418,.T.);
#4285=EDGE_CURVE('',#3129,#2896,#1426,.T.);
#4288=EDGE_CURVE('',#2889,#3117,#1442,.T.);
#4290=EDGE_CURVE('',#2888,#2889,#1449,.T.);
#4292=EDGE_CURVE('',#3121,#2888,#1457,.T.);
#4295=EDGE_CURVE('',#2881,#3109,#1473,.T.);
#4297=EDGE_CURVE('',#2880,#2881,#1480,.T.);
#4299=EDGE_CURVE('',#3113,#2880,#1488,.T.);
#4302=EDGE_CURVE('',#2873,#3101,#1504,.T.);
#4304=EDGE_CURVE('',#2872,#2873,#1511,.T.);
#4306=EDGE_CURVE('',#3105,#2872,#1519,.T.);
#4309=EDGE_CURVE('',#2865,#3093,#1535,.T.);
#4311=EDGE_CURVE('',#2864,#2865,#1542,.T.);
#4313=EDGE_CURVE('',#3097,#2864,#1550,.T.);
#4316=EDGE_CURVE('',#2857,#3085,#1566,.T.);
#4318=EDGE_CURVE('',#2856,#2857,#1573,.T.);
#4320=EDGE_CURVE('',#3089,#2856,#1581,.T.);
#4323=EDGE_CURVE('',#2849,#3077,#1597,.T.);
#4325=EDGE_CURVE('',#2848,#2849,#1604,.T.);
#4327=EDGE_CURVE('',#3081,#2848,#1612,.T.);
#4330=EDGE_CURVE('',#2841,#3069,#1628,.T.);
#4332=EDGE_CURVE('',#2840,#2841,#1635,.T.);
#4334=EDGE_CURVE('',#3073,#2840,#1643,.T.);
#4337=EDGE_CURVE('',#2833,#3061,#1659,.T.);
#4339=EDGE_CURVE('',#2832,#2833,#1666,.T.);
#4341=EDGE_CURVE('',#3065,#2832,#1674,.T.);
#4344=EDGE_CURVE('',#2825,#3053,#1690,.T.);
#4346=EDGE_CURVE('',#2824,#2825,#1697,.T.);
#4348=EDGE_CURVE('',#3057,#2824,#1705,.T.);
#4351=EDGE_CURVE('',#2817,#3045,#1721,.T.);
#4353=EDGE_CURVE('',#2816,#2817,#1728,.T.);
#4355=EDGE_CURVE('',#3049,#2816,#1736,.T.);
#4358=EDGE_CURVE('',#2809,#3037,#1744,.T.);
#4360=EDGE_CURVE('',#2808,#2809,#1751,.T.);
#4362=EDGE_CURVE('',#3041,#2808,#1759,.T.);
#4365=EDGE_CURVE('',#2801,#3029,#1775,.T.);
#4367=EDGE_CURVE('',#2800,#2801,#1782,.T.);
#4369=EDGE_CURVE('',#3033,#2800,#1790,.T.);
#4372=EDGE_CURVE('',#2793,#3021,#1806,.T.);
#4374=EDGE_CURVE('',#2792,#2793,#1813,.T.);
#4376=EDGE_CURVE('',#3025,#2792,#1821,.T.);
#4379=EDGE_CURVE('',#2785,#3013,#1837,.T.);
#4381=EDGE_CURVE('',#2784,#2785,#1844,.T.);
#4383=EDGE_CURVE('',#3017,#2784,#1852,.T.);
#4386=EDGE_CURVE('',#2777,#3005,#1868,.T.);
#4388=EDGE_CURVE('',#2776,#2777,#1875,.T.);
#4390=EDGE_CURVE('',#3009,#2776,#1883,.T.);
#4393=EDGE_CURVE('',#2769,#2997,#1899,.T.);
#4395=EDGE_CURVE('',#2768,#2769,#1906,.T.);
#4397=EDGE_CURVE('',#3001,#2768,#1914,.T.);
#4401=ADVANCED_FACE('',(#4400),#4191,.T.);
#4416=EDGE_CURVE('',#2757,#2761,#1928,.T.);
#4421=ADVANCED_FACE('',(#4420),#4413,.T.);
#4435=EDGE_CURVE('',#2756,#2760,#1935,.T.);
#4441=ADVANCED_FACE('',(#4440),#4433,.T.);
#4460=ADVANCED_FACE('',(#4459),#4453,.T.);
#4475=EDGE_CURVE('',#2733,#2737,#1956,.T.);
#4480=ADVANCED_FACE('',(#4479),#4472,.T.);
#4494=EDGE_CURVE('',#2732,#2736,#1963,.T.);
#4500=ADVANCED_FACE('',(#4499),#4492,.T.);
#4519=ADVANCED_FACE('',(#4518),#4512,.T.);
#4534=EDGE_CURVE('',#2981,#2985,#1984,.T.);
#4539=ADVANCED_FACE('',(#4538),#4531,.T.);
#4553=EDGE_CURVE('',#2980,#2984,#1991,.T.);
#4559=ADVANCED_FACE('',(#4558),#4551,.T.);
#4578=ADVANCED_FACE('',(#4577),#4571,.T.);
#4593=EDGE_CURVE('',#2973,#2977,#2012,.T.);
#4598=ADVANCED_FACE('',(#4597),#4590,.T.);
#4612=EDGE_CURVE('',#2972,#2976,#2019,.T.);
#4618=ADVANCED_FACE('',(#4617),#4610,.T.);
#4637=ADVANCED_FACE('',(#4636),#4630,.T.);
#4652=EDGE_CURVE('',#2965,#2969,#2040,.T.);
#4657=ADVANCED_FACE('',(#4656),#4649,.T.);
#4671=EDGE_CURVE('',#2964,#2968,#2047,.T.);
#4677=ADVANCED_FACE('',(#4676),#4669,.T.);
#4696=ADVANCED_FACE('',(#4695),#4689,.T.);
#4711=EDGE_CURVE('',#2957,#2961,#2068,.T.);
#4716=ADVANCED_FACE('',(#4715),#4708,.T.);
#4730=EDGE_CURVE('',#2956,#2960,#2075,.T.);
#4736=ADVANCED_FACE('',(#4735),#4728,.T.);
#4755=ADVANCED_FACE('',(#4754),#4748,.T.);
#4770=EDGE_CURVE('',#2949,#2953,#2096,.T.);
#4775=ADVANCED_FACE('',(#4774),#4767,.T.);
#4789=EDGE_CURVE('',#2948,#2952,#2103,.T.);
#4795=ADVANCED_FACE('',(#4794),#4787,.T.);
#4814=ADVANCED_FACE('',(#4813),#4807,.T.);
#4829=EDGE_CURVE('',#2941,#2945,#2124,.T.);
#4834=ADVANCED_FACE('',(#4833),#4826,.T.);
#4848=EDGE_CURVE('',#2940,#2944,#2131,.T.);
#4854=ADVANCED_FACE('',(#4853),#4846,.T.);
#4873=ADVANCED_FACE('',(#4872),#4866,.T.);
#4888=EDGE_CURVE('',#2933,#2937,#2152,.T.);
#4893=ADVANCED_FACE('',(#4892),#4885,.T.);
#4907=EDGE_CURVE('',#2932,#2936,#2159,.T.);
#4913=ADVANCED_FACE('',(#4912),#4905,.T.);
#4932=ADVANCED_FACE('',(#4931),#4925,.T.);
#4947=EDGE_CURVE('',#2925,#2929,#2180,.T.);
#4952=ADVANCED_FACE('',(#4951),#4944,.T.);
#4966=EDGE_CURVE('',#2924,#2928,#2187,.T.);
#4972=ADVANCED_FACE('',(#4971),#4964,.T.);
#4991=ADVANCED_FACE('',(#4990),#4984,.T.);
#5006=EDGE_CURVE('',#2909,#2913,#2208,.T.);
#5011=ADVANCED_FACE('',(#5010),#5003,.T.);
#5025=EDGE_CURVE('',#2908,#2912,#2215,.T.);
#5031=ADVANCED_FACE('',(#5030),#5023,.T.);
#5050=ADVANCED_FACE('',(#5049),#5043,.T.);
#5065=EDGE_CURVE('',#2901,#2905,#2236,.T.);
#5070=ADVANCED_FACE('',(#5069),#5062,.T.);
#5084=EDGE_CURVE('',#2900,#2904,#2243,.T.);
#5090=ADVANCED_FACE('',(#5089),#5082,.T.);
#5109=ADVANCED_FACE('',(#5108),#5102,.T.);
#5124=EDGE_CURVE('',#2893,#2897,#2264,.T.);
#5129=ADVANCED_FACE('',(#5128),#5121,.T.);
#5143=EDGE_CURVE('',#2892,#2896,#2271,.T.);
#5149=ADVANCED_FACE('',(#5148),#5141,.T.);
#5168=ADVANCED_FACE('',(#5167),#5161,.T.);
#5183=EDGE_CURVE('',#2885,#2889,#2292,.T.);
#5188=ADVANCED_FACE('',(#5187),#5180,.T.);
#5202=EDGE_CURVE('',#2884,#2888,#2299,.T.);
#5208=ADVANCED_FACE('',(#5207),#5200,.T.);
#5227=ADVANCED_FACE('',(#5226),#5220,.T.);
#5242=EDGE_CURVE('',#2877,#2881,#2320,.T.);
#5247=ADVANCED_FACE('',(#5246),#5239,.T.);
#5261=EDGE_CURVE('',#2876,#2880,#2327,.T.);
#5267=ADVANCED_FACE('',(#5266),#5259,.T.);
#5286=ADVANCED_FACE('',(#5285),#5279,.T.);
#5301=EDGE_CURVE('',#2869,#2873,#2348,.T.);
#5306=ADVANCED_FACE('',(#5305),#5298,.T.);
#5320=EDGE_CURVE('',#2868,#2872,#2355,.T.);
#5326=ADVANCED_FACE('',(#5325),#5318,.T.);
#5345=ADVANCED_FACE('',(#5344),#5338,.T.);
#5360=EDGE_CURVE('',#2861,#2865,#2376,.T.);
#5365=ADVANCED_FACE('',(#5364),#5357,.T.);
#5379=EDGE_CURVE('',#2860,#2864,#2383,.T.);
#5385=ADVANCED_FACE('',(#5384),#5377,.T.);
#5404=ADVANCED_FACE('',(#5403),#5397,.T.);
#5419=EDGE_CURVE('',#2853,#2857,#2404,.T.);
#5424=ADVANCED_FACE('',(#5423),#5416,.T.);
#5438=EDGE_CURVE('',#2852,#2856,#2411,.T.);
#5444=ADVANCED_FACE('',(#5443),#5436,.T.);
#5463=ADVANCED_FACE('',(#5462),#5456,.T.);
#5478=EDGE_CURVE('',#2845,#2849,#2432,.T.);
#5483=ADVANCED_FACE('',(#5482),#5475,.T.);
#5497=EDGE_CURVE('',#2844,#2848,#2439,.T.);
#5503=ADVANCED_FACE('',(#5502),#5495,.T.);
#5522=ADVANCED_FACE('',(#5521),#5515,.T.);
#5537=EDGE_CURVE('',#2837,#2841,#2460,.T.);
#5542=ADVANCED_FACE('',(#5541),#5534,.T.);
#5556=EDGE_CURVE('',#2836,#2840,#2467,.T.);
#5562=ADVANCED_FACE('',(#5561),#5554,.T.);
#5581=ADVANCED_FACE('',(#5580),#5574,.T.);
#5596=EDGE_CURVE('',#2829,#2833,#2488,.T.);
#5601=ADVANCED_FACE('',(#5600),#5593,.T.);
#5615=EDGE_CURVE('',#2828,#2832,#2495,.T.);
#5621=ADVANCED_FACE('',(#5620),#5613,.T.);
#5640=ADVANCED_FACE('',(#5639),#5633,.T.);
#5655=EDGE_CURVE('',#2821,#2825,#2516,.T.);
#5660=ADVANCED_FACE('',(#5659),#5652,.T.);
#5674=EDGE_CURVE('',#2820,#2824,#2523,.T.);
#5680=ADVANCED_FACE('',(#5679),#5672,.T.);
#5699=ADVANCED_FACE('',(#5698),#5692,.T.);
#5714=EDGE_CURVE('',#2813,#2817,#2544,.T.);
#5719=ADVANCED_FACE('',(#5718),#5711,.T.);
#5733=EDGE_CURVE('',#2812,#2816,#2551,.T.);
#5739=ADVANCED_FACE('',(#5738),#5731,.T.);
#5758=ADVANCED_FACE('',(#5757),#5751,.T.);
#5773=EDGE_CURVE('',#2805,#2809,#2572,.T.);
#5778=ADVANCED_FACE('',(#5777),#5770,.T.);
#5792=EDGE_CURVE('',#2804,#2808,#2579,.T.);
#5798=ADVANCED_FACE('',(#5797),#5790,.T.);
#5817=ADVANCED_FACE('',(#5816),#5810,.T.);
#5832=EDGE_CURVE('',#2797,#2801,#2600,.T.);
#5837=ADVANCED_FACE('',(#5836),#5829,.T.);
#5851=EDGE_CURVE('',#2796,#2800,#2607,.T.);
#5857=ADVANCED_FACE('',(#5856),#5849,.T.);
#5876=ADVANCED_FACE('',(#5875),#5869,.T.);
#5891=EDGE_CURVE('',#2789,#2793,#2628,.T.);
#5896=ADVANCED_FACE('',(#5895),#5888,.T.);
#5910=EDGE_CURVE('',#2788,#2792,#2635,.T.);
#5916=ADVANCED_FACE('',(#5915),#5908,.T.);
#5935=ADVANCED_FACE('',(#5934),#5928,.T.);
#5950=EDGE_CURVE('',#2781,#2785,#2656,.T.);
#5955=ADVANCED_FACE('',(#5954),#5947,.T.);
#5969=EDGE_CURVE('',#2780,#2784,#2663,.T.);
#5975=ADVANCED_FACE('',(#5974),#5967,.T.);
#5994=ADVANCED_FACE('',(#5993),#5987,.T.);
#6009=EDGE_CURVE('',#2773,#2777,#2684,.T.);
#6014=ADVANCED_FACE('',(#6013),#6006,.T.);
#6028=EDGE_CURVE('',#2772,#2776,#2691,.T.);
#6034=ADVANCED_FACE('',(#6033),#6026,.T.);
#6053=ADVANCED_FACE('',(#6052),#6046,.T.);
#6068=EDGE_CURVE('',#2765,#2769,#2712,.T.);
#6073=ADVANCED_FACE('',(#6072),#6065,.T.);
#6087=EDGE_CURVE('',#2764,#2768,#2719,.T.);
#6093=ADVANCED_FACE('',(#6092),#6085,.T.);
#6112=ADVANCED_FACE('',(#6111),#6105,.T.);
#6128=(LENGTH_UNIT()NAMED_UNIT(*)SI_UNIT(.MILLI.,.METRE.));
#6129=(NAMED_UNIT(*)PLANE_ANGLE_UNIT()SI_UNIT($,.RADIAN.));
#6132=(NAMED_UNIT(*)SI_UNIT($,.STERADIAN.)SOLID_ANGLE_UNIT());
#6134=(GEOMETRIC_REPRESENTATION_CONTEXT(3)GLOBAL_UNCERTAINTY_ASSIGNED_CONTEXT((
#6133))GLOBAL_UNIT_ASSIGNED_CONTEXT((#6128,#6131,#6132))REPRESENTATION_CONTEXT(
'ID1','external'));
#6138=AXIS2_PLACEMENT_3D('',#6135,#6136,#6137);
#6139=ADVANCED_BREP_SHAPE_REPRESENTATION('',(#6138,#6121),#6134);
#6147=PRODUCT_DEFINITION('part definition','',#6146,#6143);
#6148=PRODUCT_DEFINITION_SHAPE('','SHAPE FOR MOTORGEAR.',#6147);
#6149=SHAPE_ASPECT('','solid data associated with MOTORGEAR',#6148,.F.);
#6150=PROPERTY_DEFINITION('',
'shape for solid data with which properties are associated',#6149);
#6151=SHAPE_REPRESENTATION('',(#6121),#6134);
#6152=SHAPE_DEFINITION_REPRESENTATION(#6150,#6151);
#6153=(LENGTH_UNIT()NAMED_UNIT(*)SI_UNIT(.MILLI.,.METRE.));
#6157=PROPERTY_DEFINITION('geometric validation property','area of MOTORGEAR',
#6149);
#6158=REPRESENTATION('surface area',(#6156),#6134);
#6159=PROPERTY_DEFINITION_REPRESENTATION(#6157,#6158);
#6160=(LENGTH_UNIT()NAMED_UNIT(*)SI_UNIT(.MILLI.,.METRE.));
#6164=PROPERTY_DEFINITION('geometric validation property','volume of MOTORGEAR',
#6149);
#6165=REPRESENTATION('volume',(#6163),#6134);
#6166=PROPERTY_DEFINITION_REPRESENTATION(#6164,#6165);
#6168=PROPERTY_DEFINITION('geometric validation property',
'centroid of MOTORGEAR',#6149);
#6169=REPRESENTATION('centroid',(#6167),#6134);
#6170=PROPERTY_DEFINITION_REPRESENTATION(#6168,#6169);
#6171=(LENGTH_UNIT()NAMED_UNIT(*)SI_UNIT(.MILLI.,.METRE.));
#6175=PROPERTY_DEFINITION('geometric validation property','area of MOTORGEAR',
#6148);
#6176=REPRESENTATION('surface area',(#6174),#6134);
#6177=PROPERTY_DEFINITION_REPRESENTATION(#6175,#6176);
#6178=(LENGTH_UNIT()NAMED_UNIT(*)SI_UNIT(.MILLI.,.METRE.));
#6182=PROPERTY_DEFINITION('geometric validation property','volume of MOTORGEAR',
#6148);
#6183=REPRESENTATION('volume',(#6181),#6134);
#6184=PROPERTY_DEFINITION_REPRESENTATION(#6182,#6183);
#6186=PROPERTY_DEFINITION('geometric validation property',
'centroid of MOTORGEAR',#6148);
#6187=REPRESENTATION('centroid',(#6185),#6134);
#6188=PROPERTY_DEFINITION_REPRESENTATION(#6186,#6187);
#6189=SHAPE_DEFINITION_REPRESENTATION(#6148,#6139);
#6190=PRODUCT_RELATED_PRODUCT_CATEGORY('part','',(#6145));
ENDSEC;
END-ISO-10303-21;
