ISO-10303-21;
HEADER;
FILE_DESCRIPTION((''),'2;1');
FILE_NAME('TOWER1','2026-08-09T09:56:41',('gram2'),(''),
'CREO PARAMETRIC BY PTC INC, 2016510','CREO PARAMETRIC BY PTC INC, 2016510','');
FILE_SCHEMA(('AUTOMOTIVE_DESIGN { 1 0 10303 214 1 1 1 1 }'));
ENDSEC;
DATA;
#28=CARTESIAN_POINT('',(2.375E1,0.E0,0.E0));
#29=DIRECTION('',(0.E0,1.E0,0.E0));
#30=DIRECTION('',(1.E0,0.E0,0.E0));
#31=AXIS2_PLACEMENT_3D('',#28,#29,#30);
#33=CARTESIAN_POINT('',(2.375E1,0.E0,0.E0));
#34=DIRECTION('',(0.E0,1.E0,0.E0));
#35=DIRECTION('',(-1.E0,0.E0,0.E0));
#36=AXIS2_PLACEMENT_3D('',#33,#34,#35);
#38=CARTESIAN_POINT('',(1.1875E1,0.E0,-2.056810333988E1));
#39=DIRECTION('',(0.E0,1.E0,0.E0));
#40=DIRECTION('',(1.E0,0.E0,0.E0));
#41=AXIS2_PLACEMENT_3D('',#38,#39,#40);
#43=CARTESIAN_POINT('',(1.1875E1,0.E0,-2.056810333988E1));
#44=DIRECTION('',(0.E0,1.E0,0.E0));
#45=DIRECTION('',(-1.E0,0.E0,0.E0));
#46=AXIS2_PLACEMENT_3D('',#43,#44,#45);
#48=CARTESIAN_POINT('',(1.1875E1,0.E0,2.056810333988E1));
#49=DIRECTION('',(0.E0,1.E0,0.E0));
#50=DIRECTION('',(1.E0,0.E0,0.E0));
#51=AXIS2_PLACEMENT_3D('',#48,#49,#50);
#53=CARTESIAN_POINT('',(1.1875E1,0.E0,2.056810333988E1));
#54=DIRECTION('',(0.E0,1.E0,0.E0));
#55=DIRECTION('',(-1.E0,0.E0,0.E0));
#56=AXIS2_PLACEMENT_3D('',#53,#54,#55);
#58=CARTESIAN_POINT('',(-2.375E1,0.E0,0.E0));
#59=DIRECTION('',(0.E0,1.E0,0.E0));
#60=DIRECTION('',(1.E0,0.E0,0.E0));
#61=AXIS2_PLACEMENT_3D('',#58,#59,#60);
#63=CARTESIAN_POINT('',(-2.375E1,0.E0,0.E0));
#64=DIRECTION('',(0.E0,1.E0,0.E0));
#65=DIRECTION('',(-1.E0,0.E0,0.E0));
#66=AXIS2_PLACEMENT_3D('',#63,#64,#65);
#68=CARTESIAN_POINT('',(-1.1875E1,0.E0,-2.056810333988E1));
#69=DIRECTION('',(0.E0,1.E0,0.E0));
#70=DIRECTION('',(1.E0,0.E0,0.E0));
#71=AXIS2_PLACEMENT_3D('',#68,#69,#70);
#73=CARTESIAN_POINT('',(-1.1875E1,0.E0,-2.056810333988E1));
#74=DIRECTION('',(0.E0,1.E0,0.E0));
#75=DIRECTION('',(-1.E0,0.E0,0.E0));
#76=AXIS2_PLACEMENT_3D('',#73,#74,#75);
#78=CARTESIAN_POINT('',(-1.1875E1,0.E0,2.056810333988E1));
#79=DIRECTION('',(0.E0,1.E0,0.E0));
#80=DIRECTION('',(1.E0,0.E0,0.E0));
#81=AXIS2_PLACEMENT_3D('',#78,#79,#80);
#83=CARTESIAN_POINT('',(-1.1875E1,0.E0,2.056810333988E1));
#84=DIRECTION('',(0.E0,1.E0,0.E0));
#85=DIRECTION('',(-1.E0,0.E0,0.E0));
#86=AXIS2_PLACEMENT_3D('',#83,#84,#85);
#88=CARTESIAN_POINT('',(1.413369132121E1,0.E0,1.413369132121E1));
#89=CARTESIAN_POINT('',(1.476557944386E1,0.E0,1.350994990620E1));
#90=CARTESIAN_POINT('',(1.594891029118E1,0.E0,1.215050162906E1));
#91=CARTESIAN_POINT('',(1.753214951841E1,0.E0,9.749569668797E0));
#92=CARTESIAN_POINT('',(1.877489425133E1,0.E0,7.064467773502E0));
#93=CARTESIAN_POINT('',(1.958578091625E1,0.E0,4.301418948854E0));
#94=CARTESIAN_POINT('',(1.996847618651E1,0.E0,1.682919542151E0));
#95=CARTESIAN_POINT('',(2.000107923879E1,0.E0,1.350350490148E-1));
#96=CARTESIAN_POINT('',(1.997908763128E1,0.E0,-5.987638497047E-1));
#98=CARTESIAN_POINT('',(0.E0,0.E0,0.E0));
#99=DIRECTION('',(0.E0,-1.E0,0.E0));
#100=DIRECTION('',(7.071067811865E-1,0.E0,7.071067811865E-1));
#101=AXIS2_PLACEMENT_3D('',#98,#99,#100);
#103=CARTESIAN_POINT('',(0.E0,0.E0,0.E0));
#104=DIRECTION('',(0.E0,1.E0,0.E0));
#105=DIRECTION('',(-7.071067811865E-1,0.E0,7.071067811865E-1));
#106=AXIS2_PLACEMENT_3D('',#103,#104,#105);
#108=CARTESIAN_POINT('',(0.E0,0.E0,0.E0));
#109=DIRECTION('',(0.E0,-1.E0,0.E0));
#110=DIRECTION('',(-7.071067811865E-1,0.E0,7.071067811865E-1));
#111=AXIS2_PLACEMENT_3D('',#108,#109,#110);
#113=CARTESIAN_POINT('',(-1.413369132121E1,0.E0,-1.413369132121E1));
#114=CARTESIAN_POINT('',(-1.476075084276E1,0.E0,-1.351505652556E1));
#115=CARTESIAN_POINT('',(-1.593661580520E1,0.E0,-1.216526371400E1));
#116=CARTESIAN_POINT('',(-1.751575885303E1,0.E0,-9.777923385050E0));
#117=CARTESIAN_POINT('',(-1.875992396654E1,0.E0,-7.103176296875E0));
#118=CARTESIAN_POINT('',(-1.957558161620E1,0.E0,-4.346875779498E0));
#119=CARTESIAN_POINT('',(-1.996420265872E1,0.E0,-1.731789258182E0));
#120=CARTESIAN_POINT('',(-2.000064571190E1,0.E0,-1.856965120695E-1));
#121=CARTESIAN_POINT('',(-1.998056057608E1,0.E0,5.474119033658E-1));
#123=CARTESIAN_POINT('',(0.E0,0.E0,0.E0));
#124=DIRECTION('',(0.E0,-1.E0,0.E0));
#125=DIRECTION('',(-7.071067811865E-1,0.E0,-7.071067811865E-1));
#126=AXIS2_PLACEMENT_3D('',#123,#124,#125);
#128=CARTESIAN_POINT('',(0.E0,0.E0,0.E0));
#129=DIRECTION('',(0.E0,1.E0,0.E0));
#130=DIRECTION('',(7.071067811865E-1,0.E0,-7.071067811865E-1));
#131=AXIS2_PLACEMENT_3D('',#128,#129,#130);
#133=CARTESIAN_POINT('',(0.E0,0.E0,0.E0));
#134=DIRECTION('',(0.E0,-1.E0,0.E0));
#135=DIRECTION('',(7.071067811865E-1,0.E0,-7.071067811865E-1));
#136=AXIS2_PLACEMENT_3D('',#133,#134,#135);
#138=DIRECTION('',(1.E0,0.E0,0.E0));
#139=VECTOR('',#138,4.100000000063E1);
#140=CARTESIAN_POINT('',(-1.550000000029E1,8.491696235069E-11,
2.797162291268E1));
#141=LINE('',#140,#139);
#142=CARTESIAN_POINT('',(6.5E0,0.E0,-6.5E0));
#143=DIRECTION('',(0.E0,1.E0,0.E0));
#144=DIRECTION('',(1.E0,0.E0,0.E0));
#145=AXIS2_PLACEMENT_3D('',#142,#143,#144);
#147=DIRECTION('',(-1.E0,0.E0,0.E0));
#148=VECTOR('',#147,3.5E1);
#149=CARTESIAN_POINT('',(6.5E0,0.E0,-2.6E1));
#150=LINE('',#149,#148);
#151=DIRECTION('',(0.E0,0.E0,-1.E0));
#152=VECTOR('',#151,3.000835173882E1);
#153=CARTESIAN_POINT('',(-2.6E1,0.E0,1.850835173882E1));
#154=LINE('',#153,#152);
#155=DIRECTION('',(1.E0,0.E0,0.E0));
#156=VECTOR('',#155,1.2E1);
#157=CARTESIAN_POINT('',(-2.85E1,0.E0,3.300835173882E1));
#158=LINE('',#157,#156);
#159=DIRECTION('',(0.E0,0.E0,-1.E0));
#160=VECTOR('',#159,3.866310852041E0);
#161=CARTESIAN_POINT('',(-1.65E1,0.E0,3.300835173882E1));
#162=LINE('',#161,#160);
#163=CARTESIAN_POINT('',(2.375E1,8.E0,0.E0));
#164=DIRECTION('',(0.E0,1.E0,0.E0));
#165=DIRECTION('',(1.E0,0.E0,0.E0));
#166=AXIS2_PLACEMENT_3D('',#163,#164,#165);
#168=DIRECTION('',(0.E0,-1.E0,0.E0));
#169=VECTOR('',#168,8.E0);
#170=CARTESIAN_POINT('',(2.515E1,8.E0,0.E0));
#171=LINE('',#170,#169);
#172=CARTESIAN_POINT('',(-1.1875E1,8.E0,-2.056810333988E1));
#173=DIRECTION('',(0.E0,1.E0,0.E0));
#174=DIRECTION('',(1.E0,0.E0,0.E0));
#175=AXIS2_PLACEMENT_3D('',#172,#173,#174);
#177=CARTESIAN_POINT('',(-1.1875E1,8.E0,-2.056810333988E1));
#178=DIRECTION('',(0.E0,1.E0,0.E0));
#179=DIRECTION('',(-1.E0,0.E0,0.E0));
#180=AXIS2_PLACEMENT_3D('',#177,#178,#179);
#182=CARTESIAN_POINT('',(1.1875E1,8.E0,-2.056810333988E1));
#183=DIRECTION('',(0.E0,1.E0,0.E0));
#184=DIRECTION('',(1.E0,0.E0,0.E0));
#185=AXIS2_PLACEMENT_3D('',#182,#183,#184);
#187=CARTESIAN_POINT('',(1.1875E1,8.E0,-2.056810333988E1));
#188=DIRECTION('',(0.E0,1.E0,0.E0));
#189=DIRECTION('',(-1.E0,0.E0,0.E0));
#190=AXIS2_PLACEMENT_3D('',#187,#188,#189);
#192=CARTESIAN_POINT('',(-1.1875E1,8.E0,2.056810333988E1));
#193=DIRECTION('',(0.E0,1.E0,0.E0));
#194=DIRECTION('',(1.E0,0.E0,0.E0));
#195=AXIS2_PLACEMENT_3D('',#192,#193,#194);
#197=CARTESIAN_POINT('',(-1.1875E1,8.E0,2.056810333988E1));
#198=DIRECTION('',(0.E0,1.E0,0.E0));
#199=DIRECTION('',(-1.E0,0.E0,0.E0));
#200=AXIS2_PLACEMENT_3D('',#197,#198,#199);
#202=CARTESIAN_POINT('',(1.1875E1,8.E0,2.056810333988E1));
#203=DIRECTION('',(0.E0,1.E0,0.E0));
#204=DIRECTION('',(1.E0,0.E0,0.E0));
#205=AXIS2_PLACEMENT_3D('',#202,#203,#204);
#207=CARTESIAN_POINT('',(1.1875E1,8.E0,2.056810333988E1));
#208=DIRECTION('',(0.E0,1.E0,0.E0));
#209=DIRECTION('',(-1.E0,0.E0,0.E0));
#210=AXIS2_PLACEMENT_3D('',#207,#208,#209);
#212=DIRECTION('',(-1.E0,0.E0,0.E0));
#213=VECTOR('',#212,2.75E0);
#214=CARTESIAN_POINT('',(-2.375E1,8.E0,-3.25E0));
#215=LINE('',#214,#213);
#216=CARTESIAN_POINT('',(-2.375E1,8.E0,0.E0));
#217=DIRECTION('',(0.E0,1.E0,0.E0));
#218=DIRECTION('',(0.E0,0.E0,1.E0));
#219=AXIS2_PLACEMENT_3D('',#216,#217,#218);
#221=DIRECTION('',(1.E0,0.E0,0.E0));
#222=VECTOR('',#221,2.75E0);
#223=CARTESIAN_POINT('',(-2.65E1,8.E0,3.25E0));
#224=LINE('',#223,#222);
#225=DIRECTION('',(1.E0,0.E0,0.E0));
#226=VECTOR('',#225,2.75E0);
#227=CARTESIAN_POINT('',(2.375E1,8.E0,3.25E0));
#228=LINE('',#227,#226);
#229=CARTESIAN_POINT('',(2.375E1,8.E0,0.E0));
#230=DIRECTION('',(0.E0,1.E0,0.E0));
#231=DIRECTION('',(0.E0,0.E0,-1.E0));
#232=AXIS2_PLACEMENT_3D('',#229,#230,#231);
#234=DIRECTION('',(-1.E0,0.E0,0.E0));
#235=VECTOR('',#234,2.75E0);
#236=CARTESIAN_POINT('',(2.65E1,8.E0,-3.25E0));
#237=LINE('',#236,#235);
#238=DIRECTION('',(0.E0,-1.E0,0.E0));
#239=VECTOR('',#238,7.E0);
#240=CARTESIAN_POINT('',(-8.625E0,1.5E1,-2.056810333988E1));
#241=LINE('',#240,#239);
#242=CARTESIAN_POINT('',(1.1875E1,1.5E1,2.056810333988E1));
#243=DIRECTION('',(0.E0,1.E0,0.E0));
#244=DIRECTION('',(-1.E0,0.E0,0.E0));
#245=AXIS2_PLACEMENT_3D('',#242,#243,#244);
#247=CARTESIAN_POINT('',(1.1875E1,1.5E1,2.056810333988E1));
#248=DIRECTION('',(0.E0,1.E0,0.E0));
#249=DIRECTION('',(1.E0,0.E0,0.E0));
#250=AXIS2_PLACEMENT_3D('',#247,#248,#249);
#252=CARTESIAN_POINT('',(-1.1875E1,1.5E1,2.056810333988E1));
#253=DIRECTION('',(0.E0,1.E0,0.E0));
#254=DIRECTION('',(-1.E0,0.E0,0.E0));
#255=AXIS2_PLACEMENT_3D('',#252,#253,#254);
#257=CARTESIAN_POINT('',(-1.1875E1,1.5E1,2.056810333988E1));
#258=DIRECTION('',(0.E0,1.E0,0.E0));
#259=DIRECTION('',(1.E0,0.E0,0.E0));
#260=AXIS2_PLACEMENT_3D('',#257,#258,#259);
#262=CARTESIAN_POINT('',(0.E0,1.5E1,0.E0));
#263=DIRECTION('',(0.E0,-1.E0,0.E0));
#264=DIRECTION('',(1.E0,0.E0,0.E0));
#265=AXIS2_PLACEMENT_3D('',#262,#263,#264);
#267=CARTESIAN_POINT('',(0.E0,1.5E1,0.E0));
#268=DIRECTION('',(0.E0,-1.E0,0.E0));
#269=DIRECTION('',(-1.E0,0.E0,0.E0));
#270=AXIS2_PLACEMENT_3D('',#267,#268,#269);
#272=CARTESIAN_POINT('',(-1.1875E1,1.5E1,-2.056810333988E1));
#273=DIRECTION('',(0.E0,1.E0,0.E0));
#274=DIRECTION('',(1.E0,0.E0,0.E0));
#275=AXIS2_PLACEMENT_3D('',#272,#273,#274);
#277=CARTESIAN_POINT('',(-1.1875E1,1.5E1,-2.056810333988E1));
#278=DIRECTION('',(0.E0,1.E0,0.E0));
#279=DIRECTION('',(-1.E0,0.E0,0.E0));
#280=AXIS2_PLACEMENT_3D('',#277,#278,#279);
#282=CARTESIAN_POINT('',(1.1875E1,1.5E1,-2.056810333988E1));
#283=DIRECTION('',(0.E0,1.E0,0.E0));
#284=DIRECTION('',(1.E0,0.E0,0.E0));
#285=AXIS2_PLACEMENT_3D('',#282,#283,#284);
#287=CARTESIAN_POINT('',(1.1875E1,1.5E1,-2.056810333988E1));
#288=DIRECTION('',(0.E0,1.E0,0.E0));
#289=DIRECTION('',(-1.E0,0.E0,0.E0));
#290=AXIS2_PLACEMENT_3D('',#287,#288,#289);
#292=DIRECTION('',(1.E0,0.E0,1.202312207893E-13));
#293=VECTOR('',#292,1.004666377719E0);
#294=CARTESIAN_POINT('',(1.5125E1,1.5E1,2.098614884068E1));
#295=LINE('',#294,#293);
#296=DIRECTION('',(0.E0,0.E0,-1.E0));
#297=VECTOR('',#296,3.353102192424E0);
#298=CARTESIAN_POINT('',(1.5125E1,1.5E1,2.433925103310E1));
#299=LINE('',#298,#297);
#300=DIRECTION('',(1.E0,0.E0,0.E0));
#301=VECTOR('',#300,6.5E0);
#302=CARTESIAN_POINT('',(8.625E0,1.5E1,2.433925103310E1));
#303=LINE('',#302,#301);
#304=DIRECTION('',(0.E0,0.E0,1.E0));
#305=VECTOR('',#304,3.353102192424E0);
#306=CARTESIAN_POINT('',(8.625E0,1.5E1,2.098614884068E1));
#307=LINE('',#306,#305);
#308=DIRECTION('',(1.E0,0.E0,0.E0));
#309=VECTOR('',#308,1.725E1);
#310=CARTESIAN_POINT('',(-8.625E0,1.5E1,2.098614884068E1));
#311=LINE('',#310,#309);
#312=DIRECTION('',(0.E0,0.E0,-1.E0));
#313=VECTOR('',#312,3.353102192424E0);
#314=CARTESIAN_POINT('',(-8.625E0,1.5E1,2.433925103310E1));
#315=LINE('',#314,#313);
#316=DIRECTION('',(1.E0,0.E0,0.E0));
#317=VECTOR('',#316,6.5E0);
#318=CARTESIAN_POINT('',(-1.5125E1,1.5E1,2.433925103310E1));
#319=LINE('',#318,#317);
#320=DIRECTION('',(0.E0,0.E0,1.E0));
#321=VECTOR('',#320,3.353102192424E0);
#322=CARTESIAN_POINT('',(-1.5125E1,1.5E1,2.098614884068E1));
#323=LINE('',#322,#321);
#324=DIRECTION('',(9.999905377428E-1,-1.306519247074E-4,-4.348258832852E-3));
#325=VECTOR('',#324,1.375013010727E0);
#326=CARTESIAN_POINT('',(-1.65E1,1.500017964810E1,2.099212775315E1));
#327=LINE('',#326,#325);
#328=DIRECTION('',(0.E0,5.367238702151E-5,-9.999999985596E-1));
#329=VECTOR('',#328,3.347123284776E0);
#330=CARTESIAN_POINT('',(-1.65E1,1.5E1,2.433925103310E1));
#331=LINE('',#330,#329);
#332=DIRECTION('',(1.E0,0.E0,0.E0));
#333=VECTOR('',#332,1.E0);
#334=CARTESIAN_POINT('',(-1.75E1,1.5E1,2.433925103310E1));
#335=LINE('',#334,#333);
#336=DIRECTION('',(1.E0,0.E0,0.E0));
#337=VECTOR('',#336,9.E0);
#338=CARTESIAN_POINT('',(-2.65E1,1.5E1,2.098614884068E1));
#339=LINE('',#338,#337);
#340=DIRECTION('',(-1.E0,0.E0,0.E0));
#341=VECTOR('',#340,2.E0);
#342=CARTESIAN_POINT('',(-2.65E1,1.5E1,3.350835173882E1));
#343=LINE('',#342,#341);
#344=DIRECTION('',(1.E0,0.E0,0.E0));
#345=VECTOR('',#344,2.75E0);
#346=CARTESIAN_POINT('',(-2.65E1,1.5E1,3.25E0));
#347=LINE('',#346,#345);
#348=CARTESIAN_POINT('',(-2.375E1,1.5E1,0.E0));
#349=DIRECTION('',(0.E0,1.E0,0.E0));
#350=DIRECTION('',(0.E0,0.E0,1.E0));
#351=AXIS2_PLACEMENT_3D('',#348,#349,#350);
#353=DIRECTION('',(1.E0,0.E0,0.E0));
#354=VECTOR('',#353,2.75E0);
#355=CARTESIAN_POINT('',(-2.65E1,1.5E1,-3.25E0));
#356=LINE('',#355,#354);
#357=DIRECTION('',(-1.E0,0.E0,0.E0));
#358=VECTOR('',#357,2.E0);
#359=CARTESIAN_POINT('',(-2.65E1,1.5E1,-1.15E1));
#360=LINE('',#359,#358);
#361=CARTESIAN_POINT('',(6.5E0,1.5E1,-6.5E0));
#362=DIRECTION('',(0.E0,1.E0,0.E0));
#363=DIRECTION('',(1.E0,0.E0,0.E0));
#364=AXIS2_PLACEMENT_3D('',#361,#362,#363);
#366=DIRECTION('',(-1.E0,0.E0,0.E0));
#367=VECTOR('',#366,2.75E0);
#368=CARTESIAN_POINT('',(2.65E1,1.5E1,-3.25E0));
#369=LINE('',#368,#367);
#370=CARTESIAN_POINT('',(2.375E1,1.5E1,0.E0));
#371=DIRECTION('',(0.E0,1.E0,0.E0));
#372=DIRECTION('',(0.E0,0.E0,-1.E0));
#373=AXIS2_PLACEMENT_3D('',#370,#371,#372);
#375=DIRECTION('',(-1.E0,0.E0,0.E0));
#376=VECTOR('',#375,2.75E0);
#377=CARTESIAN_POINT('',(2.65E1,1.5E1,3.25E0));
#378=LINE('',#377,#376);
#379=DIRECTION('',(0.E0,-1.E0,0.E0));
#380=VECTOR('',#379,7.E0);
#381=CARTESIAN_POINT('',(8.625E0,1.5E1,2.056810333988E1));
#382=LINE('',#381,#380);
#383=DIRECTION('',(0.E0,-1.E0,0.E0));
#384=VECTOR('',#383,7.E0);
#385=CARTESIAN_POINT('',(1.5125E1,1.5E1,2.056810333988E1));
#386=LINE('',#385,#384);
#387=DIRECTION('',(0.E0,-1.E0,0.E0));
#388=VECTOR('',#387,7.E0);
#389=CARTESIAN_POINT('',(-1.5125E1,1.5E1,2.056810333988E1));
#390=LINE('',#389,#388);
#391=DIRECTION('',(0.E0,-1.E0,0.E0));
#392=VECTOR('',#391,7.E0);
#393=CARTESIAN_POINT('',(-8.625E0,1.5E1,2.056810333988E1));
#394=LINE('',#393,#392);
#395=CARTESIAN_POINT('',(0.E0,5.5E0,0.E0));
#396=DIRECTION('',(0.E0,1.E0,0.E0));
#397=DIRECTION('',(-1.E0,0.E0,0.E0));
#398=AXIS2_PLACEMENT_3D('',#395,#396,#397);
#400=DIRECTION('',(0.E0,1.E0,0.E0));
#401=VECTOR('',#400,9.5E0);
#402=CARTESIAN_POINT('',(1.875E1,5.5E0,0.E0));
#403=LINE('',#402,#401);
#404=CARTESIAN_POINT('',(-1.874200736869E1,2.5E0,5.474119033658E-1));
#405=CARTESIAN_POINT('',(-1.883295336134E1,2.5E0,5.474119033658E-1));
#406=CARTESIAN_POINT('',(-1.900888706441E1,2.516434355344E0,5.474119033658E-1));
#407=CARTESIAN_POINT('',(-1.925407036108E1,2.582592279932E0,5.474119033658E-1));
#408=CARTESIAN_POINT('',(-1.940680177381E1,2.652577446303E0,5.474119033658E-1));
#409=CARTESIAN_POINT('',(-1.948036814286E1,2.694139954572E0,5.474119033658E-1));
#411=CARTESIAN_POINT('',(-1.325825214725E1,4.E0,1.325825214725E1));
#412=DIRECTION('',(-7.071067811865E-1,0.E0,-7.071067811865E-1));
#413=DIRECTION('',(0.E0,-1.E0,0.E0));
#414=AXIS2_PLACEMENT_3D('',#411,#412,#413);
#416=CARTESIAN_POINT('',(0.E0,2.694139954572E0,0.E0));
#417=DIRECTION('',(0.E0,-1.E0,0.E0));
#418=DIRECTION('',(2.517695561704E-2,0.E0,9.996830102117E-1));
#419=AXIS2_PLACEMENT_3D('',#416,#417,#418);
#421=CARTESIAN_POINT('',(4.720679178195E-1,4.E0,1.874405644147E1));
#422=DIRECTION('',(-9.996830102117E-1,0.E0,2.517695561704E-2));
#423=DIRECTION('',(0.E0,-1.E0,0.E0));
#424=AXIS2_PLACEMENT_3D('',#421,#422,#423);
#426=CARTESIAN_POINT('',(1.325825214725E1,4.E0,1.325825214725E1));
#427=DIRECTION('',(-7.071067811865E-1,0.E0,7.071067811865E-1));
#428=DIRECTION('',(0.E0,-1.E0,0.E0));
#429=AXIS2_PLACEMENT_3D('',#426,#427,#428);
#431=CARTESIAN_POINT('',(0.E0,2.694139954572E0,0.E0));
#432=DIRECTION('',(0.E0,-1.E0,0.E0));
#433=DIRECTION('',(1.E0,0.E0,0.E0));
#434=AXIS2_PLACEMENT_3D('',#431,#432,#433);
#436=CARTESIAN_POINT('',(0.E0,2.694139954572E0,0.E0));
#437=DIRECTION('',(0.E0,-1.E0,0.E0));
#438=DIRECTION('',(-9.996054091177E-1,0.E0,2.808960773261E-2));
#439=AXIS2_PLACEMENT_3D('',#436,#437,#438);
#441=DIRECTION('',(1.E0,0.E0,0.E0));
#442=VECTOR('',#441,1.238553207387E0);
#443=CARTESIAN_POINT('',(-1.998056057608E1,0.E0,5.474119033658E-1));
#444=LINE('',#443,#442);
#445=CARTESIAN_POINT('',(0.E0,5.E-1,0.E0));
#446=DIRECTION('',(0.E0,1.E0,0.E0));
#447=DIRECTION('',(-7.071067811865E-1,0.E0,-7.071067811865E-1));
#448=AXIS2_PLACEMENT_3D('',#445,#446,#447);
#450=DIRECTION('',(0.E0,1.E0,0.E0));
#451=VECTOR('',#450,2.194139954572E0);
#452=CARTESIAN_POINT('',(-1.948036814286E1,5.E-1,5.474119033658E-1));
#453=LINE('',#452,#451);
#454=CARTESIAN_POINT('',(-1.413369132121E1,5.E-1,-1.413369132121E1));
#455=DIRECTION('',(7.071067811865E-1,0.E0,-7.071067811865E-1));
#456=DIRECTION('',(7.071067811865E-1,-1.265654248073E-14,7.071067811865E-1));
#457=AXIS2_PLACEMENT_3D('',#454,#455,#456);
#459=CARTESIAN_POINT('',(-1.998056057608E1,0.E0,5.474119033658E-1));
#460=CARTESIAN_POINT('',(-1.991256545219E1,0.E0,5.474119033658E-1));
#461=CARTESIAN_POINT('',(-1.978713494597E1,2.543327375431E-2,
5.474119033658E-1));
#462=CARTESIAN_POINT('',(-1.961655219956E1,1.370762958281E-1,
5.474119033658E-1));
#463=CARTESIAN_POINT('',(-1.950576763433E1,3.070638989979E-1,
5.474119033658E-1));
#464=CARTESIAN_POINT('',(-1.948036814286E1,4.322094990569E-1,
5.474119033658E-1));
#465=CARTESIAN_POINT('',(-1.948036814286E1,5.E-1,5.474119033658E-1));
#467=DIRECTION('',(-7.071067811865E-1,0.E0,-7.071067811866E-1));
#468=VECTOR('',#467,1.238057952844E0);
#469=CARTESIAN_POINT('',(-1.325825214725E1,0.E0,-1.325825214725E1));
#470=LINE('',#469,#468);
#471=DIRECTION('',(0.E0,1.E0,0.E0));
#472=VECTOR('',#471,2.194139954572E0);
#473=CARTESIAN_POINT('',(-1.378013793061E1,5.E-1,-1.378013793061E1));
#474=LINE('',#473,#472);
#475=CARTESIAN_POINT('',(-5.049569143351E-1,2.5E0,-1.874319926039E1));
#476=CARTESIAN_POINT('',(-5.049569143351E-1,2.5E0,-1.883414047672E1));
#477=CARTESIAN_POINT('',(-5.049569143351E-1,2.516434729390E0,
-1.901006445171E1));
#478=CARTESIAN_POINT('',(-5.049569143351E-1,2.582592997489E0,
-1.925523229833E1));
#479=CARTESIAN_POINT('',(-5.049569143351E-1,2.652577846351E0,
-1.940795353048E1));
#480=CARTESIAN_POINT('',(-5.049569143351E-1,2.694139954572E0,
-1.948151486122E1));
#482=CARTESIAN_POINT('',(-1.325825214725E1,4.E0,-1.325825214725E1));
#483=DIRECTION('',(7.071067811865E-1,0.E0,-7.071067811865E-1));
#484=DIRECTION('',(0.E0,-1.E0,0.E0));
#485=AXIS2_PLACEMENT_3D('',#482,#483,#484);
#487=CARTESIAN_POINT('',(0.E0,2.694139954572E0,0.E0));
#488=DIRECTION('',(0.E0,-1.E0,0.E0));
#489=DIRECTION('',(-1.E0,0.E0,0.E0));
#490=AXIS2_PLACEMENT_3D('',#487,#488,#489);
#492=CARTESIAN_POINT('',(-1.875E1,4.E0,0.E0));
#493=DIRECTION('',(0.E0,0.E0,1.E0));
#494=DIRECTION('',(0.E0,1.E0,0.E0));
#495=AXIS2_PLACEMENT_3D('',#492,#493,#494);
#497=CARTESIAN_POINT('',(1.875E1,4.E0,0.E0));
#498=DIRECTION('',(0.E0,0.E0,-1.E0));
#499=DIRECTION('',(0.E0,1.E0,0.E0));
#500=AXIS2_PLACEMENT_3D('',#497,#498,#499);
#502=CARTESIAN_POINT('',(0.E0,2.694139954572E0,0.E0));
#503=DIRECTION('',(0.E0,-1.E0,0.E0));
#504=DIRECTION('',(9.995278863538E-1,0.E0,-3.072465461431E-2));
#505=AXIS2_PLACEMENT_3D('',#502,#503,#504);
#507=CARTESIAN_POINT('',(1.874043707741E1,2.5E0,-5.987638497047E-1));
#508=CARTESIAN_POINT('',(1.883138936379E1,2.5E0,-5.987638497047E-1));
#509=CARTESIAN_POINT('',(1.900733588539E1,2.516433862610E0,-5.987638497047E-1));
#510=CARTESIAN_POINT('',(1.925253953956E1,2.582591334517E0,-5.987638497047E-1));
#511=CARTESIAN_POINT('',(1.940528436688E1,2.652576919200E0,-5.987638497047E-1));
#512=CARTESIAN_POINT('',(1.947885737475E1,2.694139954572E0,-5.987638497047E-1));
#514=CARTESIAN_POINT('',(1.325825214725E1,4.E0,-1.325825214725E1));
#515=DIRECTION('',(7.071067811865E-1,0.E0,7.071067811865E-1));
#516=DIRECTION('',(0.E0,-1.E0,0.E0));
#517=AXIS2_PLACEMENT_3D('',#514,#515,#516);
#519=CARTESIAN_POINT('',(0.E0,2.694139954572E0,0.E0));
#520=DIRECTION('',(0.E0,-1.E0,0.E0));
#521=DIRECTION('',(-2.591109465894E-2,0.E0,-9.996642512232E-1));
#522=AXIS2_PLACEMENT_3D('',#519,#520,#521);
#524=DIRECTION('',(0.E0,0.E0,1.E0));
#525=VECTOR('',#524,1.238479328781E0);
#526=CARTESIAN_POINT('',(-5.049569143351E-1,0.E0,-1.998167858917E1));
#527=LINE('',#526,#525);
#528=CARTESIAN_POINT('',(0.E0,5.E-1,0.E0));
#529=DIRECTION('',(0.E0,1.E0,0.E0));
#530=DIRECTION('',(7.071067811865E-1,0.E0,-7.071067811865E-1));
#531=AXIS2_PLACEMENT_3D('',#528,#529,#530);
#533=DIRECTION('',(0.E0,1.E0,0.E0));
#534=VECTOR('',#533,2.194139954572E0);
#535=CARTESIAN_POINT('',(-5.049569143351E-1,5.E-1,-1.948151486122E1));
#536=LINE('',#535,#534);
#537=CARTESIAN_POINT('',(1.413369132121E1,5.E-1,-1.413369132121E1));
#538=DIRECTION('',(7.071067811865E-1,0.E0,7.071067811865E-1));
#539=DIRECTION('',(-7.071067811865E-1,2.531308496145E-14,7.071067811865E-1));
#540=AXIS2_PLACEMENT_3D('',#537,#538,#539);
#542=CARTESIAN_POINT('',(-5.049569143351E-1,0.E0,-1.998167858917E1));
#543=CARTESIAN_POINT('',(-5.049569143351E-1,0.E0,-1.991368899587E1));
#544=CARTESIAN_POINT('',(-5.049569143351E-1,2.543193325415E-2,
-1.978826790069E1));
#545=CARTESIAN_POINT('',(-5.049569143351E-1,1.370725766546E-1,
-1.961769461607E1));
#546=CARTESIAN_POINT('',(-5.049569143351E-1,3.070600822558E-1,
-1.950691409265E1));
#547=CARTESIAN_POINT('',(-5.049569143351E-1,4.322078865847E-1,
-1.948151486122E1));
#548=CARTESIAN_POINT('',(-5.049569143351E-1,5.E-1,-1.948151486122E1));
#550=DIRECTION('',(7.071067811865E-1,0.E0,-7.071067811865E-1));
#551=VECTOR('',#550,1.238057952844E0);
#552=CARTESIAN_POINT('',(1.325825214725E1,0.E0,-1.325825214725E1));
#553=LINE('',#552,#551);
#554=DIRECTION('',(0.E0,1.E0,0.E0));
#555=VECTOR('',#554,2.194139954572E0);
#556=CARTESIAN_POINT('',(1.378013793061E1,5.E-1,-1.378013793061E1));
#557=LINE('',#556,#555);
#558=DIRECTION('',(0.E0,1.E0,0.E0));
#559=VECTOR('',#558,2.5E0);
#560=CARTESIAN_POINT('',(1.325825214725E1,0.E0,1.325825214725E1));
#561=LINE('',#560,#559);
#562=CARTESIAN_POINT('',(0.E0,2.5E0,0.E0));
#563=DIRECTION('',(0.E0,1.E0,0.E0));
#564=DIRECTION('',(2.517695561704E-2,0.E0,9.996830102117E-1));
#565=AXIS2_PLACEMENT_3D('',#562,#563,#564);
#567=DIRECTION('',(0.E0,1.E0,0.E0));
#568=VECTOR('',#567,2.5E0);
#569=CARTESIAN_POINT('',(4.720679178195E-1,0.E0,1.874405644147E1));
#570=LINE('',#569,#568);
#571=DIRECTION('',(0.E0,1.E0,0.E0));
#572=VECTOR('',#571,2.5E0);
#573=CARTESIAN_POINT('',(-1.874200736869E1,0.E0,5.474119033658E-1));
#574=LINE('',#573,#572);
#575=DIRECTION('',(0.E0,1.E0,0.E0));
#576=VECTOR('',#575,2.5E0);
#577=CARTESIAN_POINT('',(-1.325825214725E1,0.E0,1.325825214725E1));
#578=LINE('',#577,#576);
#579=CARTESIAN_POINT('',(0.E0,2.5E0,0.E0));
#580=DIRECTION('',(0.E0,1.E0,0.E0));
#581=DIRECTION('',(-9.995737263302E-1,0.E0,2.919530151284E-2));
#582=AXIS2_PLACEMENT_3D('',#579,#580,#581);
#584=DIRECTION('',(0.E0,1.E0,0.E0));
#585=VECTOR('',#584,2.5E0);
#586=CARTESIAN_POINT('',(-5.049569143351E-1,0.E0,-1.874319926039E1));
#587=LINE('',#586,#585);
#588=DIRECTION('',(0.E0,1.E0,0.E0));
#589=VECTOR('',#588,2.5E0);
#590=CARTESIAN_POINT('',(-1.325825214725E1,0.E0,-1.325825214725E1));
#591=LINE('',#590,#589);
#592=CARTESIAN_POINT('',(0.E0,2.5E0,0.E0));
#593=DIRECTION('',(0.E0,1.E0,0.E0));
#594=DIRECTION('',(-2.693103543121E-2,0.E0,-9.996372938874E-1));
#595=AXIS2_PLACEMENT_3D('',#592,#593,#594);
#597=DIRECTION('',(0.E0,1.E0,0.E0));
#598=VECTOR('',#597,2.5E0);
#599=CARTESIAN_POINT('',(1.325825214725E1,0.E0,-1.325825214725E1));
#600=LINE('',#599,#598);
#601=CARTESIAN_POINT('',(0.E0,2.5E0,0.E0));
#602=DIRECTION('',(0.E0,1.E0,0.E0));
#603=DIRECTION('',(9.994899774618E-1,0.E0,-3.193407198425E-2));
#604=AXIS2_PLACEMENT_3D('',#601,#602,#603);
#606=DIRECTION('',(0.E0,1.E0,0.E0));
#607=VECTOR('',#606,2.5E0);
#608=CARTESIAN_POINT('',(1.874043707741E1,0.E0,-5.987638497047E-1));
#609=LINE('',#608,#607);
#610=CARTESIAN_POINT('',(0.E0,5.5E0,0.E0));
#611=DIRECTION('',(0.E0,1.E0,0.E0));
#612=DIRECTION('',(1.E0,0.E0,0.E0));
#613=AXIS2_PLACEMENT_3D('',#610,#611,#612);
#615=DIRECTION('',(0.E0,1.E0,0.E0));
#616=VECTOR('',#615,9.5E0);
#617=CARTESIAN_POINT('',(-1.875E1,5.5E0,0.E0));
#618=LINE('',#617,#616);
#619=DIRECTION('',(7.071067811865E-1,0.E0,7.071067811865E-1));
#620=VECTOR('',#619,1.238057952844E0);
#621=CARTESIAN_POINT('',(1.325825214725E1,0.E0,1.325825214725E1));
#622=LINE('',#621,#620);
#623=DIRECTION('',(0.E0,1.E0,0.E0));
#624=VECTOR('',#623,2.194139954572E0);
#625=CARTESIAN_POINT('',(1.378013793061E1,5.E-1,1.378013793061E1));
#626=LINE('',#625,#624);
#627=CARTESIAN_POINT('',(1.413369132121E1,5.E-1,1.413369132121E1));
#628=DIRECTION('',(-7.071067811865E-1,0.E0,7.071067811865E-1));
#629=DIRECTION('',(-7.071067811865E-1,0.E0,-7.071067811865E-1));
#630=AXIS2_PLACEMENT_3D('',#627,#628,#629);
#632=CARTESIAN_POINT('',(1.997908763128E1,0.E0,-5.987638497047E-1));
#633=CARTESIAN_POINT('',(1.991108521986E1,0.E0,-5.987638497047E-1));
#634=CARTESIAN_POINT('',(1.978564231300E1,2.543504004601E-2,
-5.987638497047E-1));
#635=CARTESIAN_POINT('',(1.961504709953E1,1.370811961364E-1,
-5.987638497047E-1));
#636=CARTESIAN_POINT('',(1.950425720884E1,3.070689276850E-1,
-5.987638497047E-1));
#637=CARTESIAN_POINT('',(1.947885737475E1,4.322116235375E-1,
-5.987638497047E-1));
#638=CARTESIAN_POINT('',(1.947885737475E1,5.E-1,-5.987638497047E-1));
#640=CARTESIAN_POINT('',(0.E0,5.E-1,0.E0));
#641=DIRECTION('',(0.E0,1.E0,0.E0));
#642=DIRECTION('',(7.071067811865E-1,0.E0,7.071067811865E-1));
#643=AXIS2_PLACEMENT_3D('',#640,#641,#642);
#645=DIRECTION('',(0.E0,1.E0,0.E0));
#646=VECTOR('',#645,2.194139954572E0);
#647=CARTESIAN_POINT('',(1.947885737475E1,5.E-1,-5.987638497047E-1));
#648=LINE('',#647,#646);
#649=DIRECTION('',(-1.E0,0.E0,0.E0));
#650=VECTOR('',#649,1.238650553876E0);
#651=CARTESIAN_POINT('',(1.997908763128E1,0.E0,-5.987638497047E-1));
#652=LINE('',#651,#650);
#653=DIRECTION('',(-2.517695561704E-2,0.E0,-9.996830102117E-1));
#654=VECTOR('',#653,1.238057952844E0);
#655=CARTESIAN_POINT('',(5.032384479496E-1,0.E0,1.998172194258E1));
#656=LINE('',#655,#654);
#657=CARTESIAN_POINT('',(0.E0,5.E-1,0.E0));
#658=DIRECTION('',(0.E0,1.E0,0.E0));
#659=DIRECTION('',(-7.071067811865E-1,0.E0,7.071067811865E-1));
#660=AXIS2_PLACEMENT_3D('',#657,#658,#659);
#662=DIRECTION('',(0.E0,1.E0,0.E0));
#663=VECTOR('',#662,2.194139954572E0);
#664=CARTESIAN_POINT('',(4.906499701411E-1,5.E-1,1.948188043748E1));
#665=LINE('',#664,#663);
#666=CARTESIAN_POINT('',(-1.413369132121E1,5.E-1,1.413369132121E1));
#667=DIRECTION('',(-7.071067811865E-1,0.E0,-7.071067811865E-1));
#668=DIRECTION('',(7.071067811865E-1,-1.287858708565E-14,-7.071067811865E-1));
#669=AXIS2_PLACEMENT_3D('',#666,#667,#668);
#671=CARTESIAN_POINT('',(5.032384479496E-1,5.E-1,1.998172194258E1));
#672=DIRECTION('',(9.996830102117E-1,0.E0,-2.517695561704E-2));
#673=DIRECTION('',(0.E0,-1.E0,0.E0));
#674=AXIS2_PLACEMENT_3D('',#671,#672,#673);
#676=DIRECTION('',(-7.071067811865E-1,0.E0,7.071067811865E-1));
#677=VECTOR('',#676,1.238057952844E0);
#678=CARTESIAN_POINT('',(-1.325825214725E1,0.E0,1.325825214725E1));
#679=LINE('',#678,#677);
#680=DIRECTION('',(0.E0,1.E0,0.E0));
#681=VECTOR('',#680,2.194139954572E0);
#682=CARTESIAN_POINT('',(-1.378013793061E1,5.E-1,1.378013793061E1));
#683=LINE('',#682,#681);
#684=DIRECTION('',(0.E0,-1.E0,0.E0));
#685=VECTOR('',#684,7.E0);
#686=CARTESIAN_POINT('',(-1.5125E1,1.5E1,-2.056810333988E1));
#687=LINE('',#686,#685);
#688=DIRECTION('',(0.E0,-1.E0,0.E0));
#689=VECTOR('',#688,7.E0);
#690=CARTESIAN_POINT('',(1.5125E1,1.5E1,-2.056810333988E1));
#691=LINE('',#690,#689);
#692=DIRECTION('',(0.E0,-1.E0,0.E0));
#693=VECTOR('',#692,7.E0);
#694=CARTESIAN_POINT('',(8.625E0,1.5E1,-2.056810333988E1));
#695=LINE('',#694,#693);
#696=DIRECTION('',(0.E0,6.034481535145E-2,9.981775910429E-1));
#697=VECTOR('',#696,3.359224072462E0);
#698=CARTESIAN_POINT('',(-1.5125E1,1.5E1,2.098614884068E1));
#699=LINE('',#698,#697);
#700=DIRECTION('',(0.E0,6.034481535145E-2,9.981775910429E-1));
#701=VECTOR('',#700,3.359224072462E0);
#702=CARTESIAN_POINT('',(-8.625E0,1.5E1,2.098614884068E1));
#703=LINE('',#702,#701);
#704=DIRECTION('',(0.E0,6.034481535145E-2,9.981775910429E-1));
#705=VECTOR('',#704,3.359224072462E0);
#706=CARTESIAN_POINT('',(8.625E0,1.5E1,2.098614884068E1));
#707=LINE('',#706,#705);
#708=DIRECTION('',(0.E0,6.034481535145E-2,9.981775910429E-1));
#709=VECTOR('',#708,3.359224072462E0);
#710=CARTESIAN_POINT('',(1.5125E1,1.5E1,2.098614884068E1));
#711=LINE('',#710,#709);
#712=DIRECTION('',(0.E0,-6.484515326014E-1,7.612559424181E-1));
#713=VECTOR('',#712,3.595864210729E0);
#714=CARTESIAN_POINT('',(-1.5125E1,2.519241490274E1,2.160187803455E1));
#715=LINE('',#714,#713);
#716=DIRECTION('',(1.E0,0.E0,0.E0));
#717=VECTOR('',#716,2.375E0);
#718=CARTESIAN_POINT('',(-1.75E1,2.519241490274E1,2.160187803455E1));
#719=LINE('',#718,#717);
#720=DIRECTION('',(0.E0,-6.484515326014E-1,7.612559424181E-1));
#721=VECTOR('',#720,3.595864210729E0);
#722=CARTESIAN_POINT('',(-8.625E0,2.519241490274E1,2.160187803455E1));
#723=LINE('',#722,#721);
#724=DIRECTION('',(0.E0,-6.484515326014E-1,7.612559424181E-1));
#725=VECTOR('',#724,3.595864210729E0);
#726=CARTESIAN_POINT('',(8.625E0,2.519241490274E1,2.160187803455E1));
#727=LINE('',#726,#725);
#728=DIRECTION('',(1.E0,0.E0,0.E0));
#729=VECTOR('',#728,1.725E1);
#730=CARTESIAN_POINT('',(-8.625E0,2.519241490274E1,2.160187803455E1));
#731=LINE('',#730,#729);
#732=DIRECTION('',(0.E0,-6.484515326014E-1,7.612559424181E-1));
#733=VECTOR('',#732,3.595864210729E0);
#734=CARTESIAN_POINT('',(1.5125E1,2.519241490274E1,2.160187803455E1));
#735=LINE('',#734,#733);
#736=DIRECTION('',(0.E0,-6.484515326014E-1,7.612559424181E-1));
#737=VECTOR('',#736,3.595864210729E0);
#738=CARTESIAN_POINT('',(1.612966637772E1,2.519241490274E1,2.160187803455E1));
#739=LINE('',#738,#737);
#740=DIRECTION('',(1.E0,0.E0,0.E0));
#741=VECTOR('',#740,1.004666377719E0);
#742=CARTESIAN_POINT('',(1.5125E1,2.519241490274E1,2.160187803455E1));
#743=LINE('',#742,#741);
#744=DIRECTION('',(1.E0,0.E0,0.E0));
#745=VECTOR('',#744,6.5E0);
#746=CARTESIAN_POINT('',(-1.5125E1,2.7E1,2.225781795766E1));
#747=LINE('',#746,#745);
#748=CARTESIAN_POINT('',(-8.625E0,2.742067124427E1,1.828E1));
#749=DIRECTION('',(1.E0,0.E0,0.E0));
#750=DIRECTION('',(0.E0,-1.051678110677E-1,9.944544894138E-1));
#751=AXIS2_PLACEMENT_3D('',#748,#749,#750);
#753=CARTESIAN_POINT('',(8.625E0,2.742067124427E1,1.828E1));
#754=DIRECTION('',(1.E0,0.E0,0.E0));
#755=DIRECTION('',(0.E0,-1.051678110677E-1,9.944544894138E-1));
#756=AXIS2_PLACEMENT_3D('',#753,#754,#755);
#758=DIRECTION('',(1.E0,0.E0,0.E0));
#759=VECTOR('',#758,6.5E0);
#760=CARTESIAN_POINT('',(8.625E0,2.7E1,2.225781795766E1));
#761=LINE('',#760,#759);
#762=CARTESIAN_POINT('',(1.5125E1,2.742067124427E1,1.828E1));
#763=DIRECTION('',(1.E0,0.E0,0.E0));
#764=DIRECTION('',(0.E0,-1.051678110677E-1,9.944544894138E-1));
#765=AXIS2_PLACEMENT_3D('',#762,#763,#764);
#767=CARTESIAN_POINT('',(1.612966637772E1,2.742067124427E1,1.828E1));
#768=DIRECTION('',(1.E0,0.E0,0.E0));
#769=DIRECTION('',(0.E0,7.364084486592E-1,6.765372101691E-1));
#770=AXIS2_PLACEMENT_3D('',#767,#768,#769);
#772=CARTESIAN_POINT('',(-1.5125E1,2.742067124427E1,1.828E1));
#773=DIRECTION('',(1.E0,0.E0,0.E0));
#774=DIRECTION('',(0.E0,-1.051678110677E-1,9.944544894138E-1));
#775=AXIS2_PLACEMENT_3D('',#772,#773,#774);
#777=DIRECTION('',(0.E0,0.E0,1.E0));
#778=VECTOR('',#777,2.081433075445E0);
#779=CARTESIAN_POINT('',(-1.5125E1,2.7E1,2.225781795766E1));
#780=LINE('',#779,#778);
#781=DIRECTION('',(1.E0,0.E0,0.E0));
#782=VECTOR('',#781,6.5E0);
#783=CARTESIAN_POINT('',(-1.5125E1,2.7E1,2.433925103310E1));
#784=LINE('',#783,#782);
#785=DIRECTION('',(0.E0,0.E0,-1.E0));
#786=VECTOR('',#785,2.081433075445E0);
#787=CARTESIAN_POINT('',(-8.625E0,2.7E1,2.433925103310E1));
#788=LINE('',#787,#786);
#789=DIRECTION('',(0.E0,0.E0,1.E0));
#790=VECTOR('',#789,2.081433075445E0);
#791=CARTESIAN_POINT('',(8.625E0,2.7E1,2.225781795766E1));
#792=LINE('',#791,#790);
#793=DIRECTION('',(1.E0,0.E0,0.E0));
#794=VECTOR('',#793,6.5E0);
#795=CARTESIAN_POINT('',(8.625E0,2.7E1,2.433925103310E1));
#796=LINE('',#795,#794);
#797=DIRECTION('',(0.E0,0.E0,-1.E0));
#798=VECTOR('',#797,2.081433075445E0);
#799=CARTESIAN_POINT('',(1.5125E1,2.7E1,2.433925103310E1));
#800=LINE('',#799,#798);
#801=DIRECTION('',(1.E0,0.E0,0.E0));
#802=VECTOR('',#801,1.725E1);
#803=CARTESIAN_POINT('',(-8.625E0,1.520271175638E1,2.433925103310E1));
#804=LINE('',#803,#802);
#805=DIRECTION('',(0.E0,1.E0,0.E0));
#806=VECTOR('',#805,2.027117563769E-1);
#807=CARTESIAN_POINT('',(8.625E0,1.5E1,2.433925103310E1));
#808=LINE('',#807,#806);
#809=DIRECTION('',(1.E0,0.E0,0.E0));
#810=VECTOR('',#809,1.004666377719E0);
#811=CARTESIAN_POINT('',(1.5125E1,1.520271175638E1,2.433925103310E1));
#812=LINE('',#811,#810);
#813=DIRECTION('',(0.E0,-1.E0,0.E0));
#814=VECTOR('',#813,7.657959487894E0);
#815=CARTESIAN_POINT('',(1.612966637772E1,2.286067124427E1,2.433925103310E1));
#816=LINE('',#815,#814);
#817=DIRECTION('',(1.E0,0.E0,0.E0));
#818=VECTOR('',#817,1.004666377719E0);
#819=CARTESIAN_POINT('',(1.5125E1,2.286067124427E1,2.433925103310E1));
#820=LINE('',#819,#818);
#821=DIRECTION('',(0.E0,1.E0,0.E0));
#822=VECTOR('',#821,4.139328755729E0);
#823=CARTESIAN_POINT('',(8.625E0,2.286067124427E1,2.433925103310E1));
#824=LINE('',#823,#822);
#825=DIRECTION('',(1.E0,0.E0,0.E0));
#826=VECTOR('',#825,1.725E1);
#827=CARTESIAN_POINT('',(-8.625E0,2.286067124427E1,2.433925103310E1));
#828=LINE('',#827,#826);
#829=DIRECTION('',(0.E0,1.E0,0.E0));
#830=VECTOR('',#829,4.139328755729E0);
#831=CARTESIAN_POINT('',(-1.5125E1,2.286067124427E1,2.433925103310E1));
#832=LINE('',#831,#830);
#833=DIRECTION('',(1.E0,0.E0,0.E0));
#834=VECTOR('',#833,2.375E0);
#835=CARTESIAN_POINT('',(-1.75E1,2.286067124427E1,2.433925103310E1));
#836=LINE('',#835,#834);
#837=DIRECTION('',(0.E0,-1.E0,0.E0));
#838=VECTOR('',#837,2.027117563769E-1);
#839=CARTESIAN_POINT('',(-1.65E1,1.520271175638E1,2.433925103310E1));
#840=LINE('',#839,#838);
#841=DIRECTION('',(1.E0,0.E0,0.E0));
#842=VECTOR('',#841,1.375E0);
#843=CARTESIAN_POINT('',(-1.65E1,1.520271175638E1,2.433925103310E1));
#844=LINE('',#843,#842);
#845=DIRECTION('',(0.E0,1.E0,0.E0));
#846=VECTOR('',#845,2.027117563769E-1);
#847=CARTESIAN_POINT('',(-1.5125E1,1.5E1,2.433925103310E1));
#848=LINE('',#847,#846);
#849=DIRECTION('',(0.E0,1.E0,0.E0));
#850=VECTOR('',#849,4.139328755729E0);
#851=CARTESIAN_POINT('',(1.5125E1,2.286067124427E1,2.433925103310E1));
#852=LINE('',#851,#850);
#853=DIRECTION('',(0.E0,1.E0,0.E0));
#854=VECTOR('',#853,2.027117563769E-1);
#855=CARTESIAN_POINT('',(1.5125E1,1.5E1,2.433925103310E1));
#856=LINE('',#855,#854);
#857=DIRECTION('',(0.E0,-1.E0,0.E0));
#858=VECTOR('',#857,5.891267589274E0);
#859=CARTESIAN_POINT('',(1.612966637772E1,5.502496255037E1,2.098614884068E1));
#860=LINE('',#859,#858);
#861=DIRECTION('',(0.E0,-6.034481535145E-2,-9.981775910429E-1));
#862=VECTOR('',#861,3.359224072462E0);
#863=CARTESIAN_POINT('',(1.612966637772E1,1.520271175638E1,2.433925103310E1));
#864=LINE('',#863,#862);
#865=DIRECTION('',(0.E0,-1.E0,0.E0));
#866=VECTOR('',#865,1.536630503891E1);
#867=CARTESIAN_POINT('',(1.612966637772E1,3.036630503891E1,2.098614884068E1));
#868=LINE('',#867,#866);
#869=DIRECTION('',(1.E0,0.E0,0.E0));
#870=VECTOR('',#869,9.E0);
#871=CARTESIAN_POINT('',(-2.65E1,2.447503744963E1,2.098614884068E1));
#872=LINE('',#871,#870);
#873=DIRECTION('',(0.E0,1.E0,0.E0));
#874=VECTOR('',#873,9.475037449634E0);
#875=CARTESIAN_POINT('',(-1.75E1,1.5E1,2.098614884068E1));
#876=LINE('',#875,#874);
#877=DIRECTION('',(1.E0,0.E0,0.E0));
#878=VECTOR('',#877,1.037033362228E1);
#879=CARTESIAN_POINT('',(1.612966637772E1,1.5E1,2.098614884068E1));
#880=LINE('',#879,#878);
#881=DIRECTION('',(-1.E0,0.E0,0.E0));
#882=VECTOR('',#881,4.262966637772E1);
#883=CARTESIAN_POINT('',(1.612966637772E1,5.502496255037E1,2.098614884068E1));
#884=LINE('',#883,#882);
#885=DIRECTION('',(-1.E0,0.E0,0.E0));
#886=VECTOR('',#885,4.262966637772E1);
#887=CARTESIAN_POINT('',(1.612966637772E1,4.913369496109E1,2.098614884068E1));
#888=LINE('',#887,#886);
#889=DIRECTION('',(1.E0,0.E0,0.E0));
#890=VECTOR('',#889,4.262966637772E1);
#891=CARTESIAN_POINT('',(-2.65E1,3.036630503891E1,2.098614884068E1));
#892=LINE('',#891,#890);
#893=CARTESIAN_POINT('',(-2.65E1,5.207932875573E1,1.828E1));
#894=DIRECTION('',(-1.E0,0.E0,0.E0));
#895=DIRECTION('',(0.E0,-7.364084486592E-1,6.765372101691E-1));
#896=AXIS2_PLACEMENT_3D('',#893,#894,#895);
#898=DIRECTION('',(0.E0,-1.E0,0.E0));
#899=VECTOR('',#898,9.475037449634E0);
#900=CARTESIAN_POINT('',(-2.65E1,6.45E1,2.098614884068E1));
#901=LINE('',#900,#899);
#902=DIRECTION('',(0.E0,0.E0,-1.E0));
#903=VECTOR('',#902,1.252220289815E1);
#904=CARTESIAN_POINT('',(-2.65E1,6.45E1,3.350835173882E1));
#905=LINE('',#904,#903);
#906=DIRECTION('',(0.E0,1.E0,0.E0));
#907=VECTOR('',#906,7.570296392774E-1);
#908=CARTESIAN_POINT('',(-2.65E1,6.374297036072E1,3.350835173882E1));
#909=LINE('',#908,#907);
#910=CARTESIAN_POINT('',(-2.65E1,3.975E1,9.391809742004E1));
#911=DIRECTION('',(-1.E0,0.E0,0.E0));
#912=DIRECTION('',(0.E0,3.691226209342E-1,-9.293807027880E-1));
#913=AXIS2_PLACEMENT_3D('',#910,#911,#912);
#915=DIRECTION('',(0.E0,1.E0,0.E0));
#916=VECTOR('',#915,7.570296392774E-1);
#917=CARTESIAN_POINT('',(-2.65E1,1.5E1,3.350835173882E1));
#918=LINE('',#917,#916);
#919=DIRECTION('',(0.E0,0.E0,-1.E0));
#920=VECTOR('',#919,1.252220289815E1);
#921=CARTESIAN_POINT('',(-2.65E1,1.5E1,3.350835173882E1));
#922=LINE('',#921,#920);
#923=DIRECTION('',(0.E0,-1.E0,0.E0));
#924=VECTOR('',#923,9.475037449634E0);
#925=CARTESIAN_POINT('',(-2.65E1,2.447503744963E1,2.098614884068E1));
#926=LINE('',#925,#924);
#927=CARTESIAN_POINT('',(-2.65E1,2.742067124427E1,1.828E1));
#928=DIRECTION('',(1.E0,0.E0,0.E0));
#929=DIRECTION('',(0.E0,7.364084486592E-1,6.765372101691E-1));
#930=AXIS2_PLACEMENT_3D('',#927,#928,#929);
#932=DIRECTION('',(0.E0,-1.E0,0.E0));
#933=VECTOR('',#932,1.876738992218E1);
#934=CARTESIAN_POINT('',(-2.65E1,4.913369496109E1,2.098614884068E1));
#935=LINE('',#934,#933);
#936=DIRECTION('',(0.E0,0.E0,1.E0));
#937=VECTOR('',#936,3.000835173882E1);
#938=CARTESIAN_POINT('',(-2.65E1,7.9E1,-1.15E1));
#939=LINE('',#938,#937);
#940=DIRECTION('',(0.E0,-1.E0,0.E0));
#941=VECTOR('',#940,1.45E1);
#942=CARTESIAN_POINT('',(-2.65E1,7.9E1,1.850835173882E1));
#943=LINE('',#942,#941);
#944=DIRECTION('',(0.E0,0.E0,-1.E0));
#945=VECTOR('',#944,3.000835173882E1);
#946=CARTESIAN_POINT('',(-2.65E1,6.45E1,1.850835173882E1));
#947=LINE('',#946,#945);
#948=DIRECTION('',(0.E0,-1.E0,0.E0));
#949=VECTOR('',#948,1.45E1);
#950=CARTESIAN_POINT('',(-2.65E1,7.9E1,-1.15E1));
#951=LINE('',#950,#949);
#952=DIRECTION('',(0.E0,0.E0,-1.E0));
#953=VECTOR('',#952,6.5E0);
#954=CARTESIAN_POINT('',(-2.65E1,8.E0,3.25E0));
#955=LINE('',#954,#953);
#956=DIRECTION('',(0.E0,1.E0,0.E0));
#957=VECTOR('',#956,7.E0);
#958=CARTESIAN_POINT('',(-2.65E1,8.E0,3.25E0));
#959=LINE('',#958,#957);
#960=DIRECTION('',(0.E0,0.E0,1.E0));
#961=VECTOR('',#960,1.525835173882E1);
#962=CARTESIAN_POINT('',(-2.65E1,1.5E1,3.25E0));
#963=LINE('',#962,#961);
#964=DIRECTION('',(0.E0,1.E0,0.E0));
#965=VECTOR('',#964,1.45E1);
#966=CARTESIAN_POINT('',(-2.65E1,5.E-1,1.850835173882E1));
#967=LINE('',#966,#965);
#968=DIRECTION('',(0.E0,0.E0,-1.E0));
#969=VECTOR('',#968,3.000835173882E1);
#970=CARTESIAN_POINT('',(-2.65E1,5.E-1,1.850835173882E1));
#971=LINE('',#970,#969);
#972=DIRECTION('',(0.E0,1.E0,0.E0));
#973=VECTOR('',#972,1.45E1);
#974=CARTESIAN_POINT('',(-2.65E1,5.E-1,-1.15E1));
#975=LINE('',#974,#973);
#976=DIRECTION('',(0.E0,0.E0,1.E0));
#977=VECTOR('',#976,8.25E0);
#978=CARTESIAN_POINT('',(-2.65E1,1.5E1,-1.15E1));
#979=LINE('',#978,#977);
#980=DIRECTION('',(0.E0,1.E0,0.E0));
#981=VECTOR('',#980,7.E0);
#982=CARTESIAN_POINT('',(-2.65E1,8.E0,-3.25E0));
#983=LINE('',#982,#981);
#984=CARTESIAN_POINT('',(1.612966637772E1,5.207932875573E1,1.828E1));
#985=DIRECTION('',(-1.E0,0.E0,0.E0));
#986=DIRECTION('',(0.E0,-7.364084486592E-1,6.765372101691E-1));
#987=AXIS2_PLACEMENT_3D('',#984,#985,#986);
#989=CARTESIAN_POINT('',(0.E0,6.45E1,0.E0));
#990=DIRECTION('',(0.E0,-1.E0,0.E0));
#991=DIRECTION('',(1.E0,0.E0,0.E0));
#992=AXIS2_PLACEMENT_3D('',#989,#990,#991);
#994=CARTESIAN_POINT('',(0.E0,6.45E1,0.E0));
#995=DIRECTION('',(0.E0,-1.E0,0.E0));
#996=DIRECTION('',(-1.E0,0.E0,0.E0));
#997=AXIS2_PLACEMENT_3D('',#994,#995,#996);
#999=DIRECTION('',(-1.E0,0.E0,0.E0));
#1000=VECTOR('',#999,2.E0);
#1001=CARTESIAN_POINT('',(-2.65E1,6.45E1,1.850835173882E1));
#1002=LINE('',#1001,#1000);
#1003=DIRECTION('',(1.E0,0.E0,0.E0));
#1004=VECTOR('',#1003,5.3E1);
#1005=CARTESIAN_POINT('',(-2.65E1,6.45E1,2.098614884068E1));
#1006=LINE('',#1005,#1004);
#1007=CARTESIAN_POINT('',(6.5E0,6.45E1,-6.5E0));
#1008=DIRECTION('',(0.E0,-1.E0,0.E0));
#1009=DIRECTION('',(0.E0,0.E0,-1.E0));
#1010=AXIS2_PLACEMENT_3D('',#1007,#1008,#1009);
#1012=CARTESIAN_POINT('',(0.E0,7.4E1,0.E0));
#1013=DIRECTION('',(0.E0,1.E0,0.E0));
#1014=DIRECTION('',(-1.E0,0.E0,0.E0));
#1015=AXIS2_PLACEMENT_3D('',#1012,#1013,#1014);
#1017=DIRECTION('',(0.E0,-1.E0,0.E0));
#1018=VECTOR('',#1017,9.5E0);
#1019=CARTESIAN_POINT('',(1.875E1,7.4E1,0.E0));
#1020=LINE('',#1019,#1018);
#1021=CARTESIAN_POINT('',(0.E0,7.55E1,0.E0));
#1022=DIRECTION('',(0.E0,1.E0,0.E0));
#1023=DIRECTION('',(-1.E0,0.E0,0.E0));
#1024=AXIS2_PLACEMENT_3D('',#1021,#1022,#1023);
#1026=CARTESIAN_POINT('',(2.025132113816E1,7.55E1,0.E0));
#1027=CARTESIAN_POINT('',(2.025132113816E1,7.55E1,8.478618163291E-2));
#1028=CARTESIAN_POINT('',(2.025220067843E1,7.549905085167E1,2.543293882679E-1));
#1029=CARTESIAN_POINT('',(2.025616957617E1,7.550332201916E1,5.086765367887E-1));
#1030=CARTESIAN_POINT('',(2.024470630859E1,7.549288138750E1,6.780232445928E-1));
#1031=CARTESIAN_POINT('',(2.024470630859E1,7.549288138750E1,7.626620521026E-1));
#1033=CARTESIAN_POINT('',(1.873448282164E1,7.7E1,7.626620521026E-1));
#1034=CARTESIAN_POINT('',(1.889471355476E1,7.7E1,7.626620521026E-1));
#1035=CARTESIAN_POINT('',(1.919914063045E1,7.695170303551E1,7.626620521026E-1));
#1036=CARTESIAN_POINT('',(1.962880211660E1,7.673579881925E1,7.626620521026E-1));
#1037=CARTESIAN_POINT('',(1.996817836257E1,7.639973734731E1,7.626620521026E-1));
#1038=CARTESIAN_POINT('',(2.018025553454E1,7.597170568298E1,7.626620521026E-1));
#1039=CARTESIAN_POINT('',(2.024470630859E1,7.566763942022E1,7.626620521026E-1));
#1040=CARTESIAN_POINT('',(2.024470630859E1,7.549288138750E1,7.626620521026E-1));
#1042=CARTESIAN_POINT('',(1.432015790003E1,7.549443290715E1,1.432015790003E1));
#1043=CARTESIAN_POINT('',(1.432015790003E1,7.566466680821E1,1.432015790003E1));
#1044=CARTESIAN_POINT('',(1.428326407819E1,7.596707066716E1,1.428326407819E1));
#1045=CARTESIAN_POINT('',(1.413101490845E1,7.639645903089E1,1.413101490845E1));
#1046=CARTESIAN_POINT('',(1.389298905302E1,7.673278343489E1,1.389298905302E1));
#1047=CARTESIAN_POINT('',(1.359070670482E1,7.694993825159E1,1.359070670482E1));
#1048=CARTESIAN_POINT('',(1.337322819395E1,7.7E1,1.337322819395E1));
#1049=CARTESIAN_POINT('',(1.325825214725E1,7.7E1,1.325825214725E1));
#1051=CARTESIAN_POINT('',(0.E0,7.55E1,0.E0));
#1052=DIRECTION('',(0.E0,1.E0,0.E0));
#1053=DIRECTION('',(0.E0,0.E0,1.E0));
#1054=AXIS2_PLACEMENT_3D('',#1051,#1052,#1053);
#1056=CARTESIAN_POINT('',(0.E0,7.55E1,0.E0));
#1057=DIRECTION('',(0.E0,1.E0,0.E0));
#1058=DIRECTION('',(-5.970102512824E-2,0.E0,9.982163030118E-1));
#1059=AXIS2_PLACEMENT_3D('',#1056,#1057,#1058);
#1061=CARTESIAN_POINT('',(-1.208945758847E0,7.7E1,1.871098474566E1));
#1062=CARTESIAN_POINT('',(-1.208945758847E0,7.7E1,1.887148869997E1));
#1063=CARTESIAN_POINT('',(-1.208945758847E0,7.695161913864E1,1.917630891656E1));
#1064=CARTESIAN_POINT('',(-1.208945758847E0,7.673579969663E1,1.960685676859E1));
#1065=CARTESIAN_POINT('',(-1.208945758847E0,7.639908372346E1,1.994514834953E1));
#1066=CARTESIAN_POINT('',(-1.208945758847E0,7.597323453488E1,2.016270548256E1));
#1067=CARTESIAN_POINT('',(-1.208945758847E0,7.566388455969E1,2.021388013599E1));
#1068=CARTESIAN_POINT('',(-1.208945758847E0,7.55E1,2.021388013599E1));
#1070=CARTESIAN_POINT('',(-1.432015790003E1,7.549443290715E1,1.432015790003E1));
#1071=CARTESIAN_POINT('',(-1.432015790003E1,7.566466680821E1,1.432015790003E1));
#1072=CARTESIAN_POINT('',(-1.428326407819E1,7.596707066716E1,1.428326407819E1));
#1073=CARTESIAN_POINT('',(-1.413101490845E1,7.639645903089E1,1.413101490845E1));
#1074=CARTESIAN_POINT('',(-1.389298905302E1,7.673278343489E1,1.389298905302E1));
#1075=CARTESIAN_POINT('',(-1.359070670482E1,7.694993825159E1,1.359070670482E1));
#1076=CARTESIAN_POINT('',(-1.337322819395E1,7.7E1,1.337322819395E1));
#1077=CARTESIAN_POINT('',(-1.325825214725E1,7.7E1,1.325825214725E1));
#1079=CARTESIAN_POINT('',(0.E0,7.9E1,0.E0));
#1080=DIRECTION('',(0.E0,-1.E0,0.E0));
#1081=DIRECTION('',(-7.071067811865E-1,0.E0,7.071067811865E-1));
#1082=AXIS2_PLACEMENT_3D('',#1079,#1080,#1081);
#1084=DIRECTION('',(3.774677518716E-4,-9.999999287590E-1,2.742985674720E-10));
#1085=VECTOR('',#1084,3.500000249343E0);
#1086=CARTESIAN_POINT('',(-2.025264227538E1,7.9E1,-9.600440625824E-10));
#1087=LINE('',#1086,#1085);
#1088=CARTESIAN_POINT('',(-1.467433407848E1,7.9E1,1.467433407848E1));
#1089=DIRECTION('',(7.071067811865E-1,0.E0,7.071067811865E-1));
#1090=DIRECTION('',(7.071067811865E-1,0.E0,-7.071067811865E-1));
#1091=AXIS2_PLACEMENT_3D('',#1088,#1089,#1090);
#1093=DIRECTION('',(-1.E0,0.E0,1.914260977747E-11));
#1094=VECTOR('',#1093,1.208945758845E0);
#1095=CARTESIAN_POINT('',(-1.534472167438E-12,7.95E1,2.075264227630E1));
#1096=LINE('',#1095,#1094);
#1097=CARTESIAN_POINT('',(0.E0,7.95E1,0.E0));
#1098=DIRECTION('',(0.E0,-1.E0,0.E0));
#1099=DIRECTION('',(7.071067811865E-1,0.E0,7.071067811865E-1));
#1100=AXIS2_PLACEMENT_3D('',#1097,#1098,#1099);
#1102=CARTESIAN_POINT('',(0.E0,7.95E1,0.E0));
#1103=DIRECTION('',(0.E0,-1.E0,0.E0));
#1104=DIRECTION('',(9.991724171541E-1,0.E0,4.067530944547E-2));
#1105=AXIS2_PLACEMENT_3D('',#1102,#1103,#1104);
#1107=DIRECTION('',(3.034886756673E-11,0.E0,1.E0));
#1108=VECTOR('',#1107,7.626620521011E-1);
#1109=CARTESIAN_POINT('',(2.075264227630E1,7.95E1,1.538418863441E-12));
#1110=LINE('',#1109,#1108);
#1111=CARTESIAN_POINT('',(1.467433407848E1,7.95E1,-1.467433407848E1));
#1112=CARTESIAN_POINT('',(1.536707814185E1,7.95E1,-1.399326000338E1));
#1113=CARTESIAN_POINT('',(1.665655808239E1,7.95E1,-1.250399881384E1));
#1114=CARTESIAN_POINT('',(1.840379806545E1,7.95E1,-9.769015136316E0));
#1115=CARTESIAN_POINT('',(1.966092422823E1,7.95E1,-6.892197891138E0));
#1116=CARTESIAN_POINT('',(2.052580753606E1,7.95E1,-3.658733914533E0));
#1117=CARTESIAN_POINT('',(2.075264227630E1,7.95E1,-1.259949814542E0));
#1118=CARTESIAN_POINT('',(2.075264227630E1,7.95E1,1.538418863441E-12));
#1120=CARTESIAN_POINT('',(0.E0,7.95E1,0.E0));
#1121=DIRECTION('',(0.E0,-1.E0,0.E0));
#1122=DIRECTION('',(4.732347532581E-2,0.E0,-9.988796167122E-1));
#1123=AXIS2_PLACEMENT_3D('',#1120,#1121,#1122);
#1125=DIRECTION('',(1.E0,0.E0,-2.612138845787E-11));
#1126=VECTOR('',#1125,8.873151623574E-1);
#1127=CARTESIAN_POINT('',(1.549555282830E-12,7.95E1,-2.075264227629E1));
#1128=LINE('',#1127,#1126);
#1129=CARTESIAN_POINT('',(0.E0,7.95E1,0.E0));
#1130=DIRECTION('',(0.E0,-1.E0,0.E0));
#1131=DIRECTION('',(-7.071067811865E-1,0.E0,-7.071067811865E-1));
#1132=AXIS2_PLACEMENT_3D('',#1129,#1130,#1131);
#1134=CARTESIAN_POINT('',(0.E0,7.95E1,0.E0));
#1135=DIRECTION('',(0.E0,-1.E0,0.E0));
#1136=DIRECTION('',(-9.979191864350E-1,0.E0,-6.447710713850E-2));
#1137=AXIS2_PLACEMENT_3D('',#1134,#1135,#1136);
#1139=DIRECTION('',(-1.917787402637E-11,0.E0,-1.E0));
#1140=VECTOR('',#1139,1.208945758845E0);
#1141=CARTESIAN_POINT('',(-2.075264227629E1,7.95E1,-1.541778559931E-12));
#1142=LINE('',#1141,#1140);
#1143=CARTESIAN_POINT('',(0.E0,7.95E1,0.E0));
#1144=DIRECTION('',(0.E0,-1.E0,0.E0));
#1145=DIRECTION('',(-7.071067811865E-1,0.E0,7.071067811865E-1));
#1146=AXIS2_PLACEMENT_3D('',#1143,#1144,#1145);
#1148=CARTESIAN_POINT('',(0.E0,7.95E1,0.E0));
#1149=DIRECTION('',(0.E0,-1.E0,0.E0));
#1150=DIRECTION('',(-6.447710713850E-2,0.E0,9.979191864350E-1));
#1151=AXIS2_PLACEMENT_3D('',#1148,#1149,#1150);
#1153=DIRECTION('',(1.E0,0.E0,0.E0));
#1154=VECTOR('',#1153,4.100000000083E1);
#1155=CARTESIAN_POINT('',(-1.550000000039E1,7.949999999989E1,2.797162291281E1));
#1156=LINE('',#1155,#1154);
#1157=DIRECTION('',(0.E0,0.E0,-1.E0));
#1158=VECTOR('',#1157,3.866310852041E0);
#1159=CARTESIAN_POINT('',(-1.65E1,7.95E1,3.300835173882E1));
#1160=LINE('',#1159,#1158);
#1161=DIRECTION('',(-1.E0,0.E0,0.E0));
#1162=VECTOR('',#1161,1.2E1);
#1163=CARTESIAN_POINT('',(-1.65E1,7.95E1,3.300835173882E1));
#1164=LINE('',#1163,#1162);
#1165=DIRECTION('',(0.E0,0.E0,1.E0));
#1166=VECTOR('',#1165,3.000835173882E1);
#1167=CARTESIAN_POINT('',(-2.6E1,7.95E1,-1.15E1));
#1168=LINE('',#1167,#1166);
#1169=DIRECTION('',(1.E0,0.E0,0.E0));
#1170=VECTOR('',#1169,3.5E1);
#1171=CARTESIAN_POINT('',(-2.85E1,7.95E1,-2.6E1));
#1172=LINE('',#1171,#1170);
#1173=CARTESIAN_POINT('',(6.5E0,7.95E1,-6.5E0));
#1174=DIRECTION('',(0.E0,-1.E0,0.E0));
#1175=DIRECTION('',(0.E0,0.E0,-1.E0));
#1176=AXIS2_PLACEMENT_3D('',#1173,#1174,#1175);
#1178=CARTESIAN_POINT('',(0.E0,7.9E1,2.075264227632E1));
#1179=DIRECTION('',(-1.E0,0.E0,0.E0));
#1180=DIRECTION('',(0.E0,1.E0,0.E0));
#1181=AXIS2_PLACEMENT_3D('',#1178,#1179,#1180);
#1183=CARTESIAN_POINT('',(-1.208945758847E0,7.9E1,2.075264227632E1));
#1184=DIRECTION('',(-1.E0,0.E0,0.E0));
#1185=DIRECTION('',(0.E0,1.E0,0.E0));
#1186=AXIS2_PLACEMENT_3D('',#1183,#1184,#1185);
#1188=DIRECTION('',(-1.E0,0.E0,7.720695886364E-10));
#1189=VECTOR('',#1188,1.208945757888E0);
#1190=CARTESIAN_POINT('',(-9.584700782945E-10,7.9E1,2.025264227538E1));
#1191=LINE('',#1190,#1189);
#1192=DIRECTION('',(0.E0,-1.E0,0.E0));
#1193=VECTOR('',#1192,3.5E0);
#1194=CARTESIAN_POINT('',(-1.208945758847E0,7.9E1,2.025264227632E1));
#1195=LINE('',#1194,#1193);
#1196=DIRECTION('',(0.E0,0.E0,-1.E0));
#1197=VECTOR('',#1196,2.041657530662E0);
#1198=CARTESIAN_POINT('',(-1.208945758847E0,7.95E1,2.075264227632E1));
#1199=LINE('',#1198,#1197);
#1200=DIRECTION('',(0.E0,1.E0,0.E0));
#1201=VECTOR('',#1200,2.5E0);
#1202=CARTESIAN_POINT('',(1.325825214725E1,7.7E1,1.325825214725E1));
#1203=LINE('',#1202,#1201);
#1204=CARTESIAN_POINT('',(0.E0,7.7E1,0.E0));
#1205=DIRECTION('',(0.E0,1.E0,0.E0));
#1206=DIRECTION('',(7.071067811865E-1,0.E0,7.071067811865E-1));
#1207=AXIS2_PLACEMENT_3D('',#1204,#1205,#1206);
#1209=DIRECTION('',(0.E0,1.E0,0.E0));
#1210=VECTOR('',#1209,2.5E0);
#1211=CARTESIAN_POINT('',(1.873448282164E1,7.7E1,7.626620521026E-1));
#1212=LINE('',#1211,#1210);
#1213=DIRECTION('',(0.E0,1.E0,0.E0));
#1214=VECTOR('',#1213,2.5E0);
#1215=CARTESIAN_POINT('',(-1.325825214725E1,7.7E1,1.325825214725E1));
#1216=LINE('',#1215,#1214);
#1217=CARTESIAN_POINT('',(0.E0,7.7E1,0.E0));
#1218=DIRECTION('',(0.E0,1.E0,0.E0));
#1219=DIRECTION('',(-7.071067811865E-1,0.E0,7.071067811865E-1));
#1220=AXIS2_PLACEMENT_3D('',#1217,#1218,#1219);
#1222=DIRECTION('',(0.E0,1.E0,0.E0));
#1223=VECTOR('',#1222,2.5E0);
#1224=CARTESIAN_POINT('',(-1.208945758847E0,7.7E1,1.871098474566E1));
#1225=LINE('',#1224,#1223);
#1226=DIRECTION('',(0.E0,1.E0,0.E0));
#1227=VECTOR('',#1226,2.5E0);
#1228=CARTESIAN_POINT('',(-1.325825214725E1,7.7E1,-1.325825214725E1));
#1229=LINE('',#1228,#1227);
#1230=CARTESIAN_POINT('',(0.E0,7.7E1,0.E0));
#1231=DIRECTION('',(0.E0,1.E0,0.E0));
#1232=DIRECTION('',(-7.071067811865E-1,0.E0,-7.071067811865E-1));
#1233=AXIS2_PLACEMENT_3D('',#1230,#1231,#1232);
#1235=DIRECTION('',(0.E0,1.E0,0.E0));
#1236=VECTOR('',#1235,2.5E0);
#1237=CARTESIAN_POINT('',(-1.871098474566E1,7.7E1,-1.208945758847E0));
#1238=LINE('',#1237,#1236);
#1239=DIRECTION('',(0.E0,1.E0,0.E0));
#1240=VECTOR('',#1239,2.5E0);
#1241=CARTESIAN_POINT('',(1.325825214725E1,7.7E1,-1.325825214725E1));
#1242=LINE('',#1241,#1240);
#1243=CARTESIAN_POINT('',(0.E0,7.7E1,0.E0));
#1244=DIRECTION('',(0.E0,1.E0,0.E0));
#1245=DIRECTION('',(7.071067811865E-1,0.E0,-7.071067811865E-1));
#1246=AXIS2_PLACEMENT_3D('',#1243,#1244,#1245);
#1248=DIRECTION('',(0.E0,1.E0,0.E0));
#1249=VECTOR('',#1248,2.5E0);
#1250=CARTESIAN_POINT('',(8.873151623589E-1,7.7E1,-1.872899281335E1));
#1251=LINE('',#1250,#1249);
#1252=CARTESIAN_POINT('',(0.E0,7.4E1,0.E0));
#1253=DIRECTION('',(0.E0,1.E0,0.E0));
#1254=DIRECTION('',(1.E0,0.E0,0.E0));
#1255=AXIS2_PLACEMENT_3D('',#1252,#1253,#1254);
#1257=DIRECTION('',(0.E0,-1.E0,0.E0));
#1258=VECTOR('',#1257,9.5E0);
#1259=CARTESIAN_POINT('',(-1.875E1,7.4E1,0.E0));
#1260=LINE('',#1259,#1258);
#1261=DIRECTION('',(7.071067811865E-1,0.E0,7.071067811866E-1));
#1262=VECTOR('',#1261,2.002642272585E0);
#1263=CARTESIAN_POINT('',(1.325825214725E1,7.95E1,1.325825214725E1));
#1264=LINE('',#1263,#1262);
#1265=DIRECTION('',(-1.776573046888E-4,-9.999999684379E-1,-1.776573046837E-4));
#1266=VECTOR('',#1265,3.505567203491E0);
#1267=CARTESIAN_POINT('',(1.432078068965E1,7.9E1,1.432078068965E1));
#1268=LINE('',#1267,#1266);
#1269=CARTESIAN_POINT('',(1.467433407848E1,7.9E1,1.467433407848E1));
#1270=DIRECTION('',(7.071067811865E-1,0.E0,-7.071067811865E-1));
#1271=DIRECTION('',(-7.071067811865E-1,-2.842170943040E-14,-7.071067811865E-1));
#1272=AXIS2_PLACEMENT_3D('',#1269,#1270,#1271);
#1274=CARTESIAN_POINT('',(0.E0,7.9E1,0.E0));
#1275=DIRECTION('',(0.E0,-1.E0,0.E0));
#1276=DIRECTION('',(7.071067811865E-1,0.E0,7.071067811865E-1));
#1277=AXIS2_PLACEMENT_3D('',#1274,#1275,#1276);
#1279=DIRECTION('',(2.738494251169E-10,-9.999999599270E-1,-2.831007560590E-4));
#1280=VECTOR('',#1279,3.500000140256E0);
#1281=CARTESIAN_POINT('',(-9.584700782945E-10,7.9E1,2.025264227538E1));
#1282=LINE('',#1281,#1280);
#1283=DIRECTION('',(-1.E0,0.E0,0.E0));
#1284=VECTOR('',#1283,2.018159454679E0);
#1285=CARTESIAN_POINT('',(2.075264227632E1,7.95E1,7.626620521026E-1));
#1286=LINE('',#1285,#1284);
#1287=DIRECTION('',(1.223867580672E-9,0.E0,1.E0));
#1288=VECTOR('',#1287,7.626620511441E-1);
#1289=CARTESIAN_POINT('',(2.025264227538E1,7.9E1,9.584805370398E-10));
#1290=LINE('',#1289,#1288);
#1291=DIRECTION('',(-2.262811238146E-3,-9.999974398394E-1,0.E0));
#1292=VECTOR('',#1291,3.507127591305E0);
#1293=CARTESIAN_POINT('',(2.025264227632E1,7.9E1,7.626620521026E-1));
#1294=LINE('',#1293,#1292);
#1295=CARTESIAN_POINT('',(2.075264227632E1,7.9E1,0.E0));
#1296=DIRECTION('',(0.E0,0.E0,1.E0));
#1297=DIRECTION('',(0.E0,1.E0,0.E0));
#1298=AXIS2_PLACEMENT_3D('',#1295,#1296,#1297);
#1300=CARTESIAN_POINT('',(2.075264227632E1,7.9E1,7.626620521026E-1));
#1301=DIRECTION('',(0.E0,0.E0,1.E0));
#1302=DIRECTION('',(0.E0,1.E0,0.E0));
#1303=AXIS2_PLACEMENT_3D('',#1300,#1301,#1302);
#1305=CARTESIAN_POINT('',(1.467433407848E1,7.9E1,-1.467433407848E1));
#1306=DIRECTION('',(-7.071067811865E-1,0.E0,-7.071067811865E-1));
#1307=DIRECTION('',(-7.071067811865E-1,0.E0,7.071067811865E-1));
#1308=AXIS2_PLACEMENT_3D('',#1305,#1306,#1307);
#1310=CARTESIAN_POINT('',(0.E0,7.9E1,0.E0));
#1311=DIRECTION('',(0.E0,-1.E0,0.E0));
#1312=DIRECTION('',(7.071067811865E-1,0.E0,-7.071067811865E-1));
#1313=AXIS2_PLACEMENT_3D('',#1310,#1311,#1312);
#1315=DIRECTION('',(-3.774677518767E-4,-9.999999287590E-1,-2.738510752992E-10));
#1316=VECTOR('',#1315,3.500000249343E0);
#1317=CARTESIAN_POINT('',(2.025264227538E1,7.9E1,9.584805370398E-10));
#1318=LINE('',#1317,#1316);
#1319=CARTESIAN_POINT('',(0.E0,7.55E1,0.E0));
#1320=DIRECTION('',(0.E0,1.E0,0.E0));
#1321=DIRECTION('',(1.E0,0.E0,0.E0));
#1322=AXIS2_PLACEMENT_3D('',#1319,#1320,#1321);
#1324=CARTESIAN_POINT('',(1.875E1,7.55E1,0.E0));
#1325=DIRECTION('',(0.E0,0.E0,-1.E0));
#1326=DIRECTION('',(1.E0,0.E0,0.E0));
#1327=AXIS2_PLACEMENT_3D('',#1324,#1325,#1326);
#1329=CARTESIAN_POINT('',(-1.875E1,7.55E1,0.E0));
#1330=DIRECTION('',(0.E0,0.E0,1.E0));
#1331=DIRECTION('',(-1.E0,0.E0,0.E0));
#1332=AXIS2_PLACEMENT_3D('',#1329,#1330,#1331);
#1334=CARTESIAN_POINT('',(0.E0,7.55E1,0.E0));
#1335=DIRECTION('',(0.E0,1.E0,0.E0));
#1336=DIRECTION('',(-9.982163030118E-1,0.E0,-5.970102512824E-2));
#1337=AXIS2_PLACEMENT_3D('',#1334,#1335,#1336);
#1339=CARTESIAN_POINT('',(-1.871098474566E1,7.7E1,-1.208945758847E0));
#1340=CARTESIAN_POINT('',(-1.887148869997E1,7.7E1,-1.208945758847E0));
#1341=CARTESIAN_POINT('',(-1.917630891656E1,7.695161913864E1,
-1.208945758847E0));
#1342=CARTESIAN_POINT('',(-1.960685676859E1,7.673579969663E1,
-1.208945758847E0));
#1343=CARTESIAN_POINT('',(-1.994514834953E1,7.639908372346E1,
-1.208945758847E0));
#1344=CARTESIAN_POINT('',(-2.016270548256E1,7.597323453488E1,
-1.208945758847E0));
#1345=CARTESIAN_POINT('',(-2.021388013599E1,7.566388455969E1,
-1.208945758847E0));
#1346=CARTESIAN_POINT('',(-2.021388013599E1,7.55E1,-1.208945758847E0));
#1348=CARTESIAN_POINT('',(-1.432015790003E1,7.549443290715E1,
-1.432015790003E1));
#1349=CARTESIAN_POINT('',(-1.432015790003E1,7.566466680821E1,
-1.432015790003E1));
#1350=CARTESIAN_POINT('',(-1.428326407819E1,7.596707066716E1,
-1.428326407819E1));
#1351=CARTESIAN_POINT('',(-1.413101490845E1,7.639645903089E1,
-1.413101490845E1));
#1352=CARTESIAN_POINT('',(-1.389298905302E1,7.673278343489E1,
-1.389298905302E1));
#1353=CARTESIAN_POINT('',(-1.359070670482E1,7.694993825159E1,
-1.359070670482E1));
#1354=CARTESIAN_POINT('',(-1.337322819395E1,7.7E1,-1.337322819395E1));
#1355=CARTESIAN_POINT('',(-1.325825214725E1,7.7E1,-1.325825214725E1));
#1357=CARTESIAN_POINT('',(0.E0,7.55E1,0.E0));
#1358=DIRECTION('',(0.E0,1.E0,0.E0));
#1359=DIRECTION('',(0.E0,0.E0,-1.E0));
#1360=AXIS2_PLACEMENT_3D('',#1357,#1358,#1359);
#1362=CARTESIAN_POINT('',(1.770414181582E-14,7.55E1,-2.025176151755E1));
#1363=CARTESIAN_POINT('',(9.865923598177E-2,7.55E1,-2.025176151755E1));
#1364=CARTESIAN_POINT('',(2.959341728817E-1,7.549910369549E1,
-2.025165211688E1));
#1365=CARTESIAN_POINT('',(5.918974017547E-1,7.550313706579E1,
-2.025742897249E1));
#1366=CARTESIAN_POINT('',(7.888772459247E-1,7.549327771617E1,
-2.024213342486E1));
#1367=CARTESIAN_POINT('',(8.873151623589E-1,7.549327771617E1,
-2.024213342486E1));
#1369=CARTESIAN_POINT('',(8.873151623589E-1,7.7E1,-1.872899281335E1));
#1370=CARTESIAN_POINT('',(8.873151623589E-1,7.7E1,-1.888928728397E1));
#1371=CARTESIAN_POINT('',(8.873151623589E-1,7.695169029253E1,
-1.919385036159E1));
#1372=CARTESIAN_POINT('',(8.873151623589E-1,7.673577515639E1,
-1.962351951988E1));
#1373=CARTESIAN_POINT('',(8.873151623589E-1,7.639967346301E1,
-1.996337330325E1));
#1374=CARTESIAN_POINT('',(8.873151623589E-1,7.597173158804E1,
-2.017400619798E1));
#1375=CARTESIAN_POINT('',(8.873151623589E-1,7.566747595694E1,
-2.024213342486E1));
#1376=CARTESIAN_POINT('',(8.873151623589E-1,7.549327771617E1,
-2.024213342486E1));
#1378=CARTESIAN_POINT('',(1.432015790003E1,7.549443290715E1,-1.432015790003E1));
#1379=CARTESIAN_POINT('',(1.432015790003E1,7.566466680821E1,-1.432015790003E1));
#1380=CARTESIAN_POINT('',(1.428326407819E1,7.596707066716E1,-1.428326407819E1));
#1381=CARTESIAN_POINT('',(1.413101490845E1,7.639645903089E1,-1.413101490845E1));
#1382=CARTESIAN_POINT('',(1.389298905302E1,7.673278343489E1,-1.389298905302E1));
#1383=CARTESIAN_POINT('',(1.359070670482E1,7.694993825159E1,-1.359070670482E1));
#1384=CARTESIAN_POINT('',(1.337322819395E1,7.7E1,-1.337322819395E1));
#1385=CARTESIAN_POINT('',(1.325825214725E1,7.7E1,-1.325825214725E1));
#1387=DIRECTION('',(9.999996641270E-1,0.E0,-8.196011105169E-4));
#1388=VECTOR('',#1387,1.208946164899E0);
#1389=CARTESIAN_POINT('',(-1.208945758847E0,7.55E1,2.025264227632E1));
#1390=LINE('',#1389,#1388);
#1391=DIRECTION('',(0.E0,0.E0,1.E0));
#1392=VECTOR('',#1391,3.876214032827E-2);
#1393=CARTESIAN_POINT('',(-1.208945758847E0,7.55E1,2.021388013599E1));
#1394=LINE('',#1393,#1392);
#1395=DIRECTION('',(1.092801195199E-3,0.E0,9.999994028926E-1));
#1396=VECTOR('',#1395,1.208946480718E0);
#1397=CARTESIAN_POINT('',(-2.025264227632E1,7.55E1,-1.208945758847E0));
#1398=LINE('',#1397,#1396);
#1399=DIRECTION('',(-1.E0,0.E0,-1.718516596694E-14));
#1400=VECTOR('',#1399,3.876214032827E-2);
#1401=CARTESIAN_POINT('',(-2.021388013599E1,7.55E1,-1.208945758847E0));
#1402=LINE('',#1401,#1400);
#1403=DIRECTION('',(-7.720754660122E-10,0.E0,-1.E0));
#1404=VECTOR('',#1403,1.208945757887E0);
#1405=CARTESIAN_POINT('',(-2.025264227538E1,7.9E1,-9.600440625824E-10));
#1406=LINE('',#1405,#1404);
#1407=DIRECTION('',(0.E0,-1.E0,0.E0));
#1408=VECTOR('',#1407,3.5E0);
#1409=CARTESIAN_POINT('',(-2.025264227632E1,7.9E1,-1.208945758847E0));
#1410=LINE('',#1409,#1408);
#1411=CARTESIAN_POINT('',(-2.075264227632E1,7.9E1,0.E0));
#1412=DIRECTION('',(0.E0,0.E0,-1.E0));
#1413=DIRECTION('',(0.E0,1.E0,0.E0));
#1414=AXIS2_PLACEMENT_3D('',#1411,#1412,#1413);
#1416=CARTESIAN_POINT('',(-2.075264227632E1,7.9E1,-1.208945758847E0));
#1417=DIRECTION('',(0.E0,0.E0,-1.E0));
#1418=DIRECTION('',(0.E0,1.E0,0.E0));
#1419=AXIS2_PLACEMENT_3D('',#1416,#1417,#1418);
#1421=DIRECTION('',(1.E0,0.E0,0.E0));
#1422=VECTOR('',#1421,2.041657530662E0);
#1423=CARTESIAN_POINT('',(-2.075264227632E1,7.95E1,-1.208945758847E0));
#1424=LINE('',#1423,#1422);
#1425=DIRECTION('',(-7.071067811865E-1,0.E0,-7.071067811865E-1));
#1426=VECTOR('',#1425,2.002642272585E0);
#1427=CARTESIAN_POINT('',(-1.325825214725E1,7.95E1,-1.325825214725E1));
#1428=LINE('',#1427,#1426);
#1429=DIRECTION('',(1.776573046857E-4,-9.999999684379E-1,1.776573046847E-4));
#1430=VECTOR('',#1429,3.505567203491E0);
#1431=CARTESIAN_POINT('',(-1.432078068965E1,7.9E1,-1.432078068965E1));
#1432=LINE('',#1431,#1430);
#1433=CARTESIAN_POINT('',(-1.467433407848E1,7.9E1,-1.467433407848E1));
#1434=DIRECTION('',(-7.071067811865E-1,0.E0,7.071067811865E-1));
#1435=DIRECTION('',(7.071067811865E-1,0.E0,7.071067811865E-1));
#1436=AXIS2_PLACEMENT_3D('',#1433,#1434,#1435);
#1438=CARTESIAN_POINT('',(0.E0,7.9E1,-2.075264227632E1));
#1439=DIRECTION('',(1.E0,0.E0,0.E0));
#1440=DIRECTION('',(0.E0,1.E0,0.E0));
#1441=AXIS2_PLACEMENT_3D('',#1438,#1439,#1440);
#1443=CARTESIAN_POINT('',(8.873151623589E-1,7.9E1,-2.075264227632E1));
#1444=DIRECTION('',(1.E0,0.E0,0.E0));
#1445=DIRECTION('',(0.E0,1.E0,0.E0));
#1446=AXIS2_PLACEMENT_3D('',#1443,#1444,#1445);
#1448=DIRECTION('',(1.E0,0.E0,-1.051926411925E-9));
#1449=VECTOR('',#1448,8.873151613989E-1);
#1450=CARTESIAN_POINT('',(9.600519720749E-10,7.9E1,-2.025264227538E1));
#1451=LINE('',#1450,#1449);
#1452=DIRECTION('',(0.E0,-9.999955097054E-1,2.996759770371E-3));
#1453=VECTOR('',#1452,3.506738030121E0);
#1454=CARTESIAN_POINT('',(8.873151623589E-1,7.9E1,-2.025264227632E1));
#1455=LINE('',#1454,#1453);
#1456=DIRECTION('',(0.E0,0.E0,1.E0));
#1457=VECTOR('',#1456,2.023649462965E0);
#1458=CARTESIAN_POINT('',(8.873151623589E-1,7.95E1,-2.075264227632E1));
#1459=LINE('',#1458,#1457);
#1460=CARTESIAN_POINT('',(0.E0,7.9E1,0.E0));
#1461=DIRECTION('',(0.E0,-1.E0,0.E0));
#1462=DIRECTION('',(-7.071067811865E-1,0.E0,-7.071067811865E-1));
#1463=AXIS2_PLACEMENT_3D('',#1460,#1461,#1462);
#1465=DIRECTION('',(-2.742954964388E-10,-9.999999683374E-1,2.516450889825E-4));
#1466=VECTOR('',#1465,3.500000110819E0);
#1467=CARTESIAN_POINT('',(9.600519720749E-10,7.9E1,-2.025264227538E1));
#1468=LINE('',#1467,#1466);
#1469=DIRECTION('',(7.071067811865E-1,0.E0,-7.071067811865E-1));
#1470=VECTOR('',#1469,2.002642272585E0);
#1471=CARTESIAN_POINT('',(1.325825214725E1,7.95E1,-1.325825214725E1));
#1472=LINE('',#1471,#1470);
#1473=DIRECTION('',(-1.776573046862E-4,-9.999999684379E-1,1.776573046857E-4));
#1474=VECTOR('',#1473,3.505567203491E0);
#1475=CARTESIAN_POINT('',(1.432078068965E1,7.9E1,-1.432078068965E1));
#1476=LINE('',#1475,#1474);
#1477=DIRECTION('',(-7.071067811865E-1,0.E0,7.071067811865E-1));
#1478=VECTOR('',#1477,2.002642272585E0);
#1479=CARTESIAN_POINT('',(-1.325825214725E1,7.95E1,1.325825214725E1));
#1480=LINE('',#1479,#1478);
#1481=DIRECTION('',(1.776573046852E-4,-9.999999684379E-1,-1.776573046862E-4));
#1482=VECTOR('',#1481,3.505567203491E0);
#1483=CARTESIAN_POINT('',(-1.432078068965E1,7.9E1,1.432078068965E1));
#1484=LINE('',#1483,#1482);
#1485=CARTESIAN_POINT('',(1.1E1,3.975E1,9.391809742004E1));
#1486=DIRECTION('',(-1.E0,0.E0,0.E0));
#1487=DIRECTION('',(0.E0,5.895547844622E-1,-8.077283925415E-1));
#1488=AXIS2_PLACEMENT_3D('',#1485,#1486,#1487);
#1490=CARTESIAN_POINT('',(-1.1E1,3.975E1,9.391809742004E1));
#1491=DIRECTION('',(1.E0,0.E0,0.E0));
#1492=DIRECTION('',(0.E0,5.280494233810E-1,-8.492136400618E-1));
#1493=AXIS2_PLACEMENT_3D('',#1490,#1491,#1492);
#1495=CARTESIAN_POINT('',(-1.55E1,3.975E1,9.391809742004E1));
#1496=DIRECTION('',(-1.E0,0.E0,0.E0));
#1497=DIRECTION('',(0.E0,6.084096215458E-1,-7.936231677632E-1));
#1498=AXIS2_PLACEMENT_3D('',#1495,#1496,#1497);
#1500=CARTESIAN_POINT('',(2.55E1,3.975E1,9.391809742004E1));
#1501=DIRECTION('',(1.E0,0.E0,0.E0));
#1502=DIRECTION('',(0.E0,5.162337662381E-1,-8.564477208771E-1));
#1503=AXIS2_PLACEMENT_3D('',#1500,#1501,#1502);
#1505=CARTESIAN_POINT('',(2.55E1,8.659754085866E1,3.280911350254E1));
#1506=CARTESIAN_POINT('',(2.549997433475E1,8.686086471435E1,3.301098425384E1));
#1507=CARTESIAN_POINT('',(2.542066375632E1,8.736232985337E1,3.340083417664E1));
#1508=CARTESIAN_POINT('',(2.510849933304E1,8.803757545643E1,3.393861622326E1));
#1509=CARTESIAN_POINT('',(2.460443235737E1,8.864798359275E1,3.443561714245E1));
#1510=CARTESIAN_POINT('',(2.392808570154E1,8.914687015545E1,3.484995849506E1));
#1511=CARTESIAN_POINT('',(2.320853112514E1,8.947664144295E1,3.512780701184E1));
#1512=CARTESIAN_POINT('',(2.245113180564E1,8.968587807622E1,3.530563233388E1));
#1513=CARTESIAN_POINT('',(2.183135505281E1,8.975019503477E1,3.536060035613E1));
#1514=CARTESIAN_POINT('',(2.149999999997E1,8.975021000065E1,3.536061284385E1));
#1516=DIRECTION('',(-1.E0,0.E0,0.E0));
#1517=VECTOR('',#1516,3.299999999995E1);
#1518=CARTESIAN_POINT('',(2.149999999997E1,8.975021000065E1,3.536061284385E1));
#1519=LINE('',#1518,#1517);
#1520=CARTESIAN_POINT('',(-1.149999999997E1,8.975021000065E1,3.536061284385E1));
#1521=CARTESIAN_POINT('',(-1.183027621332E1,8.975018928402E1,3.536059537327E1));
#1522=CARTESIAN_POINT('',(-1.246198617036E1,8.968777624523E1,3.530723652355E1));
#1523=CARTESIAN_POINT('',(-1.331830475701E1,8.944291074554E1,3.509913190080E1));
#1524=CARTESIAN_POINT('',(-1.409842347965E1,8.904559444330E1,3.476514581407E1));
#1525=CARTESIAN_POINT('',(-1.473417864682E1,8.851361697330E1,3.432543695416E1));
#1526=CARTESIAN_POINT('',(-1.515281581203E1,8.794886884754E1,3.386775047569E1));
#1527=CARTESIAN_POINT('',(-1.541849372764E1,8.735230808823E1,3.339328064400E1));
#1528=CARTESIAN_POINT('',(-1.549998161426E1,8.686122174809E1,3.301125764926E1));
#1529=CARTESIAN_POINT('',(-1.55E1,8.659754085870E1,3.280911350257E1));
#1531=CARTESIAN_POINT('',(1.1E1,8.514571840359E1,3.172301119434E1));
#1532=CARTESIAN_POINT('',(1.094135992387E1,8.509804255400E1,3.168821295586E1));
#1533=CARTESIAN_POINT('',(1.082023542729E1,8.499355650067E1,3.162456448417E1));
#1534=CARTESIAN_POINT('',(1.062492559392E1,8.480202860162E1,3.155373193827E1));
#1535=CARTESIAN_POINT('',(1.043784388092E1,8.459098804456E1,3.152420617446E1));
#1536=CARTESIAN_POINT('',(1.028378303761E1,8.438997810430E1,3.153787813342E1));
#1537=CARTESIAN_POINT('',(1.014673761332E1,8.417994030569E1,3.159368031845E1));
#1538=CARTESIAN_POINT('',(1.003133447214E1,8.394386992252E1,3.172330585905E1));
#1539=CARTESIAN_POINT('',(1.E1,8.380481175415E1,3.186283141810E1));
#1540=CARTESIAN_POINT('',(1.E1,8.374457405715E1,3.194651156386E1));
#1542=CARTESIAN_POINT('',(1.E1,7.984977334451E1,2.935798451959E1));
#1543=CARTESIAN_POINT('',(1.E1,7.991050691060E1,2.926804574139E1));
#1544=CARTESIAN_POINT('',(1.003337029085E1,8.002533490639E1,2.909799991156E1));
#1545=CARTESIAN_POINT('',(1.017830572845E1,8.018505136466E1,2.886147991052E1));
#1546=CARTESIAN_POINT('',(1.040184990345E1,8.031013984201E1,2.867623959706E1));
#1547=CARTESIAN_POINT('',(1.068670174975E1,8.039112916933E1,2.855630458229E1));
#1548=CARTESIAN_POINT('',(1.089162279524E1,8.040980560034E1,2.852864713528E1));
#1549=CARTESIAN_POINT('',(1.1E1,8.040980560034E1,2.852864713528E1));
#1551=DIRECTION('',(-1.E0,0.E0,0.E0));
#1552=VECTOR('',#1551,2.2E1);
#1553=CARTESIAN_POINT('',(1.1E1,8.514571840359E1,3.172301119434E1));
#1554=LINE('',#1553,#1552);
#1555=CARTESIAN_POINT('',(-1.E1,8.455616361913E1,3.253073958689E1));
#1556=DIRECTION('',(-1.E0,0.E0,0.E0));
#1557=DIRECTION('',(0.E0,-8.115895619785E-1,-5.842280230249E-1));
#1558=AXIS2_PLACEMENT_3D('',#1555,#1556,#1557);
#1560=CARTESIAN_POINT('',(1.E1,8.455616361913E1,3.253073958689E1));
#1561=DIRECTION('',(1.E0,0.E0,0.E0));
#1562=DIRECTION('',(0.E0,-8.287423021801E-1,-5.596304106973E-1));
#1563=AXIS2_PLACEMENT_3D('',#1560,#1561,#1562);
#1565=CARTESIAN_POINT('',(-1.1E1,8.040980560034E1,2.852864713528E1));
#1566=CARTESIAN_POINT('',(-1.089162343117E1,8.040980560034E1,2.852864713528E1));
#1567=CARTESIAN_POINT('',(-1.068668662922E1,8.039114207220E1,2.855628547477E1));
#1568=CARTESIAN_POINT('',(-1.040151020876E1,8.031002327093E1,2.867641222419E1));
#1569=CARTESIAN_POINT('',(-1.017809533688E1,8.018485965458E1,2.886176380906E1));
#1570=CARTESIAN_POINT('',(-1.003339433051E1,8.002532735669E1,2.909801109172E1));
#1571=CARTESIAN_POINT('',(-1.E1,7.991050762530E1,2.926804468302E1));
#1572=CARTESIAN_POINT('',(-1.E1,7.984977334451E1,2.935798451959E1));
#1574=CARTESIAN_POINT('',(-1.E1,8.374457405715E1,3.194651156386E1));
#1575=CARTESIAN_POINT('',(-1.E1,8.380504607380E1,3.186250590926E1));
#1576=CARTESIAN_POINT('',(-1.003109459151E1,8.395126661212E1,3.171259303862E1));
#1577=CARTESIAN_POINT('',(-1.018053755798E1,8.424232384859E1,3.156513465965E1));
#1578=CARTESIAN_POINT('',(-1.038569000620E1,8.453319403507E1,3.151451191560E1));
#1579=CARTESIAN_POINT('',(-1.068474581676E1,8.487040235893E1,3.156195261269E1));
#1580=CARTESIAN_POINT('',(-1.089286240283E1,8.505861285555E1,3.165943352012E1));
#1581=CARTESIAN_POINT('',(-1.1E1,8.514571840359E1,3.172301119434E1));
#1583=DIRECTION('',(1.E0,0.E0,0.E0));
#1584=VECTOR('',#1583,2.2E1);
#1585=CARTESIAN_POINT('',(-1.1E1,8.040980560034E1,2.852864713528E1));
#1586=LINE('',#1585,#1584);
#1587=CARTESIAN_POINT('',(1.000132681010E1,7.421993348518E1,3.769506977576E1));
#1588=CARTESIAN_POINT('',(1.000088652832E1,7.422471647755E1,3.768798676521E1));
#1589=CARTESIAN_POINT('',(1.000022323859E1,7.423430718069E1,3.767378413924E1));
#1590=CARTESIAN_POINT('',(1.E1,7.424394756880E1,3.765950793609E1));
#1591=CARTESIAN_POINT('',(1.E1,7.424878016348E1,3.765235147073E1));
#1593=DIRECTION('',(-1.E0,0.E0,0.E0));
#1594=VECTOR('',#1593,2.000265362021E1);
#1595=CARTESIAN_POINT('',(1.000132681010E1,7.421993348518E1,3.769506977576E1));
#1596=LINE('',#1595,#1594);
#1597=CARTESIAN_POINT('',(-1.E1,7.424878016348E1,3.765235147073E1));
#1598=CARTESIAN_POINT('',(-1.E1,7.424394756880E1,3.765950793609E1));
#1599=CARTESIAN_POINT('',(-1.000022323859E1,7.423430718069E1,3.767378413924E1));
#1600=CARTESIAN_POINT('',(-1.000088652832E1,7.422471647755E1,3.768798676521E1));
#1601=CARTESIAN_POINT('',(-1.000132681010E1,7.421993348518E1,3.769506977576E1));
#1603=DIRECTION('',(0.E0,6.593035682907E-1,7.518768548368E-1));
#1604=VECTOR('',#1603,8.831578439085E-1);
#1605=CARTESIAN_POINT('',(-1.E1,-3.589432759506E0,4.297659185425E1));
#1606=LINE('',#1605,#1604);
#1607=CARTESIAN_POINT('',(-1.E1,3.975E1,9.391809742004E1));
#1608=DIRECTION('',(1.E0,0.E0,0.E0));
#1609=DIRECTION('',(0.E0,-6.478358127523E-1,-7.617799942999E-1));
#1610=AXIS2_PLACEMENT_3D('',#1607,#1608,#1609);
#1612=DIRECTION('',(0.E0,5.596304106973E-1,8.287423021801E-1));
#1613=VECTOR('',#1612,1.000837887643E1);
#1614=CARTESIAN_POINT('',(-1.E1,-3.497733445117E-1,2.935798451959E1));
#1615=LINE('',#1614,#1613);
#1616=CARTESIAN_POINT('',(-1.E1,3.975E1,9.391809742004E1));
#1617=DIRECTION('',(-1.E0,0.E0,0.E0));
#1618=DIRECTION('',(0.E0,-5.276285966383E-1,-8.494751697428E-1));
#1619=AXIS2_PLACEMENT_3D('',#1616,#1617,#1618);
#1621=CARTESIAN_POINT('',(-1.E1,-5.056163619129E0,3.253073958689E1));
#1622=DIRECTION('',(-1.E0,0.E0,0.E0));
#1623=DIRECTION('',(0.E0,8.287423021801E-1,-5.596304106973E-1));
#1624=AXIS2_PLACEMENT_3D('',#1621,#1622,#1623);
#1626=DIRECTION('',(0.E0,-5.596304106973E-1,-8.287423021801E-1));
#1627=VECTOR('',#1626,8.220169680366E0);
#1628=CARTESIAN_POINT('',(-1.E1,3.728356172760E-1,3.878351152141E1));
#1629=LINE('',#1628,#1627);
#1630=DIRECTION('',(0.E0,7.965782972456E-1,-6.045353722962E-1));
#1631=VECTOR('',#1630,4.692647866285E0);
#1632=CARTESIAN_POINT('',(-1.E1,-3.589432759506E0,4.297659185425E1));
#1633=LINE('',#1632,#1631);
#1634=DIRECTION('',(0.E0,6.593035682907E-1,-7.518768548367E-1));
#1635=VECTOR('',#1634,8.831578438967E-1);
#1636=CARTESIAN_POINT('',(-1.E1,8.250716364166E1,4.364061779624E1));
#1637=LINE('',#1636,#1635);
#1638=DIRECTION('',(0.E0,7.965782972456E-1,6.045353722962E-1));
#1639=VECTOR('',#1638,4.692647866285E0);
#1640=CARTESIAN_POINT('',(-1.E1,7.935137131261E1,4.013972022935E1));
#1641=LINE('',#1640,#1639);
#1642=DIRECTION('',(0.E0,-5.596304106973E-1,8.287423021801E-1));
#1643=VECTOR('',#1642,8.220169680366E0);
#1644=CARTESIAN_POINT('',(-1.E1,8.372742131695E1,3.197110917619E1));
#1645=LINE('',#1644,#1643);
#1646=CARTESIAN_POINT('',(-1.E1,3.975E1,9.391809742004E1));
#1647=DIRECTION('',(1.E0,0.E0,0.E0));
#1648=DIRECTION('',(0.E0,5.276285966383E-1,-8.494751697428E-1));
#1649=AXIS2_PLACEMENT_3D('',#1646,#1647,#1648);
#1651=DIRECTION('',(0.E0,5.596304106973E-1,-8.287423021801E-1));
#1652=VECTOR('',#1651,1.000837887643E1);
#1653=CARTESIAN_POINT('',(-1.E1,7.424878016348E1,3.765235147073E1));
#1654=LINE('',#1653,#1652);
#1655=CARTESIAN_POINT('',(-1.E1,3.975E1,9.391809742004E1));
#1656=DIRECTION('',(1.E0,0.E0,0.E0));
#1657=DIRECTION('',(0.E0,5.227087903558E-1,-8.525113022622E-1));
#1658=AXIS2_PLACEMENT_3D('',#1655,#1656,#1657);
#1660=CARTESIAN_POINT('',(-1.E1,-3.589432759506E0,4.297659185425E1));
#1661=CARTESIAN_POINT('',(-1.E1,-3.855291449570E0,4.317835605336E1));
#1662=CARTESIAN_POINT('',(-1.025214377770E1,-4.186156568594E0,
4.342945461907E1));
#1663=CARTESIAN_POINT('',(-1.066624914213E1,-4.388006602645E0,
4.358264167664E1));
#1664=CARTESIAN_POINT('',(-1.1E1,-4.388006602645E0,4.358264167664E1));
#1666=DIRECTION('',(1.E0,1.341865339636E-11,1.530465989920E-11));
#1667=VECTOR('',#1666,3.299999999376E1);
#1668=CARTESIAN_POINT('',(-1.149999999672E1,-1.035273347886E1,
3.678040322482E1));
#1669=LINE('',#1668,#1667);
#1670=DIRECTION('',(-6.371512039341E-11,6.593035682907E-1,7.518768548367E-1));
#1671=VECTOR('',#1670,1.000099696109E1);
#1672=CARTESIAN_POINT('',(-1.149999999672E1,-1.035273347886E1,
3.678040322482E1));
#1673=LINE('',#1672,#1671);
#1674=DIRECTION('',(-1.E0,1.074757177832E-9,1.226126762167E-9));
#1675=VECTOR('',#1674,4.999999973556E-1);
#1676=CARTESIAN_POINT('',(-1.1E1,-3.759040496491E0,4.429992136454E1));
#1677=LINE('',#1676,#1675);
#1678=DIRECTION('',(0.E0,6.593035682907E-1,7.518768548367E-1));
#1679=VECTOR('',#1678,9.539855938964E-1);
#1680=CARTESIAN_POINT('',(-1.1E1,-4.388006602645E0,4.358264167664E1));
#1681=LINE('',#1680,#1679);
#1682=DIRECTION('',(0.E0,-6.593035682907E-1,-7.518768548367E-1));
#1683=VECTOR('',#1682,9.539855938964E-1);
#1684=CARTESIAN_POINT('',(1.1E1,-3.759040496491E0,4.429992136454E1));
#1685=LINE('',#1684,#1683);
#1686=DIRECTION('',(-1.E0,1.960759597563E-13,2.077491618471E-13));
#1687=VECTOR('',#1686,1.049999999706E1);
#1688=CARTESIAN_POINT('',(2.149999999706E1,-3.759040496493E0,4.429992136454E1));
#1689=LINE('',#1688,#1687);
#1690=DIRECTION('',(-1.334621472757E-12,-6.593035682907E-1,-7.518768548367E-1));
#1691=VECTOR('',#1690,1.000099695960E1);
#1692=CARTESIAN_POINT('',(2.149999999706E1,-3.759040496493E0,4.429992136454E1));
#1693=LINE('',#1692,#1691);
#1694=CARTESIAN_POINT('',(-1.15E1,-9.600856624023E0,3.612109965653E1));
#1695=DIRECTION('',(1.E0,0.E0,0.E0));
#1696=DIRECTION('',(0.E0,-7.518768548367E-1,6.593035682907E-1));
#1697=AXIS2_PLACEMENT_3D('',#1694,#1695,#1696);
#1699=CARTESIAN_POINT('',(2.150000001237E1,-9.600856624022E0,3.612109965653E1));
#1700=DIRECTION('',(1.E0,2.351150516032E-9,-2.007554576070E-9));
#1701=DIRECTION('',(3.091361833185E-9,-7.518768548368E-1,6.593035682907E-1));
#1702=AXIS2_PLACEMENT_3D('',#1699,#1700,#1701);
#1704=CARTESIAN_POINT('',(2.149999999705E1,-1.035273347842E1,3.678040322532E1));
#1705=CARTESIAN_POINT('',(2.190626208132E1,-1.035272431540E1,3.678039593754E1));
#1706=CARTESIAN_POINT('',(2.270553798680E1,-1.027586216387E1,3.671434971826E1));
#1707=CARTESIAN_POINT('',(2.377206226846E1,-9.974585598331E0,3.645669180421E1));
#1708=CARTESIAN_POINT('',(2.474824888115E1,-9.486108243149E0,3.604258632224E1));
#1709=CARTESIAN_POINT('',(2.554266403748E1,-8.833203533792E0,3.549647584071E1));
#1710=CARTESIAN_POINT('',(2.606603737168E1,-8.140445298467E0,3.492610957517E1));
#1711=CARTESIAN_POINT('',(2.639810589564E1,-7.412545399808E0,3.433563338036E1));
#1712=CARTESIAN_POINT('',(2.649999226231E1,-6.807219119290E0,3.385330571694E1));
#1713=CARTESIAN_POINT('',(2.65E1,-6.489131235092E0,3.360273666817E1));
#1715=CARTESIAN_POINT('',(2.65E1,1.203968155513E-1,4.114031331413E1));
#1716=CARTESIAN_POINT('',(2.649998858436E1,-1.975832986936E-1,
4.138669838916E1));
#1717=CARTESIAN_POINT('',(2.640110087300E1,-8.203245484809E-1,
4.187535179342E1));
#1718=CARTESIAN_POINT('',(2.601231635747E1,-1.646229641997E0,4.253820508279E1));
#1719=CARTESIAN_POINT('',(2.538484636349E1,-2.397219620349E0,4.315315377559E1));
#1720=CARTESIAN_POINT('',(2.453943002250E1,-3.013337664164E0,4.366702338276E1));
#1721=CARTESIAN_POINT('',(2.363677813796E1,-3.421380044445E0,4.401189265239E1));
#1722=CARTESIAN_POINT('',(2.269200065302E1,-3.679615907090E0,4.423190506011E1));
#1723=CARTESIAN_POINT('',(2.190955339710E1,-3.759034017706E0,4.429991657083E1));
#1724=CARTESIAN_POINT('',(2.149999999706E1,-3.759040496493E0,4.429992136454E1));
#1726=CARTESIAN_POINT('',(2.549999999998E1,1.203963723232E-1,4.114031311345E1));
#1727=DIRECTION('',(-5.339494439294E-8,-7.996633985848E-1,6.004485398132E-1));
#1728=DIRECTION('',(1.E0,-4.264473184301E-8,3.213183674689E-8));
#1729=AXIS2_PLACEMENT_3D('',#1726,#1727,#1728);
#1731=CARTESIAN_POINT('',(2.15E1,-3.007163641654E0,4.364061779625E1));
#1732=DIRECTION('',(-1.E0,0.E0,0.E0));
#1733=DIRECTION('',(0.E0,-7.518768548367E-1,6.593035682907E-1));
#1734=AXIS2_PLACEMENT_3D('',#1731,#1732,#1733);
#1736=CARTESIAN_POINT('',(1.1E1,-3.007163641654E0,4.364061779625E1));
#1737=DIRECTION('',(-1.E0,0.E0,0.E0));
#1738=DIRECTION('',(0.E0,-7.518768548367E-1,6.593035682907E-1));
#1739=AXIS2_PLACEMENT_3D('',#1736,#1737,#1738);
#1741=CARTESIAN_POINT('',(1.1E1,-3.007163641654E0,4.364061779625E1));
#1742=DIRECTION('',(0.E0,-7.617799942999E-1,6.478358127523E-1));
#1743=DIRECTION('',(0.E0,6.478358127523E-1,7.617799942999E-1));
#1744=AXIS2_PLACEMENT_3D('',#1741,#1742,#1743);
#1746=CARTESIAN_POINT('',(1.000132681010E1,5.280066514819E0,3.769506977576E1));
#1747=CARTESIAN_POINT('',(1.000624754368E1,5.333522806071E0,3.777423182455E1));
#1748=CARTESIAN_POINT('',(1.004347986245E1,5.464215680862E0,3.791900417330E1));
#1749=CARTESIAN_POINT('',(1.018586154318E1,5.723266318675E0,3.807432322028E1));
#1750=CARTESIAN_POINT('',(1.040042020048E1,6.015137980682E0,3.814607975401E1));
#1751=CARTESIAN_POINT('',(1.067417440574E1,6.321578942911E0,3.812896610773E1));
#1752=CARTESIAN_POINT('',(1.088778433121E1,6.522714021244E0,3.805254570837E1));
#1753=CARTESIAN_POINT('',(1.1E1,6.618523834923E0,3.799578266892E1));
#1755=DIRECTION('',(0.E0,-6.593035682907E-1,-7.518768548367E-1));
#1756=VECTOR('',#1755,8.831578438961E-1);
#1757=CARTESIAN_POINT('',(1.E1,-3.007163641661E0,4.364061779624E1));
#1758=LINE('',#1757,#1756);
#1759=DIRECTION('',(0.E0,7.965782972456E-1,-6.045353722962E-1));
#1760=VECTOR('',#1759,4.692647866285E0);
#1761=CARTESIAN_POINT('',(1.E1,-3.589432759506E0,4.297659185425E1));
#1762=LINE('',#1761,#1760);
#1763=DIRECTION('',(0.E0,-5.596304106973E-1,-8.287423021801E-1));
#1764=VECTOR('',#1763,8.220169680366E0);
#1765=CARTESIAN_POINT('',(1.E1,3.728356172760E-1,3.878351152141E1));
#1766=LINE('',#1765,#1764);
#1767=CARTESIAN_POINT('',(1.E1,-5.056163619129E0,3.253073958689E1));
#1768=DIRECTION('',(1.E0,0.E0,0.E0));
#1769=DIRECTION('',(0.E0,8.115877545238E-1,-5.842305338708E-1));
#1770=AXIS2_PLACEMENT_3D('',#1767,#1768,#1769);
#1772=CARTESIAN_POINT('',(1.E1,3.975E1,9.391809742004E1));
#1773=DIRECTION('',(1.E0,0.E0,0.E0));
#1774=DIRECTION('',(0.E0,-5.788759744051E-1,-8.154156033928E-1));
#1775=AXIS2_PLACEMENT_3D('',#1772,#1773,#1774);
#1777=DIRECTION('',(0.E0,5.596304106973E-1,8.287423021801E-1));
#1778=VECTOR('',#1777,1.000837887643E1);
#1779=CARTESIAN_POINT('',(1.E1,-3.497733445117E-1,2.935798451959E1));
#1780=LINE('',#1779,#1778);
#1781=CARTESIAN_POINT('',(1.E1,3.975E1,9.391809742004E1));
#1782=DIRECTION('',(-1.E0,0.E0,0.E0));
#1783=DIRECTION('',(0.E0,-5.227087903558E-1,-8.525113022622E-1));
#1784=AXIS2_PLACEMENT_3D('',#1781,#1782,#1783);
#1786=DIRECTION('',(0.E0,-6.593035682907E-1,7.518768548367E-1));
#1787=VECTOR('',#1786,8.831578439090E-1);
#1788=CARTESIAN_POINT('',(1.E1,8.308943275951E1,4.297659185425E1));
#1789=LINE('',#1788,#1787);
#1790=CARTESIAN_POINT('',(1.E1,3.975E1,9.391809742004E1));
#1791=DIRECTION('',(-1.E0,0.E0,0.E0));
#1792=DIRECTION('',(0.E0,6.478358127523E-1,-7.617799942999E-1));
#1793=AXIS2_PLACEMENT_3D('',#1790,#1791,#1792);
#1795=DIRECTION('',(0.E0,5.596304106973E-1,-8.287423021801E-1));
#1796=VECTOR('',#1795,1.000837887643E1);
#1797=CARTESIAN_POINT('',(1.E1,7.424878016348E1,3.765235147073E1));
#1798=LINE('',#1797,#1796);
#1799=CARTESIAN_POINT('',(1.E1,3.975E1,9.391809742004E1));
#1800=DIRECTION('',(-1.E0,0.E0,0.E0));
#1801=DIRECTION('',(0.E0,5.788759744362E-1,-8.154156033708E-1));
#1802=AXIS2_PLACEMENT_3D('',#1799,#1800,#1801);
#1804=DIRECTION('',(0.E0,-5.596304106973E-1,8.287423021801E-1));
#1805=VECTOR('',#1804,8.220169680366E0);
#1806=CARTESIAN_POINT('',(1.E1,8.372742131695E1,3.197110917619E1));
#1807=LINE('',#1806,#1805);
#1808=DIRECTION('',(0.E0,7.965782972456E-1,6.045353722962E-1));
#1809=VECTOR('',#1808,4.692647866285E0);
#1810=CARTESIAN_POINT('',(1.E1,7.935137131261E1,4.013972022935E1));
#1811=LINE('',#1810,#1809);
#1812=CARTESIAN_POINT('',(1.1E1,-3.007163641654E0,4.364061779625E1));
#1813=DIRECTION('',(0.E0,-6.593035682907E-1,-7.518768548367E-1));
#1814=DIRECTION('',(0.E0,-7.518768548367E-1,6.593035682907E-1));
#1815=AXIS2_PLACEMENT_3D('',#1812,#1813,#1814);
#1817=CARTESIAN_POINT('',(1.1E1,-4.388006602645E0,4.358264167664E1));
#1818=CARTESIAN_POINT('',(1.066624914213E1,-4.388006602645E0,4.358264167664E1));
#1819=CARTESIAN_POINT('',(1.025214377770E1,-4.186156568594E0,4.342945461907E1));
#1820=CARTESIAN_POINT('',(1.E1,-3.855291449570E0,4.317835605336E1));
#1821=CARTESIAN_POINT('',(1.E1,-3.589432759506E0,4.297659185425E1));
#1823=DIRECTION('',(-1.E0,0.E0,0.E0));
#1824=VECTOR('',#1823,2.2E1);
#1825=CARTESIAN_POINT('',(1.1E1,-4.388006602645E0,4.358264167664E1));
#1826=LINE('',#1825,#1824);
#1827=DIRECTION('',(1.E0,0.E0,0.E0));
#1828=VECTOR('',#1827,2.E1);
#1829=CARTESIAN_POINT('',(-1.E1,1.486286873921E-1,4.013972022935E1));
#1830=LINE('',#1829,#1828);
#1831=CARTESIAN_POINT('',(-1.E1,-4.559066849041E-1,3.934314193210E1));
#1832=DIRECTION('',(-1.E0,0.E0,0.E0));
#1833=DIRECTION('',(0.E0,6.045353722962E-1,7.965782972456E-1));
#1834=AXIS2_PLACEMENT_3D('',#1831,#1832,#1833);
#1836=CARTESIAN_POINT('',(1.E1,-4.559066849041E-1,3.934314193210E1));
#1837=DIRECTION('',(1.E0,0.E0,0.E0));
#1838=DIRECTION('',(0.E0,8.287423021801E-1,-5.596304106973E-1));
#1839=AXIS2_PLACEMENT_3D('',#1836,#1837,#1838);
#1841=DIRECTION('',(1.E0,0.E0,0.E0));
#1842=VECTOR('',#1841,2.E1);
#1843=CARTESIAN_POINT('',(-1.E1,-4.227421316948E0,3.197110917619E1));
#1844=LINE('',#1843,#1842);
#1845=DIRECTION('',(1.E0,0.E0,0.E0));
#1846=VECTOR('',#1845,2.E1);
#1847=CARTESIAN_POINT('',(-1.E1,3.728356172760E-1,3.878351152141E1));
#1848=LINE('',#1847,#1846);
#1849=CARTESIAN_POINT('',(-1.E1,-4.244574713754E0,3.194651063712E1));
#1850=CARTESIAN_POINT('',(-1.E1,-4.301537628480E0,3.186737970675E1));
#1851=CARTESIAN_POINT('',(-1.002820651600E1,-4.440465508517E0,
3.172265889263E1));
#1852=CARTESIAN_POINT('',(-1.016617777655E1,-4.719988379113E0,
3.157144189266E1));
#1853=CARTESIAN_POINT('',(-1.038242176322E1,-5.028928891726E0,
3.151479989039E1));
#1854=CARTESIAN_POINT('',(-1.066289159902E1,-5.347717485581E0,
3.155576145237E1));
#1855=CARTESIAN_POINT('',(-1.088373458084E1,-5.551191707819E0,
3.165401688107E1));
#1856=CARTESIAN_POINT('',(-1.1E1,-5.645718403591E0,3.172301119434E1));
#1858=CARTESIAN_POINT('',(-1.E1,-3.497733445117E-1,2.935798451959E1));
#1859=CARTESIAN_POINT('',(-1.E1,-4.105076252989E-1,2.926804468302E1));
#1860=CARTESIAN_POINT('',(-1.003339433051E1,-5.253273566928E-1,
2.909801109172E1));
#1861=CARTESIAN_POINT('',(-1.017809533688E1,-6.848596545773E-1,
2.886176380906E1));
#1862=CARTESIAN_POINT('',(-1.040151020876E1,-8.100232709253E-1,
2.867641222419E1));
#1863=CARTESIAN_POINT('',(-1.068668662922E1,-8.911420721977E-1,
2.855628547477E1));
#1864=CARTESIAN_POINT('',(-1.089162343117E1,-9.098056003363E-1,
2.852864713528E1));
#1865=CARTESIAN_POINT('',(-1.1E1,-9.098056003363E-1,2.852864713528E1));
#1867=CARTESIAN_POINT('',(1.1E1,3.975E1,9.391809742004E1));
#1868=DIRECTION('',(1.E0,0.E0,0.E0));
#1869=DIRECTION('',(0.E0,-5.895547844622E-1,-8.077283925415E-1));
#1870=AXIS2_PLACEMENT_3D('',#1867,#1868,#1869);
#1872=DIRECTION('',(1.E0,0.E0,0.E0));
#1873=VECTOR('',#1872,2.2E1);
#1874=CARTESIAN_POINT('',(-1.1E1,-5.645718403591E0,3.172301119434E1));
#1875=LINE('',#1874,#1873);
#1876=CARTESIAN_POINT('',(-1.1E1,3.975E1,9.391809742004E1));
#1877=DIRECTION('',(-1.E0,0.E0,0.E0));
#1878=DIRECTION('',(0.E0,-5.280494233810E-1,-8.492136400618E-1));
#1879=AXIS2_PLACEMENT_3D('',#1876,#1877,#1878);
#1881=CARTESIAN_POINT('',(2.55E1,3.975E1,9.391809742004E1));
#1882=DIRECTION('',(1.E0,0.E0,0.E0));
#1883=DIRECTION('',(0.E0,-6.084096215458E-1,-7.936231677632E-1));
#1884=AXIS2_PLACEMENT_3D('',#1881,#1882,#1883);
#1886=CARTESIAN_POINT('',(-1.55E1,3.975E1,9.391809742004E1));
#1887=DIRECTION('',(-1.E0,0.E0,0.E0));
#1888=DIRECTION('',(0.E0,-5.162337662371E-1,-8.564477208777E-1));
#1889=AXIS2_PLACEMENT_3D('',#1886,#1887,#1888);
#1891=CARTESIAN_POINT('',(-1.55E1,-7.097540858719E0,3.280911350245E1));
#1892=CARTESIAN_POINT('',(-1.549997433475E1,-7.360864714409E0,
3.301098425376E1));
#1893=CARTESIAN_POINT('',(-1.542066375632E1,-7.862329853336E0,
3.340083417668E1));
#1894=CARTESIAN_POINT('',(-1.510849933304E1,-8.537575456435E0,
3.393861622325E1));
#1895=CARTESIAN_POINT('',(-1.460443235737E1,-9.147983592749E0,
3.443561714245E1));
#1896=CARTESIAN_POINT('',(-1.392808570154E1,-9.646870155452E0,
3.484995849506E1));
#1897=CARTESIAN_POINT('',(-1.320853112514E1,-9.976641442948E0,
3.512780701184E1));
#1898=CARTESIAN_POINT('',(-1.245113180564E1,-1.018587807623E1,
3.530563233388E1));
#1899=CARTESIAN_POINT('',(-1.183135505281E1,-1.025019503477E1,
3.536060035613E1));
#1900=CARTESIAN_POINT('',(-1.149999999997E1,-1.025021000065E1,
3.536061284385E1));
#1902=DIRECTION('',(1.E0,0.E0,0.E0));
#1903=VECTOR('',#1902,3.299999999995E1);
#1904=CARTESIAN_POINT('',(-1.149999999997E1,-1.025021000065E1,
3.536061284385E1));
#1905=LINE('',#1904,#1903);
#1906=CARTESIAN_POINT('',(2.149999999997E1,-1.025021000065E1,3.536061284385E1));
#1907=CARTESIAN_POINT('',(2.183027621332E1,-1.025018928402E1,3.536059537327E1));
#1908=CARTESIAN_POINT('',(2.246198617036E1,-1.018777624523E1,3.530723652355E1));
#1909=CARTESIAN_POINT('',(2.331830475701E1,-9.942910745537E0,3.509913190080E1));
#1910=CARTESIAN_POINT('',(2.409842347965E1,-9.545594443299E0,3.476514581407E1));
#1911=CARTESIAN_POINT('',(2.473417864682E1,-9.013616973294E0,3.432543695416E1));
#1912=CARTESIAN_POINT('',(2.515281581203E1,-8.448868847546E0,3.386775047568E1));
#1913=CARTESIAN_POINT('',(2.541849372764E1,-7.852308088197E0,3.339328064403E1));
#1914=CARTESIAN_POINT('',(2.549998161426E1,-7.361221748157E0,3.301125764918E1));
#1915=CARTESIAN_POINT('',(2.55E1,-7.097540858768E0,3.280911350249E1));
#1917=CARTESIAN_POINT('',(1.E1,-4.244574653345E0,3.194651072238E1));
#1918=CARTESIAN_POINT('',(1.E1,-4.301537568071E0,3.186737979201E1));
#1919=CARTESIAN_POINT('',(1.002820651600E1,-4.440465536553E0,3.172265885306E1));
#1920=CARTESIAN_POINT('',(1.016617777655E1,-4.719988371598E0,3.157144190327E1));
#1921=CARTESIAN_POINT('',(1.038242176322E1,-5.028928893749E0,3.151479988753E1));
#1922=CARTESIAN_POINT('',(1.066289159902E1,-5.347717485003E0,3.155576145319E1));
#1923=CARTESIAN_POINT('',(1.088373458084E1,-5.551191707819E0,3.165401688107E1));
#1924=CARTESIAN_POINT('',(1.1E1,-5.645718403591E0,3.172301119434E1));
#1926=CARTESIAN_POINT('',(1.1E1,-9.098056003363E-1,2.852864713528E1));
#1927=CARTESIAN_POINT('',(1.089162279524E1,-9.098056003363E-1,
2.852864713528E1));
#1928=CARTESIAN_POINT('',(1.068670174975E1,-8.911291693301E-1,
2.855630458229E1));
#1929=CARTESIAN_POINT('',(1.040184990345E1,-8.101398420128E-1,
2.867623959706E1));
#1930=CARTESIAN_POINT('',(1.017830572845E1,-6.850513646595E-1,
2.886147991052E1));
#1931=CARTESIAN_POINT('',(1.003337029085E1,-5.253349063930E-1,
2.909799991156E1));
#1932=CARTESIAN_POINT('',(1.E1,-4.105069106038E-1,2.926804574139E1));
#1933=CARTESIAN_POINT('',(1.E1,-3.497733445117E-1,2.935798451959E1));
#1935=DIRECTION('',(-1.E0,0.E0,0.E0));
#1936=VECTOR('',#1935,2.2E1);
#1937=CARTESIAN_POINT('',(1.1E1,-9.098056003363E-1,2.852864713528E1));
#1938=LINE('',#1937,#1936);
#1939=CARTESIAN_POINT('',(-1.000132681010E1,5.280066514819E0,3.769506977576E1));
#1940=CARTESIAN_POINT('',(-1.000088652832E1,5.275283522453E0,3.768798676521E1));
#1941=CARTESIAN_POINT('',(-1.000022323859E1,5.265692819307E0,3.767378413924E1));
#1942=CARTESIAN_POINT('',(-1.E1,5.256052431202E0,3.765950793609E1));
#1943=CARTESIAN_POINT('',(-1.E1,5.251219836519E0,3.765235147073E1));
#1945=DIRECTION('',(1.E0,0.E0,0.E0));
#1946=VECTOR('',#1945,2.000265362021E1);
#1947=CARTESIAN_POINT('',(-1.000132681010E1,5.280066514819E0,3.769506977576E1));
#1948=LINE('',#1947,#1946);
#1949=CARTESIAN_POINT('',(1.E1,5.251219836519E0,3.765235147073E1));
#1950=CARTESIAN_POINT('',(1.E1,5.256052431202E0,3.765950793609E1));
#1951=CARTESIAN_POINT('',(1.000022323859E1,5.265692819307E0,3.767378413924E1));
#1952=CARTESIAN_POINT('',(1.000088652832E1,5.275283522453E0,3.768798676521E1));
#1953=CARTESIAN_POINT('',(1.000132681010E1,5.280066514819E0,3.769506977576E1));
#1955=CARTESIAN_POINT('',(-1.1E1,-3.007163641654E0,4.364061779625E1));
#1956=DIRECTION('',(0.E0,-7.617799942999E-1,6.478358127523E-1));
#1957=DIRECTION('',(1.E0,0.E0,0.E0));
#1958=AXIS2_PLACEMENT_3D('',#1955,#1956,#1957);
#1960=CARTESIAN_POINT('',(-1.1E1,-3.007163641654E0,4.364061779625E1));
#1961=DIRECTION('',(0.E0,6.593035682907E-1,7.518768548367E-1));
#1962=DIRECTION('',(0.E0,-7.518768548367E-1,6.593035682907E-1));
#1963=AXIS2_PLACEMENT_3D('',#1960,#1961,#1962);
#1965=CARTESIAN_POINT('',(-1.1E1,-3.007163641654E0,4.364061779625E1));
#1966=DIRECTION('',(-1.E0,0.E0,0.E0));
#1967=DIRECTION('',(0.E0,-7.518768548368E-1,6.593035682907E-1));
#1968=AXIS2_PLACEMENT_3D('',#1965,#1966,#1967);
#1970=CARTESIAN_POINT('',(-1.150000001307E1,-3.007163641654E0,
4.364061779625E1));
#1971=DIRECTION('',(-1.E0,2.489491765416E-9,-2.117109492223E-9));
#1972=DIRECTION('',(-3.267608406077E-9,-7.518768548368E-1,6.593035682906E-1));
#1973=AXIS2_PLACEMENT_3D('',#1970,#1971,#1972);
#1975=CARTESIAN_POINT('',(-1.65E1,-6.489131001587E0,3.360273695337E1));
#1976=CARTESIAN_POINT('',(-1.649998863838E1,-6.805427873838E0,
3.385189504899E1));
#1977=CARTESIAN_POINT('',(-1.640081693095E1,-7.425387843435E0,
3.434562066542E1));
#1978=CARTESIAN_POINT('',(-1.601063830910E1,-8.248873678420E0,
3.501437365271E1));
#1979=CARTESIAN_POINT('',(-1.538049660386E1,-8.998090896957E0,
3.563351408235E1));
#1980=CARTESIAN_POINT('',(-1.453526868595E1,-9.610558399368E0,
3.614777296326E1));
#1981=CARTESIAN_POINT('',(-1.363506174373E1,-1.001609367881E1,
3.649219820909E1));
#1982=CARTESIAN_POINT('',(-1.269116188658E1,-1.027352866779E1,
3.671236310146E1));
#1983=CARTESIAN_POINT('',(-1.190935192822E1,-1.035272705910E1,
3.678039837135E1));
#1984=CARTESIAN_POINT('',(-1.149999999672E1,-1.035273347886E1,
3.678040322482E1));
#1986=CARTESIAN_POINT('',(-1.149999999736E1,-3.759040495954E0,
4.429992136515E1));
#1987=CARTESIAN_POINT('',(-1.190592956518E1,-3.759031378246E0,
4.429991421332E1));
#1988=CARTESIAN_POINT('',(-1.270428838165E1,-3.682198091285E0,
4.423409570835E1));
#1989=CARTESIAN_POINT('',(-1.376890550714E1,-3.381330874404E0,
4.397776205073E1));
#1990=CARTESIAN_POINT('',(-1.474330838856E1,-2.893762835732E0,
4.356652474610E1));
#1991=CARTESIAN_POINT('',(-1.553840179818E1,-2.240317336826E0,
4.302381924259E1));
#1992=CARTESIAN_POINT('',(-1.606365403352E1,-1.544522576657E0,
4.245636718796E1));
#1993=CARTESIAN_POINT('',(-1.639739738160E1,-8.117821350262E-1,
4.186894204237E1));
#1994=CARTESIAN_POINT('',(-1.649999215041E1,-2.009454614415E-1,
4.138930326125E1));
#1995=CARTESIAN_POINT('',(-1.65E1,1.203965467148E-1,4.114031298249E1));
#1997=CARTESIAN_POINT('',(-1.549999999999E1,-6.489131362361E0,
3.360273676577E1));
#1998=DIRECTION('',(3.916997623021E-8,-7.936231665036E-1,6.084096231889E-1));
#1999=DIRECTION('',(-1.E0,-3.108653423567E-8,2.383095676350E-8));
#2000=AXIS2_PLACEMENT_3D('',#1997,#1998,#1999);
#2002=CARTESIAN_POINT('',(-1.550000000029E1,8.491696235069E-11,
2.797162291268E1));
#2003=CARTESIAN_POINT('',(-1.560038304280E1,8.491696235069E-11,
2.797162291268E1));
#2004=CARTESIAN_POINT('',(-1.579367581443E1,-3.941133508505E-11,
2.800460462503E1));
#2005=CARTESIAN_POINT('',(-1.607797656838E1,1.056422927163E-11,
2.816311460238E1));
#2006=CARTESIAN_POINT('',(-1.630632871089E1,-2.845582001470E-12,
2.841615599116E1));
#2007=CARTESIAN_POINT('',(-1.646185755396E1,8.180987342518E-13,
2.875311688699E1));
#2008=CARTESIAN_POINT('',(-1.649999999989E1,-1.184237894068E-14,
2.900611946320E1));
#2009=CARTESIAN_POINT('',(-1.65E1,-1.184237894068E-14,2.914204088678E1));
#2011=DIRECTION('',(0.E0,6.039883604895E-2,9.981743237551E-1));
#2012=VECTOR('',#2011,3.353245220096E0);
#2013=CARTESIAN_POINT('',(-1.65E1,1.500017964810E1,2.099212775315E1));
#2014=LINE('',#2013,#2012);
#2015=CARTESIAN_POINT('',(-1.65E1,3.975E1,9.391809742004E1));
#2016=DIRECTION('',(-1.E0,0.E0,0.E0));
#2017=DIRECTION('',(0.E0,-5.230263157895E-1,-8.523165333324E-1));
#2018=AXIS2_PLACEMENT_3D('',#2015,#2016,#2017);
#2020=CARTESIAN_POINT('',(-1.65E1,3.975E1,9.391809742004E1));
#2021=DIRECTION('',(1.E0,0.E0,0.E0));
#2022=DIRECTION('',(0.E0,-6.004485372106E-1,-7.996634005390E-1));
#2023=AXIS2_PLACEMENT_3D('',#2020,#2021,#2022);
#2025=DIRECTION('',(0.E0,6.593035692439E-1,7.518768540009E-1));
#2026=VECTOR('',#2025,1.002501405518E1);
#2027=CARTESIAN_POINT('',(-1.65E1,-6.489131001587E0,3.360273695337E1));
#2028=LINE('',#2027,#2026);
#2029=CARTESIAN_POINT('',(-1.65E1,3.975E1,9.391809742004E1));
#2030=DIRECTION('',(-1.E0,0.E0,0.E0));
#2031=DIRECTION('',(0.E0,6.084096215458E-1,-7.936231677632E-1));
#2032=AXIS2_PLACEMENT_3D('',#2029,#2030,#2031);
#2034=DIRECTION('',(0.E0,6.593035670698E-1,-7.518768559073E-1));
#2035=VECTOR('',#2034,1.002501485018E1);
#2036=CARTESIAN_POINT('',(-1.65E1,7.937960318444E1,4.114031331415E1));
#2037=LINE('',#2036,#2035);
#2038=CARTESIAN_POINT('',(-1.65E1,3.975E1,9.391809742004E1));
#2039=DIRECTION('',(1.E0,0.E0,0.E0));
#2040=DIRECTION('',(0.E0,4.027746474206E-1,-9.152991769882E-1));
#2041=AXIS2_PLACEMENT_3D('',#2038,#2039,#2040);
#2043=CARTESIAN_POINT('',(-1.65E1,5.E-1,3.300835173882E1));
#2044=DIRECTION('',(1.E0,0.E0,0.E0));
#2045=DIRECTION('',(0.E0,0.E0,1.E0));
#2046=AXIS2_PLACEMENT_3D('',#2043,#2044,#2045);
#2048=CARTESIAN_POINT('',(-2.85E1,7.5E0,-1.9E1));
#2049=DIRECTION('',(-1.E0,0.E0,0.E0));
#2050=DIRECTION('',(0.E0,1.E0,0.E0));
#2051=AXIS2_PLACEMENT_3D('',#2048,#2049,#2050);
#2053=CARTESIAN_POINT('',(-2.85E1,7.5E0,-1.9E1));
#2054=DIRECTION('',(-1.E0,0.E0,0.E0));
#2055=DIRECTION('',(0.E0,-1.E0,0.E0));
#2056=AXIS2_PLACEMENT_3D('',#2053,#2054,#2055);
#2058=CARTESIAN_POINT('',(-2.85E1,7.5E0,2.600835173882E1));
#2059=DIRECTION('',(-1.E0,0.E0,0.E0));
#2060=DIRECTION('',(0.E0,1.E0,0.E0));
#2061=AXIS2_PLACEMENT_3D('',#2058,#2059,#2060);
#2063=CARTESIAN_POINT('',(-2.85E1,7.5E0,2.600835173882E1));
#2064=DIRECTION('',(-1.E0,0.E0,0.E0));
#2065=DIRECTION('',(0.E0,-1.E0,0.E0));
#2066=AXIS2_PLACEMENT_3D('',#2063,#2064,#2065);
#2068=CARTESIAN_POINT('',(-2.85E1,7.9E1,3.300835173882E1));
#2069=DIRECTION('',(-1.E0,0.E0,0.E0));
#2070=DIRECTION('',(0.E0,0.E0,1.E0));
#2071=AXIS2_PLACEMENT_3D('',#2068,#2069,#2070);
#2073=DIRECTION('',(0.E0,1.E0,0.E0));
#2074=VECTOR('',#2073,1.45E1);
#2075=CARTESIAN_POINT('',(-2.85E1,6.45E1,3.350835173882E1));
#2076=LINE('',#2075,#2074);
#2077=DIRECTION('',(0.E0,0.E0,1.E0));
#2078=VECTOR('',#2077,1.5E1);
#2079=CARTESIAN_POINT('',(-2.85E1,6.45E1,1.850835173882E1));
#2080=LINE('',#2079,#2078);
#2081=DIRECTION('',(0.E0,-1.E0,0.E0));
#2082=VECTOR('',#2081,1.5E1);
#2083=CARTESIAN_POINT('',(-2.85E1,7.95E1,1.850835173882E1));
#2084=LINE('',#2083,#2082);
#2085=DIRECTION('',(0.E0,0.E0,-1.E0));
#2086=VECTOR('',#2085,1.45E1);
#2087=CARTESIAN_POINT('',(-2.85E1,7.95E1,3.300835173882E1));
#2088=LINE('',#2087,#2086);
#2089=CARTESIAN_POINT('',(-2.85E1,7.2E1,2.600835173882E1));
#2090=DIRECTION('',(-1.E0,0.E0,0.E0));
#2091=DIRECTION('',(0.E0,1.E0,0.E0));
#2092=AXIS2_PLACEMENT_3D('',#2089,#2090,#2091);
#2094=CARTESIAN_POINT('',(-2.85E1,7.2E1,2.600835173882E1));
#2095=DIRECTION('',(-1.E0,0.E0,0.E0));
#2096=DIRECTION('',(0.E0,-1.E0,0.E0));
#2097=AXIS2_PLACEMENT_3D('',#2094,#2095,#2096);
#2099=CARTESIAN_POINT('',(-2.85E1,7.9E1,-2.6E1));
#2100=DIRECTION('',(-1.E0,0.E0,0.E0));
#2101=DIRECTION('',(0.E0,1.E0,0.E0));
#2102=AXIS2_PLACEMENT_3D('',#2099,#2100,#2101);
#2104=DIRECTION('',(0.E0,0.E0,-1.E0));
#2105=VECTOR('',#2104,1.45E1);
#2106=CARTESIAN_POINT('',(-2.85E1,7.95E1,-1.15E1));
#2107=LINE('',#2106,#2105);
#2108=DIRECTION('',(0.E0,1.E0,0.E0));
#2109=VECTOR('',#2108,1.5E1);
#2110=CARTESIAN_POINT('',(-2.85E1,6.45E1,-1.15E1));
#2111=LINE('',#2110,#2109);
#2112=DIRECTION('',(0.E0,0.E0,1.E0));
#2113=VECTOR('',#2112,1.5E1);
#2114=CARTESIAN_POINT('',(-2.85E1,6.45E1,-2.65E1));
#2115=LINE('',#2114,#2113);
#2116=DIRECTION('',(0.E0,-1.E0,0.E0));
#2117=VECTOR('',#2116,1.45E1);
#2118=CARTESIAN_POINT('',(-2.85E1,7.9E1,-2.65E1));
#2119=LINE('',#2118,#2117);
#2120=CARTESIAN_POINT('',(-2.85E1,7.2E1,-1.9E1));
#2121=DIRECTION('',(-1.E0,0.E0,0.E0));
#2122=DIRECTION('',(0.E0,1.E0,0.E0));
#2123=AXIS2_PLACEMENT_3D('',#2120,#2121,#2122);
#2125=CARTESIAN_POINT('',(-2.85E1,7.2E1,-1.9E1));
#2126=DIRECTION('',(-1.E0,0.E0,0.E0));
#2127=DIRECTION('',(0.E0,-1.E0,0.E0));
#2128=AXIS2_PLACEMENT_3D('',#2125,#2126,#2127);
#2130=CARTESIAN_POINT('',(-2.85E1,5.E-1,3.300835173882E1));
#2131=DIRECTION('',(-1.E0,0.E0,0.E0));
#2132=DIRECTION('',(0.E0,-1.E0,0.E0));
#2133=AXIS2_PLACEMENT_3D('',#2130,#2131,#2132);
#2135=DIRECTION('',(0.E0,0.E0,1.E0));
#2136=VECTOR('',#2135,1.45E1);
#2137=CARTESIAN_POINT('',(-2.85E1,0.E0,1.850835173882E1));
#2138=LINE('',#2137,#2136);
#2139=DIRECTION('',(0.E0,-1.E0,0.E0));
#2140=VECTOR('',#2139,1.5E1);
#2141=CARTESIAN_POINT('',(-2.85E1,1.5E1,1.850835173882E1));
#2142=LINE('',#2141,#2140);
#2143=DIRECTION('',(0.E0,0.E0,-1.E0));
#2144=VECTOR('',#2143,1.5E1);
#2145=CARTESIAN_POINT('',(-2.85E1,1.5E1,3.350835173882E1));
#2146=LINE('',#2145,#2144);
#2147=DIRECTION('',(0.E0,1.E0,0.E0));
#2148=VECTOR('',#2147,1.45E1);
#2149=CARTESIAN_POINT('',(-2.85E1,5.E-1,3.350835173882E1));
#2150=LINE('',#2149,#2148);
#2151=CARTESIAN_POINT('',(-2.85E1,5.E-1,-2.6E1));
#2152=DIRECTION('',(-1.E0,0.E0,0.E0));
#2153=DIRECTION('',(0.E0,0.E0,-1.E0));
#2154=AXIS2_PLACEMENT_3D('',#2151,#2152,#2153);
#2156=DIRECTION('',(0.E0,-1.E0,0.E0));
#2157=VECTOR('',#2156,1.45E1);
#2158=CARTESIAN_POINT('',(-2.85E1,1.5E1,-2.65E1));
#2159=LINE('',#2158,#2157);
#2160=DIRECTION('',(0.E0,0.E0,-1.E0));
#2161=VECTOR('',#2160,1.5E1);
#2162=CARTESIAN_POINT('',(-2.85E1,1.5E1,-1.15E1));
#2163=LINE('',#2162,#2161);
#2164=DIRECTION('',(0.E0,1.E0,0.E0));
#2165=VECTOR('',#2164,1.5E1);
#2166=CARTESIAN_POINT('',(-2.85E1,0.E0,-1.15E1));
#2167=LINE('',#2166,#2165);
#2168=DIRECTION('',(0.E0,0.E0,1.E0));
#2169=VECTOR('',#2168,1.45E1);
#2170=CARTESIAN_POINT('',(-2.85E1,0.E0,-2.6E1));
#2171=LINE('',#2170,#2169);
#2172=DIRECTION('',(1.E0,0.E0,0.E0));
#2173=VECTOR('',#2172,1.2E1);
#2174=CARTESIAN_POINT('',(-2.85E1,1.26E1,-1.9E1));
#2175=LINE('',#2174,#2173);
#2176=CARTESIAN_POINT('',(-2.375E1,8.75E0,-2.394444132334E1));
#2177=CARTESIAN_POINT('',(-2.360054975158E1,8.75E0,-2.394444132334E1));
#2178=CARTESIAN_POINT('',(-2.332005818995E1,8.700100122909E0,
-2.395747622919E1));
#2179=CARTESIAN_POINT('',(-2.292933359043E1,8.477971161133E0,
-2.400817924832E1));
#2180=CARTESIAN_POINT('',(-2.264408419707E1,8.135347977165E0,
-2.406522502987E1));
#2181=CARTESIAN_POINT('',(-2.249508611643E1,7.723608191712E0,
-2.410113903996E1));
#2182=CARTESIAN_POINT('',(-2.249228520564E1,7.288204801862E0,
-2.410182187752E1));
#2183=CARTESIAN_POINT('',(-2.264145322663E1,6.868967409238E0,
-2.406584311930E1));
#2184=CARTESIAN_POINT('',(-2.292277043063E1,6.527701586878E0,
-2.400928629855E1));
#2185=CARTESIAN_POINT('',(-2.331594642399E1,6.300718658396E0,
-2.395773744267E1));
#2186=CARTESIAN_POINT('',(-2.359885378796E1,6.25E0,-2.394444132334E1));
#2187=CARTESIAN_POINT('',(-2.375E1,6.25E0,-2.394444132334E1));
#2189=CARTESIAN_POINT('',(-2.375E1,6.25E0,-2.394444132334E1));
#2190=CARTESIAN_POINT('',(-2.389904306015E1,6.25E0,-2.394444132334E1));
#2191=CARTESIAN_POINT('',(-2.417879236248E1,6.299568956284E0,
-2.395739609447E1));
#2192=CARTESIAN_POINT('',(-2.456887633478E1,6.520868245140E0,
-2.400791034470E1));
#2193=CARTESIAN_POINT('',(-2.485318807057E1,6.860389593090E0,
-2.406461321095E1));
#2194=CARTESIAN_POINT('',(-2.500521952522E1,7.273160921141E0,
-2.410120501874E1));
#2195=CARTESIAN_POINT('',(-2.500729624737E1,7.718249731413E0,
-2.410170524634E1));
#2196=CARTESIAN_POINT('',(-2.485520182037E1,8.135915896956E0,
-2.406510405788E1));
#2197=CARTESIAN_POINT('',(-2.457560999634E1,8.473285521841E0,
-2.400905383060E1));
#2198=CARTESIAN_POINT('',(-2.418312516729E1,8.699552240925E0,
-2.395767303275E1));
#2199=CARTESIAN_POINT('',(-2.390085582899E1,8.75E0,-2.394444132334E1));
#2200=CARTESIAN_POINT('',(-2.375E1,8.75E0,-2.394444132334E1));
#2202=DIRECTION('',(1.E0,0.E0,0.E0));
#2203=VECTOR('',#2202,1.2E1);
#2204=CARTESIAN_POINT('',(-2.85E1,2.4E0,-1.9E1));
#2205=LINE('',#2204,#2203);
#2206=CARTESIAN_POINT('',(-1.65E1,7.5E0,-1.9E1));
#2207=DIRECTION('',(-1.E0,0.E0,0.E0));
#2208=DIRECTION('',(0.E0,1.E0,0.E0));
#2209=AXIS2_PLACEMENT_3D('',#2206,#2207,#2208);
#2211=CARTESIAN_POINT('',(-1.65E1,7.5E0,-1.9E1));
#2212=DIRECTION('',(-1.E0,0.E0,0.E0));
#2213=DIRECTION('',(0.E0,-1.E0,0.E0));
#2214=AXIS2_PLACEMENT_3D('',#2211,#2212,#2213);
#2216=CARTESIAN_POINT('',(-1.65E1,7.5E0,2.600835173882E1));
#2217=DIRECTION('',(-1.E0,0.E0,0.E0));
#2218=DIRECTION('',(0.E0,1.E0,0.E0));
#2219=AXIS2_PLACEMENT_3D('',#2216,#2217,#2218);
#2221=CARTESIAN_POINT('',(-1.65E1,7.5E0,2.600835173882E1));
#2222=DIRECTION('',(-1.E0,0.E0,0.E0));
#2223=DIRECTION('',(0.E0,-1.E0,0.E0));
#2224=AXIS2_PLACEMENT_3D('',#2221,#2222,#2223);
#2226=CARTESIAN_POINT('',(-1.65E1,7.2E1,-1.9E1));
#2227=DIRECTION('',(-1.E0,0.E0,0.E0));
#2228=DIRECTION('',(0.E0,1.E0,0.E0));
#2229=AXIS2_PLACEMENT_3D('',#2226,#2227,#2228);
#2231=CARTESIAN_POINT('',(-1.65E1,7.2E1,-1.9E1));
#2232=DIRECTION('',(-1.E0,0.E0,0.E0));
#2233=DIRECTION('',(0.E0,-1.E0,0.E0));
#2234=AXIS2_PLACEMENT_3D('',#2231,#2232,#2233);
#2236=CARTESIAN_POINT('',(-1.65E1,7.2E1,2.600835173882E1));
#2237=DIRECTION('',(-1.E0,0.E0,0.E0));
#2238=DIRECTION('',(0.E0,1.E0,0.E0));
#2239=AXIS2_PLACEMENT_3D('',#2236,#2237,#2238);
#2241=CARTESIAN_POINT('',(-1.65E1,7.2E1,2.600835173882E1));
#2242=DIRECTION('',(-1.E0,0.E0,0.E0));
#2243=DIRECTION('',(0.E0,-1.E0,0.E0));
#2244=AXIS2_PLACEMENT_3D('',#2241,#2242,#2243);
#2246=CARTESIAN_POINT('',(-1.65E1,7.5E0,-1.9E1));
#2247=DIRECTION('',(-1.E0,0.E0,0.E0));
#2248=DIRECTION('',(0.E0,1.E0,0.E0));
#2249=AXIS2_PLACEMENT_3D('',#2246,#2247,#2248);
#2251=CARTESIAN_POINT('',(-1.65E1,7.5E0,-1.9E1));
#2252=DIRECTION('',(-1.E0,0.E0,0.E0));
#2253=DIRECTION('',(0.E0,-1.E0,0.E0));
#2254=AXIS2_PLACEMENT_3D('',#2251,#2252,#2253);
#2256=CARTESIAN_POINT('',(-1.65E1,7.5E0,2.600835173882E1));
#2257=DIRECTION('',(-1.E0,0.E0,0.E0));
#2258=DIRECTION('',(0.E0,1.E0,0.E0));
#2259=AXIS2_PLACEMENT_3D('',#2256,#2257,#2258);
#2261=CARTESIAN_POINT('',(-1.65E1,7.5E0,2.600835173882E1));
#2262=DIRECTION('',(-1.E0,0.E0,0.E0));
#2263=DIRECTION('',(0.E0,-1.E0,0.E0));
#2264=AXIS2_PLACEMENT_3D('',#2261,#2262,#2263);
#2266=CARTESIAN_POINT('',(-1.65E1,7.2E1,-1.9E1));
#2267=DIRECTION('',(-1.E0,0.E0,0.E0));
#2268=DIRECTION('',(0.E0,1.E0,0.E0));
#2269=AXIS2_PLACEMENT_3D('',#2266,#2267,#2268);
#2271=CARTESIAN_POINT('',(-1.65E1,7.2E1,-1.9E1));
#2272=DIRECTION('',(-1.E0,0.E0,0.E0));
#2273=DIRECTION('',(0.E0,-1.E0,0.E0));
#2274=AXIS2_PLACEMENT_3D('',#2271,#2272,#2273);
#2276=CARTESIAN_POINT('',(-1.65E1,7.2E1,2.600835173882E1));
#2277=DIRECTION('',(-1.E0,0.E0,0.E0));
#2278=DIRECTION('',(0.E0,1.E0,0.E0));
#2279=AXIS2_PLACEMENT_3D('',#2276,#2277,#2278);
#2281=CARTESIAN_POINT('',(-1.65E1,7.2E1,2.600835173882E1));
#2282=DIRECTION('',(-1.E0,0.E0,0.E0));
#2283=DIRECTION('',(0.E0,-1.E0,0.E0));
#2284=AXIS2_PLACEMENT_3D('',#2281,#2282,#2283);
#2286=DIRECTION('',(1.E0,0.E0,0.E0));
#2287=VECTOR('',#2286,1.2E1);
#2288=CARTESIAN_POINT('',(-2.85E1,1.26E1,2.600835173882E1));
#2289=LINE('',#2288,#2287);
#2290=DIRECTION('',(1.E0,0.E0,0.E0));
#2291=VECTOR('',#2290,1.2E1);
#2292=CARTESIAN_POINT('',(-2.85E1,2.4E0,2.600835173882E1));
#2293=LINE('',#2292,#2291);
#2294=CARTESIAN_POINT('',(-2.375E1,8.75E0,3.095279306217E1));
#2295=CARTESIAN_POINT('',(-2.389904306015E1,8.75E0,3.095279306217E1));
#2296=CARTESIAN_POINT('',(-2.417879236248E1,8.700431043716E0,3.096574783329E1));
#2297=CARTESIAN_POINT('',(-2.456887633478E1,8.479131754860E0,3.101626208352E1));
#2298=CARTESIAN_POINT('',(-2.485318807057E1,8.139610406910E0,3.107296494977E1));
#2299=CARTESIAN_POINT('',(-2.500521952522E1,7.726839078859E0,3.110955675756E1));
#2300=CARTESIAN_POINT('',(-2.500729624737E1,7.281750268587E0,3.111005698516E1));
#2301=CARTESIAN_POINT('',(-2.485520182037E1,6.864084103044E0,3.107345579670E1));
#2302=CARTESIAN_POINT('',(-2.457560999634E1,6.526714478159E0,3.101740556942E1));
#2303=CARTESIAN_POINT('',(-2.418312516729E1,6.300447759075E0,3.096602477157E1));
#2304=CARTESIAN_POINT('',(-2.390085582899E1,6.25E0,3.095279306217E1));
#2305=CARTESIAN_POINT('',(-2.375E1,6.25E0,3.095279306217E1));
#2307=CARTESIAN_POINT('',(-2.375E1,6.25E0,3.095279306217E1));
#2308=CARTESIAN_POINT('',(-2.360054975158E1,6.25E0,3.095279306217E1));
#2309=CARTESIAN_POINT('',(-2.332005818995E1,6.299899877091E0,3.096582796801E1));
#2310=CARTESIAN_POINT('',(-2.292933359043E1,6.522028838867E0,3.101653098714E1));
#2311=CARTESIAN_POINT('',(-2.264408419707E1,6.864652022835E0,3.107357676869E1));
#2312=CARTESIAN_POINT('',(-2.249508611643E1,7.276391808288E0,3.110949077878E1));
#2313=CARTESIAN_POINT('',(-2.249228520564E1,7.711795198138E0,3.111017361634E1));
#2314=CARTESIAN_POINT('',(-2.264145322663E1,8.131032590762E0,3.107419485813E1));
#2315=CARTESIAN_POINT('',(-2.292277043063E1,8.472298413122E0,3.101763803737E1));
#2316=CARTESIAN_POINT('',(-2.331594642399E1,8.699281341604E0,3.096608918149E1));
#2317=CARTESIAN_POINT('',(-2.359885378796E1,8.75E0,3.095279306217E1));
#2318=CARTESIAN_POINT('',(-2.375E1,8.75E0,3.095279306217E1));
#2320=DIRECTION('',(0.E0,0.E0,-1.E0));
#2321=VECTOR('',#2320,2.555558676655E0);
#2322=CARTESIAN_POINT('',(-2.375E1,8.75E0,3.350835173882E1));
#2323=LINE('',#2322,#2321);
#2324=DIRECTION('',(1.E0,1.247293177833E-10,0.E0));
#2325=VECTOR('',#2324,1.1E1);
#2326=CARTESIAN_POINT('',(-2.65E1,1.575702963928E1,3.350835173882E1));
#2327=LINE('',#2326,#2325);
#2328=DIRECTION('',(0.E0,1.E0,0.E0));
#2329=VECTOR('',#2328,1.266687327024E1);
#2330=CARTESIAN_POINT('',(-1.65E1,5.E-1,3.350835173882E1));
#2331=LINE('',#2330,#2329);
#2332=DIRECTION('',(1.E0,0.E0,0.E0));
#2333=VECTOR('',#2332,1.2E1);
#2334=CARTESIAN_POINT('',(-2.85E1,5.E-1,3.350835173882E1));
#2335=LINE('',#2334,#2333);
#2336=DIRECTION('',(0.E0,1.E0,0.E0));
#2337=VECTOR('',#2336,1.266687327024E1);
#2338=CARTESIAN_POINT('',(-1.65E1,6.633312672976E1,3.350835173882E1));
#2339=LINE('',#2338,#2337);
#2340=DIRECTION('',(-1.E0,9.463654102795E-11,0.E0));
#2341=VECTOR('',#2340,1.1E1);
#2342=CARTESIAN_POINT('',(-1.55E1,6.374297035968E1,3.350835173882E1));
#2343=LINE('',#2342,#2341);
#2344=DIRECTION('',(-1.E0,0.E0,0.E0));
#2345=VECTOR('',#2344,2.E0);
#2346=CARTESIAN_POINT('',(-2.65E1,6.45E1,3.350835173882E1));
#2347=LINE('',#2346,#2345);
#2348=DIRECTION('',(-1.E0,0.E0,0.E0));
#2349=VECTOR('',#2348,1.2E1);
#2350=CARTESIAN_POINT('',(-1.65E1,7.9E1,3.350835173882E1));
#2351=LINE('',#2350,#2349);
#2352=CARTESIAN_POINT('',(-2.375E1,7.5E0,3.350835173882E1));
#2353=DIRECTION('',(0.E0,0.E0,1.E0));
#2354=DIRECTION('',(0.E0,1.E0,0.E0));
#2355=AXIS2_PLACEMENT_3D('',#2352,#2353,#2354);
#2357=CARTESIAN_POINT('',(-2.375E1,7.5E0,3.350835173882E1));
#2358=DIRECTION('',(0.E0,0.E0,1.E0));
#2359=DIRECTION('',(0.E0,-1.E0,0.E0));
#2360=AXIS2_PLACEMENT_3D('',#2357,#2358,#2359);
#2362=CARTESIAN_POINT('',(-2.375E1,7.2E1,3.350835173882E1));
#2363=DIRECTION('',(0.E0,0.E0,1.E0));
#2364=DIRECTION('',(0.E0,1.E0,0.E0));
#2365=AXIS2_PLACEMENT_3D('',#2362,#2363,#2364);
#2367=CARTESIAN_POINT('',(-2.375E1,7.2E1,3.350835173882E1));
#2368=DIRECTION('',(0.E0,0.E0,1.E0));
#2369=DIRECTION('',(0.E0,-1.E0,0.E0));
#2370=AXIS2_PLACEMENT_3D('',#2367,#2368,#2369);
#2372=CARTESIAN_POINT('',(-1.55E1,3.975E1,9.391809742004E1));
#2373=DIRECTION('',(1.E0,0.E0,0.E0));
#2374=DIRECTION('',(0.E0,-6.004485372106E-1,-7.996634005390E-1));
#2375=AXIS2_PLACEMENT_3D('',#2372,#2373,#2374);
#2377=CARTESIAN_POINT('',(-1.55E1,3.975E1,9.391809742004E1));
#2378=DIRECTION('',(1.E0,0.E0,0.E0));
#2379=DIRECTION('',(0.E0,3.691226209134E-1,-9.293807027962E-1));
#2380=AXIS2_PLACEMENT_3D('',#2377,#2378,#2379);
#2382=CARTESIAN_POINT('',(-1.55E1,7.877915491944E1,4.193997638605E1));
#2383=CARTESIAN_POINT('',(-1.549997393568E1,7.903686416062E1,4.213348497729E1));
#2384=CARTESIAN_POINT('',(-1.542089115906E1,7.952723883852E1,4.250770275179E1));
#2385=CARTESIAN_POINT('',(-1.510984169023E1,8.018630783499E1,4.302487876207E1));
#2386=CARTESIAN_POINT('',(-1.460791224023E1,8.078161730265E1,4.350406050058E1));
#2387=CARTESIAN_POINT('',(-1.393141450865E1,8.126979108099E1,4.390611515988E1));
#2388=CARTESIAN_POINT('',(-1.320990533682E1,8.159249449270E1,4.417635535932E1));
#2389=CARTESIAN_POINT('',(-1.245179869960E1,8.179659906939E1,4.434899625609E1));
#2390=CARTESIAN_POINT('',(-1.183152502953E1,8.185931319660E1,4.440238566842E1));
#2391=CARTESIAN_POINT('',(-1.149999999997E1,8.185932782890E1,4.440239779055E1));
#2393=DIRECTION('',(1.E0,0.E0,-2.842170943214E-14));
#2394=VECTOR('',#2393,4.999999999694E-1);
#2395=CARTESIAN_POINT('',(-1.149999999997E1,8.185932782890E1,4.440239779055E1));
#2396=LINE('',#2395,#2394);
#2397=CARTESIAN_POINT('',(-1.1E1,3.975E1,9.391809742004E1));
#2398=DIRECTION('',(1.E0,0.E0,0.E0));
#2399=DIRECTION('',(0.E0,5.097150179243E-1,-8.603433038633E-1));
#2400=AXIS2_PLACEMENT_3D('',#2397,#2398,#2399);
#2402=DIRECTION('',(-1.E0,0.E0,0.E0));
#2403=VECTOR('',#2402,2.2E1);
#2404=CARTESIAN_POINT('',(1.1E1,7.288147616508E1,3.799578266892E1));
#2405=LINE('',#2404,#2403);
#2406=CARTESIAN_POINT('',(1.1E1,3.975E1,9.391809742004E1));
#2407=DIRECTION('',(-1.E0,0.E0,0.E0));
#2408=DIRECTION('',(0.E0,6.478358127523E-1,-7.617799942999E-1));
#2409=AXIS2_PLACEMENT_3D('',#2406,#2407,#2408);
#2411=DIRECTION('',(1.E0,-3.383536836966E-14,-2.706829469573E-14));
#2412=VECTOR('',#2411,1.049999999996E1);
#2413=CARTESIAN_POINT('',(1.100000000001E1,8.185932782890E1,4.440239779055E1));
#2414=LINE('',#2413,#2412);
#2415=CARTESIAN_POINT('',(2.149999999997E1,8.185932782890E1,4.440239779055E1));
#2416=CARTESIAN_POINT('',(2.182997976033E1,8.185930783099E1,4.440238102111E1));
#2417=CARTESIAN_POINT('',(2.246100060126E1,8.179864154643E1,4.435071485085E1));
#2418=CARTESIAN_POINT('',(2.331577556822E1,8.156084622083E1,4.414957609341E1));
#2419=CARTESIAN_POINT('',(2.409447208638E1,8.117514633267E1,4.382741221878E1));
#2420=CARTESIAN_POINT('',(2.473076853963E1,8.065722657826E1,4.340310513798E1));
#2421=CARTESIAN_POINT('',(2.515090911756E1,8.010532823942E1,4.296112107425E1));
#2422=CARTESIAN_POINT('',(2.541792738731E1,7.952088607177E1,4.250313644475E1));
#2423=CARTESIAN_POINT('',(2.549998113799E1,7.903850504058E1,4.213471672962E1));
#2424=CARTESIAN_POINT('',(2.55E1,7.877915491926E1,4.193997638543E1));
#2426=CARTESIAN_POINT('',(2.55E1,3.975E1,9.391809742004E1));
#2427=DIRECTION('',(-1.E0,0.E0,0.E0));
#2428=DIRECTION('',(0.E0,6.004485372106E-1,-7.996634005390E-1));
#2429=AXIS2_PLACEMENT_3D('',#2426,#2427,#2428);
#2431=CARTESIAN_POINT('',(2.55E1,7.208450807322E-1,4.193997638544E1));
#2432=CARTESIAN_POINT('',(2.549997393568E1,4.631358395462E-1,4.213348497669E1));
#2433=CARTESIAN_POINT('',(2.542089115906E1,-2.723883859700E-2,
4.250770275207E1));
#2434=CARTESIAN_POINT('',(2.510984169023E1,-6.863078349723E-1,
4.302487876199E1));
#2435=CARTESIAN_POINT('',(2.460791224023E1,-1.281617302656E0,4.350406050060E1));
#2436=CARTESIAN_POINT('',(2.393141450865E1,-1.769791080989E0,4.390611515987E1));
#2437=CARTESIAN_POINT('',(2.320990533682E1,-2.092494492700E0,4.417635535933E1));
#2438=CARTESIAN_POINT('',(2.245179869960E1,-2.296599069390E0,4.434899625609E1));
#2439=CARTESIAN_POINT('',(2.183152502953E1,-2.359313196604E0,4.440238566842E1));
#2440=CARTESIAN_POINT('',(2.149999999997E1,-2.359327828902E0,4.440239779055E1));
#2442=DIRECTION('',(-1.E0,0.E0,0.E0));
#2443=VECTOR('',#2442,1.049999999997E1);
#2444=CARTESIAN_POINT('',(2.149999999997E1,-2.359327828902E0,4.440239779055E1));
#2445=LINE('',#2444,#2443);
#2446=CARTESIAN_POINT('',(1.1E1,3.975E1,9.391809742004E1));
#2447=DIRECTION('',(-1.E0,0.E0,0.E0));
#2448=DIRECTION('',(0.E0,-5.097150179243E-1,-8.603433038633E-1));
#2449=AXIS2_PLACEMENT_3D('',#2446,#2447,#2448);
#2451=DIRECTION('',(1.E0,0.E0,0.E0));
#2452=VECTOR('',#2451,2.2E1);
#2453=CARTESIAN_POINT('',(-1.1E1,6.618523834923E0,3.799578266892E1));
#2454=LINE('',#2453,#2452);
#2455=CARTESIAN_POINT('',(-1.1E1,3.975E1,9.391809742004E1));
#2456=DIRECTION('',(1.E0,0.E0,0.E0));
#2457=DIRECTION('',(0.E0,-6.478358127523E-1,-7.617799942999E-1));
#2458=AXIS2_PLACEMENT_3D('',#2455,#2456,#2457);
#2460=DIRECTION('',(-1.E0,4.884981308761E-14,-2.842170943279E-14));
#2461=VECTOR('',#2460,4.999999999580E-1);
#2462=CARTESIAN_POINT('',(-1.100000000001E1,-2.359327828902E0,
4.440239779055E1));
#2463=LINE('',#2462,#2461);
#2464=CARTESIAN_POINT('',(-1.149999999997E1,-2.359327828902E0,
4.440239779055E1));
#2465=CARTESIAN_POINT('',(-1.182997976033E1,-2.359307830995E0,
4.440238102111E1));
#2466=CARTESIAN_POINT('',(-1.246100060126E1,-2.298641546426E0,
4.435071485085E1));
#2467=CARTESIAN_POINT('',(-1.331577556822E1,-2.060846220834E0,
4.414957609340E1));
#2468=CARTESIAN_POINT('',(-1.409447208638E1,-1.675146332669E0,
4.382741221879E1));
#2469=CARTESIAN_POINT('',(-1.473076853963E1,-1.157226578253E0,
4.340310513796E1));
#2470=CARTESIAN_POINT('',(-1.515090911756E1,-6.053282394323E-1,
4.296112107434E1));
#2471=CARTESIAN_POINT('',(-1.541792738731E1,-2.088607171374E-2,
4.250313644442E1));
#2472=CARTESIAN_POINT('',(-1.549998113799E1,4.614949593022E-1,
4.213471673035E1));
#2473=CARTESIAN_POINT('',(-1.55E1,7.208450806250E-1,4.193997638615E1));
#2475=CARTESIAN_POINT('',(-1.55E1,1.203965499598E-1,4.114031298196E1));
#2476=DIRECTION('',(0.E0,7.996634005953E-1,-6.004485371356E-1));
#2477=DIRECTION('',(-1.E0,-8.286509811661E-10,-1.103579450046E-9));
#2478=AXIS2_PLACEMENT_3D('',#2475,#2476,#2477);
#2480=CARTESIAN_POINT('',(-1.65E1,1.316687327024E1,3.350835173882E1));
#2481=CARTESIAN_POINT('',(-1.650000000009E1,1.331292251070E1,3.350835173882E1));
#2482=CARTESIAN_POINT('',(-1.648970372812E1,1.359230425244E1,3.350835173882E1));
#2483=CARTESIAN_POINT('',(-1.645115584652E1,1.397227580780E1,3.350835173882E1));
#2484=CARTESIAN_POINT('',(-1.639443412453E1,1.431607491099E1,3.350835173882E1));
#2485=CARTESIAN_POINT('',(-1.632231162568E1,1.462691730938E1,3.350835173882E1));
#2486=CARTESIAN_POINT('',(-1.623551163343E1,1.490865864041E1,3.350835173882E1));
#2487=CARTESIAN_POINT('',(-1.613182141600E1,1.516622154303E1,3.350835173882E1));
#2488=CARTESIAN_POINT('',(-1.600754386590E1,1.539657223534E1,3.350835173882E1));
#2489=CARTESIAN_POINT('',(-1.586510963992E1,1.558385479018E1,3.350835173882E1));
#2490=CARTESIAN_POINT('',(-1.569539505E1,1.572036771420E1,3.350835173882E1));
#2491=CARTESIAN_POINT('',(-1.556784516669E1,1.575702964065E1,3.350835173882E1));
#2492=CARTESIAN_POINT('',(-1.55E1,1.575702964065E1,3.350835173882E1));
#2494=CARTESIAN_POINT('',(-1.55E1,6.374297035968E1,3.350835173882E1));
#2495=CARTESIAN_POINT('',(-1.556775095800E1,6.374297035968E1,3.350835173882E1));
#2496=CARTESIAN_POINT('',(-1.569527297537E1,6.377933572433E1,3.350835173882E1));
#2497=CARTESIAN_POINT('',(-1.586679153204E1,6.391777182491E1,3.350835173882E1));
#2498=CARTESIAN_POINT('',(-1.600852837081E1,6.410513071779E1,3.350835173882E1));
#2499=CARTESIAN_POINT('',(-1.613243733755E1,6.433509628344E1,3.350835173882E1));
#2500=CARTESIAN_POINT('',(-1.623616511128E1,6.459316366100E1,3.350835173882E1));
#2501=CARTESIAN_POINT('',(-1.632292301778E1,6.487535804050E1,3.350835173882E1));
#2502=CARTESIAN_POINT('',(-1.639489024258E1,6.518627075634E1,3.350835173882E1));
#2503=CARTESIAN_POINT('',(-1.645141247290E1,6.552976235109E1,3.350835173882E1));
#2504=CARTESIAN_POINT('',(-1.648977070212E1,6.590898650160E1,3.350835173882E1));
#2505=CARTESIAN_POINT('',(-1.650000000007E1,6.618755869280E1,3.350835173882E1));
#2506=CARTESIAN_POINT('',(-1.65E1,6.633312672976E1,3.350835173882E1));
#2508=CARTESIAN_POINT('',(-1.549999999998E1,7.937960362872E1,4.114031311423E1));
#2509=DIRECTION('',(5.371829723408E-8,7.996633985730E-1,6.004485398289E-1));
#2510=DIRECTION('',(-1.E0,4.285888621780E-8,3.238515233761E-8));
#2511=AXIS2_PLACEMENT_3D('',#2508,#2509,#2510);
#2513=CARTESIAN_POINT('',(-1.149999999705E1,8.985273347842E1,3.678040322532E1));
#2514=CARTESIAN_POINT('',(-1.190626208132E1,8.985272431540E1,3.678039593754E1));
#2515=CARTESIAN_POINT('',(-1.270553798680E1,8.977586216387E1,3.671434971826E1));
#2516=CARTESIAN_POINT('',(-1.377206226846E1,8.947458559833E1,3.645669180421E1));
#2517=CARTESIAN_POINT('',(-1.474824888115E1,8.898610824315E1,3.604258632224E1));
#2518=CARTESIAN_POINT('',(-1.554266403748E1,8.833320353379E1,3.549647584071E1));
#2519=CARTESIAN_POINT('',(-1.606603737168E1,8.764044529847E1,3.492610957517E1));
#2520=CARTESIAN_POINT('',(-1.639810589564E1,8.691254539981E1,3.433563338036E1));
#2521=CARTESIAN_POINT('',(-1.649999226231E1,8.630721911929E1,3.385330571694E1));
#2522=CARTESIAN_POINT('',(-1.65E1,8.598913123509E1,3.360273666817E1));
#2524=CARTESIAN_POINT('',(-1.65E1,7.937960318444E1,4.114031331415E1));
#2525=CARTESIAN_POINT('',(-1.649998858436E1,7.969758329868E1,4.138669838917E1));
#2526=CARTESIAN_POINT('',(-1.640110087300E1,8.032032454849E1,4.187535179341E1));
#2527=CARTESIAN_POINT('',(-1.601231635747E1,8.114622964200E1,4.253820508279E1));
#2528=CARTESIAN_POINT('',(-1.538484636349E1,8.189721962035E1,4.315315377559E1));
#2529=CARTESIAN_POINT('',(-1.453943002250E1,8.251333766416E1,4.366702338276E1));
#2530=CARTESIAN_POINT('',(-1.363677813796E1,8.292138004445E1,4.401189265239E1));
#2531=CARTESIAN_POINT('',(-1.269200065302E1,8.317961590709E1,4.423190506011E1));
#2532=CARTESIAN_POINT('',(-1.190955339710E1,8.325903401771E1,4.429991657083E1));
#2533=CARTESIAN_POINT('',(-1.149999999706E1,8.325904049649E1,4.429992136454E1));
#2535=CARTESIAN_POINT('',(-1.150000001237E1,8.910085662402E1,3.612109965653E1));
#2536=DIRECTION('',(-1.E0,-2.351150163792E-9,-2.007554275255E-9));
#2537=DIRECTION('',(-3.091363609542E-9,7.518768548368E-1,6.593035682906E-1));
#2538=AXIS2_PLACEMENT_3D('',#2535,#2536,#2537);
#2540=CARTESIAN_POINT('',(-1.55E1,8.598913122996E1,3.360273666591E1));
#2541=DIRECTION('',(0.E0,-7.936231678310E-1,-6.084096214573E-1));
#2542=DIRECTION('',(-1.E0,7.914024990896E-10,-1.032319119076E-9));
#2543=AXIS2_PLACEMENT_3D('',#2540,#2541,#2542);
#2545=CARTESIAN_POINT('',(-1.65E1,7.95E1,2.914204088678E1));
#2546=CARTESIAN_POINT('',(-1.649999999985E1,7.95E1,2.900611946323E1));
#2547=CARTESIAN_POINT('',(-1.646185755387E1,7.95E1,2.875311688706E1));
#2548=CARTESIAN_POINT('',(-1.630632871078E1,7.95E1,2.841615599137E1));
#2549=CARTESIAN_POINT('',(-1.607797656826E1,7.949999999999E1,2.816311460263E1));
#2550=CARTESIAN_POINT('',(-1.579367581439E1,7.950000000005E1,2.800460462549E1));
#2551=CARTESIAN_POINT('',(-1.560038304273E1,7.949999999989E1,2.797162291281E1));
#2552=CARTESIAN_POINT('',(-1.550000000039E1,7.949999999989E1,2.797162291281E1));
#2554=CARTESIAN_POINT('',(2.15E1,8.910085662402E1,3.612109965653E1));
#2555=DIRECTION('',(-1.E0,0.E0,0.E0));
#2556=DIRECTION('',(0.E0,7.518768548368E-1,6.593035682907E-1));
#2557=AXIS2_PLACEMENT_3D('',#2554,#2555,#2556);
#2559=DIRECTION('',(-1.E0,-1.341849190937E-11,1.530552116313E-11));
#2560=VECTOR('',#2559,3.299999999376E1);
#2561=CARTESIAN_POINT('',(2.149999999672E1,8.985273347886E1,3.678040322482E1));
#2562=LINE('',#2561,#2560);
#2563=DIRECTION('',(6.371547562936E-11,-6.593035682907E-1,7.518768548367E-1));
#2564=VECTOR('',#2563,1.000099696109E1);
#2565=CARTESIAN_POINT('',(2.149999999672E1,8.985273347886E1,3.678040322482E1));
#2566=LINE('',#2565,#2564);
#2567=DIRECTION('',(1.E0,-5.117802479390E-11,5.838563496580E-11));
#2568=VECTOR('',#2567,1.049999999736E1);
#2569=CARTESIAN_POINT('',(1.1E1,8.325904049649E1,4.429992136454E1));
#2570=LINE('',#2569,#2568);
#2571=DIRECTION('',(0.E0,-6.593035682907E-1,7.518768548368E-1));
#2572=VECTOR('',#2571,9.539855938964E-1);
#2573=CARTESIAN_POINT('',(1.1E1,8.388800660264E1,4.358264167664E1));
#2574=LINE('',#2573,#2572);
#2575=DIRECTION('',(0.E0,6.593035682907E-1,-7.518768548367E-1));
#2576=VECTOR('',#2575,9.539855938964E-1);
#2577=CARTESIAN_POINT('',(-1.1E1,8.325904049649E1,4.429992136454E1));
#2578=LINE('',#2577,#2576);
#2579=DIRECTION('',(1.E0,-4.092726182052E-12,4.277467294437E-12));
#2580=VECTOR('',#2579,4.999999970589E-1);
#2581=CARTESIAN_POINT('',(-1.149999999706E1,8.325904049649E1,4.429992136454E1));
#2582=LINE('',#2581,#2580);
#2583=DIRECTION('',(1.334621472757E-12,6.593035682907E-1,-7.518768548367E-1));
#2584=VECTOR('',#2583,1.000099695960E1);
#2585=CARTESIAN_POINT('',(-1.149999999706E1,8.325904049649E1,4.429992136454E1));
#2586=LINE('',#2585,#2584);
#2587=CARTESIAN_POINT('',(2.65E1,8.598913100159E1,3.360273695337E1));
#2588=CARTESIAN_POINT('',(2.649998863838E1,8.630542787384E1,3.385189504899E1));
#2589=CARTESIAN_POINT('',(2.640081693095E1,8.692538784344E1,3.434562066542E1));
#2590=CARTESIAN_POINT('',(2.601063830910E1,8.774887367842E1,3.501437365271E1));
#2591=CARTESIAN_POINT('',(2.538049660386E1,8.849809089696E1,3.563351408235E1));
#2592=CARTESIAN_POINT('',(2.453526868595E1,8.911055839937E1,3.614777296326E1));
#2593=CARTESIAN_POINT('',(2.363506174373E1,8.951609367881E1,3.649219820909E1));
#2594=CARTESIAN_POINT('',(2.269116188658E1,8.977352866779E1,3.671236310146E1));
#2595=CARTESIAN_POINT('',(2.190935192822E1,8.985272705910E1,3.678039837135E1));
#2596=CARTESIAN_POINT('',(2.149999999672E1,8.985273347886E1,3.678040322482E1));
#2598=CARTESIAN_POINT('',(2.149999999736E1,8.325904049595E1,4.429992136515E1));
#2599=CARTESIAN_POINT('',(2.190592956518E1,8.325903137825E1,4.429991421332E1));
#2600=CARTESIAN_POINT('',(2.270428838165E1,8.318219809129E1,4.423409570835E1));
#2601=CARTESIAN_POINT('',(2.376890550714E1,8.288133087440E1,4.397776205073E1));
#2602=CARTESIAN_POINT('',(2.474330838856E1,8.239376283573E1,4.356652474610E1));
#2603=CARTESIAN_POINT('',(2.553840179818E1,8.174031733683E1,4.302381924259E1));
#2604=CARTESIAN_POINT('',(2.606365403352E1,8.104452257666E1,4.245636718796E1));
#2605=CARTESIAN_POINT('',(2.639739738160E1,8.031178213502E1,4.186894204237E1));
#2606=CARTESIAN_POINT('',(2.649999215041E1,7.970094546145E1,4.138930326124E1));
#2607=CARTESIAN_POINT('',(2.65E1,7.937960345329E1,4.114031298248E1));
#2609=CARTESIAN_POINT('',(2.549999999999E1,8.598913136237E1,3.360273676578E1));
#2610=DIRECTION('',(-3.917244471376E-8,7.936231665035E-1,6.084096231890E-1));
#2611=DIRECTION('',(1.E0,3.108847579369E-8,2.383248443039E-8));
#2612=AXIS2_PLACEMENT_3D('',#2609,#2610,#2611);
#2614=CARTESIAN_POINT('',(2.550000000045E1,7.949999999989E1,2.797162291281E1));
#2615=CARTESIAN_POINT('',(2.558675261647E1,7.949999999989E1,2.797162291281E1));
#2616=CARTESIAN_POINT('',(2.575650912820E1,7.950000000006E1,2.799739987957E1));
#2617=CARTESIAN_POINT('',(2.592074132304E1,7.95E1,2.807463911892E1));
#2618=CARTESIAN_POINT('',(2.6E1,7.95E1,2.812810303506E1));
#2620=CARTESIAN_POINT('',(2.6E1,7.95E1,2.812810303506E1));
#2621=CARTESIAN_POINT('',(2.608236878217E1,7.95E1,2.818366487172E1));
#2622=CARTESIAN_POINT('',(2.625138661910E1,7.945852144053E1,2.830972951725E1));
#2623=CARTESIAN_POINT('',(2.644887890597E1,7.927022116039E1,2.855434425549E1));
#2624=CARTESIAN_POINT('',(2.65E1,7.909281227284E1,2.874055394409E1));
#2625=CARTESIAN_POINT('',(2.65E1,7.9E1,2.883785848530E1));
#2627=CARTESIAN_POINT('',(2.65E1,3.975E1,9.391809742004E1));
#2628=DIRECTION('',(1.E0,0.E0,0.E0));
#2629=DIRECTION('',(0.E0,-6.084096215458E-1,-7.936231677632E-1));
#2630=AXIS2_PLACEMENT_3D('',#2627,#2628,#2629);
#2632=DIRECTION('',(0.E0,-6.593035670699E-1,-7.518768559072E-1));
#2633=VECTOR('',#2632,1.002501485017E1);
#2634=CARTESIAN_POINT('',(2.65E1,1.203968155513E-1,4.114031331413E1));
#2635=LINE('',#2634,#2633);
#2636=CARTESIAN_POINT('',(2.65E1,3.975E1,9.391809742004E1));
#2637=DIRECTION('',(-1.E0,0.E0,0.E0));
#2638=DIRECTION('',(0.E0,6.004485372106E-1,-7.996634005390E-1));
#2639=AXIS2_PLACEMENT_3D('',#2636,#2637,#2638);
#2641=DIRECTION('',(0.E0,-6.593035692440E-1,7.518768540008E-1));
#2642=VECTOR('',#2641,1.002501405517E1);
#2643=CARTESIAN_POINT('',(2.65E1,8.598913100159E1,3.360273695337E1));
#2644=LINE('',#2643,#2642);
#2645=CARTESIAN_POINT('',(2.65E1,3.975E1,9.391809742004E1));
#2646=DIRECTION('',(1.E0,0.E0,0.E0));
#2647=DIRECTION('',(0.E0,5.164473684299E-1,-8.563189333664E-1));
#2648=AXIS2_PLACEMENT_3D('',#2645,#2646,#2647);
#2650=DIRECTION('',(0.E0,-1.E0,-3.025392962972E-11));
#2651=VECTOR('',#2650,1.45E1);
#2652=CARTESIAN_POINT('',(2.65E1,7.9E1,-6.499999999561E0));
#2653=LINE('',#2652,#2651);
#2654=DIRECTION('',(0.E0,0.E0,1.E0));
#2655=VECTOR('',#2654,2.748614884068E1);
#2656=CARTESIAN_POINT('',(2.65E1,6.45E1,-6.5E0));
#2657=LINE('',#2656,#2655);
#2658=DIRECTION('',(0.E0,-1.E0,0.E0));
#2659=VECTOR('',#2658,4.95E1);
#2660=CARTESIAN_POINT('',(2.65E1,6.45E1,2.098614884068E1));
#2661=LINE('',#2660,#2659);
#2662=DIRECTION('',(0.E0,0.E0,-1.E0));
#2663=VECTOR('',#2662,1.773614884068E1);
#2664=CARTESIAN_POINT('',(2.65E1,1.5E1,2.098614884068E1));
#2665=LINE('',#2664,#2663);
#2666=DIRECTION('',(0.E0,1.E0,0.E0));
#2667=VECTOR('',#2666,7.E0);
#2668=CARTESIAN_POINT('',(2.65E1,8.E0,3.25E0));
#2669=LINE('',#2668,#2667);
#2670=DIRECTION('',(0.E0,0.E0,1.E0));
#2671=VECTOR('',#2670,6.5E0);
#2672=CARTESIAN_POINT('',(2.65E1,8.E0,-3.25E0));
#2673=LINE('',#2672,#2671);
#2674=DIRECTION('',(0.E0,1.E0,0.E0));
#2675=VECTOR('',#2674,7.E0);
#2676=CARTESIAN_POINT('',(2.65E1,8.E0,-3.25E0));
#2677=LINE('',#2676,#2675);
#2678=DIRECTION('',(0.E0,0.E0,-1.E0));
#2679=VECTOR('',#2678,3.25E0);
#2680=CARTESIAN_POINT('',(2.65E1,1.5E1,-3.25E0));
#2681=LINE('',#2680,#2679);
#2682=DIRECTION('',(0.E0,-1.E0,3.027653223916E-11));
#2683=VECTOR('',#2682,1.45E1);
#2684=CARTESIAN_POINT('',(2.65E1,1.5E1,-6.5E0));
#2685=LINE('',#2684,#2683);
#2686=CARTESIAN_POINT('',(2.55E1,-6.489131230145E0,3.360273666566E1));
#2687=DIRECTION('',(0.E0,7.936231678311E-1,-6.084096214572E-1));
#2688=DIRECTION('',(1.E0,-6.004627906009E-10,-7.832596793378E-10));
#2689=AXIS2_PLACEMENT_3D('',#2686,#2687,#2688);
#2691=CARTESIAN_POINT('',(2.65E1,5.E-1,2.883785848494E1));
#2692=CARTESIAN_POINT('',(2.65E1,4.071247882398E-1,2.874048795846E1));
#2693=CARTESIAN_POINT('',(2.644878849750E1,2.296518153984E-1,2.855419694115E1));
#2694=CARTESIAN_POINT('',(2.625139916663E1,4.151120721114E-2,2.830976077174E1));
#2695=CARTESIAN_POINT('',(2.608238440422E1,0.E0,2.818367540920E1));
#2696=CARTESIAN_POINT('',(2.6E1,0.E0,2.812810303470E1));
#2698=CARTESIAN_POINT('',(2.6E1,0.E0,2.812810303470E1));
#2699=CARTESIAN_POINT('',(2.592208452838E1,0.E0,2.807554517730E1));
#2700=CARTESIAN_POINT('',(2.575986751638E1,-4.246558660270E-11,
2.799844447082E1));
#2701=CARTESIAN_POINT('',(2.558836413418E1,8.492169930226E-11,
2.797162291268E1));
#2702=CARTESIAN_POINT('',(2.550000000033E1,8.492169930226E-11,
2.797162291268E1));
#2704=DIRECTION('',(0.E0,0.E0,1.E0));
#2705=VECTOR('',#2704,3.462810303470E1);
#2706=CARTESIAN_POINT('',(2.6E1,0.E0,-6.5E0));
#2707=LINE('',#2706,#2705);
#2708=DIRECTION('',(0.E0,0.E0,-1.E0));
#2709=VECTOR('',#2708,3.533785848450E1);
#2710=CARTESIAN_POINT('',(2.65E1,5.E-1,2.883785848494E1));
#2711=LINE('',#2710,#2709);
#2712=CARTESIAN_POINT('',(2.6E1,5.E-1,-6.5E0));
#2713=DIRECTION('',(0.E0,0.E0,-1.E0));
#2714=DIRECTION('',(1.E0,0.E0,0.E0));
#2715=AXIS2_PLACEMENT_3D('',#2712,#2713,#2714);
#2717=CARTESIAN_POINT('',(6.5E0,5.E-1,-6.5E0));
#2718=DIRECTION('',(0.E0,1.E0,0.E0));
#2719=DIRECTION('',(1.E0,0.E0,0.E0));
#2720=AXIS2_PLACEMENT_3D('',#2717,#2718,#2719);
#2722=DIRECTION('',(-1.E0,0.E0,0.E0));
#2723=VECTOR('',#2722,3.499999999949E1);
#2724=CARTESIAN_POINT('',(6.499999999493E0,5.E-1,-2.65E1));
#2725=LINE('',#2724,#2723);
#2726=DIRECTION('',(-3.499496478039E-11,-1.E0,0.E0));
#2727=VECTOR('',#2726,1.45E1);
#2728=CARTESIAN_POINT('',(6.5E0,1.5E1,-2.65E1));
#2729=LINE('',#2728,#2727);
#2730=DIRECTION('',(-1.E0,0.E0,0.E0));
#2731=VECTOR('',#2730,3.5E1);
#2732=CARTESIAN_POINT('',(6.5E0,1.5E1,-2.65E1));
#2733=LINE('',#2732,#2731);
#2734=CARTESIAN_POINT('',(-2.375E1,7.5E0,-2.65E1));
#2735=DIRECTION('',(0.E0,0.E0,-1.E0));
#2736=DIRECTION('',(0.E0,1.E0,0.E0));
#2737=AXIS2_PLACEMENT_3D('',#2734,#2735,#2736);
#2739=CARTESIAN_POINT('',(-2.375E1,7.5E0,-2.65E1));
#2740=DIRECTION('',(0.E0,0.E0,-1.E0));
#2741=DIRECTION('',(0.E0,-1.E0,0.E0));
#2742=AXIS2_PLACEMENT_3D('',#2739,#2740,#2741);
#2744=CARTESIAN_POINT('',(6.5E0,5.E-1,-2.6E1));
#2745=DIRECTION('',(-1.E0,0.E0,0.E0));
#2746=DIRECTION('',(0.E0,0.E0,-1.E0));
#2747=AXIS2_PLACEMENT_3D('',#2744,#2745,#2746);
#2749=DIRECTION('',(0.E0,0.E0,1.E0));
#2750=VECTOR('',#2749,2.555558676655E0);
#2751=CARTESIAN_POINT('',(-2.375E1,8.75E0,-2.65E1));
#2752=LINE('',#2751,#2750);
#2753=DIRECTION('',(0.E0,0.E0,1.E0));
#2754=VECTOR('',#2753,2.555558676655E0);
#2755=CARTESIAN_POINT('',(-2.375E1,6.25E0,-2.65E1));
#2756=LINE('',#2755,#2754);
#2757=CARTESIAN_POINT('',(2.55E1,7.937960345687E1,4.114031298519E1));
#2758=DIRECTION('',(0.E0,-7.996634005280E-1,-6.004485372253E-1));
#2759=DIRECTION('',(1.E0,-5.310596407071E-11,7.072031849020E-11));
#2760=AXIS2_PLACEMENT_3D('',#2757,#2758,#2759);
#2762=CARTESIAN_POINT('',(2.150000001307E1,8.250716364165E1,4.364061779625E1));
#2763=DIRECTION('',(1.E0,-2.489492128595E-9,-2.117109801078E-9));
#2764=DIRECTION('',(3.267608406077E-9,7.518768548368E-1,6.593035682906E-1));
#2765=AXIS2_PLACEMENT_3D('',#2762,#2763,#2764);
#2767=CARTESIAN_POINT('',(1.1E1,8.250716364165E1,4.364061779625E1));
#2768=DIRECTION('',(1.E0,0.E0,0.E0));
#2769=DIRECTION('',(0.E0,7.518768548367E-1,6.593035682907E-1));
#2770=AXIS2_PLACEMENT_3D('',#2767,#2768,#2769);
#2772=CARTESIAN_POINT('',(1.1E1,8.250716364165E1,4.364061779625E1));
#2773=DIRECTION('',(0.E0,-6.593035682907E-1,7.518768548367E-1));
#2774=DIRECTION('',(0.E0,7.518768548367E-1,6.593035682907E-1));
#2775=AXIS2_PLACEMENT_3D('',#2772,#2773,#2774);
#2777=CARTESIAN_POINT('',(1.1E1,8.250716364165E1,4.364061779625E1));
#2778=DIRECTION('',(0.E0,7.617799942999E-1,6.478358127523E-1));
#2779=DIRECTION('',(-1.E0,1.421085471520E-14,-1.421085471520E-14));
#2780=AXIS2_PLACEMENT_3D('',#2777,#2778,#2779);
#2782=CARTESIAN_POINT('',(1.000132681010E1,7.421993348518E1,3.769506977576E1));
#2783=CARTESIAN_POINT('',(1.000624754368E1,7.416647719393E1,3.777423182455E1));
#2784=CARTESIAN_POINT('',(1.004347986245E1,7.403578431914E1,3.791900417330E1));
#2785=CARTESIAN_POINT('',(1.018586154318E1,7.377673368132E1,3.807432322028E1));
#2786=CARTESIAN_POINT('',(1.040042020048E1,7.348486201932E1,3.814607975401E1));
#2787=CARTESIAN_POINT('',(1.067417440574E1,7.317842105709E1,3.812896610773E1));
#2788=CARTESIAN_POINT('',(1.088778433121E1,7.297728597876E1,3.805254570837E1));
#2789=CARTESIAN_POINT('',(1.1E1,7.288147616508E1,3.799578266892E1));
#2791=CARTESIAN_POINT('',(-1.1E1,8.250716364165E1,4.364061779625E1));
#2792=DIRECTION('',(0.E0,7.617799942999E-1,6.478358127523E-1));
#2793=DIRECTION('',(0.E0,-6.478358127523E-1,7.617799942999E-1));
#2794=AXIS2_PLACEMENT_3D('',#2791,#2792,#2793);
#2796=CARTESIAN_POINT('',(-1.000132681010E1,7.421993348518E1,3.769506977576E1));
#2797=CARTESIAN_POINT('',(-1.000624754368E1,7.416647719393E1,3.777423182455E1));
#2798=CARTESIAN_POINT('',(-1.004347986245E1,7.403578431914E1,3.791900417330E1));
#2799=CARTESIAN_POINT('',(-1.018586154318E1,7.377673368132E1,3.807432322028E1));
#2800=CARTESIAN_POINT('',(-1.040042020048E1,7.348486201932E1,3.814607975401E1));
#2801=CARTESIAN_POINT('',(-1.067417440574E1,7.317842105709E1,3.812896610773E1));
#2802=CARTESIAN_POINT('',(-1.088778433121E1,7.297728597876E1,3.805254570837E1));
#2803=CARTESIAN_POINT('',(-1.1E1,7.288147616508E1,3.799578266892E1));
#2805=CARTESIAN_POINT('',(-1.1E1,8.250716364165E1,4.364061779625E1));
#2806=DIRECTION('',(1.E0,0.E0,0.E0));
#2807=DIRECTION('',(0.E0,7.518768548368E-1,6.593035682906E-1));
#2808=AXIS2_PLACEMENT_3D('',#2805,#2806,#2807);
#2810=CARTESIAN_POINT('',(-1.15E1,8.250716364165E1,4.364061779625E1));
#2811=DIRECTION('',(1.E0,0.E0,0.E0));
#2812=DIRECTION('',(0.E0,7.518768548368E-1,6.593035682907E-1));
#2813=AXIS2_PLACEMENT_3D('',#2810,#2811,#2812);
#2815=CARTESIAN_POINT('',(-1.1E1,8.250716364165E1,4.364061779625E1));
#2816=DIRECTION('',(0.E0,6.593035682907E-1,-7.518768548367E-1));
#2817=DIRECTION('',(0.E0,7.518768548367E-1,6.593035682907E-1));
#2818=AXIS2_PLACEMENT_3D('',#2815,#2816,#2817);
#2820=CARTESIAN_POINT('',(-1.1E1,8.388800660264E1,4.358264167664E1));
#2821=CARTESIAN_POINT('',(-1.066624914213E1,8.388800660264E1,4.358264167664E1));
#2822=CARTESIAN_POINT('',(-1.025214377770E1,8.368615656859E1,4.342945461907E1));
#2823=CARTESIAN_POINT('',(-1.E1,8.335529144957E1,4.317835605336E1));
#2824=CARTESIAN_POINT('',(-1.E1,8.308943275951E1,4.297659185425E1));
#2826=DIRECTION('',(1.E0,0.E0,0.E0));
#2827=VECTOR('',#2826,2.2E1);
#2828=CARTESIAN_POINT('',(-1.1E1,8.388800660264E1,4.358264167664E1));
#2829=LINE('',#2828,#2827);
#2830=DIRECTION('',(1.E0,0.E0,0.E0));
#2831=VECTOR('',#2830,2.E1);
#2832=CARTESIAN_POINT('',(-1.E1,7.935137131261E1,4.013972022935E1));
#2833=LINE('',#2832,#2831);
#2834=CARTESIAN_POINT('',(1.E1,8.308943275951E1,4.297659185425E1));
#2835=CARTESIAN_POINT('',(1.E1,8.335529144957E1,4.317835605336E1));
#2836=CARTESIAN_POINT('',(1.025214377770E1,8.368615656859E1,4.342945461907E1));
#2837=CARTESIAN_POINT('',(1.066624914213E1,8.388800660264E1,4.358264167664E1));
#2838=CARTESIAN_POINT('',(1.1E1,8.388800660264E1,4.358264167664E1));
#2840=CARTESIAN_POINT('',(-1.E1,7.995590668490E1,3.934314193210E1));
#2841=DIRECTION('',(-1.E0,0.E0,0.E0));
#2842=DIRECTION('',(0.E0,-8.287423021801E-1,-5.596304106973E-1));
#2843=AXIS2_PLACEMENT_3D('',#2840,#2841,#2842);
#2845=CARTESIAN_POINT('',(1.E1,7.995590668490E1,3.934314193210E1));
#2846=DIRECTION('',(1.E0,0.E0,0.E0));
#2847=DIRECTION('',(0.E0,-6.045353722962E-1,7.965782972456E-1));
#2848=AXIS2_PLACEMENT_3D('',#2845,#2846,#2847);
#2850=DIRECTION('',(1.E0,0.E0,0.E0));
#2851=VECTOR('',#2850,2.E1);
#2852=CARTESIAN_POINT('',(-1.E1,7.912716438272E1,3.878351152141E1));
#2853=LINE('',#2852,#2851);
#2854=DIRECTION('',(-1.E0,0.E0,0.E0));
#2855=VECTOR('',#2854,2.E1);
#2856=CARTESIAN_POINT('',(1.E1,8.372742131695E1,3.197110917619E1));
#2857=LINE('',#2856,#2855);
#2858=DIRECTION('',(0.E0,0.E0,1.E0));
#2859=VECTOR('',#2858,3.533785848487E1);
#2860=CARTESIAN_POINT('',(2.65E1,7.9E1,-6.499999999561E0));
#2861=LINE('',#2860,#2859);
#2862=DIRECTION('',(0.E0,0.E0,-1.E0));
#2863=VECTOR('',#2862,3.462810303506E1);
#2864=CARTESIAN_POINT('',(2.6E1,7.95E1,2.812810303506E1));
#2865=LINE('',#2864,#2863);
#2866=CARTESIAN_POINT('',(2.6E1,7.9E1,-6.5E0));
#2867=DIRECTION('',(0.E0,0.E0,1.E0));
#2868=DIRECTION('',(1.E0,0.E0,0.E0));
#2869=AXIS2_PLACEMENT_3D('',#2866,#2867,#2868);
#2871=CARTESIAN_POINT('',(6.5E0,7.9E1,-2.6E1));
#2872=DIRECTION('',(1.E0,0.E0,0.E0));
#2873=DIRECTION('',(0.E0,0.E0,-1.E0));
#2874=AXIS2_PLACEMENT_3D('',#2871,#2872,#2873);
#2876=CARTESIAN_POINT('',(6.5E0,7.9E1,-6.5E0));
#2877=DIRECTION('',(0.E0,-1.E0,0.E0));
#2878=DIRECTION('',(0.E0,0.E0,-1.E0));
#2879=AXIS2_PLACEMENT_3D('',#2876,#2877,#2878);
#2881=DIRECTION('',(1.E0,0.E0,0.E0));
#2882=VECTOR('',#2881,3.499999999949E1);
#2883=CARTESIAN_POINT('',(-2.85E1,7.9E1,-2.65E1));
#2884=LINE('',#2883,#2882);
#2885=DIRECTION('',(1.E0,0.E0,0.E0));
#2886=VECTOR('',#2885,3.5E1);
#2887=CARTESIAN_POINT('',(-2.85E1,6.45E1,-2.65E1));
#2888=LINE('',#2887,#2886);
#2889=DIRECTION('',(3.501909873194E-11,-1.E0,0.E0));
#2890=VECTOR('',#2889,1.45E1);
#2891=CARTESIAN_POINT('',(6.499999999492E0,7.9E1,-2.65E1));
#2892=LINE('',#2891,#2890);
#2893=CARTESIAN_POINT('',(-2.375E1,7.2E1,-2.65E1));
#2894=DIRECTION('',(0.E0,0.E0,-1.E0));
#2895=DIRECTION('',(0.E0,1.E0,0.E0));
#2896=AXIS2_PLACEMENT_3D('',#2893,#2894,#2895);
#2898=CARTESIAN_POINT('',(-2.375E1,7.2E1,-2.65E1));
#2899=DIRECTION('',(0.E0,0.E0,-1.E0));
#2900=DIRECTION('',(0.E0,-1.E0,0.E0));
#2901=AXIS2_PLACEMENT_3D('',#2898,#2899,#2900);
#2903=DIRECTION('',(0.E0,0.E0,1.E0));
#2904=VECTOR('',#2903,2.555558676655E0);
#2905=CARTESIAN_POINT('',(-2.375E1,7.325E1,-2.65E1));
#2906=LINE('',#2905,#2904);
#2907=DIRECTION('',(0.E0,0.E0,1.E0));
#2908=VECTOR('',#2907,2.555558676655E0);
#2909=CARTESIAN_POINT('',(-2.375E1,7.075E1,-2.65E1));
#2910=LINE('',#2909,#2908);
#2911=DIRECTION('',(1.E0,0.E0,0.E0));
#2912=VECTOR('',#2911,1.2E1);
#2913=CARTESIAN_POINT('',(-2.85E1,7.71E1,-1.9E1));
#2914=LINE('',#2913,#2912);
#2915=CARTESIAN_POINT('',(-2.375E1,7.325E1,-2.394444132334E1));
#2916=CARTESIAN_POINT('',(-2.360054975158E1,7.325E1,-2.394444132334E1));
#2917=CARTESIAN_POINT('',(-2.332005818995E1,7.320010012291E1,
-2.395747622919E1));
#2918=CARTESIAN_POINT('',(-2.292933359043E1,7.297797116113E1,
-2.400817924832E1));
#2919=CARTESIAN_POINT('',(-2.264408419707E1,7.263534797716E1,
-2.406522502987E1));
#2920=CARTESIAN_POINT('',(-2.249508611643E1,7.222360819171E1,
-2.410113903996E1));
#2921=CARTESIAN_POINT('',(-2.249228520564E1,7.178820480186E1,
-2.410182187752E1));
#2922=CARTESIAN_POINT('',(-2.264145322663E1,7.136896740924E1,
-2.406584311930E1));
#2923=CARTESIAN_POINT('',(-2.292277043063E1,7.102770158688E1,
-2.400928629855E1));
#2924=CARTESIAN_POINT('',(-2.331594642399E1,7.080071865840E1,
-2.395773744267E1));
#2925=CARTESIAN_POINT('',(-2.359885378796E1,7.075E1,-2.394444132334E1));
#2926=CARTESIAN_POINT('',(-2.375E1,7.075E1,-2.394444132334E1));
#2928=CARTESIAN_POINT('',(-2.375E1,7.075E1,-2.394444132334E1));
#2929=CARTESIAN_POINT('',(-2.389904306015E1,7.075E1,-2.394444132334E1));
#2930=CARTESIAN_POINT('',(-2.417879236248E1,7.079956895628E1,
-2.395739609447E1));
#2931=CARTESIAN_POINT('',(-2.456887633478E1,7.102086824514E1,
-2.400791034470E1));
#2932=CARTESIAN_POINT('',(-2.485318807057E1,7.136038959309E1,
-2.406461321095E1));
#2933=CARTESIAN_POINT('',(-2.500521952522E1,7.177316092114E1,
-2.410120501874E1));
#2934=CARTESIAN_POINT('',(-2.500729624737E1,7.221824973141E1,
-2.410170524634E1));
#2935=CARTESIAN_POINT('',(-2.485520182037E1,7.263591589696E1,
-2.406510405788E1));
#2936=CARTESIAN_POINT('',(-2.457560999634E1,7.297328552184E1,
-2.400905383060E1));
#2937=CARTESIAN_POINT('',(-2.418312516729E1,7.319955224093E1,
-2.395767303275E1));
#2938=CARTESIAN_POINT('',(-2.390085582899E1,7.325E1,-2.394444132334E1));
#2939=CARTESIAN_POINT('',(-2.375E1,7.325E1,-2.394444132334E1));
#2941=DIRECTION('',(1.E0,0.E0,0.E0));
#2942=VECTOR('',#2941,1.2E1);
#2943=CARTESIAN_POINT('',(-2.85E1,6.69E1,-1.9E1));
#2944=LINE('',#2943,#2942);
#2945=DIRECTION('',(0.E0,-1.E0,0.E0));
#2946=VECTOR('',#2945,7.E0);
#2947=CARTESIAN_POINT('',(2.375E1,1.5E1,3.25E0));
#2948=LINE('',#2947,#2946);
#2949=DIRECTION('',(0.E0,-1.E0,0.E0));
#2950=VECTOR('',#2949,7.E0);
#2951=CARTESIAN_POINT('',(2.375E1,1.5E1,-3.25E0));
#2952=LINE('',#2951,#2950);
#2953=CARTESIAN_POINT('',(-1.000132681010E1,5.280066514819E0,3.769506977576E1));
#2954=CARTESIAN_POINT('',(-1.000624754368E1,5.333522806071E0,3.777423182455E1));
#2955=CARTESIAN_POINT('',(-1.004347986245E1,5.464215680862E0,3.791900417330E1));
#2956=CARTESIAN_POINT('',(-1.018586154318E1,5.723266318675E0,3.807432322028E1));
#2957=CARTESIAN_POINT('',(-1.040042020048E1,6.015137980681E0,3.814607975401E1));
#2958=CARTESIAN_POINT('',(-1.067417440574E1,6.321578942911E0,3.812896610773E1));
#2959=CARTESIAN_POINT('',(-1.088778433121E1,6.522714021244E0,3.805254570837E1));
#2960=CARTESIAN_POINT('',(-1.1E1,6.618523834923E0,3.799578266892E1));
#2962=CARTESIAN_POINT('',(-1.65E1,7.9E1,3.300835173882E1));
#2963=DIRECTION('',(-1.E0,0.E0,0.E0));
#2964=DIRECTION('',(0.E0,0.E0,1.E0));
#2965=AXIS2_PLACEMENT_3D('',#2962,#2963,#2964);
#2967=DIRECTION('',(0.E0,0.E0,-1.E0));
#2968=VECTOR('',#2967,2.555558676655E0);
#2969=CARTESIAN_POINT('',(-2.375E1,6.25E0,3.350835173882E1));
#2970=LINE('',#2969,#2968);
#2971=DIRECTION('',(0.E0,0.E0,-1.E0));
#2972=VECTOR('',#2971,2.555558676655E0);
#2973=CARTESIAN_POINT('',(-2.375E1,7.325E1,3.350835173882E1));
#2974=LINE('',#2973,#2972);
#2975=DIRECTION('',(0.E0,0.E0,-1.E0));
#2976=VECTOR('',#2975,2.555558676655E0);
#2977=CARTESIAN_POINT('',(-2.375E1,7.075E1,3.350835173882E1));
#2978=LINE('',#2977,#2976);
#2979=DIRECTION('',(1.E0,0.E0,0.E0));
#2980=VECTOR('',#2979,1.2E1);
#2981=CARTESIAN_POINT('',(-2.85E1,6.69E1,2.600835173882E1));
#2982=LINE('',#2981,#2980);
#2983=CARTESIAN_POINT('',(-2.375E1,7.325E1,3.095279306217E1));
#2984=CARTESIAN_POINT('',(-2.389904306015E1,7.325E1,3.095279306217E1));
#2985=CARTESIAN_POINT('',(-2.417879236248E1,7.320043104372E1,3.096574783329E1));
#2986=CARTESIAN_POINT('',(-2.456887633478E1,7.297913175486E1,3.101626208352E1));
#2987=CARTESIAN_POINT('',(-2.485318807057E1,7.263961040691E1,3.107296494977E1));
#2988=CARTESIAN_POINT('',(-2.500521952522E1,7.222683907886E1,3.110955675756E1));
#2989=CARTESIAN_POINT('',(-2.500729624737E1,7.178175026859E1,3.111005698516E1));
#2990=CARTESIAN_POINT('',(-2.485520182037E1,7.136408410304E1,3.107345579670E1));
#2991=CARTESIAN_POINT('',(-2.457560999634E1,7.102671447816E1,3.101740556942E1));
#2992=CARTESIAN_POINT('',(-2.418312516729E1,7.080044775907E1,3.096602477157E1));
#2993=CARTESIAN_POINT('',(-2.390085582899E1,7.075E1,3.095279306217E1));
#2994=CARTESIAN_POINT('',(-2.375E1,7.075E1,3.095279306217E1));
#2996=CARTESIAN_POINT('',(-2.375E1,7.075E1,3.095279306217E1));
#2997=CARTESIAN_POINT('',(-2.360054975158E1,7.075E1,3.095279306217E1));
#2998=CARTESIAN_POINT('',(-2.332005818995E1,7.079989987709E1,3.096582796801E1));
#2999=CARTESIAN_POINT('',(-2.292933359043E1,7.102202883887E1,3.101653098714E1));
#3000=CARTESIAN_POINT('',(-2.264408419707E1,7.136465202284E1,3.107357676869E1));
#3001=CARTESIAN_POINT('',(-2.249508611643E1,7.177639180829E1,3.110949077878E1));
#3002=CARTESIAN_POINT('',(-2.249228520564E1,7.221179519814E1,3.111017361634E1));
#3003=CARTESIAN_POINT('',(-2.264145322663E1,7.263103259076E1,3.107419485813E1));
#3004=CARTESIAN_POINT('',(-2.292277043063E1,7.297229841312E1,3.101763803737E1));
#3005=CARTESIAN_POINT('',(-2.331594642399E1,7.319928134160E1,3.096608918149E1));
#3006=CARTESIAN_POINT('',(-2.359885378796E1,7.325E1,3.095279306217E1));
#3007=CARTESIAN_POINT('',(-2.375E1,7.325E1,3.095279306217E1));
#3009=DIRECTION('',(1.E0,0.E0,0.E0));
#3010=VECTOR('',#3009,1.2E1);
#3011=CARTESIAN_POINT('',(-2.85E1,7.71E1,2.600835173882E1));
#3012=LINE('',#3011,#3010);
#3013=DIRECTION('',(-1.E0,0.E0,0.E0));
#3014=VECTOR('',#3013,3.E1);
#3015=CARTESIAN_POINT('',(-1.65E1,1.165E1,-1.9E1));
#3016=LINE('',#3015,#3014);
#3017=DIRECTION('',(-1.E0,0.E0,0.E0));
#3018=VECTOR('',#3017,3.E1);
#3019=CARTESIAN_POINT('',(-1.65E1,3.35E0,-1.9E1));
#3020=LINE('',#3019,#3018);
#3021=CARTESIAN_POINT('',(-4.65E1,7.5E0,-1.9E1));
#3022=DIRECTION('',(-1.E0,0.E0,0.E0));
#3023=DIRECTION('',(0.E0,1.E0,0.E0));
#3024=AXIS2_PLACEMENT_3D('',#3021,#3022,#3023);
#3026=CARTESIAN_POINT('',(-4.65E1,7.5E0,-1.9E1));
#3027=DIRECTION('',(-1.E0,0.E0,0.E0));
#3028=DIRECTION('',(0.E0,-1.E0,0.E0));
#3029=AXIS2_PLACEMENT_3D('',#3026,#3027,#3028);
#3031=CARTESIAN_POINT('',(-4.65E1,7.5E0,2.600835173882E1));
#3032=DIRECTION('',(-1.E0,0.E0,0.E0));
#3033=DIRECTION('',(0.E0,1.E0,0.E0));
#3034=AXIS2_PLACEMENT_3D('',#3031,#3032,#3033);
#3036=CARTESIAN_POINT('',(-4.65E1,7.5E0,2.600835173882E1));
#3037=DIRECTION('',(-1.E0,0.E0,0.E0));
#3038=DIRECTION('',(0.E0,-1.E0,0.E0));
#3039=AXIS2_PLACEMENT_3D('',#3036,#3037,#3038);
#3041=CARTESIAN_POINT('',(-4.65E1,7.2E1,-1.9E1));
#3042=DIRECTION('',(-1.E0,0.E0,0.E0));
#3043=DIRECTION('',(0.E0,1.E0,0.E0));
#3044=AXIS2_PLACEMENT_3D('',#3041,#3042,#3043);
#3046=CARTESIAN_POINT('',(-4.65E1,7.2E1,-1.9E1));
#3047=DIRECTION('',(-1.E0,0.E0,0.E0));
#3048=DIRECTION('',(0.E0,-1.E0,0.E0));
#3049=AXIS2_PLACEMENT_3D('',#3046,#3047,#3048);
#3051=CARTESIAN_POINT('',(-4.65E1,7.2E1,2.600835173882E1));
#3052=DIRECTION('',(-1.E0,0.E0,0.E0));
#3053=DIRECTION('',(0.E0,1.E0,0.E0));
#3054=AXIS2_PLACEMENT_3D('',#3051,#3052,#3053);
#3056=CARTESIAN_POINT('',(-4.65E1,7.2E1,2.600835173882E1));
#3057=DIRECTION('',(-1.E0,0.E0,0.E0));
#3058=DIRECTION('',(0.E0,-1.E0,0.E0));
#3059=AXIS2_PLACEMENT_3D('',#3056,#3057,#3058);
#3061=DIRECTION('',(-1.E0,0.E0,0.E0));
#3062=VECTOR('',#3061,3.E1);
#3063=CARTESIAN_POINT('',(-1.65E1,1.165E1,2.600835173882E1));
#3064=LINE('',#3063,#3062);
#3065=DIRECTION('',(-1.E0,0.E0,0.E0));
#3066=VECTOR('',#3065,3.E1);
#3067=CARTESIAN_POINT('',(-1.65E1,3.35E0,2.600835173882E1));
#3068=LINE('',#3067,#3066);
#3069=DIRECTION('',(-1.E0,0.E0,0.E0));
#3070=VECTOR('',#3069,3.E1);
#3071=CARTESIAN_POINT('',(-1.65E1,7.615E1,-1.9E1));
#3072=LINE('',#3071,#3070);
#3073=DIRECTION('',(-1.E0,0.E0,0.E0));
#3074=VECTOR('',#3073,3.E1);
#3075=CARTESIAN_POINT('',(-1.65E1,6.785E1,-1.9E1));
#3076=LINE('',#3075,#3074);
#3077=DIRECTION('',(-1.E0,0.E0,0.E0));
#3078=VECTOR('',#3077,3.E1);
#3079=CARTESIAN_POINT('',(-1.65E1,7.615E1,2.600835173882E1));
#3080=LINE('',#3079,#3078);
#3081=DIRECTION('',(-1.E0,0.E0,0.E0));
#3082=VECTOR('',#3081,3.E1);
#3083=CARTESIAN_POINT('',(-1.65E1,6.785E1,2.600835173882E1));
#3084=LINE('',#3083,#3082);
#3085=DIRECTION('',(-1.E0,0.E0,0.E0));
#3086=VECTOR('',#3085,2.5E0);
#3087=CARTESIAN_POINT('',(-2.6E1,7.95E1,1.850835173882E1));
#3088=LINE('',#3087,#3086);
#3089=CARTESIAN_POINT('',(-2.6E1,7.9E1,-1.15E1));
#3090=DIRECTION('',(0.E0,0.E0,-1.E0));
#3091=DIRECTION('',(-1.E0,0.E0,0.E0));
#3092=AXIS2_PLACEMENT_3D('',#3089,#3090,#3091);
#3094=CARTESIAN_POINT('',(-2.6E1,7.9E1,1.850835173882E1));
#3095=DIRECTION('',(0.E0,0.E0,1.E0));
#3096=DIRECTION('',(0.E0,1.E0,0.E0));
#3097=AXIS2_PLACEMENT_3D('',#3094,#3095,#3096);
#3099=DIRECTION('',(1.E0,0.E0,0.E0));
#3100=VECTOR('',#3099,2.5E0);
#3101=CARTESIAN_POINT('',(-2.85E1,7.95E1,-1.15E1));
#3102=LINE('',#3101,#3100);
#3103=DIRECTION('',(-1.E0,0.E0,0.E0));
#3104=VECTOR('',#3103,2.E0);
#3105=CARTESIAN_POINT('',(-2.65E1,6.45E1,-1.15E1));
#3106=LINE('',#3105,#3104);
#3107=DIRECTION('',(1.E0,0.E0,0.E0));
#3108=VECTOR('',#3107,2.5E0);
#3109=CARTESIAN_POINT('',(-2.85E1,0.E0,1.850835173882E1));
#3110=LINE('',#3109,#3108);
#3111=DIRECTION('',(-1.E0,0.E0,0.E0));
#3112=VECTOR('',#3111,2.E0);
#3113=CARTESIAN_POINT('',(-2.65E1,1.5E1,1.850835173882E1));
#3114=LINE('',#3113,#3112);
#3115=CARTESIAN_POINT('',(-2.6E1,5.E-1,1.850835173882E1));
#3116=DIRECTION('',(0.E0,0.E0,1.E0));
#3117=DIRECTION('',(-1.E0,0.E0,0.E0));
#3118=AXIS2_PLACEMENT_3D('',#3115,#3116,#3117);
#3120=CARTESIAN_POINT('',(-2.6E1,5.E-1,-1.15E1));
#3121=DIRECTION('',(0.E0,0.E0,-1.E0));
#3122=DIRECTION('',(0.E0,-1.E0,0.E0));
#3123=AXIS2_PLACEMENT_3D('',#3120,#3121,#3122);
#3125=DIRECTION('',(-1.E0,0.E0,0.E0));
#3126=VECTOR('',#3125,2.5E0);
#3127=CARTESIAN_POINT('',(-2.6E1,0.E0,-1.15E1));
#3128=LINE('',#3127,#3126);
#3129=DIRECTION('',(0.E0,-1.E0,0.E0));
#3130=VECTOR('',#3129,7.E0);
#3131=CARTESIAN_POINT('',(-2.375E1,1.5E1,3.25E0));
#3132=LINE('',#3131,#3130);
#3133=DIRECTION('',(0.E0,-1.E0,0.E0));
#3134=VECTOR('',#3133,7.E0);
#3135=CARTESIAN_POINT('',(-2.375E1,1.5E1,-3.25E0));
#3136=LINE('',#3135,#3134);
#3137=DIRECTION('',(0.E0,0.E0,-1.E0));
#3138=VECTOR('',#3137,3.353102192424E0);
#3139=CARTESIAN_POINT('',(-1.75E1,1.5E1,2.433925103310E1));
#3140=LINE('',#3139,#3138);
#3141=DIRECTION('',(0.E0,-1.E0,0.E0));
#3142=VECTOR('',#3141,7.860671244271E0);
#3143=CARTESIAN_POINT('',(-1.75E1,2.286067124427E1,2.433925103310E1));
#3144=LINE('',#3143,#3142);
#3145=DIRECTION('',(0.E0,-6.484515326014E-1,7.612559424181E-1));
#3146=VECTOR('',#3145,3.595864210729E0);
#3147=CARTESIAN_POINT('',(-1.75E1,2.519241490274E1,2.160187803455E1));
#3148=LINE('',#3147,#3146);
#3149=CARTESIAN_POINT('',(-1.75E1,2.742067124427E1,1.828E1));
#3150=DIRECTION('',(1.E0,0.E0,0.E0));
#3151=DIRECTION('',(0.E0,-5.570640853815E-1,8.304695086384E-1));
#3152=AXIS2_PLACEMENT_3D('',#3149,#3150,#3151);
#3154=DIRECTION('',(0.E0,1.E0,0.E0));
#3155=VECTOR('',#3154,4.139328755729E0);
#3156=CARTESIAN_POINT('',(-8.625E0,2.286067124427E1,2.433925103310E1));
#3157=LINE('',#3156,#3155);
#3158=DIRECTION('',(0.E0,1.E0,0.E0));
#3159=VECTOR('',#3158,2.027117563769E-1);
#3160=CARTESIAN_POINT('',(-8.625E0,1.5E1,2.433925103310E1));
#3161=LINE('',#3160,#3159);
#3162=CARTESIAN_POINT('',(2.375E1,8.E0,0.E0));
#3163=DIRECTION('',(0.E0,1.E0,0.E0));
#3164=DIRECTION('',(-1.E0,0.E0,0.E0));
#3165=AXIS2_PLACEMENT_3D('',#3162,#3163,#3164);
#3167=DIRECTION('',(0.E0,-1.E0,0.E0));
#3168=VECTOR('',#3167,8.E0);
#3169=CARTESIAN_POINT('',(2.235E1,8.E0,0.E0));
#3170=LINE('',#3169,#3168);
#3171=CARTESIAN_POINT('',(1.1875E1,8.E0,-2.056810333988E1));
#3172=DIRECTION('',(0.E0,1.E0,0.E0));
#3173=DIRECTION('',(1.E0,0.E0,0.E0));
#3174=AXIS2_PLACEMENT_3D('',#3171,#3172,#3173);
#3176=DIRECTION('',(0.E0,-1.E0,0.E0));
#3177=VECTOR('',#3176,8.E0);
#3178=CARTESIAN_POINT('',(1.3275E1,8.E0,-2.056810333988E1));
#3179=LINE('',#3178,#3177);
#3180=CARTESIAN_POINT('',(1.1875E1,8.E0,-2.056810333988E1));
#3181=DIRECTION('',(0.E0,1.E0,0.E0));
#3182=DIRECTION('',(-1.E0,0.E0,0.E0));
#3183=AXIS2_PLACEMENT_3D('',#3180,#3181,#3182);
#3185=DIRECTION('',(0.E0,-1.E0,0.E0));
#3186=VECTOR('',#3185,8.E0);
#3187=CARTESIAN_POINT('',(1.0475E1,8.E0,-2.056810333988E1));
#3188=LINE('',#3187,#3186);
#3189=CARTESIAN_POINT('',(1.1875E1,8.E0,2.056810333988E1));
#3190=DIRECTION('',(0.E0,1.E0,0.E0));
#3191=DIRECTION('',(1.E0,0.E0,0.E0));
#3192=AXIS2_PLACEMENT_3D('',#3189,#3190,#3191);
#3194=DIRECTION('',(0.E0,-1.E0,0.E0));
#3195=VECTOR('',#3194,8.E0);
#3196=CARTESIAN_POINT('',(1.3275E1,8.E0,2.056810333988E1));
#3197=LINE('',#3196,#3195);
#3198=CARTESIAN_POINT('',(1.1875E1,8.E0,2.056810333988E1));
#3199=DIRECTION('',(0.E0,1.E0,0.E0));
#3200=DIRECTION('',(-1.E0,0.E0,0.E0));
#3201=AXIS2_PLACEMENT_3D('',#3198,#3199,#3200);
#3203=DIRECTION('',(0.E0,-1.E0,0.E0));
#3204=VECTOR('',#3203,8.E0);
#3205=CARTESIAN_POINT('',(1.0475E1,8.E0,2.056810333988E1));
#3206=LINE('',#3205,#3204);
#3207=CARTESIAN_POINT('',(-2.375E1,8.E0,0.E0));
#3208=DIRECTION('',(0.E0,1.E0,0.E0));
#3209=DIRECTION('',(1.E0,0.E0,0.E0));
#3210=AXIS2_PLACEMENT_3D('',#3207,#3208,#3209);
#3212=DIRECTION('',(0.E0,-1.E0,0.E0));
#3213=VECTOR('',#3212,8.E0);
#3214=CARTESIAN_POINT('',(-2.235E1,8.E0,0.E0));
#3215=LINE('',#3214,#3213);
#3216=CARTESIAN_POINT('',(-2.375E1,8.E0,0.E0));
#3217=DIRECTION('',(0.E0,1.E0,0.E0));
#3218=DIRECTION('',(-1.E0,0.E0,0.E0));
#3219=AXIS2_PLACEMENT_3D('',#3216,#3217,#3218);
#3221=DIRECTION('',(0.E0,-1.E0,0.E0));
#3222=VECTOR('',#3221,8.E0);
#3223=CARTESIAN_POINT('',(-2.515E1,8.E0,0.E0));
#3224=LINE('',#3223,#3222);
#3225=CARTESIAN_POINT('',(-1.1875E1,8.E0,-2.056810333988E1));
#3226=DIRECTION('',(0.E0,1.E0,0.E0));
#3227=DIRECTION('',(1.E0,0.E0,0.E0));
#3228=AXIS2_PLACEMENT_3D('',#3225,#3226,#3227);
#3230=DIRECTION('',(0.E0,-1.E0,0.E0));
#3231=VECTOR('',#3230,8.E0);
#3232=CARTESIAN_POINT('',(-1.0475E1,8.E0,-2.056810333988E1));
#3233=LINE('',#3232,#3231);
#3234=CARTESIAN_POINT('',(-1.1875E1,8.E0,-2.056810333988E1));
#3235=DIRECTION('',(0.E0,1.E0,0.E0));
#3236=DIRECTION('',(-1.E0,0.E0,0.E0));
#3237=AXIS2_PLACEMENT_3D('',#3234,#3235,#3236);
#3239=DIRECTION('',(0.E0,-1.E0,0.E0));
#3240=VECTOR('',#3239,8.E0);
#3241=CARTESIAN_POINT('',(-1.3275E1,8.E0,-2.056810333988E1));
#3242=LINE('',#3241,#3240);
#3243=CARTESIAN_POINT('',(-1.1875E1,8.E0,2.056810333988E1));
#3244=DIRECTION('',(0.E0,1.E0,0.E0));
#3245=DIRECTION('',(1.E0,0.E0,0.E0));
#3246=AXIS2_PLACEMENT_3D('',#3243,#3244,#3245);
#3248=DIRECTION('',(0.E0,-1.E0,0.E0));
#3249=VECTOR('',#3248,8.E0);
#3250=CARTESIAN_POINT('',(-1.0475E1,8.E0,2.056810333988E1));
#3251=LINE('',#3250,#3249);
#3252=CARTESIAN_POINT('',(-1.1875E1,8.E0,2.056810333988E1));
#3253=DIRECTION('',(0.E0,1.E0,0.E0));
#3254=DIRECTION('',(-1.E0,0.E0,0.E0));
#3255=AXIS2_PLACEMENT_3D('',#3252,#3253,#3254);
#3257=DIRECTION('',(0.E0,-1.E0,0.E0));
#3258=VECTOR('',#3257,8.E0);
#3259=CARTESIAN_POINT('',(-1.3275E1,8.E0,2.056810333988E1));
#3260=LINE('',#3259,#3258);
#3261=CARTESIAN_POINT('',(1.875E1,1.5E1,0.E0));
#3262=CARTESIAN_POINT('',(-1.875E1,1.5E1,0.E0));
#3263=VERTEX_POINT('',#3261);
#3264=VERTEX_POINT('',#3262);
#3265=CARTESIAN_POINT('',(1.875E1,6.45E1,0.E0));
#3266=CARTESIAN_POINT('',(-1.875E1,6.45E1,0.E0));
#3267=VERTEX_POINT('',#3265);
#3268=VERTEX_POINT('',#3266);
#3269=CARTESIAN_POINT('',(-2.65E1,6.374297036072E1,3.350835173882E1));
#3270=CARTESIAN_POINT('',(-2.65E1,1.575702963928E1,3.350835173882E1));
#3271=VERTEX_POINT('',#3269);
#3272=VERTEX_POINT('',#3270);
#3273=CARTESIAN_POINT('',(2.515E1,0.E0,0.E0));
#3274=CARTESIAN_POINT('',(2.235E1,0.E0,0.E0));
#3275=VERTEX_POINT('',#3273);
#3276=VERTEX_POINT('',#3274);
#3277=CARTESIAN_POINT('',(1.3275E1,0.E0,-2.056810333988E1));
#3278=CARTESIAN_POINT('',(1.0475E1,0.E0,-2.056810333988E1));
#3279=VERTEX_POINT('',#3277);
#3280=VERTEX_POINT('',#3278);
#3281=CARTESIAN_POINT('',(1.3275E1,0.E0,2.056810333988E1));
#3282=CARTESIAN_POINT('',(1.0475E1,0.E0,2.056810333988E1));
#3283=VERTEX_POINT('',#3281);
#3284=VERTEX_POINT('',#3282);
#3285=CARTESIAN_POINT('',(-2.235E1,0.E0,0.E0));
#3286=CARTESIAN_POINT('',(-2.515E1,0.E0,0.E0));
#3287=VERTEX_POINT('',#3285);
#3288=VERTEX_POINT('',#3286);
#3289=CARTESIAN_POINT('',(-1.0475E1,0.E0,-2.056810333988E1));
#3290=CARTESIAN_POINT('',(-1.3275E1,0.E0,-2.056810333988E1));
#3291=VERTEX_POINT('',#3289);
#3292=VERTEX_POINT('',#3290);
#3293=CARTESIAN_POINT('',(-1.0475E1,0.E0,2.056810333988E1));
#3294=CARTESIAN_POINT('',(-1.3275E1,0.E0,2.056810333988E1));
#3295=VERTEX_POINT('',#3293);
#3296=VERTEX_POINT('',#3294);
#3297=CARTESIAN_POINT('',(-1.75E1,2.286067124427E1,2.433925103310E1));
#3298=CARTESIAN_POINT('',(-1.75E1,1.5E1,2.433925103310E1));
#3299=VERTEX_POINT('',#3297);
#3300=VERTEX_POINT('',#3298);
#3301=CARTESIAN_POINT('',(-1.75E1,1.5E1,2.098614884068E1));
#3302=VERTEX_POINT('',#3301);
#3303=CARTESIAN_POINT('',(-8.625E0,8.E0,-2.056810333988E1));
#3304=CARTESIAN_POINT('',(-1.5125E1,8.E0,-2.056810333988E1));
#3305=VERTEX_POINT('',#3303);
#3306=VERTEX_POINT('',#3304);
#3307=CARTESIAN_POINT('',(1.5125E1,8.E0,-2.056810333988E1));
#3308=CARTESIAN_POINT('',(8.625E0,8.E0,-2.056810333988E1));
#3309=VERTEX_POINT('',#3307);
#3310=VERTEX_POINT('',#3308);
#3311=CARTESIAN_POINT('',(-8.625E0,8.E0,2.056810333988E1));
#3312=CARTESIAN_POINT('',(-1.5125E1,8.E0,2.056810333988E1));
#3313=VERTEX_POINT('',#3311);
#3314=VERTEX_POINT('',#3312);
#3315=CARTESIAN_POINT('',(1.5125E1,8.E0,2.056810333988E1));
#3316=CARTESIAN_POINT('',(8.625E0,8.E0,2.056810333988E1));
#3317=VERTEX_POINT('',#3315);
#3318=VERTEX_POINT('',#3316);
#3319=CARTESIAN_POINT('',(-8.625E0,1.5E1,-2.056810333988E1));
#3320=CARTESIAN_POINT('',(-1.5125E1,1.5E1,-2.056810333988E1));
#3321=VERTEX_POINT('',#3319);
#3322=VERTEX_POINT('',#3320);
#3323=CARTESIAN_POINT('',(1.5125E1,1.5E1,-2.056810333988E1));
#3324=CARTESIAN_POINT('',(8.625E0,1.5E1,-2.056810333988E1));
#3325=VERTEX_POINT('',#3323);
#3326=VERTEX_POINT('',#3324);
#3327=CARTESIAN_POINT('',(-8.625E0,1.5E1,2.056810333988E1));
#3328=CARTESIAN_POINT('',(-1.5125E1,1.5E1,2.056810333988E1));
#3329=VERTEX_POINT('',#3327);
#3330=VERTEX_POINT('',#3328);
#3331=CARTESIAN_POINT('',(1.5125E1,1.5E1,2.056810333988E1));
#3332=CARTESIAN_POINT('',(8.625E0,1.5E1,2.056810333988E1));
#3333=VERTEX_POINT('',#3331);
#3334=VERTEX_POINT('',#3332);
#3335=CARTESIAN_POINT('',(-2.65E1,8.E0,3.25E0));
#3336=CARTESIAN_POINT('',(-2.65E1,8.E0,-3.25E0));
#3337=VERTEX_POINT('',#3335);
#3338=VERTEX_POINT('',#3336);
#3339=CARTESIAN_POINT('',(2.65E1,8.E0,-3.25E0));
#3340=CARTESIAN_POINT('',(2.65E1,8.E0,3.25E0));
#3341=VERTEX_POINT('',#3339);
#3342=VERTEX_POINT('',#3340);
#3343=CARTESIAN_POINT('',(2.515E1,8.E0,0.E0));
#3344=CARTESIAN_POINT('',(2.235E1,8.E0,0.E0));
#3345=VERTEX_POINT('',#3343);
#3346=VERTEX_POINT('',#3344);
#3347=CARTESIAN_POINT('',(1.3275E1,8.E0,-2.056810333988E1));
#3348=CARTESIAN_POINT('',(1.0475E1,8.E0,-2.056810333988E1));
#3349=VERTEX_POINT('',#3347);
#3350=VERTEX_POINT('',#3348);
#3351=CARTESIAN_POINT('',(1.3275E1,8.E0,2.056810333988E1));
#3352=CARTESIAN_POINT('',(1.0475E1,8.E0,2.056810333988E1));
#3353=VERTEX_POINT('',#3351);
#3354=VERTEX_POINT('',#3352);
#3355=CARTESIAN_POINT('',(-2.235E1,8.E0,0.E0));
#3356=CARTESIAN_POINT('',(-2.515E1,8.E0,0.E0));
#3357=VERTEX_POINT('',#3355);
#3358=VERTEX_POINT('',#3356);
#3359=CARTESIAN_POINT('',(-1.0475E1,8.E0,-2.056810333988E1));
#3360=CARTESIAN_POINT('',(-1.3275E1,8.E0,-2.056810333988E1));
#3361=VERTEX_POINT('',#3359);
#3362=VERTEX_POINT('',#3360);
#3363=CARTESIAN_POINT('',(-1.0475E1,8.E0,2.056810333988E1));
#3364=CARTESIAN_POINT('',(-1.3275E1,8.E0,2.056810333988E1));
#3365=VERTEX_POINT('',#3363);
#3366=VERTEX_POINT('',#3364);
#3367=CARTESIAN_POINT('',(-2.375E1,8.E0,3.25E0));
#3368=CARTESIAN_POINT('',(-2.375E1,8.E0,-3.25E0));
#3369=VERTEX_POINT('',#3367);
#3370=VERTEX_POINT('',#3368);
#3371=CARTESIAN_POINT('',(2.375E1,8.E0,-3.25E0));
#3372=CARTESIAN_POINT('',(2.375E1,8.E0,3.25E0));
#3373=VERTEX_POINT('',#3371);
#3374=VERTEX_POINT('',#3372);
#3375=CARTESIAN_POINT('',(-2.65E1,1.5E1,-3.25E0));
#3376=CARTESIAN_POINT('',(-2.375E1,1.5E1,-3.25E0));
#3377=VERTEX_POINT('',#3375);
#3378=VERTEX_POINT('',#3376);
#3379=CARTESIAN_POINT('',(-2.65E1,1.5E1,3.25E0));
#3380=CARTESIAN_POINT('',(-2.375E1,1.5E1,3.25E0));
#3381=VERTEX_POINT('',#3379);
#3382=VERTEX_POINT('',#3380);
#3383=CARTESIAN_POINT('',(2.375E1,1.5E1,-3.25E0));
#3384=CARTESIAN_POINT('',(2.375E1,1.5E1,3.25E0));
#3385=VERTEX_POINT('',#3383);
#3386=VERTEX_POINT('',#3384);
#3387=CARTESIAN_POINT('',(2.65E1,1.5E1,3.25E0));
#3388=VERTEX_POINT('',#3387);
#3389=CARTESIAN_POINT('',(2.65E1,1.5E1,-3.25E0));
#3390=VERTEX_POINT('',#3389);
#3391=CARTESIAN_POINT('',(6.5E0,6.45E1,-2.65E1));
#3392=CARTESIAN_POINT('',(2.65E1,6.45E1,-6.5E0));
#3393=VERTEX_POINT('',#3391);
#3394=VERTEX_POINT('',#3392);
#3395=CARTESIAN_POINT('',(2.65E1,6.45E1,2.098614884068E1));
#3396=VERTEX_POINT('',#3395);
#3397=CARTESIAN_POINT('',(2.65E1,1.5E1,-6.5E0));
#3398=CARTESIAN_POINT('',(6.5E0,1.5E1,-2.65E1));
#3399=VERTEX_POINT('',#3397);
#3400=VERTEX_POINT('',#3398);
#3401=CARTESIAN_POINT('',(-2.85E1,0.E0,-1.15E1));
#3402=CARTESIAN_POINT('',(-2.85E1,1.5E1,-1.15E1));
#3403=VERTEX_POINT('',#3401);
#3404=VERTEX_POINT('',#3402);
#3405=CARTESIAN_POINT('',(-2.85E1,1.5E1,-2.65E1));
#3406=VERTEX_POINT('',#3405);
#3407=CARTESIAN_POINT('',(-2.85E1,6.45E1,-2.65E1));
#3408=CARTESIAN_POINT('',(-2.85E1,6.45E1,-1.15E1));
#3409=VERTEX_POINT('',#3407);
#3410=VERTEX_POINT('',#3408);
#3411=CARTESIAN_POINT('',(-2.85E1,7.95E1,-1.15E1));
#3412=VERTEX_POINT('',#3411);
#3413=CARTESIAN_POINT('',(-2.85E1,1.5E1,3.350835173882E1));
#3414=CARTESIAN_POINT('',(-2.85E1,1.5E1,1.850835173882E1));
#3415=VERTEX_POINT('',#3413);
#3416=VERTEX_POINT('',#3414);
#3417=CARTESIAN_POINT('',(-2.85E1,0.E0,1.850835173882E1));
#3418=VERTEX_POINT('',#3417);
#3419=CARTESIAN_POINT('',(-2.85E1,7.95E1,1.850835173882E1));
#3420=CARTESIAN_POINT('',(-2.85E1,6.45E1,1.850835173882E1));
#3421=VERTEX_POINT('',#3419);
#3422=VERTEX_POINT('',#3420);
#3423=CARTESIAN_POINT('',(-2.85E1,6.45E1,3.350835173882E1));
#3424=VERTEX_POINT('',#3423);
#3425=CARTESIAN_POINT('',(-2.65E1,1.5E1,3.350835173882E1));
#3426=CARTESIAN_POINT('',(-2.65E1,1.5E1,2.098614884068E1));
#3427=VERTEX_POINT('',#3425);
#3428=VERTEX_POINT('',#3426);
#3429=CARTESIAN_POINT('',(-2.65E1,6.45E1,3.350835173882E1));
#3430=CARTESIAN_POINT('',(-2.65E1,6.45E1,2.098614884068E1));
#3431=VERTEX_POINT('',#3429);
#3432=VERTEX_POINT('',#3430);
#3433=CARTESIAN_POINT('',(-2.65E1,6.45E1,1.850835173882E1));
#3434=CARTESIAN_POINT('',(-2.65E1,6.45E1,-1.15E1));
#3435=VERTEX_POINT('',#3433);
#3436=VERTEX_POINT('',#3434);
#3437=CARTESIAN_POINT('',(-2.65E1,1.5E1,-1.15E1));
#3438=VERTEX_POINT('',#3437);
#3439=CARTESIAN_POINT('',(-2.65E1,1.5E1,1.850835173882E1));
#3440=VERTEX_POINT('',#3439);
#3441=CARTESIAN_POINT('',(-1.65E1,1.26E1,-1.9E1));
#3442=CARTESIAN_POINT('',(-1.65E1,2.4E0,-1.9E1));
#3443=VERTEX_POINT('',#3441);
#3444=VERTEX_POINT('',#3442);
#3445=CARTESIAN_POINT('',(-1.65E1,1.26E1,2.600835173882E1));
#3446=CARTESIAN_POINT('',(-1.65E1,2.4E0,2.600835173882E1));
#3447=VERTEX_POINT('',#3445);
#3448=VERTEX_POINT('',#3446);
#3449=CARTESIAN_POINT('',(-1.65E1,7.71E1,-1.9E1));
#3450=CARTESIAN_POINT('',(-1.65E1,6.69E1,-1.9E1));
#3451=VERTEX_POINT('',#3449);
#3452=VERTEX_POINT('',#3450);
#3453=CARTESIAN_POINT('',(-1.65E1,7.71E1,2.600835173882E1));
#3454=CARTESIAN_POINT('',(-1.65E1,6.69E1,2.600835173882E1));
#3455=VERTEX_POINT('',#3453);
#3456=VERTEX_POINT('',#3454);
#3457=CARTESIAN_POINT('',(-2.85E1,1.26E1,-1.9E1));
#3458=CARTESIAN_POINT('',(-2.85E1,2.4E0,-1.9E1));
#3459=VERTEX_POINT('',#3457);
#3460=VERTEX_POINT('',#3458);
#3461=CARTESIAN_POINT('',(-2.85E1,1.26E1,2.600835173882E1));
#3462=CARTESIAN_POINT('',(-2.85E1,2.4E0,2.600835173882E1));
#3463=VERTEX_POINT('',#3461);
#3464=VERTEX_POINT('',#3462);
#3465=CARTESIAN_POINT('',(-2.85E1,7.71E1,-1.9E1));
#3466=CARTESIAN_POINT('',(-2.85E1,6.69E1,-1.9E1));
#3467=VERTEX_POINT('',#3465);
#3468=VERTEX_POINT('',#3466);
#3469=CARTESIAN_POINT('',(-2.85E1,7.71E1,2.600835173882E1));
#3470=CARTESIAN_POINT('',(-2.85E1,6.69E1,2.600835173882E1));
#3471=VERTEX_POINT('',#3469);
#3472=VERTEX_POINT('',#3470);
#3473=CARTESIAN_POINT('',(-2.65E1,3.036630503891E1,2.098614884068E1));
#3474=CARTESIAN_POINT('',(-2.65E1,2.447503744963E1,2.098614884068E1));
#3475=VERTEX_POINT('',#3473);
#3476=VERTEX_POINT('',#3474);
#3477=CARTESIAN_POINT('',(-1.75E1,2.447503744963E1,2.098614884068E1));
#3478=VERTEX_POINT('',#3477);
#3479=CARTESIAN_POINT('',(-1.75E1,2.519241490274E1,2.160187803455E1));
#3480=VERTEX_POINT('',#3479);
#3481=CARTESIAN_POINT('',(-1.875E1,7.4E1,0.E0));
#3482=CARTESIAN_POINT('',(1.875E1,7.4E1,0.E0));
#3483=VERTEX_POINT('',#3481);
#3484=VERTEX_POINT('',#3482);
#3485=CARTESIAN_POINT('',(-1.875E1,5.5E0,0.E0));
#3486=CARTESIAN_POINT('',(1.875E1,5.5E0,0.E0));
#3487=VERTEX_POINT('',#3485);
#3488=VERTEX_POINT('',#3486);
#3489=CARTESIAN_POINT('',(1.612966637772E1,2.519241490274E1,2.160187803455E1));
#3490=CARTESIAN_POINT('',(1.612966637772E1,2.286067124427E1,2.433925103310E1));
#3491=VERTEX_POINT('',#3489);
#3492=VERTEX_POINT('',#3490);
#3493=CARTESIAN_POINT('',(1.612966637772E1,3.036630503891E1,2.098614884068E1));
#3494=VERTEX_POINT('',#3493);
#3495=CARTESIAN_POINT('',(1.612966637772E1,5.502496255037E1,2.098614884068E1));
#3496=CARTESIAN_POINT('',(1.612966637772E1,4.913369496109E1,2.098614884068E1));
#3497=VERTEX_POINT('',#3495);
#3498=VERTEX_POINT('',#3496);
#3499=CARTESIAN_POINT('',(-2.65E1,4.913369496109E1,2.098614884068E1));
#3500=CARTESIAN_POINT('',(-2.65E1,5.502496255037E1,2.098614884068E1));
#3501=VERTEX_POINT('',#3499);
#3502=VERTEX_POINT('',#3500);
#3503=CARTESIAN_POINT('',(2.65E1,1.5E1,2.098614884068E1));
#3504=VERTEX_POINT('',#3503);
#3505=CARTESIAN_POINT('',(-1.5125E1,1.5E1,2.433925103310E1));
#3506=CARTESIAN_POINT('',(-8.625E0,1.5E1,2.433925103310E1));
#3507=VERTEX_POINT('',#3505);
#3508=VERTEX_POINT('',#3506);
#3509=CARTESIAN_POINT('',(8.625E0,1.5E1,2.433925103310E1));
#3510=CARTESIAN_POINT('',(1.5125E1,1.5E1,2.433925103310E1));
#3511=VERTEX_POINT('',#3509);
#3512=VERTEX_POINT('',#3510);
#3513=CARTESIAN_POINT('',(-1.5125E1,2.7E1,2.433925103310E1));
#3514=CARTESIAN_POINT('',(-8.625E0,2.7E1,2.433925103310E1));
#3515=VERTEX_POINT('',#3513);
#3516=VERTEX_POINT('',#3514);
#3517=CARTESIAN_POINT('',(8.625E0,2.7E1,2.433925103310E1));
#3518=CARTESIAN_POINT('',(1.5125E1,2.7E1,2.433925103310E1));
#3519=VERTEX_POINT('',#3517);
#3520=VERTEX_POINT('',#3518);
#3521=CARTESIAN_POINT('',(-1.5125E1,2.519241490274E1,2.160187803455E1));
#3522=CARTESIAN_POINT('',(-1.5125E1,2.286067124427E1,2.433925103310E1));
#3523=VERTEX_POINT('',#3521);
#3524=VERTEX_POINT('',#3522);
#3525=CARTESIAN_POINT('',(-8.625E0,2.519241490274E1,2.160187803455E1));
#3526=CARTESIAN_POINT('',(-8.625E0,2.286067124427E1,2.433925103310E1));
#3527=VERTEX_POINT('',#3525);
#3528=VERTEX_POINT('',#3526);
#3529=CARTESIAN_POINT('',(8.625E0,2.519241490274E1,2.160187803455E1));
#3530=CARTESIAN_POINT('',(8.625E0,2.286067124427E1,2.433925103310E1));
#3531=VERTEX_POINT('',#3529);
#3532=VERTEX_POINT('',#3530);
#3533=CARTESIAN_POINT('',(1.5125E1,2.519241490274E1,2.160187803455E1));
#3534=CARTESIAN_POINT('',(1.5125E1,2.286067124427E1,2.433925103310E1));
#3535=VERTEX_POINT('',#3533);
#3536=VERTEX_POINT('',#3534);
#3537=CARTESIAN_POINT('',(-1.5125E1,2.7E1,2.225781795766E1));
#3538=CARTESIAN_POINT('',(-8.625E0,2.7E1,2.225781795766E1));
#3539=VERTEX_POINT('',#3537);
#3540=VERTEX_POINT('',#3538);
#3541=CARTESIAN_POINT('',(8.625E0,2.7E1,2.225781795766E1));
#3542=CARTESIAN_POINT('',(1.5125E1,2.7E1,2.225781795766E1));
#3543=VERTEX_POINT('',#3541);
#3544=VERTEX_POINT('',#3542);
#3545=CARTESIAN_POINT('',(-1.5125E1,1.520271175638E1,2.433925103310E1));
#3546=VERTEX_POINT('',#3545);
#3547=CARTESIAN_POINT('',(-8.625E0,1.520271175638E1,2.433925103310E1));
#3548=VERTEX_POINT('',#3547);
#3549=CARTESIAN_POINT('',(8.625E0,1.520271175638E1,2.433925103310E1));
#3550=VERTEX_POINT('',#3549);
#3551=CARTESIAN_POINT('',(1.5125E1,1.520271175638E1,2.433925103310E1));
#3552=VERTEX_POINT('',#3551);
#3553=CARTESIAN_POINT('',(-1.325825214725E1,7.7E1,1.325825214725E1));
#3554=CARTESIAN_POINT('',(-1.325825214725E1,7.95E1,1.325825214725E1));
#3555=VERTEX_POINT('',#3553);
#3556=VERTEX_POINT('',#3554);
#3557=CARTESIAN_POINT('',(1.325825214725E1,7.7E1,1.325825214725E1));
#3558=CARTESIAN_POINT('',(1.325825214725E1,7.95E1,1.325825214725E1));
#3559=VERTEX_POINT('',#3557);
#3560=VERTEX_POINT('',#3558);
#3561=CARTESIAN_POINT('',(-1.325825214725E1,7.7E1,-1.325825214725E1));
#3562=CARTESIAN_POINT('',(-1.325825214725E1,7.95E1,-1.325825214725E1));
#3563=VERTEX_POINT('',#3561);
#3564=VERTEX_POINT('',#3562);
#3565=CARTESIAN_POINT('',(1.325825214725E1,7.7E1,-1.325825214725E1));
#3566=CARTESIAN_POINT('',(1.325825214725E1,7.95E1,-1.325825214725E1));
#3567=VERTEX_POINT('',#3565);
#3568=VERTEX_POINT('',#3566);
#3569=CARTESIAN_POINT('',(-2.025E1,7.55E1,0.E0));
#3570=CARTESIAN_POINT('',(-1.431891231903E1,7.55E1,1.431891231903E1));
#3571=VERTEX_POINT('',#3569);
#3572=VERTEX_POINT('',#3570);
#3573=CARTESIAN_POINT('',(0.E0,7.55E1,2.025E1));
#3574=CARTESIAN_POINT('',(1.431891231903E1,7.55E1,1.431891231903E1));
#3575=VERTEX_POINT('',#3573);
#3576=VERTEX_POINT('',#3574);
#3577=CARTESIAN_POINT('',(2.025E1,7.55E1,0.E0));
#3578=CARTESIAN_POINT('',(1.431891231903E1,7.55E1,-1.431891231903E1));
#3579=VERTEX_POINT('',#3577);
#3580=VERTEX_POINT('',#3578);
#3581=CARTESIAN_POINT('',(1.042360756923E-14,7.55E1,-2.025E1));
#3582=CARTESIAN_POINT('',(-1.431891231903E1,7.55E1,-1.431891231903E1));
#3583=VERTEX_POINT('',#3581);
#3584=VERTEX_POINT('',#3582);
#3585=CARTESIAN_POINT('',(1.873448282164E1,7.95E1,7.626620521026E-1));
#3586=VERTEX_POINT('',#3585);
#3587=CARTESIAN_POINT('',(-1.208945758847E0,7.95E1,1.871098474566E1));
#3588=VERTEX_POINT('',#3587);
#3589=CARTESIAN_POINT('',(-1.871098474566E1,7.95E1,-1.208945758847E0));
#3590=VERTEX_POINT('',#3589);
#3591=CARTESIAN_POINT('',(8.873151623589E-1,7.95E1,-1.872899281335E1));
#3592=VERTEX_POINT('',#3591);
#3593=CARTESIAN_POINT('',(-1.208945758847E0,7.7E1,1.871098474566E1));
#3594=VERTEX_POINT('',#3593);
#3595=CARTESIAN_POINT('',(1.873448282164E1,7.7E1,7.626620521026E-1));
#3596=VERTEX_POINT('',#3595);
#3597=CARTESIAN_POINT('',(8.873151623589E-1,7.7E1,-1.872899281335E1));
#3598=VERTEX_POINT('',#3597);
#3599=CARTESIAN_POINT('',(-1.871098474566E1,7.7E1,-1.208945758847E0));
#3600=VERTEX_POINT('',#3599);
#3601=CARTESIAN_POINT('',(-1.208945758847E0,7.55E1,2.021388013599E1));
#3602=VERTEX_POINT('',#3601);
#3603=VERTEX_POINT('',#1031);
#3604=VERTEX_POINT('',#1367);
#3605=CARTESIAN_POINT('',(-2.021388013599E1,7.55E1,-1.208945758847E0));
#3606=VERTEX_POINT('',#3605);
#3607=CARTESIAN_POINT('',(-2.025264227632E1,7.55E1,-1.208945758847E0));
#3608=VERTEX_POINT('',#3607);
#3609=CARTESIAN_POINT('',(-1.208945758847E0,7.55E1,2.025264227632E1));
#3610=VERTEX_POINT('',#3609);
#3611=CARTESIAN_POINT('',(-1.874200736869E1,0.E0,5.474119033658E-1));
#3612=CARTESIAN_POINT('',(-1.874200736869E1,2.5E0,5.474119033658E-1));
#3613=VERTEX_POINT('',#3611);
#3614=VERTEX_POINT('',#3612);
#3615=CARTESIAN_POINT('',(1.325825214725E1,0.E0,1.325825214725E1));
#3616=CARTESIAN_POINT('',(1.325825214725E1,2.5E0,1.325825214725E1));
#3617=VERTEX_POINT('',#3615);
#3618=VERTEX_POINT('',#3616);
#3619=CARTESIAN_POINT('',(4.720679178195E-1,0.E0,1.874405644147E1));
#3620=CARTESIAN_POINT('',(4.720679178195E-1,2.5E0,1.874405644147E1));
#3621=VERTEX_POINT('',#3619);
#3622=VERTEX_POINT('',#3620);
#3623=CARTESIAN_POINT('',(-1.325825214725E1,0.E0,1.325825214725E1));
#3624=CARTESIAN_POINT('',(-1.325825214725E1,2.5E0,1.325825214725E1));
#3625=VERTEX_POINT('',#3623);
#3626=VERTEX_POINT('',#3624);
#3627=CARTESIAN_POINT('',(-5.049569143351E-1,0.E0,-1.874319926039E1));
#3628=CARTESIAN_POINT('',(-5.049569143351E-1,2.5E0,-1.874319926039E1));
#3629=VERTEX_POINT('',#3627);
#3630=VERTEX_POINT('',#3628);
#3631=CARTESIAN_POINT('',(1.325825214725E1,0.E0,-1.325825214725E1));
#3632=CARTESIAN_POINT('',(1.325825214725E1,2.5E0,-1.325825214725E1));
#3633=VERTEX_POINT('',#3631);
#3634=VERTEX_POINT('',#3632);
#3635=CARTESIAN_POINT('',(-1.325825214725E1,0.E0,-1.325825214725E1));
#3636=CARTESIAN_POINT('',(-1.325825214725E1,2.5E0,-1.325825214725E1));
#3637=VERTEX_POINT('',#3635);
#3638=VERTEX_POINT('',#3636);
#3639=CARTESIAN_POINT('',(1.874043707741E1,0.E0,-5.987638497047E-1));
#3640=CARTESIAN_POINT('',(1.874043707741E1,2.5E0,-5.987638497047E-1));
#3641=VERTEX_POINT('',#3639);
#3642=VERTEX_POINT('',#3640);
#3643=VERTEX_POINT('',#409);
#3644=CARTESIAN_POINT('',(-1.948805795284E1,2.694139954572E0,0.E0));
#3645=VERTEX_POINT('',#3644);
#3646=CARTESIAN_POINT('',(1.948805795284E1,2.694139954572E0,0.E0));
#3647=CARTESIAN_POINT('',(1.378013793061E1,2.694139954572E0,1.378013793061E1));
#3648=VERTEX_POINT('',#3646);
#3649=VERTEX_POINT('',#3647);
#3650=CARTESIAN_POINT('',(4.906499701411E-1,2.694139954572E0,1.948188043748E1));
#3651=VERTEX_POINT('',#3650);
#3652=CARTESIAN_POINT('',(-1.378013793061E1,2.694139954572E0,1.378013793061E1));
#3653=VERTEX_POINT('',#3652);
#3654=VERTEX_POINT('',#480);
#3655=CARTESIAN_POINT('',(1.378013793061E1,2.694139954572E0,-1.378013793061E1));
#3656=VERTEX_POINT('',#3655);
#3657=CARTESIAN_POINT('',(-1.378013793061E1,2.694139954572E0,
-1.378013793061E1));
#3658=VERTEX_POINT('',#3657);
#3659=VERTEX_POINT('',#512);
#3660=CARTESIAN_POINT('',(1.378013793061E1,5.E-1,1.378013793061E1));
#3661=CARTESIAN_POINT('',(1.947885737475E1,5.E-1,-5.987638497047E-1));
#3662=VERTEX_POINT('',#3660);
#3663=VERTEX_POINT('',#3661);
#3664=VERTEX_POINT('',#88);
#3665=VERTEX_POINT('',#96);
#3666=CARTESIAN_POINT('',(1.378013793061E1,5.E-1,-1.378013793061E1));
#3667=CARTESIAN_POINT('',(-5.049569143351E-1,5.E-1,-1.948151486122E1));
#3668=VERTEX_POINT('',#3666);
#3669=VERTEX_POINT('',#3667);
#3670=CARTESIAN_POINT('',(1.413369132121E1,0.E0,-1.413369132121E1));
#3671=CARTESIAN_POINT('',(-5.049569143351E-1,0.E0,-1.998167858917E1));
#3672=VERTEX_POINT('',#3670);
#3673=VERTEX_POINT('',#3671);
#3674=CARTESIAN_POINT('',(-1.378013793061E1,5.E-1,-1.378013793061E1));
#3675=CARTESIAN_POINT('',(-1.948036814286E1,5.E-1,5.474119033658E-1));
#3676=VERTEX_POINT('',#3674);
#3677=VERTEX_POINT('',#3675);
#3678=VERTEX_POINT('',#113);
#3679=VERTEX_POINT('',#121);
#3680=CARTESIAN_POINT('',(-1.378013793061E1,5.E-1,1.378013793061E1));
#3681=CARTESIAN_POINT('',(4.906499701411E-1,5.E-1,1.948188043748E1));
#3682=VERTEX_POINT('',#3680);
#3683=VERTEX_POINT('',#3681);
#3684=CARTESIAN_POINT('',(-1.413369132121E1,0.E0,1.413369132121E1));
#3685=CARTESIAN_POINT('',(5.032384479496E-1,0.E0,1.998172194258E1));
#3686=VERTEX_POINT('',#3684);
#3687=VERTEX_POINT('',#3685);
#3688=CARTESIAN_POINT('',(-9.584700782945E-10,7.9E1,2.025264227538E1));
#3689=CARTESIAN_POINT('',(-1.208945758847E0,7.9E1,2.025264227632E1));
#3690=VERTEX_POINT('',#3688);
#3691=VERTEX_POINT('',#3689);
#3692=CARTESIAN_POINT('',(-1.534472167438E-12,7.95E1,2.075264227630E1));
#3693=CARTESIAN_POINT('',(-1.208945758847E0,7.95E1,2.075264227632E1));
#3694=VERTEX_POINT('',#3692);
#3695=VERTEX_POINT('',#3693);
#3696=CARTESIAN_POINT('',(1.467433407848E1,7.95E1,1.467433407848E1));
#3697=VERTEX_POINT('',#3696);
#3698=CARTESIAN_POINT('',(1.432078069053E1,7.9E1,1.432078069053E1));
#3699=VERTEX_POINT('',#3698);
#3700=CARTESIAN_POINT('',(2.025264227538E1,7.9E1,9.584805370398E-10));
#3701=CARTESIAN_POINT('',(2.025264227632E1,7.9E1,7.626620521026E-1));
#3702=VERTEX_POINT('',#3700);
#3703=VERTEX_POINT('',#3701);
#3704=CARTESIAN_POINT('',(2.075264227630E1,7.95E1,1.538418863441E-12));
#3705=CARTESIAN_POINT('',(2.075264227632E1,7.95E1,7.626620521026E-1));
#3706=VERTEX_POINT('',#3704);
#3707=VERTEX_POINT('',#3705);
#3708=VERTEX_POINT('',#1111);
#3709=CARTESIAN_POINT('',(1.432078069053E1,7.9E1,-1.432078069053E1));
#3710=VERTEX_POINT('',#3709);
#3711=CARTESIAN_POINT('',(9.600519720749E-10,7.9E1,-2.025264227538E1));
#3712=CARTESIAN_POINT('',(8.873151623589E-1,7.9E1,-2.025264227632E1));
#3713=VERTEX_POINT('',#3711);
#3714=VERTEX_POINT('',#3712);
#3715=CARTESIAN_POINT('',(1.549555282830E-12,7.95E1,-2.075264227629E1));
#3716=CARTESIAN_POINT('',(8.873151623589E-1,7.95E1,-2.075264227632E1));
#3717=VERTEX_POINT('',#3715);
#3718=VERTEX_POINT('',#3716);
#3719=CARTESIAN_POINT('',(-1.467433407848E1,7.95E1,-1.467433407848E1));
#3720=VERTEX_POINT('',#3719);
#3721=CARTESIAN_POINT('',(-1.432078069053E1,7.9E1,-1.432078069053E1));
#3722=VERTEX_POINT('',#3721);
#3723=CARTESIAN_POINT('',(-2.025264227538E1,7.9E1,-9.600440625824E-10));
#3724=CARTESIAN_POINT('',(-2.025264227632E1,7.9E1,-1.208945758847E0));
#3725=VERTEX_POINT('',#3723);
#3726=VERTEX_POINT('',#3724);
#3727=CARTESIAN_POINT('',(-2.075264227629E1,7.95E1,-1.541778559931E-12));
#3728=CARTESIAN_POINT('',(-2.075264227632E1,7.95E1,-1.208945758847E0));
#3729=VERTEX_POINT('',#3727);
#3730=VERTEX_POINT('',#3728);
#3731=CARTESIAN_POINT('',(-1.467433407848E1,7.95E1,1.467433407848E1));
#3732=VERTEX_POINT('',#3731);
#3733=CARTESIAN_POINT('',(-1.432078069053E1,7.9E1,1.432078069053E1));
#3734=VERTEX_POINT('',#3733);
#3735=CARTESIAN_POINT('',(-2.85E1,7.9E1,3.350835173882E1));
#3736=CARTESIAN_POINT('',(-2.85E1,7.95E1,3.300835173882E1));
#3737=VERTEX_POINT('',#3735);
#3738=VERTEX_POINT('',#3736);
#3739=CARTESIAN_POINT('',(-2.85E1,7.95E1,-2.6E1));
#3740=CARTESIAN_POINT('',(-2.85E1,7.9E1,-2.65E1));
#3741=VERTEX_POINT('',#3739);
#3742=VERTEX_POINT('',#3740);
#3743=CARTESIAN_POINT('',(6.499999999492E0,7.9E1,-2.65E1));
#3744=VERTEX_POINT('',#3743);
#3745=CARTESIAN_POINT('',(6.5E0,7.95E1,-2.6E1));
#3746=VERTEX_POINT('',#3745);
#3747=CARTESIAN_POINT('',(2.65E1,7.9E1,-6.5E0));
#3748=VERTEX_POINT('',#3747);
#3749=CARTESIAN_POINT('',(2.6E1,7.95E1,-6.5E0));
#3750=VERTEX_POINT('',#3749);
#3751=CARTESIAN_POINT('',(-2.65E1,7.9E1,-1.15E1));
#3752=CARTESIAN_POINT('',(-2.65E1,7.9E1,1.850835173882E1));
#3753=VERTEX_POINT('',#3751);
#3754=VERTEX_POINT('',#3752);
#3755=CARTESIAN_POINT('',(-2.6E1,7.95E1,-1.15E1));
#3756=CARTESIAN_POINT('',(-2.6E1,7.95E1,1.850835173882E1));
#3757=VERTEX_POINT('',#3755);
#3758=VERTEX_POINT('',#3756);
#3759=CARTESIAN_POINT('',(-2.85E1,0.E0,3.300835173882E1));
#3760=CARTESIAN_POINT('',(-2.85E1,5.E-1,3.350835173882E1));
#3761=VERTEX_POINT('',#3759);
#3762=VERTEX_POINT('',#3760);
#3763=CARTESIAN_POINT('',(-2.85E1,5.E-1,-2.65E1));
#3764=CARTESIAN_POINT('',(-2.85E1,0.E0,-2.6E1));
#3765=VERTEX_POINT('',#3763);
#3766=VERTEX_POINT('',#3764);
#3767=CARTESIAN_POINT('',(6.5E0,0.E0,-2.6E1));
#3768=VERTEX_POINT('',#3767);
#3769=CARTESIAN_POINT('',(6.499999999493E0,5.E-1,-2.65E1));
#3770=VERTEX_POINT('',#3769);
#3771=CARTESIAN_POINT('',(2.65E1,5.E-1,-6.5E0));
#3772=VERTEX_POINT('',#3771);
#3773=CARTESIAN_POINT('',(2.6E1,0.E0,-6.5E0));
#3774=VERTEX_POINT('',#3773);
#3775=CARTESIAN_POINT('',(-2.65E1,5.E-1,1.850835173882E1));
#3776=CARTESIAN_POINT('',(-2.65E1,5.E-1,-1.15E1));
#3777=VERTEX_POINT('',#3775);
#3778=VERTEX_POINT('',#3776);
#3779=CARTESIAN_POINT('',(-2.6E1,0.E0,1.850835173882E1));
#3780=CARTESIAN_POINT('',(-2.6E1,0.E0,-1.15E1));
#3781=VERTEX_POINT('',#3779);
#3782=VERTEX_POINT('',#3780);
#3783=CARTESIAN_POINT('',(1.612966637772E1,1.520271175638E1,2.433925103310E1));
#3784=CARTESIAN_POINT('',(1.612966637772E1,1.5E1,2.098614884068E1));
#3785=VERTEX_POINT('',#3783);
#3786=VERTEX_POINT('',#3784);
#3787=CARTESIAN_POINT('',(-1.65E1,7.9E1,3.350835173882E1));
#3788=CARTESIAN_POINT('',(-1.65E1,7.95E1,3.300835173882E1));
#3789=VERTEX_POINT('',#3787);
#3790=VERTEX_POINT('',#3788);
#3791=CARTESIAN_POINT('',(-1.65E1,5.E-1,3.350835173882E1));
#3792=CARTESIAN_POINT('',(-1.65E1,0.E0,3.300835173882E1));
#3793=VERTEX_POINT('',#3791);
#3794=VERTEX_POINT('',#3792);
#3795=CARTESIAN_POINT('',(1.E1,-4.244574054791E0,3.194651156219E1));
#3796=CARTESIAN_POINT('',(1.E1,-3.497733445117E-1,2.935798451959E1));
#3797=VERTEX_POINT('',#3795);
#3798=VERTEX_POINT('',#3796);
#3799=CARTESIAN_POINT('',(1.1E1,-5.645718403591E0,3.172301119434E1));
#3800=CARTESIAN_POINT('',(1.1E1,-9.098056003363E-1,2.852864713528E1));
#3801=VERTEX_POINT('',#3799);
#3802=VERTEX_POINT('',#3800);
#3803=CARTESIAN_POINT('',(-1.1E1,-9.098056003363E-1,2.852864713528E1));
#3804=CARTESIAN_POINT('',(-1.1E1,-5.645718403591E0,3.172301119434E1));
#3805=VERTEX_POINT('',#3803);
#3806=VERTEX_POINT('',#3804);
#3807=CARTESIAN_POINT('',(-1.E1,-3.497733445117E-1,2.935798451959E1));
#3808=CARTESIAN_POINT('',(-1.E1,-4.244574054552E0,3.194651156202E1));
#3809=VERTEX_POINT('',#3807);
#3810=VERTEX_POINT('',#3808);
#3811=CARTESIAN_POINT('',(1.E1,-4.227421316948E0,3.197110917619E1));
#3812=VERTEX_POINT('',#3811);
#3813=CARTESIAN_POINT('',(-1.E1,-4.227421316948E0,3.197110917619E1));
#3814=VERTEX_POINT('',#3813);
#3815=CARTESIAN_POINT('',(-1.E1,1.486286873921E-1,4.013972022935E1));
#3816=CARTESIAN_POINT('',(1.E1,1.486286873921E-1,4.013972022935E1));
#3817=VERTEX_POINT('',#3815);
#3818=VERTEX_POINT('',#3816);
#3819=CARTESIAN_POINT('',(-1.E1,3.728356172760E-1,3.878351152141E1));
#3820=CARTESIAN_POINT('',(1.E1,3.728356172760E-1,3.878351152141E1));
#3821=VERTEX_POINT('',#3819);
#3822=VERTEX_POINT('',#3820);
#3823=VERTEX_POINT('',#1939);
#3824=VERTEX_POINT('',#1943);
#3825=CARTESIAN_POINT('',(1.000132681010E1,5.280066514819E0,3.769506977576E1));
#3826=VERTEX_POINT('',#3825);
#3827=CARTESIAN_POINT('',(-1.1E1,6.618523834923E0,3.799578266892E1));
#3828=CARTESIAN_POINT('',(1.1E1,6.618523834923E0,3.799578266892E1));
#3829=VERTEX_POINT('',#3827);
#3830=VERTEX_POINT('',#3828);
#3831=VERTEX_POINT('',#1949);
#3832=VERTEX_POINT('',#1587);
#3833=VERTEX_POINT('',#1591);
#3834=VERTEX_POINT('',#1597);
#3835=VERTEX_POINT('',#1601);
#3836=CARTESIAN_POINT('',(1.1E1,7.288147616508E1,3.799578266892E1));
#3837=CARTESIAN_POINT('',(-1.1E1,7.288147616508E1,3.799578266892E1));
#3838=VERTEX_POINT('',#3836);
#3839=VERTEX_POINT('',#3837);
#3840=CARTESIAN_POINT('',(-1.E1,7.912716438272E1,3.878351152141E1));
#3841=CARTESIAN_POINT('',(1.E1,7.912716438272E1,3.878351152141E1));
#3842=VERTEX_POINT('',#3840);
#3843=VERTEX_POINT('',#3841);
#3844=CARTESIAN_POINT('',(-1.E1,7.935137131261E1,4.013972022935E1));
#3845=CARTESIAN_POINT('',(1.E1,7.935137131261E1,4.013972022935E1));
#3846=VERTEX_POINT('',#3844);
#3847=VERTEX_POINT('',#3845);
#3848=CARTESIAN_POINT('',(1.E1,8.372742131695E1,3.197110917619E1));
#3849=CARTESIAN_POINT('',(-1.E1,8.372742131695E1,3.197110917619E1));
#3850=VERTEX_POINT('',#3848);
#3851=VERTEX_POINT('',#3849);
#3852=CARTESIAN_POINT('',(1.1E1,8.514571840359E1,3.172301119434E1));
#3853=CARTESIAN_POINT('',(1.1E1,8.040980560034E1,2.852864713528E1));
#3854=VERTEX_POINT('',#3852);
#3855=VERTEX_POINT('',#3853);
#3856=CARTESIAN_POINT('',(1.E1,8.374457405715E1,3.194651156386E1));
#3857=CARTESIAN_POINT('',(1.E1,7.984977334451E1,2.935798451959E1));
#3858=VERTEX_POINT('',#3856);
#3859=VERTEX_POINT('',#3857);
#3860=CARTESIAN_POINT('',(-1.1E1,8.040980560034E1,2.852864713528E1));
#3861=CARTESIAN_POINT('',(-1.1E1,8.514571840359E1,3.172301119434E1));
#3862=VERTEX_POINT('',#3860);
#3863=VERTEX_POINT('',#3861);
#3864=CARTESIAN_POINT('',(-1.E1,7.984977334451E1,2.935798451959E1));
#3865=CARTESIAN_POINT('',(-1.E1,8.374457405715E1,3.194651156386E1));
#3866=VERTEX_POINT('',#3864);
#3867=VERTEX_POINT('',#3865);
#3868=CARTESIAN_POINT('',(-1.55E1,7.208450813096E-1,4.193997638500E1));
#3869=CARTESIAN_POINT('',(-1.55E1,1.575702964105E1,3.350835173812E1));
#3870=VERTEX_POINT('',#3868);
#3871=VERTEX_POINT('',#3869);
#3872=CARTESIAN_POINT('',(-1.65E1,1.203965450112E-1,4.114031298568E1));
#3873=CARTESIAN_POINT('',(-1.65E1,1.316687327085E1,3.350835174021E1));
#3874=VERTEX_POINT('',#3872);
#3875=VERTEX_POINT('',#3873);
#3876=VERTEX_POINT('',#1986);
#3877=VERTEX_POINT('',#2464);
#3878=CARTESIAN_POINT('',(-1.1E1,-3.759040496491E0,4.429992136454E1));
#3879=VERTEX_POINT('',#3878);
#3880=CARTESIAN_POINT('',(-1.100000000001E1,-2.359327828902E0,
4.440239779055E1));
#3881=VERTEX_POINT('',#3880);
#3882=CARTESIAN_POINT('',(-1.E1,-3.007163641654E0,4.364061779625E1));
#3883=VERTEX_POINT('',#3882);
#3884=CARTESIAN_POINT('',(-1.1E1,-4.388006602645E0,4.358264167664E1));
#3885=VERTEX_POINT('',#3884);
#3886=CARTESIAN_POINT('',(-1.E1,-3.589432759506E0,4.297659185425E1));
#3887=VERTEX_POINT('',#3886);
#3888=CARTESIAN_POINT('',(1.E1,-3.007163641661E0,4.364061779624E1));
#3889=CARTESIAN_POINT('',(1.E1,-3.589432759506E0,4.297659185425E1));
#3890=VERTEX_POINT('',#3888);
#3891=VERTEX_POINT('',#3889);
#3892=CARTESIAN_POINT('',(1.1E1,-3.759040496491E0,4.429992136454E1));
#3893=CARTESIAN_POINT('',(1.1E1,-4.388006602645E0,4.358264167664E1));
#3894=VERTEX_POINT('',#3892);
#3895=VERTEX_POINT('',#3893);
#3896=CARTESIAN_POINT('',(1.1E1,-2.359327828902E0,4.440239779055E1));
#3897=VERTEX_POINT('',#3896);
#3898=CARTESIAN_POINT('',(2.149999999706E1,-3.759040496493E0,4.429992136454E1));
#3899=VERTEX_POINT('',#3898);
#3900=CARTESIAN_POINT('',(2.149999999997E1,-2.359327828902E0,4.440239779055E1));
#3901=VERTEX_POINT('',#3900);
#3902=VERTEX_POINT('',#1715);
#3903=VERTEX_POINT('',#2431);
#3904=CARTESIAN_POINT('',(2.65E1,7.937960345590E1,4.114031298447E1));
#3905=VERTEX_POINT('',#3904);
#3906=CARTESIAN_POINT('',(2.55E1,7.877915491869E1,4.193997638500E1));
#3907=VERTEX_POINT('',#3906);
#3908=VERTEX_POINT('',#2598);
#3909=VERTEX_POINT('',#2415);
#3910=CARTESIAN_POINT('',(1.1E1,8.325904049649E1,4.429992136454E1));
#3911=VERTEX_POINT('',#3910);
#3912=CARTESIAN_POINT('',(1.100000000001E1,8.185932782890E1,4.440239779055E1));
#3913=VERTEX_POINT('',#3912);
#3914=CARTESIAN_POINT('',(1.E1,8.250716364165E1,4.364061779625E1));
#3915=VERTEX_POINT('',#3914);
#3916=CARTESIAN_POINT('',(1.1E1,8.388800660264E1,4.358264167664E1));
#3917=VERTEX_POINT('',#3916);
#3918=CARTESIAN_POINT('',(1.E1,8.308943275951E1,4.297659185425E1));
#3919=VERTEX_POINT('',#3918);
#3920=CARTESIAN_POINT('',(-1.E1,8.250716364166E1,4.364061779624E1));
#3921=CARTESIAN_POINT('',(-1.E1,8.308943275951E1,4.297659185425E1));
#3922=VERTEX_POINT('',#3920);
#3923=VERTEX_POINT('',#3921);
#3924=CARTESIAN_POINT('',(-1.1E1,8.325904049649E1,4.429992136454E1));
#3925=CARTESIAN_POINT('',(-1.1E1,8.388800660264E1,4.358264167664E1));
#3926=VERTEX_POINT('',#3924);
#3927=VERTEX_POINT('',#3925);
#3928=CARTESIAN_POINT('',(-1.1E1,8.185932782890E1,4.440239779055E1));
#3929=VERTEX_POINT('',#3928);
#3930=CARTESIAN_POINT('',(-1.149999999706E1,8.325904049649E1,4.429992136454E1));
#3931=VERTEX_POINT('',#3930);
#3932=CARTESIAN_POINT('',(-1.149999999997E1,8.185932782890E1,4.440239779055E1));
#3933=VERTEX_POINT('',#3932);
#3934=VERTEX_POINT('',#2524);
#3935=VERTEX_POINT('',#2382);
#3936=CARTESIAN_POINT('',(-1.65E1,6.633312672930E1,3.350835173988E1));
#3937=VERTEX_POINT('',#3936);
#3938=CARTESIAN_POINT('',(-1.55E1,6.374297035937E1,3.350835173829E1));
#3939=VERTEX_POINT('',#3938);
#3940=CARTESIAN_POINT('',(-1.65E1,1.5E1,2.433925103310E1));
#3941=CARTESIAN_POINT('',(-1.65E1,1.500017964810E1,2.099212775315E1));
#3942=VERTEX_POINT('',#3940);
#3943=VERTEX_POINT('',#3941);
#3944=CARTESIAN_POINT('',(-1.65E1,1.520271175638E1,2.433925103310E1));
#3945=VERTEX_POINT('',#3944);
#3946=CARTESIAN_POINT('',(-1.5125E1,1.5E1,2.098614884068E1));
#3947=VERTEX_POINT('',#3946);
#3948=CARTESIAN_POINT('',(-8.625E0,1.5E1,2.098614884068E1));
#3949=VERTEX_POINT('',#3948);
#3950=CARTESIAN_POINT('',(8.625E0,1.5E1,2.098614884068E1));
#3951=VERTEX_POINT('',#3950);
#3952=CARTESIAN_POINT('',(1.5125E1,1.5E1,2.098614884068E1));
#3953=VERTEX_POINT('',#3952);
#3954=CARTESIAN_POINT('',(-4.65E1,1.165E1,-1.9E1));
#3955=CARTESIAN_POINT('',(-4.65E1,3.35E0,-1.9E1));
#3956=VERTEX_POINT('',#3954);
#3957=VERTEX_POINT('',#3955);
#3958=CARTESIAN_POINT('',(-4.65E1,1.165E1,2.600835173882E1));
#3959=CARTESIAN_POINT('',(-4.65E1,3.35E0,2.600835173882E1));
#3960=VERTEX_POINT('',#3958);
#3961=VERTEX_POINT('',#3959);
#3962=CARTESIAN_POINT('',(-4.65E1,7.615E1,-1.9E1));
#3963=CARTESIAN_POINT('',(-4.65E1,6.785E1,-1.9E1));
#3964=VERTEX_POINT('',#3962);
#3965=VERTEX_POINT('',#3963);
#3966=CARTESIAN_POINT('',(-4.65E1,7.615E1,2.600835173882E1));
#3967=CARTESIAN_POINT('',(-4.65E1,6.785E1,2.600835173882E1));
#3968=VERTEX_POINT('',#3966);
#3969=VERTEX_POINT('',#3967);
#3970=CARTESIAN_POINT('',(-1.65E1,1.165E1,-1.9E1));
#3971=CARTESIAN_POINT('',(-1.65E1,3.35E0,-1.9E1));
#3972=VERTEX_POINT('',#3970);
#3973=VERTEX_POINT('',#3971);
#3974=CARTESIAN_POINT('',(-1.65E1,1.165E1,2.600835173882E1));
#3975=CARTESIAN_POINT('',(-1.65E1,3.35E0,2.600835173882E1));
#3976=VERTEX_POINT('',#3974);
#3977=VERTEX_POINT('',#3975);
#3978=CARTESIAN_POINT('',(-1.65E1,7.615E1,-1.9E1));
#3979=CARTESIAN_POINT('',(-1.65E1,6.785E1,-1.9E1));
#3980=VERTEX_POINT('',#3978);
#3981=VERTEX_POINT('',#3979);
#3982=CARTESIAN_POINT('',(-1.65E1,7.615E1,2.600835173882E1));
#3983=CARTESIAN_POINT('',(-1.65E1,6.785E1,2.600835173882E1));
#3984=VERTEX_POINT('',#3982);
#3985=VERTEX_POINT('',#3983);
#3986=CARTESIAN_POINT('',(2.55E1,-7.097540859023E0,3.280911350227E1));
#3987=CARTESIAN_POINT('',(2.55E1,-2.547366761974E-10,2.797162291245E1));
#3988=VERTEX_POINT('',#3986);
#3989=VERTEX_POINT('',#3987);
#3990=CARTESIAN_POINT('',(2.65E1,-6.489131236877E0,3.360273667082E1));
#3991=CARTESIAN_POINT('',(2.65E1,5.E-1,2.883785848494E1));
#3992=VERTEX_POINT('',#3990);
#3993=VERTEX_POINT('',#3991);
#3994=VERTEX_POINT('',#1704);
#3995=VERTEX_POINT('',#1906);
#3996=CARTESIAN_POINT('',(-1.149999999672E1,-1.035273347886E1,
3.678040322482E1));
#3997=VERTEX_POINT('',#3996);
#3998=CARTESIAN_POINT('',(-1.149999999997E1,-1.025021000065E1,
3.536061284385E1));
#3999=VERTEX_POINT('',#3998);
#4000=VERTEX_POINT('',#1975);
#4001=VERTEX_POINT('',#1891);
#4002=CARTESIAN_POINT('',(-1.65E1,5.162021921024E-10,2.914204088762E1));
#4003=VERTEX_POINT('',#4002);
#4004=CARTESIAN_POINT('',(-1.55E1,-2.547508870521E-10,2.797162291245E1));
#4005=VERTEX_POINT('',#4004);
#4006=CARTESIAN_POINT('',(-1.55E1,8.659754085902E1,3.280911350227E1));
#4007=CARTESIAN_POINT('',(-1.55E1,7.950000000034E1,2.797162291250E1));
#4008=VERTEX_POINT('',#4006);
#4009=VERTEX_POINT('',#4007);
#4010=CARTESIAN_POINT('',(-1.65E1,8.598913123669E1,3.360273667107E1));
#4011=CARTESIAN_POINT('',(-1.65E1,7.949999999932E1,2.914204088789E1));
#4012=VERTEX_POINT('',#4010);
#4013=VERTEX_POINT('',#4011);
#4014=VERTEX_POINT('',#2513);
#4015=VERTEX_POINT('',#1520);
#4016=CARTESIAN_POINT('',(2.149999999672E1,8.985273347886E1,3.678040322482E1));
#4017=VERTEX_POINT('',#4016);
#4018=CARTESIAN_POINT('',(2.149999999997E1,8.975021000065E1,3.536061284385E1));
#4019=VERTEX_POINT('',#4018);
#4020=VERTEX_POINT('',#2587);
#4021=VERTEX_POINT('',#1505);
#4022=CARTESIAN_POINT('',(2.65E1,7.9E1,2.883785848530E1));
#4023=VERTEX_POINT('',#4022);
#4024=CARTESIAN_POINT('',(2.55E1,7.950000000034E1,2.797162291250E1));
#4025=VERTEX_POINT('',#4024);
#4026=VERTEX_POINT('',#2696);
#4027=VERTEX_POINT('',#2618);
#4028=CARTESIAN_POINT('',(-2.375E1,8.75E0,-2.65E1));
#4029=CARTESIAN_POINT('',(-2.375E1,6.25E0,-2.65E1));
#4030=VERTEX_POINT('',#4028);
#4031=VERTEX_POINT('',#4029);
#4032=CARTESIAN_POINT('',(-2.375E1,7.325E1,-2.65E1));
#4033=CARTESIAN_POINT('',(-2.375E1,7.075E1,-2.65E1));
#4034=VERTEX_POINT('',#4032);
#4035=VERTEX_POINT('',#4033);
#4036=VERTEX_POINT('',#2176);
#4037=VERTEX_POINT('',#2187);
#4038=VERTEX_POINT('',#2915);
#4039=VERTEX_POINT('',#2926);
#4040=CARTESIAN_POINT('',(-2.375E1,8.75E0,3.350835173882E1));
#4041=CARTESIAN_POINT('',(-2.375E1,6.25E0,3.350835173882E1));
#4042=VERTEX_POINT('',#4040);
#4043=VERTEX_POINT('',#4041);
#4044=CARTESIAN_POINT('',(-2.375E1,7.325E1,3.350835173882E1));
#4045=CARTESIAN_POINT('',(-2.375E1,7.075E1,3.350835173882E1));
#4046=VERTEX_POINT('',#4044);
#4047=VERTEX_POINT('',#4045);
#4048=VERTEX_POINT('',#2294);
#4049=VERTEX_POINT('',#2305);
#4050=VERTEX_POINT('',#2983);
#4051=VERTEX_POINT('',#2994);
#4052=CARTESIAN_POINT('',(0.E0,0.E0,0.E0));
#4053=DIRECTION('',(0.E0,1.E0,0.E0));
#4054=DIRECTION('',(1.E0,0.E0,0.E0));
#4055=AXIS2_PLACEMENT_3D('',#4052,#4053,#4054);
#4056=PLANE('',#4055);
#4058=ORIENTED_EDGE('',*,*,#4057,.T.);
#4060=ORIENTED_EDGE('',*,*,#4059,.F.);
#4062=ORIENTED_EDGE('',*,*,#4061,.F.);
#4064=ORIENTED_EDGE('',*,*,#4063,.T.);
#4066=ORIENTED_EDGE('',*,*,#4065,.T.);
#4068=ORIENTED_EDGE('',*,*,#4067,.T.);
#4070=ORIENTED_EDGE('',*,*,#4069,.F.);
#4072=ORIENTED_EDGE('',*,*,#4071,.F.);
#4074=ORIENTED_EDGE('',*,*,#4073,.F.);
#4076=ORIENTED_EDGE('',*,*,#4075,.T.);
#4078=ORIENTED_EDGE('',*,*,#4077,.T.);
#4080=ORIENTED_EDGE('',*,*,#4079,.T.);
#4082=ORIENTED_EDGE('',*,*,#4081,.F.);
#4083=EDGE_LOOP('',(#4058,#4060,#4062,#4064,#4066,#4068,#4070,#4072,#4074,#4076,
#4078,#4080,#4082));
#4084=FACE_OUTER_BOUND('',#4083,.F.);
#4086=ORIENTED_EDGE('',*,*,#4085,.F.);
#4088=ORIENTED_EDGE('',*,*,#4087,.F.);
#4089=EDGE_LOOP('',(#4086,#4088));
#4090=FACE_BOUND('',#4089,.F.);
#4092=ORIENTED_EDGE('',*,*,#4091,.F.);
#4094=ORIENTED_EDGE('',*,*,#4093,.F.);
#4095=EDGE_LOOP('',(#4092,#4094));
#4096=FACE_BOUND('',#4095,.F.);
#4098=ORIENTED_EDGE('',*,*,#4097,.F.);
#4100=ORIENTED_EDGE('',*,*,#4099,.F.);
#4101=EDGE_LOOP('',(#4098,#4100));
#4102=FACE_BOUND('',#4101,.F.);
#4104=ORIENTED_EDGE('',*,*,#4103,.F.);
#4106=ORIENTED_EDGE('',*,*,#4105,.F.);
#4107=EDGE_LOOP('',(#4104,#4106));
#4108=FACE_BOUND('',#4107,.F.);
#4110=ORIENTED_EDGE('',*,*,#4109,.F.);
#4112=ORIENTED_EDGE('',*,*,#4111,.F.);
#4113=EDGE_LOOP('',(#4110,#4112));
#4114=FACE_BOUND('',#4113,.F.);
#4116=ORIENTED_EDGE('',*,*,#4115,.F.);
#4118=ORIENTED_EDGE('',*,*,#4117,.F.);
#4120=ORIENTED_EDGE('',*,*,#4119,.T.);
#4122=ORIENTED_EDGE('',*,*,#4121,.F.);
#4124=ORIENTED_EDGE('',*,*,#4123,.F.);
#4126=ORIENTED_EDGE('',*,*,#4125,.F.);
#4128=ORIENTED_EDGE('',*,*,#4127,.T.);
#4130=ORIENTED_EDGE('',*,*,#4129,.F.);
#4132=ORIENTED_EDGE('',*,*,#4131,.F.);
#4134=ORIENTED_EDGE('',*,*,#4133,.F.);
#4136=ORIENTED_EDGE('',*,*,#4135,.T.);
#4138=ORIENTED_EDGE('',*,*,#4137,.F.);
#4140=ORIENTED_EDGE('',*,*,#4139,.F.);
#4142=ORIENTED_EDGE('',*,*,#4141,.F.);
#4144=ORIENTED_EDGE('',*,*,#4143,.T.);
#4146=ORIENTED_EDGE('',*,*,#4145,.F.);
#4147=EDGE_LOOP('',(#4116,#4118,#4120,#4122,#4124,#4126,#4128,#4130,#4132,#4134,
#4136,#4138,#4140,#4142,#4144,#4146));
#4148=FACE_BOUND('',#4147,.F.);
#4150=ORIENTED_EDGE('',*,*,#4149,.F.);
#4152=ORIENTED_EDGE('',*,*,#4151,.F.);
#4153=EDGE_LOOP('',(#4150,#4152));
#4154=FACE_BOUND('',#4153,.F.);
#4156=CARTESIAN_POINT('',(2.375E1,1.5E1,0.E0));
#4157=DIRECTION('',(0.E0,1.E0,0.E0));
#4158=DIRECTION('',(1.E0,0.E0,0.E0));
#4159=AXIS2_PLACEMENT_3D('',#4156,#4157,#4158);
#4160=CYLINDRICAL_SURFACE('',#4159,1.4E0);
#4162=ORIENTED_EDGE('',*,*,#4161,.F.);
#4164=ORIENTED_EDGE('',*,*,#4163,.T.);
#4165=ORIENTED_EDGE('',*,*,#4149,.T.);
#4167=ORIENTED_EDGE('',*,*,#4166,.F.);
#4168=EDGE_LOOP('',(#4162,#4164,#4165,#4167));
#4169=FACE_OUTER_BOUND('',#4168,.F.);
#4171=CARTESIAN_POINT('',(0.E0,8.E0,0.E0));
#4172=DIRECTION('',(0.E0,1.E0,0.E0));
#4173=DIRECTION('',(1.E0,0.E0,0.E0));
#4174=AXIS2_PLACEMENT_3D('',#4171,#4172,#4173);
#4175=PLANE('',#4174);
#4177=ORIENTED_EDGE('',*,*,#4176,.F.);
#4179=ORIENTED_EDGE('',*,*,#4178,.F.);
#4180=EDGE_LOOP('',(#4177,#4179));
#4181=FACE_OUTER_BOUND('',#4180,.F.);
#4183=ORIENTED_EDGE('',*,*,#4182,.T.);
#4185=ORIENTED_EDGE('',*,*,#4184,.T.);
#4186=EDGE_LOOP('',(#4183,#4185));
#4187=FACE_BOUND('',#4186,.F.);
#4189=CARTESIAN_POINT('',(0.E0,8.E0,0.E0));
#4190=DIRECTION('',(0.E0,1.E0,0.E0));
#4191=DIRECTION('',(1.E0,0.E0,0.E0));
#4192=AXIS2_PLACEMENT_3D('',#4189,#4190,#4191);
#4193=PLANE('',#4192);
#4195=ORIENTED_EDGE('',*,*,#4194,.F.);
#4197=ORIENTED_EDGE('',*,*,#4196,.F.);
#4198=EDGE_LOOP('',(#4195,#4197));
#4199=FACE_OUTER_BOUND('',#4198,.F.);
#4201=ORIENTED_EDGE('',*,*,#4200,.T.);
#4203=ORIENTED_EDGE('',*,*,#4202,.T.);
#4204=EDGE_LOOP('',(#4201,#4203));
#4205=FACE_BOUND('',#4204,.F.);
#4207=CARTESIAN_POINT('',(0.E0,8.E0,0.E0));
#4208=DIRECTION('',(0.E0,1.E0,0.E0));
#4209=DIRECTION('',(1.E0,0.E0,0.E0));
#4210=AXIS2_PLACEMENT_3D('',#4207,#4208,#4209);
#4211=PLANE('',#4210);
#4213=ORIENTED_EDGE('',*,*,#4212,.F.);
#4215=ORIENTED_EDGE('',*,*,#4214,.F.);
#4216=EDGE_LOOP('',(#4213,#4215));
#4217=FACE_OUTER_BOUND('',#4216,.F.);
#4219=ORIENTED_EDGE('',*,*,#4218,.T.);
#4221=ORIENTED_EDGE('',*,*,#4220,.T.);
#4222=EDGE_LOOP('',(#4219,#4221));
#4223=FACE_BOUND('',#4222,.F.);
#4225=CARTESIAN_POINT('',(0.E0,8.E0,0.E0));
#4226=DIRECTION('',(0.E0,1.E0,0.E0));
#4227=DIRECTION('',(1.E0,0.E0,0.E0));
#4228=AXIS2_PLACEMENT_3D('',#4225,#4226,#4227);
#4229=PLANE('',#4228);
#4231=ORIENTED_EDGE('',*,*,#4230,.F.);
#4233=ORIENTED_EDGE('',*,*,#4232,.F.);
#4234=EDGE_LOOP('',(#4231,#4233));
#4235=FACE_OUTER_BOUND('',#4234,.F.);
#4237=ORIENTED_EDGE('',*,*,#4236,.T.);
#4239=ORIENTED_EDGE('',*,*,#4238,.T.);
#4240=EDGE_LOOP('',(#4237,#4239));
#4241=FACE_BOUND('',#4240,.F.);
#4243=CARTESIAN_POINT('',(0.E0,8.E0,0.E0));
#4244=DIRECTION('',(0.E0,1.E0,0.E0));
#4245=DIRECTION('',(1.E0,0.E0,0.E0));
#4246=AXIS2_PLACEMENT_3D('',#4243,#4244,#4245);
#4247=PLANE('',#4246);
#4249=ORIENTED_EDGE('',*,*,#4248,.F.);
#4251=ORIENTED_EDGE('',*,*,#4250,.F.);
#4253=ORIENTED_EDGE('',*,*,#4252,.F.);
#4255=ORIENTED_EDGE('',*,*,#4254,.T.);
#4256=EDGE_LOOP('',(#4249,#4251,#4253,#4255));
#4257=FACE_OUTER_BOUND('',#4256,.F.);
#4259=ORIENTED_EDGE('',*,*,#4258,.T.);
#4261=ORIENTED_EDGE('',*,*,#4260,.T.);
#4262=EDGE_LOOP('',(#4259,#4261));
#4263=FACE_BOUND('',#4262,.F.);
#4265=CARTESIAN_POINT('',(0.E0,8.E0,0.E0));
#4266=DIRECTION('',(0.E0,1.E0,0.E0));
#4267=DIRECTION('',(1.E0,0.E0,0.E0));
#4268=AXIS2_PLACEMENT_3D('',#4265,#4266,#4267);
#4269=PLANE('',#4268);
#4271=ORIENTED_EDGE('',*,*,#4270,.F.);
#4273=ORIENTED_EDGE('',*,*,#4272,.F.);
#4275=ORIENTED_EDGE('',*,*,#4274,.F.);
#4277=ORIENTED_EDGE('',*,*,#4276,.T.);
#4278=EDGE_LOOP('',(#4271,#4273,#4275,#4277));
#4279=FACE_OUTER_BOUND('',#4278,.F.);
#4280=ORIENTED_EDGE('',*,*,#4161,.T.);
#4282=ORIENTED_EDGE('',*,*,#4281,.T.);
#4283=EDGE_LOOP('',(#4280,#4282));
#4284=FACE_BOUND('',#4283,.F.);
#4286=CARTESIAN_POINT('',(-1.1875E1,1.5E1,-2.056810333988E1));
#4287=DIRECTION('',(0.E0,1.E0,0.E0));
#4288=DIRECTION('',(1.E0,0.E0,0.E0));
#4289=AXIS2_PLACEMENT_3D('',#4286,#4287,#4288);
#4290=CYLINDRICAL_SURFACE('',#4289,3.25E0);
#4292=ORIENTED_EDGE('',*,*,#4291,.F.);
#4294=ORIENTED_EDGE('',*,*,#4293,.T.);
#4295=ORIENTED_EDGE('',*,*,#4176,.T.);
#4297=ORIENTED_EDGE('',*,*,#4296,.F.);
#4298=EDGE_LOOP('',(#4292,#4294,#4295,#4297));
#4299=FACE_OUTER_BOUND('',#4298,.F.);
#4301=CARTESIAN_POINT('',(0.E0,1.5E1,0.E0));
#4302=DIRECTION('',(0.E0,1.E0,0.E0));
#4303=DIRECTION('',(1.E0,0.E0,0.E0));
#4304=AXIS2_PLACEMENT_3D('',#4301,#4302,#4303);
#4305=PLANE('',#4304);
#4307=ORIENTED_EDGE('',*,*,#4306,.F.);
#4309=ORIENTED_EDGE('',*,*,#4308,.F.);
#4311=ORIENTED_EDGE('',*,*,#4310,.F.);
#4313=ORIENTED_EDGE('',*,*,#4312,.F.);
#4315=ORIENTED_EDGE('',*,*,#4314,.F.);
#4317=ORIENTED_EDGE('',*,*,#4316,.F.);
#4319=ORIENTED_EDGE('',*,*,#4318,.F.);
#4321=ORIENTED_EDGE('',*,*,#4320,.F.);
#4323=ORIENTED_EDGE('',*,*,#4322,.F.);
#4325=ORIENTED_EDGE('',*,*,#4324,.F.);
#4327=ORIENTED_EDGE('',*,*,#4326,.F.);
#4329=ORIENTED_EDGE('',*,*,#4328,.T.);
#4331=ORIENTED_EDGE('',*,*,#4330,.F.);
#4333=ORIENTED_EDGE('',*,*,#4332,.F.);
#4335=ORIENTED_EDGE('',*,*,#4334,.T.);
#4337=ORIENTED_EDGE('',*,*,#4336,.T.);
#4339=ORIENTED_EDGE('',*,*,#4338,.F.);
#4341=ORIENTED_EDGE('',*,*,#4340,.F.);
#4343=ORIENTED_EDGE('',*,*,#4342,.T.);
#4345=ORIENTED_EDGE('',*,*,#4344,.T.);
#4347=ORIENTED_EDGE('',*,*,#4346,.F.);
#4349=ORIENTED_EDGE('',*,*,#4348,.F.);
#4351=ORIENTED_EDGE('',*,*,#4350,.T.);
#4353=ORIENTED_EDGE('',*,*,#4352,.T.);
#4355=ORIENTED_EDGE('',*,*,#4354,.F.);
#4357=ORIENTED_EDGE('',*,*,#4356,.F.);
#4359=ORIENTED_EDGE('',*,*,#4358,.F.);
#4361=ORIENTED_EDGE('',*,*,#4360,.T.);
#4363=ORIENTED_EDGE('',*,*,#4362,.T.);
#4365=ORIENTED_EDGE('',*,*,#4364,.F.);
#4367=ORIENTED_EDGE('',*,*,#4366,.F.);
#4369=ORIENTED_EDGE('',*,*,#4368,.F.);
#4370=EDGE_LOOP('',(#4307,#4309,#4311,#4313,#4315,#4317,#4319,#4321,#4323,#4325,
#4327,#4329,#4331,#4333,#4335,#4337,#4339,#4341,#4343,#4345,#4347,#4349,#4351,
#4353,#4355,#4357,#4359,#4361,#4363,#4365,#4367,#4369));
#4371=FACE_OUTER_BOUND('',#4370,.F.);
#4373=ORIENTED_EDGE('',*,*,#4372,.T.);
#4375=ORIENTED_EDGE('',*,*,#4374,.T.);
#4376=EDGE_LOOP('',(#4373,#4375));
#4377=FACE_BOUND('',#4376,.F.);
#4379=ORIENTED_EDGE('',*,*,#4378,.F.);
#4381=ORIENTED_EDGE('',*,*,#4380,.F.);
#4382=EDGE_LOOP('',(#4379,#4381));
#4383=FACE_BOUND('',#4382,.F.);
#4384=ORIENTED_EDGE('',*,*,#4291,.T.);
#4386=ORIENTED_EDGE('',*,*,#4385,.T.);
#4387=EDGE_LOOP('',(#4384,#4386));
#4388=FACE_BOUND('',#4387,.F.);
#4390=ORIENTED_EDGE('',*,*,#4389,.T.);
#4392=ORIENTED_EDGE('',*,*,#4391,.T.);
#4393=EDGE_LOOP('',(#4390,#4392));
#4394=FACE_BOUND('',#4393,.F.);
#4396=ORIENTED_EDGE('',*,*,#4395,.T.);
#4398=ORIENTED_EDGE('',*,*,#4397,.T.);
#4399=EDGE_LOOP('',(#4396,#4398));
#4400=FACE_BOUND('',#4399,.F.);
#4402=CARTESIAN_POINT('',(1.1875E1,1.5E1,2.056810333988E1));
#4403=DIRECTION('',(0.E0,1.E0,0.E0));
#4404=DIRECTION('',(1.E0,0.E0,0.E0));
#4405=AXIS2_PLACEMENT_3D('',#4402,#4403,#4404);
#4406=CYLINDRICAL_SURFACE('',#4405,3.25E0);
#4407=ORIENTED_EDGE('',*,*,#4395,.F.);
#4409=ORIENTED_EDGE('',*,*,#4408,.T.);
#4410=ORIENTED_EDGE('',*,*,#4232,.T.);
#4412=ORIENTED_EDGE('',*,*,#4411,.F.);
#4413=EDGE_LOOP('',(#4407,#4409,#4410,#4412));
#4414=FACE_OUTER_BOUND('',#4413,.F.);
#4416=CARTESIAN_POINT('',(1.1875E1,1.5E1,2.056810333988E1));
#4417=DIRECTION('',(0.E0,1.E0,0.E0));
#4418=DIRECTION('',(1.E0,0.E0,0.E0));
#4419=AXIS2_PLACEMENT_3D('',#4416,#4417,#4418);
#4420=CYLINDRICAL_SURFACE('',#4419,3.25E0);
#4421=ORIENTED_EDGE('',*,*,#4397,.F.);
#4422=ORIENTED_EDGE('',*,*,#4411,.T.);
#4423=ORIENTED_EDGE('',*,*,#4230,.T.);
#4424=ORIENTED_EDGE('',*,*,#4408,.F.);
#4425=EDGE_LOOP('',(#4421,#4422,#4423,#4424));
#4426=FACE_OUTER_BOUND('',#4425,.F.);
#4428=CARTESIAN_POINT('',(-1.1875E1,1.5E1,2.056810333988E1));
#4429=DIRECTION('',(0.E0,1.E0,0.E0));
#4430=DIRECTION('',(1.E0,0.E0,0.E0));
#4431=AXIS2_PLACEMENT_3D('',#4428,#4429,#4430);
#4432=CYLINDRICAL_SURFACE('',#4431,3.25E0);
#4433=ORIENTED_EDGE('',*,*,#4372,.F.);
#4435=ORIENTED_EDGE('',*,*,#4434,.T.);
#4436=ORIENTED_EDGE('',*,*,#4214,.T.);
#4438=ORIENTED_EDGE('',*,*,#4437,.F.);
#4439=EDGE_LOOP('',(#4433,#4435,#4436,#4438));
#4440=FACE_OUTER_BOUND('',#4439,.F.);
#4442=CARTESIAN_POINT('',(-1.1875E1,1.5E1,2.056810333988E1));
#4443=DIRECTION('',(0.E0,1.E0,0.E0));
#4444=DIRECTION('',(1.E0,0.E0,0.E0));
#4445=AXIS2_PLACEMENT_3D('',#4442,#4443,#4444);
#4446=CYLINDRICAL_SURFACE('',#4445,3.25E0);
#4447=ORIENTED_EDGE('',*,*,#4374,.F.);
#4448=ORIENTED_EDGE('',*,*,#4437,.T.);
#4449=ORIENTED_EDGE('',*,*,#4212,.T.);
#4450=ORIENTED_EDGE('',*,*,#4434,.F.);
#4451=EDGE_LOOP('',(#4447,#4448,#4449,#4450));
#4452=FACE_OUTER_BOUND('',#4451,.F.);
#4454=CARTESIAN_POINT('',(0.E0,0.E0,0.E0));
#4455=DIRECTION('',(0.E0,1.E0,0.E0));
#4456=DIRECTION('',(1.E0,0.E0,0.E0));
#4457=AXIS2_PLACEMENT_3D('',#4454,#4455,#4456);
#4458=CYLINDRICAL_SURFACE('',#4457,1.875E1);
#4460=ORIENTED_EDGE('',*,*,#4459,.T.);
#4462=ORIENTED_EDGE('',*,*,#4461,.T.);
#4463=ORIENTED_EDGE('',*,*,#4378,.T.);
#4465=ORIENTED_EDGE('',*,*,#4464,.F.);
#4466=EDGE_LOOP('',(#4460,#4462,#4463,#4465));
#4467=FACE_OUTER_BOUND('',#4466,.F.);
#4469=CARTESIAN_POINT('',(0.E0,4.E0,0.E0));
#4470=DIRECTION('',(0.E0,1.E0,0.E0));
#4471=DIRECTION('',(1.E0,0.E0,0.E0));
#4472=AXIS2_PLACEMENT_3D('',#4469,#4470,#4471);
#4473=TOROIDAL_SURFACE('',#4472,1.875E1,1.5E0);
#4475=ORIENTED_EDGE('',*,*,#4474,.F.);
#4477=ORIENTED_EDGE('',*,*,#4476,.T.);
#4479=ORIENTED_EDGE('',*,*,#4478,.T.);
#4481=ORIENTED_EDGE('',*,*,#4480,.F.);
#4483=ORIENTED_EDGE('',*,*,#4482,.F.);
#4485=ORIENTED_EDGE('',*,*,#4484,.T.);
#4487=ORIENTED_EDGE('',*,*,#4486,.T.);
#4489=ORIENTED_EDGE('',*,*,#4488,.F.);
#4491=ORIENTED_EDGE('',*,*,#4490,.F.);
#4492=ORIENTED_EDGE('',*,*,#4459,.F.);
#4494=ORIENTED_EDGE('',*,*,#4493,.T.);
#4496=ORIENTED_EDGE('',*,*,#4495,.F.);
#4497=EDGE_LOOP('',(#4475,#4477,#4479,#4481,#4483,#4485,#4487,#4489,#4491,#4492,
#4494,#4496));
#4498=FACE_OUTER_BOUND('',#4497,.F.);
#4500=CARTESIAN_POINT('',(-1.874200736869E1,0.E0,5.474119033658E-1));
#4501=DIRECTION('',(0.E0,0.E0,1.E0));
#4502=DIRECTION('',(-1.E0,0.E0,0.E0));
#4503=AXIS2_PLACEMENT_3D('',#4500,#4501,#4502);
#4504=PLANE('',#4503);
#4506=ORIENTED_EDGE('',*,*,#4505,.F.);
#4508=ORIENTED_EDGE('',*,*,#4507,.F.);
#4509=ORIENTED_EDGE('',*,*,#4129,.T.);
#4511=ORIENTED_EDGE('',*,*,#4510,.T.);
#4512=ORIENTED_EDGE('',*,*,#4474,.T.);
#4513=EDGE_LOOP('',(#4506,#4508,#4509,#4511,#4512));
#4514=FACE_OUTER_BOUND('',#4513,.F.);
#4516=CARTESIAN_POINT('',(0.E0,0.E0,0.E0));
#4517=DIRECTION('',(0.E0,-1.E0,0.E0));
#4518=DIRECTION('',(-1.E0,0.E0,0.E0));
#4519=AXIS2_PLACEMENT_3D('',#4516,#4517,#4518);
#4520=CYLINDRICAL_SURFACE('',#4519,1.948805795284E1);
#4522=ORIENTED_EDGE('',*,*,#4521,.T.);
#4523=ORIENTED_EDGE('',*,*,#4505,.T.);
#4524=ORIENTED_EDGE('',*,*,#4495,.T.);
#4526=ORIENTED_EDGE('',*,*,#4525,.T.);
#4528=ORIENTED_EDGE('',*,*,#4527,.F.);
#4529=EDGE_LOOP('',(#4522,#4523,#4524,#4526,#4528));
#4530=FACE_OUTER_BOUND('',#4529,.F.);
#4532=CARTESIAN_POINT('',(0.E0,5.E-1,0.E0));
#4533=DIRECTION('',(0.E0,-1.E0,0.E0));
#4534=DIRECTION('',(9.295082527984E-1,0.E0,3.688013123345E-1));
#4535=AXIS2_PLACEMENT_3D('',#4532,#4533,#4534);
#4536=TOROIDAL_SURFACE('',#4535,1.998805795284E1,5.E-1);
#4537=ORIENTED_EDGE('',*,*,#4521,.F.);
#4539=ORIENTED_EDGE('',*,*,#4538,.T.);
#4540=ORIENTED_EDGE('',*,*,#4131,.T.);
#4541=ORIENTED_EDGE('',*,*,#4507,.T.);
#4542=EDGE_LOOP('',(#4537,#4539,#4540,#4541));
#4543=FACE_OUTER_BOUND('',#4542,.F.);
#4545=CARTESIAN_POINT('',(-1.378013793061E1,0.E0,-1.378013793061E1));
#4546=DIRECTION('',(7.071067811865E-1,0.E0,-7.071067811865E-1));
#4547=DIRECTION('',(7.071067811865E-1,0.E0,7.071067811865E-1));
#4548=AXIS2_PLACEMENT_3D('',#4545,#4546,#4547);
#4549=PLANE('',#4548);
#4550=ORIENTED_EDGE('',*,*,#4133,.T.);
#4551=ORIENTED_EDGE('',*,*,#4538,.F.);
#4552=ORIENTED_EDGE('',*,*,#4527,.T.);
#4554=ORIENTED_EDGE('',*,*,#4553,.F.);
#4556=ORIENTED_EDGE('',*,*,#4555,.F.);
#4557=EDGE_LOOP('',(#4550,#4551,#4552,#4554,#4556));
#4558=FACE_OUTER_BOUND('',#4557,.F.);
#4560=CARTESIAN_POINT('',(0.E0,4.E0,0.E0));
#4561=DIRECTION('',(0.E0,1.E0,0.E0));
#4562=DIRECTION('',(1.E0,0.E0,0.E0));
#4563=AXIS2_PLACEMENT_3D('',#4560,#4561,#4562);
#4564=TOROIDAL_SURFACE('',#4563,1.875E1,1.5E0);
#4566=ORIENTED_EDGE('',*,*,#4565,.F.);
#4568=ORIENTED_EDGE('',*,*,#4567,.T.);
#4569=ORIENTED_EDGE('',*,*,#4553,.T.);
#4570=ORIENTED_EDGE('',*,*,#4525,.F.);
#4571=ORIENTED_EDGE('',*,*,#4493,.F.);
#4573=ORIENTED_EDGE('',*,*,#4572,.F.);
#4574=ORIENTED_EDGE('',*,*,#4490,.T.);
#4576=ORIENTED_EDGE('',*,*,#4575,.F.);
#4578=ORIENTED_EDGE('',*,*,#4577,.F.);
#4580=ORIENTED_EDGE('',*,*,#4579,.T.);
#4582=ORIENTED_EDGE('',*,*,#4581,.T.);
#4584=ORIENTED_EDGE('',*,*,#4583,.F.);
#4585=EDGE_LOOP('',(#4566,#4568,#4569,#4570,#4571,#4573,#4574,#4576,#4578,#4580,
#4582,#4584));
#4586=FACE_OUTER_BOUND('',#4585,.F.);
#4588=CARTESIAN_POINT('',(-5.049569143351E-1,0.E0,-1.874319926039E1));
#4589=DIRECTION('',(-1.E0,0.E0,0.E0));
#4590=DIRECTION('',(0.E0,0.E0,-1.E0));
#4591=AXIS2_PLACEMENT_3D('',#4588,#4589,#4590);
#4592=PLANE('',#4591);
#4594=ORIENTED_EDGE('',*,*,#4593,.F.);
#4596=ORIENTED_EDGE('',*,*,#4595,.F.);
#4597=ORIENTED_EDGE('',*,*,#4137,.T.);
#4599=ORIENTED_EDGE('',*,*,#4598,.T.);
#4600=ORIENTED_EDGE('',*,*,#4565,.T.);
#4601=EDGE_LOOP('',(#4594,#4596,#4597,#4599,#4600));
#4602=FACE_OUTER_BOUND('',#4601,.F.);
#4604=CARTESIAN_POINT('',(0.E0,0.E0,0.E0));
#4605=DIRECTION('',(0.E0,-1.E0,0.E0));
#4606=DIRECTION('',(-1.E0,0.E0,0.E0));
#4607=AXIS2_PLACEMENT_3D('',#4604,#4605,#4606);
#4608=CYLINDRICAL_SURFACE('',#4607,1.948805795284E1);
#4610=ORIENTED_EDGE('',*,*,#4609,.T.);
#4611=ORIENTED_EDGE('',*,*,#4593,.T.);
#4612=ORIENTED_EDGE('',*,*,#4583,.T.);
#4614=ORIENTED_EDGE('',*,*,#4613,.F.);
#4615=EDGE_LOOP('',(#4610,#4611,#4612,#4614));
#4616=FACE_OUTER_BOUND('',#4615,.F.);
#4618=CARTESIAN_POINT('',(0.E0,5.E-1,0.E0));
#4619=DIRECTION('',(0.E0,-1.E0,0.E0));
#4620=DIRECTION('',(-3.698139355859E-1,0.E0,9.291058352236E-1));
#4621=AXIS2_PLACEMENT_3D('',#4618,#4619,#4620);
#4622=TOROIDAL_SURFACE('',#4621,1.998805795284E1,5.E-1);
#4623=ORIENTED_EDGE('',*,*,#4609,.F.);
#4625=ORIENTED_EDGE('',*,*,#4624,.T.);
#4626=ORIENTED_EDGE('',*,*,#4139,.T.);
#4627=ORIENTED_EDGE('',*,*,#4595,.T.);
#4628=EDGE_LOOP('',(#4623,#4625,#4626,#4627));
#4629=FACE_OUTER_BOUND('',#4628,.F.);
#4631=CARTESIAN_POINT('',(1.378013793061E1,0.E0,-1.378013793061E1));
#4632=DIRECTION('',(7.071067811865E-1,0.E0,7.071067811865E-1));
#4633=DIRECTION('',(-7.071067811865E-1,0.E0,7.071067811865E-1));
#4634=AXIS2_PLACEMENT_3D('',#4631,#4632,#4633);
#4635=PLANE('',#4634);
#4636=ORIENTED_EDGE('',*,*,#4141,.T.);
#4637=ORIENTED_EDGE('',*,*,#4624,.F.);
#4638=ORIENTED_EDGE('',*,*,#4613,.T.);
#4639=ORIENTED_EDGE('',*,*,#4581,.F.);
#4641=ORIENTED_EDGE('',*,*,#4640,.F.);
#4642=EDGE_LOOP('',(#4636,#4637,#4638,#4639,#4641));
#4643=FACE_OUTER_BOUND('',#4642,.F.);
#4645=CARTESIAN_POINT('',(0.E0,0.E0,0.E0));
#4646=DIRECTION('',(0.E0,1.E0,0.E0));
#4647=DIRECTION('',(1.E0,0.E0,0.E0));
#4648=AXIS2_PLACEMENT_3D('',#4645,#4646,#4647);
#4649=CYLINDRICAL_SURFACE('',#4648,1.875E1);
#4651=ORIENTED_EDGE('',*,*,#4650,.T.);
#4652=ORIENTED_EDGE('',*,*,#4484,.F.);
#4654=ORIENTED_EDGE('',*,*,#4653,.F.);
#4655=ORIENTED_EDGE('',*,*,#4119,.F.);
#4656=EDGE_LOOP('',(#4651,#4652,#4654,#4655));
#4657=FACE_OUTER_BOUND('',#4656,.F.);
#4659=CARTESIAN_POINT('',(0.E0,0.E0,0.E0));
#4660=DIRECTION('',(0.E0,1.E0,0.E0));
#4661=DIRECTION('',(1.E0,0.E0,0.E0));
#4662=AXIS2_PLACEMENT_3D('',#4659,#4660,#4661);
#4663=CYLINDRICAL_SURFACE('',#4662,1.875E1);
#4664=ORIENTED_EDGE('',*,*,#4510,.F.);
#4665=ORIENTED_EDGE('',*,*,#4127,.F.);
#4667=ORIENTED_EDGE('',*,*,#4666,.T.);
#4668=ORIENTED_EDGE('',*,*,#4476,.F.);
#4669=EDGE_LOOP('',(#4664,#4665,#4667,#4668));
#4670=FACE_OUTER_BOUND('',#4669,.F.);
#4672=CARTESIAN_POINT('',(0.E0,0.E0,0.E0));
#4673=DIRECTION('',(0.E0,1.E0,0.E0));
#4674=DIRECTION('',(1.E0,0.E0,0.E0));
#4675=AXIS2_PLACEMENT_3D('',#4672,#4673,#4674);
#4676=CYLINDRICAL_SURFACE('',#4675,1.875E1);
#4677=ORIENTED_EDGE('',*,*,#4598,.F.);
#4678=ORIENTED_EDGE('',*,*,#4135,.F.);
#4679=ORIENTED_EDGE('',*,*,#4555,.T.);
#4680=ORIENTED_EDGE('',*,*,#4567,.F.);
#4681=EDGE_LOOP('',(#4677,#4678,#4679,#4680));
#4682=FACE_OUTER_BOUND('',#4681,.F.);
#4684=CARTESIAN_POINT('',(0.E0,0.E0,0.E0));
#4685=DIRECTION('',(0.E0,1.E0,0.E0));
#4686=DIRECTION('',(1.E0,0.E0,0.E0));
#4687=AXIS2_PLACEMENT_3D('',#4684,#4685,#4686);
#4688=CYLINDRICAL_SURFACE('',#4687,1.875E1);
#4689=ORIENTED_EDGE('',*,*,#4640,.T.);
#4690=ORIENTED_EDGE('',*,*,#4579,.F.);
#4692=ORIENTED_EDGE('',*,*,#4691,.F.);
#4693=ORIENTED_EDGE('',*,*,#4143,.F.);
#4694=EDGE_LOOP('',(#4689,#4690,#4692,#4693));
#4695=FACE_OUTER_BOUND('',#4694,.F.);
#4697=CARTESIAN_POINT('',(0.E0,0.E0,0.E0));
#4698=DIRECTION('',(0.E0,1.E0,0.E0));
#4699=DIRECTION('',(1.E0,0.E0,0.E0));
#4700=AXIS2_PLACEMENT_3D('',#4697,#4698,#4699);
#4701=CYLINDRICAL_SURFACE('',#4700,1.875E1);
#4702=ORIENTED_EDGE('',*,*,#4572,.T.);
#4703=ORIENTED_EDGE('',*,*,#4464,.T.);
#4704=ORIENTED_EDGE('',*,*,#4380,.T.);
#4705=ORIENTED_EDGE('',*,*,#4461,.F.);
#4706=EDGE_LOOP('',(#4702,#4703,#4704,#4705));
#4707=FACE_OUTER_BOUND('',#4706,.F.);
#4709=CARTESIAN_POINT('',(1.378013793061E1,0.E0,1.378013793061E1));
#4710=DIRECTION('',(-7.071067811865E-1,0.E0,7.071067811865E-1));
#4711=DIRECTION('',(-7.071067811865E-1,0.E0,-7.071067811865E-1));
#4712=AXIS2_PLACEMENT_3D('',#4709,#4710,#4711);
#4713=PLANE('',#4712);
#4714=ORIENTED_EDGE('',*,*,#4117,.T.);
#4716=ORIENTED_EDGE('',*,*,#4715,.F.);
#4718=ORIENTED_EDGE('',*,*,#4717,.T.);
#4719=ORIENTED_EDGE('',*,*,#4486,.F.);
#4720=ORIENTED_EDGE('',*,*,#4650,.F.);
#4721=EDGE_LOOP('',(#4714,#4716,#4718,#4719,#4720));
#4722=FACE_OUTER_BOUND('',#4721,.F.);
#4724=CARTESIAN_POINT('',(0.E0,5.E-1,0.E0));
#4725=DIRECTION('',(0.E0,-1.E0,0.E0));
#4726=DIRECTION('',(-9.299935599588E-1,0.E0,-3.675758131804E-1));
#4727=AXIS2_PLACEMENT_3D('',#4724,#4725,#4726);
#4728=TOROIDAL_SURFACE('',#4727,1.998805795284E1,5.E-1);
#4730=ORIENTED_EDGE('',*,*,#4729,.F.);
#4731=ORIENTED_EDGE('',*,*,#4715,.T.);
#4732=ORIENTED_EDGE('',*,*,#4115,.T.);
#4734=ORIENTED_EDGE('',*,*,#4733,.T.);
#4735=EDGE_LOOP('',(#4730,#4731,#4732,#4734));
#4736=FACE_OUTER_BOUND('',#4735,.F.);
#4738=CARTESIAN_POINT('',(0.E0,0.E0,0.E0));
#4739=DIRECTION('',(0.E0,-1.E0,0.E0));
#4740=DIRECTION('',(-1.E0,0.E0,0.E0));
#4741=AXIS2_PLACEMENT_3D('',#4738,#4739,#4740);
#4742=CYLINDRICAL_SURFACE('',#4741,1.948805795284E1);
#4743=ORIENTED_EDGE('',*,*,#4729,.T.);
#4745=ORIENTED_EDGE('',*,*,#4744,.T.);
#4746=ORIENTED_EDGE('',*,*,#4575,.T.);
#4747=ORIENTED_EDGE('',*,*,#4488,.T.);
#4748=ORIENTED_EDGE('',*,*,#4717,.F.);
#4749=EDGE_LOOP('',(#4743,#4745,#4746,#4747,#4748));
#4750=FACE_OUTER_BOUND('',#4749,.F.);
#4752=CARTESIAN_POINT('',(1.874043707741E1,0.E0,-5.987638497047E-1));
#4753=DIRECTION('',(0.E0,0.E0,-1.E0));
#4754=DIRECTION('',(1.E0,0.E0,0.E0));
#4755=AXIS2_PLACEMENT_3D('',#4752,#4753,#4754);
#4756=PLANE('',#4755);
#4757=ORIENTED_EDGE('',*,*,#4744,.F.);
#4758=ORIENTED_EDGE('',*,*,#4733,.F.);
#4759=ORIENTED_EDGE('',*,*,#4145,.T.);
#4760=ORIENTED_EDGE('',*,*,#4691,.T.);
#4761=ORIENTED_EDGE('',*,*,#4577,.T.);
#4762=EDGE_LOOP('',(#4757,#4758,#4759,#4760,#4761));
#4763=FACE_OUTER_BOUND('',#4762,.F.);
#4765=CARTESIAN_POINT('',(4.720679178195E-1,0.E0,1.874405644147E1));
#4766=DIRECTION('',(9.996830102117E-1,0.E0,-2.517695561704E-2));
#4767=DIRECTION('',(2.517695561704E-2,0.E0,9.996830102117E-1));
#4768=AXIS2_PLACEMENT_3D('',#4765,#4766,#4767);
#4769=PLANE('',#4768);
#4771=ORIENTED_EDGE('',*,*,#4770,.F.);
#4773=ORIENTED_EDGE('',*,*,#4772,.F.);
#4774=ORIENTED_EDGE('',*,*,#4121,.T.);
#4775=ORIENTED_EDGE('',*,*,#4653,.T.);
#4776=ORIENTED_EDGE('',*,*,#4482,.T.);
#4777=EDGE_LOOP('',(#4771,#4773,#4774,#4775,#4776));
#4778=FACE_OUTER_BOUND('',#4777,.F.);
#4780=CARTESIAN_POINT('',(0.E0,0.E0,0.E0));
#4781=DIRECTION('',(0.E0,-1.E0,0.E0));
#4782=DIRECTION('',(-1.E0,0.E0,0.E0));
#4783=AXIS2_PLACEMENT_3D('',#4780,#4781,#4782);
#4784=CYLINDRICAL_SURFACE('',#4783,1.948805795284E1);
#4786=ORIENTED_EDGE('',*,*,#4785,.T.);
#4787=ORIENTED_EDGE('',*,*,#4770,.T.);
#4788=ORIENTED_EDGE('',*,*,#4480,.T.);
#4790=ORIENTED_EDGE('',*,*,#4789,.F.);
#4791=EDGE_LOOP('',(#4786,#4787,#4788,#4790));
#4792=FACE_OUTER_BOUND('',#4791,.F.);
#4794=CARTESIAN_POINT('',(0.E0,5.E-1,0.E0));
#4795=DIRECTION('',(0.E0,-1.E0,0.E0));
#4796=DIRECTION('',(3.701550684095E-1,0.E0,-9.289699808555E-1));
#4797=AXIS2_PLACEMENT_3D('',#4794,#4795,#4796);
#4798=TOROIDAL_SURFACE('',#4797,1.998805795284E1,5.E-1);
#4799=ORIENTED_EDGE('',*,*,#4785,.F.);
#4801=ORIENTED_EDGE('',*,*,#4800,.T.);
#4802=ORIENTED_EDGE('',*,*,#4123,.T.);
#4803=ORIENTED_EDGE('',*,*,#4772,.T.);
#4804=EDGE_LOOP('',(#4799,#4801,#4802,#4803));
#4805=FACE_OUTER_BOUND('',#4804,.F.);
#4807=CARTESIAN_POINT('',(-1.378013793061E1,0.E0,1.378013793061E1));
#4808=DIRECTION('',(-7.071067811865E-1,0.E0,-7.071067811865E-1));
#4809=DIRECTION('',(7.071067811865E-1,0.E0,-7.071067811865E-1));
#4810=AXIS2_PLACEMENT_3D('',#4807,#4808,#4809);
#4811=PLANE('',#4810);
#4812=ORIENTED_EDGE('',*,*,#4125,.T.);
#4813=ORIENTED_EDGE('',*,*,#4800,.F.);
#4814=ORIENTED_EDGE('',*,*,#4789,.T.);
#4815=ORIENTED_EDGE('',*,*,#4478,.F.);
#4816=ORIENTED_EDGE('',*,*,#4666,.F.);
#4817=EDGE_LOOP('',(#4812,#4813,#4814,#4815,#4816));
#4818=FACE_OUTER_BOUND('',#4817,.F.);
#4820=CARTESIAN_POINT('',(-1.1875E1,1.5E1,-2.056810333988E1));
#4821=DIRECTION('',(0.E0,1.E0,0.E0));
#4822=DIRECTION('',(1.E0,0.E0,0.E0));
#4823=AXIS2_PLACEMENT_3D('',#4820,#4821,#4822);
#4824=CYLINDRICAL_SURFACE('',#4823,3.25E0);
#4825=ORIENTED_EDGE('',*,*,#4385,.F.);
#4826=ORIENTED_EDGE('',*,*,#4296,.T.);
#4827=ORIENTED_EDGE('',*,*,#4178,.T.);
#4828=ORIENTED_EDGE('',*,*,#4293,.F.);
#4829=EDGE_LOOP('',(#4825,#4826,#4827,#4828));
#4830=FACE_OUTER_BOUND('',#4829,.F.);
#4832=CARTESIAN_POINT('',(1.1875E1,1.5E1,-2.056810333988E1));
#4833=DIRECTION('',(0.E0,1.E0,0.E0));
#4834=DIRECTION('',(1.E0,0.E0,0.E0));
#4835=AXIS2_PLACEMENT_3D('',#4832,#4833,#4834);
#4836=CYLINDRICAL_SURFACE('',#4835,3.25E0);
#4837=ORIENTED_EDGE('',*,*,#4389,.F.);
#4839=ORIENTED_EDGE('',*,*,#4838,.T.);
#4840=ORIENTED_EDGE('',*,*,#4194,.T.);
#4842=ORIENTED_EDGE('',*,*,#4841,.F.);
#4843=EDGE_LOOP('',(#4837,#4839,#4840,#4842));
#4844=FACE_OUTER_BOUND('',#4843,.F.);
#4846=CARTESIAN_POINT('',(1.1875E1,1.5E1,-2.056810333988E1));
#4847=DIRECTION('',(0.E0,1.E0,0.E0));
#4848=DIRECTION('',(1.E0,0.E0,0.E0));
#4849=AXIS2_PLACEMENT_3D('',#4846,#4847,#4848);
#4850=CYLINDRICAL_SURFACE('',#4849,3.25E0);
#4851=ORIENTED_EDGE('',*,*,#4391,.F.);
#4852=ORIENTED_EDGE('',*,*,#4841,.T.);
#4853=ORIENTED_EDGE('',*,*,#4196,.T.);
#4854=ORIENTED_EDGE('',*,*,#4838,.F.);
#4855=EDGE_LOOP('',(#4851,#4852,#4853,#4854));
#4856=FACE_OUTER_BOUND('',#4855,.F.);
#4858=CARTESIAN_POINT('',(2.65E1,1.500106890750E1,2.100382988769E1));
#4859=DIRECTION('',(0.E0,9.981775910429E-1,-6.034481535145E-2));
#4860=DIRECTION('',(0.E0,6.034481535145E-2,9.981775910429E-1));
#4861=AXIS2_PLACEMENT_3D('',#4858,#4859,#4860);
#4862=PLANE('',#4861);
#4864=ORIENTED_EDGE('',*,*,#4863,.T.);
#4866=ORIENTED_EDGE('',*,*,#4865,.F.);
#4868=ORIENTED_EDGE('',*,*,#4867,.F.);
#4869=ORIENTED_EDGE('',*,*,#4322,.T.);
#4870=EDGE_LOOP('',(#4864,#4866,#4868,#4869));
#4871=FACE_OUTER_BOUND('',#4870,.F.);
#4873=CARTESIAN_POINT('',(2.65E1,1.500106890750E1,2.100382988769E1));
#4874=DIRECTION('',(0.E0,9.981775910429E-1,-6.034481535145E-2));
#4875=DIRECTION('',(0.E0,6.034481535145E-2,9.981775910429E-1));
#4876=AXIS2_PLACEMENT_3D('',#4873,#4874,#4875);
#4877=PLANE('',#4876);
#4879=ORIENTED_EDGE('',*,*,#4878,.F.);
#4880=ORIENTED_EDGE('',*,*,#4314,.T.);
#4882=ORIENTED_EDGE('',*,*,#4881,.T.);
#4884=ORIENTED_EDGE('',*,*,#4883,.F.);
#4885=EDGE_LOOP('',(#4879,#4880,#4882,#4884));
#4886=FACE_OUTER_BOUND('',#4885,.F.);
#4888=CARTESIAN_POINT('',(2.65E1,1.500106890750E1,2.100382988769E1));
#4889=DIRECTION('',(0.E0,9.981775910429E-1,-6.034481535145E-2));
#4890=DIRECTION('',(0.E0,6.034481535145E-2,9.981775910429E-1));
#4891=AXIS2_PLACEMENT_3D('',#4888,#4889,#4890);
#4892=PLANE('',#4891);
#4894=ORIENTED_EDGE('',*,*,#4893,.F.);
#4895=ORIENTED_EDGE('',*,*,#4306,.T.);
#4897=ORIENTED_EDGE('',*,*,#4896,.F.);
#4899=ORIENTED_EDGE('',*,*,#4898,.F.);
#4900=EDGE_LOOP('',(#4894,#4895,#4897,#4899));
#4901=FACE_OUTER_BOUND('',#4900,.F.);
#4903=CARTESIAN_POINT('',(-1.5125E1,1.5E1,2.056810333988E1));
#4904=DIRECTION('',(-1.E0,0.E0,0.E0));
#4905=DIRECTION('',(0.E0,0.E0,1.E0));
#4906=AXIS2_PLACEMENT_3D('',#4903,#4904,#4905);
#4907=PLANE('',#4906);
#4909=ORIENTED_EDGE('',*,*,#4908,.T.);
#4911=ORIENTED_EDGE('',*,*,#4910,.T.);
#4913=ORIENTED_EDGE('',*,*,#4912,.F.);
#4915=ORIENTED_EDGE('',*,*,#4914,.T.);
#4916=EDGE_LOOP('',(#4909,#4911,#4913,#4915));
#4917=FACE_OUTER_BOUND('',#4916,.F.);
#4919=CARTESIAN_POINT('',(-1.5125E1,1.5E1,2.056810333988E1));
#4920=DIRECTION('',(-1.E0,0.E0,0.E0));
#4921=DIRECTION('',(0.E0,0.E0,1.E0));
#4922=AXIS2_PLACEMENT_3D('',#4919,#4920,#4921);
#4923=PLANE('',#4922);
#4925=ORIENTED_EDGE('',*,*,#4924,.T.);
#4926=ORIENTED_EDGE('',*,*,#4863,.F.);
#4927=ORIENTED_EDGE('',*,*,#4320,.T.);
#4928=EDGE_LOOP('',(#4925,#4926,#4927));
#4929=FACE_OUTER_BOUND('',#4928,.F.);
#4931=CARTESIAN_POINT('',(-1.75E1,2.571690412797E1,2.098614884068E1));
#4932=DIRECTION('',(0.E0,7.612559424181E-1,6.484515326014E-1));
#4933=DIRECTION('',(0.E0,-6.484515326014E-1,7.612559424181E-1));
#4934=AXIS2_PLACEMENT_3D('',#4931,#4932,#4933);
#4935=PLANE('',#4934);
#4936=ORIENTED_EDGE('',*,*,#4908,.F.);
#4938=ORIENTED_EDGE('',*,*,#4937,.F.);
#4940=ORIENTED_EDGE('',*,*,#4939,.T.);
#4942=ORIENTED_EDGE('',*,*,#4941,.T.);
#4943=EDGE_LOOP('',(#4936,#4938,#4940,#4942));
#4944=FACE_OUTER_BOUND('',#4943,.F.);
#4946=CARTESIAN_POINT('',(-1.75E1,2.571690412797E1,2.098614884068E1));
#4947=DIRECTION('',(0.E0,7.612559424181E-1,6.484515326014E-1));
#4948=DIRECTION('',(0.E0,-6.484515326014E-1,7.612559424181E-1));
#4949=AXIS2_PLACEMENT_3D('',#4946,#4947,#4948);
#4950=PLANE('',#4949);
#4952=ORIENTED_EDGE('',*,*,#4951,.T.);
#4954=ORIENTED_EDGE('',*,*,#4953,.T.);
#4956=ORIENTED_EDGE('',*,*,#4955,.F.);
#4958=ORIENTED_EDGE('',*,*,#4957,.F.);
#4959=EDGE_LOOP('',(#4952,#4954,#4956,#4958));
#4960=FACE_OUTER_BOUND('',#4959,.F.);
#4962=CARTESIAN_POINT('',(-1.75E1,2.571690412797E1,2.098614884068E1));
#4963=DIRECTION('',(0.E0,7.612559424181E-1,6.484515326014E-1));
#4964=DIRECTION('',(0.E0,-6.484515326014E-1,7.612559424181E-1));
#4965=AXIS2_PLACEMENT_3D('',#4962,#4963,#4964);
#4966=PLANE('',#4965);
#4968=ORIENTED_EDGE('',*,*,#4967,.T.);
#4970=ORIENTED_EDGE('',*,*,#4969,.T.);
#4972=ORIENTED_EDGE('',*,*,#4971,.F.);
#4974=ORIENTED_EDGE('',*,*,#4973,.F.);
#4975=EDGE_LOOP('',(#4968,#4970,#4972,#4974));
#4976=FACE_OUTER_BOUND('',#4975,.F.);
#4978=CARTESIAN_POINT('',(2.65E1,2.742067124427E1,1.828E1));
#4979=DIRECTION('',(1.E0,0.E0,0.E0));
#4980=DIRECTION('',(0.E0,-1.E0,0.E0));
#4981=AXIS2_PLACEMENT_3D('',#4978,#4979,#4980);
#4982=CYLINDRICAL_SURFACE('',#4981,4.E0);
#4984=ORIENTED_EDGE('',*,*,#4983,.T.);
#4986=ORIENTED_EDGE('',*,*,#4985,.T.);
#4987=ORIENTED_EDGE('',*,*,#4957,.T.);
#4989=ORIENTED_EDGE('',*,*,#4988,.F.);
#4991=ORIENTED_EDGE('',*,*,#4990,.T.);
#4993=ORIENTED_EDGE('',*,*,#4992,.T.);
#4994=ORIENTED_EDGE('',*,*,#4973,.T.);
#4996=ORIENTED_EDGE('',*,*,#4995,.F.);
#4998=ORIENTED_EDGE('',*,*,#4997,.F.);
#5000=ORIENTED_EDGE('',*,*,#4999,.T.);
#5002=ORIENTED_EDGE('',*,*,#5001,.T.);
#5004=ORIENTED_EDGE('',*,*,#5003,.F.);
#5005=ORIENTED_EDGE('',*,*,#4937,.T.);
#5006=ORIENTED_EDGE('',*,*,#4914,.F.);
#5007=EDGE_LOOP('',(#4984,#4986,#4987,#4989,#4991,#4993,#4994,#4996,#4998,#5000,
#5002,#5004,#5005,#5006));
#5008=FACE_OUTER_BOUND('',#5007,.F.);
#5010=CARTESIAN_POINT('',(0.E0,2.7E1,0.E0));
#5011=DIRECTION('',(0.E0,1.E0,0.E0));
#5012=DIRECTION('',(1.E0,0.E0,0.E0));
#5013=AXIS2_PLACEMENT_3D('',#5010,#5011,#5012);
#5014=PLANE('',#5013);
#5015=ORIENTED_EDGE('',*,*,#4983,.F.);
#5016=ORIENTED_EDGE('',*,*,#4912,.T.);
#5018=ORIENTED_EDGE('',*,*,#5017,.T.);
#5020=ORIENTED_EDGE('',*,*,#5019,.T.);
#5021=EDGE_LOOP('',(#5015,#5016,#5018,#5020));
#5022=FACE_OUTER_BOUND('',#5021,.F.);
#5024=CARTESIAN_POINT('',(0.E0,2.7E1,0.E0));
#5025=DIRECTION('',(0.E0,1.E0,0.E0));
#5026=DIRECTION('',(1.E0,0.E0,0.E0));
#5027=AXIS2_PLACEMENT_3D('',#5024,#5025,#5026);
#5028=PLANE('',#5027);
#5029=ORIENTED_EDGE('',*,*,#4990,.F.);
#5031=ORIENTED_EDGE('',*,*,#5030,.T.);
#5033=ORIENTED_EDGE('',*,*,#5032,.T.);
#5035=ORIENTED_EDGE('',*,*,#5034,.T.);
#5036=EDGE_LOOP('',(#5029,#5031,#5033,#5035));
#5037=FACE_OUTER_BOUND('',#5036,.F.);
#5039=CARTESIAN_POINT('',(-1.75E1,2.286067124427E1,2.433925103310E1));
#5040=DIRECTION('',(0.E0,0.E0,1.E0));
#5041=DIRECTION('',(0.E0,-1.E0,0.E0));
#5042=AXIS2_PLACEMENT_3D('',#5039,#5040,#5041);
#5043=PLANE('',#5042);
#5044=ORIENTED_EDGE('',*,*,#4883,.T.);
#5046=ORIENTED_EDGE('',*,*,#5045,.F.);
#5047=ORIENTED_EDGE('',*,*,#4310,.T.);
#5049=ORIENTED_EDGE('',*,*,#5048,.T.);
#5050=ORIENTED_EDGE('',*,*,#4898,.T.);
#5052=ORIENTED_EDGE('',*,*,#5051,.F.);
#5053=ORIENTED_EDGE('',*,*,#4969,.F.);
#5055=ORIENTED_EDGE('',*,*,#5054,.T.);
#5056=ORIENTED_EDGE('',*,*,#5032,.F.);
#5058=ORIENTED_EDGE('',*,*,#5057,.F.);
#5059=ORIENTED_EDGE('',*,*,#4953,.F.);
#5061=ORIENTED_EDGE('',*,*,#5060,.T.);
#5062=ORIENTED_EDGE('',*,*,#5017,.F.);
#5063=ORIENTED_EDGE('',*,*,#4910,.F.);
#5064=ORIENTED_EDGE('',*,*,#4941,.F.);
#5066=ORIENTED_EDGE('',*,*,#5065,.T.);
#5067=ORIENTED_EDGE('',*,*,#4326,.T.);
#5069=ORIENTED_EDGE('',*,*,#5068,.F.);
#5070=ORIENTED_EDGE('',*,*,#4865,.T.);
#5071=ORIENTED_EDGE('',*,*,#4924,.F.);
#5072=ORIENTED_EDGE('',*,*,#4318,.T.);
#5074=ORIENTED_EDGE('',*,*,#5073,.T.);
#5075=EDGE_LOOP('',(#5044,#5046,#5047,#5049,#5050,#5052,#5053,#5055,#5056,#5058,
#5059,#5061,#5062,#5063,#5064,#5066,#5067,#5069,#5070,#5071,#5072,#5074));
#5076=FACE_OUTER_BOUND('',#5075,.F.);
#5078=CARTESIAN_POINT('',(8.625E0,1.5E1,2.056810333988E1));
#5079=DIRECTION('',(-1.E0,0.E0,0.E0));
#5080=DIRECTION('',(0.E0,0.E0,1.E0));
#5081=AXIS2_PLACEMENT_3D('',#5078,#5079,#5080);
#5082=PLANE('',#5081);
#5083=ORIENTED_EDGE('',*,*,#4955,.T.);
#5084=ORIENTED_EDGE('',*,*,#5057,.T.);
#5085=ORIENTED_EDGE('',*,*,#5030,.F.);
#5086=ORIENTED_EDGE('',*,*,#4988,.T.);
#5087=EDGE_LOOP('',(#5083,#5084,#5085,#5086));
#5088=FACE_OUTER_BOUND('',#5087,.F.);
#5090=CARTESIAN_POINT('',(8.625E0,1.5E1,2.056810333988E1));
#5091=DIRECTION('',(-1.E0,0.E0,0.E0));
#5092=DIRECTION('',(0.E0,0.E0,1.E0));
#5093=AXIS2_PLACEMENT_3D('',#5090,#5091,#5092);
#5094=PLANE('',#5093);
#5095=ORIENTED_EDGE('',*,*,#5045,.T.);
#5096=ORIENTED_EDGE('',*,*,#4881,.F.);
#5097=ORIENTED_EDGE('',*,*,#4312,.T.);
#5098=EDGE_LOOP('',(#5095,#5096,#5097));
#5099=FACE_OUTER_BOUND('',#5098,.F.);
#5101=CARTESIAN_POINT('',(1.5125E1,1.5E1,2.433925103310E1));
#5102=DIRECTION('',(1.E0,0.E0,0.E0));
#5103=DIRECTION('',(0.E0,0.E0,-1.E0));
#5104=AXIS2_PLACEMENT_3D('',#5101,#5102,#5103);
#5105=PLANE('',#5104);
#5106=ORIENTED_EDGE('',*,*,#4967,.F.);
#5107=ORIENTED_EDGE('',*,*,#4992,.F.);
#5108=ORIENTED_EDGE('',*,*,#5034,.F.);
#5109=ORIENTED_EDGE('',*,*,#5054,.F.);
#5110=EDGE_LOOP('',(#5106,#5107,#5108,#5109));
#5111=FACE_OUTER_BOUND('',#5110,.F.);
#5113=CARTESIAN_POINT('',(1.5125E1,1.5E1,2.433925103310E1));
#5114=DIRECTION('',(1.E0,0.E0,0.E0));
#5115=DIRECTION('',(0.E0,0.E0,-1.E0));
#5116=AXIS2_PLACEMENT_3D('',#5113,#5114,#5115);
#5117=PLANE('',#5116);
#5118=ORIENTED_EDGE('',*,*,#5048,.F.);
#5119=ORIENTED_EDGE('',*,*,#4308,.T.);
#5120=ORIENTED_EDGE('',*,*,#4893,.T.);
#5121=EDGE_LOOP('',(#5118,#5119,#5120));
#5122=FACE_OUTER_BOUND('',#5121,.F.);
#5124=CARTESIAN_POINT('',(1.612966637772E1,6.8565E1,2.098614884068E1));
#5125=DIRECTION('',(-1.E0,0.E0,0.E0));
#5126=DIRECTION('',(0.E0,0.E0,1.E0));
#5127=AXIS2_PLACEMENT_3D('',#5124,#5125,#5126);
#5128=PLANE('',#5127);
#5130=ORIENTED_EDGE('',*,*,#5129,.F.);
#5132=ORIENTED_EDGE('',*,*,#5131,.F.);
#5133=EDGE_LOOP('',(#5130,#5132));
#5134=FACE_OUTER_BOUND('',#5133,.F.);
#5136=CARTESIAN_POINT('',(1.612966637772E1,6.8565E1,2.098614884068E1));
#5137=DIRECTION('',(-1.E0,0.E0,0.E0));
#5138=DIRECTION('',(0.E0,0.E0,1.E0));
#5139=AXIS2_PLACEMENT_3D('',#5136,#5137,#5138);
#5140=PLANE('',#5139);
#5141=ORIENTED_EDGE('',*,*,#4896,.T.);
#5143=ORIENTED_EDGE('',*,*,#5142,.F.);
#5144=ORIENTED_EDGE('',*,*,#4995,.T.);
#5145=ORIENTED_EDGE('',*,*,#4971,.T.);
#5146=ORIENTED_EDGE('',*,*,#5051,.T.);
#5147=EDGE_LOOP('',(#5141,#5143,#5144,#5145,#5146));
#5148=FACE_OUTER_BOUND('',#5147,.F.);
#5150=CARTESIAN_POINT('',(-2.65E1,7.95E1,2.098614884068E1));
#5151=DIRECTION('',(0.E0,0.E0,-1.E0));
#5152=DIRECTION('',(0.E0,-1.E0,0.E0));
#5153=AXIS2_PLACEMENT_3D('',#5150,#5151,#5152);
#5154=PLANE('',#5153);
#5155=ORIENTED_EDGE('',*,*,#5001,.F.);
#5157=ORIENTED_EDGE('',*,*,#5156,.T.);
#5158=ORIENTED_EDGE('',*,*,#4330,.T.);
#5160=ORIENTED_EDGE('',*,*,#5159,.T.);
#5161=EDGE_LOOP('',(#5155,#5157,#5158,#5160));
#5162=FACE_OUTER_BOUND('',#5161,.F.);
#5164=CARTESIAN_POINT('',(-2.65E1,7.95E1,2.098614884068E1));
#5165=DIRECTION('',(0.E0,0.E0,-1.E0));
#5166=DIRECTION('',(0.E0,-1.E0,0.E0));
#5167=AXIS2_PLACEMENT_3D('',#5164,#5165,#5166);
#5168=PLANE('',#5167);
#5169=ORIENTED_EDGE('',*,*,#4368,.T.);
#5171=ORIENTED_EDGE('',*,*,#5170,.F.);
#5173=ORIENTED_EDGE('',*,*,#5172,.F.);
#5175=ORIENTED_EDGE('',*,*,#5174,.T.);
#5177=ORIENTED_EDGE('',*,*,#5176,.F.);
#5178=ORIENTED_EDGE('',*,*,#5129,.T.);
#5180=ORIENTED_EDGE('',*,*,#5179,.T.);
#5182=ORIENTED_EDGE('',*,*,#5181,.T.);
#5183=ORIENTED_EDGE('',*,*,#4997,.T.);
#5184=ORIENTED_EDGE('',*,*,#5142,.T.);
#5185=EDGE_LOOP('',(#5169,#5171,#5173,#5175,#5177,#5178,#5180,#5182,#5183,
#5184));
#5186=FACE_OUTER_BOUND('',#5185,.F.);
#5188=CARTESIAN_POINT('',(-2.65E1,0.E0,0.E0));
#5189=DIRECTION('',(-1.E0,0.E0,0.E0));
#5190=DIRECTION('',(0.E0,0.E0,1.E0));
#5191=AXIS2_PLACEMENT_3D('',#5188,#5189,#5190);
#5192=PLANE('',#5191);
#5194=ORIENTED_EDGE('',*,*,#5193,.T.);
#5195=ORIENTED_EDGE('',*,*,#5174,.F.);
#5197=ORIENTED_EDGE('',*,*,#5196,.F.);
#5199=ORIENTED_EDGE('',*,*,#5198,.F.);
#5201=ORIENTED_EDGE('',*,*,#5200,.T.);
#5203=ORIENTED_EDGE('',*,*,#5202,.F.);
#5204=ORIENTED_EDGE('',*,*,#4332,.T.);
#5205=ORIENTED_EDGE('',*,*,#5156,.F.);
#5206=ORIENTED_EDGE('',*,*,#4999,.F.);
#5207=ORIENTED_EDGE('',*,*,#5181,.F.);
#5208=EDGE_LOOP('',(#5194,#5195,#5197,#5199,#5201,#5203,#5204,#5205,#5206,
#5207));
#5209=FACE_OUTER_BOUND('',#5208,.F.);
#5211=CARTESIAN_POINT('',(-2.65E1,0.E0,0.E0));
#5212=DIRECTION('',(-1.E0,0.E0,0.E0));
#5213=DIRECTION('',(0.E0,0.E0,1.E0));
#5214=AXIS2_PLACEMENT_3D('',#5211,#5212,#5213);
#5215=PLANE('',#5214);
#5217=ORIENTED_EDGE('',*,*,#5216,.T.);
#5219=ORIENTED_EDGE('',*,*,#5218,.T.);
#5221=ORIENTED_EDGE('',*,*,#5220,.T.);
#5223=ORIENTED_EDGE('',*,*,#5222,.F.);
#5224=EDGE_LOOP('',(#5217,#5219,#5221,#5223));
#5225=FACE_OUTER_BOUND('',#5224,.F.);
#5227=CARTESIAN_POINT('',(-2.65E1,0.E0,0.E0));
#5228=DIRECTION('',(-1.E0,0.E0,0.E0));
#5229=DIRECTION('',(0.E0,0.E0,1.E0));
#5230=AXIS2_PLACEMENT_3D('',#5227,#5228,#5229);
#5231=PLANE('',#5230);
#5232=ORIENTED_EDGE('',*,*,#4254,.F.);
#5234=ORIENTED_EDGE('',*,*,#5233,.T.);
#5235=ORIENTED_EDGE('',*,*,#4340,.T.);
#5237=ORIENTED_EDGE('',*,*,#5236,.F.);
#5239=ORIENTED_EDGE('',*,*,#5238,.T.);
#5241=ORIENTED_EDGE('',*,*,#5240,.T.);
#5242=ORIENTED_EDGE('',*,*,#4348,.T.);
#5244=ORIENTED_EDGE('',*,*,#5243,.F.);
#5245=EDGE_LOOP('',(#5232,#5234,#5235,#5237,#5239,#5241,#5242,#5244));
#5246=FACE_OUTER_BOUND('',#5245,.F.);
#5248=CARTESIAN_POINT('',(2.65E1,5.207932875573E1,1.828E1));
#5249=DIRECTION('',(-1.E0,0.E0,0.E0));
#5250=DIRECTION('',(0.E0,1.E0,0.E0));
#5251=AXIS2_PLACEMENT_3D('',#5248,#5249,#5250);
#5252=CYLINDRICAL_SURFACE('',#5251,4.E0);
#5253=ORIENTED_EDGE('',*,*,#5131,.T.);
#5254=ORIENTED_EDGE('',*,*,#5176,.T.);
#5255=ORIENTED_EDGE('',*,*,#5193,.F.);
#5256=ORIENTED_EDGE('',*,*,#5179,.F.);
#5257=EDGE_LOOP('',(#5253,#5254,#5255,#5256));
#5258=FACE_OUTER_BOUND('',#5257,.F.);
#5260=CARTESIAN_POINT('',(0.E0,6.45E1,0.E0));
#5261=DIRECTION('',(0.E0,1.E0,0.E0));
#5262=DIRECTION('',(1.E0,0.E0,0.E0));
#5263=AXIS2_PLACEMENT_3D('',#5260,#5261,#5262);
#5264=PLANE('',#5263);
#5265=ORIENTED_EDGE('',*,*,#5220,.F.);
#5267=ORIENTED_EDGE('',*,*,#5266,.T.);
#5269=ORIENTED_EDGE('',*,*,#5268,.T.);
#5271=ORIENTED_EDGE('',*,*,#5270,.F.);
#5272=ORIENTED_EDGE('',*,*,#5196,.T.);
#5273=ORIENTED_EDGE('',*,*,#5172,.T.);
#5275=ORIENTED_EDGE('',*,*,#5274,.F.);
#5277=ORIENTED_EDGE('',*,*,#5276,.F.);
#5279=ORIENTED_EDGE('',*,*,#5278,.F.);
#5281=ORIENTED_EDGE('',*,*,#5280,.T.);
#5283=ORIENTED_EDGE('',*,*,#5282,.F.);
#5284=EDGE_LOOP('',(#5265,#5267,#5269,#5271,#5272,#5273,#5275,#5277,#5279,#5281,
#5283));
#5285=FACE_OUTER_BOUND('',#5284,.F.);
#5287=ORIENTED_EDGE('',*,*,#5286,.T.);
#5289=ORIENTED_EDGE('',*,*,#5288,.T.);
#5290=EDGE_LOOP('',(#5287,#5289));
#5291=FACE_BOUND('',#5290,.F.);
#5293=CARTESIAN_POINT('',(0.E0,7.95E1,0.E0));
#5294=DIRECTION('',(0.E0,1.E0,0.E0));
#5295=DIRECTION('',(1.E0,0.E0,0.E0));
#5296=AXIS2_PLACEMENT_3D('',#5293,#5294,#5295);
#5297=CYLINDRICAL_SURFACE('',#5296,1.875E1);
#5299=ORIENTED_EDGE('',*,*,#5298,.F.);
#5301=ORIENTED_EDGE('',*,*,#5300,.T.);
#5302=ORIENTED_EDGE('',*,*,#5286,.F.);
#5304=ORIENTED_EDGE('',*,*,#5303,.F.);
#5305=EDGE_LOOP('',(#5299,#5301,#5302,#5304));
#5306=FACE_OUTER_BOUND('',#5305,.F.);
#5308=CARTESIAN_POINT('',(0.E0,7.55E1,0.E0));
#5309=DIRECTION('',(0.E0,1.E0,0.E0));
#5310=DIRECTION('',(1.E0,0.E0,0.E0));
#5311=AXIS2_PLACEMENT_3D('',#5308,#5309,#5310);
#5312=TOROIDAL_SURFACE('',#5311,1.875E1,1.5E0);
#5314=ORIENTED_EDGE('',*,*,#5313,.F.);
#5316=ORIENTED_EDGE('',*,*,#5315,.T.);
#5317=ORIENTED_EDGE('',*,*,#5298,.T.);
#5319=ORIENTED_EDGE('',*,*,#5318,.F.);
#5321=ORIENTED_EDGE('',*,*,#5320,.T.);
#5323=ORIENTED_EDGE('',*,*,#5322,.F.);
#5325=ORIENTED_EDGE('',*,*,#5324,.F.);
#5327=ORIENTED_EDGE('',*,*,#5326,.F.);
#5329=ORIENTED_EDGE('',*,*,#5328,.F.);
#5331=ORIENTED_EDGE('',*,*,#5330,.F.);
#5333=ORIENTED_EDGE('',*,*,#5332,.F.);
#5335=ORIENTED_EDGE('',*,*,#5334,.F.);
#5337=ORIENTED_EDGE('',*,*,#5336,.F.);
#5338=EDGE_LOOP('',(#5314,#5316,#5317,#5319,#5321,#5323,#5325,#5327,#5329,#5331,
#5333,#5335,#5337));
#5339=FACE_OUTER_BOUND('',#5338,.F.);
#5341=CARTESIAN_POINT('',(0.E0,7.95E1,0.E0));
#5342=DIRECTION('',(0.E0,1.E0,0.E0));
#5343=DIRECTION('',(1.E0,0.E0,0.E0));
#5344=AXIS2_PLACEMENT_3D('',#5341,#5342,#5343);
#5345=CYLINDRICAL_SURFACE('',#5344,2.025264227632E1);
#5347=ORIENTED_EDGE('',*,*,#5346,.T.);
#5349=ORIENTED_EDGE('',*,*,#5348,.T.);
#5350=ORIENTED_EDGE('',*,*,#5313,.T.);
#5352=ORIENTED_EDGE('',*,*,#5351,.F.);
#5353=EDGE_LOOP('',(#5347,#5349,#5350,#5352));
#5354=FACE_OUTER_BOUND('',#5353,.F.);
#5356=CARTESIAN_POINT('',(0.E0,7.9E1,0.E0));
#5357=DIRECTION('',(0.E0,1.E0,0.E0));
#5358=DIRECTION('',(-9.998465325450E-1,0.E0,-1.751888574696E-2));
#5359=AXIS2_PLACEMENT_3D('',#5356,#5357,#5358);
#5360=TOROIDAL_SURFACE('',#5359,2.075264227258E1,5.E-1);
#5362=ORIENTED_EDGE('',*,*,#5361,.T.);
#5364=ORIENTED_EDGE('',*,*,#5363,.T.);
#5365=ORIENTED_EDGE('',*,*,#5346,.F.);
#5367=ORIENTED_EDGE('',*,*,#5366,.T.);
#5368=EDGE_LOOP('',(#5362,#5364,#5365,#5367));
#5369=FACE_OUTER_BOUND('',#5368,.F.);
#5371=CARTESIAN_POINT('',(0.E0,7.95E1,0.E0));
#5372=DIRECTION('',(0.E0,1.E0,0.E0));
#5373=DIRECTION('',(1.E0,0.E0,0.E0));
#5374=AXIS2_PLACEMENT_3D('',#5371,#5372,#5373);
#5375=PLANE('',#5374);
#5377=ORIENTED_EDGE('',*,*,#5376,.F.);
#5379=ORIENTED_EDGE('',*,*,#5378,.F.);
#5381=ORIENTED_EDGE('',*,*,#5380,.F.);
#5383=ORIENTED_EDGE('',*,*,#5382,.T.);
#5385=ORIENTED_EDGE('',*,*,#5384,.T.);
#5387=ORIENTED_EDGE('',*,*,#5386,.F.);
#5389=ORIENTED_EDGE('',*,*,#5388,.F.);
#5391=ORIENTED_EDGE('',*,*,#5390,.F.);
#5393=ORIENTED_EDGE('',*,*,#5392,.T.);
#5395=ORIENTED_EDGE('',*,*,#5394,.T.);
#5397=ORIENTED_EDGE('',*,*,#5396,.T.);
#5399=ORIENTED_EDGE('',*,*,#5398,.F.);
#5401=ORIENTED_EDGE('',*,*,#5400,.F.);
#5402=EDGE_LOOP('',(#5377,#5379,#5381,#5383,#5385,#5387,#5389,#5391,#5393,#5395,
#5397,#5399,#5401));
#5403=FACE_OUTER_BOUND('',#5402,.F.);
#5405=ORIENTED_EDGE('',*,*,#5404,.F.);
#5407=ORIENTED_EDGE('',*,*,#5406,.F.);
#5409=ORIENTED_EDGE('',*,*,#5408,.F.);
#5411=ORIENTED_EDGE('',*,*,#5410,.F.);
#5413=ORIENTED_EDGE('',*,*,#5412,.F.);
#5415=ORIENTED_EDGE('',*,*,#5414,.F.);
#5417=ORIENTED_EDGE('',*,*,#5416,.F.);
#5419=ORIENTED_EDGE('',*,*,#5418,.F.);
#5421=ORIENTED_EDGE('',*,*,#5420,.F.);
#5423=ORIENTED_EDGE('',*,*,#5422,.F.);
#5425=ORIENTED_EDGE('',*,*,#5424,.F.);
#5427=ORIENTED_EDGE('',*,*,#5426,.F.);
#5429=ORIENTED_EDGE('',*,*,#5428,.F.);
#5431=ORIENTED_EDGE('',*,*,#5430,.F.);
#5433=ORIENTED_EDGE('',*,*,#5432,.F.);
#5435=ORIENTED_EDGE('',*,*,#5434,.F.);
#5436=ORIENTED_EDGE('',*,*,#5361,.F.);
#5438=ORIENTED_EDGE('',*,*,#5437,.F.);
#5440=ORIENTED_EDGE('',*,*,#5439,.F.);
#5442=ORIENTED_EDGE('',*,*,#5441,.F.);
#5443=EDGE_LOOP('',(#5405,#5407,#5409,#5411,#5413,#5415,#5417,#5419,#5421,#5423,
#5425,#5427,#5429,#5431,#5433,#5435,#5436,#5438,#5440,#5442));
#5444=FACE_BOUND('',#5443,.F.);
#5446=CARTESIAN_POINT('',(5.034984861590E-1,7.9E1,2.075264227632E1));
#5447=DIRECTION('',(-1.E0,0.E0,0.E0));
#5448=DIRECTION('',(0.E0,1.E0,0.E0));
#5449=AXIS2_PLACEMENT_3D('',#5446,#5447,#5448);
#5450=CYLINDRICAL_SURFACE('',#5449,5.E-1);
#5452=ORIENTED_EDGE('',*,*,#5451,.F.);
#5454=ORIENTED_EDGE('',*,*,#5453,.F.);
#5455=ORIENTED_EDGE('',*,*,#5404,.T.);
#5457=ORIENTED_EDGE('',*,*,#5456,.T.);
#5458=EDGE_LOOP('',(#5452,#5454,#5455,#5457));
#5459=FACE_OUTER_BOUND('',#5458,.F.);
#5461=CARTESIAN_POINT('',(-1.208945758847E0,7.95E1,2.025264227632E1));
#5462=DIRECTION('',(0.E0,0.E0,1.E0));
#5463=DIRECTION('',(1.E0,0.E0,0.E0));
#5464=AXIS2_PLACEMENT_3D('',#5461,#5462,#5463);
#5465=PLANE('',#5464);
#5466=ORIENTED_EDGE('',*,*,#5451,.T.);
#5468=ORIENTED_EDGE('',*,*,#5467,.T.);
#5470=ORIENTED_EDGE('',*,*,#5469,.T.);
#5472=ORIENTED_EDGE('',*,*,#5471,.F.);
#5473=EDGE_LOOP('',(#5466,#5468,#5470,#5472));
#5474=FACE_OUTER_BOUND('',#5473,.F.);
#5476=CARTESIAN_POINT('',(-1.208945758847E0,7.95E1,1.871098474566E1));
#5477=DIRECTION('',(-1.E0,0.E0,0.E0));
#5478=DIRECTION('',(0.E0,0.E0,1.E0));
#5479=AXIS2_PLACEMENT_3D('',#5476,#5477,#5478);
#5480=PLANE('',#5479);
#5481=ORIENTED_EDGE('',*,*,#5467,.F.);
#5482=ORIENTED_EDGE('',*,*,#5456,.F.);
#5483=ORIENTED_EDGE('',*,*,#5441,.T.);
#5485=ORIENTED_EDGE('',*,*,#5484,.F.);
#5486=ORIENTED_EDGE('',*,*,#5332,.T.);
#5488=ORIENTED_EDGE('',*,*,#5487,.T.);
#5489=EDGE_LOOP('',(#5481,#5482,#5483,#5485,#5486,#5488));
#5490=FACE_OUTER_BOUND('',#5489,.F.);
#5492=CARTESIAN_POINT('',(0.E0,7.95E1,0.E0));
#5493=DIRECTION('',(0.E0,1.E0,0.E0));
#5494=DIRECTION('',(1.E0,0.E0,0.E0));
#5495=AXIS2_PLACEMENT_3D('',#5492,#5493,#5494);
#5496=CYLINDRICAL_SURFACE('',#5495,1.875E1);
#5498=ORIENTED_EDGE('',*,*,#5497,.F.);
#5499=ORIENTED_EDGE('',*,*,#5324,.T.);
#5501=ORIENTED_EDGE('',*,*,#5500,.T.);
#5502=ORIENTED_EDGE('',*,*,#5410,.T.);
#5503=EDGE_LOOP('',(#5498,#5499,#5501,#5502));
#5504=FACE_OUTER_BOUND('',#5503,.F.);
#5506=CARTESIAN_POINT('',(0.E0,7.95E1,0.E0));
#5507=DIRECTION('',(0.E0,1.E0,0.E0));
#5508=DIRECTION('',(1.E0,0.E0,0.E0));
#5509=AXIS2_PLACEMENT_3D('',#5506,#5507,#5508);
#5510=CYLINDRICAL_SURFACE('',#5509,1.875E1);
#5512=ORIENTED_EDGE('',*,*,#5511,.F.);
#5513=ORIENTED_EDGE('',*,*,#5334,.T.);
#5514=ORIENTED_EDGE('',*,*,#5484,.T.);
#5515=ORIENTED_EDGE('',*,*,#5439,.T.);
#5516=EDGE_LOOP('',(#5512,#5513,#5514,#5515));
#5517=FACE_OUTER_BOUND('',#5516,.F.);
#5519=CARTESIAN_POINT('',(0.E0,7.95E1,0.E0));
#5520=DIRECTION('',(0.E0,1.E0,0.E0));
#5521=DIRECTION('',(1.E0,0.E0,0.E0));
#5522=AXIS2_PLACEMENT_3D('',#5519,#5520,#5521);
#5523=CYLINDRICAL_SURFACE('',#5522,1.875E1);
#5525=ORIENTED_EDGE('',*,*,#5524,.F.);
#5527=ORIENTED_EDGE('',*,*,#5526,.T.);
#5529=ORIENTED_EDGE('',*,*,#5528,.T.);
#5530=ORIENTED_EDGE('',*,*,#5430,.T.);
#5531=EDGE_LOOP('',(#5525,#5527,#5529,#5530));
#5532=FACE_OUTER_BOUND('',#5531,.F.);
#5534=CARTESIAN_POINT('',(0.E0,7.95E1,0.E0));
#5535=DIRECTION('',(0.E0,1.E0,0.E0));
#5536=DIRECTION('',(1.E0,0.E0,0.E0));
#5537=AXIS2_PLACEMENT_3D('',#5534,#5535,#5536);
#5538=CYLINDRICAL_SURFACE('',#5537,1.875E1);
#5540=ORIENTED_EDGE('',*,*,#5539,.F.);
#5542=ORIENTED_EDGE('',*,*,#5541,.T.);
#5544=ORIENTED_EDGE('',*,*,#5543,.T.);
#5545=ORIENTED_EDGE('',*,*,#5420,.T.);
#5546=EDGE_LOOP('',(#5540,#5542,#5544,#5545));
#5547=FACE_OUTER_BOUND('',#5546,.F.);
#5549=CARTESIAN_POINT('',(0.E0,7.95E1,0.E0));
#5550=DIRECTION('',(0.E0,1.E0,0.E0));
#5551=DIRECTION('',(1.E0,0.E0,0.E0));
#5552=AXIS2_PLACEMENT_3D('',#5549,#5550,#5551);
#5553=CYLINDRICAL_SURFACE('',#5552,1.875E1);
#5555=ORIENTED_EDGE('',*,*,#5554,.F.);
#5556=ORIENTED_EDGE('',*,*,#5303,.T.);
#5557=ORIENTED_EDGE('',*,*,#5288,.F.);
#5558=ORIENTED_EDGE('',*,*,#5300,.F.);
#5559=EDGE_LOOP('',(#5555,#5556,#5557,#5558));
#5560=FACE_OUTER_BOUND('',#5559,.F.);
#5562=CARTESIAN_POINT('',(1.432078069053E1,7.95E1,1.432078069053E1));
#5563=DIRECTION('',(7.071067811865E-1,0.E0,-7.071067811865E-1));
#5564=DIRECTION('',(-7.071067811865E-1,0.E0,-7.071067811865E-1));
#5565=AXIS2_PLACEMENT_3D('',#5562,#5563,#5564);
#5566=PLANE('',#5565);
#5567=ORIENTED_EDGE('',*,*,#5408,.T.);
#5569=ORIENTED_EDGE('',*,*,#5568,.F.);
#5571=ORIENTED_EDGE('',*,*,#5570,.T.);
#5572=ORIENTED_EDGE('',*,*,#5326,.T.);
#5573=ORIENTED_EDGE('',*,*,#5497,.T.);
#5574=EDGE_LOOP('',(#5567,#5569,#5571,#5572,#5573));
#5575=FACE_OUTER_BOUND('',#5574,.F.);
#5577=CARTESIAN_POINT('',(0.E0,7.9E1,0.E0));
#5578=DIRECTION('',(0.E0,1.E0,0.E0));
#5579=DIRECTION('',(-1.751888574696E-2,0.E0,9.998465325450E-1));
#5580=AXIS2_PLACEMENT_3D('',#5577,#5578,#5579);
#5581=TOROIDAL_SURFACE('',#5580,2.075264227258E1,5.E-1);
#5582=ORIENTED_EDGE('',*,*,#5406,.T.);
#5583=ORIENTED_EDGE('',*,*,#5453,.T.);
#5585=ORIENTED_EDGE('',*,*,#5584,.F.);
#5586=ORIENTED_EDGE('',*,*,#5568,.T.);
#5587=EDGE_LOOP('',(#5582,#5583,#5585,#5586));
#5588=FACE_OUTER_BOUND('',#5587,.F.);
#5590=CARTESIAN_POINT('',(0.E0,7.95E1,0.E0));
#5591=DIRECTION('',(0.E0,1.E0,0.E0));
#5592=DIRECTION('',(1.E0,0.E0,0.E0));
#5593=AXIS2_PLACEMENT_3D('',#5590,#5591,#5592);
#5594=CYLINDRICAL_SURFACE('',#5593,2.025264227632E1);
#5595=ORIENTED_EDGE('',*,*,#5584,.T.);
#5596=ORIENTED_EDGE('',*,*,#5471,.T.);
#5597=ORIENTED_EDGE('',*,*,#5328,.T.);
#5598=ORIENTED_EDGE('',*,*,#5570,.F.);
#5599=EDGE_LOOP('',(#5595,#5596,#5597,#5598));
#5600=FACE_OUTER_BOUND('',#5599,.F.);
#5602=CARTESIAN_POINT('',(1.873448282164E1,7.95E1,7.626620521026E-1));
#5603=DIRECTION('',(0.E0,0.E0,1.E0));
#5604=DIRECTION('',(1.E0,0.E0,0.E0));
#5605=AXIS2_PLACEMENT_3D('',#5602,#5603,#5604);
#5606=PLANE('',#5605);
#5608=ORIENTED_EDGE('',*,*,#5607,.F.);
#5610=ORIENTED_EDGE('',*,*,#5609,.F.);
#5611=ORIENTED_EDGE('',*,*,#5412,.T.);
#5612=ORIENTED_EDGE('',*,*,#5500,.F.);
#5613=ORIENTED_EDGE('',*,*,#5322,.T.);
#5614=EDGE_LOOP('',(#5608,#5610,#5611,#5612,#5613));
#5615=FACE_OUTER_BOUND('',#5614,.F.);
#5617=CARTESIAN_POINT('',(2.025264227632E1,7.95E1,7.626620521026E-1));
#5618=DIRECTION('',(1.E0,0.E0,0.E0));
#5619=DIRECTION('',(0.E0,0.E0,-1.E0));
#5620=AXIS2_PLACEMENT_3D('',#5617,#5618,#5619);
#5621=PLANE('',#5620);
#5623=ORIENTED_EDGE('',*,*,#5622,.T.);
#5624=ORIENTED_EDGE('',*,*,#5607,.T.);
#5625=ORIENTED_EDGE('',*,*,#5320,.F.);
#5627=ORIENTED_EDGE('',*,*,#5626,.F.);
#5628=EDGE_LOOP('',(#5623,#5624,#5625,#5627));
#5629=FACE_OUTER_BOUND('',#5628,.F.);
#5631=CARTESIAN_POINT('',(2.075264227632E1,7.9E1,-5.034984861590E-1));
#5632=DIRECTION('',(0.E0,0.E0,1.E0));
#5633=DIRECTION('',(0.E0,1.E0,0.E0));
#5634=AXIS2_PLACEMENT_3D('',#5631,#5632,#5633);
#5635=CYLINDRICAL_SURFACE('',#5634,5.E-1);
#5636=ORIENTED_EDGE('',*,*,#5622,.F.);
#5638=ORIENTED_EDGE('',*,*,#5637,.F.);
#5639=ORIENTED_EDGE('',*,*,#5414,.T.);
#5640=ORIENTED_EDGE('',*,*,#5609,.T.);
#5641=EDGE_LOOP('',(#5636,#5638,#5639,#5640));
#5642=FACE_OUTER_BOUND('',#5641,.F.);
#5644=CARTESIAN_POINT('',(0.E0,7.9E1,0.E0));
#5645=DIRECTION('',(0.E0,1.E0,0.E0));
#5646=DIRECTION('',(9.998465325450E-1,0.E0,1.751888574696E-2));
#5647=AXIS2_PLACEMENT_3D('',#5644,#5645,#5646);
#5648=TOROIDAL_SURFACE('',#5647,2.075264227258E1,5.E-1);
#5649=ORIENTED_EDGE('',*,*,#5416,.T.);
#5650=ORIENTED_EDGE('',*,*,#5637,.T.);
#5652=ORIENTED_EDGE('',*,*,#5651,.F.);
#5654=ORIENTED_EDGE('',*,*,#5653,.T.);
#5655=EDGE_LOOP('',(#5649,#5650,#5652,#5654));
#5656=FACE_OUTER_BOUND('',#5655,.F.);
#5658=CARTESIAN_POINT('',(0.E0,7.95E1,0.E0));
#5659=DIRECTION('',(0.E0,1.E0,0.E0));
#5660=DIRECTION('',(1.E0,0.E0,0.E0));
#5661=AXIS2_PLACEMENT_3D('',#5658,#5659,#5660);
#5662=CYLINDRICAL_SURFACE('',#5661,2.025264227632E1);
#5663=ORIENTED_EDGE('',*,*,#5651,.T.);
#5664=ORIENTED_EDGE('',*,*,#5626,.T.);
#5666=ORIENTED_EDGE('',*,*,#5665,.T.);
#5668=ORIENTED_EDGE('',*,*,#5667,.F.);
#5669=EDGE_LOOP('',(#5663,#5664,#5666,#5668));
#5670=FACE_OUTER_BOUND('',#5669,.F.);
#5672=CARTESIAN_POINT('',(0.E0,7.55E1,0.E0));
#5673=DIRECTION('',(0.E0,1.E0,0.E0));
#5674=DIRECTION('',(1.E0,0.E0,0.E0));
#5675=AXIS2_PLACEMENT_3D('',#5672,#5673,#5674);
#5676=TOROIDAL_SURFACE('',#5675,1.875E1,1.5E0);
#5677=ORIENTED_EDGE('',*,*,#5665,.F.);
#5678=ORIENTED_EDGE('',*,*,#5318,.T.);
#5679=ORIENTED_EDGE('',*,*,#5554,.T.);
#5680=ORIENTED_EDGE('',*,*,#5315,.F.);
#5682=ORIENTED_EDGE('',*,*,#5681,.F.);
#5684=ORIENTED_EDGE('',*,*,#5683,.F.);
#5685=ORIENTED_EDGE('',*,*,#5526,.F.);
#5687=ORIENTED_EDGE('',*,*,#5686,.F.);
#5689=ORIENTED_EDGE('',*,*,#5688,.F.);
#5691=ORIENTED_EDGE('',*,*,#5690,.T.);
#5693=ORIENTED_EDGE('',*,*,#5692,.F.);
#5694=ORIENTED_EDGE('',*,*,#5541,.F.);
#5696=ORIENTED_EDGE('',*,*,#5695,.F.);
#5697=EDGE_LOOP('',(#5677,#5678,#5679,#5680,#5682,#5684,#5685,#5687,#5689,#5691,
#5693,#5694,#5696));
#5698=FACE_OUTER_BOUND('',#5697,.F.);
#5700=CARTESIAN_POINT('',(0.E0,7.55E1,0.E0));
#5701=DIRECTION('',(0.E0,1.E0,0.E0));
#5702=DIRECTION('',(1.E0,0.E0,0.E0));
#5703=AXIS2_PLACEMENT_3D('',#5700,#5701,#5702);
#5704=PLANE('',#5703);
#5705=ORIENTED_EDGE('',*,*,#5330,.T.);
#5706=ORIENTED_EDGE('',*,*,#5469,.F.);
#5707=ORIENTED_EDGE('',*,*,#5487,.F.);
#5708=EDGE_LOOP('',(#5705,#5706,#5707));
#5709=FACE_OUTER_BOUND('',#5708,.F.);
#5711=CARTESIAN_POINT('',(0.E0,7.55E1,0.E0));
#5712=DIRECTION('',(0.E0,1.E0,0.E0));
#5713=DIRECTION('',(1.E0,0.E0,0.E0));
#5714=AXIS2_PLACEMENT_3D('',#5711,#5712,#5713);
#5715=PLANE('',#5714);
#5716=ORIENTED_EDGE('',*,*,#5681,.T.);
#5718=ORIENTED_EDGE('',*,*,#5717,.F.);
#5720=ORIENTED_EDGE('',*,*,#5719,.F.);
#5721=EDGE_LOOP('',(#5716,#5718,#5720));
#5722=FACE_OUTER_BOUND('',#5721,.F.);
#5724=CARTESIAN_POINT('',(-2.025264227632E1,7.95E1,-1.208945758847E0));
#5725=DIRECTION('',(-1.E0,0.E0,0.E0));
#5726=DIRECTION('',(0.E0,0.E0,1.E0));
#5727=AXIS2_PLACEMENT_3D('',#5724,#5725,#5726);
#5728=PLANE('',#5727);
#5730=ORIENTED_EDGE('',*,*,#5729,.T.);
#5732=ORIENTED_EDGE('',*,*,#5731,.T.);
#5733=ORIENTED_EDGE('',*,*,#5717,.T.);
#5734=ORIENTED_EDGE('',*,*,#5348,.F.);
#5735=EDGE_LOOP('',(#5730,#5732,#5733,#5734));
#5736=FACE_OUTER_BOUND('',#5735,.F.);
#5738=CARTESIAN_POINT('',(-2.075264227632E1,7.9E1,5.034984861590E-1));
#5739=DIRECTION('',(0.E0,0.E0,-1.E0));
#5740=DIRECTION('',(0.E0,1.E0,0.E0));
#5741=AXIS2_PLACEMENT_3D('',#5738,#5739,#5740);
#5742=CYLINDRICAL_SURFACE('',#5741,5.E-1);
#5743=ORIENTED_EDGE('',*,*,#5729,.F.);
#5744=ORIENTED_EDGE('',*,*,#5363,.F.);
#5745=ORIENTED_EDGE('',*,*,#5434,.T.);
#5747=ORIENTED_EDGE('',*,*,#5746,.T.);
#5748=EDGE_LOOP('',(#5743,#5744,#5745,#5747));
#5749=FACE_OUTER_BOUND('',#5748,.F.);
#5751=CARTESIAN_POINT('',(-1.871098474566E1,7.95E1,-1.208945758847E0));
#5752=DIRECTION('',(0.E0,0.E0,-1.E0));
#5753=DIRECTION('',(-1.E0,0.E0,0.E0));
#5754=AXIS2_PLACEMENT_3D('',#5751,#5752,#5753);
#5755=PLANE('',#5754);
#5756=ORIENTED_EDGE('',*,*,#5731,.F.);
#5757=ORIENTED_EDGE('',*,*,#5746,.F.);
#5758=ORIENTED_EDGE('',*,*,#5432,.T.);
#5759=ORIENTED_EDGE('',*,*,#5528,.F.);
#5760=ORIENTED_EDGE('',*,*,#5683,.T.);
#5761=ORIENTED_EDGE('',*,*,#5719,.T.);
#5762=EDGE_LOOP('',(#5756,#5757,#5758,#5759,#5760,#5761));
#5763=FACE_OUTER_BOUND('',#5762,.F.);
#5765=CARTESIAN_POINT('',(-1.432078069053E1,7.95E1,-1.432078069053E1));
#5766=DIRECTION('',(-7.071067811865E-1,0.E0,7.071067811865E-1));
#5767=DIRECTION('',(7.071067811865E-1,0.E0,7.071067811865E-1));
#5768=AXIS2_PLACEMENT_3D('',#5765,#5766,#5767);
#5769=PLANE('',#5768);
#5770=ORIENTED_EDGE('',*,*,#5428,.T.);
#5772=ORIENTED_EDGE('',*,*,#5771,.F.);
#5774=ORIENTED_EDGE('',*,*,#5773,.T.);
#5775=ORIENTED_EDGE('',*,*,#5686,.T.);
#5776=ORIENTED_EDGE('',*,*,#5524,.T.);
#5777=EDGE_LOOP('',(#5770,#5772,#5774,#5775,#5776));
#5778=FACE_OUTER_BOUND('',#5777,.F.);
#5780=CARTESIAN_POINT('',(0.E0,7.9E1,0.E0));
#5781=DIRECTION('',(0.E0,1.E0,0.E0));
#5782=DIRECTION('',(1.751888574696E-2,0.E0,-9.998465325450E-1));
#5783=AXIS2_PLACEMENT_3D('',#5780,#5781,#5782);
#5784=TOROIDAL_SURFACE('',#5783,2.075264227258E1,5.E-1);
#5785=ORIENTED_EDGE('',*,*,#5426,.T.);
#5787=ORIENTED_EDGE('',*,*,#5786,.T.);
#5789=ORIENTED_EDGE('',*,*,#5788,.F.);
#5790=ORIENTED_EDGE('',*,*,#5771,.T.);
#5791=EDGE_LOOP('',(#5785,#5787,#5789,#5790));
#5792=FACE_OUTER_BOUND('',#5791,.F.);
#5794=CARTESIAN_POINT('',(-5.034984861590E-1,7.9E1,-2.075264227632E1));
#5795=DIRECTION('',(1.E0,0.E0,0.E0));
#5796=DIRECTION('',(0.E0,1.E0,0.E0));
#5797=AXIS2_PLACEMENT_3D('',#5794,#5795,#5796);
#5798=CYLINDRICAL_SURFACE('',#5797,5.E-1);
#5800=ORIENTED_EDGE('',*,*,#5799,.F.);
#5801=ORIENTED_EDGE('',*,*,#5786,.F.);
#5802=ORIENTED_EDGE('',*,*,#5424,.T.);
#5804=ORIENTED_EDGE('',*,*,#5803,.T.);
#5805=EDGE_LOOP('',(#5800,#5801,#5802,#5804));
#5806=FACE_OUTER_BOUND('',#5805,.F.);
#5808=CARTESIAN_POINT('',(8.873151623589E-1,7.95E1,-2.025264227632E1));
#5809=DIRECTION('',(0.E0,0.E0,-1.E0));
#5810=DIRECTION('',(-1.E0,0.E0,0.E0));
#5811=AXIS2_PLACEMENT_3D('',#5808,#5809,#5810);
#5812=PLANE('',#5811);
#5813=ORIENTED_EDGE('',*,*,#5799,.T.);
#5815=ORIENTED_EDGE('',*,*,#5814,.T.);
#5816=ORIENTED_EDGE('',*,*,#5690,.F.);
#5818=ORIENTED_EDGE('',*,*,#5817,.F.);
#5819=EDGE_LOOP('',(#5813,#5815,#5816,#5818));
#5820=FACE_OUTER_BOUND('',#5819,.F.);
#5822=CARTESIAN_POINT('',(8.873151623589E-1,7.95E1,-1.872899281335E1));
#5823=DIRECTION('',(1.E0,0.E0,0.E0));
#5824=DIRECTION('',(0.E0,0.E0,-1.E0));
#5825=AXIS2_PLACEMENT_3D('',#5822,#5823,#5824);
#5826=PLANE('',#5825);
#5827=ORIENTED_EDGE('',*,*,#5814,.F.);
#5828=ORIENTED_EDGE('',*,*,#5803,.F.);
#5829=ORIENTED_EDGE('',*,*,#5422,.T.);
#5830=ORIENTED_EDGE('',*,*,#5543,.F.);
#5831=ORIENTED_EDGE('',*,*,#5692,.T.);
#5832=EDGE_LOOP('',(#5827,#5828,#5829,#5830,#5831));
#5833=FACE_OUTER_BOUND('',#5832,.F.);
#5835=CARTESIAN_POINT('',(0.E0,7.95E1,0.E0));
#5836=DIRECTION('',(0.E0,1.E0,0.E0));
#5837=DIRECTION('',(1.E0,0.E0,0.E0));
#5838=AXIS2_PLACEMENT_3D('',#5835,#5836,#5837);
#5839=CYLINDRICAL_SURFACE('',#5838,2.025264227632E1);
#5840=ORIENTED_EDGE('',*,*,#5788,.T.);
#5841=ORIENTED_EDGE('',*,*,#5817,.T.);
#5842=ORIENTED_EDGE('',*,*,#5688,.T.);
#5843=ORIENTED_EDGE('',*,*,#5773,.F.);
#5844=EDGE_LOOP('',(#5840,#5841,#5842,#5843));
#5845=FACE_OUTER_BOUND('',#5844,.F.);
#5847=CARTESIAN_POINT('',(1.432078069053E1,7.95E1,-1.432078069053E1));
#5848=DIRECTION('',(-7.071067811865E-1,0.E0,-7.071067811865E-1));
#5849=DIRECTION('',(-7.071067811865E-1,0.E0,7.071067811865E-1));
#5850=AXIS2_PLACEMENT_3D('',#5847,#5848,#5849);
#5851=PLANE('',#5850);
#5852=ORIENTED_EDGE('',*,*,#5418,.T.);
#5853=ORIENTED_EDGE('',*,*,#5653,.F.);
#5854=ORIENTED_EDGE('',*,*,#5667,.T.);
#5855=ORIENTED_EDGE('',*,*,#5695,.T.);
#5856=ORIENTED_EDGE('',*,*,#5539,.T.);
#5857=EDGE_LOOP('',(#5852,#5853,#5854,#5855,#5856));
#5858=FACE_OUTER_BOUND('',#5857,.F.);
#5860=CARTESIAN_POINT('',(-1.432078069053E1,7.95E1,1.432078069053E1));
#5861=DIRECTION('',(7.071067811865E-1,0.E0,7.071067811865E-1));
#5862=DIRECTION('',(7.071067811865E-1,0.E0,-7.071067811865E-1));
#5863=AXIS2_PLACEMENT_3D('',#5860,#5861,#5862);
#5864=PLANE('',#5863);
#5865=ORIENTED_EDGE('',*,*,#5437,.T.);
#5866=ORIENTED_EDGE('',*,*,#5366,.F.);
#5867=ORIENTED_EDGE('',*,*,#5351,.T.);
#5868=ORIENTED_EDGE('',*,*,#5336,.T.);
#5869=ORIENTED_EDGE('',*,*,#5511,.T.);
#5870=EDGE_LOOP('',(#5865,#5866,#5867,#5868,#5869));
#5871=FACE_OUTER_BOUND('',#5870,.F.);
#5873=CARTESIAN_POINT('',(2.65E1,3.975E1,9.391809742004E1));
#5874=DIRECTION('',(1.E0,0.E0,0.E0));
#5875=DIRECTION('',(0.E0,-1.E0,0.E0));
#5876=AXIS2_PLACEMENT_3D('',#5873,#5874,#5875);
#5877=CYLINDRICAL_SURFACE('',#5876,7.7E1);
#5879=ORIENTED_EDGE('',*,*,#5878,.T.);
#5880=ORIENTED_EDGE('',*,*,#5376,.T.);
#5882=ORIENTED_EDGE('',*,*,#5881,.T.);
#5884=ORIENTED_EDGE('',*,*,#5883,.T.);
#5886=ORIENTED_EDGE('',*,*,#5885,.T.);
#5888=ORIENTED_EDGE('',*,*,#5887,.T.);
#5889=EDGE_LOOP('',(#5879,#5880,#5882,#5884,#5886,#5888));
#5890=FACE_OUTER_BOUND('',#5889,.F.);
#5892=ORIENTED_EDGE('',*,*,#5891,.T.);
#5894=ORIENTED_EDGE('',*,*,#5893,.F.);
#5896=ORIENTED_EDGE('',*,*,#5895,.T.);
#5898=ORIENTED_EDGE('',*,*,#5897,.F.);
#5899=EDGE_LOOP('',(#5892,#5894,#5896,#5898));
#5900=FACE_BOUND('',#5899,.F.);
#5902=CARTESIAN_POINT('',(1.1E1,3.975E1,9.391809742004E1));
#5903=DIRECTION('',(1.E0,0.E0,0.E0));
#5904=DIRECTION('',(0.E0,-5.862759219721E-1,8.101114388254E-1));
#5905=AXIS2_PLACEMENT_3D('',#5902,#5903,#5904);
#5906=TOROIDAL_SURFACE('',#5905,7.6E1,1.E0);
#5907=ORIENTED_EDGE('',*,*,#5891,.F.);
#5909=ORIENTED_EDGE('',*,*,#5908,.T.);
#5911=ORIENTED_EDGE('',*,*,#5910,.T.);
#5913=ORIENTED_EDGE('',*,*,#5912,.T.);
#5914=EDGE_LOOP('',(#5907,#5909,#5911,#5913));
#5915=FACE_OUTER_BOUND('',#5914,.F.);
#5917=CARTESIAN_POINT('',(9.8198E1,8.455616361913E1,3.253073958689E1));
#5918=DIRECTION('',(-1.E0,0.E0,0.E0));
#5919=DIRECTION('',(0.E0,5.895547844622E-1,-8.077283925415E-1));
#5920=AXIS2_PLACEMENT_3D('',#5917,#5918,#5919);
#5921=CYLINDRICAL_SURFACE('',#5920,1.E0);
#5922=ORIENTED_EDGE('',*,*,#5897,.T.);
#5924=ORIENTED_EDGE('',*,*,#5923,.F.);
#5926=ORIENTED_EDGE('',*,*,#5925,.T.);
#5928=ORIENTED_EDGE('',*,*,#5927,.F.);
#5930=ORIENTED_EDGE('',*,*,#5929,.T.);
#5931=ORIENTED_EDGE('',*,*,#5908,.F.);
#5932=EDGE_LOOP('',(#5922,#5924,#5926,#5928,#5930,#5931));
#5933=FACE_OUTER_BOUND('',#5932,.F.);
#5935=CARTESIAN_POINT('',(-1.1E1,3.975E1,9.391809742004E1));
#5936=DIRECTION('',(1.E0,0.E0,0.E0));
#5937=DIRECTION('',(0.E0,-5.882341016870E-1,8.086906958860E-1));
#5938=AXIS2_PLACEMENT_3D('',#5935,#5936,#5937);
#5939=TOROIDAL_SURFACE('',#5938,7.6E1,1.E0);
#5940=ORIENTED_EDGE('',*,*,#5895,.F.);
#5942=ORIENTED_EDGE('',*,*,#5941,.T.);
#5944=ORIENTED_EDGE('',*,*,#5943,.T.);
#5945=ORIENTED_EDGE('',*,*,#5923,.T.);
#5946=EDGE_LOOP('',(#5940,#5942,#5944,#5945));
#5947=FACE_OUTER_BOUND('',#5946,.F.);
#5949=CARTESIAN_POINT('',(-1.E1,7.208916392731E1,4.085047168932E1));
#5950=DIRECTION('',(0.E0,-8.287423021801E-1,-5.596304106973E-1));
#5951=DIRECTION('',(0.E0,5.596304106973E-1,-8.287423021801E-1));
#5952=AXIS2_PLACEMENT_3D('',#5949,#5950,#5951);
#5953=PLANE('',#5952);
#5955=ORIENTED_EDGE('',*,*,#5954,.T.);
#5956=ORIENTED_EDGE('',*,*,#5941,.F.);
#5957=ORIENTED_EDGE('',*,*,#5893,.T.);
#5958=ORIENTED_EDGE('',*,*,#5912,.F.);
#5960=ORIENTED_EDGE('',*,*,#5959,.F.);
#5962=ORIENTED_EDGE('',*,*,#5961,.F.);
#5964=ORIENTED_EDGE('',*,*,#5963,.T.);
#5966=ORIENTED_EDGE('',*,*,#5965,.F.);
#5967=EDGE_LOOP('',(#5955,#5956,#5957,#5958,#5960,#5962,#5964,#5966));
#5968=FACE_OUTER_BOUND('',#5967,.F.);
#5970=CARTESIAN_POINT('',(-1.E1,0.E0,0.E0));
#5971=DIRECTION('',(1.E0,0.E0,0.E0));
#5972=DIRECTION('',(0.E0,-1.E0,0.E0));
#5973=AXIS2_PLACEMENT_3D('',#5970,#5971,#5972);
#5974=PLANE('',#5973);
#5976=ORIENTED_EDGE('',*,*,#5975,.T.);
#5978=ORIENTED_EDGE('',*,*,#5977,.T.);
#5980=ORIENTED_EDGE('',*,*,#5979,.F.);
#5982=ORIENTED_EDGE('',*,*,#5981,.T.);
#5984=ORIENTED_EDGE('',*,*,#5983,.F.);
#5986=ORIENTED_EDGE('',*,*,#5985,.F.);
#5988=ORIENTED_EDGE('',*,*,#5987,.F.);
#5990=ORIENTED_EDGE('',*,*,#5989,.F.);
#5991=EDGE_LOOP('',(#5976,#5978,#5980,#5982,#5984,#5986,#5988,#5990));
#5992=FACE_OUTER_BOUND('',#5991,.F.);
#5994=CARTESIAN_POINT('',(-1.E1,0.E0,0.E0));
#5995=DIRECTION('',(1.E0,0.E0,0.E0));
#5996=DIRECTION('',(0.E0,-1.E0,0.E0));
#5997=AXIS2_PLACEMENT_3D('',#5994,#5995,#5996);
#5998=PLANE('',#5997);
#6000=ORIENTED_EDGE('',*,*,#5999,.T.);
#6002=ORIENTED_EDGE('',*,*,#6001,.F.);
#6004=ORIENTED_EDGE('',*,*,#6003,.F.);
#6006=ORIENTED_EDGE('',*,*,#6005,.F.);
#6007=ORIENTED_EDGE('',*,*,#5925,.F.);
#6008=ORIENTED_EDGE('',*,*,#5943,.F.);
#6009=ORIENTED_EDGE('',*,*,#5954,.F.);
#6011=ORIENTED_EDGE('',*,*,#6010,.T.);
#6012=EDGE_LOOP('',(#6000,#6002,#6004,#6006,#6007,#6008,#6009,#6011));
#6013=FACE_OUTER_BOUND('',#6012,.F.);
#6015=CARTESIAN_POINT('',(-1.1E1,-1.542244946578E2,-1.288092470452E2));
#6016=DIRECTION('',(0.E0,6.593035682907E-1,7.518768548367E-1));
#6017=DIRECTION('',(0.E0,-7.518768548367E-1,6.593035682907E-1));
#6018=AXIS2_PLACEMENT_3D('',#6015,#6016,#6017);
#6019=CYLINDRICAL_SURFACE('',#6018,1.E0);
#6021=ORIENTED_EDGE('',*,*,#6020,.T.);
#6023=ORIENTED_EDGE('',*,*,#6022,.T.);
#6024=ORIENTED_EDGE('',*,*,#5975,.F.);
#6026=ORIENTED_EDGE('',*,*,#6025,.T.);
#6027=EDGE_LOOP('',(#6021,#6023,#6024,#6026));
#6028=FACE_OUTER_BOUND('',#6027,.F.);
#6030=CARTESIAN_POINT('',(2.65E1,-3.104731938893E0,4.504610185565E1));
#6031=DIRECTION('',(0.E0,-7.518768548367E-1,6.593035682907E-1));
#6032=DIRECTION('',(0.E0,-6.593035682907E-1,-7.518768548367E-1));
#6033=AXIS2_PLACEMENT_3D('',#6030,#6031,#6032);
#6034=PLANE('',#6033);
#6036=ORIENTED_EDGE('',*,*,#6035,.F.);
#6038=ORIENTED_EDGE('',*,*,#6037,.T.);
#6040=ORIENTED_EDGE('',*,*,#6039,.F.);
#6041=ORIENTED_EDGE('',*,*,#6020,.F.);
#6043=ORIENTED_EDGE('',*,*,#6042,.F.);
#6045=ORIENTED_EDGE('',*,*,#6044,.F.);
#6047=ORIENTED_EDGE('',*,*,#6046,.F.);
#6049=ORIENTED_EDGE('',*,*,#6048,.T.);
#6050=EDGE_LOOP('',(#6036,#6038,#6040,#6041,#6043,#6045,#6047,#6049));
#6051=FACE_OUTER_BOUND('',#6050,.F.);
#6053=CARTESIAN_POINT('',(-1.185506194334E1,-9.600856624023E0,
3.612109965653E1));
#6054=DIRECTION('',(1.E0,0.E0,0.E0));
#6055=DIRECTION('',(0.E0,-7.518768548367E-1,6.593035682907E-1));
#6056=AXIS2_PLACEMENT_3D('',#6053,#6054,#6055);
#6057=CYLINDRICAL_SURFACE('',#6056,1.E0);
#6058=ORIENTED_EDGE('',*,*,#6035,.T.);
#6060=ORIENTED_EDGE('',*,*,#6059,.T.);
#6062=ORIENTED_EDGE('',*,*,#6061,.F.);
#6064=ORIENTED_EDGE('',*,*,#6063,.F.);
#6065=EDGE_LOOP('',(#6058,#6060,#6062,#6064));
#6066=FACE_OUTER_BOUND('',#6065,.F.);
#6068=CARTESIAN_POINT('',(2.132505700660E1,-1.013050038479E1,3.696581536474E1));
#6069=CARTESIAN_POINT('',(2.138331610028E1,-1.013206214050E1,3.696717907546E1));
#6070=CARTESIAN_POINT('',(2.183543120664E1,-1.013809240635E1,3.697244354040E1));
#6071=CARTESIAN_POINT('',(2.266875824670E1,-1.006304899524E1,3.690691589118E1));
#6072=CARTESIAN_POINT('',(2.375874064106E1,-9.759709819624E0,3.664396664388E1));
#6073=CARTESIAN_POINT('',(2.471270764528E1,-9.282189003303E0,3.623554967565E1));
#6074=CARTESIAN_POINT('',(2.547530420263E1,-8.666517128639E0,3.571896431118E1));
#6075=CARTESIAN_POINT('',(2.602247611753E1,-7.961595929457E0,3.514085114281E1));
#6076=CARTESIAN_POINT('',(2.637147725590E1,-7.174455313279E0,3.451090553146E1));
#6077=CARTESIAN_POINT('',(2.646107406906E1,-6.562240403157E0,3.403437735146E1));
#6078=CARTESIAN_POINT('',(2.645339593046E1,-6.216004122545E0,3.376955938105E1));
#6079=CARTESIAN_POINT('',(2.645136001263E1,-6.170255574157E0,3.373465032539E1));
#6080=CARTESIAN_POINT('',(2.131551005310E1,-1.089724540989E1,3.648387400193E1));
#6081=CARTESIAN_POINT('',(2.137694846008E1,-1.089890445775E1,3.648532865244E1));
#6082=CARTESIAN_POINT('',(2.185373629229E1,-1.090531098691E1,3.649094515587E1));
#6083=CARTESIAN_POINT('',(2.273253860717E1,-1.082561212058E1,3.642105362439E1));
#6084=CARTESIAN_POINT('',(2.388200706649E1,-1.050342731649E1,3.614063412279E1));
#6085=CARTESIAN_POINT('',(2.488804342461E1,-9.996128339487E0,3.570517889808E1));
#6086=CARTESIAN_POINT('',(2.569226490367E1,-9.341872633631E0,3.515458008858E1));
#6087=CARTESIAN_POINT('',(2.626929210780E1,-8.592538414648E0,3.453867096751E1));
#6088=CARTESIAN_POINT('',(2.663731547859E1,-7.755558302910E0,3.386788391533E1));
#6089=CARTESIAN_POINT('',(2.673178700662E1,-7.104393373693E0,3.336078272329E1));
#6090=CARTESIAN_POINT('',(2.672368908205E1,-6.736070231531E0,3.307909308842E1));
#6091=CARTESIAN_POINT('',(2.672154208722E1,-6.687402439824E0,3.304196192433E1));
#6092=CARTESIAN_POINT('',(2.133789138764E1,-1.083564226522E1,3.558057177902E1));
#6093=CARTESIAN_POINT('',(2.139187639344E1,-1.083711805779E1,3.558185160385E1));
#6094=CARTESIAN_POINT('',(2.181082289106E1,-1.084281552028E1,3.558679079877E1));
#6095=CARTESIAN_POINT('',(2.258301555927E1,-1.077187395250E1,3.552528530471E1));
#6096=CARTESIAN_POINT('',(2.359302827269E1,-1.048515561286E1,3.527841552596E1));
#6097=CARTESIAN_POINT('',(2.447699620032E1,-1.003396334960E1,3.489483070587E1));
#6098=CARTESIAN_POINT('',(2.518363458143E1,-9.452518079572E0,3.440938026073E1));
#6099=CARTESIAN_POINT('',(2.569067074429E1,-8.787132953422E0,3.386571426191E1));
#6100=CARTESIAN_POINT('',(2.601409947577E1,-8.044502867156E0,3.327279829079E1));
#6101=CARTESIAN_POINT('',(2.609714299963E1,-7.467181625146E0,3.282380700205E1));
#6102=CARTESIAN_POINT('',(2.609002919741E1,-7.140766033555E0,3.257411726234E1));
#6103=CARTESIAN_POINT('',(2.608814260519E1,-7.097637716094E0,3.254119956016E1));
#6104=CARTESIAN_POINT('',(2.136860596234E1,-1.001063476116E1,3.520819593081E1));
#6105=CARTESIAN_POINT('',(2.141236244282E1,-1.001183994402E1,3.520921947078E1));
#6106=CARTESIAN_POINT('',(2.175193154721E1,-1.001649052838E1,3.521316604835E1));
#6107=CARTESIAN_POINT('',(2.237782060906E1,-9.958486816414E0,3.516395570905E1));
#6108=CARTESIAN_POINT('',(2.319645403189E1,-9.724157265257E0,3.496628654564E1));
#6109=CARTESIAN_POINT('',(2.391290380184E1,-9.355807275641E0,3.465879751591E1));
#6110=CARTESIAN_POINT('',(2.448562597936E1,-8.881807848764E0,3.426897596136E1));
#6111=CARTESIAN_POINT('',(2.489661134317E1,-8.340232375167E0,3.383143137836E1));
#6112=CARTESIAN_POINT('',(2.515884151750E1,-7.736675319567E0,3.335300507246E1));
#6113=CARTESIAN_POINT('',(2.522620204946E1,-7.268143327979E0,3.298954546767E1));
#6114=CARTESIAN_POINT('',(2.522043878777E1,-7.003449551574E0,3.278699197108E1));
#6115=CARTESIAN_POINT('',(2.521890955386E1,-6.968479552536E0,3.276028134819E1));
#6116=(BOUNDED_SURFACE()B_SPLINE_SURFACE(3,3,((#6068,#6069,#6070,#6071,#6072,
#6073,#6074,#6075,#6076,#6077,#6078,#6079),(#6080,#6081,#6082,#6083,#6084,#6085,
#6086,#6087,#6088,#6089,#6090,#6091),(#6092,#6093,#6094,#6095,#6096,#6097,#6098,
#6099,#6100,#6101,#6102,#6103),(#6104,#6105,#6106,#6107,#6108,#6109,#6110,#6111,
#6112,#6113,#6114,#6115)),.UNSPECIFIED.,.F.,.F.,.F.)B_SPLINE_SURFACE_WITH_KNOTS(
(4,4),(4,1,1,1,1,1,1,1,1,4),(0.E0,1.E0),(-2.247711634044E-2,0.E0,
1.517476966449E-1,2.974920848055E-1,4.442755532764E-1,5.889402570747E-1,
7.223084225492E-1,8.531169748255E-1,1.E0,1.022372051192E0),.UNSPECIFIED.)GEOMETRIC_REPRESENTATION_ITEM()RATIONAL_B_SPLINE_SURFACE(((1.357878719340E0,
1.357878719340E0,1.357878719340E0,1.357878719340E0,1.357878719340E0,
1.357878719340E0,1.357878719340E0,1.357878719340E0,1.357878719340E0,
1.357878719340E0,1.357878719340E0,1.357878719340E0),(8.807070935532E-1,
8.807070935532E-1,8.807070935532E-1,8.807070935532E-1,8.807070935532E-1,
8.807070935532E-1,8.807070935532E-1,8.807070935532E-1,8.807070935532E-1,
8.807070935532E-1,8.807070935532E-1,8.807070935532E-1),(8.807070935532E-1,
8.807070935532E-1,8.807070935532E-1,8.807070935532E-1,8.807070935532E-1,
8.807070935532E-1,8.807070935532E-1,8.807070935532E-1,8.807070935532E-1,
8.807070935532E-1,8.807070935532E-1,8.807070935532E-1),(1.357878719340E0,
1.357878719340E0,1.357878719340E0,1.357878719340E0,1.357878719340E0,
1.357878719340E0,1.357878719340E0,1.357878719340E0,1.357878719340E0,
1.357878719340E0,1.357878719340E0,1.357878719340E0)))REPRESENTATION_ITEM('')SURFACE());
#6118=ORIENTED_EDGE('',*,*,#6117,.T.);
#6120=ORIENTED_EDGE('',*,*,#6119,.T.);
#6122=ORIENTED_EDGE('',*,*,#6121,.F.);
#6123=ORIENTED_EDGE('',*,*,#6059,.F.);
#6124=EDGE_LOOP('',(#6118,#6120,#6122,#6123));
#6125=FACE_OUTER_BOUND('',#6124,.F.);
#6127=CARTESIAN_POINT('',(2.15E1,1.470363900064E2,2.086848863834E2));
#6128=DIRECTION('',(0.E0,-6.593035682907E-1,-7.518768548367E-1));
#6129=DIRECTION('',(1.E0,0.E0,0.E0));
#6130=AXIS2_PLACEMENT_3D('',#6127,#6128,#6129);
#6131=CYLINDRICAL_SURFACE('',#6130,5.E0);
#6132=ORIENTED_EDGE('',*,*,#6117,.F.);
#6133=ORIENTED_EDGE('',*,*,#6048,.F.);
#6135=ORIENTED_EDGE('',*,*,#6134,.F.);
#6137=ORIENTED_EDGE('',*,*,#6136,.T.);
#6138=EDGE_LOOP('',(#6132,#6133,#6135,#6137));
#6139=FACE_OUTER_BOUND('',#6138,.F.);
#6141=CARTESIAN_POINT('',(2.645716814151E1,9.546132495514E-2,4.081068091399E1));
#6142=CARTESIAN_POINT('',(2.645929335844E1,4.797148193225E-2,4.084614413876E1));
#6143=CARTESIAN_POINT('',(2.646734192241E1,-3.131022212622E-1,
4.111652381947E1));
#6144=CARTESIAN_POINT('',(2.636951451682E1,-9.730532900607E-1,
4.162110935434E1));
#6145=CARTESIAN_POINT('',(2.597455506359E1,-1.825716903604E0,4.229578465167E1));
#6146=CARTESIAN_POINT('',(2.535292605800E1,-2.567392830955E0,4.290096282585E1));
#6147=CARTESIAN_POINT('',(2.455125299547E1,-3.159153596378E0,4.339669851907E1));
#6148=CARTESIAN_POINT('',(2.363368635379E1,-3.583981933505E0,4.375962401435E1));
#6149=CARTESIAN_POINT('',(2.261296145365E1,-3.854971839368E0,4.399420160550E1));
#6150=CARTESIAN_POINT('',(2.182541373316E1,-3.924550410282E0,4.405491297537E1));
#6151=CARTESIAN_POINT('',(2.138256033620E1,-3.918563696027E0,4.404969024751E1));
#6152=CARTESIAN_POINT('',(2.132392749372E1,-3.916971483216E0,4.404830090296E1));
#6153=CARTESIAN_POINT('',(2.670579358912E1,6.156231352848E-1,4.149177217635E1));
#6154=CARTESIAN_POINT('',(2.670802533476E1,5.662645370507E-1,4.152862434059E1));
#6155=CARTESIAN_POINT('',(2.671647837937E1,1.909897134821E-1,4.180961222013E1));
#6156=CARTESIAN_POINT('',(2.661376383804E1,-4.947959958114E-1,
4.233427173817E1));
#6157=CARTESIAN_POINT('',(2.619902275380E1,-1.380535788152E0,4.303636192398E1));
#6158=CARTESIAN_POINT('',(2.554621461755E1,-2.150692785625E0,4.366654485084E1));
#6159=CARTESIAN_POINT('',(2.470431740213E1,-2.764944639404E0,4.418302318775E1));
#6160=CARTESIAN_POINT('',(2.374071542725E1,-3.205782115944E0,4.456126423406E1));
#6161=CARTESIAN_POINT('',(2.266878691590E1,-3.486921152143E0,4.480579462479E1));
#6162=CARTESIAN_POINT('',(2.184173648512E1,-3.559097949487E0,4.486909150798E1));
#6163=CARTESIAN_POINT('',(2.137666957197E1,-3.552885903537E0,4.486364530102E1));
#6164=CARTESIAN_POINT('',(2.131509569771E1,-3.551233867571E0,4.486219673394E1));
#6165=CARTESIAN_POINT('',(2.607521952654E1,9.754123060757E-1,4.201060766861E1));
#6166=CARTESIAN_POINT('',(2.607718108969E1,9.324164978414E-1,4.204272401368E1));
#6167=CARTESIAN_POINT('',(2.608460827392E1,6.055015808405E-1,4.228756063067E1));
#6168=CARTESIAN_POINT('',(2.599428868680E1,7.816484694339E-3,4.274409518562E1));
#6169=CARTESIAN_POINT('',(2.562971858684E1,-7.648164238940E-1,
4.335372930187E1));
#6170=CARTESIAN_POINT('',(2.505598824122E1,-1.437278919190E0,4.389999471805E1));
#6171=CARTESIAN_POINT('',(2.431610917297E1,-1.974138210886E0,4.434711288912E1));
#6172=CARTESIAN_POINT('',(2.346926389919E1,-2.359742093784E0,4.467426630512E1));
#6173=CARTESIAN_POINT('',(2.252720008776E1,-2.605798166359E0,4.488564859011E1));
#6174=CARTESIAN_POINT('',(2.180033805178E1,-2.668985340226E0,4.494034347409E1));
#6175=CARTESIAN_POINT('',(2.139160996995E1,-2.663551006786E0,4.493563977970E1));
#6176=CARTESIAN_POINT('',(2.133749526116E1,-2.662105558188E0,4.493438819425E1));
#6177=CARTESIAN_POINT('',(2.521881334987E1,8.020343828516E-1,4.182959757429E1));
#6178=CARTESIAN_POINT('',(2.522040796810E1,7.670401243318E-1,4.185576034617E1));
#6179=CARTESIAN_POINT('',(2.522644189306E1,5.009381708094E-1,4.205514425991E1));
#6180=CARTESIAN_POINT('',(2.515295635601E1,1.400375923064E-2,4.242594237872E1));
#6181=CARTESIAN_POINT('',(2.485652534291E1,-6.165345564714E-1,
4.291904754250E1));
#6182=CARTESIAN_POINT('',(2.439019349710E1,-1.166352838438E0,4.335942405794E1));
#6183=CARTESIAN_POINT('',(2.378886908332E1,-1.606125985308E0,4.371894657845E1));
#6184=CARTESIAN_POINT('',(2.310059544439E1,-1.922483661485E0,4.398154347548E1));
#6185=CARTESIAN_POINT('',(2.233490573036E1,-2.124575782478E0,4.415102305829E1));
#6186=CARTESIAN_POINT('',(2.174411329387E1,-2.176500053973E0,4.419484136585E1));
#6187=CARTESIAN_POINT('',(2.141190108224E1,-2.172040652796E0,4.419107682355E1));
#6188=CARTESIAN_POINT('',(2.136791694456E1,-2.170854147216E0,4.419007432197E1));
#6189=(BOUNDED_SURFACE()B_SPLINE_SURFACE(3,3,((#6141,#6142,#6143,#6144,#6145,
#6146,#6147,#6148,#6149,#6150,#6151,#6152),(#6153,#6154,#6155,#6156,#6157,#6158,
#6159,#6160,#6161,#6162,#6163,#6164),(#6165,#6166,#6167,#6168,#6169,#6170,#6171,
#6172,#6173,#6174,#6175,#6176),(#6177,#6178,#6179,#6180,#6181,#6182,#6183,#6184,
#6185,#6186,#6187,#6188)),.UNSPECIFIED.,.F.,.F.,.F.)B_SPLINE_SURFACE_WITH_KNOTS(
(4,4),(4,1,1,1,1,1,1,1,1,4),(0.E0,1.E0),(-2.277054437207E-2,0.E0,
1.503139415651E-1,2.947579950372E-1,4.403714308351E-1,5.850813591809E-1,
7.194937331904E-1,8.515527880823E-1,1.E0,1.022685566256E0),.UNSPECIFIED.)GEOMETRIC_REPRESENTATION_ITEM()RATIONAL_B_SPLINE_SURFACE(((1.349594579072E0,
1.349594579072E0,1.349594579072E0,1.349594579072E0,1.349594579072E0,
1.349594579072E0,1.349594579072E0,1.349594579072E0,1.349594579072E0,
1.349594579072E0,1.349594579072E0,1.349594579072E0),(8.834684736427E-1,
8.834684736427E-1,8.834684736427E-1,8.834684736427E-1,8.834684736427E-1,
8.834684736427E-1,8.834684736427E-1,8.834684736427E-1,8.834684736427E-1,
8.834684736427E-1,8.834684736427E-1,8.834684736427E-1),(8.834684736427E-1,
8.834684736427E-1,8.834684736427E-1,8.834684736427E-1,8.834684736427E-1,
8.834684736427E-1,8.834684736427E-1,8.834684736427E-1,8.834684736427E-1,
8.834684736427E-1,8.834684736427E-1,8.834684736427E-1),(1.349594579072E0,
1.349594579072E0,1.349594579072E0,1.349594579072E0,1.349594579072E0,
1.349594579072E0,1.349594579072E0,1.349594579072E0,1.349594579072E0,
1.349594579072E0,1.349594579072E0,1.349594579072E0)))REPRESENTATION_ITEM('')SURFACE());
#6190=ORIENTED_EDGE('',*,*,#6134,.T.);
#6192=ORIENTED_EDGE('',*,*,#6191,.T.);
#6194=ORIENTED_EDGE('',*,*,#6193,.F.);
#6196=ORIENTED_EDGE('',*,*,#6195,.F.);
#6197=EDGE_LOOP('',(#6190,#6192,#6194,#6196));
#6198=FACE_OUTER_BOUND('',#6197,.F.);
#6200=CARTESIAN_POINT('',(2.186068891169E1,-3.007163641654E0,4.364061779625E1));
#6201=DIRECTION('',(-1.E0,0.E0,0.E0));
#6202=DIRECTION('',(0.E0,-7.518768548367E-1,6.593035682907E-1));
#6203=AXIS2_PLACEMENT_3D('',#6200,#6201,#6202);
#6204=CYLINDRICAL_SURFACE('',#6203,1.E0);
#6205=ORIENTED_EDGE('',*,*,#6046,.T.);
#6207=ORIENTED_EDGE('',*,*,#6206,.T.);
#6209=ORIENTED_EDGE('',*,*,#6208,.F.);
#6210=ORIENTED_EDGE('',*,*,#6191,.F.);
#6211=EDGE_LOOP('',(#6205,#6207,#6209,#6210));
#6212=FACE_OUTER_BOUND('',#6211,.F.);
#6214=CARTESIAN_POINT('',(1.1E1,-3.007163641654E0,4.364061779625E1));
#6215=DIRECTION('',(7.071067811702E-1,4.580890963036E-1,5.386597997538E-1));
#6216=DIRECTION('',(-7.071067812029E-1,4.580890962818E-1,5.386597997296E-1));
#6217=AXIS2_PLACEMENT_3D('',#6214,#6215,#6216);
#6218=SPHERICAL_SURFACE('',#6217,1.E0);
#6220=ORIENTED_EDGE('',*,*,#6219,.F.);
#6221=ORIENTED_EDGE('',*,*,#6206,.F.);
#6223=ORIENTED_EDGE('',*,*,#6222,.T.);
#6224=EDGE_LOOP('',(#6220,#6221,#6223));
#6225=FACE_OUTER_BOUND('',#6224,.F.);
#6227=CARTESIAN_POINT('',(1.1E1,3.975E1,9.391809742004E1));
#6228=DIRECTION('',(-1.E0,0.E0,0.E0));
#6229=DIRECTION('',(0.E0,9.333331978273E-4,9.999995644445E-1));
#6230=AXIS2_PLACEMENT_3D('',#6227,#6228,#6229);
#6231=TOROIDAL_SURFACE('',#6230,6.6E1,1.E0);
#6232=ORIENTED_EDGE('',*,*,#6219,.T.);
#6234=ORIENTED_EDGE('',*,*,#6233,.F.);
#6236=ORIENTED_EDGE('',*,*,#6235,.T.);
#6238=ORIENTED_EDGE('',*,*,#6237,.T.);
#6240=ORIENTED_EDGE('',*,*,#6239,.T.);
#6241=EDGE_LOOP('',(#6232,#6234,#6236,#6238,#6240));
#6242=FACE_OUTER_BOUND('',#6241,.F.);
#6244=CARTESIAN_POINT('',(1.E1,0.E0,0.E0));
#6245=DIRECTION('',(1.E0,0.E0,0.E0));
#6246=DIRECTION('',(0.E0,-1.E0,0.E0));
#6247=AXIS2_PLACEMENT_3D('',#6244,#6245,#6246);
#6248=PLANE('',#6247);
#6250=ORIENTED_EDGE('',*,*,#6249,.T.);
#6252=ORIENTED_EDGE('',*,*,#6251,.T.);
#6254=ORIENTED_EDGE('',*,*,#6253,.F.);
#6256=ORIENTED_EDGE('',*,*,#6255,.T.);
#6258=ORIENTED_EDGE('',*,*,#6257,.F.);
#6260=ORIENTED_EDGE('',*,*,#6259,.T.);
#6262=ORIENTED_EDGE('',*,*,#6261,.T.);
#6263=ORIENTED_EDGE('',*,*,#6233,.T.);
#6264=EDGE_LOOP('',(#6250,#6252,#6254,#6256,#6258,#6260,#6262,#6263));
#6265=FACE_OUTER_BOUND('',#6264,.F.);
#6267=CARTESIAN_POINT('',(1.E1,0.E0,0.E0));
#6268=DIRECTION('',(1.E0,0.E0,0.E0));
#6269=DIRECTION('',(0.E0,-1.E0,0.E0));
#6270=AXIS2_PLACEMENT_3D('',#6267,#6268,#6269);
#6271=PLANE('',#6270);
#6273=ORIENTED_EDGE('',*,*,#6272,.T.);
#6275=ORIENTED_EDGE('',*,*,#6274,.T.);
#6276=ORIENTED_EDGE('',*,*,#5959,.T.);
#6277=ORIENTED_EDGE('',*,*,#5910,.F.);
#6278=ORIENTED_EDGE('',*,*,#5929,.F.);
#6280=ORIENTED_EDGE('',*,*,#6279,.T.);
#6282=ORIENTED_EDGE('',*,*,#6281,.F.);
#6284=ORIENTED_EDGE('',*,*,#6283,.T.);
#6285=EDGE_LOOP('',(#6273,#6275,#6276,#6277,#6278,#6280,#6282,#6284));
#6286=FACE_OUTER_BOUND('',#6285,.F.);
#6288=CARTESIAN_POINT('',(1.1E1,-2.163785851011E0,4.460241486692E1));
#6289=DIRECTION('',(0.E0,-6.593035682907E-1,-7.518768548367E-1));
#6290=DIRECTION('',(0.E0,-7.518768548367E-1,6.593035682907E-1));
#6291=AXIS2_PLACEMENT_3D('',#6288,#6289,#6290);
#6292=CYLINDRICAL_SURFACE('',#6291,1.E0);
#6293=ORIENTED_EDGE('',*,*,#6249,.F.);
#6294=ORIENTED_EDGE('',*,*,#6222,.F.);
#6295=ORIENTED_EDGE('',*,*,#6044,.T.);
#6297=ORIENTED_EDGE('',*,*,#6296,.T.);
#6298=EDGE_LOOP('',(#6293,#6294,#6295,#6297));
#6299=FACE_OUTER_BOUND('',#6298,.F.);
#6301=CARTESIAN_POINT('',(-1.E1,-4.388006602645E0,4.358264167664E1));
#6302=DIRECTION('',(0.E0,-6.045353722962E-1,-7.965782972456E-1));
#6303=DIRECTION('',(0.E0,7.965782972456E-1,-6.045353722962E-1));
#6304=AXIS2_PLACEMENT_3D('',#6301,#6302,#6303);
#6305=PLANE('',#6304);
#6306=ORIENTED_EDGE('',*,*,#6251,.F.);
#6307=ORIENTED_EDGE('',*,*,#6296,.F.);
#6308=ORIENTED_EDGE('',*,*,#6042,.T.);
#6309=ORIENTED_EDGE('',*,*,#6025,.F.);
#6310=ORIENTED_EDGE('',*,*,#5989,.T.);
#6312=ORIENTED_EDGE('',*,*,#6311,.T.);
#6313=EDGE_LOOP('',(#6306,#6307,#6308,#6309,#6310,#6312));
#6314=FACE_OUTER_BOUND('',#6313,.F.);
#6316=CARTESIAN_POINT('',(-1.00198E2,-4.559066849041E-1,3.934314193210E1));
#6317=DIRECTION('',(1.E0,0.E0,0.E0));
#6318=DIRECTION('',(0.E0,8.287423021801E-1,-5.596304106973E-1));
#6319=AXIS2_PLACEMENT_3D('',#6316,#6317,#6318);
#6320=CYLINDRICAL_SURFACE('',#6319,1.E0);
#6321=ORIENTED_EDGE('',*,*,#6311,.F.);
#6322=ORIENTED_EDGE('',*,*,#5987,.T.);
#6324=ORIENTED_EDGE('',*,*,#6323,.T.);
#6325=ORIENTED_EDGE('',*,*,#6253,.T.);
#6326=EDGE_LOOP('',(#6321,#6322,#6324,#6325));
#6327=FACE_OUTER_BOUND('',#6326,.F.);
#6329=CARTESIAN_POINT('',(-1.E1,9.023740659193E-1,3.956769140983E1));
#6330=DIRECTION('',(0.E0,-8.287423021801E-1,5.596304106973E-1));
#6331=DIRECTION('',(0.E0,-5.596304106973E-1,-8.287423021801E-1));
#6332=AXIS2_PLACEMENT_3D('',#6329,#6330,#6331);
#6333=PLANE('',#6332);
#6335=ORIENTED_EDGE('',*,*,#6334,.T.);
#6336=ORIENTED_EDGE('',*,*,#6255,.F.);
#6337=ORIENTED_EDGE('',*,*,#6323,.F.);
#6338=ORIENTED_EDGE('',*,*,#5985,.T.);
#6339=EDGE_LOOP('',(#6335,#6336,#6337,#6338));
#6340=FACE_OUTER_BOUND('',#6339,.F.);
#6342=CARTESIAN_POINT('',(-1.00198E2,-5.056163619129E0,3.253073958689E1));
#6343=DIRECTION('',(1.E0,0.E0,0.E0));
#6344=DIRECTION('',(0.E0,-5.895547844622E-1,-8.077283925415E-1));
#6345=AXIS2_PLACEMENT_3D('',#6342,#6343,#6344);
#6346=CYLINDRICAL_SURFACE('',#6345,1.E0);
#6347=ORIENTED_EDGE('',*,*,#6257,.T.);
#6348=ORIENTED_EDGE('',*,*,#6334,.F.);
#6349=ORIENTED_EDGE('',*,*,#5983,.T.);
#6351=ORIENTED_EDGE('',*,*,#6350,.T.);
#6353=ORIENTED_EDGE('',*,*,#6352,.T.);
#6355=ORIENTED_EDGE('',*,*,#6354,.F.);
#6356=EDGE_LOOP('',(#6347,#6348,#6349,#6351,#6353,#6355));
#6357=FACE_OUTER_BOUND('',#6356,.F.);
#6359=CARTESIAN_POINT('',(-1.1E1,3.975E1,9.391809742004E1));
#6360=DIRECTION('',(1.E0,0.E0,0.E0));
#6361=DIRECTION('',(0.E0,5.009062887170E-1,8.655015250846E-1));
#6362=AXIS2_PLACEMENT_3D('',#6359,#6360,#6361);
#6363=TOROIDAL_SURFACE('',#6362,7.6E1,1.E0);
#6365=ORIENTED_EDGE('',*,*,#6364,.T.);
#6366=ORIENTED_EDGE('',*,*,#6350,.F.);
#6367=ORIENTED_EDGE('',*,*,#5981,.F.);
#6369=ORIENTED_EDGE('',*,*,#6368,.T.);
#6370=EDGE_LOOP('',(#6365,#6366,#6367,#6369));
#6371=FACE_OUTER_BOUND('',#6370,.F.);
#6373=CARTESIAN_POINT('',(2.65E1,3.975E1,9.391809742004E1));
#6374=DIRECTION('',(1.E0,0.E0,0.E0));
#6375=DIRECTION('',(0.E0,-1.E0,0.E0));
#6376=AXIS2_PLACEMENT_3D('',#6373,#6374,#6375);
#6377=CYLINDRICAL_SURFACE('',#6376,7.7E1);
#6379=ORIENTED_EDGE('',*,*,#6378,.T.);
#6380=ORIENTED_EDGE('',*,*,#4057,.F.);
#6382=ORIENTED_EDGE('',*,*,#6381,.T.);
#6384=ORIENTED_EDGE('',*,*,#6383,.T.);
#6385=ORIENTED_EDGE('',*,*,#6061,.T.);
#6386=ORIENTED_EDGE('',*,*,#6121,.T.);
#6387=EDGE_LOOP('',(#6379,#6380,#6382,#6384,#6385,#6386));
#6388=FACE_OUTER_BOUND('',#6387,.F.);
#6390=ORIENTED_EDGE('',*,*,#6389,.F.);
#6391=ORIENTED_EDGE('',*,*,#6352,.F.);
#6392=ORIENTED_EDGE('',*,*,#6364,.F.);
#6394=ORIENTED_EDGE('',*,*,#6393,.F.);
#6395=EDGE_LOOP('',(#6390,#6391,#6392,#6394));
#6396=FACE_BOUND('',#6395,.F.);
#6398=CARTESIAN_POINT('',(1.1E1,3.975E1,9.391809742004E1));
#6399=DIRECTION('',(1.E0,0.E0,0.E0));
#6400=DIRECTION('',(0.E0,4.991560327993E-1,8.665121204692E-1));
#6401=AXIS2_PLACEMENT_3D('',#6398,#6399,#6400);
#6402=TOROIDAL_SURFACE('',#6401,7.6E1,1.E0);
#6403=ORIENTED_EDGE('',*,*,#6259,.F.);
#6404=ORIENTED_EDGE('',*,*,#6354,.T.);
#6405=ORIENTED_EDGE('',*,*,#6389,.T.);
#6407=ORIENTED_EDGE('',*,*,#6406,.T.);
#6408=EDGE_LOOP('',(#6403,#6404,#6405,#6407));
#6409=FACE_OUTER_BOUND('',#6408,.F.);
#6411=CARTESIAN_POINT('',(-1.E1,-2.228654333879E0,2.657559791785E1));
#6412=DIRECTION('',(0.E0,8.287423021801E-1,-5.596304106973E-1));
#6413=DIRECTION('',(0.E0,5.596304106973E-1,8.287423021801E-1));
#6414=AXIS2_PLACEMENT_3D('',#6411,#6412,#6413);
#6415=PLANE('',#6414);
#6416=ORIENTED_EDGE('',*,*,#6261,.F.);
#6417=ORIENTED_EDGE('',*,*,#6406,.F.);
#6418=ORIENTED_EDGE('',*,*,#6393,.T.);
#6419=ORIENTED_EDGE('',*,*,#6368,.F.);
#6420=ORIENTED_EDGE('',*,*,#5979,.T.);
#6422=ORIENTED_EDGE('',*,*,#6421,.F.);
#6424=ORIENTED_EDGE('',*,*,#6423,.T.);
#6425=ORIENTED_EDGE('',*,*,#6235,.F.);
#6426=EDGE_LOOP('',(#6416,#6417,#6418,#6419,#6420,#6422,#6424,#6425));
#6427=FACE_OUTER_BOUND('',#6426,.F.);
#6429=CARTESIAN_POINT('',(-1.1E1,3.975E1,9.391809742004E1));
#6430=DIRECTION('',(-1.E0,0.E0,0.E0));
#6431=DIRECTION('',(0.E0,-1.087730577646E-3,9.999994084209E-1));
#6432=AXIS2_PLACEMENT_3D('',#6429,#6430,#6431);
#6433=TOROIDAL_SURFACE('',#6432,6.6E1,1.E0);
#6435=ORIENTED_EDGE('',*,*,#6434,.T.);
#6437=ORIENTED_EDGE('',*,*,#6436,.T.);
#6439=ORIENTED_EDGE('',*,*,#6438,.F.);
#6440=ORIENTED_EDGE('',*,*,#6421,.T.);
#6441=ORIENTED_EDGE('',*,*,#5977,.F.);
#6442=EDGE_LOOP('',(#6435,#6437,#6439,#6440,#6441));
#6443=FACE_OUTER_BOUND('',#6442,.F.);
#6445=CARTESIAN_POINT('',(-1.1E1,-3.007163641654E0,4.364061779625E1));
#6446=DIRECTION('',(7.071067812031E-1,-4.580890962818E-1,-5.386597997292E-1));
#6447=DIRECTION('',(7.071067811700E-1,4.580890963034E-1,5.386597997543E-1));
#6448=AXIS2_PLACEMENT_3D('',#6445,#6446,#6447);
#6449=SPHERICAL_SURFACE('',#6448,1.E0);
#6450=ORIENTED_EDGE('',*,*,#6434,.F.);
#6451=ORIENTED_EDGE('',*,*,#6022,.F.);
#6453=ORIENTED_EDGE('',*,*,#6452,.T.);
#6454=EDGE_LOOP('',(#6450,#6451,#6453));
#6455=FACE_OUTER_BOUND('',#6454,.F.);
#6457=CARTESIAN_POINT('',(2.186068891169E1,-3.007163641654E0,4.364061779625E1));
#6458=DIRECTION('',(-1.E0,0.E0,0.E0));
#6459=DIRECTION('',(0.E0,-7.518768548367E-1,6.593035682907E-1));
#6460=AXIS2_PLACEMENT_3D('',#6457,#6458,#6459);
#6461=CYLINDRICAL_SURFACE('',#6460,1.E0);
#6462=ORIENTED_EDGE('',*,*,#6039,.T.);
#6464=ORIENTED_EDGE('',*,*,#6463,.T.);
#6466=ORIENTED_EDGE('',*,*,#6465,.F.);
#6467=ORIENTED_EDGE('',*,*,#6452,.F.);
#6468=EDGE_LOOP('',(#6462,#6464,#6466,#6467));
#6469=FACE_OUTER_BOUND('',#6468,.F.);
#6471=CARTESIAN_POINT('',(-1.132364594749E1,-3.916968238869E0,
4.404829700297E1));
#6472=CARTESIAN_POINT('',(-1.138237518310E1,-3.918563590048E0,
4.404968910716E1));
#6473=CARTESIAN_POINT('',(-1.183493582980E1,-3.924681335544E0,
4.405502612520E1));
#6474=CARTESIAN_POINT('',(-1.266805751299E1,-3.849257465647E0,
4.398921104217E1));
#6475=CARTESIAN_POINT('',(-1.375741884121E1,-3.544435745212E0,
4.372544116272E1));
#6476=CARTESIAN_POINT('',(-1.471160075855E1,-3.064049282676E0,
4.331610530660E1));
#6477=CARTESIAN_POINT('',(-1.547589653586E1,-2.442993911226E0,
4.279842030406E1));
#6478=CARTESIAN_POINT('',(-1.602555494919E1,-1.729404417671E0,
4.221905372811E1));
#6479=CARTESIAN_POINT('',(-1.637680942210E1,-9.299871707272E-1,
4.158809387331E1));
#6480=CARTESIAN_POINT('',(-1.646718236005E1,-3.057940729778E-1,
4.111105015394E1));
#6481=CARTESIAN_POINT('',(-1.645929209561E1,4.789054142916E-2,
4.084620396164E1));
#6482=CARTESIAN_POINT('',(-1.645716788038E1,9.533676883569E-2,
4.081077331357E1));
#6483=CARTESIAN_POINT('',(-1.131479998798E1,-3.551230802853E0,
4.486219337971E1));
#6484=CARTESIAN_POINT('',(-1.137647510480E1,-3.552886158539E0,
4.486364487534E1));
#6485=CARTESIAN_POINT('',(-1.185173628829E1,-3.559234559303E0,
4.486921060080E1));
#6486=CARTESIAN_POINT('',(-1.272664675390E1,-3.480993888771E0,
4.480059226268E1));
#6487=CARTESIAN_POINT('',(-1.387065545384E1,-3.164754156892E0,
4.452563268203E1));
#6488=CARTESIAN_POINT('',(-1.487271128460E1,-2.666243670835E0,
4.409904122330E1));
#6489=CARTESIAN_POINT('',(-1.567535509030E1,-2.021534810321E0,
4.355974439485E1));
#6490=CARTESIAN_POINT('',(-1.625257876459E1,-1.280494633178E0,
4.295650117513E1));
#6491=CARTESIAN_POINT('',(-1.662142403009E1,-4.500448993078E-1,
4.229994083433E1));
#6492=CARTESIAN_POINT('',(-1.671631136022E1,1.985854807778E-1,
4.180392414630E1));
#6493=CARTESIAN_POINT('',(-1.670802501248E1,5.661806285792E-1,
4.152868676608E1));
#6494=CARTESIAN_POINT('',(-1.670579439042E1,6.154938974429E-1,
4.149186843760E1));
#6495=CARTESIAN_POINT('',(-1.133723539784E1,-2.662102820654E0,
4.493438601928E1));
#6496=CARTESIAN_POINT('',(-1.139143907505E1,-2.663551031340E0,
4.493564002048E1));
#6497=CARTESIAN_POINT('',(-1.180912641973E1,-2.669103767443E0,
4.494044618262E1));
#6498=CARTESIAN_POINT('',(-1.257805081795E1,-2.600608618843E0,
4.488115387449E1));
#6499=CARTESIAN_POINT('',(-1.358346107859E1,-2.323835991050E0,
4.464346343400E1));
#6500=CARTESIAN_POINT('',(-1.446409753502E1,-1.887832825618E0,
4.427444846024E1));
#6501=CARTESIAN_POINT('',(-1.516948182545E1,-1.324464199408E0,
4.380746541245E1));
#6502=CARTESIAN_POINT('',(-1.567679358949E1,-6.775333294548E-1,
4.328441357986E1));
#6503=CARTESIAN_POINT('',(-1.600102451541E1,4.682107248896E-2,
4.271422778184E1));
#6504=CARTESIAN_POINT('',(-1.608446229747E1,6.121188154467E-1,
4.228260475207E1));
#6505=CARTESIAN_POINT('',(-1.607718050905E1,9.323437722401E-1,
4.204277889616E1));
#6506=CARTESIAN_POINT('',(-1.607521975943E1,9.753001067697E-1,
4.201069206314E1));
#6507=CARTESIAN_POINT('',(-1.136770577878E1,-2.170852205156E0,
4.419007268432E1));
#6508=CARTESIAN_POINT('',(-1.141176221052E1,-2.172040754152E0,
4.419107693861E1));
#6509=CARTESIAN_POINT('',(-1.175125634139E1,-2.176595931771E0,
4.419492228648E1));
#6510=CARTESIAN_POINT('',(-1.237623704227E1,-2.120310827546E0,
4.414742214891E1));
#6511=CARTESIAN_POINT('',(-1.319341150655E1,-1.892996670283E0,
4.395684335611E1));
#6512=CARTESIAN_POINT('',(-1.390914370622E1,-1.535365353184E0,
4.366057921247E1));
#6513=CARTESIAN_POINT('',(-1.448243616069E1,-1.074050188034E0,
4.328490779449E1));
#6514=CARTESIAN_POINT('',(-1.489479790820E1,-5.452774739489E-1,
4.286302525866E1));
#6515=CARTESIAN_POINT('',(-1.515843640766E1,4.578421126716E-2,
4.240169224844E1));
#6516=CARTESIAN_POINT('',(-1.522632412429E1,5.063243178459E-1,
4.205110816301E1));
#6517=CARTESIAN_POINT('',(-1.522040666599E1,7.669808736437E-1,
4.185580497422E1));
#6518=CARTESIAN_POINT('',(-1.521881244036E1,8.019430209311E-1,
4.182966628438E1));
#6519=(BOUNDED_SURFACE()B_SPLINE_SURFACE(3,3,((#6471,#6472,#6473,#6474,#6475,
#6476,#6477,#6478,#6479,#6480,#6481,#6482),(#6483,#6484,#6485,#6486,#6487,#6488,
#6489,#6490,#6491,#6492,#6493,#6494),(#6495,#6496,#6497,#6498,#6499,#6500,#6501,
#6502,#6503,#6504,#6505,#6506),(#6507,#6508,#6509,#6510,#6511,#6512,#6513,#6514,
#6515,#6516,#6517,#6518)),.UNSPECIFIED.,.F.,.F.,.F.)B_SPLINE_SURFACE_WITH_KNOTS(
(4,4),(4,1,1,1,1,1,1,1,1,4),(0.E0,1.E0),(-2.271814617980E-2,0.E0,
1.521381572299E-1,2.980322586347E-1,4.447228107707E-1,5.892387577884E-1,
7.224890502361E-1,8.531847831439E-1,1.E0,1.022754484570E0),.UNSPECIFIED.)GEOMETRIC_REPRESENTATION_ITEM()RATIONAL_B_SPLINE_SURFACE(((1.349594916950E0,
1.349594916950E0,1.349594916950E0,1.349594916950E0,1.349594916950E0,
1.349594916950E0,1.349594916950E0,1.349594916950E0,1.349594916950E0,
1.349594916950E0,1.349594916950E0,1.349594916950E0),(8.834683610167E-1,
8.834683610167E-1,8.834683610167E-1,8.834683610167E-1,8.834683610167E-1,
8.834683610167E-1,8.834683610167E-1,8.834683610167E-1,8.834683610167E-1,
8.834683610167E-1,8.834683610167E-1,8.834683610167E-1),(8.834683610167E-1,
8.834683610167E-1,8.834683610167E-1,8.834683610167E-1,8.834683610167E-1,
8.834683610167E-1,8.834683610167E-1,8.834683610167E-1,8.834683610167E-1,
8.834683610167E-1,8.834683610167E-1,8.834683610167E-1),(1.349594916950E0,
1.349594916950E0,1.349594916950E0,1.349594916950E0,1.349594916950E0,
1.349594916950E0,1.349594916950E0,1.349594916950E0,1.349594916950E0,
1.349594916950E0,1.349594916950E0,1.349594916950E0)))REPRESENTATION_ITEM('')SURFACE());
#6521=ORIENTED_EDGE('',*,*,#6520,.T.);
#6523=ORIENTED_EDGE('',*,*,#6522,.T.);
#6525=ORIENTED_EDGE('',*,*,#6524,.F.);
#6526=ORIENTED_EDGE('',*,*,#6463,.F.);
#6527=EDGE_LOOP('',(#6521,#6523,#6525,#6526));
#6528=FACE_OUTER_BOUND('',#6527,.F.);
#6530=CARTESIAN_POINT('',(-1.15E1,-1.538339806771E2,-1.344309086814E2));
#6531=DIRECTION('',(0.E0,6.593035682907E-1,7.518768548367E-1));
#6532=DIRECTION('',(-1.E0,0.E0,0.E0));
#6533=AXIS2_PLACEMENT_3D('',#6530,#6531,#6532);
#6534=CYLINDRICAL_SURFACE('',#6533,5.E0);
#6536=ORIENTED_EDGE('',*,*,#6535,.F.);
#6538=ORIENTED_EDGE('',*,*,#6537,.T.);
#6539=ORIENTED_EDGE('',*,*,#6520,.F.);
#6540=ORIENTED_EDGE('',*,*,#6037,.F.);
#6541=EDGE_LOOP('',(#6536,#6538,#6539,#6540));
#6542=FACE_OUTER_BOUND('',#6541,.F.);
#6544=CARTESIAN_POINT('',(-1.645136671940E1,-6.170122179662E0,
3.373451517231E1));
#6545=CARTESIAN_POINT('',(-1.645340465757E1,-6.215922512162E0,
3.376946368691E1));
#6546=CARTESIAN_POINT('',(-1.646127146247E1,-6.570856294493E0,
3.404093402087E1));
#6547=CARTESIAN_POINT('',(-1.636341617453E1,-7.220858154884E0,
3.454709693264E1));
#6548=CARTESIAN_POINT('',(-1.596779060950E1,-8.063226068608E0,
3.522283651636E1));
#6549=CARTESIAN_POINT('',(-1.534568631842E1,-8.796220581366E0,
3.582672889944E1));
#6550=CARTESIAN_POINT('',(-1.454477125946E1,-9.380951052194E0,
3.631958724100E1));
#6551=CARTESIAN_POINT('',(-1.362932333139E1,-9.800856213886E0,
3.667956356263E1));
#6552=CARTESIAN_POINT('',(-1.261103855679E1,-1.006904715604E1,
3.691212151040E1));
#6553=CARTESIAN_POINT('',(-1.182515151584E1,-1.013798029346E1,
3.697231061997E1));
#6554=CARTESIAN_POINT('',(-1.138343142651E1,-1.013208494726E1,
3.696716395823E1));
#6555=CARTESIAN_POINT('',(-1.132523387191E1,-1.013052445074E1,
3.696580137286E1));
#6556=CARTESIAN_POINT('',(-1.672151934977E1,-6.687254410442E0,
3.304182788441E1));
#6557=CARTESIAN_POINT('',(-1.672366854374E1,-6.735977015731E0,
3.307900079775E1));
#6558=CARTESIAN_POINT('',(-1.673196591984E1,-7.113550350657E0,
3.336776492369E1));
#6559=CARTESIAN_POINT('',(-1.662878672064E1,-7.804899555101E0,
3.390640478533E1));
#6560=CARTESIAN_POINT('',(-1.621159809699E1,-8.700575894826E0,
3.462598830862E1));
#6561=CARTESIAN_POINT('',(-1.555554962622E1,-9.479701551492E0,
3.526941688752E1));
#6562=CARTESIAN_POINT('',(-1.471092212981E1,-1.010103146536E1,
3.579476634923E1));
#6563=CARTESIAN_POINT('',(-1.374551390176E1,-1.054710280840E1,
3.617858679641E1));
#6564=CARTESIAN_POINT('',(-1.267166246595E1,-1.083195272382E1,
3.642659578428E1));
#6565=CARTESIAN_POINT('',(-1.184289365634E1,-1.090516157452E1,
3.649079250840E1));
#6566=CARTESIAN_POINT('',(-1.137707078324E1,-1.089889881219E1,
3.648530205835E1));
#6567=CARTESIAN_POINT('',(-1.131569762582E1,-1.089724117555E1,
3.648384866918E1));
#6568=CARTESIAN_POINT('',(-1.608812425005E1,-7.097494568389E0,
3.254109634245E1));
#6569=CARTESIAN_POINT('',(-1.609001259562E1,-7.140671450425E0,
3.257405107777E1));
#6570=CARTESIAN_POINT('',(-1.609730046208E1,-7.475284686844E0,
3.283001175614E1));
#6571=CARTESIAN_POINT('',(-1.600660361145E1,-8.088239795898E0,
3.330691407106E1));
#6572=CARTESIAN_POINT('',(-1.563997135532E1,-8.883003370057E0,
3.394287280280E1));
#6573=CARTESIAN_POINT('',(-1.506350781049E1,-9.574951534804E0,
3.451069213905E1));
#6574=CARTESIAN_POINT('',(-1.432136772514E1,-1.012723407199E1,
3.497377937237E1));
#6575=CARTESIAN_POINT('',(-1.347309553661E1,-1.052400961309E1,
3.531184455669E1));
#6576=CARTESIAN_POINT('',(-1.252952471613E1,-1.077750626522E1,
3.553017801121E1));
#6577=CARTESIAN_POINT('',(-1.180129574617E1,-1.084267158736E1,
3.558667283485E1));
#6578=CARTESIAN_POINT('',(-1.139198383544E1,-1.083710104886E1,
3.558184369335E1));
#6579=CARTESIAN_POINT('',(-1.133805614048E1,-1.083562635952E1,
3.558056485543E1));
#6580=CARTESIAN_POINT('',(-1.521890939383E1,-6.968365626965E0,
3.276019399850E1));
#6581=CARTESIAN_POINT('',(-1.522043977436E1,-7.003375116195E0,
3.278693480137E1));
#6582=CARTESIAN_POINT('',(-1.522634227995E1,-7.274717332797E0,
3.299457633513E1));
#6583=CARTESIAN_POINT('',(-1.515277508953E1,-7.772180316286E0,
3.338061060722E1));
#6584=CARTESIAN_POINT('',(-1.485552187618E1,-8.418192626344E0,
3.389363344907E1));
#6585=CARTESIAN_POINT('',(-1.438827357470E1,-8.981557568889E0,
3.435040570915E1));
#6586=CARTESIAN_POINT('',(-1.378677805751E1,-9.431935965880E0,
3.472211448776E1));
#6587=CARTESIAN_POINT('',(-1.309925290632E1,-9.755921578700E0,
3.499306042550E1));
#6588=CARTESIAN_POINT('',(-1.233446756486E1,-9.963105482687E0,
3.516787585444E1));
#6589=CARTESIAN_POINT('',(-1.174421049004E1,-1.001638755855E1,
3.521307864083E1));
#6590=CARTESIAN_POINT('',(-1.141244917615E1,-1.001183913834E1,
3.520921875027E1));
#6591=CARTESIAN_POINT('',(-1.136873896881E1,-1.001063461986E1,
3.520819580594E1));
#6592=(BOUNDED_SURFACE()B_SPLINE_SURFACE(3,3,((#6544,#6545,#6546,#6547,#6548,
#6549,#6550,#6551,#6552,#6553,#6554,#6555),(#6556,#6557,#6558,#6559,#6560,#6561,
#6562,#6563,#6564,#6565,#6566,#6567),(#6568,#6569,#6570,#6571,#6572,#6573,#6574,
#6575,#6576,#6577,#6578,#6579),(#6580,#6581,#6582,#6583,#6584,#6585,#6586,#6587,
#6588,#6589,#6590,#6591)),.UNSPECIFIED.,.F.,.F.,.F.)B_SPLINE_SURFACE_WITH_KNOTS(
(4,4),(4,1,1,1,1,1,1,1,1,4),(0.E0,1.E0),(-2.239261994343E-2,0.E0,
1.510856791850E-1,2.962446908913E-1,4.423248318924E-1,5.868576200147E-1,
7.207141644358E-1,8.522120633971E-1,1.E0,1.022458053452E0),.UNSPECIFIED.)GEOMETRIC_REPRESENTATION_ITEM()RATIONAL_B_SPLINE_SURFACE(((1.357867516497E0,
1.357867516497E0,1.357867516497E0,1.357867516497E0,1.357867516497E0,
1.357867516497E0,1.357867516497E0,1.357867516497E0,1.357867516497E0,
1.357867516497E0,1.357867516497E0,1.357867516497E0),(8.807108278344E-1,
8.807108278344E-1,8.807108278344E-1,8.807108278344E-1,8.807108278344E-1,
8.807108278344E-1,8.807108278344E-1,8.807108278344E-1,8.807108278344E-1,
8.807108278344E-1,8.807108278344E-1,8.807108278344E-1),(8.807108278344E-1,
8.807108278344E-1,8.807108278344E-1,8.807108278344E-1,8.807108278344E-1,
8.807108278344E-1,8.807108278344E-1,8.807108278344E-1,8.807108278344E-1,
8.807108278344E-1,8.807108278344E-1,8.807108278344E-1),(1.357867516497E0,
1.357867516497E0,1.357867516497E0,1.357867516497E0,1.357867516497E0,
1.357867516497E0,1.357867516497E0,1.357867516497E0,1.357867516497E0,
1.357867516497E0,1.357867516497E0,1.357867516497E0)))REPRESENTATION_ITEM('')SURFACE());
#6593=ORIENTED_EDGE('',*,*,#6535,.T.);
#6594=ORIENTED_EDGE('',*,*,#6063,.T.);
#6595=ORIENTED_EDGE('',*,*,#6383,.F.);
#6597=ORIENTED_EDGE('',*,*,#6596,.F.);
#6598=EDGE_LOOP('',(#6593,#6594,#6595,#6597));
#6599=FACE_OUTER_BOUND('',#6598,.F.);
#6601=CARTESIAN_POINT('',(-1.55E1,3.975E1,9.391809742004E1));
#6602=DIRECTION('',(1.E0,0.E0,0.E0));
#6603=DIRECTION('',(0.E0,-6.221006855179E-1,-7.829372497705E-1));
#6604=AXIS2_PLACEMENT_3D('',#6601,#6602,#6603);
#6605=TOROIDAL_SURFACE('',#6604,7.599999999901E1,1.E0);
#6607=ORIENTED_EDGE('',*,*,#6606,.T.);
#6608=ORIENTED_EDGE('',*,*,#6596,.T.);
#6609=ORIENTED_EDGE('',*,*,#6381,.F.);
#6610=ORIENTED_EDGE('',*,*,#4081,.T.);
#6611=EDGE_LOOP('',(#6607,#6608,#6609,#6610));
#6612=FACE_OUTER_BOUND('',#6611,.F.);
#6614=CARTESIAN_POINT('',(-1.65E1,0.E0,0.E0));
#6615=DIRECTION('',(-1.E0,0.E0,0.E0));
#6616=DIRECTION('',(0.E0,1.E0,0.E0));
#6617=AXIS2_PLACEMENT_3D('',#6614,#6615,#6616);
#6618=PLANE('',#6617);
#6619=ORIENTED_EDGE('',*,*,#4324,.T.);
#6620=ORIENTED_EDGE('',*,*,#4867,.T.);
#6621=ORIENTED_EDGE('',*,*,#5068,.T.);
#6622=EDGE_LOOP('',(#6619,#6620,#6621));
#6623=FACE_OUTER_BOUND('',#6622,.F.);
#6625=CARTESIAN_POINT('',(-1.65E1,0.E0,0.E0));
#6626=DIRECTION('',(-1.E0,0.E0,0.E0));
#6627=DIRECTION('',(0.E0,1.E0,0.E0));
#6628=AXIS2_PLACEMENT_3D('',#6625,#6626,#6627);
#6629=PLANE('',#6628);
#6630=ORIENTED_EDGE('',*,*,#6606,.F.);
#6631=ORIENTED_EDGE('',*,*,#4079,.F.);
#6633=ORIENTED_EDGE('',*,*,#6632,.F.);
#6635=ORIENTED_EDGE('',*,*,#6634,.T.);
#6637=ORIENTED_EDGE('',*,*,#6636,.F.);
#6638=ORIENTED_EDGE('',*,*,#6537,.F.);
#6639=EDGE_LOOP('',(#6630,#6631,#6633,#6635,#6637,#6638));
#6640=FACE_OUTER_BOUND('',#6639,.F.);
#6642=CARTESIAN_POINT('',(-1.65E1,0.E0,0.E0));
#6643=DIRECTION('',(-1.E0,0.E0,0.E0));
#6644=DIRECTION('',(0.E0,1.E0,0.E0));
#6645=AXIS2_PLACEMENT_3D('',#6642,#6643,#6644);
#6646=PLANE('',#6645);
#6648=ORIENTED_EDGE('',*,*,#6647,.F.);
#6650=ORIENTED_EDGE('',*,*,#6649,.F.);
#6652=ORIENTED_EDGE('',*,*,#6651,.F.);
#6654=ORIENTED_EDGE('',*,*,#6653,.T.);
#6656=ORIENTED_EDGE('',*,*,#6655,.T.);
#6657=ORIENTED_EDGE('',*,*,#5380,.T.);
#6658=EDGE_LOOP('',(#6648,#6650,#6652,#6654,#6656,#6657));
#6659=FACE_OUTER_BOUND('',#6658,.F.);
#6661=CARTESIAN_POINT('',(-1.00198E2,5.E-1,3.300835173882E1));
#6662=DIRECTION('',(1.E0,0.E0,0.E0));
#6663=DIRECTION('',(0.E0,0.E0,1.E0));
#6664=AXIS2_PLACEMENT_3D('',#6661,#6662,#6663);
#6665=CYLINDRICAL_SURFACE('',#6664,5.E-1);
#6666=ORIENTED_EDGE('',*,*,#6632,.T.);
#6667=ORIENTED_EDGE('',*,*,#4077,.F.);
#6669=ORIENTED_EDGE('',*,*,#6668,.T.);
#6671=ORIENTED_EDGE('',*,*,#6670,.T.);
#6672=EDGE_LOOP('',(#6666,#6667,#6669,#6671));
#6673=FACE_OUTER_BOUND('',#6672,.F.);
#6675=CARTESIAN_POINT('',(-2.85E1,0.E0,0.E0));
#6676=DIRECTION('',(-1.E0,0.E0,0.E0));
#6677=DIRECTION('',(0.E0,1.E0,0.E0));
#6678=AXIS2_PLACEMENT_3D('',#6675,#6676,#6677);
#6679=PLANE('',#6678);
#6681=ORIENTED_EDGE('',*,*,#6680,.F.);
#6683=ORIENTED_EDGE('',*,*,#6682,.F.);
#6684=ORIENTED_EDGE('',*,*,#5268,.F.);
#6686=ORIENTED_EDGE('',*,*,#6685,.F.);
#6687=ORIENTED_EDGE('',*,*,#5384,.F.);
#6688=EDGE_LOOP('',(#6681,#6683,#6684,#6686,#6687));
#6689=FACE_OUTER_BOUND('',#6688,.F.);
#6691=ORIENTED_EDGE('',*,*,#6690,.T.);
#6693=ORIENTED_EDGE('',*,*,#6692,.T.);
#6694=EDGE_LOOP('',(#6691,#6693));
#6695=FACE_BOUND('',#6694,.F.);
#6697=CARTESIAN_POINT('',(-2.85E1,0.E0,0.E0));
#6698=DIRECTION('',(-1.E0,0.E0,0.E0));
#6699=DIRECTION('',(0.E0,1.E0,0.E0));
#6700=AXIS2_PLACEMENT_3D('',#6697,#6698,#6699);
#6701=PLANE('',#6700);
#6703=ORIENTED_EDGE('',*,*,#6702,.F.);
#6704=ORIENTED_EDGE('',*,*,#5392,.F.);
#6706=ORIENTED_EDGE('',*,*,#6705,.F.);
#6707=ORIENTED_EDGE('',*,*,#5280,.F.);
#6709=ORIENTED_EDGE('',*,*,#6708,.F.);
#6710=EDGE_LOOP('',(#6703,#6704,#6706,#6707,#6709));
#6711=FACE_OUTER_BOUND('',#6710,.F.);
#6713=ORIENTED_EDGE('',*,*,#6712,.T.);
#6715=ORIENTED_EDGE('',*,*,#6714,.T.);
#6716=EDGE_LOOP('',(#6713,#6715));
#6717=FACE_BOUND('',#6716,.F.);
#6719=CARTESIAN_POINT('',(-2.85E1,0.E0,0.E0));
#6720=DIRECTION('',(-1.E0,0.E0,0.E0));
#6721=DIRECTION('',(0.E0,1.E0,0.E0));
#6722=AXIS2_PLACEMENT_3D('',#6719,#6720,#6721);
#6723=PLANE('',#6722);
#6724=ORIENTED_EDGE('',*,*,#6668,.F.);
#6725=ORIENTED_EDGE('',*,*,#4075,.F.);
#6727=ORIENTED_EDGE('',*,*,#6726,.F.);
#6728=ORIENTED_EDGE('',*,*,#4336,.F.);
#6730=ORIENTED_EDGE('',*,*,#6729,.F.);
#6731=EDGE_LOOP('',(#6724,#6725,#6727,#6728,#6730));
#6732=FACE_OUTER_BOUND('',#6731,.F.);
#6734=ORIENTED_EDGE('',*,*,#6733,.T.);
#6736=ORIENTED_EDGE('',*,*,#6735,.T.);
#6737=EDGE_LOOP('',(#6734,#6736));
#6738=FACE_BOUND('',#6737,.F.);
#6740=CARTESIAN_POINT('',(-2.85E1,0.E0,0.E0));
#6741=DIRECTION('',(-1.E0,0.E0,0.E0));
#6742=DIRECTION('',(0.E0,1.E0,0.E0));
#6743=AXIS2_PLACEMENT_3D('',#6740,#6741,#6742);
#6744=PLANE('',#6743);
#6746=ORIENTED_EDGE('',*,*,#6745,.F.);
#6748=ORIENTED_EDGE('',*,*,#6747,.F.);
#6749=ORIENTED_EDGE('',*,*,#4352,.F.);
#6751=ORIENTED_EDGE('',*,*,#6750,.F.);
#6752=ORIENTED_EDGE('',*,*,#4067,.F.);
#6753=EDGE_LOOP('',(#6746,#6748,#6749,#6751,#6752));
#6754=FACE_OUTER_BOUND('',#6753,.F.);
#6756=ORIENTED_EDGE('',*,*,#6755,.T.);
#6758=ORIENTED_EDGE('',*,*,#6757,.T.);
#6759=EDGE_LOOP('',(#6756,#6758));
#6760=FACE_BOUND('',#6759,.F.);
#6762=CARTESIAN_POINT('',(-2.85E1,7.5E0,-1.9E1));
#6763=DIRECTION('',(-1.E0,0.E0,0.E0));
#6764=DIRECTION('',(0.E0,1.E0,0.E0));
#6765=AXIS2_PLACEMENT_3D('',#6762,#6763,#6764);
#6766=CYLINDRICAL_SURFACE('',#6765,5.1E0);
#6767=ORIENTED_EDGE('',*,*,#6755,.F.);
#6769=ORIENTED_EDGE('',*,*,#6768,.T.);
#6771=ORIENTED_EDGE('',*,*,#6770,.T.);
#6773=ORIENTED_EDGE('',*,*,#6772,.F.);
#6774=EDGE_LOOP('',(#6767,#6769,#6771,#6773));
#6775=FACE_OUTER_BOUND('',#6774,.F.);
#6777=ORIENTED_EDGE('',*,*,#6776,.F.);
#6779=ORIENTED_EDGE('',*,*,#6778,.F.);
#6780=EDGE_LOOP('',(#6777,#6779));
#6781=FACE_BOUND('',#6780,.F.);
#6783=CARTESIAN_POINT('',(-2.85E1,7.5E0,-1.9E1));
#6784=DIRECTION('',(-1.E0,0.E0,0.E0));
#6785=DIRECTION('',(0.E0,1.E0,0.E0));
#6786=AXIS2_PLACEMENT_3D('',#6783,#6784,#6785);
#6787=CYLINDRICAL_SURFACE('',#6786,5.1E0);
#6788=ORIENTED_EDGE('',*,*,#6757,.F.);
#6789=ORIENTED_EDGE('',*,*,#6772,.T.);
#6791=ORIENTED_EDGE('',*,*,#6790,.T.);
#6792=ORIENTED_EDGE('',*,*,#6768,.F.);
#6793=EDGE_LOOP('',(#6788,#6789,#6791,#6792));
#6794=FACE_OUTER_BOUND('',#6793,.F.);
#6796=CARTESIAN_POINT('',(-1.65E1,0.E0,0.E0));
#6797=DIRECTION('',(-1.E0,0.E0,0.E0));
#6798=DIRECTION('',(0.E0,1.E0,0.E0));
#6799=AXIS2_PLACEMENT_3D('',#6796,#6797,#6798);
#6800=PLANE('',#6799);
#6801=ORIENTED_EDGE('',*,*,#6770,.F.);
#6802=ORIENTED_EDGE('',*,*,#6790,.F.);
#6803=EDGE_LOOP('',(#6801,#6802));
#6804=FACE_OUTER_BOUND('',#6803,.F.);
#6806=ORIENTED_EDGE('',*,*,#6805,.T.);
#6808=ORIENTED_EDGE('',*,*,#6807,.T.);
#6809=EDGE_LOOP('',(#6806,#6808));
#6810=FACE_BOUND('',#6809,.F.);
#6812=CARTESIAN_POINT('',(-1.65E1,0.E0,0.E0));
#6813=DIRECTION('',(-1.E0,0.E0,0.E0));
#6814=DIRECTION('',(0.E0,1.E0,0.E0));
#6815=AXIS2_PLACEMENT_3D('',#6812,#6813,#6814);
#6816=PLANE('',#6815);
#6818=ORIENTED_EDGE('',*,*,#6817,.F.);
#6820=ORIENTED_EDGE('',*,*,#6819,.F.);
#6821=EDGE_LOOP('',(#6818,#6820));
#6822=FACE_OUTER_BOUND('',#6821,.F.);
#6824=ORIENTED_EDGE('',*,*,#6823,.T.);
#6826=ORIENTED_EDGE('',*,*,#6825,.T.);
#6827=EDGE_LOOP('',(#6824,#6826));
#6828=FACE_BOUND('',#6827,.F.);
#6830=CARTESIAN_POINT('',(-1.65E1,0.E0,0.E0));
#6831=DIRECTION('',(-1.E0,0.E0,0.E0));
#6832=DIRECTION('',(0.E0,1.E0,0.E0));
#6833=AXIS2_PLACEMENT_3D('',#6830,#6831,#6832);
#6834=PLANE('',#6833);
#6836=ORIENTED_EDGE('',*,*,#6835,.F.);
#6838=ORIENTED_EDGE('',*,*,#6837,.F.);
#6839=EDGE_LOOP('',(#6836,#6838));
#6840=FACE_OUTER_BOUND('',#6839,.F.);
#6842=ORIENTED_EDGE('',*,*,#6841,.T.);
#6844=ORIENTED_EDGE('',*,*,#6843,.T.);
#6845=EDGE_LOOP('',(#6842,#6844));
#6846=FACE_BOUND('',#6845,.F.);
#6848=CARTESIAN_POINT('',(-1.65E1,0.E0,0.E0));
#6849=DIRECTION('',(-1.E0,0.E0,0.E0));
#6850=DIRECTION('',(0.E0,1.E0,0.E0));
#6851=AXIS2_PLACEMENT_3D('',#6848,#6849,#6850);
#6852=PLANE('',#6851);
#6854=ORIENTED_EDGE('',*,*,#6853,.F.);
#6856=ORIENTED_EDGE('',*,*,#6855,.F.);
#6857=EDGE_LOOP('',(#6854,#6856));
#6858=FACE_OUTER_BOUND('',#6857,.F.);
#6860=ORIENTED_EDGE('',*,*,#6859,.T.);
#6862=ORIENTED_EDGE('',*,*,#6861,.T.);
#6863=EDGE_LOOP('',(#6860,#6862));
#6864=FACE_BOUND('',#6863,.F.);
#6866=CARTESIAN_POINT('',(-2.85E1,7.5E0,2.600835173882E1));
#6867=DIRECTION('',(-1.E0,0.E0,0.E0));
#6868=DIRECTION('',(0.E0,1.E0,0.E0));
#6869=AXIS2_PLACEMENT_3D('',#6866,#6867,#6868);
#6870=CYLINDRICAL_SURFACE('',#6869,5.1E0);
#6871=ORIENTED_EDGE('',*,*,#6733,.F.);
#6873=ORIENTED_EDGE('',*,*,#6872,.T.);
#6874=ORIENTED_EDGE('',*,*,#6817,.T.);
#6876=ORIENTED_EDGE('',*,*,#6875,.F.);
#6877=EDGE_LOOP('',(#6871,#6873,#6874,#6876));
#6878=FACE_OUTER_BOUND('',#6877,.F.);
#6880=CARTESIAN_POINT('',(-2.85E1,7.5E0,2.600835173882E1));
#6881=DIRECTION('',(-1.E0,0.E0,0.E0));
#6882=DIRECTION('',(0.E0,1.E0,0.E0));
#6883=AXIS2_PLACEMENT_3D('',#6880,#6881,#6882);
#6884=CYLINDRICAL_SURFACE('',#6883,5.1E0);
#6885=ORIENTED_EDGE('',*,*,#6735,.F.);
#6886=ORIENTED_EDGE('',*,*,#6875,.T.);
#6887=ORIENTED_EDGE('',*,*,#6819,.T.);
#6888=ORIENTED_EDGE('',*,*,#6872,.F.);
#6889=EDGE_LOOP('',(#6885,#6886,#6887,#6888));
#6890=FACE_OUTER_BOUND('',#6889,.F.);
#6892=ORIENTED_EDGE('',*,*,#6891,.F.);
#6894=ORIENTED_EDGE('',*,*,#6893,.F.);
#6895=EDGE_LOOP('',(#6892,#6894));
#6896=FACE_BOUND('',#6895,.F.);
#6898=CARTESIAN_POINT('',(-2.375E1,7.5E0,3.350835173882E1));
#6899=DIRECTION('',(0.E0,0.E0,1.E0));
#6900=DIRECTION('',(0.E0,1.E0,0.E0));
#6901=AXIS2_PLACEMENT_3D('',#6898,#6899,#6900);
#6902=CYLINDRICAL_SURFACE('',#6901,1.25E0);
#6904=ORIENTED_EDGE('',*,*,#6903,.F.);
#6906=ORIENTED_EDGE('',*,*,#6905,.T.);
#6907=ORIENTED_EDGE('',*,*,#6891,.T.);
#6909=ORIENTED_EDGE('',*,*,#6908,.F.);
#6910=EDGE_LOOP('',(#6904,#6906,#6907,#6909));
#6911=FACE_OUTER_BOUND('',#6910,.F.);
#6913=CARTESIAN_POINT('',(-2.65E1,0.E0,3.350835173882E1));
#6914=DIRECTION('',(0.E0,0.E0,1.E0));
#6915=DIRECTION('',(0.E0,1.E0,0.E0));
#6916=AXIS2_PLACEMENT_3D('',#6913,#6914,#6915);
#6917=PLANE('',#6916);
#6919=ORIENTED_EDGE('',*,*,#6918,.T.);
#6921=ORIENTED_EDGE('',*,*,#6920,.F.);
#6922=ORIENTED_EDGE('',*,*,#6634,.F.);
#6923=ORIENTED_EDGE('',*,*,#6670,.F.);
#6924=ORIENTED_EDGE('',*,*,#6729,.T.);
#6925=ORIENTED_EDGE('',*,*,#4334,.F.);
#6926=ORIENTED_EDGE('',*,*,#5202,.T.);
#6927=EDGE_LOOP('',(#6919,#6921,#6922,#6923,#6924,#6925,#6926));
#6928=FACE_OUTER_BOUND('',#6927,.F.);
#6929=ORIENTED_EDGE('',*,*,#6903,.T.);
#6931=ORIENTED_EDGE('',*,*,#6930,.T.);
#6932=EDGE_LOOP('',(#6929,#6931));
#6933=FACE_BOUND('',#6932,.F.);
#6935=CARTESIAN_POINT('',(-2.65E1,0.E0,3.350835173882E1));
#6936=DIRECTION('',(0.E0,0.E0,1.E0));
#6937=DIRECTION('',(0.E0,1.E0,0.E0));
#6938=AXIS2_PLACEMENT_3D('',#6935,#6936,#6937);
#6939=PLANE('',#6938);
#6940=ORIENTED_EDGE('',*,*,#6653,.F.);
#6942=ORIENTED_EDGE('',*,*,#6941,.F.);
#6944=ORIENTED_EDGE('',*,*,#6943,.T.);
#6945=ORIENTED_EDGE('',*,*,#5198,.T.);
#6946=ORIENTED_EDGE('',*,*,#5270,.T.);
#6947=ORIENTED_EDGE('',*,*,#6682,.T.);
#6949=ORIENTED_EDGE('',*,*,#6948,.F.);
#6950=EDGE_LOOP('',(#6940,#6942,#6944,#6945,#6946,#6947,#6949));
#6951=FACE_OUTER_BOUND('',#6950,.F.);
#6953=ORIENTED_EDGE('',*,*,#6952,.T.);
#6955=ORIENTED_EDGE('',*,*,#6954,.T.);
#6956=EDGE_LOOP('',(#6953,#6955));
#6957=FACE_BOUND('',#6956,.F.);
#6959=CARTESIAN_POINT('',(-2.65E1,3.975E1,9.391809742004E1));
#6960=DIRECTION('',(-1.E0,0.E0,0.E0));
#6961=DIRECTION('',(0.E0,1.E0,0.E0));
#6962=AXIS2_PLACEMENT_3D('',#6959,#6960,#6961);
#6963=CYLINDRICAL_SURFACE('',#6962,6.5E1);
#6965=ORIENTED_EDGE('',*,*,#6964,.T.);
#6966=ORIENTED_EDGE('',*,*,#6918,.F.);
#6967=ORIENTED_EDGE('',*,*,#5200,.F.);
#6968=ORIENTED_EDGE('',*,*,#6943,.F.);
#6970=ORIENTED_EDGE('',*,*,#6969,.T.);
#6972=ORIENTED_EDGE('',*,*,#6971,.T.);
#6974=ORIENTED_EDGE('',*,*,#6973,.T.);
#6976=ORIENTED_EDGE('',*,*,#6975,.F.);
#6978=ORIENTED_EDGE('',*,*,#6977,.F.);
#6980=ORIENTED_EDGE('',*,*,#6979,.F.);
#6982=ORIENTED_EDGE('',*,*,#6981,.T.);
#6984=ORIENTED_EDGE('',*,*,#6983,.T.);
#6986=ORIENTED_EDGE('',*,*,#6985,.T.);
#6987=ORIENTED_EDGE('',*,*,#6193,.T.);
#6988=ORIENTED_EDGE('',*,*,#6208,.T.);
#6989=ORIENTED_EDGE('',*,*,#6239,.F.);
#6991=ORIENTED_EDGE('',*,*,#6990,.F.);
#6992=ORIENTED_EDGE('',*,*,#6436,.F.);
#6993=ORIENTED_EDGE('',*,*,#6465,.T.);
#6994=ORIENTED_EDGE('',*,*,#6524,.T.);
#6995=EDGE_LOOP('',(#6965,#6966,#6967,#6968,#6970,#6972,#6974,#6976,#6978,#6980,
#6982,#6984,#6986,#6987,#6988,#6989,#6991,#6992,#6993,#6994));
#6996=FACE_OUTER_BOUND('',#6995,.F.);
#6998=CARTESIAN_POINT('',(-1.55E1,3.975E1,9.391809742004E1));
#6999=DIRECTION('',(-1.E0,0.E0,0.E0));
#7000=DIRECTION('',(0.E0,-6.220632235391E-1,-7.829670145799E-1));
#7001=AXIS2_PLACEMENT_3D('',#6998,#6999,#7000);
#7002=TOROIDAL_SURFACE('',#7001,6.599999999848E1,1.E0);
#7003=ORIENTED_EDGE('',*,*,#6964,.F.);
#7004=ORIENTED_EDGE('',*,*,#6522,.F.);
#7005=ORIENTED_EDGE('',*,*,#6636,.T.);
#7006=ORIENTED_EDGE('',*,*,#6920,.T.);
#7007=EDGE_LOOP('',(#7003,#7004,#7005,#7006));
#7008=FACE_OUTER_BOUND('',#7007,.F.);
#7010=CARTESIAN_POINT('',(-1.55E1,3.975E1,9.391809742004E1));
#7011=DIRECTION('',(-1.E0,0.E0,0.E0));
#7012=DIRECTION('',(0.E0,6.220625385428E-1,-7.829675588054E-1));
#7013=AXIS2_PLACEMENT_3D('',#7010,#7011,#7012);
#7014=TOROIDAL_SURFACE('',#7013,6.599999999885E1,1.E0);
#7015=ORIENTED_EDGE('',*,*,#6651,.T.);
#7017=ORIENTED_EDGE('',*,*,#7016,.T.);
#7018=ORIENTED_EDGE('',*,*,#6969,.F.);
#7019=ORIENTED_EDGE('',*,*,#6941,.T.);
#7020=EDGE_LOOP('',(#7015,#7017,#7018,#7019));
#7021=FACE_OUTER_BOUND('',#7020,.F.);
#7023=CARTESIAN_POINT('',(-1.645716814151E1,7.940453867504E1,4.081068091399E1));
#7024=CARTESIAN_POINT('',(-1.645929335844E1,7.945202851807E1,4.084614413876E1));
#7025=CARTESIAN_POINT('',(-1.646734192241E1,7.981310222126E1,4.111652381947E1));
#7026=CARTESIAN_POINT('',(-1.636951451682E1,8.047305329006E1,4.162110935434E1));
#7027=CARTESIAN_POINT('',(-1.597455506359E1,8.132571690360E1,4.229578465167E1));
#7028=CARTESIAN_POINT('',(-1.535292605800E1,8.206739283096E1,4.290096282585E1));
#7029=CARTESIAN_POINT('',(-1.455125299547E1,8.265915359638E1,4.339669851907E1));
#7030=CARTESIAN_POINT('',(-1.363368635379E1,8.308398193350E1,4.375962401435E1));
#7031=CARTESIAN_POINT('',(-1.261296145365E1,8.335497183937E1,4.399420160550E1));
#7032=CARTESIAN_POINT('',(-1.182541373316E1,8.342455041028E1,4.405491297537E1));
#7033=CARTESIAN_POINT('',(-1.138256033620E1,8.341856369603E1,4.404969024751E1));
#7034=CARTESIAN_POINT('',(-1.132392749372E1,8.341697148322E1,4.404830090296E1));
#7035=CARTESIAN_POINT('',(-1.670579358912E1,7.888437686472E1,4.149177217635E1));
#7036=CARTESIAN_POINT('',(-1.670802533476E1,7.893373546295E1,4.152862434059E1));
#7037=CARTESIAN_POINT('',(-1.671647837937E1,7.930901028652E1,4.180961222013E1));
#7038=CARTESIAN_POINT('',(-1.661376383804E1,7.999479599581E1,4.233427173817E1));
#7039=CARTESIAN_POINT('',(-1.619902275380E1,8.088053578815E1,4.303636192398E1));
#7040=CARTESIAN_POINT('',(-1.554621461755E1,8.165069278562E1,4.366654485085E1));
#7041=CARTESIAN_POINT('',(-1.470431740213E1,8.226494463940E1,4.418302318775E1));
#7042=CARTESIAN_POINT('',(-1.374071542725E1,8.270578211594E1,4.456126423406E1));
#7043=CARTESIAN_POINT('',(-1.266878691590E1,8.298692115214E1,4.480579462479E1));
#7044=CARTESIAN_POINT('',(-1.184173648512E1,8.305909794949E1,4.486909150798E1));
#7045=CARTESIAN_POINT('',(-1.137666957197E1,8.305288590354E1,4.486364530102E1));
#7046=CARTESIAN_POINT('',(-1.131509569771E1,8.305123386757E1,4.486219673394E1));
#7047=CARTESIAN_POINT('',(-1.607521952654E1,7.852458769392E1,4.201060766861E1));
#7048=CARTESIAN_POINT('',(-1.607718108969E1,7.856758350216E1,4.204272401368E1));
#7049=CARTESIAN_POINT('',(-1.608460827392E1,7.889449841916E1,4.228756063067E1));
#7050=CARTESIAN_POINT('',(-1.599428868680E1,7.949218351531E1,4.274409518562E1));
#7051=CARTESIAN_POINT('',(-1.562971858684E1,8.026481642389E1,4.335372930187E1));
#7052=CARTESIAN_POINT('',(-1.505598824122E1,8.093727891919E1,4.389999471805E1));
#7053=CARTESIAN_POINT('',(-1.431610917297E1,8.147413821089E1,4.434711288912E1));
#7054=CARTESIAN_POINT('',(-1.346926389919E1,8.185974209378E1,4.467426630512E1));
#7055=CARTESIAN_POINT('',(-1.252720008776E1,8.210579816636E1,4.488564859011E1));
#7056=CARTESIAN_POINT('',(-1.180033805178E1,8.216898534023E1,4.494034347409E1));
#7057=CARTESIAN_POINT('',(-1.139160996995E1,8.216355100679E1,4.493563977970E1));
#7058=CARTESIAN_POINT('',(-1.133749526116E1,8.216210555819E1,4.493438819425E1));
#7059=CARTESIAN_POINT('',(-1.521881334987E1,7.869796561715E1,4.182959757429E1));
#7060=CARTESIAN_POINT('',(-1.522040796810E1,7.873295987567E1,4.185576034617E1));
#7061=CARTESIAN_POINT('',(-1.522644189306E1,7.899906182919E1,4.205514425991E1));
#7062=CARTESIAN_POINT('',(-1.515295635601E1,7.948599624077E1,4.242594237872E1));
#7063=CARTESIAN_POINT('',(-1.485652534291E1,8.011653455647E1,4.291904754250E1));
#7064=CARTESIAN_POINT('',(-1.439019349710E1,8.066635283844E1,4.335942405794E1));
#7065=CARTESIAN_POINT('',(-1.378886908332E1,8.110612598531E1,4.371894657845E1));
#7066=CARTESIAN_POINT('',(-1.310059544439E1,8.142248366148E1,4.398154347548E1));
#7067=CARTESIAN_POINT('',(-1.233490573036E1,8.162457578248E1,4.415102305829E1));
#7068=CARTESIAN_POINT('',(-1.174411329387E1,8.167650005397E1,4.419484136585E1));
#7069=CARTESIAN_POINT('',(-1.141190108224E1,8.167204065280E1,4.419107682355E1));
#7070=CARTESIAN_POINT('',(-1.136791694456E1,8.167085414722E1,4.419007432197E1));
#7071=(BOUNDED_SURFACE()B_SPLINE_SURFACE(3,3,((#7023,#7024,#7025,#7026,#7027,
#7028,#7029,#7030,#7031,#7032,#7033,#7034),(#7035,#7036,#7037,#7038,#7039,#7040,
#7041,#7042,#7043,#7044,#7045,#7046),(#7047,#7048,#7049,#7050,#7051,#7052,#7053,
#7054,#7055,#7056,#7057,#7058),(#7059,#7060,#7061,#7062,#7063,#7064,#7065,#7066,
#7067,#7068,#7069,#7070)),.UNSPECIFIED.,.F.,.F.,.F.)B_SPLINE_SURFACE_WITH_KNOTS(
(4,4),(4,1,1,1,1,1,1,1,1,4),(0.E0,1.E0),(-2.277054437207E-2,0.E0,
1.503139415651E-1,2.947579950372E-1,4.403714308351E-1,5.850813591809E-1,
7.194937331904E-1,8.515527880823E-1,1.E0,1.022685566256E0),.UNSPECIFIED.)GEOMETRIC_REPRESENTATION_ITEM()RATIONAL_B_SPLINE_SURFACE(((1.349594579072E0,
1.349594579072E0,1.349594579072E0,1.349594579072E0,1.349594579072E0,
1.349594579072E0,1.349594579072E0,1.349594579072E0,1.349594579072E0,
1.349594579072E0,1.349594579072E0,1.349594579072E0),(8.834684736427E-1,
8.834684736427E-1,8.834684736427E-1,8.834684736427E-1,8.834684736427E-1,
8.834684736427E-1,8.834684736427E-1,8.834684736427E-1,8.834684736427E-1,
8.834684736427E-1,8.834684736427E-1,8.834684736427E-1),(8.834684736427E-1,
8.834684736427E-1,8.834684736427E-1,8.834684736427E-1,8.834684736427E-1,
8.834684736427E-1,8.834684736427E-1,8.834684736427E-1,8.834684736427E-1,
8.834684736427E-1,8.834684736427E-1,8.834684736427E-1),(1.349594579072E0,
1.349594579072E0,1.349594579072E0,1.349594579072E0,1.349594579072E0,
1.349594579072E0,1.349594579072E0,1.349594579072E0,1.349594579072E0,
1.349594579072E0,1.349594579072E0,1.349594579072E0)))REPRESENTATION_ITEM('')SURFACE());
#7073=ORIENTED_EDGE('',*,*,#7072,.T.);
#7075=ORIENTED_EDGE('',*,*,#7074,.T.);
#7076=ORIENTED_EDGE('',*,*,#6971,.F.);
#7077=ORIENTED_EDGE('',*,*,#7016,.F.);
#7078=EDGE_LOOP('',(#7073,#7075,#7076,#7077));
#7079=FACE_OUTER_BOUND('',#7078,.F.);
#7081=CARTESIAN_POINT('',(-1.15E1,-1.010540242614E2,2.469087556863E2));
#7082=DIRECTION('',(0.E0,6.593035682907E-1,-7.518768548367E-1));
#7083=DIRECTION('',(-1.E0,0.E0,0.E0));
#7084=AXIS2_PLACEMENT_3D('',#7081,#7082,#7083);
#7085=CYLINDRICAL_SURFACE('',#7084,5.E0);
#7087=ORIENTED_EDGE('',*,*,#7086,.F.);
#7089=ORIENTED_EDGE('',*,*,#7088,.F.);
#7090=ORIENTED_EDGE('',*,*,#7072,.F.);
#7091=ORIENTED_EDGE('',*,*,#6649,.T.);
#7092=EDGE_LOOP('',(#7087,#7089,#7090,#7091));
#7093=FACE_OUTER_BOUND('',#7092,.F.);
#7095=CARTESIAN_POINT('',(-1.132505700660E1,8.963050038479E1,3.696581536474E1));
#7096=CARTESIAN_POINT('',(-1.138331610028E1,8.963206214050E1,3.696717907546E1));
#7097=CARTESIAN_POINT('',(-1.183543120664E1,8.963809240635E1,3.697244354040E1));
#7098=CARTESIAN_POINT('',(-1.266875824670E1,8.956304899524E1,3.690691589118E1));
#7099=CARTESIAN_POINT('',(-1.375874064106E1,8.925970981962E1,3.664396664388E1));
#7100=CARTESIAN_POINT('',(-1.471270764528E1,8.878218900330E1,3.623554967565E1));
#7101=CARTESIAN_POINT('',(-1.547530420263E1,8.816651712864E1,3.571896431118E1));
#7102=CARTESIAN_POINT('',(-1.602247611753E1,8.746159592946E1,3.514085114281E1));
#7103=CARTESIAN_POINT('',(-1.637147725590E1,8.667445531328E1,3.451090553146E1));
#7104=CARTESIAN_POINT('',(-1.646107406906E1,8.606224040316E1,3.403437735146E1));
#7105=CARTESIAN_POINT('',(-1.645339593046E1,8.571600412255E1,3.376955938105E1));
#7106=CARTESIAN_POINT('',(-1.645136001264E1,8.567025557416E1,3.373465032540E1));
#7107=CARTESIAN_POINT('',(-1.131551005310E1,9.039724540989E1,3.648387400193E1));
#7108=CARTESIAN_POINT('',(-1.137694846008E1,9.039890445775E1,3.648532865244E1));
#7109=CARTESIAN_POINT('',(-1.185373629229E1,9.040531098691E1,3.649094515587E1));
#7110=CARTESIAN_POINT('',(-1.273253860717E1,9.032561212058E1,3.642105362439E1));
#7111=CARTESIAN_POINT('',(-1.388200706649E1,9.000342731649E1,3.614063412279E1));
#7112=CARTESIAN_POINT('',(-1.488804342461E1,8.949612833949E1,3.570517889808E1));
#7113=CARTESIAN_POINT('',(-1.569226490367E1,8.884187263363E1,3.515458008858E1));
#7114=CARTESIAN_POINT('',(-1.626929210780E1,8.809253841465E1,3.453867096751E1));
#7115=CARTESIAN_POINT('',(-1.663731547859E1,8.725555830291E1,3.386788391533E1));
#7116=CARTESIAN_POINT('',(-1.673178700662E1,8.660439337370E1,3.336078272329E1));
#7117=CARTESIAN_POINT('',(-1.672368908205E1,8.623607023154E1,3.307909308842E1));
#7118=CARTESIAN_POINT('',(-1.672154208722E1,8.618740243983E1,3.304196192433E1));
#7119=CARTESIAN_POINT('',(-1.133789138764E1,9.033564226522E1,3.558057177902E1));
#7120=CARTESIAN_POINT('',(-1.139187639344E1,9.033711805779E1,3.558185160385E1));
#7121=CARTESIAN_POINT('',(-1.181082289106E1,9.034281552028E1,3.558679079877E1));
#7122=CARTESIAN_POINT('',(-1.258301555927E1,9.027187395250E1,3.552528530471E1));
#7123=CARTESIAN_POINT('',(-1.359302827269E1,8.998515561286E1,3.527841552596E1));
#7124=CARTESIAN_POINT('',(-1.447699620032E1,8.953396334960E1,3.489483070587E1));
#7125=CARTESIAN_POINT('',(-1.518363458143E1,8.895251807957E1,3.440938026073E1));
#7126=CARTESIAN_POINT('',(-1.569067074429E1,8.828713295342E1,3.386571426191E1));
#7127=CARTESIAN_POINT('',(-1.601409947577E1,8.754450286716E1,3.327279829079E1));
#7128=CARTESIAN_POINT('',(-1.609714299963E1,8.696718162515E1,3.282380700205E1));
#7129=CARTESIAN_POINT('',(-1.609002919741E1,8.664076603356E1,3.257411726234E1));
#7130=CARTESIAN_POINT('',(-1.608814260519E1,8.659763771610E1,3.254119956016E1));
#7131=CARTESIAN_POINT('',(-1.136860596234E1,8.951063476116E1,3.520819593081E1));
#7132=CARTESIAN_POINT('',(-1.141236244282E1,8.951183994402E1,3.520921947078E1));
#7133=CARTESIAN_POINT('',(-1.175193154721E1,8.951649052838E1,3.521316604835E1));
#7134=CARTESIAN_POINT('',(-1.237782060906E1,8.945848681641E1,3.516395570905E1));
#7135=CARTESIAN_POINT('',(-1.319645403189E1,8.922415726526E1,3.496628654564E1));
#7136=CARTESIAN_POINT('',(-1.391290380184E1,8.885580727564E1,3.465879751591E1));
#7137=CARTESIAN_POINT('',(-1.448562597936E1,8.838180784876E1,3.426897596136E1));
#7138=CARTESIAN_POINT('',(-1.489661134317E1,8.784023237517E1,3.383143137836E1));
#7139=CARTESIAN_POINT('',(-1.515884151750E1,8.723667531957E1,3.335300507246E1));
#7140=CARTESIAN_POINT('',(-1.522620204946E1,8.676814332798E1,3.298954546768E1));
#7141=CARTESIAN_POINT('',(-1.522043878777E1,8.650344955158E1,3.278699197108E1));
#7142=CARTESIAN_POINT('',(-1.521890955386E1,8.646847955254E1,3.276028134819E1));
#7143=(BOUNDED_SURFACE()B_SPLINE_SURFACE(3,3,((#7095,#7096,#7097,#7098,#7099,
#7100,#7101,#7102,#7103,#7104,#7105,#7106),(#7107,#7108,#7109,#7110,#7111,#7112,
#7113,#7114,#7115,#7116,#7117,#7118),(#7119,#7120,#7121,#7122,#7123,#7124,#7125,
#7126,#7127,#7128,#7129,#7130),(#7131,#7132,#7133,#7134,#7135,#7136,#7137,#7138,
#7139,#7140,#7141,#7142)),.UNSPECIFIED.,.F.,.F.,.F.)B_SPLINE_SURFACE_WITH_KNOTS(
(4,4),(4,1,1,1,1,1,1,1,1,4),(0.E0,1.E0),(-2.247711634042E-2,0.E0,
1.517476966449E-1,2.974920848055E-1,4.442755532764E-1,5.889402570747E-1,
7.223084225493E-1,8.531169748255E-1,1.E0,1.022372051191E0),.UNSPECIFIED.)GEOMETRIC_REPRESENTATION_ITEM()RATIONAL_B_SPLINE_SURFACE(((1.357878719340E0,
1.357878719340E0,1.357878719340E0,1.357878719340E0,1.357878719340E0,
1.357878719340E0,1.357878719340E0,1.357878719340E0,1.357878719340E0,
1.357878719340E0,1.357878719340E0,1.357878719340E0),(8.807070935532E-1,
8.807070935532E-1,8.807070935532E-1,8.807070935532E-1,8.807070935532E-1,
8.807070935532E-1,8.807070935532E-1,8.807070935532E-1,8.807070935532E-1,
8.807070935532E-1,8.807070935532E-1,8.807070935532E-1),(8.807070935532E-1,
8.807070935532E-1,8.807070935532E-1,8.807070935532E-1,8.807070935532E-1,
8.807070935532E-1,8.807070935532E-1,8.807070935532E-1,8.807070935532E-1,
8.807070935532E-1,8.807070935532E-1,8.807070935532E-1),(1.357878719340E0,
1.357878719340E0,1.357878719340E0,1.357878719340E0,1.357878719340E0,
1.357878719340E0,1.357878719340E0,1.357878719340E0,1.357878719340E0,
1.357878719340E0,1.357878719340E0,1.357878719340E0)))REPRESENTATION_ITEM('')SURFACE());
#7144=ORIENTED_EDGE('',*,*,#7086,.T.);
#7146=ORIENTED_EDGE('',*,*,#7145,.T.);
#7147=ORIENTED_EDGE('',*,*,#5887,.F.);
#7149=ORIENTED_EDGE('',*,*,#7148,.F.);
#7150=EDGE_LOOP('',(#7144,#7146,#7147,#7149));
#7151=FACE_OUTER_BOUND('',#7150,.F.);
#7153=CARTESIAN_POINT('',(-1.55E1,3.975E1,9.391809742004E1));
#7154=DIRECTION('',(1.E0,0.E0,0.E0));
#7155=DIRECTION('',(0.E0,6.216882562591E-1,-7.832647777282E-1));
#7156=AXIS2_PLACEMENT_3D('',#7153,#7154,#7155);
#7157=TOROIDAL_SURFACE('',#7156,7.599999999870E1,1.E0);
#7158=ORIENTED_EDGE('',*,*,#5878,.F.);
#7159=ORIENTED_EDGE('',*,*,#7145,.F.);
#7160=ORIENTED_EDGE('',*,*,#6647,.T.);
#7161=ORIENTED_EDGE('',*,*,#5378,.T.);
#7162=EDGE_LOOP('',(#7158,#7159,#7160,#7161));
#7163=FACE_OUTER_BOUND('',#7162,.F.);
#7165=CARTESIAN_POINT('',(2.186842585670E1,8.910085662402E1,3.612109965653E1));
#7166=DIRECTION('',(-1.E0,0.E0,0.E0));
#7167=DIRECTION('',(0.E0,7.518768548368E-1,6.593035682907E-1));
#7168=AXIS2_PLACEMENT_3D('',#7165,#7166,#7167);
#7169=CYLINDRICAL_SURFACE('',#7168,1.E0);
#7171=ORIENTED_EDGE('',*,*,#7170,.T.);
#7172=ORIENTED_EDGE('',*,*,#7148,.T.);
#7173=ORIENTED_EDGE('',*,*,#5885,.F.);
#7175=ORIENTED_EDGE('',*,*,#7174,.F.);
#7176=EDGE_LOOP('',(#7171,#7172,#7173,#7175));
#7177=FACE_OUTER_BOUND('',#7176,.F.);
#7179=CARTESIAN_POINT('',(2.65E1,9.051637475838E1,3.602357959761E1));
#7180=DIRECTION('',(0.E0,7.518768548367E-1,6.593035682907E-1));
#7181=DIRECTION('',(0.E0,-6.593035682907E-1,7.518768548367E-1));
#7182=AXIS2_PLACEMENT_3D('',#7179,#7180,#7181);
#7183=PLANE('',#7182);
#7184=ORIENTED_EDGE('',*,*,#7170,.F.);
#7186=ORIENTED_EDGE('',*,*,#7185,.T.);
#7188=ORIENTED_EDGE('',*,*,#7187,.F.);
#7190=ORIENTED_EDGE('',*,*,#7189,.F.);
#7192=ORIENTED_EDGE('',*,*,#7191,.F.);
#7194=ORIENTED_EDGE('',*,*,#7193,.F.);
#7196=ORIENTED_EDGE('',*,*,#7195,.F.);
#7197=ORIENTED_EDGE('',*,*,#7088,.T.);
#7198=EDGE_LOOP('',(#7184,#7186,#7188,#7190,#7192,#7194,#7196,#7197));
#7199=FACE_OUTER_BOUND('',#7198,.F.);
#7201=CARTESIAN_POINT('',(2.15E1,2.664396359405E2,-1.721849527271E2));
#7202=DIRECTION('',(0.E0,-6.593035682907E-1,7.518768548367E-1));
#7203=DIRECTION('',(1.E0,0.E0,0.E0));
#7204=AXIS2_PLACEMENT_3D('',#7201,#7202,#7203);
#7205=CYLINDRICAL_SURFACE('',#7204,5.E0);
#7207=ORIENTED_EDGE('',*,*,#7206,.F.);
#7209=ORIENTED_EDGE('',*,*,#7208,.T.);
#7211=ORIENTED_EDGE('',*,*,#7210,.F.);
#7212=ORIENTED_EDGE('',*,*,#7185,.F.);
#7213=EDGE_LOOP('',(#7207,#7209,#7211,#7212));
#7214=FACE_OUTER_BOUND('',#7213,.F.);
#7216=CARTESIAN_POINT('',(2.645136671940E1,8.567012217966E1,3.373451517231E1));
#7217=CARTESIAN_POINT('',(2.645340465757E1,8.571592251216E1,3.376946368691E1));
#7218=CARTESIAN_POINT('',(2.646127146247E1,8.607085629449E1,3.404093402087E1));
#7219=CARTESIAN_POINT('',(2.636341617453E1,8.672085815488E1,3.454709693264E1));
#7220=CARTESIAN_POINT('',(2.596779060950E1,8.756322606861E1,3.522283651636E1));
#7221=CARTESIAN_POINT('',(2.534568631842E1,8.829622058137E1,3.582672889944E1));
#7222=CARTESIAN_POINT('',(2.454477125946E1,8.888095105219E1,3.631958724100E1));
#7223=CARTESIAN_POINT('',(2.362932333139E1,8.930085621389E1,3.667956356263E1));
#7224=CARTESIAN_POINT('',(2.261103855679E1,8.956904715604E1,3.691212151040E1));
#7225=CARTESIAN_POINT('',(2.182515151584E1,8.963798029346E1,3.697231061997E1));
#7226=CARTESIAN_POINT('',(2.138343142651E1,8.963208494726E1,3.696716395823E1));
#7227=CARTESIAN_POINT('',(2.132523387191E1,8.963052445074E1,3.696580137286E1));
#7228=CARTESIAN_POINT('',(2.672151934977E1,8.618725441044E1,3.304182788441E1));
#7229=CARTESIAN_POINT('',(2.672366854374E1,8.623597701573E1,3.307900079775E1));
#7230=CARTESIAN_POINT('',(2.673196591984E1,8.661355035066E1,3.336776492369E1));
#7231=CARTESIAN_POINT('',(2.662878672064E1,8.730489955510E1,3.390640478533E1));
#7232=CARTESIAN_POINT('',(2.621159809699E1,8.820057589483E1,3.462598830862E1));
#7233=CARTESIAN_POINT('',(2.555554962622E1,8.897970155149E1,3.526941688752E1));
#7234=CARTESIAN_POINT('',(2.471092212981E1,8.960103146536E1,3.579476634923E1));
#7235=CARTESIAN_POINT('',(2.374551390176E1,9.004710280840E1,3.617858679641E1));
#7236=CARTESIAN_POINT('',(2.267166246595E1,9.033195272382E1,3.642659578428E1));
#7237=CARTESIAN_POINT('',(2.184289365634E1,9.040516157452E1,3.649079250840E1));
#7238=CARTESIAN_POINT('',(2.137707078324E1,9.039889881219E1,3.648530205835E1));
#7239=CARTESIAN_POINT('',(2.131569762582E1,9.039724117555E1,3.648384866918E1));
#7240=CARTESIAN_POINT('',(2.608812425005E1,8.659749456839E1,3.254109634245E1));
#7241=CARTESIAN_POINT('',(2.609001259562E1,8.664067145043E1,3.257405107777E1));
#7242=CARTESIAN_POINT('',(2.609730046208E1,8.697528468684E1,3.283001175614E1));
#7243=CARTESIAN_POINT('',(2.600660361145E1,8.758823979590E1,3.330691407106E1));
#7244=CARTESIAN_POINT('',(2.563997135532E1,8.838300337006E1,3.394287280280E1));
#7245=CARTESIAN_POINT('',(2.506350781049E1,8.907495153480E1,3.451069213905E1));
#7246=CARTESIAN_POINT('',(2.432136772514E1,8.962723407199E1,3.497377937237E1));
#7247=CARTESIAN_POINT('',(2.347309553661E1,9.002400961309E1,3.531184455669E1));
#7248=CARTESIAN_POINT('',(2.252952471613E1,9.027750626522E1,3.553017801121E1));
#7249=CARTESIAN_POINT('',(2.180129574617E1,9.034267158736E1,3.558667283485E1));
#7250=CARTESIAN_POINT('',(2.139198383544E1,9.033710104886E1,3.558184369335E1));
#7251=CARTESIAN_POINT('',(2.133805614048E1,9.033562635952E1,3.558056485543E1));
#7252=CARTESIAN_POINT('',(2.521890939383E1,8.646836562696E1,3.276019399850E1));
#7253=CARTESIAN_POINT('',(2.522043977436E1,8.650337511619E1,3.278693480137E1));
#7254=CARTESIAN_POINT('',(2.522634227995E1,8.677471733280E1,3.299457633513E1));
#7255=CARTESIAN_POINT('',(2.515277508953E1,8.727218031629E1,3.338061060722E1));
#7256=CARTESIAN_POINT('',(2.485552187618E1,8.791819262634E1,3.389363344907E1));
#7257=CARTESIAN_POINT('',(2.438827357470E1,8.848155756889E1,3.435040570915E1));
#7258=CARTESIAN_POINT('',(2.378677805751E1,8.893193596588E1,3.472211448776E1));
#7259=CARTESIAN_POINT('',(2.309925290632E1,8.925592157870E1,3.499306042550E1));
#7260=CARTESIAN_POINT('',(2.233446756486E1,8.946310548269E1,3.516787585444E1));
#7261=CARTESIAN_POINT('',(2.174421049004E1,8.951638755855E1,3.521307864083E1));
#7262=CARTESIAN_POINT('',(2.141244917615E1,8.951183913834E1,3.520921875027E1));
#7263=CARTESIAN_POINT('',(2.136873896881E1,8.951063461986E1,3.520819580594E1));
#7264=(BOUNDED_SURFACE()B_SPLINE_SURFACE(3,3,((#7216,#7217,#7218,#7219,#7220,
#7221,#7222,#7223,#7224,#7225,#7226,#7227),(#7228,#7229,#7230,#7231,#7232,#7233,
#7234,#7235,#7236,#7237,#7238,#7239),(#7240,#7241,#7242,#7243,#7244,#7245,#7246,
#7247,#7248,#7249,#7250,#7251),(#7252,#7253,#7254,#7255,#7256,#7257,#7258,#7259,
#7260,#7261,#7262,#7263)),.UNSPECIFIED.,.F.,.F.,.F.)B_SPLINE_SURFACE_WITH_KNOTS(
(4,4),(4,1,1,1,1,1,1,1,1,4),(0.E0,1.E0),(-2.239261994343E-2,0.E0,
1.510856791850E-1,2.962446908913E-1,4.423248318924E-1,5.868576200147E-1,
7.207141644358E-1,8.522120633971E-1,1.E0,1.022458053452E0),.UNSPECIFIED.)GEOMETRIC_REPRESENTATION_ITEM()RATIONAL_B_SPLINE_SURFACE(((1.357867516497E0,
1.357867516497E0,1.357867516497E0,1.357867516497E0,1.357867516497E0,
1.357867516497E0,1.357867516497E0,1.357867516497E0,1.357867516497E0,
1.357867516497E0,1.357867516497E0,1.357867516497E0),(8.807108278344E-1,
8.807108278344E-1,8.807108278344E-1,8.807108278344E-1,8.807108278344E-1,
8.807108278344E-1,8.807108278344E-1,8.807108278344E-1,8.807108278344E-1,
8.807108278344E-1,8.807108278344E-1,8.807108278344E-1),(8.807108278344E-1,
8.807108278344E-1,8.807108278344E-1,8.807108278344E-1,8.807108278344E-1,
8.807108278344E-1,8.807108278344E-1,8.807108278344E-1,8.807108278344E-1,
8.807108278344E-1,8.807108278344E-1,8.807108278344E-1),(1.357867516497E0,
1.357867516497E0,1.357867516497E0,1.357867516497E0,1.357867516497E0,
1.357867516497E0,1.357867516497E0,1.357867516497E0,1.357867516497E0,
1.357867516497E0,1.357867516497E0,1.357867516497E0)))REPRESENTATION_ITEM('')SURFACE());
#7265=ORIENTED_EDGE('',*,*,#7206,.T.);
#7266=ORIENTED_EDGE('',*,*,#7174,.T.);
#7267=ORIENTED_EDGE('',*,*,#5883,.F.);
#7269=ORIENTED_EDGE('',*,*,#7268,.F.);
#7270=EDGE_LOOP('',(#7265,#7266,#7267,#7269));
#7271=FACE_OUTER_BOUND('',#7270,.F.);
#7273=CARTESIAN_POINT('',(2.55E1,3.975E1,9.391809742004E1));
#7274=DIRECTION('',(1.E0,0.E0,0.E0));
#7275=DIRECTION('',(0.E0,6.219555481549E-1,-7.830525500369E-1));
#7276=AXIS2_PLACEMENT_3D('',#7273,#7274,#7275);
#7277=TOROIDAL_SURFACE('',#7276,7.599999999870E1,1.E0);
#7279=ORIENTED_EDGE('',*,*,#7278,.T.);
#7280=ORIENTED_EDGE('',*,*,#7268,.T.);
#7281=ORIENTED_EDGE('',*,*,#5881,.F.);
#7282=ORIENTED_EDGE('',*,*,#5400,.T.);
#7284=ORIENTED_EDGE('',*,*,#7283,.T.);
#7285=EDGE_LOOP('',(#7279,#7280,#7281,#7282,#7284));
#7286=FACE_OUTER_BOUND('',#7285,.F.);
#7288=CARTESIAN_POINT('',(2.65E1,0.E0,3.2E1));
#7289=DIRECTION('',(1.E0,0.E0,0.E0));
#7290=DIRECTION('',(0.E0,0.E0,-1.E0));
#7291=AXIS2_PLACEMENT_3D('',#7288,#7289,#7290);
#7292=PLANE('',#7291);
#7294=ORIENTED_EDGE('',*,*,#7293,.F.);
#7295=ORIENTED_EDGE('',*,*,#6136,.F.);
#7297=ORIENTED_EDGE('',*,*,#7296,.F.);
#7298=ORIENTED_EDGE('',*,*,#7208,.F.);
#7299=ORIENTED_EDGE('',*,*,#7278,.F.);
#7301=ORIENTED_EDGE('',*,*,#7300,.F.);
#7303=ORIENTED_EDGE('',*,*,#7302,.T.);
#7304=ORIENTED_EDGE('',*,*,#5274,.T.);
#7305=ORIENTED_EDGE('',*,*,#5170,.T.);
#7306=ORIENTED_EDGE('',*,*,#4366,.T.);
#7308=ORIENTED_EDGE('',*,*,#7307,.F.);
#7309=ORIENTED_EDGE('',*,*,#4276,.F.);
#7311=ORIENTED_EDGE('',*,*,#7310,.T.);
#7312=ORIENTED_EDGE('',*,*,#4358,.T.);
#7314=ORIENTED_EDGE('',*,*,#7313,.T.);
#7316=ORIENTED_EDGE('',*,*,#7315,.F.);
#7317=EDGE_LOOP('',(#7294,#7295,#7297,#7298,#7299,#7301,#7303,#7304,#7305,#7306,
#7308,#7309,#7311,#7312,#7314,#7316));
#7318=FACE_OUTER_BOUND('',#7317,.F.);
#7320=CARTESIAN_POINT('',(2.55E1,3.975E1,9.391809742004E1));
#7321=DIRECTION('',(1.E0,0.E0,0.E0));
#7322=DIRECTION('',(0.E0,-6.217791171896E-1,-7.831926515404E-1));
#7323=AXIS2_PLACEMENT_3D('',#7320,#7321,#7322);
#7324=TOROIDAL_SURFACE('',#7323,7.599999999901E1,1.E0);
#7325=ORIENTED_EDGE('',*,*,#6378,.F.);
#7326=ORIENTED_EDGE('',*,*,#6119,.F.);
#7327=ORIENTED_EDGE('',*,*,#7293,.T.);
#7329=ORIENTED_EDGE('',*,*,#7328,.T.);
#7330=ORIENTED_EDGE('',*,*,#4059,.T.);
#7331=EDGE_LOOP('',(#7325,#7326,#7327,#7329,#7330));
#7332=FACE_OUTER_BOUND('',#7331,.F.);
#7334=CARTESIAN_POINT('',(2.6E1,5.E-1,2.612681381932E2));
#7335=DIRECTION('',(0.E0,0.E0,-1.E0));
#7336=DIRECTION('',(1.E0,0.E0,0.E0));
#7337=AXIS2_PLACEMENT_3D('',#7334,#7335,#7336);
#7338=CYLINDRICAL_SURFACE('',#7337,5.E-1);
#7339=ORIENTED_EDGE('',*,*,#4061,.T.);
#7340=ORIENTED_EDGE('',*,*,#7328,.F.);
#7341=ORIENTED_EDGE('',*,*,#7315,.T.);
#7343=ORIENTED_EDGE('',*,*,#7342,.T.);
#7344=EDGE_LOOP('',(#7339,#7340,#7341,#7343));
#7345=FACE_OUTER_BOUND('',#7344,.F.);
#7347=CARTESIAN_POINT('',(6.5E0,5.E-1,-6.5E0));
#7348=DIRECTION('',(0.E0,-1.E0,0.E0));
#7349=DIRECTION('',(9.998548216622E-1,0.E0,1.703923703614E-2));
#7350=AXIS2_PLACEMENT_3D('',#7347,#7348,#7349);
#7351=TOROIDAL_SURFACE('',#7350,1.95E1,5.E-1);
#7353=ORIENTED_EDGE('',*,*,#7352,.T.);
#7355=ORIENTED_EDGE('',*,*,#7354,.T.);
#7356=ORIENTED_EDGE('',*,*,#4063,.F.);
#7357=ORIENTED_EDGE('',*,*,#7342,.F.);
#7358=EDGE_LOOP('',(#7353,#7355,#7356,#7357));
#7359=FACE_OUTER_BOUND('',#7358,.F.);
#7361=CARTESIAN_POINT('',(6.5E0,2.221396923961E2,-6.5E0));
#7362=DIRECTION('',(0.E0,-1.E0,0.E0));
#7363=DIRECTION('',(0.E0,0.E0,-1.E0));
#7364=AXIS2_PLACEMENT_3D('',#7361,#7362,#7363);
#7365=CYLINDRICAL_SURFACE('',#7364,2.E1);
#7366=ORIENTED_EDGE('',*,*,#7352,.F.);
#7367=ORIENTED_EDGE('',*,*,#7313,.F.);
#7368=ORIENTED_EDGE('',*,*,#4356,.T.);
#7370=ORIENTED_EDGE('',*,*,#7369,.T.);
#7371=EDGE_LOOP('',(#7366,#7367,#7368,#7370));
#7372=FACE_OUTER_BOUND('',#7371,.F.);
#7374=CARTESIAN_POINT('',(0.E0,0.E0,-2.65E1));
#7375=DIRECTION('',(0.E0,0.E0,-1.E0));
#7376=DIRECTION('',(-1.E0,0.E0,0.E0));
#7377=AXIS2_PLACEMENT_3D('',#7374,#7375,#7376);
#7378=PLANE('',#7377);
#7380=ORIENTED_EDGE('',*,*,#7379,.F.);
#7381=ORIENTED_EDGE('',*,*,#7369,.F.);
#7382=ORIENTED_EDGE('',*,*,#4354,.T.);
#7383=ORIENTED_EDGE('',*,*,#6747,.T.);
#7384=EDGE_LOOP('',(#7380,#7381,#7382,#7383));
#7385=FACE_OUTER_BOUND('',#7384,.F.);
#7387=ORIENTED_EDGE('',*,*,#7386,.T.);
#7389=ORIENTED_EDGE('',*,*,#7388,.T.);
#7390=EDGE_LOOP('',(#7387,#7389));
#7391=FACE_BOUND('',#7390,.F.);
#7393=CARTESIAN_POINT('',(6.871531707196E0,5.E-1,-2.6E1));
#7394=DIRECTION('',(-1.E0,0.E0,0.E0));
#7395=DIRECTION('',(0.E0,0.E0,-1.E0));
#7396=AXIS2_PLACEMENT_3D('',#7393,#7394,#7395);
#7397=CYLINDRICAL_SURFACE('',#7396,5.E-1);
#7398=ORIENTED_EDGE('',*,*,#6745,.T.);
#7399=ORIENTED_EDGE('',*,*,#4065,.F.);
#7400=ORIENTED_EDGE('',*,*,#7354,.F.);
#7401=ORIENTED_EDGE('',*,*,#7379,.T.);
#7402=EDGE_LOOP('',(#7398,#7399,#7400,#7401));
#7403=FACE_OUTER_BOUND('',#7402,.F.);
#7405=CARTESIAN_POINT('',(-2.375E1,7.5E0,-2.65E1));
#7406=DIRECTION('',(0.E0,0.E0,-1.E0));
#7407=DIRECTION('',(0.E0,1.E0,0.E0));
#7408=AXIS2_PLACEMENT_3D('',#7405,#7406,#7407);
#7409=CYLINDRICAL_SURFACE('',#7408,1.25E0);
#7410=ORIENTED_EDGE('',*,*,#7386,.F.);
#7412=ORIENTED_EDGE('',*,*,#7411,.T.);
#7413=ORIENTED_EDGE('',*,*,#6776,.T.);
#7415=ORIENTED_EDGE('',*,*,#7414,.F.);
#7416=EDGE_LOOP('',(#7410,#7412,#7413,#7415));
#7417=FACE_OUTER_BOUND('',#7416,.F.);
#7419=CARTESIAN_POINT('',(-2.375E1,7.5E0,-2.65E1));
#7420=DIRECTION('',(0.E0,0.E0,-1.E0));
#7421=DIRECTION('',(0.E0,1.E0,0.E0));
#7422=AXIS2_PLACEMENT_3D('',#7419,#7420,#7421);
#7423=CYLINDRICAL_SURFACE('',#7422,1.25E0);
#7424=ORIENTED_EDGE('',*,*,#7388,.F.);
#7425=ORIENTED_EDGE('',*,*,#7414,.T.);
#7426=ORIENTED_EDGE('',*,*,#6778,.T.);
#7427=ORIENTED_EDGE('',*,*,#7411,.F.);
#7428=EDGE_LOOP('',(#7424,#7425,#7426,#7427));
#7429=FACE_OUTER_BOUND('',#7428,.F.);
#7431=CARTESIAN_POINT('',(2.55E1,3.975E1,9.391809742004E1));
#7432=DIRECTION('',(-1.E0,0.E0,0.E0));
#7433=DIRECTION('',(0.E0,6.225139296621E-1,-7.826087192056E-1));
#7434=AXIS2_PLACEMENT_3D('',#7431,#7432,#7433);
#7435=TOROIDAL_SURFACE('',#7434,6.6E1,1.E0);
#7436=ORIENTED_EDGE('',*,*,#7296,.T.);
#7437=ORIENTED_EDGE('',*,*,#6195,.T.);
#7438=ORIENTED_EDGE('',*,*,#6985,.F.);
#7440=ORIENTED_EDGE('',*,*,#7439,.F.);
#7441=EDGE_LOOP('',(#7436,#7437,#7438,#7440));
#7442=FACE_OUTER_BOUND('',#7441,.F.);
#7444=CARTESIAN_POINT('',(2.132364594749E1,8.341696823887E1,4.404829700297E1));
#7445=CARTESIAN_POINT('',(2.138237518310E1,8.341856359005E1,4.404968910716E1));
#7446=CARTESIAN_POINT('',(2.183493582980E1,8.342468133554E1,4.405502612520E1));
#7447=CARTESIAN_POINT('',(2.266805751299E1,8.334925746565E1,4.398921104217E1));
#7448=CARTESIAN_POINT('',(2.375741884121E1,8.304443574521E1,4.372544116272E1));
#7449=CARTESIAN_POINT('',(2.471160075855E1,8.256404928268E1,4.331610530660E1));
#7450=CARTESIAN_POINT('',(2.547589653586E1,8.194299391123E1,4.279842030406E1));
#7451=CARTESIAN_POINT('',(2.602555494919E1,8.122940441767E1,4.221905372811E1));
#7452=CARTESIAN_POINT('',(2.637680942210E1,8.042998717073E1,4.158809387331E1));
#7453=CARTESIAN_POINT('',(2.646718236001E1,7.980579407328E1,4.111105015417E1));
#7454=CARTESIAN_POINT('',(2.645929209562E1,7.945210945917E1,4.084620396209E1));
#7455=CARTESIAN_POINT('',(2.645716788042E1,7.940466323207E1,4.081077331424E1));
#7456=CARTESIAN_POINT('',(2.131479998798E1,8.305123080285E1,4.486219337971E1));
#7457=CARTESIAN_POINT('',(2.137647510480E1,8.305288615854E1,4.486364487534E1));
#7458=CARTESIAN_POINT('',(2.185173628829E1,8.305923455930E1,4.486921060080E1));
#7459=CARTESIAN_POINT('',(2.272664675390E1,8.298099388877E1,4.480059226268E1));
#7460=CARTESIAN_POINT('',(2.387065545384E1,8.266475415689E1,4.452563268203E1));
#7461=CARTESIAN_POINT('',(2.487271128460E1,8.216624367084E1,4.409904122330E1));
#7462=CARTESIAN_POINT('',(2.567535509030E1,8.152153481032E1,4.355974439485E1));
#7463=CARTESIAN_POINT('',(2.625257876459E1,8.078049463318E1,4.295650117513E1));
#7464=CARTESIAN_POINT('',(2.662142403009E1,7.995004489931E1,4.229994083433E1));
#7465=CARTESIAN_POINT('',(2.671631136017E1,7.930141451953E1,4.180392414654E1));
#7466=CARTESIAN_POINT('',(2.670802501249E1,7.893381937205E1,4.152868676654E1));
#7467=CARTESIAN_POINT('',(2.670579439047E1,7.888450610350E1,4.149186843831E1));
#7468=CARTESIAN_POINT('',(2.133723539784E1,8.216210282065E1,4.493438601928E1));
#7469=CARTESIAN_POINT('',(2.139143907505E1,8.216355103134E1,4.493564002048E1));
#7470=CARTESIAN_POINT('',(2.180912641973E1,8.216910376744E1,4.494044618262E1));
#7471=CARTESIAN_POINT('',(2.257805081795E1,8.210060861884E1,4.488115387449E1));
#7472=CARTESIAN_POINT('',(2.358346107859E1,8.182383599105E1,4.464346343400E1));
#7473=CARTESIAN_POINT('',(2.446409753502E1,8.138783282562E1,4.427444846024E1));
#7474=CARTESIAN_POINT('',(2.516948182545E1,8.082446419941E1,4.380746541245E1));
#7475=CARTESIAN_POINT('',(2.567679358949E1,8.017753332945E1,4.328441357986E1));
#7476=CARTESIAN_POINT('',(2.600102451541E1,7.945317892751E1,4.271422778184E1));
#7477=CARTESIAN_POINT('',(2.608446229743E1,7.888788118483E1,4.228260475228E1));
#7478=CARTESIAN_POINT('',(2.607718050906E1,7.856765622831E1,4.204277889656E1));
#7479=CARTESIAN_POINT('',(2.607521975947E1,7.852469989405E1,4.201069206375E1));
#7480=CARTESIAN_POINT('',(2.136770577878E1,8.167085220516E1,4.419007268432E1));
#7481=CARTESIAN_POINT('',(2.141176221052E1,8.167204075415E1,4.419107693861E1));
#7482=CARTESIAN_POINT('',(2.175125634139E1,8.167659593177E1,4.419492228648E1));
#7483=CARTESIAN_POINT('',(2.237623704227E1,8.162031082755E1,4.414742214891E1));
#7484=CARTESIAN_POINT('',(2.319341150655E1,8.139299667028E1,4.395684335611E1));
#7485=CARTESIAN_POINT('',(2.390914370622E1,8.103536535318E1,4.366057921247E1));
#7486=CARTESIAN_POINT('',(2.448243616069E1,8.057405018803E1,4.328490779449E1));
#7487=CARTESIAN_POINT('',(2.489479790820E1,8.004527747395E1,4.286302525866E1));
#7488=CARTESIAN_POINT('',(2.515843640766E1,7.945421578873E1,4.240169224844E1));
#7489=CARTESIAN_POINT('',(2.522632412426E1,7.899367568238E1,4.205110816318E1));
#7490=CARTESIAN_POINT('',(2.522040666600E1,7.873301912680E1,4.185580497455E1));
#7491=CARTESIAN_POINT('',(2.521881244039E1,7.869805697973E1,4.182966628488E1));
#7492=(BOUNDED_SURFACE()B_SPLINE_SURFACE(3,3,((#7444,#7445,#7446,#7447,#7448,
#7449,#7450,#7451,#7452,#7453,#7454,#7455),(#7456,#7457,#7458,#7459,#7460,#7461,
#7462,#7463,#7464,#7465,#7466,#7467),(#7468,#7469,#7470,#7471,#7472,#7473,#7474,
#7475,#7476,#7477,#7478,#7479),(#7480,#7481,#7482,#7483,#7484,#7485,#7486,#7487,
#7488,#7489,#7490,#7491)),.UNSPECIFIED.,.F.,.F.,.F.)B_SPLINE_SURFACE_WITH_KNOTS(
(4,4),(4,1,1,1,1,1,1,1,1,4),(0.E0,1.E0),(-2.271814617966E-2,0.E0,
1.521381572299E-1,2.980322586347E-1,4.447228107707E-1,5.892387577884E-1,
7.224890502361E-1,8.531847831439E-1,1.E0,1.022754484426E0),.UNSPECIFIED.)GEOMETRIC_REPRESENTATION_ITEM()RATIONAL_B_SPLINE_SURFACE(((1.349594916950E0,
1.349594916950E0,1.349594916950E0,1.349594916950E0,1.349594916950E0,
1.349594916950E0,1.349594916950E0,1.349594916950E0,1.349594916950E0,
1.349594916950E0,1.349594916950E0,1.349594916950E0),(8.834683610167E-1,
8.834683610167E-1,8.834683610167E-1,8.834683610167E-1,8.834683610167E-1,
8.834683610167E-1,8.834683610167E-1,8.834683610167E-1,8.834683610167E-1,
8.834683610167E-1,8.834683610167E-1,8.834683610167E-1),(8.834683610167E-1,
8.834683610167E-1,8.834683610167E-1,8.834683610167E-1,8.834683610167E-1,
8.834683610167E-1,8.834683610167E-1,8.834683610167E-1,8.834683610167E-1,
8.834683610167E-1,8.834683610167E-1,8.834683610167E-1),(1.349594916950E0,
1.349594916950E0,1.349594916950E0,1.349594916950E0,1.349594916950E0,
1.349594916950E0,1.349594916950E0,1.349594916950E0,1.349594916950E0,
1.349594916950E0,1.349594916950E0,1.349594916950E0)))REPRESENTATION_ITEM('')SURFACE());
#7493=ORIENTED_EDGE('',*,*,#7210,.T.);
#7494=ORIENTED_EDGE('',*,*,#7439,.T.);
#7495=ORIENTED_EDGE('',*,*,#6983,.F.);
#7497=ORIENTED_EDGE('',*,*,#7496,.F.);
#7498=EDGE_LOOP('',(#7493,#7494,#7495,#7497));
#7499=FACE_OUTER_BOUND('',#7498,.F.);
#7501=CARTESIAN_POINT('',(-1.184760564058E1,8.250716364165E1,4.364061779625E1));
#7502=DIRECTION('',(1.E0,0.E0,0.E0));
#7503=DIRECTION('',(0.E0,7.518768548367E-1,6.593035682907E-1));
#7504=AXIS2_PLACEMENT_3D('',#7501,#7502,#7503);
#7505=CYLINDRICAL_SURFACE('',#7504,1.E0);
#7506=ORIENTED_EDGE('',*,*,#7187,.T.);
#7507=ORIENTED_EDGE('',*,*,#7496,.T.);
#7508=ORIENTED_EDGE('',*,*,#6981,.F.);
#7510=ORIENTED_EDGE('',*,*,#7509,.F.);
#7511=EDGE_LOOP('',(#7506,#7507,#7508,#7510));
#7512=FACE_OUTER_BOUND('',#7511,.F.);
#7514=CARTESIAN_POINT('',(1.1E1,8.250716364165E1,4.364061779625E1));
#7515=DIRECTION('',(-7.071067812026E-1,4.580890962813E-1,-5.386597997303E-1));
#7516=DIRECTION('',(-7.071067811705E-1,-4.580890963021E-1,5.386597997546E-1));
#7517=AXIS2_PLACEMENT_3D('',#7514,#7515,#7516);
#7518=SPHERICAL_SURFACE('',#7517,1.E0);
#7520=ORIENTED_EDGE('',*,*,#7519,.F.);
#7522=ORIENTED_EDGE('',*,*,#7521,.F.);
#7523=ORIENTED_EDGE('',*,*,#7509,.T.);
#7524=EDGE_LOOP('',(#7520,#7522,#7523));
#7525=FACE_OUTER_BOUND('',#7524,.F.);
#7527=CARTESIAN_POINT('',(1.1E1,3.975E1,9.391809742004E1));
#7528=DIRECTION('',(-1.E0,0.E0,0.E0));
#7529=DIRECTION('',(0.E0,9.333331978273E-4,9.999995644445E-1));
#7530=AXIS2_PLACEMENT_3D('',#7527,#7528,#7529);
#7531=TOROIDAL_SURFACE('',#7530,6.6E1,1.E0);
#7532=ORIENTED_EDGE('',*,*,#7519,.T.);
#7533=ORIENTED_EDGE('',*,*,#6979,.T.);
#7535=ORIENTED_EDGE('',*,*,#7534,.F.);
#7536=ORIENTED_EDGE('',*,*,#5961,.T.);
#7537=ORIENTED_EDGE('',*,*,#6274,.F.);
#7538=EDGE_LOOP('',(#7532,#7533,#7535,#7536,#7537));
#7539=FACE_OUTER_BOUND('',#7538,.F.);
#7541=CARTESIAN_POINT('',(9.8198E1,7.339119118300E1,3.713543936506E1));
#7542=DIRECTION('',(-1.E0,0.E0,0.E0));
#7543=DIRECTION('',(0.E0,-5.097150179242E-1,8.603433038633E-1));
#7544=AXIS2_PLACEMENT_3D('',#7541,#7542,#7543);
#7545=CYLINDRICAL_SURFACE('',#7544,1.E0);
#7546=ORIENTED_EDGE('',*,*,#6977,.T.);
#7548=ORIENTED_EDGE('',*,*,#7547,.F.);
#7549=ORIENTED_EDGE('',*,*,#5963,.F.);
#7550=ORIENTED_EDGE('',*,*,#7534,.T.);
#7551=EDGE_LOOP('',(#7546,#7548,#7549,#7550));
#7552=FACE_OUTER_BOUND('',#7551,.F.);
#7554=CARTESIAN_POINT('',(-1.1E1,3.975E1,9.391809742004E1));
#7555=DIRECTION('',(-1.E0,0.E0,0.E0));
#7556=DIRECTION('',(0.E0,-1.087730577646E-3,9.999994084209E-1));
#7557=AXIS2_PLACEMENT_3D('',#7554,#7555,#7556);
#7558=TOROIDAL_SURFACE('',#7557,6.6E1,1.E0);
#7560=ORIENTED_EDGE('',*,*,#7559,.T.);
#7561=ORIENTED_EDGE('',*,*,#6010,.F.);
#7562=ORIENTED_EDGE('',*,*,#5965,.T.);
#7563=ORIENTED_EDGE('',*,*,#7547,.T.);
#7564=ORIENTED_EDGE('',*,*,#6975,.T.);
#7565=EDGE_LOOP('',(#7560,#7561,#7562,#7563,#7564));
#7566=FACE_OUTER_BOUND('',#7565,.F.);
#7568=CARTESIAN_POINT('',(-1.1E1,8.250716364165E1,4.364061779625E1));
#7569=DIRECTION('',(-7.071067811707E-1,-4.580890963033E-1,5.386597997535E-1));
#7570=DIRECTION('',(7.071067812024E-1,-4.580890962821E-1,5.386597997299E-1));
#7571=AXIS2_PLACEMENT_3D('',#7568,#7569,#7570);
#7572=SPHERICAL_SURFACE('',#7571,1.E0);
#7573=ORIENTED_EDGE('',*,*,#7559,.F.);
#7575=ORIENTED_EDGE('',*,*,#7574,.F.);
#7577=ORIENTED_EDGE('',*,*,#7576,.T.);
#7578=EDGE_LOOP('',(#7573,#7575,#7577));
#7579=FACE_OUTER_BOUND('',#7578,.F.);
#7581=CARTESIAN_POINT('',(-1.184760564058E1,8.250716364165E1,4.364061779625E1));
#7582=DIRECTION('',(1.E0,0.E0,0.E0));
#7583=DIRECTION('',(0.E0,7.518768548367E-1,6.593035682907E-1));
#7584=AXIS2_PLACEMENT_3D('',#7581,#7582,#7583);
#7585=CYLINDRICAL_SURFACE('',#7584,1.E0);
#7586=ORIENTED_EDGE('',*,*,#7195,.T.);
#7587=ORIENTED_EDGE('',*,*,#7574,.T.);
#7588=ORIENTED_EDGE('',*,*,#6973,.F.);
#7589=ORIENTED_EDGE('',*,*,#7074,.F.);
#7590=EDGE_LOOP('',(#7586,#7587,#7588,#7589));
#7591=FACE_OUTER_BOUND('',#7590,.F.);
#7593=CARTESIAN_POINT('',(-1.1E1,8.166378585101E1,4.460241486692E1));
#7594=DIRECTION('',(0.E0,6.593035682907E-1,-7.518768548367E-1));
#7595=DIRECTION('',(0.E0,7.518768548367E-1,6.593035682907E-1));
#7596=AXIS2_PLACEMENT_3D('',#7593,#7594,#7595);
#7597=CYLINDRICAL_SURFACE('',#7596,1.E0);
#7598=ORIENTED_EDGE('',*,*,#5999,.F.);
#7599=ORIENTED_EDGE('',*,*,#7576,.F.);
#7600=ORIENTED_EDGE('',*,*,#7193,.T.);
#7602=ORIENTED_EDGE('',*,*,#7601,.T.);
#7603=EDGE_LOOP('',(#7598,#7599,#7600,#7602));
#7604=FACE_OUTER_BOUND('',#7603,.F.);
#7606=CARTESIAN_POINT('',(-1.E1,7.859762593408E1,3.956769140983E1));
#7607=DIRECTION('',(0.E0,6.045353722962E-1,-7.965782972456E-1));
#7608=DIRECTION('',(0.E0,7.965782972456E-1,6.045353722962E-1));
#7609=AXIS2_PLACEMENT_3D('',#7606,#7607,#7608);
#7610=PLANE('',#7609);
#7611=ORIENTED_EDGE('',*,*,#6001,.T.);
#7612=ORIENTED_EDGE('',*,*,#7601,.F.);
#7613=ORIENTED_EDGE('',*,*,#7191,.T.);
#7615=ORIENTED_EDGE('',*,*,#7614,.F.);
#7616=ORIENTED_EDGE('',*,*,#6283,.F.);
#7618=ORIENTED_EDGE('',*,*,#7617,.F.);
#7619=EDGE_LOOP('',(#7611,#7612,#7613,#7615,#7616,#7618));
#7620=FACE_OUTER_BOUND('',#7619,.F.);
#7622=CARTESIAN_POINT('',(1.1E1,2.669459328954E2,-1.666953312356E2));
#7623=DIRECTION('',(0.E0,-6.593035682907E-1,7.518768548367E-1));
#7624=DIRECTION('',(0.E0,7.518768548367E-1,6.593035682907E-1));
#7625=AXIS2_PLACEMENT_3D('',#7622,#7623,#7624);
#7626=CYLINDRICAL_SURFACE('',#7625,1.E0);
#7627=ORIENTED_EDGE('',*,*,#7189,.T.);
#7628=ORIENTED_EDGE('',*,*,#7521,.T.);
#7629=ORIENTED_EDGE('',*,*,#6272,.F.);
#7630=ORIENTED_EDGE('',*,*,#7614,.T.);
#7631=EDGE_LOOP('',(#7627,#7628,#7629,#7630));
#7632=FACE_OUTER_BOUND('',#7631,.F.);
#7634=CARTESIAN_POINT('',(-1.00198E2,7.995590668490E1,3.934314193210E1));
#7635=DIRECTION('',(1.E0,0.E0,0.E0));
#7636=DIRECTION('',(0.E0,-6.045353722962E-1,7.965782972456E-1));
#7637=AXIS2_PLACEMENT_3D('',#7634,#7635,#7636);
#7638=CYLINDRICAL_SURFACE('',#7637,1.E0);
#7640=ORIENTED_EDGE('',*,*,#7639,.F.);
#7641=ORIENTED_EDGE('',*,*,#6003,.T.);
#7642=ORIENTED_EDGE('',*,*,#7617,.T.);
#7643=ORIENTED_EDGE('',*,*,#6281,.T.);
#7644=EDGE_LOOP('',(#7640,#7641,#7642,#7643));
#7645=FACE_OUTER_BOUND('',#7644,.F.);
#7647=CARTESIAN_POINT('',(-1.E1,8.560381598953E1,2.919240449712E1));
#7648=DIRECTION('',(0.E0,8.287423021801E-1,5.596304106973E-1));
#7649=DIRECTION('',(0.E0,-5.596304106973E-1,8.287423021801E-1));
#7650=AXIS2_PLACEMENT_3D('',#7647,#7648,#7649);
#7651=PLANE('',#7650);
#7652=ORIENTED_EDGE('',*,*,#7639,.T.);
#7653=ORIENTED_EDGE('',*,*,#6279,.F.);
#7654=ORIENTED_EDGE('',*,*,#5927,.T.);
#7655=ORIENTED_EDGE('',*,*,#6005,.T.);
#7656=EDGE_LOOP('',(#7652,#7653,#7654,#7655));
#7657=FACE_OUTER_BOUND('',#7656,.F.);
#7659=CARTESIAN_POINT('',(2.6E1,7.9E1,-6.840801233201E0));
#7660=DIRECTION('',(0.E0,0.E0,1.E0));
#7661=DIRECTION('',(1.E0,0.E0,0.E0));
#7662=AXIS2_PLACEMENT_3D('',#7659,#7660,#7661);
#7663=CYLINDRICAL_SURFACE('',#7662,5.E-1);
#7664=ORIENTED_EDGE('',*,*,#7300,.T.);
#7665=ORIENTED_EDGE('',*,*,#7283,.F.);
#7666=ORIENTED_EDGE('',*,*,#5398,.T.);
#7668=ORIENTED_EDGE('',*,*,#7667,.F.);
#7669=EDGE_LOOP('',(#7664,#7665,#7666,#7668));
#7670=FACE_OUTER_BOUND('',#7669,.F.);
#7672=CARTESIAN_POINT('',(6.5E0,7.9E1,-6.5E0));
#7673=DIRECTION('',(0.E0,-1.E0,0.E0));
#7674=DIRECTION('',(-1.857551694740E-2,0.E0,-9.998274602001E-1));
#7675=AXIS2_PLACEMENT_3D('',#7672,#7673,#7674);
#7676=TOROIDAL_SURFACE('',#7675,1.95E1,5.E-1);
#7678=ORIENTED_EDGE('',*,*,#7677,.T.);
#7679=ORIENTED_EDGE('',*,*,#7667,.T.);
#7680=ORIENTED_EDGE('',*,*,#5396,.F.);
#7682=ORIENTED_EDGE('',*,*,#7681,.F.);
#7683=EDGE_LOOP('',(#7678,#7679,#7680,#7682));
#7684=FACE_OUTER_BOUND('',#7683,.F.);
#7686=CARTESIAN_POINT('',(6.5E0,2.713799944984E2,-6.5E0));
#7687=DIRECTION('',(0.E0,-1.E0,0.E0));
#7688=DIRECTION('',(0.E0,0.E0,-1.E0));
#7689=AXIS2_PLACEMENT_3D('',#7686,#7687,#7688);
#7690=CYLINDRICAL_SURFACE('',#7689,2.E1);
#7691=ORIENTED_EDGE('',*,*,#7677,.F.);
#7693=ORIENTED_EDGE('',*,*,#7692,.T.);
#7694=ORIENTED_EDGE('',*,*,#5276,.T.);
#7695=ORIENTED_EDGE('',*,*,#7302,.F.);
#7696=EDGE_LOOP('',(#7691,#7693,#7694,#7695));
#7697=FACE_OUTER_BOUND('',#7696,.F.);
#7699=CARTESIAN_POINT('',(0.E0,7.95E1,-2.65E1));
#7700=DIRECTION('',(0.E0,0.E0,1.E0));
#7701=DIRECTION('',(-1.E0,0.E0,0.E0));
#7702=AXIS2_PLACEMENT_3D('',#7699,#7700,#7701);
#7703=PLANE('',#7702);
#7705=ORIENTED_EDGE('',*,*,#7704,.F.);
#7706=ORIENTED_EDGE('',*,*,#6708,.T.);
#7707=ORIENTED_EDGE('',*,*,#5278,.T.);
#7708=ORIENTED_EDGE('',*,*,#7692,.F.);
#7709=EDGE_LOOP('',(#7705,#7706,#7707,#7708));
#7710=FACE_OUTER_BOUND('',#7709,.F.);
#7712=ORIENTED_EDGE('',*,*,#7711,.T.);
#7714=ORIENTED_EDGE('',*,*,#7713,.T.);
#7715=EDGE_LOOP('',(#7712,#7714));
#7716=FACE_BOUND('',#7715,.F.);
#7718=CARTESIAN_POINT('',(-1.00198E2,7.9E1,-2.6E1));
#7719=DIRECTION('',(1.E0,0.E0,0.E0));
#7720=DIRECTION('',(0.E0,0.E0,-1.E0));
#7721=AXIS2_PLACEMENT_3D('',#7718,#7719,#7720);
#7722=CYLINDRICAL_SURFACE('',#7721,5.E-1);
#7723=ORIENTED_EDGE('',*,*,#6702,.T.);
#7724=ORIENTED_EDGE('',*,*,#7704,.T.);
#7725=ORIENTED_EDGE('',*,*,#7681,.T.);
#7726=ORIENTED_EDGE('',*,*,#5394,.F.);
#7727=EDGE_LOOP('',(#7723,#7724,#7725,#7726));
#7728=FACE_OUTER_BOUND('',#7727,.F.);
#7730=CARTESIAN_POINT('',(-2.375E1,7.2E1,-2.65E1));
#7731=DIRECTION('',(0.E0,0.E0,-1.E0));
#7732=DIRECTION('',(0.E0,1.E0,0.E0));
#7733=AXIS2_PLACEMENT_3D('',#7730,#7731,#7732);
#7734=CYLINDRICAL_SURFACE('',#7733,1.25E0);
#7735=ORIENTED_EDGE('',*,*,#7711,.F.);
#7737=ORIENTED_EDGE('',*,*,#7736,.T.);
#7739=ORIENTED_EDGE('',*,*,#7738,.T.);
#7741=ORIENTED_EDGE('',*,*,#7740,.F.);
#7742=EDGE_LOOP('',(#7735,#7737,#7739,#7741));
#7743=FACE_OUTER_BOUND('',#7742,.F.);
#7745=CARTESIAN_POINT('',(-2.375E1,7.2E1,-2.65E1));
#7746=DIRECTION('',(0.E0,0.E0,-1.E0));
#7747=DIRECTION('',(0.E0,1.E0,0.E0));
#7748=AXIS2_PLACEMENT_3D('',#7745,#7746,#7747);
#7749=CYLINDRICAL_SURFACE('',#7748,1.25E0);
#7750=ORIENTED_EDGE('',*,*,#7713,.F.);
#7751=ORIENTED_EDGE('',*,*,#7740,.T.);
#7753=ORIENTED_EDGE('',*,*,#7752,.T.);
#7754=ORIENTED_EDGE('',*,*,#7736,.F.);
#7755=EDGE_LOOP('',(#7750,#7751,#7753,#7754));
#7756=FACE_OUTER_BOUND('',#7755,.F.);
#7758=CARTESIAN_POINT('',(-2.85E1,7.2E1,-1.9E1));
#7759=DIRECTION('',(-1.E0,0.E0,0.E0));
#7760=DIRECTION('',(0.E0,1.E0,0.E0));
#7761=AXIS2_PLACEMENT_3D('',#7758,#7759,#7760);
#7762=CYLINDRICAL_SURFACE('',#7761,5.1E0);
#7763=ORIENTED_EDGE('',*,*,#6712,.F.);
#7765=ORIENTED_EDGE('',*,*,#7764,.T.);
#7766=ORIENTED_EDGE('',*,*,#6835,.T.);
#7768=ORIENTED_EDGE('',*,*,#7767,.F.);
#7769=EDGE_LOOP('',(#7763,#7765,#7766,#7768));
#7770=FACE_OUTER_BOUND('',#7769,.F.);
#7771=ORIENTED_EDGE('',*,*,#7738,.F.);
#7772=ORIENTED_EDGE('',*,*,#7752,.F.);
#7773=EDGE_LOOP('',(#7771,#7772));
#7774=FACE_BOUND('',#7773,.F.);
#7776=CARTESIAN_POINT('',(-2.85E1,7.2E1,-1.9E1));
#7777=DIRECTION('',(-1.E0,0.E0,0.E0));
#7778=DIRECTION('',(0.E0,1.E0,0.E0));
#7779=AXIS2_PLACEMENT_3D('',#7776,#7777,#7778);
#7780=CYLINDRICAL_SURFACE('',#7779,5.1E0);
#7781=ORIENTED_EDGE('',*,*,#6714,.F.);
#7782=ORIENTED_EDGE('',*,*,#7767,.T.);
#7783=ORIENTED_EDGE('',*,*,#6837,.T.);
#7784=ORIENTED_EDGE('',*,*,#7764,.F.);
#7785=EDGE_LOOP('',(#7781,#7782,#7783,#7784));
#7786=FACE_OUTER_BOUND('',#7785,.F.);
#7788=CARTESIAN_POINT('',(2.375E1,1.5E1,3.25E0));
#7789=DIRECTION('',(0.E0,0.E0,1.E0));
#7790=DIRECTION('',(1.E0,0.E0,0.E0));
#7791=AXIS2_PLACEMENT_3D('',#7788,#7789,#7790);
#7792=PLANE('',#7791);
#7793=ORIENTED_EDGE('',*,*,#4364,.T.);
#7795=ORIENTED_EDGE('',*,*,#7794,.T.);
#7796=ORIENTED_EDGE('',*,*,#4270,.T.);
#7797=ORIENTED_EDGE('',*,*,#7307,.T.);
#7798=EDGE_LOOP('',(#7793,#7795,#7796,#7797));
#7799=FACE_OUTER_BOUND('',#7798,.F.);
#7801=CARTESIAN_POINT('',(2.375E1,1.5E1,0.E0));
#7802=DIRECTION('',(0.E0,1.E0,0.E0));
#7803=DIRECTION('',(1.E0,0.E0,0.E0));
#7804=AXIS2_PLACEMENT_3D('',#7801,#7802,#7803);
#7805=CYLINDRICAL_SURFACE('',#7804,3.25E0);
#7806=ORIENTED_EDGE('',*,*,#4362,.F.);
#7808=ORIENTED_EDGE('',*,*,#7807,.T.);
#7809=ORIENTED_EDGE('',*,*,#4272,.T.);
#7810=ORIENTED_EDGE('',*,*,#7794,.F.);
#7811=EDGE_LOOP('',(#7806,#7808,#7809,#7810));
#7812=FACE_OUTER_BOUND('',#7811,.F.);
#7814=CARTESIAN_POINT('',(2.65E1,1.5E1,-3.25E0));
#7815=DIRECTION('',(0.E0,0.E0,-1.E0));
#7816=DIRECTION('',(-1.E0,0.E0,0.E0));
#7817=AXIS2_PLACEMENT_3D('',#7814,#7815,#7816);
#7818=PLANE('',#7817);
#7819=ORIENTED_EDGE('',*,*,#4360,.F.);
#7820=ORIENTED_EDGE('',*,*,#7310,.F.);
#7821=ORIENTED_EDGE('',*,*,#4274,.T.);
#7822=ORIENTED_EDGE('',*,*,#7807,.F.);
#7823=EDGE_LOOP('',(#7819,#7820,#7821,#7822));
#7824=FACE_OUTER_BOUND('',#7823,.F.);
#7826=CARTESIAN_POINT('',(-1.00198E2,6.108808816999E0,3.713543936506E1));
#7827=DIRECTION('',(1.E0,0.E0,0.E0));
#7828=DIRECTION('',(0.E0,5.097150179243E-1,8.603433038633E-1));
#7829=AXIS2_PLACEMENT_3D('',#7826,#7827,#7828);
#7830=CYLINDRICAL_SURFACE('',#7829,1.E0);
#7831=ORIENTED_EDGE('',*,*,#6423,.F.);
#7832=ORIENTED_EDGE('',*,*,#6438,.T.);
#7833=ORIENTED_EDGE('',*,*,#6990,.T.);
#7834=ORIENTED_EDGE('',*,*,#6237,.F.);
#7835=EDGE_LOOP('',(#7831,#7832,#7833,#7834));
#7836=FACE_OUTER_BOUND('',#7835,.F.);
#7838=CARTESIAN_POINT('',(9.8198E1,7.9E1,3.300835173882E1));
#7839=DIRECTION('',(-1.E0,0.E0,0.E0));
#7840=DIRECTION('',(0.E0,0.E0,1.E0));
#7841=AXIS2_PLACEMENT_3D('',#7838,#7839,#7840);
#7842=CYLINDRICAL_SURFACE('',#7841,5.E-1);
#7843=ORIENTED_EDGE('',*,*,#6655,.F.);
#7844=ORIENTED_EDGE('',*,*,#6948,.T.);
#7845=ORIENTED_EDGE('',*,*,#6680,.T.);
#7846=ORIENTED_EDGE('',*,*,#5382,.F.);
#7847=EDGE_LOOP('',(#7843,#7844,#7845,#7846));
#7848=FACE_OUTER_BOUND('',#7847,.F.);
#7850=CARTESIAN_POINT('',(-2.375E1,7.5E0,3.350835173882E1));
#7851=DIRECTION('',(0.E0,0.E0,1.E0));
#7852=DIRECTION('',(0.E0,1.E0,0.E0));
#7853=AXIS2_PLACEMENT_3D('',#7850,#7851,#7852);
#7854=CYLINDRICAL_SURFACE('',#7853,1.25E0);
#7855=ORIENTED_EDGE('',*,*,#6930,.F.);
#7856=ORIENTED_EDGE('',*,*,#6908,.T.);
#7857=ORIENTED_EDGE('',*,*,#6893,.T.);
#7858=ORIENTED_EDGE('',*,*,#6905,.F.);
#7859=EDGE_LOOP('',(#7855,#7856,#7857,#7858));
#7860=FACE_OUTER_BOUND('',#7859,.F.);
#7862=CARTESIAN_POINT('',(-2.375E1,7.2E1,3.350835173882E1));
#7863=DIRECTION('',(0.E0,0.E0,1.E0));
#7864=DIRECTION('',(0.E0,1.E0,0.E0));
#7865=AXIS2_PLACEMENT_3D('',#7862,#7863,#7864);
#7866=CYLINDRICAL_SURFACE('',#7865,1.25E0);
#7867=ORIENTED_EDGE('',*,*,#6952,.F.);
#7869=ORIENTED_EDGE('',*,*,#7868,.T.);
#7871=ORIENTED_EDGE('',*,*,#7870,.T.);
#7873=ORIENTED_EDGE('',*,*,#7872,.F.);
#7874=EDGE_LOOP('',(#7867,#7869,#7871,#7873));
#7875=FACE_OUTER_BOUND('',#7874,.F.);
#7877=CARTESIAN_POINT('',(-2.375E1,7.2E1,3.350835173882E1));
#7878=DIRECTION('',(0.E0,0.E0,1.E0));
#7879=DIRECTION('',(0.E0,1.E0,0.E0));
#7880=AXIS2_PLACEMENT_3D('',#7877,#7878,#7879);
#7881=CYLINDRICAL_SURFACE('',#7880,1.25E0);
#7882=ORIENTED_EDGE('',*,*,#6954,.F.);
#7883=ORIENTED_EDGE('',*,*,#7872,.T.);
#7885=ORIENTED_EDGE('',*,*,#7884,.T.);
#7886=ORIENTED_EDGE('',*,*,#7868,.F.);
#7887=EDGE_LOOP('',(#7882,#7883,#7885,#7886));
#7888=FACE_OUTER_BOUND('',#7887,.F.);
#7890=CARTESIAN_POINT('',(-2.85E1,7.2E1,2.600835173882E1));
#7891=DIRECTION('',(-1.E0,0.E0,0.E0));
#7892=DIRECTION('',(0.E0,1.E0,0.E0));
#7893=AXIS2_PLACEMENT_3D('',#7890,#7891,#7892);
#7894=CYLINDRICAL_SURFACE('',#7893,5.1E0);
#7895=ORIENTED_EDGE('',*,*,#6692,.F.);
#7897=ORIENTED_EDGE('',*,*,#7896,.T.);
#7898=ORIENTED_EDGE('',*,*,#6855,.T.);
#7900=ORIENTED_EDGE('',*,*,#7899,.F.);
#7901=EDGE_LOOP('',(#7895,#7897,#7898,#7900));
#7902=FACE_OUTER_BOUND('',#7901,.F.);
#7903=ORIENTED_EDGE('',*,*,#7870,.F.);
#7904=ORIENTED_EDGE('',*,*,#7884,.F.);
#7905=EDGE_LOOP('',(#7903,#7904));
#7906=FACE_BOUND('',#7905,.F.);
#7908=CARTESIAN_POINT('',(-2.85E1,7.2E1,2.600835173882E1));
#7909=DIRECTION('',(-1.E0,0.E0,0.E0));
#7910=DIRECTION('',(0.E0,1.E0,0.E0));
#7911=AXIS2_PLACEMENT_3D('',#7908,#7909,#7910);
#7912=CYLINDRICAL_SURFACE('',#7911,5.1E0);
#7913=ORIENTED_EDGE('',*,*,#6690,.F.);
#7914=ORIENTED_EDGE('',*,*,#7899,.T.);
#7915=ORIENTED_EDGE('',*,*,#6853,.T.);
#7916=ORIENTED_EDGE('',*,*,#7896,.F.);
#7917=EDGE_LOOP('',(#7913,#7914,#7915,#7916));
#7918=FACE_OUTER_BOUND('',#7917,.F.);
#7920=CARTESIAN_POINT('',(-1.65E1,7.5E0,-1.9E1));
#7921=DIRECTION('',(-1.E0,0.E0,0.E0));
#7922=DIRECTION('',(0.E0,1.E0,0.E0));
#7923=AXIS2_PLACEMENT_3D('',#7920,#7921,#7922);
#7924=CYLINDRICAL_SURFACE('',#7923,4.15E0);
#7925=ORIENTED_EDGE('',*,*,#6805,.F.);
#7927=ORIENTED_EDGE('',*,*,#7926,.T.);
#7929=ORIENTED_EDGE('',*,*,#7928,.T.);
#7931=ORIENTED_EDGE('',*,*,#7930,.F.);
#7932=EDGE_LOOP('',(#7925,#7927,#7929,#7931));
#7933=FACE_OUTER_BOUND('',#7932,.F.);
#7935=CARTESIAN_POINT('',(-1.65E1,7.5E0,-1.9E1));
#7936=DIRECTION('',(-1.E0,0.E0,0.E0));
#7937=DIRECTION('',(0.E0,1.E0,0.E0));
#7938=AXIS2_PLACEMENT_3D('',#7935,#7936,#7937);
#7939=CYLINDRICAL_SURFACE('',#7938,4.15E0);
#7940=ORIENTED_EDGE('',*,*,#6807,.F.);
#7941=ORIENTED_EDGE('',*,*,#7930,.T.);
#7943=ORIENTED_EDGE('',*,*,#7942,.T.);
#7944=ORIENTED_EDGE('',*,*,#7926,.F.);
#7945=EDGE_LOOP('',(#7940,#7941,#7943,#7944));
#7946=FACE_OUTER_BOUND('',#7945,.F.);
#7948=CARTESIAN_POINT('',(-4.65E1,0.E0,0.E0));
#7949=DIRECTION('',(-1.E0,0.E0,0.E0));
#7950=DIRECTION('',(0.E0,1.E0,0.E0));
#7951=AXIS2_PLACEMENT_3D('',#7948,#7949,#7950);
#7952=PLANE('',#7951);
#7953=ORIENTED_EDGE('',*,*,#7928,.F.);
#7954=ORIENTED_EDGE('',*,*,#7942,.F.);
#7955=EDGE_LOOP('',(#7953,#7954));
#7956=FACE_OUTER_BOUND('',#7955,.F.);
#7958=CARTESIAN_POINT('',(-4.65E1,0.E0,0.E0));
#7959=DIRECTION('',(-1.E0,0.E0,0.E0));
#7960=DIRECTION('',(0.E0,1.E0,0.E0));
#7961=AXIS2_PLACEMENT_3D('',#7958,#7959,#7960);
#7962=PLANE('',#7961);
#7964=ORIENTED_EDGE('',*,*,#7963,.F.);
#7966=ORIENTED_EDGE('',*,*,#7965,.F.);
#7967=EDGE_LOOP('',(#7964,#7966));
#7968=FACE_OUTER_BOUND('',#7967,.F.);
#7970=CARTESIAN_POINT('',(-4.65E1,0.E0,0.E0));
#7971=DIRECTION('',(-1.E0,0.E0,0.E0));
#7972=DIRECTION('',(0.E0,1.E0,0.E0));
#7973=AXIS2_PLACEMENT_3D('',#7970,#7971,#7972);
#7974=PLANE('',#7973);
#7976=ORIENTED_EDGE('',*,*,#7975,.F.);
#7978=ORIENTED_EDGE('',*,*,#7977,.F.);
#7979=EDGE_LOOP('',(#7976,#7978));
#7980=FACE_OUTER_BOUND('',#7979,.F.);
#7982=CARTESIAN_POINT('',(-4.65E1,0.E0,0.E0));
#7983=DIRECTION('',(-1.E0,0.E0,0.E0));
#7984=DIRECTION('',(0.E0,1.E0,0.E0));
#7985=AXIS2_PLACEMENT_3D('',#7982,#7983,#7984);
#7986=PLANE('',#7985);
#7988=ORIENTED_EDGE('',*,*,#7987,.F.);
#7990=ORIENTED_EDGE('',*,*,#7989,.F.);
#7991=EDGE_LOOP('',(#7988,#7990));
#7992=FACE_OUTER_BOUND('',#7991,.F.);
#7994=CARTESIAN_POINT('',(-1.65E1,7.5E0,2.600835173882E1));
#7995=DIRECTION('',(-1.E0,0.E0,0.E0));
#7996=DIRECTION('',(0.E0,1.E0,0.E0));
#7997=AXIS2_PLACEMENT_3D('',#7994,#7995,#7996);
#7998=CYLINDRICAL_SURFACE('',#7997,4.15E0);
#7999=ORIENTED_EDGE('',*,*,#6823,.F.);
#8001=ORIENTED_EDGE('',*,*,#8000,.T.);
#8002=ORIENTED_EDGE('',*,*,#7963,.T.);
#8004=ORIENTED_EDGE('',*,*,#8003,.F.);
#8005=EDGE_LOOP('',(#7999,#8001,#8002,#8004));
#8006=FACE_OUTER_BOUND('',#8005,.F.);
#8008=CARTESIAN_POINT('',(-1.65E1,7.5E0,2.600835173882E1));
#8009=DIRECTION('',(-1.E0,0.E0,0.E0));
#8010=DIRECTION('',(0.E0,1.E0,0.E0));
#8011=AXIS2_PLACEMENT_3D('',#8008,#8009,#8010);
#8012=CYLINDRICAL_SURFACE('',#8011,4.15E0);
#8013=ORIENTED_EDGE('',*,*,#6825,.F.);
#8014=ORIENTED_EDGE('',*,*,#8003,.T.);
#8015=ORIENTED_EDGE('',*,*,#7965,.T.);
#8016=ORIENTED_EDGE('',*,*,#8000,.F.);
#8017=EDGE_LOOP('',(#8013,#8014,#8015,#8016));
#8018=FACE_OUTER_BOUND('',#8017,.F.);
#8020=CARTESIAN_POINT('',(-1.65E1,7.2E1,-1.9E1));
#8021=DIRECTION('',(-1.E0,0.E0,0.E0));
#8022=DIRECTION('',(0.E0,1.E0,0.E0));
#8023=AXIS2_PLACEMENT_3D('',#8020,#8021,#8022);
#8024=CYLINDRICAL_SURFACE('',#8023,4.15E0);
#8025=ORIENTED_EDGE('',*,*,#6841,.F.);
#8027=ORIENTED_EDGE('',*,*,#8026,.T.);
#8028=ORIENTED_EDGE('',*,*,#7975,.T.);
#8030=ORIENTED_EDGE('',*,*,#8029,.F.);
#8031=EDGE_LOOP('',(#8025,#8027,#8028,#8030));
#8032=FACE_OUTER_BOUND('',#8031,.F.);
#8034=CARTESIAN_POINT('',(-1.65E1,7.2E1,-1.9E1));
#8035=DIRECTION('',(-1.E0,0.E0,0.E0));
#8036=DIRECTION('',(0.E0,1.E0,0.E0));
#8037=AXIS2_PLACEMENT_3D('',#8034,#8035,#8036);
#8038=CYLINDRICAL_SURFACE('',#8037,4.15E0);
#8039=ORIENTED_EDGE('',*,*,#6843,.F.);
#8040=ORIENTED_EDGE('',*,*,#8029,.T.);
#8041=ORIENTED_EDGE('',*,*,#7977,.T.);
#8042=ORIENTED_EDGE('',*,*,#8026,.F.);
#8043=EDGE_LOOP('',(#8039,#8040,#8041,#8042));
#8044=FACE_OUTER_BOUND('',#8043,.F.);
#8046=CARTESIAN_POINT('',(-1.65E1,7.2E1,2.600835173882E1));
#8047=DIRECTION('',(-1.E0,0.E0,0.E0));
#8048=DIRECTION('',(0.E0,1.E0,0.E0));
#8049=AXIS2_PLACEMENT_3D('',#8046,#8047,#8048);
#8050=CYLINDRICAL_SURFACE('',#8049,4.15E0);
#8051=ORIENTED_EDGE('',*,*,#6859,.F.);
#8053=ORIENTED_EDGE('',*,*,#8052,.T.);
#8054=ORIENTED_EDGE('',*,*,#7987,.T.);
#8056=ORIENTED_EDGE('',*,*,#8055,.F.);
#8057=EDGE_LOOP('',(#8051,#8053,#8054,#8056));
#8058=FACE_OUTER_BOUND('',#8057,.F.);
#8060=CARTESIAN_POINT('',(-1.65E1,7.2E1,2.600835173882E1));
#8061=DIRECTION('',(-1.E0,0.E0,0.E0));
#8062=DIRECTION('',(0.E0,1.E0,0.E0));
#8063=AXIS2_PLACEMENT_3D('',#8060,#8061,#8062);
#8064=CYLINDRICAL_SURFACE('',#8063,4.15E0);
#8065=ORIENTED_EDGE('',*,*,#6861,.F.);
#8066=ORIENTED_EDGE('',*,*,#8055,.T.);
#8067=ORIENTED_EDGE('',*,*,#7989,.T.);
#8068=ORIENTED_EDGE('',*,*,#8052,.F.);
#8069=EDGE_LOOP('',(#8065,#8066,#8067,#8068));
#8070=FACE_OUTER_BOUND('',#8069,.F.);
#8072=CARTESIAN_POINT('',(-2.65E1,7.95E1,1.850835173882E1));
#8073=DIRECTION('',(0.E0,0.E0,-1.E0));
#8074=DIRECTION('',(0.E0,-1.E0,0.E0));
#8075=AXIS2_PLACEMENT_3D('',#8072,#8073,#8074);
#8076=PLANE('',#8075);
#8077=ORIENTED_EDGE('',*,*,#5218,.F.);
#8079=ORIENTED_EDGE('',*,*,#8078,.F.);
#8080=ORIENTED_EDGE('',*,*,#5386,.T.);
#8081=ORIENTED_EDGE('',*,*,#6685,.T.);
#8082=ORIENTED_EDGE('',*,*,#5266,.F.);
#8083=EDGE_LOOP('',(#8077,#8079,#8080,#8081,#8082));
#8084=FACE_OUTER_BOUND('',#8083,.F.);
#8086=CARTESIAN_POINT('',(-2.6E1,7.9E1,-2.235080809897E2));
#8087=DIRECTION('',(0.E0,0.E0,1.E0));
#8088=DIRECTION('',(0.E0,1.E0,0.E0));
#8089=AXIS2_PLACEMENT_3D('',#8086,#8087,#8088);
#8090=CYLINDRICAL_SURFACE('',#8089,5.E-1);
#8091=ORIENTED_EDGE('',*,*,#5216,.F.);
#8093=ORIENTED_EDGE('',*,*,#8092,.T.);
#8094=ORIENTED_EDGE('',*,*,#5388,.T.);
#8095=ORIENTED_EDGE('',*,*,#8078,.T.);
#8096=EDGE_LOOP('',(#8091,#8093,#8094,#8095));
#8097=FACE_OUTER_BOUND('',#8096,.F.);
#8099=CARTESIAN_POINT('',(-2.65E1,6.45E1,-1.15E1));
#8100=DIRECTION('',(0.E0,0.E0,1.E0));
#8101=DIRECTION('',(0.E0,1.E0,0.E0));
#8102=AXIS2_PLACEMENT_3D('',#8099,#8100,#8101);
#8103=PLANE('',#8102);
#8104=ORIENTED_EDGE('',*,*,#5390,.T.);
#8105=ORIENTED_EDGE('',*,*,#8092,.F.);
#8106=ORIENTED_EDGE('',*,*,#5222,.T.);
#8107=ORIENTED_EDGE('',*,*,#5282,.T.);
#8108=ORIENTED_EDGE('',*,*,#6705,.T.);
#8109=EDGE_LOOP('',(#8104,#8105,#8106,#8107,#8108));
#8110=FACE_OUTER_BOUND('',#8109,.F.);
#8112=CARTESIAN_POINT('',(-2.65E1,1.5E1,1.850835173882E1));
#8113=DIRECTION('',(0.E0,0.E0,-1.E0));
#8114=DIRECTION('',(0.E0,-1.E0,0.E0));
#8115=AXIS2_PLACEMENT_3D('',#8112,#8113,#8114);
#8116=PLANE('',#8115);
#8117=ORIENTED_EDGE('',*,*,#4073,.T.);
#8119=ORIENTED_EDGE('',*,*,#8118,.F.);
#8120=ORIENTED_EDGE('',*,*,#5236,.T.);
#8121=ORIENTED_EDGE('',*,*,#4338,.T.);
#8122=ORIENTED_EDGE('',*,*,#6726,.T.);
#8123=EDGE_LOOP('',(#8117,#8119,#8120,#8121,#8122));
#8124=FACE_OUTER_BOUND('',#8123,.F.);
#8126=CARTESIAN_POINT('',(-2.6E1,5.E-1,2.458167657937E2));
#8127=DIRECTION('',(0.E0,0.E0,-1.E0));
#8128=DIRECTION('',(0.E0,-1.E0,0.E0));
#8129=AXIS2_PLACEMENT_3D('',#8126,#8127,#8128);
#8130=CYLINDRICAL_SURFACE('',#8129,5.E-1);
#8131=ORIENTED_EDGE('',*,*,#5238,.F.);
#8132=ORIENTED_EDGE('',*,*,#8118,.T.);
#8133=ORIENTED_EDGE('',*,*,#4071,.T.);
#8135=ORIENTED_EDGE('',*,*,#8134,.T.);
#8136=EDGE_LOOP('',(#8131,#8132,#8133,#8135));
#8137=FACE_OUTER_BOUND('',#8136,.F.);
#8139=CARTESIAN_POINT('',(-2.65E1,0.E0,-1.15E1));
#8140=DIRECTION('',(0.E0,0.E0,1.E0));
#8141=DIRECTION('',(0.E0,1.E0,0.E0));
#8142=AXIS2_PLACEMENT_3D('',#8139,#8140,#8141);
#8143=PLANE('',#8142);
#8144=ORIENTED_EDGE('',*,*,#5240,.F.);
#8145=ORIENTED_EDGE('',*,*,#8134,.F.);
#8146=ORIENTED_EDGE('',*,*,#4069,.T.);
#8147=ORIENTED_EDGE('',*,*,#6750,.T.);
#8148=ORIENTED_EDGE('',*,*,#4350,.F.);
#8149=EDGE_LOOP('',(#8144,#8145,#8146,#8147,#8148));
#8150=FACE_OUTER_BOUND('',#8149,.F.);
#8152=CARTESIAN_POINT('',(-2.65E1,1.5E1,3.25E0));
#8153=DIRECTION('',(0.E0,0.E0,1.E0));
#8154=DIRECTION('',(1.E0,0.E0,0.E0));
#8155=AXIS2_PLACEMENT_3D('',#8152,#8153,#8154);
#8156=PLANE('',#8155);
#8157=ORIENTED_EDGE('',*,*,#4342,.F.);
#8158=ORIENTED_EDGE('',*,*,#5233,.F.);
#8159=ORIENTED_EDGE('',*,*,#4252,.T.);
#8161=ORIENTED_EDGE('',*,*,#8160,.F.);
#8162=EDGE_LOOP('',(#8157,#8158,#8159,#8161));
#8163=FACE_OUTER_BOUND('',#8162,.F.);
#8165=CARTESIAN_POINT('',(-2.375E1,1.5E1,0.E0));
#8166=DIRECTION('',(0.E0,1.E0,0.E0));
#8167=DIRECTION('',(1.E0,0.E0,0.E0));
#8168=AXIS2_PLACEMENT_3D('',#8165,#8166,#8167);
#8169=CYLINDRICAL_SURFACE('',#8168,3.25E0);
#8170=ORIENTED_EDGE('',*,*,#4344,.F.);
#8171=ORIENTED_EDGE('',*,*,#8160,.T.);
#8172=ORIENTED_EDGE('',*,*,#4250,.T.);
#8174=ORIENTED_EDGE('',*,*,#8173,.F.);
#8175=EDGE_LOOP('',(#8170,#8171,#8172,#8174));
#8176=FACE_OUTER_BOUND('',#8175,.F.);
#8178=CARTESIAN_POINT('',(-2.375E1,1.5E1,-3.25E0));
#8179=DIRECTION('',(0.E0,0.E0,-1.E0));
#8180=DIRECTION('',(-1.E0,0.E0,0.E0));
#8181=AXIS2_PLACEMENT_3D('',#8178,#8179,#8180);
#8182=PLANE('',#8181);
#8183=ORIENTED_EDGE('',*,*,#4346,.T.);
#8184=ORIENTED_EDGE('',*,*,#8173,.T.);
#8185=ORIENTED_EDGE('',*,*,#4248,.T.);
#8186=ORIENTED_EDGE('',*,*,#5243,.T.);
#8187=EDGE_LOOP('',(#8183,#8184,#8185,#8186));
#8188=FACE_OUTER_BOUND('',#8187,.F.);
#8190=CARTESIAN_POINT('',(-1.75E1,0.E0,0.E0));
#8191=DIRECTION('',(1.E0,0.E0,0.E0));
#8192=DIRECTION('',(0.E0,-1.E0,0.E0));
#8193=AXIS2_PLACEMENT_3D('',#8190,#8191,#8192);
#8194=PLANE('',#8193);
#8195=ORIENTED_EDGE('',*,*,#5159,.F.);
#8196=ORIENTED_EDGE('',*,*,#4328,.F.);
#8197=ORIENTED_EDGE('',*,*,#5065,.F.);
#8198=ORIENTED_EDGE('',*,*,#4939,.F.);
#8199=ORIENTED_EDGE('',*,*,#5003,.T.);
#8200=EDGE_LOOP('',(#8195,#8196,#8197,#8198,#8199));
#8201=FACE_OUTER_BOUND('',#8200,.F.);
#8203=CARTESIAN_POINT('',(-8.625E0,1.5E1,2.433925103310E1));
#8204=DIRECTION('',(1.E0,0.E0,0.E0));
#8205=DIRECTION('',(0.E0,0.E0,-1.E0));
#8206=AXIS2_PLACEMENT_3D('',#8203,#8204,#8205);
#8207=PLANE('',#8206);
#8208=ORIENTED_EDGE('',*,*,#4951,.F.);
#8209=ORIENTED_EDGE('',*,*,#4985,.F.);
#8210=ORIENTED_EDGE('',*,*,#5019,.F.);
#8211=ORIENTED_EDGE('',*,*,#5060,.F.);
#8212=EDGE_LOOP('',(#8208,#8209,#8210,#8211));
#8213=FACE_OUTER_BOUND('',#8212,.F.);
#8215=CARTESIAN_POINT('',(-8.625E0,1.5E1,2.433925103310E1));
#8216=DIRECTION('',(1.E0,0.E0,0.E0));
#8217=DIRECTION('',(0.E0,0.E0,-1.E0));
#8218=AXIS2_PLACEMENT_3D('',#8215,#8216,#8217);
#8219=PLANE('',#8218);
#8220=ORIENTED_EDGE('',*,*,#5073,.F.);
#8221=ORIENTED_EDGE('',*,*,#4316,.T.);
#8222=ORIENTED_EDGE('',*,*,#4878,.T.);
#8223=EDGE_LOOP('',(#8220,#8221,#8222));
#8224=FACE_OUTER_BOUND('',#8223,.F.);
#8226=CARTESIAN_POINT('',(2.375E1,1.5E1,0.E0));
#8227=DIRECTION('',(0.E0,1.E0,0.E0));
#8228=DIRECTION('',(1.E0,0.E0,0.E0));
#8229=AXIS2_PLACEMENT_3D('',#8226,#8227,#8228);
#8230=CYLINDRICAL_SURFACE('',#8229,1.4E0);
#8231=ORIENTED_EDGE('',*,*,#4281,.F.);
#8232=ORIENTED_EDGE('',*,*,#4166,.T.);
#8233=ORIENTED_EDGE('',*,*,#4151,.T.);
#8234=ORIENTED_EDGE('',*,*,#4163,.F.);
#8235=EDGE_LOOP('',(#8231,#8232,#8233,#8234));
#8236=FACE_OUTER_BOUND('',#8235,.F.);
#8238=CARTESIAN_POINT('',(1.1875E1,1.5E1,-2.056810333988E1));
#8239=DIRECTION('',(0.E0,1.E0,0.E0));
#8240=DIRECTION('',(1.E0,0.E0,0.E0));
#8241=AXIS2_PLACEMENT_3D('',#8238,#8239,#8240);
#8242=CYLINDRICAL_SURFACE('',#8241,1.4E0);
#8243=ORIENTED_EDGE('',*,*,#4200,.F.);
#8245=ORIENTED_EDGE('',*,*,#8244,.T.);
#8246=ORIENTED_EDGE('',*,*,#4085,.T.);
#8248=ORIENTED_EDGE('',*,*,#8247,.F.);
#8249=EDGE_LOOP('',(#8243,#8245,#8246,#8248));
#8250=FACE_OUTER_BOUND('',#8249,.F.);
#8252=CARTESIAN_POINT('',(1.1875E1,1.5E1,-2.056810333988E1));
#8253=DIRECTION('',(0.E0,1.E0,0.E0));
#8254=DIRECTION('',(1.E0,0.E0,0.E0));
#8255=AXIS2_PLACEMENT_3D('',#8252,#8253,#8254);
#8256=CYLINDRICAL_SURFACE('',#8255,1.4E0);
#8257=ORIENTED_EDGE('',*,*,#4202,.F.);
#8258=ORIENTED_EDGE('',*,*,#8247,.T.);
#8259=ORIENTED_EDGE('',*,*,#4087,.T.);
#8260=ORIENTED_EDGE('',*,*,#8244,.F.);
#8261=EDGE_LOOP('',(#8257,#8258,#8259,#8260));
#8262=FACE_OUTER_BOUND('',#8261,.F.);
#8264=CARTESIAN_POINT('',(1.1875E1,1.5E1,2.056810333988E1));
#8265=DIRECTION('',(0.E0,1.E0,0.E0));
#8266=DIRECTION('',(1.E0,0.E0,0.E0));
#8267=AXIS2_PLACEMENT_3D('',#8264,#8265,#8266);
#8268=CYLINDRICAL_SURFACE('',#8267,1.4E0);
#8269=ORIENTED_EDGE('',*,*,#4236,.F.);
#8271=ORIENTED_EDGE('',*,*,#8270,.T.);
#8272=ORIENTED_EDGE('',*,*,#4091,.T.);
#8274=ORIENTED_EDGE('',*,*,#8273,.F.);
#8275=EDGE_LOOP('',(#8269,#8271,#8272,#8274));
#8276=FACE_OUTER_BOUND('',#8275,.F.);
#8278=CARTESIAN_POINT('',(1.1875E1,1.5E1,2.056810333988E1));
#8279=DIRECTION('',(0.E0,1.E0,0.E0));
#8280=DIRECTION('',(1.E0,0.E0,0.E0));
#8281=AXIS2_PLACEMENT_3D('',#8278,#8279,#8280);
#8282=CYLINDRICAL_SURFACE('',#8281,1.4E0);
#8283=ORIENTED_EDGE('',*,*,#4238,.F.);
#8284=ORIENTED_EDGE('',*,*,#8273,.T.);
#8285=ORIENTED_EDGE('',*,*,#4093,.T.);
#8286=ORIENTED_EDGE('',*,*,#8270,.F.);
#8287=EDGE_LOOP('',(#8283,#8284,#8285,#8286));
#8288=FACE_OUTER_BOUND('',#8287,.F.);
#8290=CARTESIAN_POINT('',(-2.375E1,1.5E1,0.E0));
#8291=DIRECTION('',(0.E0,1.E0,0.E0));
#8292=DIRECTION('',(1.E0,0.E0,0.E0));
#8293=AXIS2_PLACEMENT_3D('',#8290,#8291,#8292);
#8294=CYLINDRICAL_SURFACE('',#8293,1.4E0);
#8295=ORIENTED_EDGE('',*,*,#4258,.F.);
#8297=ORIENTED_EDGE('',*,*,#8296,.T.);
#8298=ORIENTED_EDGE('',*,*,#4097,.T.);
#8300=ORIENTED_EDGE('',*,*,#8299,.F.);
#8301=EDGE_LOOP('',(#8295,#8297,#8298,#8300));
#8302=FACE_OUTER_BOUND('',#8301,.F.);
#8304=CARTESIAN_POINT('',(-2.375E1,1.5E1,0.E0));
#8305=DIRECTION('',(0.E0,1.E0,0.E0));
#8306=DIRECTION('',(1.E0,0.E0,0.E0));
#8307=AXIS2_PLACEMENT_3D('',#8304,#8305,#8306);
#8308=CYLINDRICAL_SURFACE('',#8307,1.4E0);
#8309=ORIENTED_EDGE('',*,*,#4260,.F.);
#8310=ORIENTED_EDGE('',*,*,#8299,.T.);
#8311=ORIENTED_EDGE('',*,*,#4099,.T.);
#8312=ORIENTED_EDGE('',*,*,#8296,.F.);
#8313=EDGE_LOOP('',(#8309,#8310,#8311,#8312));
#8314=FACE_OUTER_BOUND('',#8313,.F.);
#8316=CARTESIAN_POINT('',(-1.1875E1,1.5E1,-2.056810333988E1));
#8317=DIRECTION('',(0.E0,1.E0,0.E0));
#8318=DIRECTION('',(1.E0,0.E0,0.E0));
#8319=AXIS2_PLACEMENT_3D('',#8316,#8317,#8318);
#8320=CYLINDRICAL_SURFACE('',#8319,1.4E0);
#8321=ORIENTED_EDGE('',*,*,#4182,.F.);
#8323=ORIENTED_EDGE('',*,*,#8322,.T.);
#8324=ORIENTED_EDGE('',*,*,#4103,.T.);
#8326=ORIENTED_EDGE('',*,*,#8325,.F.);
#8327=EDGE_LOOP('',(#8321,#8323,#8324,#8326));
#8328=FACE_OUTER_BOUND('',#8327,.F.);
#8330=CARTESIAN_POINT('',(-1.1875E1,1.5E1,-2.056810333988E1));
#8331=DIRECTION('',(0.E0,1.E0,0.E0));
#8332=DIRECTION('',(1.E0,0.E0,0.E0));
#8333=AXIS2_PLACEMENT_3D('',#8330,#8331,#8332);
#8334=CYLINDRICAL_SURFACE('',#8333,1.4E0);
#8335=ORIENTED_EDGE('',*,*,#4184,.F.);
#8336=ORIENTED_EDGE('',*,*,#8325,.T.);
#8337=ORIENTED_EDGE('',*,*,#4105,.T.);
#8338=ORIENTED_EDGE('',*,*,#8322,.F.);
#8339=EDGE_LOOP('',(#8335,#8336,#8337,#8338));
#8340=FACE_OUTER_BOUND('',#8339,.F.);
#8342=CARTESIAN_POINT('',(-1.1875E1,1.5E1,2.056810333988E1));
#8343=DIRECTION('',(0.E0,1.E0,0.E0));
#8344=DIRECTION('',(1.E0,0.E0,0.E0));
#8345=AXIS2_PLACEMENT_3D('',#8342,#8343,#8344);
#8346=CYLINDRICAL_SURFACE('',#8345,1.4E0);
#8347=ORIENTED_EDGE('',*,*,#4218,.F.);
#8349=ORIENTED_EDGE('',*,*,#8348,.T.);
#8350=ORIENTED_EDGE('',*,*,#4109,.T.);
#8352=ORIENTED_EDGE('',*,*,#8351,.F.);
#8353=EDGE_LOOP('',(#8347,#8349,#8350,#8352));
#8354=FACE_OUTER_BOUND('',#8353,.F.);
#8356=CARTESIAN_POINT('',(-1.1875E1,1.5E1,2.056810333988E1));
#8357=DIRECTION('',(0.E0,1.E0,0.E0));
#8358=DIRECTION('',(1.E0,0.E0,0.E0));
#8359=AXIS2_PLACEMENT_3D('',#8356,#8357,#8358);
#8360=CYLINDRICAL_SURFACE('',#8359,1.4E0);
#8361=ORIENTED_EDGE('',*,*,#4220,.F.);
#8362=ORIENTED_EDGE('',*,*,#8351,.T.);
#8363=ORIENTED_EDGE('',*,*,#4111,.T.);
#8364=ORIENTED_EDGE('',*,*,#8348,.F.);
#8365=EDGE_LOOP('',(#8361,#8362,#8363,#8364));
#8366=FACE_OUTER_BOUND('',#8365,.F.);
#8368=CLOSED_SHELL('',(#4155,#4170,#4188,#4206,#4224,#4242,#4264,#4285,#4300,
#4401,#4415,#4427,#4441,#4453,#4468,#4499,#4515,#4531,#4544,#4559,#4587,#4603,
#4617,#4630,#4644,#4658,#4671,#4683,#4696,#4708,#4723,#4737,#4751,#4764,#4779,
#4793,#4806,#4819,#4831,#4845,#4857,#4872,#4887,#4902,#4918,#4930,#4945,#4961,
#4977,#5009,#5023,#5038,#5077,#5089,#5100,#5112,#5123,#5135,#5149,#5163,#5187,
#5210,#5226,#5247,#5259,#5292,#5307,#5340,#5355,#5370,#5445,#5460,#5475,#5491,
#5505,#5518,#5533,#5548,#5561,#5576,#5589,#5601,#5616,#5630,#5643,#5657,#5671,
#5699,#5710,#5723,#5737,#5750,#5764,#5779,#5793,#5807,#5821,#5834,#5846,#5859,
#5872,#5901,#5916,#5934,#5948,#5969,#5993,#6014,#6029,#6052,#6067,#6126,#6140,
#6199,#6213,#6226,#6243,#6266,#6287,#6300,#6315,#6328,#6341,#6358,#6372,#6397,
#6410,#6428,#6444,#6456,#6470,#6529,#6543,#6600,#6613,#6624,#6641,#6660,#6674,
#6696,#6718,#6739,#6761,#6782,#6795,#6811,#6829,#6847,#6865,#6879,#6897,#6912,
#6934,#6958,#6997,#7009,#7022,#7080,#7094,#7152,#7164,#7178,#7200,#7215,#7272,
#7287,#7319,#7333,#7346,#7360,#7373,#7392,#7404,#7418,#7430,#7443,#7500,#7513,
#7526,#7540,#7553,#7567,#7580,#7592,#7605,#7621,#7633,#7646,#7658,#7671,#7685,
#7698,#7717,#7729,#7744,#7757,#7775,#7787,#7800,#7813,#7825,#7837,#7849,#7861,
#7876,#7889,#7907,#7919,#7934,#7947,#7957,#7969,#7981,#7993,#8007,#8019,#8033,
#8045,#8059,#8071,#8085,#8098,#8111,#8125,#8138,#8151,#8164,#8177,#8189,#8202,
#8214,#8225,#8237,#8251,#8263,#8277,#8289,#8303,#8315,#8329,#8341,#8355,#8367));
#8369=MANIFOLD_SOLID_BREP('',#8368);
#8372=PLANE_ANGLE_MEASURE_WITH_UNIT(PLANE_ANGLE_MEASURE(1.745329251994E-2),
#8371);
#8373=(CONVERSION_BASED_UNIT('DEGREE',#8372)NAMED_UNIT(*)PLANE_ANGLE_UNIT());
#8375=UNCERTAINTY_MEASURE_WITH_UNIT(LENGTH_MEASURE(2.354459718202E-2),#8370,
'distance_accuracy_value',
'Maximum model space distance between geometric entities at asserted connectivities');
#8377=CARTESIAN_POINT('',(0.E0,0.E0,0.E0));
#8378=DIRECTION('',(0.E0,0.E0,1.E0));
#8379=DIRECTION('',(1.E0,0.E0,0.E0));
#8382=APPLICATION_CONTEXT('automotive_design');
#8383=APPLICATION_PROTOCOL_DEFINITION('international standard',
'automotive_design',2001,#8382);
#8384=PRODUCT_DEFINITION_CONTEXT('part definition',#8382,'design');
#8385=PRODUCT_CONTEXT('',#8382,'mechanical');
#8386=PRODUCT('TOWER1','TOWER1','NOT SPECIFIED',(#8385));
#8387=PRODUCT_DEFINITION_FORMATION('33','LAST_VERSION',#8386);
#8395=DERIVED_UNIT_ELEMENT(#8394,2.E0);
#8396=DERIVED_UNIT((#8395));
#8397=MEASURE_REPRESENTATION_ITEM('surface area measure',AREA_MEASURE(
3.301979410520E4),#8396);
#8402=DERIVED_UNIT_ELEMENT(#8401,3.E0);
#8403=DERIVED_UNIT((#8402));
#8404=MEASURE_REPRESENTATION_ITEM('volume measure',VOLUME_MEASURE(
9.599955218972E4),#8403);
#8408=CARTESIAN_POINT('centre point',(-1.532947251198E0,4.044068520016E1,
1.499672758705E1));
#8413=DERIVED_UNIT_ELEMENT(#8412,2.E0);
#8414=DERIVED_UNIT((#8413));
#8415=MEASURE_REPRESENTATION_ITEM('surface area measure',AREA_MEASURE(
3.301979410520E4),#8414);
#8420=DERIVED_UNIT_ELEMENT(#8419,3.E0);
#8421=DERIVED_UNIT((#8420));
#8422=MEASURE_REPRESENTATION_ITEM('volume measure',VOLUME_MEASURE(
9.599955218972E4),#8421);
#8426=CARTESIAN_POINT('centre point',(-1.532947251198E0,4.044068520016E1,
1.499672758705E1));
#1=DRAUGHTING_PRE_DEFINED_COLOUR('green');
#2=DRAUGHTING_PRE_DEFINED_COLOUR('green');
#3=DRAUGHTING_PRE_DEFINED_COLOUR('green');
#4=COLOUR_RGB('',1.1E-2,1.2E-2,1.E0);
#5=COLOUR_RGB('',1.1E-2,1.2E-2,1.E0);
#6=COLOUR_RGB('',4.1E-1,2.61589E-1,1.12848E-1);
#7=COLOUR_RGB('',5.04854E-1,1.5455E-2,1.5455E-2);
#8=COLOUR_RGB('',6.35294E-1,6.86275E-1,7.4902E-1);
#9=COLOUR_RGB('',6.40777E-1,6.40777E-1,6.40777E-1);
#10=COLOUR_RGB('',6.66667E-1,6.66667E-1,6.66667E-1);
#11=COLOUR_RGB('',6.69062E-1,6.69903E-1,6.55217E-1);
#12=COLOUR_RGB('',7.45098E-1,3.92157E-1,2.94118E-1);
#13=COLOUR_RGB('',8.03922E-1,5.88235E-1,1.96078E-1);
#14=COLOUR_RGB('',9.21569E-1,7.05882E-1,4.70588E-1);
#15=DRAUGHTING_PRE_DEFINED_COLOUR('red');
#16=DRAUGHTING_PRE_DEFINED_COLOUR('red');
#17=DRAUGHTING_PRE_DEFINED_COLOUR('red');
#18=DRAUGHTING_PRE_DEFINED_COLOUR('red');
#19=DRAUGHTING_PRE_DEFINED_COLOUR('red');
#20=DRAUGHTING_PRE_DEFINED_COLOUR('red');
#21=DRAUGHTING_PRE_DEFINED_COLOUR('red');
#22=DRAUGHTING_PRE_DEFINED_COLOUR('yellow');
#23=DRAUGHTING_PRE_DEFINED_COLOUR('yellow');
#24=COLOUR_RGB('',1.E0,1.E0,5.3E-1);
#25=COLOUR_RGB('',1.E0,1.E0,9.49E-1);
#26=COLOUR_RGB('',1.E0,1.E0,9.49E-1);
#27=DRAUGHTING_PRE_DEFINED_COLOUR('white');
#32=CIRCLE('',#31,1.4E0);
#37=CIRCLE('',#36,1.4E0);
#42=CIRCLE('',#41,1.4E0);
#47=CIRCLE('',#46,1.4E0);
#52=CIRCLE('',#51,1.4E0);
#57=CIRCLE('',#56,1.4E0);
#62=CIRCLE('',#61,1.4E0);
#67=CIRCLE('',#66,1.4E0);
#72=CIRCLE('',#71,1.4E0);
#77=CIRCLE('',#76,1.4E0);
#82=CIRCLE('',#81,1.4E0);
#87=CIRCLE('',#86,1.4E0);
#97=B_SPLINE_CURVE_WITH_KNOTS('',3,(#88,#89,#90,#91,#92,#93,#94,#95,#96),
.UNSPECIFIED.,.F.,.F.,(4,1,1,1,1,1,4),(0.E0,1.666666666667E-1,3.333333333333E-1,
5.E-1,6.666666666667E-1,8.333333333333E-1,1.E0),.UNSPECIFIED.);
#102=CIRCLE('',#101,1.875E1);
#107=CIRCLE('',#106,1.998805795284E1);
#112=CIRCLE('',#111,1.875E1);
#122=B_SPLINE_CURVE_WITH_KNOTS('',3,(#113,#114,#115,#116,#117,#118,#119,#120,
#121),.UNSPECIFIED.,.F.,.F.,(4,1,1,1,1,1,4),(0.E0,1.666666666667E-1,
3.333333333333E-1,5.E-1,6.666666666667E-1,8.333333333333E-1,1.E0),
.UNSPECIFIED.);
#127=CIRCLE('',#126,1.875E1);
#132=CIRCLE('',#131,1.998805795284E1);
#137=CIRCLE('',#136,1.875E1);
#146=CIRCLE('',#145,1.95E1);
#167=CIRCLE('',#166,1.4E0);
#176=CIRCLE('',#175,3.25E0);
#181=CIRCLE('',#180,3.25E0);
#186=CIRCLE('',#185,3.25E0);
#191=CIRCLE('',#190,3.25E0);
#196=CIRCLE('',#195,3.25E0);
#201=CIRCLE('',#200,3.25E0);
#206=CIRCLE('',#205,3.25E0);
#211=CIRCLE('',#210,3.25E0);
#220=CIRCLE('',#219,3.25E0);
#233=CIRCLE('',#232,3.25E0);
#246=CIRCLE('',#245,3.25E0);
#251=CIRCLE('',#250,3.25E0);
#256=CIRCLE('',#255,3.25E0);
#261=CIRCLE('',#260,3.25E0);
#266=CIRCLE('',#265,1.875E1);
#271=CIRCLE('',#270,1.875E1);
#276=CIRCLE('',#275,3.25E0);
#281=CIRCLE('',#280,3.25E0);
#286=CIRCLE('',#285,3.25E0);
#291=CIRCLE('',#290,3.25E0);
#352=CIRCLE('',#351,3.25E0);
#365=CIRCLE('',#364,2.E1);
#374=CIRCLE('',#373,3.25E0);
#399=CIRCLE('',#398,1.875E1);
#410=B_SPLINE_CURVE_WITH_KNOTS('',3,(#404,#405,#406,#407,#408,#409),
.UNSPECIFIED.,.F.,.F.,(4,1,1,4),(0.E0,3.333333333333E-1,6.666666666667E-1,1.E0),
.UNSPECIFIED.);
#415=CIRCLE('',#414,1.5E0);
#420=CIRCLE('',#419,1.948805795284E1);
#425=CIRCLE('',#424,1.5E0);
#430=CIRCLE('',#429,1.5E0);
#435=CIRCLE('',#434,1.948805795284E1);
#440=CIRCLE('',#439,1.948805795284E1);
#449=CIRCLE('',#448,1.948805795284E1);
#458=CIRCLE('',#457,5.E-1);
#466=B_SPLINE_CURVE_WITH_KNOTS('',3,(#459,#460,#461,#462,#463,#464,#465),
.UNSPECIFIED.,.F.,.F.,(4,1,1,1,4),(0.E0,2.5E-1,5.E-1,7.5E-1,1.E0),
.UNSPECIFIED.);
#481=B_SPLINE_CURVE_WITH_KNOTS('',3,(#475,#476,#477,#478,#479,#480),
.UNSPECIFIED.,.F.,.F.,(4,1,1,4),(0.E0,3.333333333333E-1,6.666666666667E-1,1.E0),
.UNSPECIFIED.);
#486=CIRCLE('',#485,1.5E0);
#491=CIRCLE('',#490,1.948805795284E1);
#496=CIRCLE('',#495,1.5E0);
#501=CIRCLE('',#500,1.5E0);
#506=CIRCLE('',#505,1.948805795284E1);
#513=B_SPLINE_CURVE_WITH_KNOTS('',3,(#507,#508,#509,#510,#511,#512),
.UNSPECIFIED.,.F.,.F.,(4,1,1,4),(0.E0,3.333333333333E-1,6.666666666667E-1,1.E0),
.UNSPECIFIED.);
#518=CIRCLE('',#517,1.5E0);
#523=CIRCLE('',#522,1.948805795284E1);
#532=CIRCLE('',#531,1.948805795284E1);
#541=CIRCLE('',#540,5.E-1);
#549=B_SPLINE_CURVE_WITH_KNOTS('',3,(#542,#543,#544,#545,#546,#547,#548),
.UNSPECIFIED.,.F.,.F.,(4,1,1,1,4),(0.E0,2.5E-1,5.E-1,7.5E-1,1.E0),
.UNSPECIFIED.);
#566=CIRCLE('',#565,1.875E1);
#583=CIRCLE('',#582,1.875E1);
#596=CIRCLE('',#595,1.875E1);
#605=CIRCLE('',#604,1.875E1);
#614=CIRCLE('',#613,1.875E1);
#631=CIRCLE('',#630,5.E-1);
#639=B_SPLINE_CURVE_WITH_KNOTS('',3,(#632,#633,#634,#635,#636,#637,#638),
.UNSPECIFIED.,.F.,.F.,(4,1,1,1,4),(0.E0,2.5E-1,5.E-1,7.5E-1,1.E0),
.UNSPECIFIED.);
#644=CIRCLE('',#643,1.948805795284E1);
#661=CIRCLE('',#660,1.948805795284E1);
#670=CIRCLE('',#669,5.E-1);
#675=CIRCLE('',#674,5.E-1);
#752=CIRCLE('',#751,4.E0);
#757=CIRCLE('',#756,4.E0);
#766=CIRCLE('',#765,4.E0);
#771=CIRCLE('',#770,4.E0);
#776=CIRCLE('',#775,4.E0);
#897=CIRCLE('',#896,4.E0);
#914=CIRCLE('',#913,6.5E1);
#931=CIRCLE('',#930,4.E0);
#988=CIRCLE('',#987,4.E0);
#993=CIRCLE('',#992,1.875E1);
#998=CIRCLE('',#997,1.875E1);
#1011=CIRCLE('',#1010,2.E1);
#1016=CIRCLE('',#1015,1.875E1);
#1025=CIRCLE('',#1024,2.025E1);
#1032=B_SPLINE_CURVE_WITH_KNOTS('',3,(#1026,#1027,#1028,#1029,#1030,#1031),
.UNSPECIFIED.,.F.,.F.,(4,1,1,4),(0.E0,3.333333333333E-1,6.666666666667E-1,1.E0),
.UNSPECIFIED.);
#1041=B_SPLINE_CURVE_WITH_KNOTS('',3,(#1033,#1034,#1035,#1036,#1037,#1038,#1039,
#1040),.UNSPECIFIED.,.F.,.F.,(4,1,1,1,1,4),(0.E0,2.E-1,4.E-1,6.E-1,8.E-1,1.E0),
.UNSPECIFIED.);
#1050=B_SPLINE_CURVE_WITH_KNOTS('',3,(#1042,#1043,#1044,#1045,#1046,#1047,#1048,
#1049),.UNSPECIFIED.,.F.,.F.,(4,1,1,1,1,4),(0.E0,2.E-1,4.E-1,6.E-1,8.E-1,1.E0),
.UNSPECIFIED.);
#1055=CIRCLE('',#1054,2.025E1);
#1060=CIRCLE('',#1059,2.025E1);
#1069=B_SPLINE_CURVE_WITH_KNOTS('',3,(#1061,#1062,#1063,#1064,#1065,#1066,#1067,
#1068),.UNSPECIFIED.,.F.,.F.,(4,1,1,1,1,4),(0.E0,2.E-1,4.E-1,6.E-1,8.E-1,1.E0),
.UNSPECIFIED.);
#1078=B_SPLINE_CURVE_WITH_KNOTS('',3,(#1070,#1071,#1072,#1073,#1074,#1075,#1076,
#1077),.UNSPECIFIED.,.F.,.F.,(4,1,1,1,1,4),(0.E0,2.E-1,4.E-1,6.E-1,8.E-1,1.E0),
.UNSPECIFIED.);
#1083=CIRCLE('',#1082,2.025264227632E1);
#1092=CIRCLE('',#1091,5.E-1);
#1101=CIRCLE('',#1100,2.075264227258E1);
#1106=CIRCLE('',#1105,1.875E1);
#1119=B_SPLINE_CURVE_WITH_KNOTS('',3,(#1111,#1112,#1113,#1114,#1115,#1116,#1117,
#1118),.UNSPECIFIED.,.F.,.F.,(4,1,1,1,1,4),(0.E0,2.E-1,4.E-1,6.E-1,8.E-1,1.E0),
.UNSPECIFIED.);
#1124=CIRCLE('',#1123,1.875E1);
#1133=CIRCLE('',#1132,2.075264227258E1);
#1138=CIRCLE('',#1137,1.875E1);
#1147=CIRCLE('',#1146,2.075264227258E1);
#1152=CIRCLE('',#1151,1.875E1);
#1177=CIRCLE('',#1176,1.95E1);
#1182=CIRCLE('',#1181,5.E-1);
#1187=CIRCLE('',#1186,5.E-1);
#1208=CIRCLE('',#1207,1.875E1);
#1221=CIRCLE('',#1220,1.875E1);
#1234=CIRCLE('',#1233,1.875E1);
#1247=CIRCLE('',#1246,1.875E1);
#1256=CIRCLE('',#1255,1.875E1);
#1273=CIRCLE('',#1272,5.E-1);
#1278=CIRCLE('',#1277,2.025264227632E1);
#1299=CIRCLE('',#1298,5.E-1);
#1304=CIRCLE('',#1303,5.E-1);
#1309=CIRCLE('',#1308,5.E-1);
#1314=CIRCLE('',#1313,2.025264227632E1);
#1323=CIRCLE('',#1322,2.025E1);
#1328=CIRCLE('',#1327,1.5E0);
#1333=CIRCLE('',#1332,1.5E0);
#1338=CIRCLE('',#1337,2.025E1);
#1347=B_SPLINE_CURVE_WITH_KNOTS('',3,(#1339,#1340,#1341,#1342,#1343,#1344,#1345,
#1346),.UNSPECIFIED.,.F.,.F.,(4,1,1,1,1,4),(0.E0,2.E-1,4.E-1,6.E-1,8.E-1,1.E0),
.UNSPECIFIED.);
#1356=B_SPLINE_CURVE_WITH_KNOTS('',3,(#1348,#1349,#1350,#1351,#1352,#1353,#1354,
#1355),.UNSPECIFIED.,.F.,.F.,(4,1,1,1,1,4),(0.E0,2.E-1,4.E-1,6.E-1,8.E-1,1.E0),
.UNSPECIFIED.);
#1361=CIRCLE('',#1360,2.025E1);
#1368=B_SPLINE_CURVE_WITH_KNOTS('',3,(#1362,#1363,#1364,#1365,#1366,#1367),
.UNSPECIFIED.,.F.,.F.,(4,1,1,4),(0.E0,3.333333333333E-1,6.666666666667E-1,1.E0),
.UNSPECIFIED.);
#1377=B_SPLINE_CURVE_WITH_KNOTS('',3,(#1369,#1370,#1371,#1372,#1373,#1374,#1375,
#1376),.UNSPECIFIED.,.F.,.F.,(4,1,1,1,1,4),(0.E0,2.E-1,4.E-1,6.E-1,8.E-1,1.E0),
.UNSPECIFIED.);
#1386=B_SPLINE_CURVE_WITH_KNOTS('',3,(#1378,#1379,#1380,#1381,#1382,#1383,#1384,
#1385),.UNSPECIFIED.,.F.,.F.,(4,1,1,1,1,4),(0.E0,2.E-1,4.E-1,6.E-1,8.E-1,1.E0),
.UNSPECIFIED.);
#1415=CIRCLE('',#1414,5.E-1);
#1420=CIRCLE('',#1419,5.E-1);
#1437=CIRCLE('',#1436,5.E-1);
#1442=CIRCLE('',#1441,5.E-1);
#1447=CIRCLE('',#1446,5.E-1);
#1464=CIRCLE('',#1463,2.025264227632E1);
#1489=CIRCLE('',#1488,7.7E1);
#1494=CIRCLE('',#1493,7.7E1);
#1499=CIRCLE('',#1498,7.7E1);
#1504=CIRCLE('',#1503,7.7E1);
#1515=B_SPLINE_CURVE_WITH_KNOTS('',3,(#1505,#1506,#1507,#1508,#1509,#1510,#1511,
#1512,#1513,#1514),.UNSPECIFIED.,.F.,.F.,(4,1,1,1,1,1,1,4),(0.E0,
1.428571428571E-1,2.857142857143E-1,4.285714285714E-1,5.714285714286E-1,
7.142857142857E-1,8.571428571429E-1,1.E0),.UNSPECIFIED.);
#1530=B_SPLINE_CURVE_WITH_KNOTS('',3,(#1520,#1521,#1522,#1523,#1524,#1525,#1526,
#1527,#1528,#1529),.UNSPECIFIED.,.F.,.F.,(4,1,1,1,1,1,1,4),(0.E0,
1.428571428571E-1,2.857142857143E-1,4.285714285714E-1,5.714285714286E-1,
7.142857142857E-1,8.571428571429E-1,1.E0),.UNSPECIFIED.);
#1541=B_SPLINE_CURVE_WITH_KNOTS('',3,(#1531,#1532,#1533,#1534,#1535,#1536,#1537,
#1538,#1539,#1540),.UNSPECIFIED.,.F.,.F.,(4,1,1,1,1,1,1,4),(0.E0,
1.428571428571E-1,2.857142857143E-1,4.285714285714E-1,5.714285714286E-1,
7.142857142857E-1,8.571428571429E-1,1.E0),.UNSPECIFIED.);
#1550=B_SPLINE_CURVE_WITH_KNOTS('',3,(#1542,#1543,#1544,#1545,#1546,#1547,#1548,
#1549),.UNSPECIFIED.,.F.,.F.,(4,1,1,1,1,4),(0.E0,2.E-1,4.E-1,6.E-1,8.E-1,1.E0),
.UNSPECIFIED.);
#1559=CIRCLE('',#1558,1.E0);
#1564=CIRCLE('',#1563,1.E0);
#1573=B_SPLINE_CURVE_WITH_KNOTS('',3,(#1565,#1566,#1567,#1568,#1569,#1570,#1571,
#1572),.UNSPECIFIED.,.F.,.F.,(4,1,1,1,1,4),(0.E0,2.E-1,4.E-1,6.E-1,8.E-1,1.E0),
.UNSPECIFIED.);
#1582=B_SPLINE_CURVE_WITH_KNOTS('',3,(#1574,#1575,#1576,#1577,#1578,#1579,#1580,
#1581),.UNSPECIFIED.,.F.,.F.,(4,1,1,1,1,4),(0.E0,2.E-1,4.E-1,6.E-1,8.E-1,1.E0),
.UNSPECIFIED.);
#1592=B_SPLINE_CURVE_WITH_KNOTS('',3,(#1587,#1588,#1589,#1590,#1591),
.UNSPECIFIED.,.F.,.F.,(4,1,4),(0.E0,5.E-1,1.E0),.UNSPECIFIED.);
#1602=B_SPLINE_CURVE_WITH_KNOTS('',3,(#1597,#1598,#1599,#1600,#1601),
.UNSPECIFIED.,.F.,.F.,(4,1,4),(0.E0,5.E-1,1.E0),.UNSPECIFIED.);
#1611=CIRCLE('',#1610,6.6E1);
#1620=CIRCLE('',#1619,7.6E1);
#1625=CIRCLE('',#1624,1.E0);
#1650=CIRCLE('',#1649,7.6E1);
#1659=CIRCLE('',#1658,6.6E1);
#1665=B_SPLINE_CURVE_WITH_KNOTS('',3,(#1660,#1661,#1662,#1663,#1664),
.UNSPECIFIED.,.F.,.F.,(4,1,4),(0.E0,5.E-1,1.E0),.UNSPECIFIED.);
#1698=CIRCLE('',#1697,1.E0);
#1703=CIRCLE('',#1702,1.E0);
#1714=B_SPLINE_CURVE_WITH_KNOTS('',3,(#1704,#1705,#1706,#1707,#1708,#1709,#1710,
#1711,#1712,#1713),.UNSPECIFIED.,.F.,.F.,(4,1,1,1,1,1,1,4),(0.E0,
1.428571428571E-1,2.857142857143E-1,4.285714285714E-1,5.714285714286E-1,
7.142857142857E-1,8.571428571429E-1,1.E0),.UNSPECIFIED.);
#1725=B_SPLINE_CURVE_WITH_KNOTS('',3,(#1715,#1716,#1717,#1718,#1719,#1720,#1721,
#1722,#1723,#1724),.UNSPECIFIED.,.F.,.F.,(4,1,1,1,1,1,1,4),(0.E0,
1.428571428571E-1,2.857142857143E-1,4.285714285714E-1,5.714285714286E-1,
7.142857142857E-1,8.571428571429E-1,1.E0),.UNSPECIFIED.);
#1730=CIRCLE('',#1729,1.E0);
#1735=CIRCLE('',#1734,1.E0);
#1740=CIRCLE('',#1739,1.E0);
#1745=CIRCLE('',#1744,1.E0);
#1754=B_SPLINE_CURVE_WITH_KNOTS('',3,(#1746,#1747,#1748,#1749,#1750,#1751,#1752,
#1753),.UNSPECIFIED.,.F.,.F.,(4,1,1,1,1,4),(0.E0,2.E-1,4.E-1,6.E-1,8.E-1,1.E0),
.UNSPECIFIED.);
#1771=CIRCLE('',#1770,1.E0);
#1776=CIRCLE('',#1775,7.6E1);
#1785=CIRCLE('',#1784,6.6E1);
#1794=CIRCLE('',#1793,6.6E1);
#1803=CIRCLE('',#1802,7.6E1);
#1816=CIRCLE('',#1815,1.E0);
#1822=B_SPLINE_CURVE_WITH_KNOTS('',3,(#1817,#1818,#1819,#1820,#1821),
.UNSPECIFIED.,.F.,.F.,(4,1,4),(0.E0,5.E-1,1.E0),.UNSPECIFIED.);
#1835=CIRCLE('',#1834,1.E0);
#1840=CIRCLE('',#1839,1.E0);
#1857=B_SPLINE_CURVE_WITH_KNOTS('',3,(#1849,#1850,#1851,#1852,#1853,#1854,#1855,
#1856),.UNSPECIFIED.,.F.,.F.,(4,1,1,1,1,4),(0.E0,2.E-1,4.E-1,6.E-1,8.E-1,1.E0),
.UNSPECIFIED.);
#1866=B_SPLINE_CURVE_WITH_KNOTS('',3,(#1858,#1859,#1860,#1861,#1862,#1863,#1864,
#1865),.UNSPECIFIED.,.F.,.F.,(4,1,1,1,1,4),(0.E0,2.E-1,4.E-1,6.E-1,8.E-1,1.E0),
.UNSPECIFIED.);
#1871=CIRCLE('',#1870,7.7E1);
#1880=CIRCLE('',#1879,7.7E1);
#1885=CIRCLE('',#1884,7.7E1);
#1890=CIRCLE('',#1889,7.7E1);
#1901=B_SPLINE_CURVE_WITH_KNOTS('',3,(#1891,#1892,#1893,#1894,#1895,#1896,#1897,
#1898,#1899,#1900),.UNSPECIFIED.,.F.,.F.,(4,1,1,1,1,1,1,4),(0.E0,
1.428571428571E-1,2.857142857143E-1,4.285714285714E-1,5.714285714286E-1,
7.142857142857E-1,8.571428571429E-1,1.E0),.UNSPECIFIED.);
#1916=B_SPLINE_CURVE_WITH_KNOTS('',3,(#1906,#1907,#1908,#1909,#1910,#1911,#1912,
#1913,#1914,#1915),.UNSPECIFIED.,.F.,.F.,(4,1,1,1,1,1,1,4),(0.E0,
1.428571428571E-1,2.857142857143E-1,4.285714285714E-1,5.714285714286E-1,
7.142857142857E-1,8.571428571429E-1,1.E0),.UNSPECIFIED.);
#1925=B_SPLINE_CURVE_WITH_KNOTS('',3,(#1917,#1918,#1919,#1920,#1921,#1922,#1923,
#1924),.UNSPECIFIED.,.F.,.F.,(4,1,1,1,1,4),(0.E0,2.E-1,4.E-1,6.E-1,8.E-1,1.E0),
.UNSPECIFIED.);
#1934=B_SPLINE_CURVE_WITH_KNOTS('',3,(#1926,#1927,#1928,#1929,#1930,#1931,#1932,
#1933),.UNSPECIFIED.,.F.,.F.,(4,1,1,1,1,4),(0.E0,2.E-1,4.E-1,6.E-1,8.E-1,1.E0),
.UNSPECIFIED.);
#1944=B_SPLINE_CURVE_WITH_KNOTS('',3,(#1939,#1940,#1941,#1942,#1943),
.UNSPECIFIED.,.F.,.F.,(4,1,4),(0.E0,5.E-1,1.E0),.UNSPECIFIED.);
#1954=B_SPLINE_CURVE_WITH_KNOTS('',3,(#1949,#1950,#1951,#1952,#1953),
.UNSPECIFIED.,.F.,.F.,(4,1,4),(0.E0,5.E-1,1.E0),.UNSPECIFIED.);
#1959=CIRCLE('',#1958,1.E0);
#1964=CIRCLE('',#1963,1.E0);
#1969=CIRCLE('',#1968,1.E0);
#1974=CIRCLE('',#1973,1.E0);
#1985=B_SPLINE_CURVE_WITH_KNOTS('',3,(#1975,#1976,#1977,#1978,#1979,#1980,#1981,
#1982,#1983,#1984),.UNSPECIFIED.,.F.,.F.,(4,1,1,1,1,1,1,4),(0.E0,
1.428571428571E-1,2.857142857143E-1,4.285714285714E-1,5.714285714286E-1,
7.142857142857E-1,8.571428571429E-1,1.E0),.UNSPECIFIED.);
#1996=B_SPLINE_CURVE_WITH_KNOTS('',3,(#1986,#1987,#1988,#1989,#1990,#1991,#1992,
#1993,#1994,#1995),.UNSPECIFIED.,.F.,.F.,(4,1,1,1,1,1,1,4),(0.E0,
1.428571428571E-1,2.857142857143E-1,4.285714285714E-1,5.714285714286E-1,
7.142857142857E-1,8.571428571429E-1,1.E0),.UNSPECIFIED.);
#2001=CIRCLE('',#2000,1.E0);
#2010=B_SPLINE_CURVE_WITH_KNOTS('',3,(#2002,#2003,#2004,#2005,#2006,#2007,#2008,
#2009),.UNSPECIFIED.,.F.,.F.,(4,1,1,1,1,4),(0.E0,2.E-1,4.E-1,6.E-1,8.E-1,1.E0),
.UNSPECIFIED.);
#2019=CIRCLE('',#2018,7.599999999901E1);
#2024=CIRCLE('',#2023,6.599999999848E1);
#2033=CIRCLE('',#2032,7.599999999870E1);
#2042=CIRCLE('',#2041,6.599999999885E1);
#2047=CIRCLE('',#2046,5.E-1);
#2052=CIRCLE('',#2051,5.1E0);
#2057=CIRCLE('',#2056,5.1E0);
#2062=CIRCLE('',#2061,5.1E0);
#2067=CIRCLE('',#2066,5.1E0);
#2072=CIRCLE('',#2071,5.E-1);
#2093=CIRCLE('',#2092,5.1E0);
#2098=CIRCLE('',#2097,5.1E0);
#2103=CIRCLE('',#2102,5.E-1);
#2124=CIRCLE('',#2123,5.1E0);
#2129=CIRCLE('',#2128,5.1E0);
#2134=CIRCLE('',#2133,5.E-1);
#2155=CIRCLE('',#2154,5.E-1);
#2188=B_SPLINE_CURVE_WITH_KNOTS('',3,(#2176,#2177,#2178,#2179,#2180,#2181,#2182,
#2183,#2184,#2185,#2186,#2187),.UNSPECIFIED.,.F.,.F.,(4,1,1,1,1,1,1,1,1,4),
(0.E0,1.111111111111E-1,2.222222222222E-1,3.333333333333E-1,4.444444444444E-1,
5.555555555556E-1,6.666666666667E-1,7.777777777778E-1,8.888888888889E-1,1.E0),
.UNSPECIFIED.);
#2201=B_SPLINE_CURVE_WITH_KNOTS('',3,(#2189,#2190,#2191,#2192,#2193,#2194,#2195,
#2196,#2197,#2198,#2199,#2200),.UNSPECIFIED.,.F.,.F.,(4,1,1,1,1,1,1,1,1,4),
(0.E0,1.111111111111E-1,2.222222222222E-1,3.333333333333E-1,4.444444444444E-1,
5.555555555556E-1,6.666666666667E-1,7.777777777778E-1,8.888888888889E-1,1.E0),
.UNSPECIFIED.);
#2210=CIRCLE('',#2209,5.1E0);
#2215=CIRCLE('',#2214,5.1E0);
#2220=CIRCLE('',#2219,5.1E0);
#2225=CIRCLE('',#2224,5.1E0);
#2230=CIRCLE('',#2229,5.1E0);
#2235=CIRCLE('',#2234,5.1E0);
#2240=CIRCLE('',#2239,5.1E0);
#2245=CIRCLE('',#2244,5.1E0);
#2250=CIRCLE('',#2249,4.15E0);
#2255=CIRCLE('',#2254,4.15E0);
#2260=CIRCLE('',#2259,4.15E0);
#2265=CIRCLE('',#2264,4.15E0);
#2270=CIRCLE('',#2269,4.15E0);
#2275=CIRCLE('',#2274,4.15E0);
#2280=CIRCLE('',#2279,4.15E0);
#2285=CIRCLE('',#2284,4.15E0);
#2306=B_SPLINE_CURVE_WITH_KNOTS('',3,(#2294,#2295,#2296,#2297,#2298,#2299,#2300,
#2301,#2302,#2303,#2304,#2305),.UNSPECIFIED.,.F.,.F.,(4,1,1,1,1,1,1,1,1,4),
(0.E0,1.111111111111E-1,2.222222222222E-1,3.333333333333E-1,4.444444444444E-1,
5.555555555556E-1,6.666666666667E-1,7.777777777778E-1,8.888888888889E-1,1.E0),
.UNSPECIFIED.);
#2319=B_SPLINE_CURVE_WITH_KNOTS('',3,(#2307,#2308,#2309,#2310,#2311,#2312,#2313,
#2314,#2315,#2316,#2317,#2318),.UNSPECIFIED.,.F.,.F.,(4,1,1,1,1,1,1,1,1,4),
(0.E0,1.111111111111E-1,2.222222222222E-1,3.333333333333E-1,4.444444444444E-1,
5.555555555556E-1,6.666666666667E-1,7.777777777778E-1,8.888888888889E-1,1.E0),
.UNSPECIFIED.);
#2356=CIRCLE('',#2355,1.25E0);
#2361=CIRCLE('',#2360,1.25E0);
#2366=CIRCLE('',#2365,1.25E0);
#2371=CIRCLE('',#2370,1.25E0);
#2376=CIRCLE('',#2375,6.5E1);
#2381=CIRCLE('',#2380,6.5E1);
#2392=B_SPLINE_CURVE_WITH_KNOTS('',3,(#2382,#2383,#2384,#2385,#2386,#2387,#2388,
#2389,#2390,#2391),.UNSPECIFIED.,.F.,.F.,(4,1,1,1,1,1,1,4),(0.E0,
1.428571428571E-1,2.857142857143E-1,4.285714285714E-1,5.714285714286E-1,
7.142857142857E-1,8.571428571429E-1,1.E0),.UNSPECIFIED.);
#2401=CIRCLE('',#2400,6.5E1);
#2410=CIRCLE('',#2409,6.5E1);
#2425=B_SPLINE_CURVE_WITH_KNOTS('',3,(#2415,#2416,#2417,#2418,#2419,#2420,#2421,
#2422,#2423,#2424),.UNSPECIFIED.,.F.,.F.,(4,1,1,1,1,1,1,4),(0.E0,
1.428571428571E-1,2.857142857143E-1,4.285714285714E-1,5.714285714286E-1,
7.142857142857E-1,8.571428571429E-1,1.E0),.UNSPECIFIED.);
#2430=CIRCLE('',#2429,6.5E1);
#2441=B_SPLINE_CURVE_WITH_KNOTS('',3,(#2431,#2432,#2433,#2434,#2435,#2436,#2437,
#2438,#2439,#2440),.UNSPECIFIED.,.F.,.F.,(4,1,1,1,1,1,1,4),(0.E0,
1.428571428571E-1,2.857142857143E-1,4.285714285714E-1,5.714285714286E-1,
7.142857142857E-1,8.571428571429E-1,1.E0),.UNSPECIFIED.);
#2450=CIRCLE('',#2449,6.5E1);
#2459=CIRCLE('',#2458,6.5E1);
#2474=B_SPLINE_CURVE_WITH_KNOTS('',3,(#2464,#2465,#2466,#2467,#2468,#2469,#2470,
#2471,#2472,#2473),.UNSPECIFIED.,.F.,.F.,(4,1,1,1,1,1,1,4),(0.E0,
1.428571428571E-1,2.857142857143E-1,4.285714285714E-1,5.714285714286E-1,
7.142857142857E-1,8.571428571429E-1,1.E0),.UNSPECIFIED.);
#2479=CIRCLE('',#2478,1.E0);
#2493=B_SPLINE_CURVE_WITH_KNOTS('',3,(#2480,#2481,#2482,#2483,#2484,#2485,#2486,
#2487,#2488,#2489,#2490,#2491,#2492),.UNSPECIFIED.,.F.,.F.,(4,1,1,1,1,1,1,1,1,1,
4),(0.E0,1.E-1,2.E-1,3.E-1,4.E-1,5.E-1,6.E-1,7.E-1,8.E-1,9.E-1,1.E0),
.UNSPECIFIED.);
#2507=B_SPLINE_CURVE_WITH_KNOTS('',3,(#2494,#2495,#2496,#2497,#2498,#2499,#2500,
#2501,#2502,#2503,#2504,#2505,#2506),.UNSPECIFIED.,.F.,.F.,(4,1,1,1,1,1,1,1,1,1,
4),(0.E0,1.E-1,2.E-1,3.E-1,4.E-1,5.E-1,6.E-1,7.E-1,8.E-1,9.E-1,1.E0),
.UNSPECIFIED.);
#2512=CIRCLE('',#2511,1.E0);
#2523=B_SPLINE_CURVE_WITH_KNOTS('',3,(#2513,#2514,#2515,#2516,#2517,#2518,#2519,
#2520,#2521,#2522),.UNSPECIFIED.,.F.,.F.,(4,1,1,1,1,1,1,4),(0.E0,
1.428571428571E-1,2.857142857143E-1,4.285714285714E-1,5.714285714286E-1,
7.142857142857E-1,8.571428571429E-1,1.E0),.UNSPECIFIED.);
#2534=B_SPLINE_CURVE_WITH_KNOTS('',3,(#2524,#2525,#2526,#2527,#2528,#2529,#2530,
#2531,#2532,#2533),.UNSPECIFIED.,.F.,.F.,(4,1,1,1,1,1,1,4),(0.E0,
1.428571428571E-1,2.857142857143E-1,4.285714285714E-1,5.714285714286E-1,
7.142857142857E-1,8.571428571429E-1,1.E0),.UNSPECIFIED.);
#2539=CIRCLE('',#2538,1.E0);
#2544=CIRCLE('',#2543,1.E0);
#2553=B_SPLINE_CURVE_WITH_KNOTS('',3,(#2545,#2546,#2547,#2548,#2549,#2550,#2551,
#2552),.UNSPECIFIED.,.F.,.F.,(4,1,1,1,1,4),(0.E0,2.E-1,4.E-1,6.E-1,8.E-1,1.E0),
.UNSPECIFIED.);
#2558=CIRCLE('',#2557,1.E0);
#2597=B_SPLINE_CURVE_WITH_KNOTS('',3,(#2587,#2588,#2589,#2590,#2591,#2592,#2593,
#2594,#2595,#2596),.UNSPECIFIED.,.F.,.F.,(4,1,1,1,1,1,1,4),(0.E0,
1.428571428571E-1,2.857142857143E-1,4.285714285714E-1,5.714285714286E-1,
7.142857142857E-1,8.571428571429E-1,1.E0),.UNSPECIFIED.);
#2608=B_SPLINE_CURVE_WITH_KNOTS('',3,(#2598,#2599,#2600,#2601,#2602,#2603,#2604,
#2605,#2606,#2607),.UNSPECIFIED.,.F.,.F.,(4,1,1,1,1,1,1,4),(0.E0,
1.428571428571E-1,2.857142857143E-1,4.285714285714E-1,5.714285714286E-1,
7.142857142857E-1,8.571428571429E-1,1.E0),.UNSPECIFIED.);
#2613=CIRCLE('',#2612,1.E0);
#2619=B_SPLINE_CURVE_WITH_KNOTS('',3,(#2614,#2615,#2616,#2617,#2618),
.UNSPECIFIED.,.F.,.F.,(4,1,4),(0.E0,5.E-1,1.E0),.UNSPECIFIED.);
#2626=B_SPLINE_CURVE_WITH_KNOTS('',3,(#2620,#2621,#2622,#2623,#2624,#2625),
.UNSPECIFIED.,.F.,.F.,(4,1,1,4),(0.E0,3.333333333333E-1,6.666666666667E-1,1.E0),
.UNSPECIFIED.);
#2631=CIRCLE('',#2630,7.599999999901E1);
#2640=CIRCLE('',#2639,6.6E1);
#2649=CIRCLE('',#2648,7.599999999870E1);
#2690=CIRCLE('',#2689,1.E0);
#2697=B_SPLINE_CURVE_WITH_KNOTS('',3,(#2691,#2692,#2693,#2694,#2695,#2696),
.UNSPECIFIED.,.F.,.F.,(4,1,1,4),(0.E0,3.333333333333E-1,6.666666666667E-1,1.E0),
.UNSPECIFIED.);
#2703=B_SPLINE_CURVE_WITH_KNOTS('',3,(#2698,#2699,#2700,#2701,#2702),
.UNSPECIFIED.,.F.,.F.,(4,1,4),(0.E0,5.E-1,1.E0),.UNSPECIFIED.);
#2716=CIRCLE('',#2715,5.E-1);
#2721=CIRCLE('',#2720,2.E1);
#2738=CIRCLE('',#2737,1.25E0);
#2743=CIRCLE('',#2742,1.25E0);
#2748=CIRCLE('',#2747,5.E-1);
#2761=CIRCLE('',#2760,1.E0);
#2766=CIRCLE('',#2765,1.E0);
#2771=CIRCLE('',#2770,1.E0);
#2776=CIRCLE('',#2775,1.E0);
#2781=CIRCLE('',#2780,1.E0);
#2790=B_SPLINE_CURVE_WITH_KNOTS('',3,(#2782,#2783,#2784,#2785,#2786,#2787,#2788,
#2789),.UNSPECIFIED.,.F.,.F.,(4,1,1,1,1,4),(0.E0,2.E-1,4.E-1,6.E-1,8.E-1,1.E0),
.UNSPECIFIED.);
#2795=CIRCLE('',#2794,1.E0);
#2804=B_SPLINE_CURVE_WITH_KNOTS('',3,(#2796,#2797,#2798,#2799,#2800,#2801,#2802,
#2803),.UNSPECIFIED.,.F.,.F.,(4,1,1,1,1,4),(0.E0,2.E-1,4.E-1,6.E-1,8.E-1,1.E0),
.UNSPECIFIED.);
#2809=CIRCLE('',#2808,1.E0);
#2814=CIRCLE('',#2813,1.E0);
#2819=CIRCLE('',#2818,1.E0);
#2825=B_SPLINE_CURVE_WITH_KNOTS('',3,(#2820,#2821,#2822,#2823,#2824),
.UNSPECIFIED.,.F.,.F.,(4,1,4),(0.E0,5.E-1,1.E0),.UNSPECIFIED.);
#2839=B_SPLINE_CURVE_WITH_KNOTS('',3,(#2834,#2835,#2836,#2837,#2838),
.UNSPECIFIED.,.F.,.F.,(4,1,4),(0.E0,5.E-1,1.E0),.UNSPECIFIED.);
#2844=CIRCLE('',#2843,1.E0);
#2849=CIRCLE('',#2848,1.E0);
#2870=CIRCLE('',#2869,5.E-1);
#2875=CIRCLE('',#2874,5.E-1);
#2880=CIRCLE('',#2879,2.E1);
#2897=CIRCLE('',#2896,1.25E0);
#2902=CIRCLE('',#2901,1.25E0);
#2927=B_SPLINE_CURVE_WITH_KNOTS('',3,(#2915,#2916,#2917,#2918,#2919,#2920,#2921,
#2922,#2923,#2924,#2925,#2926),.UNSPECIFIED.,.F.,.F.,(4,1,1,1,1,1,1,1,1,4),
(0.E0,1.111111111111E-1,2.222222222222E-1,3.333333333333E-1,4.444444444444E-1,
5.555555555556E-1,6.666666666667E-1,7.777777777778E-1,8.888888888889E-1,1.E0),
.UNSPECIFIED.);
#2940=B_SPLINE_CURVE_WITH_KNOTS('',3,(#2928,#2929,#2930,#2931,#2932,#2933,#2934,
#2935,#2936,#2937,#2938,#2939),.UNSPECIFIED.,.F.,.F.,(4,1,1,1,1,1,1,1,1,4),
(0.E0,1.111111111111E-1,2.222222222222E-1,3.333333333333E-1,4.444444444444E-1,
5.555555555556E-1,6.666666666667E-1,7.777777777778E-1,8.888888888889E-1,1.E0),
.UNSPECIFIED.);
#2961=B_SPLINE_CURVE_WITH_KNOTS('',3,(#2953,#2954,#2955,#2956,#2957,#2958,#2959,
#2960),.UNSPECIFIED.,.F.,.F.,(4,1,1,1,1,4),(0.E0,2.E-1,4.E-1,6.E-1,8.E-1,1.E0),
.UNSPECIFIED.);
#2966=CIRCLE('',#2965,5.E-1);
#2995=B_SPLINE_CURVE_WITH_KNOTS('',3,(#2983,#2984,#2985,#2986,#2987,#2988,#2989,
#2990,#2991,#2992,#2993,#2994),.UNSPECIFIED.,.F.,.F.,(4,1,1,1,1,1,1,1,1,4),
(0.E0,1.111111111111E-1,2.222222222222E-1,3.333333333333E-1,4.444444444444E-1,
5.555555555556E-1,6.666666666667E-1,7.777777777778E-1,8.888888888889E-1,1.E0),
.UNSPECIFIED.);
#3008=B_SPLINE_CURVE_WITH_KNOTS('',3,(#2996,#2997,#2998,#2999,#3000,#3001,#3002,
#3003,#3004,#3005,#3006,#3007),.UNSPECIFIED.,.F.,.F.,(4,1,1,1,1,1,1,1,1,4),
(0.E0,1.111111111111E-1,2.222222222222E-1,3.333333333333E-1,4.444444444444E-1,
5.555555555556E-1,6.666666666667E-1,7.777777777778E-1,8.888888888889E-1,1.E0),
.UNSPECIFIED.);
#3025=CIRCLE('',#3024,4.15E0);
#3030=CIRCLE('',#3029,4.15E0);
#3035=CIRCLE('',#3034,4.15E0);
#3040=CIRCLE('',#3039,4.15E0);
#3045=CIRCLE('',#3044,4.15E0);
#3050=CIRCLE('',#3049,4.15E0);
#3055=CIRCLE('',#3054,4.15E0);
#3060=CIRCLE('',#3059,4.15E0);
#3093=CIRCLE('',#3092,5.E-1);
#3098=CIRCLE('',#3097,5.E-1);
#3119=CIRCLE('',#3118,5.E-1);
#3124=CIRCLE('',#3123,5.E-1);
#3153=CIRCLE('',#3152,4.E0);
#3166=CIRCLE('',#3165,1.4E0);
#3175=CIRCLE('',#3174,1.4E0);
#3184=CIRCLE('',#3183,1.4E0);
#3193=CIRCLE('',#3192,1.4E0);
#3202=CIRCLE('',#3201,1.4E0);
#3211=CIRCLE('',#3210,1.4E0);
#3220=CIRCLE('',#3219,1.4E0);
#3229=CIRCLE('',#3228,1.4E0);
#3238=CIRCLE('',#3237,1.4E0);
#3247=CIRCLE('',#3246,1.4E0);
#3256=CIRCLE('',#3255,1.4E0);
#4057=EDGE_CURVE('',#4005,#3989,#141,.T.);
#4059=EDGE_CURVE('',#4026,#3989,#2703,.T.);
#4061=EDGE_CURVE('',#3774,#4026,#2707,.T.);
#4063=EDGE_CURVE('',#3774,#3768,#146,.T.);
#4065=EDGE_CURVE('',#3768,#3766,#150,.T.);
#4067=EDGE_CURVE('',#3766,#3403,#2171,.T.);
#4069=EDGE_CURVE('',#3782,#3403,#3128,.T.);
#4071=EDGE_CURVE('',#3781,#3782,#154,.T.);
#4073=EDGE_CURVE('',#3418,#3781,#3110,.T.);
#4075=EDGE_CURVE('',#3418,#3761,#2138,.T.);
#4077=EDGE_CURVE('',#3761,#3794,#158,.T.);
#4079=EDGE_CURVE('',#3794,#4003,#162,.T.);
#4081=EDGE_CURVE('',#4005,#4003,#2010,.T.);
#4085=EDGE_CURVE('',#3279,#3280,#42,.T.);
#4087=EDGE_CURVE('',#3280,#3279,#47,.T.);
#4091=EDGE_CURVE('',#3283,#3284,#52,.T.);
#4093=EDGE_CURVE('',#3284,#3283,#57,.T.);
#4097=EDGE_CURVE('',#3287,#3288,#62,.T.);
#4099=EDGE_CURVE('',#3288,#3287,#67,.T.);
#4103=EDGE_CURVE('',#3291,#3292,#72,.T.);
#4105=EDGE_CURVE('',#3292,#3291,#77,.T.);
#4109=EDGE_CURVE('',#3295,#3296,#82,.T.);
#4111=EDGE_CURVE('',#3296,#3295,#87,.T.);
#4115=EDGE_CURVE('',#3664,#3665,#97,.T.);
#4117=EDGE_CURVE('',#3617,#3664,#622,.T.);
#4119=EDGE_CURVE('',#3617,#3621,#102,.T.);
#4121=EDGE_CURVE('',#3687,#3621,#656,.T.);
#4123=EDGE_CURVE('',#3686,#3687,#107,.T.);
#4125=EDGE_CURVE('',#3625,#3686,#679,.T.);
#4127=EDGE_CURVE('',#3625,#3613,#112,.T.);
#4129=EDGE_CURVE('',#3679,#3613,#444,.T.);
#4131=EDGE_CURVE('',#3678,#3679,#122,.T.);
#4133=EDGE_CURVE('',#3637,#3678,#470,.T.);
#4135=EDGE_CURVE('',#3637,#3629,#127,.T.);
#4137=EDGE_CURVE('',#3673,#3629,#527,.T.);
#4139=EDGE_CURVE('',#3672,#3673,#132,.T.);
#4141=EDGE_CURVE('',#3633,#3672,#553,.T.);
#4143=EDGE_CURVE('',#3633,#3641,#137,.T.);
#4145=EDGE_CURVE('',#3665,#3641,#652,.T.);
#4149=EDGE_CURVE('',#3275,#3276,#32,.T.);
#4151=EDGE_CURVE('',#3276,#3275,#37,.T.);
#4155=ADVANCED_FACE('',(#4084,#4090,#4096,#4102,#4108,#4114,#4148,#4154),#4056,
.F.);
#4161=EDGE_CURVE('',#3345,#3346,#167,.T.);
#4163=EDGE_CURVE('',#3345,#3275,#171,.T.);
#4166=EDGE_CURVE('',#3346,#3276,#3170,.T.);
#4170=ADVANCED_FACE('',(#4169),#4160,.F.);
#4176=EDGE_CURVE('',#3305,#3306,#176,.T.);
#4178=EDGE_CURVE('',#3306,#3305,#181,.T.);
#4182=EDGE_CURVE('',#3361,#3362,#3229,.T.);
#4184=EDGE_CURVE('',#3362,#3361,#3238,.T.);
#4188=ADVANCED_FACE('',(#4181,#4187),#4175,.T.);
#4194=EDGE_CURVE('',#3309,#3310,#186,.T.);
#4196=EDGE_CURVE('',#3310,#3309,#191,.T.);
#4200=EDGE_CURVE('',#3349,#3350,#3175,.T.);
#4202=EDGE_CURVE('',#3350,#3349,#3184,.T.);
#4206=ADVANCED_FACE('',(#4199,#4205),#4193,.T.);
#4212=EDGE_CURVE('',#3313,#3314,#196,.T.);
#4214=EDGE_CURVE('',#3314,#3313,#201,.T.);
#4218=EDGE_CURVE('',#3365,#3366,#3247,.T.);
#4220=EDGE_CURVE('',#3366,#3365,#3256,.T.);
#4224=ADVANCED_FACE('',(#4217,#4223),#4211,.T.);
#4230=EDGE_CURVE('',#3317,#3318,#206,.T.);
#4232=EDGE_CURVE('',#3318,#3317,#211,.T.);
#4236=EDGE_CURVE('',#3353,#3354,#3193,.T.);
#4238=EDGE_CURVE('',#3354,#3353,#3202,.T.);
#4242=ADVANCED_FACE('',(#4235,#4241),#4229,.T.);
#4248=EDGE_CURVE('',#3370,#3338,#215,.T.);
#4250=EDGE_CURVE('',#3369,#3370,#220,.T.);
#4252=EDGE_CURVE('',#3337,#3369,#224,.T.);
#4254=EDGE_CURVE('',#3337,#3338,#955,.T.);
#4258=EDGE_CURVE('',#3357,#3358,#3211,.T.);
#4260=EDGE_CURVE('',#3358,#3357,#3220,.T.);
#4264=ADVANCED_FACE('',(#4257,#4263),#4247,.T.);
#4270=EDGE_CURVE('',#3374,#3342,#228,.T.);
#4272=EDGE_CURVE('',#3373,#3374,#233,.T.);
#4274=EDGE_CURVE('',#3341,#3373,#237,.T.);
#4276=EDGE_CURVE('',#3341,#3342,#2673,.T.);
#4281=EDGE_CURVE('',#3346,#3345,#3166,.T.);
#4285=ADVANCED_FACE('',(#4279,#4284),#4269,.T.);
#4291=EDGE_CURVE('',#3321,#3322,#276,.T.);
#4293=EDGE_CURVE('',#3321,#3305,#241,.T.);
#4296=EDGE_CURVE('',#3322,#3306,#687,.T.);
#4300=ADVANCED_FACE('',(#4299),#4290,.F.);
#4306=EDGE_CURVE('',#3953,#3786,#295,.T.);
#4308=EDGE_CURVE('',#3512,#3953,#299,.T.);
#4310=EDGE_CURVE('',#3511,#3512,#303,.T.);
#4312=EDGE_CURVE('',#3951,#3511,#307,.T.);
#4314=EDGE_CURVE('',#3949,#3951,#311,.T.);
#4316=EDGE_CURVE('',#3508,#3949,#315,.T.);
#4318=EDGE_CURVE('',#3507,#3508,#319,.T.);
#4320=EDGE_CURVE('',#3947,#3507,#323,.T.);
#4322=EDGE_CURVE('',#3943,#3947,#327,.T.);
#4324=EDGE_CURVE('',#3942,#3943,#331,.T.);
#4326=EDGE_CURVE('',#3300,#3942,#335,.T.);
#4328=EDGE_CURVE('',#3300,#3302,#3140,.T.);
#4330=EDGE_CURVE('',#3428,#3302,#339,.T.);
#4332=EDGE_CURVE('',#3427,#3428,#922,.T.);
#4334=EDGE_CURVE('',#3427,#3415,#343,.T.);
#4336=EDGE_CURVE('',#3415,#3416,#2146,.T.);
#4338=EDGE_CURVE('',#3440,#3416,#3114,.T.);
#4340=EDGE_CURVE('',#3381,#3440,#963,.T.);
#4342=EDGE_CURVE('',#3381,#3382,#347,.T.);
#4344=EDGE_CURVE('',#3382,#3378,#352,.T.);
#4346=EDGE_CURVE('',#3377,#3378,#356,.T.);
#4348=EDGE_CURVE('',#3438,#3377,#979,.T.);
#4350=EDGE_CURVE('',#3438,#3404,#360,.T.);
#4352=EDGE_CURVE('',#3404,#3406,#2163,.T.);
#4354=EDGE_CURVE('',#3400,#3406,#2733,.T.);
#4356=EDGE_CURVE('',#3399,#3400,#365,.T.);
#4358=EDGE_CURVE('',#3390,#3399,#2681,.T.);
#4360=EDGE_CURVE('',#3390,#3385,#369,.T.);
#4362=EDGE_CURVE('',#3385,#3386,#374,.T.);
#4364=EDGE_CURVE('',#3388,#3386,#378,.T.);
#4366=EDGE_CURVE('',#3504,#3388,#2665,.T.);
#4368=EDGE_CURVE('',#3786,#3504,#880,.T.);
#4372=EDGE_CURVE('',#3330,#3329,#256,.T.);
#4374=EDGE_CURVE('',#3329,#3330,#261,.T.);
#4378=EDGE_CURVE('',#3263,#3264,#266,.T.);
#4380=EDGE_CURVE('',#3264,#3263,#271,.T.);
#4385=EDGE_CURVE('',#3322,#3321,#281,.T.);
#4389=EDGE_CURVE('',#3325,#3326,#286,.T.);
#4391=EDGE_CURVE('',#3326,#3325,#291,.T.);
#4395=EDGE_CURVE('',#3334,#3333,#246,.T.);
#4397=EDGE_CURVE('',#3333,#3334,#251,.T.);
#4401=ADVANCED_FACE('',(#4371,#4377,#4383,#4388,#4394,#4400),#4305,.T.);
#4408=EDGE_CURVE('',#3334,#3318,#382,.T.);
#4411=EDGE_CURVE('',#3333,#3317,#386,.T.);
#4415=ADVANCED_FACE('',(#4414),#4406,.F.);
#4427=ADVANCED_FACE('',(#4426),#4420,.F.);
#4434=EDGE_CURVE('',#3330,#3314,#390,.T.);
#4437=EDGE_CURVE('',#3329,#3313,#394,.T.);
#4441=ADVANCED_FACE('',(#4440),#4432,.F.);
#4453=ADVANCED_FACE('',(#4452),#4446,.F.);
#4459=EDGE_CURVE('',#3487,#3488,#399,.T.);
#4461=EDGE_CURVE('',#3488,#3263,#403,.T.);
#4464=EDGE_CURVE('',#3487,#3264,#618,.T.);
#4468=ADVANCED_FACE('',(#4467),#4458,.F.);
#4474=EDGE_CURVE('',#3614,#3643,#410,.T.);
#4476=EDGE_CURVE('',#3614,#3626,#583,.T.);
#4478=EDGE_CURVE('',#3626,#3653,#415,.T.);
#4480=EDGE_CURVE('',#3651,#3653,#420,.T.);
#4482=EDGE_CURVE('',#3622,#3651,#425,.T.);
#4484=EDGE_CURVE('',#3622,#3618,#566,.T.);
#4486=EDGE_CURVE('',#3618,#3649,#430,.T.);
#4488=EDGE_CURVE('',#3648,#3649,#435,.T.);
#4490=EDGE_CURVE('',#3488,#3648,#501,.T.);
#4493=EDGE_CURVE('',#3487,#3645,#496,.T.);
#4495=EDGE_CURVE('',#3643,#3645,#440,.T.);
#4499=ADVANCED_FACE('',(#4498),#4473,.F.);
#4505=EDGE_CURVE('',#3677,#3643,#453,.T.);
#4507=EDGE_CURVE('',#3679,#3677,#466,.T.);
#4510=EDGE_CURVE('',#3613,#3614,#574,.T.);
#4515=ADVANCED_FACE('',(#4514),#4504,.F.);
#4521=EDGE_CURVE('',#3676,#3677,#449,.T.);
#4525=EDGE_CURVE('',#3645,#3658,#491,.T.);
#4527=EDGE_CURVE('',#3676,#3658,#474,.T.);
#4531=ADVANCED_FACE('',(#4530),#4520,.F.);
#4538=EDGE_CURVE('',#3676,#3678,#458,.T.);
#4544=ADVANCED_FACE('',(#4543),#4536,.T.);
#4553=EDGE_CURVE('',#3638,#3658,#486,.T.);
#4555=EDGE_CURVE('',#3637,#3638,#591,.T.);
#4559=ADVANCED_FACE('',(#4558),#4549,.F.);
#4565=EDGE_CURVE('',#3630,#3654,#481,.T.);
#4567=EDGE_CURVE('',#3630,#3638,#596,.T.);
#4572=EDGE_CURVE('',#3488,#3487,#614,.T.);
#4575=EDGE_CURVE('',#3659,#3648,#506,.T.);
#4577=EDGE_CURVE('',#3642,#3659,#513,.T.);
#4579=EDGE_CURVE('',#3642,#3634,#605,.T.);
#4581=EDGE_CURVE('',#3634,#3656,#518,.T.);
#4583=EDGE_CURVE('',#3654,#3656,#523,.T.);
#4587=ADVANCED_FACE('',(#4586),#4564,.F.);
#4593=EDGE_CURVE('',#3669,#3654,#536,.T.);
#4595=EDGE_CURVE('',#3673,#3669,#549,.T.);
#4598=EDGE_CURVE('',#3629,#3630,#587,.T.);
#4603=ADVANCED_FACE('',(#4602),#4592,.F.);
#4609=EDGE_CURVE('',#3668,#3669,#532,.T.);
#4613=EDGE_CURVE('',#3668,#3656,#557,.T.);
#4617=ADVANCED_FACE('',(#4616),#4608,.F.);
#4624=EDGE_CURVE('',#3668,#3672,#541,.T.);
#4630=ADVANCED_FACE('',(#4629),#4622,.T.);
#4640=EDGE_CURVE('',#3633,#3634,#600,.T.);
#4644=ADVANCED_FACE('',(#4643),#4635,.F.);
#4650=EDGE_CURVE('',#3617,#3618,#561,.T.);
#4653=EDGE_CURVE('',#3621,#3622,#570,.T.);
#4658=ADVANCED_FACE('',(#4657),#4649,.F.);
#4666=EDGE_CURVE('',#3625,#3626,#578,.T.);
#4671=ADVANCED_FACE('',(#4670),#4663,.F.);
#4683=ADVANCED_FACE('',(#4682),#4676,.F.);
#4691=EDGE_CURVE('',#3641,#3642,#609,.T.);
#4696=ADVANCED_FACE('',(#4695),#4688,.F.);
#4708=ADVANCED_FACE('',(#4707),#4701,.F.);
#4715=EDGE_CURVE('',#3662,#3664,#631,.T.);
#4717=EDGE_CURVE('',#3662,#3649,#626,.T.);
#4723=ADVANCED_FACE('',(#4722),#4713,.F.);
#4729=EDGE_CURVE('',#3662,#3663,#644,.T.);
#4733=EDGE_CURVE('',#3665,#3663,#639,.T.);
#4737=ADVANCED_FACE('',(#4736),#4728,.T.);
#4744=EDGE_CURVE('',#3663,#3659,#648,.T.);
#4751=ADVANCED_FACE('',(#4750),#4742,.F.);
#4764=ADVANCED_FACE('',(#4763),#4756,.F.);
#4770=EDGE_CURVE('',#3683,#3651,#665,.T.);
#4772=EDGE_CURVE('',#3687,#3683,#675,.T.);
#4779=ADVANCED_FACE('',(#4778),#4769,.F.);
#4785=EDGE_CURVE('',#3682,#3683,#661,.T.);
#4789=EDGE_CURVE('',#3682,#3653,#683,.T.);
#4793=ADVANCED_FACE('',(#4792),#4784,.F.);
#4800=EDGE_CURVE('',#3682,#3686,#670,.T.);
#4806=ADVANCED_FACE('',(#4805),#4798,.T.);
#4819=ADVANCED_FACE('',(#4818),#4811,.F.);
#4831=ADVANCED_FACE('',(#4830),#4824,.F.);
#4838=EDGE_CURVE('',#3325,#3309,#691,.T.);
#4841=EDGE_CURVE('',#3326,#3310,#695,.T.);
#4845=ADVANCED_FACE('',(#4844),#4836,.F.);
#4857=ADVANCED_FACE('',(#4856),#4850,.F.);
#4863=EDGE_CURVE('',#3947,#3546,#699,.T.);
#4865=EDGE_CURVE('',#3945,#3546,#844,.T.);
#4867=EDGE_CURVE('',#3943,#3945,#2014,.T.);
#4872=ADVANCED_FACE('',(#4871),#4862,.T.);
#4878=EDGE_CURVE('',#3949,#3548,#703,.T.);
#4881=EDGE_CURVE('',#3951,#3550,#707,.T.);
#4883=EDGE_CURVE('',#3548,#3550,#804,.T.);
#4887=ADVANCED_FACE('',(#4886),#4877,.T.);
#4893=EDGE_CURVE('',#3953,#3552,#711,.T.);
#4896=EDGE_CURVE('',#3785,#3786,#864,.T.);
#4898=EDGE_CURVE('',#3552,#3785,#812,.T.);
#4902=ADVANCED_FACE('',(#4901),#4892,.T.);
#4908=EDGE_CURVE('',#3523,#3524,#715,.T.);
#4910=EDGE_CURVE('',#3524,#3515,#832,.T.);
#4912=EDGE_CURVE('',#3539,#3515,#780,.T.);
#4914=EDGE_CURVE('',#3539,#3523,#776,.T.);
#4918=ADVANCED_FACE('',(#4917),#4907,.F.);
#4924=EDGE_CURVE('',#3507,#3546,#848,.T.);
#4930=ADVANCED_FACE('',(#4929),#4923,.F.);
#4937=EDGE_CURVE('',#3480,#3523,#719,.T.);
#4939=EDGE_CURVE('',#3480,#3299,#3148,.T.);
#4941=EDGE_CURVE('',#3299,#3524,#836,.T.);
#4945=ADVANCED_FACE('',(#4944),#4935,.F.);
#4951=EDGE_CURVE('',#3527,#3528,#723,.T.);
#4953=EDGE_CURVE('',#3528,#3532,#828,.T.);
#4955=EDGE_CURVE('',#3531,#3532,#727,.T.);
#4957=EDGE_CURVE('',#3527,#3531,#731,.T.);
#4961=ADVANCED_FACE('',(#4960),#4950,.F.);
#4967=EDGE_CURVE('',#3535,#3536,#735,.T.);
#4969=EDGE_CURVE('',#3536,#3492,#820,.T.);
#4971=EDGE_CURVE('',#3491,#3492,#739,.T.);
#4973=EDGE_CURVE('',#3535,#3491,#743,.T.);
#4977=ADVANCED_FACE('',(#4976),#4966,.F.);
#4983=EDGE_CURVE('',#3539,#3540,#747,.T.);
#4985=EDGE_CURVE('',#3540,#3527,#752,.T.);
#4988=EDGE_CURVE('',#3543,#3531,#757,.T.);
#4990=EDGE_CURVE('',#3543,#3544,#761,.T.);
#4992=EDGE_CURVE('',#3544,#3535,#766,.T.);
#4995=EDGE_CURVE('',#3494,#3491,#771,.T.);
#4997=EDGE_CURVE('',#3475,#3494,#892,.T.);
#4999=EDGE_CURVE('',#3475,#3476,#931,.T.);
#5001=EDGE_CURVE('',#3476,#3478,#872,.T.);
#5003=EDGE_CURVE('',#3480,#3478,#3153,.T.);
#5009=ADVANCED_FACE('',(#5008),#4982,.F.);
#5017=EDGE_CURVE('',#3515,#3516,#784,.T.);
#5019=EDGE_CURVE('',#3516,#3540,#788,.T.);
#5023=ADVANCED_FACE('',(#5022),#5014,.F.);
#5030=EDGE_CURVE('',#3543,#3519,#792,.T.);
#5032=EDGE_CURVE('',#3519,#3520,#796,.T.);
#5034=EDGE_CURVE('',#3520,#3544,#800,.T.);
#5038=ADVANCED_FACE('',(#5037),#5028,.F.);
#5045=EDGE_CURVE('',#3511,#3550,#808,.T.);
#5048=EDGE_CURVE('',#3512,#3552,#856,.T.);
#5051=EDGE_CURVE('',#3492,#3785,#816,.T.);
#5054=EDGE_CURVE('',#3536,#3520,#852,.T.);
#5057=EDGE_CURVE('',#3532,#3519,#824,.T.);
#5060=EDGE_CURVE('',#3528,#3516,#3157,.T.);
#5065=EDGE_CURVE('',#3299,#3300,#3144,.T.);
#5068=EDGE_CURVE('',#3945,#3942,#840,.T.);
#5073=EDGE_CURVE('',#3508,#3548,#3161,.T.);
#5077=ADVANCED_FACE('',(#5076),#5043,.F.);
#5089=ADVANCED_FACE('',(#5088),#5082,.F.);
#5100=ADVANCED_FACE('',(#5099),#5094,.F.);
#5112=ADVANCED_FACE('',(#5111),#5105,.F.);
#5123=ADVANCED_FACE('',(#5122),#5117,.F.);
#5129=EDGE_CURVE('',#3497,#3498,#860,.T.);
#5131=EDGE_CURVE('',#3498,#3497,#988,.T.);
#5135=ADVANCED_FACE('',(#5134),#5128,.T.);
#5142=EDGE_CURVE('',#3494,#3786,#868,.T.);
#5149=ADVANCED_FACE('',(#5148),#5140,.T.);
#5156=EDGE_CURVE('',#3476,#3428,#926,.T.);
#5159=EDGE_CURVE('',#3302,#3478,#876,.T.);
#5163=ADVANCED_FACE('',(#5162),#5154,.T.);
#5170=EDGE_CURVE('',#3396,#3504,#2661,.T.);
#5172=EDGE_CURVE('',#3432,#3396,#1006,.T.);
#5174=EDGE_CURVE('',#3432,#3502,#901,.T.);
#5176=EDGE_CURVE('',#3497,#3502,#884,.T.);
#5179=EDGE_CURVE('',#3498,#3501,#888,.T.);
#5181=EDGE_CURVE('',#3501,#3475,#935,.T.);
#5187=ADVANCED_FACE('',(#5186),#5168,.T.);
#5193=EDGE_CURVE('',#3501,#3502,#897,.T.);
#5196=EDGE_CURVE('',#3431,#3432,#905,.T.);
#5198=EDGE_CURVE('',#3271,#3431,#909,.T.);
#5200=EDGE_CURVE('',#3271,#3272,#914,.T.);
#5202=EDGE_CURVE('',#3427,#3272,#918,.T.);
#5210=ADVANCED_FACE('',(#5209),#5192,.T.);
#5216=EDGE_CURVE('',#3753,#3754,#939,.T.);
#5218=EDGE_CURVE('',#3754,#3435,#943,.T.);
#5220=EDGE_CURVE('',#3435,#3436,#947,.T.);
#5222=EDGE_CURVE('',#3753,#3436,#951,.T.);
#5226=ADVANCED_FACE('',(#5225),#5215,.T.);
#5233=EDGE_CURVE('',#3337,#3381,#959,.T.);
#5236=EDGE_CURVE('',#3777,#3440,#967,.T.);
#5238=EDGE_CURVE('',#3777,#3778,#971,.T.);
#5240=EDGE_CURVE('',#3778,#3438,#975,.T.);
#5243=EDGE_CURVE('',#3338,#3377,#983,.T.);
#5247=ADVANCED_FACE('',(#5246),#5231,.T.);
#5259=ADVANCED_FACE('',(#5258),#5252,.F.);
#5266=EDGE_CURVE('',#3435,#3422,#1002,.T.);
#5268=EDGE_CURVE('',#3422,#3424,#2080,.T.);
#5270=EDGE_CURVE('',#3431,#3424,#2347,.T.);
#5274=EDGE_CURVE('',#3394,#3396,#2657,.T.);
#5276=EDGE_CURVE('',#3393,#3394,#1011,.T.);
#5278=EDGE_CURVE('',#3409,#3393,#2888,.T.);
#5280=EDGE_CURVE('',#3409,#3410,#2115,.T.);
#5282=EDGE_CURVE('',#3436,#3410,#3106,.T.);
#5286=EDGE_CURVE('',#3267,#3268,#993,.T.);
#5288=EDGE_CURVE('',#3268,#3267,#998,.T.);
#5292=ADVANCED_FACE('',(#5285,#5291),#5264,.F.);
#5298=EDGE_CURVE('',#3483,#3484,#1016,.T.);
#5300=EDGE_CURVE('',#3483,#3268,#1260,.T.);
#5303=EDGE_CURVE('',#3484,#3267,#1020,.T.);
#5307=ADVANCED_FACE('',(#5306),#5297,.F.);
#5313=EDGE_CURVE('',#3571,#3572,#1025,.T.);
#5315=EDGE_CURVE('',#3571,#3483,#1333,.T.);
#5318=EDGE_CURVE('',#3579,#3484,#1328,.T.);
#5320=EDGE_CURVE('',#3579,#3603,#1032,.T.);
#5322=EDGE_CURVE('',#3596,#3603,#1041,.T.);
#5324=EDGE_CURVE('',#3559,#3596,#1208,.T.);
#5326=EDGE_CURVE('',#3576,#3559,#1050,.T.);
#5328=EDGE_CURVE('',#3575,#3576,#1055,.T.);
#5330=EDGE_CURVE('',#3602,#3575,#1060,.T.);
#5332=EDGE_CURVE('',#3594,#3602,#1069,.T.);
#5334=EDGE_CURVE('',#3555,#3594,#1221,.T.);
#5336=EDGE_CURVE('',#3572,#3555,#1078,.T.);
#5340=ADVANCED_FACE('',(#5339),#5312,.F.);
#5346=EDGE_CURVE('',#3734,#3725,#1083,.T.);
#5348=EDGE_CURVE('',#3725,#3571,#1087,.T.);
#5351=EDGE_CURVE('',#3734,#3572,#1484,.T.);
#5355=ADVANCED_FACE('',(#5354),#5345,.F.);
#5361=EDGE_CURVE('',#3732,#3729,#1147,.T.);
#5363=EDGE_CURVE('',#3729,#3725,#1415,.T.);
#5366=EDGE_CURVE('',#3734,#3732,#1092,.T.);
#5370=ADVANCED_FACE('',(#5369),#5360,.T.);
#5376=EDGE_CURVE('',#4009,#4025,#1156,.T.);
#5378=EDGE_CURVE('',#4013,#4009,#2553,.T.);
#5380=EDGE_CURVE('',#3790,#4013,#1160,.T.);
#5382=EDGE_CURVE('',#3790,#3738,#1164,.T.);
#5384=EDGE_CURVE('',#3738,#3421,#2088,.T.);
#5386=EDGE_CURVE('',#3758,#3421,#3088,.T.);
#5388=EDGE_CURVE('',#3757,#3758,#1168,.T.);
#5390=EDGE_CURVE('',#3412,#3757,#3102,.T.);
#5392=EDGE_CURVE('',#3412,#3741,#2107,.T.);
#5394=EDGE_CURVE('',#3741,#3746,#1172,.T.);
#5396=EDGE_CURVE('',#3746,#3750,#1177,.T.);
#5398=EDGE_CURVE('',#4027,#3750,#2865,.T.);
#5400=EDGE_CURVE('',#4025,#4027,#2619,.T.);
#5404=EDGE_CURVE('',#3694,#3695,#1096,.T.);
#5406=EDGE_CURVE('',#3697,#3694,#1101,.T.);
#5408=EDGE_CURVE('',#3560,#3697,#1264,.T.);
#5410=EDGE_CURVE('',#3586,#3560,#1106,.T.);
#5412=EDGE_CURVE('',#3707,#3586,#1286,.T.);
#5414=EDGE_CURVE('',#3706,#3707,#1110,.T.);
#5416=EDGE_CURVE('',#3708,#3706,#1119,.T.);
#5418=EDGE_CURVE('',#3568,#3708,#1472,.T.);
#5420=EDGE_CURVE('',#3592,#3568,#1124,.T.);
#5422=EDGE_CURVE('',#3718,#3592,#1459,.T.);
#5424=EDGE_CURVE('',#3717,#3718,#1128,.T.);
#5426=EDGE_CURVE('',#3720,#3717,#1133,.T.);
#5428=EDGE_CURVE('',#3564,#3720,#1428,.T.);
#5430=EDGE_CURVE('',#3590,#3564,#1138,.T.);
#5432=EDGE_CURVE('',#3730,#3590,#1424,.T.);
#5434=EDGE_CURVE('',#3729,#3730,#1142,.T.);
#5437=EDGE_CURVE('',#3556,#3732,#1480,.T.);
#5439=EDGE_CURVE('',#3588,#3556,#1152,.T.);
#5441=EDGE_CURVE('',#3695,#3588,#1199,.T.);
#5445=ADVANCED_FACE('',(#5403,#5444),#5375,.T.);
#5451=EDGE_CURVE('',#3690,#3691,#1191,.T.);
#5453=EDGE_CURVE('',#3694,#3690,#1182,.T.);
#5456=EDGE_CURVE('',#3695,#3691,#1187,.T.);
#5460=ADVANCED_FACE('',(#5459),#5450,.T.);
#5467=EDGE_CURVE('',#3691,#3610,#1195,.T.);
#5469=EDGE_CURVE('',#3610,#3575,#1390,.T.);
#5471=EDGE_CURVE('',#3690,#3575,#1282,.T.);
#5475=ADVANCED_FACE('',(#5474),#5465,.F.);
#5484=EDGE_CURVE('',#3594,#3588,#1225,.T.);
#5487=EDGE_CURVE('',#3602,#3610,#1394,.T.);
#5491=ADVANCED_FACE('',(#5490),#5480,.F.);
#5497=EDGE_CURVE('',#3559,#3560,#1203,.T.);
#5500=EDGE_CURVE('',#3596,#3586,#1212,.T.);
#5505=ADVANCED_FACE('',(#5504),#5496,.F.);
#5511=EDGE_CURVE('',#3555,#3556,#1216,.T.);
#5518=ADVANCED_FACE('',(#5517),#5510,.F.);
#5524=EDGE_CURVE('',#3563,#3564,#1229,.T.);
#5526=EDGE_CURVE('',#3563,#3600,#1234,.T.);
#5528=EDGE_CURVE('',#3600,#3590,#1238,.T.);
#5533=ADVANCED_FACE('',(#5532),#5523,.F.);
#5539=EDGE_CURVE('',#3567,#3568,#1242,.T.);
#5541=EDGE_CURVE('',#3567,#3598,#1247,.T.);
#5543=EDGE_CURVE('',#3598,#3592,#1251,.T.);
#5548=ADVANCED_FACE('',(#5547),#5538,.F.);
#5554=EDGE_CURVE('',#3484,#3483,#1256,.T.);
#5561=ADVANCED_FACE('',(#5560),#5553,.F.);
#5568=EDGE_CURVE('',#3699,#3697,#1273,.T.);
#5570=EDGE_CURVE('',#3699,#3576,#1268,.T.);
#5576=ADVANCED_FACE('',(#5575),#5566,.F.);
#5584=EDGE_CURVE('',#3699,#3690,#1278,.T.);
#5589=ADVANCED_FACE('',(#5588),#5581,.T.);
#5601=ADVANCED_FACE('',(#5600),#5594,.F.);
#5607=EDGE_CURVE('',#3703,#3603,#1294,.T.);
#5609=EDGE_CURVE('',#3707,#3703,#1304,.T.);
#5616=ADVANCED_FACE('',(#5615),#5606,.F.);
#5622=EDGE_CURVE('',#3702,#3703,#1290,.T.);
#5626=EDGE_CURVE('',#3702,#3579,#1318,.T.);
#5630=ADVANCED_FACE('',(#5629),#5621,.F.);
#5637=EDGE_CURVE('',#3706,#3702,#1299,.T.);
#5643=ADVANCED_FACE('',(#5642),#5635,.T.);
#5651=EDGE_CURVE('',#3710,#3702,#1314,.T.);
#5653=EDGE_CURVE('',#3710,#3708,#1309,.T.);
#5657=ADVANCED_FACE('',(#5656),#5648,.T.);
#5665=EDGE_CURVE('',#3579,#3580,#1323,.T.);
#5667=EDGE_CURVE('',#3710,#3580,#1476,.T.);
#5671=ADVANCED_FACE('',(#5670),#5662,.F.);
#5681=EDGE_CURVE('',#3606,#3571,#1338,.T.);
#5683=EDGE_CURVE('',#3600,#3606,#1347,.T.);
#5686=EDGE_CURVE('',#3584,#3563,#1356,.T.);
#5688=EDGE_CURVE('',#3583,#3584,#1361,.T.);
#5690=EDGE_CURVE('',#3583,#3604,#1368,.T.);
#5692=EDGE_CURVE('',#3598,#3604,#1377,.T.);
#5695=EDGE_CURVE('',#3580,#3567,#1386,.T.);
#5699=ADVANCED_FACE('',(#5698),#5676,.F.);
#5710=ADVANCED_FACE('',(#5709),#5704,.T.);
#5717=EDGE_CURVE('',#3608,#3571,#1398,.T.);
#5719=EDGE_CURVE('',#3606,#3608,#1402,.T.);
#5723=ADVANCED_FACE('',(#5722),#5715,.T.);
#5729=EDGE_CURVE('',#3725,#3726,#1406,.T.);
#5731=EDGE_CURVE('',#3726,#3608,#1410,.T.);
#5737=ADVANCED_FACE('',(#5736),#5728,.F.);
#5746=EDGE_CURVE('',#3730,#3726,#1420,.T.);
#5750=ADVANCED_FACE('',(#5749),#5742,.T.);
#5764=ADVANCED_FACE('',(#5763),#5755,.F.);
#5771=EDGE_CURVE('',#3722,#3720,#1437,.T.);
#5773=EDGE_CURVE('',#3722,#3584,#1432,.T.);
#5779=ADVANCED_FACE('',(#5778),#5769,.F.);
#5786=EDGE_CURVE('',#3717,#3713,#1442,.T.);
#5788=EDGE_CURVE('',#3722,#3713,#1464,.T.);
#5793=ADVANCED_FACE('',(#5792),#5784,.T.);
#5799=EDGE_CURVE('',#3713,#3714,#1451,.T.);
#5803=EDGE_CURVE('',#3718,#3714,#1447,.T.);
#5807=ADVANCED_FACE('',(#5806),#5798,.T.);
#5814=EDGE_CURVE('',#3714,#3604,#1455,.T.);
#5817=EDGE_CURVE('',#3713,#3583,#1468,.T.);
#5821=ADVANCED_FACE('',(#5820),#5812,.F.);
#5834=ADVANCED_FACE('',(#5833),#5826,.F.);
#5846=ADVANCED_FACE('',(#5845),#5839,.F.);
#5859=ADVANCED_FACE('',(#5858),#5851,.F.);
#5872=ADVANCED_FACE('',(#5871),#5864,.F.);
#5878=EDGE_CURVE('',#4008,#4009,#1499,.T.);
#5881=EDGE_CURVE('',#4025,#4021,#1504,.T.);
#5883=EDGE_CURVE('',#4021,#4019,#1515,.T.);
#5885=EDGE_CURVE('',#4019,#4015,#1519,.T.);
#5887=EDGE_CURVE('',#4015,#4008,#1530,.T.);
#5891=EDGE_CURVE('',#3854,#3855,#1489,.T.);
#5893=EDGE_CURVE('',#3862,#3855,#1586,.T.);
#5895=EDGE_CURVE('',#3862,#3863,#1494,.T.);
#5897=EDGE_CURVE('',#3854,#3863,#1554,.T.);
#5901=ADVANCED_FACE('',(#5890,#5900),#5877,.T.);
#5908=EDGE_CURVE('',#3854,#3858,#1541,.T.);
#5910=EDGE_CURVE('',#3858,#3859,#1803,.T.);
#5912=EDGE_CURVE('',#3859,#3855,#1550,.T.);
#5916=ADVANCED_FACE('',(#5915),#5906,.T.);
#5923=EDGE_CURVE('',#3867,#3863,#1582,.T.);
#5925=EDGE_CURVE('',#3867,#3851,#1559,.T.);
#5927=EDGE_CURVE('',#3850,#3851,#2857,.T.);
#5929=EDGE_CURVE('',#3850,#3858,#1564,.T.);
#5934=ADVANCED_FACE('',(#5933),#5921,.T.);
#5941=EDGE_CURVE('',#3862,#3866,#1573,.T.);
#5943=EDGE_CURVE('',#3866,#3867,#1650,.T.);
#5948=ADVANCED_FACE('',(#5947),#5939,.T.);
#5954=EDGE_CURVE('',#3834,#3866,#1654,.T.);
#5959=EDGE_CURVE('',#3833,#3859,#1798,.T.);
#5961=EDGE_CURVE('',#3832,#3833,#1592,.T.);
#5963=EDGE_CURVE('',#3832,#3835,#1596,.T.);
#5965=EDGE_CURVE('',#3834,#3835,#1602,.T.);
#5969=ADVANCED_FACE('',(#5968),#5953,.F.);
#5975=EDGE_CURVE('',#3887,#3883,#1606,.T.);
#5977=EDGE_CURVE('',#3883,#3824,#1611,.T.);
#5979=EDGE_CURVE('',#3809,#3824,#1615,.T.);
#5981=EDGE_CURVE('',#3809,#3810,#1620,.T.);
#5983=EDGE_CURVE('',#3814,#3810,#1625,.T.);
#5985=EDGE_CURVE('',#3821,#3814,#1629,.T.);
#5987=EDGE_CURVE('',#3817,#3821,#1835,.T.);
#5989=EDGE_CURVE('',#3887,#3817,#1633,.T.);
#5993=ADVANCED_FACE('',(#5992),#5974,.T.);
#5999=EDGE_CURVE('',#3922,#3923,#1637,.T.);
#6001=EDGE_CURVE('',#3846,#3923,#1641,.T.);
#6003=EDGE_CURVE('',#3842,#3846,#2844,.T.);
#6005=EDGE_CURVE('',#3851,#3842,#1645,.T.);
#6010=EDGE_CURVE('',#3834,#3922,#1659,.T.);
#6014=ADVANCED_FACE('',(#6013),#5998,.T.);
#6020=EDGE_CURVE('',#3885,#3879,#1681,.T.);
#6022=EDGE_CURVE('',#3879,#3883,#1964,.T.);
#6025=EDGE_CURVE('',#3887,#3885,#1665,.T.);
#6029=ADVANCED_FACE('',(#6028),#6019,.T.);
#6035=EDGE_CURVE('',#3997,#3994,#1669,.T.);
#6037=EDGE_CURVE('',#3997,#3876,#1673,.T.);
#6039=EDGE_CURVE('',#3879,#3876,#1677,.T.);
#6042=EDGE_CURVE('',#3895,#3885,#1826,.T.);
#6044=EDGE_CURVE('',#3894,#3895,#1685,.T.);
#6046=EDGE_CURVE('',#3899,#3894,#1689,.T.);
#6048=EDGE_CURVE('',#3899,#3994,#1693,.T.);
#6052=ADVANCED_FACE('',(#6051),#6034,.T.);
#6059=EDGE_CURVE('',#3994,#3995,#1703,.T.);
#6061=EDGE_CURVE('',#3999,#3995,#1905,.T.);
#6063=EDGE_CURVE('',#3997,#3999,#1698,.T.);
#6067=ADVANCED_FACE('',(#6066),#6057,.T.);
#6117=EDGE_CURVE('',#3994,#3992,#1714,.T.);
#6119=EDGE_CURVE('',#3992,#3988,#2690,.T.);
#6121=EDGE_CURVE('',#3995,#3988,#1916,.T.);
#6126=ADVANCED_FACE('',(#6125),#6116,.T.);
#6134=EDGE_CURVE('',#3902,#3899,#1725,.T.);
#6136=EDGE_CURVE('',#3902,#3992,#2635,.T.);
#6140=ADVANCED_FACE('',(#6139),#6131,.T.);
#6191=EDGE_CURVE('',#3899,#3901,#1735,.T.);
#6193=EDGE_CURVE('',#3903,#3901,#2441,.T.);
#6195=EDGE_CURVE('',#3902,#3903,#1730,.T.);
#6199=ADVANCED_FACE('',(#6198),#6189,.T.);
#6206=EDGE_CURVE('',#3894,#3897,#1740,.T.);
#6208=EDGE_CURVE('',#3901,#3897,#2445,.T.);
#6213=ADVANCED_FACE('',(#6212),#6204,.T.);
#6219=EDGE_CURVE('',#3897,#3890,#1745,.T.);
#6222=EDGE_CURVE('',#3894,#3890,#1816,.T.);
#6226=ADVANCED_FACE('',(#6225),#6218,.T.);
#6233=EDGE_CURVE('',#3831,#3890,#1785,.T.);
#6235=EDGE_CURVE('',#3831,#3826,#1954,.T.);
#6237=EDGE_CURVE('',#3826,#3830,#1754,.T.);
#6239=EDGE_CURVE('',#3830,#3897,#2450,.T.);
#6243=ADVANCED_FACE('',(#6242),#6231,.T.);
#6249=EDGE_CURVE('',#3890,#3891,#1758,.T.);
#6251=EDGE_CURVE('',#3891,#3818,#1762,.T.);
#6253=EDGE_CURVE('',#3822,#3818,#1840,.T.);
#6255=EDGE_CURVE('',#3822,#3812,#1766,.T.);
#6257=EDGE_CURVE('',#3797,#3812,#1771,.T.);
#6259=EDGE_CURVE('',#3797,#3798,#1776,.T.);
#6261=EDGE_CURVE('',#3798,#3831,#1780,.T.);
#6266=ADVANCED_FACE('',(#6265),#6248,.F.);
#6272=EDGE_CURVE('',#3919,#3915,#1789,.T.);
#6274=EDGE_CURVE('',#3915,#3833,#1794,.T.);
#6279=EDGE_CURVE('',#3850,#3843,#1807,.T.);
#6281=EDGE_CURVE('',#3847,#3843,#2849,.T.);
#6283=EDGE_CURVE('',#3847,#3919,#1811,.T.);
#6287=ADVANCED_FACE('',(#6286),#6271,.F.);
#6296=EDGE_CURVE('',#3895,#3891,#1822,.T.);
#6300=ADVANCED_FACE('',(#6299),#6292,.T.);
#6311=EDGE_CURVE('',#3817,#3818,#1830,.T.);
#6315=ADVANCED_FACE('',(#6314),#6305,.F.);
#6323=EDGE_CURVE('',#3821,#3822,#1848,.T.);
#6328=ADVANCED_FACE('',(#6327),#6320,.T.);
#6334=EDGE_CURVE('',#3814,#3812,#1844,.T.);
#6341=ADVANCED_FACE('',(#6340),#6333,.F.);
#6350=EDGE_CURVE('',#3810,#3806,#1857,.T.);
#6352=EDGE_CURVE('',#3806,#3801,#1875,.T.);
#6354=EDGE_CURVE('',#3797,#3801,#1925,.T.);
#6358=ADVANCED_FACE('',(#6357),#6346,.T.);
#6364=EDGE_CURVE('',#3805,#3806,#1880,.T.);
#6368=EDGE_CURVE('',#3809,#3805,#1866,.T.);
#6372=ADVANCED_FACE('',(#6371),#6363,.T.);
#6378=EDGE_CURVE('',#3988,#3989,#1885,.T.);
#6381=EDGE_CURVE('',#4005,#4001,#1890,.T.);
#6383=EDGE_CURVE('',#4001,#3999,#1901,.T.);
#6389=EDGE_CURVE('',#3801,#3802,#1871,.T.);
#6393=EDGE_CURVE('',#3802,#3805,#1938,.T.);
#6397=ADVANCED_FACE('',(#6388,#6396),#6377,.T.);
#6406=EDGE_CURVE('',#3802,#3798,#1934,.T.);
#6410=ADVANCED_FACE('',(#6409),#6402,.T.);
#6421=EDGE_CURVE('',#3823,#3824,#1944,.T.);
#6423=EDGE_CURVE('',#3823,#3826,#1948,.T.);
#6428=ADVANCED_FACE('',(#6427),#6415,.F.);
#6434=EDGE_CURVE('',#3883,#3881,#1959,.T.);
#6436=EDGE_CURVE('',#3881,#3829,#2459,.T.);
#6438=EDGE_CURVE('',#3823,#3829,#2961,.T.);
#6444=ADVANCED_FACE('',(#6443),#6433,.T.);
#6452=EDGE_CURVE('',#3879,#3881,#1969,.T.);
#6456=ADVANCED_FACE('',(#6455),#6449,.T.);
#6463=EDGE_CURVE('',#3876,#3877,#1974,.T.);
#6465=EDGE_CURVE('',#3881,#3877,#2463,.T.);
#6470=ADVANCED_FACE('',(#6469),#6461,.T.);
#6520=EDGE_CURVE('',#3876,#3874,#1996,.T.);
#6522=EDGE_CURVE('',#3874,#3870,#2479,.T.);
#6524=EDGE_CURVE('',#3877,#3870,#2474,.T.);
#6529=ADVANCED_FACE('',(#6528),#6519,.T.);
#6535=EDGE_CURVE('',#4000,#3997,#1985,.T.);
#6537=EDGE_CURVE('',#4000,#3874,#2028,.T.);
#6543=ADVANCED_FACE('',(#6542),#6534,.T.);
#6596=EDGE_CURVE('',#4000,#4001,#2001,.T.);
#6600=ADVANCED_FACE('',(#6599),#6592,.T.);
#6606=EDGE_CURVE('',#4003,#4000,#2019,.T.);
#6613=ADVANCED_FACE('',(#6612),#6605,.T.);
#6624=ADVANCED_FACE('',(#6623),#6618,.T.);
#6632=EDGE_CURVE('',#3793,#3794,#2047,.T.);
#6634=EDGE_CURVE('',#3793,#3875,#2331,.T.);
#6636=EDGE_CURVE('',#3874,#3875,#2024,.T.);
#6641=ADVANCED_FACE('',(#6640),#6629,.T.);
#6647=EDGE_CURVE('',#4012,#4013,#2033,.T.);
#6649=EDGE_CURVE('',#3934,#4012,#2037,.T.);
#6651=EDGE_CURVE('',#3937,#3934,#2042,.T.);
#6653=EDGE_CURVE('',#3937,#3789,#2339,.T.);
#6655=EDGE_CURVE('',#3789,#3790,#2966,.T.);
#6660=ADVANCED_FACE('',(#6659),#6646,.T.);
#6668=EDGE_CURVE('',#3761,#3762,#2134,.T.);
#6670=EDGE_CURVE('',#3762,#3793,#2335,.T.);
#6674=ADVANCED_FACE('',(#6673),#6665,.T.);
#6680=EDGE_CURVE('',#3737,#3738,#2072,.T.);
#6682=EDGE_CURVE('',#3424,#3737,#2076,.T.);
#6685=EDGE_CURVE('',#3421,#3422,#2084,.T.);
#6690=EDGE_CURVE('',#3471,#3472,#2093,.T.);
#6692=EDGE_CURVE('',#3472,#3471,#2098,.T.);
#6696=ADVANCED_FACE('',(#6689,#6695),#6679,.T.);
#6702=EDGE_CURVE('',#3741,#3742,#2103,.T.);
#6705=EDGE_CURVE('',#3410,#3412,#2111,.T.);
#6708=EDGE_CURVE('',#3742,#3409,#2119,.T.);
#6712=EDGE_CURVE('',#3467,#3468,#2124,.T.);
#6714=EDGE_CURVE('',#3468,#3467,#2129,.T.);
#6718=ADVANCED_FACE('',(#6711,#6717),#6701,.T.);
#6726=EDGE_CURVE('',#3416,#3418,#2142,.T.);
#6729=EDGE_CURVE('',#3762,#3415,#2150,.T.);
#6733=EDGE_CURVE('',#3463,#3464,#2062,.T.);
#6735=EDGE_CURVE('',#3464,#3463,#2067,.T.);
#6739=ADVANCED_FACE('',(#6732,#6738),#6723,.T.);
#6745=EDGE_CURVE('',#3765,#3766,#2155,.T.);
#6747=EDGE_CURVE('',#3406,#3765,#2159,.T.);
#6750=EDGE_CURVE('',#3403,#3404,#2167,.T.);
#6755=EDGE_CURVE('',#3459,#3460,#2052,.T.);
#6757=EDGE_CURVE('',#3460,#3459,#2057,.T.);
#6761=ADVANCED_FACE('',(#6754,#6760),#6744,.T.);
#6768=EDGE_CURVE('',#3459,#3443,#2175,.T.);
#6770=EDGE_CURVE('',#3443,#3444,#2210,.T.);
#6772=EDGE_CURVE('',#3460,#3444,#2205,.T.);
#6776=EDGE_CURVE('',#4036,#4037,#2188,.T.);
#6778=EDGE_CURVE('',#4037,#4036,#2201,.T.);
#6782=ADVANCED_FACE('',(#6775,#6781),#6766,.F.);
#6790=EDGE_CURVE('',#3444,#3443,#2215,.T.);
#6795=ADVANCED_FACE('',(#6794),#6787,.F.);
#6805=EDGE_CURVE('',#3972,#3973,#2250,.T.);
#6807=EDGE_CURVE('',#3973,#3972,#2255,.T.);
#6811=ADVANCED_FACE('',(#6804,#6810),#6800,.T.);
#6817=EDGE_CURVE('',#3447,#3448,#2220,.T.);
#6819=EDGE_CURVE('',#3448,#3447,#2225,.T.);
#6823=EDGE_CURVE('',#3976,#3977,#2260,.T.);
#6825=EDGE_CURVE('',#3977,#3976,#2265,.T.);
#6829=ADVANCED_FACE('',(#6822,#6828),#6816,.T.);
#6835=EDGE_CURVE('',#3451,#3452,#2230,.T.);
#6837=EDGE_CURVE('',#3452,#3451,#2235,.T.);
#6841=EDGE_CURVE('',#3980,#3981,#2270,.T.);
#6843=EDGE_CURVE('',#3981,#3980,#2275,.T.);
#6847=ADVANCED_FACE('',(#6840,#6846),#6834,.T.);
#6853=EDGE_CURVE('',#3455,#3456,#2240,.T.);
#6855=EDGE_CURVE('',#3456,#3455,#2245,.T.);
#6859=EDGE_CURVE('',#3984,#3985,#2280,.T.);
#6861=EDGE_CURVE('',#3985,#3984,#2285,.T.);
#6865=ADVANCED_FACE('',(#6858,#6864),#6852,.T.);
#6872=EDGE_CURVE('',#3463,#3447,#2289,.T.);
#6875=EDGE_CURVE('',#3464,#3448,#2293,.T.);
#6879=ADVANCED_FACE('',(#6878),#6870,.F.);
#6891=EDGE_CURVE('',#4048,#4049,#2306,.T.);
#6893=EDGE_CURVE('',#4049,#4048,#2319,.T.);
#6897=ADVANCED_FACE('',(#6890,#6896),#6884,.F.);
#6903=EDGE_CURVE('',#4042,#4043,#2356,.T.);
#6905=EDGE_CURVE('',#4042,#4048,#2323,.T.);
#6908=EDGE_CURVE('',#4043,#4049,#2970,.T.);
#6912=ADVANCED_FACE('',(#6911),#6902,.F.);
#6918=EDGE_CURVE('',#3272,#3871,#2327,.T.);
#6920=EDGE_CURVE('',#3875,#3871,#2493,.T.);
#6930=EDGE_CURVE('',#4043,#4042,#2361,.T.);
#6934=ADVANCED_FACE('',(#6928,#6933),#6917,.T.);
#6941=EDGE_CURVE('',#3939,#3937,#2507,.T.);
#6943=EDGE_CURVE('',#3939,#3271,#2343,.T.);
#6948=EDGE_CURVE('',#3789,#3737,#2351,.T.);
#6952=EDGE_CURVE('',#4046,#4047,#2366,.T.);
#6954=EDGE_CURVE('',#4047,#4046,#2371,.T.);
#6958=ADVANCED_FACE('',(#6951,#6957),#6939,.T.);
#6964=EDGE_CURVE('',#3870,#3871,#2376,.T.);
#6969=EDGE_CURVE('',#3939,#3935,#2381,.T.);
#6971=EDGE_CURVE('',#3935,#3933,#2392,.T.);
#6973=EDGE_CURVE('',#3933,#3929,#2396,.T.);
#6975=EDGE_CURVE('',#3839,#3929,#2401,.T.);
#6977=EDGE_CURVE('',#3838,#3839,#2405,.T.);
#6979=EDGE_CURVE('',#3913,#3838,#2410,.T.);
#6981=EDGE_CURVE('',#3913,#3909,#2414,.T.);
#6983=EDGE_CURVE('',#3909,#3907,#2425,.T.);
#6985=EDGE_CURVE('',#3907,#3903,#2430,.T.);
#6990=EDGE_CURVE('',#3829,#3830,#2454,.T.);
#6997=ADVANCED_FACE('',(#6996),#6963,.F.);
#7009=ADVANCED_FACE('',(#7008),#7002,.T.);
#7016=EDGE_CURVE('',#3934,#3935,#2512,.T.);
#7022=ADVANCED_FACE('',(#7021),#7014,.T.);
#7072=EDGE_CURVE('',#3934,#3931,#2534,.T.);
#7074=EDGE_CURVE('',#3931,#3933,#2814,.T.);
#7080=ADVANCED_FACE('',(#7079),#7071,.T.);
#7086=EDGE_CURVE('',#4014,#4012,#2523,.T.);
#7088=EDGE_CURVE('',#3931,#4014,#2586,.T.);
#7094=ADVANCED_FACE('',(#7093),#7085,.T.);
#7145=EDGE_CURVE('',#4012,#4008,#2544,.T.);
#7148=EDGE_CURVE('',#4014,#4015,#2539,.T.);
#7152=ADVANCED_FACE('',(#7151),#7143,.T.);
#7164=ADVANCED_FACE('',(#7163),#7157,.T.);
#7170=EDGE_CURVE('',#4017,#4014,#2562,.T.);
#7174=EDGE_CURVE('',#4017,#4019,#2558,.T.);
#7178=ADVANCED_FACE('',(#7177),#7169,.T.);
#7185=EDGE_CURVE('',#4017,#3908,#2566,.T.);
#7187=EDGE_CURVE('',#3911,#3908,#2570,.T.);
#7189=EDGE_CURVE('',#3917,#3911,#2574,.T.);
#7191=EDGE_CURVE('',#3927,#3917,#2829,.T.);
#7193=EDGE_CURVE('',#3926,#3927,#2578,.T.);
#7195=EDGE_CURVE('',#3931,#3926,#2582,.T.);
#7200=ADVANCED_FACE('',(#7199),#7183,.T.);
#7206=EDGE_CURVE('',#4020,#4017,#2597,.T.);
#7208=EDGE_CURVE('',#4020,#3905,#2644,.T.);
#7210=EDGE_CURVE('',#3908,#3905,#2608,.T.);
#7215=ADVANCED_FACE('',(#7214),#7205,.T.);
#7268=EDGE_CURVE('',#4020,#4021,#2613,.T.);
#7272=ADVANCED_FACE('',(#7271),#7264,.T.);
#7278=EDGE_CURVE('',#4023,#4020,#2649,.T.);
#7283=EDGE_CURVE('',#4027,#4023,#2626,.T.);
#7287=ADVANCED_FACE('',(#7286),#7277,.T.);
#7293=EDGE_CURVE('',#3992,#3993,#2631,.T.);
#7296=EDGE_CURVE('',#3905,#3902,#2640,.T.);
#7300=EDGE_CURVE('',#3748,#4023,#2861,.T.);
#7302=EDGE_CURVE('',#3748,#3394,#2653,.T.);
#7307=EDGE_CURVE('',#3342,#3388,#2669,.T.);
#7310=EDGE_CURVE('',#3341,#3390,#2677,.T.);
#7313=EDGE_CURVE('',#3399,#3772,#2685,.T.);
#7315=EDGE_CURVE('',#3993,#3772,#2711,.T.);
#7319=ADVANCED_FACE('',(#7318),#7292,.T.);
#7328=EDGE_CURVE('',#3993,#4026,#2697,.T.);
#7333=ADVANCED_FACE('',(#7332),#7324,.T.);
#7342=EDGE_CURVE('',#3772,#3774,#2716,.T.);
#7346=ADVANCED_FACE('',(#7345),#7338,.T.);
#7352=EDGE_CURVE('',#3772,#3770,#2721,.T.);
#7354=EDGE_CURVE('',#3770,#3768,#2748,.T.);
#7360=ADVANCED_FACE('',(#7359),#7351,.T.);
#7369=EDGE_CURVE('',#3400,#3770,#2729,.T.);
#7373=ADVANCED_FACE('',(#7372),#7365,.T.);
#7379=EDGE_CURVE('',#3770,#3765,#2725,.T.);
#7386=EDGE_CURVE('',#4030,#4031,#2738,.T.);
#7388=EDGE_CURVE('',#4031,#4030,#2743,.T.);
#7392=ADVANCED_FACE('',(#7385,#7391),#7378,.T.);
#7404=ADVANCED_FACE('',(#7403),#7397,.T.);
#7411=EDGE_CURVE('',#4030,#4036,#2752,.T.);
#7414=EDGE_CURVE('',#4031,#4037,#2756,.T.);
#7418=ADVANCED_FACE('',(#7417),#7409,.F.);
#7430=ADVANCED_FACE('',(#7429),#7423,.F.);
#7439=EDGE_CURVE('',#3905,#3907,#2761,.T.);
#7443=ADVANCED_FACE('',(#7442),#7435,.T.);
#7496=EDGE_CURVE('',#3908,#3909,#2766,.T.);
#7500=ADVANCED_FACE('',(#7499),#7492,.T.);
#7509=EDGE_CURVE('',#3911,#3913,#2771,.T.);
#7513=ADVANCED_FACE('',(#7512),#7505,.T.);
#7519=EDGE_CURVE('',#3915,#3913,#2781,.T.);
#7521=EDGE_CURVE('',#3911,#3915,#2776,.T.);
#7526=ADVANCED_FACE('',(#7525),#7518,.T.);
#7534=EDGE_CURVE('',#3832,#3838,#2790,.T.);
#7540=ADVANCED_FACE('',(#7539),#7531,.T.);
#7547=EDGE_CURVE('',#3835,#3839,#2804,.T.);
#7553=ADVANCED_FACE('',(#7552),#7545,.T.);
#7559=EDGE_CURVE('',#3929,#3922,#2795,.T.);
#7567=ADVANCED_FACE('',(#7566),#7558,.T.);
#7574=EDGE_CURVE('',#3926,#3929,#2809,.T.);
#7576=EDGE_CURVE('',#3926,#3922,#2819,.T.);
#7580=ADVANCED_FACE('',(#7579),#7572,.T.);
#7592=ADVANCED_FACE('',(#7591),#7585,.T.);
#7601=EDGE_CURVE('',#3927,#3923,#2825,.T.);
#7605=ADVANCED_FACE('',(#7604),#7597,.T.);
#7614=EDGE_CURVE('',#3919,#3917,#2839,.T.);
#7617=EDGE_CURVE('',#3846,#3847,#2833,.T.);
#7621=ADVANCED_FACE('',(#7620),#7610,.F.);
#7633=ADVANCED_FACE('',(#7632),#7626,.T.);
#7639=EDGE_CURVE('',#3842,#3843,#2853,.T.);
#7646=ADVANCED_FACE('',(#7645),#7638,.T.);
#7658=ADVANCED_FACE('',(#7657),#7651,.F.);
#7667=EDGE_CURVE('',#3748,#3750,#2870,.T.);
#7671=ADVANCED_FACE('',(#7670),#7663,.T.);
#7677=EDGE_CURVE('',#3744,#3748,#2880,.T.);
#7681=EDGE_CURVE('',#3744,#3746,#2875,.T.);
#7685=ADVANCED_FACE('',(#7684),#7676,.T.);
#7692=EDGE_CURVE('',#3744,#3393,#2892,.T.);
#7698=ADVANCED_FACE('',(#7697),#7690,.T.);
#7704=EDGE_CURVE('',#3742,#3744,#2884,.T.);
#7711=EDGE_CURVE('',#4034,#4035,#2897,.T.);
#7713=EDGE_CURVE('',#4035,#4034,#2902,.T.);
#7717=ADVANCED_FACE('',(#7710,#7716),#7703,.F.);
#7729=ADVANCED_FACE('',(#7728),#7722,.T.);
#7736=EDGE_CURVE('',#4034,#4038,#2906,.T.);
#7738=EDGE_CURVE('',#4038,#4039,#2927,.T.);
#7740=EDGE_CURVE('',#4035,#4039,#2910,.T.);
#7744=ADVANCED_FACE('',(#7743),#7734,.F.);
#7752=EDGE_CURVE('',#4039,#4038,#2940,.T.);
#7757=ADVANCED_FACE('',(#7756),#7749,.F.);
#7764=EDGE_CURVE('',#3467,#3451,#2914,.T.);
#7767=EDGE_CURVE('',#3468,#3452,#2944,.T.);
#7775=ADVANCED_FACE('',(#7770,#7774),#7762,.F.);
#7787=ADVANCED_FACE('',(#7786),#7780,.F.);
#7794=EDGE_CURVE('',#3386,#3374,#2948,.T.);
#7800=ADVANCED_FACE('',(#7799),#7792,.F.);
#7807=EDGE_CURVE('',#3385,#3373,#2952,.T.);
#7813=ADVANCED_FACE('',(#7812),#7805,.F.);
#7825=ADVANCED_FACE('',(#7824),#7818,.F.);
#7837=ADVANCED_FACE('',(#7836),#7830,.T.);
#7849=ADVANCED_FACE('',(#7848),#7842,.T.);
#7861=ADVANCED_FACE('',(#7860),#7854,.F.);
#7868=EDGE_CURVE('',#4046,#4050,#2974,.T.);
#7870=EDGE_CURVE('',#4050,#4051,#2995,.T.);
#7872=EDGE_CURVE('',#4047,#4051,#2978,.T.);
#7876=ADVANCED_FACE('',(#7875),#7866,.F.);
#7884=EDGE_CURVE('',#4051,#4050,#3008,.T.);
#7889=ADVANCED_FACE('',(#7888),#7881,.F.);
#7896=EDGE_CURVE('',#3472,#3456,#2982,.T.);
#7899=EDGE_CURVE('',#3471,#3455,#3012,.T.);
#7907=ADVANCED_FACE('',(#7902,#7906),#7894,.F.);
#7919=ADVANCED_FACE('',(#7918),#7912,.F.);
#7926=EDGE_CURVE('',#3972,#3956,#3016,.T.);
#7928=EDGE_CURVE('',#3956,#3957,#3025,.T.);
#7930=EDGE_CURVE('',#3973,#3957,#3020,.T.);
#7934=ADVANCED_FACE('',(#7933),#7924,.T.);
#7942=EDGE_CURVE('',#3957,#3956,#3030,.T.);
#7947=ADVANCED_FACE('',(#7946),#7939,.T.);
#7957=ADVANCED_FACE('',(#7956),#7952,.T.);
#7963=EDGE_CURVE('',#3960,#3961,#3035,.T.);
#7965=EDGE_CURVE('',#3961,#3960,#3040,.T.);
#7969=ADVANCED_FACE('',(#7968),#7962,.T.);
#7975=EDGE_CURVE('',#3964,#3965,#3045,.T.);
#7977=EDGE_CURVE('',#3965,#3964,#3050,.T.);
#7981=ADVANCED_FACE('',(#7980),#7974,.T.);
#7987=EDGE_CURVE('',#3968,#3969,#3055,.T.);
#7989=EDGE_CURVE('',#3969,#3968,#3060,.T.);
#7993=ADVANCED_FACE('',(#7992),#7986,.T.);
#8000=EDGE_CURVE('',#3976,#3960,#3064,.T.);
#8003=EDGE_CURVE('',#3977,#3961,#3068,.T.);
#8007=ADVANCED_FACE('',(#8006),#7998,.T.);
#8019=ADVANCED_FACE('',(#8018),#8012,.T.);
#8026=EDGE_CURVE('',#3980,#3964,#3072,.T.);
#8029=EDGE_CURVE('',#3981,#3965,#3076,.T.);
#8033=ADVANCED_FACE('',(#8032),#8024,.T.);
#8045=ADVANCED_FACE('',(#8044),#8038,.T.);
#8052=EDGE_CURVE('',#3984,#3968,#3080,.T.);
#8055=EDGE_CURVE('',#3985,#3969,#3084,.T.);
#8059=ADVANCED_FACE('',(#8058),#8050,.T.);
#8071=ADVANCED_FACE('',(#8070),#8064,.T.);
#8078=EDGE_CURVE('',#3758,#3754,#3098,.T.);
#8085=ADVANCED_FACE('',(#8084),#8076,.T.);
#8092=EDGE_CURVE('',#3753,#3757,#3093,.T.);
#8098=ADVANCED_FACE('',(#8097),#8090,.T.);
#8111=ADVANCED_FACE('',(#8110),#8103,.T.);
#8118=EDGE_CURVE('',#3777,#3781,#3119,.T.);
#8125=ADVANCED_FACE('',(#8124),#8116,.T.);
#8134=EDGE_CURVE('',#3782,#3778,#3124,.T.);
#8138=ADVANCED_FACE('',(#8137),#8130,.T.);
#8151=ADVANCED_FACE('',(#8150),#8143,.T.);
#8160=EDGE_CURVE('',#3382,#3369,#3132,.T.);
#8164=ADVANCED_FACE('',(#8163),#8156,.F.);
#8173=EDGE_CURVE('',#3378,#3370,#3136,.T.);
#8177=ADVANCED_FACE('',(#8176),#8169,.F.);
#8189=ADVANCED_FACE('',(#8188),#8182,.F.);
#8202=ADVANCED_FACE('',(#8201),#8194,.T.);
#8214=ADVANCED_FACE('',(#8213),#8207,.F.);
#8225=ADVANCED_FACE('',(#8224),#8219,.F.);
#8237=ADVANCED_FACE('',(#8236),#8230,.F.);
#8244=EDGE_CURVE('',#3349,#3279,#3179,.T.);
#8247=EDGE_CURVE('',#3350,#3280,#3188,.T.);
#8251=ADVANCED_FACE('',(#8250),#8242,.F.);
#8263=ADVANCED_FACE('',(#8262),#8256,.F.);
#8270=EDGE_CURVE('',#3353,#3283,#3197,.T.);
#8273=EDGE_CURVE('',#3354,#3284,#3206,.T.);
#8277=ADVANCED_FACE('',(#8276),#8268,.F.);
#8289=ADVANCED_FACE('',(#8288),#8282,.F.);
#8296=EDGE_CURVE('',#3357,#3287,#3215,.T.);
#8299=EDGE_CURVE('',#3358,#3288,#3224,.T.);
#8303=ADVANCED_FACE('',(#8302),#8294,.F.);
#8315=ADVANCED_FACE('',(#8314),#8308,.F.);
#8322=EDGE_CURVE('',#3361,#3291,#3233,.T.);
#8325=EDGE_CURVE('',#3362,#3292,#3242,.T.);
#8329=ADVANCED_FACE('',(#8328),#8320,.F.);
#8341=ADVANCED_FACE('',(#8340),#8334,.F.);
#8348=EDGE_CURVE('',#3365,#3295,#3251,.T.);
#8351=EDGE_CURVE('',#3366,#3296,#3260,.T.);
#8355=ADVANCED_FACE('',(#8354),#8346,.F.);
#8367=ADVANCED_FACE('',(#8366),#8360,.F.);
#8370=(LENGTH_UNIT()NAMED_UNIT(*)SI_UNIT(.MILLI.,.METRE.));
#8371=(NAMED_UNIT(*)PLANE_ANGLE_UNIT()SI_UNIT($,.RADIAN.));
#8374=(NAMED_UNIT(*)SI_UNIT($,.STERADIAN.)SOLID_ANGLE_UNIT());
#8376=(GEOMETRIC_REPRESENTATION_CONTEXT(3)GLOBAL_UNCERTAINTY_ASSIGNED_CONTEXT((
#8375))GLOBAL_UNIT_ASSIGNED_CONTEXT((#8370,#8373,#8374))REPRESENTATION_CONTEXT(
'ID1','external'));
#8380=AXIS2_PLACEMENT_3D('',#8377,#8378,#8379);
#8381=ADVANCED_BREP_SHAPE_REPRESENTATION('',(#8380,#8369),#8376);
#8388=PRODUCT_DEFINITION('part definition','',#8387,#8384);
#8389=PRODUCT_DEFINITION_SHAPE('','SHAPE FOR TOWER1.',#8388);
#8390=SHAPE_ASPECT('','solid data associated with TOWER1',#8389,.F.);
#8391=PROPERTY_DEFINITION('',
'shape for solid data with which properties are associated',#8390);
#8392=SHAPE_REPRESENTATION('',(#8369),#8376);
#8393=SHAPE_DEFINITION_REPRESENTATION(#8391,#8392);
#8394=(LENGTH_UNIT()NAMED_UNIT(*)SI_UNIT(.MILLI.,.METRE.));
#8398=PROPERTY_DEFINITION('geometric validation property','area of TOWER1',
#8390);
#8399=REPRESENTATION('surface area',(#8397),#8376);
#8400=PROPERTY_DEFINITION_REPRESENTATION(#8398,#8399);
#8401=(LENGTH_UNIT()NAMED_UNIT(*)SI_UNIT(.MILLI.,.METRE.));
#8405=PROPERTY_DEFINITION('geometric validation property','volume of TOWER1',
#8390);
#8406=REPRESENTATION('volume',(#8404),#8376);
#8407=PROPERTY_DEFINITION_REPRESENTATION(#8405,#8406);
#8409=PROPERTY_DEFINITION('geometric validation property','centroid of TOWER1',
#8390);
#8410=REPRESENTATION('centroid',(#8408),#8376);
#8411=PROPERTY_DEFINITION_REPRESENTATION(#8409,#8410);
#8412=(LENGTH_UNIT()NAMED_UNIT(*)SI_UNIT(.MILLI.,.METRE.));
#8416=PROPERTY_DEFINITION('geometric validation property','area of TOWER1',
#8389);
#8417=REPRESENTATION('surface area',(#8415),#8376);
#8418=PROPERTY_DEFINITION_REPRESENTATION(#8416,#8417);
#8419=(LENGTH_UNIT()NAMED_UNIT(*)SI_UNIT(.MILLI.,.METRE.));
#8423=PROPERTY_DEFINITION('geometric validation property','volume of TOWER1',
#8389);
#8424=REPRESENTATION('volume',(#8422),#8376);
#8425=PROPERTY_DEFINITION_REPRESENTATION(#8423,#8424);
#8427=PROPERTY_DEFINITION('geometric validation property','centroid of TOWER1',
#8389);
#8428=REPRESENTATION('centroid',(#8426),#8376);
#8429=PROPERTY_DEFINITION_REPRESENTATION(#8427,#8428);
#8430=SHAPE_DEFINITION_REPRESENTATION(#8389,#8381);
#8431=PRODUCT_RELATED_PRODUCT_CATEGORY('part','',(#8386));
ENDSEC;
END-ISO-10303-21;
