ISO-10303-21;
HEADER;
FILE_DESCRIPTION((''),'2;1');
FILE_NAME('TULUN','2026-08-09T09:56:41',('gram2'),(''),
'CREO PARAMETRIC BY PTC INC, 2016510','CREO PARAMETRIC BY PTC INC, 2016510','');
FILE_SCHEMA(('AUTOMOTIVE_DESIGN { 1 0 10303 214 1 1 1 1 }'));
ENDSEC;
DATA;
#28=CARTESIAN_POINT('',(0.E0,1.6E-1,-6.990710989629E0));
#29=DIRECTION('',(1.E0,0.E0,0.E0));
#30=DIRECTION('',(0.E0,0.E0,-1.E0));
#31=AXIS2_PLACEMENT_3D('',#28,#29,#30);
#33=CARTESIAN_POINT('',(0.E0,9.648804684636E0,-9.756140072337E0));
#34=DIRECTION('',(-1.E0,0.E0,0.E0));
#35=DIRECTION('',(0.E0,-9.600581515490E-1,2.798005461830E-1));
#36=AXIS2_PLACEMENT_3D('',#33,#34,#35);
#38=CARTESIAN_POINT('',(0.E0,9.107604501509E0,-1.029677700490E1));
#39=DIRECTION('',(-1.E0,0.E0,0.E0));
#40=DIRECTION('',(0.E0,-6.696083918469E-1,7.427143472212E-1));
#41=AXIS2_PLACEMENT_3D('',#38,#39,#40);
#43=CARTESIAN_POINT('',(0.E0,6.349740815498E0,-7.971179869563E-1));
#44=DIRECTION('',(1.E0,0.E0,0.E0));
#45=DIRECTION('',(0.E0,2.788007002827E-1,-9.603489831941E-1));
#46=AXIS2_PLACEMENT_3D('',#43,#44,#45);
#48=CARTESIAN_POINT('',(0.E0,6.350889902031E0,-4.902276514480E-1));
#49=DIRECTION('',(1.E0,0.E0,0.E0));
#50=DIRECTION('',(0.E0,9.983385543700E-1,-5.762057669260E-2));
#51=AXIS2_PLACEMENT_3D('',#48,#49,#50);
#53=CARTESIAN_POINT('',(0.E0,9.127698813839E0,9.000821902417E0));
#54=DIRECTION('',(-1.E0,0.E0,0.E0));
#55=DIRECTION('',(0.E0,-2.808000887025E-1,-9.597662789370E-1));
#56=AXIS2_PLACEMENT_3D('',#53,#54,#55);
#58=DIRECTION('',(0.E0,-7.089555570806E-1,7.052531588618E-1));
#59=VECTOR('',#58,8.681722837787E-2);
#60=CARTESIAN_POINT('',(0.E0,4.140945589943E0,3.433307981931E0));
#61=LINE('',#60,#59);
#62=CARTESIAN_POINT('',(0.E0,9.648804684636E0,8.479173129057E0));
#63=DIRECTION('',(-1.E0,0.E0,0.E0));
#64=DIRECTION('',(0.E0,-7.451427812930E-1,-6.669049673581E-1));
#65=AXIS2_PLACEMENT_3D('',#62,#63,#64);
#67=CARTESIAN_POINT('',(0.E0,1.548688265894E-1,5.712248610765E0));
#68=DIRECTION('',(1.E0,0.E0,0.E0));
#69=DIRECTION('',(0.E0,9.600581515490E-1,2.798005461829E-1));
#70=AXIS2_PLACEMENT_3D('',#67,#68,#69);
#72=CARTESIAN_POINT('',(0.E0,-1.520225390687E-1,5.711419085177E0));
#73=DIRECTION('',(1.E0,0.E0,0.E0));
#74=DIRECTION('',(0.E0,7.042898620708E-2,9.975167957994E-1));
#75=AXIS2_PLACEMENT_3D('',#72,#73,#74);
#77=CARTESIAN_POINT('',(0.E0,-9.648804684636E0,8.479173129057E0));
#78=DIRECTION('',(-1.E0,0.E0,0.E0));
#79=DIRECTION('',(0.E0,9.600581515490E-1,-2.798005461830E-1));
#80=AXIS2_PLACEMENT_3D('',#77,#78,#79);
#82=CARTESIAN_POINT('',(0.E0,-9.107604501509E0,9.019810061618E0));
#83=DIRECTION('',(-1.E0,0.E0,0.E0));
#84=DIRECTION('',(0.E0,6.696083918469E-1,-7.427143472212E-1));
#85=AXIS2_PLACEMENT_3D('',#82,#83,#84);
#87=CARTESIAN_POINT('',(0.E0,-6.352057468599E0,-4.718690787700E-1));
#88=DIRECTION('',(1.E0,0.E0,0.E0));
#89=DIRECTION('',(0.E0,-2.788007002827E-1,9.603489831941E-1));
#90=AXIS2_PLACEMENT_3D('',#87,#88,#89);
#92=CARTESIAN_POINT('',(0.E0,-6.352390679819E0,-7.918689052860E-1));
#93=DIRECTION('',(1.E0,0.E0,0.E0));
#94=DIRECTION('',(0.E0,-9.977227513417E-1,6.744858378903E-2));
#95=AXIS2_PLACEMENT_3D('',#92,#93,#94);
#97=CARTESIAN_POINT('',(0.E0,-9.127698813839E0,-1.027778884570E1));
#98=DIRECTION('',(-1.E0,0.E0,0.E0));
#99=DIRECTION('',(0.E0,2.808000887025E-1,9.597662789370E-1));
#100=AXIS2_PLACEMENT_3D('',#97,#98,#99);
#102=DIRECTION('',(0.E0,7.067385354359E-1,-7.074748352627E-1));
#103=VECTOR('',#102,1.208974422584E-2);
#104=CARTESIAN_POINT('',(0.E0,-4.111305605090E0,-4.736965969439E0));
#105=LINE('',#104,#103);
#106=CARTESIAN_POINT('',(0.E0,-9.648804684636E0,-9.756140072337E0));
#107=DIRECTION('',(-1.E0,0.E0,0.E0));
#108=DIRECTION('',(0.E0,7.420166913535E-1,6.703814061807E-1));
#109=AXIS2_PLACEMENT_3D('',#106,#107,#108);
#111=CARTESIAN_POINT('',(0.E0,-1.6E-1,-6.990710989629E0));
#112=DIRECTION('',(1.E0,0.E0,0.E0));
#113=DIRECTION('',(0.E0,-9.600581515490E-1,-2.798005461829E-1));
#114=AXIS2_PLACEMENT_3D('',#111,#112,#113);
#116=DIRECTION('',(0.E0,1.E0,0.E0));
#117=VECTOR('',#116,3.2E-1);
#118=CARTESIAN_POINT('',(0.E0,-1.6E-1,-9.4E0));
#119=LINE('',#118,#117);
#120=CARTESIAN_POINT('',(0.E0,0.E0,-6.293602353766E-1));
#121=DIRECTION('',(-1.E0,0.E0,0.E0));
#122=DIRECTION('',(0.E0,1.E0,0.E0));
#123=AXIS2_PLACEMENT_3D('',#120,#121,#122);
#125=CARTESIAN_POINT('',(0.E0,0.E0,-6.293602353766E-1));
#126=DIRECTION('',(-1.E0,0.E0,0.E0));
#127=DIRECTION('',(0.E0,-1.E0,0.E0));
#128=AXIS2_PLACEMENT_3D('',#125,#126,#127);
#130=DIRECTION('',(1.E0,0.E0,0.E0));
#131=VECTOR('',#130,5.E0);
#132=CARTESIAN_POINT('',(0.E0,1.6E-1,-9.4E0));
#133=LINE('',#132,#131);
#134=DIRECTION('',(1.E0,0.E0,0.E0));
#135=VECTOR('',#134,5.E0);
#136=CARTESIAN_POINT('',(0.E0,-1.6E-1,-9.4E0));
#137=LINE('',#136,#135);
#138=DIRECTION('',(1.E0,0.E0,0.E0));
#139=VECTOR('',#138,5.E0);
#140=CARTESIAN_POINT('',(0.E0,-2.473057553844E0,-7.664831370644E0));
#141=LINE('',#140,#139);
#142=DIRECTION('',(1.E0,0.E0,0.E0));
#143=VECTOR('',#142,5.E0);
#144=CARTESIAN_POINT('',(0.E0,-4.102761316962E0,-4.745519159244E0));
#145=LINE('',#144,#143);
#146=DIRECTION('',(1.E0,0.E0,0.E0));
#147=VECTOR('',#146,5.E0);
#148=CARTESIAN_POINT('',(0.E0,-4.111305605090E0,-4.736965969439E0));
#149=LINE('',#148,#147);
#150=DIRECTION('',(1.E0,0.E0,0.E0));
#151=VECTOR('',#150,5.E0);
#152=CARTESIAN_POINT('',(0.E0,-7.028919247641E0,-3.104223253653E0));
#153=LINE('',#152,#151);
#154=DIRECTION('',(1.E0,0.E0,0.E0));
#155=VECTOR('',#154,5.E0);
#156=CARTESIAN_POINT('',(0.E0,-8.756193140023E0,-6.293657735980E-1));
#157=LINE('',#156,#155);
#158=DIRECTION('',(1.E0,0.E0,0.E0));
#159=VECTOR('',#158,5.E0);
#160=CARTESIAN_POINT('',(0.E0,-7.023768931874E0,1.841889172560E0));
#161=LINE('',#160,#159);
#162=DIRECTION('',(1.E0,0.E0,0.E0));
#163=VECTOR('',#162,5.E0);
#164=CARTESIAN_POINT('',(0.E0,-4.102761316962E0,3.468552215964E0));
#165=LINE('',#164,#163);
#166=DIRECTION('',(1.E0,0.E0,0.E0));
#167=VECTOR('',#166,5.E0);
#168=CARTESIAN_POINT('',(0.E0,-2.473057553844E0,6.387864427364E0));
#169=LINE('',#168,#167);
#170=DIRECTION('',(1.E0,0.E0,0.E0));
#171=VECTOR('',#170,5.E0);
#172=CARTESIAN_POINT('',(0.E0,1.824646263505E-2,8.123014056941E0));
#173=LINE('',#172,#171);
#174=DIRECTION('',(1.E0,0.E0,0.E0));
#175=VECTOR('',#174,5.E0);
#176=CARTESIAN_POINT('',(0.E0,2.473057553844E0,6.387864427364E0));
#177=LINE('',#176,#175);
#178=DIRECTION('',(1.E0,0.E0,0.E0));
#179=VECTOR('',#178,5.E0);
#180=CARTESIAN_POINT('',(0.E0,4.079396033434E0,3.494536106488E0));
#181=LINE('',#180,#179);
#182=DIRECTION('',(1.E0,0.E0,0.E0));
#183=VECTOR('',#182,5.E0);
#184=CARTESIAN_POINT('',(0.E0,4.140945589943E0,3.433307981931E0));
#185=LINE('',#184,#183);
#186=DIRECTION('',(1.E0,0.E0,0.E0));
#187=VECTOR('',#186,5.E0);
#188=CARTESIAN_POINT('',(0.E0,7.028919247641E0,1.827256310373E0));
#189=LINE('',#188,#187);
#190=DIRECTION('',(1.E0,0.E0,0.E0));
#191=VECTOR('',#190,5.E0);
#192=CARTESIAN_POINT('',(0.E0,8.761511778414E0,-6.293602353766E-1));
#193=LINE('',#192,#191);
#194=DIRECTION('',(1.E0,0.E0,0.E0));
#195=VECTOR('',#194,5.E0);
#196=CARTESIAN_POINT('',(0.E0,7.023768931874E0,-3.118856115840E0));
#197=LINE('',#196,#195);
#198=DIRECTION('',(1.E0,0.E0,0.E0));
#199=VECTOR('',#198,5.E0);
#200=CARTESIAN_POINT('',(0.E0,4.102761316962E0,-4.745519159244E0));
#201=LINE('',#200,#199);
#202=DIRECTION('',(1.E0,0.E0,0.E0));
#203=VECTOR('',#202,5.E0);
#204=CARTESIAN_POINT('',(0.E0,2.473057553844E0,-7.664831370644E0));
#205=LINE('',#204,#203);
#206=CARTESIAN_POINT('',(5.E0,1.6E-1,-6.990710989629E0));
#207=DIRECTION('',(1.E0,0.E0,0.E0));
#208=DIRECTION('',(0.E0,0.E0,-1.E0));
#209=AXIS2_PLACEMENT_3D('',#206,#207,#208);
#211=DIRECTION('',(0.E0,1.E0,0.E0));
#212=VECTOR('',#211,3.2E-1);
#213=CARTESIAN_POINT('',(5.E0,-1.6E-1,-9.4E0));
#214=LINE('',#213,#212);
#215=CARTESIAN_POINT('',(5.E0,-1.6E-1,-6.990710989629E0));
#216=DIRECTION('',(1.E0,0.E0,0.E0));
#217=DIRECTION('',(0.E0,-9.600581515490E-1,-2.798005461829E-1));
#218=AXIS2_PLACEMENT_3D('',#215,#216,#217);
#220=CARTESIAN_POINT('',(5.E0,-9.648804684636E0,-9.756140072337E0));
#221=DIRECTION('',(-1.E0,0.E0,0.E0));
#222=DIRECTION('',(0.E0,7.420166913535E-1,6.703814061807E-1));
#223=AXIS2_PLACEMENT_3D('',#220,#221,#222);
#225=DIRECTION('',(0.E0,7.067385354359E-1,-7.074748352627E-1));
#226=VECTOR('',#225,1.208974422584E-2);
#227=CARTESIAN_POINT('',(5.E0,-4.111305605090E0,-4.736965969439E0));
#228=LINE('',#227,#226);
#229=CARTESIAN_POINT('',(5.E0,-9.127698813839E0,-1.027778884570E1));
#230=DIRECTION('',(-1.E0,0.E0,0.E0));
#231=DIRECTION('',(0.E0,2.808000887025E-1,9.597662789370E-1));
#232=AXIS2_PLACEMENT_3D('',#229,#230,#231);
#234=CARTESIAN_POINT('',(5.E0,-6.352390679819E0,-7.918689052860E-1));
#235=DIRECTION('',(1.E0,0.E0,0.E0));
#236=DIRECTION('',(0.E0,-9.977227513417E-1,6.744858378903E-2));
#237=AXIS2_PLACEMENT_3D('',#234,#235,#236);
#239=CARTESIAN_POINT('',(5.E0,-6.352057468599E0,-4.718690787700E-1));
#240=DIRECTION('',(1.E0,0.E0,0.E0));
#241=DIRECTION('',(0.E0,-2.788007002827E-1,9.603489831941E-1));
#242=AXIS2_PLACEMENT_3D('',#239,#240,#241);
#244=CARTESIAN_POINT('',(5.E0,-9.107604501509E0,9.019810061618E0));
#245=DIRECTION('',(-1.E0,0.E0,0.E0));
#246=DIRECTION('',(0.E0,6.696083918469E-1,-7.427143472212E-1));
#247=AXIS2_PLACEMENT_3D('',#244,#245,#246);
#249=CARTESIAN_POINT('',(5.E0,-9.648804684636E0,8.479173129057E0));
#250=DIRECTION('',(-1.E0,0.E0,0.E0));
#251=DIRECTION('',(0.E0,9.600581515490E-1,-2.798005461830E-1));
#252=AXIS2_PLACEMENT_3D('',#249,#250,#251);
#254=CARTESIAN_POINT('',(5.E0,-1.520225390687E-1,5.711419085177E0));
#255=DIRECTION('',(1.E0,0.E0,0.E0));
#256=DIRECTION('',(0.E0,7.042898620708E-2,9.975167957994E-1));
#257=AXIS2_PLACEMENT_3D('',#254,#255,#256);
#259=CARTESIAN_POINT('',(5.E0,1.548688265894E-1,5.712248610765E0));
#260=DIRECTION('',(1.E0,0.E0,0.E0));
#261=DIRECTION('',(0.E0,9.600581515490E-1,2.798005461829E-1));
#262=AXIS2_PLACEMENT_3D('',#259,#260,#261);
#264=CARTESIAN_POINT('',(5.E0,9.648804684636E0,8.479173129057E0));
#265=DIRECTION('',(-1.E0,0.E0,0.E0));
#266=DIRECTION('',(0.E0,-7.451427812930E-1,-6.669049673581E-1));
#267=AXIS2_PLACEMENT_3D('',#264,#265,#266);
#269=DIRECTION('',(0.E0,-7.089555570806E-1,7.052531588618E-1));
#270=VECTOR('',#269,8.681722837787E-2);
#271=CARTESIAN_POINT('',(5.E0,4.140945589943E0,3.433307981931E0));
#272=LINE('',#271,#270);
#273=CARTESIAN_POINT('',(5.E0,9.127698813839E0,9.000821902417E0));
#274=DIRECTION('',(-1.E0,0.E0,0.E0));
#275=DIRECTION('',(0.E0,-2.808000887025E-1,-9.597662789370E-1));
#276=AXIS2_PLACEMENT_3D('',#273,#274,#275);
#278=CARTESIAN_POINT('',(5.E0,6.350889902031E0,-4.902276514480E-1));
#279=DIRECTION('',(1.E0,0.E0,0.E0));
#280=DIRECTION('',(0.E0,9.983385543700E-1,-5.762057669260E-2));
#281=AXIS2_PLACEMENT_3D('',#278,#279,#280);
#283=CARTESIAN_POINT('',(5.E0,6.349740815498E0,-7.971179869563E-1));
#284=DIRECTION('',(1.E0,0.E0,0.E0));
#285=DIRECTION('',(0.E0,2.788007002827E-1,-9.603489831941E-1));
#286=AXIS2_PLACEMENT_3D('',#283,#284,#285);
#288=CARTESIAN_POINT('',(5.E0,9.107604501509E0,-1.029677700490E1));
#289=DIRECTION('',(-1.E0,0.E0,0.E0));
#290=DIRECTION('',(0.E0,-6.696083918469E-1,7.427143472212E-1));
#291=AXIS2_PLACEMENT_3D('',#288,#289,#290);
#293=CARTESIAN_POINT('',(5.E0,9.648804684636E0,-9.756140072337E0));
#294=DIRECTION('',(-1.E0,0.E0,0.E0));
#295=DIRECTION('',(0.E0,-9.600581515490E-1,2.798005461830E-1));
#296=AXIS2_PLACEMENT_3D('',#293,#294,#295);
#298=CARTESIAN_POINT('',(5.E0,0.E0,-6.293602353766E-1));
#299=DIRECTION('',(1.E0,0.E0,0.E0));
#300=DIRECTION('',(0.E0,-1.E0,0.E0));
#301=AXIS2_PLACEMENT_3D('',#298,#299,#300);
#303=CARTESIAN_POINT('',(5.E0,0.E0,-6.293602353766E-1));
#304=DIRECTION('',(1.E0,0.E0,0.E0));
#305=DIRECTION('',(0.E0,1.E0,0.E0));
#306=AXIS2_PLACEMENT_3D('',#303,#304,#305);
#308=CARTESIAN_POINT('',(1.2E1,0.E0,-6.293602353766E-1));
#309=DIRECTION('',(1.E0,0.E0,0.E0));
#310=DIRECTION('',(0.E0,-1.E0,0.E0));
#311=AXIS2_PLACEMENT_3D('',#308,#309,#310);
#313=DIRECTION('',(1.E0,0.E0,0.E0));
#314=VECTOR('',#313,7.E0);
#315=CARTESIAN_POINT('',(5.E0,-5.E0,-6.293602353766E-1));
#316=LINE('',#315,#314);
#317=CARTESIAN_POINT('',(2.35E1,0.E0,-6.293602353766E-1));
#318=DIRECTION('',(1.E0,0.E0,0.E0));
#319=DIRECTION('',(0.E0,-1.E0,0.E0));
#320=AXIS2_PLACEMENT_3D('',#317,#318,#319);
#322=CARTESIAN_POINT('',(1.7E1,0.E0,-6.293602353766E-1));
#323=DIRECTION('',(1.E0,0.E0,0.E0));
#324=DIRECTION('',(0.E0,-1.E0,0.E0));
#325=AXIS2_PLACEMENT_3D('',#322,#323,#324);
#327=DIRECTION('',(1.E0,0.E0,0.E0));
#328=VECTOR('',#327,6.5E0);
#329=CARTESIAN_POINT('',(1.7E1,-5.E0,-6.293602353766E-1));
#330=LINE('',#329,#328);
#331=CARTESIAN_POINT('',(3.3E1,0.E0,-6.293602353766E-1));
#332=DIRECTION('',(1.E0,0.E0,0.E0));
#333=DIRECTION('',(0.E0,-1.E0,0.E0));
#334=AXIS2_PLACEMENT_3D('',#331,#332,#333);
#336=CARTESIAN_POINT('',(2.85E1,0.E0,-6.293602353766E-1));
#337=DIRECTION('',(1.E0,0.E0,0.E0));
#338=DIRECTION('',(0.E0,-1.E0,0.E0));
#339=AXIS2_PLACEMENT_3D('',#336,#337,#338);
#341=DIRECTION('',(1.E0,0.E0,0.E0));
#342=VECTOR('',#341,4.5E0);
#343=CARTESIAN_POINT('',(2.85E1,-5.E0,-6.293602353766E-1));
#344=LINE('',#343,#342);
#345=CARTESIAN_POINT('',(1.2E1,-6.106193140025E0,-6.293602353766E-1));
#346=DIRECTION('',(1.E0,0.E0,0.E0));
#347=DIRECTION('',(0.E0,-3.041808145730E-1,9.526143144241E-1));
#348=AXIS2_PLACEMENT_3D('',#345,#346,#347);
#350=CARTESIAN_POINT('',(1.2E1,0.E0,-6.293602353766E-1));
#351=DIRECTION('',(1.E0,0.E0,0.E0));
#352=DIRECTION('',(0.E0,-1.E0,0.E0));
#353=AXIS2_PLACEMENT_3D('',#350,#351,#352);
#355=CARTESIAN_POINT('',(1.2E1,-4.317730576546E0,-4.947090811923E0));
#356=DIRECTION('',(1.E0,0.E0,0.E0));
#357=DIRECTION('',(0.E0,-7.071067811865E-1,-7.071067811865E-1));
#358=AXIS2_PLACEMENT_3D('',#355,#356,#357);
#360=CARTESIAN_POINT('',(1.2E1,6.962237553469E-1,-1.466514730158E1));
#361=DIRECTION('',(-1.E0,0.E0,0.E0));
#362=DIRECTION('',(0.E0,-4.585117248932E-1,8.886883582761E-1));
#363=AXIS2_PLACEMENT_3D('',#360,#361,#362);
#365=CARTESIAN_POINT('',(1.2E1,0.E0,-6.293602353766E-1));
#366=DIRECTION('',(1.E0,0.E0,0.E0));
#367=DIRECTION('',(0.E0,0.E0,-1.E0));
#368=AXIS2_PLACEMENT_3D('',#365,#366,#367);
#370=CARTESIAN_POINT('',(1.2E1,9.432495675172E0,-1.104646498781E1));
#371=DIRECTION('',(-1.E0,0.E0,0.E0));
#372=DIRECTION('',(0.E0,-6.451866443018E-1,7.640249956740E-1));
#373=AXIS2_PLACEMENT_3D('',#370,#371,#372);
#375=CARTESIAN_POINT('',(1.2E1,6.106193140025E0,-6.293602353766E-1));
#376=DIRECTION('',(1.E0,0.E0,0.E0));
#377=DIRECTION('',(0.E0,3.041808145730E-1,-9.526143144241E-1));
#378=AXIS2_PLACEMENT_3D('',#375,#376,#377);
#380=CARTESIAN_POINT('',(1.2E1,0.E0,-6.293602353766E-1));
#381=DIRECTION('',(1.E0,0.E0,0.E0));
#382=DIRECTION('',(0.E0,1.E0,0.E0));
#383=AXIS2_PLACEMENT_3D('',#380,#381,#382);
#385=CARTESIAN_POINT('',(1.2E1,4.317730576546E0,3.688370341170E0));
#386=DIRECTION('',(1.E0,0.E0,0.E0));
#387=DIRECTION('',(0.E0,7.071067811865E-1,7.071067811865E-1));
#388=AXIS2_PLACEMENT_3D('',#385,#386,#387);
#390=CARTESIAN_POINT('',(1.2E1,-6.962237553469E-1,1.340642683082E1));
#391=DIRECTION('',(-1.E0,0.E0,0.E0));
#392=DIRECTION('',(0.E0,4.585117248932E-1,-8.886883582761E-1));
#393=AXIS2_PLACEMENT_3D('',#390,#391,#392);
#395=CARTESIAN_POINT('',(1.2E1,0.E0,-6.293602353766E-1));
#396=DIRECTION('',(1.E0,0.E0,0.E0));
#397=DIRECTION('',(0.E0,3.644466431245E-14,1.E0));
#398=AXIS2_PLACEMENT_3D('',#395,#396,#397);
#400=CARTESIAN_POINT('',(1.2E1,-9.432495675172E0,9.787744517054E0));
#401=DIRECTION('',(-1.E0,0.E0,0.E0));
#402=DIRECTION('',(0.E0,6.451866443018E-1,-7.640249956740E-1));
#403=AXIS2_PLACEMENT_3D('',#400,#401,#402);
#405=DIRECTION('',(1.E0,0.E0,0.E0));
#406=VECTOR('',#405,5.E0);
#407=CARTESIAN_POINT('',(1.2E1,-6.912272298643E0,1.895067697847E0));
#408=LINE('',#407,#406);
#409=DIRECTION('',(1.E0,0.E0,0.E0));
#410=VECTOR('',#409,5.E0);
#411=CARTESIAN_POINT('',(1.2E1,-4.086943341518E0,3.457583106141E0));
#412=LINE('',#411,#410);
#413=DIRECTION('',(1.E0,0.E0,0.E0));
#414=VECTOR('',#413,5.E0);
#415=CARTESIAN_POINT('',(1.2E1,6.536082138166E-14,5.150450466849E0));
#416=LINE('',#415,#414);
#417=DIRECTION('',(1.E0,0.E0,0.E0));
#418=VECTOR('',#417,5.E0);
#419=CARTESIAN_POINT('',(1.2E1,3.102674505579E0,6.043394490601E0));
#420=LINE('',#419,#418);
#421=DIRECTION('',(1.E0,0.E0,0.E0));
#422=VECTOR('',#421,5.E0);
#423=CARTESIAN_POINT('',(1.2E1,6.191563546691E0,5.562203311314E0));
#424=LINE('',#423,#422);
#425=DIRECTION('',(1.E0,0.E0,0.E0));
#426=VECTOR('',#425,5.E0);
#427=CARTESIAN_POINT('',(1.2E1,8.756193140025E0,-6.293602353766E-1));
#428=LINE('',#427,#426);
#429=DIRECTION('',(1.E0,0.E0,0.E0));
#430=VECTOR('',#429,5.E0);
#431=CARTESIAN_POINT('',(1.2E1,6.912272298643E0,-3.153788168600E0));
#432=LINE('',#431,#430);
#433=DIRECTION('',(1.E0,0.E0,0.E0));
#434=VECTOR('',#433,5.E0);
#435=CARTESIAN_POINT('',(1.2E1,4.086943341518E0,-4.716303576894E0));
#436=LINE('',#435,#434);
#437=DIRECTION('',(1.E0,0.E0,0.E0));
#438=VECTOR('',#437,5.E0);
#439=CARTESIAN_POINT('',(1.2E1,0.E0,-6.409170937602E0));
#440=LINE('',#439,#438);
#441=DIRECTION('',(1.E0,0.E0,0.E0));
#442=VECTOR('',#441,5.E0);
#443=CARTESIAN_POINT('',(1.2E1,-3.102674505579E0,-7.302114961354E0));
#444=LINE('',#443,#442);
#445=DIRECTION('',(1.E0,0.E0,0.E0));
#446=VECTOR('',#445,5.E0);
#447=CARTESIAN_POINT('',(1.2E1,-6.191563546691E0,-6.820923782067E0));
#448=LINE('',#447,#446);
#449=DIRECTION('',(1.E0,0.E0,0.E0));
#450=VECTOR('',#449,5.E0);
#451=CARTESIAN_POINT('',(1.2E1,-8.756193140025E0,-6.293602353766E-1));
#452=LINE('',#451,#450);
#453=CARTESIAN_POINT('',(1.7E1,-6.106193140025E0,-6.293602353766E-1));
#454=DIRECTION('',(1.E0,0.E0,0.E0));
#455=DIRECTION('',(0.E0,-3.041808145730E-1,9.526143144241E-1));
#456=AXIS2_PLACEMENT_3D('',#453,#454,#455);
#458=CARTESIAN_POINT('',(1.7E1,-9.432495675172E0,9.787744517054E0));
#459=DIRECTION('',(-1.E0,0.E0,0.E0));
#460=DIRECTION('',(0.E0,6.451866443018E-1,-7.640249956740E-1));
#461=AXIS2_PLACEMENT_3D('',#458,#459,#460);
#463=CARTESIAN_POINT('',(1.7E1,0.E0,-6.293602353766E-1));
#464=DIRECTION('',(1.E0,0.E0,0.E0));
#465=DIRECTION('',(0.E0,3.644466431245E-14,1.E0));
#466=AXIS2_PLACEMENT_3D('',#463,#464,#465);
#468=CARTESIAN_POINT('',(1.7E1,-6.962237553469E-1,1.340642683082E1));
#469=DIRECTION('',(-1.E0,0.E0,0.E0));
#470=DIRECTION('',(0.E0,4.585117248932E-1,-8.886883582761E-1));
#471=AXIS2_PLACEMENT_3D('',#468,#469,#470);
#473=CARTESIAN_POINT('',(1.7E1,4.317730576546E0,3.688370341170E0));
#474=DIRECTION('',(1.E0,0.E0,0.E0));
#475=DIRECTION('',(0.E0,7.071067811865E-1,7.071067811865E-1));
#476=AXIS2_PLACEMENT_3D('',#473,#474,#475);
#478=CARTESIAN_POINT('',(1.7E1,0.E0,-6.293602353766E-1));
#479=DIRECTION('',(1.E0,0.E0,0.E0));
#480=DIRECTION('',(0.E0,1.E0,0.E0));
#481=AXIS2_PLACEMENT_3D('',#478,#479,#480);
#483=CARTESIAN_POINT('',(1.7E1,6.106193140025E0,-6.293602353766E-1));
#484=DIRECTION('',(1.E0,0.E0,0.E0));
#485=DIRECTION('',(0.E0,3.041808145730E-1,-9.526143144241E-1));
#486=AXIS2_PLACEMENT_3D('',#483,#484,#485);
#488=CARTESIAN_POINT('',(1.7E1,9.432495675172E0,-1.104646498781E1));
#489=DIRECTION('',(-1.E0,0.E0,0.E0));
#490=DIRECTION('',(0.E0,-6.451866443018E-1,7.640249956740E-1));
#491=AXIS2_PLACEMENT_3D('',#488,#489,#490);
#493=CARTESIAN_POINT('',(1.7E1,0.E0,-6.293602353766E-1));
#494=DIRECTION('',(1.E0,0.E0,0.E0));
#495=DIRECTION('',(0.E0,0.E0,-1.E0));
#496=AXIS2_PLACEMENT_3D('',#493,#494,#495);
#498=CARTESIAN_POINT('',(1.7E1,6.962237553469E-1,-1.466514730158E1));
#499=DIRECTION('',(-1.E0,0.E0,0.E0));
#500=DIRECTION('',(0.E0,-4.585117248932E-1,8.886883582761E-1));
#501=AXIS2_PLACEMENT_3D('',#498,#499,#500);
#503=CARTESIAN_POINT('',(1.7E1,-4.317730576546E0,-4.947090811923E0));
#504=DIRECTION('',(1.E0,0.E0,0.E0));
#505=DIRECTION('',(0.E0,-7.071067811865E-1,-7.071067811865E-1));
#506=AXIS2_PLACEMENT_3D('',#503,#504,#505);
#508=CARTESIAN_POINT('',(1.7E1,0.E0,-6.293602353766E-1));
#509=DIRECTION('',(1.E0,0.E0,0.E0));
#510=DIRECTION('',(0.E0,-1.E0,0.E0));
#511=AXIS2_PLACEMENT_3D('',#508,#509,#510);
#513=CARTESIAN_POINT('',(1.2E1,0.E0,-6.293602353766E-1));
#514=DIRECTION('',(1.E0,0.E0,0.E0));
#515=DIRECTION('',(0.E0,1.E0,0.E0));
#516=AXIS2_PLACEMENT_3D('',#513,#514,#515);
#518=DIRECTION('',(1.E0,0.E0,0.E0));
#519=VECTOR('',#518,7.E0);
#520=CARTESIAN_POINT('',(5.E0,5.E0,-6.293602353766E-1));
#521=LINE('',#520,#519);
#522=CARTESIAN_POINT('',(2.35E1,0.E0,-6.293602353766E-1));
#523=DIRECTION('',(1.E0,0.E0,0.E0));
#524=DIRECTION('',(0.E0,1.E0,0.E0));
#525=AXIS2_PLACEMENT_3D('',#522,#523,#524);
#527=CARTESIAN_POINT('',(1.7E1,0.E0,-6.293602353766E-1));
#528=DIRECTION('',(1.E0,0.E0,0.E0));
#529=DIRECTION('',(0.E0,1.E0,0.E0));
#530=AXIS2_PLACEMENT_3D('',#527,#528,#529);
#532=DIRECTION('',(1.E0,0.E0,0.E0));
#533=VECTOR('',#532,6.5E0);
#534=CARTESIAN_POINT('',(1.7E1,5.E0,-6.293602353766E-1));
#535=LINE('',#534,#533);
#536=CARTESIAN_POINT('',(3.3E1,0.E0,-6.293602353766E-1));
#537=DIRECTION('',(1.E0,0.E0,0.E0));
#538=DIRECTION('',(0.E0,-2.9E-1,9.570266453971E-1));
#539=AXIS2_PLACEMENT_3D('',#536,#537,#538);
#541=CARTESIAN_POINT('',(2.85E1,0.E0,-6.293602353766E-1));
#542=DIRECTION('',(1.E0,0.E0,0.E0));
#543=DIRECTION('',(0.E0,1.E0,0.E0));
#544=AXIS2_PLACEMENT_3D('',#541,#542,#543);
#546=DIRECTION('',(1.E0,0.E0,0.E0));
#547=VECTOR('',#546,4.5E0);
#548=CARTESIAN_POINT('',(2.85E1,5.E0,-6.293602353766E-1));
#549=LINE('',#548,#547);
#550=CARTESIAN_POINT('',(3.3E1,0.E0,-6.293602353766E-1));
#551=DIRECTION('',(1.E0,0.E0,0.E0));
#552=DIRECTION('',(0.E0,1.E0,0.E0));
#553=AXIS2_PLACEMENT_3D('',#550,#551,#552);
#555=CARTESIAN_POINT('',(3.3E1,0.E0,-6.293602353766E-1));
#556=DIRECTION('',(1.E0,0.E0,0.E0));
#557=DIRECTION('',(0.E0,2.9E-1,9.570266453971E-1));
#558=AXIS2_PLACEMENT_3D('',#555,#556,#557);
#560=CARTESIAN_POINT('',(2.35E1,-6.124156524305E0,-6.316341166597E-1));
#561=DIRECTION('',(1.E0,0.E0,0.E0));
#562=DIRECTION('',(0.E0,-3.417931933187E-1,9.397751927993E-1));
#563=AXIS2_PLACEMENT_3D('',#560,#561,#562);
#565=CARTESIAN_POINT('',(2.35E1,7.561985668210E-3,-6.369314600865E-1));
#566=DIRECTION('',(1.E0,0.E0,0.E0));
#567=DIRECTION('',(0.E0,-9.999996268172E-1,8.639244364294E-4));
#568=AXIS2_PLACEMENT_3D('',#565,#566,#567);
#570=CARTESIAN_POINT('',(2.35E1,-2.910888960582E-2,-6.110058755633E-1));
#571=DIRECTION('',(1.E0,0.E0,0.E0));
#572=DIRECTION('',(0.E0,4.171999559512E-3,-9.999912971720E-1));
#573=AXIS2_PLACEMENT_3D('',#570,#571,#572);
#575=CARTESIAN_POINT('',(2.35E1,4.330232993732E0,-4.959993044183E0));
#576=DIRECTION('',(1.E0,0.E0,0.E0));
#577=DIRECTION('',(0.E0,7.079470722115E-1,-7.062654904122E-1));
#578=AXIS2_PLACEMENT_3D('',#575,#576,#577);
#580=CARTESIAN_POINT('',(2.35E1,1.626434281988E1,6.132086784272E-1));
#581=DIRECTION('',(-1.E0,0.E0,0.E0));
#582=DIRECTION('',(0.E0,-9.060681699127E-1,-4.231317424527E-1));
#583=AXIS2_PLACEMENT_3D('',#580,#581,#582);
#585=CARTESIAN_POINT('',(2.35E1,7.284691056468E0,-7.322059718432E-1));
#586=DIRECTION('',(-1.E0,0.E0,0.E0));
#587=DIRECTION('',(0.E0,-9.926664321801E-1,-1.208857080997E-1));
#588=AXIS2_PLACEMENT_3D('',#585,#586,#587);
#590=CARTESIAN_POINT('',(2.35E1,1.808198677382E1,-6.566581719233E-1));
#591=DIRECTION('',(-1.E0,0.E0,0.E0));
#592=DIRECTION('',(0.E0,-9.999755224634E-1,-6.996747396157E-3));
#593=AXIS2_PLACEMENT_3D('',#590,#591,#592);
#595=CARTESIAN_POINT('',(2.35E1,7.561985668210E-3,-6.369314600865E-1));
#596=DIRECTION('',(1.E0,0.E0,0.E0));
#597=DIRECTION('',(0.E0,9.999994044064E-1,-1.091415097236E-3));
#598=AXIS2_PLACEMENT_3D('',#595,#596,#597);
#600=CARTESIAN_POINT('',(2.35E1,-1.062602254537E1,1.174644154605E1));
#601=DIRECTION('',(-1.E0,0.E0,0.E0));
#602=DIRECTION('',(0.E0,6.144789455767E-1,-7.889332198881E-1));
#603=AXIS2_PLACEMENT_3D('',#600,#601,#602);
#605=DIRECTION('',(1.E0,0.E0,0.E0));
#606=VECTOR('',#605,5.E0);
#607=CARTESIAN_POINT('',(2.35E1,-7.023768931874E0,1.841889172552E0));
#608=LINE('',#607,#606);
#609=DIRECTION('',(1.E0,0.E0,0.E0));
#610=VECTOR('',#609,5.E0);
#611=CARTESIAN_POINT('',(2.35E1,-4.149857877996E0,3.431654716769E0));
#612=LINE('',#611,#610);
#613=DIRECTION('',(1.E0,0.E0,0.E0));
#614=VECTOR('',#613,5.E0);
#615=CARTESIAN_POINT('',(2.35E1,5.824562337607E0,-6.432802258725E-1));
#616=LINE('',#615,#614);
#617=DIRECTION('',(1.E0,0.E0,0.E0));
#618=VECTOR('',#617,5.E0);
#619=CARTESIAN_POINT('',(2.35E1,5.824855068893E0,-7.424203255103E-1));
#620=LINE('',#619,#618);
#621=DIRECTION('',(1.E0,0.E0,0.E0));
#622=VECTOR('',#621,5.E0);
#623=CARTESIAN_POINT('',(2.35E1,5.835525403108E0,-9.086835986482E-1));
#624=LINE('',#623,#622);
#625=DIRECTION('',(1.E0,0.E0,0.E0));
#626=VECTOR('',#625,5.E0);
#627=CARTESIAN_POINT('',(2.35E1,6.715038144011E0,-3.846294547584E0));
#628=LINE('',#627,#626);
#629=DIRECTION('',(1.E0,0.E0,0.E0));
#630=VECTOR('',#629,5.E0);
#631=CARTESIAN_POINT('',(2.35E1,6.193576040092E0,-6.818910104653E0));
#632=LINE('',#631,#630);
#633=DIRECTION('',(1.E0,0.E0,0.E0));
#634=VECTOR('',#633,5.E0);
#635=CARTESIAN_POINT('',(2.35E1,7.561985668207E-3,-9.400689481857E0));
#636=LINE('',#635,#634);
#637=DIRECTION('',(1.E0,0.E0,0.E0));
#638=VECTOR('',#637,5.E0);
#639=CARTESIAN_POINT('',(2.35E1,-8.756192765619E0,-6.293602353766E-1));
#640=LINE('',#639,#638);
#641=CARTESIAN_POINT('',(2.85E1,-6.124156524305E0,-6.316341166597E-1));
#642=DIRECTION('',(1.E0,0.E0,0.E0));
#643=DIRECTION('',(0.E0,-3.417931933187E-1,9.397751927993E-1));
#644=AXIS2_PLACEMENT_3D('',#641,#642,#643);
#646=CARTESIAN_POINT('',(2.85E1,-1.062602254537E1,1.174644154605E1));
#647=DIRECTION('',(-1.E0,0.E0,0.E0));
#648=DIRECTION('',(0.E0,6.144789455767E-1,-7.889332198881E-1));
#649=AXIS2_PLACEMENT_3D('',#646,#647,#648);
#651=CARTESIAN_POINT('',(2.85E1,7.561985668210E-3,-6.369314600865E-1));
#652=DIRECTION('',(1.E0,0.E0,0.E0));
#653=DIRECTION('',(0.E0,9.999994044064E-1,-1.091415097236E-3));
#654=AXIS2_PLACEMENT_3D('',#651,#652,#653);
#656=CARTESIAN_POINT('',(2.85E1,1.808198677382E1,-6.566581719233E-1));
#657=DIRECTION('',(-1.E0,0.E0,0.E0));
#658=DIRECTION('',(0.E0,-9.999755224634E-1,-6.996747396157E-3));
#659=AXIS2_PLACEMENT_3D('',#656,#657,#658);
#661=CARTESIAN_POINT('',(2.85E1,7.284691056468E0,-7.322059718432E-1));
#662=DIRECTION('',(-1.E0,0.E0,0.E0));
#663=DIRECTION('',(0.E0,-9.926664321801E-1,-1.208857080997E-1));
#664=AXIS2_PLACEMENT_3D('',#661,#662,#663);
#666=CARTESIAN_POINT('',(2.85E1,1.626434281988E1,6.132086784272E-1));
#667=DIRECTION('',(-1.E0,0.E0,0.E0));
#668=DIRECTION('',(0.E0,-9.060681699127E-1,-4.231317424527E-1));
#669=AXIS2_PLACEMENT_3D('',#666,#667,#668);
#671=CARTESIAN_POINT('',(2.85E1,4.330232993732E0,-4.959993044183E0));
#672=DIRECTION('',(1.E0,0.E0,0.E0));
#673=DIRECTION('',(0.E0,7.079470722115E-1,-7.062654904122E-1));
#674=AXIS2_PLACEMENT_3D('',#671,#672,#673);
#676=CARTESIAN_POINT('',(2.85E1,-2.910888960582E-2,-6.110058755633E-1));
#677=DIRECTION('',(1.E0,0.E0,0.E0));
#678=DIRECTION('',(0.E0,4.171999559512E-3,-9.999912971720E-1));
#679=AXIS2_PLACEMENT_3D('',#676,#677,#678);
#681=CARTESIAN_POINT('',(2.85E1,7.561985668210E-3,-6.369314600865E-1));
#682=DIRECTION('',(1.E0,0.E0,0.E0));
#683=DIRECTION('',(0.E0,-9.999996268172E-1,8.639244364294E-4));
#684=AXIS2_PLACEMENT_3D('',#681,#682,#683);
#686=DIRECTION('',(0.E0,0.E0,-1.E0));
#687=VECTOR('',#686,1.057198141714E0);
#688=CARTESIAN_POINT('',(3.3E1,1.45E0,4.155772991609E0));
#689=LINE('',#688,#687);
#690=DIRECTION('',(0.E0,0.E0,-1.E0));
#691=VECTOR('',#690,1.057198141714E0);
#692=CARTESIAN_POINT('',(3.3E1,-1.45E0,4.155772991609E0));
#693=LINE('',#692,#691);
#694=CARTESIAN_POINT('',(3.3E1,0.E0,-6.293602353766E-1));
#695=DIRECTION('',(1.E0,0.E0,0.E0));
#696=DIRECTION('',(0.E0,-3.625E-1,9.319837713179E-1));
#697=AXIS2_PLACEMENT_3D('',#694,#695,#696);
#699=CARTESIAN_POINT('',(3.3E1,0.E0,-6.293602353766E-1));
#700=DIRECTION('',(1.E0,0.E0,0.E0));
#701=DIRECTION('',(0.E0,0.E0,-1.E0));
#702=AXIS2_PLACEMENT_3D('',#699,#700,#701);
#704=DIRECTION('',(7.071067811866E-1,0.E0,-7.071067811865E-1));
#705=VECTOR('',#704,1.414213562373E-1);
#706=CARTESIAN_POINT('',(3.79E1,1.45E0,4.270639764623E0));
#707=LINE('',#706,#705);
#708=DIRECTION('',(-1.E0,0.E0,0.E0));
#709=VECTOR('',#708,4.9E0);
#710=CARTESIAN_POINT('',(3.79E1,1.45E0,4.270639764623E0));
#711=LINE('',#710,#709);
#712=DIRECTION('',(-7.071067811866E-1,0.E0,7.071067811865E-1));
#713=VECTOR('',#712,1.414213562373E-1);
#714=CARTESIAN_POINT('',(3.8E1,-1.45E0,4.170639764623E0));
#715=LINE('',#714,#713);
#716=DIRECTION('',(-1.E0,0.E0,0.E0));
#717=VECTOR('',#716,4.9E0);
#718=CARTESIAN_POINT('',(3.79E1,-1.45E0,4.270639764623E0));
#719=LINE('',#718,#717);
#720=DIRECTION('',(0.E0,-1.E0,0.E0));
#721=VECTOR('',#720,2.9E0);
#722=CARTESIAN_POINT('',(3.8E1,1.45E0,4.170639764623E0));
#723=LINE('',#722,#721);
#724=DIRECTION('',(0.E0,0.E0,1.E0));
#725=VECTOR('',#724,1.072064914728E0);
#726=CARTESIAN_POINT('',(3.8E1,1.45E0,3.098574849895E0));
#727=LINE('',#726,#725);
#728=DIRECTION('',(0.E0,0.E0,-1.E0));
#729=VECTOR('',#728,1.072064914728E0);
#730=CARTESIAN_POINT('',(3.8E1,-1.45E0,4.170639764623E0));
#731=LINE('',#730,#729);
#732=CARTESIAN_POINT('',(4.4E1,0.E0,-6.293602353766E-1));
#733=DIRECTION('',(-1.E0,0.E0,0.E0));
#734=DIRECTION('',(0.E0,0.E0,1.E0));
#735=AXIS2_PLACEMENT_3D('',#732,#733,#734);
#737=CARTESIAN_POINT('',(3.8E1,0.E0,-6.293602353766E-1));
#738=DIRECTION('',(-1.E0,0.E0,0.E0));
#739=DIRECTION('',(0.E0,0.E0,1.E0));
#740=AXIS2_PLACEMENT_3D('',#737,#738,#739);
#742=DIRECTION('',(-1.E0,0.E0,0.E0));
#743=VECTOR('',#742,5.E0);
#744=CARTESIAN_POINT('',(3.8E1,1.45E0,3.098574849895E0));
#745=LINE('',#744,#743);
#746=DIRECTION('',(1.E0,-2.898304606484E-11,7.081276977681E-11));
#747=VECTOR('',#746,1.100000000195E1);
#748=CARTESIAN_POINT('',(3.3E1,0.E0,-4.629360235377E0));
#749=LINE('',#748,#747);
#750=DIRECTION('',(9.284766908853E-1,5.920225742408E-11,-3.713906763541E-1));
#751=VECTOR('',#750,1.077032961846E0);
#752=CARTESIAN_POINT('',(4.400000000195E1,3.188131785196E-10,3.370639763845E0));
#753=LINE('',#752,#751);
#754=DIRECTION('',(9.284766908853E-1,-5.920239263462E-11,3.713906763541E-1));
#755=VECTOR('',#754,1.077032961846E0);
#756=CARTESIAN_POINT('',(4.400000000195E1,-3.188130169109E-10,
-4.629360234598E0));
#757=LINE('',#756,#755);
#758=CARTESIAN_POINT('',(4.4E1,0.E0,-6.293602353766E-1));
#759=DIRECTION('',(-1.E0,0.E0,0.E0));
#760=DIRECTION('',(0.E0,0.E0,-1.E0));
#761=AXIS2_PLACEMENT_3D('',#758,#759,#760);
#763=DIRECTION('',(-1.E0,0.E0,0.E0));
#764=VECTOR('',#763,5.E0);
#765=CARTESIAN_POINT('',(3.8E1,-1.45E0,3.098574849895E0));
#766=LINE('',#765,#764);
#767=CARTESIAN_POINT('',(3.8E1,0.E0,-6.293602353766E-1));
#768=DIRECTION('',(-1.E0,0.E0,0.E0));
#769=DIRECTION('',(0.E0,-3.625E-1,9.319837713179E-1));
#770=AXIS2_PLACEMENT_3D('',#767,#768,#769);
#772=DIRECTION('',(1.E0,5.313561137915E-11,-1.298232632086E-10));
#773=VECTOR('',#772,6.000000001947E0);
#774=CARTESIAN_POINT('',(3.8E1,0.E0,3.370639764623E0));
#775=LINE('',#774,#773);
#776=CARTESIAN_POINT('',(4.5E1,0.E0,-6.293602353766E-1));
#777=DIRECTION('',(1.E0,0.E0,0.E0));
#778=DIRECTION('',(0.E0,0.E0,-1.E0));
#779=AXIS2_PLACEMENT_3D('',#776,#777,#778);
#781=CARTESIAN_POINT('',(4.5E1,0.E0,-6.293602353766E-1));
#782=DIRECTION('',(1.E0,0.E0,0.E0));
#783=DIRECTION('',(0.E0,0.E0,1.E0));
#784=AXIS2_PLACEMENT_3D('',#781,#782,#783);
#786=CARTESIAN_POINT('',(4.5E1,0.E0,-6.293602353766E-1));
#787=DIRECTION('',(-1.E0,0.E0,0.E0));
#788=DIRECTION('',(0.E0,0.E0,1.E0));
#789=AXIS2_PLACEMENT_3D('',#786,#787,#788);
#791=CARTESIAN_POINT('',(4.5E1,0.E0,-6.293602353766E-1));
#792=DIRECTION('',(-1.E0,0.E0,0.E0));
#793=DIRECTION('',(0.E0,0.E0,-1.E0));
#794=AXIS2_PLACEMENT_3D('',#791,#792,#793);
#796=DIRECTION('',(-1.E0,0.E0,0.E0));
#797=VECTOR('',#796,5.E0);
#798=CARTESIAN_POINT('',(5.E1,0.E0,2.370639764623E0));
#799=LINE('',#798,#797);
#800=CARTESIAN_POINT('',(5.E1,0.E0,-6.293602353766E-1));
#801=DIRECTION('',(1.E0,0.E0,0.E0));
#802=DIRECTION('',(0.E0,0.E0,-1.E0));
#803=AXIS2_PLACEMENT_3D('',#800,#801,#802);
#805=CARTESIAN_POINT('',(5.E1,0.E0,-6.293602353766E-1));
#806=DIRECTION('',(1.E0,0.E0,0.E0));
#807=DIRECTION('',(0.E0,0.E0,1.E0));
#808=AXIS2_PLACEMENT_3D('',#805,#806,#807);
#810=DIRECTION('',(-1.E0,0.E0,0.E0));
#811=VECTOR('',#810,5.E0);
#812=CARTESIAN_POINT('',(5.E1,0.E0,-3.629360235377E0));
#813=LINE('',#812,#811);
#814=DIRECTION('',(0.E0,7.071067811865E-1,7.071067811865E-1));
#815=VECTOR('',#814,2.828427124746E-1);
#816=CARTESIAN_POINT('',(3.3E1,-1.45E0,4.270639764623E0));
#817=LINE('',#816,#815);
#818=DIRECTION('',(0.E0,0.E0,-1.E0));
#819=VECTOR('',#818,1.148667730146E-1);
#820=CARTESIAN_POINT('',(3.3E1,-1.45E0,4.270639764623E0));
#821=LINE('',#820,#819);
#822=DIRECTION('',(0.E0,0.E0,1.E0));
#823=VECTOR('',#822,1.148667730146E-1);
#824=CARTESIAN_POINT('',(3.3E1,1.45E0,4.155772991609E0));
#825=LINE('',#824,#823);
#826=DIRECTION('',(0.E0,7.071067811865E-1,-7.071067811865E-1));
#827=VECTOR('',#826,2.828427124746E-1);
#828=CARTESIAN_POINT('',(3.3E1,1.25E0,4.470639764623E0));
#829=LINE('',#828,#827);
#830=DIRECTION('',(0.E0,-1.E0,0.E0));
#831=VECTOR('',#830,2.5E0);
#832=CARTESIAN_POINT('',(3.3E1,1.25E0,4.470639764623E0));
#833=LINE('',#832,#831);
#834=DIRECTION('',(-5.773502691896E-1,5.773502691896E-1,5.773502691896E-1));
#835=VECTOR('',#834,3.464101615138E-1);
#836=CARTESIAN_POINT('',(3.79E1,-1.45E0,4.270639764623E0));
#837=LINE('',#836,#835);
#838=DIRECTION('',(0.E0,-1.E0,0.E0));
#839=VECTOR('',#838,2.5E0);
#840=CARTESIAN_POINT('',(3.77E1,1.25E0,4.470639764623E0));
#841=LINE('',#840,#839);
#842=DIRECTION('',(-1.E0,0.E0,0.E0));
#843=VECTOR('',#842,4.7E0);
#844=CARTESIAN_POINT('',(3.77E1,-1.25E0,4.470639764623E0));
#845=LINE('',#844,#843);
#846=DIRECTION('',(-1.E0,0.E0,0.E0));
#847=VECTOR('',#846,4.7E0);
#848=CARTESIAN_POINT('',(3.77E1,1.25E0,4.470639764623E0));
#849=LINE('',#848,#847);
#850=DIRECTION('',(5.773502691896E-1,5.773502691896E-1,-5.773502691896E-1));
#851=VECTOR('',#850,3.464101615138E-1);
#852=CARTESIAN_POINT('',(3.77E1,1.25E0,4.470639764623E0));
#853=LINE('',#852,#851);
#854=CARTESIAN_POINT('',(-9.E0,0.E0,-6.293602353766E-1));
#855=DIRECTION('',(-1.E0,0.E0,0.E0));
#856=DIRECTION('',(0.E0,1.E0,0.E0));
#857=AXIS2_PLACEMENT_3D('',#854,#855,#856);
#859=DIRECTION('',(-1.E0,0.E0,0.E0));
#860=VECTOR('',#859,9.E0);
#861=CARTESIAN_POINT('',(0.E0,4.5E0,-6.293602353766E-1));
#862=LINE('',#861,#860);
#863=CARTESIAN_POINT('',(-9.E0,0.E0,-6.293602353766E-1));
#864=DIRECTION('',(1.E0,0.E0,0.E0));
#865=DIRECTION('',(0.E0,0.E0,1.E0));
#866=AXIS2_PLACEMENT_3D('',#863,#864,#865);
#868=CARTESIAN_POINT('',(-9.E0,0.E0,-6.293602353766E-1));
#869=DIRECTION('',(1.E0,0.E0,0.E0));
#870=DIRECTION('',(0.E0,0.E0,-1.E0));
#871=AXIS2_PLACEMENT_3D('',#868,#869,#870);
#873=DIRECTION('',(1.E0,0.E0,0.E0));
#874=VECTOR('',#873,2.E0);
#875=CARTESIAN_POINT('',(-1.1E1,0.E0,3.370639764623E0));
#876=LINE('',#875,#874);
#877=CARTESIAN_POINT('',(-1.1E1,0.E0,-6.293602353766E-1));
#878=DIRECTION('',(1.E0,0.E0,0.E0));
#879=DIRECTION('',(0.E0,0.E0,-1.E0));
#880=AXIS2_PLACEMENT_3D('',#877,#878,#879);
#882=CARTESIAN_POINT('',(-1.1E1,0.E0,-6.293602353766E-1));
#883=DIRECTION('',(1.E0,0.E0,0.E0));
#884=DIRECTION('',(0.E0,0.E0,1.E0));
#885=AXIS2_PLACEMENT_3D('',#882,#883,#884);
#887=CARTESIAN_POINT('',(-1.1E1,0.E0,-6.293602353766E-1));
#888=DIRECTION('',(-1.E0,0.E0,0.E0));
#889=DIRECTION('',(0.E0,0.E0,-1.E0));
#890=AXIS2_PLACEMENT_3D('',#887,#888,#889);
#892=CARTESIAN_POINT('',(-1.1E1,0.E0,-6.293602353766E-1));
#893=DIRECTION('',(-1.E0,0.E0,0.E0));
#894=DIRECTION('',(0.E0,0.E0,1.E0));
#895=AXIS2_PLACEMENT_3D('',#892,#893,#894);
#897=DIRECTION('',(1.E0,0.E0,0.E0));
#898=VECTOR('',#897,5.E0);
#899=CARTESIAN_POINT('',(-1.6E1,0.E0,-3.629360235377E0));
#900=LINE('',#899,#898);
#901=CARTESIAN_POINT('',(-1.6E1,0.E0,-6.293602353766E-1));
#902=DIRECTION('',(-1.E0,0.E0,0.E0));
#903=DIRECTION('',(0.E0,0.E0,1.E0));
#904=AXIS2_PLACEMENT_3D('',#901,#902,#903);
#906=CARTESIAN_POINT('',(-1.6E1,0.E0,-6.293602353766E-1));
#907=DIRECTION('',(-1.E0,0.E0,0.E0));
#908=DIRECTION('',(0.E0,0.E0,-1.E0));
#909=AXIS2_PLACEMENT_3D('',#906,#907,#908);
#911=DIRECTION('',(1.E0,0.E0,0.E0));
#912=VECTOR('',#911,5.E0);
#913=CARTESIAN_POINT('',(-1.6E1,0.E0,2.370639764623E0));
#914=LINE('',#913,#912);
#915=DIRECTION('',(1.E0,0.E0,0.E0));
#916=VECTOR('',#915,2.E0);
#917=CARTESIAN_POINT('',(-1.1E1,0.E0,-4.629360235377E0));
#918=LINE('',#917,#916);
#919=CARTESIAN_POINT('',(-9.E0,0.E0,-6.293602353766E-1));
#920=DIRECTION('',(-1.E0,0.E0,0.E0));
#921=DIRECTION('',(0.E0,-1.E0,0.E0));
#922=AXIS2_PLACEMENT_3D('',#919,#920,#921);
#924=DIRECTION('',(-1.E0,0.E0,0.E0));
#925=VECTOR('',#924,9.E0);
#926=CARTESIAN_POINT('',(0.E0,-4.5E0,-6.293602353766E-1));
#927=LINE('',#926,#925);
#928=CARTESIAN_POINT('',(0.E0,1.6E-1,-9.4E0));
#929=CARTESIAN_POINT('',(0.E0,2.473057553844E0,-7.664831370644E0));
#930=VERTEX_POINT('',#928);
#931=VERTEX_POINT('',#929);
#932=CARTESIAN_POINT('',(0.E0,4.102761316962E0,-4.745519159244E0));
#933=VERTEX_POINT('',#932);
#934=CARTESIAN_POINT('',(0.E0,7.023768931874E0,-3.118856115840E0));
#935=VERTEX_POINT('',#934);
#936=CARTESIAN_POINT('',(0.E0,8.761511778414E0,-6.293602353766E-1));
#937=VERTEX_POINT('',#936);
#938=CARTESIAN_POINT('',(0.E0,7.028919247641E0,1.827256310373E0));
#939=VERTEX_POINT('',#938);
#940=CARTESIAN_POINT('',(0.E0,4.140945589943E0,3.433307981931E0));
#941=VERTEX_POINT('',#940);
#942=CARTESIAN_POINT('',(0.E0,4.079396033434E0,3.494536106488E0));
#943=VERTEX_POINT('',#942);
#944=CARTESIAN_POINT('',(0.E0,2.473057553844E0,6.387864427364E0));
#945=VERTEX_POINT('',#944);
#946=CARTESIAN_POINT('',(0.E0,1.824646263505E-2,8.123014056941E0));
#947=VERTEX_POINT('',#946);
#948=CARTESIAN_POINT('',(0.E0,-2.473057553844E0,6.387864427364E0));
#949=VERTEX_POINT('',#948);
#950=CARTESIAN_POINT('',(0.E0,-4.102761316962E0,3.468552215964E0));
#951=VERTEX_POINT('',#950);
#952=CARTESIAN_POINT('',(0.E0,-7.023768931874E0,1.841889172560E0));
#953=VERTEX_POINT('',#952);
#954=CARTESIAN_POINT('',(0.E0,-8.756193140023E0,-6.293657735980E-1));
#955=VERTEX_POINT('',#954);
#956=CARTESIAN_POINT('',(0.E0,-7.028919247641E0,-3.104223253653E0));
#957=VERTEX_POINT('',#956);
#958=CARTESIAN_POINT('',(0.E0,-4.111305605090E0,-4.736965969439E0));
#959=VERTEX_POINT('',#958);
#960=CARTESIAN_POINT('',(0.E0,-4.102761316962E0,-4.745519159244E0));
#961=VERTEX_POINT('',#960);
#962=CARTESIAN_POINT('',(0.E0,-2.473057553844E0,-7.664831370644E0));
#963=VERTEX_POINT('',#962);
#964=CARTESIAN_POINT('',(0.E0,-1.6E-1,-9.4E0));
#965=VERTEX_POINT('',#964);
#966=CARTESIAN_POINT('',(5.E0,1.6E-1,-9.4E0));
#967=CARTESIAN_POINT('',(5.E0,2.473057553844E0,-7.664831370644E0));
#968=VERTEX_POINT('',#966);
#969=VERTEX_POINT('',#967);
#970=CARTESIAN_POINT('',(5.E0,4.102761316962E0,-4.745519159244E0));
#971=VERTEX_POINT('',#970);
#972=CARTESIAN_POINT('',(5.E0,7.023768931874E0,-3.118856115840E0));
#973=VERTEX_POINT('',#972);
#974=CARTESIAN_POINT('',(5.E0,8.761511778414E0,-6.293602353766E-1));
#975=VERTEX_POINT('',#974);
#976=CARTESIAN_POINT('',(5.E0,7.028919247641E0,1.827256310373E0));
#977=VERTEX_POINT('',#976);
#978=CARTESIAN_POINT('',(5.E0,4.140945589943E0,3.433307981931E0));
#979=VERTEX_POINT('',#978);
#980=CARTESIAN_POINT('',(5.E0,4.079396033434E0,3.494536106488E0));
#981=VERTEX_POINT('',#980);
#982=CARTESIAN_POINT('',(5.E0,2.473057553844E0,6.387864427364E0));
#983=VERTEX_POINT('',#982);
#984=CARTESIAN_POINT('',(5.E0,1.824646263505E-2,8.123014056941E0));
#985=VERTEX_POINT('',#984);
#986=CARTESIAN_POINT('',(5.E0,-2.473057553844E0,6.387864427364E0));
#987=VERTEX_POINT('',#986);
#988=CARTESIAN_POINT('',(5.E0,-4.102761316962E0,3.468552215964E0));
#989=VERTEX_POINT('',#988);
#990=CARTESIAN_POINT('',(5.E0,-7.023768931874E0,1.841889172560E0));
#991=VERTEX_POINT('',#990);
#992=CARTESIAN_POINT('',(5.E0,-8.756193140023E0,-6.293657735980E-1));
#993=VERTEX_POINT('',#992);
#994=CARTESIAN_POINT('',(5.E0,-7.028919247641E0,-3.104223253653E0));
#995=VERTEX_POINT('',#994);
#996=CARTESIAN_POINT('',(5.E0,-4.111305605090E0,-4.736965969439E0));
#997=VERTEX_POINT('',#996);
#998=CARTESIAN_POINT('',(5.E0,-4.102761316962E0,-4.745519159244E0));
#999=VERTEX_POINT('',#998);
#1000=CARTESIAN_POINT('',(5.E0,-2.473057553844E0,-7.664831370644E0));
#1001=VERTEX_POINT('',#1000);
#1002=CARTESIAN_POINT('',(5.E0,-1.6E-1,-9.4E0));
#1003=VERTEX_POINT('',#1002);
#1004=CARTESIAN_POINT('',(5.E0,-5.E0,-6.293602353766E-1));
#1005=CARTESIAN_POINT('',(5.E0,5.E0,-6.293602353766E-1));
#1006=VERTEX_POINT('',#1004);
#1007=VERTEX_POINT('',#1005);
#1008=CARTESIAN_POINT('',(0.E0,4.5E0,-6.293602353766E-1));
#1009=CARTESIAN_POINT('',(0.E0,-4.5E0,-6.293602353766E-1));
#1010=VERTEX_POINT('',#1008);
#1011=VERTEX_POINT('',#1009);
#1012=CARTESIAN_POINT('',(1.2E1,-5.E0,-6.293602353766E-1));
#1013=CARTESIAN_POINT('',(1.2E1,5.E0,-6.293602353766E-1));
#1014=VERTEX_POINT('',#1012);
#1015=VERTEX_POINT('',#1013);
#1016=CARTESIAN_POINT('',(1.7E1,-5.E0,-6.293602353766E-1));
#1017=CARTESIAN_POINT('',(1.7E1,5.E0,-6.293602353766E-1));
#1018=VERTEX_POINT('',#1016);
#1019=VERTEX_POINT('',#1017);
#1020=CARTESIAN_POINT('',(2.35E1,-7.023768931874E0,1.841889172552E0));
#1021=CARTESIAN_POINT('',(2.35E1,-8.756192765619E0,-6.293602353766E-1));
#1022=VERTEX_POINT('',#1020);
#1023=VERTEX_POINT('',#1021);
#1024=CARTESIAN_POINT('',(2.35E1,7.561985668209E-3,-9.400689481857E0));
#1025=VERTEX_POINT('',#1024);
#1026=CARTESIAN_POINT('',(2.35E1,5.824855068893E0,-7.424203255103E-1));
#1027=CARTESIAN_POINT('',(2.35E1,5.824562337607E0,-6.432802258725E-1));
#1028=VERTEX_POINT('',#1026);
#1029=VERTEX_POINT('',#1027);
#1030=CARTESIAN_POINT('',(2.35E1,-4.149857877996E0,3.431654716769E0));
#1031=VERTEX_POINT('',#1030);
#1032=CARTESIAN_POINT('',(2.85E1,-7.023768931874E0,1.841889172552E0));
#1033=CARTESIAN_POINT('',(2.85E1,-8.756192765619E0,-6.293602353766E-1));
#1034=VERTEX_POINT('',#1032);
#1035=VERTEX_POINT('',#1033);
#1036=CARTESIAN_POINT('',(2.85E1,7.561985668209E-3,-9.400689481857E0));
#1037=VERTEX_POINT('',#1036);
#1038=CARTESIAN_POINT('',(2.85E1,5.824855068893E0,-7.424203255103E-1));
#1039=CARTESIAN_POINT('',(2.85E1,5.824562337607E0,-6.432802258725E-1));
#1040=VERTEX_POINT('',#1038);
#1041=VERTEX_POINT('',#1039);
#1042=CARTESIAN_POINT('',(2.85E1,-4.149857877996E0,3.431654716769E0));
#1043=VERTEX_POINT('',#1042);
#1044=CARTESIAN_POINT('',(2.35E1,-5.E0,-6.293602353766E-1));
#1045=CARTESIAN_POINT('',(2.35E1,5.E0,-6.293602353766E-1));
#1046=VERTEX_POINT('',#1044);
#1047=VERTEX_POINT('',#1045);
#1048=CARTESIAN_POINT('',(2.85E1,-5.E0,-6.293602353766E-1));
#1049=CARTESIAN_POINT('',(2.85E1,5.E0,-6.293602353766E-1));
#1050=VERTEX_POINT('',#1048);
#1051=VERTEX_POINT('',#1049);
#1052=CARTESIAN_POINT('',(3.3E1,-5.E0,-6.293602353766E-1));
#1053=CARTESIAN_POINT('',(3.3E1,5.E0,-6.293602353766E-1));
#1054=VERTEX_POINT('',#1052);
#1055=VERTEX_POINT('',#1053);
#1056=CARTESIAN_POINT('',(4.5E1,0.E0,-3.629360235377E0));
#1057=CARTESIAN_POINT('',(4.5E1,0.E0,2.370639764623E0));
#1058=VERTEX_POINT('',#1056);
#1059=VERTEX_POINT('',#1057);
#1060=CARTESIAN_POINT('',(5.E1,0.E0,-3.629360235377E0));
#1061=CARTESIAN_POINT('',(5.E1,0.E0,2.370639764623E0));
#1062=VERTEX_POINT('',#1060);
#1063=VERTEX_POINT('',#1061);
#1064=CARTESIAN_POINT('',(-1.1E1,0.E0,-3.629360235377E0));
#1065=CARTESIAN_POINT('',(-1.1E1,0.E0,2.370639764623E0));
#1066=VERTEX_POINT('',#1064);
#1067=VERTEX_POINT('',#1065);
#1068=CARTESIAN_POINT('',(-1.6E1,0.E0,2.370639764623E0));
#1069=CARTESIAN_POINT('',(-1.6E1,0.E0,-3.629360235377E0));
#1070=VERTEX_POINT('',#1068);
#1071=VERTEX_POINT('',#1069);
#1072=CARTESIAN_POINT('',(3.3E1,1.45E0,4.155772991609E0));
#1073=CARTESIAN_POINT('',(3.3E1,-1.45E0,4.155772991609E0));
#1074=VERTEX_POINT('',#1072);
#1075=VERTEX_POINT('',#1073);
#1076=CARTESIAN_POINT('',(3.3E1,1.45E0,3.098574849895E0));
#1077=VERTEX_POINT('',#1076);
#1078=CARTESIAN_POINT('',(3.3E1,-1.45E0,3.098574849895E0));
#1079=VERTEX_POINT('',#1078);
#1080=CARTESIAN_POINT('',(3.8E1,1.45E0,3.098574849895E0));
#1081=VERTEX_POINT('',#1080);
#1082=CARTESIAN_POINT('',(3.8E1,-1.45E0,3.098574849895E0));
#1083=VERTEX_POINT('',#1082);
#1084=CARTESIAN_POINT('',(3.3E1,0.E0,-4.629360235377E0));
#1085=VERTEX_POINT('',#1084);
#1086=CARTESIAN_POINT('',(3.3E1,-1.45E0,4.270639764623E0));
#1087=CARTESIAN_POINT('',(3.3E1,-1.25E0,4.470639764623E0));
#1088=VERTEX_POINT('',#1086);
#1089=VERTEX_POINT('',#1087);
#1090=CARTESIAN_POINT('',(3.3E1,1.25E0,4.470639764623E0));
#1091=CARTESIAN_POINT('',(3.3E1,1.45E0,4.270639764623E0));
#1092=VERTEX_POINT('',#1090);
#1093=VERTEX_POINT('',#1091);
#1094=CARTESIAN_POINT('',(3.8E1,0.E0,3.370639764623E0));
#1095=VERTEX_POINT('',#1094);
#1096=CARTESIAN_POINT('',(-9.E0,0.E0,3.370639764623E0));
#1097=CARTESIAN_POINT('',(-9.E0,0.E0,-4.629360235377E0));
#1098=VERTEX_POINT('',#1096);
#1099=VERTEX_POINT('',#1097);
#1100=CARTESIAN_POINT('',(-9.E0,4.5E0,-6.293602353766E-1));
#1101=CARTESIAN_POINT('',(-9.E0,-4.5E0,-6.293602353766E-1));
#1102=VERTEX_POINT('',#1100);
#1103=VERTEX_POINT('',#1101);
#1104=CARTESIAN_POINT('',(-1.1E1,0.E0,-4.629360235377E0));
#1105=CARTESIAN_POINT('',(-1.1E1,0.E0,3.370639764623E0));
#1106=VERTEX_POINT('',#1104);
#1107=VERTEX_POINT('',#1105);
#1108=CARTESIAN_POINT('',(2.35E1,6.193576040092E0,-6.818910104653E0));
#1109=VERTEX_POINT('',#1108);
#1110=CARTESIAN_POINT('',(2.35E1,6.715038144011E0,-3.846294547584E0));
#1111=VERTEX_POINT('',#1110);
#1112=CARTESIAN_POINT('',(2.35E1,5.835525403108E0,-9.086835986482E-1));
#1113=VERTEX_POINT('',#1112);
#1114=CARTESIAN_POINT('',(2.85E1,6.193576040092E0,-6.818910104653E0));
#1115=VERTEX_POINT('',#1114);
#1116=CARTESIAN_POINT('',(2.85E1,6.715038144011E0,-3.846294547584E0));
#1117=VERTEX_POINT('',#1116);
#1118=CARTESIAN_POINT('',(2.85E1,5.835525403108E0,-9.086835986482E-1));
#1119=VERTEX_POINT('',#1118);
#1120=CARTESIAN_POINT('',(4.4E1,0.E0,3.370639764623E0));
#1121=CARTESIAN_POINT('',(4.4E1,0.E0,-4.629360235377E0));
#1122=VERTEX_POINT('',#1120);
#1123=VERTEX_POINT('',#1121);
#1124=CARTESIAN_POINT('',(4.5E1,0.E0,2.970639764623E0));
#1125=CARTESIAN_POINT('',(4.5E1,0.E0,-4.229360235377E0));
#1126=VERTEX_POINT('',#1124);
#1127=VERTEX_POINT('',#1125);
#1128=CARTESIAN_POINT('',(3.8E1,-1.45E0,4.170639764623E0));
#1129=CARTESIAN_POINT('',(3.79E1,-1.45E0,4.270639764623E0));
#1130=VERTEX_POINT('',#1128);
#1131=VERTEX_POINT('',#1129);
#1132=CARTESIAN_POINT('',(3.77E1,-1.25E0,4.470639764623E0));
#1133=VERTEX_POINT('',#1132);
#1134=CARTESIAN_POINT('',(3.77E1,1.25E0,4.470639764623E0));
#1135=VERTEX_POINT('',#1134);
#1136=CARTESIAN_POINT('',(3.79E1,1.45E0,4.270639764623E0));
#1137=VERTEX_POINT('',#1136);
#1138=CARTESIAN_POINT('',(3.8E1,1.45E0,4.170639764623E0));
#1139=VERTEX_POINT('',#1138);
#1140=CARTESIAN_POINT('',(1.2E1,-6.912272298643E0,1.895067697847E0));
#1141=CARTESIAN_POINT('',(1.2E1,-8.756193140025E0,-6.293602353766E-1));
#1142=VERTEX_POINT('',#1140);
#1143=VERTEX_POINT('',#1141);
#1144=CARTESIAN_POINT('',(1.2E1,-6.191563546691E0,-6.820923782067E0));
#1145=VERTEX_POINT('',#1144);
#1146=CARTESIAN_POINT('',(1.2E1,-3.102674505579E0,-7.302114961354E0));
#1147=VERTEX_POINT('',#1146);
#1148=CARTESIAN_POINT('',(1.2E1,-2.597921877623E-14,-6.409170937602E0));
#1149=VERTEX_POINT('',#1148);
#1150=CARTESIAN_POINT('',(1.2E1,4.086943341518E0,-4.716303576894E0));
#1151=VERTEX_POINT('',#1150);
#1152=CARTESIAN_POINT('',(1.2E1,6.912272298643E0,-3.153788168600E0));
#1153=VERTEX_POINT('',#1152);
#1154=CARTESIAN_POINT('',(1.2E1,8.756193140025E0,-6.293602353766E-1));
#1155=VERTEX_POINT('',#1154);
#1156=CARTESIAN_POINT('',(1.2E1,6.191563546691E0,5.562203311314E0));
#1157=VERTEX_POINT('',#1156);
#1158=CARTESIAN_POINT('',(1.2E1,3.102674505579E0,6.043394490601E0));
#1159=VERTEX_POINT('',#1158);
#1160=CARTESIAN_POINT('',(1.2E1,2.121636200059E-13,5.150450466849E0));
#1161=VERTEX_POINT('',#1160);
#1162=CARTESIAN_POINT('',(1.2E1,-4.086943341518E0,3.457583106141E0));
#1163=VERTEX_POINT('',#1162);
#1164=CARTESIAN_POINT('',(1.7E1,-6.912272298643E0,1.895067697847E0));
#1165=CARTESIAN_POINT('',(1.7E1,-8.756193140025E0,-6.293602353766E-1));
#1166=VERTEX_POINT('',#1164);
#1167=VERTEX_POINT('',#1165);
#1168=CARTESIAN_POINT('',(1.7E1,-6.191563546691E0,-6.820923782067E0));
#1169=VERTEX_POINT('',#1168);
#1170=CARTESIAN_POINT('',(1.7E1,-3.102674505579E0,-7.302114961354E0));
#1171=VERTEX_POINT('',#1170);
#1172=CARTESIAN_POINT('',(1.7E1,-2.597921877623E-14,-6.409170937602E0));
#1173=VERTEX_POINT('',#1172);
#1174=CARTESIAN_POINT('',(1.7E1,4.086943341518E0,-4.716303576894E0));
#1175=VERTEX_POINT('',#1174);
#1176=CARTESIAN_POINT('',(1.7E1,6.912272298643E0,-3.153788168600E0));
#1177=VERTEX_POINT('',#1176);
#1178=CARTESIAN_POINT('',(1.7E1,8.756193140025E0,-6.293602353766E-1));
#1179=VERTEX_POINT('',#1178);
#1180=CARTESIAN_POINT('',(1.7E1,6.191563546691E0,5.562203311314E0));
#1181=VERTEX_POINT('',#1180);
#1182=CARTESIAN_POINT('',(1.7E1,3.102674505579E0,6.043394490601E0));
#1183=VERTEX_POINT('',#1182);
#1184=CARTESIAN_POINT('',(1.7E1,2.121636200059E-13,5.150450466849E0));
#1185=VERTEX_POINT('',#1184);
#1186=CARTESIAN_POINT('',(1.7E1,-4.086943341518E0,3.457583106141E0));
#1187=VERTEX_POINT('',#1186);
#1188=CARTESIAN_POINT('',(0.E0,0.E0,0.E0));
#1189=DIRECTION('',(1.E0,0.E0,0.E0));
#1190=DIRECTION('',(0.E0,-1.E0,0.E0));
#1191=AXIS2_PLACEMENT_3D('',#1188,#1189,#1190);
#1192=PLANE('',#1191);
#1194=ORIENTED_EDGE('',*,*,#1193,.T.);
#1196=ORIENTED_EDGE('',*,*,#1195,.T.);
#1198=ORIENTED_EDGE('',*,*,#1197,.T.);
#1200=ORIENTED_EDGE('',*,*,#1199,.T.);
#1202=ORIENTED_EDGE('',*,*,#1201,.T.);
#1204=ORIENTED_EDGE('',*,*,#1203,.T.);
#1206=ORIENTED_EDGE('',*,*,#1205,.T.);
#1208=ORIENTED_EDGE('',*,*,#1207,.T.);
#1210=ORIENTED_EDGE('',*,*,#1209,.T.);
#1212=ORIENTED_EDGE('',*,*,#1211,.T.);
#1214=ORIENTED_EDGE('',*,*,#1213,.T.);
#1216=ORIENTED_EDGE('',*,*,#1215,.T.);
#1218=ORIENTED_EDGE('',*,*,#1217,.T.);
#1220=ORIENTED_EDGE('',*,*,#1219,.T.);
#1222=ORIENTED_EDGE('',*,*,#1221,.T.);
#1224=ORIENTED_EDGE('',*,*,#1223,.T.);
#1226=ORIENTED_EDGE('',*,*,#1225,.T.);
#1228=ORIENTED_EDGE('',*,*,#1227,.T.);
#1230=ORIENTED_EDGE('',*,*,#1229,.T.);
#1231=EDGE_LOOP('',(#1194,#1196,#1198,#1200,#1202,#1204,#1206,#1208,#1210,#1212,
#1214,#1216,#1218,#1220,#1222,#1224,#1226,#1228,#1230));
#1232=FACE_OUTER_BOUND('',#1231,.F.);
#1234=ORIENTED_EDGE('',*,*,#1233,.T.);
#1236=ORIENTED_EDGE('',*,*,#1235,.T.);
#1237=EDGE_LOOP('',(#1234,#1236));
#1238=FACE_BOUND('',#1237,.F.);
#1240=CARTESIAN_POINT('',(0.E0,1.6E-1,-6.990710989629E0));
#1241=DIRECTION('',(1.E0,0.E0,0.E0));
#1242=DIRECTION('',(0.E0,-1.E0,0.E0));
#1243=AXIS2_PLACEMENT_3D('',#1240,#1241,#1242);
#1244=CYLINDRICAL_SURFACE('',#1243,2.409289010371E0);
#1245=ORIENTED_EDGE('',*,*,#1193,.F.);
#1247=ORIENTED_EDGE('',*,*,#1246,.T.);
#1249=ORIENTED_EDGE('',*,*,#1248,.T.);
#1251=ORIENTED_EDGE('',*,*,#1250,.F.);
#1252=EDGE_LOOP('',(#1245,#1247,#1249,#1251));
#1253=FACE_OUTER_BOUND('',#1252,.F.);
#1255=CARTESIAN_POINT('',(0.E0,-1.6E-1,-9.4E0));
#1256=DIRECTION('',(0.E0,0.E0,-1.E0));
#1257=DIRECTION('',(0.E0,1.E0,0.E0));
#1258=AXIS2_PLACEMENT_3D('',#1255,#1256,#1257);
#1259=PLANE('',#1258);
#1260=ORIENTED_EDGE('',*,*,#1229,.F.);
#1262=ORIENTED_EDGE('',*,*,#1261,.T.);
#1264=ORIENTED_EDGE('',*,*,#1263,.T.);
#1265=ORIENTED_EDGE('',*,*,#1246,.F.);
#1266=EDGE_LOOP('',(#1260,#1262,#1264,#1265));
#1267=FACE_OUTER_BOUND('',#1266,.F.);
#1269=CARTESIAN_POINT('',(0.E0,-1.6E-1,-6.990710989629E0));
#1270=DIRECTION('',(1.E0,0.E0,0.E0));
#1271=DIRECTION('',(0.E0,-1.E0,0.E0));
#1272=AXIS2_PLACEMENT_3D('',#1269,#1270,#1271);
#1273=CYLINDRICAL_SURFACE('',#1272,2.409289010371E0);
#1274=ORIENTED_EDGE('',*,*,#1227,.F.);
#1276=ORIENTED_EDGE('',*,*,#1275,.T.);
#1278=ORIENTED_EDGE('',*,*,#1277,.T.);
#1279=ORIENTED_EDGE('',*,*,#1261,.F.);
#1280=EDGE_LOOP('',(#1274,#1276,#1278,#1279));
#1281=FACE_OUTER_BOUND('',#1280,.F.);
#1283=CARTESIAN_POINT('',(0.E0,-9.648804684636E0,-9.756140072337E0));
#1284=DIRECTION('',(1.E0,0.E0,0.E0));
#1285=DIRECTION('',(0.E0,-1.E0,0.E0));
#1286=AXIS2_PLACEMENT_3D('',#1283,#1284,#1285);
#1287=CYLINDRICAL_SURFACE('',#1286,7.474283843342E0);
#1288=ORIENTED_EDGE('',*,*,#1225,.F.);
#1290=ORIENTED_EDGE('',*,*,#1289,.T.);
#1292=ORIENTED_EDGE('',*,*,#1291,.T.);
#1293=ORIENTED_EDGE('',*,*,#1275,.F.);
#1294=EDGE_LOOP('',(#1288,#1290,#1292,#1293));
#1295=FACE_OUTER_BOUND('',#1294,.F.);
#1297=CARTESIAN_POINT('',(0.E0,-4.111305605090E0,-4.736965969439E0));
#1298=DIRECTION('',(0.E0,-7.074748352627E-1,-7.067385354359E-1));
#1299=DIRECTION('',(0.E0,7.067385354359E-1,-7.074748352627E-1));
#1300=AXIS2_PLACEMENT_3D('',#1297,#1298,#1299);
#1301=PLANE('',#1300);
#1302=ORIENTED_EDGE('',*,*,#1223,.F.);
#1304=ORIENTED_EDGE('',*,*,#1303,.T.);
#1306=ORIENTED_EDGE('',*,*,#1305,.T.);
#1307=ORIENTED_EDGE('',*,*,#1289,.F.);
#1308=EDGE_LOOP('',(#1302,#1304,#1306,#1307));
#1309=FACE_OUTER_BOUND('',#1308,.F.);
#1311=CARTESIAN_POINT('',(0.E0,-9.127698813839E0,-1.027778884570E1));
#1312=DIRECTION('',(1.E0,0.E0,0.E0));
#1313=DIRECTION('',(0.E0,-1.E0,0.E0));
#1314=AXIS2_PLACEMENT_3D('',#1311,#1312,#1313);
#1315=CYLINDRICAL_SURFACE('',#1314,7.474283843342E0);
#1316=ORIENTED_EDGE('',*,*,#1221,.F.);
#1318=ORIENTED_EDGE('',*,*,#1317,.T.);
#1320=ORIENTED_EDGE('',*,*,#1319,.T.);
#1321=ORIENTED_EDGE('',*,*,#1303,.F.);
#1322=EDGE_LOOP('',(#1316,#1318,#1320,#1321));
#1323=FACE_OUTER_BOUND('',#1322,.F.);
#1325=CARTESIAN_POINT('',(0.E0,-6.352390679819E0,-7.918689052860E-1));
#1326=DIRECTION('',(1.E0,0.E0,0.E0));
#1327=DIRECTION('',(0.E0,-1.E0,0.E0));
#1328=AXIS2_PLACEMENT_3D('',#1325,#1326,#1327);
#1329=CYLINDRICAL_SURFACE('',#1328,2.409289010371E0);
#1330=ORIENTED_EDGE('',*,*,#1219,.F.);
#1332=ORIENTED_EDGE('',*,*,#1331,.T.);
#1334=ORIENTED_EDGE('',*,*,#1333,.T.);
#1335=ORIENTED_EDGE('',*,*,#1317,.F.);
#1336=EDGE_LOOP('',(#1330,#1332,#1334,#1335));
#1337=FACE_OUTER_BOUND('',#1336,.F.);
#1339=CARTESIAN_POINT('',(0.E0,-6.352057468599E0,-4.718690787700E-1));
#1340=DIRECTION('',(1.E0,0.E0,0.E0));
#1341=DIRECTION('',(0.E0,-1.E0,0.E0));
#1342=AXIS2_PLACEMENT_3D('',#1339,#1340,#1341);
#1343=CYLINDRICAL_SURFACE('',#1342,2.409289010371E0);
#1344=ORIENTED_EDGE('',*,*,#1217,.F.);
#1346=ORIENTED_EDGE('',*,*,#1345,.T.);
#1348=ORIENTED_EDGE('',*,*,#1347,.T.);
#1349=ORIENTED_EDGE('',*,*,#1331,.F.);
#1350=EDGE_LOOP('',(#1344,#1346,#1348,#1349));
#1351=FACE_OUTER_BOUND('',#1350,.F.);
#1353=CARTESIAN_POINT('',(0.E0,-9.107604501509E0,9.019810061618E0));
#1354=DIRECTION('',(1.E0,0.E0,0.E0));
#1355=DIRECTION('',(0.E0,-1.E0,0.E0));
#1356=AXIS2_PLACEMENT_3D('',#1353,#1354,#1355);
#1357=CYLINDRICAL_SURFACE('',#1356,7.474283843342E0);
#1358=ORIENTED_EDGE('',*,*,#1215,.F.);
#1360=ORIENTED_EDGE('',*,*,#1359,.T.);
#1362=ORIENTED_EDGE('',*,*,#1361,.T.);
#1363=ORIENTED_EDGE('',*,*,#1345,.F.);
#1364=EDGE_LOOP('',(#1358,#1360,#1362,#1363));
#1365=FACE_OUTER_BOUND('',#1364,.F.);
#1367=CARTESIAN_POINT('',(0.E0,-9.648804684636E0,8.479173129057E0));
#1368=DIRECTION('',(1.E0,0.E0,0.E0));
#1369=DIRECTION('',(0.E0,-1.E0,0.E0));
#1370=AXIS2_PLACEMENT_3D('',#1367,#1368,#1369);
#1371=CYLINDRICAL_SURFACE('',#1370,7.474283843342E0);
#1372=ORIENTED_EDGE('',*,*,#1213,.F.);
#1374=ORIENTED_EDGE('',*,*,#1373,.T.);
#1376=ORIENTED_EDGE('',*,*,#1375,.T.);
#1377=ORIENTED_EDGE('',*,*,#1359,.F.);
#1378=EDGE_LOOP('',(#1372,#1374,#1376,#1377));
#1379=FACE_OUTER_BOUND('',#1378,.F.);
#1381=CARTESIAN_POINT('',(0.E0,-1.520225390687E-1,5.711419085177E0));
#1382=DIRECTION('',(1.E0,0.E0,0.E0));
#1383=DIRECTION('',(0.E0,-1.E0,0.E0));
#1384=AXIS2_PLACEMENT_3D('',#1381,#1382,#1383);
#1385=CYLINDRICAL_SURFACE('',#1384,2.417598362172E0);
#1386=ORIENTED_EDGE('',*,*,#1211,.F.);
#1388=ORIENTED_EDGE('',*,*,#1387,.T.);
#1390=ORIENTED_EDGE('',*,*,#1389,.T.);
#1391=ORIENTED_EDGE('',*,*,#1373,.F.);
#1392=EDGE_LOOP('',(#1386,#1388,#1390,#1391));
#1393=FACE_OUTER_BOUND('',#1392,.F.);
#1395=CARTESIAN_POINT('',(0.E0,1.548688265894E-1,5.712248610765E0));
#1396=DIRECTION('',(1.E0,0.E0,0.E0));
#1397=DIRECTION('',(0.E0,-1.E0,0.E0));
#1398=AXIS2_PLACEMENT_3D('',#1395,#1396,#1397);
#1399=CYLINDRICAL_SURFACE('',#1398,2.414633658924E0);
#1400=ORIENTED_EDGE('',*,*,#1209,.F.);
#1402=ORIENTED_EDGE('',*,*,#1401,.T.);
#1404=ORIENTED_EDGE('',*,*,#1403,.T.);
#1405=ORIENTED_EDGE('',*,*,#1387,.F.);
#1406=EDGE_LOOP('',(#1400,#1402,#1404,#1405));
#1407=FACE_OUTER_BOUND('',#1406,.F.);
#1409=CARTESIAN_POINT('',(0.E0,9.648804684636E0,8.479173129057E0));
#1410=DIRECTION('',(1.E0,0.E0,0.E0));
#1411=DIRECTION('',(0.E0,-1.E0,0.E0));
#1412=AXIS2_PLACEMENT_3D('',#1409,#1410,#1411);
#1413=CYLINDRICAL_SURFACE('',#1412,7.474283843342E0);
#1414=ORIENTED_EDGE('',*,*,#1207,.F.);
#1416=ORIENTED_EDGE('',*,*,#1415,.T.);
#1418=ORIENTED_EDGE('',*,*,#1417,.T.);
#1419=ORIENTED_EDGE('',*,*,#1401,.F.);
#1420=EDGE_LOOP('',(#1414,#1416,#1418,#1419));
#1421=FACE_OUTER_BOUND('',#1420,.F.);
#1423=CARTESIAN_POINT('',(0.E0,4.140945589943E0,3.433307981931E0));
#1424=DIRECTION('',(0.E0,7.052531588618E-1,7.089555570806E-1));
#1425=DIRECTION('',(0.E0,-7.089555570806E-1,7.052531588618E-1));
#1426=AXIS2_PLACEMENT_3D('',#1423,#1424,#1425);
#1427=PLANE('',#1426);
#1428=ORIENTED_EDGE('',*,*,#1205,.F.);
#1430=ORIENTED_EDGE('',*,*,#1429,.T.);
#1432=ORIENTED_EDGE('',*,*,#1431,.T.);
#1433=ORIENTED_EDGE('',*,*,#1415,.F.);
#1434=EDGE_LOOP('',(#1428,#1430,#1432,#1433));
#1435=FACE_OUTER_BOUND('',#1434,.F.);
#1437=CARTESIAN_POINT('',(0.E0,9.127698813839E0,9.000821902417E0));
#1438=DIRECTION('',(1.E0,0.E0,0.E0));
#1439=DIRECTION('',(0.E0,-1.E0,0.E0));
#1440=AXIS2_PLACEMENT_3D('',#1437,#1438,#1439);
#1441=CYLINDRICAL_SURFACE('',#1440,7.474283843342E0);
#1442=ORIENTED_EDGE('',*,*,#1203,.F.);
#1444=ORIENTED_EDGE('',*,*,#1443,.T.);
#1446=ORIENTED_EDGE('',*,*,#1445,.T.);
#1447=ORIENTED_EDGE('',*,*,#1429,.F.);
#1448=EDGE_LOOP('',(#1442,#1444,#1446,#1447));
#1449=FACE_OUTER_BOUND('',#1448,.F.);
#1451=CARTESIAN_POINT('',(0.E0,6.350889902031E0,-4.902276514480E-1));
#1452=DIRECTION('',(1.E0,0.E0,0.E0));
#1453=DIRECTION('',(0.E0,-1.E0,0.E0));
#1454=AXIS2_PLACEMENT_3D('',#1451,#1452,#1453);
#1455=CYLINDRICAL_SURFACE('',#1454,2.414633658924E0);
#1456=ORIENTED_EDGE('',*,*,#1201,.F.);
#1458=ORIENTED_EDGE('',*,*,#1457,.T.);
#1460=ORIENTED_EDGE('',*,*,#1459,.T.);
#1461=ORIENTED_EDGE('',*,*,#1443,.F.);
#1462=EDGE_LOOP('',(#1456,#1458,#1460,#1461));
#1463=FACE_OUTER_BOUND('',#1462,.F.);
#1465=CARTESIAN_POINT('',(0.E0,6.349740815498E0,-7.971179869563E-1));
#1466=DIRECTION('',(1.E0,0.E0,0.E0));
#1467=DIRECTION('',(0.E0,-1.E0,0.E0));
#1468=AXIS2_PLACEMENT_3D('',#1465,#1466,#1467);
#1469=CYLINDRICAL_SURFACE('',#1468,2.417598362172E0);
#1470=ORIENTED_EDGE('',*,*,#1199,.F.);
#1472=ORIENTED_EDGE('',*,*,#1471,.T.);
#1474=ORIENTED_EDGE('',*,*,#1473,.T.);
#1475=ORIENTED_EDGE('',*,*,#1457,.F.);
#1476=EDGE_LOOP('',(#1470,#1472,#1474,#1475));
#1477=FACE_OUTER_BOUND('',#1476,.F.);
#1479=CARTESIAN_POINT('',(0.E0,9.107604501509E0,-1.029677700490E1));
#1480=DIRECTION('',(1.E0,0.E0,0.E0));
#1481=DIRECTION('',(0.E0,-1.E0,0.E0));
#1482=AXIS2_PLACEMENT_3D('',#1479,#1480,#1481);
#1483=CYLINDRICAL_SURFACE('',#1482,7.474283843342E0);
#1484=ORIENTED_EDGE('',*,*,#1197,.F.);
#1486=ORIENTED_EDGE('',*,*,#1485,.T.);
#1488=ORIENTED_EDGE('',*,*,#1487,.T.);
#1489=ORIENTED_EDGE('',*,*,#1471,.F.);
#1490=EDGE_LOOP('',(#1484,#1486,#1488,#1489));
#1491=FACE_OUTER_BOUND('',#1490,.F.);
#1493=CARTESIAN_POINT('',(0.E0,9.648804684636E0,-9.756140072337E0));
#1494=DIRECTION('',(1.E0,0.E0,0.E0));
#1495=DIRECTION('',(0.E0,-1.E0,0.E0));
#1496=AXIS2_PLACEMENT_3D('',#1493,#1494,#1495);
#1497=CYLINDRICAL_SURFACE('',#1496,7.474283843342E0);
#1498=ORIENTED_EDGE('',*,*,#1195,.F.);
#1499=ORIENTED_EDGE('',*,*,#1250,.T.);
#1501=ORIENTED_EDGE('',*,*,#1500,.T.);
#1502=ORIENTED_EDGE('',*,*,#1485,.F.);
#1503=EDGE_LOOP('',(#1498,#1499,#1501,#1502));
#1504=FACE_OUTER_BOUND('',#1503,.F.);
#1506=CARTESIAN_POINT('',(5.E0,0.E0,0.E0));
#1507=DIRECTION('',(1.E0,0.E0,0.E0));
#1508=DIRECTION('',(0.E0,-1.E0,0.E0));
#1509=AXIS2_PLACEMENT_3D('',#1506,#1507,#1508);
#1510=PLANE('',#1509);
#1511=ORIENTED_EDGE('',*,*,#1248,.F.);
#1512=ORIENTED_EDGE('',*,*,#1263,.F.);
#1513=ORIENTED_EDGE('',*,*,#1277,.F.);
#1514=ORIENTED_EDGE('',*,*,#1291,.F.);
#1515=ORIENTED_EDGE('',*,*,#1305,.F.);
#1516=ORIENTED_EDGE('',*,*,#1319,.F.);
#1517=ORIENTED_EDGE('',*,*,#1333,.F.);
#1518=ORIENTED_EDGE('',*,*,#1347,.F.);
#1519=ORIENTED_EDGE('',*,*,#1361,.F.);
#1520=ORIENTED_EDGE('',*,*,#1375,.F.);
#1521=ORIENTED_EDGE('',*,*,#1389,.F.);
#1522=ORIENTED_EDGE('',*,*,#1403,.F.);
#1523=ORIENTED_EDGE('',*,*,#1417,.F.);
#1524=ORIENTED_EDGE('',*,*,#1431,.F.);
#1525=ORIENTED_EDGE('',*,*,#1445,.F.);
#1526=ORIENTED_EDGE('',*,*,#1459,.F.);
#1527=ORIENTED_EDGE('',*,*,#1473,.F.);
#1528=ORIENTED_EDGE('',*,*,#1487,.F.);
#1529=ORIENTED_EDGE('',*,*,#1500,.F.);
#1530=EDGE_LOOP('',(#1511,#1512,#1513,#1514,#1515,#1516,#1517,#1518,#1519,#1520,
#1521,#1522,#1523,#1524,#1525,#1526,#1527,#1528,#1529));
#1531=FACE_OUTER_BOUND('',#1530,.F.);
#1533=ORIENTED_EDGE('',*,*,#1532,.T.);
#1535=ORIENTED_EDGE('',*,*,#1534,.T.);
#1536=EDGE_LOOP('',(#1533,#1535));
#1537=FACE_BOUND('',#1536,.F.);
#1539=CARTESIAN_POINT('',(0.E0,0.E0,-6.293602353766E-1));
#1540=DIRECTION('',(1.E0,0.E0,0.E0));
#1541=DIRECTION('',(0.E0,-1.E0,0.E0));
#1542=AXIS2_PLACEMENT_3D('',#1539,#1540,#1541);
#1543=CYLINDRICAL_SURFACE('',#1542,5.E0);
#1545=ORIENTED_EDGE('',*,*,#1544,.T.);
#1547=ORIENTED_EDGE('',*,*,#1546,.F.);
#1548=ORIENTED_EDGE('',*,*,#1532,.F.);
#1550=ORIENTED_EDGE('',*,*,#1549,.T.);
#1551=EDGE_LOOP('',(#1545,#1547,#1548,#1550));
#1552=FACE_OUTER_BOUND('',#1551,.F.);
#1554=CARTESIAN_POINT('',(0.E0,0.E0,-6.293602353766E-1));
#1555=DIRECTION('',(1.E0,0.E0,0.E0));
#1556=DIRECTION('',(0.E0,-1.E0,0.E0));
#1557=AXIS2_PLACEMENT_3D('',#1554,#1555,#1556);
#1558=CYLINDRICAL_SURFACE('',#1557,5.E0);
#1560=ORIENTED_EDGE('',*,*,#1559,.T.);
#1562=ORIENTED_EDGE('',*,*,#1561,.F.);
#1564=ORIENTED_EDGE('',*,*,#1563,.F.);
#1566=ORIENTED_EDGE('',*,*,#1565,.T.);
#1567=EDGE_LOOP('',(#1560,#1562,#1564,#1566));
#1568=FACE_OUTER_BOUND('',#1567,.F.);
#1570=CARTESIAN_POINT('',(0.E0,0.E0,-6.293602353766E-1));
#1571=DIRECTION('',(1.E0,0.E0,0.E0));
#1572=DIRECTION('',(0.E0,-1.E0,0.E0));
#1573=AXIS2_PLACEMENT_3D('',#1570,#1571,#1572);
#1574=CYLINDRICAL_SURFACE('',#1573,5.E0);
#1576=ORIENTED_EDGE('',*,*,#1575,.T.);
#1578=ORIENTED_EDGE('',*,*,#1577,.F.);
#1580=ORIENTED_EDGE('',*,*,#1579,.F.);
#1582=ORIENTED_EDGE('',*,*,#1581,.T.);
#1583=EDGE_LOOP('',(#1576,#1578,#1580,#1582));
#1584=FACE_OUTER_BOUND('',#1583,.F.);
#1586=CARTESIAN_POINT('',(1.2E1,0.E0,0.E0));
#1587=DIRECTION('',(1.E0,0.E0,0.E0));
#1588=DIRECTION('',(0.E0,0.E0,1.E0));
#1589=AXIS2_PLACEMENT_3D('',#1586,#1587,#1588);
#1590=PLANE('',#1589);
#1592=ORIENTED_EDGE('',*,*,#1591,.T.);
#1594=ORIENTED_EDGE('',*,*,#1593,.T.);
#1596=ORIENTED_EDGE('',*,*,#1595,.T.);
#1598=ORIENTED_EDGE('',*,*,#1597,.T.);
#1600=ORIENTED_EDGE('',*,*,#1599,.T.);
#1602=ORIENTED_EDGE('',*,*,#1601,.T.);
#1604=ORIENTED_EDGE('',*,*,#1603,.T.);
#1606=ORIENTED_EDGE('',*,*,#1605,.T.);
#1608=ORIENTED_EDGE('',*,*,#1607,.T.);
#1610=ORIENTED_EDGE('',*,*,#1609,.T.);
#1612=ORIENTED_EDGE('',*,*,#1611,.T.);
#1614=ORIENTED_EDGE('',*,*,#1613,.T.);
#1615=EDGE_LOOP('',(#1592,#1594,#1596,#1598,#1600,#1602,#1604,#1606,#1608,#1610,
#1612,#1614));
#1616=FACE_OUTER_BOUND('',#1615,.F.);
#1617=ORIENTED_EDGE('',*,*,#1544,.F.);
#1619=ORIENTED_EDGE('',*,*,#1618,.F.);
#1620=EDGE_LOOP('',(#1617,#1619));
#1621=FACE_BOUND('',#1620,.F.);
#1623=CARTESIAN_POINT('',(1.2E1,-6.106193140025E0,-6.293602353766E-1));
#1624=DIRECTION('',(1.E0,0.E0,0.E0));
#1625=DIRECTION('',(0.E0,0.E0,1.E0));
#1626=AXIS2_PLACEMENT_3D('',#1623,#1624,#1625);
#1627=CYLINDRICAL_SURFACE('',#1626,2.65E0);
#1628=ORIENTED_EDGE('',*,*,#1591,.F.);
#1630=ORIENTED_EDGE('',*,*,#1629,.T.);
#1632=ORIENTED_EDGE('',*,*,#1631,.T.);
#1634=ORIENTED_EDGE('',*,*,#1633,.F.);
#1635=EDGE_LOOP('',(#1628,#1630,#1632,#1634));
#1636=FACE_OUTER_BOUND('',#1635,.F.);
#1638=CARTESIAN_POINT('',(1.2E1,-9.432495675172E0,9.787744517054E0));
#1639=DIRECTION('',(1.E0,0.E0,0.E0));
#1640=DIRECTION('',(0.E0,0.E0,1.E0));
#1641=AXIS2_PLACEMENT_3D('',#1638,#1639,#1640);
#1642=CYLINDRICAL_SURFACE('',#1641,8.285280516678E0);
#1643=ORIENTED_EDGE('',*,*,#1613,.F.);
#1645=ORIENTED_EDGE('',*,*,#1644,.T.);
#1647=ORIENTED_EDGE('',*,*,#1646,.T.);
#1648=ORIENTED_EDGE('',*,*,#1629,.F.);
#1649=EDGE_LOOP('',(#1643,#1645,#1647,#1648));
#1650=FACE_OUTER_BOUND('',#1649,.F.);
#1652=CARTESIAN_POINT('',(1.2E1,0.E0,-6.293602353766E-1));
#1653=DIRECTION('',(1.E0,0.E0,0.E0));
#1654=DIRECTION('',(0.E0,0.E0,1.E0));
#1655=AXIS2_PLACEMENT_3D('',#1652,#1653,#1654);
#1656=CYLINDRICAL_SURFACE('',#1655,5.779810702225E0);
#1657=ORIENTED_EDGE('',*,*,#1611,.F.);
#1659=ORIENTED_EDGE('',*,*,#1658,.T.);
#1661=ORIENTED_EDGE('',*,*,#1660,.T.);
#1662=ORIENTED_EDGE('',*,*,#1644,.F.);
#1663=EDGE_LOOP('',(#1657,#1659,#1661,#1662));
#1664=FACE_OUTER_BOUND('',#1663,.F.);
#1666=CARTESIAN_POINT('',(1.2E1,-6.962237553469E-1,1.340642683082E1));
#1667=DIRECTION('',(1.E0,0.E0,0.E0));
#1668=DIRECTION('',(0.E0,0.E0,1.E0));
#1669=AXIS2_PLACEMENT_3D('',#1666,#1667,#1668);
#1670=CYLINDRICAL_SURFACE('',#1669,8.285280516678E0);
#1671=ORIENTED_EDGE('',*,*,#1609,.F.);
#1673=ORIENTED_EDGE('',*,*,#1672,.T.);
#1675=ORIENTED_EDGE('',*,*,#1674,.T.);
#1676=ORIENTED_EDGE('',*,*,#1658,.F.);
#1677=EDGE_LOOP('',(#1671,#1673,#1675,#1676));
#1678=FACE_OUTER_BOUND('',#1677,.F.);
#1680=CARTESIAN_POINT('',(1.2E1,4.317730576546E0,3.688370341170E0));
#1681=DIRECTION('',(1.E0,0.E0,0.E0));
#1682=DIRECTION('',(0.E0,0.E0,1.E0));
#1683=AXIS2_PLACEMENT_3D('',#1680,#1681,#1682);
#1684=CYLINDRICAL_SURFACE('',#1683,2.65E0);
#1685=ORIENTED_EDGE('',*,*,#1607,.F.);
#1687=ORIENTED_EDGE('',*,*,#1686,.T.);
#1689=ORIENTED_EDGE('',*,*,#1688,.T.);
#1690=ORIENTED_EDGE('',*,*,#1672,.F.);
#1691=EDGE_LOOP('',(#1685,#1687,#1689,#1690));
#1692=FACE_OUTER_BOUND('',#1691,.F.);
#1694=CARTESIAN_POINT('',(1.2E1,0.E0,-6.293602353766E-1));
#1695=DIRECTION('',(1.E0,0.E0,0.E0));
#1696=DIRECTION('',(0.E0,0.E0,1.E0));
#1697=AXIS2_PLACEMENT_3D('',#1694,#1695,#1696);
#1698=CYLINDRICAL_SURFACE('',#1697,8.756193140025E0);
#1699=ORIENTED_EDGE('',*,*,#1605,.F.);
#1701=ORIENTED_EDGE('',*,*,#1700,.T.);
#1703=ORIENTED_EDGE('',*,*,#1702,.T.);
#1704=ORIENTED_EDGE('',*,*,#1686,.F.);
#1705=EDGE_LOOP('',(#1699,#1701,#1703,#1704));
#1706=FACE_OUTER_BOUND('',#1705,.F.);
#1708=CARTESIAN_POINT('',(1.2E1,6.106193140025E0,-6.293602353766E-1));
#1709=DIRECTION('',(1.E0,0.E0,0.E0));
#1710=DIRECTION('',(0.E0,0.E0,1.E0));
#1711=AXIS2_PLACEMENT_3D('',#1708,#1709,#1710);
#1712=CYLINDRICAL_SURFACE('',#1711,2.65E0);
#1713=ORIENTED_EDGE('',*,*,#1603,.F.);
#1715=ORIENTED_EDGE('',*,*,#1714,.T.);
#1717=ORIENTED_EDGE('',*,*,#1716,.T.);
#1718=ORIENTED_EDGE('',*,*,#1700,.F.);
#1719=EDGE_LOOP('',(#1713,#1715,#1717,#1718));
#1720=FACE_OUTER_BOUND('',#1719,.F.);
#1722=CARTESIAN_POINT('',(1.2E1,9.432495675172E0,-1.104646498781E1));
#1723=DIRECTION('',(1.E0,0.E0,0.E0));
#1724=DIRECTION('',(0.E0,0.E0,1.E0));
#1725=AXIS2_PLACEMENT_3D('',#1722,#1723,#1724);
#1726=CYLINDRICAL_SURFACE('',#1725,8.285280516678E0);
#1727=ORIENTED_EDGE('',*,*,#1601,.F.);
#1729=ORIENTED_EDGE('',*,*,#1728,.T.);
#1731=ORIENTED_EDGE('',*,*,#1730,.T.);
#1732=ORIENTED_EDGE('',*,*,#1714,.F.);
#1733=EDGE_LOOP('',(#1727,#1729,#1731,#1732));
#1734=FACE_OUTER_BOUND('',#1733,.F.);
#1736=CARTESIAN_POINT('',(1.2E1,0.E0,-6.293602353766E-1));
#1737=DIRECTION('',(1.E0,0.E0,0.E0));
#1738=DIRECTION('',(0.E0,0.E0,1.E0));
#1739=AXIS2_PLACEMENT_3D('',#1736,#1737,#1738);
#1740=CYLINDRICAL_SURFACE('',#1739,5.779810702225E0);
#1741=ORIENTED_EDGE('',*,*,#1599,.F.);
#1743=ORIENTED_EDGE('',*,*,#1742,.T.);
#1745=ORIENTED_EDGE('',*,*,#1744,.T.);
#1746=ORIENTED_EDGE('',*,*,#1728,.F.);
#1747=EDGE_LOOP('',(#1741,#1743,#1745,#1746));
#1748=FACE_OUTER_BOUND('',#1747,.F.);
#1750=CARTESIAN_POINT('',(1.2E1,6.962237553469E-1,-1.466514730158E1));
#1751=DIRECTION('',(1.E0,0.E0,0.E0));
#1752=DIRECTION('',(0.E0,0.E0,1.E0));
#1753=AXIS2_PLACEMENT_3D('',#1750,#1751,#1752);
#1754=CYLINDRICAL_SURFACE('',#1753,8.285280516678E0);
#1755=ORIENTED_EDGE('',*,*,#1597,.F.);
#1757=ORIENTED_EDGE('',*,*,#1756,.T.);
#1759=ORIENTED_EDGE('',*,*,#1758,.T.);
#1760=ORIENTED_EDGE('',*,*,#1742,.F.);
#1761=EDGE_LOOP('',(#1755,#1757,#1759,#1760));
#1762=FACE_OUTER_BOUND('',#1761,.F.);
#1764=CARTESIAN_POINT('',(1.2E1,-4.317730576546E0,-4.947090811923E0));
#1765=DIRECTION('',(1.E0,0.E0,0.E0));
#1766=DIRECTION('',(0.E0,0.E0,1.E0));
#1767=AXIS2_PLACEMENT_3D('',#1764,#1765,#1766);
#1768=CYLINDRICAL_SURFACE('',#1767,2.65E0);
#1769=ORIENTED_EDGE('',*,*,#1595,.F.);
#1771=ORIENTED_EDGE('',*,*,#1770,.T.);
#1773=ORIENTED_EDGE('',*,*,#1772,.T.);
#1774=ORIENTED_EDGE('',*,*,#1756,.F.);
#1775=EDGE_LOOP('',(#1769,#1771,#1773,#1774));
#1776=FACE_OUTER_BOUND('',#1775,.F.);
#1778=CARTESIAN_POINT('',(1.2E1,0.E0,-6.293602353766E-1));
#1779=DIRECTION('',(1.E0,0.E0,0.E0));
#1780=DIRECTION('',(0.E0,0.E0,1.E0));
#1781=AXIS2_PLACEMENT_3D('',#1778,#1779,#1780);
#1782=CYLINDRICAL_SURFACE('',#1781,8.756193140025E0);
#1783=ORIENTED_EDGE('',*,*,#1593,.F.);
#1784=ORIENTED_EDGE('',*,*,#1633,.T.);
#1786=ORIENTED_EDGE('',*,*,#1785,.T.);
#1787=ORIENTED_EDGE('',*,*,#1770,.F.);
#1788=EDGE_LOOP('',(#1783,#1784,#1786,#1787));
#1789=FACE_OUTER_BOUND('',#1788,.F.);
#1791=CARTESIAN_POINT('',(1.7E1,0.E0,0.E0));
#1792=DIRECTION('',(1.E0,0.E0,0.E0));
#1793=DIRECTION('',(0.E0,0.E0,1.E0));
#1794=AXIS2_PLACEMENT_3D('',#1791,#1792,#1793);
#1795=PLANE('',#1794);
#1796=ORIENTED_EDGE('',*,*,#1631,.F.);
#1797=ORIENTED_EDGE('',*,*,#1646,.F.);
#1798=ORIENTED_EDGE('',*,*,#1660,.F.);
#1799=ORIENTED_EDGE('',*,*,#1674,.F.);
#1800=ORIENTED_EDGE('',*,*,#1688,.F.);
#1801=ORIENTED_EDGE('',*,*,#1702,.F.);
#1802=ORIENTED_EDGE('',*,*,#1716,.F.);
#1803=ORIENTED_EDGE('',*,*,#1730,.F.);
#1804=ORIENTED_EDGE('',*,*,#1744,.F.);
#1805=ORIENTED_EDGE('',*,*,#1758,.F.);
#1806=ORIENTED_EDGE('',*,*,#1772,.F.);
#1807=ORIENTED_EDGE('',*,*,#1785,.F.);
#1808=EDGE_LOOP('',(#1796,#1797,#1798,#1799,#1800,#1801,#1802,#1803,#1804,#1805,
#1806,#1807));
#1809=FACE_OUTER_BOUND('',#1808,.F.);
#1810=ORIENTED_EDGE('',*,*,#1563,.T.);
#1812=ORIENTED_EDGE('',*,*,#1811,.T.);
#1813=EDGE_LOOP('',(#1810,#1812));
#1814=FACE_BOUND('',#1813,.F.);
#1816=CARTESIAN_POINT('',(0.E0,0.E0,-6.293602353766E-1));
#1817=DIRECTION('',(1.E0,0.E0,0.E0));
#1818=DIRECTION('',(0.E0,-1.E0,0.E0));
#1819=AXIS2_PLACEMENT_3D('',#1816,#1817,#1818);
#1820=CYLINDRICAL_SURFACE('',#1819,5.E0);
#1821=ORIENTED_EDGE('',*,*,#1618,.T.);
#1822=ORIENTED_EDGE('',*,*,#1549,.F.);
#1823=ORIENTED_EDGE('',*,*,#1534,.F.);
#1824=ORIENTED_EDGE('',*,*,#1546,.T.);
#1825=EDGE_LOOP('',(#1821,#1822,#1823,#1824));
#1826=FACE_OUTER_BOUND('',#1825,.F.);
#1828=CARTESIAN_POINT('',(0.E0,0.E0,-6.293602353766E-1));
#1829=DIRECTION('',(1.E0,0.E0,0.E0));
#1830=DIRECTION('',(0.E0,-1.E0,0.E0));
#1831=AXIS2_PLACEMENT_3D('',#1828,#1829,#1830);
#1832=CYLINDRICAL_SURFACE('',#1831,5.E0);
#1834=ORIENTED_EDGE('',*,*,#1833,.T.);
#1835=ORIENTED_EDGE('',*,*,#1565,.F.);
#1836=ORIENTED_EDGE('',*,*,#1811,.F.);
#1837=ORIENTED_EDGE('',*,*,#1561,.T.);
#1838=EDGE_LOOP('',(#1834,#1835,#1836,#1837));
#1839=FACE_OUTER_BOUND('',#1838,.F.);
#1841=CARTESIAN_POINT('',(0.E0,0.E0,-6.293602353766E-1));
#1842=DIRECTION('',(1.E0,0.E0,0.E0));
#1843=DIRECTION('',(0.E0,-1.E0,0.E0));
#1844=AXIS2_PLACEMENT_3D('',#1841,#1842,#1843);
#1845=CYLINDRICAL_SURFACE('',#1844,5.E0);
#1847=ORIENTED_EDGE('',*,*,#1846,.T.);
#1848=ORIENTED_EDGE('',*,*,#1581,.F.);
#1850=ORIENTED_EDGE('',*,*,#1849,.F.);
#1851=ORIENTED_EDGE('',*,*,#1577,.T.);
#1853=ORIENTED_EDGE('',*,*,#1852,.T.);
#1855=ORIENTED_EDGE('',*,*,#1854,.T.);
#1856=EDGE_LOOP('',(#1847,#1848,#1850,#1851,#1853,#1855));
#1857=FACE_OUTER_BOUND('',#1856,.F.);
#1859=CARTESIAN_POINT('',(2.35E1,0.E0,0.E0));
#1860=DIRECTION('',(1.E0,0.E0,0.E0));
#1861=DIRECTION('',(0.E0,0.E0,1.E0));
#1862=AXIS2_PLACEMENT_3D('',#1859,#1860,#1861);
#1863=PLANE('',#1862);
#1865=ORIENTED_EDGE('',*,*,#1864,.T.);
#1867=ORIENTED_EDGE('',*,*,#1866,.T.);
#1869=ORIENTED_EDGE('',*,*,#1868,.T.);
#1871=ORIENTED_EDGE('',*,*,#1870,.T.);
#1873=ORIENTED_EDGE('',*,*,#1872,.T.);
#1875=ORIENTED_EDGE('',*,*,#1874,.T.);
#1877=ORIENTED_EDGE('',*,*,#1876,.T.);
#1879=ORIENTED_EDGE('',*,*,#1878,.T.);
#1881=ORIENTED_EDGE('',*,*,#1880,.T.);
#1882=EDGE_LOOP('',(#1865,#1867,#1869,#1871,#1873,#1875,#1877,#1879,#1881));
#1883=FACE_OUTER_BOUND('',#1882,.F.);
#1884=ORIENTED_EDGE('',*,*,#1559,.F.);
#1885=ORIENTED_EDGE('',*,*,#1833,.F.);
#1886=EDGE_LOOP('',(#1884,#1885));
#1887=FACE_BOUND('',#1886,.F.);
#1889=CARTESIAN_POINT('',(2.35E1,-6.124156524305E0,-6.316341166597E-1));
#1890=DIRECTION('',(1.E0,0.E0,0.E0));
#1891=DIRECTION('',(0.E0,0.E0,1.E0));
#1892=AXIS2_PLACEMENT_3D('',#1889,#1890,#1891);
#1893=CYLINDRICAL_SURFACE('',#1892,2.632037223545E0);
#1894=ORIENTED_EDGE('',*,*,#1864,.F.);
#1896=ORIENTED_EDGE('',*,*,#1895,.T.);
#1898=ORIENTED_EDGE('',*,*,#1897,.T.);
#1900=ORIENTED_EDGE('',*,*,#1899,.F.);
#1901=EDGE_LOOP('',(#1894,#1896,#1898,#1900));
#1902=FACE_OUTER_BOUND('',#1901,.F.);
#1904=CARTESIAN_POINT('',(2.35E1,-1.062602254537E1,1.174644154605E1));
#1905=DIRECTION('',(1.E0,0.E0,0.E0));
#1906=DIRECTION('',(0.E0,0.E0,1.E0));
#1907=AXIS2_PLACEMENT_3D('',#1904,#1905,#1906);
#1908=CYLINDRICAL_SURFACE('',#1907,1.053927838210E1);
#1909=ORIENTED_EDGE('',*,*,#1880,.F.);
#1911=ORIENTED_EDGE('',*,*,#1910,.T.);
#1913=ORIENTED_EDGE('',*,*,#1912,.T.);
#1914=ORIENTED_EDGE('',*,*,#1895,.F.);
#1915=EDGE_LOOP('',(#1909,#1911,#1913,#1914));
#1916=FACE_OUTER_BOUND('',#1915,.F.);
#1918=CARTESIAN_POINT('',(2.35E1,7.561985668210E-3,-6.369314600865E-1));
#1919=DIRECTION('',(1.E0,0.E0,0.E0));
#1920=DIRECTION('',(0.E0,0.E0,1.E0));
#1921=AXIS2_PLACEMENT_3D('',#1918,#1919,#1920);
#1922=CYLINDRICAL_SURFACE('',#1921,5.817003816509E0);
#1923=ORIENTED_EDGE('',*,*,#1878,.F.);
#1925=ORIENTED_EDGE('',*,*,#1924,.T.);
#1927=ORIENTED_EDGE('',*,*,#1926,.T.);
#1928=ORIENTED_EDGE('',*,*,#1910,.F.);
#1929=EDGE_LOOP('',(#1923,#1925,#1927,#1928));
#1930=FACE_OUTER_BOUND('',#1929,.F.);
#1932=CARTESIAN_POINT('',(2.35E1,1.808198677382E1,-6.566581719233E-1));
#1933=DIRECTION('',(1.E0,0.E0,0.E0));
#1934=DIRECTION('',(0.E0,0.E0,1.E0));
#1935=AXIS2_PLACEMENT_3D('',#1932,#1933,#1934);
#1936=CYLINDRICAL_SURFACE('',#1935,1.225743173666E1);
#1937=ORIENTED_EDGE('',*,*,#1876,.F.);
#1939=ORIENTED_EDGE('',*,*,#1938,.T.);
#1941=ORIENTED_EDGE('',*,*,#1940,.T.);
#1942=ORIENTED_EDGE('',*,*,#1924,.F.);
#1943=EDGE_LOOP('',(#1937,#1939,#1941,#1942));
#1944=FACE_OUTER_BOUND('',#1943,.F.);
#1946=CARTESIAN_POINT('',(2.35E1,7.284691056468E0,-7.322059718432E-1));
#1947=DIRECTION('',(1.E0,0.E0,0.E0));
#1948=DIRECTION('',(0.E0,0.E0,1.E0));
#1949=AXIS2_PLACEMENT_3D('',#1946,#1947,#1948);
#1950=CYLINDRICAL_SURFACE('',#1949,1.459871721639E0);
#1951=ORIENTED_EDGE('',*,*,#1874,.F.);
#1953=ORIENTED_EDGE('',*,*,#1952,.T.);
#1955=ORIENTED_EDGE('',*,*,#1954,.T.);
#1956=ORIENTED_EDGE('',*,*,#1938,.F.);
#1957=EDGE_LOOP('',(#1951,#1953,#1955,#1956));
#1958=FACE_OUTER_BOUND('',#1957,.F.);
#1960=CARTESIAN_POINT('',(2.35E1,1.626434281988E1,6.132086784272E-1));
#1961=DIRECTION('',(1.E0,0.E0,0.E0));
#1962=DIRECTION('',(0.E0,0.E0,1.E0));
#1963=AXIS2_PLACEMENT_3D('',#1960,#1961,#1962);
#1964=CYLINDRICAL_SURFACE('',#1963,1.053927838210E1);
#1965=ORIENTED_EDGE('',*,*,#1872,.F.);
#1967=ORIENTED_EDGE('',*,*,#1966,.T.);
#1969=ORIENTED_EDGE('',*,*,#1968,.T.);
#1970=ORIENTED_EDGE('',*,*,#1952,.F.);
#1971=EDGE_LOOP('',(#1965,#1967,#1969,#1970));
#1972=FACE_OUTER_BOUND('',#1971,.F.);
#1974=CARTESIAN_POINT('',(2.35E1,4.330232993732E0,-4.959993044183E0));
#1975=DIRECTION('',(1.E0,0.E0,0.E0));
#1976=DIRECTION('',(0.E0,0.E0,1.E0));
#1977=AXIS2_PLACEMENT_3D('',#1974,#1975,#1976);
#1978=CYLINDRICAL_SURFACE('',#1977,2.632037223545E0);
#1979=ORIENTED_EDGE('',*,*,#1870,.F.);
#1981=ORIENTED_EDGE('',*,*,#1980,.T.);
#1983=ORIENTED_EDGE('',*,*,#1982,.T.);
#1984=ORIENTED_EDGE('',*,*,#1966,.F.);
#1985=EDGE_LOOP('',(#1979,#1981,#1983,#1984));
#1986=FACE_OUTER_BOUND('',#1985,.F.);
#1988=CARTESIAN_POINT('',(2.35E1,-2.910888960582E-2,-6.110058755633E-1));
#1989=DIRECTION('',(1.E0,0.E0,0.E0));
#1990=DIRECTION('',(0.E0,0.E0,1.E0));
#1991=AXIS2_PLACEMENT_3D('',#1988,#1989,#1990);
#1992=CYLINDRICAL_SURFACE('',#1991,8.789760102064E0);
#1993=ORIENTED_EDGE('',*,*,#1868,.F.);
#1995=ORIENTED_EDGE('',*,*,#1994,.T.);
#1997=ORIENTED_EDGE('',*,*,#1996,.T.);
#1998=ORIENTED_EDGE('',*,*,#1980,.F.);
#1999=EDGE_LOOP('',(#1993,#1995,#1997,#1998));
#2000=FACE_OUTER_BOUND('',#1999,.F.);
#2002=CARTESIAN_POINT('',(2.35E1,7.561985668210E-3,-6.369314600865E-1));
#2003=DIRECTION('',(1.E0,0.E0,0.E0));
#2004=DIRECTION('',(0.E0,0.E0,1.E0));
#2005=AXIS2_PLACEMENT_3D('',#2002,#2003,#2004);
#2006=CYLINDRICAL_SURFACE('',#2005,8.763758021771E0);
#2007=ORIENTED_EDGE('',*,*,#1866,.F.);
#2008=ORIENTED_EDGE('',*,*,#1899,.T.);
#2010=ORIENTED_EDGE('',*,*,#2009,.T.);
#2011=ORIENTED_EDGE('',*,*,#1994,.F.);
#2012=EDGE_LOOP('',(#2007,#2008,#2010,#2011));
#2013=FACE_OUTER_BOUND('',#2012,.F.);
#2015=CARTESIAN_POINT('',(2.85E1,0.E0,0.E0));
#2016=DIRECTION('',(1.E0,0.E0,0.E0));
#2017=DIRECTION('',(0.E0,0.E0,1.E0));
#2018=AXIS2_PLACEMENT_3D('',#2015,#2016,#2017);
#2019=PLANE('',#2018);
#2020=ORIENTED_EDGE('',*,*,#1897,.F.);
#2021=ORIENTED_EDGE('',*,*,#1912,.F.);
#2022=ORIENTED_EDGE('',*,*,#1926,.F.);
#2023=ORIENTED_EDGE('',*,*,#1940,.F.);
#2024=ORIENTED_EDGE('',*,*,#1954,.F.);
#2025=ORIENTED_EDGE('',*,*,#1968,.F.);
#2026=ORIENTED_EDGE('',*,*,#1982,.F.);
#2027=ORIENTED_EDGE('',*,*,#1996,.F.);
#2028=ORIENTED_EDGE('',*,*,#2009,.F.);
#2029=EDGE_LOOP('',(#2020,#2021,#2022,#2023,#2024,#2025,#2026,#2027,#2028));
#2030=FACE_OUTER_BOUND('',#2029,.F.);
#2031=ORIENTED_EDGE('',*,*,#1579,.T.);
#2032=ORIENTED_EDGE('',*,*,#1849,.T.);
#2033=EDGE_LOOP('',(#2031,#2032));
#2034=FACE_BOUND('',#2033,.F.);
#2036=CARTESIAN_POINT('',(3.3E1,0.E0,0.E0));
#2037=DIRECTION('',(-1.E0,0.E0,0.E0));
#2038=DIRECTION('',(0.E0,0.E0,-1.E0));
#2039=AXIS2_PLACEMENT_3D('',#2036,#2037,#2038);
#2040=PLANE('',#2039);
#2042=ORIENTED_EDGE('',*,*,#2041,.F.);
#2043=ORIENTED_EDGE('',*,*,#1852,.F.);
#2044=ORIENTED_EDGE('',*,*,#1575,.F.);
#2045=ORIENTED_EDGE('',*,*,#1846,.F.);
#2047=ORIENTED_EDGE('',*,*,#2046,.T.);
#2049=ORIENTED_EDGE('',*,*,#2048,.T.);
#2051=ORIENTED_EDGE('',*,*,#2050,.T.);
#2052=EDGE_LOOP('',(#2042,#2043,#2044,#2045,#2047,#2049,#2051));
#2053=FACE_OUTER_BOUND('',#2052,.F.);
#2055=CARTESIAN_POINT('',(3.3E1,1.45E0,-6.293602353766E-1));
#2056=DIRECTION('',(0.E0,1.E0,0.E0));
#2057=DIRECTION('',(0.E0,0.E0,1.E0));
#2058=AXIS2_PLACEMENT_3D('',#2055,#2056,#2057);
#2059=PLANE('',#2058);
#2061=ORIENTED_EDGE('',*,*,#2060,.F.);
#2063=ORIENTED_EDGE('',*,*,#2062,.T.);
#2065=ORIENTED_EDGE('',*,*,#2064,.F.);
#2066=ORIENTED_EDGE('',*,*,#2041,.T.);
#2068=ORIENTED_EDGE('',*,*,#2067,.F.);
#2070=ORIENTED_EDGE('',*,*,#2069,.T.);
#2071=EDGE_LOOP('',(#2061,#2063,#2065,#2066,#2068,#2070));
#2072=FACE_OUTER_BOUND('',#2071,.F.);
#2074=CARTESIAN_POINT('',(3.785E1,4.263256414561E-14,4.320639764623E0));
#2075=DIRECTION('',(7.071067811866E-1,0.E0,7.071067811865E-1));
#2076=DIRECTION('',(-7.071067811865E-1,0.E0,7.071067811866E-1));
#2077=AXIS2_PLACEMENT_3D('',#2074,#2075,#2076);
#2078=PLANE('',#2077);
#2080=ORIENTED_EDGE('',*,*,#2079,.T.);
#2082=ORIENTED_EDGE('',*,*,#2081,.T.);
#2084=ORIENTED_EDGE('',*,*,#2083,.F.);
#2086=ORIENTED_EDGE('',*,*,#2085,.T.);
#2087=ORIENTED_EDGE('',*,*,#2060,.T.);
#2089=ORIENTED_EDGE('',*,*,#2088,.T.);
#2090=EDGE_LOOP('',(#2080,#2082,#2084,#2086,#2087,#2089));
#2091=FACE_OUTER_BOUND('',#2090,.F.);
#2093=CARTESIAN_POINT('',(3.3E1,-1.45E0,4.470639764623E0));
#2094=DIRECTION('',(0.E0,-1.E0,0.E0));
#2095=DIRECTION('',(0.E0,0.E0,-1.E0));
#2096=AXIS2_PLACEMENT_3D('',#2093,#2094,#2095);
#2097=PLANE('',#2096);
#2098=ORIENTED_EDGE('',*,*,#2079,.F.);
#2100=ORIENTED_EDGE('',*,*,#2099,.T.);
#2102=ORIENTED_EDGE('',*,*,#2101,.T.);
#2103=ORIENTED_EDGE('',*,*,#2046,.F.);
#2105=ORIENTED_EDGE('',*,*,#2104,.F.);
#2107=ORIENTED_EDGE('',*,*,#2106,.F.);
#2108=EDGE_LOOP('',(#2098,#2100,#2102,#2103,#2105,#2107));
#2109=FACE_OUTER_BOUND('',#2108,.F.);
#2111=CARTESIAN_POINT('',(3.8E1,0.E0,0.E0));
#2112=DIRECTION('',(1.E0,0.E0,0.E0));
#2113=DIRECTION('',(0.E0,1.E0,0.E0));
#2114=AXIS2_PLACEMENT_3D('',#2111,#2112,#2113);
#2115=PLANE('',#2114);
#2116=ORIENTED_EDGE('',*,*,#2088,.F.);
#2117=ORIENTED_EDGE('',*,*,#2069,.F.);
#2119=ORIENTED_EDGE('',*,*,#2118,.F.);
#2121=ORIENTED_EDGE('',*,*,#2120,.F.);
#2122=ORIENTED_EDGE('',*,*,#2099,.F.);
#2123=EDGE_LOOP('',(#2116,#2117,#2119,#2121,#2122));
#2124=FACE_OUTER_BOUND('',#2123,.F.);
#2126=CARTESIAN_POINT('',(3.3E1,0.E0,-6.293602353766E-1));
#2127=DIRECTION('',(-1.E0,0.E0,0.E0));
#2128=DIRECTION('',(0.E0,0.E0,-1.E0));
#2129=AXIS2_PLACEMENT_3D('',#2126,#2127,#2128);
#2130=CYLINDRICAL_SURFACE('',#2129,4.E0);
#2132=ORIENTED_EDGE('',*,*,#2131,.F.);
#2134=ORIENTED_EDGE('',*,*,#2133,.F.);
#2135=ORIENTED_EDGE('',*,*,#2118,.T.);
#2136=ORIENTED_EDGE('',*,*,#2067,.T.);
#2137=ORIENTED_EDGE('',*,*,#2050,.F.);
#2139=ORIENTED_EDGE('',*,*,#2138,.T.);
#2140=EDGE_LOOP('',(#2132,#2134,#2135,#2136,#2137,#2139));
#2141=FACE_OUTER_BOUND('',#2140,.F.);
#2143=CARTESIAN_POINT('',(4.450000000166E1,0.E0,-6.293602353766E-1));
#2144=DIRECTION('',(-1.E0,0.E0,0.E0));
#2145=DIRECTION('',(0.E0,0.E0,-1.E0));
#2146=AXIS2_PLACEMENT_3D('',#2143,#2144,#2145);
#2147=CONICAL_SURFACE('',#2146,3.799999999336E0,2.180140948635E1);
#2148=ORIENTED_EDGE('',*,*,#2131,.T.);
#2150=ORIENTED_EDGE('',*,*,#2149,.T.);
#2152=ORIENTED_EDGE('',*,*,#2151,.F.);
#2154=ORIENTED_EDGE('',*,*,#2153,.F.);
#2155=EDGE_LOOP('',(#2148,#2150,#2152,#2154));
#2156=FACE_OUTER_BOUND('',#2155,.F.);
#2158=CARTESIAN_POINT('',(4.450000000166E1,0.E0,-6.293602353766E-1));
#2159=DIRECTION('',(-1.E0,0.E0,0.E0));
#2160=DIRECTION('',(0.E0,0.E0,-1.E0));
#2161=AXIS2_PLACEMENT_3D('',#2158,#2159,#2160);
#2162=CONICAL_SURFACE('',#2161,3.799999999336E0,2.180140948635E1);
#2164=ORIENTED_EDGE('',*,*,#2163,.T.);
#2165=ORIENTED_EDGE('',*,*,#2153,.T.);
#2167=ORIENTED_EDGE('',*,*,#2166,.F.);
#2168=ORIENTED_EDGE('',*,*,#2149,.F.);
#2169=EDGE_LOOP('',(#2164,#2165,#2167,#2168));
#2170=FACE_OUTER_BOUND('',#2169,.F.);
#2172=CARTESIAN_POINT('',(3.3E1,0.E0,-6.293602353766E-1));
#2173=DIRECTION('',(-1.E0,0.E0,0.E0));
#2174=DIRECTION('',(0.E0,0.E0,-1.E0));
#2175=AXIS2_PLACEMENT_3D('',#2172,#2173,#2174);
#2176=CYLINDRICAL_SURFACE('',#2175,4.E0);
#2177=ORIENTED_EDGE('',*,*,#2163,.F.);
#2178=ORIENTED_EDGE('',*,*,#2138,.F.);
#2179=ORIENTED_EDGE('',*,*,#2048,.F.);
#2180=ORIENTED_EDGE('',*,*,#2101,.F.);
#2181=ORIENTED_EDGE('',*,*,#2120,.T.);
#2182=ORIENTED_EDGE('',*,*,#2133,.T.);
#2183=EDGE_LOOP('',(#2177,#2178,#2179,#2180,#2181,#2182));
#2184=FACE_OUTER_BOUND('',#2183,.F.);
#2186=CARTESIAN_POINT('',(4.5E1,0.E0,0.E0));
#2187=DIRECTION('',(1.E0,0.E0,0.E0));
#2188=DIRECTION('',(0.E0,0.E0,1.E0));
#2189=AXIS2_PLACEMENT_3D('',#2186,#2187,#2188);
#2190=PLANE('',#2189);
#2191=ORIENTED_EDGE('',*,*,#2151,.T.);
#2192=ORIENTED_EDGE('',*,*,#2166,.T.);
#2193=EDGE_LOOP('',(#2191,#2192));
#2194=FACE_OUTER_BOUND('',#2193,.F.);
#2196=ORIENTED_EDGE('',*,*,#2195,.T.);
#2198=ORIENTED_EDGE('',*,*,#2197,.T.);
#2199=EDGE_LOOP('',(#2196,#2198));
#2200=FACE_BOUND('',#2199,.F.);
#2202=CARTESIAN_POINT('',(5.E1,0.E0,-6.293602353766E-1));
#2203=DIRECTION('',(1.E0,0.E0,0.E0));
#2204=DIRECTION('',(0.E0,0.E0,1.E0));
#2205=AXIS2_PLACEMENT_3D('',#2202,#2203,#2204);
#2206=CYLINDRICAL_SURFACE('',#2205,3.E0);
#2208=ORIENTED_EDGE('',*,*,#2207,.T.);
#2210=ORIENTED_EDGE('',*,*,#2209,.T.);
#2211=ORIENTED_EDGE('',*,*,#2195,.F.);
#2213=ORIENTED_EDGE('',*,*,#2212,.F.);
#2214=EDGE_LOOP('',(#2208,#2210,#2211,#2213));
#2215=FACE_OUTER_BOUND('',#2214,.F.);
#2217=CARTESIAN_POINT('',(5.E1,0.E0,0.E0));
#2218=DIRECTION('',(1.E0,0.E0,0.E0));
#2219=DIRECTION('',(0.E0,-1.E0,0.E0));
#2220=AXIS2_PLACEMENT_3D('',#2217,#2218,#2219);
#2221=PLANE('',#2220);
#2222=ORIENTED_EDGE('',*,*,#2207,.F.);
#2224=ORIENTED_EDGE('',*,*,#2223,.F.);
#2225=EDGE_LOOP('',(#2222,#2224));
#2226=FACE_OUTER_BOUND('',#2225,.F.);
#2228=CARTESIAN_POINT('',(5.E1,0.E0,-6.293602353766E-1));
#2229=DIRECTION('',(1.E0,0.E0,0.E0));
#2230=DIRECTION('',(0.E0,0.E0,1.E0));
#2231=AXIS2_PLACEMENT_3D('',#2228,#2229,#2230);
#2232=CYLINDRICAL_SURFACE('',#2231,3.E0);
#2233=ORIENTED_EDGE('',*,*,#2223,.T.);
#2234=ORIENTED_EDGE('',*,*,#2212,.T.);
#2235=ORIENTED_EDGE('',*,*,#2197,.F.);
#2236=ORIENTED_EDGE('',*,*,#2209,.F.);
#2237=EDGE_LOOP('',(#2233,#2234,#2235,#2236));
#2238=FACE_OUTER_BOUND('',#2237,.F.);
#2240=CARTESIAN_POINT('',(3.3E1,0.E0,0.E0));
#2241=DIRECTION('',(1.E0,0.E0,0.E0));
#2242=DIRECTION('',(0.E0,1.E0,0.E0));
#2243=AXIS2_PLACEMENT_3D('',#2240,#2241,#2242);
#2244=PLANE('',#2243);
#2246=ORIENTED_EDGE('',*,*,#2245,.F.);
#2247=ORIENTED_EDGE('',*,*,#2104,.T.);
#2248=ORIENTED_EDGE('',*,*,#1854,.F.);
#2249=ORIENTED_EDGE('',*,*,#2064,.T.);
#2251=ORIENTED_EDGE('',*,*,#2250,.F.);
#2253=ORIENTED_EDGE('',*,*,#2252,.T.);
#2254=EDGE_LOOP('',(#2246,#2247,#2248,#2249,#2251,#2253));
#2255=FACE_OUTER_BOUND('',#2254,.F.);
#2257=CARTESIAN_POINT('',(3.55E1,-1.35E0,4.370639764623E0));
#2258=DIRECTION('',(0.E0,-7.071067811865E-1,7.071067811865E-1));
#2259=DIRECTION('',(0.E0,7.071067811865E-1,7.071067811865E-1));
#2260=AXIS2_PLACEMENT_3D('',#2257,#2258,#2259);
#2261=PLANE('',#2260);
#2262=ORIENTED_EDGE('',*,*,#2081,.F.);
#2263=ORIENTED_EDGE('',*,*,#2106,.T.);
#2264=ORIENTED_EDGE('',*,*,#2245,.T.);
#2266=ORIENTED_EDGE('',*,*,#2265,.F.);
#2267=EDGE_LOOP('',(#2262,#2263,#2264,#2266));
#2268=FACE_OUTER_BOUND('',#2267,.F.);
#2270=CARTESIAN_POINT('',(3.3E1,1.45E0,4.470639764623E0));
#2271=DIRECTION('',(0.E0,0.E0,1.E0));
#2272=DIRECTION('',(0.E0,-1.E0,0.E0));
#2273=AXIS2_PLACEMENT_3D('',#2270,#2271,#2272);
#2274=PLANE('',#2273);
#2275=ORIENTED_EDGE('',*,*,#2083,.T.);
#2276=ORIENTED_EDGE('',*,*,#2265,.T.);
#2277=ORIENTED_EDGE('',*,*,#2252,.F.);
#2279=ORIENTED_EDGE('',*,*,#2278,.F.);
#2280=EDGE_LOOP('',(#2275,#2276,#2277,#2279));
#2281=FACE_OUTER_BOUND('',#2280,.F.);
#2283=CARTESIAN_POINT('',(3.55E1,1.35E0,4.370639764623E0));
#2284=DIRECTION('',(0.E0,7.071067811865E-1,7.071067811865E-1));
#2285=DIRECTION('',(0.E0,7.071067811865E-1,-7.071067811865E-1));
#2286=AXIS2_PLACEMENT_3D('',#2283,#2284,#2285);
#2287=PLANE('',#2286);
#2288=ORIENTED_EDGE('',*,*,#2085,.F.);
#2289=ORIENTED_EDGE('',*,*,#2278,.T.);
#2290=ORIENTED_EDGE('',*,*,#2250,.T.);
#2291=ORIENTED_EDGE('',*,*,#2062,.F.);
#2292=EDGE_LOOP('',(#2288,#2289,#2290,#2291));
#2293=FACE_OUTER_BOUND('',#2292,.F.);
#2295=CARTESIAN_POINT('',(0.E0,0.E0,-6.293602353766E-1));
#2296=DIRECTION('',(-1.E0,0.E0,0.E0));
#2297=DIRECTION('',(0.E0,1.E0,0.E0));
#2298=AXIS2_PLACEMENT_3D('',#2295,#2296,#2297);
#2299=CYLINDRICAL_SURFACE('',#2298,4.5E0);
#2301=ORIENTED_EDGE('',*,*,#2300,.T.);
#2303=ORIENTED_EDGE('',*,*,#2302,.F.);
#2304=ORIENTED_EDGE('',*,*,#1233,.F.);
#2306=ORIENTED_EDGE('',*,*,#2305,.T.);
#2307=EDGE_LOOP('',(#2301,#2303,#2304,#2306));
#2308=FACE_OUTER_BOUND('',#2307,.F.);
#2310=CARTESIAN_POINT('',(-9.E0,0.E0,0.E0));
#2311=DIRECTION('',(-1.E0,0.E0,0.E0));
#2312=DIRECTION('',(0.E0,0.E0,1.E0));
#2313=AXIS2_PLACEMENT_3D('',#2310,#2311,#2312);
#2314=PLANE('',#2313);
#2315=ORIENTED_EDGE('',*,*,#2300,.F.);
#2317=ORIENTED_EDGE('',*,*,#2316,.F.);
#2318=EDGE_LOOP('',(#2315,#2317));
#2319=FACE_OUTER_BOUND('',#2318,.F.);
#2321=ORIENTED_EDGE('',*,*,#2320,.F.);
#2323=ORIENTED_EDGE('',*,*,#2322,.F.);
#2324=EDGE_LOOP('',(#2321,#2323));
#2325=FACE_BOUND('',#2324,.F.);
#2327=CARTESIAN_POINT('',(-1.1E1,0.E0,-6.293602353766E-1));
#2328=DIRECTION('',(-1.E0,0.E0,0.E0));
#2329=DIRECTION('',(0.E0,0.E0,1.E0));
#2330=AXIS2_PLACEMENT_3D('',#2327,#2328,#2329);
#2331=CYLINDRICAL_SURFACE('',#2330,4.E0);
#2333=ORIENTED_EDGE('',*,*,#2332,.T.);
#2335=ORIENTED_EDGE('',*,*,#2334,.T.);
#2336=ORIENTED_EDGE('',*,*,#2320,.T.);
#2338=ORIENTED_EDGE('',*,*,#2337,.F.);
#2339=EDGE_LOOP('',(#2333,#2335,#2336,#2338));
#2340=FACE_OUTER_BOUND('',#2339,.F.);
#2342=CARTESIAN_POINT('',(-1.1E1,0.E0,0.E0));
#2343=DIRECTION('',(-1.E0,0.E0,0.E0));
#2344=DIRECTION('',(0.E0,0.E0,-1.E0));
#2345=AXIS2_PLACEMENT_3D('',#2342,#2343,#2344);
#2346=PLANE('',#2345);
#2347=ORIENTED_EDGE('',*,*,#2332,.F.);
#2349=ORIENTED_EDGE('',*,*,#2348,.F.);
#2350=EDGE_LOOP('',(#2347,#2349));
#2351=FACE_OUTER_BOUND('',#2350,.F.);
#2353=ORIENTED_EDGE('',*,*,#2352,.F.);
#2355=ORIENTED_EDGE('',*,*,#2354,.F.);
#2356=EDGE_LOOP('',(#2353,#2355));
#2357=FACE_BOUND('',#2356,.F.);
#2359=CARTESIAN_POINT('',(-1.6E1,0.E0,-6.293602353766E-1));
#2360=DIRECTION('',(-1.E0,0.E0,0.E0));
#2361=DIRECTION('',(0.E0,0.E0,-1.E0));
#2362=AXIS2_PLACEMENT_3D('',#2359,#2360,#2361);
#2363=CYLINDRICAL_SURFACE('',#2362,3.E0);
#2365=ORIENTED_EDGE('',*,*,#2364,.T.);
#2367=ORIENTED_EDGE('',*,*,#2366,.T.);
#2368=ORIENTED_EDGE('',*,*,#2352,.T.);
#2370=ORIENTED_EDGE('',*,*,#2369,.F.);
#2371=EDGE_LOOP('',(#2365,#2367,#2368,#2370));
#2372=FACE_OUTER_BOUND('',#2371,.F.);
#2374=CARTESIAN_POINT('',(-1.6E1,0.E0,0.E0));
#2375=DIRECTION('',(-1.E0,0.E0,0.E0));
#2376=DIRECTION('',(0.E0,1.E0,0.E0));
#2377=AXIS2_PLACEMENT_3D('',#2374,#2375,#2376);
#2378=PLANE('',#2377);
#2379=ORIENTED_EDGE('',*,*,#2364,.F.);
#2381=ORIENTED_EDGE('',*,*,#2380,.F.);
#2382=EDGE_LOOP('',(#2379,#2381));
#2383=FACE_OUTER_BOUND('',#2382,.F.);
#2385=CARTESIAN_POINT('',(-1.6E1,0.E0,-6.293602353766E-1));
#2386=DIRECTION('',(-1.E0,0.E0,0.E0));
#2387=DIRECTION('',(0.E0,0.E0,-1.E0));
#2388=AXIS2_PLACEMENT_3D('',#2385,#2386,#2387);
#2389=CYLINDRICAL_SURFACE('',#2388,3.E0);
#2390=ORIENTED_EDGE('',*,*,#2380,.T.);
#2391=ORIENTED_EDGE('',*,*,#2369,.T.);
#2392=ORIENTED_EDGE('',*,*,#2354,.T.);
#2393=ORIENTED_EDGE('',*,*,#2366,.F.);
#2394=EDGE_LOOP('',(#2390,#2391,#2392,#2393));
#2395=FACE_OUTER_BOUND('',#2394,.F.);
#2397=CARTESIAN_POINT('',(-1.1E1,0.E0,-6.293602353766E-1));
#2398=DIRECTION('',(-1.E0,0.E0,0.E0));
#2399=DIRECTION('',(0.E0,0.E0,1.E0));
#2400=AXIS2_PLACEMENT_3D('',#2397,#2398,#2399);
#2401=CYLINDRICAL_SURFACE('',#2400,4.E0);
#2402=ORIENTED_EDGE('',*,*,#2348,.T.);
#2403=ORIENTED_EDGE('',*,*,#2337,.T.);
#2404=ORIENTED_EDGE('',*,*,#2322,.T.);
#2405=ORIENTED_EDGE('',*,*,#2334,.F.);
#2406=EDGE_LOOP('',(#2402,#2403,#2404,#2405));
#2407=FACE_OUTER_BOUND('',#2406,.F.);
#2409=CARTESIAN_POINT('',(0.E0,0.E0,-6.293602353766E-1));
#2410=DIRECTION('',(-1.E0,0.E0,0.E0));
#2411=DIRECTION('',(0.E0,1.E0,0.E0));
#2412=AXIS2_PLACEMENT_3D('',#2409,#2410,#2411);
#2413=CYLINDRICAL_SURFACE('',#2412,4.5E0);
#2414=ORIENTED_EDGE('',*,*,#2316,.T.);
#2415=ORIENTED_EDGE('',*,*,#2305,.F.);
#2416=ORIENTED_EDGE('',*,*,#1235,.F.);
#2417=ORIENTED_EDGE('',*,*,#2302,.T.);
#2418=EDGE_LOOP('',(#2414,#2415,#2416,#2417));
#2419=FACE_OUTER_BOUND('',#2418,.F.);
#2421=CLOSED_SHELL('',(#1239,#1254,#1268,#1282,#1296,#1310,#1324,#1338,#1352,
#1366,#1380,#1394,#1408,#1422,#1436,#1450,#1464,#1478,#1492,#1505,#1538,#1553,
#1569,#1585,#1622,#1637,#1651,#1665,#1679,#1693,#1707,#1721,#1735,#1749,#1763,
#1777,#1790,#1815,#1827,#1840,#1858,#1888,#1903,#1917,#1931,#1945,#1959,#1973,
#1987,#2001,#2014,#2035,#2054,#2073,#2092,#2110,#2125,#2142,#2157,#2171,#2185,
#2201,#2216,#2227,#2239,#2256,#2269,#2282,#2294,#2309,#2326,#2341,#2358,#2373,
#2384,#2396,#2408,#2420));
#2422=MANIFOLD_SOLID_BREP('',#2421);
#2425=PLANE_ANGLE_MEASURE_WITH_UNIT(PLANE_ANGLE_MEASURE(1.745329251994E-2),
#2424);
#2426=(CONVERSION_BASED_UNIT('DEGREE',#2425)NAMED_UNIT(*)PLANE_ANGLE_UNIT());
#2428=UNCERTAINTY_MEASURE_WITH_UNIT(LENGTH_MEASURE(7.050716065510E-3),#2423,
'distance_accuracy_value',
'Maximum model space distance between geometric entities at asserted connectivities');
#2430=CARTESIAN_POINT('',(0.E0,0.E0,0.E0));
#2431=DIRECTION('',(0.E0,0.E0,1.E0));
#2432=DIRECTION('',(1.E0,0.E0,0.E0));
#2435=APPLICATION_CONTEXT('automotive_design');
#2436=APPLICATION_PROTOCOL_DEFINITION('international standard',
'automotive_design',2001,#2435);
#2437=PRODUCT_DEFINITION_CONTEXT('part definition',#2435,'design');
#2438=PRODUCT_CONTEXT('',#2435,'mechanical');
#2439=PRODUCT('TULUN','TULUN','NOT SPECIFIED',(#2438));
#2440=PRODUCT_DEFINITION_FORMATION('42','LAST_VERSION',#2439);
#2448=DERIVED_UNIT_ELEMENT(#2447,2.E0);
#2449=DERIVED_UNIT((#2448));
#2450=MEASURE_REPRESENTATION_ITEM('surface area measure',AREA_MEASURE(
2.815228597623E3),#2449);
#2455=DERIVED_UNIT_ELEMENT(#2454,3.E0);
#2456=DERIVED_UNIT((#2455));
#2457=MEASURE_REPRESENTATION_ITEM('volume measure',VOLUME_MEASURE(
5.525941780764E3),#2456);
#2461=CARTESIAN_POINT('centre point',(1.587778267396E1,-1.080838914395E-1,
-8.791316851365E-1));
#2466=DERIVED_UNIT_ELEMENT(#2465,2.E0);
#2467=DERIVED_UNIT((#2466));
#2468=MEASURE_REPRESENTATION_ITEM('surface area measure',AREA_MEASURE(
2.815228597623E3),#2467);
#2473=DERIVED_UNIT_ELEMENT(#2472,3.E0);
#2474=DERIVED_UNIT((#2473));
#2475=MEASURE_REPRESENTATION_ITEM('volume measure',VOLUME_MEASURE(
5.525941780764E3),#2474);
#2479=CARTESIAN_POINT('centre point',(1.587778267396E1,-1.080838914395E-1,
-8.791316851365E-1));
#1=DRAUGHTING_PRE_DEFINED_COLOUR('green');
#2=DRAUGHTING_PRE_DEFINED_COLOUR('green');
#3=DRAUGHTING_PRE_DEFINED_COLOUR('green');
#4=COLOUR_RGB('',1.1E-2,1.2E-2,1.E0);
#5=COLOUR_RGB('',1.1E-2,1.2E-2,1.E0);
#6=COLOUR_RGB('',4.1E-1,2.61589E-1,1.12848E-1);
#7=COLOUR_RGB('',5.04854E-1,1.5455E-2,1.5455E-2);
#8=COLOUR_RGB('',6.35294E-1,6.86275E-1,7.4902E-1);
#9=COLOUR_RGB('',6.40777E-1,6.40777E-1,6.40777E-1);
#10=COLOUR_RGB('',6.66667E-1,6.66667E-1,6.66667E-1);
#11=COLOUR_RGB('',6.69062E-1,6.69903E-1,6.55217E-1);
#12=COLOUR_RGB('',7.45098E-1,3.92157E-1,2.94118E-1);
#13=COLOUR_RGB('',8.03922E-1,5.88235E-1,1.96078E-1);
#14=COLOUR_RGB('',9.21569E-1,7.05882E-1,4.70588E-1);
#15=DRAUGHTING_PRE_DEFINED_COLOUR('red');
#16=DRAUGHTING_PRE_DEFINED_COLOUR('red');
#17=DRAUGHTING_PRE_DEFINED_COLOUR('red');
#18=DRAUGHTING_PRE_DEFINED_COLOUR('red');
#19=DRAUGHTING_PRE_DEFINED_COLOUR('red');
#20=DRAUGHTING_PRE_DEFINED_COLOUR('red');
#21=DRAUGHTING_PRE_DEFINED_COLOUR('red');
#22=DRAUGHTING_PRE_DEFINED_COLOUR('yellow');
#23=DRAUGHTING_PRE_DEFINED_COLOUR('yellow');
#24=COLOUR_RGB('',1.E0,1.E0,5.3E-1);
#25=COLOUR_RGB('',1.E0,1.E0,9.49E-1);
#26=COLOUR_RGB('',1.E0,1.E0,9.49E-1);
#27=DRAUGHTING_PRE_DEFINED_COLOUR('white');
#32=CIRCLE('',#31,2.409289010371E0);
#37=CIRCLE('',#36,7.474283843342E0);
#42=CIRCLE('',#41,7.474283843342E0);
#47=CIRCLE('',#46,2.417598362172E0);
#52=CIRCLE('',#51,2.414633658924E0);
#57=CIRCLE('',#56,7.474283843342E0);
#66=CIRCLE('',#65,7.474283843342E0);
#71=CIRCLE('',#70,2.414633658924E0);
#76=CIRCLE('',#75,2.417598362172E0);
#81=CIRCLE('',#80,7.474283843342E0);
#86=CIRCLE('',#85,7.474283843342E0);
#91=CIRCLE('',#90,2.409289010371E0);
#96=CIRCLE('',#95,2.409289010371E0);
#101=CIRCLE('',#100,7.474283843342E0);
#110=CIRCLE('',#109,7.474283843342E0);
#115=CIRCLE('',#114,2.409289010371E0);
#124=CIRCLE('',#123,4.5E0);
#129=CIRCLE('',#128,4.5E0);
#210=CIRCLE('',#209,2.409289010371E0);
#219=CIRCLE('',#218,2.409289010371E0);
#224=CIRCLE('',#223,7.474283843342E0);
#233=CIRCLE('',#232,7.474283843342E0);
#238=CIRCLE('',#237,2.409289010371E0);
#243=CIRCLE('',#242,2.409289010371E0);
#248=CIRCLE('',#247,7.474283843342E0);
#253=CIRCLE('',#252,7.474283843342E0);
#258=CIRCLE('',#257,2.417598362172E0);
#263=CIRCLE('',#262,2.414633658924E0);
#268=CIRCLE('',#267,7.474283843342E0);
#277=CIRCLE('',#276,7.474283843342E0);
#282=CIRCLE('',#281,2.414633658924E0);
#287=CIRCLE('',#286,2.417598362172E0);
#292=CIRCLE('',#291,7.474283843342E0);
#297=CIRCLE('',#296,7.474283843342E0);
#302=CIRCLE('',#301,5.E0);
#307=CIRCLE('',#306,5.E0);
#312=CIRCLE('',#311,5.E0);
#321=CIRCLE('',#320,5.E0);
#326=CIRCLE('',#325,5.E0);
#335=CIRCLE('',#334,5.E0);
#340=CIRCLE('',#339,5.E0);
#349=CIRCLE('',#348,2.65E0);
#354=CIRCLE('',#353,8.756193140025E0);
#359=CIRCLE('',#358,2.65E0);
#364=CIRCLE('',#363,8.285280516678E0);
#369=CIRCLE('',#368,5.779810702225E0);
#374=CIRCLE('',#373,8.285280516678E0);
#379=CIRCLE('',#378,2.65E0);
#384=CIRCLE('',#383,8.756193140025E0);
#389=CIRCLE('',#388,2.65E0);
#394=CIRCLE('',#393,8.285280516678E0);
#399=CIRCLE('',#398,5.779810702225E0);
#404=CIRCLE('',#403,8.285280516678E0);
#457=CIRCLE('',#456,2.65E0);
#462=CIRCLE('',#461,8.285280516678E0);
#467=CIRCLE('',#466,5.779810702225E0);
#472=CIRCLE('',#471,8.285280516678E0);
#477=CIRCLE('',#476,2.65E0);
#482=CIRCLE('',#481,8.756193140025E0);
#487=CIRCLE('',#486,2.65E0);
#492=CIRCLE('',#491,8.285280516678E0);
#497=CIRCLE('',#496,5.779810702225E0);
#502=CIRCLE('',#501,8.285280516678E0);
#507=CIRCLE('',#506,2.65E0);
#512=CIRCLE('',#511,8.756193140025E0);
#517=CIRCLE('',#516,5.E0);
#526=CIRCLE('',#525,5.E0);
#531=CIRCLE('',#530,5.E0);
#540=CIRCLE('',#539,5.E0);
#545=CIRCLE('',#544,5.E0);
#554=CIRCLE('',#553,5.E0);
#559=CIRCLE('',#558,5.E0);
#564=CIRCLE('',#563,2.632037223545E0);
#569=CIRCLE('',#568,8.763758021771E0);
#574=CIRCLE('',#573,8.789760102064E0);
#579=CIRCLE('',#578,2.632037223545E0);
#584=CIRCLE('',#583,1.053927838210E1);
#589=CIRCLE('',#588,1.459871721639E0);
#594=CIRCLE('',#593,1.225743173666E1);
#599=CIRCLE('',#598,5.817003816509E0);
#604=CIRCLE('',#603,1.053927838210E1);
#645=CIRCLE('',#644,2.632037223545E0);
#650=CIRCLE('',#649,1.053927838210E1);
#655=CIRCLE('',#654,5.817003816509E0);
#660=CIRCLE('',#659,1.225743173666E1);
#665=CIRCLE('',#664,1.459871721639E0);
#670=CIRCLE('',#669,1.053927838210E1);
#675=CIRCLE('',#674,2.632037223545E0);
#680=CIRCLE('',#679,8.789760102064E0);
#685=CIRCLE('',#684,8.763758021771E0);
#698=CIRCLE('',#697,4.E0);
#703=CIRCLE('',#702,4.E0);
#736=CIRCLE('',#735,4.E0);
#741=CIRCLE('',#740,4.E0);
#762=CIRCLE('',#761,4.E0);
#771=CIRCLE('',#770,4.E0);
#780=CIRCLE('',#779,3.E0);
#785=CIRCLE('',#784,3.E0);
#790=CIRCLE('',#789,3.6E0);
#795=CIRCLE('',#794,3.6E0);
#804=CIRCLE('',#803,3.E0);
#809=CIRCLE('',#808,3.E0);
#858=CIRCLE('',#857,4.5E0);
#867=CIRCLE('',#866,4.E0);
#872=CIRCLE('',#871,4.E0);
#881=CIRCLE('',#880,3.E0);
#886=CIRCLE('',#885,3.E0);
#891=CIRCLE('',#890,4.E0);
#896=CIRCLE('',#895,4.E0);
#905=CIRCLE('',#904,3.E0);
#910=CIRCLE('',#909,3.E0);
#923=CIRCLE('',#922,4.5E0);
#1193=EDGE_CURVE('',#930,#931,#32,.T.);
#1195=EDGE_CURVE('',#931,#933,#37,.T.);
#1197=EDGE_CURVE('',#933,#935,#42,.T.);
#1199=EDGE_CURVE('',#935,#937,#47,.T.);
#1201=EDGE_CURVE('',#937,#939,#52,.T.);
#1203=EDGE_CURVE('',#939,#941,#57,.T.);
#1205=EDGE_CURVE('',#941,#943,#61,.T.);
#1207=EDGE_CURVE('',#943,#945,#66,.T.);
#1209=EDGE_CURVE('',#945,#947,#71,.T.);
#1211=EDGE_CURVE('',#947,#949,#76,.T.);
#1213=EDGE_CURVE('',#949,#951,#81,.T.);
#1215=EDGE_CURVE('',#951,#953,#86,.T.);
#1217=EDGE_CURVE('',#953,#955,#91,.T.);
#1219=EDGE_CURVE('',#955,#957,#96,.T.);
#1221=EDGE_CURVE('',#957,#959,#101,.T.);
#1223=EDGE_CURVE('',#959,#961,#105,.T.);
#1225=EDGE_CURVE('',#961,#963,#110,.T.);
#1227=EDGE_CURVE('',#963,#965,#115,.T.);
#1229=EDGE_CURVE('',#965,#930,#119,.T.);
#1233=EDGE_CURVE('',#1010,#1011,#124,.T.);
#1235=EDGE_CURVE('',#1011,#1010,#129,.T.);
#1239=ADVANCED_FACE('',(#1232,#1238),#1192,.F.);
#1246=EDGE_CURVE('',#930,#968,#133,.T.);
#1248=EDGE_CURVE('',#968,#969,#210,.T.);
#1250=EDGE_CURVE('',#931,#969,#205,.T.);
#1254=ADVANCED_FACE('',(#1253),#1244,.T.);
#1261=EDGE_CURVE('',#965,#1003,#137,.T.);
#1263=EDGE_CURVE('',#1003,#968,#214,.T.);
#1268=ADVANCED_FACE('',(#1267),#1259,.T.);
#1275=EDGE_CURVE('',#963,#1001,#141,.T.);
#1277=EDGE_CURVE('',#1001,#1003,#219,.T.);
#1282=ADVANCED_FACE('',(#1281),#1273,.T.);
#1289=EDGE_CURVE('',#961,#999,#145,.T.);
#1291=EDGE_CURVE('',#999,#1001,#224,.T.);
#1296=ADVANCED_FACE('',(#1295),#1287,.F.);
#1303=EDGE_CURVE('',#959,#997,#149,.T.);
#1305=EDGE_CURVE('',#997,#999,#228,.T.);
#1310=ADVANCED_FACE('',(#1309),#1301,.T.);
#1317=EDGE_CURVE('',#957,#995,#153,.T.);
#1319=EDGE_CURVE('',#995,#997,#233,.T.);
#1324=ADVANCED_FACE('',(#1323),#1315,.F.);
#1331=EDGE_CURVE('',#955,#993,#157,.T.);
#1333=EDGE_CURVE('',#993,#995,#238,.T.);
#1338=ADVANCED_FACE('',(#1337),#1329,.T.);
#1345=EDGE_CURVE('',#953,#991,#161,.T.);
#1347=EDGE_CURVE('',#991,#993,#243,.T.);
#1352=ADVANCED_FACE('',(#1351),#1343,.T.);
#1359=EDGE_CURVE('',#951,#989,#165,.T.);
#1361=EDGE_CURVE('',#989,#991,#248,.T.);
#1366=ADVANCED_FACE('',(#1365),#1357,.F.);
#1373=EDGE_CURVE('',#949,#987,#169,.T.);
#1375=EDGE_CURVE('',#987,#989,#253,.T.);
#1380=ADVANCED_FACE('',(#1379),#1371,.F.);
#1387=EDGE_CURVE('',#947,#985,#173,.T.);
#1389=EDGE_CURVE('',#985,#987,#258,.T.);
#1394=ADVANCED_FACE('',(#1393),#1385,.T.);
#1401=EDGE_CURVE('',#945,#983,#177,.T.);
#1403=EDGE_CURVE('',#983,#985,#263,.T.);
#1408=ADVANCED_FACE('',(#1407),#1399,.T.);
#1415=EDGE_CURVE('',#943,#981,#181,.T.);
#1417=EDGE_CURVE('',#981,#983,#268,.T.);
#1422=ADVANCED_FACE('',(#1421),#1413,.F.);
#1429=EDGE_CURVE('',#941,#979,#185,.T.);
#1431=EDGE_CURVE('',#979,#981,#272,.T.);
#1436=ADVANCED_FACE('',(#1435),#1427,.T.);
#1443=EDGE_CURVE('',#939,#977,#189,.T.);
#1445=EDGE_CURVE('',#977,#979,#277,.T.);
#1450=ADVANCED_FACE('',(#1449),#1441,.F.);
#1457=EDGE_CURVE('',#937,#975,#193,.T.);
#1459=EDGE_CURVE('',#975,#977,#282,.T.);
#1464=ADVANCED_FACE('',(#1463),#1455,.T.);
#1471=EDGE_CURVE('',#935,#973,#197,.T.);
#1473=EDGE_CURVE('',#973,#975,#287,.T.);
#1478=ADVANCED_FACE('',(#1477),#1469,.T.);
#1485=EDGE_CURVE('',#933,#971,#201,.T.);
#1487=EDGE_CURVE('',#971,#973,#292,.T.);
#1492=ADVANCED_FACE('',(#1491),#1483,.F.);
#1500=EDGE_CURVE('',#969,#971,#297,.T.);
#1505=ADVANCED_FACE('',(#1504),#1497,.F.);
#1532=EDGE_CURVE('',#1006,#1007,#302,.T.);
#1534=EDGE_CURVE('',#1007,#1006,#307,.T.);
#1538=ADVANCED_FACE('',(#1531,#1537),#1510,.T.);
#1544=EDGE_CURVE('',#1014,#1015,#312,.T.);
#1546=EDGE_CURVE('',#1007,#1015,#521,.T.);
#1549=EDGE_CURVE('',#1006,#1014,#316,.T.);
#1553=ADVANCED_FACE('',(#1552),#1543,.T.);
#1559=EDGE_CURVE('',#1046,#1047,#321,.T.);
#1561=EDGE_CURVE('',#1019,#1047,#535,.T.);
#1563=EDGE_CURVE('',#1018,#1019,#326,.T.);
#1565=EDGE_CURVE('',#1018,#1046,#330,.T.);
#1569=ADVANCED_FACE('',(#1568),#1558,.T.);
#1575=EDGE_CURVE('',#1054,#1055,#335,.T.);
#1577=EDGE_CURVE('',#1051,#1055,#549,.T.);
#1579=EDGE_CURVE('',#1050,#1051,#340,.T.);
#1581=EDGE_CURVE('',#1050,#1054,#344,.T.);
#1585=ADVANCED_FACE('',(#1584),#1574,.T.);
#1591=EDGE_CURVE('',#1142,#1143,#349,.T.);
#1593=EDGE_CURVE('',#1143,#1145,#354,.T.);
#1595=EDGE_CURVE('',#1145,#1147,#359,.T.);
#1597=EDGE_CURVE('',#1147,#1149,#364,.T.);
#1599=EDGE_CURVE('',#1149,#1151,#369,.T.);
#1601=EDGE_CURVE('',#1151,#1153,#374,.T.);
#1603=EDGE_CURVE('',#1153,#1155,#379,.T.);
#1605=EDGE_CURVE('',#1155,#1157,#384,.T.);
#1607=EDGE_CURVE('',#1157,#1159,#389,.T.);
#1609=EDGE_CURVE('',#1159,#1161,#394,.T.);
#1611=EDGE_CURVE('',#1161,#1163,#399,.T.);
#1613=EDGE_CURVE('',#1163,#1142,#404,.T.);
#1618=EDGE_CURVE('',#1015,#1014,#517,.T.);
#1622=ADVANCED_FACE('',(#1616,#1621),#1590,.F.);
#1629=EDGE_CURVE('',#1142,#1166,#408,.T.);
#1631=EDGE_CURVE('',#1166,#1167,#457,.T.);
#1633=EDGE_CURVE('',#1143,#1167,#452,.T.);
#1637=ADVANCED_FACE('',(#1636),#1627,.T.);
#1644=EDGE_CURVE('',#1163,#1187,#412,.T.);
#1646=EDGE_CURVE('',#1187,#1166,#462,.T.);
#1651=ADVANCED_FACE('',(#1650),#1642,.F.);
#1658=EDGE_CURVE('',#1161,#1185,#416,.T.);
#1660=EDGE_CURVE('',#1185,#1187,#467,.T.);
#1665=ADVANCED_FACE('',(#1664),#1656,.T.);
#1672=EDGE_CURVE('',#1159,#1183,#420,.T.);
#1674=EDGE_CURVE('',#1183,#1185,#472,.T.);
#1679=ADVANCED_FACE('',(#1678),#1670,.F.);
#1686=EDGE_CURVE('',#1157,#1181,#424,.T.);
#1688=EDGE_CURVE('',#1181,#1183,#477,.T.);
#1693=ADVANCED_FACE('',(#1692),#1684,.T.);
#1700=EDGE_CURVE('',#1155,#1179,#428,.T.);
#1702=EDGE_CURVE('',#1179,#1181,#482,.T.);
#1707=ADVANCED_FACE('',(#1706),#1698,.T.);
#1714=EDGE_CURVE('',#1153,#1177,#432,.T.);
#1716=EDGE_CURVE('',#1177,#1179,#487,.T.);
#1721=ADVANCED_FACE('',(#1720),#1712,.T.);
#1728=EDGE_CURVE('',#1151,#1175,#436,.T.);
#1730=EDGE_CURVE('',#1175,#1177,#492,.T.);
#1735=ADVANCED_FACE('',(#1734),#1726,.F.);
#1742=EDGE_CURVE('',#1149,#1173,#440,.T.);
#1744=EDGE_CURVE('',#1173,#1175,#497,.T.);
#1749=ADVANCED_FACE('',(#1748),#1740,.T.);
#1756=EDGE_CURVE('',#1147,#1171,#444,.T.);
#1758=EDGE_CURVE('',#1171,#1173,#502,.T.);
#1763=ADVANCED_FACE('',(#1762),#1754,.F.);
#1770=EDGE_CURVE('',#1145,#1169,#448,.T.);
#1772=EDGE_CURVE('',#1169,#1171,#507,.T.);
#1777=ADVANCED_FACE('',(#1776),#1768,.T.);
#1785=EDGE_CURVE('',#1167,#1169,#512,.T.);
#1790=ADVANCED_FACE('',(#1789),#1782,.T.);
#1811=EDGE_CURVE('',#1019,#1018,#531,.T.);
#1815=ADVANCED_FACE('',(#1809,#1814),#1795,.T.);
#1827=ADVANCED_FACE('',(#1826),#1820,.T.);
#1833=EDGE_CURVE('',#1047,#1046,#526,.T.);
#1840=ADVANCED_FACE('',(#1839),#1832,.T.);
#1846=EDGE_CURVE('',#1075,#1054,#540,.T.);
#1849=EDGE_CURVE('',#1051,#1050,#545,.T.);
#1852=EDGE_CURVE('',#1055,#1074,#554,.T.);
#1854=EDGE_CURVE('',#1074,#1075,#559,.T.);
#1858=ADVANCED_FACE('',(#1857),#1845,.T.);
#1864=EDGE_CURVE('',#1022,#1023,#564,.T.);
#1866=EDGE_CURVE('',#1023,#1025,#569,.T.);
#1868=EDGE_CURVE('',#1025,#1109,#574,.T.);
#1870=EDGE_CURVE('',#1109,#1111,#579,.T.);
#1872=EDGE_CURVE('',#1111,#1113,#584,.T.);
#1874=EDGE_CURVE('',#1113,#1028,#589,.T.);
#1876=EDGE_CURVE('',#1028,#1029,#594,.T.);
#1878=EDGE_CURVE('',#1029,#1031,#599,.T.);
#1880=EDGE_CURVE('',#1031,#1022,#604,.T.);
#1888=ADVANCED_FACE('',(#1883,#1887),#1863,.F.);
#1895=EDGE_CURVE('',#1022,#1034,#608,.T.);
#1897=EDGE_CURVE('',#1034,#1035,#645,.T.);
#1899=EDGE_CURVE('',#1023,#1035,#640,.T.);
#1903=ADVANCED_FACE('',(#1902),#1893,.T.);
#1910=EDGE_CURVE('',#1031,#1043,#612,.T.);
#1912=EDGE_CURVE('',#1043,#1034,#650,.T.);
#1917=ADVANCED_FACE('',(#1916),#1908,.F.);
#1924=EDGE_CURVE('',#1029,#1041,#616,.T.);
#1926=EDGE_CURVE('',#1041,#1043,#655,.T.);
#1931=ADVANCED_FACE('',(#1930),#1922,.T.);
#1938=EDGE_CURVE('',#1028,#1040,#620,.T.);
#1940=EDGE_CURVE('',#1040,#1041,#660,.T.);
#1945=ADVANCED_FACE('',(#1944),#1936,.F.);
#1952=EDGE_CURVE('',#1113,#1119,#624,.T.);
#1954=EDGE_CURVE('',#1119,#1040,#665,.T.);
#1959=ADVANCED_FACE('',(#1958),#1950,.F.);
#1966=EDGE_CURVE('',#1111,#1117,#628,.T.);
#1968=EDGE_CURVE('',#1117,#1119,#670,.T.);
#1973=ADVANCED_FACE('',(#1972),#1964,.F.);
#1980=EDGE_CURVE('',#1109,#1115,#632,.T.);
#1982=EDGE_CURVE('',#1115,#1117,#675,.T.);
#1987=ADVANCED_FACE('',(#1986),#1978,.T.);
#1994=EDGE_CURVE('',#1025,#1037,#636,.T.);
#1996=EDGE_CURVE('',#1037,#1115,#680,.T.);
#2001=ADVANCED_FACE('',(#2000),#1992,.T.);
#2009=EDGE_CURVE('',#1035,#1037,#685,.T.);
#2014=ADVANCED_FACE('',(#2013),#2006,.T.);
#2035=ADVANCED_FACE('',(#2030,#2034),#2019,.T.);
#2041=EDGE_CURVE('',#1074,#1077,#689,.T.);
#2046=EDGE_CURVE('',#1075,#1079,#693,.T.);
#2048=EDGE_CURVE('',#1079,#1085,#698,.T.);
#2050=EDGE_CURVE('',#1085,#1077,#703,.T.);
#2054=ADVANCED_FACE('',(#2053),#2040,.F.);
#2060=EDGE_CURVE('',#1137,#1139,#707,.T.);
#2062=EDGE_CURVE('',#1137,#1093,#711,.T.);
#2064=EDGE_CURVE('',#1074,#1093,#825,.T.);
#2067=EDGE_CURVE('',#1081,#1077,#745,.T.);
#2069=EDGE_CURVE('',#1081,#1139,#727,.T.);
#2073=ADVANCED_FACE('',(#2072),#2059,.T.);
#2079=EDGE_CURVE('',#1130,#1131,#715,.T.);
#2081=EDGE_CURVE('',#1131,#1133,#837,.T.);
#2083=EDGE_CURVE('',#1135,#1133,#841,.T.);
#2085=EDGE_CURVE('',#1135,#1137,#853,.T.);
#2088=EDGE_CURVE('',#1139,#1130,#723,.T.);
#2092=ADVANCED_FACE('',(#2091),#2078,.T.);
#2099=EDGE_CURVE('',#1130,#1083,#731,.T.);
#2101=EDGE_CURVE('',#1083,#1079,#766,.T.);
#2104=EDGE_CURVE('',#1088,#1075,#821,.T.);
#2106=EDGE_CURVE('',#1131,#1088,#719,.T.);
#2110=ADVANCED_FACE('',(#2109),#2097,.T.);
#2118=EDGE_CURVE('',#1095,#1081,#741,.T.);
#2120=EDGE_CURVE('',#1083,#1095,#771,.T.);
#2125=ADVANCED_FACE('',(#2124),#2115,.T.);
#2131=EDGE_CURVE('',#1122,#1123,#736,.T.);
#2133=EDGE_CURVE('',#1095,#1122,#775,.T.);
#2138=EDGE_CURVE('',#1085,#1123,#749,.T.);
#2142=ADVANCED_FACE('',(#2141),#2130,.T.);
#2149=EDGE_CURVE('',#1123,#1127,#757,.T.);
#2151=EDGE_CURVE('',#1126,#1127,#790,.T.);
#2153=EDGE_CURVE('',#1122,#1126,#753,.T.);
#2157=ADVANCED_FACE('',(#2156),#2147,.T.);
#2163=EDGE_CURVE('',#1123,#1122,#762,.T.);
#2166=EDGE_CURVE('',#1127,#1126,#795,.T.);
#2171=ADVANCED_FACE('',(#2170),#2162,.T.);
#2185=ADVANCED_FACE('',(#2184),#2176,.T.);
#2195=EDGE_CURVE('',#1058,#1059,#780,.T.);
#2197=EDGE_CURVE('',#1059,#1058,#785,.T.);
#2201=ADVANCED_FACE('',(#2194,#2200),#2190,.T.);
#2207=EDGE_CURVE('',#1062,#1063,#804,.T.);
#2209=EDGE_CURVE('',#1063,#1059,#799,.T.);
#2212=EDGE_CURVE('',#1062,#1058,#813,.T.);
#2216=ADVANCED_FACE('',(#2215),#2206,.T.);
#2223=EDGE_CURVE('',#1063,#1062,#809,.T.);
#2227=ADVANCED_FACE('',(#2226),#2221,.T.);
#2239=ADVANCED_FACE('',(#2238),#2232,.T.);
#2245=EDGE_CURVE('',#1088,#1089,#817,.T.);
#2250=EDGE_CURVE('',#1092,#1093,#829,.T.);
#2252=EDGE_CURVE('',#1092,#1089,#833,.T.);
#2256=ADVANCED_FACE('',(#2255),#2244,.F.);
#2265=EDGE_CURVE('',#1133,#1089,#845,.T.);
#2269=ADVANCED_FACE('',(#2268),#2261,.T.);
#2278=EDGE_CURVE('',#1135,#1092,#849,.T.);
#2282=ADVANCED_FACE('',(#2281),#2274,.T.);
#2294=ADVANCED_FACE('',(#2293),#2287,.T.);
#2300=EDGE_CURVE('',#1102,#1103,#858,.T.);
#2302=EDGE_CURVE('',#1011,#1103,#927,.T.);
#2305=EDGE_CURVE('',#1010,#1102,#862,.T.);
#2309=ADVANCED_FACE('',(#2308),#2299,.T.);
#2316=EDGE_CURVE('',#1103,#1102,#923,.T.);
#2320=EDGE_CURVE('',#1098,#1099,#867,.T.);
#2322=EDGE_CURVE('',#1099,#1098,#872,.T.);
#2326=ADVANCED_FACE('',(#2319,#2325),#2314,.T.);
#2332=EDGE_CURVE('',#1106,#1107,#891,.T.);
#2334=EDGE_CURVE('',#1107,#1098,#876,.T.);
#2337=EDGE_CURVE('',#1106,#1099,#918,.T.);
#2341=ADVANCED_FACE('',(#2340),#2331,.T.);
#2348=EDGE_CURVE('',#1107,#1106,#896,.T.);
#2352=EDGE_CURVE('',#1066,#1067,#881,.T.);
#2354=EDGE_CURVE('',#1067,#1066,#886,.T.);
#2358=ADVANCED_FACE('',(#2351,#2357),#2346,.T.);
#2364=EDGE_CURVE('',#1070,#1071,#905,.T.);
#2366=EDGE_CURVE('',#1071,#1066,#900,.T.);
#2369=EDGE_CURVE('',#1070,#1067,#914,.T.);
#2373=ADVANCED_FACE('',(#2372),#2363,.T.);
#2380=EDGE_CURVE('',#1071,#1070,#910,.T.);
#2384=ADVANCED_FACE('',(#2383),#2378,.T.);
#2396=ADVANCED_FACE('',(#2395),#2389,.T.);
#2408=ADVANCED_FACE('',(#2407),#2401,.T.);
#2420=ADVANCED_FACE('',(#2419),#2413,.T.);
#2423=(LENGTH_UNIT()NAMED_UNIT(*)SI_UNIT(.MILLI.,.METRE.));
#2424=(NAMED_UNIT(*)PLANE_ANGLE_UNIT()SI_UNIT($,.RADIAN.));
#2427=(NAMED_UNIT(*)SI_UNIT($,.STERADIAN.)SOLID_ANGLE_UNIT());
#2429=(GEOMETRIC_REPRESENTATION_CONTEXT(3)GLOBAL_UNCERTAINTY_ASSIGNED_CONTEXT((
#2428))GLOBAL_UNIT_ASSIGNED_CONTEXT((#2423,#2426,#2427))REPRESENTATION_CONTEXT(
'ID1','external'));
#2433=AXIS2_PLACEMENT_3D('',#2430,#2431,#2432);
#2434=ADVANCED_BREP_SHAPE_REPRESENTATION('',(#2433,#2422),#2429);
#2441=PRODUCT_DEFINITION('part definition','',#2440,#2437);
#2442=PRODUCT_DEFINITION_SHAPE('','SHAPE FOR TULUN.',#2441);
#2443=SHAPE_ASPECT('','solid data associated with TULUN',#2442,.F.);
#2444=PROPERTY_DEFINITION('',
'shape for solid data with which properties are associated',#2443);
#2445=SHAPE_REPRESENTATION('',(#2422),#2429);
#2446=SHAPE_DEFINITION_REPRESENTATION(#2444,#2445);
#2447=(LENGTH_UNIT()NAMED_UNIT(*)SI_UNIT(.MILLI.,.METRE.));
#2451=PROPERTY_DEFINITION('geometric validation property','area of TULUN',
#2443);
#2452=REPRESENTATION('surface area',(#2450),#2429);
#2453=PROPERTY_DEFINITION_REPRESENTATION(#2451,#2452);
#2454=(LENGTH_UNIT()NAMED_UNIT(*)SI_UNIT(.MILLI.,.METRE.));
#2458=PROPERTY_DEFINITION('geometric validation property','volume of TULUN',
#2443);
#2459=REPRESENTATION('volume',(#2457),#2429);
#2460=PROPERTY_DEFINITION_REPRESENTATION(#2458,#2459);
#2462=PROPERTY_DEFINITION('geometric validation property','centroid of TULUN',
#2443);
#2463=REPRESENTATION('centroid',(#2461),#2429);
#2464=PROPERTY_DEFINITION_REPRESENTATION(#2462,#2463);
#2465=(LENGTH_UNIT()NAMED_UNIT(*)SI_UNIT(.MILLI.,.METRE.));
#2469=PROPERTY_DEFINITION('geometric validation property','area of TULUN',
#2442);
#2470=REPRESENTATION('surface area',(#2468),#2429);
#2471=PROPERTY_DEFINITION_REPRESENTATION(#2469,#2470);
#2472=(LENGTH_UNIT()NAMED_UNIT(*)SI_UNIT(.MILLI.,.METRE.));
#2476=PROPERTY_DEFINITION('geometric validation property','volume of TULUN',
#2442);
#2477=REPRESENTATION('volume',(#2475),#2429);
#2478=PROPERTY_DEFINITION_REPRESENTATION(#2476,#2477);
#2480=PROPERTY_DEFINITION('geometric validation property','centroid of TULUN',
#2442);
#2481=REPRESENTATION('centroid',(#2479),#2429);
#2482=PROPERTY_DEFINITION_REPRESENTATION(#2480,#2481);
#2483=SHAPE_DEFINITION_REPRESENTATION(#2442,#2434);
#2484=PRODUCT_RELATED_PRODUCT_CATEGORY('part','',(#2439));
ENDSEC;
END-ISO-10303-21;
