ISO-10303-21;
HEADER;
FILE_DESCRIPTION((''),'2;1');
FILE_NAME('TUOBAN_YUAN','2026-08-09T09:56:41',('gram2'),(''),
'CREO PARAMETRIC BY PTC INC, 2016510','CREO PARAMETRIC BY PTC INC, 2016510','');
FILE_SCHEMA(('AUTOMOTIVE_DESIGN { 1 0 10303 214 1 1 1 1 }'));
ENDSEC;
DATA;
#29=CARTESIAN_POINT('',(-3.226797048358E1,0.E0,1.11E2));
#30=DIRECTION('',(0.E0,0.E0,-1.E0));
#31=DIRECTION('',(-1.E0,0.E0,0.E0));
#32=AXIS2_PLACEMENT_3D('',#29,#30,#31);
#34=DRAUGHTING_PRE_DEFINED_CURVE_FONT('continuous');
#35=CURVE_STYLE('',#34,POSITIVE_LENGTH_MEASURE(2.E-2),#8);
#36=PRESENTATION_STYLE_ASSIGNMENT((#35));
#37=STYLED_ITEM('',(#36),#33);
#38=CARTESIAN_POINT('',(-3.226797048358E1,0.E0,1.11E2));
#39=DIRECTION('',(0.E0,0.E0,-1.E0));
#40=DIRECTION('',(1.E0,0.E0,0.E0));
#41=AXIS2_PLACEMENT_3D('',#38,#39,#40);
#43=CURVE_STYLE('',#34,POSITIVE_LENGTH_MEASURE(2.E-2),#8);
#44=PRESENTATION_STYLE_ASSIGNMENT((#43));
#45=STYLED_ITEM('',(#44),#42);
#46=CARTESIAN_POINT('',(3.226797048358E1,0.E0,1.11E2));
#47=DIRECTION('',(0.E0,0.E0,-1.E0));
#48=DIRECTION('',(1.E0,0.E0,0.E0));
#49=AXIS2_PLACEMENT_3D('',#46,#47,#48);
#51=CURVE_STYLE('',#34,POSITIVE_LENGTH_MEASURE(2.E-2),#8);
#52=PRESENTATION_STYLE_ASSIGNMENT((#51));
#53=STYLED_ITEM('',(#52),#50);
#54=CARTESIAN_POINT('',(3.226797048358E1,0.E0,1.11E2));
#55=DIRECTION('',(0.E0,0.E0,-1.E0));
#56=DIRECTION('',(-1.E0,0.E0,0.E0));
#57=AXIS2_PLACEMENT_3D('',#54,#55,#56);
#59=CURVE_STYLE('',#34,POSITIVE_LENGTH_MEASURE(2.E-2),#8);
#60=PRESENTATION_STYLE_ASSIGNMENT((#59));
#61=STYLED_ITEM('',(#60),#58);
#62=CARTESIAN_POINT('',(-1.2E1,0.E0,1.11E2));
#63=DIRECTION('',(0.E0,0.E0,-1.E0));
#64=DIRECTION('',(-1.E0,0.E0,0.E0));
#65=AXIS2_PLACEMENT_3D('',#62,#63,#64);
#67=CURVE_STYLE('',#34,POSITIVE_LENGTH_MEASURE(2.E-2),#8);
#68=PRESENTATION_STYLE_ASSIGNMENT((#67));
#69=STYLED_ITEM('',(#68),#66);
#70=CARTESIAN_POINT('',(-1.2E1,0.E0,1.11E2));
#71=DIRECTION('',(0.E0,0.E0,-1.E0));
#72=DIRECTION('',(1.E0,0.E0,0.E0));
#73=AXIS2_PLACEMENT_3D('',#70,#71,#72);
#75=CURVE_STYLE('',#34,POSITIVE_LENGTH_MEASURE(2.E-2),#8);
#76=PRESENTATION_STYLE_ASSIGNMENT((#75));
#77=STYLED_ITEM('',(#76),#74);
#78=CARTESIAN_POINT('',(0.E0,0.E0,1.11E2));
#79=DIRECTION('',(0.E0,0.E0,-1.E0));
#80=DIRECTION('',(-1.E0,0.E0,0.E0));
#81=AXIS2_PLACEMENT_3D('',#78,#79,#80);
#83=CURVE_STYLE('',#34,POSITIVE_LENGTH_MEASURE(2.E-2),#8);
#84=PRESENTATION_STYLE_ASSIGNMENT((#83));
#85=STYLED_ITEM('',(#84),#82);
#86=CARTESIAN_POINT('',(0.E0,0.E0,1.11E2));
#87=DIRECTION('',(0.E0,0.E0,-1.E0));
#88=DIRECTION('',(1.E0,0.E0,0.E0));
#89=AXIS2_PLACEMENT_3D('',#86,#87,#88);
#91=CURVE_STYLE('',#34,POSITIVE_LENGTH_MEASURE(2.E-2),#8);
#92=PRESENTATION_STYLE_ASSIGNMENT((#91));
#93=STYLED_ITEM('',(#92),#90);
#94=CARTESIAN_POINT('',(1.2E1,0.E0,1.11E2));
#95=DIRECTION('',(0.E0,0.E0,-1.E0));
#96=DIRECTION('',(-1.E0,0.E0,0.E0));
#97=AXIS2_PLACEMENT_3D('',#94,#95,#96);
#99=CURVE_STYLE('',#34,POSITIVE_LENGTH_MEASURE(2.E-2),#8);
#100=PRESENTATION_STYLE_ASSIGNMENT((#99));
#101=STYLED_ITEM('',(#100),#98);
#102=CARTESIAN_POINT('',(1.2E1,0.E0,1.11E2));
#103=DIRECTION('',(0.E0,0.E0,-1.E0));
#104=DIRECTION('',(1.E0,0.E0,0.E0));
#105=AXIS2_PLACEMENT_3D('',#102,#103,#104);
#107=CURVE_STYLE('',#34,POSITIVE_LENGTH_MEASURE(2.E-2),#8);
#108=PRESENTATION_STYLE_ASSIGNMENT((#107));
#109=STYLED_ITEM('',(#108),#106);
#110=DIRECTION('',(-1.E0,0.E0,0.E0));
#111=VECTOR('',#110,3.505E0);
#112=CARTESIAN_POINT('',(9.950636103758E0,2.8965E1,1.11E2));
#113=LINE('',#112,#111);
#114=CURVE_STYLE('',#34,POSITIVE_LENGTH_MEASURE(2.E-2),#8);
#115=PRESENTATION_STYLE_ASSIGNMENT((#114));
#116=STYLED_ITEM('',(#115),#113);
#117=DIRECTION('',(-1.E0,0.E0,0.E0));
#118=VECTOR('',#117,2.404936389624E1);
#119=CARTESIAN_POINT('',(3.4E1,9.965E0,1.11E2));
#120=LINE('',#119,#118);
#121=CURVE_STYLE('',#34,POSITIVE_LENGTH_MEASURE(2.E-2),#8);
#122=PRESENTATION_STYLE_ASSIGNMENT((#121));
#123=STYLED_ITEM('',(#122),#120);
#124=CARTESIAN_POINT('',(3.4E1,3.965E0,1.11E2));
#125=DIRECTION('',(0.E0,0.E0,1.E0));
#126=DIRECTION('',(1.E0,0.E0,0.E0));
#127=AXIS2_PLACEMENT_3D('',#124,#125,#126);
#129=CURVE_STYLE('',#34,POSITIVE_LENGTH_MEASURE(2.E-2),#8);
#130=PRESENTATION_STYLE_ASSIGNMENT((#129));
#131=STYLED_ITEM('',(#130),#128);
#132=DIRECTION('',(0.E0,1.E0,0.E0));
#133=VECTOR('',#132,6.22E0);
#134=CARTESIAN_POINT('',(4.E1,-2.255E0,1.11E2));
#135=LINE('',#134,#133);
#136=CURVE_STYLE('',#34,POSITIVE_LENGTH_MEASURE(2.E-2),#8);
#137=PRESENTATION_STYLE_ASSIGNMENT((#136));
#138=STYLED_ITEM('',(#137),#135);
#139=CARTESIAN_POINT('',(3.4E1,-2.255E0,1.11E2));
#140=DIRECTION('',(0.E0,0.E0,1.E0));
#141=DIRECTION('',(0.E0,-1.E0,0.E0));
#142=AXIS2_PLACEMENT_3D('',#139,#140,#141);
#144=CURVE_STYLE('',#34,POSITIVE_LENGTH_MEASURE(2.E-2),#8);
#145=PRESENTATION_STYLE_ASSIGNMENT((#144));
#146=STYLED_ITEM('',(#145),#143);
#147=CARTESIAN_POINT('',(-3.4E1,-2.255E0,1.11E2));
#148=DIRECTION('',(0.E0,0.E0,1.E0));
#149=DIRECTION('',(-1.E0,0.E0,0.E0));
#150=AXIS2_PLACEMENT_3D('',#147,#148,#149);
#152=CURVE_STYLE('',#34,POSITIVE_LENGTH_MEASURE(2.E-2),#8);
#153=PRESENTATION_STYLE_ASSIGNMENT((#152));
#154=STYLED_ITEM('',(#153),#151);
#155=DIRECTION('',(0.E0,-1.E0,0.E0));
#156=VECTOR('',#155,6.22E0);
#157=CARTESIAN_POINT('',(-4.E1,3.965E0,1.11E2));
#158=LINE('',#157,#156);
#159=CURVE_STYLE('',#34,POSITIVE_LENGTH_MEASURE(2.E-2),#8);
#160=PRESENTATION_STYLE_ASSIGNMENT((#159));
#161=STYLED_ITEM('',(#160),#158);
#162=CARTESIAN_POINT('',(-3.4E1,3.965E0,1.11E2));
#163=DIRECTION('',(0.E0,0.E0,1.E0));
#164=DIRECTION('',(0.E0,1.E0,0.E0));
#165=AXIS2_PLACEMENT_3D('',#162,#163,#164);
#167=CURVE_STYLE('',#34,POSITIVE_LENGTH_MEASURE(2.E-2),#8);
#168=PRESENTATION_STYLE_ASSIGNMENT((#167));
#169=STYLED_ITEM('',(#168),#166);
#170=DIRECTION('',(0.E0,-1.E0,0.E0));
#171=VECTOR('',#170,1.9E1);
#172=CARTESIAN_POINT('',(6.445636103758E0,2.8965E1,1.11E2));
#173=LINE('',#172,#171);
#174=CURVE_STYLE('',#34,POSITIVE_LENGTH_MEASURE(2.E-2),#8);
#175=PRESENTATION_STYLE_ASSIGNMENT((#174));
#176=STYLED_ITEM('',(#175),#173);
#177=CARTESIAN_POINT('',(-3.851797048358E1,-1.038135089499E-9,1.1E2));
#178=DIRECTION('',(-1.661016671428E-10,1.E0,0.E0));
#179=DIRECTION('',(1.173802388621E-9,0.E0,1.E0));
#180=AXIS2_PLACEMENT_3D('',#177,#178,#179);
#182=CURVE_STYLE('',#34,POSITIVE_LENGTH_MEASURE(2.E-2),#8);
#183=PRESENTATION_STYLE_ASSIGNMENT((#182));
#184=STYLED_ITEM('',(#183),#181);
#185=CARTESIAN_POINT('',(-2.601797048358E1,1.038134955283E-9,1.1E2));
#186=DIRECTION('',(1.661015422427E-10,-1.E0,0.E0));
#187=DIRECTION('',(-1.173781072339E-9,0.E0,1.E0));
#188=AXIS2_PLACEMENT_3D('',#185,#186,#187);
#190=CURVE_STYLE('',#34,POSITIVE_LENGTH_MEASURE(2.E-2),#8);
#191=PRESENTATION_STYLE_ASSIGNMENT((#190));
#192=STYLED_ITEM('',(#191),#189);
#193=CARTESIAN_POINT('',(-3.226797048358E1,0.E0,9.2E1));
#194=DIRECTION('',(0.E0,0.E0,1.E0));
#195=DIRECTION('',(-1.E0,0.E0,0.E0));
#196=AXIS2_PLACEMENT_3D('',#193,#194,#195);
#198=CURVE_STYLE('',#34,POSITIVE_LENGTH_MEASURE(2.E-2),#8);
#199=PRESENTATION_STYLE_ASSIGNMENT((#198));
#200=STYLED_ITEM('',(#199),#197);
#201=DIRECTION('',(0.E0,4.336434760660E-13,-1.E0));
#202=VECTOR('',#201,1.8E1);
#203=CARTESIAN_POINT('',(-2.701797048358E1,8.248002894261E-10,1.1E2));
#204=LINE('',#203,#202);
#205=CURVE_STYLE('',#34,POSITIVE_LENGTH_MEASURE(2.E-2),#8);
#206=PRESENTATION_STYLE_ASSIGNMENT((#205));
#207=STYLED_ITEM('',(#206),#204);
#208=CARTESIAN_POINT('',(-3.226797048358E1,0.E0,1.1E2));
#209=DIRECTION('',(0.E0,0.E0,-1.E0));
#210=DIRECTION('',(1.E0,0.E0,0.E0));
#211=AXIS2_PLACEMENT_3D('',#208,#209,#210);
#213=CURVE_STYLE('',#34,POSITIVE_LENGTH_MEASURE(2.E-2),#8);
#214=PRESENTATION_STYLE_ASSIGNMENT((#213));
#215=STYLED_ITEM('',(#214),#212);
#216=CARTESIAN_POINT('',(-3.851797048358E1,6.547994808084E-10,9.2E1));
#217=DIRECTION('',(-1.047678679922E-10,-1.E0,0.E0));
#218=DIRECTION('',(4.788205387740E-10,0.E0,-1.E0));
#219=AXIS2_PLACEMENT_3D('',#216,#217,#218);
#221=CURVE_STYLE('',#34,POSITIVE_LENGTH_MEASURE(2.E-2),#8);
#222=PRESENTATION_STYLE_ASSIGNMENT((#221));
#223=STYLED_ITEM('',(#222),#220);
#224=CARTESIAN_POINT('',(-3.4E1,3.965E0,9.1E1));
#225=DIRECTION('',(0.E0,0.E0,-1.E0));
#226=DIRECTION('',(-1.E0,0.E0,0.E0));
#227=AXIS2_PLACEMENT_3D('',#224,#225,#226);
#229=CURVE_STYLE('',#34,POSITIVE_LENGTH_MEASURE(2.E-2),#8);
#230=PRESENTATION_STYLE_ASSIGNMENT((#229));
#231=STYLED_ITEM('',(#230),#228);
#232=DIRECTION('',(0.E0,-1.E0,0.E0));
#233=VECTOR('',#232,6.22E0);
#234=CARTESIAN_POINT('',(-4.E1,3.965E0,9.1E1));
#235=LINE('',#234,#233);
#236=CURVE_STYLE('',#34,POSITIVE_LENGTH_MEASURE(2.E-2),#8);
#237=PRESENTATION_STYLE_ASSIGNMENT((#236));
#238=STYLED_ITEM('',(#237),#235);
#239=CARTESIAN_POINT('',(-3.4E1,-2.255E0,9.1E1));
#240=DIRECTION('',(0.E0,0.E0,-1.E0));
#241=DIRECTION('',(0.E0,-1.E0,0.E0));
#242=AXIS2_PLACEMENT_3D('',#239,#240,#241);
#244=CURVE_STYLE('',#34,POSITIVE_LENGTH_MEASURE(2.E-2),#8);
#245=PRESENTATION_STYLE_ASSIGNMENT((#244));
#246=STYLED_ITEM('',(#245),#243);
#247=DIRECTION('',(1.E0,0.E0,0.E0));
#248=VECTOR('',#247,9.E0);
#249=CARTESIAN_POINT('',(-3.4E1,-8.255E0,9.1E1));
#250=LINE('',#249,#248);
#251=CURVE_STYLE('',#34,POSITIVE_LENGTH_MEASURE(2.E-2),#8);
#252=PRESENTATION_STYLE_ASSIGNMENT((#251));
#253=STYLED_ITEM('',(#252),#250);
#254=CARTESIAN_POINT('',(3.4E1,-2.255E0,9.1E1));
#255=DIRECTION('',(0.E0,0.E0,-1.E0));
#256=DIRECTION('',(1.E0,0.E0,0.E0));
#257=AXIS2_PLACEMENT_3D('',#254,#255,#256);
#259=CURVE_STYLE('',#34,POSITIVE_LENGTH_MEASURE(2.E-2),#8);
#260=PRESENTATION_STYLE_ASSIGNMENT((#259));
#261=STYLED_ITEM('',(#260),#258);
#262=DIRECTION('',(0.E0,1.E0,0.E0));
#263=VECTOR('',#262,6.22E0);
#264=CARTESIAN_POINT('',(4.E1,-2.255E0,9.1E1));
#265=LINE('',#264,#263);
#266=CURVE_STYLE('',#34,POSITIVE_LENGTH_MEASURE(2.E-2),#8);
#267=PRESENTATION_STYLE_ASSIGNMENT((#266));
#268=STYLED_ITEM('',(#267),#265);
#269=CARTESIAN_POINT('',(3.4E1,3.965E0,9.1E1));
#270=DIRECTION('',(0.E0,0.E0,-1.E0));
#271=DIRECTION('',(0.E0,1.E0,0.E0));
#272=AXIS2_PLACEMENT_3D('',#269,#270,#271);
#274=CURVE_STYLE('',#34,POSITIVE_LENGTH_MEASURE(2.E-2),#8);
#275=PRESENTATION_STYLE_ASSIGNMENT((#274));
#276=STYLED_ITEM('',(#275),#273);
#277=DIRECTION('',(-1.E0,0.E0,0.E0));
#278=VECTOR('',#277,9.E0);
#279=CARTESIAN_POINT('',(3.4E1,9.965E0,9.1E1));
#280=LINE('',#279,#278);
#281=CURVE_STYLE('',#34,POSITIVE_LENGTH_MEASURE(2.E-2),#8);
#282=PRESENTATION_STYLE_ASSIGNMENT((#281));
#283=STYLED_ITEM('',(#282),#280);
#284=DIRECTION('',(1.E0,0.E0,0.E0));
#285=VECTOR('',#284,9.E0);
#286=CARTESIAN_POINT('',(2.5E1,-8.255E0,9.1E1));
#287=LINE('',#286,#285);
#288=CURVE_STYLE('',#34,POSITIVE_LENGTH_MEASURE(2.E-2),#8);
#289=PRESENTATION_STYLE_ASSIGNMENT((#288));
#290=STYLED_ITEM('',(#289),#287);
#291=CARTESIAN_POINT('',(3.226797048358E1,0.E0,9.1E1));
#292=DIRECTION('',(0.E0,0.E0,1.E0));
#293=DIRECTION('',(1.E0,0.E0,0.E0));
#294=AXIS2_PLACEMENT_3D('',#291,#292,#293);
#296=CURVE_STYLE('',#34,POSITIVE_LENGTH_MEASURE(2.E-2),#8);
#297=PRESENTATION_STYLE_ASSIGNMENT((#296));
#298=STYLED_ITEM('',(#297),#295);
#299=CARTESIAN_POINT('',(3.226797048358E1,0.E0,9.1E1));
#300=DIRECTION('',(0.E0,0.E0,1.E0));
#301=DIRECTION('',(-1.E0,0.E0,0.E0));
#302=AXIS2_PLACEMENT_3D('',#299,#300,#301);
#304=CURVE_STYLE('',#34,POSITIVE_LENGTH_MEASURE(2.E-2),#8);
#305=PRESENTATION_STYLE_ASSIGNMENT((#304));
#306=STYLED_ITEM('',(#305),#303);
#307=CARTESIAN_POINT('',(-3.226797048358E1,0.E0,9.1E1));
#308=DIRECTION('',(0.E0,0.E0,1.E0));
#309=DIRECTION('',(1.E0,0.E0,0.E0));
#310=AXIS2_PLACEMENT_3D('',#307,#308,#309);
#312=CURVE_STYLE('',#34,POSITIVE_LENGTH_MEASURE(2.E-2),#8);
#313=PRESENTATION_STYLE_ASSIGNMENT((#312));
#314=STYLED_ITEM('',(#313),#311);
#315=CARTESIAN_POINT('',(-3.226797048358E1,0.E0,9.1E1));
#316=DIRECTION('',(0.E0,0.E0,1.E0));
#317=DIRECTION('',(-1.E0,0.E0,0.E0));
#318=AXIS2_PLACEMENT_3D('',#315,#316,#317);
#320=CURVE_STYLE('',#34,POSITIVE_LENGTH_MEASURE(2.E-2),#8);
#321=PRESENTATION_STYLE_ASSIGNMENT((#320));
#322=STYLED_ITEM('',(#321),#319);
#323=DIRECTION('',(0.E0,0.E0,1.E0));
#324=VECTOR('',#323,2.E1);
#325=CARTESIAN_POINT('',(-4.E1,3.965E0,9.1E1));
#326=LINE('',#325,#324);
#327=CURVE_STYLE('',#34,POSITIVE_LENGTH_MEASURE(2.E-2),#8);
#328=PRESENTATION_STYLE_ASSIGNMENT((#327));
#329=STYLED_ITEM('',(#328),#326);
#330=DIRECTION('',(0.E0,0.E0,-1.E0));
#331=VECTOR('',#330,2.E1);
#332=CARTESIAN_POINT('',(-4.E1,-2.255E0,1.11E2));
#333=LINE('',#332,#331);
#334=CURVE_STYLE('',#34,POSITIVE_LENGTH_MEASURE(2.E-2),#8);
#335=PRESENTATION_STYLE_ASSIGNMENT((#334));
#336=STYLED_ITEM('',(#335),#333);
#337=DIRECTION('',(-1.E0,0.E0,0.E0));
#338=VECTOR('',#337,3.759870309323E1);
#339=CARTESIAN_POINT('',(1.879935154661E1,-8.255E0,1.01E2));
#340=LINE('',#339,#338);
#341=CURVE_STYLE('',#34,POSITIVE_LENGTH_MEASURE(2.E-2),#8);
#342=PRESENTATION_STYLE_ASSIGNMENT((#341));
#343=STYLED_ITEM('',(#342),#340);
#344=DIRECTION('',(0.E0,0.E0,-1.E0));
#345=VECTOR('',#344,4.896032020226E1);
#346=CARTESIAN_POINT('',(-1.879935154661E1,-8.255E0,1.01E2));
#347=LINE('',#346,#345);
#348=CURVE_STYLE('',#34,POSITIVE_LENGTH_MEASURE(2.E-2),#8);
#349=PRESENTATION_STYLE_ASSIGNMENT((#348));
#350=STYLED_ITEM('',(#349),#347);
#351=DIRECTION('',(1.E0,0.E0,0.E0));
#352=VECTOR('',#351,3.759870309323E1);
#353=CARTESIAN_POINT('',(-1.879935154661E1,-8.255E0,5.203967979774E1));
#354=LINE('',#353,#352);
#355=CURVE_STYLE('',#34,POSITIVE_LENGTH_MEASURE(2.E-2),#8);
#356=PRESENTATION_STYLE_ASSIGNMENT((#355));
#357=STYLED_ITEM('',(#356),#354);
#358=DIRECTION('',(0.E0,0.E0,1.E0));
#359=VECTOR('',#358,4.896032020226E1);
#360=CARTESIAN_POINT('',(1.879935154661E1,-8.255E0,5.203967979774E1));
#361=LINE('',#360,#359);
#362=CURVE_STYLE('',#34,POSITIVE_LENGTH_MEASURE(2.E-2),#8);
#363=PRESENTATION_STYLE_ASSIGNMENT((#362));
#364=STYLED_ITEM('',(#363),#361);
#365=CARTESIAN_POINT('',(-1.228042166525E1,-8.255E0,1.118728346963E1));
#366=DIRECTION('',(0.E0,-1.E0,0.E0));
#367=DIRECTION('',(-1.E0,0.E0,0.E0));
#368=AXIS2_PLACEMENT_3D('',#365,#366,#367);
#370=CURVE_STYLE('',#34,POSITIVE_LENGTH_MEASURE(2.E-2),#8);
#371=PRESENTATION_STYLE_ASSIGNMENT((#370));
#372=STYLED_ITEM('',(#371),#369);
#373=CARTESIAN_POINT('',(-1.228042166525E1,-8.255E0,1.118728346963E1));
#374=DIRECTION('',(0.E0,-1.E0,0.E0));
#375=DIRECTION('',(1.E0,0.E0,0.E0));
#376=AXIS2_PLACEMENT_3D('',#373,#374,#375);
#378=CURVE_STYLE('',#34,POSITIVE_LENGTH_MEASURE(2.E-2),#8);
#379=PRESENTATION_STYLE_ASSIGNMENT((#378));
#380=STYLED_ITEM('',(#379),#377);
#381=CARTESIAN_POINT('',(1.228042166525E1,-8.255E0,1.118728346963E1));
#382=DIRECTION('',(0.E0,-1.E0,0.E0));
#383=DIRECTION('',(-1.E0,0.E0,0.E0));
#384=AXIS2_PLACEMENT_3D('',#381,#382,#383);
#386=CURVE_STYLE('',#34,POSITIVE_LENGTH_MEASURE(2.E-2),#8);
#387=PRESENTATION_STYLE_ASSIGNMENT((#386));
#388=STYLED_ITEM('',(#387),#385);
#389=CARTESIAN_POINT('',(1.228042166525E1,-8.255E0,1.118728346963E1));
#390=DIRECTION('',(0.E0,-1.E0,0.E0));
#391=DIRECTION('',(1.E0,0.E0,0.E0));
#392=AXIS2_PLACEMENT_3D('',#389,#390,#391);
#394=CURVE_STYLE('',#34,POSITIVE_LENGTH_MEASURE(2.E-2),#8);
#395=PRESENTATION_STYLE_ASSIGNMENT((#394));
#396=STYLED_ITEM('',(#395),#393);
#397=CARTESIAN_POINT('',(1.228042166525E1,-8.255E0,-6.734288485834E0));
#398=DIRECTION('',(0.E0,-1.E0,0.E0));
#399=DIRECTION('',(-1.E0,0.E0,0.E0));
#400=AXIS2_PLACEMENT_3D('',#397,#398,#399);
#402=CURVE_STYLE('',#34,POSITIVE_LENGTH_MEASURE(2.E-2),#8);
#403=PRESENTATION_STYLE_ASSIGNMENT((#402));
#404=STYLED_ITEM('',(#403),#401);
#405=CARTESIAN_POINT('',(1.228042166525E1,-8.255E0,-6.734288485834E0));
#406=DIRECTION('',(0.E0,-1.E0,0.E0));
#407=DIRECTION('',(1.E0,0.E0,0.E0));
#408=AXIS2_PLACEMENT_3D('',#405,#406,#407);
#410=CURVE_STYLE('',#34,POSITIVE_LENGTH_MEASURE(2.E-2),#8);
#411=PRESENTATION_STYLE_ASSIGNMENT((#410));
#412=STYLED_ITEM('',(#411),#409);
#413=CARTESIAN_POINT('',(-1.228042166525E1,-8.255E0,-6.734288485834E0));
#414=DIRECTION('',(0.E0,-1.E0,0.E0));
#415=DIRECTION('',(-1.E0,0.E0,0.E0));
#416=AXIS2_PLACEMENT_3D('',#413,#414,#415);
#418=CURVE_STYLE('',#34,POSITIVE_LENGTH_MEASURE(2.E-2),#8);
#419=PRESENTATION_STYLE_ASSIGNMENT((#418));
#420=STYLED_ITEM('',(#419),#417);
#421=CARTESIAN_POINT('',(-1.228042166525E1,-8.255E0,-6.734288485834E0));
#422=DIRECTION('',(0.E0,-1.E0,0.E0));
#423=DIRECTION('',(1.E0,0.E0,0.E0));
#424=AXIS2_PLACEMENT_3D('',#421,#422,#423);
#426=CURVE_STYLE('',#34,POSITIVE_LENGTH_MEASURE(2.E-2),#8);
#427=PRESENTATION_STYLE_ASSIGNMENT((#426));
#428=STYLED_ITEM('',(#427),#425);
#429=DIRECTION('',(-1.E0,0.E0,0.E0));
#430=VECTOR('',#429,3.759870309323E1);
#431=CARTESIAN_POINT('',(1.879935154661E1,-8.255E0,1.5E1));
#432=LINE('',#431,#430);
#433=CURVE_STYLE('',#34,POSITIVE_LENGTH_MEASURE(2.E-2),#8);
#434=PRESENTATION_STYLE_ASSIGNMENT((#433));
#435=STYLED_ITEM('',(#434),#432);
#436=DIRECTION('',(0.E0,0.E0,-1.E0));
#437=VECTOR('',#436,3.E1);
#438=CARTESIAN_POINT('',(-3.4E1,-8.255E0,5.5E1));
#439=LINE('',#438,#437);
#440=CURVE_STYLE('',#34,POSITIVE_LENGTH_MEASURE(2.E-2),#8);
#441=PRESENTATION_STYLE_ASSIGNMENT((#440));
#442=STYLED_ITEM('',(#441),#439);
#443=DIRECTION('',(0.E0,0.E0,1.E0));
#444=VECTOR('',#443,3.6E1);
#445=CARTESIAN_POINT('',(-2.5E1,-8.255E0,5.5E1));
#446=LINE('',#445,#444);
#447=CURVE_STYLE('',#34,POSITIVE_LENGTH_MEASURE(2.E-2),#8);
#448=PRESENTATION_STYLE_ASSIGNMENT((#447));
#449=STYLED_ITEM('',(#448),#446);
#450=DIRECTION('',(0.E0,0.E0,-1.E0));
#451=VECTOR('',#450,2.E1);
#452=CARTESIAN_POINT('',(-3.4E1,-8.255E0,1.11E2));
#453=LINE('',#452,#451);
#454=CURVE_STYLE('',#34,POSITIVE_LENGTH_MEASURE(2.E-2),#8);
#455=PRESENTATION_STYLE_ASSIGNMENT((#454));
#456=STYLED_ITEM('',(#455),#453);
#457=DIRECTION('',(1.E0,0.E0,0.E0));
#458=VECTOR('',#457,6.8E1);
#459=CARTESIAN_POINT('',(-3.4E1,-8.255E0,1.11E2));
#460=LINE('',#459,#458);
#461=CURVE_STYLE('',#34,POSITIVE_LENGTH_MEASURE(2.E-2),#8);
#462=PRESENTATION_STYLE_ASSIGNMENT((#461));
#463=STYLED_ITEM('',(#462),#460);
#464=DIRECTION('',(0.E0,0.E0,-1.E0));
#465=VECTOR('',#464,2.E1);
#466=CARTESIAN_POINT('',(3.4E1,-8.255E0,1.11E2));
#467=LINE('',#466,#465);
#468=CURVE_STYLE('',#34,POSITIVE_LENGTH_MEASURE(2.E-2),#8);
#469=PRESENTATION_STYLE_ASSIGNMENT((#468));
#470=STYLED_ITEM('',(#469),#467);
#471=DIRECTION('',(0.E0,0.E0,-1.E0));
#472=VECTOR('',#471,3.E1);
#473=CARTESIAN_POINT('',(3.4E1,-8.255E0,5.5E1));
#474=LINE('',#473,#472);
#475=CURVE_STYLE('',#34,POSITIVE_LENGTH_MEASURE(2.E-2),#8);
#476=PRESENTATION_STYLE_ASSIGNMENT((#475));
#477=STYLED_ITEM('',(#476),#474);
#478=DIRECTION('',(0.E0,0.E0,-1.E0));
#479=VECTOR('',#478,1.E1);
#480=CARTESIAN_POINT('',(1.879935154661E1,-8.255E0,2.5E1));
#481=LINE('',#480,#479);
#482=CURVE_STYLE('',#34,POSITIVE_LENGTH_MEASURE(2.E-2),#8);
#483=PRESENTATION_STYLE_ASSIGNMENT((#482));
#484=STYLED_ITEM('',(#483),#481);
#485=DIRECTION('',(0.E0,-1.E0,0.E0));
#486=VECTOR('',#485,3.22E0);
#487=CARTESIAN_POINT('',(-1.681937966348E1,9.965E0,1.01E2));
#488=LINE('',#487,#486);
#489=CURVE_STYLE('',#34,POSITIVE_LENGTH_MEASURE(2.E-2),#8);
#490=PRESENTATION_STYLE_ASSIGNMENT((#489));
#491=STYLED_ITEM('',(#490),#488);
#492=DIRECTION('',(0.E0,1.E0,0.E0));
#493=VECTOR('',#492,1.5E1);
#494=CARTESIAN_POINT('',(1.879935154661E1,-8.255E0,1.01E2));
#495=LINE('',#494,#493);
#496=CURVE_STYLE('',#34,POSITIVE_LENGTH_MEASURE(2.E-2),#8);
#497=PRESENTATION_STYLE_ASSIGNMENT((#496));
#498=STYLED_ITEM('',(#497),#495);
#499=CARTESIAN_POINT('',(1.2E1,0.E0,1.01E2));
#500=DIRECTION('',(0.E0,0.E0,-1.E0));
#501=DIRECTION('',(-1.E0,0.E0,0.E0));
#502=AXIS2_PLACEMENT_3D('',#499,#500,#501);
#504=CURVE_STYLE('',#34,POSITIVE_LENGTH_MEASURE(2.E-2),#8);
#505=PRESENTATION_STYLE_ASSIGNMENT((#504));
#506=STYLED_ITEM('',(#505),#503);
#507=CARTESIAN_POINT('',(1.2E1,0.E0,1.01E2));
#508=DIRECTION('',(0.E0,0.E0,-1.E0));
#509=DIRECTION('',(1.E0,0.E0,0.E0));
#510=AXIS2_PLACEMENT_3D('',#507,#508,#509);
#512=CURVE_STYLE('',#34,POSITIVE_LENGTH_MEASURE(2.E-2),#8);
#513=PRESENTATION_STYLE_ASSIGNMENT((#512));
#514=STYLED_ITEM('',(#513),#511);
#515=CARTESIAN_POINT('',(0.E0,0.E0,1.01E2));
#516=DIRECTION('',(0.E0,0.E0,-1.E0));
#517=DIRECTION('',(1.E0,0.E0,0.E0));
#518=AXIS2_PLACEMENT_3D('',#515,#516,#517);
#520=CURVE_STYLE('',#34,POSITIVE_LENGTH_MEASURE(2.E-2),#8);
#521=PRESENTATION_STYLE_ASSIGNMENT((#520));
#522=STYLED_ITEM('',(#521),#519);
#523=CARTESIAN_POINT('',(0.E0,0.E0,1.01E2));
#524=DIRECTION('',(0.E0,0.E0,-1.E0));
#525=DIRECTION('',(-1.E0,0.E0,0.E0));
#526=AXIS2_PLACEMENT_3D('',#523,#524,#525);
#528=CURVE_STYLE('',#34,POSITIVE_LENGTH_MEASURE(2.E-2),#8);
#529=PRESENTATION_STYLE_ASSIGNMENT((#528));
#530=STYLED_ITEM('',(#529),#527);
#531=CARTESIAN_POINT('',(-1.2E1,0.E0,1.01E2));
#532=DIRECTION('',(0.E0,0.E0,-1.E0));
#533=DIRECTION('',(1.E0,0.E0,0.E0));
#534=AXIS2_PLACEMENT_3D('',#531,#532,#533);
#536=CURVE_STYLE('',#34,POSITIVE_LENGTH_MEASURE(2.E-2),#8);
#537=PRESENTATION_STYLE_ASSIGNMENT((#536));
#538=STYLED_ITEM('',(#537),#535);
#539=CARTESIAN_POINT('',(-1.2E1,0.E0,1.01E2));
#540=DIRECTION('',(0.E0,0.E0,-1.E0));
#541=DIRECTION('',(-1.E0,0.E0,0.E0));
#542=AXIS2_PLACEMENT_3D('',#539,#540,#541);
#544=CURVE_STYLE('',#34,POSITIVE_LENGTH_MEASURE(2.E-2),#8);
#545=PRESENTATION_STYLE_ASSIGNMENT((#544));
#546=STYLED_ITEM('',(#545),#543);
#547=DIRECTION('',(-1.E0,0.E0,0.E0));
#548=VECTOR('',#547,2.212719771536E1);
#549=CARTESIAN_POINT('',(5.307818051879E0,6.745E0,6.25E1));
#550=LINE('',#549,#548);
#551=CURVE_STYLE('',#34,POSITIVE_LENGTH_MEASURE(2.E-2),#8);
#552=PRESENTATION_STYLE_ASSIGNMENT((#551));
#553=STYLED_ITEM('',(#552),#550);
#554=DIRECTION('',(0.E0,0.E0,-1.E0));
#555=VECTOR('',#554,3.85E1);
#556=CARTESIAN_POINT('',(5.307818051879E0,6.745E0,1.01E2));
#557=LINE('',#556,#555);
#558=CURVE_STYLE('',#34,POSITIVE_LENGTH_MEASURE(2.E-2),#8);
#559=PRESENTATION_STYLE_ASSIGNMENT((#558));
#560=STYLED_ITEM('',(#559),#557);
#561=DIRECTION('',(-1.E0,0.E0,0.E0));
#562=VECTOR('',#561,1.349153349474E1);
#563=CARTESIAN_POINT('',(1.879935154661E1,6.745E0,1.01E2));
#564=LINE('',#563,#562);
#565=CURVE_STYLE('',#34,POSITIVE_LENGTH_MEASURE(2.E-2),#8);
#566=PRESENTATION_STYLE_ASSIGNMENT((#565));
#567=STYLED_ITEM('',(#566),#564);
#568=DIRECTION('',(0.E0,0.E0,1.E0));
#569=VECTOR('',#568,4.896032020226E1);
#570=CARTESIAN_POINT('',(1.879935154661E1,6.745E0,5.203967979774E1));
#571=LINE('',#570,#569);
#572=CURVE_STYLE('',#34,POSITIVE_LENGTH_MEASURE(2.E-2),#8);
#573=PRESENTATION_STYLE_ASSIGNMENT((#572));
#574=STYLED_ITEM('',(#573),#571);
#575=DIRECTION('',(1.E0,0.E0,0.E0));
#576=VECTOR('',#575,3.759870309323E1);
#577=CARTESIAN_POINT('',(-1.879935154661E1,6.745E0,5.203967979774E1));
#578=LINE('',#577,#576);
#579=CURVE_STYLE('',#34,POSITIVE_LENGTH_MEASURE(2.E-2),#8);
#580=PRESENTATION_STYLE_ASSIGNMENT((#579));
#581=STYLED_ITEM('',(#580),#578);
#582=DIRECTION('',(0.E0,0.E0,-1.E0));
#583=VECTOR('',#582,4.896032020226E1);
#584=CARTESIAN_POINT('',(-1.879935154661E1,6.745E0,1.01E2));
#585=LINE('',#584,#583);
#586=CURVE_STYLE('',#34,POSITIVE_LENGTH_MEASURE(2.E-2),#8);
#587=PRESENTATION_STYLE_ASSIGNMENT((#586));
#588=STYLED_ITEM('',(#587),#585);
#589=DIRECTION('',(-1.E0,0.E0,0.E0));
#590=VECTOR('',#589,1.979971883136E0);
#591=CARTESIAN_POINT('',(-1.681937966348E1,6.745E0,1.01E2));
#592=LINE('',#591,#590);
#593=CURVE_STYLE('',#34,POSITIVE_LENGTH_MEASURE(2.E-2),#8);
#594=PRESENTATION_STYLE_ASSIGNMENT((#593));
#595=STYLED_ITEM('',(#594),#592);
#596=DIRECTION('',(0.E0,0.E0,-1.E0));
#597=VECTOR('',#596,3.85E1);
#598=CARTESIAN_POINT('',(-1.681937966348E1,6.745E0,1.01E2));
#599=LINE('',#598,#597);
#600=CURVE_STYLE('',#34,POSITIVE_LENGTH_MEASURE(2.E-2),#8);
#601=PRESENTATION_STYLE_ASSIGNMENT((#600));
#602=STYLED_ITEM('',(#601),#599);
#603=DIRECTION('',(0.E0,1.E0,0.E0));
#604=VECTOR('',#603,5.E0);
#605=CARTESIAN_POINT('',(-2.090968983174E1,9.965E0,6.25E1));
#606=LINE('',#605,#604);
#607=CURVE_STYLE('',#34,POSITIVE_LENGTH_MEASURE(2.E-2),#8);
#608=PRESENTATION_STYLE_ASSIGNMENT((#607));
#609=STYLED_ITEM('',(#608),#606);
#610=DIRECTION('',(0.E0,-1.E0,0.E0));
#611=VECTOR('',#610,5.E0);
#612=CARTESIAN_POINT('',(-1.244768648013E1,1.4965E1,6.25E1));
#613=LINE('',#612,#611);
#614=CURVE_STYLE('',#34,POSITIVE_LENGTH_MEASURE(2.E-2),#8);
#615=PRESENTATION_STYLE_ASSIGNMENT((#614));
#616=STYLED_ITEM('',(#615),#613);
#617=DIRECTION('',(1.E0,0.E0,0.E0));
#618=VECTOR('',#617,1.106371482677E1);
#619=CARTESIAN_POINT('',(-1.244768648013E1,9.965E0,6.25E1));
#620=LINE('',#619,#618);
#621=CURVE_STYLE('',#34,POSITIVE_LENGTH_MEASURE(2.E-2),#8);
#622=PRESENTATION_STYLE_ASSIGNMENT((#621));
#623=STYLED_ITEM('',(#622),#620);
#624=DIRECTION('',(0.E0,1.E0,0.E0));
#625=VECTOR('',#624,5.E0);
#626=CARTESIAN_POINT('',(-1.383971653354E0,9.965E0,6.25E1));
#627=LINE('',#626,#625);
#628=CURVE_STYLE('',#34,POSITIVE_LENGTH_MEASURE(2.E-2),#8);
#629=PRESENTATION_STYLE_ASSIGNMENT((#628));
#630=STYLED_ITEM('',(#629),#627);
#631=DIRECTION('',(0.E0,-1.E0,0.E0));
#632=VECTOR('',#631,1.4E1);
#633=CARTESIAN_POINT('',(2.25E0,2.8965E1,6.25E1));
#634=LINE('',#633,#632);
#635=CURVE_STYLE('',#34,POSITIVE_LENGTH_MEASURE(2.E-2),#8);
#636=PRESENTATION_STYLE_ASSIGNMENT((#635));
#637=STYLED_ITEM('',(#636),#634);
#638=CARTESIAN_POINT('',(3.25E0,2.8965E1,6.25E1));
#639=DIRECTION('',(0.E0,0.E0,1.E0));
#640=DIRECTION('',(0.E0,1.E0,0.E0));
#641=AXIS2_PLACEMENT_3D('',#638,#639,#640);
#643=CURVE_STYLE('',#34,POSITIVE_LENGTH_MEASURE(2.E-2),#8);
#644=PRESENTATION_STYLE_ASSIGNMENT((#643));
#645=STYLED_ITEM('',(#644),#642);
#646=DIRECTION('',(1.E0,0.E0,0.E0));
#647=VECTOR('',#646,6.700636103758E0);
#648=CARTESIAN_POINT('',(3.25E0,2.9965E1,6.25E1));
#649=LINE('',#648,#647);
#650=CURVE_STYLE('',#34,POSITIVE_LENGTH_MEASURE(2.E-2),#8);
#651=PRESENTATION_STYLE_ASSIGNMENT((#650));
#652=STYLED_ITEM('',(#651),#649);
#653=DIRECTION('',(-1.E0,0.E0,0.E0));
#654=VECTOR('',#653,4.642818051879E0);
#655=CARTESIAN_POINT('',(9.950636103758E0,9.965E0,6.25E1));
#656=LINE('',#655,#654);
#657=CURVE_STYLE('',#34,POSITIVE_LENGTH_MEASURE(2.E-2),#8);
#658=PRESENTATION_STYLE_ASSIGNMENT((#657));
#659=STYLED_ITEM('',(#658),#656);
#660=DIRECTION('',(0.E0,-1.E0,0.E0));
#661=VECTOR('',#660,3.22E0);
#662=CARTESIAN_POINT('',(5.307818051879E0,9.965E0,6.25E1));
#663=LINE('',#662,#661);
#664=CURVE_STYLE('',#34,POSITIVE_LENGTH_MEASURE(2.E-2),#8);
#665=PRESENTATION_STYLE_ASSIGNMENT((#664));
#666=STYLED_ITEM('',(#665),#663);
#667=DIRECTION('',(0.E0,0.E0,-1.E0));
#668=VECTOR('',#667,2.E0);
#669=CARTESIAN_POINT('',(-2.090968983174E1,9.965E0,6.25E1));
#670=LINE('',#669,#668);
#671=CURVE_STYLE('',#34,POSITIVE_LENGTH_MEASURE(2.E-2),#8);
#672=PRESENTATION_STYLE_ASSIGNMENT((#671));
#673=STYLED_ITEM('',(#672),#670);
#674=DIRECTION('',(0.E0,0.E0,1.E0));
#675=VECTOR('',#674,1.25E0);
#676=CARTESIAN_POINT('',(-2.25E0,1.4965E1,4.175E1));
#677=LINE('',#676,#675);
#678=CURVE_STYLE('',#34,POSITIVE_LENGTH_MEASURE(2.E-2),#8);
#679=PRESENTATION_STYLE_ASSIGNMENT((#678));
#680=STYLED_ITEM('',(#679),#677);
#681=DIRECTION('',(1.E0,0.E0,0.E0));
#682=VECTOR('',#681,4.5E0);
#683=CARTESIAN_POINT('',(-2.25E0,1.4965E1,4.3E1));
#684=LINE('',#683,#682);
#685=CURVE_STYLE('',#34,POSITIVE_LENGTH_MEASURE(2.E-2),#8);
#686=PRESENTATION_STYLE_ASSIGNMENT((#685));
#687=STYLED_ITEM('',(#686),#684);
#688=DIRECTION('',(0.E0,0.E0,1.E0));
#689=VECTOR('',#688,1.25E0);
#690=CARTESIAN_POINT('',(2.25E0,1.4965E1,4.175E1));
#691=LINE('',#690,#689);
#692=CURVE_STYLE('',#34,POSITIVE_LENGTH_MEASURE(2.E-2),#8);
#693=PRESENTATION_STYLE_ASSIGNMENT((#692));
#694=STYLED_ITEM('',(#693),#691);
#695=DIRECTION('',(1.E0,0.E0,0.E0));
#696=VECTOR('',#695,4.05E0);
#697=CARTESIAN_POINT('',(2.25E0,1.4965E1,4.175E1));
#698=LINE('',#697,#696);
#699=CURVE_STYLE('',#34,POSITIVE_LENGTH_MEASURE(2.E-2),#8);
#700=PRESENTATION_STYLE_ASSIGNMENT((#699));
#701=STYLED_ITEM('',(#700),#698);
#702=DIRECTION('',(0.E0,0.E0,-1.E0));
#703=VECTOR('',#702,3.5E0);
#704=CARTESIAN_POINT('',(6.3E0,1.4965E1,4.175E1));
#705=LINE('',#704,#703);
#706=CURVE_STYLE('',#34,POSITIVE_LENGTH_MEASURE(2.E-2),#8);
#707=PRESENTATION_STYLE_ASSIGNMENT((#706));
#708=STYLED_ITEM('',(#707),#705);
#709=DIRECTION('',(-1.E0,0.E0,0.E0));
#710=VECTOR('',#709,4.05E0);
#711=CARTESIAN_POINT('',(6.3E0,1.4965E1,3.825E1));
#712=LINE('',#711,#710);
#713=CURVE_STYLE('',#34,POSITIVE_LENGTH_MEASURE(2.E-2),#8);
#714=PRESENTATION_STYLE_ASSIGNMENT((#713));
#715=STYLED_ITEM('',(#714),#712);
#716=DIRECTION('',(0.E0,0.E0,1.E0));
#717=VECTOR('',#716,1.25E0);
#718=CARTESIAN_POINT('',(2.25E0,1.4965E1,3.7E1));
#719=LINE('',#718,#717);
#720=CURVE_STYLE('',#34,POSITIVE_LENGTH_MEASURE(2.E-2),#8);
#721=PRESENTATION_STYLE_ASSIGNMENT((#720));
#722=STYLED_ITEM('',(#721),#719);
#723=DIRECTION('',(1.E0,0.E0,0.E0));
#724=VECTOR('',#723,4.5E0);
#725=CARTESIAN_POINT('',(-2.25E0,1.4965E1,3.7E1));
#726=LINE('',#725,#724);
#727=CURVE_STYLE('',#34,POSITIVE_LENGTH_MEASURE(2.E-2),#8);
#728=PRESENTATION_STYLE_ASSIGNMENT((#727));
#729=STYLED_ITEM('',(#728),#726);
#730=DIRECTION('',(0.E0,0.E0,1.E0));
#731=VECTOR('',#730,1.25E0);
#732=CARTESIAN_POINT('',(-2.25E0,1.4965E1,3.7E1));
#733=LINE('',#732,#731);
#734=CURVE_STYLE('',#34,POSITIVE_LENGTH_MEASURE(2.E-2),#8);
#735=PRESENTATION_STYLE_ASSIGNMENT((#734));
#736=STYLED_ITEM('',(#735),#733);
#737=DIRECTION('',(0.E0,0.E0,1.E0));
#738=VECTOR('',#737,1.25E0);
#739=CARTESIAN_POINT('',(-1.025E1,1.4965E1,3.7E1));
#740=LINE('',#739,#738);
#741=CURVE_STYLE('',#34,POSITIVE_LENGTH_MEASURE(2.E-2),#8);
#742=PRESENTATION_STYLE_ASSIGNMENT((#741));
#743=STYLED_ITEM('',(#742),#740);
#744=DIRECTION('',(1.E0,0.E0,0.E0));
#745=VECTOR('',#744,3.5E0);
#746=CARTESIAN_POINT('',(-1.375E1,1.4965E1,3.7E1));
#747=LINE('',#746,#745);
#748=CURVE_STYLE('',#34,POSITIVE_LENGTH_MEASURE(2.E-2),#8);
#749=PRESENTATION_STYLE_ASSIGNMENT((#748));
#750=STYLED_ITEM('',(#749),#747);
#751=DIRECTION('',(0.E0,0.E0,1.E0));
#752=VECTOR('',#751,1.25E0);
#753=CARTESIAN_POINT('',(-1.375E1,1.4965E1,3.7E1));
#754=LINE('',#753,#752);
#755=CURVE_STYLE('',#34,POSITIVE_LENGTH_MEASURE(2.E-2),#8);
#756=PRESENTATION_STYLE_ASSIGNMENT((#755));
#757=STYLED_ITEM('',(#756),#754);
#758=DIRECTION('',(-1.E0,0.E0,0.E0));
#759=VECTOR('',#758,4.8E0);
#760=CARTESIAN_POINT('',(-1.375E1,1.4965E1,3.825E1));
#761=LINE('',#760,#759);
#762=CURVE_STYLE('',#34,POSITIVE_LENGTH_MEASURE(2.E-2),#8);
#763=PRESENTATION_STYLE_ASSIGNMENT((#762));
#764=STYLED_ITEM('',(#763),#761);
#765=DIRECTION('',(0.E0,0.E0,1.E0));
#766=VECTOR('',#765,3.5E0);
#767=CARTESIAN_POINT('',(-1.855E1,1.4965E1,3.825E1));
#768=LINE('',#767,#766);
#769=CURVE_STYLE('',#34,POSITIVE_LENGTH_MEASURE(2.E-2),#8);
#770=PRESENTATION_STYLE_ASSIGNMENT((#769));
#771=STYLED_ITEM('',(#770),#768);
#772=DIRECTION('',(1.E0,0.E0,0.E0));
#773=VECTOR('',#772,4.8E0);
#774=CARTESIAN_POINT('',(-1.855E1,1.4965E1,4.175E1));
#775=LINE('',#774,#773);
#776=CURVE_STYLE('',#34,POSITIVE_LENGTH_MEASURE(2.E-2),#8);
#777=PRESENTATION_STYLE_ASSIGNMENT((#776));
#778=STYLED_ITEM('',(#777),#775);
#779=DIRECTION('',(0.E0,0.E0,1.E0));
#780=VECTOR('',#779,1.25E0);
#781=CARTESIAN_POINT('',(-1.375E1,1.4965E1,4.175E1));
#782=LINE('',#781,#780);
#783=CURVE_STYLE('',#34,POSITIVE_LENGTH_MEASURE(2.E-2),#8);
#784=PRESENTATION_STYLE_ASSIGNMENT((#783));
#785=STYLED_ITEM('',(#784),#782);
#786=DIRECTION('',(1.E0,0.E0,0.E0));
#787=VECTOR('',#786,3.5E0);
#788=CARTESIAN_POINT('',(-1.375E1,1.4965E1,4.3E1));
#789=LINE('',#788,#787);
#790=CURVE_STYLE('',#34,POSITIVE_LENGTH_MEASURE(2.E-2),#8);
#791=PRESENTATION_STYLE_ASSIGNMENT((#790));
#792=STYLED_ITEM('',(#791),#789);
#793=DIRECTION('',(0.E0,0.E0,1.E0));
#794=VECTOR('',#793,1.25E0);
#795=CARTESIAN_POINT('',(-1.025E1,1.4965E1,4.175E1));
#796=LINE('',#795,#794);
#797=CURVE_STYLE('',#34,POSITIVE_LENGTH_MEASURE(2.E-2),#8);
#798=PRESENTATION_STYLE_ASSIGNMENT((#797));
#799=STYLED_ITEM('',(#798),#796);
#800=DIRECTION('',(-1.E0,0.E0,0.E0));
#801=VECTOR('',#800,3.5E0);
#802=CARTESIAN_POINT('',(1.375E1,1.4965E1,3.25E1));
#803=LINE('',#802,#801);
#804=CURVE_STYLE('',#34,POSITIVE_LENGTH_MEASURE(2.E-2),#8);
#805=PRESENTATION_STYLE_ASSIGNMENT((#804));
#806=STYLED_ITEM('',(#805),#803);
#807=DIRECTION('',(0.E0,0.E0,1.E0));
#808=VECTOR('',#807,4.5E0);
#809=CARTESIAN_POINT('',(1.025E1,1.4965E1,3.25E1));
#810=LINE('',#809,#808);
#811=CURVE_STYLE('',#34,POSITIVE_LENGTH_MEASURE(2.E-2),#8);
#812=PRESENTATION_STYLE_ASSIGNMENT((#811));
#813=STYLED_ITEM('',(#812),#810);
#814=DIRECTION('',(1.E0,0.E0,0.E0));
#815=VECTOR('',#814,1.5E0);
#816=CARTESIAN_POINT('',(8.75E0,1.4965E1,3.7E1));
#817=LINE('',#816,#815);
#818=CURVE_STYLE('',#34,POSITIVE_LENGTH_MEASURE(2.E-2),#8);
#819=PRESENTATION_STYLE_ASSIGNMENT((#818));
#820=STYLED_ITEM('',(#819),#817);
#821=DIRECTION('',(0.E0,0.E0,1.E0));
#822=VECTOR('',#821,6.E0);
#823=CARTESIAN_POINT('',(8.75E0,1.4965E1,3.7E1));
#824=LINE('',#823,#822);
#825=CURVE_STYLE('',#34,POSITIVE_LENGTH_MEASURE(2.E-2),#8);
#826=PRESENTATION_STYLE_ASSIGNMENT((#825));
#827=STYLED_ITEM('',(#826),#824);
#828=DIRECTION('',(1.E0,0.E0,0.E0));
#829=VECTOR('',#828,1.5E0);
#830=CARTESIAN_POINT('',(8.75E0,1.4965E1,4.3E1));
#831=LINE('',#830,#829);
#832=CURVE_STYLE('',#34,POSITIVE_LENGTH_MEASURE(2.E-2),#8);
#833=PRESENTATION_STYLE_ASSIGNMENT((#832));
#834=STYLED_ITEM('',(#833),#831);
#835=DIRECTION('',(0.E0,0.E0,1.E0));
#836=VECTOR('',#835,4.5E0);
#837=CARTESIAN_POINT('',(1.025E1,1.4965E1,4.3E1));
#838=LINE('',#837,#836);
#839=CURVE_STYLE('',#34,POSITIVE_LENGTH_MEASURE(2.E-2),#8);
#840=PRESENTATION_STYLE_ASSIGNMENT((#839));
#841=STYLED_ITEM('',(#840),#838);
#842=DIRECTION('',(1.E0,0.E0,0.E0));
#843=VECTOR('',#842,3.5E0);
#844=CARTESIAN_POINT('',(1.025E1,1.4965E1,4.75E1));
#845=LINE('',#844,#843);
#846=CURVE_STYLE('',#34,POSITIVE_LENGTH_MEASURE(2.E-2),#8);
#847=PRESENTATION_STYLE_ASSIGNMENT((#846));
#848=STYLED_ITEM('',(#847),#845);
#849=DIRECTION('',(0.E0,0.E0,-1.E0));
#850=VECTOR('',#849,4.5E0);
#851=CARTESIAN_POINT('',(1.375E1,1.4965E1,4.75E1));
#852=LINE('',#851,#850);
#853=CURVE_STYLE('',#34,POSITIVE_LENGTH_MEASURE(2.E-2),#8);
#854=PRESENTATION_STYLE_ASSIGNMENT((#853));
#855=STYLED_ITEM('',(#854),#852);
#856=DIRECTION('',(1.E0,0.E0,0.E0));
#857=VECTOR('',#856,1.5E0);
#858=CARTESIAN_POINT('',(1.375E1,1.4965E1,4.3E1));
#859=LINE('',#858,#857);
#860=CURVE_STYLE('',#34,POSITIVE_LENGTH_MEASURE(2.E-2),#8);
#861=PRESENTATION_STYLE_ASSIGNMENT((#860));
#862=STYLED_ITEM('',(#861),#859);
#863=DIRECTION('',(0.E0,0.E0,1.E0));
#864=VECTOR('',#863,6.E0);
#865=CARTESIAN_POINT('',(1.525E1,1.4965E1,3.7E1));
#866=LINE('',#865,#864);
#867=CURVE_STYLE('',#34,POSITIVE_LENGTH_MEASURE(2.E-2),#8);
#868=PRESENTATION_STYLE_ASSIGNMENT((#867));
#869=STYLED_ITEM('',(#868),#866);
#870=DIRECTION('',(1.E0,0.E0,0.E0));
#871=VECTOR('',#870,1.5E0);
#872=CARTESIAN_POINT('',(1.375E1,1.4965E1,3.7E1));
#873=LINE('',#872,#871);
#874=CURVE_STYLE('',#34,POSITIVE_LENGTH_MEASURE(2.E-2),#8);
#875=PRESENTATION_STYLE_ASSIGNMENT((#874));
#876=STYLED_ITEM('',(#875),#873);
#877=DIRECTION('',(0.E0,0.E0,-1.E0));
#878=VECTOR('',#877,4.5E0);
#879=CARTESIAN_POINT('',(1.375E1,1.4965E1,3.7E1));
#880=LINE('',#879,#878);
#881=CURVE_STYLE('',#34,POSITIVE_LENGTH_MEASURE(2.E-2),#8);
#882=PRESENTATION_STYLE_ASSIGNMENT((#881));
#883=STYLED_ITEM('',(#882),#880);
#884=DIRECTION('',(0.E0,0.E0,-1.E0));
#885=VECTOR('',#884,2.E0);
#886=CARTESIAN_POINT('',(-1.244768648013E1,1.4965E1,1.045E2));
#887=LINE('',#886,#885);
#888=CURVE_STYLE('',#34,POSITIVE_LENGTH_MEASURE(2.E-2),#8);
#889=PRESENTATION_STYLE_ASSIGNMENT((#888));
#890=STYLED_ITEM('',(#889),#887);
#891=DIRECTION('',(0.E0,0.E0,-1.E0));
#892=VECTOR('',#891,2.E0);
#893=CARTESIAN_POINT('',(-1.383971653354E0,1.4965E1,1.045E2));
#894=LINE('',#893,#892);
#895=CURVE_STYLE('',#34,POSITIVE_LENGTH_MEASURE(2.E-2),#8);
#896=PRESENTATION_STYLE_ASSIGNMENT((#895));
#897=STYLED_ITEM('',(#896),#894);
#898=DIRECTION('',(0.E0,0.E0,-1.E0));
#899=VECTOR('',#898,2.E0);
#900=CARTESIAN_POINT('',(-1.383971653354E0,1.4965E1,6.25E1));
#901=LINE('',#900,#899);
#902=CURVE_STYLE('',#34,POSITIVE_LENGTH_MEASURE(2.E-2),#8);
#903=PRESENTATION_STYLE_ASSIGNMENT((#902));
#904=STYLED_ITEM('',(#903),#901);
#905=DIRECTION('',(1.E0,0.E0,0.E0));
#906=VECTOR('',#905,3.633971653354E0);
#907=CARTESIAN_POINT('',(-1.383971653354E0,1.4965E1,6.05E1));
#908=LINE('',#907,#906);
#909=CURVE_STYLE('',#34,POSITIVE_LENGTH_MEASURE(2.E-2),#8);
#910=PRESENTATION_STYLE_ASSIGNMENT((#909));
#911=STYLED_ITEM('',(#910),#908);
#912=DIRECTION('',(-1.E0,0.E0,0.E0));
#913=VECTOR('',#912,3.633971653354E0);
#914=CARTESIAN_POINT('',(2.25E0,1.4965E1,6.25E1));
#915=LINE('',#914,#913);
#916=CURVE_STYLE('',#34,POSITIVE_LENGTH_MEASURE(2.E-2),#8);
#917=PRESENTATION_STYLE_ASSIGNMENT((#916));
#918=STYLED_ITEM('',(#917),#915);
#919=DIRECTION('',(0.E0,0.E0,1.E0));
#920=VECTOR('',#919,5.273792170698E-1);
#921=CARTESIAN_POINT('',(1.186803351655E0,1.4965E1,5.447262078293E1));
#922=LINE('',#921,#920);
#923=CURVE_STYLE('',#34,POSITIVE_LENGTH_MEASURE(2.E-2),#8);
#924=PRESENTATION_STYLE_ASSIGNMENT((#923));
#925=STYLED_ITEM('',(#924),#922);
#926=DIRECTION('',(0.E0,0.E0,1.E0));
#927=VECTOR('',#926,3.E1);
#928=CARTESIAN_POINT('',(-2.5E1,1.4965E1,2.5E1));
#929=LINE('',#928,#927);
#930=CURVE_STYLE('',#34,POSITIVE_LENGTH_MEASURE(2.E-2),#8);
#931=PRESENTATION_STYLE_ASSIGNMENT((#930));
#932=STYLED_ITEM('',(#931),#929);
#933=DIRECTION('',(0.E0,0.E0,1.E0));
#934=VECTOR('',#933,3.E1);
#935=CARTESIAN_POINT('',(1.987E1,1.4965E1,2.5E1));
#936=LINE('',#935,#934);
#937=CURVE_STYLE('',#34,POSITIVE_LENGTH_MEASURE(2.E-2),#8);
#938=PRESENTATION_STYLE_ASSIGNMENT((#937));
#939=STYLED_ITEM('',(#938),#936);
#940=DIRECTION('',(0.E0,0.E0,-1.E0));
#941=VECTOR('',#940,5.273792170698E-1);
#942=CARTESIAN_POINT('',(9.950636103758E0,1.4965E1,5.5E1));
#943=LINE('',#942,#941);
#944=CURVE_STYLE('',#34,POSITIVE_LENGTH_MEASURE(2.E-2),#8);
#945=PRESENTATION_STYLE_ASSIGNMENT((#944));
#946=STYLED_ITEM('',(#945),#943);
#947=DIRECTION('',(0.E0,0.E0,1.E0));
#948=VECTOR('',#947,2.E0);
#949=CARTESIAN_POINT('',(-2.090968983174E1,1.4965E1,6.05E1));
#950=LINE('',#949,#948);
#951=CURVE_STYLE('',#34,POSITIVE_LENGTH_MEASURE(2.E-2),#8);
#952=PRESENTATION_STYLE_ASSIGNMENT((#951));
#953=STYLED_ITEM('',(#952),#950);
#954=DIRECTION('',(1.E0,0.E0,0.E0));
#955=VECTOR('',#954,8.462003351612E0);
#956=CARTESIAN_POINT('',(-2.090968983174E1,1.4965E1,6.05E1));
#957=LINE('',#956,#955);
#958=CURVE_STYLE('',#34,POSITIVE_LENGTH_MEASURE(2.E-2),#8);
#959=PRESENTATION_STYLE_ASSIGNMENT((#958));
#960=STYLED_ITEM('',(#959),#957);
#961=DIRECTION('',(0.E0,0.E0,-1.E0));
#962=VECTOR('',#961,2.E0);
#963=CARTESIAN_POINT('',(-1.244768648013E1,1.4965E1,6.25E1));
#964=LINE('',#963,#962);
#965=CURVE_STYLE('',#34,POSITIVE_LENGTH_MEASURE(2.E-2),#8);
#966=PRESENTATION_STYLE_ASSIGNMENT((#965));
#967=STYLED_ITEM('',(#966),#964);
#968=DIRECTION('',(-1.E0,0.E0,0.E0));
#969=VECTOR('',#968,8.462003351612E0);
#970=CARTESIAN_POINT('',(-1.244768648013E1,1.4965E1,6.25E1));
#971=LINE('',#970,#969);
#972=CURVE_STYLE('',#34,POSITIVE_LENGTH_MEASURE(2.E-2),#8);
#973=PRESENTATION_STYLE_ASSIGNMENT((#972));
#974=STYLED_ITEM('',(#973),#971);
#975=DIRECTION('',(0.E0,-1.E0,0.E0));
#976=VECTOR('',#975,6.E0);
#977=CARTESIAN_POINT('',(-1.855E1,1.4965E1,4.175E1));
#978=LINE('',#977,#976);
#979=CURVE_STYLE('',#34,POSITIVE_LENGTH_MEASURE(2.E-2),#8);
#980=PRESENTATION_STYLE_ASSIGNMENT((#979));
#981=STYLED_ITEM('',(#980),#978);
#982=DIRECTION('',(-1.E0,0.E0,0.E0));
#983=VECTOR('',#982,8.E0);
#984=CARTESIAN_POINT('',(-2.25E0,1.4965E1,4.175E1));
#985=LINE('',#984,#983);
#986=CURVE_STYLE('',#34,POSITIVE_LENGTH_MEASURE(2.E-2),#8);
#987=PRESENTATION_STYLE_ASSIGNMENT((#986));
#988=STYLED_ITEM('',(#987),#985);
#989=DIRECTION('',(1.E0,0.E0,0.E0));
#990=VECTOR('',#989,8.E0);
#991=CARTESIAN_POINT('',(-1.025E1,8.965E0,4.175E1));
#992=LINE('',#991,#990);
#993=CURVE_STYLE('',#34,POSITIVE_LENGTH_MEASURE(2.E-2),#8);
#994=PRESENTATION_STYLE_ASSIGNMENT((#993));
#995=STYLED_ITEM('',(#994),#992);
#996=DIRECTION('',(0.E0,-1.E0,0.E0));
#997=VECTOR('',#996,6.E0);
#998=CARTESIAN_POINT('',(-1.855E1,1.4965E1,3.825E1));
#999=LINE('',#998,#997);
#1000=CURVE_STYLE('',#34,POSITIVE_LENGTH_MEASURE(2.E-2),#8);
#1001=PRESENTATION_STYLE_ASSIGNMENT((#1000));
#1002=STYLED_ITEM('',(#1001),#999);
#1003=DIRECTION('',(0.E0,-1.E0,0.E0));
#1004=VECTOR('',#1003,6.E0);
#1005=CARTESIAN_POINT('',(6.3E0,1.4965E1,3.825E1));
#1006=LINE('',#1005,#1004);
#1007=CURVE_STYLE('',#34,POSITIVE_LENGTH_MEASURE(2.E-2),#8);
#1008=PRESENTATION_STYLE_ASSIGNMENT((#1007));
#1009=STYLED_ITEM('',(#1008),#1006);
#1010=DIRECTION('',(-1.E0,0.E0,0.E0));
#1011=VECTOR('',#1010,8.E0);
#1012=CARTESIAN_POINT('',(-2.25E0,8.965E0,3.825E1));
#1013=LINE('',#1012,#1011);
#1014=CURVE_STYLE('',#34,POSITIVE_LENGTH_MEASURE(2.E-2),#8);
#1015=PRESENTATION_STYLE_ASSIGNMENT((#1014));
#1016=STYLED_ITEM('',(#1015),#1013);
#1017=DIRECTION('',(1.E0,0.E0,0.E0));
#1018=VECTOR('',#1017,8.E0);
#1019=CARTESIAN_POINT('',(-1.025E1,1.4965E1,3.825E1));
#1020=LINE('',#1019,#1018);
#1021=CURVE_STYLE('',#34,POSITIVE_LENGTH_MEASURE(2.E-2),#8);
#1022=PRESENTATION_STYLE_ASSIGNMENT((#1021));
#1023=STYLED_ITEM('',(#1022),#1020);
#1024=DIRECTION('',(0.E0,0.E0,1.E0));
#1025=VECTOR('',#1024,3.5E0);
#1026=CARTESIAN_POINT('',(-1.375E1,8.965E0,3.825E1));
#1027=LINE('',#1026,#1025);
#1028=CURVE_STYLE('',#34,POSITIVE_LENGTH_MEASURE(2.E-2),#8);
#1029=PRESENTATION_STYLE_ASSIGNMENT((#1028));
#1030=STYLED_ITEM('',(#1029),#1027);
#1031=DIRECTION('',(0.E0,-1.E0,0.E0));
#1032=VECTOR('',#1031,6.E0);
#1033=CARTESIAN_POINT('',(-1.375E1,1.4965E1,3.825E1));
#1034=LINE('',#1033,#1032);
#1035=CURVE_STYLE('',#34,POSITIVE_LENGTH_MEASURE(2.E-2),#8);
#1036=PRESENTATION_STYLE_ASSIGNMENT((#1035));
#1037=STYLED_ITEM('',(#1036),#1034);
#1038=DIRECTION('',(0.E0,-1.E0,0.E0));
#1039=VECTOR('',#1038,6.E0);
#1040=CARTESIAN_POINT('',(-1.375E1,1.4965E1,4.175E1));
#1041=LINE('',#1040,#1039);
#1042=CURVE_STYLE('',#34,POSITIVE_LENGTH_MEASURE(2.E-2),#8);
#1043=PRESENTATION_STYLE_ASSIGNMENT((#1042));
#1044=STYLED_ITEM('',(#1043),#1041);
#1045=DIRECTION('',(1.E0,0.E0,0.E0));
#1046=VECTOR('',#1045,4.8E0);
#1047=CARTESIAN_POINT('',(-1.855E1,8.965E0,4.175E1));
#1048=LINE('',#1047,#1046);
#1049=CURVE_STYLE('',#34,POSITIVE_LENGTH_MEASURE(2.E-2),#8);
#1050=PRESENTATION_STYLE_ASSIGNMENT((#1049));
#1051=STYLED_ITEM('',(#1050),#1048);
#1052=DIRECTION('',(0.E0,0.E0,1.E0));
#1053=VECTOR('',#1052,3.5E0);
#1054=CARTESIAN_POINT('',(-1.855E1,8.965E0,3.825E1));
#1055=LINE('',#1054,#1053);
#1056=CURVE_STYLE('',#34,POSITIVE_LENGTH_MEASURE(2.E-2),#8);
#1057=PRESENTATION_STYLE_ASSIGNMENT((#1056));
#1058=STYLED_ITEM('',(#1057),#1055);
#1059=DIRECTION('',(-1.E0,0.E0,0.E0));
#1060=VECTOR('',#1059,4.8E0);
#1061=CARTESIAN_POINT('',(-1.375E1,8.965E0,3.825E1));
#1062=LINE('',#1061,#1060);
#1063=CURVE_STYLE('',#34,POSITIVE_LENGTH_MEASURE(2.E-2),#8);
#1064=PRESENTATION_STYLE_ASSIGNMENT((#1063));
#1065=STYLED_ITEM('',(#1064),#1062);
#1066=DIRECTION('',(-1.E0,0.E0,0.E0));
#1067=VECTOR('',#1066,4.05E0);
#1068=CARTESIAN_POINT('',(6.3E0,8.965E0,3.825E1));
#1069=LINE('',#1068,#1067);
#1070=CURVE_STYLE('',#34,POSITIVE_LENGTH_MEASURE(2.E-2),#8);
#1071=PRESENTATION_STYLE_ASSIGNMENT((#1070));
#1072=STYLED_ITEM('',(#1071),#1069);
#1073=DIRECTION('',(0.E0,0.E0,-1.E0));
#1074=VECTOR('',#1073,3.5E0);
#1075=CARTESIAN_POINT('',(6.3E0,8.965E0,4.175E1));
#1076=LINE('',#1075,#1074);
#1077=CURVE_STYLE('',#34,POSITIVE_LENGTH_MEASURE(2.E-2),#8);
#1078=PRESENTATION_STYLE_ASSIGNMENT((#1077));
#1079=STYLED_ITEM('',(#1078),#1076);
#1080=DIRECTION('',(1.E0,0.E0,0.E0));
#1081=VECTOR('',#1080,4.05E0);
#1082=CARTESIAN_POINT('',(2.25E0,8.965E0,4.175E1));
#1083=LINE('',#1082,#1081);
#1084=CURVE_STYLE('',#34,POSITIVE_LENGTH_MEASURE(2.E-2),#8);
#1085=PRESENTATION_STYLE_ASSIGNMENT((#1084));
#1086=STYLED_ITEM('',(#1085),#1083);
#1087=DIRECTION('',(0.E0,0.E0,1.E0));
#1088=VECTOR('',#1087,4.5E0);
#1089=CARTESIAN_POINT('',(1.025E1,8.965E0,3.25E1));
#1090=LINE('',#1089,#1088);
#1091=CURVE_STYLE('',#34,POSITIVE_LENGTH_MEASURE(2.E-2),#8);
#1092=PRESENTATION_STYLE_ASSIGNMENT((#1091));
#1093=STYLED_ITEM('',(#1092),#1090);
#1094=DIRECTION('',(-1.E0,0.E0,0.E0));
#1095=VECTOR('',#1094,3.5E0);
#1096=CARTESIAN_POINT('',(1.375E1,8.965E0,3.25E1));
#1097=LINE('',#1096,#1095);
#1098=CURVE_STYLE('',#34,POSITIVE_LENGTH_MEASURE(2.E-2),#8);
#1099=PRESENTATION_STYLE_ASSIGNMENT((#1098));
#1100=STYLED_ITEM('',(#1099),#1097);
#1101=DIRECTION('',(0.E0,0.E0,-1.E0));
#1102=VECTOR('',#1101,4.5E0);
#1103=CARTESIAN_POINT('',(1.375E1,8.965E0,3.7E1));
#1104=LINE('',#1103,#1102);
#1105=CURVE_STYLE('',#34,POSITIVE_LENGTH_MEASURE(2.E-2),#8);
#1106=PRESENTATION_STYLE_ASSIGNMENT((#1105));
#1107=STYLED_ITEM('',(#1106),#1104);
#1108=DIRECTION('',(0.E0,0.E0,-1.E0));
#1109=VECTOR('',#1108,4.5E0);
#1110=CARTESIAN_POINT('',(1.375E1,8.965E0,4.75E1));
#1111=LINE('',#1110,#1109);
#1112=CURVE_STYLE('',#34,POSITIVE_LENGTH_MEASURE(2.E-2),#8);
#1113=PRESENTATION_STYLE_ASSIGNMENT((#1112));
#1114=STYLED_ITEM('',(#1113),#1111);
#1115=DIRECTION('',(1.E0,0.E0,0.E0));
#1116=VECTOR('',#1115,3.5E0);
#1117=CARTESIAN_POINT('',(1.025E1,8.965E0,4.75E1));
#1118=LINE('',#1117,#1116);
#1119=CURVE_STYLE('',#34,POSITIVE_LENGTH_MEASURE(2.E-2),#8);
#1120=PRESENTATION_STYLE_ASSIGNMENT((#1119));
#1121=STYLED_ITEM('',(#1120),#1118);
#1122=DIRECTION('',(0.E0,0.E0,1.E0));
#1123=VECTOR('',#1122,4.5E0);
#1124=CARTESIAN_POINT('',(1.025E1,8.965E0,4.3E1));
#1125=LINE('',#1124,#1123);
#1126=CURVE_STYLE('',#34,POSITIVE_LENGTH_MEASURE(2.E-2),#8);
#1127=PRESENTATION_STYLE_ASSIGNMENT((#1126));
#1128=STYLED_ITEM('',(#1127),#1125);
#1129=CARTESIAN_POINT('',(-1.6E1,8.965E0,4.E1));
#1130=DIRECTION('',(0.E0,1.E0,0.E0));
#1131=DIRECTION('',(1.E0,0.E0,0.E0));
#1132=AXIS2_PLACEMENT_3D('',#1129,#1130,#1131);
#1134=CURVE_STYLE('',#34,POSITIVE_LENGTH_MEASURE(2.E-2),#8);
#1135=PRESENTATION_STYLE_ASSIGNMENT((#1134));
#1136=STYLED_ITEM('',(#1135),#1133);
#1137=CARTESIAN_POINT('',(-1.6E1,8.965E0,4.E1));
#1138=DIRECTION('',(0.E0,1.E0,0.E0));
#1139=DIRECTION('',(-1.E0,0.E0,0.E0));
#1140=AXIS2_PLACEMENT_3D('',#1137,#1138,#1139);
#1142=CURVE_STYLE('',#34,POSITIVE_LENGTH_MEASURE(2.E-2),#8);
#1143=PRESENTATION_STYLE_ASSIGNMENT((#1142));
#1144=STYLED_ITEM('',(#1143),#1141);
#1145=CARTESIAN_POINT('',(-8.E0,8.965E0,4.E1));
#1146=DIRECTION('',(0.E0,1.E0,0.E0));
#1147=DIRECTION('',(1.E0,0.E0,0.E0));
#1148=AXIS2_PLACEMENT_3D('',#1145,#1146,#1147);
#1150=CURVE_STYLE('',#34,POSITIVE_LENGTH_MEASURE(2.E-2),#8);
#1151=PRESENTATION_STYLE_ASSIGNMENT((#1150));
#1152=STYLED_ITEM('',(#1151),#1149);
#1153=CARTESIAN_POINT('',(-8.E0,8.965E0,4.E1));
#1154=DIRECTION('',(0.E0,1.E0,0.E0));
#1155=DIRECTION('',(-1.E0,0.E0,0.E0));
#1156=AXIS2_PLACEMENT_3D('',#1153,#1154,#1155);
#1158=CURVE_STYLE('',#34,POSITIVE_LENGTH_MEASURE(2.E-2),#8);
#1159=PRESENTATION_STYLE_ASSIGNMENT((#1158));
#1160=STYLED_ITEM('',(#1159),#1157);
#1161=CARTESIAN_POINT('',(-4.1E0,8.965E0,4.E1));
#1162=DIRECTION('',(0.E0,1.E0,0.E0));
#1163=DIRECTION('',(1.E0,0.E0,0.E0));
#1164=AXIS2_PLACEMENT_3D('',#1161,#1162,#1163);
#1166=CURVE_STYLE('',#34,POSITIVE_LENGTH_MEASURE(2.E-2),#8);
#1167=PRESENTATION_STYLE_ASSIGNMENT((#1166));
#1168=STYLED_ITEM('',(#1167),#1165);
#1169=CARTESIAN_POINT('',(-4.1E0,8.965E0,4.E1));
#1170=DIRECTION('',(0.E0,1.E0,0.E0));
#1171=DIRECTION('',(-1.E0,0.E0,0.E0));
#1172=AXIS2_PLACEMENT_3D('',#1169,#1170,#1171);
#1174=CURVE_STYLE('',#34,POSITIVE_LENGTH_MEASURE(2.E-2),#8);
#1175=PRESENTATION_STYLE_ASSIGNMENT((#1174));
#1176=STYLED_ITEM('',(#1175),#1173);
#1177=CARTESIAN_POINT('',(4.1E0,8.965E0,4.E1));
#1178=DIRECTION('',(0.E0,1.E0,0.E0));
#1179=DIRECTION('',(1.E0,0.E0,0.E0));
#1180=AXIS2_PLACEMENT_3D('',#1177,#1178,#1179);
#1182=CURVE_STYLE('',#34,POSITIVE_LENGTH_MEASURE(2.E-2),#8);
#1183=PRESENTATION_STYLE_ASSIGNMENT((#1182));
#1184=STYLED_ITEM('',(#1183),#1181);
#1185=CARTESIAN_POINT('',(4.1E0,8.965E0,4.E1));
#1186=DIRECTION('',(0.E0,1.E0,0.E0));
#1187=DIRECTION('',(-1.E0,0.E0,0.E0));
#1188=AXIS2_PLACEMENT_3D('',#1185,#1186,#1187);
#1190=CURVE_STYLE('',#34,POSITIVE_LENGTH_MEASURE(2.E-2),#8);
#1191=PRESENTATION_STYLE_ASSIGNMENT((#1190));
#1192=STYLED_ITEM('',(#1191),#1189);
#1193=CARTESIAN_POINT('',(1.2E1,8.965E0,3.5E1));
#1194=DIRECTION('',(0.E0,1.E0,0.E0));
#1195=DIRECTION('',(1.E0,0.E0,0.E0));
#1196=AXIS2_PLACEMENT_3D('',#1193,#1194,#1195);
#1198=CURVE_STYLE('',#34,POSITIVE_LENGTH_MEASURE(2.E-2),#8);
#1199=PRESENTATION_STYLE_ASSIGNMENT((#1198));
#1200=STYLED_ITEM('',(#1199),#1197);
#1201=CARTESIAN_POINT('',(1.2E1,8.965E0,3.5E1));
#1202=DIRECTION('',(0.E0,1.E0,0.E0));
#1203=DIRECTION('',(-1.E0,0.E0,0.E0));
#1204=AXIS2_PLACEMENT_3D('',#1201,#1202,#1203);
#1206=CURVE_STYLE('',#34,POSITIVE_LENGTH_MEASURE(2.E-2),#8);
#1207=PRESENTATION_STYLE_ASSIGNMENT((#1206));
#1208=STYLED_ITEM('',(#1207),#1205);
#1209=CARTESIAN_POINT('',(1.2E1,8.965E0,4.5E1));
#1210=DIRECTION('',(0.E0,1.E0,0.E0));
#1211=DIRECTION('',(1.E0,0.E0,0.E0));
#1212=AXIS2_PLACEMENT_3D('',#1209,#1210,#1211);
#1214=CURVE_STYLE('',#34,POSITIVE_LENGTH_MEASURE(2.E-2),#8);
#1215=PRESENTATION_STYLE_ASSIGNMENT((#1214));
#1216=STYLED_ITEM('',(#1215),#1213);
#1217=CARTESIAN_POINT('',(1.2E1,8.965E0,4.5E1));
#1218=DIRECTION('',(0.E0,1.E0,0.E0));
#1219=DIRECTION('',(-1.E0,0.E0,0.E0));
#1220=AXIS2_PLACEMENT_3D('',#1217,#1218,#1219);
#1222=CURVE_STYLE('',#34,POSITIVE_LENGTH_MEASURE(2.E-2),#8);
#1223=PRESENTATION_STYLE_ASSIGNMENT((#1222));
#1224=STYLED_ITEM('',(#1223),#1221);
#1225=DIRECTION('',(0.E0,0.E0,1.E0));
#1226=VECTOR('',#1225,3.5E0);
#1227=CARTESIAN_POINT('',(-1.025E1,8.965E0,3.825E1));
#1228=LINE('',#1227,#1226);
#1229=CURVE_STYLE('',#34,POSITIVE_LENGTH_MEASURE(2.E-2),#8);
#1230=PRESENTATION_STYLE_ASSIGNMENT((#1229));
#1231=STYLED_ITEM('',(#1230),#1228);
#1232=DIRECTION('',(0.E0,-1.E0,0.E0));
#1233=VECTOR('',#1232,6.E0);
#1234=CARTESIAN_POINT('',(-1.025E1,1.4965E1,4.175E1));
#1235=LINE('',#1234,#1233);
#1236=CURVE_STYLE('',#34,POSITIVE_LENGTH_MEASURE(2.E-2),#8);
#1237=PRESENTATION_STYLE_ASSIGNMENT((#1236));
#1238=STYLED_ITEM('',(#1237),#1235);
#1239=DIRECTION('',(0.E0,-1.E0,0.E0));
#1240=VECTOR('',#1239,6.E0);
#1241=CARTESIAN_POINT('',(-1.025E1,1.4965E1,3.825E1));
#1242=LINE('',#1241,#1240);
#1243=CURVE_STYLE('',#34,POSITIVE_LENGTH_MEASURE(2.E-2),#8);
#1244=PRESENTATION_STYLE_ASSIGNMENT((#1243));
#1245=STYLED_ITEM('',(#1244),#1242);
#1246=DIRECTION('',(0.E0,-1.E0,0.E0));
#1247=VECTOR('',#1246,1.4965E1);
#1248=CARTESIAN_POINT('',(-1.375E1,1.4965E1,4.3E1));
#1249=LINE('',#1248,#1247);
#1250=CURVE_STYLE('',#34,POSITIVE_LENGTH_MEASURE(2.E-2),#8);
#1251=PRESENTATION_STYLE_ASSIGNMENT((#1250));
#1252=STYLED_ITEM('',(#1251),#1249);
#1253=DIRECTION('',(0.E0,1.E0,0.E0));
#1254=VECTOR('',#1253,1.4965E1);
#1255=CARTESIAN_POINT('',(-1.025E1,0.E0,4.3E1));
#1256=LINE('',#1255,#1254);
#1257=CURVE_STYLE('',#34,POSITIVE_LENGTH_MEASURE(2.E-2),#8);
#1258=PRESENTATION_STYLE_ASSIGNMENT((#1257));
#1259=STYLED_ITEM('',(#1258),#1256);
#1260=DIRECTION('',(0.E0,-1.E0,0.E0));
#1261=VECTOR('',#1260,1.4965E1);
#1262=CARTESIAN_POINT('',(-2.25E0,1.4965E1,4.3E1));
#1263=LINE('',#1262,#1261);
#1264=CURVE_STYLE('',#34,POSITIVE_LENGTH_MEASURE(2.E-2),#8);
#1265=PRESENTATION_STYLE_ASSIGNMENT((#1264));
#1266=STYLED_ITEM('',(#1265),#1263);
#1267=DIRECTION('',(0.E0,1.E0,0.E0));
#1268=VECTOR('',#1267,1.4965E1);
#1269=CARTESIAN_POINT('',(2.25E0,0.E0,4.3E1));
#1270=LINE('',#1269,#1268);
#1271=CURVE_STYLE('',#34,POSITIVE_LENGTH_MEASURE(2.E-2),#8);
#1272=PRESENTATION_STYLE_ASSIGNMENT((#1271));
#1273=STYLED_ITEM('',(#1272),#1270);
#1274=DIRECTION('',(1.E0,0.E0,0.E0));
#1275=VECTOR('',#1274,3.5E0);
#1276=CARTESIAN_POINT('',(1.025E1,8.965E0,4.3E1));
#1277=LINE('',#1276,#1275);
#1278=CURVE_STYLE('',#34,POSITIVE_LENGTH_MEASURE(2.E-2),#8);
#1279=PRESENTATION_STYLE_ASSIGNMENT((#1278));
#1280=STYLED_ITEM('',(#1279),#1277);
#1281=DIRECTION('',(0.E0,-1.E0,0.E0));
#1282=VECTOR('',#1281,6.E0);
#1283=CARTESIAN_POINT('',(1.025E1,1.4965E1,4.3E1));
#1284=LINE('',#1283,#1282);
#1285=CURVE_STYLE('',#34,POSITIVE_LENGTH_MEASURE(2.E-2),#8);
#1286=PRESENTATION_STYLE_ASSIGNMENT((#1285));
#1287=STYLED_ITEM('',(#1286),#1284);
#1288=DIRECTION('',(0.E0,-1.E0,0.E0));
#1289=VECTOR('',#1288,1.4965E1);
#1290=CARTESIAN_POINT('',(8.75E0,1.4965E1,4.3E1));
#1291=LINE('',#1290,#1289);
#1292=CURVE_STYLE('',#34,POSITIVE_LENGTH_MEASURE(2.E-2),#8);
#1293=PRESENTATION_STYLE_ASSIGNMENT((#1292));
#1294=STYLED_ITEM('',(#1293),#1291);
#1295=DIRECTION('',(0.E0,1.E0,0.E0));
#1296=VECTOR('',#1295,1.4965E1);
#1297=CARTESIAN_POINT('',(1.525E1,0.E0,4.3E1));
#1298=LINE('',#1297,#1296);
#1299=CURVE_STYLE('',#34,POSITIVE_LENGTH_MEASURE(2.E-2),#8);
#1300=PRESENTATION_STYLE_ASSIGNMENT((#1299));
#1301=STYLED_ITEM('',(#1300),#1298);
#1302=DIRECTION('',(0.E0,-1.E0,0.E0));
#1303=VECTOR('',#1302,6.E0);
#1304=CARTESIAN_POINT('',(1.375E1,1.4965E1,4.3E1));
#1305=LINE('',#1304,#1303);
#1306=CURVE_STYLE('',#34,POSITIVE_LENGTH_MEASURE(2.E-2),#8);
#1307=PRESENTATION_STYLE_ASSIGNMENT((#1306));
#1308=STYLED_ITEM('',(#1307),#1305);
#1309=CARTESIAN_POINT('',(-1.2E1,0.E0,5.103967979774E1));
#1310=DIRECTION('',(0.E0,0.E0,1.E0));
#1311=DIRECTION('',(1.E0,0.E0,0.E0));
#1312=AXIS2_PLACEMENT_3D('',#1309,#1310,#1311);
#1314=CURVE_STYLE('',#34,POSITIVE_LENGTH_MEASURE(2.E-2),#8);
#1315=PRESENTATION_STYLE_ASSIGNMENT((#1314));
#1316=STYLED_ITEM('',(#1315),#1313);
#1317=CARTESIAN_POINT('',(-1.2E1,0.E0,4.3E1));
#1318=DIRECTION('',(0.E0,0.E0,1.E0));
#1319=DIRECTION('',(1.E0,0.E0,0.E0));
#1320=AXIS2_PLACEMENT_3D('',#1317,#1318,#1319);
#1322=CURVE_STYLE('',#34,POSITIVE_LENGTH_MEASURE(2.E-2),#8);
#1323=PRESENTATION_STYLE_ASSIGNMENT((#1322));
#1324=STYLED_ITEM('',(#1323),#1321);
#1325=DIRECTION('',(0.E0,-1.395079195356E-10,1.E0));
#1326=VECTOR('',#1325,8.039679797739E0);
#1327=CARTESIAN_POINT('',(-1.375E1,0.E0,4.3E1));
#1328=LINE('',#1327,#1326);
#1329=CURVE_STYLE('',#34,POSITIVE_LENGTH_MEASURE(2.E-2),#8);
#1330=PRESENTATION_STYLE_ASSIGNMENT((#1329));
#1331=STYLED_ITEM('',(#1330),#1328);
#1332=CARTESIAN_POINT('',(-1.2E1,0.E0,2.6E1));
#1333=DIRECTION('',(0.E0,0.E0,-1.E0));
#1334=DIRECTION('',(-1.E0,0.E0,0.E0));
#1335=AXIS2_PLACEMENT_3D('',#1332,#1333,#1334);
#1337=CURVE_STYLE('',#34,POSITIVE_LENGTH_MEASURE(2.E-2),#8);
#1338=PRESENTATION_STYLE_ASSIGNMENT((#1337));
#1339=STYLED_ITEM('',(#1338),#1336);
#1340=DIRECTION('',(0.E0,8.630516170505E-11,1.E0));
#1341=VECTOR('',#1340,1.1E1);
#1342=CARTESIAN_POINT('',(-1.375E1,-9.493566180207E-10,2.6E1));
#1343=LINE('',#1342,#1341);
#1344=CURVE_STYLE('',#34,POSITIVE_LENGTH_MEASURE(2.E-2),#8);
#1345=PRESENTATION_STYLE_ASSIGNMENT((#1344));
#1346=STYLED_ITEM('',(#1345),#1343);
#1347=CARTESIAN_POINT('',(-1.2E1,0.E0,3.7E1));
#1348=DIRECTION('',(0.E0,0.E0,1.E0));
#1349=DIRECTION('',(1.E0,0.E0,0.E0));
#1350=AXIS2_PLACEMENT_3D('',#1347,#1348,#1349);
#1352=CURVE_STYLE('',#34,POSITIVE_LENGTH_MEASURE(2.E-2),#8);
#1353=PRESENTATION_STYLE_ASSIGNMENT((#1352));
#1354=STYLED_ITEM('',(#1353),#1351);
#1355=CARTESIAN_POINT('',(-1.2E1,0.E0,1.1E2));
#1356=DIRECTION('',(0.E0,0.E0,-1.E0));
#1357=DIRECTION('',(-1.E0,0.E0,0.E0));
#1358=AXIS2_PLACEMENT_3D('',#1355,#1356,#1357);
#1360=CURVE_STYLE('',#34,POSITIVE_LENGTH_MEASURE(2.E-2),#8);
#1361=PRESENTATION_STYLE_ASSIGNMENT((#1360));
#1362=STYLED_ITEM('',(#1361),#1359);
#1363=CARTESIAN_POINT('',(-1.2E1,0.E0,1.02E2));
#1364=DIRECTION('',(0.E0,0.E0,-1.E0));
#1365=DIRECTION('',(-1.E0,0.E0,0.E0));
#1366=AXIS2_PLACEMENT_3D('',#1363,#1364,#1365);
#1368=CURVE_STYLE('',#34,POSITIVE_LENGTH_MEASURE(2.E-2),#8);
#1369=PRESENTATION_STYLE_ASSIGNMENT((#1368));
#1370=STYLED_ITEM('',(#1369),#1367);
#1371=DIRECTION('',(0.E0,4.889875388284E-10,1.E0));
#1372=VECTOR('',#1371,8.E0);
#1373=CARTESIAN_POINT('',(-1.375E1,-9.493566180207E-10,1.02E2));
#1374=LINE('',#1373,#1372);
#1375=CURVE_STYLE('',#34,POSITIVE_LENGTH_MEASURE(2.E-2),#8);
#1376=PRESENTATION_STYLE_ASSIGNMENT((#1375));
#1377=STYLED_ITEM('',(#1376),#1374);
#1378=CARTESIAN_POINT('',(-9.25E0,-7.390988709943E-9,5.103967979774E1));
#1379=DIRECTION('',(2.687632255638E-9,1.E0,0.E0));
#1380=DIRECTION('',(-1.E0,2.687632255638E-9,0.E0));
#1381=AXIS2_PLACEMENT_3D('',#1378,#1379,#1380);
#1383=CURVE_STYLE('',#34,POSITIVE_LENGTH_MEASURE(2.E-2),#8);
#1384=PRESENTATION_STYLE_ASSIGNMENT((#1383));
#1385=STYLED_ITEM('',(#1384),#1382);
#1386=CARTESIAN_POINT('',(-1.475E1,7.390989265055E-9,5.103967979774E1));
#1387=DIRECTION('',(-2.687632449927E-9,-1.E0,0.E0));
#1388=DIRECTION('',(1.E0,-2.687632449927E-9,0.E0));
#1389=AXIS2_PLACEMENT_3D('',#1386,#1387,#1388);
#1391=CURVE_STYLE('',#34,POSITIVE_LENGTH_MEASURE(2.E-2),#8);
#1392=PRESENTATION_STYLE_ASSIGNMENT((#1391));
#1393=STYLED_ITEM('',(#1392),#1390);
#1394=CARTESIAN_POINT('',(-1.2E1,0.E0,5.103967979774E1));
#1395=DIRECTION('',(0.E0,0.E0,1.E0));
#1396=DIRECTION('',(-1.E0,0.E0,0.E0));
#1397=AXIS2_PLACEMENT_3D('',#1394,#1395,#1396);
#1399=CURVE_STYLE('',#34,POSITIVE_LENGTH_MEASURE(2.E-2),#8);
#1400=PRESENTATION_STYLE_ASSIGNMENT((#1399));
#1401=STYLED_ITEM('',(#1400),#1398);
#1402=DIRECTION('',(0.E0,0.E0,1.E0));
#1403=VECTOR('',#1402,6.E0);
#1404=CARTESIAN_POINT('',(-1.375E1,0.E0,3.7E1));
#1405=LINE('',#1404,#1403);
#1406=CURVE_STYLE('',#34,POSITIVE_LENGTH_MEASURE(2.E-2),#8);
#1407=PRESENTATION_STYLE_ASSIGNMENT((#1406));
#1408=STYLED_ITEM('',(#1407),#1405);
#1409=CARTESIAN_POINT('',(-1.2E1,0.E0,2.6E1));
#1410=DIRECTION('',(0.E0,0.E0,-1.E0));
#1411=DIRECTION('',(1.E0,0.E0,0.E0));
#1412=AXIS2_PLACEMENT_3D('',#1409,#1410,#1411);
#1414=CURVE_STYLE('',#34,POSITIVE_LENGTH_MEASURE(2.E-2),#8);
#1415=PRESENTATION_STYLE_ASSIGNMENT((#1414));
#1416=STYLED_ITEM('',(#1415),#1413);
#1417=DIRECTION('',(0.E0,-8.630512484069E-11,1.E0));
#1418=VECTOR('',#1417,1.1E1);
#1419=CARTESIAN_POINT('',(-1.025E1,9.493565675366E-10,2.6E1));
#1420=LINE('',#1419,#1418);
#1421=CURVE_STYLE('',#34,POSITIVE_LENGTH_MEASURE(2.E-2),#8);
#1422=PRESENTATION_STYLE_ASSIGNMENT((#1421));
#1423=STYLED_ITEM('',(#1422),#1420);
#1424=DIRECTION('',(0.E0,0.E0,1.E0));
#1425=VECTOR('',#1424,6.E0);
#1426=CARTESIAN_POINT('',(-1.025E1,0.E0,3.7E1));
#1427=LINE('',#1426,#1425);
#1428=CURVE_STYLE('',#34,POSITIVE_LENGTH_MEASURE(2.E-2),#8);
#1429=PRESENTATION_STYLE_ASSIGNMENT((#1428));
#1430=STYLED_ITEM('',(#1429),#1427);
#1431=DIRECTION('',(0.E0,1.395078767554E-10,1.E0));
#1432=VECTOR('',#1431,8.039679797739E0);
#1433=CARTESIAN_POINT('',(-1.025E1,0.E0,4.3E1));
#1434=LINE('',#1433,#1432);
#1435=CURVE_STYLE('',#34,POSITIVE_LENGTH_MEASURE(2.E-2),#8);
#1436=PRESENTATION_STYLE_ASSIGNMENT((#1435));
#1437=STYLED_ITEM('',(#1436),#1434);
#1438=CARTESIAN_POINT('',(-1.2E1,0.E0,1.1E2));
#1439=DIRECTION('',(0.E0,0.E0,-1.E0));
#1440=DIRECTION('',(1.E0,0.E0,0.E0));
#1441=AXIS2_PLACEMENT_3D('',#1438,#1439,#1440);
#1443=CURVE_STYLE('',#34,POSITIVE_LENGTH_MEASURE(2.E-2),#8);
#1444=PRESENTATION_STYLE_ASSIGNMENT((#1443));
#1445=STYLED_ITEM('',(#1444),#1442);
#1446=CARTESIAN_POINT('',(-1.2E1,0.E0,1.02E2));
#1447=DIRECTION('',(0.E0,0.E0,-1.E0));
#1448=DIRECTION('',(1.E0,0.E0,0.E0));
#1449=AXIS2_PLACEMENT_3D('',#1446,#1447,#1448);
#1451=CURVE_STYLE('',#34,POSITIVE_LENGTH_MEASURE(2.E-2),#8);
#1452=PRESENTATION_STYLE_ASSIGNMENT((#1451));
#1453=STYLED_ITEM('',(#1452),#1450);
#1454=DIRECTION('',(0.E0,-4.889875143523E-10,1.E0));
#1455=VECTOR('',#1454,8.E0);
#1456=CARTESIAN_POINT('',(-1.025E1,9.493565449880E-10,1.02E2));
#1457=LINE('',#1456,#1455);
#1458=CURVE_STYLE('',#34,POSITIVE_LENGTH_MEASURE(2.E-2),#8);
#1459=PRESENTATION_STYLE_ASSIGNMENT((#1458));
#1460=STYLED_ITEM('',(#1459),#1457);
#1461=CARTESIAN_POINT('',(-9.25E0,1.384026032669E-8,2.6E1));
#1462=DIRECTION('',(5.032821936979E-9,-1.E0,0.E0));
#1463=DIRECTION('',(-1.E0,-5.032821936979E-9,0.E0));
#1464=AXIS2_PLACEMENT_3D('',#1461,#1462,#1463);
#1466=CURVE_STYLE('',#34,POSITIVE_LENGTH_MEASURE(2.E-2),#8);
#1467=PRESENTATION_STYLE_ASSIGNMENT((#1466));
#1468=STYLED_ITEM('',(#1467),#1465);
#1469=CARTESIAN_POINT('',(-1.475E1,-1.384026065976E-8,2.6E1));
#1470=DIRECTION('',(-5.032822048001E-9,1.E0,0.E0));
#1471=DIRECTION('',(1.E0,5.032822048001E-9,0.E0));
#1472=AXIS2_PLACEMENT_3D('',#1469,#1470,#1471);
#1474=CURVE_STYLE('',#34,POSITIVE_LENGTH_MEASURE(2.E-2),#8);
#1475=PRESENTATION_STYLE_ASSIGNMENT((#1474));
#1476=STYLED_ITEM('',(#1475),#1473);
#1477=CARTESIAN_POINT('',(-3.226797048358E1,0.E0,2.5E1));
#1478=DIRECTION('',(0.E0,0.E0,1.E0));
#1479=DIRECTION('',(1.E0,0.E0,0.E0));
#1480=AXIS2_PLACEMENT_3D('',#1477,#1478,#1479);
#1482=CURVE_STYLE('',#34,POSITIVE_LENGTH_MEASURE(2.E-2),#8);
#1483=PRESENTATION_STYLE_ASSIGNMENT((#1482));
#1484=STYLED_ITEM('',(#1483),#1481);
#1485=CARTESIAN_POINT('',(-3.226797048358E1,0.E0,2.5E1));
#1486=DIRECTION('',(0.E0,0.E0,1.E0));
#1487=DIRECTION('',(-1.E0,0.E0,0.E0));
#1488=AXIS2_PLACEMENT_3D('',#1485,#1486,#1487);
#1490=CURVE_STYLE('',#34,POSITIVE_LENGTH_MEASURE(2.E-2),#8);
#1491=PRESENTATION_STYLE_ASSIGNMENT((#1490));
#1492=STYLED_ITEM('',(#1491),#1489);
#1493=CARTESIAN_POINT('',(3.226797048358E1,0.E0,2.5E1));
#1494=DIRECTION('',(0.E0,0.E0,1.E0));
#1495=DIRECTION('',(1.E0,0.E0,0.E0));
#1496=AXIS2_PLACEMENT_3D('',#1493,#1494,#1495);
#1498=CURVE_STYLE('',#34,POSITIVE_LENGTH_MEASURE(2.E-2),#8);
#1499=PRESENTATION_STYLE_ASSIGNMENT((#1498));
#1500=STYLED_ITEM('',(#1499),#1497);
#1501=CARTESIAN_POINT('',(3.226797048358E1,0.E0,2.5E1));
#1502=DIRECTION('',(0.E0,0.E0,1.E0));
#1503=DIRECTION('',(-1.E0,0.E0,0.E0));
#1504=AXIS2_PLACEMENT_3D('',#1501,#1502,#1503);
#1506=CURVE_STYLE('',#34,POSITIVE_LENGTH_MEASURE(2.E-2),#8);
#1507=PRESENTATION_STYLE_ASSIGNMENT((#1506));
#1508=STYLED_ITEM('',(#1507),#1505);
#1509=CARTESIAN_POINT('',(-1.2E1,0.E0,2.5E1));
#1510=DIRECTION('',(0.E0,0.E0,-1.E0));
#1511=DIRECTION('',(-1.E0,0.E0,0.E0));
#1512=AXIS2_PLACEMENT_3D('',#1509,#1510,#1511);
#1514=CURVE_STYLE('',#34,POSITIVE_LENGTH_MEASURE(2.E-2),#8);
#1515=PRESENTATION_STYLE_ASSIGNMENT((#1514));
#1516=STYLED_ITEM('',(#1515),#1513);
#1517=CARTESIAN_POINT('',(-1.2E1,0.E0,2.5E1));
#1518=DIRECTION('',(0.E0,0.E0,-1.E0));
#1519=DIRECTION('',(1.E0,0.E0,0.E0));
#1520=AXIS2_PLACEMENT_3D('',#1517,#1518,#1519);
#1522=CURVE_STYLE('',#34,POSITIVE_LENGTH_MEASURE(2.E-2),#8);
#1523=PRESENTATION_STYLE_ASSIGNMENT((#1522));
#1524=STYLED_ITEM('',(#1523),#1521);
#1525=CARTESIAN_POINT('',(0.E0,0.E0,2.5E1));
#1526=DIRECTION('',(0.E0,0.E0,-1.E0));
#1527=DIRECTION('',(-1.E0,0.E0,0.E0));
#1528=AXIS2_PLACEMENT_3D('',#1525,#1526,#1527);
#1530=CURVE_STYLE('',#34,POSITIVE_LENGTH_MEASURE(2.E-2),#8);
#1531=PRESENTATION_STYLE_ASSIGNMENT((#1530));
#1532=STYLED_ITEM('',(#1531),#1529);
#1533=CARTESIAN_POINT('',(0.E0,0.E0,2.5E1));
#1534=DIRECTION('',(0.E0,0.E0,-1.E0));
#1535=DIRECTION('',(1.E0,0.E0,0.E0));
#1536=AXIS2_PLACEMENT_3D('',#1533,#1534,#1535);
#1538=CURVE_STYLE('',#34,POSITIVE_LENGTH_MEASURE(2.E-2),#8);
#1539=PRESENTATION_STYLE_ASSIGNMENT((#1538));
#1540=STYLED_ITEM('',(#1539),#1537);
#1541=CARTESIAN_POINT('',(1.2E1,0.E0,2.5E1));
#1542=DIRECTION('',(0.E0,0.E0,-1.E0));
#1543=DIRECTION('',(-1.E0,0.E0,0.E0));
#1544=AXIS2_PLACEMENT_3D('',#1541,#1542,#1543);
#1546=CURVE_STYLE('',#34,POSITIVE_LENGTH_MEASURE(2.E-2),#8);
#1547=PRESENTATION_STYLE_ASSIGNMENT((#1546));
#1548=STYLED_ITEM('',(#1547),#1545);
#1549=CARTESIAN_POINT('',(1.2E1,0.E0,2.5E1));
#1550=DIRECTION('',(0.E0,0.E0,-1.E0));
#1551=DIRECTION('',(1.E0,0.E0,0.E0));
#1552=AXIS2_PLACEMENT_3D('',#1549,#1550,#1551);
#1554=CURVE_STYLE('',#34,POSITIVE_LENGTH_MEASURE(2.E-2),#8);
#1555=PRESENTATION_STYLE_ASSIGNMENT((#1554));
#1556=STYLED_ITEM('',(#1555),#1553);
#1557=DIRECTION('',(0.E0,1.E0,0.E0));
#1558=VECTOR('',#1557,3.828219407768E0);
#1559=CARTESIAN_POINT('',(-1.879935154661E1,-8.255E0,2.5E1));
#1560=LINE('',#1559,#1558);
#1561=CURVE_STYLE('',#34,POSITIVE_LENGTH_MEASURE(2.E-2),#8);
#1562=PRESENTATION_STYLE_ASSIGNMENT((#1561));
#1563=STYLED_ITEM('',(#1562),#1560);
#1564=DIRECTION('',(1.E0,0.E0,0.E0));
#1565=VECTOR('',#1564,3.759870309323E1);
#1566=CARTESIAN_POINT('',(-1.879935154661E1,-4.426780592232E0,2.5E1));
#1567=LINE('',#1566,#1565);
#1568=CURVE_STYLE('',#34,POSITIVE_LENGTH_MEASURE(2.E-2),#8);
#1569=PRESENTATION_STYLE_ASSIGNMENT((#1568));
#1570=STYLED_ITEM('',(#1569),#1567);
#1571=DIRECTION('',(0.E0,1.E0,0.E0));
#1572=VECTOR('',#1571,3.828219407768E0);
#1573=CARTESIAN_POINT('',(1.879935154661E1,-8.255E0,2.5E1));
#1574=LINE('',#1573,#1572);
#1575=CURVE_STYLE('',#34,POSITIVE_LENGTH_MEASURE(2.E-2),#8);
#1576=PRESENTATION_STYLE_ASSIGNMENT((#1575));
#1577=STYLED_ITEM('',(#1576),#1574);
#1578=DIRECTION('',(1.E0,0.E0,0.E0));
#1579=VECTOR('',#1578,1.520064845339E1);
#1580=CARTESIAN_POINT('',(1.879935154661E1,-8.255E0,2.5E1));
#1581=LINE('',#1580,#1579);
#1582=CURVE_STYLE('',#34,POSITIVE_LENGTH_MEASURE(2.E-2),#8);
#1583=PRESENTATION_STYLE_ASSIGNMENT((#1582));
#1584=STYLED_ITEM('',(#1583),#1581);
#1585=CARTESIAN_POINT('',(3.4E1,-2.255E0,2.5E1));
#1586=DIRECTION('',(0.E0,0.E0,-1.E0));
#1587=DIRECTION('',(1.E0,0.E0,0.E0));
#1588=AXIS2_PLACEMENT_3D('',#1585,#1586,#1587);
#1590=CURVE_STYLE('',#34,POSITIVE_LENGTH_MEASURE(2.E-2),#8);
#1591=PRESENTATION_STYLE_ASSIGNMENT((#1590));
#1592=STYLED_ITEM('',(#1591),#1589);
#1593=DIRECTION('',(0.E0,1.E0,0.E0));
#1594=VECTOR('',#1593,2.822E1);
#1595=CARTESIAN_POINT('',(4.E1,-2.255E0,2.5E1));
#1596=LINE('',#1595,#1594);
#1597=CURVE_STYLE('',#34,POSITIVE_LENGTH_MEASURE(2.E-2),#8);
#1598=PRESENTATION_STYLE_ASSIGNMENT((#1597));
#1599=STYLED_ITEM('',(#1598),#1596);
#1600=DIRECTION('',(-1.E0,0.E0,0.E0));
#1601=VECTOR('',#1600,9.550279334919E0);
#1602=CARTESIAN_POINT('',(4.E1,2.5965E1,2.5E1));
#1603=LINE('',#1602,#1601);
#1604=CURVE_STYLE('',#34,POSITIVE_LENGTH_MEASURE(2.E-2),#8);
#1605=PRESENTATION_STYLE_ASSIGNMENT((#1604));
#1606=STYLED_ITEM('',(#1605),#1603);
#1607=DIRECTION('',(-1.E0,0.E0,0.E0));
#1608=VECTOR('',#1607,1.057972066508E1);
#1609=CARTESIAN_POINT('',(3.044972066508E1,9.965E0,2.5E1));
#1610=LINE('',#1609,#1608);
#1611=CURVE_STYLE('',#34,POSITIVE_LENGTH_MEASURE(2.E-2),#8);
#1612=PRESENTATION_STYLE_ASSIGNMENT((#1611));
#1613=STYLED_ITEM('',(#1612),#1610);
#1614=DIRECTION('',(-1.E0,0.E0,0.E0));
#1615=VECTOR('',#1614,4.487E1);
#1616=CARTESIAN_POINT('',(1.987E1,1.4965E1,2.5E1));
#1617=LINE('',#1616,#1615);
#1618=CURVE_STYLE('',#34,POSITIVE_LENGTH_MEASURE(2.E-2),#8);
#1619=PRESENTATION_STYLE_ASSIGNMENT((#1618));
#1620=STYLED_ITEM('',(#1619),#1617);
#1621=DIRECTION('',(0.E0,1.E0,0.E0));
#1622=VECTOR('',#1621,9.E0);
#1623=CARTESIAN_POINT('',(-2.5E1,1.4965E1,2.5E1));
#1624=LINE('',#1623,#1622);
#1625=CURVE_STYLE('',#34,POSITIVE_LENGTH_MEASURE(2.E-2),#8);
#1626=PRESENTATION_STYLE_ASSIGNMENT((#1625));
#1627=STYLED_ITEM('',(#1626),#1624);
#1628=CARTESIAN_POINT('',(-3.4E1,-2.255E0,2.5E1));
#1629=DIRECTION('',(0.E0,0.E0,-1.E0));
#1630=DIRECTION('',(0.E0,-1.E0,0.E0));
#1631=AXIS2_PLACEMENT_3D('',#1628,#1629,#1630);
#1633=CURVE_STYLE('',#34,POSITIVE_LENGTH_MEASURE(2.E-2),#8);
#1634=PRESENTATION_STYLE_ASSIGNMENT((#1633));
#1635=STYLED_ITEM('',(#1634),#1632);
#1636=DIRECTION('',(1.E0,0.E0,0.E0));
#1637=VECTOR('',#1636,1.520064845339E1);
#1638=CARTESIAN_POINT('',(-3.4E1,-8.255E0,2.5E1));
#1639=LINE('',#1638,#1637);
#1640=CURVE_STYLE('',#34,POSITIVE_LENGTH_MEASURE(2.E-2),#8);
#1641=PRESENTATION_STYLE_ASSIGNMENT((#1640));
#1642=STYLED_ITEM('',(#1641),#1639);
#1643=CARTESIAN_POINT('',(-2.601797048358E1,-6.548029896081E-10,2.6E1));
#1644=DIRECTION('',(1.047684855537E-10,1.E0,0.E0));
#1645=DIRECTION('',(-4.788134333467E-10,0.E0,-1.E0));
#1646=AXIS2_PLACEMENT_3D('',#1643,#1644,#1645);
#1648=CURVE_STYLE('',#34,POSITIVE_LENGTH_MEASURE(2.E-2),#8);
#1649=PRESENTATION_STYLE_ASSIGNMENT((#1648));
#1650=STYLED_ITEM('',(#1649),#1647);
#1651=CARTESIAN_POINT('',(-3.851797048358E1,6.547991593386E-10,2.6E1));
#1652=DIRECTION('',(-1.047678679922E-10,-1.E0,0.E0));
#1653=DIRECTION('',(4.788205387740E-10,0.E0,-1.E0));
#1654=AXIS2_PLACEMENT_3D('',#1651,#1652,#1653);
#1656=CURVE_STYLE('',#34,POSITIVE_LENGTH_MEASURE(2.E-2),#8);
#1657=PRESENTATION_STYLE_ASSIGNMENT((#1656));
#1658=STYLED_ITEM('',(#1657),#1655);
#1659=CARTESIAN_POINT('',(-3.226797048358E1,0.E0,5.4E1));
#1660=DIRECTION('',(0.E0,0.E0,-1.E0));
#1661=DIRECTION('',(1.E0,0.E0,0.E0));
#1662=AXIS2_PLACEMENT_3D('',#1659,#1660,#1661);
#1664=CURVE_STYLE('',#34,POSITIVE_LENGTH_MEASURE(2.E-2),#8);
#1665=PRESENTATION_STYLE_ASSIGNMENT((#1664));
#1666=STYLED_ITEM('',(#1665),#1663);
#1667=CARTESIAN_POINT('',(-3.226797048358E1,0.E0,2.6E1));
#1668=DIRECTION('',(0.E0,0.E0,1.E0));
#1669=DIRECTION('',(-1.E0,0.E0,0.E0));
#1670=AXIS2_PLACEMENT_3D('',#1667,#1668,#1669);
#1672=CURVE_STYLE('',#34,POSITIVE_LENGTH_MEASURE(2.E-2),#8);
#1673=PRESENTATION_STYLE_ASSIGNMENT((#1672));
#1674=STYLED_ITEM('',(#1673),#1671);
#1675=DIRECTION('',(0.E0,-2.788119437705E-13,1.E0));
#1676=VECTOR('',#1675,2.8E1);
#1677=CARTESIAN_POINT('',(-2.701797048358E1,8.326066607485E-10,2.6E1));
#1678=LINE('',#1677,#1676);
#1679=CURVE_STYLE('',#34,POSITIVE_LENGTH_MEASURE(2.E-2),#8);
#1680=PRESENTATION_STYLE_ASSIGNMENT((#1679));
#1681=STYLED_ITEM('',(#1680),#1678);
#1682=CARTESIAN_POINT('',(-2.601797048358E1,1.038134633813E-9,5.4E1));
#1683=DIRECTION('',(1.661015422427E-10,-1.E0,0.E0));
#1684=DIRECTION('',(-1.173784625053E-9,0.E0,1.E0));
#1685=AXIS2_PLACEMENT_3D('',#1682,#1683,#1684);
#1687=CURVE_STYLE('',#34,POSITIVE_LENGTH_MEASURE(2.E-2),#8);
#1688=PRESENTATION_STYLE_ASSIGNMENT((#1687));
#1689=STYLED_ITEM('',(#1688),#1686);
#1690=DIRECTION('',(0.E0,-1.E0,0.E0));
#1691=VECTOR('',#1690,5.E0);
#1692=CARTESIAN_POINT('',(9.950636103758E0,1.4965E1,5.5E1));
#1693=LINE('',#1692,#1691);
#1694=CURVE_STYLE('',#34,POSITIVE_LENGTH_MEASURE(2.E-2),#8);
#1695=PRESENTATION_STYLE_ASSIGNMENT((#1694));
#1696=STYLED_ITEM('',(#1695),#1693);
#1697=DIRECTION('',(1.E0,0.E0,0.E0));
#1698=VECTOR('',#1697,9.919363896242E0);
#1699=CARTESIAN_POINT('',(9.950636103758E0,1.4965E1,5.5E1));
#1700=LINE('',#1699,#1698);
#1701=CURVE_STYLE('',#34,POSITIVE_LENGTH_MEASURE(2.E-2),#8);
#1702=PRESENTATION_STYLE_ASSIGNMENT((#1701));
#1703=STYLED_ITEM('',(#1702),#1700);
#1704=DIRECTION('',(0.E0,-1.E0,0.E0));
#1705=VECTOR('',#1704,5.E0);
#1706=CARTESIAN_POINT('',(1.987E1,1.4965E1,5.5E1));
#1707=LINE('',#1706,#1705);
#1708=CURVE_STYLE('',#34,POSITIVE_LENGTH_MEASURE(2.E-2),#8);
#1709=PRESENTATION_STYLE_ASSIGNMENT((#1708));
#1710=STYLED_ITEM('',(#1709),#1707);
#1711=DIRECTION('',(-1.E0,0.E0,0.E0));
#1712=VECTOR('',#1711,9.919363896242E0);
#1713=CARTESIAN_POINT('',(1.987E1,9.965E0,5.5E1));
#1714=LINE('',#1713,#1712);
#1715=CURVE_STYLE('',#34,POSITIVE_LENGTH_MEASURE(2.E-2),#8);
#1716=PRESENTATION_STYLE_ASSIGNMENT((#1715));
#1717=STYLED_ITEM('',(#1716),#1714);
#1718=DIRECTION('',(1.E0,0.E0,0.E0));
#1719=VECTOR('',#1718,9.E0);
#1720=CARTESIAN_POINT('',(-3.4E1,-8.255E0,5.5E1));
#1721=LINE('',#1720,#1719);
#1722=CURVE_STYLE('',#34,POSITIVE_LENGTH_MEASURE(2.E-2),#8);
#1723=PRESENTATION_STYLE_ASSIGNMENT((#1722));
#1724=STYLED_ITEM('',(#1723),#1721);
#1725=CARTESIAN_POINT('',(-3.4E1,-2.255E0,5.5E1));
#1726=DIRECTION('',(0.E0,0.E0,1.E0));
#1727=DIRECTION('',(-1.E0,0.E0,0.E0));
#1728=AXIS2_PLACEMENT_3D('',#1725,#1726,#1727);
#1730=CURVE_STYLE('',#34,POSITIVE_LENGTH_MEASURE(2.E-2),#8);
#1731=PRESENTATION_STYLE_ASSIGNMENT((#1730));
#1732=STYLED_ITEM('',(#1731),#1729);
#1733=DIRECTION('',(1.E0,0.E0,0.E0));
#1734=VECTOR('',#1733,2.618680335166E1);
#1735=CARTESIAN_POINT('',(-2.5E1,1.4965E1,5.5E1));
#1736=LINE('',#1735,#1734);
#1737=CURVE_STYLE('',#34,POSITIVE_LENGTH_MEASURE(2.E-2),#8);
#1738=PRESENTATION_STYLE_ASSIGNMENT((#1737));
#1739=STYLED_ITEM('',(#1738),#1736);
#1740=DIRECTION('',(0.E0,-1.E0,0.E0));
#1741=VECTOR('',#1740,5.E0);
#1742=CARTESIAN_POINT('',(1.186803351655E0,1.4965E1,5.5E1));
#1743=LINE('',#1742,#1741);
#1744=CURVE_STYLE('',#34,POSITIVE_LENGTH_MEASURE(2.E-2),#8);
#1745=PRESENTATION_STYLE_ASSIGNMENT((#1744));
#1746=STYLED_ITEM('',(#1745),#1743);
#1747=CARTESIAN_POINT('',(-3.226797048358E1,0.E0,5.5E1));
#1748=DIRECTION('',(0.E0,0.E0,-1.E0));
#1749=DIRECTION('',(-1.E0,0.E0,0.E0));
#1750=AXIS2_PLACEMENT_3D('',#1747,#1748,#1749);
#1752=CURVE_STYLE('',#34,POSITIVE_LENGTH_MEASURE(2.E-2),#8);
#1753=PRESENTATION_STYLE_ASSIGNMENT((#1752));
#1754=STYLED_ITEM('',(#1753),#1751);
#1755=CARTESIAN_POINT('',(-3.226797048358E1,0.E0,5.5E1));
#1756=DIRECTION('',(0.E0,0.E0,-1.E0));
#1757=DIRECTION('',(1.E0,0.E0,0.E0));
#1758=AXIS2_PLACEMENT_3D('',#1755,#1756,#1757);
#1760=CURVE_STYLE('',#34,POSITIVE_LENGTH_MEASURE(2.E-2),#8);
#1761=PRESENTATION_STYLE_ASSIGNMENT((#1760));
#1762=STYLED_ITEM('',(#1761),#1759);
#1763=CARTESIAN_POINT('',(3.226797048358E1,0.E0,5.5E1));
#1764=DIRECTION('',(0.E0,0.E0,-1.E0));
#1765=DIRECTION('',(-1.E0,0.E0,0.E0));
#1766=AXIS2_PLACEMENT_3D('',#1763,#1764,#1765);
#1768=CURVE_STYLE('',#34,POSITIVE_LENGTH_MEASURE(2.E-2),#8);
#1769=PRESENTATION_STYLE_ASSIGNMENT((#1768));
#1770=STYLED_ITEM('',(#1769),#1767);
#1771=CARTESIAN_POINT('',(3.226797048358E1,0.E0,5.5E1));
#1772=DIRECTION('',(0.E0,0.E0,-1.E0));
#1773=DIRECTION('',(1.E0,0.E0,0.E0));
#1774=AXIS2_PLACEMENT_3D('',#1771,#1772,#1773);
#1776=CURVE_STYLE('',#34,POSITIVE_LENGTH_MEASURE(2.E-2),#8);
#1777=PRESENTATION_STYLE_ASSIGNMENT((#1776));
#1778=STYLED_ITEM('',(#1777),#1775);
#1779=DIRECTION('',(-7.071067811865E-1,-7.071067811865E-1,0.E0));
#1780=VECTOR('',#1779,2.828427124746E0);
#1781=CARTESIAN_POINT('',(2.7E1,9.965E0,5.5E1));
#1782=LINE('',#1781,#1780);
#1783=CURVE_STYLE('',#34,POSITIVE_LENGTH_MEASURE(2.E-2),#8);
#1784=PRESENTATION_STYLE_ASSIGNMENT((#1783));
#1785=STYLED_ITEM('',(#1784),#1782);
#1786=DIRECTION('',(0.E0,-1.E0,0.E0));
#1787=VECTOR('',#1786,1.222E1);
#1788=CARTESIAN_POINT('',(4.E1,9.965E0,5.5E1));
#1789=LINE('',#1788,#1787);
#1790=CURVE_STYLE('',#34,POSITIVE_LENGTH_MEASURE(2.E-2),#8);
#1791=PRESENTATION_STYLE_ASSIGNMENT((#1790));
#1792=STYLED_ITEM('',(#1791),#1789);
#1793=CARTESIAN_POINT('',(3.4E1,-2.255E0,5.5E1));
#1794=DIRECTION('',(0.E0,0.E0,1.E0));
#1795=DIRECTION('',(0.E0,-1.E0,0.E0));
#1796=AXIS2_PLACEMENT_3D('',#1793,#1794,#1795);
#1798=CURVE_STYLE('',#34,POSITIVE_LENGTH_MEASURE(2.E-2),#8);
#1799=PRESENTATION_STYLE_ASSIGNMENT((#1798));
#1800=STYLED_ITEM('',(#1799),#1797);
#1801=DIRECTION('',(1.E0,0.E0,0.E0));
#1802=VECTOR('',#1801,9.E0);
#1803=CARTESIAN_POINT('',(2.5E1,-8.255E0,5.5E1));
#1804=LINE('',#1803,#1802);
#1805=CURVE_STYLE('',#34,POSITIVE_LENGTH_MEASURE(2.E-2),#8);
#1806=PRESENTATION_STYLE_ASSIGNMENT((#1805));
#1807=STYLED_ITEM('',(#1806),#1804);
#1808=CARTESIAN_POINT('',(9.950636103758E0,2.4965E1,5.75E1));
#1809=DIRECTION('',(-1.E0,0.E0,0.E0));
#1810=DIRECTION('',(0.E0,-1.E0,0.E0));
#1811=AXIS2_PLACEMENT_3D('',#1808,#1809,#1810);
#1813=CURVE_STYLE('',#34,POSITIVE_LENGTH_MEASURE(2.E-2),#8);
#1814=PRESENTATION_STYLE_ASSIGNMENT((#1813));
#1815=STYLED_ITEM('',(#1814),#1812);
#1816=CARTESIAN_POINT('',(9.950636103758E0,2.4965E1,5.75E1));
#1817=DIRECTION('',(-1.E0,0.E0,0.E0));
#1818=DIRECTION('',(0.E0,1.E0,0.E0));
#1819=AXIS2_PLACEMENT_3D('',#1816,#1817,#1818);
#1821=CURVE_STYLE('',#34,POSITIVE_LENGTH_MEASURE(2.E-2),#8);
#1822=PRESENTATION_STYLE_ASSIGNMENT((#1821));
#1823=STYLED_ITEM('',(#1822),#1820);
#1824=CARTESIAN_POINT('',(9.950636103758E0,1.4965E1,5.75E1));
#1825=DIRECTION('',(-1.E0,0.E0,0.E0));
#1826=DIRECTION('',(0.E0,-1.E0,0.E0));
#1827=AXIS2_PLACEMENT_3D('',#1824,#1825,#1826);
#1829=CURVE_STYLE('',#34,POSITIVE_LENGTH_MEASURE(2.E-2),#8);
#1830=PRESENTATION_STYLE_ASSIGNMENT((#1829));
#1831=STYLED_ITEM('',(#1830),#1828);
#1832=CARTESIAN_POINT('',(9.950636103758E0,1.4965E1,5.75E1));
#1833=DIRECTION('',(-1.E0,0.E0,0.E0));
#1834=DIRECTION('',(0.E0,1.E0,0.E0));
#1835=AXIS2_PLACEMENT_3D('',#1832,#1833,#1834);
#1837=CURVE_STYLE('',#34,POSITIVE_LENGTH_MEASURE(2.E-2),#8);
#1838=PRESENTATION_STYLE_ASSIGNMENT((#1837));
#1839=STYLED_ITEM('',(#1838),#1836);
#1840=CARTESIAN_POINT('',(9.950636103758E0,2.4965E1,1.075E2));
#1841=DIRECTION('',(-1.E0,0.E0,0.E0));
#1842=DIRECTION('',(0.E0,-1.E0,0.E0));
#1843=AXIS2_PLACEMENT_3D('',#1840,#1841,#1842);
#1845=CURVE_STYLE('',#34,POSITIVE_LENGTH_MEASURE(2.E-2),#8);
#1846=PRESENTATION_STYLE_ASSIGNMENT((#1845));
#1847=STYLED_ITEM('',(#1846),#1844);
#1848=CARTESIAN_POINT('',(9.950636103758E0,2.4965E1,1.075E2));
#1849=DIRECTION('',(-1.E0,0.E0,0.E0));
#1850=DIRECTION('',(0.E0,1.E0,0.E0));
#1851=AXIS2_PLACEMENT_3D('',#1848,#1849,#1850);
#1853=CURVE_STYLE('',#34,POSITIVE_LENGTH_MEASURE(2.E-2),#8);
#1854=PRESENTATION_STYLE_ASSIGNMENT((#1853));
#1855=STYLED_ITEM('',(#1854),#1852);
#1856=CARTESIAN_POINT('',(9.950636103758E0,1.4965E1,1.075E2));
#1857=DIRECTION('',(-1.E0,0.E0,0.E0));
#1858=DIRECTION('',(0.E0,-1.E0,0.E0));
#1859=AXIS2_PLACEMENT_3D('',#1856,#1857,#1858);
#1861=CURVE_STYLE('',#34,POSITIVE_LENGTH_MEASURE(2.E-2),#8);
#1862=PRESENTATION_STYLE_ASSIGNMENT((#1861));
#1863=STYLED_ITEM('',(#1862),#1860);
#1864=CARTESIAN_POINT('',(9.950636103758E0,1.4965E1,1.075E2));
#1865=DIRECTION('',(-1.E0,0.E0,0.E0));
#1866=DIRECTION('',(0.E0,1.E0,0.E0));
#1867=AXIS2_PLACEMENT_3D('',#1864,#1865,#1866);
#1869=CURVE_STYLE('',#34,POSITIVE_LENGTH_MEASURE(2.E-2),#8);
#1870=PRESENTATION_STYLE_ASSIGNMENT((#1869));
#1871=STYLED_ITEM('',(#1870),#1868);
#1872=CARTESIAN_POINT('',(9.950636103758E0,2.8965E1,5.547262078293E1));
#1873=DIRECTION('',(1.E0,0.E0,0.E0));
#1874=DIRECTION('',(0.E0,0.E0,-1.E0));
#1875=AXIS2_PLACEMENT_3D('',#1872,#1873,#1874);
#1877=CURVE_STYLE('',#34,POSITIVE_LENGTH_MEASURE(2.E-2),#8);
#1878=PRESENTATION_STYLE_ASSIGNMENT((#1877));
#1879=STYLED_ITEM('',(#1878),#1876);
#1880=DIRECTION('',(0.E0,1.E0,0.E0));
#1881=VECTOR('',#1880,1.4E1);
#1882=CARTESIAN_POINT('',(9.950636103758E0,1.4965E1,5.447262078293E1));
#1883=LINE('',#1882,#1881);
#1884=CURVE_STYLE('',#34,POSITIVE_LENGTH_MEASURE(2.E-2),#8);
#1885=PRESENTATION_STYLE_ASSIGNMENT((#1884));
#1886=STYLED_ITEM('',(#1885),#1883);
#1887=DIRECTION('',(0.E0,-1.E0,0.E0));
#1888=VECTOR('',#1887,2.E1);
#1889=CARTESIAN_POINT('',(9.950636103758E0,2.9965E1,6.25E1));
#1890=LINE('',#1889,#1888);
#1891=CURVE_STYLE('',#34,POSITIVE_LENGTH_MEASURE(2.E-2),#8);
#1892=PRESENTATION_STYLE_ASSIGNMENT((#1891));
#1893=STYLED_ITEM('',(#1892),#1890);
#1894=DIRECTION('',(0.E0,0.E0,1.E0));
#1895=VECTOR('',#1894,7.027379217070E0);
#1896=CARTESIAN_POINT('',(9.950636103758E0,2.9965E1,5.547262078293E1));
#1897=LINE('',#1896,#1895);
#1898=CURVE_STYLE('',#34,POSITIVE_LENGTH_MEASURE(2.E-2),#8);
#1899=PRESENTATION_STYLE_ASSIGNMENT((#1898));
#1900=STYLED_ITEM('',(#1899),#1897);
#1901=CARTESIAN_POINT('',(9.950636103758E0,2.8965E1,1.1E2));
#1902=DIRECTION('',(1.E0,0.E0,0.E0));
#1903=DIRECTION('',(0.E0,1.E0,0.E0));
#1904=AXIS2_PLACEMENT_3D('',#1901,#1902,#1903);
#1906=CURVE_STYLE('',#34,POSITIVE_LENGTH_MEASURE(2.E-2),#8);
#1907=PRESENTATION_STYLE_ASSIGNMENT((#1906));
#1908=STYLED_ITEM('',(#1907),#1905);
#1909=DIRECTION('',(0.E0,0.E0,1.E0));
#1910=VECTOR('',#1909,7.5E0);
#1911=CARTESIAN_POINT('',(9.950636103758E0,2.9965E1,1.025E2));
#1912=LINE('',#1911,#1910);
#1913=CURVE_STYLE('',#34,POSITIVE_LENGTH_MEASURE(2.E-2),#8);
#1914=PRESENTATION_STYLE_ASSIGNMENT((#1913));
#1915=STYLED_ITEM('',(#1914),#1912);
#1916=DIRECTION('',(0.E0,1.E0,0.E0));
#1917=VECTOR('',#1916,2.E1);
#1918=CARTESIAN_POINT('',(9.950636103758E0,9.965E0,1.025E2));
#1919=LINE('',#1918,#1917);
#1920=CURVE_STYLE('',#34,POSITIVE_LENGTH_MEASURE(2.E-2),#8);
#1921=PRESENTATION_STYLE_ASSIGNMENT((#1920));
#1922=STYLED_ITEM('',(#1921),#1919);
#1923=DIRECTION('',(0.E0,-1.E0,0.E0));
#1924=VECTOR('',#1923,1.9E1);
#1925=CARTESIAN_POINT('',(9.950636103758E0,2.8965E1,1.11E2));
#1926=LINE('',#1925,#1924);
#1927=CURVE_STYLE('',#34,POSITIVE_LENGTH_MEASURE(2.E-2),#8);
#1928=PRESENTATION_STYLE_ASSIGNMENT((#1927));
#1929=STYLED_ITEM('',(#1928),#1926);
#1930=CARTESIAN_POINT('',(6.445636103758E0,2.4965E1,5.75E1));
#1931=DIRECTION('',(1.E0,0.E0,0.E0));
#1932=DIRECTION('',(0.E0,0.E0,-1.E0));
#1933=AXIS2_PLACEMENT_3D('',#1930,#1931,#1932);
#1935=CURVE_STYLE('',#34,POSITIVE_LENGTH_MEASURE(2.E-2),#8);
#1936=PRESENTATION_STYLE_ASSIGNMENT((#1935));
#1937=STYLED_ITEM('',(#1936),#1934);
#1938=DIRECTION('',(1.E0,0.E0,0.E0));
#1939=VECTOR('',#1938,1.585E0);
#1940=CARTESIAN_POINT('',(8.365636103758E0,2.3065E1,5.75E1));
#1941=LINE('',#1940,#1939);
#1942=CURVE_STYLE('',#34,POSITIVE_LENGTH_MEASURE(2.E-2),#8);
#1943=PRESENTATION_STYLE_ASSIGNMENT((#1942));
#1944=STYLED_ITEM('',(#1943),#1941);
#1945=CARTESIAN_POINT('',(8.365636103758E0,2.4965E1,5.75E1));
#1946=DIRECTION('',(1.E0,0.E0,0.E0));
#1947=DIRECTION('',(0.E0,0.E0,-1.E0));
#1948=AXIS2_PLACEMENT_3D('',#1945,#1946,#1947);
#1950=CURVE_STYLE('',#34,POSITIVE_LENGTH_MEASURE(2.E-2),#8);
#1951=PRESENTATION_STYLE_ASSIGNMENT((#1950));
#1952=STYLED_ITEM('',(#1951),#1949);
#1953=DIRECTION('',(-1.E0,0.E0,0.E0));
#1954=VECTOR('',#1953,1.92E0);
#1955=CARTESIAN_POINT('',(8.365636103758E0,2.4965E1,5.56E1));
#1956=LINE('',#1955,#1954);
#1957=CURVE_STYLE('',#34,POSITIVE_LENGTH_MEASURE(2.E-2),#8);
#1958=PRESENTATION_STYLE_ASSIGNMENT((#1957));
#1959=STYLED_ITEM('',(#1958),#1956);
#1960=CARTESIAN_POINT('',(6.445636103758E0,2.8965E1,5.547262078293E1));
#1961=DIRECTION('',(-1.E0,0.E0,0.E0));
#1962=DIRECTION('',(0.E0,1.E0,0.E0));
#1963=AXIS2_PLACEMENT_3D('',#1960,#1961,#1962);
#1965=CURVE_STYLE('',#34,POSITIVE_LENGTH_MEASURE(2.E-2),#8);
#1966=PRESENTATION_STYLE_ASSIGNMENT((#1965));
#1967=STYLED_ITEM('',(#1966),#1964);
#1968=DIRECTION('',(0.E0,-1.E0,0.E0));
#1969=VECTOR('',#1968,2.E1);
#1970=CARTESIAN_POINT('',(6.445636103758E0,2.9965E1,6.05E1));
#1971=LINE('',#1970,#1969);
#1972=CURVE_STYLE('',#34,POSITIVE_LENGTH_MEASURE(2.E-2),#8);
#1973=PRESENTATION_STYLE_ASSIGNMENT((#1972));
#1974=STYLED_ITEM('',(#1973),#1971);
#1975=CARTESIAN_POINT('',(6.445636103758E0,1.4965E1,5.75E1));
#1976=DIRECTION('',(1.E0,0.E0,0.E0));
#1977=DIRECTION('',(0.E0,0.E0,-1.E0));
#1978=AXIS2_PLACEMENT_3D('',#1975,#1976,#1977);
#1980=CURVE_STYLE('',#34,POSITIVE_LENGTH_MEASURE(2.E-2),#8);
#1981=PRESENTATION_STYLE_ASSIGNMENT((#1980));
#1982=STYLED_ITEM('',(#1981),#1979);
#1983=DIRECTION('',(1.E0,0.E0,0.E0));
#1984=VECTOR('',#1983,1.585E0);
#1985=CARTESIAN_POINT('',(8.365636103758E0,1.3065E1,5.75E1));
#1986=LINE('',#1985,#1984);
#1987=CURVE_STYLE('',#34,POSITIVE_LENGTH_MEASURE(2.E-2),#8);
#1988=PRESENTATION_STYLE_ASSIGNMENT((#1987));
#1989=STYLED_ITEM('',(#1988),#1986);
#1990=CARTESIAN_POINT('',(8.365636103758E0,1.4965E1,5.75E1));
#1991=DIRECTION('',(1.E0,0.E0,0.E0));
#1992=DIRECTION('',(0.E0,0.E0,-1.E0));
#1993=AXIS2_PLACEMENT_3D('',#1990,#1991,#1992);
#1995=CURVE_STYLE('',#34,POSITIVE_LENGTH_MEASURE(2.E-2),#8);
#1996=PRESENTATION_STYLE_ASSIGNMENT((#1995));
#1997=STYLED_ITEM('',(#1996),#1994);
#1998=DIRECTION('',(-1.E0,0.E0,0.E0));
#1999=VECTOR('',#1998,1.92E0);
#2000=CARTESIAN_POINT('',(8.365636103758E0,1.4965E1,5.56E1));
#2001=LINE('',#2000,#1999);
#2002=CURVE_STYLE('',#34,POSITIVE_LENGTH_MEASURE(2.E-2),#8);
#2003=PRESENTATION_STYLE_ASSIGNMENT((#2002));
#2004=STYLED_ITEM('',(#2003),#2001);
#2005=CARTESIAN_POINT('',(6.445636103758E0,1.4965E1,5.75E1));
#2006=DIRECTION('',(1.E0,0.E0,0.E0));
#2007=DIRECTION('',(0.E0,0.E0,1.E0));
#2008=AXIS2_PLACEMENT_3D('',#2005,#2006,#2007);
#2010=CURVE_STYLE('',#34,POSITIVE_LENGTH_MEASURE(2.E-2),#8);
#2011=PRESENTATION_STYLE_ASSIGNMENT((#2010));
#2012=STYLED_ITEM('',(#2011),#2009);
#2013=DIRECTION('',(1.E0,0.E0,0.E0));
#2014=VECTOR('',#2013,1.585E0);
#2015=CARTESIAN_POINT('',(8.365636103758E0,1.6865E1,5.75E1));
#2016=LINE('',#2015,#2014);
#2017=CURVE_STYLE('',#34,POSITIVE_LENGTH_MEASURE(2.E-2),#8);
#2018=PRESENTATION_STYLE_ASSIGNMENT((#2017));
#2019=STYLED_ITEM('',(#2018),#2016);
#2020=CARTESIAN_POINT('',(8.365636103758E0,1.4965E1,5.75E1));
#2021=DIRECTION('',(1.E0,0.E0,0.E0));
#2022=DIRECTION('',(0.E0,0.E0,1.E0));
#2023=AXIS2_PLACEMENT_3D('',#2020,#2021,#2022);
#2025=CURVE_STYLE('',#34,POSITIVE_LENGTH_MEASURE(2.E-2),#8);
#2026=PRESENTATION_STYLE_ASSIGNMENT((#2025));
#2027=STYLED_ITEM('',(#2026),#2024);
#2028=DIRECTION('',(-1.E0,0.E0,0.E0));
#2029=VECTOR('',#2028,1.92E0);
#2030=CARTESIAN_POINT('',(8.365636103758E0,1.4965E1,5.94E1));
#2031=LINE('',#2030,#2029);
#2032=CURVE_STYLE('',#34,POSITIVE_LENGTH_MEASURE(2.E-2),#8);
#2033=PRESENTATION_STYLE_ASSIGNMENT((#2032));
#2034=STYLED_ITEM('',(#2033),#2031);
#2035=CARTESIAN_POINT('',(6.445636103758E0,2.4965E1,5.75E1));
#2036=DIRECTION('',(1.E0,0.E0,0.E0));
#2037=DIRECTION('',(0.E0,0.E0,1.E0));
#2038=AXIS2_PLACEMENT_3D('',#2035,#2036,#2037);
#2040=CURVE_STYLE('',#34,POSITIVE_LENGTH_MEASURE(2.E-2),#8);
#2041=PRESENTATION_STYLE_ASSIGNMENT((#2040));
#2042=STYLED_ITEM('',(#2041),#2039);
#2043=DIRECTION('',(1.E0,0.E0,0.E0));
#2044=VECTOR('',#2043,1.585E0);
#2045=CARTESIAN_POINT('',(8.365636103758E0,2.6865E1,5.75E1));
#2046=LINE('',#2045,#2044);
#2047=CURVE_STYLE('',#34,POSITIVE_LENGTH_MEASURE(2.E-2),#8);
#2048=PRESENTATION_STYLE_ASSIGNMENT((#2047));
#2049=STYLED_ITEM('',(#2048),#2046);
#2050=CARTESIAN_POINT('',(8.365636103758E0,2.4965E1,5.75E1));
#2051=DIRECTION('',(1.E0,0.E0,0.E0));
#2052=DIRECTION('',(0.E0,0.E0,1.E0));
#2053=AXIS2_PLACEMENT_3D('',#2050,#2051,#2052);
#2055=CURVE_STYLE('',#34,POSITIVE_LENGTH_MEASURE(2.E-2),#8);
#2056=PRESENTATION_STYLE_ASSIGNMENT((#2055));
#2057=STYLED_ITEM('',(#2056),#2054);
#2058=DIRECTION('',(-1.E0,0.E0,0.E0));
#2059=VECTOR('',#2058,1.92E0);
#2060=CARTESIAN_POINT('',(8.365636103758E0,2.4965E1,5.94E1));
#2061=LINE('',#2060,#2059);
#2062=CURVE_STYLE('',#34,POSITIVE_LENGTH_MEASURE(2.E-2),#8);
#2063=PRESENTATION_STYLE_ASSIGNMENT((#2062));
#2064=STYLED_ITEM('',(#2063),#2061);
#2065=DIRECTION('',(0.E0,0.E0,1.E0));
#2066=VECTOR('',#2065,2.E0);
#2067=CARTESIAN_POINT('',(3.25E0,2.9965E1,1.025E2));
#2068=LINE('',#2067,#2066);
#2069=CURVE_STYLE('',#34,POSITIVE_LENGTH_MEASURE(2.E-2),#8);
#2070=PRESENTATION_STYLE_ASSIGNMENT((#2069));
#2071=STYLED_ITEM('',(#2070),#2068);
#2072=DIRECTION('',(-1.E0,0.E0,0.E0));
#2073=VECTOR('',#2072,3.505E0);
#2074=CARTESIAN_POINT('',(9.950636103758E0,2.9965E1,1.1E2));
#2075=LINE('',#2074,#2073);
#2076=CURVE_STYLE('',#34,POSITIVE_LENGTH_MEASURE(2.E-2),#8);
#2077=PRESENTATION_STYLE_ASSIGNMENT((#2076));
#2078=STYLED_ITEM('',(#2077),#2075);
#2079=DIRECTION('',(0.E0,0.E0,-1.E0));
#2080=VECTOR('',#2079,5.5E0);
#2081=CARTESIAN_POINT('',(6.445636103758E0,2.9965E1,1.1E2));
#2082=LINE('',#2081,#2080);
#2083=CURVE_STYLE('',#34,POSITIVE_LENGTH_MEASURE(2.E-2),#8);
#2084=PRESENTATION_STYLE_ASSIGNMENT((#2083));
#2085=STYLED_ITEM('',(#2084),#2082);
#2086=DIRECTION('',(0.E0,0.E0,1.E0));
#2087=VECTOR('',#2086,2.E0);
#2088=CARTESIAN_POINT('',(3.25E0,2.9965E1,6.05E1));
#2089=LINE('',#2088,#2087);
#2090=CURVE_STYLE('',#34,POSITIVE_LENGTH_MEASURE(2.E-2),#8);
#2091=PRESENTATION_STYLE_ASSIGNMENT((#2090));
#2092=STYLED_ITEM('',(#2091),#2089);
#2093=DIRECTION('',(0.E0,0.E0,1.E0));
#2094=VECTOR('',#2093,5.027379217070E0);
#2095=CARTESIAN_POINT('',(6.445636103758E0,2.9965E1,5.547262078293E1));
#2096=LINE('',#2095,#2094);
#2097=CURVE_STYLE('',#34,POSITIVE_LENGTH_MEASURE(2.E-2),#8);
#2098=PRESENTATION_STYLE_ASSIGNMENT((#2097));
#2099=STYLED_ITEM('',(#2098),#2096);
#2100=DIRECTION('',(1.E0,0.E0,0.E0));
#2101=VECTOR('',#2100,3.505E0);
#2102=CARTESIAN_POINT('',(6.445636103758E0,2.9965E1,5.547262078293E1));
#2103=LINE('',#2102,#2101);
#2104=CURVE_STYLE('',#34,POSITIVE_LENGTH_MEASURE(2.E-2),#8);
#2105=PRESENTATION_STYLE_ASSIGNMENT((#2104));
#2106=STYLED_ITEM('',(#2105),#2103);
#2107=DIRECTION('',(0.E0,1.E0,0.E0));
#2108=VECTOR('',#2107,5.E0);
#2109=CARTESIAN_POINT('',(-1.244768648013E1,9.965E0,1.045E2));
#2110=LINE('',#2109,#2108);
#2111=CURVE_STYLE('',#34,POSITIVE_LENGTH_MEASURE(2.E-2),#8);
#2112=PRESENTATION_STYLE_ASSIGNMENT((#2111));
#2113=STYLED_ITEM('',(#2112),#2110);
#2114=DIRECTION('',(1.E0,0.E0,0.E0));
#2115=VECTOR('',#2114,7.152313519872E0);
#2116=CARTESIAN_POINT('',(-1.96E1,1.4965E1,1.045E2));
#2117=LINE('',#2116,#2115);
#2118=CURVE_STYLE('',#34,POSITIVE_LENGTH_MEASURE(2.E-2),#8);
#2119=PRESENTATION_STYLE_ASSIGNMENT((#2118));
#2120=STYLED_ITEM('',(#2119),#2117);
#2121=CARTESIAN_POINT('',(3.25E0,2.8965E1,1.045E2));
#2122=DIRECTION('',(0.E0,0.E0,1.E0));
#2123=DIRECTION('',(0.E0,1.E0,0.E0));
#2124=AXIS2_PLACEMENT_3D('',#2121,#2122,#2123);
#2126=CURVE_STYLE('',#34,POSITIVE_LENGTH_MEASURE(2.E-2),#8);
#2127=PRESENTATION_STYLE_ASSIGNMENT((#2126));
#2128=STYLED_ITEM('',(#2127),#2125);
#2129=DIRECTION('',(1.E0,0.E0,0.E0));
#2130=VECTOR('',#2129,3.195636103758E0);
#2131=CARTESIAN_POINT('',(3.25E0,2.9965E1,1.045E2));
#2132=LINE('',#2131,#2130);
#2133=CURVE_STYLE('',#34,POSITIVE_LENGTH_MEASURE(2.E-2),#8);
#2134=PRESENTATION_STYLE_ASSIGNMENT((#2133));
#2135=STYLED_ITEM('',(#2134),#2132);
#2136=DIRECTION('',(0.E0,-1.E0,0.E0));
#2137=VECTOR('',#2136,2.E1);
#2138=CARTESIAN_POINT('',(6.445636103758E0,2.9965E1,1.045E2));
#2139=LINE('',#2138,#2137);
#2140=CURVE_STYLE('',#34,POSITIVE_LENGTH_MEASURE(2.E-2),#8);
#2141=PRESENTATION_STYLE_ASSIGNMENT((#2140));
#2142=STYLED_ITEM('',(#2141),#2139);
#2143=DIRECTION('',(0.E0,1.E0,0.E0));
#2144=VECTOR('',#2143,5.E0);
#2145=CARTESIAN_POINT('',(-1.383971653354E0,9.965E0,1.045E2));
#2146=LINE('',#2145,#2144);
#2147=CURVE_STYLE('',#34,POSITIVE_LENGTH_MEASURE(2.E-2),#8);
#2148=PRESENTATION_STYLE_ASSIGNMENT((#2147));
#2149=STYLED_ITEM('',(#2148),#2146);
#2150=DIRECTION('',(1.E0,0.E0,0.E0));
#2151=VECTOR('',#2150,3.633971653354E0);
#2152=CARTESIAN_POINT('',(-1.383971653354E0,1.4965E1,1.045E2));
#2153=LINE('',#2152,#2151);
#2154=CURVE_STYLE('',#34,POSITIVE_LENGTH_MEASURE(2.E-2),#8);
#2155=PRESENTATION_STYLE_ASSIGNMENT((#2154));
#2156=STYLED_ITEM('',(#2155),#2153);
#2157=DIRECTION('',(0.E0,-1.E0,0.E0));
#2158=VECTOR('',#2157,1.4E1);
#2159=CARTESIAN_POINT('',(2.25E0,2.8965E1,1.045E2));
#2160=LINE('',#2159,#2158);
#2161=CURVE_STYLE('',#34,POSITIVE_LENGTH_MEASURE(2.E-2),#8);
#2162=PRESENTATION_STYLE_ASSIGNMENT((#2161));
#2163=STYLED_ITEM('',(#2162),#2160);
#2164=DIRECTION('',(0.E0,1.E0,0.E0));
#2165=VECTOR('',#2164,5.E0);
#2166=CARTESIAN_POINT('',(-1.244768648013E1,9.965E0,1.025E2));
#2167=LINE('',#2166,#2165);
#2168=CURVE_STYLE('',#34,POSITIVE_LENGTH_MEASURE(2.E-2),#8);
#2169=PRESENTATION_STYLE_ASSIGNMENT((#2168));
#2170=STYLED_ITEM('',(#2169),#2167);
#2171=DIRECTION('',(1.E0,0.E0,0.E0));
#2172=VECTOR('',#2171,7.152313519872E0);
#2173=CARTESIAN_POINT('',(-1.96E1,1.4965E1,1.025E2));
#2174=LINE('',#2173,#2172);
#2175=CURVE_STYLE('',#34,POSITIVE_LENGTH_MEASURE(2.E-2),#8);
#2176=PRESENTATION_STYLE_ASSIGNMENT((#2175));
#2177=STYLED_ITEM('',(#2176),#2174);
#2178=CARTESIAN_POINT('',(3.25E0,2.8965E1,1.025E2));
#2179=DIRECTION('',(0.E0,0.E0,-1.E0));
#2180=DIRECTION('',(-1.E0,0.E0,0.E0));
#2181=AXIS2_PLACEMENT_3D('',#2178,#2179,#2180);
#2183=CURVE_STYLE('',#34,POSITIVE_LENGTH_MEASURE(2.E-2),#8);
#2184=PRESENTATION_STYLE_ASSIGNMENT((#2183));
#2185=STYLED_ITEM('',(#2184),#2182);
#2186=DIRECTION('',(0.E0,-1.E0,0.E0));
#2187=VECTOR('',#2186,1.4E1);
#2188=CARTESIAN_POINT('',(2.25E0,2.8965E1,1.025E2));
#2189=LINE('',#2188,#2187);
#2190=CURVE_STYLE('',#34,POSITIVE_LENGTH_MEASURE(2.E-2),#8);
#2191=PRESENTATION_STYLE_ASSIGNMENT((#2190));
#2192=STYLED_ITEM('',(#2191),#2189);
#2193=DIRECTION('',(1.E0,0.E0,0.E0));
#2194=VECTOR('',#2193,3.633971653354E0);
#2195=CARTESIAN_POINT('',(-1.383971653354E0,1.4965E1,1.025E2));
#2196=LINE('',#2195,#2194);
#2197=CURVE_STYLE('',#34,POSITIVE_LENGTH_MEASURE(2.E-2),#8);
#2198=PRESENTATION_STYLE_ASSIGNMENT((#2197));
#2199=STYLED_ITEM('',(#2198),#2196);
#2200=DIRECTION('',(0.E0,1.E0,0.E0));
#2201=VECTOR('',#2200,5.E0);
#2202=CARTESIAN_POINT('',(-1.383971653354E0,9.965E0,1.025E2));
#2203=LINE('',#2202,#2201);
#2204=CURVE_STYLE('',#34,POSITIVE_LENGTH_MEASURE(2.E-2),#8);
#2205=PRESENTATION_STYLE_ASSIGNMENT((#2204));
#2206=STYLED_ITEM('',(#2205),#2203);
#2207=DIRECTION('',(1.E0,0.E0,0.E0));
#2208=VECTOR('',#2207,1.133460775711E1);
#2209=CARTESIAN_POINT('',(-1.383971653354E0,9.965E0,1.025E2));
#2210=LINE('',#2209,#2208);
#2211=CURVE_STYLE('',#34,POSITIVE_LENGTH_MEASURE(2.E-2),#8);
#2212=PRESENTATION_STYLE_ASSIGNMENT((#2211));
#2213=STYLED_ITEM('',(#2212),#2210);
#2214=DIRECTION('',(-1.E0,0.E0,0.E0));
#2215=VECTOR('',#2214,6.700636103758E0);
#2216=CARTESIAN_POINT('',(9.950636103758E0,2.9965E1,1.025E2));
#2217=LINE('',#2216,#2215);
#2218=CURVE_STYLE('',#34,POSITIVE_LENGTH_MEASURE(2.E-2),#8);
#2219=PRESENTATION_STYLE_ASSIGNMENT((#2218));
#2220=STYLED_ITEM('',(#2219),#2217);
#2221=DIRECTION('',(0.E0,0.E0,1.E0));
#2222=VECTOR('',#2221,2.E0);
#2223=CARTESIAN_POINT('',(-1.96E1,1.4965E1,1.025E2));
#2224=LINE('',#2223,#2222);
#2225=CURVE_STYLE('',#34,POSITIVE_LENGTH_MEASURE(2.E-2),#8);
#2226=PRESENTATION_STYLE_ASSIGNMENT((#2225));
#2227=STYLED_ITEM('',(#2226),#2224);
#2228=DIRECTION('',(0.E0,-1.E0,0.E0));
#2229=VECTOR('',#2228,5.E0);
#2230=CARTESIAN_POINT('',(-1.96E1,1.4965E1,1.045E2));
#2231=LINE('',#2230,#2229);
#2232=CURVE_STYLE('',#34,POSITIVE_LENGTH_MEASURE(2.E-2),#8);
#2233=PRESENTATION_STYLE_ASSIGNMENT((#2232));
#2234=STYLED_ITEM('',(#2233),#2231);
#2235=DIRECTION('',(0.E0,0.E0,-1.E0));
#2236=VECTOR('',#2235,2.E0);
#2237=CARTESIAN_POINT('',(-1.96E1,9.965E0,1.045E2));
#2238=LINE('',#2237,#2236);
#2239=CURVE_STYLE('',#34,POSITIVE_LENGTH_MEASURE(2.E-2),#8);
#2240=PRESENTATION_STYLE_ASSIGNMENT((#2239));
#2241=STYLED_ITEM('',(#2240),#2238);
#2242=DIRECTION('',(0.E0,1.E0,0.E0));
#2243=VECTOR('',#2242,5.E0);
#2244=CARTESIAN_POINT('',(-1.96E1,9.965E0,1.025E2));
#2245=LINE('',#2244,#2243);
#2246=CURVE_STYLE('',#34,POSITIVE_LENGTH_MEASURE(2.E-2),#8);
#2247=PRESENTATION_STYLE_ASSIGNMENT((#2246));
#2248=STYLED_ITEM('',(#2247),#2245);
#2249=DIRECTION('',(1.E0,0.E0,0.E0));
#2250=VECTOR('',#2249,7.152313519872E0);
#2251=CARTESIAN_POINT('',(-1.96E1,9.965E0,1.045E2));
#2252=LINE('',#2251,#2250);
#2253=CURVE_STYLE('',#34,POSITIVE_LENGTH_MEASURE(2.E-2),#8);
#2254=PRESENTATION_STYLE_ASSIGNMENT((#2253));
#2255=STYLED_ITEM('',(#2254),#2252);
#2256=DIRECTION('',(0.E0,0.E0,-1.E0));
#2257=VECTOR('',#2256,2.E0);
#2258=CARTESIAN_POINT('',(-1.244768648013E1,9.965E0,1.045E2));
#2259=LINE('',#2258,#2257);
#2260=CURVE_STYLE('',#34,POSITIVE_LENGTH_MEASURE(2.E-2),#8);
#2261=PRESENTATION_STYLE_ASSIGNMENT((#2260));
#2262=STYLED_ITEM('',(#2261),#2259);
#2263=DIRECTION('',(1.E0,0.E0,0.E0));
#2264=VECTOR('',#2263,7.152313519872E0);
#2265=CARTESIAN_POINT('',(-1.96E1,9.965E0,1.025E2));
#2266=LINE('',#2265,#2264);
#2267=CURVE_STYLE('',#34,POSITIVE_LENGTH_MEASURE(2.E-2),#8);
#2268=PRESENTATION_STYLE_ASSIGNMENT((#2267));
#2269=STYLED_ITEM('',(#2268),#2266);
#2270=DIRECTION('',(0.E0,0.E0,1.E0));
#2271=VECTOR('',#2270,1.2E1);
#2272=CARTESIAN_POINT('',(2.194972066508E1,9.965E0,5.087517001052E1));
#2273=LINE('',#2272,#2271);
#2274=CURVE_STYLE('',#34,POSITIVE_LENGTH_MEASURE(2.E-2),#8);
#2275=PRESENTATION_STYLE_ASSIGNMENT((#2274));
#2276=STYLED_ITEM('',(#2275),#2273);
#2277=DIRECTION('',(0.E0,0.E0,1.E0));
#2278=VECTOR('',#2277,2.812482998948E1);
#2279=CARTESIAN_POINT('',(2.5E1,9.965E0,6.287517001052E1));
#2280=LINE('',#2279,#2278);
#2281=CURVE_STYLE('',#34,POSITIVE_LENGTH_MEASURE(2.E-2),#8);
#2282=PRESENTATION_STYLE_ASSIGNMENT((#2281));
#2283=STYLED_ITEM('',(#2282),#2280);
#2284=DIRECTION('',(0.E0,0.E0,-1.E0));
#2285=VECTOR('',#2284,2.E1);
#2286=CARTESIAN_POINT('',(3.4E1,9.965E0,1.11E2));
#2287=LINE('',#2286,#2285);
#2288=CURVE_STYLE('',#34,POSITIVE_LENGTH_MEASURE(2.E-2),#8);
#2289=PRESENTATION_STYLE_ASSIGNMENT((#2288));
#2290=STYLED_ITEM('',(#2289),#2287);
#2291=DIRECTION('',(0.E0,0.E0,-1.E0));
#2292=VECTOR('',#2291,8.5E0);
#2293=CARTESIAN_POINT('',(9.950636103758E0,9.965E0,1.11E2));
#2294=LINE('',#2293,#2292);
#2295=CURVE_STYLE('',#34,POSITIVE_LENGTH_MEASURE(2.E-2),#8);
#2296=PRESENTATION_STYLE_ASSIGNMENT((#2295));
#2297=STYLED_ITEM('',(#2296),#2294);
#2298=DIRECTION('',(1.E0,0.E0,0.E0));
#2299=VECTOR('',#2298,7.829607757111E0);
#2300=CARTESIAN_POINT('',(-1.383971653354E0,9.965E0,1.045E2));
#2301=LINE('',#2300,#2299);
#2302=CURVE_STYLE('',#34,POSITIVE_LENGTH_MEASURE(2.E-2),#8);
#2303=PRESENTATION_STYLE_ASSIGNMENT((#2302));
#2304=STYLED_ITEM('',(#2303),#2301);
#2305=DIRECTION('',(0.E0,0.E0,-1.E0));
#2306=VECTOR('',#2305,6.5E0);
#2307=CARTESIAN_POINT('',(6.445636103758E0,9.965E0,1.11E2));
#2308=LINE('',#2307,#2306);
#2309=CURVE_STYLE('',#34,POSITIVE_LENGTH_MEASURE(2.E-2),#8);
#2310=PRESENTATION_STYLE_ASSIGNMENT((#2309));
#2311=STYLED_ITEM('',(#2310),#2308);
#2312=DIRECTION('',(-1.E0,0.E0,0.E0));
#2313=VECTOR('',#2312,4.044563610376E1);
#2314=CARTESIAN_POINT('',(6.445636103758E0,9.965E0,1.11E2));
#2315=LINE('',#2314,#2313);
#2316=CURVE_STYLE('',#34,POSITIVE_LENGTH_MEASURE(2.E-2),#8);
#2317=PRESENTATION_STYLE_ASSIGNMENT((#2316));
#2318=STYLED_ITEM('',(#2317),#2315);
#2319=DIRECTION('',(0.E0,0.E0,1.E0));
#2320=VECTOR('',#2319,2.E1);
#2321=CARTESIAN_POINT('',(-3.4E1,9.965E0,9.1E1));
#2322=LINE('',#2321,#2320);
#2323=CURVE_STYLE('',#34,POSITIVE_LENGTH_MEASURE(2.E-2),#8);
#2324=PRESENTATION_STYLE_ASSIGNMENT((#2323));
#2325=STYLED_ITEM('',(#2324),#2322);
#2326=DIRECTION('',(1.E0,0.E0,0.E0));
#2327=VECTOR('',#2326,9.E0);
#2328=CARTESIAN_POINT('',(-3.4E1,9.965E0,9.1E1));
#2329=LINE('',#2328,#2327);
#2330=CURVE_STYLE('',#34,POSITIVE_LENGTH_MEASURE(2.E-2),#8);
#2331=PRESENTATION_STYLE_ASSIGNMENT((#2330));
#2332=STYLED_ITEM('',(#2331),#2329);
#2333=DIRECTION('',(0.E0,0.E0,-1.E0));
#2334=VECTOR('',#2333,3.6E1);
#2335=CARTESIAN_POINT('',(-2.5E1,9.965E0,9.1E1));
#2336=LINE('',#2335,#2334);
#2337=CURVE_STYLE('',#34,POSITIVE_LENGTH_MEASURE(2.E-2),#8);
#2338=PRESENTATION_STYLE_ASSIGNMENT((#2337));
#2339=STYLED_ITEM('',(#2338),#2336);
#2340=DIRECTION('',(1.E0,0.E0,0.E0));
#2341=VECTOR('',#2340,2.618680335166E1);
#2342=CARTESIAN_POINT('',(-2.5E1,9.965E0,5.5E1));
#2343=LINE('',#2342,#2341);
#2344=CURVE_STYLE('',#34,POSITIVE_LENGTH_MEASURE(2.E-2),#8);
#2345=PRESENTATION_STYLE_ASSIGNMENT((#2344));
#2346=STYLED_ITEM('',(#2345),#2343);
#2347=DIRECTION('',(0.E0,0.E0,1.E0));
#2348=VECTOR('',#2347,5.273792170698E-1);
#2349=CARTESIAN_POINT('',(1.186803351655E0,9.965E0,5.447262078293E1));
#2350=LINE('',#2349,#2348);
#2351=CURVE_STYLE('',#34,POSITIVE_LENGTH_MEASURE(2.E-2),#8);
#2352=PRESENTATION_STYLE_ASSIGNMENT((#2351));
#2353=STYLED_ITEM('',(#2352),#2350);
#2354=DIRECTION('',(0.E0,0.E0,-1.E0));
#2355=VECTOR('',#2354,6.027379217070E0);
#2356=CARTESIAN_POINT('',(6.445636103758E0,9.965E0,6.05E1));
#2357=LINE('',#2356,#2355);
#2358=CURVE_STYLE('',#34,POSITIVE_LENGTH_MEASURE(2.E-2),#8);
#2359=PRESENTATION_STYLE_ASSIGNMENT((#2358));
#2360=STYLED_ITEM('',(#2359),#2357);
#2361=DIRECTION('',(-1.E0,0.E0,0.E0));
#2362=VECTOR('',#2361,7.829607757111E0);
#2363=CARTESIAN_POINT('',(6.445636103758E0,9.965E0,6.05E1));
#2364=LINE('',#2363,#2362);
#2365=CURVE_STYLE('',#34,POSITIVE_LENGTH_MEASURE(2.E-2),#8);
#2366=PRESENTATION_STYLE_ASSIGNMENT((#2365));
#2367=STYLED_ITEM('',(#2366),#2364);
#2368=DIRECTION('',(0.E0,0.E0,-1.E0));
#2369=VECTOR('',#2368,2.E0);
#2370=CARTESIAN_POINT('',(-1.244768648013E1,9.965E0,6.25E1));
#2371=LINE('',#2370,#2369);
#2372=CURVE_STYLE('',#34,POSITIVE_LENGTH_MEASURE(2.E-2),#8);
#2373=PRESENTATION_STYLE_ASSIGNMENT((#2372));
#2374=STYLED_ITEM('',(#2373),#2371);
#2375=DIRECTION('',(-1.E0,0.E0,0.E0));
#2376=VECTOR('',#2375,4.090310168261E0);
#2377=CARTESIAN_POINT('',(-1.681937966348E1,9.965E0,6.25E1));
#2378=LINE('',#2377,#2376);
#2379=CURVE_STYLE('',#34,POSITIVE_LENGTH_MEASURE(2.E-2),#8);
#2380=PRESENTATION_STYLE_ASSIGNMENT((#2379));
#2381=STYLED_ITEM('',(#2380),#2378);
#2382=DIRECTION('',(0.E0,0.E0,1.E0));
#2383=VECTOR('',#2382,3.85E1);
#2384=CARTESIAN_POINT('',(-1.681937966348E1,9.965E0,6.25E1));
#2385=LINE('',#2384,#2383);
#2386=CURVE_STYLE('',#34,POSITIVE_LENGTH_MEASURE(2.E-2),#8);
#2387=PRESENTATION_STYLE_ASSIGNMENT((#2386));
#2388=STYLED_ITEM('',(#2387),#2385);
#2389=DIRECTION('',(1.E0,0.E0,0.E0));
#2390=VECTOR('',#2389,2.212719771536E1);
#2391=CARTESIAN_POINT('',(-1.681937966348E1,9.965E0,1.01E2));
#2392=LINE('',#2391,#2390);
#2393=CURVE_STYLE('',#34,POSITIVE_LENGTH_MEASURE(2.E-2),#8);
#2394=PRESENTATION_STYLE_ASSIGNMENT((#2393));
#2395=STYLED_ITEM('',(#2394),#2392);
#2396=DIRECTION('',(0.E0,0.E0,-1.E0));
#2397=VECTOR('',#2396,3.85E1);
#2398=CARTESIAN_POINT('',(5.307818051879E0,9.965E0,1.01E2));
#2399=LINE('',#2398,#2397);
#2400=CURVE_STYLE('',#34,POSITIVE_LENGTH_MEASURE(2.E-2),#8);
#2401=PRESENTATION_STYLE_ASSIGNMENT((#2400));
#2402=STYLED_ITEM('',(#2401),#2399);
#2403=DIRECTION('',(0.E0,0.E0,-1.E0));
#2404=VECTOR('',#2403,7.5E0);
#2405=CARTESIAN_POINT('',(9.950636103758E0,9.965E0,6.25E1));
#2406=LINE('',#2405,#2404);
#2407=CURVE_STYLE('',#34,POSITIVE_LENGTH_MEASURE(2.E-2),#8);
#2408=PRESENTATION_STYLE_ASSIGNMENT((#2407));
#2409=STYLED_ITEM('',(#2408),#2406);
#2410=DIRECTION('',(0.E0,0.E0,-1.E0));
#2411=VECTOR('',#2410,3.E1);
#2412=CARTESIAN_POINT('',(1.987E1,9.965E0,5.5E1));
#2413=LINE('',#2412,#2411);
#2414=CURVE_STYLE('',#34,POSITIVE_LENGTH_MEASURE(2.E-2),#8);
#2415=PRESENTATION_STYLE_ASSIGNMENT((#2414));
#2416=STYLED_ITEM('',(#2415),#2413);
#2417=DIRECTION('',(7.071067811865E-1,7.071067811865E-1,0.E0));
#2418=VECTOR('',#2417,2.828427124746E0);
#2419=CARTESIAN_POINT('',(2.194972066508E1,9.965E0,5.087517001052E1));
#2420=LINE('',#2419,#2418);
#2421=CURVE_STYLE('',#34,POSITIVE_LENGTH_MEASURE(2.E-2),#8);
#2422=PRESENTATION_STYLE_ASSIGNMENT((#2421));
#2423=STYLED_ITEM('',(#2422),#2420);
#2424=DIRECTION('',(-7.071067811865E-1,-7.071067811865E-1,0.E0));
#2425=VECTOR('',#2424,2.828427124746E0);
#2426=CARTESIAN_POINT('',(2.394972066508E1,1.1965E1,6.287517001052E1));
#2427=LINE('',#2426,#2425);
#2428=CURVE_STYLE('',#34,POSITIVE_LENGTH_MEASURE(2.E-2),#8);
#2429=PRESENTATION_STYLE_ASSIGNMENT((#2428));
#2430=STYLED_ITEM('',(#2429),#2427);
#2431=DIRECTION('',(1.E0,0.E0,0.E0));
#2432=VECTOR('',#2431,8.5E0);
#2433=CARTESIAN_POINT('',(2.194972066508E1,9.965E0,5.087517001052E1));
#2434=LINE('',#2433,#2432);
#2435=CURVE_STYLE('',#34,POSITIVE_LENGTH_MEASURE(2.E-2),#8);
#2436=PRESENTATION_STYLE_ASSIGNMENT((#2435));
#2437=STYLED_ITEM('',(#2436),#2434);
#2438=CARTESIAN_POINT('',(2.394972066508E1,2.7565E1,5.687517001052E1));
#2439=DIRECTION('',(1.E0,0.E0,0.E0));
#2440=DIRECTION('',(0.E0,0.E0,1.E0));
#2441=AXIS2_PLACEMENT_3D('',#2438,#2439,#2440);
#2443=CURVE_STYLE('',#34,POSITIVE_LENGTH_MEASURE(2.E-2),#8);
#2444=PRESENTATION_STYLE_ASSIGNMENT((#2443));
#2445=STYLED_ITEM('',(#2444),#2442);
#2446=CARTESIAN_POINT('',(2.394972066508E1,2.7565E1,5.687517001052E1));
#2447=DIRECTION('',(1.E0,0.E0,0.E0));
#2448=DIRECTION('',(0.E0,0.E0,-1.E0));
#2449=AXIS2_PLACEMENT_3D('',#2446,#2447,#2448);
#2451=CURVE_STYLE('',#34,POSITIVE_LENGTH_MEASURE(2.E-2),#8);
#2452=PRESENTATION_STYLE_ASSIGNMENT((#2451));
#2453=STYLED_ITEM('',(#2452),#2450);
#2454=DIRECTION('',(0.E0,0.E0,1.E0));
#2455=VECTOR('',#2454,1.2E1);
#2456=CARTESIAN_POINT('',(2.394972066508E1,1.1965E1,5.087517001052E1));
#2457=LINE('',#2456,#2455);
#2458=CURVE_STYLE('',#34,POSITIVE_LENGTH_MEASURE(2.E-2),#8);
#2459=PRESENTATION_STYLE_ASSIGNMENT((#2458));
#2460=STYLED_ITEM('',(#2459),#2457);
#2461=DIRECTION('',(0.E0,-1.E0,0.E0));
#2462=VECTOR('',#2461,1.56E1);
#2463=CARTESIAN_POINT('',(2.394972066508E1,2.7565E1,5.087517001052E1));
#2464=LINE('',#2463,#2462);
#2465=CURVE_STYLE('',#34,POSITIVE_LENGTH_MEASURE(2.E-2),#8);
#2466=PRESENTATION_STYLE_ASSIGNMENT((#2465));
#2467=STYLED_ITEM('',(#2466),#2464);
#2468=CARTESIAN_POINT('',(2.394972066508E1,2.7565E1,5.687517001052E1));
#2469=DIRECTION('',(-1.E0,0.E0,0.E0));
#2470=DIRECTION('',(0.E0,0.E0,1.E0));
#2471=AXIS2_PLACEMENT_3D('',#2468,#2469,#2470);
#2473=CURVE_STYLE('',#34,POSITIVE_LENGTH_MEASURE(2.E-2),#8);
#2474=PRESENTATION_STYLE_ASSIGNMENT((#2473));
#2475=STYLED_ITEM('',(#2474),#2472);
#2476=DIRECTION('',(0.E0,1.E0,0.E0));
#2477=VECTOR('',#2476,1.56E1);
#2478=CARTESIAN_POINT('',(2.394972066508E1,1.1965E1,6.287517001052E1));
#2479=LINE('',#2478,#2477);
#2480=CURVE_STYLE('',#34,POSITIVE_LENGTH_MEASURE(2.E-2),#8);
#2481=PRESENTATION_STYLE_ASSIGNMENT((#2480));
#2482=STYLED_ITEM('',(#2481),#2479);
#2483=CARTESIAN_POINT('',(2.344972066508E1,2.756500001376E1,6.037517001052E1));
#2484=DIRECTION('',(0.E0,-1.E0,3.932852224442E-9));
#2485=DIRECTION('',(0.E0,-3.932854042432E-9,-1.E0));
#2486=AXIS2_PLACEMENT_3D('',#2483,#2484,#2485);
#2488=CURVE_STYLE('',#34,POSITIVE_LENGTH_MEASURE(2.E-2),#8);
#2489=PRESENTATION_STYLE_ASSIGNMENT((#2488));
#2490=STYLED_ITEM('',(#2489),#2487);
#2491=CARTESIAN_POINT('',(2.344972066508E1,2.7565E1,5.687517001052E1));
#2492=DIRECTION('',(1.E0,0.E0,0.E0));
#2493=DIRECTION('',(0.E0,0.E0,1.E0));
#2494=AXIS2_PLACEMENT_3D('',#2491,#2492,#2493);
#2496=CURVE_STYLE('',#34,POSITIVE_LENGTH_MEASURE(2.E-2),#8);
#2497=PRESENTATION_STYLE_ASSIGNMENT((#2496));
#2498=STYLED_ITEM('',(#2497),#2495);
#2499=DIRECTION('',(-1.E0,-1.987956466110E-9,-7.105427357601E-14));
#2500=VECTOR('',#2499,1.E-1);
#2501=CARTESIAN_POINT('',(2.344972066508E1,2.756500000020E1,5.387517001052E1));
#2502=LINE('',#2501,#2500);
#2503=CURVE_STYLE('',#34,POSITIVE_LENGTH_MEASURE(2.E-2),#8);
#2504=PRESENTATION_STYLE_ASSIGNMENT((#2503));
#2505=STYLED_ITEM('',(#2504),#2502);
#2506=CARTESIAN_POINT('',(2.334972066508E1,2.7565E1,5.687517001052E1));
#2507=DIRECTION('',(-1.E0,0.E0,0.E0));
#2508=DIRECTION('',(0.E0,0.E0,-1.E0));
#2509=AXIS2_PLACEMENT_3D('',#2506,#2507,#2508);
#2511=CURVE_STYLE('',#34,POSITIVE_LENGTH_MEASURE(2.E-2),#8);
#2512=PRESENTATION_STYLE_ASSIGNMENT((#2511));
#2513=STYLED_ITEM('',(#2512),#2510);
#2514=CARTESIAN_POINT('',(2.344972066508E1,2.7565E1,5.687517001052E1));
#2515=DIRECTION('',(1.E0,0.E0,0.E0));
#2516=DIRECTION('',(0.E0,0.E0,-1.E0));
#2517=AXIS2_PLACEMENT_3D('',#2514,#2515,#2516);
#2519=CURVE_STYLE('',#34,POSITIVE_LENGTH_MEASURE(2.E-2),#8);
#2520=PRESENTATION_STYLE_ASSIGNMENT((#2519));
#2521=STYLED_ITEM('',(#2520),#2518);
#2522=DIRECTION('',(-1.E0,1.987956466110E-9,-7.105427357601E-14));
#2523=VECTOR('',#2522,1.E-1);
#2524=CARTESIAN_POINT('',(2.344972066508E1,2.756499999980E1,5.987517001052E1));
#2525=LINE('',#2524,#2523);
#2526=CURVE_STYLE('',#34,POSITIVE_LENGTH_MEASURE(2.E-2),#8);
#2527=PRESENTATION_STYLE_ASSIGNMENT((#2526));
#2528=STYLED_ITEM('',(#2527),#2525);
#2529=CARTESIAN_POINT('',(2.334972066508E1,2.7565E1,5.687517001052E1));
#2530=DIRECTION('',(-1.E0,0.E0,0.E0));
#2531=DIRECTION('',(0.E0,0.E0,1.E0));
#2532=AXIS2_PLACEMENT_3D('',#2529,#2530,#2531);
#2534=CURVE_STYLE('',#34,POSITIVE_LENGTH_MEASURE(2.E-2),#8);
#2535=PRESENTATION_STYLE_ASSIGNMENT((#2534));
#2536=STYLED_ITEM('',(#2535),#2533);
#2537=CARTESIAN_POINT('',(2.344972066508E1,2.756499998624E1,5.337517001052E1));
#2538=DIRECTION('',(0.E0,1.E0,-3.932851891375E-9));
#2539=DIRECTION('',(0.E0,3.932854042432E-9,1.E0));
#2540=AXIS2_PLACEMENT_3D('',#2537,#2538,#2539);
#2542=CURVE_STYLE('',#34,POSITIVE_LENGTH_MEASURE(2.E-2),#8);
#2543=PRESENTATION_STYLE_ASSIGNMENT((#2542));
#2544=STYLED_ITEM('',(#2543),#2541);
#2545=CARTESIAN_POINT('',(2.334972066508E1,2.7565E1,5.687517001052E1));
#2546=DIRECTION('',(-1.E0,0.E0,0.E0));
#2547=DIRECTION('',(0.E0,0.E0,1.E0));
#2548=AXIS2_PLACEMENT_3D('',#2545,#2546,#2547);
#2550=CURVE_STYLE('',#34,POSITIVE_LENGTH_MEASURE(2.E-2),#8);
#2551=PRESENTATION_STYLE_ASSIGNMENT((#2550));
#2552=STYLED_ITEM('',(#2551),#2549);
#2553=CARTESIAN_POINT('',(2.334972066508E1,2.7565E1,5.687517001052E1));
#2554=DIRECTION('',(-1.E0,0.E0,0.E0));
#2555=DIRECTION('',(0.E0,0.E0,-1.E0));
#2556=AXIS2_PLACEMENT_3D('',#2553,#2554,#2555);
#2558=CURVE_STYLE('',#34,POSITIVE_LENGTH_MEASURE(2.E-2),#8);
#2559=PRESENTATION_STYLE_ASSIGNMENT((#2558));
#2560=STYLED_ITEM('',(#2559),#2557);
#2561=DIRECTION('',(1.E0,0.E0,0.E0));
#2562=VECTOR('',#2561,4.9E0);
#2563=CARTESIAN_POINT('',(1.844972066508E1,2.7565E1,5.887517001052E1));
#2564=LINE('',#2563,#2562);
#2565=CURVE_STYLE('',#34,POSITIVE_LENGTH_MEASURE(2.E-2),#8);
#2566=PRESENTATION_STYLE_ASSIGNMENT((#2565));
#2567=STYLED_ITEM('',(#2566),#2564);
#2568=DIRECTION('',(-1.E0,0.E0,0.E0));
#2569=VECTOR('',#2568,4.9E0);
#2570=CARTESIAN_POINT('',(2.334972066508E1,2.7565E1,5.487517001052E1));
#2571=LINE('',#2570,#2569);
#2572=CURVE_STYLE('',#34,POSITIVE_LENGTH_MEASURE(2.E-2),#8);
#2573=PRESENTATION_STYLE_ASSIGNMENT((#2572));
#2574=STYLED_ITEM('',(#2573),#2571);
#2575=CARTESIAN_POINT('',(1.844972066508E1,2.7565E1,5.687517001052E1));
#2576=DIRECTION('',(-1.E0,0.E0,0.E0));
#2577=DIRECTION('',(0.E0,0.E0,-1.E0));
#2578=AXIS2_PLACEMENT_3D('',#2575,#2576,#2577);
#2580=CURVE_STYLE('',#34,POSITIVE_LENGTH_MEASURE(2.E-2),#8);
#2581=PRESENTATION_STYLE_ASSIGNMENT((#2580));
#2582=STYLED_ITEM('',(#2581),#2579);
#2583=CARTESIAN_POINT('',(1.844972066508E1,2.7565E1,5.687517001052E1));
#2584=DIRECTION('',(-1.E0,0.E0,0.E0));
#2585=DIRECTION('',(0.E0,0.E0,1.E0));
#2586=AXIS2_PLACEMENT_3D('',#2583,#2584,#2585);
#2588=CURVE_STYLE('',#34,POSITIVE_LENGTH_MEASURE(2.E-2),#8);
#2589=PRESENTATION_STYLE_ASSIGNMENT((#2588));
#2590=STYLED_ITEM('',(#2589),#2587);
#2591=CARTESIAN_POINT('',(3.044972066508E1,2.7565E1,5.687517001052E1));
#2592=DIRECTION('',(1.E0,0.E0,0.E0));
#2593=DIRECTION('',(0.E0,9.172365662048E-1,3.983429196269E-1));
#2594=AXIS2_PLACEMENT_3D('',#2591,#2592,#2593);
#2596=CURVE_STYLE('',#34,POSITIVE_LENGTH_MEASURE(2.E-2),#8);
#2597=PRESENTATION_STYLE_ASSIGNMENT((#2596));
#2598=STYLED_ITEM('',(#2597),#2595);
#2599=CARTESIAN_POINT('',(3.044972066508E1,2.7565E1,5.687517001052E1));
#2600=DIRECTION('',(1.E0,0.E0,0.E0));
#2601=DIRECTION('',(0.E0,5.839356655223E-1,8.117999375037E-1));
#2602=AXIS2_PLACEMENT_3D('',#2599,#2600,#2601);
#2604=CURVE_STYLE('',#34,POSITIVE_LENGTH_MEASURE(2.E-2),#8);
#2605=PRESENTATION_STYLE_ASSIGNMENT((#2604));
#2606=STYLED_ITEM('',(#2605),#2603);
#2607=DIRECTION('',(-1.E0,0.E0,0.E0));
#2608=VECTOR('',#2607,6.5E0);
#2609=CARTESIAN_POINT('',(3.044972066508E1,2.7565E1,6.287517001052E1));
#2610=LINE('',#2609,#2608);
#2611=CURVE_STYLE('',#34,POSITIVE_LENGTH_MEASURE(2.E-2),#8);
#2612=PRESENTATION_STYLE_ASSIGNMENT((#2611));
#2613=STYLED_ITEM('',(#2612),#2610);
#2614=DIRECTION('',(1.E0,0.E0,0.E0));
#2615=VECTOR('',#2614,6.5E0);
#2616=CARTESIAN_POINT('',(2.394972066508E1,2.7565E1,5.087517001052E1));
#2617=LINE('',#2616,#2615);
#2618=CURVE_STYLE('',#34,POSITIVE_LENGTH_MEASURE(2.E-2),#8);
#2619=PRESENTATION_STYLE_ASSIGNMENT((#2618));
#2620=STYLED_ITEM('',(#2619),#2617);
#2621=CARTESIAN_POINT('',(3.044972066508E1,2.7565E1,5.687517001052E1));
#2622=DIRECTION('',(1.E0,0.E0,0.E0));
#2623=DIRECTION('',(0.E0,0.E0,-1.E0));
#2624=AXIS2_PLACEMENT_3D('',#2621,#2622,#2623);
#2626=CURVE_STYLE('',#34,POSITIVE_LENGTH_MEASURE(2.E-2),#8);
#2627=PRESENTATION_STYLE_ASSIGNMENT((#2626));
#2628=STYLED_ITEM('',(#2627),#2625);
#2629=CARTESIAN_POINT('',(3.044972066508E1,2.5965E1,5.558535893456E1));
#2630=DIRECTION('',(-1.E0,0.E0,0.E0));
#2631=DIRECTION('',(0.E0,6.379517491417E-1,7.700763376231E-1));
#2632=AXIS2_PLACEMENT_3D('',#2629,#2630,#2631);
#2634=CURVE_STYLE('',#34,POSITIVE_LENGTH_MEASURE(2.E-2),#8);
#2635=PRESENTATION_STYLE_ASSIGNMENT((#2634));
#2636=STYLED_ITEM('',(#2635),#2633);
#2637=DIRECTION('',(0.E0,-1.E0,0.E0));
#2638=VECTOR('',#2637,2.268235818864E0);
#2639=CARTESIAN_POINT('',(4.E1,2.993492462264E1,4.06E1));
#2640=LINE('',#2639,#2638);
#2641=CURVE_STYLE('',#34,POSITIVE_LENGTH_MEASURE(2.E-2),#8);
#2642=PRESENTATION_STYLE_ASSIGNMENT((#2641));
#2643=STYLED_ITEM('',(#2642),#2640);
#2644=CARTESIAN_POINT('',(4.E1,2.3965E1,4.E1));
#2645=DIRECTION('',(-1.E0,0.E0,0.E0));
#2646=DIRECTION('',(0.E0,-9.871170143402E-1,1.6E-1));
#2647=AXIS2_PLACEMENT_3D('',#2644,#2645,#2646);
#2649=CURVE_STYLE('',#34,POSITIVE_LENGTH_MEASURE(2.E-2),#8);
#2650=PRESENTATION_STYLE_ASSIGNMENT((#2649));
#2651=STYLED_ITEM('',(#2650),#2648);
#2652=DIRECTION('',(0.E0,-1.E0,0.E0));
#2653=VECTOR('',#2652,2.268235818864E0);
#2654=CARTESIAN_POINT('',(4.E1,2.026331119622E1,4.06E1));
#2655=LINE('',#2654,#2653);
#2656=CURVE_STYLE('',#34,POSITIVE_LENGTH_MEASURE(2.E-2),#8);
#2657=PRESENTATION_STYLE_ASSIGNMENT((#2656));
#2658=STYLED_ITEM('',(#2657),#2655);
#2659=DIRECTION('',(0.E0,0.E0,-1.E0));
#2660=VECTOR('',#2659,1.2E0);
#2661=CARTESIAN_POINT('',(4.E1,1.799507537736E1,4.06E1));
#2662=LINE('',#2661,#2660);
#2663=CURVE_STYLE('',#34,POSITIVE_LENGTH_MEASURE(2.E-2),#8);
#2664=PRESENTATION_STYLE_ASSIGNMENT((#2663));
#2665=STYLED_ITEM('',(#2664),#2662);
#2666=DIRECTION('',(0.E0,1.E0,0.E0));
#2667=VECTOR('',#2666,2.268235818864E0);
#2668=CARTESIAN_POINT('',(4.E1,1.799507537736E1,3.94E1));
#2669=LINE('',#2668,#2667);
#2670=CURVE_STYLE('',#34,POSITIVE_LENGTH_MEASURE(2.E-2),#8);
#2671=PRESENTATION_STYLE_ASSIGNMENT((#2670));
#2672=STYLED_ITEM('',(#2671),#2669);
#2673=CARTESIAN_POINT('',(4.E1,2.3965E1,4.E1));
#2674=DIRECTION('',(-1.E0,0.E0,0.E0));
#2675=DIRECTION('',(0.E0,9.871170143402E-1,-1.6E-1));
#2676=AXIS2_PLACEMENT_3D('',#2673,#2674,#2675);
#2678=CURVE_STYLE('',#34,POSITIVE_LENGTH_MEASURE(2.E-2),#8);
#2679=PRESENTATION_STYLE_ASSIGNMENT((#2678));
#2680=STYLED_ITEM('',(#2679),#2677);
#2681=DIRECTION('',(0.E0,1.E0,0.E0));
#2682=VECTOR('',#2681,2.268235818864E0);
#2683=CARTESIAN_POINT('',(4.E1,2.766668880378E1,3.94E1));
#2684=LINE('',#2683,#2682);
#2685=CURVE_STYLE('',#34,POSITIVE_LENGTH_MEASURE(2.E-2),#8);
#2686=PRESENTATION_STYLE_ASSIGNMENT((#2685));
#2687=STYLED_ITEM('',(#2686),#2684);
#2688=DIRECTION('',(0.E0,0.E0,1.E0));
#2689=VECTOR('',#2688,1.2E0);
#2690=CARTESIAN_POINT('',(4.E1,2.993492462264E1,3.94E1));
#2691=LINE('',#2690,#2689);
#2692=CURVE_STYLE('',#34,POSITIVE_LENGTH_MEASURE(2.E-2),#8);
#2693=PRESENTATION_STYLE_ASSIGNMENT((#2692));
#2694=STYLED_ITEM('',(#2693),#2691);
#2695=CARTESIAN_POINT('',(4.E1,2.5965E1,5.558535893456E1));
#2696=DIRECTION('',(1.E0,0.E0,0.E0));
#2697=DIRECTION('',(0.E0,1.E0,0.E0));
#2698=AXIS2_PLACEMENT_3D('',#2695,#2696,#2697);
#2700=CURVE_STYLE('',#34,POSITIVE_LENGTH_MEASURE(2.E-2),#8);
#2701=PRESENTATION_STYLE_ASSIGNMENT((#2700));
#2702=STYLED_ITEM('',(#2701),#2699);
#2703=CARTESIAN_POINT('',(4.E1,2.5965E1,3.3E1));
#2704=DIRECTION('',(1.E0,0.E0,0.E0));
#2705=DIRECTION('',(0.E0,0.E0,-1.E0));
#2706=AXIS2_PLACEMENT_3D('',#2703,#2704,#2705);
#2708=CURVE_STYLE('',#34,POSITIVE_LENGTH_MEASURE(2.E-2),#8);
#2709=PRESENTATION_STYLE_ASSIGNMENT((#2708));
#2710=STYLED_ITEM('',(#2709),#2707);
#2711=DIRECTION('',(0.E0,0.E0,-1.E0));
#2712=VECTOR('',#2711,3.E1);
#2713=CARTESIAN_POINT('',(4.E1,-2.255E0,5.5E1));
#2714=LINE('',#2713,#2712);
#2715=CURVE_STYLE('',#34,POSITIVE_LENGTH_MEASURE(2.E-2),#8);
#2716=PRESENTATION_STYLE_ASSIGNMENT((#2715));
#2717=STYLED_ITEM('',(#2716),#2714);
#2718=DIRECTION('',(0.E0,0.E0,-1.E0));
#2719=VECTOR('',#2718,8.585358934557E0);
#2720=CARTESIAN_POINT('',(4.E1,9.965E0,6.358535893456E1));
#2721=LINE('',#2720,#2719);
#2722=CURVE_STYLE('',#34,POSITIVE_LENGTH_MEASURE(2.E-2),#8);
#2723=PRESENTATION_STYLE_ASSIGNMENT((#2722));
#2724=STYLED_ITEM('',(#2723),#2721);
#2725=DIRECTION('',(0.E0,-1.E0,0.E0));
#2726=VECTOR('',#2725,1.6E1);
#2727=CARTESIAN_POINT('',(4.E1,2.5965E1,6.358535893456E1));
#2728=LINE('',#2727,#2726);
#2729=CURVE_STYLE('',#34,POSITIVE_LENGTH_MEASURE(2.E-2),#8);
#2730=PRESENTATION_STYLE_ASSIGNMENT((#2729));
#2731=STYLED_ITEM('',(#2730),#2728);
#2732=DIRECTION('',(-1.E0,0.E0,0.E0));
#2733=VECTOR('',#2732,5.E0);
#2734=CARTESIAN_POINT('',(4.E1,2.993492462264E1,4.06E1));
#2735=LINE('',#2734,#2733);
#2736=CURVE_STYLE('',#34,POSITIVE_LENGTH_MEASURE(2.E-2),#8);
#2737=PRESENTATION_STYLE_ASSIGNMENT((#2736));
#2738=STYLED_ITEM('',(#2737),#2735);
#2739=DIRECTION('',(-1.E0,0.E0,0.E0));
#2740=VECTOR('',#2739,5.E0);
#2741=CARTESIAN_POINT('',(4.E1,2.993492462264E1,3.94E1));
#2742=LINE('',#2741,#2740);
#2743=CURVE_STYLE('',#34,POSITIVE_LENGTH_MEASURE(2.E-2),#8);
#2744=PRESENTATION_STYLE_ASSIGNMENT((#2743));
#2745=STYLED_ITEM('',(#2744),#2742);
#2746=DIRECTION('',(-1.E0,0.E0,0.E0));
#2747=VECTOR('',#2746,5.E0);
#2748=CARTESIAN_POINT('',(4.E1,1.799507537736E1,3.94E1));
#2749=LINE('',#2748,#2747);
#2750=CURVE_STYLE('',#34,POSITIVE_LENGTH_MEASURE(2.E-2),#8);
#2751=PRESENTATION_STYLE_ASSIGNMENT((#2750));
#2752=STYLED_ITEM('',(#2751),#2749);
#2753=DIRECTION('',(-1.E0,0.E0,0.E0));
#2754=VECTOR('',#2753,5.E0);
#2755=CARTESIAN_POINT('',(4.E1,1.799507537736E1,4.06E1));
#2756=LINE('',#2755,#2754);
#2757=CURVE_STYLE('',#34,POSITIVE_LENGTH_MEASURE(2.E-2),#8);
#2758=PRESENTATION_STYLE_ASSIGNMENT((#2757));
#2759=STYLED_ITEM('',(#2758),#2756);
#2760=DIRECTION('',(0.E0,-1.E0,0.E0));
#2761=VECTOR('',#2760,2.268235818864E0);
#2762=CARTESIAN_POINT('',(3.5E1,2.993492462264E1,4.06E1));
#2763=LINE('',#2762,#2761);
#2764=CURVE_STYLE('',#34,POSITIVE_LENGTH_MEASURE(2.E-2),#8);
#2765=PRESENTATION_STYLE_ASSIGNMENT((#2764));
#2766=STYLED_ITEM('',(#2765),#2763);
#2767=CARTESIAN_POINT('',(3.5E1,2.3965E1,4.E1));
#2768=DIRECTION('',(1.E0,0.E0,0.E0));
#2769=DIRECTION('',(0.E0,9.949874371066E-1,1.E-1));
#2770=AXIS2_PLACEMENT_3D('',#2767,#2768,#2769);
#2772=CURVE_STYLE('',#34,POSITIVE_LENGTH_MEASURE(2.E-2),#8);
#2773=PRESENTATION_STYLE_ASSIGNMENT((#2772));
#2774=STYLED_ITEM('',(#2773),#2771);
#2775=DIRECTION('',(0.E0,-1.E0,0.E0));
#2776=VECTOR('',#2775,2.268235818864E0);
#2777=CARTESIAN_POINT('',(3.5E1,2.026331119622E1,4.06E1));
#2778=LINE('',#2777,#2776);
#2779=CURVE_STYLE('',#34,POSITIVE_LENGTH_MEASURE(2.E-2),#8);
#2780=PRESENTATION_STYLE_ASSIGNMENT((#2779));
#2781=STYLED_ITEM('',(#2780),#2778);
#2782=CARTESIAN_POINT('',(3.5E1,2.3965E1,4.E1));
#2783=DIRECTION('',(-1.E0,0.E0,0.E0));
#2784=DIRECTION('',(0.E0,-9.871170143402E-1,1.6E-1));
#2785=AXIS2_PLACEMENT_3D('',#2782,#2783,#2784);
#2787=CURVE_STYLE('',#34,POSITIVE_LENGTH_MEASURE(2.E-2),#8);
#2788=PRESENTATION_STYLE_ASSIGNMENT((#2787));
#2789=STYLED_ITEM('',(#2788),#2786);
#2790=DIRECTION('',(0.E0,0.E0,-1.E0));
#2791=VECTOR('',#2790,1.2E0);
#2792=CARTESIAN_POINT('',(3.5E1,1.799507537736E1,4.06E1));
#2793=LINE('',#2792,#2791);
#2794=CURVE_STYLE('',#34,POSITIVE_LENGTH_MEASURE(2.E-2),#8);
#2795=PRESENTATION_STYLE_ASSIGNMENT((#2794));
#2796=STYLED_ITEM('',(#2795),#2793);
#2797=CARTESIAN_POINT('',(3.5E1,2.3965E1,4.E1));
#2798=DIRECTION('',(1.E0,0.E0,0.E0));
#2799=DIRECTION('',(0.E0,-9.949874371066E-1,1.E-1));
#2800=AXIS2_PLACEMENT_3D('',#2797,#2798,#2799);
#2802=CURVE_STYLE('',#34,POSITIVE_LENGTH_MEASURE(2.E-2),#8);
#2803=PRESENTATION_STYLE_ASSIGNMENT((#2802));
#2804=STYLED_ITEM('',(#2803),#2801);
#2805=CARTESIAN_POINT('',(3.5E1,2.3965E1,4.E1));
#2806=DIRECTION('',(1.E0,0.E0,0.E0));
#2807=DIRECTION('',(0.E0,-1.E0,0.E0));
#2808=AXIS2_PLACEMENT_3D('',#2805,#2806,#2807);
#2810=CURVE_STYLE('',#34,POSITIVE_LENGTH_MEASURE(2.E-2),#8);
#2811=PRESENTATION_STYLE_ASSIGNMENT((#2810));
#2812=STYLED_ITEM('',(#2811),#2809);
#2813=DIRECTION('',(0.E0,1.E0,0.E0));
#2814=VECTOR('',#2813,2.268235818864E0);
#2815=CARTESIAN_POINT('',(3.5E1,1.799507537736E1,3.94E1));
#2816=LINE('',#2815,#2814);
#2817=CURVE_STYLE('',#34,POSITIVE_LENGTH_MEASURE(2.E-2),#8);
#2818=PRESENTATION_STYLE_ASSIGNMENT((#2817));
#2819=STYLED_ITEM('',(#2818),#2816);
#2820=CARTESIAN_POINT('',(3.5E1,2.3965E1,4.E1));
#2821=DIRECTION('',(1.E0,0.E0,0.E0));
#2822=DIRECTION('',(0.E0,-9.949874371066E-1,-1.E-1));
#2823=AXIS2_PLACEMENT_3D('',#2820,#2821,#2822);
#2825=CURVE_STYLE('',#34,POSITIVE_LENGTH_MEASURE(2.E-2),#8);
#2826=PRESENTATION_STYLE_ASSIGNMENT((#2825));
#2827=STYLED_ITEM('',(#2826),#2824);
#2828=DIRECTION('',(0.E0,1.E0,0.E0));
#2829=VECTOR('',#2828,2.268235818864E0);
#2830=CARTESIAN_POINT('',(3.5E1,2.766668880378E1,3.94E1));
#2831=LINE('',#2830,#2829);
#2832=CURVE_STYLE('',#34,POSITIVE_LENGTH_MEASURE(2.E-2),#8);
#2833=PRESENTATION_STYLE_ASSIGNMENT((#2832));
#2834=STYLED_ITEM('',(#2833),#2831);
#2835=CARTESIAN_POINT('',(3.5E1,2.3965E1,4.E1));
#2836=DIRECTION('',(-1.E0,0.E0,0.E0));
#2837=DIRECTION('',(0.E0,9.871170143402E-1,-1.6E-1));
#2838=AXIS2_PLACEMENT_3D('',#2835,#2836,#2837);
#2840=CURVE_STYLE('',#34,POSITIVE_LENGTH_MEASURE(2.E-2),#8);
#2841=PRESENTATION_STYLE_ASSIGNMENT((#2840));
#2842=STYLED_ITEM('',(#2841),#2839);
#2843=DIRECTION('',(0.E0,0.E0,1.E0));
#2844=VECTOR('',#2843,1.2E0);
#2845=CARTESIAN_POINT('',(3.5E1,2.993492462264E1,3.94E1));
#2846=LINE('',#2845,#2844);
#2847=CURVE_STYLE('',#34,POSITIVE_LENGTH_MEASURE(2.E-2),#8);
#2848=PRESENTATION_STYLE_ASSIGNMENT((#2847));
#2849=STYLED_ITEM('',(#2848),#2846);
#2850=CARTESIAN_POINT('',(3.5E1,2.3965E1,4.E1));
#2851=DIRECTION('',(1.E0,0.E0,0.E0));
#2852=DIRECTION('',(0.E0,9.949874371066E-1,-1.E-1));
#2853=AXIS2_PLACEMENT_3D('',#2850,#2851,#2852);
#2855=CURVE_STYLE('',#34,POSITIVE_LENGTH_MEASURE(2.E-2),#8);
#2856=PRESENTATION_STYLE_ASSIGNMENT((#2855));
#2857=STYLED_ITEM('',(#2856),#2854);
#2858=CARTESIAN_POINT('',(3.5E1,2.3965E1,4.E1));
#2859=DIRECTION('',(1.E0,0.E0,0.E0));
#2860=DIRECTION('',(0.E0,1.E0,0.E0));
#2861=AXIS2_PLACEMENT_3D('',#2858,#2859,#2860);
#2863=CURVE_STYLE('',#34,POSITIVE_LENGTH_MEASURE(2.E-2),#8);
#2864=PRESENTATION_STYLE_ASSIGNMENT((#2863));
#2865=STYLED_ITEM('',(#2864),#2862);
#2866=CARTESIAN_POINT('',(-2.95E1,2.3965E1,4.E1));
#2867=DIRECTION('',(1.E0,0.E0,0.E0));
#2868=DIRECTION('',(0.E0,0.E0,1.E0));
#2869=AXIS2_PLACEMENT_3D('',#2866,#2867,#2868);
#2871=CURVE_STYLE('',#34,POSITIVE_LENGTH_MEASURE(2.E-2),#8);
#2872=PRESENTATION_STYLE_ASSIGNMENT((#2871));
#2873=STYLED_ITEM('',(#2872),#2870);
#2874=CARTESIAN_POINT('',(-2.5E1,2.3965E1,4.E1));
#2875=DIRECTION('',(-1.E0,0.E0,0.E0));
#2876=DIRECTION('',(0.E0,0.E0,-1.E0));
#2877=AXIS2_PLACEMENT_3D('',#2874,#2875,#2876);
#2879=CURVE_STYLE('',#34,POSITIVE_LENGTH_MEASURE(2.E-2),#8);
#2880=PRESENTATION_STYLE_ASSIGNMENT((#2879));
#2881=STYLED_ITEM('',(#2880),#2878);
#2882=DIRECTION('',(1.E0,0.E0,0.E0));
#2883=VECTOR('',#2882,4.550279334919E0);
#2884=CARTESIAN_POINT('',(3.044972066508E1,2.9965E1,4.E1));
#2885=LINE('',#2884,#2883);
#2886=CURVE_STYLE('',#34,POSITIVE_LENGTH_MEASURE(2.E-2),#8);
#2887=PRESENTATION_STYLE_ASSIGNMENT((#2886));
#2888=STYLED_ITEM('',(#2887),#2885);
#2889=DIRECTION('',(0.E0,0.E0,1.E0));
#2890=VECTOR('',#2889,1.5E0);
#2891=CARTESIAN_POINT('',(-2.95E1,2.3965E1,4.45E1));
#2892=LINE('',#2891,#2890);
#2893=CURVE_STYLE('',#34,POSITIVE_LENGTH_MEASURE(2.E-2),#8);
#2894=PRESENTATION_STYLE_ASSIGNMENT((#2893));
#2895=STYLED_ITEM('',(#2894),#2892);
#2896=CARTESIAN_POINT('',(-2.95E1,2.3965E1,4.E1));
#2897=DIRECTION('',(-1.E0,0.E0,0.E0));
#2898=DIRECTION('',(0.E0,0.E0,-1.E0));
#2899=AXIS2_PLACEMENT_3D('',#2896,#2897,#2898);
#2901=CURVE_STYLE('',#34,POSITIVE_LENGTH_MEASURE(2.E-2),#8);
#2902=PRESENTATION_STYLE_ASSIGNMENT((#2901));
#2903=STYLED_ITEM('',(#2902),#2900);
#2904=DIRECTION('',(0.E0,0.E0,1.E0));
#2905=VECTOR('',#2904,1.5E0);
#2906=CARTESIAN_POINT('',(-2.95E1,2.3965E1,3.4E1));
#2907=LINE('',#2906,#2905);
#2908=CURVE_STYLE('',#34,POSITIVE_LENGTH_MEASURE(2.E-2),#8);
#2909=PRESENTATION_STYLE_ASSIGNMENT((#2908));
#2910=STYLED_ITEM('',(#2909),#2907);
#2911=CARTESIAN_POINT('',(-3.226797048358E1,2.3965E1,2.978377274617E1));
#2912=DIRECTION('',(0.E0,1.E0,0.E0));
#2913=DIRECTION('',(1.E0,0.E0,0.E0));
#2914=AXIS2_PLACEMENT_3D('',#2911,#2912,#2913);
#2916=CURVE_STYLE('',#34,POSITIVE_LENGTH_MEASURE(2.E-2),#8);
#2917=PRESENTATION_STYLE_ASSIGNMENT((#2916));
#2918=STYLED_ITEM('',(#2917),#2915);
#2919=CARTESIAN_POINT('',(-3.226797048358E1,2.3965E1,2.978377274617E1));
#2920=DIRECTION('',(0.E0,1.E0,0.E0));
#2921=DIRECTION('',(-1.E0,0.E0,0.E0));
#2922=AXIS2_PLACEMENT_3D('',#2919,#2920,#2921);
#2924=CURVE_STYLE('',#34,POSITIVE_LENGTH_MEASURE(2.E-2),#8);
#2925=PRESENTATION_STYLE_ASSIGNMENT((#2924));
#2926=STYLED_ITEM('',(#2925),#2923);
#2927=CARTESIAN_POINT('',(-3.226797048358E1,2.3965E1,5.021622725383E1));
#2928=DIRECTION('',(0.E0,1.E0,0.E0));
#2929=DIRECTION('',(1.E0,0.E0,0.E0));
#2930=AXIS2_PLACEMENT_3D('',#2927,#2928,#2929);
#2932=CURVE_STYLE('',#34,POSITIVE_LENGTH_MEASURE(2.E-2),#8);
#2933=PRESENTATION_STYLE_ASSIGNMENT((#2932));
#2934=STYLED_ITEM('',(#2933),#2931);
#2935=CARTESIAN_POINT('',(-3.226797048358E1,2.3965E1,5.021622725383E1));
#2936=DIRECTION('',(0.E0,1.E0,0.E0));
#2937=DIRECTION('',(-1.E0,0.E0,0.E0));
#2938=AXIS2_PLACEMENT_3D('',#2935,#2936,#2937);
#2940=CURVE_STYLE('',#34,POSITIVE_LENGTH_MEASURE(2.E-2),#8);
#2941=PRESENTATION_STYLE_ASSIGNMENT((#2940));
#2942=STYLED_ITEM('',(#2941),#2939);
#2943=DIRECTION('',(0.E0,0.E0,-1.E0));
#2944=VECTOR('',#2943,9.E0);
#2945=CARTESIAN_POINT('',(-3.5E1,2.3965E1,4.45E1));
#2946=LINE('',#2945,#2944);
#2947=CURVE_STYLE('',#34,POSITIVE_LENGTH_MEASURE(2.E-2),#8);
#2948=PRESENTATION_STYLE_ASSIGNMENT((#2947));
#2949=STYLED_ITEM('',(#2948),#2946);
#2950=DIRECTION('',(1.E0,0.E0,0.E0));
#2951=VECTOR('',#2950,5.5E0);
#2952=CARTESIAN_POINT('',(-3.5E1,2.3965E1,4.45E1));
#2953=LINE('',#2952,#2951);
#2954=CURVE_STYLE('',#34,POSITIVE_LENGTH_MEASURE(2.E-2),#8);
#2955=PRESENTATION_STYLE_ASSIGNMENT((#2954));
#2956=STYLED_ITEM('',(#2955),#2953);
#2957=DIRECTION('',(1.E0,0.E0,0.E0));
#2958=VECTOR('',#2957,4.5E0);
#2959=CARTESIAN_POINT('',(-2.95E1,2.3965E1,4.6E1));
#2960=LINE('',#2959,#2958);
#2961=CURVE_STYLE('',#34,POSITIVE_LENGTH_MEASURE(2.E-2),#8);
#2962=PRESENTATION_STYLE_ASSIGNMENT((#2961));
#2963=STYLED_ITEM('',(#2962),#2960);
#2964=DIRECTION('',(0.E0,0.E0,-1.E0));
#2965=VECTOR('',#2964,9.E0);
#2966=CARTESIAN_POINT('',(-2.5E1,2.3965E1,5.5E1));
#2967=LINE('',#2966,#2965);
#2968=CURVE_STYLE('',#34,POSITIVE_LENGTH_MEASURE(2.E-2),#8);
#2969=PRESENTATION_STYLE_ASSIGNMENT((#2968));
#2970=STYLED_ITEM('',(#2969),#2967);
#2971=DIRECTION('',(1.E0,0.E0,0.E0));
#2972=VECTOR('',#2971,1.5E1);
#2973=CARTESIAN_POINT('',(-4.E1,2.3965E1,5.5E1));
#2974=LINE('',#2973,#2972);
#2975=CURVE_STYLE('',#34,POSITIVE_LENGTH_MEASURE(2.E-2),#8);
#2976=PRESENTATION_STYLE_ASSIGNMENT((#2975));
#2977=STYLED_ITEM('',(#2976),#2974);
#2978=DIRECTION('',(0.E0,0.E0,1.E0));
#2979=VECTOR('',#2978,3.E1);
#2980=CARTESIAN_POINT('',(-4.E1,2.3965E1,2.5E1));
#2981=LINE('',#2980,#2979);
#2982=CURVE_STYLE('',#34,POSITIVE_LENGTH_MEASURE(2.E-2),#8);
#2983=PRESENTATION_STYLE_ASSIGNMENT((#2982));
#2984=STYLED_ITEM('',(#2983),#2981);
#2985=DIRECTION('',(-1.E0,0.E0,0.E0));
#2986=VECTOR('',#2985,1.5E1);
#2987=CARTESIAN_POINT('',(-2.5E1,2.3965E1,2.5E1));
#2988=LINE('',#2987,#2986);
#2989=CURVE_STYLE('',#34,POSITIVE_LENGTH_MEASURE(2.E-2),#8);
#2990=PRESENTATION_STYLE_ASSIGNMENT((#2989));
#2991=STYLED_ITEM('',(#2990),#2988);
#2992=DIRECTION('',(0.E0,0.E0,-1.E0));
#2993=VECTOR('',#2992,9.E0);
#2994=CARTESIAN_POINT('',(-2.5E1,2.3965E1,3.4E1));
#2995=LINE('',#2994,#2993);
#2996=CURVE_STYLE('',#34,POSITIVE_LENGTH_MEASURE(2.E-2),#8);
#2997=PRESENTATION_STYLE_ASSIGNMENT((#2996));
#2998=STYLED_ITEM('',(#2997),#2995);
#2999=DIRECTION('',(1.E0,0.E0,0.E0));
#3000=VECTOR('',#2999,4.5E0);
#3001=CARTESIAN_POINT('',(-2.95E1,2.3965E1,3.4E1));
#3002=LINE('',#3001,#3000);
#3003=CURVE_STYLE('',#34,POSITIVE_LENGTH_MEASURE(2.E-2),#8);
#3004=PRESENTATION_STYLE_ASSIGNMENT((#3003));
#3005=STYLED_ITEM('',(#3004),#3002);
#3006=DIRECTION('',(0.E0,-1.E0,0.E0));
#3007=VECTOR('',#3006,5.E0);
#3008=CARTESIAN_POINT('',(-3.011797048358E1,2.3965E1,2.978377274617E1));
#3009=LINE('',#3008,#3007);
#3010=CURVE_STYLE('',#34,POSITIVE_LENGTH_MEASURE(2.E-2),#8);
#3011=PRESENTATION_STYLE_ASSIGNMENT((#3010));
#3012=STYLED_ITEM('',(#3011),#3009);
#3013=DIRECTION('',(0.E0,-1.E0,0.E0));
#3014=VECTOR('',#3013,5.E0);
#3015=CARTESIAN_POINT('',(-3.441797048358E1,2.3965E1,2.978377274617E1));
#3016=LINE('',#3015,#3014);
#3017=CURVE_STYLE('',#34,POSITIVE_LENGTH_MEASURE(2.E-2),#8);
#3018=PRESENTATION_STYLE_ASSIGNMENT((#3017));
#3019=STYLED_ITEM('',(#3018),#3016);
#3020=CARTESIAN_POINT('',(-3.226797048358E1,1.8965E1,2.978377274617E1));
#3021=DIRECTION('',(0.E0,1.E0,0.E0));
#3022=DIRECTION('',(1.E0,0.E0,0.E0));
#3023=AXIS2_PLACEMENT_3D('',#3020,#3021,#3022);
#3025=CURVE_STYLE('',#34,POSITIVE_LENGTH_MEASURE(2.E-2),#8);
#3026=PRESENTATION_STYLE_ASSIGNMENT((#3025));
#3027=STYLED_ITEM('',(#3026),#3024);
#3028=CARTESIAN_POINT('',(-3.226797048358E1,1.8965E1,2.978377274617E1));
#3029=DIRECTION('',(0.E0,1.E0,0.E0));
#3030=DIRECTION('',(-1.E0,0.E0,0.E0));
#3031=AXIS2_PLACEMENT_3D('',#3028,#3029,#3030);
#3033=CURVE_STYLE('',#34,POSITIVE_LENGTH_MEASURE(2.E-2),#8);
#3034=PRESENTATION_STYLE_ASSIGNMENT((#3033));
#3035=STYLED_ITEM('',(#3034),#3032);
#3036=CARTESIAN_POINT('',(-3.226797048358E1,1.8965E1,5.021622725383E1));
#3037=DIRECTION('',(0.E0,1.E0,0.E0));
#3038=DIRECTION('',(1.E0,0.E0,0.E0));
#3039=AXIS2_PLACEMENT_3D('',#3036,#3037,#3038);
#3041=CURVE_STYLE('',#34,POSITIVE_LENGTH_MEASURE(2.E-2),#8);
#3042=PRESENTATION_STYLE_ASSIGNMENT((#3041));
#3043=STYLED_ITEM('',(#3042),#3040);
#3044=CARTESIAN_POINT('',(-3.226797048358E1,1.8965E1,5.021622725383E1));
#3045=DIRECTION('',(0.E0,1.E0,0.E0));
#3046=DIRECTION('',(-1.E0,0.E0,0.E0));
#3047=AXIS2_PLACEMENT_3D('',#3044,#3045,#3046);
#3049=CURVE_STYLE('',#34,POSITIVE_LENGTH_MEASURE(2.E-2),#8);
#3050=PRESENTATION_STYLE_ASSIGNMENT((#3049));
#3051=STYLED_ITEM('',(#3050),#3048);
#3052=DIRECTION('',(0.E0,-1.E0,0.E0));
#3053=VECTOR('',#3052,5.E0);
#3054=CARTESIAN_POINT('',(-3.011797048358E1,2.3965E1,5.021622725383E1));
#3055=LINE('',#3054,#3053);
#3056=CURVE_STYLE('',#34,POSITIVE_LENGTH_MEASURE(2.E-2),#8);
#3057=PRESENTATION_STYLE_ASSIGNMENT((#3056));
#3058=STYLED_ITEM('',(#3057),#3055);
#3059=DIRECTION('',(0.E0,-1.E0,0.E0));
#3060=VECTOR('',#3059,5.E0);
#3061=CARTESIAN_POINT('',(-3.441797048358E1,2.3965E1,5.021622725383E1));
#3062=LINE('',#3061,#3060);
#3063=CURVE_STYLE('',#34,POSITIVE_LENGTH_MEASURE(2.E-2),#8);
#3064=PRESENTATION_STYLE_ASSIGNMENT((#3063));
#3065=STYLED_ITEM('',(#3064),#3062);
#3066=CARTESIAN_POINT('',(-3.5E1,2.3965E1,4.E1));
#3067=DIRECTION('',(1.E0,0.E0,0.E0));
#3068=DIRECTION('',(0.E0,0.E0,1.E0));
#3069=AXIS2_PLACEMENT_3D('',#3066,#3067,#3068);
#3071=CURVE_STYLE('',#34,POSITIVE_LENGTH_MEASURE(2.E-2),#8);
#3072=PRESENTATION_STYLE_ASSIGNMENT((#3071));
#3073=STYLED_ITEM('',(#3072),#3070);
#3074=DIRECTION('',(1.E0,0.E0,0.E0));
#3075=VECTOR('',#3074,5.5E0);
#3076=CARTESIAN_POINT('',(-3.5E1,2.3965E1,3.55E1));
#3077=LINE('',#3076,#3075);
#3078=CURVE_STYLE('',#34,POSITIVE_LENGTH_MEASURE(2.E-2),#8);
#3079=PRESENTATION_STYLE_ASSIGNMENT((#3078));
#3080=STYLED_ITEM('',(#3079),#3077);
#3081=DIRECTION('',(0.E0,1.E0,0.E0));
#3082=VECTOR('',#3081,9.E0);
#3083=CARTESIAN_POINT('',(-2.5E1,1.4965E1,5.5E1));
#3084=LINE('',#3083,#3082);
#3085=CURVE_STYLE('',#34,POSITIVE_LENGTH_MEASURE(2.E-2),#8);
#3086=PRESENTATION_STYLE_ASSIGNMENT((#3085));
#3087=STYLED_ITEM('',(#3086),#3084);
#3088=DIRECTION('',(0.E0,1.E0,0.E0));
#3089=VECTOR('',#3088,2.622E1);
#3090=CARTESIAN_POINT('',(-4.E1,-2.255E0,2.5E1));
#3091=LINE('',#3090,#3089);
#3092=CURVE_STYLE('',#34,POSITIVE_LENGTH_MEASURE(2.E-2),#8);
#3093=PRESENTATION_STYLE_ASSIGNMENT((#3092));
#3094=STYLED_ITEM('',(#3093),#3091);
#3095=DIRECTION('',(0.E0,-1.E0,0.E0));
#3096=VECTOR('',#3095,2.622E1);
#3097=CARTESIAN_POINT('',(-4.E1,2.3965E1,5.5E1));
#3098=LINE('',#3097,#3096);
#3099=CURVE_STYLE('',#34,POSITIVE_LENGTH_MEASURE(2.E-2),#8);
#3100=PRESENTATION_STYLE_ASSIGNMENT((#3099));
#3101=STYLED_ITEM('',(#3100),#3098);
#3102=DIRECTION('',(0.E0,0.E0,-1.E0));
#3103=VECTOR('',#3102,3.E1);
#3104=CARTESIAN_POINT('',(-4.E1,-2.255E0,5.5E1));
#3105=LINE('',#3104,#3103);
#3106=CURVE_STYLE('',#34,POSITIVE_LENGTH_MEASURE(2.E-2),#8);
#3107=PRESENTATION_STYLE_ASSIGNMENT((#3106));
#3108=STYLED_ITEM('',(#3107),#3105);
#3109=DIRECTION('',(1.E0,0.E0,0.E0));
#3110=VECTOR('',#3109,4.550279334919E0);
#3111=CARTESIAN_POINT('',(3.044972066508E1,1.7965E1,4.E1));
#3112=LINE('',#3111,#3110);
#3113=CURVE_STYLE('',#34,POSITIVE_LENGTH_MEASURE(2.E-2),#8);
#3114=PRESENTATION_STYLE_ASSIGNMENT((#3113));
#3115=STYLED_ITEM('',(#3114),#3112);
#3116=CARTESIAN_POINT('',(3.044972066508E1,2.3965E1,4.E1));
#3117=DIRECTION('',(1.E0,0.E0,0.E0));
#3118=DIRECTION('',(0.E0,-1.E0,0.E0));
#3119=AXIS2_PLACEMENT_3D('',#3116,#3117,#3118);
#3121=CURVE_STYLE('',#34,POSITIVE_LENGTH_MEASURE(2.E-2),#8);
#3122=PRESENTATION_STYLE_ASSIGNMENT((#3121));
#3123=STYLED_ITEM('',(#3122),#3120);
#3124=CARTESIAN_POINT('',(3.044972066508E1,2.3965E1,4.E1));
#3125=DIRECTION('',(1.E0,0.E0,0.E0));
#3126=DIRECTION('',(0.E0,1.E0,0.E0));
#3127=AXIS2_PLACEMENT_3D('',#3124,#3125,#3126);
#3129=CURVE_STYLE('',#34,POSITIVE_LENGTH_MEASURE(2.E-2),#8);
#3130=PRESENTATION_STYLE_ASSIGNMENT((#3129));
#3131=STYLED_ITEM('',(#3130),#3128);
#3132=CARTESIAN_POINT('',(3.044972066508E1,2.5965E1,5.558535893456E1));
#3133=DIRECTION('',(-1.E0,0.E0,0.E0));
#3134=DIRECTION('',(0.E0,0.E0,1.E0));
#3135=AXIS2_PLACEMENT_3D('',#3132,#3133,#3134);
#3137=CURVE_STYLE('',#34,POSITIVE_LENGTH_MEASURE(2.E-2),#8);
#3138=PRESENTATION_STYLE_ASSIGNMENT((#3137));
#3139=STYLED_ITEM('',(#3138),#3136);
#3140=DIRECTION('',(0.E0,-1.E0,0.E0));
#3141=VECTOR('',#3140,1.6E1);
#3142=CARTESIAN_POINT('',(3.044972066508E1,2.5965E1,6.358535893456E1));
#3143=LINE('',#3142,#3141);
#3144=CURVE_STYLE('',#34,POSITIVE_LENGTH_MEASURE(2.E-2),#8);
#3145=PRESENTATION_STYLE_ASSIGNMENT((#3144));
#3146=STYLED_ITEM('',(#3145),#3143);
#3147=DIRECTION('',(0.E0,0.E0,-1.E0));
#3148=VECTOR('',#3147,7.101889240374E-1);
#3149=CARTESIAN_POINT('',(3.044972066508E1,9.965E0,6.358535893456E1));
#3150=LINE('',#3149,#3148);
#3151=CURVE_STYLE('',#34,POSITIVE_LENGTH_MEASURE(2.E-2),#8);
#3152=PRESENTATION_STYLE_ASSIGNMENT((#3151));
#3153=STYLED_ITEM('',(#3152),#3150);
#3154=DIRECTION('',(0.E0,1.E0,0.E0));
#3155=VECTOR('',#3154,1.76E1);
#3156=CARTESIAN_POINT('',(3.044972066508E1,9.965E0,6.287517001052E1));
#3157=LINE('',#3156,#3155);
#3158=CURVE_STYLE('',#34,POSITIVE_LENGTH_MEASURE(2.E-2),#8);
#3159=PRESENTATION_STYLE_ASSIGNMENT((#3158));
#3160=STYLED_ITEM('',(#3159),#3157);
#3161=CARTESIAN_POINT('',(3.044972066508E1,2.5965E1,5.558535893456E1));
#3162=DIRECTION('',(-1.E0,0.E0,0.E0));
#3163=DIRECTION('',(0.E0,8.879274246536E-1,4.599835742155E-1));
#3164=AXIS2_PLACEMENT_3D('',#3161,#3162,#3163);
#3166=CURVE_STYLE('',#34,POSITIVE_LENGTH_MEASURE(2.E-2),#8);
#3167=PRESENTATION_STYLE_ASSIGNMENT((#3166));
#3168=STYLED_ITEM('',(#3167),#3165);
#3169=DIRECTION('',(0.E0,1.E0,0.E0));
#3170=VECTOR('',#3169,1.76E1);
#3171=CARTESIAN_POINT('',(3.044972066508E1,9.965E0,5.087517001052E1));
#3172=LINE('',#3171,#3170);
#3173=CURVE_STYLE('',#34,POSITIVE_LENGTH_MEASURE(2.E-2),#8);
#3174=PRESENTATION_STYLE_ASSIGNMENT((#3173));
#3175=STYLED_ITEM('',(#3174),#3172);
#3176=DIRECTION('',(0.E0,0.E0,-1.E0));
#3177=VECTOR('',#3176,2.587517001052E1);
#3178=CARTESIAN_POINT('',(3.044972066508E1,9.965E0,5.087517001052E1));
#3179=LINE('',#3178,#3177);
#3180=CURVE_STYLE('',#34,POSITIVE_LENGTH_MEASURE(2.E-2),#8);
#3181=PRESENTATION_STYLE_ASSIGNMENT((#3180));
#3182=STYLED_ITEM('',(#3181),#3179);
#3183=DIRECTION('',(0.E0,1.E0,0.E0));
#3184=VECTOR('',#3183,1.6E1);
#3185=CARTESIAN_POINT('',(3.044972066508E1,9.965E0,2.5E1));
#3186=LINE('',#3185,#3184);
#3187=CURVE_STYLE('',#34,POSITIVE_LENGTH_MEASURE(2.E-2),#8);
#3188=PRESENTATION_STYLE_ASSIGNMENT((#3187));
#3189=STYLED_ITEM('',(#3188),#3186);
#3190=CARTESIAN_POINT('',(3.044972066508E1,2.5965E1,3.3E1));
#3191=DIRECTION('',(-1.E0,0.E0,0.E0));
#3192=DIRECTION('',(0.E0,1.E0,0.E0));
#3193=AXIS2_PLACEMENT_3D('',#3190,#3191,#3192);
#3195=CURVE_STYLE('',#34,POSITIVE_LENGTH_MEASURE(2.E-2),#8);
#3196=PRESENTATION_STYLE_ASSIGNMENT((#3195));
#3197=STYLED_ITEM('',(#3196),#3194);
#3198=DIRECTION('',(0.E0,0.E0,1.E0));
#3199=VECTOR('',#3198,2.258535893456E1);
#3200=CARTESIAN_POINT('',(3.044972066508E1,3.3965E1,3.3E1));
#3201=LINE('',#3200,#3199);
#3202=CURVE_STYLE('',#34,POSITIVE_LENGTH_MEASURE(2.E-2),#8);
#3203=PRESENTATION_STYLE_ASSIGNMENT((#3202));
#3204=STYLED_ITEM('',(#3203),#3201);
#3205=DIRECTION('',(1.E0,0.E0,0.E0));
#3206=VECTOR('',#3205,9.550279334919E0);
#3207=CARTESIAN_POINT('',(3.044972066508E1,2.5965E1,6.358535893456E1));
#3208=LINE('',#3207,#3206);
#3209=CURVE_STYLE('',#34,POSITIVE_LENGTH_MEASURE(2.E-2),#8);
#3210=PRESENTATION_STYLE_ASSIGNMENT((#3209));
#3211=STYLED_ITEM('',(#3210),#3208);
#3212=DIRECTION('',(0.E0,0.E0,-1.E0));
#3213=VECTOR('',#3212,7.875170010520E0);
#3214=CARTESIAN_POINT('',(2.7E1,9.965E0,6.287517001052E1));
#3215=LINE('',#3214,#3213);
#3216=CURVE_STYLE('',#34,POSITIVE_LENGTH_MEASURE(2.E-2),#8);
#3217=PRESENTATION_STYLE_ASSIGNMENT((#3216));
#3218=STYLED_ITEM('',(#3217),#3215);
#3219=DIRECTION('',(1.E0,0.E0,0.E0));
#3220=VECTOR('',#3219,9.550279334919E0);
#3221=CARTESIAN_POINT('',(3.044972066508E1,9.965E0,6.358535893456E1));
#3222=LINE('',#3221,#3220);
#3223=CURVE_STYLE('',#34,POSITIVE_LENGTH_MEASURE(2.E-2),#8);
#3224=PRESENTATION_STYLE_ASSIGNMENT((#3223));
#3225=STYLED_ITEM('',(#3224),#3222);
#3226=DIRECTION('',(-1.E0,0.E0,0.E0));
#3227=VECTOR('',#3226,1.3E1);
#3228=CARTESIAN_POINT('',(4.E1,9.965E0,5.5E1));
#3229=LINE('',#3228,#3227);
#3230=CURVE_STYLE('',#34,POSITIVE_LENGTH_MEASURE(2.E-2),#8);
#3231=PRESENTATION_STYLE_ASSIGNMENT((#3230));
#3232=STYLED_ITEM('',(#3231),#3229);
#3233=DIRECTION('',(7.071067811865E-1,7.071067811865E-1,0.E0));
#3234=VECTOR('',#3233,2.828427124746E0);
#3235=CARTESIAN_POINT('',(2.5E1,7.965E0,6.287517001052E1));
#3236=LINE('',#3235,#3234);
#3237=CURVE_STYLE('',#34,POSITIVE_LENGTH_MEASURE(2.E-2),#8);
#3238=PRESENTATION_STYLE_ASSIGNMENT((#3237));
#3239=STYLED_ITEM('',(#3238),#3236);
#3240=DIRECTION('',(0.E0,0.E0,-1.E0));
#3241=VECTOR('',#3240,7.875170010520E0);
#3242=CARTESIAN_POINT('',(2.5E1,7.965E0,6.287517001052E1));
#3243=LINE('',#3242,#3241);
#3244=CURVE_STYLE('',#34,POSITIVE_LENGTH_MEASURE(2.E-2),#8);
#3245=PRESENTATION_STYLE_ASSIGNMENT((#3244));
#3246=STYLED_ITEM('',(#3245),#3243);
#3247=DIRECTION('',(0.E0,1.E0,0.E0));
#3248=VECTOR('',#3247,1.622E1);
#3249=CARTESIAN_POINT('',(2.5E1,-8.255E0,5.5E1));
#3250=LINE('',#3249,#3248);
#3251=CURVE_STYLE('',#34,POSITIVE_LENGTH_MEASURE(2.E-2),#8);
#3252=PRESENTATION_STYLE_ASSIGNMENT((#3251));
#3253=STYLED_ITEM('',(#3252),#3250);
#3254=DIRECTION('',(0.E0,0.E0,1.E0));
#3255=VECTOR('',#3254,3.6E1);
#3256=CARTESIAN_POINT('',(2.5E1,-8.255E0,5.5E1));
#3257=LINE('',#3256,#3255);
#3258=CURVE_STYLE('',#34,POSITIVE_LENGTH_MEASURE(2.E-2),#8);
#3259=PRESENTATION_STYLE_ASSIGNMENT((#3258));
#3260=STYLED_ITEM('',(#3259),#3257);
#3261=DIRECTION('',(0.E0,1.E0,0.E0));
#3262=VECTOR('',#3261,1.822E1);
#3263=CARTESIAN_POINT('',(2.5E1,-8.255E0,9.1E1));
#3264=LINE('',#3263,#3262);
#3265=CURVE_STYLE('',#34,POSITIVE_LENGTH_MEASURE(2.E-2),#8);
#3266=PRESENTATION_STYLE_ASSIGNMENT((#3265));
#3267=STYLED_ITEM('',(#3266),#3264);
#3268=DIRECTION('',(0.E0,1.E0,0.E0));
#3269=VECTOR('',#3268,2.E0);
#3270=CARTESIAN_POINT('',(2.5E1,7.965E0,6.287517001052E1));
#3271=LINE('',#3270,#3269);
#3272=CURVE_STYLE('',#34,POSITIVE_LENGTH_MEASURE(2.E-2),#8);
#3273=PRESENTATION_STYLE_ASSIGNMENT((#3272));
#3274=STYLED_ITEM('',(#3273),#3271);
#3275=DIRECTION('',(-1.E0,0.E0,0.E0));
#3276=VECTOR('',#3275,3.050279334919E0);
#3277=CARTESIAN_POINT('',(2.5E1,9.965E0,6.287517001052E1));
#3278=LINE('',#3277,#3276);
#3279=CURVE_STYLE('',#34,POSITIVE_LENGTH_MEASURE(2.E-2),#8);
#3280=PRESENTATION_STYLE_ASSIGNMENT((#3279));
#3281=STYLED_ITEM('',(#3280),#3278);
#3282=DIRECTION('',(1.E0,0.E0,0.E0));
#3283=VECTOR('',#3282,3.449720665081E0);
#3284=CARTESIAN_POINT('',(2.7E1,9.965E0,6.287517001052E1));
#3285=LINE('',#3284,#3283);
#3286=CURVE_STYLE('',#34,POSITIVE_LENGTH_MEASURE(2.E-2),#8);
#3287=PRESENTATION_STYLE_ASSIGNMENT((#3286));
#3288=STYLED_ITEM('',(#3287),#3285);
#3289=DIRECTION('',(1.E0,0.E0,0.E0));
#3290=VECTOR('',#3289,9.550279334919E0);
#3291=CARTESIAN_POINT('',(3.044972066508E1,3.3965E1,5.558535893456E1));
#3292=LINE('',#3291,#3290);
#3293=CURVE_STYLE('',#34,POSITIVE_LENGTH_MEASURE(2.E-2),#8);
#3294=PRESENTATION_STYLE_ASSIGNMENT((#3293));
#3295=STYLED_ITEM('',(#3294),#3292);
#3296=DIRECTION('',(-1.E0,0.E0,0.E0));
#3297=VECTOR('',#3296,9.550279334919E0);
#3298=CARTESIAN_POINT('',(4.E1,3.3965E1,3.3E1));
#3299=LINE('',#3298,#3297);
#3300=CURVE_STYLE('',#34,POSITIVE_LENGTH_MEASURE(2.E-2),#8);
#3301=PRESENTATION_STYLE_ASSIGNMENT((#3300));
#3302=STYLED_ITEM('',(#3301),#3299);
#3303=DIRECTION('',(0.E0,0.E0,1.E0));
#3304=VECTOR('',#3303,2.258535893456E1);
#3305=CARTESIAN_POINT('',(4.E1,3.3965E1,3.3E1));
#3306=LINE('',#3305,#3304);
#3307=CURVE_STYLE('',#34,POSITIVE_LENGTH_MEASURE(2.E-2),#8);
#3308=PRESENTATION_STYLE_ASSIGNMENT((#3307));
#3309=STYLED_ITEM('',(#3308),#3306);
#3310=DIRECTION('',(-1.E0,0.E0,0.E0));
#3311=VECTOR('',#3310,5.E0);
#3312=CARTESIAN_POINT('',(4.E1,2.026331119622E1,4.06E1));
#3313=LINE('',#3312,#3311);
#3314=CURVE_STYLE('',#34,POSITIVE_LENGTH_MEASURE(2.E-2),#8);
#3315=PRESENTATION_STYLE_ASSIGNMENT((#3314));
#3316=STYLED_ITEM('',(#3315),#3313);
#3317=DIRECTION('',(-1.E0,0.E0,0.E0));
#3318=VECTOR('',#3317,5.E0);
#3319=CARTESIAN_POINT('',(4.E1,2.766668880378E1,4.06E1));
#3320=LINE('',#3319,#3318);
#3321=CURVE_STYLE('',#34,POSITIVE_LENGTH_MEASURE(2.E-2),#8);
#3322=PRESENTATION_STYLE_ASSIGNMENT((#3321));
#3323=STYLED_ITEM('',(#3322),#3320);
#3324=DIRECTION('',(-1.E0,0.E0,0.E0));
#3325=VECTOR('',#3324,5.E0);
#3326=CARTESIAN_POINT('',(4.E1,2.766668880378E1,3.94E1));
#3327=LINE('',#3326,#3325);
#3328=CURVE_STYLE('',#34,POSITIVE_LENGTH_MEASURE(2.E-2),#8);
#3329=PRESENTATION_STYLE_ASSIGNMENT((#3328));
#3330=STYLED_ITEM('',(#3329),#3327);
#3331=DIRECTION('',(-1.E0,0.E0,0.E0));
#3332=VECTOR('',#3331,5.E0);
#3333=CARTESIAN_POINT('',(4.E1,2.026331119622E1,3.94E1));
#3334=LINE('',#3333,#3332);
#3335=CURVE_STYLE('',#34,POSITIVE_LENGTH_MEASURE(2.E-2),#8);
#3336=PRESENTATION_STYLE_ASSIGNMENT((#3335));
#3337=STYLED_ITEM('',(#3336),#3334);
#3338=DIRECTION('',(0.E0,0.E0,-1.E0));
#3339=VECTOR('',#3338,2.E1);
#3340=CARTESIAN_POINT('',(4.E1,-2.255E0,1.11E2));
#3341=LINE('',#3340,#3339);
#3342=CURVE_STYLE('',#34,POSITIVE_LENGTH_MEASURE(2.E-2),#8);
#3343=PRESENTATION_STYLE_ASSIGNMENT((#3342));
#3344=STYLED_ITEM('',(#3343),#3341);
#3345=DIRECTION('',(0.E0,0.E0,-1.E0));
#3346=VECTOR('',#3345,2.E1);
#3347=CARTESIAN_POINT('',(4.E1,3.965E0,1.11E2));
#3348=LINE('',#3347,#3346);
#3349=CURVE_STYLE('',#34,POSITIVE_LENGTH_MEASURE(2.E-2),#8);
#3350=PRESENTATION_STYLE_ASSIGNMENT((#3349));
#3351=STYLED_ITEM('',(#3350),#3348);
#3352=DIRECTION('',(0.E0,0.E0,-1.E0));
#3353=VECTOR('',#3352,2.E0);
#3354=CARTESIAN_POINT('',(-1.383971653354E0,9.965E0,1.045E2));
#3355=LINE('',#3354,#3353);
#3356=CURVE_STYLE('',#34,POSITIVE_LENGTH_MEASURE(2.E-2),#8);
#3357=PRESENTATION_STYLE_ASSIGNMENT((#3356));
#3358=STYLED_ITEM('',(#3357),#3355);
#3359=DIRECTION('',(0.E0,0.E0,-1.E0));
#3360=VECTOR('',#3359,2.E0);
#3361=CARTESIAN_POINT('',(-1.383971653354E0,9.965E0,6.25E1));
#3362=LINE('',#3361,#3360);
#3363=CURVE_STYLE('',#34,POSITIVE_LENGTH_MEASURE(2.E-2),#8);
#3364=PRESENTATION_STYLE_ASSIGNMENT((#3363));
#3365=STYLED_ITEM('',(#3364),#3362);
#3366=CARTESIAN_POINT('',(3.25E0,2.8965E1,6.05E1));
#3367=DIRECTION('',(0.E0,0.E0,-1.E0));
#3368=DIRECTION('',(-1.E0,0.E0,0.E0));
#3369=AXIS2_PLACEMENT_3D('',#3366,#3367,#3368);
#3371=CURVE_STYLE('',#34,POSITIVE_LENGTH_MEASURE(2.E-2),#8);
#3372=PRESENTATION_STYLE_ASSIGNMENT((#3371));
#3373=STYLED_ITEM('',(#3372),#3370);
#3374=DIRECTION('',(0.E0,-1.E0,0.E0));
#3375=VECTOR('',#3374,1.4E1);
#3376=CARTESIAN_POINT('',(2.25E0,2.8965E1,6.05E1));
#3377=LINE('',#3376,#3375);
#3378=CURVE_STYLE('',#34,POSITIVE_LENGTH_MEASURE(2.E-2),#8);
#3379=PRESENTATION_STYLE_ASSIGNMENT((#3378));
#3380=STYLED_ITEM('',(#3379),#3377);
#3381=DIRECTION('',(0.E0,1.E0,0.E0));
#3382=VECTOR('',#3381,5.E0);
#3383=CARTESIAN_POINT('',(-1.383971653354E0,9.965E0,6.05E1));
#3384=LINE('',#3383,#3382);
#3385=CURVE_STYLE('',#34,POSITIVE_LENGTH_MEASURE(2.E-2),#8);
#3386=PRESENTATION_STYLE_ASSIGNMENT((#3385));
#3387=STYLED_ITEM('',(#3386),#3384);
#3388=DIRECTION('',(-1.E0,0.E0,0.E0));
#3389=VECTOR('',#3388,3.195636103758E0);
#3390=CARTESIAN_POINT('',(6.445636103758E0,2.9965E1,6.05E1));
#3391=LINE('',#3390,#3389);
#3392=CURVE_STYLE('',#34,POSITIVE_LENGTH_MEASURE(2.E-2),#8);
#3393=PRESENTATION_STYLE_ASSIGNMENT((#3392));
#3394=STYLED_ITEM('',(#3393),#3391);
#3395=DIRECTION('',(0.E0,1.E0,0.E0));
#3396=VECTOR('',#3395,5.E0);
#3397=CARTESIAN_POINT('',(-2.090968983174E1,9.965E0,6.05E1));
#3398=LINE('',#3397,#3396);
#3399=CURVE_STYLE('',#34,POSITIVE_LENGTH_MEASURE(2.E-2),#8);
#3400=PRESENTATION_STYLE_ASSIGNMENT((#3399));
#3401=STYLED_ITEM('',(#3400),#3398);
#3402=DIRECTION('',(1.E0,0.E0,0.E0));
#3403=VECTOR('',#3402,8.462003351612E0);
#3404=CARTESIAN_POINT('',(-2.090968983174E1,9.965E0,6.05E1));
#3405=LINE('',#3404,#3403);
#3406=CURVE_STYLE('',#34,POSITIVE_LENGTH_MEASURE(2.E-2),#8);
#3407=PRESENTATION_STYLE_ASSIGNMENT((#3406));
#3408=STYLED_ITEM('',(#3407),#3405);
#3409=DIRECTION('',(0.E0,1.E0,0.E0));
#3410=VECTOR('',#3409,5.E0);
#3411=CARTESIAN_POINT('',(-1.244768648013E1,9.965E0,6.05E1));
#3412=LINE('',#3411,#3410);
#3413=CURVE_STYLE('',#34,POSITIVE_LENGTH_MEASURE(2.E-2),#8);
#3414=PRESENTATION_STYLE_ASSIGNMENT((#3413));
#3415=STYLED_ITEM('',(#3414),#3412);
#3416=DIRECTION('',(0.E0,0.E0,1.E0));
#3417=VECTOR('',#3416,2.E0);
#3418=CARTESIAN_POINT('',(2.25E0,2.8965E1,1.025E2));
#3419=LINE('',#3418,#3417);
#3420=CURVE_STYLE('',#34,POSITIVE_LENGTH_MEASURE(2.E-2),#8);
#3421=PRESENTATION_STYLE_ASSIGNMENT((#3420));
#3422=STYLED_ITEM('',(#3421),#3419);
#3423=DIRECTION('',(0.E0,0.E0,-1.E0));
#3424=VECTOR('',#3423,2.E0);
#3425=CARTESIAN_POINT('',(2.25E0,1.4965E1,1.045E2));
#3426=LINE('',#3425,#3424);
#3427=CURVE_STYLE('',#34,POSITIVE_LENGTH_MEASURE(2.E-2),#8);
#3428=PRESENTATION_STYLE_ASSIGNMENT((#3427));
#3429=STYLED_ITEM('',(#3428),#3426);
#3430=DIRECTION('',(0.E0,0.E0,1.E0));
#3431=VECTOR('',#3430,2.E0);
#3432=CARTESIAN_POINT('',(2.25E0,2.8965E1,6.05E1));
#3433=LINE('',#3432,#3431);
#3434=CURVE_STYLE('',#34,POSITIVE_LENGTH_MEASURE(2.E-2),#8);
#3435=PRESENTATION_STYLE_ASSIGNMENT((#3434));
#3436=STYLED_ITEM('',(#3435),#3433);
#3437=DIRECTION('',(0.E0,0.E0,-1.E0));
#3438=VECTOR('',#3437,2.E0);
#3439=CARTESIAN_POINT('',(2.25E0,1.4965E1,6.25E1));
#3440=LINE('',#3439,#3438);
#3441=CURVE_STYLE('',#34,POSITIVE_LENGTH_MEASURE(2.E-2),#8);
#3442=PRESENTATION_STYLE_ASSIGNMENT((#3441));
#3443=STYLED_ITEM('',(#3442),#3440);
#3444=CARTESIAN_POINT('',(6.445636103758E0,2.8965E1,1.1E2));
#3445=DIRECTION('',(-1.E0,0.E0,0.E0));
#3446=DIRECTION('',(0.E0,0.E0,1.E0));
#3447=AXIS2_PLACEMENT_3D('',#3444,#3445,#3446);
#3449=CURVE_STYLE('',#34,POSITIVE_LENGTH_MEASURE(2.E-2),#8);
#3450=PRESENTATION_STYLE_ASSIGNMENT((#3449));
#3451=STYLED_ITEM('',(#3450),#3448);
#3452=CARTESIAN_POINT('',(6.445636103758E0,2.4965E1,1.075E2));
#3453=DIRECTION('',(1.E0,0.E0,0.E0));
#3454=DIRECTION('',(0.E0,0.E0,-1.E0));
#3455=AXIS2_PLACEMENT_3D('',#3452,#3453,#3454);
#3457=CURVE_STYLE('',#34,POSITIVE_LENGTH_MEASURE(2.E-2),#8);
#3458=PRESENTATION_STYLE_ASSIGNMENT((#3457));
#3459=STYLED_ITEM('',(#3458),#3456);
#3460=DIRECTION('',(1.E0,0.E0,0.E0));
#3461=VECTOR('',#3460,1.585E0);
#3462=CARTESIAN_POINT('',(8.365636103758E0,2.3065E1,1.075E2));
#3463=LINE('',#3462,#3461);
#3464=CURVE_STYLE('',#34,POSITIVE_LENGTH_MEASURE(2.E-2),#8);
#3465=PRESENTATION_STYLE_ASSIGNMENT((#3464));
#3466=STYLED_ITEM('',(#3465),#3463);
#3467=CARTESIAN_POINT('',(8.365636103758E0,2.4965E1,1.075E2));
#3468=DIRECTION('',(1.E0,0.E0,0.E0));
#3469=DIRECTION('',(0.E0,0.E0,-1.E0));
#3470=AXIS2_PLACEMENT_3D('',#3467,#3468,#3469);
#3472=CURVE_STYLE('',#34,POSITIVE_LENGTH_MEASURE(2.E-2),#8);
#3473=PRESENTATION_STYLE_ASSIGNMENT((#3472));
#3474=STYLED_ITEM('',(#3473),#3471);
#3475=DIRECTION('',(-1.E0,0.E0,0.E0));
#3476=VECTOR('',#3475,1.92E0);
#3477=CARTESIAN_POINT('',(8.365636103758E0,2.4965E1,1.056E2));
#3478=LINE('',#3477,#3476);
#3479=CURVE_STYLE('',#34,POSITIVE_LENGTH_MEASURE(2.E-2),#8);
#3480=PRESENTATION_STYLE_ASSIGNMENT((#3479));
#3481=STYLED_ITEM('',(#3480),#3478);
#3482=CARTESIAN_POINT('',(6.445636103758E0,2.4965E1,1.075E2));
#3483=DIRECTION('',(1.E0,0.E0,0.E0));
#3484=DIRECTION('',(0.E0,0.E0,1.E0));
#3485=AXIS2_PLACEMENT_3D('',#3482,#3483,#3484);
#3487=CURVE_STYLE('',#34,POSITIVE_LENGTH_MEASURE(2.E-2),#8);
#3488=PRESENTATION_STYLE_ASSIGNMENT((#3487));
#3489=STYLED_ITEM('',(#3488),#3486);
#3490=DIRECTION('',(1.E0,0.E0,0.E0));
#3491=VECTOR('',#3490,1.585E0);
#3492=CARTESIAN_POINT('',(8.365636103758E0,2.6865E1,1.075E2));
#3493=LINE('',#3492,#3491);
#3494=CURVE_STYLE('',#34,POSITIVE_LENGTH_MEASURE(2.E-2),#8);
#3495=PRESENTATION_STYLE_ASSIGNMENT((#3494));
#3496=STYLED_ITEM('',(#3495),#3493);
#3497=CARTESIAN_POINT('',(8.365636103758E0,2.4965E1,1.075E2));
#3498=DIRECTION('',(1.E0,0.E0,0.E0));
#3499=DIRECTION('',(0.E0,0.E0,1.E0));
#3500=AXIS2_PLACEMENT_3D('',#3497,#3498,#3499);
#3502=CURVE_STYLE('',#34,POSITIVE_LENGTH_MEASURE(2.E-2),#8);
#3503=PRESENTATION_STYLE_ASSIGNMENT((#3502));
#3504=STYLED_ITEM('',(#3503),#3501);
#3505=DIRECTION('',(-1.E0,0.E0,0.E0));
#3506=VECTOR('',#3505,1.92E0);
#3507=CARTESIAN_POINT('',(8.365636103758E0,2.4965E1,1.094E2));
#3508=LINE('',#3507,#3506);
#3509=CURVE_STYLE('',#34,POSITIVE_LENGTH_MEASURE(2.E-2),#8);
#3510=PRESENTATION_STYLE_ASSIGNMENT((#3509));
#3511=STYLED_ITEM('',(#3510),#3508);
#3512=CARTESIAN_POINT('',(6.445636103758E0,1.4965E1,1.075E2));
#3513=DIRECTION('',(1.E0,0.E0,0.E0));
#3514=DIRECTION('',(0.E0,0.E0,-1.E0));
#3515=AXIS2_PLACEMENT_3D('',#3512,#3513,#3514);
#3517=CURVE_STYLE('',#34,POSITIVE_LENGTH_MEASURE(2.E-2),#8);
#3518=PRESENTATION_STYLE_ASSIGNMENT((#3517));
#3519=STYLED_ITEM('',(#3518),#3516);
#3520=DIRECTION('',(1.E0,0.E0,0.E0));
#3521=VECTOR('',#3520,1.585E0);
#3522=CARTESIAN_POINT('',(8.365636103758E0,1.3065E1,1.075E2));
#3523=LINE('',#3522,#3521);
#3524=CURVE_STYLE('',#34,POSITIVE_LENGTH_MEASURE(2.E-2),#8);
#3525=PRESENTATION_STYLE_ASSIGNMENT((#3524));
#3526=STYLED_ITEM('',(#3525),#3523);
#3527=CARTESIAN_POINT('',(8.365636103758E0,1.4965E1,1.075E2));
#3528=DIRECTION('',(1.E0,0.E0,0.E0));
#3529=DIRECTION('',(0.E0,0.E0,-1.E0));
#3530=AXIS2_PLACEMENT_3D('',#3527,#3528,#3529);
#3532=CURVE_STYLE('',#34,POSITIVE_LENGTH_MEASURE(2.E-2),#8);
#3533=PRESENTATION_STYLE_ASSIGNMENT((#3532));
#3534=STYLED_ITEM('',(#3533),#3531);
#3535=DIRECTION('',(-1.E0,0.E0,0.E0));
#3536=VECTOR('',#3535,1.92E0);
#3537=CARTESIAN_POINT('',(8.365636103758E0,1.4965E1,1.056E2));
#3538=LINE('',#3537,#3536);
#3539=CURVE_STYLE('',#34,POSITIVE_LENGTH_MEASURE(2.E-2),#8);
#3540=PRESENTATION_STYLE_ASSIGNMENT((#3539));
#3541=STYLED_ITEM('',(#3540),#3538);
#3542=CARTESIAN_POINT('',(6.445636103758E0,1.4965E1,1.075E2));
#3543=DIRECTION('',(1.E0,0.E0,0.E0));
#3544=DIRECTION('',(0.E0,0.E0,1.E0));
#3545=AXIS2_PLACEMENT_3D('',#3542,#3543,#3544);
#3547=CURVE_STYLE('',#34,POSITIVE_LENGTH_MEASURE(2.E-2),#8);
#3548=PRESENTATION_STYLE_ASSIGNMENT((#3547));
#3549=STYLED_ITEM('',(#3548),#3546);
#3550=DIRECTION('',(1.E0,0.E0,0.E0));
#3551=VECTOR('',#3550,1.585E0);
#3552=CARTESIAN_POINT('',(8.365636103758E0,1.6865E1,1.075E2));
#3553=LINE('',#3552,#3551);
#3554=CURVE_STYLE('',#34,POSITIVE_LENGTH_MEASURE(2.E-2),#8);
#3555=PRESENTATION_STYLE_ASSIGNMENT((#3554));
#3556=STYLED_ITEM('',(#3555),#3553);
#3557=CARTESIAN_POINT('',(8.365636103758E0,1.4965E1,1.075E2));
#3558=DIRECTION('',(1.E0,0.E0,0.E0));
#3559=DIRECTION('',(0.E0,0.E0,1.E0));
#3560=AXIS2_PLACEMENT_3D('',#3557,#3558,#3559);
#3562=CURVE_STYLE('',#34,POSITIVE_LENGTH_MEASURE(2.E-2),#8);
#3563=PRESENTATION_STYLE_ASSIGNMENT((#3562));
#3564=STYLED_ITEM('',(#3563),#3561);
#3565=DIRECTION('',(-1.E0,0.E0,0.E0));
#3566=VECTOR('',#3565,1.92E0);
#3567=CARTESIAN_POINT('',(8.365636103758E0,1.4965E1,1.094E2));
#3568=LINE('',#3567,#3566);
#3569=CURVE_STYLE('',#34,POSITIVE_LENGTH_MEASURE(2.E-2),#8);
#3570=PRESENTATION_STYLE_ASSIGNMENT((#3569));
#3571=STYLED_ITEM('',(#3570),#3568);
#3572=DIRECTION('',(0.E0,-1.E0,0.E0));
#3573=VECTOR('',#3572,1.822E1);
#3574=CARTESIAN_POINT('',(-2.5E1,9.965E0,9.1E1));
#3575=LINE('',#3574,#3573);
#3576=CURVE_STYLE('',#34,POSITIVE_LENGTH_MEASURE(2.E-2),#8);
#3577=PRESENTATION_STYLE_ASSIGNMENT((#3576));
#3578=STYLED_ITEM('',(#3577),#3575);
#3579=DIRECTION('',(0.E0,-1.E0,0.E0));
#3580=VECTOR('',#3579,1.822E1);
#3581=CARTESIAN_POINT('',(-2.5E1,9.965E0,5.5E1));
#3582=LINE('',#3581,#3580);
#3583=CURVE_STYLE('',#34,POSITIVE_LENGTH_MEASURE(2.E-2),#8);
#3584=PRESENTATION_STYLE_ASSIGNMENT((#3583));
#3585=STYLED_ITEM('',(#3584),#3582);
#3586=DIRECTION('',(0.E0,-1.E0,0.E0));
#3587=VECTOR('',#3586,5.E0);
#3588=CARTESIAN_POINT('',(1.186803351655E0,1.4965E1,5.447262078293E1));
#3589=LINE('',#3588,#3587);
#3590=CURVE_STYLE('',#34,POSITIVE_LENGTH_MEASURE(2.E-2),#8);
#3591=PRESENTATION_STYLE_ASSIGNMENT((#3590));
#3592=STYLED_ITEM('',(#3591),#3589);
#3593=DIRECTION('',(-1.E0,0.E0,0.E0));
#3594=VECTOR('',#3593,5.258832752103E0);
#3595=CARTESIAN_POINT('',(6.445636103758E0,9.965E0,5.447262078293E1));
#3596=LINE('',#3595,#3594);
#3597=CURVE_STYLE('',#34,POSITIVE_LENGTH_MEASURE(2.E-2),#8);
#3598=PRESENTATION_STYLE_ASSIGNMENT((#3597));
#3599=STYLED_ITEM('',(#3598),#3596);
#3600=DIRECTION('',(1.E0,0.E0,0.E0));
#3601=VECTOR('',#3600,5.258832752103E0);
#3602=CARTESIAN_POINT('',(1.186803351655E0,1.4965E1,5.447262078293E1));
#3603=LINE('',#3602,#3601);
#3604=CURVE_STYLE('',#34,POSITIVE_LENGTH_MEASURE(2.E-2),#8);
#3605=PRESENTATION_STYLE_ASSIGNMENT((#3604));
#3606=STYLED_ITEM('',(#3605),#3603);
#3607=DIRECTION('',(0.E0,-1.E0,0.E0));
#3608=VECTOR('',#3607,5.E0);
#3609=CARTESIAN_POINT('',(6.445636103758E0,1.4965E1,5.447262078293E1));
#3610=LINE('',#3609,#3608);
#3611=CURVE_STYLE('',#34,POSITIVE_LENGTH_MEASURE(2.E-2),#8);
#3612=PRESENTATION_STYLE_ASSIGNMENT((#3611));
#3613=STYLED_ITEM('',(#3612),#3610);
#3614=DIRECTION('',(0.E0,-1.E0,0.E0));
#3615=VECTOR('',#3614,3.22E0);
#3616=CARTESIAN_POINT('',(-1.681937966348E1,9.965E0,6.25E1));
#3617=LINE('',#3616,#3615);
#3618=CURVE_STYLE('',#34,POSITIVE_LENGTH_MEASURE(2.E-2),#8);
#3619=PRESENTATION_STYLE_ASSIGNMENT((#3618));
#3620=STYLED_ITEM('',(#3619),#3617);
#3621=DIRECTION('',(0.E0,-1.E0,0.E0));
#3622=VECTOR('',#3621,3.22E0);
#3623=CARTESIAN_POINT('',(5.307818051879E0,9.965E0,1.01E2));
#3624=LINE('',#3623,#3622);
#3625=CURVE_STYLE('',#34,POSITIVE_LENGTH_MEASURE(2.E-2),#8);
#3626=PRESENTATION_STYLE_ASSIGNMENT((#3625));
#3627=STYLED_ITEM('',(#3626),#3624);
#3628=DIRECTION('',(0.E0,-1.E0,0.E0));
#3629=VECTOR('',#3628,5.E0);
#3630=CARTESIAN_POINT('',(1.987E1,1.4965E1,2.5E1));
#3631=LINE('',#3630,#3629);
#3632=CURVE_STYLE('',#34,POSITIVE_LENGTH_MEASURE(2.E-2),#8);
#3633=PRESENTATION_STYLE_ASSIGNMENT((#3632));
#3634=STYLED_ITEM('',(#3633),#3631);
#3635=DIRECTION('',(1.E0,0.E0,0.E0));
#3636=VECTOR('',#3635,3.505E0);
#3637=CARTESIAN_POINT('',(6.445636103758E0,2.8965E1,5.447262078293E1));
#3638=LINE('',#3637,#3636);
#3639=CURVE_STYLE('',#34,POSITIVE_LENGTH_MEASURE(2.E-2),#8);
#3640=PRESENTATION_STYLE_ASSIGNMENT((#3639));
#3641=STYLED_ITEM('',(#3640),#3638);
#3642=DIRECTION('',(0.E0,1.E0,0.E0));
#3643=VECTOR('',#3642,1.4E1);
#3644=CARTESIAN_POINT('',(6.445636103758E0,1.4965E1,5.447262078293E1));
#3645=LINE('',#3644,#3643);
#3646=CURVE_STYLE('',#34,POSITIVE_LENGTH_MEASURE(2.E-2),#8);
#3647=PRESENTATION_STYLE_ASSIGNMENT((#3646));
#3648=STYLED_ITEM('',(#3647),#3645);
#3649=DIRECTION('',(1.E0,0.E0,0.E0));
#3650=VECTOR('',#3649,3.505E0);
#3651=CARTESIAN_POINT('',(6.445636103758E0,1.4965E1,5.447262078293E1));
#3652=LINE('',#3651,#3650);
#3653=CURVE_STYLE('',#34,POSITIVE_LENGTH_MEASURE(2.E-2),#8);
#3654=PRESENTATION_STYLE_ASSIGNMENT((#3653));
#3655=STYLED_ITEM('',(#3654),#3652);
#3656=CARTESIAN_POINT('',(-3.851797048358E1,-1.038135410969E-9,5.4E1));
#3657=DIRECTION('',(-1.661016671428E-10,1.E0,0.E0));
#3658=DIRECTION('',(1.173795283194E-9,0.E0,1.E0));
#3659=AXIS2_PLACEMENT_3D('',#3656,#3657,#3658);
#3661=CURVE_STYLE('',#34,POSITIVE_LENGTH_MEASURE(2.E-2),#8);
#3662=PRESENTATION_STYLE_ASSIGNMENT((#3661));
#3663=STYLED_ITEM('',(#3662),#3660);
#3664=CARTESIAN_POINT('',(-3.226797048358E1,0.E0,5.4E1));
#3665=DIRECTION('',(0.E0,0.E0,-1.E0));
#3666=DIRECTION('',(-1.E0,0.E0,0.E0));
#3667=AXIS2_PLACEMENT_3D('',#3664,#3665,#3666);
#3669=CURVE_STYLE('',#34,POSITIVE_LENGTH_MEASURE(2.E-2),#8);
#3670=PRESENTATION_STYLE_ASSIGNMENT((#3669));
#3671=STYLED_ITEM('',(#3670),#3668);
#3672=CARTESIAN_POINT('',(-3.226797048358E1,0.E0,2.6E1));
#3673=DIRECTION('',(0.E0,0.E0,1.E0));
#3674=DIRECTION('',(1.E0,0.E0,0.E0));
#3675=AXIS2_PLACEMENT_3D('',#3672,#3673,#3674);
#3677=CURVE_STYLE('',#34,POSITIVE_LENGTH_MEASURE(2.E-2),#8);
#3678=PRESENTATION_STYLE_ASSIGNMENT((#3677));
#3679=STYLED_ITEM('',(#3678),#3676);
#3680=DIRECTION('',(0.E0,2.788178913939E-13,1.E0));
#3681=VECTOR('',#3680,2.8E1);
#3682=CARTESIAN_POINT('',(-3.751797048358E1,-8.326070296502E-10,2.6E1));
#3683=LINE('',#3682,#3681);
#3684=CURVE_STYLE('',#34,POSITIVE_LENGTH_MEASURE(2.E-2),#8);
#3685=PRESENTATION_STYLE_ASSIGNMENT((#3684));
#3686=STYLED_ITEM('',(#3685),#3683);
#3687=CARTESIAN_POINT('',(2.601797048358E1,-1.038139362656E-9,5.4E1));
#3688=DIRECTION('',(-1.661016671428E-10,1.E0,0.E0));
#3689=DIRECTION('',(1.173784625053E-9,0.E0,1.E0));
#3690=AXIS2_PLACEMENT_3D('',#3687,#3688,#3689);
#3692=CURVE_STYLE('',#34,POSITIVE_LENGTH_MEASURE(2.E-2),#8);
#3693=PRESENTATION_STYLE_ASSIGNMENT((#3692));
#3694=STYLED_ITEM('',(#3693),#3691);
#3695=CARTESIAN_POINT('',(3.851797048358E1,1.038130682126E-9,5.4E1));
#3696=DIRECTION('',(1.661015422427E-10,-1.E0,0.E0));
#3697=DIRECTION('',(-1.173788177766E-9,0.E0,1.E0));
#3698=AXIS2_PLACEMENT_3D('',#3695,#3696,#3697);
#3700=CURVE_STYLE('',#34,POSITIVE_LENGTH_MEASURE(2.E-2),#8);
#3701=PRESENTATION_STYLE_ASSIGNMENT((#3700));
#3702=STYLED_ITEM('',(#3701),#3699);
#3703=CARTESIAN_POINT('',(3.226797048358E1,0.E0,5.4E1));
#3704=DIRECTION('',(0.E0,0.E0,-1.E0));
#3705=DIRECTION('',(1.E0,0.E0,0.E0));
#3706=AXIS2_PLACEMENT_3D('',#3703,#3704,#3705);
#3708=CURVE_STYLE('',#34,POSITIVE_LENGTH_MEASURE(2.E-2),#8);
#3709=PRESENTATION_STYLE_ASSIGNMENT((#3708));
#3710=STYLED_ITEM('',(#3709),#3707);
#3711=CARTESIAN_POINT('',(3.226797048358E1,0.E0,2.6E1));
#3712=DIRECTION('',(0.E0,0.E0,1.E0));
#3713=DIRECTION('',(-1.E0,0.E0,0.E0));
#3714=AXIS2_PLACEMENT_3D('',#3711,#3712,#3713);
#3716=CURVE_STYLE('',#34,POSITIVE_LENGTH_MEASURE(2.E-2),#8);
#3717=PRESENTATION_STYLE_ASSIGNMENT((#3716));
#3718=STYLED_ITEM('',(#3717),#3715);
#3719=DIRECTION('',(0.E0,-2.788099612294E-13,1.E0));
#3720=VECTOR('',#3719,2.8E1);
#3721=CARTESIAN_POINT('',(3.751797048358E1,8.326026951840E-10,2.6E1));
#3722=LINE('',#3721,#3720);
#3723=CURVE_STYLE('',#34,POSITIVE_LENGTH_MEASURE(2.E-2),#8);
#3724=PRESENTATION_STYLE_ASSIGNMENT((#3723));
#3725=STYLED_ITEM('',(#3724),#3722);
#3726=CARTESIAN_POINT('',(3.226797048358E1,0.E0,5.4E1));
#3727=DIRECTION('',(0.E0,0.E0,-1.E0));
#3728=DIRECTION('',(-1.E0,0.E0,0.E0));
#3729=AXIS2_PLACEMENT_3D('',#3726,#3727,#3728);
#3731=CURVE_STYLE('',#34,POSITIVE_LENGTH_MEASURE(2.E-2),#8);
#3732=PRESENTATION_STYLE_ASSIGNMENT((#3731));
#3733=STYLED_ITEM('',(#3732),#3730);
#3734=CARTESIAN_POINT('',(3.226797048358E1,0.E0,2.6E1));
#3735=DIRECTION('',(0.E0,0.E0,1.E0));
#3736=DIRECTION('',(1.E0,0.E0,0.E0));
#3737=AXIS2_PLACEMENT_3D('',#3734,#3735,#3736);
#3739=CURVE_STYLE('',#34,POSITIVE_LENGTH_MEASURE(2.E-2),#8);
#3740=PRESENTATION_STYLE_ASSIGNMENT((#3739));
#3741=STYLED_ITEM('',(#3740),#3738);
#3742=DIRECTION('',(0.E0,2.788221042938E-13,1.E0));
#3743=VECTOR('',#3742,2.8E1);
#3744=CARTESIAN_POINT('',(2.701797048358E1,-8.326110021536E-10,2.6E1));
#3745=LINE('',#3744,#3743);
#3746=CURVE_STYLE('',#34,POSITIVE_LENGTH_MEASURE(2.E-2),#8);
#3747=PRESENTATION_STYLE_ASSIGNMENT((#3746));
#3748=STYLED_ITEM('',(#3747),#3745);
#3749=CARTESIAN_POINT('',(3.851797048358E1,-6.548069412947E-10,2.6E1));
#3750=DIRECTION('',(1.047684855537E-10,1.E0,0.E0));
#3751=DIRECTION('',(-4.788205387740E-10,0.E0,-1.E0));
#3752=AXIS2_PLACEMENT_3D('',#3749,#3750,#3751);
#3754=CURVE_STYLE('',#34,POSITIVE_LENGTH_MEASURE(2.E-2),#8);
#3755=PRESENTATION_STYLE_ASSIGNMENT((#3754));
#3756=STYLED_ITEM('',(#3755),#3753);
#3757=CARTESIAN_POINT('',(2.601797048358E1,6.547952076520E-10,2.6E1));
#3758=DIRECTION('',(-1.047678679922E-10,-1.E0,0.E0));
#3759=DIRECTION('',(4.788205387740E-10,0.E0,-1.E0));
#3760=AXIS2_PLACEMENT_3D('',#3757,#3758,#3759);
#3762=CURVE_STYLE('',#34,POSITIVE_LENGTH_MEASURE(2.E-2),#8);
#3763=PRESENTATION_STYLE_ASSIGNMENT((#3762));
#3764=STYLED_ITEM('',(#3763),#3761);
#3765=CARTESIAN_POINT('',(-3.25E0,-1.261318022250E-8,2.6E1));
#3766=DIRECTION('',(-3.880978524662E-9,1.E0,0.E0));
#3767=DIRECTION('',(1.E0,3.880978524662E-9,0.E0));
#3768=AXIS2_PLACEMENT_3D('',#3765,#3766,#3767);
#3770=CURVE_STYLE('',#34,POSITIVE_LENGTH_MEASURE(2.E-2),#8);
#3771=PRESENTATION_STYLE_ASSIGNMENT((#3770));
#3772=STYLED_ITEM('',(#3771),#3769);
#3773=CARTESIAN_POINT('',(0.E0,0.E0,5.103967979774E1));
#3774=DIRECTION('',(0.E0,0.E0,1.E0));
#3775=DIRECTION('',(1.E0,0.E0,0.E0));
#3776=AXIS2_PLACEMENT_3D('',#3773,#3774,#3775);
#3778=CURVE_STYLE('',#34,POSITIVE_LENGTH_MEASURE(2.E-2),#8);
#3779=PRESENTATION_STYLE_ASSIGNMENT((#3778));
#3780=STYLED_ITEM('',(#3779),#3777);
#3781=CARTESIAN_POINT('',(0.E0,0.E0,4.3E1));
#3782=DIRECTION('',(0.E0,0.E0,1.E0));
#3783=DIRECTION('',(1.E0,0.E0,0.E0));
#3784=AXIS2_PLACEMENT_3D('',#3781,#3782,#3783);
#3786=CURVE_STYLE('',#34,POSITIVE_LENGTH_MEASURE(2.E-2),#8);
#3787=PRESENTATION_STYLE_ASSIGNMENT((#3786));
#3788=STYLED_ITEM('',(#3787),#3785);
#3789=DIRECTION('',(0.E0,-5.782767113748E-11,1.E0));
#3790=VECTOR('',#3789,8.039679797739E0);
#3791=CARTESIAN_POINT('',(-2.25E0,0.E0,4.3E1));
#3792=LINE('',#3791,#3790);
#3793=CURVE_STYLE('',#34,POSITIVE_LENGTH_MEASURE(2.E-2),#8);
#3794=PRESENTATION_STYLE_ASSIGNMENT((#3793));
#3795=STYLED_ITEM('',(#3794),#3792);
#3796=CARTESIAN_POINT('',(0.E0,0.E0,2.6E1));
#3797=DIRECTION('',(0.E0,0.E0,-1.E0));
#3798=DIRECTION('',(-1.E0,0.E0,0.E0));
#3799=AXIS2_PLACEMENT_3D('',#3796,#3797,#3798);
#3801=CURVE_STYLE('',#34,POSITIVE_LENGTH_MEASURE(2.E-2),#8);
#3802=PRESENTATION_STYLE_ASSIGNMENT((#3801));
#3803=STYLED_ITEM('',(#3802),#3800);
#3804=DIRECTION('',(0.E0,2.530504841501E-11,1.E0));
#3805=VECTOR('',#3804,1.1E1);
#3806=CARTESIAN_POINT('',(-2.25E0,-2.783553259059E-10,2.6E1));
#3807=LINE('',#3806,#3805);
#3808=CURVE_STYLE('',#34,POSITIVE_LENGTH_MEASURE(2.E-2),#8);
#3809=PRESENTATION_STYLE_ASSIGNMENT((#3808));
#3810=STYLED_ITEM('',(#3809),#3807);
#3811=CARTESIAN_POINT('',(0.E0,0.E0,3.7E1));
#3812=DIRECTION('',(0.E0,0.E0,1.E0));
#3813=DIRECTION('',(1.E0,0.E0,0.E0));
#3814=AXIS2_PLACEMENT_3D('',#3811,#3812,#3813);
#3816=CURVE_STYLE('',#34,POSITIVE_LENGTH_MEASURE(2.E-2),#8);
#3817=PRESENTATION_STYLE_ASSIGNMENT((#3816));
#3818=STYLED_ITEM('',(#3817),#3815);
#3819=CARTESIAN_POINT('',(0.E0,0.E0,1.1E2));
#3820=DIRECTION('',(0.E0,0.E0,-1.E0));
#3821=DIRECTION('',(-1.E0,0.E0,0.E0));
#3822=AXIS2_PLACEMENT_3D('',#3819,#3820,#3821);
#3824=CURVE_STYLE('',#34,POSITIVE_LENGTH_MEASURE(2.E-2),#8);
#3825=PRESENTATION_STYLE_ASSIGNMENT((#3824));
#3826=STYLED_ITEM('',(#3825),#3823);
#3827=CARTESIAN_POINT('',(0.E0,0.E0,1.02E2));
#3828=DIRECTION('',(0.E0,0.E0,-1.E0));
#3829=DIRECTION('',(-1.E0,0.E0,0.E0));
#3830=AXIS2_PLACEMENT_3D('',#3827,#3828,#3829);
#3832=CURVE_STYLE('',#34,POSITIVE_LENGTH_MEASURE(2.E-2),#8);
#3833=PRESENTATION_STYLE_ASSIGNMENT((#3832));
#3834=STYLED_ITEM('',(#3833),#3831);
#3835=DIRECTION('',(0.E0,4.079395189704E-10,1.E0));
#3836=VECTOR('',#3835,8.E0);
#3837=CARTESIAN_POINT('',(-2.25E0,-2.783553259059E-10,1.02E2));
#3838=LINE('',#3837,#3836);
#3839=CURVE_STYLE('',#34,POSITIVE_LENGTH_MEASURE(2.E-2),#8);
#3840=PRESENTATION_STYLE_ASSIGNMENT((#3839));
#3841=STYLED_ITEM('',(#3840),#3838);
#3842=CARTESIAN_POINT('',(3.25E0,-1.048065512155E-8,5.103967979774E1));
#3843=DIRECTION('',(3.224816955139E-9,1.E0,0.E0));
#3844=DIRECTION('',(-1.E0,3.224816955139E-9,0.E0));
#3845=AXIS2_PLACEMENT_3D('',#3842,#3843,#3844);
#3847=CURVE_STYLE('',#34,POSITIVE_LENGTH_MEASURE(2.E-2),#8);
#3848=PRESENTATION_STYLE_ASSIGNMENT((#3847));
#3849=STYLED_ITEM('',(#3848),#3846);
#3850=CARTESIAN_POINT('',(-3.25E0,1.048065528808E-8,5.103967979774E1));
#3851=DIRECTION('',(-3.224816996772E-9,-1.E0,0.E0));
#3852=DIRECTION('',(1.E0,-3.224816996772E-9,0.E0));
#3853=AXIS2_PLACEMENT_3D('',#3850,#3851,#3852);
#3855=CURVE_STYLE('',#34,POSITIVE_LENGTH_MEASURE(2.E-2),#8);
#3856=PRESENTATION_STYLE_ASSIGNMENT((#3855));
#3857=STYLED_ITEM('',(#3856),#3854);
#3858=CARTESIAN_POINT('',(0.E0,0.E0,5.103967979774E1));
#3859=DIRECTION('',(0.E0,0.E0,1.E0));
#3860=DIRECTION('',(-1.E0,0.E0,0.E0));
#3861=AXIS2_PLACEMENT_3D('',#3858,#3859,#3860);
#3863=CURVE_STYLE('',#34,POSITIVE_LENGTH_MEASURE(2.E-2),#8);
#3864=PRESENTATION_STYLE_ASSIGNMENT((#3863));
#3865=STYLED_ITEM('',(#3864),#3862);
#3866=DIRECTION('',(0.E0,0.E0,1.E0));
#3867=VECTOR('',#3866,6.E0);
#3868=CARTESIAN_POINT('',(-2.25E0,0.E0,3.7E1));
#3869=LINE('',#3868,#3867);
#3870=CURVE_STYLE('',#34,POSITIVE_LENGTH_MEASURE(2.E-2),#8);
#3871=PRESENTATION_STYLE_ASSIGNMENT((#3870));
#3872=STYLED_ITEM('',(#3871),#3869);
#3873=CARTESIAN_POINT('',(0.E0,0.E0,2.6E1));
#3874=DIRECTION('',(0.E0,0.E0,-1.E0));
#3875=DIRECTION('',(1.E0,0.E0,0.E0));
#3876=AXIS2_PLACEMENT_3D('',#3873,#3874,#3875);
#3878=CURVE_STYLE('',#34,POSITIVE_LENGTH_MEASURE(2.E-2),#8);
#3879=PRESENTATION_STYLE_ASSIGNMENT((#3878));
#3880=STYLED_ITEM('',(#3879),#3877);
#3881=DIRECTION('',(0.E0,-2.530510198724E-11,1.E0));
#3882=VECTOR('',#3881,1.1E1);
#3883=CARTESIAN_POINT('',(2.25E0,2.783552119098E-10,2.6E1));
#3884=LINE('',#3883,#3882);
#3885=CURVE_STYLE('',#34,POSITIVE_LENGTH_MEASURE(2.E-2),#8);
#3886=PRESENTATION_STYLE_ASSIGNMENT((#3885));
#3887=STYLED_ITEM('',(#3886),#3884);
#3888=DIRECTION('',(0.E0,0.E0,1.E0));
#3889=VECTOR('',#3888,6.E0);
#3890=CARTESIAN_POINT('',(2.25E0,0.E0,3.7E1));
#3891=LINE('',#3890,#3889);
#3892=CURVE_STYLE('',#34,POSITIVE_LENGTH_MEASURE(2.E-2),#8);
#3893=PRESENTATION_STYLE_ASSIGNMENT((#3892));
#3894=STYLED_ITEM('',(#3893),#3891);
#3895=DIRECTION('',(0.E0,5.782769140019E-11,1.E0));
#3896=VECTOR('',#3895,8.039679797739E0);
#3897=CARTESIAN_POINT('',(2.25E0,0.E0,4.3E1));
#3898=LINE('',#3897,#3896);
#3899=CURVE_STYLE('',#34,POSITIVE_LENGTH_MEASURE(2.E-2),#8);
#3900=PRESENTATION_STYLE_ASSIGNMENT((#3899));
#3901=STYLED_ITEM('',(#3900),#3898);
#3902=CARTESIAN_POINT('',(0.E0,0.E0,1.1E2));
#3903=DIRECTION('',(0.E0,0.E0,-1.E0));
#3904=DIRECTION('',(1.E0,0.E0,0.E0));
#3905=AXIS2_PLACEMENT_3D('',#3902,#3903,#3904);
#3907=CURVE_STYLE('',#34,POSITIVE_LENGTH_MEASURE(2.E-2),#8);
#3908=PRESENTATION_STYLE_ASSIGNMENT((#3907));
#3909=STYLED_ITEM('',(#3908),#3906);
#3910=CARTESIAN_POINT('',(0.E0,0.E0,1.02E2));
#3911=DIRECTION('',(0.E0,0.E0,-1.E0));
#3912=DIRECTION('',(1.E0,0.E0,0.E0));
#3913=AXIS2_PLACEMENT_3D('',#3910,#3911,#3912);
#3915=CURVE_STYLE('',#34,POSITIVE_LENGTH_MEASURE(2.E-2),#8);
#3916=PRESENTATION_STYLE_ASSIGNMENT((#3915));
#3917=STYLED_ITEM('',(#3916),#3914);
#3918=DIRECTION('',(0.E0,-4.079395137854E-10,1.E0));
#3919=VECTOR('',#3918,8.E0);
#3920=CARTESIAN_POINT('',(2.25E0,2.783552237414E-10,1.02E2));
#3921=LINE('',#3920,#3919);
#3922=CURVE_STYLE('',#34,POSITIVE_LENGTH_MEASURE(2.E-2),#8);
#3923=PRESENTATION_STYLE_ASSIGNMENT((#3922));
#3924=STYLED_ITEM('',(#3923),#3921);
#3925=DIRECTION('',(0.E0,0.E0,1.E0));
#3926=VECTOR('',#3925,3.5E0);
#3927=CARTESIAN_POINT('',(-2.25E0,8.965E0,3.825E1));
#3928=LINE('',#3927,#3926);
#3929=CURVE_STYLE('',#34,POSITIVE_LENGTH_MEASURE(2.E-2),#8);
#3930=PRESENTATION_STYLE_ASSIGNMENT((#3929));
#3931=STYLED_ITEM('',(#3930),#3928);
#3932=DIRECTION('',(0.E0,-1.E0,0.E0));
#3933=VECTOR('',#3932,6.E0);
#3934=CARTESIAN_POINT('',(-2.25E0,1.4965E1,3.825E1));
#3935=LINE('',#3934,#3933);
#3936=CURVE_STYLE('',#34,POSITIVE_LENGTH_MEASURE(2.E-2),#8);
#3937=PRESENTATION_STYLE_ASSIGNMENT((#3936));
#3938=STYLED_ITEM('',(#3937),#3935);
#3939=DIRECTION('',(0.E0,-1.E0,0.E0));
#3940=VECTOR('',#3939,6.E0);
#3941=CARTESIAN_POINT('',(-2.25E0,1.4965E1,4.175E1));
#3942=LINE('',#3941,#3940);
#3943=CURVE_STYLE('',#34,POSITIVE_LENGTH_MEASURE(2.E-2),#8);
#3944=PRESENTATION_STYLE_ASSIGNMENT((#3943));
#3945=STYLED_ITEM('',(#3944),#3942);
#3946=DIRECTION('',(0.E0,1.E0,0.E0));
#3947=VECTOR('',#3946,1.4965E1);
#3948=CARTESIAN_POINT('',(-1.025E1,0.E0,3.7E1));
#3949=LINE('',#3948,#3947);
#3950=CURVE_STYLE('',#34,POSITIVE_LENGTH_MEASURE(2.E-2),#8);
#3951=PRESENTATION_STYLE_ASSIGNMENT((#3950));
#3952=STYLED_ITEM('',(#3951),#3949);
#3953=DIRECTION('',(0.E0,-1.E0,0.E0));
#3954=VECTOR('',#3953,1.4965E1);
#3955=CARTESIAN_POINT('',(-1.375E1,1.4965E1,3.7E1));
#3956=LINE('',#3955,#3954);
#3957=CURVE_STYLE('',#34,POSITIVE_LENGTH_MEASURE(2.E-2),#8);
#3958=PRESENTATION_STYLE_ASSIGNMENT((#3957));
#3959=STYLED_ITEM('',(#3958),#3956);
#3960=DIRECTION('',(0.E0,1.E0,0.E0));
#3961=VECTOR('',#3960,1.4965E1);
#3962=CARTESIAN_POINT('',(2.25E0,0.E0,3.7E1));
#3963=LINE('',#3962,#3961);
#3964=CURVE_STYLE('',#34,POSITIVE_LENGTH_MEASURE(2.E-2),#8);
#3965=PRESENTATION_STYLE_ASSIGNMENT((#3964));
#3966=STYLED_ITEM('',(#3965),#3963);
#3967=DIRECTION('',(0.E0,-1.E0,0.E0));
#3968=VECTOR('',#3967,1.4965E1);
#3969=CARTESIAN_POINT('',(-2.25E0,1.4965E1,3.7E1));
#3970=LINE('',#3969,#3968);
#3971=CURVE_STYLE('',#34,POSITIVE_LENGTH_MEASURE(2.E-2),#8);
#3972=PRESENTATION_STYLE_ASSIGNMENT((#3971));
#3973=STYLED_ITEM('',(#3972),#3970);
#3974=DIRECTION('',(1.E0,0.E0,0.E0));
#3975=VECTOR('',#3974,3.5E0);
#3976=CARTESIAN_POINT('',(1.025E1,8.965E0,3.7E1));
#3977=LINE('',#3976,#3975);
#3978=CURVE_STYLE('',#34,POSITIVE_LENGTH_MEASURE(2.E-2),#8);
#3979=PRESENTATION_STYLE_ASSIGNMENT((#3978));
#3980=STYLED_ITEM('',(#3979),#3977);
#3981=DIRECTION('',(0.E0,-1.E0,0.E0));
#3982=VECTOR('',#3981,6.E0);
#3983=CARTESIAN_POINT('',(1.375E1,1.4965E1,3.7E1));
#3984=LINE('',#3983,#3982);
#3985=CURVE_STYLE('',#34,POSITIVE_LENGTH_MEASURE(2.E-2),#8);
#3986=PRESENTATION_STYLE_ASSIGNMENT((#3985));
#3987=STYLED_ITEM('',(#3986),#3984);
#3988=DIRECTION('',(0.E0,1.E0,0.E0));
#3989=VECTOR('',#3988,1.4965E1);
#3990=CARTESIAN_POINT('',(1.525E1,0.E0,3.7E1));
#3991=LINE('',#3990,#3989);
#3992=CURVE_STYLE('',#34,POSITIVE_LENGTH_MEASURE(2.E-2),#8);
#3993=PRESENTATION_STYLE_ASSIGNMENT((#3992));
#3994=STYLED_ITEM('',(#3993),#3991);
#3995=DIRECTION('',(0.E0,-1.E0,0.E0));
#3996=VECTOR('',#3995,1.4965E1);
#3997=CARTESIAN_POINT('',(8.75E0,1.4965E1,3.7E1));
#3998=LINE('',#3997,#3996);
#3999=CURVE_STYLE('',#34,POSITIVE_LENGTH_MEASURE(2.E-2),#8);
#4000=PRESENTATION_STYLE_ASSIGNMENT((#3999));
#4001=STYLED_ITEM('',(#4000),#3998);
#4002=DIRECTION('',(0.E0,-1.E0,0.E0));
#4003=VECTOR('',#4002,6.E0);
#4004=CARTESIAN_POINT('',(1.025E1,1.4965E1,3.7E1));
#4005=LINE('',#4004,#4003);
#4006=CURVE_STYLE('',#34,POSITIVE_LENGTH_MEASURE(2.E-2),#8);
#4007=PRESENTATION_STYLE_ASSIGNMENT((#4006));
#4008=STYLED_ITEM('',(#4007),#4005);
#4009=DIRECTION('',(0.E0,0.E0,1.E0));
#4010=VECTOR('',#4009,3.5E0);
#4011=CARTESIAN_POINT('',(2.25E0,8.965E0,3.825E1));
#4012=LINE('',#4011,#4010);
#4013=CURVE_STYLE('',#34,POSITIVE_LENGTH_MEASURE(2.E-2),#8);
#4014=PRESENTATION_STYLE_ASSIGNMENT((#4013));
#4015=STYLED_ITEM('',(#4014),#4012);
#4016=DIRECTION('',(0.E0,-1.E0,0.E0));
#4017=VECTOR('',#4016,6.E0);
#4018=CARTESIAN_POINT('',(2.25E0,1.4965E1,4.175E1));
#4019=LINE('',#4018,#4017);
#4020=CURVE_STYLE('',#34,POSITIVE_LENGTH_MEASURE(2.E-2),#8);
#4021=PRESENTATION_STYLE_ASSIGNMENT((#4020));
#4022=STYLED_ITEM('',(#4021),#4019);
#4023=DIRECTION('',(0.E0,-1.E0,0.E0));
#4024=VECTOR('',#4023,6.E0);
#4025=CARTESIAN_POINT('',(2.25E0,1.4965E1,3.825E1));
#4026=LINE('',#4025,#4024);
#4027=CURVE_STYLE('',#34,POSITIVE_LENGTH_MEASURE(2.E-2),#8);
#4028=PRESENTATION_STYLE_ASSIGNMENT((#4027));
#4029=STYLED_ITEM('',(#4028),#4026);
#4030=DIRECTION('',(0.E0,-1.E0,0.E0));
#4031=VECTOR('',#4030,6.E0);
#4032=CARTESIAN_POINT('',(1.375E1,1.4965E1,4.75E1));
#4033=LINE('',#4032,#4031);
#4034=CURVE_STYLE('',#34,POSITIVE_LENGTH_MEASURE(2.E-2),#8);
#4035=PRESENTATION_STYLE_ASSIGNMENT((#4034));
#4036=STYLED_ITEM('',(#4035),#4033);
#4037=DIRECTION('',(0.E0,-1.E0,0.E0));
#4038=VECTOR('',#4037,6.E0);
#4039=CARTESIAN_POINT('',(1.025E1,1.4965E1,4.75E1));
#4040=LINE('',#4039,#4038);
#4041=CURVE_STYLE('',#34,POSITIVE_LENGTH_MEASURE(2.E-2),#8);
#4042=PRESENTATION_STYLE_ASSIGNMENT((#4041));
#4043=STYLED_ITEM('',(#4042),#4040);
#4044=DIRECTION('',(0.E0,-1.E0,0.E0));
#4045=VECTOR('',#4044,6.E0);
#4046=CARTESIAN_POINT('',(1.025E1,1.4965E1,3.25E1));
#4047=LINE('',#4046,#4045);
#4048=CURVE_STYLE('',#34,POSITIVE_LENGTH_MEASURE(2.E-2),#8);
#4049=PRESENTATION_STYLE_ASSIGNMENT((#4048));
#4050=STYLED_ITEM('',(#4049),#4047);
#4051=DIRECTION('',(0.E0,-1.E0,0.E0));
#4052=VECTOR('',#4051,6.E0);
#4053=CARTESIAN_POINT('',(1.375E1,1.4965E1,3.25E1));
#4054=LINE('',#4053,#4052);
#4055=CURVE_STYLE('',#34,POSITIVE_LENGTH_MEASURE(2.E-2),#8);
#4056=PRESENTATION_STYLE_ASSIGNMENT((#4055));
#4057=STYLED_ITEM('',(#4056),#4054);
#4058=CARTESIAN_POINT('',(1.2E1,0.E0,5.103967979774E1));
#4059=DIRECTION('',(0.E0,0.E0,1.E0));
#4060=DIRECTION('',(-1.E0,0.E0,0.E0));
#4061=AXIS2_PLACEMENT_3D('',#4058,#4059,#4060);
#4063=CURVE_STYLE('',#34,POSITIVE_LENGTH_MEASURE(2.E-2),#8);
#4064=PRESENTATION_STYLE_ASSIGNMENT((#4063));
#4065=STYLED_ITEM('',(#4064),#4062);
#4066=DIRECTION('',(0.E0,0.E0,1.E0));
#4067=VECTOR('',#4066,6.E0);
#4068=CARTESIAN_POINT('',(8.75E0,0.E0,3.7E1));
#4069=LINE('',#4068,#4067);
#4070=CURVE_STYLE('',#34,POSITIVE_LENGTH_MEASURE(2.E-2),#8);
#4071=PRESENTATION_STYLE_ASSIGNMENT((#4070));
#4072=STYLED_ITEM('',(#4071),#4069);
#4073=CARTESIAN_POINT('',(1.2E1,0.E0,2.6E1));
#4074=DIRECTION('',(0.E0,0.E0,-1.E0));
#4075=DIRECTION('',(1.E0,0.E0,0.E0));
#4076=AXIS2_PLACEMENT_3D('',#4073,#4074,#4075);
#4078=CURVE_STYLE('',#34,POSITIVE_LENGTH_MEASURE(2.E-2),#8);
#4079=PRESENTATION_STYLE_ASSIGNMENT((#4078));
#4080=STYLED_ITEM('',(#4079),#4077);
#4081=DIRECTION('',(0.E0,1.895750790356E-11,1.E0));
#4082=VECTOR('',#4081,1.1E1);
#4083=CARTESIAN_POINT('',(1.525E1,-2.085260395594E-10,2.6E1));
#4084=LINE('',#4083,#4082);
#4085=CURVE_STYLE('',#34,POSITIVE_LENGTH_MEASURE(2.E-2),#8);
#4086=PRESENTATION_STYLE_ASSIGNMENT((#4085));
#4087=STYLED_ITEM('',(#4086),#4084);
#4088=DIRECTION('',(0.E0,0.E0,1.E0));
#4089=VECTOR('',#4088,6.E0);
#4090=CARTESIAN_POINT('',(1.525E1,0.E0,3.7E1));
#4091=LINE('',#4090,#4089);
#4092=CURVE_STYLE('',#34,POSITIVE_LENGTH_MEASURE(2.E-2),#8);
#4093=PRESENTATION_STYLE_ASSIGNMENT((#4092));
#4094=STYLED_ITEM('',(#4093),#4091);
#4095=DIRECTION('',(0.E0,-2.299443434204E-12,1.E0));
#4096=VECTOR('',#4095,8.039679797739E0);
#4097=CARTESIAN_POINT('',(1.525E1,0.E0,4.3E1));
#4098=LINE('',#4097,#4096);
#4099=CURVE_STYLE('',#34,POSITIVE_LENGTH_MEASURE(2.E-2),#8);
#4100=PRESENTATION_STYLE_ASSIGNMENT((#4099));
#4101=STYLED_ITEM('',(#4100),#4098);
#4102=CARTESIAN_POINT('',(1.2E1,0.E0,1.1E2));
#4103=DIRECTION('',(0.E0,0.E0,-1.E0));
#4104=DIRECTION('',(1.E0,0.E0,0.E0));
#4105=AXIS2_PLACEMENT_3D('',#4102,#4103,#4104);
#4107=CURVE_STYLE('',#34,POSITIVE_LENGTH_MEASURE(2.E-2),#8);
#4108=PRESENTATION_STYLE_ASSIGNMENT((#4107));
#4109=STYLED_ITEM('',(#4108),#4106);
#4110=CARTESIAN_POINT('',(1.2E1,0.E0,1.02E2));
#4111=DIRECTION('',(0.E0,0.E0,-1.E0));
#4112=DIRECTION('',(1.E0,0.E0,0.E0));
#4113=AXIS2_PLACEMENT_3D('',#4110,#4111,#4112);
#4115=CURVE_STYLE('',#34,POSITIVE_LENGTH_MEASURE(2.E-2),#8);
#4116=PRESENTATION_STYLE_ASSIGNMENT((#4115));
#4117=STYLED_ITEM('',(#4116),#4114);
#4118=DIRECTION('',(0.E0,-3.081345183706E-11,1.E0));
#4119=VECTOR('',#4118,8.E0);
#4120=CARTESIAN_POINT('',(1.525E1,-2.085260224694E-10,1.02E2));
#4121=LINE('',#4120,#4119);
#4122=CURVE_STYLE('',#34,POSITIVE_LENGTH_MEASURE(2.E-2),#8);
#4123=PRESENTATION_STYLE_ASSIGNMENT((#4122));
#4124=STYLED_ITEM('',(#4123),#4121);
#4125=CARTESIAN_POINT('',(7.75E0,1.627355722400E-8,5.103967979774E1));
#4126=DIRECTION('',(-3.829072295347E-9,-1.E0,0.E0));
#4127=DIRECTION('',(1.E0,-3.829072295347E-9,0.E0));
#4128=AXIS2_PLACEMENT_3D('',#4125,#4126,#4127);
#4130=CURVE_STYLE('',#34,POSITIVE_LENGTH_MEASURE(2.E-2),#8);
#4131=PRESENTATION_STYLE_ASSIGNMENT((#4130));
#4132=STYLED_ITEM('',(#4131),#4129);
#4133=CARTESIAN_POINT('',(1.625E1,-1.627355861178E-8,5.103967979774E1));
#4134=DIRECTION('',(3.829072628414E-9,1.E0,0.E0));
#4135=DIRECTION('',(-1.E0,3.829072628414E-9,0.E0));
#4136=AXIS2_PLACEMENT_3D('',#4133,#4134,#4135);
#4138=CURVE_STYLE('',#34,POSITIVE_LENGTH_MEASURE(2.E-2),#8);
#4139=PRESENTATION_STYLE_ASSIGNMENT((#4138));
#4140=STYLED_ITEM('',(#4139),#4137);
#4141=CARTESIAN_POINT('',(1.2E1,0.E0,5.103967979774E1));
#4142=DIRECTION('',(0.E0,0.E0,1.E0));
#4143=DIRECTION('',(1.E0,0.E0,0.E0));
#4144=AXIS2_PLACEMENT_3D('',#4141,#4142,#4143);
#4146=CURVE_STYLE('',#34,POSITIVE_LENGTH_MEASURE(2.E-2),#8);
#4147=PRESENTATION_STYLE_ASSIGNMENT((#4146));
#4148=STYLED_ITEM('',(#4147),#4145);
#4149=CARTESIAN_POINT('',(1.2E1,0.E0,4.3E1));
#4150=DIRECTION('',(0.E0,0.E0,1.E0));
#4151=DIRECTION('',(1.E0,0.E0,0.E0));
#4152=AXIS2_PLACEMENT_3D('',#4149,#4150,#4151);
#4154=CURVE_STYLE('',#34,POSITIVE_LENGTH_MEASURE(2.E-2),#8);
#4155=PRESENTATION_STYLE_ASSIGNMENT((#4154));
#4156=STYLED_ITEM('',(#4155),#4153);
#4157=DIRECTION('',(0.E0,2.298912292046E-12,1.E0));
#4158=VECTOR('',#4157,8.039679797739E0);
#4159=CARTESIAN_POINT('',(8.75E0,0.E0,4.3E1));
#4160=LINE('',#4159,#4158);
#4161=CURVE_STYLE('',#34,POSITIVE_LENGTH_MEASURE(2.E-2),#8);
#4162=PRESENTATION_STYLE_ASSIGNMENT((#4161));
#4163=STYLED_ITEM('',(#4162),#4160);
#4164=CARTESIAN_POINT('',(1.2E1,0.E0,2.6E1));
#4165=DIRECTION('',(0.E0,0.E0,-1.E0));
#4166=DIRECTION('',(-1.E0,0.E0,0.E0));
#4167=AXIS2_PLACEMENT_3D('',#4164,#4165,#4166);
#4169=CURVE_STYLE('',#34,POSITIVE_LENGTH_MEASURE(2.E-2),#8);
#4170=PRESENTATION_STYLE_ASSIGNMENT((#4169));
#4171=STYLED_ITEM('',(#4170),#4168);
#4172=DIRECTION('',(0.E0,-1.895680497688E-11,1.E0));
#4173=VECTOR('',#4172,1.1E1);
#4174=CARTESIAN_POINT('',(8.75E0,2.085251532534E-10,2.6E1));
#4175=LINE('',#4174,#4173);
#4176=CURVE_STYLE('',#34,POSITIVE_LENGTH_MEASURE(2.E-2),#8);
#4177=PRESENTATION_STYLE_ASSIGNMENT((#4176));
#4178=STYLED_ITEM('',(#4177),#4175);
#4179=CARTESIAN_POINT('',(1.2E1,0.E0,3.7E1));
#4180=DIRECTION('',(0.E0,0.E0,1.E0));
#4181=DIRECTION('',(1.E0,0.E0,0.E0));
#4182=AXIS2_PLACEMENT_3D('',#4179,#4180,#4181);
#4184=CURVE_STYLE('',#34,POSITIVE_LENGTH_MEASURE(2.E-2),#8);
#4185=PRESENTATION_STYLE_ASSIGNMENT((#4184));
#4186=STYLED_ITEM('',(#4185),#4183);
#4187=CARTESIAN_POINT('',(1.2E1,0.E0,1.1E2));
#4188=DIRECTION('',(0.E0,0.E0,-1.E0));
#4189=DIRECTION('',(-1.E0,0.E0,0.E0));
#4190=AXIS2_PLACEMENT_3D('',#4187,#4188,#4189);
#4192=CURVE_STYLE('',#34,POSITIVE_LENGTH_MEASURE(2.E-2),#8);
#4193=PRESENTATION_STYLE_ASSIGNMENT((#4192));
#4194=STYLED_ITEM('',(#4193),#4191);
#4195=CARTESIAN_POINT('',(1.2E1,0.E0,1.02E2));
#4196=DIRECTION('',(0.E0,0.E0,-1.E0));
#4197=DIRECTION('',(-1.E0,0.E0,0.E0));
#4198=AXIS2_PLACEMENT_3D('',#4195,#4196,#4197);
#4200=CURVE_STYLE('',#34,POSITIVE_LENGTH_MEASURE(2.E-2),#8);
#4201=PRESENTATION_STYLE_ASSIGNMENT((#4200));
#4202=STYLED_ITEM('',(#4201),#4199);
#4203=DIRECTION('',(0.E0,3.081360080287E-11,1.E0));
#4204=VECTOR('',#4203,8.E0);
#4205=CARTESIAN_POINT('',(8.75E0,2.085251532534E-10,1.02E2));
#4206=LINE('',#4205,#4204);
#4207=CURVE_STYLE('',#34,POSITIVE_LENGTH_MEASURE(2.E-2),#8);
#4208=PRESENTATION_STYLE_ASSIGNMENT((#4207));
#4209=STYLED_ITEM('',(#4208),#4206);
#4210=CARTESIAN_POINT('',(7.75E0,-1.568727014956E-8,2.6E1));
#4211=DIRECTION('',(-3.691122393845E-9,1.E0,0.E0));
#4212=DIRECTION('',(1.E0,3.691122393845E-9,0.E0));
#4213=AXIS2_PLACEMENT_3D('',#4210,#4211,#4212);
#4215=CURVE_STYLE('',#34,POSITIVE_LENGTH_MEASURE(2.E-2),#8);
#4216=PRESENTATION_STYLE_ASSIGNMENT((#4215));
#4217=STYLED_ITEM('',(#4216),#4214);
#4218=CARTESIAN_POINT('',(1.625E1,1.568727137080E-8,2.6E1));
#4219=DIRECTION('',(3.691122671401E-9,-1.E0,0.E0));
#4220=DIRECTION('',(-1.E0,-3.691122671401E-9,0.E0));
#4221=AXIS2_PLACEMENT_3D('',#4218,#4219,#4220);
#4223=CURVE_STYLE('',#34,POSITIVE_LENGTH_MEASURE(2.E-2),#8);
#4224=PRESENTATION_STYLE_ASSIGNMENT((#4223));
#4225=STYLED_ITEM('',(#4224),#4222);
#4226=CARTESIAN_POINT('',(7.75E0,-2.962692369213E-9,1.1E2));
#4227=DIRECTION('',(-6.971040689141E-10,1.E0,0.E0));
#4228=DIRECTION('',(3.676275284192E-9,0.E0,1.E0));
#4229=AXIS2_PLACEMENT_3D('',#4226,#4227,#4228);
#4231=CURVE_STYLE('',#34,POSITIVE_LENGTH_MEASURE(2.E-2),#8);
#4232=PRESENTATION_STYLE_ASSIGNMENT((#4231));
#4233=STYLED_ITEM('',(#4232),#4230);
#4234=CARTESIAN_POINT('',(1.625E1,2.962689593655E-9,1.1E2));
#4235=DIRECTION('',(6.971034166581E-10,-1.E0,0.E0));
#4236=DIRECTION('',(-3.676277060549E-9,0.E0,1.E0));
#4237=AXIS2_PLACEMENT_3D('',#4234,#4235,#4236);
#4239=CURVE_STYLE('',#34,POSITIVE_LENGTH_MEASURE(2.E-2),#8);
#4240=PRESENTATION_STYLE_ASSIGNMENT((#4239));
#4241=STYLED_ITEM('',(#4240),#4238);
#4242=CARTESIAN_POINT('',(7.75E0,-1.568727014956E-8,1.02E2));
#4243=DIRECTION('',(-3.691122393845E-9,1.E0,0.E0));
#4244=DIRECTION('',(1.E0,3.691122393845E-9,0.E0));
#4245=AXIS2_PLACEMENT_3D('',#4242,#4243,#4244);
#4247=CURVE_STYLE('',#34,POSITIVE_LENGTH_MEASURE(2.E-2),#8);
#4248=PRESENTATION_STYLE_ASSIGNMENT((#4247));
#4249=STYLED_ITEM('',(#4248),#4246);
#4250=CARTESIAN_POINT('',(1.625E1,1.568727137080E-8,1.02E2));
#4251=DIRECTION('',(3.691122671401E-9,-1.E0,0.E0));
#4252=DIRECTION('',(-1.E0,-3.691122671401E-9,0.E0));
#4253=AXIS2_PLACEMENT_3D('',#4250,#4251,#4252);
#4255=CURVE_STYLE('',#34,POSITIVE_LENGTH_MEASURE(2.E-2),#8);
#4256=PRESENTATION_STYLE_ASSIGNMENT((#4255));
#4257=STYLED_ITEM('',(#4256),#4254);
#4258=DIRECTION('',(0.E0,1.E0,0.E0));
#4259=VECTOR('',#4258,1.5E1);
#4260=CARTESIAN_POINT('',(-1.879935154661E1,-8.255E0,5.203967979774E1));
#4261=LINE('',#4260,#4259);
#4262=CURVE_STYLE('',#34,POSITIVE_LENGTH_MEASURE(2.E-2),#8);
#4263=PRESENTATION_STYLE_ASSIGNMENT((#4262));
#4264=STYLED_ITEM('',(#4263),#4261);
#4265=CARTESIAN_POINT('',(-1.2E1,0.E0,5.203967979774E1));
#4266=DIRECTION('',(0.E0,0.E0,1.E0));
#4267=DIRECTION('',(1.E0,0.E0,0.E0));
#4268=AXIS2_PLACEMENT_3D('',#4265,#4266,#4267);
#4270=CURVE_STYLE('',#34,POSITIVE_LENGTH_MEASURE(2.E-2),#8);
#4271=PRESENTATION_STYLE_ASSIGNMENT((#4270));
#4272=STYLED_ITEM('',(#4271),#4269);
#4273=CARTESIAN_POINT('',(-1.2E1,0.E0,5.203967979774E1));
#4274=DIRECTION('',(0.E0,0.E0,1.E0));
#4275=DIRECTION('',(-1.E0,0.E0,0.E0));
#4276=AXIS2_PLACEMENT_3D('',#4273,#4274,#4275);
#4278=CURVE_STYLE('',#34,POSITIVE_LENGTH_MEASURE(2.E-2),#8);
#4279=PRESENTATION_STYLE_ASSIGNMENT((#4278));
#4280=STYLED_ITEM('',(#4279),#4277);
#4281=CARTESIAN_POINT('',(0.E0,0.E0,5.203967979774E1));
#4282=DIRECTION('',(0.E0,0.E0,1.E0));
#4283=DIRECTION('',(-1.E0,0.E0,0.E0));
#4284=AXIS2_PLACEMENT_3D('',#4281,#4282,#4283);
#4286=CURVE_STYLE('',#34,POSITIVE_LENGTH_MEASURE(2.E-2),#8);
#4287=PRESENTATION_STYLE_ASSIGNMENT((#4286));
#4288=STYLED_ITEM('',(#4287),#4285);
#4289=CARTESIAN_POINT('',(0.E0,0.E0,5.203967979774E1));
#4290=DIRECTION('',(0.E0,0.E0,1.E0));
#4291=DIRECTION('',(1.E0,0.E0,0.E0));
#4292=AXIS2_PLACEMENT_3D('',#4289,#4290,#4291);
#4294=CURVE_STYLE('',#34,POSITIVE_LENGTH_MEASURE(2.E-2),#8);
#4295=PRESENTATION_STYLE_ASSIGNMENT((#4294));
#4296=STYLED_ITEM('',(#4295),#4293);
#4297=CARTESIAN_POINT('',(1.2E1,0.E0,5.203967979774E1));
#4298=DIRECTION('',(0.E0,0.E0,1.E0));
#4299=DIRECTION('',(-1.E0,0.E0,0.E0));
#4300=AXIS2_PLACEMENT_3D('',#4297,#4298,#4299);
#4302=CURVE_STYLE('',#34,POSITIVE_LENGTH_MEASURE(2.E-2),#8);
#4303=PRESENTATION_STYLE_ASSIGNMENT((#4302));
#4304=STYLED_ITEM('',(#4303),#4301);
#4305=CARTESIAN_POINT('',(1.2E1,0.E0,5.203967979774E1));
#4306=DIRECTION('',(0.E0,0.E0,1.E0));
#4307=DIRECTION('',(1.E0,0.E0,0.E0));
#4308=AXIS2_PLACEMENT_3D('',#4305,#4306,#4307);
#4310=CURVE_STYLE('',#34,POSITIVE_LENGTH_MEASURE(2.E-2),#8);
#4311=PRESENTATION_STYLE_ASSIGNMENT((#4310));
#4312=STYLED_ITEM('',(#4311),#4309);
#4313=DIRECTION('',(0.E0,1.E0,0.E0));
#4314=VECTOR('',#4313,1.5E1);
#4315=CARTESIAN_POINT('',(-1.879935154661E1,-8.255E0,1.01E2));
#4316=LINE('',#4315,#4314);
#4317=CURVE_STYLE('',#34,POSITIVE_LENGTH_MEASURE(2.E-2),#8);
#4318=PRESENTATION_STYLE_ASSIGNMENT((#4317));
#4319=STYLED_ITEM('',(#4318),#4316);
#4320=DIRECTION('',(0.E0,1.E0,0.E0));
#4321=VECTOR('',#4320,1.5E1);
#4322=CARTESIAN_POINT('',(1.879935154661E1,-8.255E0,5.203967979774E1));
#4323=LINE('',#4322,#4321);
#4324=CURVE_STYLE('',#34,POSITIVE_LENGTH_MEASURE(2.E-2),#8);
#4325=PRESENTATION_STYLE_ASSIGNMENT((#4324));
#4326=STYLED_ITEM('',(#4325),#4323);
#4327=CARTESIAN_POINT('',(3.25E0,1.261317844614E-8,2.6E1));
#4328=DIRECTION('',(3.880977969550E-9,-1.E0,0.E0));
#4329=DIRECTION('',(-1.E0,-3.880977969550E-9,0.E0));
#4330=AXIS2_PLACEMENT_3D('',#4327,#4328,#4329);
#4332=CURVE_STYLE('',#34,POSITIVE_LENGTH_MEASURE(2.E-2),#8);
#4333=PRESENTATION_STYLE_ASSIGNMENT((#4332));
#4334=STYLED_ITEM('',(#4333),#4331);
#4335=CARTESIAN_POINT('',(3.25E0,-7.093547971238E-10,1.1E2));
#4336=DIRECTION('',(-2.182630187697E-10,-1.E0,0.E0));
#4337=DIRECTION('',(-4.059779623589E-9,0.E0,1.E0));
#4338=AXIS2_PLACEMENT_3D('',#4335,#4336,#4337);
#4340=CURVE_STYLE('',#34,POSITIVE_LENGTH_MEASURE(2.E-2),#8);
#4341=PRESENTATION_STYLE_ASSIGNMENT((#4340));
#4342=STYLED_ITEM('',(#4341),#4339);
#4343=CARTESIAN_POINT('',(-3.25E0,7.093545195680E-10,1.1E2));
#4344=DIRECTION('',(2.182629355030E-10,1.E0,0.E0));
#4345=DIRECTION('',(4.059780511767E-9,0.E0,1.E0));
#4346=AXIS2_PLACEMENT_3D('',#4343,#4344,#4345);
#4348=CURVE_STYLE('',#34,POSITIVE_LENGTH_MEASURE(2.E-2),#8);
#4349=PRESENTATION_STYLE_ASSIGNMENT((#4348));
#4350=STYLED_ITEM('',(#4349),#4347);
#4351=CARTESIAN_POINT('',(3.25E0,1.261317844614E-8,1.02E2));
#4352=DIRECTION('',(3.880977969550E-9,-1.E0,0.E0));
#4353=DIRECTION('',(-1.E0,-3.880977969550E-9,0.E0));
#4354=AXIS2_PLACEMENT_3D('',#4351,#4352,#4353);
#4356=CURVE_STYLE('',#34,POSITIVE_LENGTH_MEASURE(2.E-2),#8);
#4357=PRESENTATION_STYLE_ASSIGNMENT((#4356));
#4358=STYLED_ITEM('',(#4357),#4355);
#4359=CARTESIAN_POINT('',(-3.25E0,-1.261318022250E-8,1.02E2));
#4360=DIRECTION('',(-3.880978524662E-9,1.E0,0.E0));
#4361=DIRECTION('',(1.E0,3.880978524662E-9,0.E0));
#4362=AXIS2_PLACEMENT_3D('',#4359,#4360,#4361);
#4364=CURVE_STYLE('',#34,POSITIVE_LENGTH_MEASURE(2.E-2),#8);
#4365=PRESENTATION_STYLE_ASSIGNMENT((#4364));
#4366=STYLED_ITEM('',(#4365),#4363);
#4367=DIRECTION('',(0.E0,0.E0,-1.E0));
#4368=VECTOR('',#4367,1.E1);
#4369=CARTESIAN_POINT('',(-1.879935154661E1,-8.255E0,2.5E1));
#4370=LINE('',#4369,#4368);
#4371=CURVE_STYLE('',#34,POSITIVE_LENGTH_MEASURE(2.E-2),#8);
#4372=PRESENTATION_STYLE_ASSIGNMENT((#4371));
#4373=STYLED_ITEM('',(#4372),#4370);
#4374=DIRECTION('',(0.E0,-1.E0,0.E0));
#4375=VECTOR('',#4374,4.5E0);
#4376=CARTESIAN_POINT('',(-1.879935154661E1,-8.255E0,1.5E1));
#4377=LINE('',#4376,#4375);
#4378=CURVE_STYLE('',#34,POSITIVE_LENGTH_MEASURE(2.E-2),#8);
#4379=PRESENTATION_STYLE_ASSIGNMENT((#4378));
#4380=STYLED_ITEM('',(#4379),#4377);
#4381=CARTESIAN_POINT('',(0.E0,-1.2755E1,2.18E0));
#4382=DIRECTION('',(0.E0,1.E0,0.E0));
#4383=DIRECTION('',(1.E0,0.E0,0.E0));
#4384=AXIS2_PLACEMENT_3D('',#4381,#4382,#4383);
#4386=CURVE_STYLE('',#34,POSITIVE_LENGTH_MEASURE(2.E-2),#8);
#4387=PRESENTATION_STYLE_ASSIGNMENT((#4386));
#4388=STYLED_ITEM('',(#4387),#4385);
#4389=CARTESIAN_POINT('',(0.E0,-1.2755E1,2.18E0));
#4390=DIRECTION('',(0.E0,1.E0,0.E0));
#4391=DIRECTION('',(-1.E0,0.E0,0.E0));
#4392=AXIS2_PLACEMENT_3D('',#4389,#4390,#4391);
#4394=CURVE_STYLE('',#34,POSITIVE_LENGTH_MEASURE(2.E-2),#8);
#4395=PRESENTATION_STYLE_ASSIGNMENT((#4394));
#4396=STYLED_ITEM('',(#4395),#4393);
#4397=CARTESIAN_POINT('',(-1.228042166525E1,-1.2755E1,1.118728346963E1));
#4398=DIRECTION('',(0.E0,1.E0,0.E0));
#4399=DIRECTION('',(1.E0,0.E0,0.E0));
#4400=AXIS2_PLACEMENT_3D('',#4397,#4398,#4399);
#4402=CURVE_STYLE('',#34,POSITIVE_LENGTH_MEASURE(2.E-2),#8);
#4403=PRESENTATION_STYLE_ASSIGNMENT((#4402));
#4404=STYLED_ITEM('',(#4403),#4401);
#4405=CARTESIAN_POINT('',(-1.228042166525E1,-1.2755E1,1.118728346963E1));
#4406=DIRECTION('',(0.E0,1.E0,0.E0));
#4407=DIRECTION('',(-1.E0,0.E0,0.E0));
#4408=AXIS2_PLACEMENT_3D('',#4405,#4406,#4407);
#4410=CURVE_STYLE('',#34,POSITIVE_LENGTH_MEASURE(2.E-2),#8);
#4411=PRESENTATION_STYLE_ASSIGNMENT((#4410));
#4412=STYLED_ITEM('',(#4411),#4409);
#4413=CARTESIAN_POINT('',(1.228042166525E1,-1.2755E1,1.118728346963E1));
#4414=DIRECTION('',(0.E0,1.E0,0.E0));
#4415=DIRECTION('',(1.E0,0.E0,0.E0));
#4416=AXIS2_PLACEMENT_3D('',#4413,#4414,#4415);
#4418=CURVE_STYLE('',#34,POSITIVE_LENGTH_MEASURE(2.E-2),#8);
#4419=PRESENTATION_STYLE_ASSIGNMENT((#4418));
#4420=STYLED_ITEM('',(#4419),#4417);
#4421=CARTESIAN_POINT('',(1.228042166525E1,-1.2755E1,1.118728346963E1));
#4422=DIRECTION('',(0.E0,1.E0,0.E0));
#4423=DIRECTION('',(-1.E0,0.E0,0.E0));
#4424=AXIS2_PLACEMENT_3D('',#4421,#4422,#4423);
#4426=CURVE_STYLE('',#34,POSITIVE_LENGTH_MEASURE(2.E-2),#8);
#4427=PRESENTATION_STYLE_ASSIGNMENT((#4426));
#4428=STYLED_ITEM('',(#4427),#4425);
#4429=CARTESIAN_POINT('',(1.228042166525E1,-1.2755E1,-6.734288485834E0));
#4430=DIRECTION('',(0.E0,1.E0,0.E0));
#4431=DIRECTION('',(1.E0,0.E0,0.E0));
#4432=AXIS2_PLACEMENT_3D('',#4429,#4430,#4431);
#4434=CURVE_STYLE('',#34,POSITIVE_LENGTH_MEASURE(2.E-2),#8);
#4435=PRESENTATION_STYLE_ASSIGNMENT((#4434));
#4436=STYLED_ITEM('',(#4435),#4433);
#4437=CARTESIAN_POINT('',(1.228042166525E1,-1.2755E1,-6.734288485834E0));
#4438=DIRECTION('',(0.E0,1.E0,0.E0));
#4439=DIRECTION('',(-1.E0,0.E0,0.E0));
#4440=AXIS2_PLACEMENT_3D('',#4437,#4438,#4439);
#4442=CURVE_STYLE('',#34,POSITIVE_LENGTH_MEASURE(2.E-2),#8);
#4443=PRESENTATION_STYLE_ASSIGNMENT((#4442));
#4444=STYLED_ITEM('',(#4443),#4441);
#4445=CARTESIAN_POINT('',(-1.228042166525E1,-1.2755E1,-6.734288485834E0));
#4446=DIRECTION('',(0.E0,1.E0,0.E0));
#4447=DIRECTION('',(1.E0,0.E0,0.E0));
#4448=AXIS2_PLACEMENT_3D('',#4445,#4446,#4447);
#4450=CURVE_STYLE('',#34,POSITIVE_LENGTH_MEASURE(2.E-2),#8);
#4451=PRESENTATION_STYLE_ASSIGNMENT((#4450));
#4452=STYLED_ITEM('',(#4451),#4449);
#4453=CARTESIAN_POINT('',(-1.228042166525E1,-1.2755E1,-6.734288485834E0));
#4454=DIRECTION('',(0.E0,1.E0,0.E0));
#4455=DIRECTION('',(-1.E0,0.E0,0.E0));
#4456=AXIS2_PLACEMENT_3D('',#4453,#4454,#4455);
#4458=CURVE_STYLE('',#34,POSITIVE_LENGTH_MEASURE(2.E-2),#8);
#4459=PRESENTATION_STYLE_ASSIGNMENT((#4458));
#4460=STYLED_ITEM('',(#4459),#4457);
#4461=DIRECTION('',(0.E0,0.E0,-1.E0));
#4462=VECTOR('',#4461,2.7E1);
#4463=CARTESIAN_POINT('',(1.879935154661E1,-1.2755E1,1.5E1));
#4464=LINE('',#4463,#4462);
#4465=CURVE_STYLE('',#34,POSITIVE_LENGTH_MEASURE(2.E-2),#8);
#4466=PRESENTATION_STYLE_ASSIGNMENT((#4465));
#4467=STYLED_ITEM('',(#4466),#4464);
#4468=DIRECTION('',(0.E0,0.E0,1.E0));
#4469=VECTOR('',#4468,2.7E1);
#4470=CARTESIAN_POINT('',(-1.879935154661E1,-1.2755E1,-1.2E1));
#4471=LINE('',#4470,#4469);
#4472=CURVE_STYLE('',#34,POSITIVE_LENGTH_MEASURE(2.E-2),#8);
#4473=PRESENTATION_STYLE_ASSIGNMENT((#4472));
#4474=STYLED_ITEM('',(#4473),#4471);
#4475=DIRECTION('',(-1.E0,0.E0,0.E0));
#4476=VECTOR('',#4475,3.759870309323E1);
#4477=CARTESIAN_POINT('',(1.879935154661E1,-1.2755E1,1.5E1));
#4478=LINE('',#4477,#4476);
#4479=CURVE_STYLE('',#34,POSITIVE_LENGTH_MEASURE(2.E-2),#8);
#4480=PRESENTATION_STYLE_ASSIGNMENT((#4479));
#4481=STYLED_ITEM('',(#4480),#4478);
#4482=DIRECTION('',(0.E0,1.E0,0.E0));
#4483=VECTOR('',#4482,6.E0);
#4484=CARTESIAN_POINT('',(-1.E1,-1.2755E1,2.18E0));
#4485=LINE('',#4484,#4483);
#4486=CURVE_STYLE('',#34,POSITIVE_LENGTH_MEASURE(2.E-2),#8);
#4487=PRESENTATION_STYLE_ASSIGNMENT((#4486));
#4488=STYLED_ITEM('',(#4487),#4485);
#4489=DIRECTION('',(0.E0,-1.E0,0.E0));
#4490=VECTOR('',#4489,6.E0);
#4491=CARTESIAN_POINT('',(1.E1,-6.755E0,2.18E0));
#4492=LINE('',#4491,#4490);
#4493=CURVE_STYLE('',#34,POSITIVE_LENGTH_MEASURE(2.E-2),#8);
#4494=PRESENTATION_STYLE_ASSIGNMENT((#4493));
#4495=STYLED_ITEM('',(#4494),#4492);
#4496=CARTESIAN_POINT('',(0.E0,-6.755E0,2.18E0));
#4497=DIRECTION('',(0.E0,-1.E0,0.E0));
#4498=DIRECTION('',(1.E0,0.E0,0.E0));
#4499=AXIS2_PLACEMENT_3D('',#4496,#4497,#4498);
#4501=CURVE_STYLE('',#34,POSITIVE_LENGTH_MEASURE(2.E-2),#8);
#4502=PRESENTATION_STYLE_ASSIGNMENT((#4501));
#4503=STYLED_ITEM('',(#4502),#4500);
#4504=CARTESIAN_POINT('',(0.E0,-6.755E0,2.18E0));
#4505=DIRECTION('',(0.E0,-1.E0,0.E0));
#4506=DIRECTION('',(-1.E0,0.E0,0.E0));
#4507=AXIS2_PLACEMENT_3D('',#4504,#4505,#4506);
#4509=CURVE_STYLE('',#34,POSITIVE_LENGTH_MEASURE(2.E-2),#8);
#4510=PRESENTATION_STYLE_ASSIGNMENT((#4509));
#4511=STYLED_ITEM('',(#4510),#4508);
#4512=DIRECTION('',(0.E0,-1.E0,0.E0));
#4513=VECTOR('',#4512,4.5E0);
#4514=CARTESIAN_POINT('',(-1.028042166525E1,-8.255E0,1.118728346963E1));
#4515=LINE('',#4514,#4513);
#4516=CURVE_STYLE('',#34,POSITIVE_LENGTH_MEASURE(2.E-2),#8);
#4517=PRESENTATION_STYLE_ASSIGNMENT((#4516));
#4518=STYLED_ITEM('',(#4517),#4515);
#4519=DIRECTION('',(0.E0,-1.E0,0.E0));
#4520=VECTOR('',#4519,4.5E0);
#4521=CARTESIAN_POINT('',(-1.428042166525E1,-8.255E0,1.118728346963E1));
#4522=LINE('',#4521,#4520);
#4523=CURVE_STYLE('',#34,POSITIVE_LENGTH_MEASURE(2.E-2),#8);
#4524=PRESENTATION_STYLE_ASSIGNMENT((#4523));
#4525=STYLED_ITEM('',(#4524),#4522);
#4526=DIRECTION('',(0.E0,-1.E0,0.E0));
#4527=VECTOR('',#4526,4.5E0);
#4528=CARTESIAN_POINT('',(1.428042166525E1,-8.255E0,1.118728346963E1));
#4529=LINE('',#4528,#4527);
#4530=CURVE_STYLE('',#34,POSITIVE_LENGTH_MEASURE(2.E-2),#8);
#4531=PRESENTATION_STYLE_ASSIGNMENT((#4530));
#4532=STYLED_ITEM('',(#4531),#4529);
#4533=DIRECTION('',(0.E0,-1.E0,0.E0));
#4534=VECTOR('',#4533,4.5E0);
#4535=CARTESIAN_POINT('',(1.028042166525E1,-8.255E0,1.118728346963E1));
#4536=LINE('',#4535,#4534);
#4537=CURVE_STYLE('',#34,POSITIVE_LENGTH_MEASURE(2.E-2),#8);
#4538=PRESENTATION_STYLE_ASSIGNMENT((#4537));
#4539=STYLED_ITEM('',(#4538),#4536);
#4540=DIRECTION('',(0.E0,-1.E0,0.E0));
#4541=VECTOR('',#4540,4.5E0);
#4542=CARTESIAN_POINT('',(1.428042166525E1,-8.255E0,-6.734288485834E0));
#4543=LINE('',#4542,#4541);
#4544=CURVE_STYLE('',#34,POSITIVE_LENGTH_MEASURE(2.E-2),#8);
#4545=PRESENTATION_STYLE_ASSIGNMENT((#4544));
#4546=STYLED_ITEM('',(#4545),#4543);
#4547=DIRECTION('',(0.E0,-1.E0,0.E0));
#4548=VECTOR('',#4547,4.5E0);
#4549=CARTESIAN_POINT('',(1.028042166525E1,-8.255E0,-6.734288485834E0));
#4550=LINE('',#4549,#4548);
#4551=CURVE_STYLE('',#34,POSITIVE_LENGTH_MEASURE(2.E-2),#8);
#4552=PRESENTATION_STYLE_ASSIGNMENT((#4551));
#4553=STYLED_ITEM('',(#4552),#4550);
#4554=DIRECTION('',(0.E0,-1.E0,0.E0));
#4555=VECTOR('',#4554,4.5E0);
#4556=CARTESIAN_POINT('',(-1.028042166525E1,-8.255E0,-6.734288485834E0));
#4557=LINE('',#4556,#4555);
#4558=CURVE_STYLE('',#34,POSITIVE_LENGTH_MEASURE(2.E-2),#8);
#4559=PRESENTATION_STYLE_ASSIGNMENT((#4558));
#4560=STYLED_ITEM('',(#4559),#4557);
#4561=DIRECTION('',(0.E0,-1.E0,0.E0));
#4562=VECTOR('',#4561,4.5E0);
#4563=CARTESIAN_POINT('',(-1.428042166525E1,-8.255E0,-6.734288485834E0));
#4564=LINE('',#4563,#4562);
#4565=CURVE_STYLE('',#34,POSITIVE_LENGTH_MEASURE(2.E-2),#8);
#4566=PRESENTATION_STYLE_ASSIGNMENT((#4565));
#4567=STYLED_ITEM('',(#4566),#4564);
#4568=DIRECTION('',(0.E0,0.E0,-1.E0));
#4569=VECTOR('',#4568,3.7E1);
#4570=CARTESIAN_POINT('',(1.879935154661E1,-4.426780592232E0,2.5E1));
#4571=LINE('',#4570,#4569);
#4572=CURVE_STYLE('',#34,POSITIVE_LENGTH_MEASURE(2.E-2),#8);
#4573=PRESENTATION_STYLE_ASSIGNMENT((#4572));
#4574=STYLED_ITEM('',(#4573),#4571);
#4575=DIRECTION('',(0.E0,0.E0,-1.E0));
#4576=VECTOR('',#4575,3.7E1);
#4577=CARTESIAN_POINT('',(-1.879935154661E1,-4.426780592232E0,2.5E1));
#4578=LINE('',#4577,#4576);
#4579=CURVE_STYLE('',#34,POSITIVE_LENGTH_MEASURE(2.E-2),#8);
#4580=PRESENTATION_STYLE_ASSIGNMENT((#4579));
#4581=STYLED_ITEM('',(#4580),#4578);
#4582=DIRECTION('',(0.E0,1.E0,0.E0));
#4583=VECTOR('',#4582,8.328219407768E0);
#4584=CARTESIAN_POINT('',(-1.879935154661E1,-1.2755E1,-1.2E1));
#4585=LINE('',#4584,#4583);
#4586=CURVE_STYLE('',#34,POSITIVE_LENGTH_MEASURE(2.E-2),#8);
#4587=PRESENTATION_STYLE_ASSIGNMENT((#4586));
#4588=STYLED_ITEM('',(#4587),#4585);
#4589=DIRECTION('',(-1.E0,0.E0,0.E0));
#4590=VECTOR('',#4589,3.759870309323E1);
#4591=CARTESIAN_POINT('',(1.879935154661E1,-1.2755E1,-1.2E1));
#4592=LINE('',#4591,#4590);
#4593=CURVE_STYLE('',#34,POSITIVE_LENGTH_MEASURE(2.E-2),#8);
#4594=PRESENTATION_STYLE_ASSIGNMENT((#4593));
#4595=STYLED_ITEM('',(#4594),#4592);
#4596=DIRECTION('',(0.E0,-1.E0,0.E0));
#4597=VECTOR('',#4596,8.328219407768E0);
#4598=CARTESIAN_POINT('',(1.879935154661E1,-4.426780592232E0,-1.2E1));
#4599=LINE('',#4598,#4597);
#4600=CURVE_STYLE('',#34,POSITIVE_LENGTH_MEASURE(2.E-2),#8);
#4601=PRESENTATION_STYLE_ASSIGNMENT((#4600));
#4602=STYLED_ITEM('',(#4601),#4599);
#4603=DIRECTION('',(1.E0,0.E0,0.E0));
#4604=VECTOR('',#4603,3.759870309323E1);
#4605=CARTESIAN_POINT('',(-1.879935154661E1,-4.426780592232E0,-1.2E1));
#4606=LINE('',#4605,#4604);
#4607=CURVE_STYLE('',#34,POSITIVE_LENGTH_MEASURE(2.E-2),#8);
#4608=PRESENTATION_STYLE_ASSIGNMENT((#4607));
#4609=STYLED_ITEM('',(#4608),#4606);
#4610=DIRECTION('',(0.E0,-1.E0,0.E0));
#4611=VECTOR('',#4610,4.5E0);
#4612=CARTESIAN_POINT('',(1.879935154661E1,-8.255E0,1.5E1));
#4613=LINE('',#4612,#4611);
#4614=CURVE_STYLE('',#34,POSITIVE_LENGTH_MEASURE(2.E-2),#8);
#4615=PRESENTATION_STYLE_ASSIGNMENT((#4614));
#4616=STYLED_ITEM('',(#4615),#4613);
#4617=CARTESIAN_POINT('',(-9.25E0,-6.196899771105E-9,1.1E2));
#4618=DIRECTION('',(-2.253418118769E-9,-1.E0,0.E0));
#4619=DIRECTION('',(-2.756689099215E-9,0.E0,1.E0));
#4620=AXIS2_PLACEMENT_3D('',#4617,#4618,#4619);
#4622=CURVE_STYLE('',#34,POSITIVE_LENGTH_MEASURE(2.E-2),#8);
#4623=PRESENTATION_STYLE_ASSIGNMENT((#4622));
#4624=STYLED_ITEM('',(#4623),#4621);
#4625=CARTESIAN_POINT('',(-1.475E1,6.196898216793E-9,1.1E2));
#4626=DIRECTION('',(2.253417535902E-9,1.E0,0.E0));
#4627=DIRECTION('',(2.756696204642E-9,0.E0,1.E0));
#4628=AXIS2_PLACEMENT_3D('',#4625,#4626,#4627);
#4630=CURVE_STYLE('',#34,POSITIVE_LENGTH_MEASURE(2.E-2),#8);
#4631=PRESENTATION_STYLE_ASSIGNMENT((#4630));
#4632=STYLED_ITEM('',(#4631),#4629);
#4633=CARTESIAN_POINT('',(-9.25E0,1.384026032669E-8,1.02E2));
#4634=DIRECTION('',(5.032821936979E-9,-1.E0,0.E0));
#4635=DIRECTION('',(-1.E0,-5.032821936979E-9,0.E0));
#4636=AXIS2_PLACEMENT_3D('',#4633,#4634,#4635);
#4638=CURVE_STYLE('',#34,POSITIVE_LENGTH_MEASURE(2.E-2),#8);
#4639=PRESENTATION_STYLE_ASSIGNMENT((#4638));
#4640=STYLED_ITEM('',(#4639),#4637);
#4641=CARTESIAN_POINT('',(-1.475E1,-1.384026065976E-8,1.02E2));
#4642=DIRECTION('',(-5.032822048001E-9,1.E0,0.E0));
#4643=DIRECTION('',(1.E0,5.032822048001E-9,0.E0));
#4644=AXIS2_PLACEMENT_3D('',#4641,#4642,#4643);
#4646=CURVE_STYLE('',#34,POSITIVE_LENGTH_MEASURE(2.E-2),#8);
#4647=PRESENTATION_STYLE_ASSIGNMENT((#4646));
#4648=STYLED_ITEM('',(#4647),#4645);
#4649=DIRECTION('',(0.E0,-1.E0,0.E0));
#4650=VECTOR('',#4649,6.E0);
#4651=CARTESIAN_POINT('',(6.3E0,1.4965E1,4.175E1));
#4652=LINE('',#4651,#4650);
#4653=CURVE_STYLE('',#34,POSITIVE_LENGTH_MEASURE(2.E-2),#8);
#4654=PRESENTATION_STYLE_ASSIGNMENT((#4653));
#4655=STYLED_ITEM('',(#4654),#4652);
#4656=DIRECTION('',(0.E0,-1.E0,0.E0));
#4657=VECTOR('',#4656,4.E0);
#4658=CARTESIAN_POINT('',(-1.485E1,8.965E0,4.E1));
#4659=LINE('',#4658,#4657);
#4660=CURVE_STYLE('',#34,POSITIVE_LENGTH_MEASURE(2.E-2),#8);
#4661=PRESENTATION_STYLE_ASSIGNMENT((#4660));
#4662=STYLED_ITEM('',(#4661),#4659);
#4663=DIRECTION('',(0.E0,-1.E0,0.E0));
#4664=VECTOR('',#4663,4.E0);
#4665=CARTESIAN_POINT('',(-1.715E1,8.965E0,4.E1));
#4666=LINE('',#4665,#4664);
#4667=CURVE_STYLE('',#34,POSITIVE_LENGTH_MEASURE(2.E-2),#8);
#4668=PRESENTATION_STYLE_ASSIGNMENT((#4667));
#4669=STYLED_ITEM('',(#4668),#4666);
#4670=CARTESIAN_POINT('',(-1.6E1,4.965E0,4.E1));
#4671=DIRECTION('',(0.E0,1.E0,0.E0));
#4672=DIRECTION('',(1.E0,0.E0,0.E0));
#4673=AXIS2_PLACEMENT_3D('',#4670,#4671,#4672);
#4675=CURVE_STYLE('',#34,POSITIVE_LENGTH_MEASURE(2.E-2),#8);
#4676=PRESENTATION_STYLE_ASSIGNMENT((#4675));
#4677=STYLED_ITEM('',(#4676),#4674);
#4678=CARTESIAN_POINT('',(-1.6E1,4.965E0,4.E1));
#4679=DIRECTION('',(0.E0,1.E0,0.E0));
#4680=DIRECTION('',(-1.E0,0.E0,0.E0));
#4681=AXIS2_PLACEMENT_3D('',#4678,#4679,#4680);
#4683=CURVE_STYLE('',#34,POSITIVE_LENGTH_MEASURE(2.E-2),#8);
#4684=PRESENTATION_STYLE_ASSIGNMENT((#4683));
#4685=STYLED_ITEM('',(#4684),#4682);
#4686=CARTESIAN_POINT('',(-8.E0,4.965E0,4.E1));
#4687=DIRECTION('',(0.E0,1.E0,0.E0));
#4688=DIRECTION('',(1.E0,0.E0,0.E0));
#4689=AXIS2_PLACEMENT_3D('',#4686,#4687,#4688);
#4691=CURVE_STYLE('',#34,POSITIVE_LENGTH_MEASURE(2.E-2),#8);
#4692=PRESENTATION_STYLE_ASSIGNMENT((#4691));
#4693=STYLED_ITEM('',(#4692),#4690);
#4694=CARTESIAN_POINT('',(-8.E0,4.965E0,4.E1));
#4695=DIRECTION('',(0.E0,1.E0,0.E0));
#4696=DIRECTION('',(-1.E0,0.E0,0.E0));
#4697=AXIS2_PLACEMENT_3D('',#4694,#4695,#4696);
#4699=CURVE_STYLE('',#34,POSITIVE_LENGTH_MEASURE(2.E-2),#8);
#4700=PRESENTATION_STYLE_ASSIGNMENT((#4699));
#4701=STYLED_ITEM('',(#4700),#4698);
#4702=CARTESIAN_POINT('',(-4.1E0,4.965E0,4.E1));
#4703=DIRECTION('',(0.E0,1.E0,0.E0));
#4704=DIRECTION('',(1.E0,0.E0,0.E0));
#4705=AXIS2_PLACEMENT_3D('',#4702,#4703,#4704);
#4707=CURVE_STYLE('',#34,POSITIVE_LENGTH_MEASURE(2.E-2),#8);
#4708=PRESENTATION_STYLE_ASSIGNMENT((#4707));
#4709=STYLED_ITEM('',(#4708),#4706);
#4710=CARTESIAN_POINT('',(-4.1E0,4.965E0,4.E1));
#4711=DIRECTION('',(0.E0,1.E0,0.E0));
#4712=DIRECTION('',(-1.E0,0.E0,0.E0));
#4713=AXIS2_PLACEMENT_3D('',#4710,#4711,#4712);
#4715=CURVE_STYLE('',#34,POSITIVE_LENGTH_MEASURE(2.E-2),#8);
#4716=PRESENTATION_STYLE_ASSIGNMENT((#4715));
#4717=STYLED_ITEM('',(#4716),#4714);
#4718=CARTESIAN_POINT('',(4.1E0,4.965E0,4.E1));
#4719=DIRECTION('',(0.E0,1.E0,0.E0));
#4720=DIRECTION('',(1.E0,0.E0,0.E0));
#4721=AXIS2_PLACEMENT_3D('',#4718,#4719,#4720);
#4723=CURVE_STYLE('',#34,POSITIVE_LENGTH_MEASURE(2.E-2),#8);
#4724=PRESENTATION_STYLE_ASSIGNMENT((#4723));
#4725=STYLED_ITEM('',(#4724),#4722);
#4726=CARTESIAN_POINT('',(4.1E0,4.965E0,4.E1));
#4727=DIRECTION('',(0.E0,1.E0,0.E0));
#4728=DIRECTION('',(-1.E0,0.E0,0.E0));
#4729=AXIS2_PLACEMENT_3D('',#4726,#4727,#4728);
#4731=CURVE_STYLE('',#34,POSITIVE_LENGTH_MEASURE(2.E-2),#8);
#4732=PRESENTATION_STYLE_ASSIGNMENT((#4731));
#4733=STYLED_ITEM('',(#4732),#4730);
#4734=CARTESIAN_POINT('',(1.2E1,4.965E0,3.5E1));
#4735=DIRECTION('',(0.E0,1.E0,0.E0));
#4736=DIRECTION('',(1.E0,0.E0,0.E0));
#4737=AXIS2_PLACEMENT_3D('',#4734,#4735,#4736);
#4739=CURVE_STYLE('',#34,POSITIVE_LENGTH_MEASURE(2.E-2),#8);
#4740=PRESENTATION_STYLE_ASSIGNMENT((#4739));
#4741=STYLED_ITEM('',(#4740),#4738);
#4742=CARTESIAN_POINT('',(1.2E1,4.965E0,3.5E1));
#4743=DIRECTION('',(0.E0,1.E0,0.E0));
#4744=DIRECTION('',(-1.E0,0.E0,0.E0));
#4745=AXIS2_PLACEMENT_3D('',#4742,#4743,#4744);
#4747=CURVE_STYLE('',#34,POSITIVE_LENGTH_MEASURE(2.E-2),#8);
#4748=PRESENTATION_STYLE_ASSIGNMENT((#4747));
#4749=STYLED_ITEM('',(#4748),#4746);
#4750=CARTESIAN_POINT('',(1.2E1,4.965E0,4.5E1));
#4751=DIRECTION('',(0.E0,1.E0,0.E0));
#4752=DIRECTION('',(1.E0,0.E0,0.E0));
#4753=AXIS2_PLACEMENT_3D('',#4750,#4751,#4752);
#4755=CURVE_STYLE('',#34,POSITIVE_LENGTH_MEASURE(2.E-2),#8);
#4756=PRESENTATION_STYLE_ASSIGNMENT((#4755));
#4757=STYLED_ITEM('',(#4756),#4754);
#4758=CARTESIAN_POINT('',(1.2E1,4.965E0,4.5E1));
#4759=DIRECTION('',(0.E0,1.E0,0.E0));
#4760=DIRECTION('',(-1.E0,0.E0,0.E0));
#4761=AXIS2_PLACEMENT_3D('',#4758,#4759,#4760);
#4763=CURVE_STYLE('',#34,POSITIVE_LENGTH_MEASURE(2.E-2),#8);
#4764=PRESENTATION_STYLE_ASSIGNMENT((#4763));
#4765=STYLED_ITEM('',(#4764),#4762);
#4766=DIRECTION('',(0.E0,-1.E0,0.E0));
#4767=VECTOR('',#4766,4.E0);
#4768=CARTESIAN_POINT('',(-6.85E0,8.965E0,4.E1));
#4769=LINE('',#4768,#4767);
#4770=CURVE_STYLE('',#34,POSITIVE_LENGTH_MEASURE(2.E-2),#8);
#4771=PRESENTATION_STYLE_ASSIGNMENT((#4770));
#4772=STYLED_ITEM('',(#4771),#4769);
#4773=DIRECTION('',(0.E0,-1.E0,0.E0));
#4774=VECTOR('',#4773,4.E0);
#4775=CARTESIAN_POINT('',(-9.15E0,8.965E0,4.E1));
#4776=LINE('',#4775,#4774);
#4777=CURVE_STYLE('',#34,POSITIVE_LENGTH_MEASURE(2.E-2),#8);
#4778=PRESENTATION_STYLE_ASSIGNMENT((#4777));
#4779=STYLED_ITEM('',(#4778),#4776);
#4780=DIRECTION('',(0.E0,-1.E0,0.E0));
#4781=VECTOR('',#4780,4.E0);
#4782=CARTESIAN_POINT('',(-2.95E0,8.965E0,4.E1));
#4783=LINE('',#4782,#4781);
#4784=CURVE_STYLE('',#34,POSITIVE_LENGTH_MEASURE(2.E-2),#8);
#4785=PRESENTATION_STYLE_ASSIGNMENT((#4784));
#4786=STYLED_ITEM('',(#4785),#4783);
#4787=DIRECTION('',(0.E0,-1.E0,0.E0));
#4788=VECTOR('',#4787,4.E0);
#4789=CARTESIAN_POINT('',(-5.25E0,8.965E0,4.E1));
#4790=LINE('',#4789,#4788);
#4791=CURVE_STYLE('',#34,POSITIVE_LENGTH_MEASURE(2.E-2),#8);
#4792=PRESENTATION_STYLE_ASSIGNMENT((#4791));
#4793=STYLED_ITEM('',(#4792),#4790);
#4794=DIRECTION('',(0.E0,-1.E0,0.E0));
#4795=VECTOR('',#4794,4.E0);
#4796=CARTESIAN_POINT('',(5.25E0,8.965E0,4.E1));
#4797=LINE('',#4796,#4795);
#4798=CURVE_STYLE('',#34,POSITIVE_LENGTH_MEASURE(2.E-2),#8);
#4799=PRESENTATION_STYLE_ASSIGNMENT((#4798));
#4800=STYLED_ITEM('',(#4799),#4797);
#4801=DIRECTION('',(0.E0,-1.E0,0.E0));
#4802=VECTOR('',#4801,4.E0);
#4803=CARTESIAN_POINT('',(2.95E0,8.965E0,4.E1));
#4804=LINE('',#4803,#4802);
#4805=CURVE_STYLE('',#34,POSITIVE_LENGTH_MEASURE(2.E-2),#8);
#4806=PRESENTATION_STYLE_ASSIGNMENT((#4805));
#4807=STYLED_ITEM('',(#4806),#4804);
#4808=DIRECTION('',(0.E0,-1.E0,0.E0));
#4809=VECTOR('',#4808,4.E0);
#4810=CARTESIAN_POINT('',(1.315E1,8.965E0,3.5E1));
#4811=LINE('',#4810,#4809);
#4812=CURVE_STYLE('',#34,POSITIVE_LENGTH_MEASURE(2.E-2),#8);
#4813=PRESENTATION_STYLE_ASSIGNMENT((#4812));
#4814=STYLED_ITEM('',(#4813),#4811);
#4815=DIRECTION('',(0.E0,-1.E0,0.E0));
#4816=VECTOR('',#4815,4.E0);
#4817=CARTESIAN_POINT('',(1.085E1,8.965E0,3.5E1));
#4818=LINE('',#4817,#4816);
#4819=CURVE_STYLE('',#34,POSITIVE_LENGTH_MEASURE(2.E-2),#8);
#4820=PRESENTATION_STYLE_ASSIGNMENT((#4819));
#4821=STYLED_ITEM('',(#4820),#4818);
#4822=DIRECTION('',(0.E0,-1.E0,0.E0));
#4823=VECTOR('',#4822,4.E0);
#4824=CARTESIAN_POINT('',(1.315E1,8.965E0,4.5E1));
#4825=LINE('',#4824,#4823);
#4826=CURVE_STYLE('',#34,POSITIVE_LENGTH_MEASURE(2.E-2),#8);
#4827=PRESENTATION_STYLE_ASSIGNMENT((#4826));
#4828=STYLED_ITEM('',(#4827),#4825);
#4829=DIRECTION('',(0.E0,-1.E0,0.E0));
#4830=VECTOR('',#4829,4.E0);
#4831=CARTESIAN_POINT('',(1.085E1,8.965E0,4.5E1));
#4832=LINE('',#4831,#4830);
#4833=CURVE_STYLE('',#34,POSITIVE_LENGTH_MEASURE(2.E-2),#8);
#4834=PRESENTATION_STYLE_ASSIGNMENT((#4833));
#4835=STYLED_ITEM('',(#4834),#4832);
#4836=CARTESIAN_POINT('',(3.851797048358E1,-6.548066753361E-10,9.2E1));
#4837=DIRECTION('',(1.047684924926E-10,1.E0,0.E0));
#4838=DIRECTION('',(-4.788276442014E-10,0.E0,-1.E0));
#4839=AXIS2_PLACEMENT_3D('',#4836,#4837,#4838);
#4841=CURVE_STYLE('',#34,POSITIVE_LENGTH_MEASURE(2.E-2),#8);
#4842=PRESENTATION_STYLE_ASSIGNMENT((#4841));
#4843=STYLED_ITEM('',(#4842),#4840);
#4844=CARTESIAN_POINT('',(2.601797048358E1,6.547955291217E-10,9.2E1));
#4845=DIRECTION('',(-1.047678610533E-10,-1.E0,0.E0));
#4846=DIRECTION('',(4.788205387740E-10,0.E0,-1.E0));
#4847=AXIS2_PLACEMENT_3D('',#4844,#4845,#4846);
#4849=CURVE_STYLE('',#34,POSITIVE_LENGTH_MEASURE(2.E-2),#8);
#4850=PRESENTATION_STYLE_ASSIGNMENT((#4849));
#4851=STYLED_ITEM('',(#4850),#4848);
#4852=CARTESIAN_POINT('',(3.226797048358E1,0.E0,9.2E1));
#4853=DIRECTION('',(0.E0,0.E0,1.E0));
#4854=DIRECTION('',(-1.E0,0.E0,0.E0));
#4855=AXIS2_PLACEMENT_3D('',#4852,#4853,#4854);
#4857=CURVE_STYLE('',#34,POSITIVE_LENGTH_MEASURE(2.E-2),#8);
#4858=PRESENTATION_STYLE_ASSIGNMENT((#4857));
#4859=STYLED_ITEM('',(#4858),#4856);
#4860=DIRECTION('',(0.E0,4.337043841347E-13,-1.E0));
#4861=VECTOR('',#4860,1.8E1);
#4862=CARTESIAN_POINT('',(3.751797048358E1,8.247963377394E-10,1.1E2));
#4863=LINE('',#4862,#4861);
#4864=CURVE_STYLE('',#34,POSITIVE_LENGTH_MEASURE(2.E-2),#8);
#4865=PRESENTATION_STYLE_ASSIGNMENT((#4864));
#4866=STYLED_ITEM('',(#4865),#4863);
#4867=CARTESIAN_POINT('',(3.226797048358E1,0.E0,1.1E2));
#4868=DIRECTION('',(0.E0,0.E0,-1.E0));
#4869=DIRECTION('',(1.E0,0.E0,0.E0));
#4870=AXIS2_PLACEMENT_3D('',#4867,#4868,#4869);
#4872=CURVE_STYLE('',#34,POSITIVE_LENGTH_MEASURE(2.E-2),#8);
#4873=PRESENTATION_STYLE_ASSIGNMENT((#4872));
#4874=STYLED_ITEM('',(#4873),#4871);
#4875=CARTESIAN_POINT('',(3.226797048358E1,0.E0,9.2E1));
#4876=DIRECTION('',(0.E0,0.E0,1.E0));
#4877=DIRECTION('',(1.E0,0.E0,0.E0));
#4878=AXIS2_PLACEMENT_3D('',#4875,#4876,#4877);
#4880=CURVE_STYLE('',#34,POSITIVE_LENGTH_MEASURE(2.E-2),#8);
#4881=PRESENTATION_STYLE_ASSIGNMENT((#4880));
#4882=STYLED_ITEM('',(#4881),#4879);
#4883=DIRECTION('',(0.E0,-4.337263572987E-13,-1.E0));
#4884=VECTOR('',#4883,1.8E1);
#4885=CARTESIAN_POINT('',(2.701797048358E1,-8.248036617636E-10,1.1E2));
#4886=LINE('',#4885,#4884);
#4887=CURVE_STYLE('',#34,POSITIVE_LENGTH_MEASURE(2.E-2),#8);
#4888=PRESENTATION_STYLE_ASSIGNMENT((#4887));
#4889=STYLED_ITEM('',(#4888),#4886);
#4890=CARTESIAN_POINT('',(3.226797048358E1,0.E0,1.1E2));
#4891=DIRECTION('',(0.E0,0.E0,-1.E0));
#4892=DIRECTION('',(-1.E0,0.E0,0.E0));
#4893=AXIS2_PLACEMENT_3D('',#4890,#4891,#4892);
#4895=CURVE_STYLE('',#34,POSITIVE_LENGTH_MEASURE(2.E-2),#8);
#4896=PRESENTATION_STYLE_ASSIGNMENT((#4895));
#4897=STYLED_ITEM('',(#4896),#4894);
#4898=CARTESIAN_POINT('',(2.601797048358E1,-1.038139041186E-9,1.1E2));
#4899=DIRECTION('',(-1.661016671428E-10,1.E0,0.E0));
#4900=DIRECTION('',(1.173781072339E-9,0.E0,1.E0));
#4901=AXIS2_PLACEMENT_3D('',#4898,#4899,#4900);
#4903=CURVE_STYLE('',#34,POSITIVE_LENGTH_MEASURE(2.E-2),#8);
#4904=PRESENTATION_STYLE_ASSIGNMENT((#4903));
#4905=STYLED_ITEM('',(#4904),#4902);
#4906=CARTESIAN_POINT('',(3.851797048358E1,1.038131003596E-9,1.1E2));
#4907=DIRECTION('',(1.661015422427E-10,-1.E0,0.E0));
#4908=DIRECTION('',(-1.173802388621E-9,0.E0,1.E0));
#4909=AXIS2_PLACEMENT_3D('',#4906,#4907,#4908);
#4911=CURVE_STYLE('',#34,POSITIVE_LENGTH_MEASURE(2.E-2),#8);
#4912=PRESENTATION_STYLE_ASSIGNMENT((#4911));
#4913=STYLED_ITEM('',(#4912),#4910);
#4914=CARTESIAN_POINT('',(-2.601797048358E1,-6.548026681383E-10,9.2E1));
#4915=DIRECTION('',(1.047684855537E-10,1.E0,0.E0));
#4916=DIRECTION('',(-4.788134333467E-10,0.E0,-1.E0));
#4917=AXIS2_PLACEMENT_3D('',#4914,#4915,#4916);
#4919=CURVE_STYLE('',#34,POSITIVE_LENGTH_MEASURE(2.E-2),#8);
#4920=PRESENTATION_STYLE_ASSIGNMENT((#4919));
#4921=STYLED_ITEM('',(#4920),#4918);
#4922=CARTESIAN_POINT('',(-3.226797048358E1,0.E0,9.2E1));
#4923=DIRECTION('',(0.E0,0.E0,1.E0));
#4924=DIRECTION('',(1.E0,0.E0,0.E0));
#4925=AXIS2_PLACEMENT_3D('',#4922,#4923,#4924);
#4927=CURVE_STYLE('',#34,POSITIVE_LENGTH_MEASURE(2.E-2),#8);
#4928=PRESENTATION_STYLE_ASSIGNMENT((#4927));
#4929=STYLED_ITEM('',(#4928),#4926);
#4930=DIRECTION('',(0.E0,-4.337167199460E-13,-1.E0));
#4931=VECTOR('',#4930,1.8E1);
#4932=CARTESIAN_POINT('',(-3.751797048358E1,-8.247998627326E-10,1.1E2));
#4933=LINE('',#4932,#4931);
#4934=CURVE_STYLE('',#34,POSITIVE_LENGTH_MEASURE(2.E-2),#8);
#4935=PRESENTATION_STYLE_ASSIGNMENT((#4934));
#4936=STYLED_ITEM('',(#4935),#4933);
#4937=CARTESIAN_POINT('',(-3.226797048358E1,0.E0,1.1E2));
#4938=DIRECTION('',(0.E0,0.E0,-1.E0));
#4939=DIRECTION('',(-1.E0,0.E0,0.E0));
#4940=AXIS2_PLACEMENT_3D('',#4937,#4938,#4939);
#4942=CURVE_STYLE('',#34,POSITIVE_LENGTH_MEASURE(2.E-2),#8);
#4943=PRESENTATION_STYLE_ASSIGNMENT((#4942));
#4944=STYLED_ITEM('',(#4943),#4941);
#4945=CARTESIAN_POINT('',(-1.375E1,1.4965E1,3.7E1));
#4946=CARTESIAN_POINT('',(-1.025E1,1.4965E1,3.7E1));
#4947=VERTEX_POINT('',#4945);
#4948=VERTEX_POINT('',#4946);
#4949=CARTESIAN_POINT('',(-2.25E0,1.4965E1,3.7E1));
#4950=CARTESIAN_POINT('',(2.25E0,1.4965E1,3.7E1));
#4951=VERTEX_POINT('',#4949);
#4952=VERTEX_POINT('',#4950);
#4953=CARTESIAN_POINT('',(-1.375E1,1.4965E1,4.3E1));
#4954=CARTESIAN_POINT('',(-1.025E1,1.4965E1,4.3E1));
#4955=VERTEX_POINT('',#4953);
#4956=VERTEX_POINT('',#4954);
#4957=CARTESIAN_POINT('',(-2.25E0,1.4965E1,4.3E1));
#4958=CARTESIAN_POINT('',(2.25E0,1.4965E1,4.3E1));
#4959=VERTEX_POINT('',#4957);
#4960=VERTEX_POINT('',#4958);
#4961=CARTESIAN_POINT('',(1.525E1,1.4965E1,3.7E1));
#4962=CARTESIAN_POINT('',(1.525E1,1.4965E1,4.3E1));
#4963=VERTEX_POINT('',#4961);
#4964=VERTEX_POINT('',#4962);
#4965=CARTESIAN_POINT('',(8.75E0,1.4965E1,3.7E1));
#4966=CARTESIAN_POINT('',(8.75E0,1.4965E1,4.3E1));
#4967=VERTEX_POINT('',#4965);
#4968=VERTEX_POINT('',#4966);
#4969=CARTESIAN_POINT('',(-1.375E1,0.E0,3.7E1));
#4970=CARTESIAN_POINT('',(-1.375E1,0.E0,4.3E1));
#4971=VERTEX_POINT('',#4969);
#4972=VERTEX_POINT('',#4970);
#4973=CARTESIAN_POINT('',(-1.025E1,0.E0,3.7E1));
#4974=CARTESIAN_POINT('',(-1.025E1,0.E0,4.3E1));
#4975=VERTEX_POINT('',#4973);
#4976=VERTEX_POINT('',#4974);
#4977=CARTESIAN_POINT('',(8.75E0,0.E0,3.7E1));
#4978=CARTESIAN_POINT('',(8.75E0,0.E0,4.3E1));
#4979=VERTEX_POINT('',#4977);
#4980=VERTEX_POINT('',#4978);
#4981=CARTESIAN_POINT('',(1.525E1,0.E0,3.7E1));
#4982=CARTESIAN_POINT('',(1.525E1,0.E0,4.3E1));
#4983=VERTEX_POINT('',#4981);
#4984=VERTEX_POINT('',#4982);
#4985=CARTESIAN_POINT('',(-2.25E0,0.E0,3.7E1));
#4986=CARTESIAN_POINT('',(-2.25E0,0.E0,4.3E1));
#4987=VERTEX_POINT('',#4985);
#4988=VERTEX_POINT('',#4986);
#4989=CARTESIAN_POINT('',(2.25E0,0.E0,3.7E1));
#4990=CARTESIAN_POINT('',(2.25E0,0.E0,4.3E1));
#4991=VERTEX_POINT('',#4989);
#4992=VERTEX_POINT('',#4990);
#4993=CARTESIAN_POINT('',(6.3E0,8.965E0,4.175E1));
#4994=CARTESIAN_POINT('',(6.3E0,8.965E0,3.825E1));
#4995=VERTEX_POINT('',#4993);
#4996=VERTEX_POINT('',#4994);
#4997=CARTESIAN_POINT('',(-1.855E1,8.965E0,3.825E1));
#4998=CARTESIAN_POINT('',(-1.855E1,8.965E0,4.175E1));
#4999=VERTEX_POINT('',#4997);
#5000=VERTEX_POINT('',#4998);
#5001=CARTESIAN_POINT('',(2.25E0,1.4965E1,4.175E1));
#5002=CARTESIAN_POINT('',(6.3E0,1.4965E1,4.175E1));
#5003=VERTEX_POINT('',#5001);
#5004=VERTEX_POINT('',#5002);
#5005=CARTESIAN_POINT('',(6.3E0,1.4965E1,3.825E1));
#5006=VERTEX_POINT('',#5005);
#5007=CARTESIAN_POINT('',(2.25E0,1.4965E1,3.825E1));
#5008=VERTEX_POINT('',#5007);
#5009=CARTESIAN_POINT('',(-1.375E1,1.4965E1,3.825E1));
#5010=CARTESIAN_POINT('',(-1.855E1,1.4965E1,3.825E1));
#5011=VERTEX_POINT('',#5009);
#5012=VERTEX_POINT('',#5010);
#5013=CARTESIAN_POINT('',(-1.855E1,1.4965E1,4.175E1));
#5014=VERTEX_POINT('',#5013);
#5015=CARTESIAN_POINT('',(-1.375E1,1.4965E1,4.175E1));
#5016=VERTEX_POINT('',#5015);
#5017=CARTESIAN_POINT('',(-1.025E1,8.965E0,3.825E1));
#5018=CARTESIAN_POINT('',(-1.025E1,8.965E0,4.175E1));
#5019=VERTEX_POINT('',#5017);
#5020=VERTEX_POINT('',#5018);
#5021=CARTESIAN_POINT('',(-1.025E1,1.4965E1,3.825E1));
#5022=VERTEX_POINT('',#5021);
#5023=CARTESIAN_POINT('',(-1.025E1,1.4965E1,4.175E1));
#5024=VERTEX_POINT('',#5023);
#5025=CARTESIAN_POINT('',(-1.375E1,8.965E0,3.825E1));
#5026=CARTESIAN_POINT('',(-1.375E1,8.965E0,4.175E1));
#5027=VERTEX_POINT('',#5025);
#5028=VERTEX_POINT('',#5026);
#5029=CARTESIAN_POINT('',(2.25E0,8.965E0,3.825E1));
#5030=CARTESIAN_POINT('',(2.25E0,8.965E0,4.175E1));
#5031=VERTEX_POINT('',#5029);
#5032=VERTEX_POINT('',#5030);
#5033=CARTESIAN_POINT('',(-2.25E0,8.965E0,3.825E1));
#5034=CARTESIAN_POINT('',(-2.25E0,8.965E0,4.175E1));
#5035=VERTEX_POINT('',#5033);
#5036=VERTEX_POINT('',#5034);
#5037=CARTESIAN_POINT('',(-2.25E0,1.4965E1,4.175E1));
#5038=VERTEX_POINT('',#5037);
#5039=CARTESIAN_POINT('',(-2.25E0,1.4965E1,3.825E1));
#5040=VERTEX_POINT('',#5039);
#5041=CARTESIAN_POINT('',(-1.485E1,4.965E0,4.E1));
#5042=CARTESIAN_POINT('',(-1.715E1,4.965E0,4.E1));
#5043=VERTEX_POINT('',#5041);
#5044=VERTEX_POINT('',#5042);
#5045=CARTESIAN_POINT('',(-6.85E0,4.965E0,4.E1));
#5046=CARTESIAN_POINT('',(-9.15E0,4.965E0,4.E1));
#5047=VERTEX_POINT('',#5045);
#5048=VERTEX_POINT('',#5046);
#5049=CARTESIAN_POINT('',(-1.485E1,8.965E0,4.E1));
#5050=CARTESIAN_POINT('',(-1.715E1,8.965E0,4.E1));
#5051=VERTEX_POINT('',#5049);
#5052=VERTEX_POINT('',#5050);
#5053=CARTESIAN_POINT('',(-6.85E0,8.965E0,4.E1));
#5054=CARTESIAN_POINT('',(-9.15E0,8.965E0,4.E1));
#5055=VERTEX_POINT('',#5053);
#5056=VERTEX_POINT('',#5054);
#5057=CARTESIAN_POINT('',(-2.95E0,4.965E0,4.E1));
#5058=CARTESIAN_POINT('',(-5.25E0,4.965E0,4.E1));
#5059=VERTEX_POINT('',#5057);
#5060=VERTEX_POINT('',#5058);
#5061=CARTESIAN_POINT('',(5.25E0,4.965E0,4.E1));
#5062=CARTESIAN_POINT('',(2.95E0,4.965E0,4.E1));
#5063=VERTEX_POINT('',#5061);
#5064=VERTEX_POINT('',#5062);
#5065=CARTESIAN_POINT('',(-2.95E0,8.965E0,4.E1));
#5066=CARTESIAN_POINT('',(-5.25E0,8.965E0,4.E1));
#5067=VERTEX_POINT('',#5065);
#5068=VERTEX_POINT('',#5066);
#5069=CARTESIAN_POINT('',(5.25E0,8.965E0,4.E1));
#5070=CARTESIAN_POINT('',(2.95E0,8.965E0,4.E1));
#5071=VERTEX_POINT('',#5069);
#5072=VERTEX_POINT('',#5070);
#5073=CARTESIAN_POINT('',(1.375E1,8.965E0,3.25E1));
#5074=CARTESIAN_POINT('',(1.025E1,8.965E0,3.25E1));
#5075=VERTEX_POINT('',#5073);
#5076=VERTEX_POINT('',#5074);
#5077=CARTESIAN_POINT('',(1.025E1,8.965E0,4.75E1));
#5078=CARTESIAN_POINT('',(1.375E1,8.965E0,4.75E1));
#5079=VERTEX_POINT('',#5077);
#5080=VERTEX_POINT('',#5078);
#5081=CARTESIAN_POINT('',(1.375E1,1.4965E1,3.25E1));
#5082=CARTESIAN_POINT('',(1.025E1,1.4965E1,3.25E1));
#5083=VERTEX_POINT('',#5081);
#5084=VERTEX_POINT('',#5082);
#5085=CARTESIAN_POINT('',(1.025E1,1.4965E1,3.7E1));
#5086=VERTEX_POINT('',#5085);
#5087=CARTESIAN_POINT('',(1.025E1,1.4965E1,4.3E1));
#5088=CARTESIAN_POINT('',(1.025E1,1.4965E1,4.75E1));
#5089=VERTEX_POINT('',#5087);
#5090=VERTEX_POINT('',#5088);
#5091=CARTESIAN_POINT('',(1.375E1,1.4965E1,4.75E1));
#5092=VERTEX_POINT('',#5091);
#5093=CARTESIAN_POINT('',(1.375E1,1.4965E1,4.3E1));
#5094=VERTEX_POINT('',#5093);
#5095=CARTESIAN_POINT('',(1.375E1,1.4965E1,3.7E1));
#5096=VERTEX_POINT('',#5095);
#5097=CARTESIAN_POINT('',(1.025E1,8.965E0,3.7E1));
#5098=CARTESIAN_POINT('',(1.375E1,8.965E0,3.7E1));
#5099=VERTEX_POINT('',#5097);
#5100=VERTEX_POINT('',#5098);
#5101=CARTESIAN_POINT('',(1.025E1,8.965E0,4.3E1));
#5102=CARTESIAN_POINT('',(1.375E1,8.965E0,4.3E1));
#5103=VERTEX_POINT('',#5101);
#5104=VERTEX_POINT('',#5102);
#5105=CARTESIAN_POINT('',(1.315E1,4.965E0,3.5E1));
#5106=CARTESIAN_POINT('',(1.085E1,4.965E0,3.5E1));
#5107=VERTEX_POINT('',#5105);
#5108=VERTEX_POINT('',#5106);
#5109=CARTESIAN_POINT('',(1.315E1,4.965E0,4.5E1));
#5110=CARTESIAN_POINT('',(1.085E1,4.965E0,4.5E1));
#5111=VERTEX_POINT('',#5109);
#5112=VERTEX_POINT('',#5110);
#5113=CARTESIAN_POINT('',(1.315E1,8.965E0,3.5E1));
#5114=CARTESIAN_POINT('',(1.085E1,8.965E0,3.5E1));
#5115=VERTEX_POINT('',#5113);
#5116=VERTEX_POINT('',#5114);
#5117=CARTESIAN_POINT('',(1.315E1,8.965E0,4.5E1));
#5118=CARTESIAN_POINT('',(1.085E1,8.965E0,4.5E1));
#5119=VERTEX_POINT('',#5117);
#5120=VERTEX_POINT('',#5118);
#5121=CARTESIAN_POINT('',(-2.5E1,-8.255E0,5.5E1));
#5122=CARTESIAN_POINT('',(-2.5E1,-8.255E0,9.1E1));
#5123=VERTEX_POINT('',#5121);
#5124=VERTEX_POINT('',#5122);
#5125=CARTESIAN_POINT('',(2.5E1,-8.255E0,5.5E1));
#5126=CARTESIAN_POINT('',(2.5E1,-8.255E0,9.1E1));
#5127=VERTEX_POINT('',#5125);
#5128=VERTEX_POINT('',#5126);
#5129=CARTESIAN_POINT('',(2.5E1,9.965E0,9.1E1));
#5130=VERTEX_POINT('',#5129);
#5131=CARTESIAN_POINT('',(1.987E1,1.4965E1,5.5E1));
#5132=CARTESIAN_POINT('',(1.987E1,9.965E0,5.5E1));
#5133=VERTEX_POINT('',#5131);
#5134=VERTEX_POINT('',#5132);
#5135=CARTESIAN_POINT('',(-2.5E1,9.965E0,9.1E1));
#5136=VERTEX_POINT('',#5135);
#5137=CARTESIAN_POINT('',(-1.96E1,9.965E0,1.045E2));
#5138=CARTESIAN_POINT('',(-1.96E1,9.965E0,1.025E2));
#5139=VERTEX_POINT('',#5137);
#5140=VERTEX_POINT('',#5138);
#5141=CARTESIAN_POINT('',(-3.4E1,9.965E0,1.11E2));
#5142=CARTESIAN_POINT('',(-4.E1,3.965E0,1.11E2));
#5143=VERTEX_POINT('',#5141);
#5144=VERTEX_POINT('',#5142);
#5145=CARTESIAN_POINT('',(-4.E1,3.965E0,9.1E1));
#5146=VERTEX_POINT('',#5145);
#5147=CARTESIAN_POINT('',(-3.4E1,9.965E0,9.1E1));
#5148=VERTEX_POINT('',#5147);
#5149=CARTESIAN_POINT('',(-3.4E1,-8.255E0,9.1E1));
#5150=CARTESIAN_POINT('',(-4.E1,-2.255E0,9.1E1));
#5151=VERTEX_POINT('',#5149);
#5152=VERTEX_POINT('',#5150);
#5153=CARTESIAN_POINT('',(-4.E1,-2.255E0,1.11E2));
#5154=VERTEX_POINT('',#5153);
#5155=CARTESIAN_POINT('',(-3.4E1,-8.255E0,1.11E2));
#5156=VERTEX_POINT('',#5155);
#5157=CARTESIAN_POINT('',(4.E1,-2.255E0,9.1E1));
#5158=CARTESIAN_POINT('',(3.4E1,-8.255E0,9.1E1));
#5159=VERTEX_POINT('',#5157);
#5160=VERTEX_POINT('',#5158);
#5161=CARTESIAN_POINT('',(3.4E1,-8.255E0,1.11E2));
#5162=VERTEX_POINT('',#5161);
#5163=CARTESIAN_POINT('',(4.E1,-2.255E0,1.11E2));
#5164=VERTEX_POINT('',#5163);
#5165=CARTESIAN_POINT('',(3.4E1,9.965E0,9.1E1));
#5166=CARTESIAN_POINT('',(4.E1,3.965E0,9.1E1));
#5167=VERTEX_POINT('',#5165);
#5168=VERTEX_POINT('',#5166);
#5169=CARTESIAN_POINT('',(4.E1,3.965E0,1.11E2));
#5170=VERTEX_POINT('',#5169);
#5171=CARTESIAN_POINT('',(3.4E1,9.965E0,1.11E2));
#5172=VERTEX_POINT('',#5171);
#5173=CARTESIAN_POINT('',(4.E1,-2.255E0,2.5E1));
#5174=CARTESIAN_POINT('',(3.4E1,-8.255E0,2.5E1));
#5175=VERTEX_POINT('',#5173);
#5176=VERTEX_POINT('',#5174);
#5177=CARTESIAN_POINT('',(3.4E1,-8.255E0,5.5E1));
#5178=VERTEX_POINT('',#5177);
#5179=CARTESIAN_POINT('',(4.E1,-2.255E0,5.5E1));
#5180=VERTEX_POINT('',#5179);
#5181=CARTESIAN_POINT('',(-3.4E1,-8.255E0,2.5E1));
#5182=CARTESIAN_POINT('',(-4.E1,-2.255E0,2.5E1));
#5183=VERTEX_POINT('',#5181);
#5184=VERTEX_POINT('',#5182);
#5185=CARTESIAN_POINT('',(-4.E1,-2.255E0,5.5E1));
#5186=VERTEX_POINT('',#5185);
#5187=CARTESIAN_POINT('',(-3.4E1,-8.255E0,5.5E1));
#5188=VERTEX_POINT('',#5187);
#5189=CARTESIAN_POINT('',(-2.5E1,9.965E0,5.5E1));
#5190=VERTEX_POINT('',#5189);
#5191=CARTESIAN_POINT('',(1.987E1,1.4965E1,2.5E1));
#5192=CARTESIAN_POINT('',(1.987E1,9.965E0,2.5E1));
#5193=VERTEX_POINT('',#5191);
#5194=VERTEX_POINT('',#5192);
#5195=CARTESIAN_POINT('',(3.044972066508E1,9.965E0,2.5E1));
#5196=VERTEX_POINT('',#5195);
#5197=CARTESIAN_POINT('',(4.E1,9.965E0,5.5E1));
#5198=VERTEX_POINT('',#5197);
#5199=CARTESIAN_POINT('',(-4.E1,2.3965E1,5.5E1));
#5200=CARTESIAN_POINT('',(-2.5E1,2.3965E1,5.5E1));
#5201=VERTEX_POINT('',#5199);
#5202=VERTEX_POINT('',#5200);
#5203=CARTESIAN_POINT('',(-2.5E1,2.3965E1,2.5E1));
#5204=CARTESIAN_POINT('',(-4.E1,2.3965E1,2.5E1));
#5205=VERTEX_POINT('',#5203);
#5206=VERTEX_POINT('',#5204);
#5207=CARTESIAN_POINT('',(-2.5E1,1.4965E1,2.5E1));
#5208=CARTESIAN_POINT('',(-2.5E1,1.4965E1,5.5E1));
#5209=VERTEX_POINT('',#5207);
#5210=VERTEX_POINT('',#5208);
#5211=CARTESIAN_POINT('',(3.044972066508E1,1.7965E1,4.E1));
#5212=CARTESIAN_POINT('',(3.044972066508E1,2.9965E1,4.E1));
#5213=VERTEX_POINT('',#5211);
#5214=VERTEX_POINT('',#5212);
#5215=CARTESIAN_POINT('',(-2.5E1,2.3965E1,4.6E1));
#5216=VERTEX_POINT('',#5215);
#5217=CARTESIAN_POINT('',(-2.5E1,2.3965E1,3.4E1));
#5218=VERTEX_POINT('',#5217);
#5219=CARTESIAN_POINT('',(3.5E1,1.7965E1,4.E1));
#5220=VERTEX_POINT('',#5219);
#5221=CARTESIAN_POINT('',(3.5E1,2.9965E1,4.E1));
#5222=VERTEX_POINT('',#5221);
#5223=CARTESIAN_POINT('',(-3.011797048358E1,1.8965E1,2.978377274617E1));
#5224=CARTESIAN_POINT('',(-3.441797048358E1,1.8965E1,2.978377274617E1));
#5225=VERTEX_POINT('',#5223);
#5226=VERTEX_POINT('',#5224);
#5227=CARTESIAN_POINT('',(-3.011797048358E1,1.8965E1,5.021622725383E1));
#5228=CARTESIAN_POINT('',(-3.441797048358E1,1.8965E1,5.021622725383E1));
#5229=VERTEX_POINT('',#5227);
#5230=VERTEX_POINT('',#5228);
#5231=CARTESIAN_POINT('',(-3.011797048358E1,2.3965E1,2.978377274617E1));
#5232=CARTESIAN_POINT('',(-3.441797048358E1,2.3965E1,2.978377274617E1));
#5233=VERTEX_POINT('',#5231);
#5234=VERTEX_POINT('',#5232);
#5235=CARTESIAN_POINT('',(-3.011797048358E1,2.3965E1,5.021622725383E1));
#5236=CARTESIAN_POINT('',(-3.441797048358E1,2.3965E1,5.021622725383E1));
#5237=VERTEX_POINT('',#5235);
#5238=VERTEX_POINT('',#5236);
#5239=CARTESIAN_POINT('',(1.844972066508E1,2.7565E1,5.487517001052E1));
#5240=CARTESIAN_POINT('',(1.844972066508E1,2.7565E1,5.887517001052E1));
#5241=VERTEX_POINT('',#5239);
#5242=VERTEX_POINT('',#5240);
#5243=CARTESIAN_POINT('',(3.044972066508E1,9.965E0,6.358535893456E1));
#5244=CARTESIAN_POINT('',(4.E1,9.965E0,6.358535893456E1));
#5245=VERTEX_POINT('',#5243);
#5246=VERTEX_POINT('',#5244);
#5247=CARTESIAN_POINT('',(-1.96E1,1.4965E1,1.025E2));
#5248=CARTESIAN_POINT('',(-1.96E1,1.4965E1,1.045E2));
#5249=VERTEX_POINT('',#5247);
#5250=VERTEX_POINT('',#5248);
#5251=CARTESIAN_POINT('',(2.25E0,1.4965E1,1.045E2));
#5252=CARTESIAN_POINT('',(2.25E0,1.4965E1,1.025E2));
#5253=VERTEX_POINT('',#5251);
#5254=VERTEX_POINT('',#5252);
#5255=CARTESIAN_POINT('',(2.25E0,1.4965E1,6.25E1));
#5256=CARTESIAN_POINT('',(2.25E0,1.4965E1,6.05E1));
#5257=VERTEX_POINT('',#5255);
#5258=VERTEX_POINT('',#5256);
#5259=CARTESIAN_POINT('',(3.044972066508E1,3.3965E1,3.3E1));
#5260=CARTESIAN_POINT('',(3.044972066508E1,2.5965E1,2.5E1));
#5261=VERTEX_POINT('',#5259);
#5262=VERTEX_POINT('',#5260);
#5263=CARTESIAN_POINT('',(4.E1,2.5965E1,2.5E1));
#5264=VERTEX_POINT('',#5263);
#5265=CARTESIAN_POINT('',(4.E1,3.3965E1,3.3E1));
#5266=VERTEX_POINT('',#5265);
#5267=CARTESIAN_POINT('',(-1.879935154661E1,6.745E0,1.01E2));
#5268=CARTESIAN_POINT('',(-1.879935154661E1,6.745E0,5.203967979774E1));
#5269=VERTEX_POINT('',#5267);
#5270=VERTEX_POINT('',#5268);
#5271=CARTESIAN_POINT('',(1.879935154661E1,6.745E0,5.203967979774E1));
#5272=VERTEX_POINT('',#5271);
#5273=CARTESIAN_POINT('',(1.879935154661E1,6.745E0,1.01E2));
#5274=VERTEX_POINT('',#5273);
#5275=CARTESIAN_POINT('',(1.879935154661E1,-8.255E0,1.01E2));
#5276=CARTESIAN_POINT('',(-1.879935154661E1,-8.255E0,1.01E2));
#5277=VERTEX_POINT('',#5275);
#5278=VERTEX_POINT('',#5276);
#5279=CARTESIAN_POINT('',(-1.879935154661E1,-8.255E0,5.203967979774E1));
#5280=VERTEX_POINT('',#5279);
#5281=CARTESIAN_POINT('',(1.879935154661E1,-8.255E0,5.203967979774E1));
#5282=VERTEX_POINT('',#5281);
#5283=CARTESIAN_POINT('',(-1.681937966348E1,9.965E0,6.25E1));
#5284=CARTESIAN_POINT('',(-1.681937966348E1,9.965E0,1.01E2));
#5285=VERTEX_POINT('',#5283);
#5286=VERTEX_POINT('',#5284);
#5287=CARTESIAN_POINT('',(5.307818051879E0,9.965E0,1.01E2));
#5288=VERTEX_POINT('',#5287);
#5289=CARTESIAN_POINT('',(5.307818051879E0,9.965E0,6.25E1));
#5290=VERTEX_POINT('',#5289);
#5291=CARTESIAN_POINT('',(5.307818051879E0,6.745E0,6.25E1));
#5292=CARTESIAN_POINT('',(-1.681937966348E1,6.745E0,6.25E1));
#5293=VERTEX_POINT('',#5291);
#5294=VERTEX_POINT('',#5292);
#5295=CARTESIAN_POINT('',(-1.681937966348E1,6.745E0,1.01E2));
#5296=VERTEX_POINT('',#5295);
#5297=CARTESIAN_POINT('',(5.307818051879E0,6.745E0,1.01E2));
#5298=VERTEX_POINT('',#5297);
#5299=CARTESIAN_POINT('',(-1.244768648013E1,1.4965E1,1.045E2));
#5300=CARTESIAN_POINT('',(-1.244768648013E1,1.4965E1,1.025E2));
#5301=VERTEX_POINT('',#5299);
#5302=VERTEX_POINT('',#5300);
#5303=CARTESIAN_POINT('',(-1.244768648013E1,1.4965E1,6.25E1));
#5304=CARTESIAN_POINT('',(-1.244768648013E1,1.4965E1,6.05E1));
#5305=VERTEX_POINT('',#5303);
#5306=VERTEX_POINT('',#5304);
#5307=CARTESIAN_POINT('',(-1.383971653354E0,1.4965E1,1.045E2));
#5308=CARTESIAN_POINT('',(-1.383971653354E0,1.4965E1,1.025E2));
#5309=VERTEX_POINT('',#5307);
#5310=VERTEX_POINT('',#5308);
#5311=CARTESIAN_POINT('',(-1.383971653354E0,1.4965E1,6.25E1));
#5312=CARTESIAN_POINT('',(-1.383971653354E0,1.4965E1,6.05E1));
#5313=VERTEX_POINT('',#5311);
#5314=VERTEX_POINT('',#5312);
#5315=CARTESIAN_POINT('',(-1.244768648013E1,9.965E0,6.05E1));
#5316=VERTEX_POINT('',#5315);
#5317=CARTESIAN_POINT('',(-1.383971653354E0,9.965E0,6.05E1));
#5318=VERTEX_POINT('',#5317);
#5319=CARTESIAN_POINT('',(-1.244768648013E1,9.965E0,6.25E1));
#5320=VERTEX_POINT('',#5319);
#5321=CARTESIAN_POINT('',(-1.383971653354E0,9.965E0,6.25E1));
#5322=VERTEX_POINT('',#5321);
#5323=CARTESIAN_POINT('',(-1.244768648013E1,9.965E0,1.025E2));
#5324=VERTEX_POINT('',#5323);
#5325=CARTESIAN_POINT('',(-1.383971653354E0,9.965E0,1.025E2));
#5326=VERTEX_POINT('',#5325);
#5327=CARTESIAN_POINT('',(-1.244768648013E1,9.965E0,1.045E2));
#5328=VERTEX_POINT('',#5327);
#5329=CARTESIAN_POINT('',(-1.383971653354E0,9.965E0,1.045E2));
#5330=VERTEX_POINT('',#5329);
#5331=CARTESIAN_POINT('',(8.75E0,0.E0,1.02E2));
#5332=CARTESIAN_POINT('',(1.525E1,0.E0,1.02E2));
#5333=VERTEX_POINT('',#5331);
#5334=VERTEX_POINT('',#5332);
#5335=CARTESIAN_POINT('',(7.75E0,0.E0,1.01E2));
#5336=CARTESIAN_POINT('',(1.625E1,-1.080379996154E-14,1.01E2));
#5337=VERTEX_POINT('',#5335);
#5338=VERTEX_POINT('',#5336);
#5339=CARTESIAN_POINT('',(2.25E0,0.E0,1.02E2));
#5340=CARTESIAN_POINT('',(-2.25E0,0.E0,1.02E2));
#5341=VERTEX_POINT('',#5339);
#5342=VERTEX_POINT('',#5340);
#5343=CARTESIAN_POINT('',(3.25E0,0.E0,1.01E2));
#5344=CARTESIAN_POINT('',(-3.25E0,0.E0,1.01E2));
#5345=VERTEX_POINT('',#5343);
#5346=VERTEX_POINT('',#5344);
#5347=CARTESIAN_POINT('',(-1.025E1,0.E0,1.02E2));
#5348=CARTESIAN_POINT('',(-1.375E1,0.E0,1.02E2));
#5349=VERTEX_POINT('',#5347);
#5350=VERTEX_POINT('',#5348);
#5351=CARTESIAN_POINT('',(-9.25E0,0.E0,1.01E2));
#5352=CARTESIAN_POINT('',(-1.475E1,0.E0,1.01E2));
#5353=VERTEX_POINT('',#5351);
#5354=VERTEX_POINT('',#5352);
#5355=CARTESIAN_POINT('',(-1.025E1,0.E0,5.103967979774E1));
#5356=CARTESIAN_POINT('',(-1.375E1,0.E0,5.103967979774E1));
#5357=VERTEX_POINT('',#5355);
#5358=VERTEX_POINT('',#5356);
#5359=CARTESIAN_POINT('',(-9.25E0,0.E0,5.203967979774E1));
#5360=CARTESIAN_POINT('',(-1.475E1,0.E0,5.203967979774E1));
#5361=VERTEX_POINT('',#5359);
#5362=VERTEX_POINT('',#5360);
#5363=CARTESIAN_POINT('',(-2.25E0,0.E0,5.103967979774E1));
#5364=CARTESIAN_POINT('',(2.25E0,0.E0,5.103967979774E1));
#5365=VERTEX_POINT('',#5363);
#5366=VERTEX_POINT('',#5364);
#5367=CARTESIAN_POINT('',(-3.25E0,0.E0,5.203967979774E1));
#5368=CARTESIAN_POINT('',(3.25E0,0.E0,5.203967979774E1));
#5369=VERTEX_POINT('',#5367);
#5370=VERTEX_POINT('',#5368);
#5371=CARTESIAN_POINT('',(8.75E0,0.E0,5.103967979774E1));
#5372=CARTESIAN_POINT('',(1.525E1,0.E0,5.103967979774E1));
#5373=VERTEX_POINT('',#5371);
#5374=VERTEX_POINT('',#5372);
#5375=CARTESIAN_POINT('',(7.75E0,0.E0,5.203967979774E1));
#5376=CARTESIAN_POINT('',(1.625E1,0.E0,5.203967979774E1));
#5377=VERTEX_POINT('',#5375);
#5378=VERTEX_POINT('',#5376);
#5379=CARTESIAN_POINT('',(3.851797048358E1,0.E0,9.1E1));
#5380=CARTESIAN_POINT('',(2.601797048358E1,0.E0,9.1E1));
#5381=VERTEX_POINT('',#5379);
#5382=VERTEX_POINT('',#5380);
#5383=CARTESIAN_POINT('',(3.751797048358E1,0.E0,9.2E1));
#5384=CARTESIAN_POINT('',(2.701797048358E1,0.E0,9.2E1));
#5385=VERTEX_POINT('',#5383);
#5386=VERTEX_POINT('',#5384);
#5387=CARTESIAN_POINT('',(-2.601797048358E1,0.E0,9.1E1));
#5388=CARTESIAN_POINT('',(-3.851797048358E1,0.E0,9.1E1));
#5389=VERTEX_POINT('',#5387);
#5390=VERTEX_POINT('',#5388);
#5391=CARTESIAN_POINT('',(-2.701797048358E1,0.E0,9.2E1));
#5392=CARTESIAN_POINT('',(-3.751797048358E1,0.E0,9.2E1));
#5393=VERTEX_POINT('',#5391);
#5394=VERTEX_POINT('',#5392);
#5395=CARTESIAN_POINT('',(-3.851797048358E1,0.E0,1.11E2));
#5396=CARTESIAN_POINT('',(-2.601797048358E1,0.E0,1.11E2));
#5397=VERTEX_POINT('',#5395);
#5398=VERTEX_POINT('',#5396);
#5399=CARTESIAN_POINT('',(-3.751797048358E1,0.E0,1.1E2));
#5400=CARTESIAN_POINT('',(-2.701797048358E1,0.E0,1.1E2));
#5401=VERTEX_POINT('',#5399);
#5402=VERTEX_POINT('',#5400);
#5403=CARTESIAN_POINT('',(3.851797048358E1,0.E0,1.11E2));
#5404=CARTESIAN_POINT('',(2.601797048358E1,0.E0,1.11E2));
#5405=VERTEX_POINT('',#5403);
#5406=VERTEX_POINT('',#5404);
#5407=CARTESIAN_POINT('',(3.751797048358E1,0.E0,1.1E2));
#5408=CARTESIAN_POINT('',(2.701797048358E1,0.E0,1.1E2));
#5409=VERTEX_POINT('',#5407);
#5410=VERTEX_POINT('',#5408);
#5411=CARTESIAN_POINT('',(-3.851797048358E1,0.E0,5.5E1));
#5412=CARTESIAN_POINT('',(-2.601797048358E1,0.E0,5.5E1));
#5413=VERTEX_POINT('',#5411);
#5414=VERTEX_POINT('',#5412);
#5415=CARTESIAN_POINT('',(-3.751797048358E1,0.E0,5.4E1));
#5416=CARTESIAN_POINT('',(-2.701797048358E1,0.E0,5.4E1));
#5417=VERTEX_POINT('',#5415);
#5418=VERTEX_POINT('',#5416);
#5419=CARTESIAN_POINT('',(2.601797048358E1,0.E0,5.5E1));
#5420=CARTESIAN_POINT('',(3.851797048358E1,0.E0,5.5E1));
#5421=VERTEX_POINT('',#5419);
#5422=VERTEX_POINT('',#5420);
#5423=CARTESIAN_POINT('',(2.701797048358E1,0.E0,5.4E1));
#5424=CARTESIAN_POINT('',(3.751797048358E1,0.E0,5.4E1));
#5425=VERTEX_POINT('',#5423);
#5426=VERTEX_POINT('',#5424);
#5427=CARTESIAN_POINT('',(-2.601797048358E1,0.E0,2.5E1));
#5428=CARTESIAN_POINT('',(-3.851797048358E1,0.E0,2.5E1));
#5429=VERTEX_POINT('',#5427);
#5430=VERTEX_POINT('',#5428);
#5431=CARTESIAN_POINT('',(-2.701797048358E1,0.E0,2.6E1));
#5432=CARTESIAN_POINT('',(-3.751797048358E1,0.E0,2.6E1));
#5433=VERTEX_POINT('',#5431);
#5434=VERTEX_POINT('',#5432);
#5435=CARTESIAN_POINT('',(3.851797048358E1,0.E0,2.5E1));
#5436=CARTESIAN_POINT('',(2.601797048358E1,0.E0,2.5E1));
#5437=VERTEX_POINT('',#5435);
#5438=VERTEX_POINT('',#5436);
#5439=CARTESIAN_POINT('',(3.751797048358E1,0.E0,2.6E1));
#5440=CARTESIAN_POINT('',(2.701797048358E1,0.E0,2.6E1));
#5441=VERTEX_POINT('',#5439);
#5442=VERTEX_POINT('',#5440);
#5443=CARTESIAN_POINT('',(-1.375E1,0.E0,2.6E1));
#5444=CARTESIAN_POINT('',(-1.025E1,0.E0,2.6E1));
#5445=VERTEX_POINT('',#5443);
#5446=VERTEX_POINT('',#5444);
#5447=CARTESIAN_POINT('',(-1.475E1,0.E0,2.5E1));
#5448=CARTESIAN_POINT('',(-9.25E0,0.E0,2.5E1));
#5449=VERTEX_POINT('',#5447);
#5450=VERTEX_POINT('',#5448);
#5451=CARTESIAN_POINT('',(-2.25E0,0.E0,2.6E1));
#5452=CARTESIAN_POINT('',(2.25E0,0.E0,2.6E1));
#5453=VERTEX_POINT('',#5451);
#5454=VERTEX_POINT('',#5452);
#5455=CARTESIAN_POINT('',(-3.25E0,0.E0,2.5E1));
#5456=CARTESIAN_POINT('',(3.25E0,0.E0,2.5E1));
#5457=VERTEX_POINT('',#5455);
#5458=VERTEX_POINT('',#5456);
#5459=CARTESIAN_POINT('',(8.75E0,0.E0,2.6E1));
#5460=CARTESIAN_POINT('',(1.525E1,0.E0,2.6E1));
#5461=VERTEX_POINT('',#5459);
#5462=VERTEX_POINT('',#5460);
#5463=CARTESIAN_POINT('',(7.75E0,0.E0,2.5E1));
#5464=CARTESIAN_POINT('',(1.625E1,0.E0,2.5E1));
#5465=VERTEX_POINT('',#5463);
#5466=VERTEX_POINT('',#5464);
#5467=CARTESIAN_POINT('',(-1.475E1,0.E0,1.11E2));
#5468=CARTESIAN_POINT('',(-9.25E0,0.E0,1.11E2));
#5469=VERTEX_POINT('',#5467);
#5470=VERTEX_POINT('',#5468);
#5471=CARTESIAN_POINT('',(-1.375E1,0.E0,1.1E2));
#5472=CARTESIAN_POINT('',(-1.025E1,0.E0,1.1E2));
#5473=VERTEX_POINT('',#5471);
#5474=VERTEX_POINT('',#5472);
#5475=CARTESIAN_POINT('',(-3.25E0,0.E0,1.11E2));
#5476=CARTESIAN_POINT('',(3.25E0,0.E0,1.11E2));
#5477=VERTEX_POINT('',#5475);
#5478=VERTEX_POINT('',#5476);
#5479=CARTESIAN_POINT('',(-2.25E0,0.E0,1.1E2));
#5480=CARTESIAN_POINT('',(2.25E0,0.E0,1.1E2));
#5481=VERTEX_POINT('',#5479);
#5482=VERTEX_POINT('',#5480);
#5483=CARTESIAN_POINT('',(7.75E0,0.E0,1.11E2));
#5484=CARTESIAN_POINT('',(1.625E1,0.E0,1.11E2));
#5485=VERTEX_POINT('',#5483);
#5486=VERTEX_POINT('',#5484);
#5487=CARTESIAN_POINT('',(8.75E0,0.E0,1.1E2));
#5488=CARTESIAN_POINT('',(1.525E1,0.E0,1.1E2));
#5489=VERTEX_POINT('',#5487);
#5490=VERTEX_POINT('',#5488);
#5491=CARTESIAN_POINT('',(4.E1,2.993492462264E1,4.06E1));
#5492=CARTESIAN_POINT('',(4.E1,2.766668880378E1,4.06E1));
#5493=VERTEX_POINT('',#5491);
#5494=VERTEX_POINT('',#5492);
#5495=CARTESIAN_POINT('',(4.E1,2.026331119622E1,4.06E1));
#5496=CARTESIAN_POINT('',(4.E1,1.799507537736E1,4.06E1));
#5497=VERTEX_POINT('',#5495);
#5498=VERTEX_POINT('',#5496);
#5499=CARTESIAN_POINT('',(4.E1,1.799507537736E1,3.94E1));
#5500=VERTEX_POINT('',#5499);
#5501=CARTESIAN_POINT('',(4.E1,2.026331119622E1,3.94E1));
#5502=VERTEX_POINT('',#5501);
#5503=CARTESIAN_POINT('',(4.E1,2.766668880378E1,3.94E1));
#5504=CARTESIAN_POINT('',(4.E1,2.993492462264E1,3.94E1));
#5505=VERTEX_POINT('',#5503);
#5506=VERTEX_POINT('',#5504);
#5507=CARTESIAN_POINT('',(3.5E1,2.993492462264E1,4.06E1));
#5508=CARTESIAN_POINT('',(3.5E1,2.766668880378E1,4.06E1));
#5509=VERTEX_POINT('',#5507);
#5510=VERTEX_POINT('',#5508);
#5511=CARTESIAN_POINT('',(3.5E1,2.026331119622E1,4.06E1));
#5512=CARTESIAN_POINT('',(3.5E1,1.799507537736E1,4.06E1));
#5513=VERTEX_POINT('',#5511);
#5514=VERTEX_POINT('',#5512);
#5515=CARTESIAN_POINT('',(3.5E1,1.799507537736E1,3.94E1));
#5516=VERTEX_POINT('',#5515);
#5517=CARTESIAN_POINT('',(3.5E1,2.026331119622E1,3.94E1));
#5518=VERTEX_POINT('',#5517);
#5519=CARTESIAN_POINT('',(3.5E1,2.766668880378E1,3.94E1));
#5520=CARTESIAN_POINT('',(3.5E1,2.993492462264E1,3.94E1));
#5521=VERTEX_POINT('',#5519);
#5522=VERTEX_POINT('',#5520);
#5523=CARTESIAN_POINT('',(-2.95E1,2.3965E1,3.55E1));
#5524=CARTESIAN_POINT('',(-2.95E1,2.3965E1,4.45E1));
#5525=VERTEX_POINT('',#5523);
#5526=VERTEX_POINT('',#5524);
#5527=CARTESIAN_POINT('',(-3.5E1,2.3965E1,4.45E1));
#5528=CARTESIAN_POINT('',(-3.5E1,2.3965E1,3.55E1));
#5529=VERTEX_POINT('',#5527);
#5530=VERTEX_POINT('',#5528);
#5531=CARTESIAN_POINT('',(-2.95E1,2.3965E1,4.6E1));
#5532=CARTESIAN_POINT('',(-2.95E1,2.3965E1,3.4E1));
#5533=VERTEX_POINT('',#5531);
#5534=VERTEX_POINT('',#5532);
#5535=CARTESIAN_POINT('',(9.950636103758E0,2.3065E1,5.75E1));
#5536=CARTESIAN_POINT('',(9.950636103758E0,2.6865E1,5.75E1));
#5537=VERTEX_POINT('',#5535);
#5538=VERTEX_POINT('',#5536);
#5539=CARTESIAN_POINT('',(9.950636103758E0,1.3065E1,5.75E1));
#5540=CARTESIAN_POINT('',(9.950636103758E0,1.6865E1,5.75E1));
#5541=VERTEX_POINT('',#5539);
#5542=VERTEX_POINT('',#5540);
#5543=CARTESIAN_POINT('',(9.950636103758E0,2.3065E1,1.075E2));
#5544=CARTESIAN_POINT('',(9.950636103758E0,2.6865E1,1.075E2));
#5545=VERTEX_POINT('',#5543);
#5546=VERTEX_POINT('',#5544);
#5547=CARTESIAN_POINT('',(9.950636103758E0,1.3065E1,1.075E2));
#5548=CARTESIAN_POINT('',(9.950636103758E0,1.6865E1,1.075E2));
#5549=VERTEX_POINT('',#5547);
#5550=VERTEX_POINT('',#5548);
#5551=CARTESIAN_POINT('',(9.950636103758E0,1.4965E1,5.5E1));
#5552=CARTESIAN_POINT('',(9.950636103758E0,1.4965E1,5.447262078293E1));
#5553=VERTEX_POINT('',#5551);
#5554=VERTEX_POINT('',#5552);
#5555=CARTESIAN_POINT('',(9.950636103758E0,9.965E0,5.5E1));
#5556=VERTEX_POINT('',#5555);
#5557=CARTESIAN_POINT('',(8.365636103758E0,2.4965E1,5.94E1));
#5558=CARTESIAN_POINT('',(8.365636103758E0,2.3065E1,5.75E1));
#5559=VERTEX_POINT('',#5557);
#5560=VERTEX_POINT('',#5558);
#5561=CARTESIAN_POINT('',(8.365636103758E0,2.4965E1,5.56E1));
#5562=CARTESIAN_POINT('',(8.365636103758E0,2.6865E1,5.75E1));
#5563=VERTEX_POINT('',#5561);
#5564=VERTEX_POINT('',#5562);
#5565=CARTESIAN_POINT('',(8.365636103758E0,1.4965E1,5.94E1));
#5566=CARTESIAN_POINT('',(8.365636103758E0,1.3065E1,5.75E1));
#5567=VERTEX_POINT('',#5565);
#5568=VERTEX_POINT('',#5566);
#5569=CARTESIAN_POINT('',(8.365636103758E0,1.4965E1,5.56E1));
#5570=CARTESIAN_POINT('',(8.365636103758E0,1.6865E1,5.75E1));
#5571=VERTEX_POINT('',#5569);
#5572=VERTEX_POINT('',#5570);
#5573=CARTESIAN_POINT('',(8.365636103758E0,2.4965E1,1.094E2));
#5574=CARTESIAN_POINT('',(8.365636103758E0,2.3065E1,1.075E2));
#5575=VERTEX_POINT('',#5573);
#5576=VERTEX_POINT('',#5574);
#5577=CARTESIAN_POINT('',(8.365636103758E0,2.4965E1,1.056E2));
#5578=CARTESIAN_POINT('',(8.365636103758E0,2.6865E1,1.075E2));
#5579=VERTEX_POINT('',#5577);
#5580=VERTEX_POINT('',#5578);
#5581=CARTESIAN_POINT('',(8.365636103758E0,1.4965E1,1.094E2));
#5582=CARTESIAN_POINT('',(8.365636103758E0,1.3065E1,1.075E2));
#5583=VERTEX_POINT('',#5581);
#5584=VERTEX_POINT('',#5582);
#5585=CARTESIAN_POINT('',(8.365636103758E0,1.4965E1,1.056E2));
#5586=CARTESIAN_POINT('',(8.365636103758E0,1.6865E1,1.075E2));
#5587=VERTEX_POINT('',#5585);
#5588=VERTEX_POINT('',#5586);
#5589=CARTESIAN_POINT('',(9.950636103758E0,9.965E0,1.11E2));
#5590=CARTESIAN_POINT('',(9.950636103758E0,9.965E0,1.025E2));
#5591=VERTEX_POINT('',#5589);
#5592=VERTEX_POINT('',#5590);
#5593=CARTESIAN_POINT('',(9.950636103758E0,9.965E0,6.25E1));
#5594=VERTEX_POINT('',#5593);
#5595=CARTESIAN_POINT('',(9.950636103758E0,2.9965E1,6.25E1));
#5596=VERTEX_POINT('',#5595);
#5597=CARTESIAN_POINT('',(9.950636103758E0,2.9965E1,1.025E2));
#5598=VERTEX_POINT('',#5597);
#5599=CARTESIAN_POINT('',(6.445636103758E0,9.965E0,6.05E1));
#5600=CARTESIAN_POINT('',(6.445636103758E0,9.965E0,5.447262078293E1));
#5601=VERTEX_POINT('',#5599);
#5602=VERTEX_POINT('',#5600);
#5603=CARTESIAN_POINT('',(6.445636103758E0,2.4965E1,1.056E2));
#5604=CARTESIAN_POINT('',(6.445636103758E0,2.4965E1,1.094E2));
#5605=VERTEX_POINT('',#5603);
#5606=VERTEX_POINT('',#5604);
#5607=CARTESIAN_POINT('',(6.445636103758E0,1.4965E1,1.056E2));
#5608=CARTESIAN_POINT('',(6.445636103758E0,1.4965E1,1.094E2));
#5609=VERTEX_POINT('',#5607);
#5610=VERTEX_POINT('',#5608);
#5611=CARTESIAN_POINT('',(6.445636103758E0,1.4965E1,5.56E1));
#5612=CARTESIAN_POINT('',(6.445636103758E0,1.4965E1,5.94E1));
#5613=VERTEX_POINT('',#5611);
#5614=VERTEX_POINT('',#5612);
#5615=CARTESIAN_POINT('',(6.445636103758E0,2.4965E1,5.56E1));
#5616=CARTESIAN_POINT('',(6.445636103758E0,2.4965E1,5.94E1));
#5617=VERTEX_POINT('',#5615);
#5618=VERTEX_POINT('',#5616);
#5619=CARTESIAN_POINT('',(1.186803351655E0,9.965E0,5.5E1));
#5620=VERTEX_POINT('',#5619);
#5621=CARTESIAN_POINT('',(1.186803351655E0,1.4965E1,5.5E1));
#5622=VERTEX_POINT('',#5621);
#5623=CARTESIAN_POINT('',(6.445636103758E0,1.4965E1,5.447262078293E1));
#5624=VERTEX_POINT('',#5623);
#5625=CARTESIAN_POINT('',(6.445636103758E0,9.965E0,1.11E2));
#5626=CARTESIAN_POINT('',(6.445636103758E0,9.965E0,1.045E2));
#5627=VERTEX_POINT('',#5625);
#5628=VERTEX_POINT('',#5626);
#5629=CARTESIAN_POINT('',(6.445636103758E0,2.9965E1,6.05E1));
#5630=VERTEX_POINT('',#5629);
#5631=CARTESIAN_POINT('',(6.445636103758E0,2.9965E1,1.045E2));
#5632=VERTEX_POINT('',#5631);
#5633=CARTESIAN_POINT('',(1.186803351655E0,1.4965E1,5.447262078293E1));
#5634=VERTEX_POINT('',#5633);
#5635=CARTESIAN_POINT('',(1.186803351655E0,9.965E0,5.447262078293E1));
#5636=VERTEX_POINT('',#5635);
#5637=CARTESIAN_POINT('',(9.950636103758E0,2.8965E1,5.447262078293E1));
#5638=CARTESIAN_POINT('',(9.950636103758E0,2.9965E1,5.547262078293E1));
#5639=VERTEX_POINT('',#5637);
#5640=VERTEX_POINT('',#5638);
#5641=CARTESIAN_POINT('',(6.445636103758E0,2.9965E1,5.547262078293E1));
#5642=VERTEX_POINT('',#5641);
#5643=CARTESIAN_POINT('',(6.445636103758E0,2.8965E1,5.447262078293E1));
#5644=VERTEX_POINT('',#5643);
#5645=CARTESIAN_POINT('',(6.445636103758E0,2.8965E1,1.11E2));
#5646=CARTESIAN_POINT('',(6.445636103758E0,2.9965E1,1.1E2));
#5647=VERTEX_POINT('',#5645);
#5648=VERTEX_POINT('',#5646);
#5649=CARTESIAN_POINT('',(9.950636103758E0,2.9965E1,1.1E2));
#5650=VERTEX_POINT('',#5649);
#5651=CARTESIAN_POINT('',(9.950636103758E0,2.8965E1,1.11E2));
#5652=VERTEX_POINT('',#5651);
#5653=CARTESIAN_POINT('',(3.25E0,2.9965E1,1.045E2));
#5654=CARTESIAN_POINT('',(2.25E0,2.8965E1,1.045E2));
#5655=VERTEX_POINT('',#5653);
#5656=VERTEX_POINT('',#5654);
#5657=CARTESIAN_POINT('',(2.25E0,2.8965E1,1.025E2));
#5658=VERTEX_POINT('',#5657);
#5659=CARTESIAN_POINT('',(3.25E0,2.9965E1,1.025E2));
#5660=VERTEX_POINT('',#5659);
#5661=CARTESIAN_POINT('',(3.25E0,2.9965E1,6.25E1));
#5662=CARTESIAN_POINT('',(2.25E0,2.8965E1,6.25E1));
#5663=VERTEX_POINT('',#5661);
#5664=VERTEX_POINT('',#5662);
#5665=CARTESIAN_POINT('',(2.25E0,2.8965E1,6.05E1));
#5666=VERTEX_POINT('',#5665);
#5667=CARTESIAN_POINT('',(3.25E0,2.9965E1,6.05E1));
#5668=VERTEX_POINT('',#5667);
#5669=CARTESIAN_POINT('',(-1.879935154661E1,-8.255E0,2.5E1));
#5670=CARTESIAN_POINT('',(-1.879935154661E1,-4.426780592232E0,2.5E1));
#5671=VERTEX_POINT('',#5669);
#5672=VERTEX_POINT('',#5670);
#5673=CARTESIAN_POINT('',(1.879935154661E1,-4.426780592232E0,2.5E1));
#5674=VERTEX_POINT('',#5673);
#5675=CARTESIAN_POINT('',(1.879935154661E1,-8.255E0,2.5E1));
#5676=VERTEX_POINT('',#5675);
#5677=CARTESIAN_POINT('',(1.E1,-1.2755E1,2.18E0));
#5678=CARTESIAN_POINT('',(-1.E1,-1.2755E1,2.18E0));
#5679=VERTEX_POINT('',#5677);
#5680=VERTEX_POINT('',#5678);
#5681=CARTESIAN_POINT('',(-1.028042166525E1,-1.2755E1,1.118728346963E1));
#5682=CARTESIAN_POINT('',(-1.428042166525E1,-1.2755E1,1.118728346963E1));
#5683=VERTEX_POINT('',#5681);
#5684=VERTEX_POINT('',#5682);
#5685=CARTESIAN_POINT('',(1.428042166525E1,-1.2755E1,1.118728346963E1));
#5686=CARTESIAN_POINT('',(1.028042166525E1,-1.2755E1,1.118728346963E1));
#5687=VERTEX_POINT('',#5685);
#5688=VERTEX_POINT('',#5686);
#5689=CARTESIAN_POINT('',(1.428042166525E1,-1.2755E1,-6.734288485834E0));
#5690=CARTESIAN_POINT('',(1.028042166525E1,-1.2755E1,-6.734288485834E0));
#5691=VERTEX_POINT('',#5689);
#5692=VERTEX_POINT('',#5690);
#5693=CARTESIAN_POINT('',(-1.028042166525E1,-1.2755E1,-6.734288485834E0));
#5694=CARTESIAN_POINT('',(-1.428042166525E1,-1.2755E1,-6.734288485834E0));
#5695=VERTEX_POINT('',#5693);
#5696=VERTEX_POINT('',#5694);
#5697=CARTESIAN_POINT('',(1.879935154661E1,-1.2755E1,1.5E1));
#5698=CARTESIAN_POINT('',(-1.879935154661E1,-1.2755E1,1.5E1));
#5699=VERTEX_POINT('',#5697);
#5700=VERTEX_POINT('',#5698);
#5701=CARTESIAN_POINT('',(-1.428042166525E1,-8.255E0,1.118728346963E1));
#5702=CARTESIAN_POINT('',(-1.028042166525E1,-8.255E0,1.118728346963E1));
#5703=VERTEX_POINT('',#5701);
#5704=VERTEX_POINT('',#5702);
#5705=CARTESIAN_POINT('',(1.028042166525E1,-8.255E0,1.118728346963E1));
#5706=CARTESIAN_POINT('',(1.428042166525E1,-8.255E0,1.118728346963E1));
#5707=VERTEX_POINT('',#5705);
#5708=VERTEX_POINT('',#5706);
#5709=CARTESIAN_POINT('',(1.028042166525E1,-8.255E0,-6.734288485834E0));
#5710=CARTESIAN_POINT('',(1.428042166525E1,-8.255E0,-6.734288485834E0));
#5711=VERTEX_POINT('',#5709);
#5712=VERTEX_POINT('',#5710);
#5713=CARTESIAN_POINT('',(-1.428042166525E1,-8.255E0,-6.734288485834E0));
#5714=CARTESIAN_POINT('',(-1.028042166525E1,-8.255E0,-6.734288485834E0));
#5715=VERTEX_POINT('',#5713);
#5716=VERTEX_POINT('',#5714);
#5717=CARTESIAN_POINT('',(1.879935154661E1,-8.255E0,1.5E1));
#5718=CARTESIAN_POINT('',(-1.879935154661E1,-8.255E0,1.5E1));
#5719=VERTEX_POINT('',#5717);
#5720=VERTEX_POINT('',#5718);
#5721=CARTESIAN_POINT('',(-1.879935154661E1,-1.2755E1,-1.2E1));
#5722=CARTESIAN_POINT('',(-1.879935154661E1,-4.426780592232E0,-1.2E1));
#5723=VERTEX_POINT('',#5721);
#5724=VERTEX_POINT('',#5722);
#5725=CARTESIAN_POINT('',(1.879935154661E1,-4.426780592232E0,-1.2E1));
#5726=VERTEX_POINT('',#5725);
#5727=CARTESIAN_POINT('',(1.879935154661E1,-1.2755E1,-1.2E1));
#5728=VERTEX_POINT('',#5727);
#5729=CARTESIAN_POINT('',(1.E1,-6.755E0,2.18E0));
#5730=CARTESIAN_POINT('',(-1.E1,-6.755E0,2.18E0));
#5731=VERTEX_POINT('',#5729);
#5732=VERTEX_POINT('',#5730);
#5733=CARTESIAN_POINT('',(-2.090968983174E1,1.4965E1,6.05E1));
#5734=CARTESIAN_POINT('',(-2.090968983174E1,1.4965E1,6.25E1));
#5735=VERTEX_POINT('',#5733);
#5736=VERTEX_POINT('',#5734);
#5737=CARTESIAN_POINT('',(-2.090968983174E1,9.965E0,6.05E1));
#5738=VERTEX_POINT('',#5737);
#5739=CARTESIAN_POINT('',(-2.090968983174E1,9.965E0,6.25E1));
#5740=VERTEX_POINT('',#5739);
#5741=CARTESIAN_POINT('',(2.334972066508E1,2.7565E1,5.887517001052E1));
#5742=CARTESIAN_POINT('',(2.334972066508E1,2.7565E1,5.487517001052E1));
#5743=VERTEX_POINT('',#5741);
#5744=VERTEX_POINT('',#5742);
#5745=CARTESIAN_POINT('',(2.334972066508E1,2.7565E1,5.387517001052E1));
#5746=CARTESIAN_POINT('',(2.334972066508E1,2.7565E1,5.987517001052E1));
#5747=VERTEX_POINT('',#5745);
#5748=VERTEX_POINT('',#5746);
#5749=CARTESIAN_POINT('',(2.344972066508E1,2.7565E1,5.987517001052E1));
#5750=CARTESIAN_POINT('',(2.344972066508E1,2.7565E1,5.387517001052E1));
#5751=VERTEX_POINT('',#5749);
#5752=VERTEX_POINT('',#5750);
#5753=CARTESIAN_POINT('',(2.394972066508E1,2.7565E1,6.037517001052E1));
#5754=CARTESIAN_POINT('',(2.394972066508E1,2.7565E1,5.337517001052E1));
#5755=VERTEX_POINT('',#5753);
#5756=VERTEX_POINT('',#5754);
#5757=CARTESIAN_POINT('',(3.044972066508E1,9.965E0,5.087517001052E1));
#5758=CARTESIAN_POINT('',(3.044972066508E1,2.7565E1,5.087517001052E1));
#5759=VERTEX_POINT('',#5757);
#5760=VERTEX_POINT('',#5758);
#5761=CARTESIAN_POINT('',(3.044972066508E1,9.965E0,6.287517001052E1));
#5762=CARTESIAN_POINT('',(3.044972066508E1,2.7565E1,6.287517001052E1));
#5763=VERTEX_POINT('',#5761);
#5764=VERTEX_POINT('',#5762);
#5765=CARTESIAN_POINT('',(2.394972066508E1,2.7565E1,6.287517001052E1));
#5766=VERTEX_POINT('',#5765);
#5767=CARTESIAN_POINT('',(2.394972066508E1,2.7565E1,5.087517001052E1));
#5768=VERTEX_POINT('',#5767);
#5769=CARTESIAN_POINT('',(4.E1,3.3965E1,5.558535893456E1));
#5770=CARTESIAN_POINT('',(4.E1,2.5965E1,6.358535893456E1));
#5771=VERTEX_POINT('',#5769);
#5772=VERTEX_POINT('',#5770);
#5773=CARTESIAN_POINT('',(3.044972066508E1,2.5965E1,6.358535893456E1));
#5774=VERTEX_POINT('',#5773);
#5775=CARTESIAN_POINT('',(3.044972066508E1,3.106861399313E1,6.174596963554E1));
#5776=VERTEX_POINT('',#5775);
#5777=CARTESIAN_POINT('',(3.044972066508E1,3.306841939723E1,5.926522752828E1));
#5778=CARTESIAN_POINT('',(3.044972066508E1,3.3965E1,5.558535893456E1));
#5779=VERTEX_POINT('',#5777);
#5780=VERTEX_POINT('',#5778);
#5781=CARTESIAN_POINT('',(2.7E1,9.965E0,5.5E1));
#5782=CARTESIAN_POINT('',(2.5E1,7.965E0,5.5E1));
#5783=VERTEX_POINT('',#5781);
#5784=VERTEX_POINT('',#5782);
#5785=CARTESIAN_POINT('',(2.5E1,7.965E0,6.287517001052E1));
#5786=VERTEX_POINT('',#5785);
#5787=CARTESIAN_POINT('',(2.7E1,9.965E0,6.287517001052E1));
#5788=VERTEX_POINT('',#5787);
#5789=CARTESIAN_POINT('',(2.5E1,9.965E0,6.287517001052E1));
#5790=VERTEX_POINT('',#5789);
#5791=CARTESIAN_POINT('',(2.194972066508E1,9.965E0,5.087517001052E1));
#5792=CARTESIAN_POINT('',(2.194972066508E1,9.965E0,6.287517001052E1));
#5793=VERTEX_POINT('',#5791);
#5794=VERTEX_POINT('',#5792);
#5795=CARTESIAN_POINT('',(2.394972066508E1,1.1965E1,5.087517001052E1));
#5796=CARTESIAN_POINT('',(2.394972066508E1,1.1965E1,6.287517001052E1));
#5797=VERTEX_POINT('',#5795);
#5798=VERTEX_POINT('',#5796);
#5799=CARTESIAN_POINT('',(0.E0,0.E0,1.11E2));
#5800=DIRECTION('',(0.E0,0.E0,1.E0));
#5801=DIRECTION('',(1.E0,0.E0,0.E0));
#5802=AXIS2_PLACEMENT_3D('',#5799,#5800,#5801);
#5803=PLANE('',#5802);
#5805=ORIENTED_EDGE('',*,*,#5804,.F.);
#5807=ORIENTED_EDGE('',*,*,#5806,.T.);
#5809=ORIENTED_EDGE('',*,*,#5808,.F.);
#5811=ORIENTED_EDGE('',*,*,#5810,.F.);
#5813=ORIENTED_EDGE('',*,*,#5812,.F.);
#5815=ORIENTED_EDGE('',*,*,#5814,.F.);
#5817=ORIENTED_EDGE('',*,*,#5816,.F.);
#5819=ORIENTED_EDGE('',*,*,#5818,.F.);
#5821=ORIENTED_EDGE('',*,*,#5820,.F.);
#5823=ORIENTED_EDGE('',*,*,#5822,.F.);
#5825=ORIENTED_EDGE('',*,*,#5824,.F.);
#5827=ORIENTED_EDGE('',*,*,#5826,.F.);
#5828=EDGE_LOOP('',(#5805,#5807,#5809,#5811,#5813,#5815,#5817,#5819,#5821,#5823,
#5825,#5827));
#5829=FACE_OUTER_BOUND('',#5828,.F.);
#5831=ORIENTED_EDGE('',*,*,#5830,.F.);
#5833=ORIENTED_EDGE('',*,*,#5832,.F.);
#5834=EDGE_LOOP('',(#5831,#5833));
#5835=FACE_BOUND('',#5834,.F.);
#5837=ORIENTED_EDGE('',*,*,#5836,.F.);
#5839=ORIENTED_EDGE('',*,*,#5838,.F.);
#5840=EDGE_LOOP('',(#5837,#5839));
#5841=FACE_BOUND('',#5840,.F.);
#5843=ORIENTED_EDGE('',*,*,#5842,.F.);
#5845=ORIENTED_EDGE('',*,*,#5844,.F.);
#5846=EDGE_LOOP('',(#5843,#5845));
#5847=FACE_BOUND('',#5846,.F.);
#5849=ORIENTED_EDGE('',*,*,#5848,.F.);
#5851=ORIENTED_EDGE('',*,*,#5850,.F.);
#5852=EDGE_LOOP('',(#5849,#5851));
#5853=FACE_BOUND('',#5852,.F.);
#5855=ORIENTED_EDGE('',*,*,#5854,.F.);
#5857=ORIENTED_EDGE('',*,*,#5856,.F.);
#5858=EDGE_LOOP('',(#5855,#5857));
#5859=FACE_BOUND('',#5858,.F.);
#5861=CARTESIAN_POINT('',(-3.226797048358E1,0.E0,1.1E2));
#5862=DIRECTION('',(0.E0,0.E0,1.E0));
#5863=DIRECTION('',(-9.982259525319E-1,-5.953946331395E-2,0.E0));
#5864=AXIS2_PLACEMENT_3D('',#5861,#5862,#5863);
#5865=TOROIDAL_SURFACE('',#5864,6.25E0,1.E0);
#5866=ORIENTED_EDGE('',*,*,#5854,.T.);
#5868=ORIENTED_EDGE('',*,*,#5867,.T.);
#5870=ORIENTED_EDGE('',*,*,#5869,.F.);
#5872=ORIENTED_EDGE('',*,*,#5871,.F.);
#5873=EDGE_LOOP('',(#5866,#5868,#5870,#5872));
#5874=FACE_OUTER_BOUND('',#5873,.F.);
#5876=CARTESIAN_POINT('',(-3.226797048358E1,0.E0,1.1E2));
#5877=DIRECTION('',(0.E0,0.E0,1.E0));
#5878=DIRECTION('',(9.982259525319E-1,5.953946331395E-2,0.E0));
#5879=AXIS2_PLACEMENT_3D('',#5876,#5877,#5878);
#5880=TOROIDAL_SURFACE('',#5879,6.25E0,1.E0);
#5881=ORIENTED_EDGE('',*,*,#5856,.T.);
#5882=ORIENTED_EDGE('',*,*,#5871,.T.);
#5884=ORIENTED_EDGE('',*,*,#5883,.F.);
#5885=ORIENTED_EDGE('',*,*,#5867,.F.);
#5886=EDGE_LOOP('',(#5881,#5882,#5884,#5885));
#5887=FACE_OUTER_BOUND('',#5886,.F.);
#5889=CARTESIAN_POINT('',(-3.226797048358E1,0.E0,1.11E2));
#5890=DIRECTION('',(0.E0,0.E0,1.E0));
#5891=DIRECTION('',(1.E0,0.E0,0.E0));
#5892=AXIS2_PLACEMENT_3D('',#5889,#5890,#5891);
#5893=CYLINDRICAL_SURFACE('',#5892,5.25E0);
#5895=ORIENTED_EDGE('',*,*,#5894,.T.);
#5897=ORIENTED_EDGE('',*,*,#5896,.F.);
#5898=ORIENTED_EDGE('',*,*,#5883,.T.);
#5900=ORIENTED_EDGE('',*,*,#5899,.T.);
#5901=EDGE_LOOP('',(#5895,#5897,#5898,#5900));
#5902=FACE_OUTER_BOUND('',#5901,.F.);
#5904=CARTESIAN_POINT('',(-3.226797048358E1,0.E0,9.2E1));
#5905=DIRECTION('',(0.E0,0.E0,1.E0));
#5906=DIRECTION('',(-9.991207476533E-1,4.192530988295E-2,0.E0));
#5907=AXIS2_PLACEMENT_3D('',#5904,#5905,#5906);
#5908=TOROIDAL_SURFACE('',#5907,6.25E0,1.E0);
#5910=ORIENTED_EDGE('',*,*,#5909,.T.);
#5912=ORIENTED_EDGE('',*,*,#5911,.T.);
#5913=ORIENTED_EDGE('',*,*,#5894,.F.);
#5915=ORIENTED_EDGE('',*,*,#5914,.F.);
#5916=EDGE_LOOP('',(#5910,#5912,#5913,#5915));
#5917=FACE_OUTER_BOUND('',#5916,.F.);
#5919=CARTESIAN_POINT('',(0.E0,0.E0,9.1E1));
#5920=DIRECTION('',(0.E0,0.E0,1.E0));
#5921=DIRECTION('',(1.E0,0.E0,0.E0));
#5922=AXIS2_PLACEMENT_3D('',#5919,#5920,#5921);
#5923=PLANE('',#5922);
#5925=ORIENTED_EDGE('',*,*,#5924,.F.);
#5927=ORIENTED_EDGE('',*,*,#5926,.T.);
#5929=ORIENTED_EDGE('',*,*,#5928,.F.);
#5931=ORIENTED_EDGE('',*,*,#5930,.T.);
#5933=ORIENTED_EDGE('',*,*,#5932,.F.);
#5935=ORIENTED_EDGE('',*,*,#5934,.F.);
#5936=EDGE_LOOP('',(#5925,#5927,#5929,#5931,#5933,#5935));
#5937=FACE_OUTER_BOUND('',#5936,.F.);
#5939=ORIENTED_EDGE('',*,*,#5938,.F.);
#5940=ORIENTED_EDGE('',*,*,#5909,.F.);
#5941=EDGE_LOOP('',(#5939,#5940));
#5942=FACE_BOUND('',#5941,.F.);
#5944=CARTESIAN_POINT('',(0.E0,0.E0,9.1E1));
#5945=DIRECTION('',(0.E0,0.E0,1.E0));
#5946=DIRECTION('',(1.E0,0.E0,0.E0));
#5947=AXIS2_PLACEMENT_3D('',#5944,#5945,#5946);
#5948=PLANE('',#5947);
#5950=ORIENTED_EDGE('',*,*,#5949,.F.);
#5952=ORIENTED_EDGE('',*,*,#5951,.T.);
#5954=ORIENTED_EDGE('',*,*,#5953,.F.);
#5956=ORIENTED_EDGE('',*,*,#5955,.T.);
#5958=ORIENTED_EDGE('',*,*,#5957,.F.);
#5960=ORIENTED_EDGE('',*,*,#5959,.T.);
#5961=EDGE_LOOP('',(#5950,#5952,#5954,#5956,#5958,#5960));
#5962=FACE_OUTER_BOUND('',#5961,.F.);
#5964=ORIENTED_EDGE('',*,*,#5963,.F.);
#5966=ORIENTED_EDGE('',*,*,#5965,.F.);
#5967=EDGE_LOOP('',(#5964,#5966));
#5968=FACE_BOUND('',#5967,.F.);
#5970=CARTESIAN_POINT('',(-3.4E1,3.965E0,-1.348058663225E2));
#5971=DIRECTION('',(0.E0,0.E0,1.E0));
#5972=DIRECTION('',(0.E0,1.E0,0.E0));
#5973=AXIS2_PLACEMENT_3D('',#5970,#5971,#5972);
#5974=CYLINDRICAL_SURFACE('',#5973,6.E0);
#5975=ORIENTED_EDGE('',*,*,#5822,.T.);
#5977=ORIENTED_EDGE('',*,*,#5976,.F.);
#5978=ORIENTED_EDGE('',*,*,#5924,.T.);
#5980=ORIENTED_EDGE('',*,*,#5979,.T.);
#5981=EDGE_LOOP('',(#5975,#5977,#5978,#5980));
#5982=FACE_OUTER_BOUND('',#5981,.F.);
#5984=CARTESIAN_POINT('',(-4.E1,1.4965E1,1.11E2));
#5985=DIRECTION('',(-1.E0,0.E0,0.E0));
#5986=DIRECTION('',(0.E0,-1.E0,0.E0));
#5987=AXIS2_PLACEMENT_3D('',#5984,#5985,#5986);
#5988=PLANE('',#5987);
#5989=ORIENTED_EDGE('',*,*,#5976,.T.);
#5990=ORIENTED_EDGE('',*,*,#5820,.T.);
#5992=ORIENTED_EDGE('',*,*,#5991,.T.);
#5993=ORIENTED_EDGE('',*,*,#5926,.F.);
#5994=EDGE_LOOP('',(#5989,#5990,#5992,#5993));
#5995=FACE_OUTER_BOUND('',#5994,.F.);
#5997=CARTESIAN_POINT('',(-3.4E1,-2.255E0,2.556996E2));
#5998=DIRECTION('',(0.E0,0.E0,-1.E0));
#5999=DIRECTION('',(0.E0,-1.E0,0.E0));
#6000=AXIS2_PLACEMENT_3D('',#5997,#5998,#5999);
#6001=CYLINDRICAL_SURFACE('',#6000,6.E0);
#6002=ORIENTED_EDGE('',*,*,#5928,.T.);
#6003=ORIENTED_EDGE('',*,*,#5991,.F.);
#6004=ORIENTED_EDGE('',*,*,#5818,.T.);
#6006=ORIENTED_EDGE('',*,*,#6005,.T.);
#6007=EDGE_LOOP('',(#6002,#6003,#6004,#6006));
#6008=FACE_OUTER_BOUND('',#6007,.F.);
#6010=CARTESIAN_POINT('',(-2.5E1,-8.255E0,0.E0));
#6011=DIRECTION('',(0.E0,-1.E0,0.E0));
#6012=DIRECTION('',(1.E0,0.E0,0.E0));
#6013=AXIS2_PLACEMENT_3D('',#6010,#6011,#6012);
#6014=PLANE('',#6013);
#6016=ORIENTED_EDGE('',*,*,#6015,.F.);
#6018=ORIENTED_EDGE('',*,*,#6017,.F.);
#6019=EDGE_LOOP('',(#6016,#6018));
#6020=FACE_OUTER_BOUND('',#6019,.F.);
#6022=CARTESIAN_POINT('',(-2.5E1,-8.255E0,0.E0));
#6023=DIRECTION('',(0.E0,-1.E0,0.E0));
#6024=DIRECTION('',(1.E0,0.E0,0.E0));
#6025=AXIS2_PLACEMENT_3D('',#6022,#6023,#6024);
#6026=PLANE('',#6025);
#6028=ORIENTED_EDGE('',*,*,#6027,.F.);
#6030=ORIENTED_EDGE('',*,*,#6029,.F.);
#6031=EDGE_LOOP('',(#6028,#6030));
#6032=FACE_OUTER_BOUND('',#6031,.F.);
#6034=CARTESIAN_POINT('',(-2.5E1,-8.255E0,0.E0));
#6035=DIRECTION('',(0.E0,-1.E0,0.E0));
#6036=DIRECTION('',(1.E0,0.E0,0.E0));
#6037=AXIS2_PLACEMENT_3D('',#6034,#6035,#6036);
#6038=PLANE('',#6037);
#6040=ORIENTED_EDGE('',*,*,#6039,.F.);
#6042=ORIENTED_EDGE('',*,*,#6041,.F.);
#6043=EDGE_LOOP('',(#6040,#6042));
#6044=FACE_OUTER_BOUND('',#6043,.F.);
#6046=CARTESIAN_POINT('',(-2.5E1,-8.255E0,0.E0));
#6047=DIRECTION('',(0.E0,-1.E0,0.E0));
#6048=DIRECTION('',(1.E0,0.E0,0.E0));
#6049=AXIS2_PLACEMENT_3D('',#6046,#6047,#6048);
#6050=PLANE('',#6049);
#6052=ORIENTED_EDGE('',*,*,#6051,.F.);
#6054=ORIENTED_EDGE('',*,*,#6053,.F.);
#6055=EDGE_LOOP('',(#6052,#6054));
#6056=FACE_OUTER_BOUND('',#6055,.F.);
#6058=CARTESIAN_POINT('',(-2.5E1,-8.255E0,0.E0));
#6059=DIRECTION('',(0.E0,-1.E0,0.E0));
#6060=DIRECTION('',(1.E0,0.E0,0.E0));
#6061=AXIS2_PLACEMENT_3D('',#6058,#6059,#6060);
#6062=PLANE('',#6061);
#6064=ORIENTED_EDGE('',*,*,#6063,.T.);
#6066=ORIENTED_EDGE('',*,*,#6065,.F.);
#6068=ORIENTED_EDGE('',*,*,#6067,.F.);
#6070=ORIENTED_EDGE('',*,*,#6069,.F.);
#6072=ORIENTED_EDGE('',*,*,#6071,.T.);
#6074=ORIENTED_EDGE('',*,*,#6073,.T.);
#6075=ORIENTED_EDGE('',*,*,#5930,.F.);
#6076=ORIENTED_EDGE('',*,*,#6005,.F.);
#6077=ORIENTED_EDGE('',*,*,#5816,.T.);
#6079=ORIENTED_EDGE('',*,*,#6078,.T.);
#6080=ORIENTED_EDGE('',*,*,#5959,.F.);
#6082=ORIENTED_EDGE('',*,*,#6081,.F.);
#6084=ORIENTED_EDGE('',*,*,#6083,.T.);
#6086=ORIENTED_EDGE('',*,*,#6085,.T.);
#6088=ORIENTED_EDGE('',*,*,#6087,.F.);
#6090=ORIENTED_EDGE('',*,*,#6089,.T.);
#6091=EDGE_LOOP('',(#6064,#6066,#6068,#6070,#6072,#6074,#6075,#6076,#6077,#6079,
#6080,#6082,#6084,#6086,#6088,#6090));
#6092=FACE_OUTER_BOUND('',#6091,.F.);
#6094=ORIENTED_EDGE('',*,*,#6093,.T.);
#6096=ORIENTED_EDGE('',*,*,#6095,.T.);
#6098=ORIENTED_EDGE('',*,*,#6097,.T.);
#6100=ORIENTED_EDGE('',*,*,#6099,.T.);
#6101=EDGE_LOOP('',(#6094,#6096,#6098,#6100));
#6102=FACE_BOUND('',#6101,.F.);
#6104=CARTESIAN_POINT('',(1.879935154661E1,-8.255E0,1.01E2));
#6105=DIRECTION('',(0.E0,0.E0,1.E0));
#6106=DIRECTION('',(-1.E0,0.E0,0.E0));
#6107=AXIS2_PLACEMENT_3D('',#6104,#6105,#6106);
#6108=PLANE('',#6107);
#6110=ORIENTED_EDGE('',*,*,#6109,.T.);
#6112=ORIENTED_EDGE('',*,*,#6111,.F.);
#6114=ORIENTED_EDGE('',*,*,#6113,.F.);
#6116=ORIENTED_EDGE('',*,*,#6115,.T.);
#6118=ORIENTED_EDGE('',*,*,#6117,.T.);
#6120=ORIENTED_EDGE('',*,*,#6119,.F.);
#6121=ORIENTED_EDGE('',*,*,#6093,.F.);
#6123=ORIENTED_EDGE('',*,*,#6122,.T.);
#6124=EDGE_LOOP('',(#6110,#6112,#6114,#6116,#6118,#6120,#6121,#6123));
#6125=FACE_OUTER_BOUND('',#6124,.F.);
#6127=ORIENTED_EDGE('',*,*,#6126,.T.);
#6129=ORIENTED_EDGE('',*,*,#6128,.T.);
#6130=EDGE_LOOP('',(#6127,#6129));
#6131=FACE_BOUND('',#6130,.F.);
#6133=ORIENTED_EDGE('',*,*,#6132,.T.);
#6135=ORIENTED_EDGE('',*,*,#6134,.T.);
#6136=EDGE_LOOP('',(#6133,#6135));
#6137=FACE_BOUND('',#6136,.F.);
#6139=ORIENTED_EDGE('',*,*,#6138,.T.);
#6141=ORIENTED_EDGE('',*,*,#6140,.T.);
#6142=EDGE_LOOP('',(#6139,#6141));
#6143=FACE_BOUND('',#6142,.F.);
#6145=CARTESIAN_POINT('',(0.E0,6.745E0,1.11E2));
#6146=DIRECTION('',(0.E0,-1.E0,0.E0));
#6147=DIRECTION('',(0.E0,0.E0,-1.E0));
#6148=AXIS2_PLACEMENT_3D('',#6145,#6146,#6147);
#6149=PLANE('',#6148);
#6151=ORIENTED_EDGE('',*,*,#6150,.F.);
#6153=ORIENTED_EDGE('',*,*,#6152,.F.);
#6154=ORIENTED_EDGE('',*,*,#6109,.F.);
#6156=ORIENTED_EDGE('',*,*,#6155,.F.);
#6158=ORIENTED_EDGE('',*,*,#6157,.F.);
#6160=ORIENTED_EDGE('',*,*,#6159,.F.);
#6161=ORIENTED_EDGE('',*,*,#6117,.F.);
#6163=ORIENTED_EDGE('',*,*,#6162,.T.);
#6164=EDGE_LOOP('',(#6151,#6153,#6154,#6156,#6158,#6160,#6161,#6163));
#6165=FACE_OUTER_BOUND('',#6164,.F.);
#6167=CARTESIAN_POINT('',(-1.76E1,1.4965E1,6.25E1));
#6168=DIRECTION('',(0.E0,0.E0,1.E0));
#6169=DIRECTION('',(1.E0,0.E0,0.E0));
#6170=AXIS2_PLACEMENT_3D('',#6167,#6168,#6169);
#6171=PLANE('',#6170);
#6173=ORIENTED_EDGE('',*,*,#6172,.T.);
#6175=ORIENTED_EDGE('',*,*,#6174,.F.);
#6177=ORIENTED_EDGE('',*,*,#6176,.T.);
#6179=ORIENTED_EDGE('',*,*,#6178,.T.);
#6181=ORIENTED_EDGE('',*,*,#6180,.T.);
#6183=ORIENTED_EDGE('',*,*,#6182,.F.);
#6185=ORIENTED_EDGE('',*,*,#6184,.F.);
#6187=ORIENTED_EDGE('',*,*,#6186,.F.);
#6189=ORIENTED_EDGE('',*,*,#6188,.T.);
#6191=ORIENTED_EDGE('',*,*,#6190,.T.);
#6193=ORIENTED_EDGE('',*,*,#6192,.T.);
#6195=ORIENTED_EDGE('',*,*,#6194,.T.);
#6196=ORIENTED_EDGE('',*,*,#6150,.T.);
#6198=ORIENTED_EDGE('',*,*,#6197,.F.);
#6200=ORIENTED_EDGE('',*,*,#6199,.T.);
#6201=EDGE_LOOP('',(#6173,#6175,#6177,#6179,#6181,#6183,#6185,#6187,#6189,#6191,
#6193,#6195,#6196,#6198,#6200));
#6202=FACE_OUTER_BOUND('',#6201,.F.);
#6204=CARTESIAN_POINT('',(-2.090968983174E1,9.965E0,6.25E1));
#6205=DIRECTION('',(1.E0,0.E0,0.E0));
#6206=DIRECTION('',(0.E0,1.E0,0.E0));
#6207=AXIS2_PLACEMENT_3D('',#6204,#6205,#6206);
#6208=PLANE('',#6207);
#6210=ORIENTED_EDGE('',*,*,#6209,.T.);
#6211=ORIENTED_EDGE('',*,*,#6172,.F.);
#6213=ORIENTED_EDGE('',*,*,#6212,.T.);
#6215=ORIENTED_EDGE('',*,*,#6214,.T.);
#6216=EDGE_LOOP('',(#6210,#6211,#6213,#6215));
#6217=FACE_OUTER_BOUND('',#6216,.F.);
#6219=CARTESIAN_POINT('',(2.5E1,1.4965E1,0.E0));
#6220=DIRECTION('',(0.E0,1.E0,0.E0));
#6221=DIRECTION('',(-1.E0,0.E0,0.E0));
#6222=AXIS2_PLACEMENT_3D('',#6219,#6220,#6221);
#6223=PLANE('',#6222);
#6225=ORIENTED_EDGE('',*,*,#6224,.F.);
#6227=ORIENTED_EDGE('',*,*,#6226,.F.);
#6229=ORIENTED_EDGE('',*,*,#6228,.F.);
#6231=ORIENTED_EDGE('',*,*,#6230,.T.);
#6232=EDGE_LOOP('',(#6225,#6227,#6229,#6231));
#6233=FACE_OUTER_BOUND('',#6232,.F.);
#6235=CARTESIAN_POINT('',(2.5E1,1.4965E1,0.E0));
#6236=DIRECTION('',(0.E0,1.E0,0.E0));
#6237=DIRECTION('',(-1.E0,0.E0,0.E0));
#6238=AXIS2_PLACEMENT_3D('',#6235,#6236,#6237);
#6239=PLANE('',#6238);
#6241=ORIENTED_EDGE('',*,*,#6240,.T.);
#6243=ORIENTED_EDGE('',*,*,#6242,.T.);
#6245=ORIENTED_EDGE('',*,*,#6244,.F.);
#6247=ORIENTED_EDGE('',*,*,#6246,.F.);
#6248=EDGE_LOOP('',(#6241,#6243,#6245,#6247));
#6249=FACE_OUTER_BOUND('',#6248,.F.);
#6251=CARTESIAN_POINT('',(2.5E1,1.4965E1,0.E0));
#6252=DIRECTION('',(0.E0,1.E0,0.E0));
#6253=DIRECTION('',(-1.E0,0.E0,0.E0));
#6254=AXIS2_PLACEMENT_3D('',#6251,#6252,#6253);
#6255=PLANE('',#6254);
#6257=ORIENTED_EDGE('',*,*,#6256,.T.);
#6259=ORIENTED_EDGE('',*,*,#6258,.T.);
#6261=ORIENTED_EDGE('',*,*,#6260,.F.);
#6262=ORIENTED_EDGE('',*,*,#6182,.T.);
#6263=EDGE_LOOP('',(#6257,#6259,#6261,#6262));
#6264=FACE_OUTER_BOUND('',#6263,.F.);
#6266=CARTESIAN_POINT('',(2.5E1,1.4965E1,0.E0));
#6267=DIRECTION('',(0.E0,1.E0,0.E0));
#6268=DIRECTION('',(-1.E0,0.E0,0.E0));
#6269=AXIS2_PLACEMENT_3D('',#6266,#6267,#6268);
#6270=PLANE('',#6269);
#6272=ORIENTED_EDGE('',*,*,#6271,.F.);
#6274=ORIENTED_EDGE('',*,*,#6273,.T.);
#6276=ORIENTED_EDGE('',*,*,#6275,.F.);
#6278=ORIENTED_EDGE('',*,*,#6277,.F.);
#6280=ORIENTED_EDGE('',*,*,#6279,.F.);
#6282=ORIENTED_EDGE('',*,*,#6281,.T.);
#6284=ORIENTED_EDGE('',*,*,#6283,.F.);
#6286=ORIENTED_EDGE('',*,*,#6285,.T.);
#6288=ORIENTED_EDGE('',*,*,#6287,.F.);
#6289=EDGE_LOOP('',(#6272,#6274,#6276,#6278,#6280,#6282,#6284,#6286,#6288));
#6290=FACE_OUTER_BOUND('',#6289,.F.);
#6292=ORIENTED_EDGE('',*,*,#6291,.F.);
#6294=ORIENTED_EDGE('',*,*,#6293,.T.);
#6296=ORIENTED_EDGE('',*,*,#6295,.T.);
#6298=ORIENTED_EDGE('',*,*,#6297,.F.);
#6300=ORIENTED_EDGE('',*,*,#6299,.T.);
#6302=ORIENTED_EDGE('',*,*,#6301,.T.);
#6304=ORIENTED_EDGE('',*,*,#6303,.T.);
#6306=ORIENTED_EDGE('',*,*,#6305,.F.);
#6308=ORIENTED_EDGE('',*,*,#6307,.F.);
#6310=ORIENTED_EDGE('',*,*,#6309,.T.);
#6312=ORIENTED_EDGE('',*,*,#6311,.F.);
#6314=ORIENTED_EDGE('',*,*,#6313,.F.);
#6316=ORIENTED_EDGE('',*,*,#6315,.F.);
#6318=ORIENTED_EDGE('',*,*,#6317,.T.);
#6320=ORIENTED_EDGE('',*,*,#6319,.T.);
#6322=ORIENTED_EDGE('',*,*,#6321,.T.);
#6324=ORIENTED_EDGE('',*,*,#6323,.T.);
#6326=ORIENTED_EDGE('',*,*,#6325,.T.);
#6328=ORIENTED_EDGE('',*,*,#6327,.T.);
#6330=ORIENTED_EDGE('',*,*,#6329,.F.);
#6331=EDGE_LOOP('',(#6292,#6294,#6296,#6298,#6300,#6302,#6304,#6306,#6308,#6310,
#6312,#6314,#6316,#6318,#6320,#6322,#6324,#6326,#6328,#6330));
#6332=FACE_BOUND('',#6331,.F.);
#6334=ORIENTED_EDGE('',*,*,#6333,.T.);
#6336=ORIENTED_EDGE('',*,*,#6335,.T.);
#6338=ORIENTED_EDGE('',*,*,#6337,.F.);
#6340=ORIENTED_EDGE('',*,*,#6339,.T.);
#6342=ORIENTED_EDGE('',*,*,#6341,.T.);
#6344=ORIENTED_EDGE('',*,*,#6343,.T.);
#6346=ORIENTED_EDGE('',*,*,#6345,.T.);
#6348=ORIENTED_EDGE('',*,*,#6347,.T.);
#6350=ORIENTED_EDGE('',*,*,#6349,.T.);
#6352=ORIENTED_EDGE('',*,*,#6351,.F.);
#6354=ORIENTED_EDGE('',*,*,#6353,.F.);
#6356=ORIENTED_EDGE('',*,*,#6355,.T.);
#6357=EDGE_LOOP('',(#6334,#6336,#6338,#6340,#6342,#6344,#6346,#6348,#6350,#6352,
#6354,#6356));
#6358=FACE_BOUND('',#6357,.F.);
#6360=CARTESIAN_POINT('',(2.5E1,1.4965E1,0.E0));
#6361=DIRECTION('',(0.E0,1.E0,0.E0));
#6362=DIRECTION('',(-1.E0,0.E0,0.E0));
#6363=AXIS2_PLACEMENT_3D('',#6360,#6361,#6362);
#6364=PLANE('',#6363);
#6365=ORIENTED_EDGE('',*,*,#6209,.F.);
#6367=ORIENTED_EDGE('',*,*,#6366,.T.);
#6369=ORIENTED_EDGE('',*,*,#6368,.F.);
#6370=ORIENTED_EDGE('',*,*,#6174,.T.);
#6371=EDGE_LOOP('',(#6365,#6367,#6369,#6370));
#6372=FACE_OUTER_BOUND('',#6371,.F.);
#6374=CARTESIAN_POINT('',(-8.06E0,1.4965E1,4.175E1));
#6375=DIRECTION('',(0.E0,0.E0,1.E0));
#6376=DIRECTION('',(1.E0,0.E0,0.E0));
#6377=AXIS2_PLACEMENT_3D('',#6374,#6375,#6376);
#6378=PLANE('',#6377);
#6379=ORIENTED_EDGE('',*,*,#6323,.F.);
#6381=ORIENTED_EDGE('',*,*,#6380,.T.);
#6383=ORIENTED_EDGE('',*,*,#6382,.T.);
#6385=ORIENTED_EDGE('',*,*,#6384,.F.);
#6386=EDGE_LOOP('',(#6379,#6381,#6383,#6385));
#6387=FACE_OUTER_BOUND('',#6386,.F.);
#6389=CARTESIAN_POINT('',(-8.06E0,1.4965E1,4.175E1));
#6390=DIRECTION('',(0.E0,0.E0,1.E0));
#6391=DIRECTION('',(1.E0,0.E0,0.E0));
#6392=AXIS2_PLACEMENT_3D('',#6389,#6390,#6391);
#6393=PLANE('',#6392);
#6394=ORIENTED_EDGE('',*,*,#6291,.T.);
#6396=ORIENTED_EDGE('',*,*,#6395,.T.);
#6398=ORIENTED_EDGE('',*,*,#6397,.T.);
#6400=ORIENTED_EDGE('',*,*,#6399,.F.);
#6401=EDGE_LOOP('',(#6394,#6396,#6398,#6400));
#6402=FACE_OUTER_BOUND('',#6401,.F.);
#6404=CARTESIAN_POINT('',(-8.06E0,1.4965E1,4.175E1));
#6405=DIRECTION('',(0.E0,0.E0,1.E0));
#6406=DIRECTION('',(1.E0,0.E0,0.E0));
#6407=AXIS2_PLACEMENT_3D('',#6404,#6405,#6406);
#6408=PLANE('',#6407);
#6409=ORIENTED_EDGE('',*,*,#6299,.F.);
#6411=ORIENTED_EDGE('',*,*,#6410,.T.);
#6413=ORIENTED_EDGE('',*,*,#6412,.T.);
#6415=ORIENTED_EDGE('',*,*,#6414,.F.);
#6416=EDGE_LOOP('',(#6409,#6411,#6413,#6415));
#6417=FACE_OUTER_BOUND('',#6416,.F.);
#6419=CARTESIAN_POINT('',(-1.855E1,1.4965E1,3.825E1));
#6420=DIRECTION('',(-1.E0,0.E0,0.E0));
#6421=DIRECTION('',(0.E0,0.E0,1.E0));
#6422=AXIS2_PLACEMENT_3D('',#6419,#6420,#6421);
#6423=PLANE('',#6422);
#6424=ORIENTED_EDGE('',*,*,#6321,.F.);
#6426=ORIENTED_EDGE('',*,*,#6425,.T.);
#6428=ORIENTED_EDGE('',*,*,#6427,.T.);
#6429=ORIENTED_EDGE('',*,*,#6380,.F.);
#6430=EDGE_LOOP('',(#6424,#6426,#6428,#6429));
#6431=FACE_OUTER_BOUND('',#6430,.F.);
#6433=CARTESIAN_POINT('',(6.3E0,1.4965E1,3.825E1));
#6434=DIRECTION('',(0.E0,0.E0,-1.E0));
#6435=DIRECTION('',(-1.E0,0.E0,0.E0));
#6436=AXIS2_PLACEMENT_3D('',#6433,#6434,#6435);
#6437=PLANE('',#6436);
#6438=ORIENTED_EDGE('',*,*,#6319,.F.);
#6440=ORIENTED_EDGE('',*,*,#6439,.T.);
#6442=ORIENTED_EDGE('',*,*,#6441,.T.);
#6443=ORIENTED_EDGE('',*,*,#6425,.F.);
#6444=EDGE_LOOP('',(#6438,#6440,#6442,#6443));
#6445=FACE_OUTER_BOUND('',#6444,.F.);
#6447=CARTESIAN_POINT('',(6.3E0,1.4965E1,3.825E1));
#6448=DIRECTION('',(0.E0,0.E0,-1.E0));
#6449=DIRECTION('',(-1.E0,0.E0,0.E0));
#6450=AXIS2_PLACEMENT_3D('',#6447,#6448,#6449);
#6451=PLANE('',#6450);
#6452=ORIENTED_EDGE('',*,*,#6303,.F.);
#6454=ORIENTED_EDGE('',*,*,#6453,.T.);
#6456=ORIENTED_EDGE('',*,*,#6455,.T.);
#6458=ORIENTED_EDGE('',*,*,#6457,.F.);
#6459=EDGE_LOOP('',(#6452,#6454,#6456,#6458));
#6460=FACE_OUTER_BOUND('',#6459,.F.);
#6462=CARTESIAN_POINT('',(6.3E0,1.4965E1,3.825E1));
#6463=DIRECTION('',(0.E0,0.E0,-1.E0));
#6464=DIRECTION('',(-1.E0,0.E0,0.E0));
#6465=AXIS2_PLACEMENT_3D('',#6462,#6463,#6464);
#6466=PLANE('',#6465);
#6468=ORIENTED_EDGE('',*,*,#6467,.T.);
#6470=ORIENTED_EDGE('',*,*,#6469,.F.);
#6471=ORIENTED_EDGE('',*,*,#6311,.T.);
#6473=ORIENTED_EDGE('',*,*,#6472,.T.);
#6474=EDGE_LOOP('',(#6468,#6470,#6471,#6473));
#6475=FACE_OUTER_BOUND('',#6474,.F.);
#6477=CARTESIAN_POINT('',(-1.375E1,1.4965E1,3.7E1));
#6478=DIRECTION('',(-1.E0,0.E0,0.E0));
#6479=DIRECTION('',(0.E0,-1.E0,0.E0));
#6480=AXIS2_PLACEMENT_3D('',#6477,#6478,#6479);
#6481=PLANE('',#6480);
#6483=ORIENTED_EDGE('',*,*,#6482,.F.);
#6484=ORIENTED_EDGE('',*,*,#6439,.F.);
#6485=ORIENTED_EDGE('',*,*,#6317,.F.);
#6487=ORIENTED_EDGE('',*,*,#6486,.T.);
#6489=ORIENTED_EDGE('',*,*,#6488,.T.);
#6491=ORIENTED_EDGE('',*,*,#6490,.F.);
#6492=ORIENTED_EDGE('',*,*,#6325,.F.);
#6493=ORIENTED_EDGE('',*,*,#6384,.T.);
#6494=EDGE_LOOP('',(#6483,#6484,#6485,#6487,#6489,#6491,#6492,#6493));
#6495=FACE_OUTER_BOUND('',#6494,.F.);
#6497=CARTESIAN_POINT('',(0.E0,8.965E0,0.E0));
#6498=DIRECTION('',(0.E0,1.E0,0.E0));
#6499=DIRECTION('',(0.E0,0.E0,1.E0));
#6500=AXIS2_PLACEMENT_3D('',#6497,#6498,#6499);
#6501=PLANE('',#6500);
#6503=ORIENTED_EDGE('',*,*,#6502,.F.);
#6504=ORIENTED_EDGE('',*,*,#6467,.F.);
#6506=ORIENTED_EDGE('',*,*,#6505,.T.);
#6507=ORIENTED_EDGE('',*,*,#6397,.F.);
#6508=EDGE_LOOP('',(#6503,#6504,#6506,#6507));
#6509=FACE_OUTER_BOUND('',#6508,.F.);
#6511=ORIENTED_EDGE('',*,*,#6510,.T.);
#6513=ORIENTED_EDGE('',*,*,#6512,.T.);
#6514=EDGE_LOOP('',(#6511,#6513));
#6515=FACE_BOUND('',#6514,.F.);
#6517=ORIENTED_EDGE('',*,*,#6516,.T.);
#6519=ORIENTED_EDGE('',*,*,#6518,.T.);
#6520=EDGE_LOOP('',(#6517,#6519));
#6521=FACE_BOUND('',#6520,.F.);
#6523=CARTESIAN_POINT('',(0.E0,8.965E0,0.E0));
#6524=DIRECTION('',(0.E0,1.E0,0.E0));
#6525=DIRECTION('',(0.E0,0.E0,1.E0));
#6526=AXIS2_PLACEMENT_3D('',#6523,#6524,#6525);
#6527=PLANE('',#6526);
#6528=ORIENTED_EDGE('',*,*,#6482,.T.);
#6529=ORIENTED_EDGE('',*,*,#6382,.F.);
#6530=ORIENTED_EDGE('',*,*,#6427,.F.);
#6531=ORIENTED_EDGE('',*,*,#6441,.F.);
#6532=EDGE_LOOP('',(#6528,#6529,#6530,#6531));
#6533=FACE_OUTER_BOUND('',#6532,.F.);
#6535=ORIENTED_EDGE('',*,*,#6534,.T.);
#6537=ORIENTED_EDGE('',*,*,#6536,.T.);
#6538=EDGE_LOOP('',(#6535,#6537));
#6539=FACE_BOUND('',#6538,.F.);
#6541=CARTESIAN_POINT('',(0.E0,8.965E0,0.E0));
#6542=DIRECTION('',(0.E0,1.E0,0.E0));
#6543=DIRECTION('',(0.E0,0.E0,1.E0));
#6544=AXIS2_PLACEMENT_3D('',#6541,#6542,#6543);
#6545=PLANE('',#6544);
#6547=ORIENTED_EDGE('',*,*,#6546,.F.);
#6548=ORIENTED_EDGE('',*,*,#6455,.F.);
#6550=ORIENTED_EDGE('',*,*,#6549,.F.);
#6551=ORIENTED_EDGE('',*,*,#6412,.F.);
#6552=EDGE_LOOP('',(#6547,#6548,#6550,#6551));
#6553=FACE_OUTER_BOUND('',#6552,.F.);
#6555=ORIENTED_EDGE('',*,*,#6554,.T.);
#6557=ORIENTED_EDGE('',*,*,#6556,.T.);
#6558=EDGE_LOOP('',(#6555,#6557));
#6559=FACE_BOUND('',#6558,.F.);
#6561=CARTESIAN_POINT('',(0.E0,8.965E0,0.E0));
#6562=DIRECTION('',(0.E0,1.E0,0.E0));
#6563=DIRECTION('',(0.E0,0.E0,1.E0));
#6564=AXIS2_PLACEMENT_3D('',#6561,#6562,#6563);
#6565=PLANE('',#6564);
#6567=ORIENTED_EDGE('',*,*,#6566,.F.);
#6569=ORIENTED_EDGE('',*,*,#6568,.F.);
#6571=ORIENTED_EDGE('',*,*,#6570,.F.);
#6573=ORIENTED_EDGE('',*,*,#6572,.F.);
#6574=EDGE_LOOP('',(#6567,#6569,#6571,#6573));
#6575=FACE_OUTER_BOUND('',#6574,.F.);
#6577=ORIENTED_EDGE('',*,*,#6576,.T.);
#6579=ORIENTED_EDGE('',*,*,#6578,.T.);
#6580=EDGE_LOOP('',(#6577,#6579));
#6581=FACE_BOUND('',#6580,.F.);
#6583=CARTESIAN_POINT('',(0.E0,8.965E0,0.E0));
#6584=DIRECTION('',(0.E0,1.E0,0.E0));
#6585=DIRECTION('',(0.E0,0.E0,1.E0));
#6586=AXIS2_PLACEMENT_3D('',#6583,#6584,#6585);
#6587=PLANE('',#6586);
#6589=ORIENTED_EDGE('',*,*,#6588,.T.);
#6591=ORIENTED_EDGE('',*,*,#6590,.F.);
#6593=ORIENTED_EDGE('',*,*,#6592,.F.);
#6595=ORIENTED_EDGE('',*,*,#6594,.F.);
#6596=EDGE_LOOP('',(#6589,#6591,#6593,#6595));
#6597=FACE_OUTER_BOUND('',#6596,.F.);
#6599=ORIENTED_EDGE('',*,*,#6598,.T.);
#6601=ORIENTED_EDGE('',*,*,#6600,.T.);
#6602=EDGE_LOOP('',(#6599,#6601));
#6603=FACE_BOUND('',#6602,.F.);
#6605=CARTESIAN_POINT('',(-1.025E1,0.E0,3.7E1));
#6606=DIRECTION('',(1.E0,0.E0,0.E0));
#6607=DIRECTION('',(0.E0,1.E0,0.E0));
#6608=AXIS2_PLACEMENT_3D('',#6605,#6606,#6607);
#6609=PLANE('',#6608);
#6610=ORIENTED_EDGE('',*,*,#6502,.T.);
#6611=ORIENTED_EDGE('',*,*,#6395,.F.);
#6612=ORIENTED_EDGE('',*,*,#6329,.T.);
#6614=ORIENTED_EDGE('',*,*,#6613,.F.);
#6616=ORIENTED_EDGE('',*,*,#6615,.F.);
#6618=ORIENTED_EDGE('',*,*,#6617,.T.);
#6619=ORIENTED_EDGE('',*,*,#6313,.T.);
#6620=ORIENTED_EDGE('',*,*,#6469,.T.);
#6621=EDGE_LOOP('',(#6610,#6611,#6612,#6614,#6616,#6618,#6619,#6620));
#6622=FACE_OUTER_BOUND('',#6621,.F.);
#6624=CARTESIAN_POINT('',(0.E0,0.E0,4.3E1));
#6625=DIRECTION('',(0.E0,0.E0,1.E0));
#6626=DIRECTION('',(1.E0,0.E0,0.E0));
#6627=AXIS2_PLACEMENT_3D('',#6624,#6625,#6626);
#6628=PLANE('',#6627);
#6629=ORIENTED_EDGE('',*,*,#6327,.F.);
#6630=ORIENTED_EDGE('',*,*,#6490,.T.);
#6632=ORIENTED_EDGE('',*,*,#6631,.F.);
#6633=ORIENTED_EDGE('',*,*,#6613,.T.);
#6634=EDGE_LOOP('',(#6629,#6630,#6632,#6633));
#6635=FACE_OUTER_BOUND('',#6634,.F.);
#6637=CARTESIAN_POINT('',(0.E0,0.E0,4.3E1));
#6638=DIRECTION('',(0.E0,0.E0,1.E0));
#6639=DIRECTION('',(1.E0,0.E0,0.E0));
#6640=AXIS2_PLACEMENT_3D('',#6637,#6638,#6639);
#6641=PLANE('',#6640);
#6642=ORIENTED_EDGE('',*,*,#6295,.F.);
#6644=ORIENTED_EDGE('',*,*,#6643,.T.);
#6646=ORIENTED_EDGE('',*,*,#6645,.F.);
#6648=ORIENTED_EDGE('',*,*,#6647,.T.);
#6649=EDGE_LOOP('',(#6642,#6644,#6646,#6648));
#6650=FACE_OUTER_BOUND('',#6649,.F.);
#6652=CARTESIAN_POINT('',(0.E0,0.E0,4.3E1));
#6653=DIRECTION('',(0.E0,0.E0,1.E0));
#6654=DIRECTION('',(1.E0,0.E0,0.E0));
#6655=AXIS2_PLACEMENT_3D('',#6652,#6653,#6654);
#6656=PLANE('',#6655);
#6657=ORIENTED_EDGE('',*,*,#6588,.F.);
#6659=ORIENTED_EDGE('',*,*,#6658,.F.);
#6660=ORIENTED_EDGE('',*,*,#6341,.F.);
#6662=ORIENTED_EDGE('',*,*,#6661,.T.);
#6664=ORIENTED_EDGE('',*,*,#6663,.F.);
#6666=ORIENTED_EDGE('',*,*,#6665,.T.);
#6667=ORIENTED_EDGE('',*,*,#6349,.F.);
#6669=ORIENTED_EDGE('',*,*,#6668,.T.);
#6670=EDGE_LOOP('',(#6657,#6659,#6660,#6662,#6664,#6666,#6667,#6669));
#6671=FACE_OUTER_BOUND('',#6670,.F.);
#6673=CARTESIAN_POINT('',(-1.2E1,0.E0,0.E0));
#6674=DIRECTION('',(0.E0,0.E0,1.E0));
#6675=DIRECTION('',(1.E0,0.E0,0.E0));
#6676=AXIS2_PLACEMENT_3D('',#6673,#6674,#6675);
#6677=CYLINDRICAL_SURFACE('',#6676,1.75E0);
#6679=ORIENTED_EDGE('',*,*,#6678,.F.);
#6681=ORIENTED_EDGE('',*,*,#6680,.F.);
#6682=ORIENTED_EDGE('',*,*,#6631,.T.);
#6684=ORIENTED_EDGE('',*,*,#6683,.T.);
#6685=EDGE_LOOP('',(#6679,#6681,#6682,#6684));
#6686=FACE_OUTER_BOUND('',#6685,.F.);
#6688=CARTESIAN_POINT('',(-1.2E1,0.E0,0.E0));
#6689=DIRECTION('',(0.E0,0.E0,1.E0));
#6690=DIRECTION('',(1.E0,0.E0,0.E0));
#6691=AXIS2_PLACEMENT_3D('',#6688,#6689,#6690);
#6692=CYLINDRICAL_SURFACE('',#6691,1.75E0);
#6694=ORIENTED_EDGE('',*,*,#6693,.F.);
#6696=ORIENTED_EDGE('',*,*,#6695,.T.);
#6698=ORIENTED_EDGE('',*,*,#6697,.F.);
#6700=ORIENTED_EDGE('',*,*,#6699,.F.);
#6701=EDGE_LOOP('',(#6694,#6696,#6698,#6700));
#6702=FACE_OUTER_BOUND('',#6701,.F.);
#6704=CARTESIAN_POINT('',(-1.2E1,0.E0,0.E0));
#6705=DIRECTION('',(0.E0,0.E0,1.E0));
#6706=DIRECTION('',(1.E0,0.E0,0.E0));
#6707=AXIS2_PLACEMENT_3D('',#6704,#6705,#6706);
#6708=CYLINDRICAL_SURFACE('',#6707,1.75E0);
#6710=ORIENTED_EDGE('',*,*,#6709,.T.);
#6712=ORIENTED_EDGE('',*,*,#6711,.F.);
#6714=ORIENTED_EDGE('',*,*,#6713,.F.);
#6716=ORIENTED_EDGE('',*,*,#6715,.T.);
#6717=EDGE_LOOP('',(#6710,#6712,#6714,#6716));
#6718=FACE_OUTER_BOUND('',#6717,.F.);
#6720=CARTESIAN_POINT('',(-1.2E1,0.E0,5.103967979774E1));
#6721=DIRECTION('',(0.E0,0.E0,1.E0));
#6722=DIRECTION('',(9.913163546326E-1,-1.314986123039E-1,0.E0));
#6723=AXIS2_PLACEMENT_3D('',#6720,#6721,#6722);
#6724=TOROIDAL_SURFACE('',#6723,2.75E0,1.E0);
#6725=ORIENTED_EDGE('',*,*,#6678,.T.);
#6727=ORIENTED_EDGE('',*,*,#6726,.T.);
#6729=ORIENTED_EDGE('',*,*,#6728,.F.);
#6731=ORIENTED_EDGE('',*,*,#6730,.F.);
#6732=EDGE_LOOP('',(#6725,#6727,#6729,#6731));
#6733=FACE_OUTER_BOUND('',#6732,.F.);
#6735=CARTESIAN_POINT('',(-1.2E1,0.E0,5.103967979774E1));
#6736=DIRECTION('',(0.E0,0.E0,1.E0));
#6737=DIRECTION('',(-9.913163546326E-1,1.314986123039E-1,0.E0));
#6738=AXIS2_PLACEMENT_3D('',#6735,#6736,#6737);
#6739=TOROIDAL_SURFACE('',#6738,2.75E0,1.E0);
#6741=ORIENTED_EDGE('',*,*,#6740,.T.);
#6742=ORIENTED_EDGE('',*,*,#6730,.T.);
#6744=ORIENTED_EDGE('',*,*,#6743,.F.);
#6745=ORIENTED_EDGE('',*,*,#6726,.F.);
#6746=EDGE_LOOP('',(#6741,#6742,#6744,#6745));
#6747=FACE_OUTER_BOUND('',#6746,.F.);
#6749=CARTESIAN_POINT('',(-1.2E1,0.E0,0.E0));
#6750=DIRECTION('',(0.E0,0.E0,1.E0));
#6751=DIRECTION('',(1.E0,0.E0,0.E0));
#6752=AXIS2_PLACEMENT_3D('',#6749,#6750,#6751);
#6753=CYLINDRICAL_SURFACE('',#6752,1.75E0);
#6754=ORIENTED_EDGE('',*,*,#6740,.F.);
#6755=ORIENTED_EDGE('',*,*,#6683,.F.);
#6756=ORIENTED_EDGE('',*,*,#6488,.F.);
#6757=ORIENTED_EDGE('',*,*,#6695,.F.);
#6759=ORIENTED_EDGE('',*,*,#6758,.F.);
#6760=ORIENTED_EDGE('',*,*,#6699,.T.);
#6761=ORIENTED_EDGE('',*,*,#6615,.T.);
#6762=ORIENTED_EDGE('',*,*,#6680,.T.);
#6763=EDGE_LOOP('',(#6754,#6755,#6756,#6757,#6759,#6760,#6761,#6762));
#6764=FACE_OUTER_BOUND('',#6763,.F.);
#6766=CARTESIAN_POINT('',(-1.2E1,0.E0,0.E0));
#6767=DIRECTION('',(0.E0,0.E0,1.E0));
#6768=DIRECTION('',(1.E0,0.E0,0.E0));
#6769=AXIS2_PLACEMENT_3D('',#6766,#6767,#6768);
#6770=CYLINDRICAL_SURFACE('',#6769,1.75E0);
#6772=ORIENTED_EDGE('',*,*,#6771,.T.);
#6773=ORIENTED_EDGE('',*,*,#6715,.F.);
#6775=ORIENTED_EDGE('',*,*,#6774,.F.);
#6776=ORIENTED_EDGE('',*,*,#6711,.T.);
#6777=EDGE_LOOP('',(#6772,#6773,#6775,#6776));
#6778=FACE_OUTER_BOUND('',#6777,.F.);
#6780=CARTESIAN_POINT('',(-1.2E1,0.E0,2.6E1));
#6781=DIRECTION('',(0.E0,0.E0,1.E0));
#6782=DIRECTION('',(9.926917654651E-1,1.206774990532E-1,0.E0));
#6783=AXIS2_PLACEMENT_3D('',#6780,#6781,#6782);
#6784=TOROIDAL_SURFACE('',#6783,2.75E0,1.E0);
#6785=ORIENTED_EDGE('',*,*,#6758,.T.);
#6787=ORIENTED_EDGE('',*,*,#6786,.T.);
#6789=ORIENTED_EDGE('',*,*,#6788,.F.);
#6791=ORIENTED_EDGE('',*,*,#6790,.F.);
#6792=EDGE_LOOP('',(#6785,#6787,#6789,#6791));
#6793=FACE_OUTER_BOUND('',#6792,.F.);
#6795=CARTESIAN_POINT('',(-1.2E1,0.E0,2.6E1));
#6796=DIRECTION('',(0.E0,0.E0,1.E0));
#6797=DIRECTION('',(-9.926917654651E-1,-1.206774990532E-1,0.E0));
#6798=AXIS2_PLACEMENT_3D('',#6795,#6796,#6797);
#6799=TOROIDAL_SURFACE('',#6798,2.75E0,1.E0);
#6800=ORIENTED_EDGE('',*,*,#6693,.T.);
#6801=ORIENTED_EDGE('',*,*,#6790,.T.);
#6803=ORIENTED_EDGE('',*,*,#6802,.F.);
#6804=ORIENTED_EDGE('',*,*,#6786,.F.);
#6805=EDGE_LOOP('',(#6800,#6801,#6803,#6804));
#6806=FACE_OUTER_BOUND('',#6805,.F.);
#6808=CARTESIAN_POINT('',(0.E0,0.E0,2.5E1));
#6809=DIRECTION('',(0.E0,0.E0,1.E0));
#6810=DIRECTION('',(1.E0,0.E0,0.E0));
#6811=AXIS2_PLACEMENT_3D('',#6808,#6809,#6810);
#6812=PLANE('',#6811);
#6814=ORIENTED_EDGE('',*,*,#6813,.T.);
#6816=ORIENTED_EDGE('',*,*,#6815,.T.);
#6818=ORIENTED_EDGE('',*,*,#6817,.F.);
#6819=ORIENTED_EDGE('',*,*,#6087,.T.);
#6821=ORIENTED_EDGE('',*,*,#6820,.F.);
#6823=ORIENTED_EDGE('',*,*,#6822,.T.);
#6825=ORIENTED_EDGE('',*,*,#6824,.T.);
#6827=ORIENTED_EDGE('',*,*,#6826,.F.);
#6829=ORIENTED_EDGE('',*,*,#6828,.T.);
#6831=ORIENTED_EDGE('',*,*,#6830,.F.);
#6832=ORIENTED_EDGE('',*,*,#6279,.T.);
#6834=ORIENTED_EDGE('',*,*,#6833,.T.);
#6836=ORIENTED_EDGE('',*,*,#6835,.T.);
#6838=ORIENTED_EDGE('',*,*,#6837,.F.);
#6840=ORIENTED_EDGE('',*,*,#6839,.F.);
#6841=ORIENTED_EDGE('',*,*,#6067,.T.);
#6842=EDGE_LOOP('',(#6814,#6816,#6818,#6819,#6821,#6823,#6825,#6827,#6829,#6831,
#6832,#6834,#6836,#6838,#6840,#6841));
#6843=FACE_OUTER_BOUND('',#6842,.F.);
#6845=ORIENTED_EDGE('',*,*,#6844,.F.);
#6847=ORIENTED_EDGE('',*,*,#6846,.F.);
#6848=EDGE_LOOP('',(#6845,#6847));
#6849=FACE_BOUND('',#6848,.F.);
#6850=ORIENTED_EDGE('',*,*,#6802,.T.);
#6851=ORIENTED_EDGE('',*,*,#6788,.T.);
#6852=EDGE_LOOP('',(#6850,#6851));
#6853=FACE_BOUND('',#6852,.F.);
#6855=ORIENTED_EDGE('',*,*,#6854,.T.);
#6857=ORIENTED_EDGE('',*,*,#6856,.T.);
#6858=EDGE_LOOP('',(#6855,#6857));
#6859=FACE_BOUND('',#6858,.F.);
#6861=ORIENTED_EDGE('',*,*,#6860,.T.);
#6863=ORIENTED_EDGE('',*,*,#6862,.T.);
#6864=EDGE_LOOP('',(#6861,#6863));
#6865=FACE_BOUND('',#6864,.F.);
#6867=ORIENTED_EDGE('',*,*,#6866,.F.);
#6869=ORIENTED_EDGE('',*,*,#6868,.F.);
#6870=EDGE_LOOP('',(#6867,#6869));
#6871=FACE_BOUND('',#6870,.F.);
#6873=CARTESIAN_POINT('',(-3.226797048358E1,0.E0,2.6E1));
#6874=DIRECTION('',(0.E0,0.E0,1.E0));
#6875=DIRECTION('',(9.991207476533E-1,-4.192530988295E-2,0.E0));
#6876=AXIS2_PLACEMENT_3D('',#6873,#6874,#6875);
#6877=TOROIDAL_SURFACE('',#6876,6.25E0,1.E0);
#6878=ORIENTED_EDGE('',*,*,#6866,.T.);
#6880=ORIENTED_EDGE('',*,*,#6879,.T.);
#6882=ORIENTED_EDGE('',*,*,#6881,.F.);
#6884=ORIENTED_EDGE('',*,*,#6883,.F.);
#6885=EDGE_LOOP('',(#6878,#6880,#6882,#6884));
#6886=FACE_OUTER_BOUND('',#6885,.F.);
#6888=CARTESIAN_POINT('',(-3.226797048358E1,0.E0,2.6E1));
#6889=DIRECTION('',(0.E0,0.E0,1.E0));
#6890=DIRECTION('',(-9.991207476533E-1,4.192530988295E-2,0.E0));
#6891=AXIS2_PLACEMENT_3D('',#6888,#6889,#6890);
#6892=TOROIDAL_SURFACE('',#6891,6.25E0,1.E0);
#6893=ORIENTED_EDGE('',*,*,#6868,.T.);
#6894=ORIENTED_EDGE('',*,*,#6883,.T.);
#6896=ORIENTED_EDGE('',*,*,#6895,.F.);
#6897=ORIENTED_EDGE('',*,*,#6879,.F.);
#6898=EDGE_LOOP('',(#6893,#6894,#6896,#6897));
#6899=FACE_OUTER_BOUND('',#6898,.F.);
#6901=CARTESIAN_POINT('',(-3.226797048358E1,0.E0,2.5E1));
#6902=DIRECTION('',(0.E0,0.E0,1.E0));
#6903=DIRECTION('',(1.E0,0.E0,0.E0));
#6904=AXIS2_PLACEMENT_3D('',#6901,#6902,#6903);
#6905=CYLINDRICAL_SURFACE('',#6904,5.25E0);
#6907=ORIENTED_EDGE('',*,*,#6906,.T.);
#6909=ORIENTED_EDGE('',*,*,#6908,.F.);
#6910=ORIENTED_EDGE('',*,*,#6895,.T.);
#6912=ORIENTED_EDGE('',*,*,#6911,.T.);
#6913=EDGE_LOOP('',(#6907,#6909,#6910,#6912));
#6914=FACE_OUTER_BOUND('',#6913,.F.);
#6916=CARTESIAN_POINT('',(-3.226797048358E1,0.E0,5.4E1));
#6917=DIRECTION('',(0.E0,0.E0,1.E0));
#6918=DIRECTION('',(9.982259525319E-1,5.953946331395E-2,0.E0));
#6919=AXIS2_PLACEMENT_3D('',#6916,#6917,#6918);
#6920=TOROIDAL_SURFACE('',#6919,6.25E0,1.E0);
#6922=ORIENTED_EDGE('',*,*,#6921,.T.);
#6924=ORIENTED_EDGE('',*,*,#6923,.T.);
#6925=ORIENTED_EDGE('',*,*,#6906,.F.);
#6927=ORIENTED_EDGE('',*,*,#6926,.F.);
#6928=EDGE_LOOP('',(#6922,#6924,#6925,#6927));
#6929=FACE_OUTER_BOUND('',#6928,.F.);
#6931=CARTESIAN_POINT('',(0.E0,0.E0,5.5E1));
#6932=DIRECTION('',(0.E0,0.E0,1.E0));
#6933=DIRECTION('',(1.E0,0.E0,0.E0));
#6934=AXIS2_PLACEMENT_3D('',#6931,#6932,#6933);
#6935=PLANE('',#6934);
#6937=ORIENTED_EDGE('',*,*,#6936,.F.);
#6938=ORIENTED_EDGE('',*,*,#6283,.T.);
#6940=ORIENTED_EDGE('',*,*,#6939,.T.);
#6942=ORIENTED_EDGE('',*,*,#6941,.T.);
#6943=EDGE_LOOP('',(#6937,#6938,#6940,#6942));
#6944=FACE_OUTER_BOUND('',#6943,.F.);
#6946=CARTESIAN_POINT('',(0.E0,0.E0,5.5E1));
#6947=DIRECTION('',(0.E0,0.E0,1.E0));
#6948=DIRECTION('',(1.E0,0.E0,0.E0));
#6949=AXIS2_PLACEMENT_3D('',#6946,#6947,#6948);
#6950=PLANE('',#6949);
#6952=ORIENTED_EDGE('',*,*,#6951,.F.);
#6954=ORIENTED_EDGE('',*,*,#6953,.T.);
#6955=ORIENTED_EDGE('',*,*,#6071,.F.);
#6957=ORIENTED_EDGE('',*,*,#6956,.F.);
#6959=ORIENTED_EDGE('',*,*,#6958,.F.);
#6961=ORIENTED_EDGE('',*,*,#6960,.T.);
#6963=ORIENTED_EDGE('',*,*,#6962,.F.);
#6964=ORIENTED_EDGE('',*,*,#6275,.T.);
#6966=ORIENTED_EDGE('',*,*,#6965,.T.);
#6967=EDGE_LOOP('',(#6952,#6954,#6955,#6957,#6959,#6961,#6963,#6964,#6966));
#6968=FACE_OUTER_BOUND('',#6967,.F.);
#6970=ORIENTED_EDGE('',*,*,#6969,.F.);
#6971=ORIENTED_EDGE('',*,*,#6921,.F.);
#6972=EDGE_LOOP('',(#6970,#6971));
#6973=FACE_BOUND('',#6972,.F.);
#6975=CARTESIAN_POINT('',(0.E0,0.E0,5.5E1));
#6976=DIRECTION('',(0.E0,0.E0,1.E0));
#6977=DIRECTION('',(1.E0,0.E0,0.E0));
#6978=AXIS2_PLACEMENT_3D('',#6975,#6976,#6977);
#6979=PLANE('',#6978);
#6981=ORIENTED_EDGE('',*,*,#6980,.F.);
#6983=ORIENTED_EDGE('',*,*,#6982,.F.);
#6985=ORIENTED_EDGE('',*,*,#6984,.T.);
#6987=ORIENTED_EDGE('',*,*,#6986,.F.);
#6988=ORIENTED_EDGE('',*,*,#6083,.F.);
#6990=ORIENTED_EDGE('',*,*,#6989,.T.);
#6991=EDGE_LOOP('',(#6981,#6983,#6985,#6987,#6988,#6990));
#6992=FACE_OUTER_BOUND('',#6991,.F.);
#6994=ORIENTED_EDGE('',*,*,#6993,.F.);
#6996=ORIENTED_EDGE('',*,*,#6995,.F.);
#6997=EDGE_LOOP('',(#6994,#6996));
#6998=FACE_BOUND('',#6997,.F.);
#7000=CARTESIAN_POINT('',(9.950636103758E0,2.9965E1,0.E0));
#7001=DIRECTION('',(1.E0,0.E0,0.E0));
#7002=DIRECTION('',(0.E0,-1.E0,0.E0));
#7003=AXIS2_PLACEMENT_3D('',#7000,#7001,#7002);
#7004=PLANE('',#7003);
#7006=ORIENTED_EDGE('',*,*,#7005,.F.);
#7008=ORIENTED_EDGE('',*,*,#7007,.F.);
#7009=ORIENTED_EDGE('',*,*,#6285,.F.);
#7010=ORIENTED_EDGE('',*,*,#6936,.T.);
#7012=ORIENTED_EDGE('',*,*,#7011,.F.);
#7013=ORIENTED_EDGE('',*,*,#6190,.F.);
#7015=ORIENTED_EDGE('',*,*,#7014,.F.);
#7016=EDGE_LOOP('',(#7006,#7008,#7009,#7010,#7012,#7013,#7015));
#7017=FACE_OUTER_BOUND('',#7016,.F.);
#7019=ORIENTED_EDGE('',*,*,#7018,.F.);
#7021=ORIENTED_EDGE('',*,*,#7020,.F.);
#7022=EDGE_LOOP('',(#7019,#7021));
#7023=FACE_BOUND('',#7022,.F.);
#7025=ORIENTED_EDGE('',*,*,#7024,.F.);
#7027=ORIENTED_EDGE('',*,*,#7026,.F.);
#7028=EDGE_LOOP('',(#7025,#7027));
#7029=FACE_BOUND('',#7028,.F.);
#7031=CARTESIAN_POINT('',(9.950636103758E0,2.9965E1,0.E0));
#7032=DIRECTION('',(1.E0,0.E0,0.E0));
#7033=DIRECTION('',(0.E0,-1.E0,0.E0));
#7034=AXIS2_PLACEMENT_3D('',#7031,#7032,#7033);
#7035=PLANE('',#7034);
#7037=ORIENTED_EDGE('',*,*,#7036,.F.);
#7039=ORIENTED_EDGE('',*,*,#7038,.F.);
#7041=ORIENTED_EDGE('',*,*,#7040,.F.);
#7043=ORIENTED_EDGE('',*,*,#7042,.F.);
#7044=ORIENTED_EDGE('',*,*,#5806,.F.);
#7045=EDGE_LOOP('',(#7037,#7039,#7041,#7043,#7044));
#7046=FACE_OUTER_BOUND('',#7045,.F.);
#7048=ORIENTED_EDGE('',*,*,#7047,.F.);
#7050=ORIENTED_EDGE('',*,*,#7049,.F.);
#7051=EDGE_LOOP('',(#7048,#7050));
#7052=FACE_BOUND('',#7051,.F.);
#7054=ORIENTED_EDGE('',*,*,#7053,.F.);
#7056=ORIENTED_EDGE('',*,*,#7055,.F.);
#7057=EDGE_LOOP('',(#7054,#7056));
#7058=FACE_BOUND('',#7057,.F.);
#7060=CARTESIAN_POINT('',(8.365636103758E0,2.4965E1,5.75E1));
#7061=DIRECTION('',(1.E0,0.E0,0.E0));
#7062=DIRECTION('',(0.E0,0.E0,-1.E0));
#7063=AXIS2_PLACEMENT_3D('',#7060,#7061,#7062);
#7064=CYLINDRICAL_SURFACE('',#7063,1.9E0);
#7066=ORIENTED_EDGE('',*,*,#7065,.T.);
#7068=ORIENTED_EDGE('',*,*,#7067,.F.);
#7070=ORIENTED_EDGE('',*,*,#7069,.T.);
#7072=ORIENTED_EDGE('',*,*,#7071,.T.);
#7073=ORIENTED_EDGE('',*,*,#7018,.T.);
#7075=ORIENTED_EDGE('',*,*,#7074,.F.);
#7077=ORIENTED_EDGE('',*,*,#7076,.F.);
#7079=ORIENTED_EDGE('',*,*,#7078,.T.);
#7080=EDGE_LOOP('',(#7066,#7068,#7070,#7072,#7073,#7075,#7077,#7079));
#7081=FACE_OUTER_BOUND('',#7080,.F.);
#7083=CARTESIAN_POINT('',(6.445636103758E0,2.9965E1,6.05E1));
#7084=DIRECTION('',(1.E0,0.E0,0.E0));
#7085=DIRECTION('',(0.E0,0.E0,-1.E0));
#7086=AXIS2_PLACEMENT_3D('',#7083,#7084,#7085);
#7087=PLANE('',#7086);
#7089=ORIENTED_EDGE('',*,*,#7088,.F.);
#7091=ORIENTED_EDGE('',*,*,#7090,.T.);
#7093=ORIENTED_EDGE('',*,*,#7092,.T.);
#7095=ORIENTED_EDGE('',*,*,#7094,.T.);
#7097=ORIENTED_EDGE('',*,*,#7096,.F.);
#7099=ORIENTED_EDGE('',*,*,#7098,.T.);
#7100=EDGE_LOOP('',(#7089,#7091,#7093,#7095,#7097,#7099));
#7101=FACE_OUTER_BOUND('',#7100,.F.);
#7102=ORIENTED_EDGE('',*,*,#7065,.F.);
#7104=ORIENTED_EDGE('',*,*,#7103,.F.);
#7105=EDGE_LOOP('',(#7102,#7104));
#7106=FACE_BOUND('',#7105,.F.);
#7108=ORIENTED_EDGE('',*,*,#7107,.F.);
#7110=ORIENTED_EDGE('',*,*,#7109,.F.);
#7111=EDGE_LOOP('',(#7108,#7110));
#7112=FACE_BOUND('',#7111,.F.);
#7114=CARTESIAN_POINT('',(8.365636103758E0,1.4965E1,5.75E1));
#7115=DIRECTION('',(1.E0,0.E0,0.E0));
#7116=DIRECTION('',(0.E0,0.E0,-1.E0));
#7117=AXIS2_PLACEMENT_3D('',#7114,#7115,#7116);
#7118=CYLINDRICAL_SURFACE('',#7117,1.9E0);
#7119=ORIENTED_EDGE('',*,*,#7107,.T.);
#7121=ORIENTED_EDGE('',*,*,#7120,.F.);
#7123=ORIENTED_EDGE('',*,*,#7122,.T.);
#7125=ORIENTED_EDGE('',*,*,#7124,.T.);
#7126=ORIENTED_EDGE('',*,*,#7024,.T.);
#7128=ORIENTED_EDGE('',*,*,#7127,.F.);
#7130=ORIENTED_EDGE('',*,*,#7129,.F.);
#7132=ORIENTED_EDGE('',*,*,#7131,.T.);
#7133=EDGE_LOOP('',(#7119,#7121,#7123,#7125,#7126,#7128,#7130,#7132));
#7134=FACE_OUTER_BOUND('',#7133,.F.);
#7136=CARTESIAN_POINT('',(8.365636103758E0,1.4965E1,5.75E1));
#7137=DIRECTION('',(1.E0,0.E0,0.E0));
#7138=DIRECTION('',(0.E0,0.E0,-1.E0));
#7139=AXIS2_PLACEMENT_3D('',#7136,#7137,#7138);
#7140=CYLINDRICAL_SURFACE('',#7139,1.9E0);
#7141=ORIENTED_EDGE('',*,*,#7109,.T.);
#7142=ORIENTED_EDGE('',*,*,#7131,.F.);
#7143=ORIENTED_EDGE('',*,*,#7129,.T.);
#7144=ORIENTED_EDGE('',*,*,#7127,.T.);
#7145=ORIENTED_EDGE('',*,*,#7026,.T.);
#7146=ORIENTED_EDGE('',*,*,#7124,.F.);
#7147=ORIENTED_EDGE('',*,*,#7122,.F.);
#7148=ORIENTED_EDGE('',*,*,#7120,.T.);
#7149=EDGE_LOOP('',(#7141,#7142,#7143,#7144,#7145,#7146,#7147,#7148));
#7150=FACE_OUTER_BOUND('',#7149,.F.);
#7152=CARTESIAN_POINT('',(8.365636103758E0,2.4965E1,5.75E1));
#7153=DIRECTION('',(1.E0,0.E0,0.E0));
#7154=DIRECTION('',(0.E0,0.E0,-1.E0));
#7155=AXIS2_PLACEMENT_3D('',#7152,#7153,#7154);
#7156=CYLINDRICAL_SURFACE('',#7155,1.9E0);
#7157=ORIENTED_EDGE('',*,*,#7103,.T.);
#7158=ORIENTED_EDGE('',*,*,#7078,.F.);
#7159=ORIENTED_EDGE('',*,*,#7076,.T.);
#7160=ORIENTED_EDGE('',*,*,#7074,.T.);
#7161=ORIENTED_EDGE('',*,*,#7020,.T.);
#7162=ORIENTED_EDGE('',*,*,#7071,.F.);
#7163=ORIENTED_EDGE('',*,*,#7069,.F.);
#7164=ORIENTED_EDGE('',*,*,#7067,.T.);
#7165=EDGE_LOOP('',(#7157,#7158,#7159,#7160,#7161,#7162,#7163,#7164));
#7166=FACE_OUTER_BOUND('',#7165,.F.);
#7168=CARTESIAN_POINT('',(-1.329440836684E2,2.8965E1,5.547262078293E1));
#7169=DIRECTION('',(1.E0,0.E0,0.E0));
#7170=DIRECTION('',(0.E0,0.E0,-1.E0));
#7171=AXIS2_PLACEMENT_3D('',#7168,#7169,#7170);
#7172=CYLINDRICAL_SURFACE('',#7171,1.E0);
#7173=ORIENTED_EDGE('',*,*,#7005,.T.);
#7175=ORIENTED_EDGE('',*,*,#7174,.F.);
#7176=ORIENTED_EDGE('',*,*,#7088,.T.);
#7178=ORIENTED_EDGE('',*,*,#7177,.T.);
#7179=EDGE_LOOP('',(#7173,#7175,#7176,#7178));
#7180=FACE_OUTER_BOUND('',#7179,.F.);
#7182=CARTESIAN_POINT('',(0.E0,2.9965E1,0.E0));
#7183=DIRECTION('',(0.E0,1.E0,0.E0));
#7184=DIRECTION('',(1.E0,0.E0,0.E0));
#7185=AXIS2_PLACEMENT_3D('',#7182,#7183,#7184);
#7186=PLANE('',#7185);
#7188=ORIENTED_EDGE('',*,*,#7187,.F.);
#7190=ORIENTED_EDGE('',*,*,#7189,.F.);
#7191=ORIENTED_EDGE('',*,*,#7038,.T.);
#7193=ORIENTED_EDGE('',*,*,#7192,.T.);
#7195=ORIENTED_EDGE('',*,*,#7194,.T.);
#7197=ORIENTED_EDGE('',*,*,#7196,.F.);
#7198=EDGE_LOOP('',(#7188,#7190,#7191,#7193,#7195,#7197));
#7199=FACE_OUTER_BOUND('',#7198,.F.);
#7201=CARTESIAN_POINT('',(0.E0,2.9965E1,0.E0));
#7202=DIRECTION('',(0.E0,1.E0,0.E0));
#7203=DIRECTION('',(1.E0,0.E0,0.E0));
#7204=AXIS2_PLACEMENT_3D('',#7201,#7202,#7203);
#7205=PLANE('',#7204);
#7207=ORIENTED_EDGE('',*,*,#7206,.F.);
#7209=ORIENTED_EDGE('',*,*,#7208,.F.);
#7210=ORIENTED_EDGE('',*,*,#7090,.F.);
#7211=ORIENTED_EDGE('',*,*,#7174,.T.);
#7212=ORIENTED_EDGE('',*,*,#7014,.T.);
#7213=ORIENTED_EDGE('',*,*,#6188,.F.);
#7214=EDGE_LOOP('',(#7207,#7209,#7210,#7211,#7212,#7213));
#7215=FACE_OUTER_BOUND('',#7214,.F.);
#7217=CARTESIAN_POINT('',(3.25E0,2.8965E1,-1.359002338463E2));
#7218=DIRECTION('',(0.E0,0.E0,1.E0));
#7219=DIRECTION('',(0.E0,1.E0,0.E0));
#7220=AXIS2_PLACEMENT_3D('',#7217,#7218,#7219);
#7221=CYLINDRICAL_SURFACE('',#7220,1.E0);
#7223=ORIENTED_EDGE('',*,*,#7222,.T.);
#7225=ORIENTED_EDGE('',*,*,#7224,.F.);
#7227=ORIENTED_EDGE('',*,*,#7226,.T.);
#7228=ORIENTED_EDGE('',*,*,#7187,.T.);
#7229=EDGE_LOOP('',(#7223,#7225,#7227,#7228));
#7230=FACE_OUTER_BOUND('',#7229,.F.);
#7232=CARTESIAN_POINT('',(-1.96E1,1.4965E1,1.045E2));
#7233=DIRECTION('',(0.E0,0.E0,1.E0));
#7234=DIRECTION('',(1.E0,0.E0,0.E0));
#7235=AXIS2_PLACEMENT_3D('',#7232,#7233,#7234);
#7236=PLANE('',#7235);
#7238=ORIENTED_EDGE('',*,*,#7237,.F.);
#7240=ORIENTED_EDGE('',*,*,#7239,.F.);
#7242=ORIENTED_EDGE('',*,*,#7241,.F.);
#7243=ORIENTED_EDGE('',*,*,#6226,.T.);
#7244=EDGE_LOOP('',(#7238,#7240,#7242,#7243));
#7245=FACE_OUTER_BOUND('',#7244,.F.);
#7247=CARTESIAN_POINT('',(-1.96E1,1.4965E1,1.045E2));
#7248=DIRECTION('',(0.E0,0.E0,1.E0));
#7249=DIRECTION('',(1.E0,0.E0,0.E0));
#7250=AXIS2_PLACEMENT_3D('',#7247,#7248,#7249);
#7251=PLANE('',#7250);
#7252=ORIENTED_EDGE('',*,*,#7222,.F.);
#7253=ORIENTED_EDGE('',*,*,#7196,.T.);
#7255=ORIENTED_EDGE('',*,*,#7254,.T.);
#7257=ORIENTED_EDGE('',*,*,#7256,.F.);
#7259=ORIENTED_EDGE('',*,*,#7258,.T.);
#7260=ORIENTED_EDGE('',*,*,#6246,.T.);
#7262=ORIENTED_EDGE('',*,*,#7261,.F.);
#7263=EDGE_LOOP('',(#7252,#7253,#7255,#7257,#7259,#7260,#7262));
#7264=FACE_OUTER_BOUND('',#7263,.F.);
#7266=CARTESIAN_POINT('',(-1.244768648013E1,1.4965E1,1.045E2));
#7267=DIRECTION('',(-1.E0,0.E0,0.E0));
#7268=DIRECTION('',(0.E0,-1.E0,0.E0));
#7269=AXIS2_PLACEMENT_3D('',#7266,#7267,#7268);
#7270=PLANE('',#7269);
#7271=ORIENTED_EDGE('',*,*,#6224,.T.);
#7273=ORIENTED_EDGE('',*,*,#7272,.F.);
#7275=ORIENTED_EDGE('',*,*,#7274,.F.);
#7276=ORIENTED_EDGE('',*,*,#7237,.T.);
#7277=EDGE_LOOP('',(#7271,#7273,#7275,#7276));
#7278=FACE_OUTER_BOUND('',#7277,.F.);
#7280=CARTESIAN_POINT('',(-1.244768648013E1,1.4965E1,1.045E2));
#7281=DIRECTION('',(-1.E0,0.E0,0.E0));
#7282=DIRECTION('',(0.E0,-1.E0,0.E0));
#7283=AXIS2_PLACEMENT_3D('',#7280,#7281,#7282);
#7284=PLANE('',#7283);
#7285=ORIENTED_EDGE('',*,*,#6368,.T.);
#7287=ORIENTED_EDGE('',*,*,#7286,.F.);
#7289=ORIENTED_EDGE('',*,*,#7288,.F.);
#7290=ORIENTED_EDGE('',*,*,#6176,.F.);
#7291=EDGE_LOOP('',(#7285,#7287,#7289,#7290));
#7292=FACE_OUTER_BOUND('',#7291,.F.);
#7294=CARTESIAN_POINT('',(5.365636103758E0,1.4965E1,1.025E2));
#7295=DIRECTION('',(0.E0,0.E0,-1.E0));
#7296=DIRECTION('',(-1.E0,0.E0,0.E0));
#7297=AXIS2_PLACEMENT_3D('',#7294,#7295,#7296);
#7298=PLANE('',#7297);
#7299=ORIENTED_EDGE('',*,*,#7272,.T.);
#7300=ORIENTED_EDGE('',*,*,#6230,.F.);
#7302=ORIENTED_EDGE('',*,*,#7301,.F.);
#7304=ORIENTED_EDGE('',*,*,#7303,.T.);
#7305=EDGE_LOOP('',(#7299,#7300,#7302,#7304));
#7306=FACE_OUTER_BOUND('',#7305,.F.);
#7308=CARTESIAN_POINT('',(5.365636103758E0,1.4965E1,1.025E2));
#7309=DIRECTION('',(0.E0,0.E0,-1.E0));
#7310=DIRECTION('',(-1.E0,0.E0,0.E0));
#7311=AXIS2_PLACEMENT_3D('',#7308,#7309,#7310);
#7312=PLANE('',#7311);
#7313=ORIENTED_EDGE('',*,*,#7226,.F.);
#7315=ORIENTED_EDGE('',*,*,#7314,.T.);
#7316=ORIENTED_EDGE('',*,*,#6242,.F.);
#7318=ORIENTED_EDGE('',*,*,#7317,.F.);
#7320=ORIENTED_EDGE('',*,*,#7319,.T.);
#7321=ORIENTED_EDGE('',*,*,#7040,.T.);
#7322=ORIENTED_EDGE('',*,*,#7189,.T.);
#7323=EDGE_LOOP('',(#7313,#7315,#7316,#7318,#7320,#7321,#7322));
#7324=FACE_OUTER_BOUND('',#7323,.F.);
#7326=CARTESIAN_POINT('',(-1.96E1,1.4965E1,1.025E2));
#7327=DIRECTION('',(-1.E0,0.E0,0.E0));
#7328=DIRECTION('',(0.E0,0.E0,1.E0));
#7329=AXIS2_PLACEMENT_3D('',#7326,#7327,#7328);
#7330=PLANE('',#7329);
#7331=ORIENTED_EDGE('',*,*,#6228,.T.);
#7332=ORIENTED_EDGE('',*,*,#7241,.T.);
#7334=ORIENTED_EDGE('',*,*,#7333,.T.);
#7335=ORIENTED_EDGE('',*,*,#7301,.T.);
#7336=EDGE_LOOP('',(#7331,#7332,#7334,#7335));
#7337=FACE_OUTER_BOUND('',#7336,.F.);
#7339=CARTESIAN_POINT('',(0.E0,9.965E0,0.E0));
#7340=DIRECTION('',(0.E0,1.E0,0.E0));
#7341=DIRECTION('',(0.E0,0.E0,1.E0));
#7342=AXIS2_PLACEMENT_3D('',#7339,#7340,#7341);
#7343=PLANE('',#7342);
#7345=ORIENTED_EDGE('',*,*,#7344,.T.);
#7347=ORIENTED_EDGE('',*,*,#7346,.F.);
#7349=ORIENTED_EDGE('',*,*,#7348,.T.);
#7350=ORIENTED_EDGE('',*,*,#5955,.F.);
#7352=ORIENTED_EDGE('',*,*,#7351,.F.);
#7353=ORIENTED_EDGE('',*,*,#5808,.T.);
#7354=ORIENTED_EDGE('',*,*,#7042,.T.);
#7355=ORIENTED_EDGE('',*,*,#7319,.F.);
#7357=ORIENTED_EDGE('',*,*,#7356,.F.);
#7358=ORIENTED_EDGE('',*,*,#7256,.T.);
#7360=ORIENTED_EDGE('',*,*,#7359,.F.);
#7361=ORIENTED_EDGE('',*,*,#5824,.T.);
#7362=ORIENTED_EDGE('',*,*,#5979,.F.);
#7363=ORIENTED_EDGE('',*,*,#5934,.T.);
#7365=ORIENTED_EDGE('',*,*,#7364,.T.);
#7366=ORIENTED_EDGE('',*,*,#6951,.T.);
#7368=ORIENTED_EDGE('',*,*,#7367,.F.);
#7370=ORIENTED_EDGE('',*,*,#7369,.F.);
#7371=ORIENTED_EDGE('',*,*,#7094,.F.);
#7373=ORIENTED_EDGE('',*,*,#7372,.T.);
#7375=ORIENTED_EDGE('',*,*,#7374,.F.);
#7376=ORIENTED_EDGE('',*,*,#6178,.F.);
#7377=ORIENTED_EDGE('',*,*,#7288,.T.);
#7379=ORIENTED_EDGE('',*,*,#7378,.F.);
#7380=ORIENTED_EDGE('',*,*,#6212,.F.);
#7381=ORIENTED_EDGE('',*,*,#6199,.F.);
#7383=ORIENTED_EDGE('',*,*,#7382,.T.);
#7384=ORIENTED_EDGE('',*,*,#6113,.T.);
#7386=ORIENTED_EDGE('',*,*,#7385,.T.);
#7387=ORIENTED_EDGE('',*,*,#6192,.F.);
#7388=ORIENTED_EDGE('',*,*,#7011,.T.);
#7389=ORIENTED_EDGE('',*,*,#6941,.F.);
#7391=ORIENTED_EDGE('',*,*,#7390,.T.);
#7392=ORIENTED_EDGE('',*,*,#6828,.F.);
#7394=ORIENTED_EDGE('',*,*,#7393,.F.);
#7396=ORIENTED_EDGE('',*,*,#7395,.F.);
#7397=EDGE_LOOP('',(#7345,#7347,#7349,#7350,#7352,#7353,#7354,#7355,#7357,#7358,
#7360,#7361,#7362,#7363,#7365,#7366,#7368,#7370,#7371,#7373,#7375,#7376,#7377,
#7379,#7380,#7381,#7383,#7384,#7386,#7387,#7388,#7389,#7391,#7392,#7394,#7396));
#7398=FACE_OUTER_BOUND('',#7397,.F.);
#7399=ORIENTED_EDGE('',*,*,#7239,.T.);
#7400=ORIENTED_EDGE('',*,*,#7274,.T.);
#7401=ORIENTED_EDGE('',*,*,#7303,.F.);
#7402=ORIENTED_EDGE('',*,*,#7333,.F.);
#7403=EDGE_LOOP('',(#7399,#7400,#7401,#7402));
#7404=FACE_BOUND('',#7403,.F.);
#7406=CARTESIAN_POINT('',(2.294972066508E1,1.0965E1,5.687517001052E1));
#7407=DIRECTION('',(-7.071067811865E-1,7.071067811865E-1,0.E0));
#7408=DIRECTION('',(-7.071067811865E-1,-7.071067811865E-1,0.E0));
#7409=AXIS2_PLACEMENT_3D('',#7406,#7407,#7408);
#7410=PLANE('',#7409);
#7411=ORIENTED_EDGE('',*,*,#7344,.F.);
#7413=ORIENTED_EDGE('',*,*,#7412,.T.);
#7415=ORIENTED_EDGE('',*,*,#7414,.T.);
#7417=ORIENTED_EDGE('',*,*,#7416,.T.);
#7418=EDGE_LOOP('',(#7411,#7413,#7415,#7417));
#7419=FACE_OUTER_BOUND('',#7418,.F.);
#7421=CARTESIAN_POINT('',(2.394972066508E1,2.7565E1,5.087517001052E1));
#7422=DIRECTION('',(0.E0,0.E0,-1.E0));
#7423=DIRECTION('',(0.E0,-1.E0,0.E0));
#7424=AXIS2_PLACEMENT_3D('',#7421,#7422,#7423);
#7425=PLANE('',#7424);
#7427=ORIENTED_EDGE('',*,*,#7426,.T.);
#7428=ORIENTED_EDGE('',*,*,#7412,.F.);
#7429=ORIENTED_EDGE('',*,*,#7395,.T.);
#7431=ORIENTED_EDGE('',*,*,#7430,.T.);
#7433=ORIENTED_EDGE('',*,*,#7432,.F.);
#7434=EDGE_LOOP('',(#7427,#7428,#7429,#7431,#7433));
#7435=FACE_OUTER_BOUND('',#7434,.F.);
#7437=CARTESIAN_POINT('',(2.394972066508E1,0.E0,2.5E1));
#7438=DIRECTION('',(-1.E0,0.E0,0.E0));
#7439=DIRECTION('',(0.E0,0.E0,-1.E0));
#7440=AXIS2_PLACEMENT_3D('',#7437,#7438,#7439);
#7441=PLANE('',#7440);
#7442=ORIENTED_EDGE('',*,*,#7414,.F.);
#7443=ORIENTED_EDGE('',*,*,#7426,.F.);
#7445=ORIENTED_EDGE('',*,*,#7444,.F.);
#7447=ORIENTED_EDGE('',*,*,#7446,.F.);
#7448=EDGE_LOOP('',(#7442,#7443,#7445,#7447));
#7449=FACE_OUTER_BOUND('',#7448,.F.);
#7451=ORIENTED_EDGE('',*,*,#7450,.F.);
#7453=ORIENTED_EDGE('',*,*,#7452,.F.);
#7454=EDGE_LOOP('',(#7451,#7453));
#7455=FACE_BOUND('',#7454,.F.);
#7457=CARTESIAN_POINT('',(2.344972066508E1,2.7565E1,5.687517001052E1));
#7458=DIRECTION('',(-1.E0,0.E0,0.E0));
#7459=DIRECTION('',(0.E0,7.581471957957E-2,9.971219224824E-1));
#7460=AXIS2_PLACEMENT_3D('',#7457,#7458,#7459);
#7461=TOROIDAL_SURFACE('',#7460,3.5E0,5.E-1);
#7463=ORIENTED_EDGE('',*,*,#7462,.F.);
#7465=ORIENTED_EDGE('',*,*,#7464,.T.);
#7466=ORIENTED_EDGE('',*,*,#7450,.T.);
#7468=ORIENTED_EDGE('',*,*,#7467,.F.);
#7469=EDGE_LOOP('',(#7463,#7465,#7466,#7468));
#7470=FACE_OUTER_BOUND('',#7469,.F.);
#7472=CARTESIAN_POINT('',(3.044972066508E1,2.7565E1,5.687517001052E1));
#7473=DIRECTION('',(-1.E0,0.E0,0.E0));
#7474=DIRECTION('',(0.E0,0.E0,-1.E0));
#7475=AXIS2_PLACEMENT_3D('',#7472,#7473,#7474);
#7476=CYLINDRICAL_SURFACE('',#7475,3.E0);
#7477=ORIENTED_EDGE('',*,*,#7462,.T.);
#7479=ORIENTED_EDGE('',*,*,#7478,.T.);
#7481=ORIENTED_EDGE('',*,*,#7480,.T.);
#7483=ORIENTED_EDGE('',*,*,#7482,.F.);
#7484=EDGE_LOOP('',(#7477,#7479,#7481,#7483));
#7485=FACE_OUTER_BOUND('',#7484,.F.);
#7487=CARTESIAN_POINT('',(3.044972066508E1,2.7565E1,5.687517001052E1));
#7488=DIRECTION('',(-1.E0,0.E0,0.E0));
#7489=DIRECTION('',(0.E0,0.E0,-1.E0));
#7490=AXIS2_PLACEMENT_3D('',#7487,#7488,#7489);
#7491=CYLINDRICAL_SURFACE('',#7490,3.E0);
#7493=ORIENTED_EDGE('',*,*,#7492,.T.);
#7494=ORIENTED_EDGE('',*,*,#7482,.T.);
#7496=ORIENTED_EDGE('',*,*,#7495,.T.);
#7497=ORIENTED_EDGE('',*,*,#7478,.F.);
#7498=EDGE_LOOP('',(#7493,#7494,#7496,#7497));
#7499=FACE_OUTER_BOUND('',#7498,.F.);
#7501=CARTESIAN_POINT('',(2.344972066508E1,2.7565E1,5.687517001052E1));
#7502=DIRECTION('',(-1.E0,0.E0,0.E0));
#7503=DIRECTION('',(0.E0,-7.581471957958E-2,-9.971219224824E-1));
#7504=AXIS2_PLACEMENT_3D('',#7501,#7502,#7503);
#7505=TOROIDAL_SURFACE('',#7504,3.5E0,5.E-1);
#7506=ORIENTED_EDGE('',*,*,#7492,.F.);
#7507=ORIENTED_EDGE('',*,*,#7467,.T.);
#7508=ORIENTED_EDGE('',*,*,#7452,.T.);
#7509=ORIENTED_EDGE('',*,*,#7464,.F.);
#7510=EDGE_LOOP('',(#7506,#7507,#7508,#7509));
#7511=FACE_OUTER_BOUND('',#7510,.F.);
#7513=CARTESIAN_POINT('',(2.334972066508E1,0.E0,2.5E1));
#7514=DIRECTION('',(-1.E0,0.E0,0.E0));
#7515=DIRECTION('',(0.E0,0.E0,-1.E0));
#7516=AXIS2_PLACEMENT_3D('',#7513,#7514,#7515);
#7517=PLANE('',#7516);
#7518=ORIENTED_EDGE('',*,*,#7480,.F.);
#7519=ORIENTED_EDGE('',*,*,#7495,.F.);
#7520=EDGE_LOOP('',(#7518,#7519));
#7521=FACE_OUTER_BOUND('',#7520,.F.);
#7523=ORIENTED_EDGE('',*,*,#7522,.T.);
#7525=ORIENTED_EDGE('',*,*,#7524,.T.);
#7526=EDGE_LOOP('',(#7523,#7525));
#7527=FACE_BOUND('',#7526,.F.);
#7529=CARTESIAN_POINT('',(3.044972066508E1,2.7565E1,5.687517001052E1));
#7530=DIRECTION('',(-1.E0,0.E0,0.E0));
#7531=DIRECTION('',(0.E0,0.E0,-1.E0));
#7532=AXIS2_PLACEMENT_3D('',#7529,#7530,#7531);
#7533=CYLINDRICAL_SURFACE('',#7532,2.E0);
#7535=ORIENTED_EDGE('',*,*,#7534,.F.);
#7536=ORIENTED_EDGE('',*,*,#7522,.F.);
#7538=ORIENTED_EDGE('',*,*,#7537,.F.);
#7540=ORIENTED_EDGE('',*,*,#7539,.T.);
#7541=EDGE_LOOP('',(#7535,#7536,#7538,#7540));
#7542=FACE_OUTER_BOUND('',#7541,.F.);
#7544=CARTESIAN_POINT('',(3.044972066508E1,2.7565E1,5.687517001052E1));
#7545=DIRECTION('',(-1.E0,0.E0,0.E0));
#7546=DIRECTION('',(0.E0,0.E0,-1.E0));
#7547=AXIS2_PLACEMENT_3D('',#7544,#7545,#7546);
#7548=CYLINDRICAL_SURFACE('',#7547,2.E0);
#7549=ORIENTED_EDGE('',*,*,#7537,.T.);
#7550=ORIENTED_EDGE('',*,*,#7524,.F.);
#7551=ORIENTED_EDGE('',*,*,#7534,.T.);
#7553=ORIENTED_EDGE('',*,*,#7552,.T.);
#7554=EDGE_LOOP('',(#7549,#7550,#7551,#7553));
#7555=FACE_OUTER_BOUND('',#7554,.F.);
#7557=CARTESIAN_POINT('',(1.844972066508E1,0.E0,2.5E1));
#7558=DIRECTION('',(-1.E0,0.E0,0.E0));
#7559=DIRECTION('',(0.E0,0.E0,-1.E0));
#7560=AXIS2_PLACEMENT_3D('',#7557,#7558,#7559);
#7561=PLANE('',#7560);
#7562=ORIENTED_EDGE('',*,*,#7552,.F.);
#7563=ORIENTED_EDGE('',*,*,#7539,.F.);
#7564=EDGE_LOOP('',(#7562,#7563));
#7565=FACE_OUTER_BOUND('',#7564,.F.);
#7567=CARTESIAN_POINT('',(3.044972066508E1,2.7565E1,5.687517001052E1));
#7568=DIRECTION('',(-1.E0,0.E0,0.E0));
#7569=DIRECTION('',(0.E0,1.E0,0.E0));
#7570=AXIS2_PLACEMENT_3D('',#7567,#7568,#7569);
#7571=CYLINDRICAL_SURFACE('',#7570,6.E0);
#7573=ORIENTED_EDGE('',*,*,#7572,.T.);
#7575=ORIENTED_EDGE('',*,*,#7574,.T.);
#7577=ORIENTED_EDGE('',*,*,#7576,.T.);
#7578=ORIENTED_EDGE('',*,*,#7444,.T.);
#7579=ORIENTED_EDGE('',*,*,#7432,.T.);
#7581=ORIENTED_EDGE('',*,*,#7580,.T.);
#7582=EDGE_LOOP('',(#7573,#7575,#7577,#7578,#7579,#7581));
#7583=FACE_OUTER_BOUND('',#7582,.F.);
#7585=CARTESIAN_POINT('',(3.044972066508E1,2.9965E1,2.5E1));
#7586=DIRECTION('',(-1.E0,0.E0,0.E0));
#7587=DIRECTION('',(0.E0,-1.E0,0.E0));
#7588=AXIS2_PLACEMENT_3D('',#7585,#7586,#7587);
#7589=PLANE('',#7588);
#7590=ORIENTED_EDGE('',*,*,#7572,.F.);
#7592=ORIENTED_EDGE('',*,*,#7591,.F.);
#7593=EDGE_LOOP('',(#7590,#7592));
#7594=FACE_OUTER_BOUND('',#7593,.F.);
#7596=CARTESIAN_POINT('',(-1.44288E2,2.5965E1,5.558535893456E1));
#7597=DIRECTION('',(1.E0,0.E0,0.E0));
#7598=DIRECTION('',(0.E0,1.E0,0.E0));
#7599=AXIS2_PLACEMENT_3D('',#7596,#7597,#7598);
#7600=CYLINDRICAL_SURFACE('',#7599,8.E0);
#7602=ORIENTED_EDGE('',*,*,#7601,.T.);
#7604=ORIENTED_EDGE('',*,*,#7603,.F.);
#7606=ORIENTED_EDGE('',*,*,#7605,.T.);
#7607=ORIENTED_EDGE('',*,*,#7591,.T.);
#7609=ORIENTED_EDGE('',*,*,#7608,.T.);
#7611=ORIENTED_EDGE('',*,*,#7610,.T.);
#7612=EDGE_LOOP('',(#7602,#7604,#7606,#7607,#7609,#7611));
#7613=FACE_OUTER_BOUND('',#7612,.F.);
#7615=CARTESIAN_POINT('',(4.E1,-8.255E0,2.5E1));
#7616=DIRECTION('',(1.E0,0.E0,0.E0));
#7617=DIRECTION('',(0.E0,1.E0,0.E0));
#7618=AXIS2_PLACEMENT_3D('',#7615,#7616,#7617);
#7619=PLANE('',#7618);
#7620=ORIENTED_EDGE('',*,*,#7601,.F.);
#7622=ORIENTED_EDGE('',*,*,#7621,.F.);
#7624=ORIENTED_EDGE('',*,*,#7623,.F.);
#7625=ORIENTED_EDGE('',*,*,#6822,.F.);
#7627=ORIENTED_EDGE('',*,*,#7626,.F.);
#7628=ORIENTED_EDGE('',*,*,#6984,.F.);
#7630=ORIENTED_EDGE('',*,*,#7629,.F.);
#7632=ORIENTED_EDGE('',*,*,#7631,.F.);
#7633=EDGE_LOOP('',(#7620,#7622,#7624,#7625,#7627,#7628,#7630,#7632));
#7634=FACE_OUTER_BOUND('',#7633,.F.);
#7636=ORIENTED_EDGE('',*,*,#7635,.T.);
#7638=ORIENTED_EDGE('',*,*,#7637,.F.);
#7640=ORIENTED_EDGE('',*,*,#7639,.T.);
#7642=ORIENTED_EDGE('',*,*,#7641,.T.);
#7644=ORIENTED_EDGE('',*,*,#7643,.T.);
#7646=ORIENTED_EDGE('',*,*,#7645,.F.);
#7648=ORIENTED_EDGE('',*,*,#7647,.T.);
#7650=ORIENTED_EDGE('',*,*,#7649,.T.);
#7651=EDGE_LOOP('',(#7636,#7638,#7640,#7642,#7644,#7646,#7648,#7650));
#7652=FACE_BOUND('',#7651,.F.);
#7654=CARTESIAN_POINT('',(4.E1,2.993492462264E1,4.06E1));
#7655=DIRECTION('',(0.E0,0.E0,1.E0));
#7656=DIRECTION('',(0.E0,-1.E0,0.E0));
#7657=AXIS2_PLACEMENT_3D('',#7654,#7655,#7656);
#7658=PLANE('',#7657);
#7659=ORIENTED_EDGE('',*,*,#7635,.F.);
#7661=ORIENTED_EDGE('',*,*,#7660,.T.);
#7663=ORIENTED_EDGE('',*,*,#7662,.T.);
#7665=ORIENTED_EDGE('',*,*,#7664,.F.);
#7666=EDGE_LOOP('',(#7659,#7661,#7663,#7665));
#7667=FACE_OUTER_BOUND('',#7666,.F.);
#7669=CARTESIAN_POINT('',(4.E1,2.993492462264E1,4.06E1));
#7670=DIRECTION('',(0.E0,0.E0,1.E0));
#7671=DIRECTION('',(0.E0,-1.E0,0.E0));
#7672=AXIS2_PLACEMENT_3D('',#7669,#7670,#7671);
#7673=PLANE('',#7672);
#7674=ORIENTED_EDGE('',*,*,#7639,.F.);
#7676=ORIENTED_EDGE('',*,*,#7675,.T.);
#7678=ORIENTED_EDGE('',*,*,#7677,.T.);
#7680=ORIENTED_EDGE('',*,*,#7679,.F.);
#7681=EDGE_LOOP('',(#7674,#7676,#7678,#7680));
#7682=FACE_OUTER_BOUND('',#7681,.F.);
#7684=CARTESIAN_POINT('',(4.E1,2.993492462264E1,3.94E1));
#7685=DIRECTION('',(0.E0,1.E0,0.E0));
#7686=DIRECTION('',(0.E0,0.E0,1.E0));
#7687=AXIS2_PLACEMENT_3D('',#7684,#7685,#7686);
#7688=PLANE('',#7687);
#7689=ORIENTED_EDGE('',*,*,#7649,.F.);
#7691=ORIENTED_EDGE('',*,*,#7690,.T.);
#7693=ORIENTED_EDGE('',*,*,#7692,.T.);
#7694=ORIENTED_EDGE('',*,*,#7660,.F.);
#7695=EDGE_LOOP('',(#7689,#7691,#7693,#7694));
#7696=FACE_OUTER_BOUND('',#7695,.F.);
#7698=CARTESIAN_POINT('',(4.E1,1.799507537736E1,3.94E1));
#7699=DIRECTION('',(0.E0,0.E0,-1.E0));
#7700=DIRECTION('',(0.E0,1.E0,0.E0));
#7701=AXIS2_PLACEMENT_3D('',#7698,#7699,#7700);
#7702=PLANE('',#7701);
#7703=ORIENTED_EDGE('',*,*,#7643,.F.);
#7705=ORIENTED_EDGE('',*,*,#7704,.T.);
#7707=ORIENTED_EDGE('',*,*,#7706,.T.);
#7709=ORIENTED_EDGE('',*,*,#7708,.F.);
#7710=EDGE_LOOP('',(#7703,#7705,#7707,#7709));
#7711=FACE_OUTER_BOUND('',#7710,.F.);
#7713=CARTESIAN_POINT('',(4.E1,1.799507537736E1,3.94E1));
#7714=DIRECTION('',(0.E0,0.E0,-1.E0));
#7715=DIRECTION('',(0.E0,1.E0,0.E0));
#7716=AXIS2_PLACEMENT_3D('',#7713,#7714,#7715);
#7717=PLANE('',#7716);
#7718=ORIENTED_EDGE('',*,*,#7647,.F.);
#7720=ORIENTED_EDGE('',*,*,#7719,.T.);
#7722=ORIENTED_EDGE('',*,*,#7721,.T.);
#7723=ORIENTED_EDGE('',*,*,#7690,.F.);
#7724=EDGE_LOOP('',(#7718,#7720,#7722,#7723));
#7725=FACE_OUTER_BOUND('',#7724,.F.);
#7727=CARTESIAN_POINT('',(4.E1,1.799507537736E1,4.06E1));
#7728=DIRECTION('',(0.E0,-1.E0,0.E0));
#7729=DIRECTION('',(0.E0,0.E0,-1.E0));
#7730=AXIS2_PLACEMENT_3D('',#7727,#7728,#7729);
#7731=PLANE('',#7730);
#7732=ORIENTED_EDGE('',*,*,#7641,.F.);
#7733=ORIENTED_EDGE('',*,*,#7679,.T.);
#7735=ORIENTED_EDGE('',*,*,#7734,.T.);
#7736=ORIENTED_EDGE('',*,*,#7704,.F.);
#7737=EDGE_LOOP('',(#7732,#7733,#7735,#7736));
#7738=FACE_OUTER_BOUND('',#7737,.F.);
#7740=CARTESIAN_POINT('',(3.5E1,0.E0,0.E0));
#7741=DIRECTION('',(1.E0,0.E0,0.E0));
#7742=DIRECTION('',(0.E0,-1.E0,0.E0));
#7743=AXIS2_PLACEMENT_3D('',#7740,#7741,#7742);
#7744=PLANE('',#7743);
#7745=ORIENTED_EDGE('',*,*,#7662,.F.);
#7747=ORIENTED_EDGE('',*,*,#7746,.T.);
#7748=ORIENTED_EDGE('',*,*,#7677,.F.);
#7750=ORIENTED_EDGE('',*,*,#7749,.T.);
#7751=EDGE_LOOP('',(#7745,#7747,#7748,#7750));
#7752=FACE_OUTER_BOUND('',#7751,.F.);
#7754=CARTESIAN_POINT('',(3.5E1,0.E0,0.E0));
#7755=DIRECTION('',(1.E0,0.E0,0.E0));
#7756=DIRECTION('',(0.E0,-1.E0,0.E0));
#7757=AXIS2_PLACEMENT_3D('',#7754,#7755,#7756);
#7758=PLANE('',#7757);
#7759=ORIENTED_EDGE('',*,*,#7734,.F.);
#7761=ORIENTED_EDGE('',*,*,#7760,.T.);
#7763=ORIENTED_EDGE('',*,*,#7762,.T.);
#7764=EDGE_LOOP('',(#7759,#7761,#7763));
#7765=FACE_OUTER_BOUND('',#7764,.F.);
#7767=CARTESIAN_POINT('',(3.5E1,0.E0,0.E0));
#7768=DIRECTION('',(1.E0,0.E0,0.E0));
#7769=DIRECTION('',(0.E0,-1.E0,0.E0));
#7770=AXIS2_PLACEMENT_3D('',#7767,#7768,#7769);
#7771=PLANE('',#7770);
#7772=ORIENTED_EDGE('',*,*,#7706,.F.);
#7774=ORIENTED_EDGE('',*,*,#7773,.T.);
#7775=ORIENTED_EDGE('',*,*,#7721,.F.);
#7777=ORIENTED_EDGE('',*,*,#7776,.T.);
#7778=EDGE_LOOP('',(#7772,#7774,#7775,#7777));
#7779=FACE_OUTER_BOUND('',#7778,.F.);
#7781=CARTESIAN_POINT('',(3.5E1,0.E0,0.E0));
#7782=DIRECTION('',(1.E0,0.E0,0.E0));
#7783=DIRECTION('',(0.E0,-1.E0,0.E0));
#7784=AXIS2_PLACEMENT_3D('',#7781,#7782,#7783);
#7785=PLANE('',#7784);
#7786=ORIENTED_EDGE('',*,*,#7692,.F.);
#7788=ORIENTED_EDGE('',*,*,#7787,.T.);
#7790=ORIENTED_EDGE('',*,*,#7789,.T.);
#7791=EDGE_LOOP('',(#7786,#7788,#7790));
#7792=FACE_OUTER_BOUND('',#7791,.F.);
#7794=CARTESIAN_POINT('',(-3.5E1,2.3965E1,4.E1));
#7795=DIRECTION('',(1.E0,0.E0,0.E0));
#7796=DIRECTION('',(0.E0,-1.E0,0.E0));
#7797=AXIS2_PLACEMENT_3D('',#7794,#7795,#7796);
#7798=CYLINDRICAL_SURFACE('',#7797,6.E0);
#7800=ORIENTED_EDGE('',*,*,#7799,.T.);
#7802=ORIENTED_EDGE('',*,*,#7801,.T.);
#7804=ORIENTED_EDGE('',*,*,#7803,.T.);
#7806=ORIENTED_EDGE('',*,*,#7805,.F.);
#7807=EDGE_LOOP('',(#7800,#7802,#7804,#7806));
#7808=FACE_OUTER_BOUND('',#7807,.F.);
#7810=CARTESIAN_POINT('',(-3.5E1,2.3965E1,4.E1));
#7811=DIRECTION('',(1.E0,0.E0,0.E0));
#7812=DIRECTION('',(0.E0,-1.E0,0.E0));
#7813=AXIS2_PLACEMENT_3D('',#7810,#7811,#7812);
#7814=CYLINDRICAL_SURFACE('',#7813,6.E0);
#7815=ORIENTED_EDGE('',*,*,#7789,.F.);
#7817=ORIENTED_EDGE('',*,*,#7816,.F.);
#7819=ORIENTED_EDGE('',*,*,#7818,.T.);
#7821=ORIENTED_EDGE('',*,*,#7820,.T.);
#7822=ORIENTED_EDGE('',*,*,#7760,.F.);
#7823=ORIENTED_EDGE('',*,*,#7746,.F.);
#7824=EDGE_LOOP('',(#7815,#7817,#7819,#7821,#7822,#7823));
#7825=FACE_OUTER_BOUND('',#7824,.F.);
#7827=CARTESIAN_POINT('',(-2.95E1,0.E0,0.E0));
#7828=DIRECTION('',(1.E0,0.E0,0.E0));
#7829=DIRECTION('',(0.E0,1.E0,0.E0));
#7830=AXIS2_PLACEMENT_3D('',#7827,#7828,#7829);
#7831=PLANE('',#7830);
#7832=ORIENTED_EDGE('',*,*,#7799,.F.);
#7834=ORIENTED_EDGE('',*,*,#7833,.F.);
#7836=ORIENTED_EDGE('',*,*,#7835,.F.);
#7838=ORIENTED_EDGE('',*,*,#7837,.F.);
#7839=EDGE_LOOP('',(#7832,#7834,#7836,#7838));
#7840=FACE_OUTER_BOUND('',#7839,.F.);
#7842=CARTESIAN_POINT('',(0.E0,2.3965E1,1.11E2));
#7843=DIRECTION('',(0.E0,1.E0,0.E0));
#7844=DIRECTION('',(0.E0,0.E0,-1.E0));
#7845=AXIS2_PLACEMENT_3D('',#7842,#7843,#7844);
#7846=PLANE('',#7845);
#7848=ORIENTED_EDGE('',*,*,#7847,.F.);
#7850=ORIENTED_EDGE('',*,*,#7849,.T.);
#7851=ORIENTED_EDGE('',*,*,#7833,.T.);
#7852=ORIENTED_EDGE('',*,*,#7805,.T.);
#7854=ORIENTED_EDGE('',*,*,#7853,.F.);
#7855=ORIENTED_EDGE('',*,*,#6960,.F.);
#7857=ORIENTED_EDGE('',*,*,#7856,.F.);
#7858=ORIENTED_EDGE('',*,*,#6835,.F.);
#7860=ORIENTED_EDGE('',*,*,#7859,.F.);
#7861=ORIENTED_EDGE('',*,*,#7801,.F.);
#7862=ORIENTED_EDGE('',*,*,#7837,.T.);
#7864=ORIENTED_EDGE('',*,*,#7863,.F.);
#7865=EDGE_LOOP('',(#7848,#7850,#7851,#7852,#7854,#7855,#7857,#7858,#7860,#7861,
#7862,#7864));
#7866=FACE_OUTER_BOUND('',#7865,.F.);
#7868=ORIENTED_EDGE('',*,*,#7867,.T.);
#7870=ORIENTED_EDGE('',*,*,#7869,.T.);
#7871=EDGE_LOOP('',(#7868,#7870));
#7872=FACE_BOUND('',#7871,.F.);
#7874=ORIENTED_EDGE('',*,*,#7873,.T.);
#7876=ORIENTED_EDGE('',*,*,#7875,.T.);
#7877=EDGE_LOOP('',(#7874,#7876));
#7878=FACE_BOUND('',#7877,.F.);
#7880=CARTESIAN_POINT('',(-3.226797048358E1,2.3965E1,2.978377274617E1));
#7881=DIRECTION('',(0.E0,1.E0,0.E0));
#7882=DIRECTION('',(1.E0,0.E0,0.E0));
#7883=AXIS2_PLACEMENT_3D('',#7880,#7881,#7882);
#7884=CYLINDRICAL_SURFACE('',#7883,2.15E0);
#7885=ORIENTED_EDGE('',*,*,#7873,.F.);
#7887=ORIENTED_EDGE('',*,*,#7886,.T.);
#7889=ORIENTED_EDGE('',*,*,#7888,.T.);
#7891=ORIENTED_EDGE('',*,*,#7890,.F.);
#7892=EDGE_LOOP('',(#7885,#7887,#7889,#7891));
#7893=FACE_OUTER_BOUND('',#7892,.F.);
#7895=CARTESIAN_POINT('',(-3.226797048358E1,2.3965E1,2.978377274617E1));
#7896=DIRECTION('',(0.E0,1.E0,0.E0));
#7897=DIRECTION('',(1.E0,0.E0,0.E0));
#7898=AXIS2_PLACEMENT_3D('',#7895,#7896,#7897);
#7899=CYLINDRICAL_SURFACE('',#7898,2.15E0);
#7900=ORIENTED_EDGE('',*,*,#7875,.F.);
#7901=ORIENTED_EDGE('',*,*,#7890,.T.);
#7903=ORIENTED_EDGE('',*,*,#7902,.T.);
#7904=ORIENTED_EDGE('',*,*,#7886,.F.);
#7905=EDGE_LOOP('',(#7900,#7901,#7903,#7904));
#7906=FACE_OUTER_BOUND('',#7905,.F.);
#7908=CARTESIAN_POINT('',(0.E0,1.8965E1,1.11E2));
#7909=DIRECTION('',(0.E0,1.E0,0.E0));
#7910=DIRECTION('',(1.E0,0.E0,0.E0));
#7911=AXIS2_PLACEMENT_3D('',#7908,#7909,#7910);
#7912=PLANE('',#7911);
#7913=ORIENTED_EDGE('',*,*,#7888,.F.);
#7914=ORIENTED_EDGE('',*,*,#7902,.F.);
#7915=EDGE_LOOP('',(#7913,#7914));
#7916=FACE_OUTER_BOUND('',#7915,.F.);
#7918=CARTESIAN_POINT('',(0.E0,1.8965E1,1.11E2));
#7919=DIRECTION('',(0.E0,1.E0,0.E0));
#7920=DIRECTION('',(1.E0,0.E0,0.E0));
#7921=AXIS2_PLACEMENT_3D('',#7918,#7919,#7920);
#7922=PLANE('',#7921);
#7924=ORIENTED_EDGE('',*,*,#7923,.F.);
#7926=ORIENTED_EDGE('',*,*,#7925,.F.);
#7927=EDGE_LOOP('',(#7924,#7926));
#7928=FACE_OUTER_BOUND('',#7927,.F.);
#7930=CARTESIAN_POINT('',(-3.226797048358E1,2.3965E1,5.021622725383E1));
#7931=DIRECTION('',(0.E0,1.E0,0.E0));
#7932=DIRECTION('',(1.E0,0.E0,0.E0));
#7933=AXIS2_PLACEMENT_3D('',#7930,#7931,#7932);
#7934=CYLINDRICAL_SURFACE('',#7933,2.15E0);
#7935=ORIENTED_EDGE('',*,*,#7867,.F.);
#7937=ORIENTED_EDGE('',*,*,#7936,.T.);
#7938=ORIENTED_EDGE('',*,*,#7923,.T.);
#7940=ORIENTED_EDGE('',*,*,#7939,.F.);
#7941=EDGE_LOOP('',(#7935,#7937,#7938,#7940));
#7942=FACE_OUTER_BOUND('',#7941,.F.);
#7944=CARTESIAN_POINT('',(-3.226797048358E1,2.3965E1,5.021622725383E1));
#7945=DIRECTION('',(0.E0,1.E0,0.E0));
#7946=DIRECTION('',(1.E0,0.E0,0.E0));
#7947=AXIS2_PLACEMENT_3D('',#7944,#7945,#7946);
#7948=CYLINDRICAL_SURFACE('',#7947,2.15E0);
#7949=ORIENTED_EDGE('',*,*,#7869,.F.);
#7950=ORIENTED_EDGE('',*,*,#7939,.T.);
#7951=ORIENTED_EDGE('',*,*,#7925,.T.);
#7952=ORIENTED_EDGE('',*,*,#7936,.F.);
#7953=EDGE_LOOP('',(#7949,#7950,#7951,#7952));
#7954=FACE_OUTER_BOUND('',#7953,.F.);
#7956=CARTESIAN_POINT('',(-3.5E1,0.E0,0.E0));
#7957=DIRECTION('',(1.E0,0.E0,0.E0));
#7958=DIRECTION('',(0.E0,-1.E0,0.E0));
#7959=AXIS2_PLACEMENT_3D('',#7956,#7957,#7958);
#7960=PLANE('',#7959);
#7962=ORIENTED_EDGE('',*,*,#7961,.F.);
#7963=ORIENTED_EDGE('',*,*,#7847,.T.);
#7964=EDGE_LOOP('',(#7962,#7963));
#7965=FACE_OUTER_BOUND('',#7964,.F.);
#7967=CARTESIAN_POINT('',(-3.5E1,2.3965E1,4.E1));
#7968=DIRECTION('',(1.E0,0.E0,0.E0));
#7969=DIRECTION('',(0.E0,1.E0,0.E0));
#7970=AXIS2_PLACEMENT_3D('',#7967,#7968,#7969);
#7971=CYLINDRICAL_SURFACE('',#7970,4.5E0);
#7972=ORIENTED_EDGE('',*,*,#7961,.T.);
#7973=ORIENTED_EDGE('',*,*,#7863,.T.);
#7974=ORIENTED_EDGE('',*,*,#7835,.T.);
#7975=ORIENTED_EDGE('',*,*,#7849,.F.);
#7976=EDGE_LOOP('',(#7972,#7973,#7974,#7975));
#7977=FACE_OUTER_BOUND('',#7976,.F.);
#7979=CARTESIAN_POINT('',(-2.5E1,1.4965E1,5.5E1));
#7980=DIRECTION('',(1.E0,0.E0,0.E0));
#7981=DIRECTION('',(0.E0,0.E0,-1.E0));
#7982=AXIS2_PLACEMENT_3D('',#7979,#7980,#7981);
#7983=PLANE('',#7982);
#7984=ORIENTED_EDGE('',*,*,#7803,.F.);
#7985=ORIENTED_EDGE('',*,*,#7859,.T.);
#7986=ORIENTED_EDGE('',*,*,#6833,.F.);
#7987=ORIENTED_EDGE('',*,*,#6277,.T.);
#7988=ORIENTED_EDGE('',*,*,#6962,.T.);
#7989=ORIENTED_EDGE('',*,*,#7853,.T.);
#7990=EDGE_LOOP('',(#7984,#7985,#7986,#7987,#7988,#7989));
#7991=FACE_OUTER_BOUND('',#7990,.F.);
#7993=CARTESIAN_POINT('',(-4.E1,1.4965E1,2.5E1));
#7994=DIRECTION('',(-1.E0,0.E0,0.E0));
#7995=DIRECTION('',(0.E0,-1.E0,0.E0));
#7996=AXIS2_PLACEMENT_3D('',#7993,#7994,#7995);
#7997=PLANE('',#7996);
#7998=ORIENTED_EDGE('',*,*,#6837,.T.);
#7999=ORIENTED_EDGE('',*,*,#7856,.T.);
#8000=ORIENTED_EDGE('',*,*,#6958,.T.);
#8002=ORIENTED_EDGE('',*,*,#8001,.T.);
#8003=EDGE_LOOP('',(#7998,#7999,#8000,#8002));
#8004=FACE_OUTER_BOUND('',#8003,.F.);
#8006=CARTESIAN_POINT('',(-3.4E1,-2.255E0,2.556996E2));
#8007=DIRECTION('',(0.E0,0.E0,-1.E0));
#8008=DIRECTION('',(0.E0,-1.E0,0.E0));
#8009=AXIS2_PLACEMENT_3D('',#8006,#8007,#8008);
#8010=CYLINDRICAL_SURFACE('',#8009,6.E0);
#8011=ORIENTED_EDGE('',*,*,#6839,.T.);
#8012=ORIENTED_EDGE('',*,*,#8001,.F.);
#8013=ORIENTED_EDGE('',*,*,#6956,.T.);
#8014=ORIENTED_EDGE('',*,*,#6069,.T.);
#8015=EDGE_LOOP('',(#8011,#8012,#8013,#8014));
#8016=FACE_OUTER_BOUND('',#8015,.F.);
#8018=CARTESIAN_POINT('',(-3.5E1,2.3965E1,4.E1));
#8019=DIRECTION('',(1.E0,0.E0,0.E0));
#8020=DIRECTION('',(0.E0,-1.E0,0.E0));
#8021=AXIS2_PLACEMENT_3D('',#8018,#8019,#8020);
#8022=CYLINDRICAL_SURFACE('',#8021,6.E0);
#8023=ORIENTED_EDGE('',*,*,#7762,.F.);
#8024=ORIENTED_EDGE('',*,*,#7820,.F.);
#8026=ORIENTED_EDGE('',*,*,#8025,.T.);
#8027=ORIENTED_EDGE('',*,*,#7816,.T.);
#8028=ORIENTED_EDGE('',*,*,#7787,.F.);
#8029=ORIENTED_EDGE('',*,*,#7773,.F.);
#8030=EDGE_LOOP('',(#8023,#8024,#8026,#8027,#8028,#8029));
#8031=FACE_OUTER_BOUND('',#8030,.F.);
#8033=CARTESIAN_POINT('',(3.044972066508E1,2.9965E1,2.5E1));
#8034=DIRECTION('',(-1.E0,0.E0,0.E0));
#8035=DIRECTION('',(0.E0,-1.E0,0.E0));
#8036=AXIS2_PLACEMENT_3D('',#8033,#8034,#8035);
#8037=PLANE('',#8036);
#8038=ORIENTED_EDGE('',*,*,#7605,.F.);
#8040=ORIENTED_EDGE('',*,*,#8039,.T.);
#8042=ORIENTED_EDGE('',*,*,#8041,.T.);
#8044=ORIENTED_EDGE('',*,*,#8043,.T.);
#8045=ORIENTED_EDGE('',*,*,#7574,.F.);
#8046=EDGE_LOOP('',(#8038,#8040,#8042,#8044,#8045));
#8047=FACE_OUTER_BOUND('',#8046,.F.);
#8049=CARTESIAN_POINT('',(3.044972066508E1,2.9965E1,2.5E1));
#8050=DIRECTION('',(-1.E0,0.E0,0.E0));
#8051=DIRECTION('',(0.E0,-1.E0,0.E0));
#8052=AXIS2_PLACEMENT_3D('',#8049,#8050,#8051);
#8053=PLANE('',#8052);
#8054=ORIENTED_EDGE('',*,*,#7608,.F.);
#8055=ORIENTED_EDGE('',*,*,#7580,.F.);
#8056=ORIENTED_EDGE('',*,*,#7430,.F.);
#8057=ORIENTED_EDGE('',*,*,#7393,.T.);
#8058=ORIENTED_EDGE('',*,*,#6826,.T.);
#8060=ORIENTED_EDGE('',*,*,#8059,.F.);
#8062=ORIENTED_EDGE('',*,*,#8061,.T.);
#8063=EDGE_LOOP('',(#8054,#8055,#8056,#8057,#8058,#8060,#8062));
#8064=FACE_OUTER_BOUND('',#8063,.F.);
#8065=ORIENTED_EDGE('',*,*,#8025,.F.);
#8066=ORIENTED_EDGE('',*,*,#7818,.F.);
#8067=EDGE_LOOP('',(#8065,#8066));
#8068=FACE_BOUND('',#8067,.F.);
#8070=CARTESIAN_POINT('',(4.E1,9.965E0,6.358535893456E1));
#8071=DIRECTION('',(0.E0,0.E0,-1.E0));
#8072=DIRECTION('',(0.E0,1.E0,0.E0));
#8073=AXIS2_PLACEMENT_3D('',#8070,#8071,#8072);
#8074=PLANE('',#8073);
#8075=ORIENTED_EDGE('',*,*,#7603,.T.);
#8076=ORIENTED_EDGE('',*,*,#7631,.T.);
#8078=ORIENTED_EDGE('',*,*,#8077,.F.);
#8079=ORIENTED_EDGE('',*,*,#8039,.F.);
#8080=EDGE_LOOP('',(#8075,#8076,#8078,#8079));
#8081=FACE_OUTER_BOUND('',#8080,.F.);
#8083=CARTESIAN_POINT('',(4.E1,9.965E0,6.869517001052E1));
#8084=DIRECTION('',(0.E0,-1.E0,0.E0));
#8085=DIRECTION('',(0.E0,0.E0,-1.E0));
#8086=AXIS2_PLACEMENT_3D('',#8083,#8084,#8085);
#8087=PLANE('',#8086);
#8089=ORIENTED_EDGE('',*,*,#8088,.F.);
#8091=ORIENTED_EDGE('',*,*,#8090,.T.);
#8092=ORIENTED_EDGE('',*,*,#8041,.F.);
#8093=ORIENTED_EDGE('',*,*,#8077,.T.);
#8094=ORIENTED_EDGE('',*,*,#7629,.T.);
#8095=ORIENTED_EDGE('',*,*,#6982,.T.);
#8096=EDGE_LOOP('',(#8089,#8091,#8092,#8093,#8094,#8095));
#8097=FACE_OUTER_BOUND('',#8096,.F.);
#8099=CARTESIAN_POINT('',(2.6E1,8.965E0,5.893758500526E1));
#8100=DIRECTION('',(7.071067811865E-1,-7.071067811865E-1,0.E0));
#8101=DIRECTION('',(-7.071067811865E-1,-7.071067811865E-1,0.E0));
#8102=AXIS2_PLACEMENT_3D('',#8099,#8100,#8101);
#8103=PLANE('',#8102);
#8104=ORIENTED_EDGE('',*,*,#6980,.T.);
#8106=ORIENTED_EDGE('',*,*,#8105,.F.);
#8108=ORIENTED_EDGE('',*,*,#8107,.T.);
#8109=ORIENTED_EDGE('',*,*,#8088,.T.);
#8110=EDGE_LOOP('',(#8104,#8106,#8108,#8109));
#8111=FACE_OUTER_BOUND('',#8110,.F.);
#8113=CARTESIAN_POINT('',(2.5E1,-8.255E0,0.E0));
#8114=DIRECTION('',(1.E0,0.E0,0.E0));
#8115=DIRECTION('',(0.E0,1.E0,0.E0));
#8116=AXIS2_PLACEMENT_3D('',#8113,#8114,#8115);
#8117=PLANE('',#8116);
#8118=ORIENTED_EDGE('',*,*,#8105,.T.);
#8119=ORIENTED_EDGE('',*,*,#6989,.F.);
#8120=ORIENTED_EDGE('',*,*,#6081,.T.);
#8121=ORIENTED_EDGE('',*,*,#5957,.T.);
#8122=ORIENTED_EDGE('',*,*,#7348,.F.);
#8124=ORIENTED_EDGE('',*,*,#8123,.F.);
#8125=EDGE_LOOP('',(#8118,#8119,#8120,#8121,#8122,#8124));
#8126=FACE_OUTER_BOUND('',#8125,.F.);
#8128=CARTESIAN_POINT('',(2.394972066508E1,9.965E0,6.287517001052E1));
#8129=DIRECTION('',(0.E0,0.E0,1.E0));
#8130=DIRECTION('',(0.E0,1.E0,0.E0));
#8131=AXIS2_PLACEMENT_3D('',#8128,#8129,#8130);
#8132=PLANE('',#8131);
#8133=ORIENTED_EDGE('',*,*,#7346,.T.);
#8134=ORIENTED_EDGE('',*,*,#7416,.F.);
#8135=ORIENTED_EDGE('',*,*,#7446,.T.);
#8136=ORIENTED_EDGE('',*,*,#7576,.F.);
#8137=ORIENTED_EDGE('',*,*,#8043,.F.);
#8138=ORIENTED_EDGE('',*,*,#8090,.F.);
#8139=ORIENTED_EDGE('',*,*,#8107,.F.);
#8140=ORIENTED_EDGE('',*,*,#8123,.T.);
#8141=EDGE_LOOP('',(#8133,#8134,#8135,#8136,#8137,#8138,#8139,#8140));
#8142=FACE_OUTER_BOUND('',#8141,.F.);
#8144=CARTESIAN_POINT('',(1.44288E2,2.5965E1,3.3E1));
#8145=DIRECTION('',(-1.E0,0.E0,0.E0));
#8146=DIRECTION('',(0.E0,1.E0,0.E0));
#8147=AXIS2_PLACEMENT_3D('',#8144,#8145,#8146);
#8148=CYLINDRICAL_SURFACE('',#8147,8.E0);
#8149=ORIENTED_EDGE('',*,*,#8059,.T.);
#8150=ORIENTED_EDGE('',*,*,#6824,.F.);
#8151=ORIENTED_EDGE('',*,*,#7623,.T.);
#8153=ORIENTED_EDGE('',*,*,#8152,.T.);
#8154=EDGE_LOOP('',(#8149,#8150,#8151,#8153));
#8155=FACE_OUTER_BOUND('',#8154,.F.);
#8157=CARTESIAN_POINT('',(0.E0,3.3965E1,2.5E1));
#8158=DIRECTION('',(0.E0,1.E0,0.E0));
#8159=DIRECTION('',(-1.E0,0.E0,0.E0));
#8160=AXIS2_PLACEMENT_3D('',#8157,#8158,#8159);
#8161=PLANE('',#8160);
#8162=ORIENTED_EDGE('',*,*,#7610,.F.);
#8163=ORIENTED_EDGE('',*,*,#8061,.F.);
#8164=ORIENTED_EDGE('',*,*,#8152,.F.);
#8165=ORIENTED_EDGE('',*,*,#7621,.T.);
#8166=EDGE_LOOP('',(#8162,#8163,#8164,#8165));
#8167=FACE_OUTER_BOUND('',#8166,.F.);
#8169=CARTESIAN_POINT('',(3.5E1,2.3965E1,4.E1));
#8170=DIRECTION('',(-1.E0,0.E0,0.E0));
#8171=DIRECTION('',(0.E0,1.E0,0.E0));
#8172=AXIS2_PLACEMENT_3D('',#8169,#8170,#8171);
#8173=CYLINDRICAL_SURFACE('',#8172,3.75E0);
#8174=ORIENTED_EDGE('',*,*,#7675,.F.);
#8175=ORIENTED_EDGE('',*,*,#7637,.T.);
#8176=ORIENTED_EDGE('',*,*,#7664,.T.);
#8177=ORIENTED_EDGE('',*,*,#7749,.F.);
#8178=EDGE_LOOP('',(#8174,#8175,#8176,#8177));
#8179=FACE_OUTER_BOUND('',#8178,.F.);
#8181=CARTESIAN_POINT('',(3.5E1,2.3965E1,4.E1));
#8182=DIRECTION('',(-1.E0,0.E0,0.E0));
#8183=DIRECTION('',(0.E0,1.E0,0.E0));
#8184=AXIS2_PLACEMENT_3D('',#8181,#8182,#8183);
#8185=CYLINDRICAL_SURFACE('',#8184,3.75E0);
#8186=ORIENTED_EDGE('',*,*,#7719,.F.);
#8187=ORIENTED_EDGE('',*,*,#7645,.T.);
#8188=ORIENTED_EDGE('',*,*,#7708,.T.);
#8189=ORIENTED_EDGE('',*,*,#7776,.F.);
#8190=EDGE_LOOP('',(#8186,#8187,#8188,#8189));
#8191=FACE_OUTER_BOUND('',#8190,.F.);
#8193=CARTESIAN_POINT('',(3.4E1,-2.255E0,2.556996E2));
#8194=DIRECTION('',(0.E0,0.E0,-1.E0));
#8195=DIRECTION('',(1.E0,0.E0,0.E0));
#8196=AXIS2_PLACEMENT_3D('',#8193,#8194,#8195);
#8197=CYLINDRICAL_SURFACE('',#8196,6.E0);
#8198=ORIENTED_EDGE('',*,*,#6820,.T.);
#8199=ORIENTED_EDGE('',*,*,#6085,.F.);
#8200=ORIENTED_EDGE('',*,*,#6986,.T.);
#8201=ORIENTED_EDGE('',*,*,#7626,.T.);
#8202=EDGE_LOOP('',(#8198,#8199,#8200,#8201));
#8203=FACE_OUTER_BOUND('',#8202,.F.);
#8205=CARTESIAN_POINT('',(3.4E1,3.965E0,2.556996E2));
#8206=DIRECTION('',(0.E0,0.E0,-1.E0));
#8207=DIRECTION('',(0.E0,1.E0,0.E0));
#8208=AXIS2_PLACEMENT_3D('',#8205,#8206,#8207);
#8209=CYLINDRICAL_SURFACE('',#8208,6.E0);
#8210=ORIENTED_EDGE('',*,*,#5953,.T.);
#8212=ORIENTED_EDGE('',*,*,#8211,.F.);
#8213=ORIENTED_EDGE('',*,*,#5810,.T.);
#8214=ORIENTED_EDGE('',*,*,#7351,.T.);
#8215=EDGE_LOOP('',(#8210,#8212,#8213,#8214));
#8216=FACE_OUTER_BOUND('',#8215,.F.);
#8218=CARTESIAN_POINT('',(4.E1,-8.255E0,1.11E2));
#8219=DIRECTION('',(1.E0,0.E0,0.E0));
#8220=DIRECTION('',(0.E0,1.E0,0.E0));
#8221=AXIS2_PLACEMENT_3D('',#8218,#8219,#8220);
#8222=PLANE('',#8221);
#8224=ORIENTED_EDGE('',*,*,#8223,.F.);
#8225=ORIENTED_EDGE('',*,*,#5812,.T.);
#8226=ORIENTED_EDGE('',*,*,#8211,.T.);
#8227=ORIENTED_EDGE('',*,*,#5951,.F.);
#8228=EDGE_LOOP('',(#8224,#8225,#8226,#8227));
#8229=FACE_OUTER_BOUND('',#8228,.F.);
#8231=CARTESIAN_POINT('',(3.4E1,-2.255E0,2.556996E2));
#8232=DIRECTION('',(0.E0,0.E0,-1.E0));
#8233=DIRECTION('',(1.E0,0.E0,0.E0));
#8234=AXIS2_PLACEMENT_3D('',#8231,#8232,#8233);
#8235=CYLINDRICAL_SURFACE('',#8234,6.E0);
#8236=ORIENTED_EDGE('',*,*,#5949,.T.);
#8237=ORIENTED_EDGE('',*,*,#6078,.F.);
#8238=ORIENTED_EDGE('',*,*,#5814,.T.);
#8239=ORIENTED_EDGE('',*,*,#8223,.T.);
#8240=EDGE_LOOP('',(#8236,#8237,#8238,#8239));
#8241=FACE_OUTER_BOUND('',#8240,.F.);
#8243=CARTESIAN_POINT('',(-1.383971653354E0,9.965E0,1.045E2));
#8244=DIRECTION('',(1.E0,0.E0,0.E0));
#8245=DIRECTION('',(0.E0,1.E0,0.E0));
#8246=AXIS2_PLACEMENT_3D('',#8243,#8244,#8245);
#8247=PLANE('',#8246);
#8248=ORIENTED_EDGE('',*,*,#6240,.F.);
#8249=ORIENTED_EDGE('',*,*,#7258,.F.);
#8250=ORIENTED_EDGE('',*,*,#7356,.T.);
#8251=ORIENTED_EDGE('',*,*,#7317,.T.);
#8252=EDGE_LOOP('',(#8248,#8249,#8250,#8251));
#8253=FACE_OUTER_BOUND('',#8252,.F.);
#8255=CARTESIAN_POINT('',(-1.383971653354E0,9.965E0,1.045E2));
#8256=DIRECTION('',(1.E0,0.E0,0.E0));
#8257=DIRECTION('',(0.E0,1.E0,0.E0));
#8258=AXIS2_PLACEMENT_3D('',#8255,#8256,#8257);
#8259=PLANE('',#8258);
#8260=ORIENTED_EDGE('',*,*,#6256,.F.);
#8261=ORIENTED_EDGE('',*,*,#6180,.F.);
#8262=ORIENTED_EDGE('',*,*,#7374,.T.);
#8264=ORIENTED_EDGE('',*,*,#8263,.T.);
#8265=EDGE_LOOP('',(#8260,#8261,#8262,#8264));
#8266=FACE_OUTER_BOUND('',#8265,.F.);
#8268=CARTESIAN_POINT('',(5.365636103758E0,1.4965E1,6.05E1));
#8269=DIRECTION('',(0.E0,0.E0,-1.E0));
#8270=DIRECTION('',(-1.E0,0.E0,0.E0));
#8271=AXIS2_PLACEMENT_3D('',#8268,#8269,#8270);
#8272=PLANE('',#8271);
#8274=ORIENTED_EDGE('',*,*,#8273,.F.);
#8276=ORIENTED_EDGE('',*,*,#8275,.T.);
#8277=ORIENTED_EDGE('',*,*,#6258,.F.);
#8278=ORIENTED_EDGE('',*,*,#8263,.F.);
#8279=ORIENTED_EDGE('',*,*,#7372,.F.);
#8280=ORIENTED_EDGE('',*,*,#7092,.F.);
#8281=ORIENTED_EDGE('',*,*,#7208,.T.);
#8282=EDGE_LOOP('',(#8274,#8276,#8277,#8278,#8279,#8280,#8281));
#8283=FACE_OUTER_BOUND('',#8282,.F.);
#8285=CARTESIAN_POINT('',(5.365636103758E0,1.4965E1,6.05E1));
#8286=DIRECTION('',(0.E0,0.E0,-1.E0));
#8287=DIRECTION('',(-1.E0,0.E0,0.E0));
#8288=AXIS2_PLACEMENT_3D('',#8285,#8286,#8287);
#8289=PLANE('',#8288);
#8290=ORIENTED_EDGE('',*,*,#6214,.F.);
#8291=ORIENTED_EDGE('',*,*,#7378,.T.);
#8292=ORIENTED_EDGE('',*,*,#7286,.T.);
#8293=ORIENTED_EDGE('',*,*,#6366,.F.);
#8294=EDGE_LOOP('',(#8290,#8291,#8292,#8293));
#8295=FACE_OUTER_BOUND('',#8294,.F.);
#8297=CARTESIAN_POINT('',(3.25E0,2.8965E1,-1.359002338463E2));
#8298=DIRECTION('',(0.E0,0.E0,1.E0));
#8299=DIRECTION('',(0.E0,1.E0,0.E0));
#8300=AXIS2_PLACEMENT_3D('',#8297,#8298,#8299);
#8301=CYLINDRICAL_SURFACE('',#8300,1.E0);
#8302=ORIENTED_EDGE('',*,*,#6186,.T.);
#8304=ORIENTED_EDGE('',*,*,#8303,.F.);
#8305=ORIENTED_EDGE('',*,*,#8273,.T.);
#8306=ORIENTED_EDGE('',*,*,#7206,.T.);
#8307=EDGE_LOOP('',(#8302,#8304,#8305,#8306));
#8308=FACE_OUTER_BOUND('',#8307,.F.);
#8310=CARTESIAN_POINT('',(2.25E0,1.4965E1,1.045E2));
#8311=DIRECTION('',(1.E0,0.E0,0.E0));
#8312=DIRECTION('',(0.E0,1.E0,0.E0));
#8313=AXIS2_PLACEMENT_3D('',#8310,#8311,#8312);
#8314=PLANE('',#8313);
#8315=ORIENTED_EDGE('',*,*,#7224,.T.);
#8316=ORIENTED_EDGE('',*,*,#7261,.T.);
#8317=ORIENTED_EDGE('',*,*,#6244,.T.);
#8318=ORIENTED_EDGE('',*,*,#7314,.F.);
#8319=EDGE_LOOP('',(#8315,#8316,#8317,#8318));
#8320=FACE_OUTER_BOUND('',#8319,.F.);
#8322=CARTESIAN_POINT('',(2.25E0,1.4965E1,1.045E2));
#8323=DIRECTION('',(1.E0,0.E0,0.E0));
#8324=DIRECTION('',(0.E0,1.E0,0.E0));
#8325=AXIS2_PLACEMENT_3D('',#8322,#8323,#8324);
#8326=PLANE('',#8325);
#8327=ORIENTED_EDGE('',*,*,#8303,.T.);
#8328=ORIENTED_EDGE('',*,*,#6184,.T.);
#8329=ORIENTED_EDGE('',*,*,#6260,.T.);
#8330=ORIENTED_EDGE('',*,*,#8275,.F.);
#8331=EDGE_LOOP('',(#8327,#8328,#8329,#8330));
#8332=FACE_OUTER_BOUND('',#8331,.F.);
#8334=CARTESIAN_POINT('',(6.445636103758E0,2.9965E1,1.11E2));
#8335=DIRECTION('',(1.E0,0.E0,0.E0));
#8336=DIRECTION('',(0.E0,0.E0,-1.E0));
#8337=AXIS2_PLACEMENT_3D('',#8334,#8335,#8336);
#8338=PLANE('',#8337);
#8340=ORIENTED_EDGE('',*,*,#8339,.F.);
#8341=ORIENTED_EDGE('',*,*,#5826,.T.);
#8342=ORIENTED_EDGE('',*,*,#7359,.T.);
#8343=ORIENTED_EDGE('',*,*,#7254,.F.);
#8344=ORIENTED_EDGE('',*,*,#7194,.F.);
#8345=EDGE_LOOP('',(#8340,#8341,#8342,#8343,#8344));
#8346=FACE_OUTER_BOUND('',#8345,.F.);
#8348=ORIENTED_EDGE('',*,*,#8347,.F.);
#8350=ORIENTED_EDGE('',*,*,#8349,.F.);
#8351=EDGE_LOOP('',(#8348,#8350));
#8352=FACE_BOUND('',#8351,.F.);
#8354=ORIENTED_EDGE('',*,*,#8353,.F.);
#8356=ORIENTED_EDGE('',*,*,#8355,.F.);
#8357=EDGE_LOOP('',(#8354,#8356));
#8358=FACE_BOUND('',#8357,.F.);
#8360=CARTESIAN_POINT('',(8.365636103758E0,2.4965E1,1.075E2));
#8361=DIRECTION('',(1.E0,0.E0,0.E0));
#8362=DIRECTION('',(0.E0,0.E0,-1.E0));
#8363=AXIS2_PLACEMENT_3D('',#8360,#8361,#8362);
#8364=CYLINDRICAL_SURFACE('',#8363,1.9E0);
#8365=ORIENTED_EDGE('',*,*,#8353,.T.);
#8367=ORIENTED_EDGE('',*,*,#8366,.F.);
#8369=ORIENTED_EDGE('',*,*,#8368,.T.);
#8371=ORIENTED_EDGE('',*,*,#8370,.T.);
#8372=ORIENTED_EDGE('',*,*,#7047,.T.);
#8374=ORIENTED_EDGE('',*,*,#8373,.F.);
#8376=ORIENTED_EDGE('',*,*,#8375,.F.);
#8378=ORIENTED_EDGE('',*,*,#8377,.T.);
#8379=EDGE_LOOP('',(#8365,#8367,#8369,#8371,#8372,#8374,#8376,#8378));
#8380=FACE_OUTER_BOUND('',#8379,.F.);
#8382=CARTESIAN_POINT('',(8.365636103758E0,2.4965E1,1.075E2));
#8383=DIRECTION('',(1.E0,0.E0,0.E0));
#8384=DIRECTION('',(0.E0,0.E0,-1.E0));
#8385=AXIS2_PLACEMENT_3D('',#8382,#8383,#8384);
#8386=CYLINDRICAL_SURFACE('',#8385,1.9E0);
#8387=ORIENTED_EDGE('',*,*,#8355,.T.);
#8388=ORIENTED_EDGE('',*,*,#8377,.F.);
#8389=ORIENTED_EDGE('',*,*,#8375,.T.);
#8390=ORIENTED_EDGE('',*,*,#8373,.T.);
#8391=ORIENTED_EDGE('',*,*,#7049,.T.);
#8392=ORIENTED_EDGE('',*,*,#8370,.F.);
#8393=ORIENTED_EDGE('',*,*,#8368,.F.);
#8394=ORIENTED_EDGE('',*,*,#8366,.T.);
#8395=EDGE_LOOP('',(#8387,#8388,#8389,#8390,#8391,#8392,#8393,#8394));
#8396=FACE_OUTER_BOUND('',#8395,.F.);
#8398=CARTESIAN_POINT('',(8.365636103758E0,1.4965E1,1.075E2));
#8399=DIRECTION('',(1.E0,0.E0,0.E0));
#8400=DIRECTION('',(0.E0,0.E0,-1.E0));
#8401=AXIS2_PLACEMENT_3D('',#8398,#8399,#8400);
#8402=CYLINDRICAL_SURFACE('',#8401,1.9E0);
#8403=ORIENTED_EDGE('',*,*,#8347,.T.);
#8405=ORIENTED_EDGE('',*,*,#8404,.F.);
#8407=ORIENTED_EDGE('',*,*,#8406,.T.);
#8409=ORIENTED_EDGE('',*,*,#8408,.T.);
#8410=ORIENTED_EDGE('',*,*,#7053,.T.);
#8412=ORIENTED_EDGE('',*,*,#8411,.F.);
#8414=ORIENTED_EDGE('',*,*,#8413,.F.);
#8416=ORIENTED_EDGE('',*,*,#8415,.T.);
#8417=EDGE_LOOP('',(#8403,#8405,#8407,#8409,#8410,#8412,#8414,#8416));
#8418=FACE_OUTER_BOUND('',#8417,.F.);
#8420=CARTESIAN_POINT('',(8.365636103758E0,1.4965E1,1.075E2));
#8421=DIRECTION('',(1.E0,0.E0,0.E0));
#8422=DIRECTION('',(0.E0,0.E0,-1.E0));
#8423=AXIS2_PLACEMENT_3D('',#8420,#8421,#8422);
#8424=CYLINDRICAL_SURFACE('',#8423,1.9E0);
#8425=ORIENTED_EDGE('',*,*,#8349,.T.);
#8426=ORIENTED_EDGE('',*,*,#8415,.F.);
#8427=ORIENTED_EDGE('',*,*,#8413,.T.);
#8428=ORIENTED_EDGE('',*,*,#8411,.T.);
#8429=ORIENTED_EDGE('',*,*,#7055,.T.);
#8430=ORIENTED_EDGE('',*,*,#8408,.F.);
#8431=ORIENTED_EDGE('',*,*,#8406,.F.);
#8432=ORIENTED_EDGE('',*,*,#8404,.T.);
#8433=EDGE_LOOP('',(#8425,#8426,#8427,#8428,#8429,#8430,#8431,#8432));
#8434=FACE_OUTER_BOUND('',#8433,.F.);
#8436=CARTESIAN_POINT('',(1.44288E2,2.8965E1,1.1E2));
#8437=DIRECTION('',(-1.E0,0.E0,0.E0));
#8438=DIRECTION('',(0.E0,0.E0,1.E0));
#8439=AXIS2_PLACEMENT_3D('',#8436,#8437,#8438);
#8440=CYLINDRICAL_SURFACE('',#8439,1.E0);
#8441=ORIENTED_EDGE('',*,*,#8339,.T.);
#8442=ORIENTED_EDGE('',*,*,#7192,.F.);
#8443=ORIENTED_EDGE('',*,*,#7036,.T.);
#8444=ORIENTED_EDGE('',*,*,#5804,.T.);
#8445=EDGE_LOOP('',(#8441,#8442,#8443,#8444));
#8446=FACE_OUTER_BOUND('',#8445,.F.);
#8448=CARTESIAN_POINT('',(-2.5E1,1.4965E1,0.E0));
#8449=DIRECTION('',(-1.E0,0.E0,0.E0));
#8450=DIRECTION('',(0.E0,-1.E0,0.E0));
#8451=AXIS2_PLACEMENT_3D('',#8448,#8449,#8450);
#8452=PLANE('',#8451);
#8453=ORIENTED_EDGE('',*,*,#7364,.F.);
#8454=ORIENTED_EDGE('',*,*,#5932,.T.);
#8455=ORIENTED_EDGE('',*,*,#6073,.F.);
#8456=ORIENTED_EDGE('',*,*,#6953,.F.);
#8457=EDGE_LOOP('',(#8453,#8454,#8455,#8456));
#8458=FACE_OUTER_BOUND('',#8457,.F.);
#8460=CARTESIAN_POINT('',(1.186803351655E0,2.9965E1,5.447262078293E1));
#8461=DIRECTION('',(-1.E0,0.E0,0.E0));
#8462=DIRECTION('',(0.E0,0.E0,1.E0));
#8463=AXIS2_PLACEMENT_3D('',#8460,#8461,#8462);
#8464=PLANE('',#8463);
#8465=ORIENTED_EDGE('',*,*,#6273,.F.);
#8467=ORIENTED_EDGE('',*,*,#8466,.T.);
#8468=ORIENTED_EDGE('',*,*,#7367,.T.);
#8469=ORIENTED_EDGE('',*,*,#6965,.F.);
#8470=EDGE_LOOP('',(#8465,#8467,#8468,#8469));
#8471=FACE_OUTER_BOUND('',#8470,.F.);
#8473=CARTESIAN_POINT('',(6.445636103758E0,2.9965E1,5.447262078293E1));
#8474=DIRECTION('',(0.E0,0.E0,-1.E0));
#8475=DIRECTION('',(-1.E0,0.E0,0.E0));
#8476=AXIS2_PLACEMENT_3D('',#8473,#8474,#8475);
#8477=PLANE('',#8476);
#8478=ORIENTED_EDGE('',*,*,#7369,.T.);
#8479=ORIENTED_EDGE('',*,*,#8466,.F.);
#8480=ORIENTED_EDGE('',*,*,#6271,.T.);
#8481=ORIENTED_EDGE('',*,*,#7096,.T.);
#8482=EDGE_LOOP('',(#8478,#8479,#8480,#8481));
#8483=FACE_OUTER_BOUND('',#8482,.F.);
#8485=CARTESIAN_POINT('',(-1.681937966348E1,9.965E0,6.25E1));
#8486=DIRECTION('',(-1.E0,0.E0,0.E0));
#8487=DIRECTION('',(0.E0,0.E0,1.E0));
#8488=AXIS2_PLACEMENT_3D('',#8485,#8486,#8487);
#8489=PLANE('',#8488);
#8490=ORIENTED_EDGE('',*,*,#7382,.F.);
#8491=ORIENTED_EDGE('',*,*,#6197,.T.);
#8492=ORIENTED_EDGE('',*,*,#6162,.F.);
#8493=ORIENTED_EDGE('',*,*,#6115,.F.);
#8494=EDGE_LOOP('',(#8490,#8491,#8492,#8493));
#8495=FACE_OUTER_BOUND('',#8494,.F.);
#8497=CARTESIAN_POINT('',(5.307818051879E0,9.965E0,1.01E2));
#8498=DIRECTION('',(1.E0,0.E0,0.E0));
#8499=DIRECTION('',(0.E0,0.E0,-1.E0));
#8500=AXIS2_PLACEMENT_3D('',#8497,#8498,#8499);
#8501=PLANE('',#8500);
#8502=ORIENTED_EDGE('',*,*,#7385,.F.);
#8503=ORIENTED_EDGE('',*,*,#6111,.T.);
#8504=ORIENTED_EDGE('',*,*,#6152,.T.);
#8505=ORIENTED_EDGE('',*,*,#6194,.F.);
#8506=EDGE_LOOP('',(#8502,#8503,#8504,#8505));
#8507=FACE_OUTER_BOUND('',#8506,.F.);
#8509=CARTESIAN_POINT('',(1.987E1,1.4965E1,5.5E1));
#8510=DIRECTION('',(-1.E0,0.E0,0.E0));
#8511=DIRECTION('',(0.E0,-1.E0,0.E0));
#8512=AXIS2_PLACEMENT_3D('',#8509,#8510,#8511);
#8513=PLANE('',#8512);
#8514=ORIENTED_EDGE('',*,*,#6830,.T.);
#8515=ORIENTED_EDGE('',*,*,#7390,.F.);
#8516=ORIENTED_EDGE('',*,*,#6939,.F.);
#8517=ORIENTED_EDGE('',*,*,#6281,.F.);
#8518=EDGE_LOOP('',(#8514,#8515,#8516,#8517));
#8519=FACE_OUTER_BOUND('',#8518,.F.);
#8521=CARTESIAN_POINT('',(8.365636103758E0,1.4965E1,5.447262078293E1));
#8522=DIRECTION('',(0.E0,0.E0,-1.E0));
#8523=DIRECTION('',(-1.E0,0.E0,0.E0));
#8524=AXIS2_PLACEMENT_3D('',#8521,#8522,#8523);
#8525=PLANE('',#8524);
#8526=ORIENTED_EDGE('',*,*,#7177,.F.);
#8527=ORIENTED_EDGE('',*,*,#7098,.F.);
#8528=ORIENTED_EDGE('',*,*,#6287,.T.);
#8529=ORIENTED_EDGE('',*,*,#7007,.T.);
#8530=EDGE_LOOP('',(#8526,#8527,#8528,#8529));
#8531=FACE_OUTER_BOUND('',#8530,.F.);
#8533=CARTESIAN_POINT('',(-3.226797048358E1,0.E0,5.4E1));
#8534=DIRECTION('',(0.E0,0.E0,1.E0));
#8535=DIRECTION('',(-9.982259525319E-1,-5.953946331395E-2,0.E0));
#8536=AXIS2_PLACEMENT_3D('',#8533,#8534,#8535);
#8537=TOROIDAL_SURFACE('',#8536,6.25E0,1.E0);
#8538=ORIENTED_EDGE('',*,*,#6969,.T.);
#8539=ORIENTED_EDGE('',*,*,#6926,.T.);
#8541=ORIENTED_EDGE('',*,*,#8540,.F.);
#8542=ORIENTED_EDGE('',*,*,#6923,.F.);
#8543=EDGE_LOOP('',(#8538,#8539,#8541,#8542));
#8544=FACE_OUTER_BOUND('',#8543,.F.);
#8546=CARTESIAN_POINT('',(-3.226797048358E1,0.E0,2.5E1));
#8547=DIRECTION('',(0.E0,0.E0,1.E0));
#8548=DIRECTION('',(1.E0,0.E0,0.E0));
#8549=AXIS2_PLACEMENT_3D('',#8546,#8547,#8548);
#8550=CYLINDRICAL_SURFACE('',#8549,5.25E0);
#8551=ORIENTED_EDGE('',*,*,#8540,.T.);
#8552=ORIENTED_EDGE('',*,*,#6911,.F.);
#8553=ORIENTED_EDGE('',*,*,#6881,.T.);
#8554=ORIENTED_EDGE('',*,*,#6908,.T.);
#8555=EDGE_LOOP('',(#8551,#8552,#8553,#8554));
#8556=FACE_OUTER_BOUND('',#8555,.F.);
#8558=CARTESIAN_POINT('',(3.226797048358E1,0.E0,5.4E1));
#8559=DIRECTION('',(0.E0,0.E0,1.E0));
#8560=DIRECTION('',(-9.982259525319E-1,-5.953946331395E-2,0.E0));
#8561=AXIS2_PLACEMENT_3D('',#8558,#8559,#8560);
#8562=TOROIDAL_SURFACE('',#8561,6.25E0,1.E0);
#8563=ORIENTED_EDGE('',*,*,#6993,.T.);
#8565=ORIENTED_EDGE('',*,*,#8564,.T.);
#8567=ORIENTED_EDGE('',*,*,#8566,.F.);
#8569=ORIENTED_EDGE('',*,*,#8568,.F.);
#8570=EDGE_LOOP('',(#8563,#8565,#8567,#8569));
#8571=FACE_OUTER_BOUND('',#8570,.F.);
#8573=CARTESIAN_POINT('',(3.226797048358E1,0.E0,5.4E1));
#8574=DIRECTION('',(0.E0,0.E0,1.E0));
#8575=DIRECTION('',(9.982259525319E-1,5.953946331395E-2,0.E0));
#8576=AXIS2_PLACEMENT_3D('',#8573,#8574,#8575);
#8577=TOROIDAL_SURFACE('',#8576,6.25E0,1.E0);
#8578=ORIENTED_EDGE('',*,*,#6995,.T.);
#8579=ORIENTED_EDGE('',*,*,#8568,.T.);
#8581=ORIENTED_EDGE('',*,*,#8580,.F.);
#8582=ORIENTED_EDGE('',*,*,#8564,.F.);
#8583=EDGE_LOOP('',(#8578,#8579,#8581,#8582));
#8584=FACE_OUTER_BOUND('',#8583,.F.);
#8586=CARTESIAN_POINT('',(3.226797048358E1,0.E0,2.5E1));
#8587=DIRECTION('',(0.E0,0.E0,1.E0));
#8588=DIRECTION('',(1.E0,0.E0,0.E0));
#8589=AXIS2_PLACEMENT_3D('',#8586,#8587,#8588);
#8590=CYLINDRICAL_SURFACE('',#8589,5.25E0);
#8591=ORIENTED_EDGE('',*,*,#8580,.T.);
#8593=ORIENTED_EDGE('',*,*,#8592,.F.);
#8595=ORIENTED_EDGE('',*,*,#8594,.T.);
#8597=ORIENTED_EDGE('',*,*,#8596,.T.);
#8598=EDGE_LOOP('',(#8591,#8593,#8595,#8597));
#8599=FACE_OUTER_BOUND('',#8598,.F.);
#8601=CARTESIAN_POINT('',(3.226797048358E1,0.E0,2.5E1));
#8602=DIRECTION('',(0.E0,0.E0,1.E0));
#8603=DIRECTION('',(1.E0,0.E0,0.E0));
#8604=AXIS2_PLACEMENT_3D('',#8601,#8602,#8603);
#8605=CYLINDRICAL_SURFACE('',#8604,5.25E0);
#8606=ORIENTED_EDGE('',*,*,#8566,.T.);
#8607=ORIENTED_EDGE('',*,*,#8596,.F.);
#8609=ORIENTED_EDGE('',*,*,#8608,.T.);
#8610=ORIENTED_EDGE('',*,*,#8592,.T.);
#8611=EDGE_LOOP('',(#8606,#8607,#8609,#8610));
#8612=FACE_OUTER_BOUND('',#8611,.F.);
#8614=CARTESIAN_POINT('',(3.226797048358E1,0.E0,2.6E1));
#8615=DIRECTION('',(0.E0,0.E0,1.E0));
#8616=DIRECTION('',(9.991207476533E-1,-4.192530988295E-2,0.E0));
#8617=AXIS2_PLACEMENT_3D('',#8614,#8615,#8616);
#8618=TOROIDAL_SURFACE('',#8617,6.25E0,1.E0);
#8619=ORIENTED_EDGE('',*,*,#6844,.T.);
#8621=ORIENTED_EDGE('',*,*,#8620,.T.);
#8622=ORIENTED_EDGE('',*,*,#8608,.F.);
#8624=ORIENTED_EDGE('',*,*,#8623,.F.);
#8625=EDGE_LOOP('',(#8619,#8621,#8622,#8624));
#8626=FACE_OUTER_BOUND('',#8625,.F.);
#8628=CARTESIAN_POINT('',(3.226797048358E1,0.E0,2.6E1));
#8629=DIRECTION('',(0.E0,0.E0,1.E0));
#8630=DIRECTION('',(-9.991207476533E-1,4.192530988295E-2,0.E0));
#8631=AXIS2_PLACEMENT_3D('',#8628,#8629,#8630);
#8632=TOROIDAL_SURFACE('',#8631,6.25E0,1.E0);
#8633=ORIENTED_EDGE('',*,*,#6846,.T.);
#8634=ORIENTED_EDGE('',*,*,#8623,.T.);
#8635=ORIENTED_EDGE('',*,*,#8594,.F.);
#8636=ORIENTED_EDGE('',*,*,#8620,.F.);
#8637=EDGE_LOOP('',(#8633,#8634,#8635,#8636));
#8638=FACE_OUTER_BOUND('',#8637,.F.);
#8640=CARTESIAN_POINT('',(0.E0,0.E0,2.6E1));
#8641=DIRECTION('',(0.E0,0.E0,1.E0));
#8642=DIRECTION('',(-9.955768383025E-1,-9.395083307578E-2,0.E0));
#8643=AXIS2_PLACEMENT_3D('',#8640,#8641,#8642);
#8644=TOROIDAL_SURFACE('',#8643,3.25E0,1.E0);
#8646=ORIENTED_EDGE('',*,*,#8645,.T.);
#8648=ORIENTED_EDGE('',*,*,#8647,.T.);
#8649=ORIENTED_EDGE('',*,*,#6854,.F.);
#8651=ORIENTED_EDGE('',*,*,#8650,.F.);
#8652=EDGE_LOOP('',(#8646,#8648,#8649,#8651));
#8653=FACE_OUTER_BOUND('',#8652,.F.);
#8655=CARTESIAN_POINT('',(0.E0,0.E0,0.E0));
#8656=DIRECTION('',(0.E0,0.E0,1.E0));
#8657=DIRECTION('',(1.E0,0.E0,0.E0));
#8658=AXIS2_PLACEMENT_3D('',#8655,#8656,#8657);
#8659=CYLINDRICAL_SURFACE('',#8658,2.25E0);
#8661=ORIENTED_EDGE('',*,*,#8660,.F.);
#8663=ORIENTED_EDGE('',*,*,#8662,.F.);
#8664=ORIENTED_EDGE('',*,*,#6645,.T.);
#8666=ORIENTED_EDGE('',*,*,#8665,.T.);
#8667=EDGE_LOOP('',(#8661,#8663,#8664,#8666));
#8668=FACE_OUTER_BOUND('',#8667,.F.);
#8670=CARTESIAN_POINT('',(0.E0,0.E0,0.E0));
#8671=DIRECTION('',(0.E0,0.E0,1.E0));
#8672=DIRECTION('',(1.E0,0.E0,0.E0));
#8673=AXIS2_PLACEMENT_3D('',#8670,#8671,#8672);
#8674=CYLINDRICAL_SURFACE('',#8673,2.25E0);
#8675=ORIENTED_EDGE('',*,*,#8645,.F.);
#8677=ORIENTED_EDGE('',*,*,#8676,.T.);
#8679=ORIENTED_EDGE('',*,*,#8678,.F.);
#8681=ORIENTED_EDGE('',*,*,#8680,.F.);
#8682=EDGE_LOOP('',(#8675,#8677,#8679,#8681));
#8683=FACE_OUTER_BOUND('',#8682,.F.);
#8685=CARTESIAN_POINT('',(0.E0,0.E0,0.E0));
#8686=DIRECTION('',(0.E0,0.E0,1.E0));
#8687=DIRECTION('',(1.E0,0.E0,0.E0));
#8688=AXIS2_PLACEMENT_3D('',#8685,#8686,#8687);
#8689=CYLINDRICAL_SURFACE('',#8688,2.25E0);
#8691=ORIENTED_EDGE('',*,*,#8690,.T.);
#8693=ORIENTED_EDGE('',*,*,#8692,.F.);
#8695=ORIENTED_EDGE('',*,*,#8694,.F.);
#8697=ORIENTED_EDGE('',*,*,#8696,.T.);
#8698=EDGE_LOOP('',(#8691,#8693,#8695,#8697));
#8699=FACE_OUTER_BOUND('',#8698,.F.);
#8701=CARTESIAN_POINT('',(0.E0,0.E0,5.103967979774E1));
#8702=DIRECTION('',(0.E0,0.E0,1.E0));
#8703=DIRECTION('',(9.947439211527E-1,-1.023940004578E-1,0.E0));
#8704=AXIS2_PLACEMENT_3D('',#8701,#8702,#8703);
#8705=TOROIDAL_SURFACE('',#8704,3.25E0,1.E0);
#8706=ORIENTED_EDGE('',*,*,#8660,.T.);
#8708=ORIENTED_EDGE('',*,*,#8707,.T.);
#8710=ORIENTED_EDGE('',*,*,#8709,.F.);
#8712=ORIENTED_EDGE('',*,*,#8711,.F.);
#8713=EDGE_LOOP('',(#8706,#8708,#8710,#8712));
#8714=FACE_OUTER_BOUND('',#8713,.F.);
#8716=CARTESIAN_POINT('',(0.E0,0.E0,5.103967979774E1));
#8717=DIRECTION('',(0.E0,0.E0,1.E0));
#8718=DIRECTION('',(-9.947439211527E-1,1.023940004578E-1,0.E0));
#8719=AXIS2_PLACEMENT_3D('',#8716,#8717,#8718);
#8720=TOROIDAL_SURFACE('',#8719,3.25E0,1.E0);
#8722=ORIENTED_EDGE('',*,*,#8721,.T.);
#8723=ORIENTED_EDGE('',*,*,#8711,.T.);
#8725=ORIENTED_EDGE('',*,*,#8724,.F.);
#8726=ORIENTED_EDGE('',*,*,#8707,.F.);
#8727=EDGE_LOOP('',(#8722,#8723,#8725,#8726));
#8728=FACE_OUTER_BOUND('',#8727,.F.);
#8730=CARTESIAN_POINT('',(0.E0,0.E0,0.E0));
#8731=DIRECTION('',(0.E0,0.E0,1.E0));
#8732=DIRECTION('',(1.E0,0.E0,0.E0));
#8733=AXIS2_PLACEMENT_3D('',#8730,#8731,#8732);
#8734=CYLINDRICAL_SURFACE('',#8733,2.25E0);
#8735=ORIENTED_EDGE('',*,*,#8721,.F.);
#8736=ORIENTED_EDGE('',*,*,#8665,.F.);
#8738=ORIENTED_EDGE('',*,*,#8737,.F.);
#8739=ORIENTED_EDGE('',*,*,#8676,.F.);
#8741=ORIENTED_EDGE('',*,*,#8740,.F.);
#8742=ORIENTED_EDGE('',*,*,#8680,.T.);
#8744=ORIENTED_EDGE('',*,*,#8743,.T.);
#8745=ORIENTED_EDGE('',*,*,#8662,.T.);
#8746=EDGE_LOOP('',(#8735,#8736,#8738,#8739,#8741,#8742,#8744,#8745));
#8747=FACE_OUTER_BOUND('',#8746,.F.);
#8749=CARTESIAN_POINT('',(0.E0,0.E0,0.E0));
#8750=DIRECTION('',(0.E0,0.E0,1.E0));
#8751=DIRECTION('',(1.E0,0.E0,0.E0));
#8752=AXIS2_PLACEMENT_3D('',#8749,#8750,#8751);
#8753=CYLINDRICAL_SURFACE('',#8752,2.25E0);
#8755=ORIENTED_EDGE('',*,*,#8754,.T.);
#8756=ORIENTED_EDGE('',*,*,#8696,.F.);
#8758=ORIENTED_EDGE('',*,*,#8757,.F.);
#8759=ORIENTED_EDGE('',*,*,#8692,.T.);
#8760=EDGE_LOOP('',(#8755,#8756,#8758,#8759));
#8761=FACE_OUTER_BOUND('',#8760,.F.);
#8763=CARTESIAN_POINT('',(-2.25E0,1.4965E1,3.7E1));
#8764=DIRECTION('',(-1.E0,0.E0,0.E0));
#8765=DIRECTION('',(0.E0,-1.E0,0.E0));
#8766=AXIS2_PLACEMENT_3D('',#8763,#8764,#8765);
#8767=PLANE('',#8766);
#8768=ORIENTED_EDGE('',*,*,#6505,.F.);
#8769=ORIENTED_EDGE('',*,*,#6472,.F.);
#8770=ORIENTED_EDGE('',*,*,#6309,.F.);
#8772=ORIENTED_EDGE('',*,*,#8771,.T.);
#8773=ORIENTED_EDGE('',*,*,#8737,.T.);
#8774=ORIENTED_EDGE('',*,*,#6643,.F.);
#8775=ORIENTED_EDGE('',*,*,#6293,.F.);
#8776=ORIENTED_EDGE('',*,*,#6399,.T.);
#8777=EDGE_LOOP('',(#8768,#8769,#8770,#8772,#8773,#8774,#8775,#8776));
#8778=FACE_OUTER_BOUND('',#8777,.F.);
#8780=CARTESIAN_POINT('',(0.E0,0.E0,3.7E1));
#8781=DIRECTION('',(0.E0,0.E0,1.E0));
#8782=DIRECTION('',(1.E0,0.E0,0.E0));
#8783=AXIS2_PLACEMENT_3D('',#8780,#8781,#8782);
#8784=PLANE('',#8783);
#8785=ORIENTED_EDGE('',*,*,#6315,.T.);
#8786=ORIENTED_EDGE('',*,*,#6617,.F.);
#8787=ORIENTED_EDGE('',*,*,#6697,.T.);
#8788=ORIENTED_EDGE('',*,*,#6486,.F.);
#8789=EDGE_LOOP('',(#8785,#8786,#8787,#8788));
#8790=FACE_OUTER_BOUND('',#8789,.F.);
#8792=CARTESIAN_POINT('',(0.E0,0.E0,3.7E1));
#8793=DIRECTION('',(0.E0,0.E0,1.E0));
#8794=DIRECTION('',(1.E0,0.E0,0.E0));
#8795=AXIS2_PLACEMENT_3D('',#8792,#8793,#8794);
#8796=PLANE('',#8795);
#8797=ORIENTED_EDGE('',*,*,#6307,.T.);
#8799=ORIENTED_EDGE('',*,*,#8798,.F.);
#8800=ORIENTED_EDGE('',*,*,#8678,.T.);
#8801=ORIENTED_EDGE('',*,*,#8771,.F.);
#8802=EDGE_LOOP('',(#8797,#8799,#8800,#8801));
#8803=FACE_OUTER_BOUND('',#8802,.F.);
#8805=CARTESIAN_POINT('',(0.E0,0.E0,3.7E1));
#8806=DIRECTION('',(0.E0,0.E0,1.E0));
#8807=DIRECTION('',(1.E0,0.E0,0.E0));
#8808=AXIS2_PLACEMENT_3D('',#8805,#8806,#8807);
#8809=PLANE('',#8808);
#8810=ORIENTED_EDGE('',*,*,#6566,.T.);
#8812=ORIENTED_EDGE('',*,*,#8811,.F.);
#8813=ORIENTED_EDGE('',*,*,#6353,.T.);
#8815=ORIENTED_EDGE('',*,*,#8814,.F.);
#8817=ORIENTED_EDGE('',*,*,#8816,.T.);
#8819=ORIENTED_EDGE('',*,*,#8818,.F.);
#8820=ORIENTED_EDGE('',*,*,#6337,.T.);
#8822=ORIENTED_EDGE('',*,*,#8821,.T.);
#8823=EDGE_LOOP('',(#8810,#8812,#8813,#8815,#8817,#8819,#8820,#8822));
#8824=FACE_OUTER_BOUND('',#8823,.F.);
#8826=CARTESIAN_POINT('',(2.25E0,0.E0,3.7E1));
#8827=DIRECTION('',(1.E0,0.E0,0.E0));
#8828=DIRECTION('',(0.E0,1.E0,0.E0));
#8829=AXIS2_PLACEMENT_3D('',#8826,#8827,#8828);
#8830=PLANE('',#8829);
#8831=ORIENTED_EDGE('',*,*,#6546,.T.);
#8832=ORIENTED_EDGE('',*,*,#6410,.F.);
#8833=ORIENTED_EDGE('',*,*,#6297,.T.);
#8834=ORIENTED_EDGE('',*,*,#6647,.F.);
#8835=ORIENTED_EDGE('',*,*,#8743,.F.);
#8836=ORIENTED_EDGE('',*,*,#8798,.T.);
#8837=ORIENTED_EDGE('',*,*,#6305,.T.);
#8838=ORIENTED_EDGE('',*,*,#6457,.T.);
#8839=EDGE_LOOP('',(#8831,#8832,#8833,#8834,#8835,#8836,#8837,#8838));
#8840=FACE_OUTER_BOUND('',#8839,.F.);
#8842=CARTESIAN_POINT('',(1.375E1,1.4965E1,4.75E1));
#8843=DIRECTION('',(1.E0,0.E0,0.E0));
#8844=DIRECTION('',(0.E0,0.E0,-1.E0));
#8845=AXIS2_PLACEMENT_3D('',#8842,#8843,#8844);
#8846=PLANE('',#8845);
#8847=ORIENTED_EDGE('',*,*,#6347,.F.);
#8849=ORIENTED_EDGE('',*,*,#8848,.T.);
#8850=ORIENTED_EDGE('',*,*,#6590,.T.);
#8851=ORIENTED_EDGE('',*,*,#6668,.F.);
#8852=EDGE_LOOP('',(#8847,#8849,#8850,#8851));
#8853=FACE_OUTER_BOUND('',#8852,.F.);
#8855=CARTESIAN_POINT('',(1.375E1,1.4965E1,4.75E1));
#8856=DIRECTION('',(1.E0,0.E0,0.E0));
#8857=DIRECTION('',(0.E0,0.E0,-1.E0));
#8858=AXIS2_PLACEMENT_3D('',#8855,#8856,#8857);
#8859=PLANE('',#8858);
#8860=ORIENTED_EDGE('',*,*,#6355,.F.);
#8861=ORIENTED_EDGE('',*,*,#8811,.T.);
#8862=ORIENTED_EDGE('',*,*,#6572,.T.);
#8864=ORIENTED_EDGE('',*,*,#8863,.F.);
#8865=EDGE_LOOP('',(#8860,#8861,#8862,#8864));
#8866=FACE_OUTER_BOUND('',#8865,.F.);
#8868=CARTESIAN_POINT('',(1.025E1,1.4965E1,4.75E1));
#8869=DIRECTION('',(0.E0,0.E0,1.E0));
#8870=DIRECTION('',(1.E0,0.E0,0.E0));
#8871=AXIS2_PLACEMENT_3D('',#8868,#8869,#8870);
#8872=PLANE('',#8871);
#8873=ORIENTED_EDGE('',*,*,#6345,.F.);
#8875=ORIENTED_EDGE('',*,*,#8874,.T.);
#8876=ORIENTED_EDGE('',*,*,#6592,.T.);
#8877=ORIENTED_EDGE('',*,*,#8848,.F.);
#8878=EDGE_LOOP('',(#8873,#8875,#8876,#8877));
#8879=FACE_OUTER_BOUND('',#8878,.F.);
#8881=CARTESIAN_POINT('',(1.025E1,1.4965E1,3.25E1));
#8882=DIRECTION('',(-1.E0,0.E0,0.E0));
#8883=DIRECTION('',(0.E0,0.E0,1.E0));
#8884=AXIS2_PLACEMENT_3D('',#8881,#8882,#8883);
#8885=PLANE('',#8884);
#8886=ORIENTED_EDGE('',*,*,#6335,.F.);
#8888=ORIENTED_EDGE('',*,*,#8887,.T.);
#8889=ORIENTED_EDGE('',*,*,#6568,.T.);
#8890=ORIENTED_EDGE('',*,*,#8821,.F.);
#8891=EDGE_LOOP('',(#8886,#8888,#8889,#8890));
#8892=FACE_OUTER_BOUND('',#8891,.F.);
#8894=CARTESIAN_POINT('',(1.025E1,1.4965E1,3.25E1));
#8895=DIRECTION('',(-1.E0,0.E0,0.E0));
#8896=DIRECTION('',(0.E0,0.E0,1.E0));
#8897=AXIS2_PLACEMENT_3D('',#8894,#8895,#8896);
#8898=PLANE('',#8897);
#8899=ORIENTED_EDGE('',*,*,#6343,.F.);
#8900=ORIENTED_EDGE('',*,*,#6658,.T.);
#8901=ORIENTED_EDGE('',*,*,#6594,.T.);
#8902=ORIENTED_EDGE('',*,*,#8874,.F.);
#8903=EDGE_LOOP('',(#8899,#8900,#8901,#8902));
#8904=FACE_OUTER_BOUND('',#8903,.F.);
#8906=CARTESIAN_POINT('',(1.375E1,1.4965E1,3.25E1));
#8907=DIRECTION('',(0.E0,0.E0,-1.E0));
#8908=DIRECTION('',(-1.E0,0.E0,0.E0));
#8909=AXIS2_PLACEMENT_3D('',#8906,#8907,#8908);
#8910=PLANE('',#8909);
#8911=ORIENTED_EDGE('',*,*,#6333,.F.);
#8912=ORIENTED_EDGE('',*,*,#8863,.T.);
#8913=ORIENTED_EDGE('',*,*,#6570,.T.);
#8914=ORIENTED_EDGE('',*,*,#8887,.F.);
#8915=EDGE_LOOP('',(#8911,#8912,#8913,#8914));
#8916=FACE_OUTER_BOUND('',#8915,.F.);
#8918=CARTESIAN_POINT('',(1.525E1,0.E0,3.7E1));
#8919=DIRECTION('',(1.E0,0.E0,0.E0));
#8920=DIRECTION('',(0.E0,1.E0,0.E0));
#8921=AXIS2_PLACEMENT_3D('',#8918,#8919,#8920);
#8922=PLANE('',#8921);
#8923=ORIENTED_EDGE('',*,*,#6351,.T.);
#8924=ORIENTED_EDGE('',*,*,#6665,.F.);
#8926=ORIENTED_EDGE('',*,*,#8925,.F.);
#8927=ORIENTED_EDGE('',*,*,#8814,.T.);
#8928=EDGE_LOOP('',(#8923,#8924,#8926,#8927));
#8929=FACE_OUTER_BOUND('',#8928,.F.);
#8931=CARTESIAN_POINT('',(1.2E1,0.E0,0.E0));
#8932=DIRECTION('',(0.E0,0.E0,1.E0));
#8933=DIRECTION('',(1.E0,0.E0,0.E0));
#8934=AXIS2_PLACEMENT_3D('',#8931,#8932,#8933);
#8935=CYLINDRICAL_SURFACE('',#8934,3.25E0);
#8937=ORIENTED_EDGE('',*,*,#8936,.F.);
#8939=ORIENTED_EDGE('',*,*,#8938,.F.);
#8941=ORIENTED_EDGE('',*,*,#8940,.F.);
#8943=ORIENTED_EDGE('',*,*,#8942,.F.);
#8945=ORIENTED_EDGE('',*,*,#8944,.F.);
#8947=ORIENTED_EDGE('',*,*,#8946,.T.);
#8948=ORIENTED_EDGE('',*,*,#8925,.T.);
#8950=ORIENTED_EDGE('',*,*,#8949,.T.);
#8951=EDGE_LOOP('',(#8937,#8939,#8941,#8943,#8945,#8947,#8948,#8950));
#8952=FACE_OUTER_BOUND('',#8951,.F.);
#8954=CARTESIAN_POINT('',(1.2E1,0.E0,0.E0));
#8955=DIRECTION('',(0.E0,0.E0,1.E0));
#8956=DIRECTION('',(1.E0,0.E0,0.E0));
#8957=AXIS2_PLACEMENT_3D('',#8954,#8955,#8956);
#8958=CYLINDRICAL_SURFACE('',#8957,3.25E0);
#8960=ORIENTED_EDGE('',*,*,#8959,.T.);
#8962=ORIENTED_EDGE('',*,*,#8961,.F.);
#8964=ORIENTED_EDGE('',*,*,#8963,.F.);
#8966=ORIENTED_EDGE('',*,*,#8965,.T.);
#8967=EDGE_LOOP('',(#8960,#8962,#8964,#8966));
#8968=FACE_OUTER_BOUND('',#8967,.F.);
#8970=CARTESIAN_POINT('',(1.2E1,0.E0,5.103967979774E1));
#8971=DIRECTION('',(0.E0,0.E0,1.E0));
#8972=DIRECTION('',(-9.974796637367E-1,7.095294519429E-2,0.E0));
#8973=AXIS2_PLACEMENT_3D('',#8970,#8971,#8972);
#8974=TOROIDAL_SURFACE('',#8973,4.25E0,1.E0);
#8975=ORIENTED_EDGE('',*,*,#8936,.T.);
#8977=ORIENTED_EDGE('',*,*,#8976,.T.);
#8979=ORIENTED_EDGE('',*,*,#8978,.F.);
#8981=ORIENTED_EDGE('',*,*,#8980,.F.);
#8982=EDGE_LOOP('',(#8975,#8977,#8979,#8981));
#8983=FACE_OUTER_BOUND('',#8982,.F.);
#8985=CARTESIAN_POINT('',(1.2E1,0.E0,5.103967979774E1));
#8986=DIRECTION('',(0.E0,0.E0,1.E0));
#8987=DIRECTION('',(9.974796637367E-1,-7.095294519429E-2,0.E0));
#8988=AXIS2_PLACEMENT_3D('',#8985,#8986,#8987);
#8989=TOROIDAL_SURFACE('',#8988,4.25E0,1.E0);
#8991=ORIENTED_EDGE('',*,*,#8990,.T.);
#8992=ORIENTED_EDGE('',*,*,#8980,.T.);
#8994=ORIENTED_EDGE('',*,*,#8993,.F.);
#8995=ORIENTED_EDGE('',*,*,#8976,.F.);
#8996=EDGE_LOOP('',(#8991,#8992,#8994,#8995));
#8997=FACE_OUTER_BOUND('',#8996,.F.);
#8999=CARTESIAN_POINT('',(1.2E1,0.E0,0.E0));
#9000=DIRECTION('',(0.E0,0.E0,1.E0));
#9001=DIRECTION('',(1.E0,0.E0,0.E0));
#9002=AXIS2_PLACEMENT_3D('',#8999,#9000,#9001);
#9003=CYLINDRICAL_SURFACE('',#9002,3.25E0);
#9004=ORIENTED_EDGE('',*,*,#8990,.F.);
#9005=ORIENTED_EDGE('',*,*,#8949,.F.);
#9006=ORIENTED_EDGE('',*,*,#6663,.T.);
#9007=ORIENTED_EDGE('',*,*,#8938,.T.);
#9008=EDGE_LOOP('',(#9004,#9005,#9006,#9007));
#9009=FACE_OUTER_BOUND('',#9008,.F.);
#9011=CARTESIAN_POINT('',(1.2E1,0.E0,0.E0));
#9012=DIRECTION('',(0.E0,0.E0,1.E0));
#9013=DIRECTION('',(1.E0,0.E0,0.E0));
#9014=AXIS2_PLACEMENT_3D('',#9011,#9012,#9013);
#9015=CYLINDRICAL_SURFACE('',#9014,3.25E0);
#9017=ORIENTED_EDGE('',*,*,#9016,.F.);
#9018=ORIENTED_EDGE('',*,*,#8942,.T.);
#9019=ORIENTED_EDGE('',*,*,#8816,.F.);
#9020=ORIENTED_EDGE('',*,*,#8946,.F.);
#9021=EDGE_LOOP('',(#9017,#9018,#9019,#9020));
#9022=FACE_OUTER_BOUND('',#9021,.F.);
#9024=CARTESIAN_POINT('',(1.2E1,0.E0,0.E0));
#9025=DIRECTION('',(0.E0,0.E0,1.E0));
#9026=DIRECTION('',(1.E0,0.E0,0.E0));
#9027=AXIS2_PLACEMENT_3D('',#9024,#9025,#9026);
#9028=CYLINDRICAL_SURFACE('',#9027,3.25E0);
#9030=ORIENTED_EDGE('',*,*,#9029,.T.);
#9031=ORIENTED_EDGE('',*,*,#8965,.F.);
#9033=ORIENTED_EDGE('',*,*,#9032,.F.);
#9034=ORIENTED_EDGE('',*,*,#8961,.T.);
#9035=EDGE_LOOP('',(#9030,#9031,#9033,#9034));
#9036=FACE_OUTER_BOUND('',#9035,.F.);
#9038=CARTESIAN_POINT('',(1.2E1,0.E0,2.6E1));
#9039=DIRECTION('',(0.E0,0.E0,1.E0));
#9040=DIRECTION('',(-9.978792084626E-1,-6.509289760013E-2,0.E0));
#9041=AXIS2_PLACEMENT_3D('',#9038,#9039,#9040);
#9042=TOROIDAL_SURFACE('',#9041,4.25E0,1.E0);
#9043=ORIENTED_EDGE('',*,*,#9016,.T.);
#9045=ORIENTED_EDGE('',*,*,#9044,.T.);
#9046=ORIENTED_EDGE('',*,*,#6860,.F.);
#9048=ORIENTED_EDGE('',*,*,#9047,.F.);
#9049=EDGE_LOOP('',(#9043,#9045,#9046,#9048));
#9050=FACE_OUTER_BOUND('',#9049,.F.);
#9052=CARTESIAN_POINT('',(1.2E1,0.E0,2.6E1));
#9053=DIRECTION('',(0.E0,0.E0,1.E0));
#9054=DIRECTION('',(9.978792084626E-1,6.509289760013E-2,0.E0));
#9055=AXIS2_PLACEMENT_3D('',#9052,#9053,#9054);
#9056=TOROIDAL_SURFACE('',#9055,4.25E0,1.E0);
#9057=ORIENTED_EDGE('',*,*,#8944,.T.);
#9058=ORIENTED_EDGE('',*,*,#9047,.T.);
#9059=ORIENTED_EDGE('',*,*,#6862,.F.);
#9060=ORIENTED_EDGE('',*,*,#9044,.F.);
#9061=EDGE_LOOP('',(#9057,#9058,#9059,#9060));
#9062=FACE_OUTER_BOUND('',#9061,.F.);
#9064=CARTESIAN_POINT('',(1.2E1,0.E0,1.1E2));
#9065=DIRECTION('',(0.E0,0.E0,1.E0));
#9066=DIRECTION('',(-9.953728842238E-1,-9.608757126744E-2,0.E0));
#9067=AXIS2_PLACEMENT_3D('',#9064,#9065,#9066);
#9068=TOROIDAL_SURFACE('',#9067,4.25E0,1.E0);
#9069=ORIENTED_EDGE('',*,*,#5848,.T.);
#9071=ORIENTED_EDGE('',*,*,#9070,.T.);
#9072=ORIENTED_EDGE('',*,*,#9029,.F.);
#9074=ORIENTED_EDGE('',*,*,#9073,.F.);
#9075=EDGE_LOOP('',(#9069,#9071,#9072,#9074));
#9076=FACE_OUTER_BOUND('',#9075,.F.);
#9078=CARTESIAN_POINT('',(1.2E1,0.E0,1.1E2));
#9079=DIRECTION('',(0.E0,0.E0,1.E0));
#9080=DIRECTION('',(9.953728842238E-1,9.608757126744E-2,0.E0));
#9081=AXIS2_PLACEMENT_3D('',#9078,#9079,#9080);
#9082=TOROIDAL_SURFACE('',#9081,4.25E0,1.E0);
#9083=ORIENTED_EDGE('',*,*,#5850,.T.);
#9084=ORIENTED_EDGE('',*,*,#9073,.T.);
#9085=ORIENTED_EDGE('',*,*,#8959,.F.);
#9086=ORIENTED_EDGE('',*,*,#9070,.F.);
#9087=EDGE_LOOP('',(#9083,#9084,#9085,#9086));
#9088=FACE_OUTER_BOUND('',#9087,.F.);
#9090=CARTESIAN_POINT('',(1.2E1,0.E0,1.02E2));
#9091=DIRECTION('',(0.E0,0.E0,1.E0));
#9092=DIRECTION('',(-9.978792084626E-1,-6.509289760013E-2,0.E0));
#9093=AXIS2_PLACEMENT_3D('',#9090,#9091,#9092);
#9094=TOROIDAL_SURFACE('',#9093,4.25E0,1.E0);
#9095=ORIENTED_EDGE('',*,*,#9032,.T.);
#9097=ORIENTED_EDGE('',*,*,#9096,.T.);
#9098=ORIENTED_EDGE('',*,*,#6126,.F.);
#9100=ORIENTED_EDGE('',*,*,#9099,.F.);
#9101=EDGE_LOOP('',(#9095,#9097,#9098,#9100));
#9102=FACE_OUTER_BOUND('',#9101,.F.);
#9104=CARTESIAN_POINT('',(1.2E1,0.E0,1.02E2));
#9105=DIRECTION('',(0.E0,0.E0,1.E0));
#9106=DIRECTION('',(9.978792084626E-1,6.509289760013E-2,0.E0));
#9107=AXIS2_PLACEMENT_3D('',#9104,#9105,#9106);
#9108=TOROIDAL_SURFACE('',#9107,4.25E0,1.E0);
#9109=ORIENTED_EDGE('',*,*,#8963,.T.);
#9110=ORIENTED_EDGE('',*,*,#9099,.T.);
#9111=ORIENTED_EDGE('',*,*,#6128,.F.);
#9112=ORIENTED_EDGE('',*,*,#9096,.F.);
#9113=EDGE_LOOP('',(#9109,#9110,#9111,#9112));
#9114=FACE_OUTER_BOUND('',#9113,.F.);
#9116=CARTESIAN_POINT('',(-1.879935154661E1,-8.255E0,5.203967979774E1));
#9117=DIRECTION('',(0.E0,0.E0,-1.E0));
#9118=DIRECTION('',(1.E0,0.E0,0.E0));
#9119=AXIS2_PLACEMENT_3D('',#9116,#9117,#9118);
#9120=PLANE('',#9119);
#9121=ORIENTED_EDGE('',*,*,#6097,.F.);
#9123=ORIENTED_EDGE('',*,*,#9122,.T.);
#9124=ORIENTED_EDGE('',*,*,#6157,.T.);
#9126=ORIENTED_EDGE('',*,*,#9125,.F.);
#9127=EDGE_LOOP('',(#9121,#9123,#9124,#9126));
#9128=FACE_OUTER_BOUND('',#9127,.F.);
#9129=ORIENTED_EDGE('',*,*,#6728,.T.);
#9130=ORIENTED_EDGE('',*,*,#6743,.T.);
#9131=EDGE_LOOP('',(#9129,#9130));
#9132=FACE_BOUND('',#9131,.F.);
#9133=ORIENTED_EDGE('',*,*,#8724,.T.);
#9134=ORIENTED_EDGE('',*,*,#8709,.T.);
#9135=EDGE_LOOP('',(#9133,#9134));
#9136=FACE_BOUND('',#9135,.F.);
#9137=ORIENTED_EDGE('',*,*,#8978,.T.);
#9138=ORIENTED_EDGE('',*,*,#8993,.T.);
#9139=EDGE_LOOP('',(#9137,#9138));
#9140=FACE_BOUND('',#9139,.F.);
#9142=CARTESIAN_POINT('',(-1.879935154661E1,-8.255E0,1.01E2));
#9143=DIRECTION('',(-1.E0,0.E0,0.E0));
#9144=DIRECTION('',(0.E0,0.E0,-1.E0));
#9145=AXIS2_PLACEMENT_3D('',#9142,#9143,#9144);
#9146=PLANE('',#9145);
#9147=ORIENTED_EDGE('',*,*,#6095,.F.);
#9148=ORIENTED_EDGE('',*,*,#6119,.T.);
#9149=ORIENTED_EDGE('',*,*,#6159,.T.);
#9150=ORIENTED_EDGE('',*,*,#9122,.F.);
#9151=EDGE_LOOP('',(#9147,#9148,#9149,#9150));
#9152=FACE_OUTER_BOUND('',#9151,.F.);
#9154=CARTESIAN_POINT('',(1.879935154661E1,-8.255E0,5.203967979774E1));
#9155=DIRECTION('',(1.E0,0.E0,0.E0));
#9156=DIRECTION('',(0.E0,0.E0,1.E0));
#9157=AXIS2_PLACEMENT_3D('',#9154,#9155,#9156);
#9158=PLANE('',#9157);
#9159=ORIENTED_EDGE('',*,*,#6099,.F.);
#9160=ORIENTED_EDGE('',*,*,#9125,.T.);
#9161=ORIENTED_EDGE('',*,*,#6155,.T.);
#9162=ORIENTED_EDGE('',*,*,#6122,.F.);
#9163=EDGE_LOOP('',(#9159,#9160,#9161,#9162));
#9164=FACE_OUTER_BOUND('',#9163,.F.);
#9166=CARTESIAN_POINT('',(8.75E0,1.4965E1,3.7E1));
#9167=DIRECTION('',(-1.E0,0.E0,0.E0));
#9168=DIRECTION('',(0.E0,-1.E0,0.E0));
#9169=AXIS2_PLACEMENT_3D('',#9166,#9167,#9168);
#9170=PLANE('',#9169);
#9171=ORIENTED_EDGE('',*,*,#6339,.F.);
#9172=ORIENTED_EDGE('',*,*,#8818,.T.);
#9173=ORIENTED_EDGE('',*,*,#8940,.T.);
#9174=ORIENTED_EDGE('',*,*,#6661,.F.);
#9175=EDGE_LOOP('',(#9171,#9172,#9173,#9174));
#9176=FACE_OUTER_BOUND('',#9175,.F.);
#9178=CARTESIAN_POINT('',(0.E0,0.E0,2.6E1));
#9179=DIRECTION('',(0.E0,0.E0,1.E0));
#9180=DIRECTION('',(9.955768383025E-1,9.395083307578E-2,0.E0));
#9181=AXIS2_PLACEMENT_3D('',#9178,#9179,#9180);
#9182=TOROIDAL_SURFACE('',#9181,3.25E0,1.E0);
#9183=ORIENTED_EDGE('',*,*,#8740,.T.);
#9184=ORIENTED_EDGE('',*,*,#8650,.T.);
#9185=ORIENTED_EDGE('',*,*,#6856,.F.);
#9186=ORIENTED_EDGE('',*,*,#8647,.F.);
#9187=EDGE_LOOP('',(#9183,#9184,#9185,#9186));
#9188=FACE_OUTER_BOUND('',#9187,.F.);
#9190=CARTESIAN_POINT('',(0.E0,0.E0,1.1E2));
#9191=DIRECTION('',(0.E0,0.E0,1.E0));
#9192=DIRECTION('',(9.903539875402E-1,1.385603816512E-1,0.E0));
#9193=AXIS2_PLACEMENT_3D('',#9190,#9191,#9192);
#9194=TOROIDAL_SURFACE('',#9193,3.25E0,1.E0);
#9195=ORIENTED_EDGE('',*,*,#5844,.T.);
#9197=ORIENTED_EDGE('',*,*,#9196,.T.);
#9198=ORIENTED_EDGE('',*,*,#8754,.F.);
#9200=ORIENTED_EDGE('',*,*,#9199,.F.);
#9201=EDGE_LOOP('',(#9195,#9197,#9198,#9200));
#9202=FACE_OUTER_BOUND('',#9201,.F.);
#9204=CARTESIAN_POINT('',(0.E0,0.E0,1.1E2));
#9205=DIRECTION('',(0.E0,0.E0,1.E0));
#9206=DIRECTION('',(-9.903539875402E-1,-1.385603816512E-1,0.E0));
#9207=AXIS2_PLACEMENT_3D('',#9204,#9205,#9206);
#9208=TOROIDAL_SURFACE('',#9207,3.25E0,1.E0);
#9209=ORIENTED_EDGE('',*,*,#5842,.T.);
#9210=ORIENTED_EDGE('',*,*,#9199,.T.);
#9211=ORIENTED_EDGE('',*,*,#8690,.F.);
#9212=ORIENTED_EDGE('',*,*,#9196,.F.);
#9213=EDGE_LOOP('',(#9209,#9210,#9211,#9212));
#9214=FACE_OUTER_BOUND('',#9213,.F.);
#9216=CARTESIAN_POINT('',(0.E0,0.E0,1.02E2));
#9217=DIRECTION('',(0.E0,0.E0,1.E0));
#9218=DIRECTION('',(9.955768383025E-1,9.395083307578E-2,0.E0));
#9219=AXIS2_PLACEMENT_3D('',#9216,#9217,#9218);
#9220=TOROIDAL_SURFACE('',#9219,3.25E0,1.E0);
#9221=ORIENTED_EDGE('',*,*,#8757,.T.);
#9223=ORIENTED_EDGE('',*,*,#9222,.T.);
#9224=ORIENTED_EDGE('',*,*,#6132,.F.);
#9226=ORIENTED_EDGE('',*,*,#9225,.F.);
#9227=EDGE_LOOP('',(#9221,#9223,#9224,#9226));
#9228=FACE_OUTER_BOUND('',#9227,.F.);
#9230=CARTESIAN_POINT('',(0.E0,0.E0,1.02E2));
#9231=DIRECTION('',(0.E0,0.E0,1.E0));
#9232=DIRECTION('',(-9.955768383025E-1,-9.395083307578E-2,0.E0));
#9233=AXIS2_PLACEMENT_3D('',#9230,#9231,#9232);
#9234=TOROIDAL_SURFACE('',#9233,3.25E0,1.E0);
#9235=ORIENTED_EDGE('',*,*,#8694,.T.);
#9236=ORIENTED_EDGE('',*,*,#9225,.T.);
#9237=ORIENTED_EDGE('',*,*,#6134,.F.);
#9238=ORIENTED_EDGE('',*,*,#9222,.F.);
#9239=EDGE_LOOP('',(#9235,#9236,#9237,#9238));
#9240=FACE_OUTER_BOUND('',#9239,.F.);
#9242=CARTESIAN_POINT('',(-1.879935154661E1,-8.255E0,2.5E1));
#9243=DIRECTION('',(-1.E0,0.E0,0.E0));
#9244=DIRECTION('',(0.E0,1.E0,0.E0));
#9245=AXIS2_PLACEMENT_3D('',#9242,#9243,#9244);
#9246=PLANE('',#9245);
#9248=ORIENTED_EDGE('',*,*,#9247,.F.);
#9250=ORIENTED_EDGE('',*,*,#9249,.T.);
#9252=ORIENTED_EDGE('',*,*,#9251,.F.);
#9253=ORIENTED_EDGE('',*,*,#6813,.F.);
#9254=ORIENTED_EDGE('',*,*,#6065,.T.);
#9256=ORIENTED_EDGE('',*,*,#9255,.T.);
#9257=EDGE_LOOP('',(#9248,#9250,#9252,#9253,#9254,#9256));
#9258=FACE_OUTER_BOUND('',#9257,.F.);
#9260=CARTESIAN_POINT('',(0.E0,-1.2755E1,1.11E2));
#9261=DIRECTION('',(0.E0,-1.E0,0.E0));
#9262=DIRECTION('',(1.E0,0.E0,0.E0));
#9263=AXIS2_PLACEMENT_3D('',#9260,#9261,#9262);
#9264=PLANE('',#9263);
#9266=ORIENTED_EDGE('',*,*,#9265,.T.);
#9268=ORIENTED_EDGE('',*,*,#9267,.T.);
#9269=ORIENTED_EDGE('',*,*,#9247,.T.);
#9271=ORIENTED_EDGE('',*,*,#9270,.F.);
#9272=EDGE_LOOP('',(#9266,#9268,#9269,#9271));
#9273=FACE_OUTER_BOUND('',#9272,.F.);
#9275=ORIENTED_EDGE('',*,*,#9274,.F.);
#9277=ORIENTED_EDGE('',*,*,#9276,.F.);
#9278=EDGE_LOOP('',(#9275,#9277));
#9279=FACE_BOUND('',#9278,.F.);
#9281=ORIENTED_EDGE('',*,*,#9280,.F.);
#9283=ORIENTED_EDGE('',*,*,#9282,.F.);
#9284=EDGE_LOOP('',(#9281,#9283));
#9285=FACE_BOUND('',#9284,.F.);
#9287=ORIENTED_EDGE('',*,*,#9286,.F.);
#9289=ORIENTED_EDGE('',*,*,#9288,.F.);
#9290=EDGE_LOOP('',(#9287,#9289));
#9291=FACE_BOUND('',#9290,.F.);
#9293=ORIENTED_EDGE('',*,*,#9292,.F.);
#9295=ORIENTED_EDGE('',*,*,#9294,.F.);
#9296=EDGE_LOOP('',(#9293,#9295));
#9297=FACE_BOUND('',#9296,.F.);
#9299=ORIENTED_EDGE('',*,*,#9298,.F.);
#9301=ORIENTED_EDGE('',*,*,#9300,.F.);
#9302=EDGE_LOOP('',(#9299,#9301));
#9303=FACE_BOUND('',#9302,.F.);
#9305=CARTESIAN_POINT('',(0.E0,-8.255E0,2.18E0));
#9306=DIRECTION('',(0.E0,-1.E0,0.E0));
#9307=DIRECTION('',(1.E0,0.E0,0.E0));
#9308=AXIS2_PLACEMENT_3D('',#9305,#9306,#9307);
#9309=CYLINDRICAL_SURFACE('',#9308,1.E1);
#9311=ORIENTED_EDGE('',*,*,#9310,.T.);
#9313=ORIENTED_EDGE('',*,*,#9312,.T.);
#9315=ORIENTED_EDGE('',*,*,#9314,.T.);
#9316=ORIENTED_EDGE('',*,*,#9298,.T.);
#9317=EDGE_LOOP('',(#9311,#9313,#9315,#9316));
#9318=FACE_OUTER_BOUND('',#9317,.F.);
#9320=CARTESIAN_POINT('',(0.E0,-8.255E0,2.18E0));
#9321=DIRECTION('',(0.E0,-1.E0,0.E0));
#9322=DIRECTION('',(1.E0,0.E0,0.E0));
#9323=AXIS2_PLACEMENT_3D('',#9320,#9321,#9322);
#9324=CYLINDRICAL_SURFACE('',#9323,1.E1);
#9325=ORIENTED_EDGE('',*,*,#9314,.F.);
#9327=ORIENTED_EDGE('',*,*,#9326,.T.);
#9328=ORIENTED_EDGE('',*,*,#9310,.F.);
#9329=ORIENTED_EDGE('',*,*,#9300,.T.);
#9330=EDGE_LOOP('',(#9325,#9327,#9328,#9329));
#9331=FACE_OUTER_BOUND('',#9330,.F.);
#9333=CARTESIAN_POINT('',(0.E0,-6.755E0,1.11E2));
#9334=DIRECTION('',(0.E0,-1.E0,0.E0));
#9335=DIRECTION('',(1.E0,0.E0,0.E0));
#9336=AXIS2_PLACEMENT_3D('',#9333,#9334,#9335);
#9337=PLANE('',#9336);
#9338=ORIENTED_EDGE('',*,*,#9326,.F.);
#9339=ORIENTED_EDGE('',*,*,#9312,.F.);
#9340=EDGE_LOOP('',(#9338,#9339));
#9341=FACE_OUTER_BOUND('',#9340,.F.);
#9343=CARTESIAN_POINT('',(-1.228042166525E1,-8.255E0,1.118728346963E1));
#9344=DIRECTION('',(0.E0,-1.E0,0.E0));
#9345=DIRECTION('',(1.E0,0.E0,0.E0));
#9346=AXIS2_PLACEMENT_3D('',#9343,#9344,#9345);
#9347=CYLINDRICAL_SURFACE('',#9346,2.E0);
#9348=ORIENTED_EDGE('',*,*,#6015,.T.);
#9350=ORIENTED_EDGE('',*,*,#9349,.T.);
#9351=ORIENTED_EDGE('',*,*,#9274,.T.);
#9353=ORIENTED_EDGE('',*,*,#9352,.F.);
#9354=EDGE_LOOP('',(#9348,#9350,#9351,#9353));
#9355=FACE_OUTER_BOUND('',#9354,.F.);
#9357=CARTESIAN_POINT('',(-1.228042166525E1,-8.255E0,1.118728346963E1));
#9358=DIRECTION('',(0.E0,-1.E0,0.E0));
#9359=DIRECTION('',(1.E0,0.E0,0.E0));
#9360=AXIS2_PLACEMENT_3D('',#9357,#9358,#9359);
#9361=CYLINDRICAL_SURFACE('',#9360,2.E0);
#9362=ORIENTED_EDGE('',*,*,#6017,.T.);
#9363=ORIENTED_EDGE('',*,*,#9352,.T.);
#9364=ORIENTED_EDGE('',*,*,#9276,.T.);
#9365=ORIENTED_EDGE('',*,*,#9349,.F.);
#9366=EDGE_LOOP('',(#9362,#9363,#9364,#9365));
#9367=FACE_OUTER_BOUND('',#9366,.F.);
#9369=CARTESIAN_POINT('',(1.228042166525E1,-8.255E0,1.118728346963E1));
#9370=DIRECTION('',(0.E0,-1.E0,0.E0));
#9371=DIRECTION('',(1.E0,0.E0,0.E0));
#9372=AXIS2_PLACEMENT_3D('',#9369,#9370,#9371);
#9373=CYLINDRICAL_SURFACE('',#9372,2.E0);
#9374=ORIENTED_EDGE('',*,*,#6027,.T.);
#9376=ORIENTED_EDGE('',*,*,#9375,.T.);
#9377=ORIENTED_EDGE('',*,*,#9280,.T.);
#9379=ORIENTED_EDGE('',*,*,#9378,.F.);
#9380=EDGE_LOOP('',(#9374,#9376,#9377,#9379));
#9381=FACE_OUTER_BOUND('',#9380,.F.);
#9383=CARTESIAN_POINT('',(1.228042166525E1,-8.255E0,1.118728346963E1));
#9384=DIRECTION('',(0.E0,-1.E0,0.E0));
#9385=DIRECTION('',(1.E0,0.E0,0.E0));
#9386=AXIS2_PLACEMENT_3D('',#9383,#9384,#9385);
#9387=CYLINDRICAL_SURFACE('',#9386,2.E0);
#9388=ORIENTED_EDGE('',*,*,#6029,.T.);
#9389=ORIENTED_EDGE('',*,*,#9378,.T.);
#9390=ORIENTED_EDGE('',*,*,#9282,.T.);
#9391=ORIENTED_EDGE('',*,*,#9375,.F.);
#9392=EDGE_LOOP('',(#9388,#9389,#9390,#9391));
#9393=FACE_OUTER_BOUND('',#9392,.F.);
#9395=CARTESIAN_POINT('',(1.228042166525E1,-8.255E0,-6.734288485834E0));
#9396=DIRECTION('',(0.E0,-1.E0,0.E0));
#9397=DIRECTION('',(1.E0,0.E0,0.E0));
#9398=AXIS2_PLACEMENT_3D('',#9395,#9396,#9397);
#9399=CYLINDRICAL_SURFACE('',#9398,2.E0);
#9400=ORIENTED_EDGE('',*,*,#6039,.T.);
#9402=ORIENTED_EDGE('',*,*,#9401,.T.);
#9403=ORIENTED_EDGE('',*,*,#9286,.T.);
#9405=ORIENTED_EDGE('',*,*,#9404,.F.);
#9406=EDGE_LOOP('',(#9400,#9402,#9403,#9405));
#9407=FACE_OUTER_BOUND('',#9406,.F.);
#9409=CARTESIAN_POINT('',(1.228042166525E1,-8.255E0,-6.734288485834E0));
#9410=DIRECTION('',(0.E0,-1.E0,0.E0));
#9411=DIRECTION('',(1.E0,0.E0,0.E0));
#9412=AXIS2_PLACEMENT_3D('',#9409,#9410,#9411);
#9413=CYLINDRICAL_SURFACE('',#9412,2.E0);
#9414=ORIENTED_EDGE('',*,*,#6041,.T.);
#9415=ORIENTED_EDGE('',*,*,#9404,.T.);
#9416=ORIENTED_EDGE('',*,*,#9288,.T.);
#9417=ORIENTED_EDGE('',*,*,#9401,.F.);
#9418=EDGE_LOOP('',(#9414,#9415,#9416,#9417));
#9419=FACE_OUTER_BOUND('',#9418,.F.);
#9421=CARTESIAN_POINT('',(-1.228042166525E1,-8.255E0,-6.734288485834E0));
#9422=DIRECTION('',(0.E0,-1.E0,0.E0));
#9423=DIRECTION('',(1.E0,0.E0,0.E0));
#9424=AXIS2_PLACEMENT_3D('',#9421,#9422,#9423);
#9425=CYLINDRICAL_SURFACE('',#9424,2.E0);
#9426=ORIENTED_EDGE('',*,*,#6051,.T.);
#9428=ORIENTED_EDGE('',*,*,#9427,.T.);
#9429=ORIENTED_EDGE('',*,*,#9292,.T.);
#9431=ORIENTED_EDGE('',*,*,#9430,.F.);
#9432=EDGE_LOOP('',(#9426,#9428,#9429,#9431));
#9433=FACE_OUTER_BOUND('',#9432,.F.);
#9435=CARTESIAN_POINT('',(-1.228042166525E1,-8.255E0,-6.734288485834E0));
#9436=DIRECTION('',(0.E0,-1.E0,0.E0));
#9437=DIRECTION('',(1.E0,0.E0,0.E0));
#9438=AXIS2_PLACEMENT_3D('',#9435,#9436,#9437);
#9439=CYLINDRICAL_SURFACE('',#9438,2.E0);
#9440=ORIENTED_EDGE('',*,*,#6053,.T.);
#9441=ORIENTED_EDGE('',*,*,#9430,.T.);
#9442=ORIENTED_EDGE('',*,*,#9294,.T.);
#9443=ORIENTED_EDGE('',*,*,#9427,.F.);
#9444=EDGE_LOOP('',(#9440,#9441,#9442,#9443));
#9445=FACE_OUTER_BOUND('',#9444,.F.);
#9447=CARTESIAN_POINT('',(1.879935154661E1,-4.426780592232E0,2.5E1));
#9448=DIRECTION('',(1.E0,0.E0,0.E0));
#9449=DIRECTION('',(0.E0,-1.E0,0.E0));
#9450=AXIS2_PLACEMENT_3D('',#9447,#9448,#9449);
#9451=PLANE('',#9450);
#9453=ORIENTED_EDGE('',*,*,#9452,.T.);
#9455=ORIENTED_EDGE('',*,*,#9454,.T.);
#9456=ORIENTED_EDGE('',*,*,#9265,.F.);
#9458=ORIENTED_EDGE('',*,*,#9457,.F.);
#9459=ORIENTED_EDGE('',*,*,#6089,.F.);
#9460=ORIENTED_EDGE('',*,*,#6817,.T.);
#9461=EDGE_LOOP('',(#9453,#9455,#9456,#9458,#9459,#9460));
#9462=FACE_OUTER_BOUND('',#9461,.F.);
#9464=CARTESIAN_POINT('',(-1.879935154661E1,-4.426780592232E0,2.5E1));
#9465=DIRECTION('',(0.E0,1.E0,0.E0));
#9466=DIRECTION('',(1.E0,0.E0,0.E0));
#9467=AXIS2_PLACEMENT_3D('',#9464,#9465,#9466);
#9468=PLANE('',#9467);
#9469=ORIENTED_EDGE('',*,*,#9251,.T.);
#9471=ORIENTED_EDGE('',*,*,#9470,.T.);
#9472=ORIENTED_EDGE('',*,*,#9452,.F.);
#9473=ORIENTED_EDGE('',*,*,#6815,.F.);
#9474=EDGE_LOOP('',(#9469,#9471,#9472,#9473));
#9475=FACE_OUTER_BOUND('',#9474,.F.);
#9477=CARTESIAN_POINT('',(0.E0,0.E0,-1.2E1));
#9478=DIRECTION('',(0.E0,0.E0,-1.E0));
#9479=DIRECTION('',(1.E0,0.E0,0.E0));
#9480=AXIS2_PLACEMENT_3D('',#9477,#9478,#9479);
#9481=PLANE('',#9480);
#9482=ORIENTED_EDGE('',*,*,#9249,.F.);
#9483=ORIENTED_EDGE('',*,*,#9267,.F.);
#9484=ORIENTED_EDGE('',*,*,#9454,.F.);
#9485=ORIENTED_EDGE('',*,*,#9470,.F.);
#9486=EDGE_LOOP('',(#9482,#9483,#9484,#9485));
#9487=FACE_OUTER_BOUND('',#9486,.F.);
#9489=CARTESIAN_POINT('',(1.879935154661E1,-8.255E0,1.5E1));
#9490=DIRECTION('',(0.E0,0.E0,1.E0));
#9491=DIRECTION('',(-1.E0,0.E0,0.E0));
#9492=AXIS2_PLACEMENT_3D('',#9489,#9490,#9491);
#9493=PLANE('',#9492);
#9494=ORIENTED_EDGE('',*,*,#6063,.F.);
#9495=ORIENTED_EDGE('',*,*,#9457,.T.);
#9496=ORIENTED_EDGE('',*,*,#9270,.T.);
#9497=ORIENTED_EDGE('',*,*,#9255,.F.);
#9498=EDGE_LOOP('',(#9494,#9495,#9496,#9497));
#9499=FACE_OUTER_BOUND('',#9498,.F.);
#9501=CARTESIAN_POINT('',(-1.2E1,0.E0,1.1E2));
#9502=DIRECTION('',(0.E0,0.E0,1.E0));
#9503=DIRECTION('',(9.840713173870E-1,1.777741328097E-1,0.E0));
#9504=AXIS2_PLACEMENT_3D('',#9501,#9502,#9503);
#9505=TOROIDAL_SURFACE('',#9504,2.75E0,1.E0);
#9506=ORIENTED_EDGE('',*,*,#5838,.T.);
#9508=ORIENTED_EDGE('',*,*,#9507,.T.);
#9509=ORIENTED_EDGE('',*,*,#6771,.F.);
#9511=ORIENTED_EDGE('',*,*,#9510,.F.);
#9512=EDGE_LOOP('',(#9506,#9508,#9509,#9511));
#9513=FACE_OUTER_BOUND('',#9512,.F.);
#9515=CARTESIAN_POINT('',(-1.2E1,0.E0,1.1E2));
#9516=DIRECTION('',(0.E0,0.E0,1.E0));
#9517=DIRECTION('',(-9.840713173870E-1,-1.777741328097E-1,0.E0));
#9518=AXIS2_PLACEMENT_3D('',#9515,#9516,#9517);
#9519=TOROIDAL_SURFACE('',#9518,2.75E0,1.E0);
#9520=ORIENTED_EDGE('',*,*,#5836,.T.);
#9521=ORIENTED_EDGE('',*,*,#9510,.T.);
#9522=ORIENTED_EDGE('',*,*,#6709,.F.);
#9523=ORIENTED_EDGE('',*,*,#9507,.F.);
#9524=EDGE_LOOP('',(#9520,#9521,#9522,#9523));
#9525=FACE_OUTER_BOUND('',#9524,.F.);
#9527=CARTESIAN_POINT('',(-1.2E1,0.E0,1.02E2));
#9528=DIRECTION('',(0.E0,0.E0,1.E0));
#9529=DIRECTION('',(9.926917654651E-1,1.206774990532E-1,0.E0));
#9530=AXIS2_PLACEMENT_3D('',#9527,#9528,#9529);
#9531=TOROIDAL_SURFACE('',#9530,2.75E0,1.E0);
#9532=ORIENTED_EDGE('',*,*,#6774,.T.);
#9534=ORIENTED_EDGE('',*,*,#9533,.T.);
#9535=ORIENTED_EDGE('',*,*,#6138,.F.);
#9537=ORIENTED_EDGE('',*,*,#9536,.F.);
#9538=EDGE_LOOP('',(#9532,#9534,#9535,#9537));
#9539=FACE_OUTER_BOUND('',#9538,.F.);
#9541=CARTESIAN_POINT('',(-1.2E1,0.E0,1.02E2));
#9542=DIRECTION('',(0.E0,0.E0,1.E0));
#9543=DIRECTION('',(-9.926917654651E-1,-1.206774990532E-1,0.E0));
#9544=AXIS2_PLACEMENT_3D('',#9541,#9542,#9543);
#9545=TOROIDAL_SURFACE('',#9544,2.75E0,1.E0);
#9546=ORIENTED_EDGE('',*,*,#6713,.T.);
#9547=ORIENTED_EDGE('',*,*,#9536,.T.);
#9548=ORIENTED_EDGE('',*,*,#6140,.F.);
#9549=ORIENTED_EDGE('',*,*,#9533,.F.);
#9550=EDGE_LOOP('',(#9546,#9547,#9548,#9549));
#9551=FACE_OUTER_BOUND('',#9550,.F.);
#9553=CARTESIAN_POINT('',(6.3E0,1.4965E1,4.175E1));
#9554=DIRECTION('',(1.E0,0.E0,0.E0));
#9555=DIRECTION('',(0.E0,0.E0,-1.E0));
#9556=AXIS2_PLACEMENT_3D('',#9553,#9554,#9555);
#9557=PLANE('',#9556);
#9558=ORIENTED_EDGE('',*,*,#6301,.F.);
#9559=ORIENTED_EDGE('',*,*,#6414,.T.);
#9560=ORIENTED_EDGE('',*,*,#6549,.T.);
#9561=ORIENTED_EDGE('',*,*,#6453,.F.);
#9562=EDGE_LOOP('',(#9558,#9559,#9560,#9561));
#9563=FACE_OUTER_BOUND('',#9562,.F.);
#9565=CARTESIAN_POINT('',(-1.6E1,8.965E0,4.E1));
#9566=DIRECTION('',(0.E0,1.E0,0.E0));
#9567=DIRECTION('',(1.E0,0.E0,0.E0));
#9568=AXIS2_PLACEMENT_3D('',#9565,#9566,#9567);
#9569=CYLINDRICAL_SURFACE('',#9568,1.15E0);
#9570=ORIENTED_EDGE('',*,*,#6534,.F.);
#9572=ORIENTED_EDGE('',*,*,#9571,.T.);
#9574=ORIENTED_EDGE('',*,*,#9573,.T.);
#9576=ORIENTED_EDGE('',*,*,#9575,.F.);
#9577=EDGE_LOOP('',(#9570,#9572,#9574,#9576));
#9578=FACE_OUTER_BOUND('',#9577,.F.);
#9580=CARTESIAN_POINT('',(-1.6E1,8.965E0,4.E1));
#9581=DIRECTION('',(0.E0,1.E0,0.E0));
#9582=DIRECTION('',(1.E0,0.E0,0.E0));
#9583=AXIS2_PLACEMENT_3D('',#9580,#9581,#9582);
#9584=CYLINDRICAL_SURFACE('',#9583,1.15E0);
#9585=ORIENTED_EDGE('',*,*,#6536,.F.);
#9586=ORIENTED_EDGE('',*,*,#9575,.T.);
#9588=ORIENTED_EDGE('',*,*,#9587,.T.);
#9589=ORIENTED_EDGE('',*,*,#9571,.F.);
#9590=EDGE_LOOP('',(#9585,#9586,#9588,#9589));
#9591=FACE_OUTER_BOUND('',#9590,.F.);
#9593=CARTESIAN_POINT('',(0.E0,4.965E0,0.E0));
#9594=DIRECTION('',(0.E0,1.E0,0.E0));
#9595=DIRECTION('',(1.E0,0.E0,0.E0));
#9596=AXIS2_PLACEMENT_3D('',#9593,#9594,#9595);
#9597=PLANE('',#9596);
#9598=ORIENTED_EDGE('',*,*,#9573,.F.);
#9599=ORIENTED_EDGE('',*,*,#9587,.F.);
#9600=EDGE_LOOP('',(#9598,#9599));
#9601=FACE_OUTER_BOUND('',#9600,.F.);
#9603=CARTESIAN_POINT('',(0.E0,4.965E0,0.E0));
#9604=DIRECTION('',(0.E0,1.E0,0.E0));
#9605=DIRECTION('',(1.E0,0.E0,0.E0));
#9606=AXIS2_PLACEMENT_3D('',#9603,#9604,#9605);
#9607=PLANE('',#9606);
#9609=ORIENTED_EDGE('',*,*,#9608,.F.);
#9611=ORIENTED_EDGE('',*,*,#9610,.F.);
#9612=EDGE_LOOP('',(#9609,#9611));
#9613=FACE_OUTER_BOUND('',#9612,.F.);
#9615=CARTESIAN_POINT('',(0.E0,4.965E0,0.E0));
#9616=DIRECTION('',(0.E0,1.E0,0.E0));
#9617=DIRECTION('',(1.E0,0.E0,0.E0));
#9618=AXIS2_PLACEMENT_3D('',#9615,#9616,#9617);
#9619=PLANE('',#9618);
#9621=ORIENTED_EDGE('',*,*,#9620,.F.);
#9623=ORIENTED_EDGE('',*,*,#9622,.F.);
#9624=EDGE_LOOP('',(#9621,#9623));
#9625=FACE_OUTER_BOUND('',#9624,.F.);
#9627=CARTESIAN_POINT('',(0.E0,4.965E0,0.E0));
#9628=DIRECTION('',(0.E0,1.E0,0.E0));
#9629=DIRECTION('',(1.E0,0.E0,0.E0));
#9630=AXIS2_PLACEMENT_3D('',#9627,#9628,#9629);
#9631=PLANE('',#9630);
#9633=ORIENTED_EDGE('',*,*,#9632,.F.);
#9635=ORIENTED_EDGE('',*,*,#9634,.F.);
#9636=EDGE_LOOP('',(#9633,#9635));
#9637=FACE_OUTER_BOUND('',#9636,.F.);
#9639=CARTESIAN_POINT('',(0.E0,4.965E0,0.E0));
#9640=DIRECTION('',(0.E0,1.E0,0.E0));
#9641=DIRECTION('',(1.E0,0.E0,0.E0));
#9642=AXIS2_PLACEMENT_3D('',#9639,#9640,#9641);
#9643=PLANE('',#9642);
#9645=ORIENTED_EDGE('',*,*,#9644,.F.);
#9647=ORIENTED_EDGE('',*,*,#9646,.F.);
#9648=EDGE_LOOP('',(#9645,#9647));
#9649=FACE_OUTER_BOUND('',#9648,.F.);
#9651=CARTESIAN_POINT('',(0.E0,4.965E0,0.E0));
#9652=DIRECTION('',(0.E0,1.E0,0.E0));
#9653=DIRECTION('',(1.E0,0.E0,0.E0));
#9654=AXIS2_PLACEMENT_3D('',#9651,#9652,#9653);
#9655=PLANE('',#9654);
#9657=ORIENTED_EDGE('',*,*,#9656,.F.);
#9659=ORIENTED_EDGE('',*,*,#9658,.F.);
#9660=EDGE_LOOP('',(#9657,#9659));
#9661=FACE_OUTER_BOUND('',#9660,.F.);
#9663=CARTESIAN_POINT('',(-8.E0,8.965E0,4.E1));
#9664=DIRECTION('',(0.E0,1.E0,0.E0));
#9665=DIRECTION('',(1.E0,0.E0,0.E0));
#9666=AXIS2_PLACEMENT_3D('',#9663,#9664,#9665);
#9667=CYLINDRICAL_SURFACE('',#9666,1.15E0);
#9668=ORIENTED_EDGE('',*,*,#6510,.F.);
#9670=ORIENTED_EDGE('',*,*,#9669,.T.);
#9671=ORIENTED_EDGE('',*,*,#9608,.T.);
#9673=ORIENTED_EDGE('',*,*,#9672,.F.);
#9674=EDGE_LOOP('',(#9668,#9670,#9671,#9673));
#9675=FACE_OUTER_BOUND('',#9674,.F.);
#9677=CARTESIAN_POINT('',(-8.E0,8.965E0,4.E1));
#9678=DIRECTION('',(0.E0,1.E0,0.E0));
#9679=DIRECTION('',(1.E0,0.E0,0.E0));
#9680=AXIS2_PLACEMENT_3D('',#9677,#9678,#9679);
#9681=CYLINDRICAL_SURFACE('',#9680,1.15E0);
#9682=ORIENTED_EDGE('',*,*,#6512,.F.);
#9683=ORIENTED_EDGE('',*,*,#9672,.T.);
#9684=ORIENTED_EDGE('',*,*,#9610,.T.);
#9685=ORIENTED_EDGE('',*,*,#9669,.F.);
#9686=EDGE_LOOP('',(#9682,#9683,#9684,#9685));
#9687=FACE_OUTER_BOUND('',#9686,.F.);
#9689=CARTESIAN_POINT('',(-4.1E0,8.965E0,4.E1));
#9690=DIRECTION('',(0.E0,1.E0,0.E0));
#9691=DIRECTION('',(1.E0,0.E0,0.E0));
#9692=AXIS2_PLACEMENT_3D('',#9689,#9690,#9691);
#9693=CYLINDRICAL_SURFACE('',#9692,1.15E0);
#9694=ORIENTED_EDGE('',*,*,#6516,.F.);
#9696=ORIENTED_EDGE('',*,*,#9695,.T.);
#9697=ORIENTED_EDGE('',*,*,#9620,.T.);
#9699=ORIENTED_EDGE('',*,*,#9698,.F.);
#9700=EDGE_LOOP('',(#9694,#9696,#9697,#9699));
#9701=FACE_OUTER_BOUND('',#9700,.F.);
#9703=CARTESIAN_POINT('',(-4.1E0,8.965E0,4.E1));
#9704=DIRECTION('',(0.E0,1.E0,0.E0));
#9705=DIRECTION('',(1.E0,0.E0,0.E0));
#9706=AXIS2_PLACEMENT_3D('',#9703,#9704,#9705);
#9707=CYLINDRICAL_SURFACE('',#9706,1.15E0);
#9708=ORIENTED_EDGE('',*,*,#6518,.F.);
#9709=ORIENTED_EDGE('',*,*,#9698,.T.);
#9710=ORIENTED_EDGE('',*,*,#9622,.T.);
#9711=ORIENTED_EDGE('',*,*,#9695,.F.);
#9712=EDGE_LOOP('',(#9708,#9709,#9710,#9711));
#9713=FACE_OUTER_BOUND('',#9712,.F.);
#9715=CARTESIAN_POINT('',(4.1E0,8.965E0,4.E1));
#9716=DIRECTION('',(0.E0,1.E0,0.E0));
#9717=DIRECTION('',(1.E0,0.E0,0.E0));
#9718=AXIS2_PLACEMENT_3D('',#9715,#9716,#9717);
#9719=CYLINDRICAL_SURFACE('',#9718,1.15E0);
#9720=ORIENTED_EDGE('',*,*,#6554,.F.);
#9722=ORIENTED_EDGE('',*,*,#9721,.T.);
#9723=ORIENTED_EDGE('',*,*,#9632,.T.);
#9725=ORIENTED_EDGE('',*,*,#9724,.F.);
#9726=EDGE_LOOP('',(#9720,#9722,#9723,#9725));
#9727=FACE_OUTER_BOUND('',#9726,.F.);
#9729=CARTESIAN_POINT('',(4.1E0,8.965E0,4.E1));
#9730=DIRECTION('',(0.E0,1.E0,0.E0));
#9731=DIRECTION('',(1.E0,0.E0,0.E0));
#9732=AXIS2_PLACEMENT_3D('',#9729,#9730,#9731);
#9733=CYLINDRICAL_SURFACE('',#9732,1.15E0);
#9734=ORIENTED_EDGE('',*,*,#6556,.F.);
#9735=ORIENTED_EDGE('',*,*,#9724,.T.);
#9736=ORIENTED_EDGE('',*,*,#9634,.T.);
#9737=ORIENTED_EDGE('',*,*,#9721,.F.);
#9738=EDGE_LOOP('',(#9734,#9735,#9736,#9737));
#9739=FACE_OUTER_BOUND('',#9738,.F.);
#9741=CARTESIAN_POINT('',(1.2E1,8.965E0,3.5E1));
#9742=DIRECTION('',(0.E0,1.E0,0.E0));
#9743=DIRECTION('',(1.E0,0.E0,0.E0));
#9744=AXIS2_PLACEMENT_3D('',#9741,#9742,#9743);
#9745=CYLINDRICAL_SURFACE('',#9744,1.15E0);
#9746=ORIENTED_EDGE('',*,*,#6576,.F.);
#9748=ORIENTED_EDGE('',*,*,#9747,.T.);
#9749=ORIENTED_EDGE('',*,*,#9644,.T.);
#9751=ORIENTED_EDGE('',*,*,#9750,.F.);
#9752=EDGE_LOOP('',(#9746,#9748,#9749,#9751));
#9753=FACE_OUTER_BOUND('',#9752,.F.);
#9755=CARTESIAN_POINT('',(1.2E1,8.965E0,3.5E1));
#9756=DIRECTION('',(0.E0,1.E0,0.E0));
#9757=DIRECTION('',(1.E0,0.E0,0.E0));
#9758=AXIS2_PLACEMENT_3D('',#9755,#9756,#9757);
#9759=CYLINDRICAL_SURFACE('',#9758,1.15E0);
#9760=ORIENTED_EDGE('',*,*,#6578,.F.);
#9761=ORIENTED_EDGE('',*,*,#9750,.T.);
#9762=ORIENTED_EDGE('',*,*,#9646,.T.);
#9763=ORIENTED_EDGE('',*,*,#9747,.F.);
#9764=EDGE_LOOP('',(#9760,#9761,#9762,#9763));
#9765=FACE_OUTER_BOUND('',#9764,.F.);
#9767=CARTESIAN_POINT('',(1.2E1,8.965E0,4.5E1));
#9768=DIRECTION('',(0.E0,1.E0,0.E0));
#9769=DIRECTION('',(1.E0,0.E0,0.E0));
#9770=AXIS2_PLACEMENT_3D('',#9767,#9768,#9769);
#9771=CYLINDRICAL_SURFACE('',#9770,1.15E0);
#9772=ORIENTED_EDGE('',*,*,#6598,.F.);
#9774=ORIENTED_EDGE('',*,*,#9773,.T.);
#9775=ORIENTED_EDGE('',*,*,#9656,.T.);
#9777=ORIENTED_EDGE('',*,*,#9776,.F.);
#9778=EDGE_LOOP('',(#9772,#9774,#9775,#9777));
#9779=FACE_OUTER_BOUND('',#9778,.F.);
#9781=CARTESIAN_POINT('',(1.2E1,8.965E0,4.5E1));
#9782=DIRECTION('',(0.E0,1.E0,0.E0));
#9783=DIRECTION('',(1.E0,0.E0,0.E0));
#9784=AXIS2_PLACEMENT_3D('',#9781,#9782,#9783);
#9785=CYLINDRICAL_SURFACE('',#9784,1.15E0);
#9786=ORIENTED_EDGE('',*,*,#6600,.F.);
#9787=ORIENTED_EDGE('',*,*,#9776,.T.);
#9788=ORIENTED_EDGE('',*,*,#9658,.T.);
#9789=ORIENTED_EDGE('',*,*,#9773,.F.);
#9790=EDGE_LOOP('',(#9786,#9787,#9788,#9789));
#9791=FACE_OUTER_BOUND('',#9790,.F.);
#9793=CARTESIAN_POINT('',(3.226797048358E1,0.E0,9.2E1));
#9794=DIRECTION('',(0.E0,0.E0,1.E0));
#9795=DIRECTION('',(9.991207476533E-1,-4.192530988295E-2,0.E0));
#9796=AXIS2_PLACEMENT_3D('',#9793,#9794,#9795);
#9797=TOROIDAL_SURFACE('',#9796,6.25E0,1.E0);
#9798=ORIENTED_EDGE('',*,*,#5963,.T.);
#9800=ORIENTED_EDGE('',*,*,#9799,.T.);
#9802=ORIENTED_EDGE('',*,*,#9801,.F.);
#9804=ORIENTED_EDGE('',*,*,#9803,.F.);
#9805=EDGE_LOOP('',(#9798,#9800,#9802,#9804));
#9806=FACE_OUTER_BOUND('',#9805,.F.);
#9808=CARTESIAN_POINT('',(3.226797048358E1,0.E0,9.2E1));
#9809=DIRECTION('',(0.E0,0.E0,1.E0));
#9810=DIRECTION('',(-9.991207476533E-1,4.192530988295E-2,0.E0));
#9811=AXIS2_PLACEMENT_3D('',#9808,#9809,#9810);
#9812=TOROIDAL_SURFACE('',#9811,6.25E0,1.E0);
#9813=ORIENTED_EDGE('',*,*,#5965,.T.);
#9814=ORIENTED_EDGE('',*,*,#9803,.T.);
#9816=ORIENTED_EDGE('',*,*,#9815,.F.);
#9817=ORIENTED_EDGE('',*,*,#9799,.F.);
#9818=EDGE_LOOP('',(#9813,#9814,#9816,#9817));
#9819=FACE_OUTER_BOUND('',#9818,.F.);
#9821=CARTESIAN_POINT('',(3.226797048358E1,0.E0,1.11E2));
#9822=DIRECTION('',(0.E0,0.E0,1.E0));
#9823=DIRECTION('',(1.E0,0.E0,0.E0));
#9824=AXIS2_PLACEMENT_3D('',#9821,#9822,#9823);
#9825=CYLINDRICAL_SURFACE('',#9824,5.25E0);
#9826=ORIENTED_EDGE('',*,*,#9815,.T.);
#9828=ORIENTED_EDGE('',*,*,#9827,.F.);
#9830=ORIENTED_EDGE('',*,*,#9829,.T.);
#9832=ORIENTED_EDGE('',*,*,#9831,.T.);
#9833=EDGE_LOOP('',(#9826,#9828,#9830,#9832));
#9834=FACE_OUTER_BOUND('',#9833,.F.);
#9836=CARTESIAN_POINT('',(3.226797048358E1,0.E0,1.11E2));
#9837=DIRECTION('',(0.E0,0.E0,1.E0));
#9838=DIRECTION('',(1.E0,0.E0,0.E0));
#9839=AXIS2_PLACEMENT_3D('',#9836,#9837,#9838);
#9840=CYLINDRICAL_SURFACE('',#9839,5.25E0);
#9841=ORIENTED_EDGE('',*,*,#9801,.T.);
#9842=ORIENTED_EDGE('',*,*,#9831,.F.);
#9844=ORIENTED_EDGE('',*,*,#9843,.T.);
#9845=ORIENTED_EDGE('',*,*,#9827,.T.);
#9846=EDGE_LOOP('',(#9841,#9842,#9844,#9845));
#9847=FACE_OUTER_BOUND('',#9846,.F.);
#9849=CARTESIAN_POINT('',(3.226797048358E1,0.E0,1.1E2));
#9850=DIRECTION('',(0.E0,0.E0,1.E0));
#9851=DIRECTION('',(-9.982259525319E-1,-5.953946331395E-2,0.E0));
#9852=AXIS2_PLACEMENT_3D('',#9849,#9850,#9851);
#9853=TOROIDAL_SURFACE('',#9852,6.25E0,1.E0);
#9854=ORIENTED_EDGE('',*,*,#5832,.T.);
#9856=ORIENTED_EDGE('',*,*,#9855,.T.);
#9857=ORIENTED_EDGE('',*,*,#9843,.F.);
#9859=ORIENTED_EDGE('',*,*,#9858,.F.);
#9860=EDGE_LOOP('',(#9854,#9856,#9857,#9859));
#9861=FACE_OUTER_BOUND('',#9860,.F.);
#9863=CARTESIAN_POINT('',(3.226797048358E1,0.E0,1.1E2));
#9864=DIRECTION('',(0.E0,0.E0,1.E0));
#9865=DIRECTION('',(9.982259525319E-1,5.953946331395E-2,0.E0));
#9866=AXIS2_PLACEMENT_3D('',#9863,#9864,#9865);
#9867=TOROIDAL_SURFACE('',#9866,6.25E0,1.E0);
#9868=ORIENTED_EDGE('',*,*,#5830,.T.);
#9869=ORIENTED_EDGE('',*,*,#9858,.T.);
#9870=ORIENTED_EDGE('',*,*,#9829,.F.);
#9871=ORIENTED_EDGE('',*,*,#9855,.F.);
#9872=EDGE_LOOP('',(#9868,#9869,#9870,#9871));
#9873=FACE_OUTER_BOUND('',#9872,.F.);
#9875=CARTESIAN_POINT('',(-3.226797048358E1,0.E0,9.2E1));
#9876=DIRECTION('',(0.E0,0.E0,1.E0));
#9877=DIRECTION('',(9.991207476533E-1,-4.192530988295E-2,0.E0));
#9878=AXIS2_PLACEMENT_3D('',#9875,#9876,#9877);
#9879=TOROIDAL_SURFACE('',#9878,6.25E0,1.E0);
#9880=ORIENTED_EDGE('',*,*,#5938,.T.);
#9881=ORIENTED_EDGE('',*,*,#5914,.T.);
#9883=ORIENTED_EDGE('',*,*,#9882,.F.);
#9884=ORIENTED_EDGE('',*,*,#5911,.F.);
#9885=EDGE_LOOP('',(#9880,#9881,#9883,#9884));
#9886=FACE_OUTER_BOUND('',#9885,.F.);
#9888=CARTESIAN_POINT('',(-3.226797048358E1,0.E0,1.11E2));
#9889=DIRECTION('',(0.E0,0.E0,1.E0));
#9890=DIRECTION('',(1.E0,0.E0,0.E0));
#9891=AXIS2_PLACEMENT_3D('',#9888,#9889,#9890);
#9892=CYLINDRICAL_SURFACE('',#9891,5.25E0);
#9893=ORIENTED_EDGE('',*,*,#9882,.T.);
#9894=ORIENTED_EDGE('',*,*,#5899,.F.);
#9895=ORIENTED_EDGE('',*,*,#5869,.T.);
#9896=ORIENTED_EDGE('',*,*,#5896,.T.);
#9897=EDGE_LOOP('',(#9893,#9894,#9895,#9896));
#9898=FACE_OUTER_BOUND('',#9897,.F.);
#9900=CLOSED_SHELL('',(#5860,#5875,#5888,#5903,#5918,#5943,#5969,#5983,#5996,
#6009,#6021,#6033,#6045,#6057,#6103,#6144,#6166,#6203,#6218,#6234,#6250,#6265,
#6359,#6373,#6388,#6403,#6418,#6432,#6446,#6461,#6476,#6496,#6522,#6540,#6560,
#6582,#6604,#6623,#6636,#6651,#6672,#6687,#6703,#6719,#6734,#6748,#6765,#6779,
#6794,#6807,#6872,#6887,#6900,#6915,#6930,#6945,#6974,#6999,#7030,#7059,#7082,
#7113,#7135,#7151,#7167,#7181,#7200,#7216,#7231,#7246,#7265,#7279,#7293,#7307,
#7325,#7338,#7405,#7420,#7436,#7456,#7471,#7486,#7500,#7512,#7528,#7543,#7556,
#7566,#7584,#7595,#7614,#7653,#7668,#7683,#7697,#7712,#7726,#7739,#7753,#7766,
#7780,#7793,#7809,#7826,#7841,#7879,#7894,#7907,#7917,#7929,#7943,#7955,#7966,
#7978,#7992,#8005,#8017,#8032,#8048,#8069,#8082,#8098,#8112,#8127,#8143,#8156,
#8168,#8180,#8192,#8204,#8217,#8230,#8242,#8254,#8267,#8284,#8296,#8309,#8321,
#8333,#8359,#8381,#8397,#8419,#8435,#8447,#8459,#8472,#8484,#8496,#8508,#8520,
#8532,#8545,#8557,#8572,#8585,#8600,#8613,#8627,#8639,#8654,#8669,#8684,#8700,
#8715,#8729,#8748,#8762,#8779,#8791,#8804,#8825,#8841,#8854,#8867,#8880,#8893,
#8905,#8917,#8930,#8953,#8969,#8984,#8998,#9010,#9023,#9037,#9051,#9063,#9077,
#9089,#9103,#9115,#9141,#9153,#9165,#9177,#9189,#9203,#9215,#9229,#9241,#9259,
#9304,#9319,#9332,#9342,#9356,#9368,#9382,#9394,#9408,#9420,#9434,#9446,#9463,
#9476,#9488,#9500,#9514,#9526,#9540,#9552,#9564,#9579,#9592,#9602,#9614,#9626,
#9638,#9650,#9662,#9676,#9688,#9702,#9714,#9728,#9740,#9754,#9766,#9780,#9792,
#9807,#9820,#9835,#9848,#9862,#9874,#9887,#9899));
#9901=MANIFOLD_SOLID_BREP('',#9900);
#9902=FILL_AREA_STYLE_COLOUR('',#8);
#9903=FILL_AREA_STYLE('',(#9902));
#9904=SURFACE_STYLE_FILL_AREA(#9903);
#9905=SURFACE_SIDE_STYLE('',(#9904));
#9906=SURFACE_STYLE_USAGE(.BOTH.,#9905);
#9907=PRESENTATION_STYLE_ASSIGNMENT((#9906));
#28=STYLED_ITEM('',(#9907),#9901);
#9910=PLANE_ANGLE_MEASURE_WITH_UNIT(PLANE_ANGLE_MEASURE(1.745329251994E-2),
#9909);
#9911=(CONVERSION_BASED_UNIT('DEGREE',#9910)NAMED_UNIT(*)PLANE_ANGLE_UNIT());
#9913=UNCERTAINTY_MEASURE_WITH_UNIT(LENGTH_MEASURE(1.539800685065E-2),#9908,
'distance_accuracy_value',
'Maximum model space distance between geometric entities at asserted connectivities');
#9915=CARTESIAN_POINT('',(0.E0,0.E0,0.E0));
#9916=DIRECTION('',(0.E0,0.E0,1.E0));
#9917=DIRECTION('',(1.E0,0.E0,0.E0));
#9920=MECHANICAL_DESIGN_GEOMETRIC_PRESENTATION_REPRESENTATION('',(#37,#45,#53,
#61,#69,#77,#85,#93,#101,#109,#116,#123,#131,#138,#146,#154,#161,#169,#176,#184,
#192,#200,#207,#215,#223,#231,#238,#246,#253,#261,#268,#276,#283,#290,#298,#306,
#314,#322,#329,#336,#343,#350,#357,#364,#372,#380,#388,#396,#404,#412,#420,#428,
#435,#442,#449,#456,#463,#470,#477,#484,#491,#498,#506,#514,#522,#530,#538,#546,
#553,#560,#567,#574,#581,#588,#595,#602,#609,#616,#623,#630,#637,#645,#652,#659,
#666,#673,#680,#687,#694,#701,#708,#715,#722,#729,#736,#743,#750,#757,#764,#771,
#778,#785,#792,#799,#806,#813,#820,#827,#834,#841,#848,#855,#862,#869,#876,#883,
#890,#897,#904,#911,#918,#925,#932,#939,#946,#953,#960,#967,#974,#981,#988,#995,
#1002,#1009,#1016,#1023,#1030,#1037,#1044,#1051,#1058,#1065,#1072,#1079,#1086,
#1093,#1100,#1107,#1114,#1121,#1128,#1136,#1144,#1152,#1160,#1168,#1176,#1184,
#1192,#1200,#1208,#1216,#1224,#1231,#1238,#1245,#1252,#1259,#1266,#1273,#1280,
#1287,#1294,#1301,#1308,#1316,#1324,#1331,#1339,#1346,#1354,#1362,#1370,#1377,
#1385,#1393,#1401,#1408,#1416,#1423,#1430,#1437,#1445,#1453,#1460,#1468,#1476,
#1484,#1492,#1500,#1508,#1516,#1524,#1532,#1540,#1548,#1556,#1563,#1570,#1577,
#1584,#1592,#1599,#1606,#1613,#1620,#1627,#1635,#1642,#1650,#1658,#1666,#1674,
#1681,#1689,#1696,#1703,#1710,#1717,#1724,#1732,#1739,#1746,#1754,#1762,#1770,
#1778,#1785,#1792,#1800,#1807,#1815,#1823,#1831,#1839,#1847,#1855,#1863,#1871,
#1879,#1886,#1893,#1900,#1908,#1915,#1922,#1929,#1937,#1944,#1952,#1959,#1967,
#1974,#1982,#1989,#1997,#2004,#2012,#2019,#2027,#2034,#2042,#2049,#2057,#2064,
#2071,#2078,#2085,#2092,#2099,#2106,#2113,#2120,#2128,#2135,#2142,#2149,#2156,
#2163,#2170,#2177,#2185,#2192,#2199,#2206,#2213,#2220,#2227,#2234,#2241,#2248,
#2255,#2262,#2269,#2276,#2283,#2290,#2297,#2304,#2311,#2318,#2325,#2332,#2339,
#2346,#2353,#2360,#2367,#2374,#2381,#2388,#2395,#2402,#2409,#2416,#2423,#2430,
#2437,#2445,#2453,#2460,#2467,#2475,#2482,#2490,#2498,#2505,#2513,#2521,#2528,
#2536,#2544,#2552,#2560,#2567,#2574,#2582,#2590,#2598,#2606,#2613,#2620,#2628,
#2636,#2643,#2651,#2658,#2665,#2672,#2680,#2687,#2694,#2702,#2710,#2717,#2724,
#2731,#2738,#2745,#2752,#2759,#2766,#2774,#2781,#2789,#2796,#2804,#2812,#2819,
#2827,#2834,#2842,#2849,#2857,#2865,#2873,#2881,#2888,#2895,#2903,#2910,#2918,
#2926,#2934,#2942,#2949,#2956,#2963,#2970,#2977,#2984,#2991,#2998,#3005,#3012,
#3019,#3027,#3035,#3043,#3051,#3058,#3065,#3073,#3080,#3087,#3094,#3101,#3108,
#3115,#3123,#3131,#3139,#3146,#3153,#3160,#3168,#3175,#3182,#3189,#3197,#3204,
#3211,#3218,#3225,#3232,#3239,#3246,#3253,#3260,#3267,#3274,#3281,#3288,#3295,
#3302,#3309,#3316,#3323,#3330,#3337,#3344,#3351,#3358,#3365,#3373,#3380,#3387,
#3394,#3401,#3408,#3415,#3422,#3429,#3436,#3443,#3451,#3459,#3466,#3474,#3481,
#3489,#3496,#3504,#3511,#3519,#3526,#3534,#3541,#3549,#3556,#3564,#3571,#3578,
#3585,#3592,#3599,#3606,#3613,#3620,#3627,#3634,#3641,#3648,#3655,#3663,#3671,
#3679,#3686,#3694,#3702,#3710,#3718,#3725,#3733,#3741,#3748,#3756,#3764,#3772,
#3780,#3788,#3795,#3803,#3810,#3818,#3826,#3834,#3841,#3849,#3857,#3865,#3872,
#3880,#3887,#3894,#3901,#3909,#3917,#3924,#3931,#3938,#3945,#3952,#3959,#3966,
#3973,#3980,#3987,#3994,#4001,#4008,#4015,#4022,#4029,#4036,#4043,#4050,#4057,
#4065,#4072,#4080,#4087,#4094,#4101,#4109,#4117,#4124,#4132,#4140,#4148,#4156,
#4163,#4171,#4178,#4186,#4194,#4202,#4209,#4217,#4225,#4233,#4241,#4249,#4257,
#4264,#4272,#4280,#4288,#4296,#4304,#4312,#4319,#4326,#4334,#4342,#4350,#4358,
#4366,#4373,#4380,#4388,#4396,#4404,#4412,#4420,#4428,#4436,#4444,#4452,#4460,
#4467,#4474,#4481,#4488,#4495,#4503,#4511,#4518,#4525,#4532,#4539,#4546,#4553,
#4560,#4567,#4574,#4581,#4588,#4595,#4602,#4609,#4616,#4624,#4632,#4640,#4648,
#4655,#4662,#4669,#4677,#4685,#4693,#4701,#4709,#4717,#4725,#4733,#4741,#4749,
#4757,#4765,#4772,#4779,#4786,#4793,#4800,#4807,#4814,#4821,#4828,#4835,#4843,
#4851,#4859,#4866,#4874,#4882,#4889,#4897,#4905,#4913,#4921,#4929,#4936,#4944,
#28),#9914);
#9921=APPLICATION_CONTEXT('automotive_design');
#9922=APPLICATION_PROTOCOL_DEFINITION('international standard',
'automotive_design',2001,#9921);
#9923=PRODUCT_DEFINITION_CONTEXT('part definition',#9921,'design');
#9924=PRODUCT_CONTEXT('',#9921,'mechanical');
#9925=PRODUCT('TUOBAN_YUAN','TUOBAN_YUAN','NOT SPECIFIED',(#9924));
#9926=PRODUCT_DEFINITION_FORMATION('92','LAST_VERSION',#9925);
#9934=DERIVED_UNIT_ELEMENT(#9933,2.E0);
#9935=DERIVED_UNIT((#9934));
#9936=MEASURE_REPRESENTATION_ITEM('surface area measure',AREA_MEASURE(
3.531296243416E4),#9935);
#9941=DERIVED_UNIT_ELEMENT(#9940,3.E0);
#9942=DERIVED_UNIT((#9941));
#9943=MEASURE_REPRESENTATION_ITEM('volume measure',VOLUME_MEASURE(
9.299111912417E4),#9942);
#9947=CARTESIAN_POINT('centre point',(1.411811305500E0,4.599466080171E0,
5.408240939050E1));
#9952=DERIVED_UNIT_ELEMENT(#9951,2.E0);
#9953=DERIVED_UNIT((#9952));
#9954=MEASURE_REPRESENTATION_ITEM('surface area measure',AREA_MEASURE(
3.531296243416E4),#9953);
#9959=DERIVED_UNIT_ELEMENT(#9958,3.E0);
#9960=DERIVED_UNIT((#9959));
#9961=MEASURE_REPRESENTATION_ITEM('volume measure',VOLUME_MEASURE(
9.299111912417E4),#9960);
#9965=CARTESIAN_POINT('centre point',(1.411811305500E0,4.599466080171E0,
5.408240939050E1));
#1=DRAUGHTING_PRE_DEFINED_COLOUR('green');
#2=DRAUGHTING_PRE_DEFINED_COLOUR('green');
#3=DRAUGHTING_PRE_DEFINED_COLOUR('green');
#4=COLOUR_RGB('',1.1E-2,1.2E-2,1.E0);
#5=COLOUR_RGB('',1.1E-2,1.2E-2,1.E0);
#6=COLOUR_RGB('',4.1E-1,2.61589E-1,1.12848E-1);
#7=COLOUR_RGB('',5.04854E-1,1.5455E-2,1.5455E-2);
#8=COLOUR_RGB('',6.35294E-1,6.86275E-1,7.4902E-1);
#9=COLOUR_RGB('',6.40777E-1,6.40777E-1,6.40777E-1);
#10=COLOUR_RGB('',6.66667E-1,6.66667E-1,6.66667E-1);
#11=COLOUR_RGB('',6.69062E-1,6.69903E-1,6.55217E-1);
#12=COLOUR_RGB('',7.45098E-1,3.92157E-1,2.94118E-1);
#13=COLOUR_RGB('',8.03922E-1,5.88235E-1,1.96078E-1);
#14=COLOUR_RGB('',9.21569E-1,7.05882E-1,4.70588E-1);
#15=DRAUGHTING_PRE_DEFINED_COLOUR('red');
#16=DRAUGHTING_PRE_DEFINED_COLOUR('red');
#17=DRAUGHTING_PRE_DEFINED_COLOUR('red');
#18=DRAUGHTING_PRE_DEFINED_COLOUR('red');
#19=DRAUGHTING_PRE_DEFINED_COLOUR('red');
#20=DRAUGHTING_PRE_DEFINED_COLOUR('red');
#21=DRAUGHTING_PRE_DEFINED_COLOUR('red');
#22=DRAUGHTING_PRE_DEFINED_COLOUR('yellow');
#23=DRAUGHTING_PRE_DEFINED_COLOUR('yellow');
#24=COLOUR_RGB('',1.E0,1.E0,5.3E-1);
#25=COLOUR_RGB('',1.E0,1.E0,9.49E-1);
#26=COLOUR_RGB('',1.E0,1.E0,9.49E-1);
#27=DRAUGHTING_PRE_DEFINED_COLOUR('white');
#33=CIRCLE('',#32,6.25E0);
#42=CIRCLE('',#41,6.25E0);
#50=CIRCLE('',#49,6.25E0);
#58=CIRCLE('',#57,6.25E0);
#66=CIRCLE('',#65,2.75E0);
#74=CIRCLE('',#73,2.75E0);
#82=CIRCLE('',#81,3.25E0);
#90=CIRCLE('',#89,3.25E0);
#98=CIRCLE('',#97,4.25E0);
#106=CIRCLE('',#105,4.25E0);
#128=CIRCLE('',#127,6.E0);
#143=CIRCLE('',#142,6.E0);
#151=CIRCLE('',#150,6.E0);
#166=CIRCLE('',#165,6.E0);
#181=CIRCLE('',#180,1.E0);
#189=CIRCLE('',#188,1.E0);
#197=CIRCLE('',#196,5.25E0);
#212=CIRCLE('',#211,5.25E0);
#220=CIRCLE('',#219,1.E0);
#228=CIRCLE('',#227,6.E0);
#243=CIRCLE('',#242,6.E0);
#258=CIRCLE('',#257,6.E0);
#273=CIRCLE('',#272,6.E0);
#295=CIRCLE('',#294,6.25E0);
#303=CIRCLE('',#302,6.25E0);
#311=CIRCLE('',#310,6.25E0);
#319=CIRCLE('',#318,6.25E0);
#369=CIRCLE('',#368,2.E0);
#377=CIRCLE('',#376,2.E0);
#385=CIRCLE('',#384,2.E0);
#393=CIRCLE('',#392,2.E0);
#401=CIRCLE('',#400,2.E0);
#409=CIRCLE('',#408,2.E0);
#417=CIRCLE('',#416,2.E0);
#425=CIRCLE('',#424,2.E0);
#503=CIRCLE('',#502,4.25E0);
#511=CIRCLE('',#510,4.25E0);
#519=CIRCLE('',#518,3.25E0);
#527=CIRCLE('',#526,3.25E0);
#535=CIRCLE('',#534,2.75E0);
#543=CIRCLE('',#542,2.75E0);
#642=CIRCLE('',#641,1.E0);
#1133=CIRCLE('',#1132,1.15E0);
#1141=CIRCLE('',#1140,1.15E0);
#1149=CIRCLE('',#1148,1.15E0);
#1157=CIRCLE('',#1156,1.15E0);
#1165=CIRCLE('',#1164,1.15E0);
#1173=CIRCLE('',#1172,1.15E0);
#1181=CIRCLE('',#1180,1.15E0);
#1189=CIRCLE('',#1188,1.15E0);
#1197=CIRCLE('',#1196,1.15E0);
#1205=CIRCLE('',#1204,1.15E0);
#1213=CIRCLE('',#1212,1.15E0);
#1221=CIRCLE('',#1220,1.15E0);
#1313=CIRCLE('',#1312,1.75E0);
#1321=CIRCLE('',#1320,1.75E0);
#1336=CIRCLE('',#1335,1.75E0);
#1351=CIRCLE('',#1350,1.75E0);
#1359=CIRCLE('',#1358,1.75E0);
#1367=CIRCLE('',#1366,1.75E0);
#1382=CIRCLE('',#1381,1.E0);
#1390=CIRCLE('',#1389,1.E0);
#1398=CIRCLE('',#1397,1.75E0);
#1413=CIRCLE('',#1412,1.75E0);
#1442=CIRCLE('',#1441,1.75E0);
#1450=CIRCLE('',#1449,1.75E0);
#1465=CIRCLE('',#1464,1.E0);
#1473=CIRCLE('',#1472,1.E0);
#1481=CIRCLE('',#1480,6.25E0);
#1489=CIRCLE('',#1488,6.25E0);
#1497=CIRCLE('',#1496,6.25E0);
#1505=CIRCLE('',#1504,6.25E0);
#1513=CIRCLE('',#1512,2.75E0);
#1521=CIRCLE('',#1520,2.75E0);
#1529=CIRCLE('',#1528,3.25E0);
#1537=CIRCLE('',#1536,3.25E0);
#1545=CIRCLE('',#1544,4.25E0);
#1553=CIRCLE('',#1552,4.25E0);
#1589=CIRCLE('',#1588,6.E0);
#1632=CIRCLE('',#1631,6.E0);
#1647=CIRCLE('',#1646,1.E0);
#1655=CIRCLE('',#1654,1.E0);
#1663=CIRCLE('',#1662,5.25E0);
#1671=CIRCLE('',#1670,5.25E0);
#1686=CIRCLE('',#1685,1.E0);
#1729=CIRCLE('',#1728,6.E0);
#1751=CIRCLE('',#1750,6.25E0);
#1759=CIRCLE('',#1758,6.25E0);
#1767=CIRCLE('',#1766,6.25E0);
#1775=CIRCLE('',#1774,6.25E0);
#1797=CIRCLE('',#1796,6.E0);
#1812=CIRCLE('',#1811,1.9E0);
#1820=CIRCLE('',#1819,1.9E0);
#1828=CIRCLE('',#1827,1.9E0);
#1836=CIRCLE('',#1835,1.9E0);
#1844=CIRCLE('',#1843,1.9E0);
#1852=CIRCLE('',#1851,1.9E0);
#1860=CIRCLE('',#1859,1.9E0);
#1868=CIRCLE('',#1867,1.9E0);
#1876=CIRCLE('',#1875,1.E0);
#1905=CIRCLE('',#1904,1.E0);
#1934=CIRCLE('',#1933,1.9E0);
#1949=CIRCLE('',#1948,1.9E0);
#1964=CIRCLE('',#1963,1.E0);
#1979=CIRCLE('',#1978,1.9E0);
#1994=CIRCLE('',#1993,1.9E0);
#2009=CIRCLE('',#2008,1.9E0);
#2024=CIRCLE('',#2023,1.9E0);
#2039=CIRCLE('',#2038,1.9E0);
#2054=CIRCLE('',#2053,1.9E0);
#2125=CIRCLE('',#2124,1.E0);
#2182=CIRCLE('',#2181,1.E0);
#2442=CIRCLE('',#2441,3.5E0);
#2450=CIRCLE('',#2449,3.5E0);
#2472=CIRCLE('',#2471,6.E0);
#2487=CIRCLE('',#2486,5.E-1);
#2495=CIRCLE('',#2494,3.E0);
#2510=CIRCLE('',#2509,3.E0);
#2518=CIRCLE('',#2517,3.E0);
#2533=CIRCLE('',#2532,3.E0);
#2541=CIRCLE('',#2540,5.E-1);
#2549=CIRCLE('',#2548,2.E0);
#2557=CIRCLE('',#2556,2.E0);
#2579=CIRCLE('',#2578,2.E0);
#2587=CIRCLE('',#2586,2.E0);
#2595=CIRCLE('',#2594,6.E0);
#2603=CIRCLE('',#2602,6.E0);
#2625=CIRCLE('',#2624,6.E0);
#2633=CIRCLE('',#2632,8.E0);
#2648=CIRCLE('',#2647,3.75E0);
#2677=CIRCLE('',#2676,3.75E0);
#2699=CIRCLE('',#2698,8.E0);
#2707=CIRCLE('',#2706,8.E0);
#2771=CIRCLE('',#2770,6.E0);
#2786=CIRCLE('',#2785,3.75E0);
#2801=CIRCLE('',#2800,6.E0);
#2809=CIRCLE('',#2808,6.E0);
#2824=CIRCLE('',#2823,6.E0);
#2839=CIRCLE('',#2838,3.75E0);
#2854=CIRCLE('',#2853,6.E0);
#2862=CIRCLE('',#2861,6.E0);
#2870=CIRCLE('',#2869,6.E0);
#2878=CIRCLE('',#2877,6.E0);
#2900=CIRCLE('',#2899,4.5E0);
#2915=CIRCLE('',#2914,2.15E0);
#2923=CIRCLE('',#2922,2.15E0);
#2931=CIRCLE('',#2930,2.15E0);
#2939=CIRCLE('',#2938,2.15E0);
#3024=CIRCLE('',#3023,2.15E0);
#3032=CIRCLE('',#3031,2.15E0);
#3040=CIRCLE('',#3039,2.15E0);
#3048=CIRCLE('',#3047,2.15E0);
#3070=CIRCLE('',#3069,4.5E0);
#3120=CIRCLE('',#3119,6.E0);
#3128=CIRCLE('',#3127,6.E0);
#3136=CIRCLE('',#3135,8.E0);
#3165=CIRCLE('',#3164,8.E0);
#3194=CIRCLE('',#3193,8.E0);
#3370=CIRCLE('',#3369,1.E0);
#3448=CIRCLE('',#3447,1.E0);
#3456=CIRCLE('',#3455,1.9E0);
#3471=CIRCLE('',#3470,1.9E0);
#3486=CIRCLE('',#3485,1.9E0);
#3501=CIRCLE('',#3500,1.9E0);
#3516=CIRCLE('',#3515,1.9E0);
#3531=CIRCLE('',#3530,1.9E0);
#3546=CIRCLE('',#3545,1.9E0);
#3561=CIRCLE('',#3560,1.9E0);
#3660=CIRCLE('',#3659,1.E0);
#3668=CIRCLE('',#3667,5.25E0);
#3676=CIRCLE('',#3675,5.25E0);
#3691=CIRCLE('',#3690,1.E0);
#3699=CIRCLE('',#3698,1.E0);
#3707=CIRCLE('',#3706,5.25E0);
#3715=CIRCLE('',#3714,5.25E0);
#3730=CIRCLE('',#3729,5.25E0);
#3738=CIRCLE('',#3737,5.25E0);
#3753=CIRCLE('',#3752,1.E0);
#3761=CIRCLE('',#3760,1.E0);
#3769=CIRCLE('',#3768,1.E0);
#3777=CIRCLE('',#3776,2.25E0);
#3785=CIRCLE('',#3784,2.25E0);
#3800=CIRCLE('',#3799,2.25E0);
#3815=CIRCLE('',#3814,2.25E0);
#3823=CIRCLE('',#3822,2.25E0);
#3831=CIRCLE('',#3830,2.25E0);
#3846=CIRCLE('',#3845,1.E0);
#3854=CIRCLE('',#3853,1.E0);
#3862=CIRCLE('',#3861,2.25E0);
#3877=CIRCLE('',#3876,2.25E0);
#3906=CIRCLE('',#3905,2.25E0);
#3914=CIRCLE('',#3913,2.25E0);
#4062=CIRCLE('',#4061,3.25E0);
#4077=CIRCLE('',#4076,3.25E0);
#4106=CIRCLE('',#4105,3.25E0);
#4114=CIRCLE('',#4113,3.25E0);
#4129=CIRCLE('',#4128,1.E0);
#4137=CIRCLE('',#4136,1.E0);
#4145=CIRCLE('',#4144,3.25E0);
#4153=CIRCLE('',#4152,3.25E0);
#4168=CIRCLE('',#4167,3.25E0);
#4183=CIRCLE('',#4182,3.25E0);
#4191=CIRCLE('',#4190,3.25E0);
#4199=CIRCLE('',#4198,3.25E0);
#4214=CIRCLE('',#4213,1.E0);
#4222=CIRCLE('',#4221,1.E0);
#4230=CIRCLE('',#4229,1.E0);
#4238=CIRCLE('',#4237,1.E0);
#4246=CIRCLE('',#4245,1.E0);
#4254=CIRCLE('',#4253,1.E0);
#4269=CIRCLE('',#4268,2.75E0);
#4277=CIRCLE('',#4276,2.75E0);
#4285=CIRCLE('',#4284,3.25E0);
#4293=CIRCLE('',#4292,3.25E0);
#4301=CIRCLE('',#4300,4.25E0);
#4309=CIRCLE('',#4308,4.25E0);
#4331=CIRCLE('',#4330,1.E0);
#4339=CIRCLE('',#4338,1.E0);
#4347=CIRCLE('',#4346,1.E0);
#4355=CIRCLE('',#4354,1.E0);
#4363=CIRCLE('',#4362,1.E0);
#4385=CIRCLE('',#4384,1.E1);
#4393=CIRCLE('',#4392,1.E1);
#4401=CIRCLE('',#4400,2.E0);
#4409=CIRCLE('',#4408,2.E0);
#4417=CIRCLE('',#4416,2.E0);
#4425=CIRCLE('',#4424,2.E0);
#4433=CIRCLE('',#4432,2.E0);
#4441=CIRCLE('',#4440,2.E0);
#4449=CIRCLE('',#4448,2.E0);
#4457=CIRCLE('',#4456,2.E0);
#4500=CIRCLE('',#4499,1.E1);
#4508=CIRCLE('',#4507,1.E1);
#4621=CIRCLE('',#4620,1.E0);
#4629=CIRCLE('',#4628,1.E0);
#4637=CIRCLE('',#4636,1.E0);
#4645=CIRCLE('',#4644,1.E0);
#4674=CIRCLE('',#4673,1.15E0);
#4682=CIRCLE('',#4681,1.15E0);
#4690=CIRCLE('',#4689,1.15E0);
#4698=CIRCLE('',#4697,1.15E0);
#4706=CIRCLE('',#4705,1.15E0);
#4714=CIRCLE('',#4713,1.15E0);
#4722=CIRCLE('',#4721,1.15E0);
#4730=CIRCLE('',#4729,1.15E0);
#4738=CIRCLE('',#4737,1.15E0);
#4746=CIRCLE('',#4745,1.15E0);
#4754=CIRCLE('',#4753,1.15E0);
#4762=CIRCLE('',#4761,1.15E0);
#4840=CIRCLE('',#4839,1.E0);
#4848=CIRCLE('',#4847,1.E0);
#4856=CIRCLE('',#4855,5.25E0);
#4871=CIRCLE('',#4870,5.25E0);
#4879=CIRCLE('',#4878,5.25E0);
#4894=CIRCLE('',#4893,5.25E0);
#4902=CIRCLE('',#4901,1.E0);
#4910=CIRCLE('',#4909,1.E0);
#4918=CIRCLE('',#4917,1.E0);
#4926=CIRCLE('',#4925,5.25E0);
#4941=CIRCLE('',#4940,5.25E0);
#5804=EDGE_CURVE('',#5652,#5647,#113,.T.);
#5806=EDGE_CURVE('',#5652,#5591,#1926,.T.);
#5808=EDGE_CURVE('',#5172,#5591,#120,.T.);
#5810=EDGE_CURVE('',#5170,#5172,#128,.T.);
#5812=EDGE_CURVE('',#5164,#5170,#135,.T.);
#5814=EDGE_CURVE('',#5162,#5164,#143,.T.);
#5816=EDGE_CURVE('',#5156,#5162,#460,.T.);
#5818=EDGE_CURVE('',#5154,#5156,#151,.T.);
#5820=EDGE_CURVE('',#5144,#5154,#158,.T.);
#5822=EDGE_CURVE('',#5143,#5144,#166,.T.);
#5824=EDGE_CURVE('',#5627,#5143,#2315,.T.);
#5826=EDGE_CURVE('',#5647,#5627,#173,.T.);
#5830=EDGE_CURVE('',#5405,#5406,#50,.T.);
#5832=EDGE_CURVE('',#5406,#5405,#58,.T.);
#5836=EDGE_CURVE('',#5469,#5470,#66,.T.);
#5838=EDGE_CURVE('',#5470,#5469,#74,.T.);
#5842=EDGE_CURVE('',#5477,#5478,#82,.T.);
#5844=EDGE_CURVE('',#5478,#5477,#90,.T.);
#5848=EDGE_CURVE('',#5485,#5486,#98,.T.);
#5850=EDGE_CURVE('',#5486,#5485,#106,.T.);
#5854=EDGE_CURVE('',#5397,#5398,#33,.T.);
#5856=EDGE_CURVE('',#5398,#5397,#42,.T.);
#5860=ADVANCED_FACE('',(#5829,#5835,#5841,#5847,#5853,#5859),#5803,.T.);
#5867=EDGE_CURVE('',#5398,#5402,#189,.T.);
#5869=EDGE_CURVE('',#5401,#5402,#4941,.T.);
#5871=EDGE_CURVE('',#5397,#5401,#181,.T.);
#5875=ADVANCED_FACE('',(#5874),#5865,.T.);
#5883=EDGE_CURVE('',#5402,#5401,#212,.T.);
#5888=ADVANCED_FACE('',(#5887),#5880,.T.);
#5894=EDGE_CURVE('',#5394,#5393,#197,.T.);
#5896=EDGE_CURVE('',#5402,#5393,#204,.T.);
#5899=EDGE_CURVE('',#5401,#5394,#4933,.T.);
#5903=ADVANCED_FACE('',(#5902),#5893,.F.);
#5909=EDGE_CURVE('',#5390,#5389,#319,.T.);
#5911=EDGE_CURVE('',#5389,#5393,#4918,.T.);
#5914=EDGE_CURVE('',#5390,#5394,#220,.T.);
#5918=ADVANCED_FACE('',(#5917),#5908,.T.);
#5924=EDGE_CURVE('',#5146,#5148,#228,.T.);
#5926=EDGE_CURVE('',#5146,#5152,#235,.T.);
#5928=EDGE_CURVE('',#5151,#5152,#243,.T.);
#5930=EDGE_CURVE('',#5151,#5124,#250,.T.);
#5932=EDGE_CURVE('',#5136,#5124,#3575,.T.);
#5934=EDGE_CURVE('',#5148,#5136,#2329,.T.);
#5938=EDGE_CURVE('',#5389,#5390,#311,.T.);
#5943=ADVANCED_FACE('',(#5937,#5942),#5923,.F.);
#5949=EDGE_CURVE('',#5159,#5160,#258,.T.);
#5951=EDGE_CURVE('',#5159,#5168,#265,.T.);
#5953=EDGE_CURVE('',#5167,#5168,#273,.T.);
#5955=EDGE_CURVE('',#5167,#5130,#280,.T.);
#5957=EDGE_CURVE('',#5128,#5130,#3264,.T.);
#5959=EDGE_CURVE('',#5128,#5160,#287,.T.);
#5963=EDGE_CURVE('',#5381,#5382,#295,.T.);
#5965=EDGE_CURVE('',#5382,#5381,#303,.T.);
#5969=ADVANCED_FACE('',(#5962,#5968),#5948,.F.);
#5976=EDGE_CURVE('',#5146,#5144,#326,.T.);
#5979=EDGE_CURVE('',#5148,#5143,#2322,.T.);
#5983=ADVANCED_FACE('',(#5982),#5974,.T.);
#5991=EDGE_CURVE('',#5154,#5152,#333,.T.);
#5996=ADVANCED_FACE('',(#5995),#5988,.T.);
#6005=EDGE_CURVE('',#5156,#5151,#453,.T.);
#6009=ADVANCED_FACE('',(#6008),#6001,.T.);
#6015=EDGE_CURVE('',#5703,#5704,#369,.T.);
#6017=EDGE_CURVE('',#5704,#5703,#377,.T.);
#6021=ADVANCED_FACE('',(#6020),#6014,.T.);
#6027=EDGE_CURVE('',#5707,#5708,#385,.T.);
#6029=EDGE_CURVE('',#5708,#5707,#393,.T.);
#6033=ADVANCED_FACE('',(#6032),#6026,.T.);
#6039=EDGE_CURVE('',#5711,#5712,#401,.T.);
#6041=EDGE_CURVE('',#5712,#5711,#409,.T.);
#6045=ADVANCED_FACE('',(#6044),#6038,.T.);
#6051=EDGE_CURVE('',#5715,#5716,#417,.T.);
#6053=EDGE_CURVE('',#5716,#5715,#425,.T.);
#6057=ADVANCED_FACE('',(#6056),#6050,.T.);
#6063=EDGE_CURVE('',#5719,#5720,#432,.T.);
#6065=EDGE_CURVE('',#5671,#5720,#4370,.T.);
#6067=EDGE_CURVE('',#5183,#5671,#1639,.T.);
#6069=EDGE_CURVE('',#5188,#5183,#439,.T.);
#6071=EDGE_CURVE('',#5188,#5123,#1721,.T.);
#6073=EDGE_CURVE('',#5123,#5124,#446,.T.);
#6078=EDGE_CURVE('',#5162,#5160,#467,.T.);
#6081=EDGE_CURVE('',#5127,#5128,#3257,.T.);
#6083=EDGE_CURVE('',#5127,#5178,#1804,.T.);
#6085=EDGE_CURVE('',#5178,#5176,#474,.T.);
#6087=EDGE_CURVE('',#5676,#5176,#1581,.T.);
#6089=EDGE_CURVE('',#5676,#5719,#481,.T.);
#6093=EDGE_CURVE('',#5277,#5278,#340,.T.);
#6095=EDGE_CURVE('',#5278,#5280,#347,.T.);
#6097=EDGE_CURVE('',#5280,#5282,#354,.T.);
#6099=EDGE_CURVE('',#5282,#5277,#361,.T.);
#6103=ADVANCED_FACE('',(#6092,#6102),#6062,.T.);
#6109=EDGE_CURVE('',#5274,#5298,#564,.T.);
#6111=EDGE_CURVE('',#5288,#5298,#3624,.T.);
#6113=EDGE_CURVE('',#5286,#5288,#2392,.T.);
#6115=EDGE_CURVE('',#5286,#5296,#488,.T.);
#6117=EDGE_CURVE('',#5296,#5269,#592,.T.);
#6119=EDGE_CURVE('',#5278,#5269,#4316,.T.);
#6122=EDGE_CURVE('',#5277,#5274,#495,.T.);
#6126=EDGE_CURVE('',#5337,#5338,#503,.T.);
#6128=EDGE_CURVE('',#5338,#5337,#511,.T.);
#6132=EDGE_CURVE('',#5345,#5346,#519,.T.);
#6134=EDGE_CURVE('',#5346,#5345,#527,.T.);
#6138=EDGE_CURVE('',#5353,#5354,#535,.T.);
#6140=EDGE_CURVE('',#5354,#5353,#543,.T.);
#6144=ADVANCED_FACE('',(#6125,#6131,#6137,#6143),#6108,.F.);
#6150=EDGE_CURVE('',#5293,#5294,#550,.T.);
#6152=EDGE_CURVE('',#5298,#5293,#557,.T.);
#6155=EDGE_CURVE('',#5272,#5274,#571,.T.);
#6157=EDGE_CURVE('',#5270,#5272,#578,.T.);
#6159=EDGE_CURVE('',#5269,#5270,#585,.T.);
#6162=EDGE_CURVE('',#5296,#5294,#599,.T.);
#6166=ADVANCED_FACE('',(#6165),#6149,.T.);
#6172=EDGE_CURVE('',#5740,#5736,#606,.T.);
#6174=EDGE_CURVE('',#5305,#5736,#971,.T.);
#6176=EDGE_CURVE('',#5305,#5320,#613,.T.);
#6178=EDGE_CURVE('',#5320,#5322,#620,.T.);
#6180=EDGE_CURVE('',#5322,#5313,#627,.T.);
#6182=EDGE_CURVE('',#5257,#5313,#915,.T.);
#6184=EDGE_CURVE('',#5664,#5257,#634,.T.);
#6186=EDGE_CURVE('',#5663,#5664,#642,.T.);
#6188=EDGE_CURVE('',#5663,#5596,#649,.T.);
#6190=EDGE_CURVE('',#5596,#5594,#1890,.T.);
#6192=EDGE_CURVE('',#5594,#5290,#656,.T.);
#6194=EDGE_CURVE('',#5290,#5293,#663,.T.);
#6197=EDGE_CURVE('',#5285,#5294,#3617,.T.);
#6199=EDGE_CURVE('',#5285,#5740,#2378,.T.);
#6203=ADVANCED_FACE('',(#6202),#6171,.T.);
#6209=EDGE_CURVE('',#5735,#5736,#950,.T.);
#6212=EDGE_CURVE('',#5740,#5738,#670,.T.);
#6214=EDGE_CURVE('',#5738,#5735,#3398,.T.);
#6218=ADVANCED_FACE('',(#6217),#6208,.F.);
#6224=EDGE_CURVE('',#5301,#5302,#887,.T.);
#6226=EDGE_CURVE('',#5250,#5301,#2117,.T.);
#6228=EDGE_CURVE('',#5249,#5250,#2224,.T.);
#6230=EDGE_CURVE('',#5249,#5302,#2174,.T.);
#6234=ADVANCED_FACE('',(#6233),#6223,.T.);
#6240=EDGE_CURVE('',#5309,#5310,#894,.T.);
#6242=EDGE_CURVE('',#5310,#5254,#2196,.T.);
#6244=EDGE_CURVE('',#5253,#5254,#3426,.T.);
#6246=EDGE_CURVE('',#5309,#5253,#2153,.T.);
#6250=ADVANCED_FACE('',(#6249),#6239,.T.);
#6256=EDGE_CURVE('',#5313,#5314,#901,.T.);
#6258=EDGE_CURVE('',#5314,#5258,#908,.T.);
#6260=EDGE_CURVE('',#5257,#5258,#3440,.T.);
#6265=ADVANCED_FACE('',(#6264),#6255,.T.);
#6271=EDGE_CURVE('',#5634,#5624,#3603,.T.);
#6273=EDGE_CURVE('',#5634,#5622,#922,.T.);
#6275=EDGE_CURVE('',#5210,#5622,#1736,.T.);
#6277=EDGE_CURVE('',#5209,#5210,#929,.T.);
#6279=EDGE_CURVE('',#5193,#5209,#1617,.T.);
#6281=EDGE_CURVE('',#5193,#5133,#936,.T.);
#6283=EDGE_CURVE('',#5553,#5133,#1700,.T.);
#6285=EDGE_CURVE('',#5553,#5554,#943,.T.);
#6287=EDGE_CURVE('',#5624,#5554,#3652,.T.);
#6291=EDGE_CURVE('',#5038,#5024,#985,.T.);
#6293=EDGE_CURVE('',#5038,#4959,#677,.T.);
#6295=EDGE_CURVE('',#4959,#4960,#684,.T.);
#6297=EDGE_CURVE('',#5003,#4960,#691,.T.);
#6299=EDGE_CURVE('',#5003,#5004,#698,.T.);
#6301=EDGE_CURVE('',#5004,#5006,#705,.T.);
#6303=EDGE_CURVE('',#5006,#5008,#712,.T.);
#6305=EDGE_CURVE('',#4952,#5008,#719,.T.);
#6307=EDGE_CURVE('',#4951,#4952,#726,.T.);
#6309=EDGE_CURVE('',#4951,#5040,#733,.T.);
#6311=EDGE_CURVE('',#5022,#5040,#1020,.T.);
#6313=EDGE_CURVE('',#4948,#5022,#740,.T.);
#6315=EDGE_CURVE('',#4947,#4948,#747,.T.);
#6317=EDGE_CURVE('',#4947,#5011,#754,.T.);
#6319=EDGE_CURVE('',#5011,#5012,#761,.T.);
#6321=EDGE_CURVE('',#5012,#5014,#768,.T.);
#6323=EDGE_CURVE('',#5014,#5016,#775,.T.);
#6325=EDGE_CURVE('',#5016,#4955,#782,.T.);
#6327=EDGE_CURVE('',#4955,#4956,#789,.T.);
#6329=EDGE_CURVE('',#5024,#4956,#796,.T.);
#6333=EDGE_CURVE('',#5083,#5084,#803,.T.);
#6335=EDGE_CURVE('',#5084,#5086,#810,.T.);
#6337=EDGE_CURVE('',#4967,#5086,#817,.T.);
#6339=EDGE_CURVE('',#4967,#4968,#824,.T.);
#6341=EDGE_CURVE('',#4968,#5089,#831,.T.);
#6343=EDGE_CURVE('',#5089,#5090,#838,.T.);
#6345=EDGE_CURVE('',#5090,#5092,#845,.T.);
#6347=EDGE_CURVE('',#5092,#5094,#852,.T.);
#6349=EDGE_CURVE('',#5094,#4964,#859,.T.);
#6351=EDGE_CURVE('',#4963,#4964,#866,.T.);
#6353=EDGE_CURVE('',#5096,#4963,#873,.T.);
#6355=EDGE_CURVE('',#5096,#5083,#880,.T.);
#6359=ADVANCED_FACE('',(#6290,#6332,#6358),#6270,.T.);
#6366=EDGE_CURVE('',#5735,#5306,#957,.T.);
#6368=EDGE_CURVE('',#5305,#5306,#964,.T.);
#6373=ADVANCED_FACE('',(#6372),#6364,.T.);
#6380=EDGE_CURVE('',#5014,#5000,#978,.T.);
#6382=EDGE_CURVE('',#5000,#5028,#1048,.T.);
#6384=EDGE_CURVE('',#5016,#5028,#1041,.T.);
#6388=ADVANCED_FACE('',(#6387),#6378,.F.);
#6395=EDGE_CURVE('',#5024,#5020,#1235,.T.);
#6397=EDGE_CURVE('',#5020,#5036,#992,.T.);
#6399=EDGE_CURVE('',#5038,#5036,#3942,.T.);
#6403=ADVANCED_FACE('',(#6402),#6393,.F.);
#6410=EDGE_CURVE('',#5003,#5032,#4019,.T.);
#6412=EDGE_CURVE('',#5032,#4995,#1083,.T.);
#6414=EDGE_CURVE('',#5004,#4995,#4652,.T.);
#6418=ADVANCED_FACE('',(#6417),#6408,.F.);
#6425=EDGE_CURVE('',#5012,#4999,#999,.T.);
#6427=EDGE_CURVE('',#4999,#5000,#1055,.T.);
#6432=ADVANCED_FACE('',(#6431),#6423,.F.);
#6439=EDGE_CURVE('',#5011,#5027,#1034,.T.);
#6441=EDGE_CURVE('',#5027,#4999,#1062,.T.);
#6446=ADVANCED_FACE('',(#6445),#6437,.F.);
#6453=EDGE_CURVE('',#5006,#4996,#1006,.T.);
#6455=EDGE_CURVE('',#4996,#5031,#1069,.T.);
#6457=EDGE_CURVE('',#5008,#5031,#4026,.T.);
#6461=ADVANCED_FACE('',(#6460),#6451,.F.);
#6467=EDGE_CURVE('',#5035,#5019,#1013,.T.);
#6469=EDGE_CURVE('',#5022,#5019,#1242,.T.);
#6472=EDGE_CURVE('',#5040,#5035,#3935,.T.);
#6476=ADVANCED_FACE('',(#6475),#6466,.F.);
#6482=EDGE_CURVE('',#5027,#5028,#1027,.T.);
#6486=EDGE_CURVE('',#4947,#4971,#3956,.T.);
#6488=EDGE_CURVE('',#4971,#4972,#1405,.T.);
#6490=EDGE_CURVE('',#4955,#4972,#1249,.T.);
#6496=ADVANCED_FACE('',(#6495),#6481,.F.);
#6502=EDGE_CURVE('',#5019,#5020,#1228,.T.);
#6505=EDGE_CURVE('',#5035,#5036,#3928,.T.);
#6510=EDGE_CURVE('',#5055,#5056,#1149,.T.);
#6512=EDGE_CURVE('',#5056,#5055,#1157,.T.);
#6516=EDGE_CURVE('',#5067,#5068,#1165,.T.);
#6518=EDGE_CURVE('',#5068,#5067,#1173,.T.);
#6522=ADVANCED_FACE('',(#6509,#6515,#6521),#6501,.T.);
#6534=EDGE_CURVE('',#5051,#5052,#1133,.T.);
#6536=EDGE_CURVE('',#5052,#5051,#1141,.T.);
#6540=ADVANCED_FACE('',(#6533,#6539),#6527,.T.);
#6546=EDGE_CURVE('',#5031,#5032,#4012,.T.);
#6549=EDGE_CURVE('',#4995,#4996,#1076,.T.);
#6554=EDGE_CURVE('',#5071,#5072,#1181,.T.);
#6556=EDGE_CURVE('',#5072,#5071,#1189,.T.);
#6560=ADVANCED_FACE('',(#6553,#6559),#6545,.T.);
#6566=EDGE_CURVE('',#5099,#5100,#3977,.T.);
#6568=EDGE_CURVE('',#5076,#5099,#1090,.T.);
#6570=EDGE_CURVE('',#5075,#5076,#1097,.T.);
#6572=EDGE_CURVE('',#5100,#5075,#1104,.T.);
#6576=EDGE_CURVE('',#5115,#5116,#1197,.T.);
#6578=EDGE_CURVE('',#5116,#5115,#1205,.T.);
#6582=ADVANCED_FACE('',(#6575,#6581),#6565,.T.);
#6588=EDGE_CURVE('',#5103,#5104,#1277,.T.);
#6590=EDGE_CURVE('',#5080,#5104,#1111,.T.);
#6592=EDGE_CURVE('',#5079,#5080,#1118,.T.);
#6594=EDGE_CURVE('',#5103,#5079,#1125,.T.);
#6598=EDGE_CURVE('',#5119,#5120,#1213,.T.);
#6600=EDGE_CURVE('',#5120,#5119,#1221,.T.);
#6604=ADVANCED_FACE('',(#6597,#6603),#6587,.T.);
#6613=EDGE_CURVE('',#4976,#4956,#1256,.T.);
#6615=EDGE_CURVE('',#4975,#4976,#1427,.T.);
#6617=EDGE_CURVE('',#4975,#4948,#3949,.T.);
#6623=ADVANCED_FACE('',(#6622),#6609,.F.);
#6631=EDGE_CURVE('',#4976,#4972,#1321,.T.);
#6636=ADVANCED_FACE('',(#6635),#6628,.F.);
#6643=EDGE_CURVE('',#4959,#4988,#1263,.T.);
#6645=EDGE_CURVE('',#4992,#4988,#3785,.T.);
#6647=EDGE_CURVE('',#4992,#4960,#1270,.T.);
#6651=ADVANCED_FACE('',(#6650),#6641,.F.);
#6658=EDGE_CURVE('',#5089,#5103,#1284,.T.);
#6661=EDGE_CURVE('',#4968,#4980,#1291,.T.);
#6663=EDGE_CURVE('',#4984,#4980,#4153,.T.);
#6665=EDGE_CURVE('',#4984,#4964,#1298,.T.);
#6668=EDGE_CURVE('',#5094,#5104,#1305,.T.);
#6672=ADVANCED_FACE('',(#6671),#6656,.F.);
#6678=EDGE_CURVE('',#5357,#5358,#1313,.T.);
#6680=EDGE_CURVE('',#4976,#5357,#1434,.T.);
#6683=EDGE_CURVE('',#4972,#5358,#1328,.T.);
#6687=ADVANCED_FACE('',(#6686),#6677,.F.);
#6693=EDGE_CURVE('',#5445,#5446,#1336,.T.);
#6695=EDGE_CURVE('',#5445,#4971,#1343,.T.);
#6697=EDGE_CURVE('',#4975,#4971,#1351,.T.);
#6699=EDGE_CURVE('',#5446,#4975,#1420,.T.);
#6703=ADVANCED_FACE('',(#6702),#6692,.F.);
#6709=EDGE_CURVE('',#5473,#5474,#1359,.T.);
#6711=EDGE_CURVE('',#5349,#5474,#1457,.T.);
#6713=EDGE_CURVE('',#5350,#5349,#1367,.T.);
#6715=EDGE_CURVE('',#5350,#5473,#1374,.T.);
#6719=ADVANCED_FACE('',(#6718),#6708,.F.);
#6726=EDGE_CURVE('',#5358,#5362,#1390,.T.);
#6728=EDGE_CURVE('',#5361,#5362,#4269,.T.);
#6730=EDGE_CURVE('',#5357,#5361,#1382,.T.);
#6734=ADVANCED_FACE('',(#6733),#6724,.T.);
#6740=EDGE_CURVE('',#5358,#5357,#1398,.T.);
#6743=EDGE_CURVE('',#5362,#5361,#4277,.T.);
#6748=ADVANCED_FACE('',(#6747),#6739,.T.);
#6758=EDGE_CURVE('',#5446,#5445,#1413,.T.);
#6765=ADVANCED_FACE('',(#6764),#6753,.F.);
#6771=EDGE_CURVE('',#5474,#5473,#1442,.T.);
#6774=EDGE_CURVE('',#5349,#5350,#1450,.T.);
#6779=ADVANCED_FACE('',(#6778),#6770,.F.);
#6786=EDGE_CURVE('',#5445,#5449,#1473,.T.);
#6788=EDGE_CURVE('',#5450,#5449,#1521,.T.);
#6790=EDGE_CURVE('',#5446,#5450,#1465,.T.);
#6794=ADVANCED_FACE('',(#6793),#6784,.T.);
#6802=EDGE_CURVE('',#5449,#5450,#1513,.T.);
#6807=ADVANCED_FACE('',(#6806),#6799,.T.);
#6813=EDGE_CURVE('',#5671,#5672,#1560,.T.);
#6815=EDGE_CURVE('',#5672,#5674,#1567,.T.);
#6817=EDGE_CURVE('',#5676,#5674,#1574,.T.);
#6820=EDGE_CURVE('',#5175,#5176,#1589,.T.);
#6822=EDGE_CURVE('',#5175,#5264,#1596,.T.);
#6824=EDGE_CURVE('',#5264,#5262,#1603,.T.);
#6826=EDGE_CURVE('',#5196,#5262,#3186,.T.);
#6828=EDGE_CURVE('',#5196,#5194,#1610,.T.);
#6830=EDGE_CURVE('',#5193,#5194,#3631,.T.);
#6833=EDGE_CURVE('',#5209,#5205,#1624,.T.);
#6835=EDGE_CURVE('',#5205,#5206,#2988,.T.);
#6837=EDGE_CURVE('',#5184,#5206,#3091,.T.);
#6839=EDGE_CURVE('',#5183,#5184,#1632,.T.);
#6844=EDGE_CURVE('',#5437,#5438,#1497,.T.);
#6846=EDGE_CURVE('',#5438,#5437,#1505,.T.);
#6854=EDGE_CURVE('',#5457,#5458,#1529,.T.);
#6856=EDGE_CURVE('',#5458,#5457,#1537,.T.);
#6860=EDGE_CURVE('',#5465,#5466,#1545,.T.);
#6862=EDGE_CURVE('',#5466,#5465,#1553,.T.);
#6866=EDGE_CURVE('',#5429,#5430,#1481,.T.);
#6868=EDGE_CURVE('',#5430,#5429,#1489,.T.);
#6872=ADVANCED_FACE('',(#6843,#6849,#6853,#6859,#6865,#6871),#6812,.F.);
#6879=EDGE_CURVE('',#5430,#5434,#1655,.T.);
#6881=EDGE_CURVE('',#5433,#5434,#3676,.T.);
#6883=EDGE_CURVE('',#5429,#5433,#1647,.T.);
#6887=ADVANCED_FACE('',(#6886),#6877,.T.);
#6895=EDGE_CURVE('',#5434,#5433,#1671,.T.);
#6900=ADVANCED_FACE('',(#6899),#6892,.T.);
#6906=EDGE_CURVE('',#5418,#5417,#1663,.T.);
#6908=EDGE_CURVE('',#5434,#5417,#3683,.T.);
#6911=EDGE_CURVE('',#5433,#5418,#1678,.T.);
#6915=ADVANCED_FACE('',(#6914),#6905,.F.);
#6921=EDGE_CURVE('',#5414,#5413,#1759,.T.);
#6923=EDGE_CURVE('',#5413,#5417,#3660,.T.);
#6926=EDGE_CURVE('',#5414,#5418,#1686,.T.);
#6930=ADVANCED_FACE('',(#6929),#6920,.T.);
#6936=EDGE_CURVE('',#5553,#5556,#1693,.T.);
#6939=EDGE_CURVE('',#5133,#5134,#1707,.T.);
#6941=EDGE_CURVE('',#5134,#5556,#1714,.T.);
#6945=ADVANCED_FACE('',(#6944),#6935,.T.);
#6951=EDGE_CURVE('',#5190,#5620,#2343,.T.);
#6953=EDGE_CURVE('',#5190,#5123,#3582,.T.);
#6956=EDGE_CURVE('',#5186,#5188,#1729,.T.);
#6958=EDGE_CURVE('',#5201,#5186,#3098,.T.);
#6960=EDGE_CURVE('',#5201,#5202,#2974,.T.);
#6962=EDGE_CURVE('',#5210,#5202,#3084,.T.);
#6965=EDGE_CURVE('',#5622,#5620,#1743,.T.);
#6969=EDGE_CURVE('',#5413,#5414,#1751,.T.);
#6974=ADVANCED_FACE('',(#6968,#6973),#6950,.T.);
#6980=EDGE_CURVE('',#5783,#5784,#1782,.T.);
#6982=EDGE_CURVE('',#5198,#5783,#3229,.T.);
#6984=EDGE_CURVE('',#5198,#5180,#1789,.T.);
#6986=EDGE_CURVE('',#5178,#5180,#1797,.T.);
#6989=EDGE_CURVE('',#5127,#5784,#3250,.T.);
#6993=EDGE_CURVE('',#5421,#5422,#1767,.T.);
#6995=EDGE_CURVE('',#5422,#5421,#1775,.T.);
#6999=ADVANCED_FACE('',(#6992,#6998),#6979,.T.);
#7005=EDGE_CURVE('',#5639,#5640,#1876,.T.);
#7007=EDGE_CURVE('',#5554,#5639,#1883,.T.);
#7011=EDGE_CURVE('',#5594,#5556,#2406,.T.);
#7014=EDGE_CURVE('',#5640,#5596,#1897,.T.);
#7018=EDGE_CURVE('',#5537,#5538,#1812,.T.);
#7020=EDGE_CURVE('',#5538,#5537,#1820,.T.);
#7024=EDGE_CURVE('',#5541,#5542,#1828,.T.);
#7026=EDGE_CURVE('',#5542,#5541,#1836,.T.);
#7030=ADVANCED_FACE('',(#7017,#7023,#7029),#7004,.T.);
#7036=EDGE_CURVE('',#5650,#5652,#1905,.T.);
#7038=EDGE_CURVE('',#5598,#5650,#1912,.T.);
#7040=EDGE_CURVE('',#5592,#5598,#1919,.T.);
#7042=EDGE_CURVE('',#5591,#5592,#2294,.T.);
#7047=EDGE_CURVE('',#5545,#5546,#1844,.T.);
#7049=EDGE_CURVE('',#5546,#5545,#1852,.T.);
#7053=EDGE_CURVE('',#5549,#5550,#1860,.T.);
#7055=EDGE_CURVE('',#5550,#5549,#1868,.T.);
#7059=ADVANCED_FACE('',(#7046,#7052,#7058),#7035,.T.);
#7065=EDGE_CURVE('',#5617,#5618,#1934,.T.);
#7067=EDGE_CURVE('',#5559,#5618,#2061,.T.);
#7069=EDGE_CURVE('',#5559,#5560,#2054,.T.);
#7071=EDGE_CURVE('',#5560,#5537,#1941,.T.);
#7074=EDGE_CURVE('',#5564,#5538,#2046,.T.);
#7076=EDGE_CURVE('',#5563,#5564,#1949,.T.);
#7078=EDGE_CURVE('',#5563,#5617,#1956,.T.);
#7082=ADVANCED_FACE('',(#7081),#7064,.F.);
#7088=EDGE_CURVE('',#5642,#5644,#1964,.T.);
#7090=EDGE_CURVE('',#5642,#5630,#2096,.T.);
#7092=EDGE_CURVE('',#5630,#5601,#1971,.T.);
#7094=EDGE_CURVE('',#5601,#5602,#2357,.T.);
#7096=EDGE_CURVE('',#5624,#5602,#3610,.T.);
#7098=EDGE_CURVE('',#5624,#5644,#3645,.T.);
#7103=EDGE_CURVE('',#5618,#5617,#2039,.T.);
#7107=EDGE_CURVE('',#5613,#5614,#1979,.T.);
#7109=EDGE_CURVE('',#5614,#5613,#2009,.T.);
#7113=ADVANCED_FACE('',(#7101,#7106,#7112),#7087,.F.);
#7120=EDGE_CURVE('',#5567,#5614,#2031,.T.);
#7122=EDGE_CURVE('',#5567,#5568,#2024,.T.);
#7124=EDGE_CURVE('',#5568,#5541,#1986,.T.);
#7127=EDGE_CURVE('',#5572,#5542,#2016,.T.);
#7129=EDGE_CURVE('',#5571,#5572,#1994,.T.);
#7131=EDGE_CURVE('',#5571,#5613,#2001,.T.);
#7135=ADVANCED_FACE('',(#7134),#7118,.F.);
#7151=ADVANCED_FACE('',(#7150),#7140,.F.);
#7167=ADVANCED_FACE('',(#7166),#7156,.F.);
#7174=EDGE_CURVE('',#5642,#5640,#2103,.T.);
#7177=EDGE_CURVE('',#5644,#5639,#3638,.T.);
#7181=ADVANCED_FACE('',(#7180),#7172,.T.);
#7187=EDGE_CURVE('',#5660,#5655,#2068,.T.);
#7189=EDGE_CURVE('',#5598,#5660,#2217,.T.);
#7192=EDGE_CURVE('',#5650,#5648,#2075,.T.);
#7194=EDGE_CURVE('',#5648,#5632,#2082,.T.);
#7196=EDGE_CURVE('',#5655,#5632,#2132,.T.);
#7200=ADVANCED_FACE('',(#7199),#7186,.T.);
#7206=EDGE_CURVE('',#5668,#5663,#2089,.T.);
#7208=EDGE_CURVE('',#5630,#5668,#3391,.T.);
#7216=ADVANCED_FACE('',(#7215),#7205,.T.);
#7222=EDGE_CURVE('',#5655,#5656,#2125,.T.);
#7224=EDGE_CURVE('',#5658,#5656,#3419,.T.);
#7226=EDGE_CURVE('',#5658,#5660,#2182,.T.);
#7231=ADVANCED_FACE('',(#7230),#7221,.T.);
#7237=EDGE_CURVE('',#5328,#5301,#2110,.T.);
#7239=EDGE_CURVE('',#5139,#5328,#2252,.T.);
#7241=EDGE_CURVE('',#5250,#5139,#2231,.T.);
#7246=ADVANCED_FACE('',(#7245),#7236,.T.);
#7254=EDGE_CURVE('',#5632,#5628,#2139,.T.);
#7256=EDGE_CURVE('',#5330,#5628,#2301,.T.);
#7258=EDGE_CURVE('',#5330,#5309,#2146,.T.);
#7261=EDGE_CURVE('',#5656,#5253,#2160,.T.);
#7265=ADVANCED_FACE('',(#7264),#7251,.T.);
#7272=EDGE_CURVE('',#5324,#5302,#2167,.T.);
#7274=EDGE_CURVE('',#5328,#5324,#2259,.T.);
#7279=ADVANCED_FACE('',(#7278),#7270,.F.);
#7286=EDGE_CURVE('',#5316,#5306,#3412,.T.);
#7288=EDGE_CURVE('',#5320,#5316,#2371,.T.);
#7293=ADVANCED_FACE('',(#7292),#7284,.F.);
#7301=EDGE_CURVE('',#5140,#5249,#2245,.T.);
#7303=EDGE_CURVE('',#5140,#5324,#2266,.T.);
#7307=ADVANCED_FACE('',(#7306),#7298,.T.);
#7314=EDGE_CURVE('',#5658,#5254,#2189,.T.);
#7317=EDGE_CURVE('',#5326,#5310,#2203,.T.);
#7319=EDGE_CURVE('',#5326,#5592,#2210,.T.);
#7325=ADVANCED_FACE('',(#7324),#7312,.T.);
#7333=EDGE_CURVE('',#5139,#5140,#2238,.T.);
#7338=ADVANCED_FACE('',(#7337),#7330,.T.);
#7344=EDGE_CURVE('',#5793,#5794,#2273,.T.);
#7346=EDGE_CURVE('',#5790,#5794,#3278,.T.);
#7348=EDGE_CURVE('',#5790,#5130,#2280,.T.);
#7351=EDGE_CURVE('',#5172,#5167,#2287,.T.);
#7356=EDGE_CURVE('',#5330,#5326,#3355,.T.);
#7359=EDGE_CURVE('',#5627,#5628,#2308,.T.);
#7364=EDGE_CURVE('',#5136,#5190,#2336,.T.);
#7367=EDGE_CURVE('',#5636,#5620,#2350,.T.);
#7369=EDGE_CURVE('',#5602,#5636,#3596,.T.);
#7372=EDGE_CURVE('',#5601,#5318,#2364,.T.);
#7374=EDGE_CURVE('',#5322,#5318,#3362,.T.);
#7378=EDGE_CURVE('',#5738,#5316,#3405,.T.);
#7382=EDGE_CURVE('',#5285,#5286,#2385,.T.);
#7385=EDGE_CURVE('',#5288,#5290,#2399,.T.);
#7390=EDGE_CURVE('',#5134,#5194,#2413,.T.);
#7393=EDGE_CURVE('',#5759,#5196,#3179,.T.);
#7395=EDGE_CURVE('',#5793,#5759,#2434,.T.);
#7405=ADVANCED_FACE('',(#7398,#7404),#7343,.T.);
#7412=EDGE_CURVE('',#5793,#5797,#2420,.T.);
#7414=EDGE_CURVE('',#5797,#5798,#2457,.T.);
#7416=EDGE_CURVE('',#5798,#5794,#2427,.T.);
#7420=ADVANCED_FACE('',(#7419),#7410,.T.);
#7426=EDGE_CURVE('',#5768,#5797,#2464,.T.);
#7430=EDGE_CURVE('',#5759,#5760,#3172,.T.);
#7432=EDGE_CURVE('',#5768,#5760,#2617,.T.);
#7436=ADVANCED_FACE('',(#7435),#7425,.T.);
#7444=EDGE_CURVE('',#5766,#5768,#2472,.T.);
#7446=EDGE_CURVE('',#5798,#5766,#2479,.T.);
#7450=EDGE_CURVE('',#5755,#5756,#2442,.T.);
#7452=EDGE_CURVE('',#5756,#5755,#2450,.T.);
#7456=ADVANCED_FACE('',(#7449,#7455),#7441,.T.);
#7462=EDGE_CURVE('',#5751,#5752,#2495,.T.);
#7464=EDGE_CURVE('',#5751,#5755,#2487,.T.);
#7467=EDGE_CURVE('',#5752,#5756,#2541,.T.);
#7471=ADVANCED_FACE('',(#7470),#7461,.F.);
#7478=EDGE_CURVE('',#5752,#5747,#2502,.T.);
#7480=EDGE_CURVE('',#5747,#5748,#2510,.T.);
#7482=EDGE_CURVE('',#5751,#5748,#2525,.T.);
#7486=ADVANCED_FACE('',(#7485),#7476,.T.);
#7492=EDGE_CURVE('',#5752,#5751,#2518,.T.);
#7495=EDGE_CURVE('',#5748,#5747,#2533,.T.);
#7500=ADVANCED_FACE('',(#7499),#7491,.T.);
#7512=ADVANCED_FACE('',(#7511),#7505,.F.);
#7522=EDGE_CURVE('',#5743,#5744,#2549,.T.);
#7524=EDGE_CURVE('',#5744,#5743,#2557,.T.);
#7528=ADVANCED_FACE('',(#7521,#7527),#7517,.T.);
#7534=EDGE_CURVE('',#5744,#5241,#2571,.T.);
#7537=EDGE_CURVE('',#5242,#5743,#2564,.T.);
#7539=EDGE_CURVE('',#5242,#5241,#2587,.T.);
#7543=ADVANCED_FACE('',(#7542),#7533,.T.);
#7552=EDGE_CURVE('',#5241,#5242,#2579,.T.);
#7556=ADVANCED_FACE('',(#7555),#7548,.T.);
#7566=ADVANCED_FACE('',(#7565),#7561,.T.);
#7572=EDGE_CURVE('',#5779,#5776,#2595,.T.);
#7574=EDGE_CURVE('',#5776,#5764,#2603,.T.);
#7576=EDGE_CURVE('',#5764,#5766,#2610,.T.);
#7580=EDGE_CURVE('',#5760,#5779,#2625,.T.);
#7584=ADVANCED_FACE('',(#7583),#7571,.T.);
#7591=EDGE_CURVE('',#5776,#5779,#2633,.T.);
#7595=ADVANCED_FACE('',(#7594),#7589,.F.);
#7601=EDGE_CURVE('',#5771,#5772,#2699,.T.);
#7603=EDGE_CURVE('',#5774,#5772,#3208,.T.);
#7605=EDGE_CURVE('',#5774,#5776,#3136,.T.);
#7608=EDGE_CURVE('',#5779,#5780,#3165,.T.);
#7610=EDGE_CURVE('',#5780,#5771,#3292,.T.);
#7614=ADVANCED_FACE('',(#7613),#7600,.T.);
#7621=EDGE_CURVE('',#5266,#5771,#3306,.T.);
#7623=EDGE_CURVE('',#5264,#5266,#2707,.T.);
#7626=EDGE_CURVE('',#5180,#5175,#2714,.T.);
#7629=EDGE_CURVE('',#5246,#5198,#2721,.T.);
#7631=EDGE_CURVE('',#5772,#5246,#2728,.T.);
#7635=EDGE_CURVE('',#5493,#5494,#2640,.T.);
#7637=EDGE_CURVE('',#5497,#5494,#2648,.T.);
#7639=EDGE_CURVE('',#5497,#5498,#2655,.T.);
#7641=EDGE_CURVE('',#5498,#5500,#2662,.T.);
#7643=EDGE_CURVE('',#5500,#5502,#2669,.T.);
#7645=EDGE_CURVE('',#5505,#5502,#2677,.T.);
#7647=EDGE_CURVE('',#5505,#5506,#2684,.T.);
#7649=EDGE_CURVE('',#5506,#5493,#2691,.T.);
#7653=ADVANCED_FACE('',(#7634,#7652),#7619,.T.);
#7660=EDGE_CURVE('',#5493,#5509,#2735,.T.);
#7662=EDGE_CURVE('',#5509,#5510,#2763,.T.);
#7664=EDGE_CURVE('',#5494,#5510,#3320,.T.);
#7668=ADVANCED_FACE('',(#7667),#7658,.F.);
#7675=EDGE_CURVE('',#5497,#5513,#3313,.T.);
#7677=EDGE_CURVE('',#5513,#5514,#2778,.T.);
#7679=EDGE_CURVE('',#5498,#5514,#2756,.T.);
#7683=ADVANCED_FACE('',(#7682),#7673,.F.);
#7690=EDGE_CURVE('',#5506,#5522,#2742,.T.);
#7692=EDGE_CURVE('',#5522,#5509,#2846,.T.);
#7697=ADVANCED_FACE('',(#7696),#7688,.F.);
#7704=EDGE_CURVE('',#5500,#5516,#2749,.T.);
#7706=EDGE_CURVE('',#5516,#5518,#2816,.T.);
#7708=EDGE_CURVE('',#5502,#5518,#3334,.T.);
#7712=ADVANCED_FACE('',(#7711),#7702,.F.);
#7719=EDGE_CURVE('',#5505,#5521,#3327,.T.);
#7721=EDGE_CURVE('',#5521,#5522,#2831,.T.);
#7726=ADVANCED_FACE('',(#7725),#7717,.F.);
#7734=EDGE_CURVE('',#5514,#5516,#2793,.T.);
#7739=ADVANCED_FACE('',(#7738),#7731,.F.);
#7746=EDGE_CURVE('',#5509,#5514,#2771,.T.);
#7749=EDGE_CURVE('',#5513,#5510,#2786,.T.);
#7753=ADVANCED_FACE('',(#7752),#7744,.F.);
#7760=EDGE_CURVE('',#5514,#5220,#2801,.T.);
#7762=EDGE_CURVE('',#5220,#5516,#2809,.T.);
#7766=ADVANCED_FACE('',(#7765),#7758,.F.);
#7773=EDGE_CURVE('',#5516,#5522,#2824,.T.);
#7776=EDGE_CURVE('',#5521,#5518,#2839,.T.);
#7780=ADVANCED_FACE('',(#7779),#7771,.F.);
#7787=EDGE_CURVE('',#5522,#5222,#2854,.T.);
#7789=EDGE_CURVE('',#5222,#5509,#2862,.T.);
#7793=ADVANCED_FACE('',(#7792),#7785,.F.);
#7799=EDGE_CURVE('',#5533,#5534,#2870,.T.);
#7801=EDGE_CURVE('',#5534,#5218,#3002,.T.);
#7803=EDGE_CURVE('',#5218,#5216,#2878,.T.);
#7805=EDGE_CURVE('',#5533,#5216,#2960,.T.);
#7809=ADVANCED_FACE('',(#7808),#7798,.F.);
#7816=EDGE_CURVE('',#5214,#5222,#2885,.T.);
#7818=EDGE_CURVE('',#5214,#5213,#3128,.T.);
#7820=EDGE_CURVE('',#5213,#5220,#3112,.T.);
#7826=ADVANCED_FACE('',(#7825),#7814,.F.);
#7833=EDGE_CURVE('',#5526,#5533,#2892,.T.);
#7835=EDGE_CURVE('',#5525,#5526,#2900,.T.);
#7837=EDGE_CURVE('',#5534,#5525,#2907,.T.);
#7841=ADVANCED_FACE('',(#7840),#7831,.T.);
#7847=EDGE_CURVE('',#5529,#5530,#2946,.T.);
#7849=EDGE_CURVE('',#5529,#5526,#2953,.T.);
#7853=EDGE_CURVE('',#5202,#5216,#2967,.T.);
#7856=EDGE_CURVE('',#5206,#5201,#2981,.T.);
#7859=EDGE_CURVE('',#5218,#5205,#2995,.T.);
#7863=EDGE_CURVE('',#5530,#5525,#3077,.T.);
#7867=EDGE_CURVE('',#5237,#5238,#2931,.T.);
#7869=EDGE_CURVE('',#5238,#5237,#2939,.T.);
#7873=EDGE_CURVE('',#5233,#5234,#2915,.T.);
#7875=EDGE_CURVE('',#5234,#5233,#2923,.T.);
#7879=ADVANCED_FACE('',(#7866,#7872,#7878),#7846,.T.);
#7886=EDGE_CURVE('',#5233,#5225,#3009,.T.);
#7888=EDGE_CURVE('',#5225,#5226,#3024,.T.);
#7890=EDGE_CURVE('',#5234,#5226,#3016,.T.);
#7894=ADVANCED_FACE('',(#7893),#7884,.F.);
#7902=EDGE_CURVE('',#5226,#5225,#3032,.T.);
#7907=ADVANCED_FACE('',(#7906),#7899,.F.);
#7917=ADVANCED_FACE('',(#7916),#7912,.T.);
#7923=EDGE_CURVE('',#5229,#5230,#3040,.T.);
#7925=EDGE_CURVE('',#5230,#5229,#3048,.T.);
#7929=ADVANCED_FACE('',(#7928),#7922,.T.);
#7936=EDGE_CURVE('',#5237,#5229,#3055,.T.);
#7939=EDGE_CURVE('',#5238,#5230,#3062,.T.);
#7943=ADVANCED_FACE('',(#7942),#7934,.F.);
#7955=ADVANCED_FACE('',(#7954),#7948,.F.);
#7961=EDGE_CURVE('',#5529,#5530,#3070,.T.);
#7966=ADVANCED_FACE('',(#7965),#7960,.T.);
#7978=ADVANCED_FACE('',(#7977),#7971,.F.);
#7992=ADVANCED_FACE('',(#7991),#7983,.T.);
#8001=EDGE_CURVE('',#5186,#5184,#3105,.T.);
#8005=ADVANCED_FACE('',(#8004),#7997,.T.);
#8017=ADVANCED_FACE('',(#8016),#8010,.T.);
#8025=EDGE_CURVE('',#5213,#5214,#3120,.T.);
#8032=ADVANCED_FACE('',(#8031),#8022,.F.);
#8039=EDGE_CURVE('',#5774,#5245,#3143,.T.);
#8041=EDGE_CURVE('',#5245,#5763,#3150,.T.);
#8043=EDGE_CURVE('',#5763,#5764,#3157,.T.);
#8048=ADVANCED_FACE('',(#8047),#8037,.T.);
#8059=EDGE_CURVE('',#5261,#5262,#3194,.T.);
#8061=EDGE_CURVE('',#5261,#5780,#3201,.T.);
#8069=ADVANCED_FACE('',(#8064,#8068),#8053,.T.);
#8077=EDGE_CURVE('',#5245,#5246,#3222,.T.);
#8082=ADVANCED_FACE('',(#8081),#8074,.F.);
#8088=EDGE_CURVE('',#5788,#5783,#3215,.T.);
#8090=EDGE_CURVE('',#5788,#5763,#3285,.T.);
#8098=ADVANCED_FACE('',(#8097),#8087,.T.);
#8105=EDGE_CURVE('',#5786,#5784,#3243,.T.);
#8107=EDGE_CURVE('',#5786,#5788,#3236,.T.);
#8112=ADVANCED_FACE('',(#8111),#8103,.T.);
#8123=EDGE_CURVE('',#5786,#5790,#3271,.T.);
#8127=ADVANCED_FACE('',(#8126),#8117,.T.);
#8143=ADVANCED_FACE('',(#8142),#8132,.T.);
#8152=EDGE_CURVE('',#5266,#5261,#3299,.T.);
#8156=ADVANCED_FACE('',(#8155),#8148,.T.);
#8168=ADVANCED_FACE('',(#8167),#8161,.T.);
#8180=ADVANCED_FACE('',(#8179),#8173,.F.);
#8192=ADVANCED_FACE('',(#8191),#8185,.F.);
#8204=ADVANCED_FACE('',(#8203),#8197,.T.);
#8211=EDGE_CURVE('',#5170,#5168,#3348,.T.);
#8217=ADVANCED_FACE('',(#8216),#8209,.T.);
#8223=EDGE_CURVE('',#5164,#5159,#3341,.T.);
#8230=ADVANCED_FACE('',(#8229),#8222,.T.);
#8242=ADVANCED_FACE('',(#8241),#8235,.T.);
#8254=ADVANCED_FACE('',(#8253),#8247,.F.);
#8263=EDGE_CURVE('',#5318,#5314,#3384,.T.);
#8267=ADVANCED_FACE('',(#8266),#8259,.F.);
#8273=EDGE_CURVE('',#5666,#5668,#3370,.T.);
#8275=EDGE_CURVE('',#5666,#5258,#3377,.T.);
#8284=ADVANCED_FACE('',(#8283),#8272,.T.);
#8296=ADVANCED_FACE('',(#8295),#8289,.T.);
#8303=EDGE_CURVE('',#5666,#5664,#3433,.T.);
#8309=ADVANCED_FACE('',(#8308),#8301,.T.);
#8321=ADVANCED_FACE('',(#8320),#8314,.F.);
#8333=ADVANCED_FACE('',(#8332),#8326,.F.);
#8339=EDGE_CURVE('',#5647,#5648,#3448,.T.);
#8347=EDGE_CURVE('',#5609,#5610,#3516,.T.);
#8349=EDGE_CURVE('',#5610,#5609,#3546,.T.);
#8353=EDGE_CURVE('',#5605,#5606,#3456,.T.);
#8355=EDGE_CURVE('',#5606,#5605,#3486,.T.);
#8359=ADVANCED_FACE('',(#8346,#8352,#8358),#8338,.F.);
#8366=EDGE_CURVE('',#5575,#5606,#3508,.T.);
#8368=EDGE_CURVE('',#5575,#5576,#3501,.T.);
#8370=EDGE_CURVE('',#5576,#5545,#3463,.T.);
#8373=EDGE_CURVE('',#5580,#5546,#3493,.T.);
#8375=EDGE_CURVE('',#5579,#5580,#3471,.T.);
#8377=EDGE_CURVE('',#5579,#5605,#3478,.T.);
#8381=ADVANCED_FACE('',(#8380),#8364,.F.);
#8397=ADVANCED_FACE('',(#8396),#8386,.F.);
#8404=EDGE_CURVE('',#5583,#5610,#3568,.T.);
#8406=EDGE_CURVE('',#5583,#5584,#3561,.T.);
#8408=EDGE_CURVE('',#5584,#5549,#3523,.T.);
#8411=EDGE_CURVE('',#5588,#5550,#3553,.T.);
#8413=EDGE_CURVE('',#5587,#5588,#3531,.T.);
#8415=EDGE_CURVE('',#5587,#5609,#3538,.T.);
#8419=ADVANCED_FACE('',(#8418),#8402,.F.);
#8435=ADVANCED_FACE('',(#8434),#8424,.F.);
#8447=ADVANCED_FACE('',(#8446),#8440,.T.);
#8459=ADVANCED_FACE('',(#8458),#8452,.T.);
#8466=EDGE_CURVE('',#5634,#5636,#3589,.T.);
#8472=ADVANCED_FACE('',(#8471),#8464,.F.);
#8484=ADVANCED_FACE('',(#8483),#8477,.F.);
#8496=ADVANCED_FACE('',(#8495),#8489,.F.);
#8508=ADVANCED_FACE('',(#8507),#8501,.F.);
#8520=ADVANCED_FACE('',(#8519),#8513,.F.);
#8532=ADVANCED_FACE('',(#8531),#8525,.T.);
#8540=EDGE_CURVE('',#5417,#5418,#3668,.T.);
#8545=ADVANCED_FACE('',(#8544),#8537,.T.);
#8557=ADVANCED_FACE('',(#8556),#8550,.F.);
#8564=EDGE_CURVE('',#5422,#5426,#3699,.T.);
#8566=EDGE_CURVE('',#5425,#5426,#3730,.T.);
#8568=EDGE_CURVE('',#5421,#5425,#3691,.T.);
#8572=ADVANCED_FACE('',(#8571),#8562,.T.);
#8580=EDGE_CURVE('',#5426,#5425,#3707,.T.);
#8585=ADVANCED_FACE('',(#8584),#8577,.T.);
#8592=EDGE_CURVE('',#5442,#5425,#3745,.T.);
#8594=EDGE_CURVE('',#5442,#5441,#3715,.T.);
#8596=EDGE_CURVE('',#5441,#5426,#3722,.T.);
#8600=ADVANCED_FACE('',(#8599),#8590,.F.);
#8608=EDGE_CURVE('',#5441,#5442,#3738,.T.);
#8613=ADVANCED_FACE('',(#8612),#8605,.F.);
#8620=EDGE_CURVE('',#5438,#5442,#3761,.T.);
#8623=EDGE_CURVE('',#5437,#5441,#3753,.T.);
#8627=ADVANCED_FACE('',(#8626),#8618,.T.);
#8639=ADVANCED_FACE('',(#8638),#8632,.T.);
#8645=EDGE_CURVE('',#5453,#5454,#3800,.T.);
#8647=EDGE_CURVE('',#5454,#5458,#4331,.T.);
#8650=EDGE_CURVE('',#5453,#5457,#3769,.T.);
#8654=ADVANCED_FACE('',(#8653),#8644,.T.);
#8660=EDGE_CURVE('',#5366,#5365,#3777,.T.);
#8662=EDGE_CURVE('',#4992,#5366,#3898,.T.);
#8665=EDGE_CURVE('',#4988,#5365,#3792,.T.);
#8669=ADVANCED_FACE('',(#8668),#8659,.F.);
#8676=EDGE_CURVE('',#5453,#4987,#3807,.T.);
#8678=EDGE_CURVE('',#4991,#4987,#3815,.T.);
#8680=EDGE_CURVE('',#5454,#4991,#3884,.T.);
#8684=ADVANCED_FACE('',(#8683),#8674,.F.);
#8690=EDGE_CURVE('',#5481,#5482,#3823,.T.);
#8692=EDGE_CURVE('',#5341,#5482,#3921,.T.);
#8694=EDGE_CURVE('',#5342,#5341,#3831,.T.);
#8696=EDGE_CURVE('',#5342,#5481,#3838,.T.);
#8700=ADVANCED_FACE('',(#8699),#8689,.F.);
#8707=EDGE_CURVE('',#5365,#5369,#3854,.T.);
#8709=EDGE_CURVE('',#5370,#5369,#4293,.T.);
#8711=EDGE_CURVE('',#5366,#5370,#3846,.T.);
#8715=ADVANCED_FACE('',(#8714),#8705,.T.);
#8721=EDGE_CURVE('',#5365,#5366,#3862,.T.);
#8724=EDGE_CURVE('',#5369,#5370,#4285,.T.);
#8729=ADVANCED_FACE('',(#8728),#8720,.T.);
#8737=EDGE_CURVE('',#4987,#4988,#3869,.T.);
#8740=EDGE_CURVE('',#5454,#5453,#3877,.T.);
#8743=EDGE_CURVE('',#4991,#4992,#3891,.T.);
#8748=ADVANCED_FACE('',(#8747),#8734,.F.);
#8754=EDGE_CURVE('',#5482,#5481,#3906,.T.);
#8757=EDGE_CURVE('',#5341,#5342,#3914,.T.);
#8762=ADVANCED_FACE('',(#8761),#8753,.F.);
#8771=EDGE_CURVE('',#4951,#4987,#3970,.T.);
#8779=ADVANCED_FACE('',(#8778),#8767,.F.);
#8791=ADVANCED_FACE('',(#8790),#8784,.T.);
#8798=EDGE_CURVE('',#4991,#4952,#3963,.T.);
#8804=ADVANCED_FACE('',(#8803),#8796,.T.);
#8811=EDGE_CURVE('',#5096,#5100,#3984,.T.);
#8814=EDGE_CURVE('',#4983,#4963,#3991,.T.);
#8816=EDGE_CURVE('',#4983,#4979,#4183,.T.);
#8818=EDGE_CURVE('',#4967,#4979,#3998,.T.);
#8821=EDGE_CURVE('',#5086,#5099,#4005,.T.);
#8825=ADVANCED_FACE('',(#8824),#8809,.T.);
#8841=ADVANCED_FACE('',(#8840),#8830,.F.);
#8848=EDGE_CURVE('',#5092,#5080,#4033,.T.);
#8854=ADVANCED_FACE('',(#8853),#8846,.F.);
#8863=EDGE_CURVE('',#5083,#5075,#4054,.T.);
#8867=ADVANCED_FACE('',(#8866),#8859,.F.);
#8874=EDGE_CURVE('',#5090,#5079,#4040,.T.);
#8880=ADVANCED_FACE('',(#8879),#8872,.F.);
#8887=EDGE_CURVE('',#5084,#5076,#4047,.T.);
#8893=ADVANCED_FACE('',(#8892),#8885,.F.);
#8905=ADVANCED_FACE('',(#8904),#8898,.F.);
#8917=ADVANCED_FACE('',(#8916),#8910,.F.);
#8925=EDGE_CURVE('',#4983,#4984,#4091,.T.);
#8930=ADVANCED_FACE('',(#8929),#8922,.F.);
#8936=EDGE_CURVE('',#5373,#5374,#4062,.T.);
#8938=EDGE_CURVE('',#4980,#5373,#4160,.T.);
#8940=EDGE_CURVE('',#4979,#4980,#4069,.T.);
#8942=EDGE_CURVE('',#5461,#4979,#4175,.T.);
#8944=EDGE_CURVE('',#5462,#5461,#4077,.T.);
#8946=EDGE_CURVE('',#5462,#4983,#4084,.T.);
#8949=EDGE_CURVE('',#4984,#5374,#4098,.T.);
#8953=ADVANCED_FACE('',(#8952),#8935,.F.);
#8959=EDGE_CURVE('',#5490,#5489,#4106,.T.);
#8961=EDGE_CURVE('',#5333,#5489,#4206,.T.);
#8963=EDGE_CURVE('',#5334,#5333,#4114,.T.);
#8965=EDGE_CURVE('',#5334,#5490,#4121,.T.);
#8969=ADVANCED_FACE('',(#8968),#8958,.F.);
#8976=EDGE_CURVE('',#5374,#5378,#4137,.T.);
#8978=EDGE_CURVE('',#5377,#5378,#4301,.T.);
#8980=EDGE_CURVE('',#5373,#5377,#4129,.T.);
#8984=ADVANCED_FACE('',(#8983),#8974,.T.);
#8990=EDGE_CURVE('',#5374,#5373,#4145,.T.);
#8993=EDGE_CURVE('',#5378,#5377,#4309,.T.);
#8998=ADVANCED_FACE('',(#8997),#8989,.T.);
#9010=ADVANCED_FACE('',(#9009),#9003,.F.);
#9016=EDGE_CURVE('',#5461,#5462,#4168,.T.);
#9023=ADVANCED_FACE('',(#9022),#9015,.F.);
#9029=EDGE_CURVE('',#5489,#5490,#4191,.T.);
#9032=EDGE_CURVE('',#5333,#5334,#4199,.T.);
#9037=ADVANCED_FACE('',(#9036),#9028,.F.);
#9044=EDGE_CURVE('',#5462,#5466,#4222,.T.);
#9047=EDGE_CURVE('',#5461,#5465,#4214,.T.);
#9051=ADVANCED_FACE('',(#9050),#9042,.T.);
#9063=ADVANCED_FACE('',(#9062),#9056,.T.);
#9070=EDGE_CURVE('',#5486,#5490,#4238,.T.);
#9073=EDGE_CURVE('',#5485,#5489,#4230,.T.);
#9077=ADVANCED_FACE('',(#9076),#9068,.T.);
#9089=ADVANCED_FACE('',(#9088),#9082,.T.);
#9096=EDGE_CURVE('',#5334,#5338,#4254,.T.);
#9099=EDGE_CURVE('',#5333,#5337,#4246,.T.);
#9103=ADVANCED_FACE('',(#9102),#9094,.T.);
#9115=ADVANCED_FACE('',(#9114),#9108,.T.);
#9122=EDGE_CURVE('',#5280,#5270,#4261,.T.);
#9125=EDGE_CURVE('',#5282,#5272,#4323,.T.);
#9141=ADVANCED_FACE('',(#9128,#9132,#9136,#9140),#9120,.F.);
#9153=ADVANCED_FACE('',(#9152),#9146,.F.);
#9165=ADVANCED_FACE('',(#9164),#9158,.F.);
#9177=ADVANCED_FACE('',(#9176),#9170,.F.);
#9189=ADVANCED_FACE('',(#9188),#9182,.T.);
#9196=EDGE_CURVE('',#5477,#5481,#4347,.T.);
#9199=EDGE_CURVE('',#5478,#5482,#4339,.T.);
#9203=ADVANCED_FACE('',(#9202),#9194,.T.);
#9215=ADVANCED_FACE('',(#9214),#9208,.T.);
#9222=EDGE_CURVE('',#5342,#5346,#4363,.T.);
#9225=EDGE_CURVE('',#5341,#5345,#4355,.T.);
#9229=ADVANCED_FACE('',(#9228),#9220,.T.);
#9241=ADVANCED_FACE('',(#9240),#9234,.T.);
#9247=EDGE_CURVE('',#5723,#5700,#4471,.T.);
#9249=EDGE_CURVE('',#5723,#5724,#4585,.T.);
#9251=EDGE_CURVE('',#5672,#5724,#4578,.T.);
#9255=EDGE_CURVE('',#5720,#5700,#4377,.T.);
#9259=ADVANCED_FACE('',(#9258),#9246,.T.);
#9265=EDGE_CURVE('',#5699,#5728,#4464,.T.);
#9267=EDGE_CURVE('',#5728,#5723,#4592,.T.);
#9270=EDGE_CURVE('',#5699,#5700,#4478,.T.);
#9274=EDGE_CURVE('',#5683,#5684,#4401,.T.);
#9276=EDGE_CURVE('',#5684,#5683,#4409,.T.);
#9280=EDGE_CURVE('',#5687,#5688,#4417,.T.);
#9282=EDGE_CURVE('',#5688,#5687,#4425,.T.);
#9286=EDGE_CURVE('',#5691,#5692,#4433,.T.);
#9288=EDGE_CURVE('',#5692,#5691,#4441,.T.);
#9292=EDGE_CURVE('',#5695,#5696,#4449,.T.);
#9294=EDGE_CURVE('',#5696,#5695,#4457,.T.);
#9298=EDGE_CURVE('',#5679,#5680,#4385,.T.);
#9300=EDGE_CURVE('',#5680,#5679,#4393,.T.);
#9304=ADVANCED_FACE('',(#9273,#9279,#9285,#9291,#9297,#9303),#9264,.T.);
#9310=EDGE_CURVE('',#5680,#5732,#4485,.T.);
#9312=EDGE_CURVE('',#5732,#5731,#4508,.T.);
#9314=EDGE_CURVE('',#5731,#5679,#4492,.T.);
#9319=ADVANCED_FACE('',(#9318),#9309,.F.);
#9326=EDGE_CURVE('',#5731,#5732,#4500,.T.);
#9332=ADVANCED_FACE('',(#9331),#9324,.F.);
#9342=ADVANCED_FACE('',(#9341),#9337,.T.);
#9349=EDGE_CURVE('',#5704,#5683,#4515,.T.);
#9352=EDGE_CURVE('',#5703,#5684,#4522,.T.);
#9356=ADVANCED_FACE('',(#9355),#9347,.F.);
#9368=ADVANCED_FACE('',(#9367),#9361,.F.);
#9375=EDGE_CURVE('',#5708,#5687,#4529,.T.);
#9378=EDGE_CURVE('',#5707,#5688,#4536,.T.);
#9382=ADVANCED_FACE('',(#9381),#9373,.F.);
#9394=ADVANCED_FACE('',(#9393),#9387,.F.);
#9401=EDGE_CURVE('',#5712,#5691,#4543,.T.);
#9404=EDGE_CURVE('',#5711,#5692,#4550,.T.);
#9408=ADVANCED_FACE('',(#9407),#9399,.F.);
#9420=ADVANCED_FACE('',(#9419),#9413,.F.);
#9427=EDGE_CURVE('',#5716,#5695,#4557,.T.);
#9430=EDGE_CURVE('',#5715,#5696,#4564,.T.);
#9434=ADVANCED_FACE('',(#9433),#9425,.F.);
#9446=ADVANCED_FACE('',(#9445),#9439,.F.);
#9452=EDGE_CURVE('',#5674,#5726,#4571,.T.);
#9454=EDGE_CURVE('',#5726,#5728,#4599,.T.);
#9457=EDGE_CURVE('',#5719,#5699,#4613,.T.);
#9463=ADVANCED_FACE('',(#9462),#9451,.T.);
#9470=EDGE_CURVE('',#5724,#5726,#4606,.T.);
#9476=ADVANCED_FACE('',(#9475),#9468,.T.);
#9488=ADVANCED_FACE('',(#9487),#9481,.T.);
#9500=ADVANCED_FACE('',(#9499),#9493,.T.);
#9507=EDGE_CURVE('',#5469,#5473,#4629,.T.);
#9510=EDGE_CURVE('',#5470,#5474,#4621,.T.);
#9514=ADVANCED_FACE('',(#9513),#9505,.T.);
#9526=ADVANCED_FACE('',(#9525),#9519,.T.);
#9533=EDGE_CURVE('',#5350,#5354,#4645,.T.);
#9536=EDGE_CURVE('',#5349,#5353,#4637,.T.);
#9540=ADVANCED_FACE('',(#9539),#9531,.T.);
#9552=ADVANCED_FACE('',(#9551),#9545,.T.);
#9564=ADVANCED_FACE('',(#9563),#9557,.F.);
#9571=EDGE_CURVE('',#5051,#5043,#4659,.T.);
#9573=EDGE_CURVE('',#5043,#5044,#4674,.T.);
#9575=EDGE_CURVE('',#5052,#5044,#4666,.T.);
#9579=ADVANCED_FACE('',(#9578),#9569,.F.);
#9587=EDGE_CURVE('',#5044,#5043,#4682,.T.);
#9592=ADVANCED_FACE('',(#9591),#9584,.F.);
#9602=ADVANCED_FACE('',(#9601),#9597,.T.);
#9608=EDGE_CURVE('',#5047,#5048,#4690,.T.);
#9610=EDGE_CURVE('',#5048,#5047,#4698,.T.);
#9614=ADVANCED_FACE('',(#9613),#9607,.T.);
#9620=EDGE_CURVE('',#5059,#5060,#4706,.T.);
#9622=EDGE_CURVE('',#5060,#5059,#4714,.T.);
#9626=ADVANCED_FACE('',(#9625),#9619,.T.);
#9632=EDGE_CURVE('',#5063,#5064,#4722,.T.);
#9634=EDGE_CURVE('',#5064,#5063,#4730,.T.);
#9638=ADVANCED_FACE('',(#9637),#9631,.T.);
#9644=EDGE_CURVE('',#5107,#5108,#4738,.T.);
#9646=EDGE_CURVE('',#5108,#5107,#4746,.T.);
#9650=ADVANCED_FACE('',(#9649),#9643,.T.);
#9656=EDGE_CURVE('',#5111,#5112,#4754,.T.);
#9658=EDGE_CURVE('',#5112,#5111,#4762,.T.);
#9662=ADVANCED_FACE('',(#9661),#9655,.T.);
#9669=EDGE_CURVE('',#5055,#5047,#4769,.T.);
#9672=EDGE_CURVE('',#5056,#5048,#4776,.T.);
#9676=ADVANCED_FACE('',(#9675),#9667,.F.);
#9688=ADVANCED_FACE('',(#9687),#9681,.F.);
#9695=EDGE_CURVE('',#5067,#5059,#4783,.T.);
#9698=EDGE_CURVE('',#5068,#5060,#4790,.T.);
#9702=ADVANCED_FACE('',(#9701),#9693,.F.);
#9714=ADVANCED_FACE('',(#9713),#9707,.F.);
#9721=EDGE_CURVE('',#5071,#5063,#4797,.T.);
#9724=EDGE_CURVE('',#5072,#5064,#4804,.T.);
#9728=ADVANCED_FACE('',(#9727),#9719,.F.);
#9740=ADVANCED_FACE('',(#9739),#9733,.F.);
#9747=EDGE_CURVE('',#5115,#5107,#4811,.T.);
#9750=EDGE_CURVE('',#5116,#5108,#4818,.T.);
#9754=ADVANCED_FACE('',(#9753),#9745,.F.);
#9766=ADVANCED_FACE('',(#9765),#9759,.F.);
#9773=EDGE_CURVE('',#5119,#5111,#4825,.T.);
#9776=EDGE_CURVE('',#5120,#5112,#4832,.T.);
#9780=ADVANCED_FACE('',(#9779),#9771,.F.);
#9792=ADVANCED_FACE('',(#9791),#9785,.F.);
#9799=EDGE_CURVE('',#5382,#5386,#4848,.T.);
#9801=EDGE_CURVE('',#5385,#5386,#4879,.T.);
#9803=EDGE_CURVE('',#5381,#5385,#4840,.T.);
#9807=ADVANCED_FACE('',(#9806),#9797,.T.);
#9815=EDGE_CURVE('',#5386,#5385,#4856,.T.);
#9820=ADVANCED_FACE('',(#9819),#9812,.T.);
#9827=EDGE_CURVE('',#5409,#5385,#4863,.T.);
#9829=EDGE_CURVE('',#5409,#5410,#4871,.T.);
#9831=EDGE_CURVE('',#5410,#5386,#4886,.T.);
#9835=ADVANCED_FACE('',(#9834),#9825,.F.);
#9843=EDGE_CURVE('',#5410,#5409,#4894,.T.);
#9848=ADVANCED_FACE('',(#9847),#9840,.F.);
#9855=EDGE_CURVE('',#5405,#5409,#4910,.T.);
#9858=EDGE_CURVE('',#5406,#5410,#4902,.T.);
#9862=ADVANCED_FACE('',(#9861),#9853,.T.);
#9874=ADVANCED_FACE('',(#9873),#9867,.T.);
#9882=EDGE_CURVE('',#5393,#5394,#4926,.T.);
#9887=ADVANCED_FACE('',(#9886),#9879,.T.);
#9899=ADVANCED_FACE('',(#9898),#9892,.F.);
#9908=(LENGTH_UNIT()NAMED_UNIT(*)SI_UNIT(.MILLI.,.METRE.));
#9909=(NAMED_UNIT(*)PLANE_ANGLE_UNIT()SI_UNIT($,.RADIAN.));
#9912=(NAMED_UNIT(*)SI_UNIT($,.STERADIAN.)SOLID_ANGLE_UNIT());
#9914=(GEOMETRIC_REPRESENTATION_CONTEXT(3)GLOBAL_UNCERTAINTY_ASSIGNED_CONTEXT((
#9913))GLOBAL_UNIT_ASSIGNED_CONTEXT((#9908,#9911,#9912))REPRESENTATION_CONTEXT(
'ID1','external'));
#9918=AXIS2_PLACEMENT_3D('',#9915,#9916,#9917);
#9919=ADVANCED_BREP_SHAPE_REPRESENTATION('',(#9918,#9901),#9914);
#9927=PRODUCT_DEFINITION('part definition','',#9926,#9923);
#9928=PRODUCT_DEFINITION_SHAPE('','SHAPE FOR TUOBAN_YUAN.',#9927);
#9929=SHAPE_ASPECT('','solid data associated with TUOBAN_YUAN',#9928,.F.);
#9930=PROPERTY_DEFINITION('',
'shape for solid data with which properties are associated',#9929);
#9931=SHAPE_REPRESENTATION('',(#9901),#9914);
#9932=SHAPE_DEFINITION_REPRESENTATION(#9930,#9931);
#9933=(LENGTH_UNIT()NAMED_UNIT(*)SI_UNIT(.MILLI.,.METRE.));
#9937=PROPERTY_DEFINITION('geometric validation property','area of TUOBAN_YUAN',
#9929);
#9938=REPRESENTATION('surface area',(#9936),#9914);
#9939=PROPERTY_DEFINITION_REPRESENTATION(#9937,#9938);
#9940=(LENGTH_UNIT()NAMED_UNIT(*)SI_UNIT(.MILLI.,.METRE.));
#9944=PROPERTY_DEFINITION('geometric validation property',
'volume of TUOBAN_YUAN',#9929);
#9945=REPRESENTATION('volume',(#9943),#9914);
#9946=PROPERTY_DEFINITION_REPRESENTATION(#9944,#9945);
#9948=PROPERTY_DEFINITION('geometric validation property',
'centroid of TUOBAN_YUAN',#9929);
#9949=REPRESENTATION('centroid',(#9947),#9914);
#9950=PROPERTY_DEFINITION_REPRESENTATION(#9948,#9949);
#9951=(LENGTH_UNIT()NAMED_UNIT(*)SI_UNIT(.MILLI.,.METRE.));
#9955=PROPERTY_DEFINITION('geometric validation property','area of TUOBAN_YUAN',
#9928);
#9956=REPRESENTATION('surface area',(#9954),#9914);
#9957=PROPERTY_DEFINITION_REPRESENTATION(#9955,#9956);
#9958=(LENGTH_UNIT()NAMED_UNIT(*)SI_UNIT(.MILLI.,.METRE.));
#9962=PROPERTY_DEFINITION('geometric validation property',
'volume of TUOBAN_YUAN',#9928);
#9963=REPRESENTATION('volume',(#9961),#9914);
#9964=PROPERTY_DEFINITION_REPRESENTATION(#9962,#9963);
#9966=PROPERTY_DEFINITION('geometric validation property',
'centroid of TUOBAN_YUAN',#9928);
#9967=REPRESENTATION('centroid',(#9965),#9914);
#9968=PROPERTY_DEFINITION_REPRESENTATION(#9966,#9967);
#9969=SHAPE_DEFINITION_REPRESENTATION(#9928,#9919);
#9970=PRODUCT_RELATED_PRODUCT_CATEGORY('part','',(#9925));
ENDSEC;
END-ISO-10303-21;
