ISO-10303-21;
HEADER;
FILE_DESCRIPTION((''),'2;1');
FILE_NAME('LINK3','2026-07-23T19:09:24',('gram2'),(''),
'CREO PARAMETRIC BY PTC INC, 2016510','CREO PARAMETRIC BY PTC INC, 2016510','');
FILE_SCHEMA(('CONFIG_CONTROL_DESIGN'));
ENDSEC;
DATA;
#1=DIRECTION('',(0.E0,0.E0,-1.E0));
#2=VECTOR('',#1,5.E0);
#3=CARTESIAN_POINT('',(1.100938213809E2,-5.626610113046E1,3.E1));
#4=LINE('',#3,#2);
#5=CARTESIAN_POINT('',(1.167834786983E2,-5.420491579771E1,2.5E1));
#6=DIRECTION('',(0.E0,0.E0,1.E0));
#7=DIRECTION('',(-9.556653310549E-1,-2.944550475364E-1,0.E0));
#8=AXIS2_PLACEMENT_3D('',#5,#6,#7);
#10=DIRECTION('',(0.E0,0.E0,1.E0));
#11=VECTOR('',#10,6.25E0);
#12=CARTESIAN_POINT('',(1.101138688441E2,-5.633007564880E1,1.875E1));
#13=LINE('',#12,#11);
#14=CARTESIAN_POINT('',(1.167834786983E2,-5.420491579771E1,1.875E1));
#15=DIRECTION('',(0.E0,0.E0,1.E0));
#16=DIRECTION('',(2.894076348932E-1,-9.572059448549E-1,0.E0));
#17=AXIS2_PLACEMENT_3D('',#14,#15,#16);
#19=DIRECTION('',(0.E0,0.E0,-1.E0));
#20=VECTOR('',#19,6.25E0);
#21=CARTESIAN_POINT('',(1.188093321426E2,-6.090535741169E1,2.5E1));
#22=LINE('',#21,#20);
#23=CARTESIAN_POINT('',(1.167834786983E2,-5.420491579771E1,2.5E1));
#24=DIRECTION('',(0.E0,0.E0,-1.E0));
#25=DIRECTION('',(2.894076348932E-1,-9.572059448549E-1,0.E0));
#26=AXIS2_PLACEMENT_3D('',#23,#24,#25);
#28=DIRECTION('',(0.E0,0.E0,-1.E0));
#29=VECTOR('',#28,5.E0);
#30=CARTESIAN_POINT('',(1.187828049609E2,-6.091332056305E1,3.E1));
#31=LINE('',#30,#29);
#32=DIRECTION('',(0.E0,0.E0,-1.E0));
#33=VECTOR('',#32,5.E0);
#34=CARTESIAN_POINT('',(1.100938213809E2,-5.626610113046E1,0.E0));
#35=LINE('',#34,#33);
#36=DIRECTION('',(0.E0,0.E0,-1.E0));
#37=VECTOR('',#36,5.E0);
#38=CARTESIAN_POINT('',(1.187828049609E2,-6.091332056305E1,0.E0));
#39=LINE('',#38,#37);
#40=CARTESIAN_POINT('',(1.167834786983E2,-5.420491579771E1,0.E0));
#41=DIRECTION('',(0.E0,0.E0,-1.E0));
#42=DIRECTION('',(2.894076348932E-1,-9.572059448549E-1,0.E0));
#43=AXIS2_PLACEMENT_3D('',#40,#41,#42);
#45=DIRECTION('',(0.E0,0.E0,-1.E0));
#46=VECTOR('',#45,6.25E0);
#47=CARTESIAN_POINT('',(1.188093321426E2,-6.090535741169E1,6.25E0));
#48=LINE('',#47,#46);
#49=CARTESIAN_POINT('',(1.167834786983E2,-5.420491579771E1,6.25E0));
#50=DIRECTION('',(0.E0,0.E0,1.E0));
#51=DIRECTION('',(2.894076348932E-1,-9.572059448549E-1,0.E0));
#52=AXIS2_PLACEMENT_3D('',#49,#50,#51);
#54=DIRECTION('',(0.E0,0.E0,1.E0));
#55=VECTOR('',#54,6.25E0);
#56=CARTESIAN_POINT('',(1.101138688441E2,-5.633007564880E1,0.E0));
#57=LINE('',#56,#55);
#58=CARTESIAN_POINT('',(1.167834786983E2,-5.420491579771E1,0.E0));
#59=DIRECTION('',(0.E0,0.E0,1.E0));
#60=DIRECTION('',(-9.556653310549E-1,-2.944550475364E-1,0.E0));
#61=AXIS2_PLACEMENT_3D('',#58,#59,#60);
#63=DIRECTION('',(-1.195597436179E-1,-9.928270079455E-1,0.E0));
#64=VECTOR('',#63,3.252816206284E0);
#65=CARTESIAN_POINT('',(1.100938213809E2,-5.626610113046E1,3.E1));
#66=LINE('',#65,#64);
#67=DIRECTION('',(1.195597436179E-1,9.928270079455E-1,0.E0));
#68=VECTOR('',#67,3.252816206284E0);
#69=CARTESIAN_POINT('',(1.097049155093E2,-5.949558491194E1,2.5E1));
#70=LINE('',#69,#68);
#71=CARTESIAN_POINT('',(1.167834786983E2,-5.420491579771E1,3.E1));
#72=DIRECTION('',(0.E0,0.E0,1.E0));
#73=DIRECTION('',(0.E0,1.E0,0.E0));
#74=AXIS2_PLACEMENT_3D('',#71,#72,#73);
#76=CARTESIAN_POINT('',(1.167834786983E2,-5.420491579771E1,3.E1));
#77=DIRECTION('',(0.E0,0.E0,1.E0));
#78=DIRECTION('',(0.E0,-1.E0,0.E0));
#79=AXIS2_PLACEMENT_3D('',#76,#77,#78);
#81=CARTESIAN_POINT('',(1.167834786983E2,-5.420491579771E1,3.E1));
#82=DIRECTION('',(0.E0,0.E0,-1.E0));
#83=DIRECTION('',(-9.556653310549E-1,-2.944550475364E-1,0.E0));
#84=AXIS2_PLACEMENT_3D('',#81,#82,#83);
#86=DIRECTION('',(-4.980033266345E-1,-8.671751187972E-1,0.E0));
#87=VECTOR('',#86,5.909814529606E0);
#88=CARTESIAN_POINT('',(1.164565766358E2,-6.275468140814E1,3.E1));
#89=LINE('',#88,#87);
#90=DIRECTION('',(-5.351727413050E-1,-8.447426454039E-1,0.E0));
#91=VECTOR('',#90,7.788030684479E0);
#92=CARTESIAN_POINT('',(1.135134693403E2,-6.787952552492E1,3.E1));
#93=LINE('',#92,#91);
#94=DIRECTION('',(-5.765147599185E-1,-8.170867344389E-1,0.E0));
#95=VECTOR('',#94,6.939217967454E0);
#96=CARTESIAN_POINT('',(1.093455276095E2,-7.445840716781E1,3.E1));
#97=LINE('',#96,#95);
#98=DIRECTION('',(7.059367848488E-1,-7.082748448147E-1,0.E0));
#99=VECTOR('',#98,7.551799848535E0);
#100=CARTESIAN_POINT('',(1.000138727240E2,-7.477960025060E1,3.E1));
#101=LINE('',#100,#99);
#102=DIRECTION('',(5.765147599185E-1,8.170867344389E-1,0.E0));
#103=VECTOR('',#102,6.328706697628E0);
#104=CARTESIAN_POINT('',(1.000138727240E2,-7.477960025060E1,3.E1));
#105=LINE('',#104,#103);
#106=DIRECTION('',(5.129158978339E-1,8.584388631401E-1,0.E0));
#107=VECTOR('',#106,1.178058622938E1);
#108=CARTESIAN_POINT('',(1.036624655464E2,-6.960849796182E1,3.E1));
#109=LINE('',#108,#107);
#110=CARTESIAN_POINT('',(1.167834786983E2,-5.420491579771E1,0.E0));
#111=DIRECTION('',(0.E0,0.E0,1.E0));
#112=DIRECTION('',(-1.E0,0.E0,0.E0));
#113=AXIS2_PLACEMENT_3D('',#110,#111,#112);
#115=CARTESIAN_POINT('',(1.167834786983E2,-5.420491579771E1,6.25E0));
#116=DIRECTION('',(0.E0,0.E0,-1.E0));
#117=DIRECTION('',(-1.E0,0.E0,0.E0));
#118=AXIS2_PLACEMENT_3D('',#115,#116,#117);
#120=DIRECTION('',(0.E0,0.E0,1.E0));
#121=VECTOR('',#120,6.25E0);
#122=CARTESIAN_POINT('',(1.194981842040E2,-5.714266561979E1,0.E0));
#123=LINE('',#122,#121);
#124=CARTESIAN_POINT('',(1.167834786983E2,-5.420491579771E1,0.E0));
#125=DIRECTION('',(0.E0,0.E0,-1.E0));
#126=DIRECTION('',(0.E0,1.E0,0.E0));
#127=AXIS2_PLACEMENT_3D('',#124,#125,#126);
#129=DIRECTION('',(0.E0,0.E0,-1.E0));
#130=VECTOR('',#129,5.E0);
#131=CARTESIAN_POINT('',(1.167834786983E2,-5.020491579771E1,0.E0));
#132=LINE('',#131,#130);
#133=CARTESIAN_POINT('',(1.167834786983E2,-5.420491579771E1,1.875E1));
#134=DIRECTION('',(0.E0,0.E0,1.E0));
#135=DIRECTION('',(6.786763764316E-1,-7.344374555220E-1,0.E0));
#136=AXIS2_PLACEMENT_3D('',#133,#134,#135);
#138=CARTESIAN_POINT('',(1.167834786983E2,-5.420491579771E1,2.5E1));
#139=DIRECTION('',(0.E0,0.E0,1.E0));
#140=DIRECTION('',(-1.E0,0.E0,0.E0));
#141=AXIS2_PLACEMENT_3D('',#138,#139,#140);
#143=DIRECTION('',(0.E0,0.E0,1.E0));
#144=VECTOR('',#143,5.E0);
#145=CARTESIAN_POINT('',(1.167834786983E2,-5.020491579771E1,2.5E1));
#146=LINE('',#145,#144);
#147=CARTESIAN_POINT('',(1.167834786983E2,-5.420491579771E1,2.5E1));
#148=DIRECTION('',(0.E0,0.E0,-1.E0));
#149=DIRECTION('',(0.E0,1.E0,0.E0));
#150=AXIS2_PLACEMENT_3D('',#147,#148,#149);
#152=DIRECTION('',(0.E0,0.E0,1.E0));
#153=VECTOR('',#152,6.25E0);
#154=CARTESIAN_POINT('',(1.194981842040E2,-5.714266561979E1,1.875E1));
#155=LINE('',#154,#153);
#156=DIRECTION('',(0.E0,0.E0,-1.E0));
#157=VECTOR('',#156,6.25E0);
#158=CARTESIAN_POINT('',(1.127834786983E2,-5.420491579771E1,6.25E0));
#159=LINE('',#158,#157);
#160=DIRECTION('',(0.E0,0.E0,-1.E0));
#161=VECTOR('',#160,5.E0);
#162=CARTESIAN_POINT('',(1.167834786983E2,-5.820491579771E1,0.E0));
#163=LINE('',#162,#161);
#164=DIRECTION('',(0.E0,0.E0,1.E0));
#165=VECTOR('',#164,5.E0);
#166=CARTESIAN_POINT('',(1.167834786983E2,-5.820491579771E1,2.5E1));
#167=LINE('',#166,#165);
#168=DIRECTION('',(0.E0,0.E0,-1.E0));
#169=VECTOR('',#168,6.25E0);
#170=CARTESIAN_POINT('',(1.127834786983E2,-5.420491579771E1,2.5E1));
#171=LINE('',#170,#169);
#172=CARTESIAN_POINT('',(1.167834786983E2,-5.420491579771E1,6.25E0));
#173=DIRECTION('',(0.E0,0.E0,1.E0));
#174=DIRECTION('',(-1.E0,0.E0,0.E0));
#175=AXIS2_PLACEMENT_3D('',#172,#173,#174);
#177=DIRECTION('',(8.270133426867E-1,-5.621822934051E-1,0.E0));
#178=VECTOR('',#177,7.426214426229E0);
#179=CARTESIAN_POINT('',(1.073718909241E2,-6.370463926746E1,6.25E0));
#180=LINE('',#179,#178);
#181=DIRECTION('',(7.793011563975E-1,6.266495891944E-1,0.E0));
#182=VECTOR('',#181,2.994376060602E0);
#183=CARTESIAN_POINT('',(1.164758114159E2,-6.278178193996E1,6.25E0));
#184=LINE('',#183,#182);
#185=DIRECTION('',(-7.793011563975E-1,-6.266495891944E-1,0.E0));
#186=VECTOR('',#185,2.994376060602E0);
#187=CARTESIAN_POINT('',(1.188093321426E2,-6.090535741169E1,0.E0));
#188=LINE('',#187,#186);
#189=DIRECTION('',(0.E0,0.E0,-1.E0));
#190=VECTOR('',#189,6.25E0);
#191=CARTESIAN_POINT('',(1.164758114159E2,-6.278178193996E1,6.25E0));
#192=LINE('',#191,#190);
#193=DIRECTION('',(0.E0,0.E0,1.E0));
#194=VECTOR('',#193,2.5E1);
#195=CARTESIAN_POINT('',(1.035893374704E2,-8.261657922256E1,0.E0));
#196=LINE('',#195,#194);
#197=DIRECTION('',(0.E0,0.E0,-1.E0));
#198=VECTOR('',#197,6.25E0);
#199=CARTESIAN_POINT('',(1.164758114159E2,-6.278178193996E1,2.5E1));
#200=LINE('',#199,#198);
#201=CARTESIAN_POINT('',(-3.945365794301E1,2.442056364391E1,1.875E1));
#202=DIRECTION('',(0.E0,0.E0,1.E0));
#203=DIRECTION('',(8.562066271232E-1,-5.166335371133E-1,0.E0));
#204=AXIS2_PLACEMENT_3D('',#201,#202,#203);
#206=DIRECTION('',(0.E0,0.E0,1.E0));
#207=VECTOR('',#206,1.25E1);
#208=CARTESIAN_POINT('',(1.135134693403E2,-6.787952552492E1,6.25E0));
#209=LINE('',#208,#207);
#210=CARTESIAN_POINT('',(-3.945365794301E1,2.442056364391E1,6.25E0));
#211=DIRECTION('',(0.E0,0.E0,1.E0));
#212=DIRECTION('',(8.562066271232E-1,-5.166335371133E-1,0.E0));
#213=AXIS2_PLACEMENT_3D('',#210,#211,#212);
#215=DIRECTION('',(-5.351727413050E-1,-8.447426454039E-1,0.E0));
#216=VECTOR('',#215,7.788030684480E0);
#217=CARTESIAN_POINT('',(1.135134693403E2,-6.787952552492E1,0.E0));
#218=LINE('',#217,#216);
#219=CARTESIAN_POINT('',(-3.945365794301E1,2.442056364391E1,0.E0));
#220=DIRECTION('',(0.E0,0.E0,1.E0));
#221=DIRECTION('',(8.328773053615E-1,-5.534576715646E-1,0.E0));
#222=AXIS2_PLACEMENT_3D('',#219,#220,#221);
#224=DIRECTION('',(-5.765147599185E-1,-8.170867344389E-1,0.E0));
#225=VECTOR('',#224,9.984462739257E0);
#226=CARTESIAN_POINT('',(1.093455276095E2,-7.445840716781E1,0.E0));
#227=LINE('',#226,#225);
#228=CARTESIAN_POINT('',(-3.945365794301E1,2.442056364391E1,0.E0));
#229=DIRECTION('',(0.E0,0.E0,1.E0));
#230=DIRECTION('',(8.006580421018E-1,-5.991216067025E-1,0.E0));
#231=AXIS2_PLACEMENT_3D('',#228,#229,#230);
#233=DIRECTION('',(-2.205400224922E-1,9.753779259749E-1,0.E0));
#234=VECTOR('',#233,7.501789598825E0);
#235=CARTESIAN_POINT('',(3.195667881720E1,-1.285885713389E2,0.E0));
#236=LINE('',#235,#234);
#237=CARTESIAN_POINT('',(0.E0,0.E0,0.E0));
#238=DIRECTION('',(0.E0,0.E0,1.E0));
#239=DIRECTION('',(2.411824816392E-1,-9.704797836897E-1,0.E0));
#240=AXIS2_PLACEMENT_3D('',#237,#238,#239);
#242=DIRECTION('',(-7.059367848488E-1,7.082748448147E-1,0.E0));
#243=VECTOR('',#242,7.538845167909E0);
#244=CARTESIAN_POINT('',(1.023233273066E2,-8.417949090435E1,0.E0));
#245=LINE('',#244,#243);
#246=CARTESIAN_POINT('',(0.E0,0.E0,0.E0));
#247=DIRECTION('',(0.E0,0.E0,-1.E0));
#248=DIRECTION('',(7.760110334980E-1,-6.307193321037E-1,0.E0));
#249=AXIS2_PLACEMENT_3D('',#246,#247,#248);
#251=CARTESIAN_POINT('',(-3.945365794301E1,2.442056364391E1,0.E0));
#252=DIRECTION('',(0.E0,0.E0,1.E0));
#253=DIRECTION('',(8.562066271232E-1,-5.166335371133E-1,0.E0));
#254=AXIS2_PLACEMENT_3D('',#251,#252,#253);
#256=DIRECTION('',(-7.840846301019E-1,-6.206539235661E-1,0.E0));
#257=VECTOR('',#256,2.966807709048E0);
#258=CARTESIAN_POINT('',(1.187828049609E2,-6.091332056305E1,0.E0));
#259=LINE('',#258,#257);
#260=DIRECTION('',(-4.980033266345E-1,-8.671751187972E-1,0.E0));
#261=VECTOR('',#260,5.909814529606E0);
#262=CARTESIAN_POINT('',(1.164565766358E2,-6.275468140814E1,0.E0));
#263=LINE('',#262,#261);
#264=DIRECTION('',(-2.842170943040E-14,-4.831690603169E-14,-1.E0));
#265=VECTOR('',#264,5.E0);
#266=CARTESIAN_POINT('',(1.135134693403E2,-6.787952552492E1,0.E0));
#267=LINE('',#266,#265);
#268=DIRECTION('',(0.E0,0.E0,-1.E0));
#269=VECTOR('',#268,5.E0);
#270=CARTESIAN_POINT('',(1.164565766358E2,-6.275468140814E1,0.E0));
#271=LINE('',#270,#269);
#272=DIRECTION('',(-7.840846301019E-1,-6.206539235661E-1,0.E0));
#273=VECTOR('',#272,2.966807709048E0);
#274=CARTESIAN_POINT('',(1.187828049609E2,-6.091332056305E1,-5.E0));
#275=LINE('',#274,#273);
#276=CARTESIAN_POINT('',(1.167834786983E2,-5.420491579771E1,-5.E0));
#277=DIRECTION('',(0.E0,0.E0,1.E0));
#278=DIRECTION('',(0.E0,1.E0,0.E0));
#279=AXIS2_PLACEMENT_3D('',#276,#277,#278);
#281=CARTESIAN_POINT('',(1.167834786983E2,-5.420491579771E1,-5.E0));
#282=DIRECTION('',(0.E0,0.E0,1.E0));
#283=DIRECTION('',(0.E0,-1.E0,0.E0));
#284=AXIS2_PLACEMENT_3D('',#281,#282,#283);
#286=DIRECTION('',(-4.980033266345E-1,-8.671751187972E-1,0.E0));
#287=VECTOR('',#286,5.909814529606E0);
#288=CARTESIAN_POINT('',(1.164565766358E2,-6.275468140814E1,-5.E0));
#289=LINE('',#288,#287);
#290=CARTESIAN_POINT('',(1.167834786983E2,-5.420491579771E1,-5.E0));
#291=DIRECTION('',(0.E0,0.E0,-1.E0));
#292=DIRECTION('',(-9.556653310549E-1,-2.944550475364E-1,0.E0));
#293=AXIS2_PLACEMENT_3D('',#290,#291,#292);
#295=DIRECTION('',(5.129158978339E-1,8.584388631401E-1,0.E0));
#296=VECTOR('',#295,1.178058622938E1);
#297=CARTESIAN_POINT('',(1.036624655464E2,-6.960849796182E1,-5.E0));
#298=LINE('',#297,#296);
#299=DIRECTION('',(5.765147599185E-1,8.170867344389E-1,0.E0));
#300=VECTOR('',#299,7.343788288229E0);
#301=CARTESIAN_POINT('',(9.942866320454E1,-7.560900995266E1,-5.E0));
#302=LINE('',#301,#300);
#303=DIRECTION('',(-7.059367848488E-1,7.082748448147E-1,0.E0));
#304=VECTOR('',#303,7.551799848535E0);
#305=CARTESIAN_POINT('',(1.047597565094E2,-8.095775981845E1,-5.E0));
#306=LINE('',#305,#304);
#307=DIRECTION('',(-5.765147599185E-1,-8.170867344389E-1,0.E0));
#308=VECTOR('',#307,7.954299558055E0);
#309=CARTESIAN_POINT('',(1.093455276095E2,-7.445840716781E1,-5.E0));
#310=LINE('',#309,#308);
#311=DIRECTION('',(-5.351727413050E-1,-8.447426454039E-1,0.E0));
#312=VECTOR('',#311,7.788030684479E0);
#313=CARTESIAN_POINT('',(1.135134693403E2,-6.787952552492E1,-5.E0));
#314=LINE('',#313,#312);
#315=DIRECTION('',(-1.195597436179E-1,-9.928270079455E-1,0.E0));
#316=VECTOR('',#315,3.252816206284E0);
#317=CARTESIAN_POINT('',(1.100938213809E2,-5.626610113046E1,0.E0));
#318=LINE('',#317,#316);
#319=DIRECTION('',(1.195597436179E-1,9.928270079455E-1,0.E0));
#320=VECTOR('',#319,3.252816206284E0);
#321=CARTESIAN_POINT('',(1.097049155093E2,-5.949558491194E1,-5.E0));
#322=LINE('',#321,#320);
#323=DIRECTION('',(5.765147599185E-1,8.170867344389E-1,0.E0));
#324=VECTOR('',#323,9.373951469431E0);
#325=CARTESIAN_POINT('',(9.825824416554E1,-7.726782935676E1,0.E0));
#326=LINE('',#325,#324);
#327=DIRECTION('',(5.129158978339E-1,8.584388631401E-1,0.E0));
#328=VECTOR('',#327,1.178058622938E1);
#329=CARTESIAN_POINT('',(1.036624655464E2,-6.960849796182E1,0.E0));
#330=LINE('',#329,#328);
#331=DIRECTION('',(-9.875630650821E-2,-9.951116479696E-1,0.E0));
#332=VECTOR('',#331,3.169642693337E0);
#333=CARTESIAN_POINT('',(1.101138688441E2,-5.633007564880E1,0.E0));
#334=LINE('',#333,#332);
#335=CARTESIAN_POINT('',(9.942866320454E1,-7.560900995266E1,-5.E0));
#336=CARTESIAN_POINT('',(9.923504249130E1,-7.588342602541E1,-5.E0));
#337=CARTESIAN_POINT('',(9.893028373514E1,-7.631535657460E1,-4.856928779557E0));
#338=CARTESIAN_POINT('',(9.858576220106E1,-7.680364238235E1,-4.446981589888E0));
#339=CARTESIAN_POINT('',(9.834387641998E1,-7.714646389656E1,-3.859006429138E0));
#340=CARTESIAN_POINT('',(9.825824416554E1,-7.726782935676E1,-3.335846931767E0));
#341=CARTESIAN_POINT('',(9.825824416554E1,-7.726782935676E1,-3.E0));
#343=DIRECTION('',(5.684341886081E-14,9.947598300641E-14,1.E0));
#344=VECTOR('',#343,2.E0);
#345=CARTESIAN_POINT('',(9.825824416554E1,-7.726782935676E1,-2.E0));
#346=LINE('',#345,#344);
#347=DIRECTION('',(0.E0,1.421085471520E-14,-1.E0));
#348=VECTOR('',#347,1.E0);
#349=CARTESIAN_POINT('',(9.825824416554E1,-7.726782935676E1,-2.E0));
#350=LINE('',#349,#348);
#351=DIRECTION('',(-7.059367848488E-1,7.082748448147E-1,0.E0));
#352=VECTOR('',#351,7.551799848535E0);
#353=CARTESIAN_POINT('',(1.035893374704E2,-8.261657922256E1,-3.E0));
#354=LINE('',#353,#352);
#355=DIRECTION('',(-7.059367848488E-1,7.082748448147E-1,0.E0));
#356=VECTOR('',#355,7.551799848535E0);
#357=CARTESIAN_POINT('',(1.035893374704E2,-8.261657922256E1,-2.E0));
#358=LINE('',#357,#356);
#359=DIRECTION('',(0.E0,0.E0,-1.E0));
#360=VECTOR('',#359,1.E0);
#361=CARTESIAN_POINT('',(1.035893374704E2,-8.261657922256E1,-2.E0));
#362=LINE('',#361,#360);
#363=CARTESIAN_POINT('',(1.023233273066E2,-8.417949090435E1,0.E0));
#364=CARTESIAN_POINT('',(1.024569632871E2,-8.401705135961E1,0.E0));
#365=CARTESIAN_POINT('',(1.027234350277E2,-8.369152451521E1,
-6.570949767651E-2));
#366=CARTESIAN_POINT('',(1.030848075532E2,-8.324578932923E1,
-3.579109099725E-1));
#367=CARTESIAN_POINT('',(1.033652254935E2,-8.289707874116E1,
-8.028633517630E-1));
#368=CARTESIAN_POINT('',(1.035487390562E2,-8.266752870430E1,-1.375223516081E0));
#369=CARTESIAN_POINT('',(1.035893374704E2,-8.261657922256E1,-1.792086369058E0));
#370=CARTESIAN_POINT('',(1.035893374704E2,-8.261657922256E1,-2.E0));
#372=CARTESIAN_POINT('',(9.825824416554E1,-7.726782935676E1,-2.E0));
#373=CARTESIAN_POINT('',(9.825824416554E1,-7.726782935676E1,-1.821199495805E0));
#374=CARTESIAN_POINT('',(9.822807559773E1,-7.730621024787E1,-1.479257013731E0));
#375=CARTESIAN_POINT('',(9.811953060728E1,-7.744399841775E1,-1.047833638442E0));
#376=CARTESIAN_POINT('',(9.796618646834E1,-7.763795244707E1,
-6.912006075344E-1));
#377=CARTESIAN_POINT('',(9.777392243947E1,-7.788003319615E1,
-3.995455980103E-1));
#378=CARTESIAN_POINT('',(9.753837297878E1,-7.817493054254E1,
-1.717487968515E-1));
#379=CARTESIAN_POINT('',(9.727622307323E1,-7.850094423798E1,
-3.145188809658E-2));
#380=CARTESIAN_POINT('',(9.709304408208E1,-7.872713580981E1,0.E0));
#381=CARTESIAN_POINT('',(9.700137918725E1,-7.883991651297E1,0.E0));
#383=DIRECTION('',(0.E0,0.E0,1.E0));
#384=VECTOR('',#383,1.932387641216E1);
#385=CARTESIAN_POINT('',(4.632871450636E1,-1.241366191427E2,2.838061793919E0));
#386=LINE('',#385,#384);
#387=CARTESIAN_POINT('',(4.632871450636E1,-1.241366191427E2,2.216193820608E1));
#388=CARTESIAN_POINT('',(4.471983797124E1,-1.247370638962E2,2.210034172065E1));
#389=CARTESIAN_POINT('',(4.150699102270E1,-1.258648578759E2,2.197852389394E1));
#390=CARTESIAN_POINT('',(3.671168831920E1,-1.273449976518E2,2.183627636605E1));
#391=CARTESIAN_POINT('',(3.353696935938E1,-1.281958394128E2,2.178386400997E1));
#392=CARTESIAN_POINT('',(3.195667881720E1,-1.285885713389E2,2.176988609443E1));
#394=DIRECTION('',(0.E0,0.E0,1.E0));
#395=VECTOR('',#394,3.230113905568E0);
#396=CARTESIAN_POINT('',(3.195667881720E1,-1.285885713389E2,2.176988609443E1));
#397=LINE('',#396,#395);
#398=DIRECTION('',(0.E0,0.E0,1.E0));
#399=VECTOR('',#398,3.230113905568E0);
#400=CARTESIAN_POINT('',(3.195667881720E1,-1.285885713389E2,0.E0));
#401=LINE('',#400,#399);
#402=CARTESIAN_POINT('',(3.195667881720E1,-1.285885713389E2,3.230113905568E0));
#403=CARTESIAN_POINT('',(3.353696935938E1,-1.281958394128E2,3.216135990027E0));
#404=CARTESIAN_POINT('',(3.671168831920E1,-1.273449976518E2,3.163723633953E0));
#405=CARTESIAN_POINT('',(4.150699102270E1,-1.258648578759E2,3.021476106064E0));
#406=CARTESIAN_POINT('',(4.471983797124E1,-1.247370638962E2,2.899658279349E0));
#407=CARTESIAN_POINT('',(4.632871450636E1,-1.241366191427E2,2.838061793919E0));
#409=CARTESIAN_POINT('',(4.632871450636E1,-1.241366191427E2,2.838061793919E0));
#410=CARTESIAN_POINT('',(4.596248181197E1,-1.246061260973E2,2.938706983565E0));
#411=CARTESIAN_POINT('',(4.538343689055E1,-1.253484563747E2,3.139997362859E0));
#412=CARTESIAN_POINT('',(4.447160917849E1,-1.265174111370E2,3.542578121445E0));
#413=CARTESIAN_POINT('',(4.360990317822E1,-1.276221103245E2,4.045804069679E0));
#414=CARTESIAN_POINT('',(4.279260972438E1,-1.286698730349E2,4.649675207559E0));
#415=CARTESIAN_POINT('',(4.190022809283E1,-1.298138981003E2,5.454836724732E0));
#416=CARTESIAN_POINT('',(4.104720140820E1,-1.309074704848E2,6.461288621199E0));
#417=CARTESIAN_POINT('',(4.029565190958E1,-1.318709500478E2,7.669030896959E0));
#418=CARTESIAN_POINT('',(3.975303613982E1,-1.325665784869E2,8.876773172719E0));
#419=CARTESIAN_POINT('',(3.926131615703E1,-1.331969589941E2,1.048709620707E1));
#420=CARTESIAN_POINT('',(3.902954165424E1,-1.334940917805E2,1.25E1));
#421=CARTESIAN_POINT('',(3.926131615703E1,-1.331969589941E2,1.451290379293E1));
#422=CARTESIAN_POINT('',(3.975303613982E1,-1.325665784869E2,1.612322682728E1));
#423=CARTESIAN_POINT('',(4.029565190958E1,-1.318709500478E2,1.733096910304E1));
#424=CARTESIAN_POINT('',(4.104720140820E1,-1.309074704848E2,1.853871137880E1));
#425=CARTESIAN_POINT('',(4.190022809283E1,-1.298138981003E2,1.954516327527E1));
#426=CARTESIAN_POINT('',(4.279260972438E1,-1.286698730349E2,2.035032479244E1));
#427=CARTESIAN_POINT('',(4.360990317822E1,-1.276221103245E2,2.095419593032E1));
#428=CARTESIAN_POINT('',(4.447160917849E1,-1.265174111370E2,2.145742187855E1));
#429=CARTESIAN_POINT('',(4.538343689055E1,-1.253484563747E2,2.186000263714E1));
#430=CARTESIAN_POINT('',(4.596248181197E1,-1.246061260973E2,2.206129301643E1));
#431=CARTESIAN_POINT('',(4.632871450636E1,-1.241366191427E2,2.216193820608E1));
#433=CARTESIAN_POINT('',(3.112945639377E1,-1.249300313489E2,1.25E1));
#434=DIRECTION('',(-9.753779259749E-1,-2.205400224922E-1,0.E0));
#435=DIRECTION('',(8.272224234284E-2,-3.658539990001E-1,-9.269886094432E-1));
#436=AXIS2_PLACEMENT_3D('',#433,#434,#435);
#438=CARTESIAN_POINT('',(3.112945639377E1,-1.249300313489E2,1.25E1));
#439=DIRECTION('',(-9.753779259749E-1,-2.205400224922E-1,0.E0));
#440=DIRECTION('',(-8.272224234285E-2,3.658539990001E-1,9.269886094432E-1));
#441=AXIS2_PLACEMENT_3D('',#438,#439,#440);
#443=CARTESIAN_POINT('',(3.112945639377E1,-1.249300313489E2,1.25E1));
#444=DIRECTION('',(-9.753779259749E-1,-2.205400224922E-1,0.E0));
#445=DIRECTION('',(-7.929528898599E-2,3.506976812494E-1,-9.331256043593E-1));
#446=AXIS2_PLACEMENT_3D('',#443,#444,#445);
#448=CARTESIAN_POINT('',(3.112945639377E1,-1.249300313489E2,1.25E1));
#449=DIRECTION('',(-9.753779259749E-1,-2.205400224922E-1,0.E0));
#450=DIRECTION('',(-7.929528898598E-2,3.506976812494E-1,9.331256043593E-1));
#451=AXIS2_PLACEMENT_3D('',#448,#449,#450);
#453=DIRECTION('',(0.E0,0.E0,1.E0));
#454=VECTOR('',#453,1.732661545185E1);
#455=CARTESIAN_POINT('',(4.465859246212E1,-1.167502039369E2,3.836692274074E0));
#456=LINE('',#455,#454);
#457=CARTESIAN_POINT('',(4.465859246212E1,-1.167502039369E2,3.836692274074E0));
#458=CARTESIAN_POINT('',(4.322121884184E1,-1.173000195309E2,3.710269742327E0));
#459=CARTESIAN_POINT('',(4.024181564394E1,-1.183788745616E2,3.504376770520E0));
#460=CARTESIAN_POINT('',(3.545552989348E1,-1.199031353554E2,3.310471572844E0));
#461=CARTESIAN_POINT('',(3.205507287070E1,-1.208335076755E2,3.246553501042E0));
#462=CARTESIAN_POINT('',(3.030223397034E1,-1.212714913589E2,3.230113905568E0));
#464=DIRECTION('',(-1.209859825669E-14,0.E0,1.E0));
#465=VECTOR('',#464,3.230113905568E0);
#466=CARTESIAN_POINT('',(3.030223397034E1,-1.212714913589E2,0.E0));
#467=LINE('',#466,#465);
#468=DIRECTION('',(0.E0,0.E0,1.E0));
#469=VECTOR('',#468,2.5E1);
#470=CARTESIAN_POINT('',(9.825824416554E1,-7.726782935676E1,0.E0));
#471=LINE('',#470,#469);
#472=DIRECTION('',(1.099872568790E-14,0.E0,1.E0));
#473=VECTOR('',#472,3.230113905568E0);
#474=CARTESIAN_POINT('',(3.030223397034E1,-1.212714913589E2,2.176988609443E1));
#475=LINE('',#474,#473);
#476=CARTESIAN_POINT('',(3.030223397034E1,-1.212714913589E2,2.176988609443E1));
#477=CARTESIAN_POINT('',(3.205507287070E1,-1.208335076755E2,2.175344649896E1));
#478=CARTESIAN_POINT('',(3.545552989348E1,-1.199031353554E2,2.168952842716E1));
#479=CARTESIAN_POINT('',(4.024181564394E1,-1.183788745616E2,2.149562322948E1));
#480=CARTESIAN_POINT('',(4.322121884184E1,-1.173000195309E2,2.128973025767E1));
#481=CARTESIAN_POINT('',(4.465859246212E1,-1.167502039369E2,2.116330772593E1));
#483=CARTESIAN_POINT('',(4.465859246212E1,-1.167502039369E2,2.116330772593E1));
#484=CARTESIAN_POINT('',(4.346323759634E1,-1.163785735987E2,2.080233657068E1));
#485=CARTESIAN_POINT('',(4.161724321763E1,-1.158046624239E2,2.008039426018E1));
#486=CARTESIAN_POINT('',(3.892749658522E1,-1.149684325483E2,1.863650963920E1));
#487=CARTESIAN_POINT('',(3.679211310831E1,-1.143045516319E2,1.683165386296E1));
#488=CARTESIAN_POINT('',(3.539660777018E1,-1.138706954311E2,1.466582693148E1));
#489=CARTESIAN_POINT('',(3.495545297779E1,-1.137335424321E2,1.25E1));
#490=CARTESIAN_POINT('',(3.539660777018E1,-1.138706954311E2,1.033417306852E1));
#491=CARTESIAN_POINT('',(3.679211310831E1,-1.143045516319E2,8.168346137037E0));
#492=CARTESIAN_POINT('',(3.892749658522E1,-1.149684325483E2,6.363490360803E0));
#493=CARTESIAN_POINT('',(4.161724321763E1,-1.158046624239E2,4.919605739815E0));
#494=CARTESIAN_POINT('',(4.346323759634E1,-1.163785735987E2,4.197663429321E0));
#495=CARTESIAN_POINT('',(4.465859246212E1,-1.167502039369E2,3.836692274074E0));
#497=DIRECTION('',(0.E0,0.E0,1.E0));
#498=VECTOR('',#497,6.25E0);
#499=CARTESIAN_POINT('',(1.098008466388E2,-5.948422401284E1,1.875E1));
#500=LINE('',#499,#498);
#501=CARTESIAN_POINT('',(-2.386023257538E1,1.463193705688E1,2.5E1));
#502=DIRECTION('',(0.E0,0.E0,1.E0));
#503=DIRECTION('',(8.343823639314E-1,-5.511860582057E-1,0.E0));
#504=AXIS2_PLACEMENT_3D('',#501,#502,#503);
#506=CARTESIAN_POINT('',(-2.386023257538E1,1.463193705688E1,2.5E1));
#507=DIRECTION('',(0.E0,0.E0,1.E0));
#508=DIRECTION('',(7.990224862201E-1,-6.013011446144E-1,0.E0));
#509=AXIS2_PLACEMENT_3D('',#506,#507,#508);
#511=CARTESIAN_POINT('',(-2.386023257538E1,1.463193705688E1,0.E0));
#512=DIRECTION('',(0.E0,0.E0,1.E0));
#513=DIRECTION('',(7.990224862202E-1,-6.013011446144E-1,0.E0));
#514=AXIS2_PLACEMENT_3D('',#511,#512,#513);
#516=CARTESIAN_POINT('',(-2.386023257538E1,1.463193705688E1,0.E0));
#517=DIRECTION('',(0.E0,0.E0,1.E0));
#518=DIRECTION('',(8.343823639314E-1,-5.511860582057E-1,0.E0));
#519=AXIS2_PLACEMENT_3D('',#516,#517,#518);
#521=DIRECTION('',(0.E0,0.E0,1.E0));
#522=VECTOR('',#521,6.25E0);
#523=CARTESIAN_POINT('',(1.098008466388E2,-5.948422401284E1,0.E0));
#524=LINE('',#523,#522);
#525=CARTESIAN_POINT('',(-2.386023257538E1,1.463193705688E1,6.25E0));
#526=DIRECTION('',(0.E0,0.E0,1.E0));
#527=DIRECTION('',(8.586531734503E-1,-5.125570482626E-1,0.E0));
#528=AXIS2_PLACEMENT_3D('',#525,#526,#527);
#530=DIRECTION('',(0.E0,0.E0,1.E0));
#531=VECTOR('',#530,1.25E1);
#532=CARTESIAN_POINT('',(1.073718909241E2,-6.370463926746E1,6.25E0));
#533=LINE('',#532,#531);
#534=CARTESIAN_POINT('',(-2.386023257538E1,1.463193705688E1,1.875E1));
#535=DIRECTION('',(0.E0,0.E0,1.E0));
#536=DIRECTION('',(8.586531734503E-1,-5.125570482626E-1,0.E0));
#537=AXIS2_PLACEMENT_3D('',#534,#535,#536);
#539=DIRECTION('',(9.875630650821E-2,9.951116479696E-1,0.E0));
#540=VECTOR('',#539,3.169642693337E0);
#541=CARTESIAN_POINT('',(1.098008466388E2,-5.948422401284E1,1.875E1));
#542=LINE('',#541,#540);
#543=DIRECTION('',(5.765147599185E-1,8.170867344389E-1,0.E0));
#544=VECTOR('',#543,9.373951469431E0);
#545=CARTESIAN_POINT('',(9.825824416554E1,-7.726782935676E1,2.5E1));
#546=LINE('',#545,#544);
#547=DIRECTION('',(9.875630650821E-2,9.951116479696E-1,0.E0));
#548=VECTOR('',#547,3.169642693337E0);
#549=CARTESIAN_POINT('',(1.098008466388E2,-5.948422401284E1,2.5E1));
#550=LINE('',#549,#548);
#551=DIRECTION('',(5.129158978339E-1,8.584388631401E-1,0.E0));
#552=VECTOR('',#551,1.178058622938E1);
#553=CARTESIAN_POINT('',(1.036624655464E2,-6.960849796182E1,2.5E1));
#554=LINE('',#553,#552);
#555=CARTESIAN_POINT('',(9.825824416554E1,-7.726782935676E1,2.7E1));
#556=CARTESIAN_POINT('',(9.825824416554E1,-7.726782935676E1,2.750377039765E1));
#557=CARTESIAN_POINT('',(9.838669254721E1,-7.708578116646E1,2.828850964371E1));
#558=CARTESIAN_POINT('',(9.874952121882E1,-7.657154889514E1,2.917047238483E1));
#559=CARTESIAN_POINT('',(9.926630351994E1,-7.583912018352E1,2.978539316934E1));
#560=CARTESIAN_POINT('',(9.972344165419E1,-7.519122435973E1,3.E1));
#561=CARTESIAN_POINT('',(1.000138727240E2,-7.477960025060E1,3.E1));
#563=CARTESIAN_POINT('',(1.053449660289E2,-8.012835011640E1,3.E1));
#564=CARTESIAN_POINT('',(1.050545349591E2,-8.053997422552E1,3.E1));
#565=CARTESIAN_POINT('',(1.045973968248E2,-8.118787004931E1,2.978539316934E1));
#566=CARTESIAN_POINT('',(1.040806145237E2,-8.192029876093E1,2.917047238483E1));
#567=CARTESIAN_POINT('',(1.037177858521E2,-8.243453103226E1,2.828850964371E1));
#568=CARTESIAN_POINT('',(1.035893374704E2,-8.261657922256E1,2.750377039765E1));
#569=CARTESIAN_POINT('',(1.035893374704E2,-8.261657922256E1,2.7E1));
#571=DIRECTION('',(0.E0,0.E0,1.E0));
#572=VECTOR('',#571,5.E0);
#573=CARTESIAN_POINT('',(1.093455276095E2,-7.445840716781E1,2.5E1));
#574=LINE('',#573,#572);
#575=DIRECTION('',(-8.526512829120E-14,-1.278976924368E-13,-1.E0));
#576=VECTOR('',#575,2.E0);
#577=CARTESIAN_POINT('',(1.035893374704E2,-8.261657922256E1,2.7E1));
#578=LINE('',#577,#576);
#579=DIRECTION('',(0.E0,0.E0,1.E0));
#580=VECTOR('',#579,5.E0);
#581=CARTESIAN_POINT('',(1.135134693403E2,-6.787952552492E1,2.5E1));
#582=LINE('',#581,#580);
#583=DIRECTION('',(0.E0,0.E0,-1.E0));
#584=VECTOR('',#583,5.E0);
#585=CARTESIAN_POINT('',(1.164565766358E2,-6.275468140814E1,3.E1));
#586=LINE('',#585,#584);
#587=DIRECTION('',(7.840846301019E-1,6.206539235661E-1,0.E0));
#588=VECTOR('',#587,2.966807709048E0);
#589=CARTESIAN_POINT('',(1.164565766358E2,-6.275468140814E1,3.E1));
#590=LINE('',#589,#588);
#591=DIRECTION('',(-5.351727413050E-1,-8.447426454039E-1,0.E0));
#592=VECTOR('',#591,7.788030684480E0);
#593=CARTESIAN_POINT('',(1.135134693403E2,-6.787952552492E1,2.5E1));
#594=LINE('',#593,#592);
#595=CARTESIAN_POINT('',(-3.945365794301E1,2.442056364391E1,2.5E1));
#596=DIRECTION('',(0.E0,0.E0,1.E0));
#597=DIRECTION('',(8.328773053615E-1,-5.534576715646E-1,0.E0));
#598=AXIS2_PLACEMENT_3D('',#595,#596,#597);
#600=DIRECTION('',(-5.765147599185E-1,-8.170867344389E-1,0.E0));
#601=VECTOR('',#600,9.984462739257E0);
#602=CARTESIAN_POINT('',(1.093455276095E2,-7.445840716781E1,2.5E1));
#603=LINE('',#602,#601);
#604=CARTESIAN_POINT('',(-3.945365794301E1,2.442056364391E1,2.5E1));
#605=DIRECTION('',(0.E0,0.E0,1.E0));
#606=DIRECTION('',(8.006580421018E-1,-5.991216067025E-1,0.E0));
#607=AXIS2_PLACEMENT_3D('',#604,#605,#606);
#609=DIRECTION('',(-2.205400224922E-1,9.753779259749E-1,0.E0));
#610=VECTOR('',#609,7.501789598825E0);
#611=CARTESIAN_POINT('',(3.195667881720E1,-1.285885713389E2,2.5E1));
#612=LINE('',#611,#610);
#613=CARTESIAN_POINT('',(0.E0,0.E0,2.5E1));
#614=DIRECTION('',(0.E0,0.E0,-1.E0));
#615=DIRECTION('',(7.860659533243E-1,-6.181426348541E-1,0.E0));
#616=AXIS2_PLACEMENT_3D('',#613,#614,#615);
#618=DIRECTION('',(5.765147599185E-1,8.170867344389E-1,-1.049978753934E-14));
#619=VECTOR('',#618,2.030163181202E0);
#620=CARTESIAN_POINT('',(9.708782512653E1,-7.892664876087E1,2.5E1));
#621=LINE('',#620,#619);
#622=DIRECTION('',(7.059367848488E-1,-7.082748448147E-1,0.E0));
#623=VECTOR('',#622,7.416389530046E0);
#624=CARTESIAN_POINT('',(9.708782512653E1,-7.892664876087E1,2.5E1));
#625=LINE('',#624,#623);
#626=CARTESIAN_POINT('',(0.E0,0.E0,2.5E1));
#627=DIRECTION('',(0.E0,0.E0,1.E0));
#628=DIRECTION('',(2.411824816392E-1,-9.704797836897E-1,0.E0));
#629=AXIS2_PLACEMENT_3D('',#626,#627,#628);
#631=DIRECTION('',(7.840846301019E-1,6.206539235661E-1,0.E0));
#632=VECTOR('',#631,2.966807709048E0);
#633=CARTESIAN_POINT('',(1.164565766358E2,-6.275468140814E1,2.5E1));
#634=LINE('',#633,#632);
#635=CARTESIAN_POINT('',(-3.945365794301E1,2.442056364391E1,2.5E1));
#636=DIRECTION('',(0.E0,0.E0,1.E0));
#637=DIRECTION('',(8.562066271232E-1,-5.166335371133E-1,0.E0));
#638=AXIS2_PLACEMENT_3D('',#635,#636,#637);
#640=DIRECTION('',(-4.980033266345E-1,-8.671751187972E-1,0.E0));
#641=VECTOR('',#640,5.909814529606E0);
#642=CARTESIAN_POINT('',(1.164565766358E2,-6.275468140814E1,2.5E1));
#643=LINE('',#642,#641);
#644=DIRECTION('',(7.059367848488E-1,-7.082748448147E-1,3.104943291715E-14));
#645=VECTOR('',#644,7.551799848535E0);
#646=CARTESIAN_POINT('',(9.825824416554E1,-7.726782935676E1,2.7E1));
#647=LINE('',#646,#645);
#648=CARTESIAN_POINT('',(1.035893374704E2,-8.261657922256E1,2.7E1));
#649=CARTESIAN_POINT('',(1.035893374704E2,-8.261657922256E1,2.682119321214E1));
#650=CARTESIAN_POINT('',(1.035589266885E2,-8.265472564539E1,2.647926956450E1));
#651=CARTESIAN_POINT('',(1.034495832082E2,-8.279159903415E1,2.604800159554E1));
#652=CARTESIAN_POINT('',(1.032951464219E2,-8.298426365250E1,2.569145812145E1));
#653=CARTESIAN_POINT('',(1.031014925234E2,-8.322482594463E1,2.539977147108E1));
#654=CARTESIAN_POINT('',(1.028642013289E2,-8.351802203378E1,2.517186133830E1));
#655=CARTESIAN_POINT('',(1.026001153901E2,-8.384228113517E1,2.503146969871E1));
#656=CARTESIAN_POINT('',(1.024156309838E2,-8.406729232398E1,2.5E1));
#657=CARTESIAN_POINT('',(1.023233273066E2,-8.417949090435E1,2.5E1));
#659=CARTESIAN_POINT('',(9.708782512653E1,-7.892664876087E1,2.5E1));
#660=CARTESIAN_POINT('',(9.728144583977E1,-7.865223268812E1,2.5E1));
#661=CARTESIAN_POINT('',(9.758620459594E1,-7.822030213893E1,2.514307122044E1));
#662=CARTESIAN_POINT('',(9.793072613002E1,-7.773201633118E1,2.555301841011E1));
#663=CARTESIAN_POINT('',(9.817261191109E1,-7.738919481696E1,2.614099357086E1));
#664=CARTESIAN_POINT('',(9.825824416554E1,-7.726782935676E1,2.666415306823E1));
#665=CARTESIAN_POINT('',(9.825824416554E1,-7.726782935676E1,2.7E1));
#667=DIRECTION('',(7.793011563975E-1,6.266495891944E-1,0.E0));
#668=VECTOR('',#667,2.994376060602E0);
#669=CARTESIAN_POINT('',(1.164758114159E2,-6.278178193996E1,2.5E1));
#670=LINE('',#669,#668);
#671=DIRECTION('',(-7.793011563975E-1,-6.266495891944E-1,0.E0));
#672=VECTOR('',#671,2.994376060602E0);
#673=CARTESIAN_POINT('',(1.188093321426E2,-6.090535741169E1,1.875E1));
#674=LINE('',#673,#672);
#675=CARTESIAN_POINT('',(1.167834786983E2,-5.420491579771E1,1.875E1));
#676=DIRECTION('',(0.E0,0.E0,1.E0));
#677=DIRECTION('',(-1.E0,0.E0,0.E0));
#678=AXIS2_PLACEMENT_3D('',#675,#676,#677);
#680=DIRECTION('',(8.270133426867E-1,-5.621822934051E-1,0.E0));
#681=VECTOR('',#680,7.426214426229E0);
#682=CARTESIAN_POINT('',(1.073718909241E2,-6.370463926746E1,1.875E1));
#683=LINE('',#682,#681);
#684=DIRECTION('',(0.E0,0.E0,-1.E0));
#685=VECTOR('',#684,5.E0);
#686=CARTESIAN_POINT('',(1.097049155093E2,-5.949558491194E1,3.E1));
#687=LINE('',#686,#685);
#688=DIRECTION('',(-1.421085471520E-14,-2.273736754432E-14,1.E0));
#689=VECTOR('',#688,5.E0);
#690=CARTESIAN_POINT('',(1.036624655464E2,-6.960849796182E1,2.5E1));
#691=LINE('',#690,#689);
#692=DIRECTION('',(-9.875630650821E-2,-9.951116479696E-1,0.E0));
#693=VECTOR('',#692,3.169642693337E0);
#694=CARTESIAN_POINT('',(1.101138688441E2,-5.633007564880E1,6.25E0));
#695=LINE('',#694,#693);
#696=CARTESIAN_POINT('',(2.293628181558E1,-1.267825675378E2,1.25E1));
#697=DIRECTION('',(-9.753779259749E-1,-2.205400224922E-1,0.E0));
#698=DIRECTION('',(-7.929528898598E-2,3.506976812494E-1,-9.331256043593E-1));
#699=AXIS2_PLACEMENT_3D('',#696,#697,#698);
#701=DIRECTION('',(-9.753779259749E-1,-2.205400224923E-1,0.E0));
#702=VECTOR('',#701,1.05E1);
#703=CARTESIAN_POINT('',(2.328914585157E1,-1.283431722194E2,8.347591060601E0));
#704=LINE('',#703,#702);
#705=CARTESIAN_POINT('',(1.300276259447E1,-1.309136300733E2,8.447591060601E0));
#706=CARTESIAN_POINT('',(1.302004843281E1,-1.308298905928E2,8.412262928550E0));
#707=CARTESIAN_POINT('',(1.303506218186E1,-1.307449830158E2,8.378893330205E0));
#708=CARTESIAN_POINT('',(1.304767762883E1,-1.306588424555E2,8.347591060601E0));
#710=CARTESIAN_POINT('',(1.304767762883E1,-1.306588424555E2,1.665240893940E1));
#711=CARTESIAN_POINT('',(1.303506218186E1,-1.307449830158E2,1.662110666980E1));
#712=CARTESIAN_POINT('',(1.302004843281E1,-1.308298905928E2,1.658773707145E1));
#713=CARTESIAN_POINT('',(1.300276259447E1,-1.309136300733E2,1.655240893940E1));
#715=CARTESIAN_POINT('',(2.293628181558E1,-1.267825675378E2,1.25E1));
#716=DIRECTION('',(-9.753779259749E-1,-2.205400224922E-1,0.E0));
#717=DIRECTION('',(7.929528898598E-2,-3.506976812494E-1,9.331256043593E-1));
#718=AXIS2_PLACEMENT_3D('',#715,#716,#717);
#720=DIRECTION('',(-9.753779259749E-1,-2.205400224922E-1,0.E0));
#721=VECTOR('',#720,8.4E0);
#722=CARTESIAN_POINT('',(3.077659235778E1,-1.233694266673E2,1.665240893940E1));
#723=LINE('',#722,#721);
#724=DIRECTION('',(-9.753779259749E-1,-2.205400224923E-1,0.E0));
#725=VECTOR('',#724,1.05E1);
#726=CARTESIAN_POINT('',(2.258341777959E1,-1.252219628563E2,1.665240893940E1));
#727=LINE('',#726,#725);
#728=CARTESIAN_POINT('',(1.219178900602E1,-1.273269534792E2,1.655240893940E1));
#729=CARTESIAN_POINT('',(1.224341972802E1,-1.273951104256E2,1.658773707145E1));
#730=CARTESIAN_POINT('',(1.229350191822E1,-1.274652993386E2,1.662110666980E1));
#731=CARTESIAN_POINT('',(1.234194955686E1,-1.275376330924E2,1.665240893940E1));
#733=CARTESIAN_POINT('',(1.234194955686E1,-1.275376330924E2,8.347591060601E0));
#734=CARTESIAN_POINT('',(1.229350191822E1,-1.274652993386E2,8.378893330205E0));
#735=CARTESIAN_POINT('',(1.224341972802E1,-1.273951104256E2,8.412262928550E0));
#736=CARTESIAN_POINT('',(1.219178900602E1,-1.273269534792E2,8.447591060601E0));
#738=DIRECTION('',(-9.753779259749E-1,-2.205400224923E-1,0.E0));
#739=VECTOR('',#738,8.4E0);
#740=CARTESIAN_POINT('',(3.077659235778E1,-1.233694266673E2,8.347591060601E0));
#741=LINE('',#740,#739);
#742=DIRECTION('',(9.753779259749E-1,2.205400224922E-1,0.E0));
#743=VECTOR('',#742,9.1E0);
#744=CARTESIAN_POINT('',(1.370747865322E1,-1.272288770609E2,1.805240893940E1));
#745=LINE('',#744,#743);
#746=DIRECTION('',(6.896963456765E-1,1.559453454273E-1,7.071067811865E-1));
#747=VECTOR('',#746,1.979898987322E0);
#748=CARTESIAN_POINT('',(1.234194955686E1,-1.275376330924E2,1.665240893940E1));
#749=LINE('',#748,#747);
#750=DIRECTION('',(0.E0,1.015061051086E-14,-1.E0));
#751=VECTOR('',#750,1.4E0);
#752=CARTESIAN_POINT('',(2.258341777959E1,-1.252219628563E2,1.805240893940E1));
#753=LINE('',#752,#751);
#754=CARTESIAN_POINT('',(2.269368779084E1,-1.257096518192E2,1.805240893940E1));
#755=DIRECTION('',(9.753779259749E-1,2.205400224922E-1,0.E0));
#756=DIRECTION('',(-2.205400224923E-1,9.753779259749E-1,1.421085471520E-13));
#757=AXIS2_PLACEMENT_3D('',#754,#755,#756);
#759=CARTESIAN_POINT('',(2.317887584032E1,-1.278554832564E2,1.805240893940E1));
#760=DIRECTION('',(9.753779259749E-1,2.205400224922E-1,0.E0));
#761=DIRECTION('',(0.E0,2.842170943040E-14,1.E0));
#762=AXIS2_PLACEMENT_3D('',#759,#760,#761);
#764=CARTESIAN_POINT('',(2.269368779084E1,-1.257096518192E2,6.947591060601E0));
#765=DIRECTION('',(9.753779259749E-1,2.205400224922E-1,0.E0));
#766=DIRECTION('',(0.E0,2.842170943040E-14,-1.E0));
#767=AXIS2_PLACEMENT_3D('',#764,#765,#766);
#769=CARTESIAN_POINT('',(2.317887584032E1,-1.278554832564E2,6.947591060601E0));
#770=DIRECTION('',(9.753779259749E-1,2.205400224922E-1,0.E0));
#771=DIRECTION('',(2.205400224923E-1,-9.753779259749E-1,0.E0));
#772=AXIS2_PLACEMENT_3D('',#769,#770,#771);
#774=DIRECTION('',(9.753779259749E-1,2.205400224923E-1,0.E0));
#775=VECTOR('',#774,9.1E0);
#776=CARTESIAN_POINT('',(1.441320672520E1,-1.303500864241E2,1.805240893940E1));
#777=LINE('',#776,#775);
#778=DIRECTION('',(0.E0,0.E0,1.E0));
#779=VECTOR('',#778,1.4E0);
#780=CARTESIAN_POINT('',(2.328914585157E1,-1.283431722194E2,1.665240893940E1));
#781=LINE('',#780,#779);
#782=DIRECTION('',(-9.753779259749E-1,-2.205400224923E-1,0.E0));
#783=VECTOR('',#782,1.05E1);
#784=CARTESIAN_POINT('',(2.328914585157E1,-1.283431722194E2,1.665240893940E1));
#785=LINE('',#784,#783);
#786=DIRECTION('',(-6.896963456765E-1,-1.559453454273E-1,-7.071067811865E-1));
#787=VECTOR('',#786,1.979898987322E0);
#788=CARTESIAN_POINT('',(1.441320672520E1,-1.303500864241E2,1.805240893940E1));
#789=LINE('',#788,#787);
#790=CARTESIAN_POINT('',(1.430543762746E1,-1.276062960127E2,1.855240893940E1));
#791=CARTESIAN_POINT('',(1.426106840134E1,-1.274100651279E2,1.855240893940E1));
#792=CARTESIAN_POINT('',(1.407261420803E1,-1.272580578356E2,1.840211857086E1));
#793=CARTESIAN_POINT('',(1.384623484253E1,-1.271975032803E2,1.819466783783E1));
#794=CARTESIAN_POINT('',(1.370747865322E1,-1.272288770609E2,1.805240893940E1));
#796=CARTESIAN_POINT('',(1.441320672520E1,-1.303500864241E2,1.805240893940E1));
#797=CARTESIAN_POINT('',(1.455196291450E1,-1.303187126434E2,1.819466783783E1));
#798=CARTESIAN_POINT('',(1.473026928044E1,-1.301666557095E2,1.840211857086E1));
#799=CARTESIAN_POINT('',(1.483499490305E1,-1.299483583346E2,1.855240893940E1));
#800=CARTESIAN_POINT('',(1.479062567694E1,-1.297521274498E2,1.855240893940E1));
#802=DIRECTION('',(9.753779259749E-1,2.205400224923E-1,0.E0));
#803=VECTOR('',#802,8.6E0);
#804=CARTESIAN_POINT('',(1.430543762746E1,-1.276062960127E2,1.855240893940E1));
#805=LINE('',#804,#803);
#806=DIRECTION('',(-2.205400224923E-1,9.753779259749E-1,0.E0));
#807=VECTOR('',#806,2.2E0);
#808=CARTESIAN_POINT('',(2.317887584032E1,-1.278554832564E2,1.855240893940E1));
#809=LINE('',#808,#807);
#810=DIRECTION('',(9.753779259749E-1,2.205400224923E-1,0.E0));
#811=VECTOR('',#810,8.6E0);
#812=CARTESIAN_POINT('',(1.479062567694E1,-1.297521274498E2,1.855240893940E1));
#813=LINE('',#812,#811);
#814=DIRECTION('',(-2.205400224922E-1,9.753779259749E-1,0.E0));
#815=VECTOR('',#814,2.2E0);
#816=CARTESIAN_POINT('',(1.479062567694E1,-1.297521274498E2,1.855240893940E1));
#817=LINE('',#816,#815);
#818=DIRECTION('',(2.205400224923E-1,-9.753779259749E-1,0.E0));
#819=VECTOR('',#818,3.677217310891E0);
#820=CARTESIAN_POINT('',(1.219178900602E1,-1.273269534792E2,8.447591060601E0));
#821=LINE('',#820,#819);
#822=CARTESIAN_POINT('',(1.259727580025E1,-1.291202917762E2,1.25E1));
#823=DIRECTION('',(-9.753779259749E-1,-2.205400224922E-1,0.E0));
#824=DIRECTION('',(-9.112062791605E-2,4.029973701187E-1,9.106536942469E-1));
#825=AXIS2_PLACEMENT_3D('',#822,#823,#824);
#827=DIRECTION('',(-2.205400224922E-1,9.753779259749E-1,0.E0));
#828=VECTOR('',#827,3.677217310891E0);
#829=CARTESIAN_POINT('',(1.300276259447E1,-1.309136300733E2,1.655240893940E1));
#830=LINE('',#829,#828);
#831=CARTESIAN_POINT('',(1.259727580025E1,-1.291202917762E2,1.25E1));
#832=DIRECTION('',(-9.753779259749E-1,-2.205400224922E-1,0.E0));
#833=DIRECTION('',(9.112062791605E-2,-4.029973701187E-1,-9.106536942469E-1));
#834=AXIS2_PLACEMENT_3D('',#831,#832,#833);
#836=CARTESIAN_POINT('',(1.370747865322E1,-1.272288770609E2,6.947591060601E0));
#837=CARTESIAN_POINT('',(1.384623484253E1,-1.271975032803E2,6.805332162169E0));
#838=CARTESIAN_POINT('',(1.407261420803E1,-1.272580578356E2,6.597881429144E0));
#839=CARTESIAN_POINT('',(1.426106840134E1,-1.274100651279E2,6.447591060601E0));
#840=CARTESIAN_POINT('',(1.430543762746E1,-1.276062960127E2,6.447591060601E0));
#842=CARTESIAN_POINT('',(1.479062567694E1,-1.297521274498E2,6.447591060601E0));
#843=CARTESIAN_POINT('',(1.483499490305E1,-1.299483583346E2,6.447591060601E0));
#844=CARTESIAN_POINT('',(1.473026928044E1,-1.301666557095E2,6.597881429144E0));
#845=CARTESIAN_POINT('',(1.455196291450E1,-1.303187126434E2,6.805332162169E0));
#846=CARTESIAN_POINT('',(1.441320672520E1,-1.303500864241E2,6.947591060601E0));
#848=DIRECTION('',(9.753779259749E-1,2.205400224922E-1,0.E0));
#849=VECTOR('',#848,9.1E0);
#850=CARTESIAN_POINT('',(1.370747865322E1,-1.272288770609E2,6.947591060601E0));
#851=LINE('',#850,#849);
#852=DIRECTION('',(0.E0,-1.015061051086E-14,-1.E0));
#853=VECTOR('',#852,1.4E0);
#854=CARTESIAN_POINT('',(2.258341777959E1,-1.252219628563E2,8.347591060601E0));
#855=LINE('',#854,#853);
#856=DIRECTION('',(-9.753779259749E-1,-2.205400224922E-1,0.E0));
#857=VECTOR('',#856,1.05E1);
#858=CARTESIAN_POINT('',(2.258341777959E1,-1.252219628563E2,8.347591060601E0));
#859=LINE('',#858,#857);
#860=DIRECTION('',(-6.896963456765E-1,-1.559453454273E-1,7.071067811865E-1));
#861=VECTOR('',#860,1.979898987322E0);
#862=CARTESIAN_POINT('',(1.370747865322E1,-1.272288770609E2,6.947591060601E0));
#863=LINE('',#862,#861);
#864=DIRECTION('',(9.753779259749E-1,2.205400224923E-1,0.E0));
#865=VECTOR('',#864,8.6E0);
#866=CARTESIAN_POINT('',(1.430543762746E1,-1.276062960127E2,6.447591060601E0));
#867=LINE('',#866,#865);
#868=DIRECTION('',(2.205400224923E-1,-9.753779259749E-1,0.E0));
#869=VECTOR('',#868,2.2E0);
#870=CARTESIAN_POINT('',(1.430543762746E1,-1.276062960127E2,6.447591060601E0));
#871=LINE('',#870,#869);
#872=DIRECTION('',(9.753779259749E-1,2.205400224923E-1,0.E0));
#873=VECTOR('',#872,8.6E0);
#874=CARTESIAN_POINT('',(1.479062567694E1,-1.297521274498E2,6.447591060601E0));
#875=LINE('',#874,#873);
#876=DIRECTION('',(2.205400224922E-1,-9.753779259749E-1,0.E0));
#877=VECTOR('',#876,2.2E0);
#878=CARTESIAN_POINT('',(2.269368779084E1,-1.257096518192E2,6.447591060601E0));
#879=LINE('',#878,#877);
#880=DIRECTION('',(9.753779259749E-1,2.205400224922E-1,0.E0));
#881=VECTOR('',#880,9.1E0);
#882=CARTESIAN_POINT('',(1.441320672520E1,-1.303500864241E2,6.947591060601E0));
#883=LINE('',#882,#881);
#884=DIRECTION('',(6.896963456765E-1,1.559453454273E-1,-7.071067811865E-1));
#885=VECTOR('',#884,1.979898987322E0);
#886=CARTESIAN_POINT('',(1.304767762883E1,-1.306588424555E2,8.347591060601E0));
#887=LINE('',#886,#885);
#888=DIRECTION('',(0.E0,0.E0,1.E0));
#889=VECTOR('',#888,1.4E0);
#890=CARTESIAN_POINT('',(2.328914585157E1,-1.283431722194E2,6.947591060601E0));
#891=LINE('',#890,#889);
#892=CARTESIAN_POINT('',(1.035893374704E2,-8.261657922256E1,-3.E0));
#893=CARTESIAN_POINT('',(1.035893374704E2,-8.261657922256E1,-3.335846931767E0));
#894=CARTESIAN_POINT('',(1.036749697249E2,-8.249521376236E1,-3.859006429138E0));
#895=CARTESIAN_POINT('',(1.039168555060E2,-8.215239224814E1,-4.446981589888E0));
#896=CARTESIAN_POINT('',(1.042613770400E2,-8.166410644039E1,-4.856928779557E0));
#897=CARTESIAN_POINT('',(1.045661357962E2,-8.123217589120E1,-5.E0));
#898=CARTESIAN_POINT('',(1.047597565094E2,-8.095775981845E1,-5.E0));
#900=DIRECTION('',(-8.526512829121E-14,-1.492139745096E-13,1.E0));
#901=VECTOR('',#900,2.E0);
#902=CARTESIAN_POINT('',(1.035893374704E2,-8.261657922256E1,-2.E0));
#903=LINE('',#902,#901);
#904=DIRECTION('',(0.E0,-1.136868377216E-14,-1.E0));
#905=VECTOR('',#904,5.E0);
#906=CARTESIAN_POINT('',(1.093455276095E2,-7.445840716781E1,0.E0));
#907=LINE('',#906,#905);
#908=DIRECTION('',(0.E0,0.E0,-1.E0));
#909=VECTOR('',#908,5.E0);
#910=CARTESIAN_POINT('',(1.097049155093E2,-5.949558491194E1,0.E0));
#911=LINE('',#910,#909);
#912=DIRECTION('',(1.705302565824E-14,3.410605131648E-14,-1.E0));
#913=VECTOR('',#912,5.E0);
#914=CARTESIAN_POINT('',(1.036624655464E2,-6.960849796182E1,0.E0));
#915=LINE('',#914,#913);
#916=CARTESIAN_POINT('',(1.135134693403E2,-6.787952552492E1,6.25E0));
#917=CARTESIAN_POINT('',(1.135134693403E2,-6.787952552492E1,1.875E1));
#918=VERTEX_POINT('',#916);
#919=VERTEX_POINT('',#917);
#920=CARTESIAN_POINT('',(1.073718909241E2,-6.370463926746E1,6.25E0));
#921=CARTESIAN_POINT('',(1.073718909241E2,-6.370463926746E1,1.875E1));
#922=VERTEX_POINT('',#920);
#923=VERTEX_POINT('',#921);
#924=CARTESIAN_POINT('',(1.167834786983E2,-5.020491579771E1,-5.E0));
#925=CARTESIAN_POINT('',(1.167834786983E2,-5.820491579771E1,-5.E0));
#926=VERTEX_POINT('',#924);
#927=VERTEX_POINT('',#925);
#928=CARTESIAN_POINT('',(1.135134693403E2,-6.787952552492E1,-5.E0));
#929=CARTESIAN_POINT('',(1.093455276095E2,-7.445840716781E1,-5.E0));
#930=VERTEX_POINT('',#928);
#931=VERTEX_POINT('',#929);
#932=CARTESIAN_POINT('',(1.036624655464E2,-6.960849796182E1,0.E0));
#933=CARTESIAN_POINT('',(1.036624655464E2,-6.960849796182E1,-5.E0));
#934=VERTEX_POINT('',#932);
#935=VERTEX_POINT('',#933);
#936=CARTESIAN_POINT('',(1.135134693403E2,-6.787952552492E1,0.E0));
#937=CARTESIAN_POINT('',(1.093455276095E2,-7.445840716781E1,0.E0));
#938=VERTEX_POINT('',#936);
#939=VERTEX_POINT('',#937);
#940=CARTESIAN_POINT('',(9.825824416554E1,-7.726782935676E1,0.E0));
#941=VERTEX_POINT('',#940);
#942=CARTESIAN_POINT('',(1.035893374704E2,-8.261657922256E1,0.E0));
#943=VERTEX_POINT('',#942);
#944=CARTESIAN_POINT('',(1.167834786983E2,-5.020491579771E1,0.E0));
#945=VERTEX_POINT('',#944);
#946=CARTESIAN_POINT('',(1.167834786983E2,-5.020491579771E1,3.E1));
#947=CARTESIAN_POINT('',(1.167834786983E2,-5.820491579771E1,3.E1));
#948=VERTEX_POINT('',#946);
#949=VERTEX_POINT('',#947);
#950=CARTESIAN_POINT('',(1.135134693403E2,-6.787952552492E1,3.E1));
#951=CARTESIAN_POINT('',(1.093455276095E2,-7.445840716781E1,3.E1));
#952=VERTEX_POINT('',#950);
#953=VERTEX_POINT('',#951);
#954=CARTESIAN_POINT('',(1.036624655464E2,-6.960849796182E1,2.5E1));
#955=CARTESIAN_POINT('',(1.036624655464E2,-6.960849796182E1,3.E1));
#956=VERTEX_POINT('',#954);
#957=VERTEX_POINT('',#955);
#958=CARTESIAN_POINT('',(1.167834786983E2,-5.020491579771E1,2.5E1));
#959=VERTEX_POINT('',#958);
#960=CARTESIAN_POINT('',(1.135134693403E2,-6.787952552492E1,2.5E1));
#961=VERTEX_POINT('',#960);
#962=CARTESIAN_POINT('',(1.093455276095E2,-7.445840716781E1,2.5E1));
#963=VERTEX_POINT('',#962);
#964=CARTESIAN_POINT('',(9.825824416554E1,-7.726782935676E1,2.5E1));
#965=VERTEX_POINT('',#964);
#966=CARTESIAN_POINT('',(1.035893374704E2,-8.261657922256E1,2.5E1));
#967=VERTEX_POINT('',#966);
#968=CARTESIAN_POINT('',(9.708782512653E1,-7.892664876087E1,2.5E1));
#969=CARTESIAN_POINT('',(1.023233273066E2,-8.417949090435E1,2.5E1));
#970=VERTEX_POINT('',#968);
#971=VERTEX_POINT('',#969);
#972=CARTESIAN_POINT('',(1.023233273066E2,-8.417949090435E1,0.E0));
#973=CARTESIAN_POINT('',(9.700137918725E1,-7.883991651297E1,0.E0));
#974=VERTEX_POINT('',#972);
#975=VERTEX_POINT('',#973);
#976=CARTESIAN_POINT('',(1.035893374704E2,-8.261657922256E1,-2.E0));
#977=CARTESIAN_POINT('',(9.825824416554E1,-7.726782935676E1,-2.E0));
#978=VERTEX_POINT('',#976);
#979=VERTEX_POINT('',#977);
#980=VERTEX_POINT('',#563);
#981=VERTEX_POINT('',#569);
#982=CARTESIAN_POINT('',(9.825824416554E1,-7.726782935676E1,2.7E1));
#983=VERTEX_POINT('',#982);
#984=VERTEX_POINT('',#561);
#985=VERTEX_POINT('',#335);
#986=VERTEX_POINT('',#341);
#987=CARTESIAN_POINT('',(1.035893374704E2,-8.261657922256E1,-3.E0));
#988=VERTEX_POINT('',#987);
#989=VERTEX_POINT('',#898);
#990=CARTESIAN_POINT('',(1.127834786983E2,-5.420491579771E1,0.E0));
#991=CARTESIAN_POINT('',(1.167834786983E2,-5.820491579771E1,0.E0));
#992=VERTEX_POINT('',#990);
#993=VERTEX_POINT('',#991);
#994=CARTESIAN_POINT('',(1.127834786983E2,-5.420491579771E1,2.5E1));
#995=CARTESIAN_POINT('',(1.167834786983E2,-5.820491579771E1,2.5E1));
#996=VERTEX_POINT('',#994);
#997=VERTEX_POINT('',#995);
#998=CARTESIAN_POINT('',(1.194981842040E2,-5.714266561979E1,0.E0));
#999=CARTESIAN_POINT('',(1.194981842040E2,-5.714266561979E1,6.25E0));
#1000=VERTEX_POINT('',#998);
#1001=VERTEX_POINT('',#999);
#1002=CARTESIAN_POINT('',(1.194981842040E2,-5.714266561979E1,1.875E1));
#1003=CARTESIAN_POINT('',(1.194981842040E2,-5.714266561979E1,2.5E1));
#1004=VERTEX_POINT('',#1002);
#1005=VERTEX_POINT('',#1003);
#1006=CARTESIAN_POINT('',(1.127834786983E2,-5.420491579771E1,6.25E0));
#1007=VERTEX_POINT('',#1006);
#1008=CARTESIAN_POINT('',(1.127834786983E2,-5.420491579771E1,1.875E1));
#1009=VERTEX_POINT('',#1008);
#1010=CARTESIAN_POINT('',(3.195667881720E1,-1.285885713389E2,0.E0));
#1011=CARTESIAN_POINT('',(3.030223397034E1,-1.212714913589E2,0.E0));
#1012=VERTEX_POINT('',#1010);
#1013=VERTEX_POINT('',#1011);
#1014=CARTESIAN_POINT('',(3.195667881720E1,-1.285885713389E2,2.5E1));
#1015=CARTESIAN_POINT('',(3.030223397034E1,-1.212714913589E2,2.5E1));
#1016=VERTEX_POINT('',#1014);
#1017=VERTEX_POINT('',#1015);
#1018=CARTESIAN_POINT('',(3.077659235778E1,-1.233694266673E2,1.665240893940E1));
#1019=CARTESIAN_POINT('',(2.258341777959E1,-1.252219628563E2,1.665240893940E1));
#1020=VERTEX_POINT('',#1018);
#1021=VERTEX_POINT('',#1019);
#1022=CARTESIAN_POINT('',(3.077659235778E1,-1.233694266673E2,8.347591060601E0));
#1023=CARTESIAN_POINT('',(2.258341777959E1,-1.252219628563E2,8.347591060601E0));
#1024=VERTEX_POINT('',#1022);
#1025=VERTEX_POINT('',#1023);
#1026=CARTESIAN_POINT('',(2.328914585157E1,-1.283431722194E2,8.347591060601E0));
#1027=VERTEX_POINT('',#1026);
#1028=CARTESIAN_POINT('',(2.328914585157E1,-1.283431722194E2,1.665240893940E1));
#1029=VERTEX_POINT('',#1028);
#1030=VERTEX_POINT('',#705);
#1031=VERTEX_POINT('',#708);
#1032=VERTEX_POINT('',#733);
#1033=VERTEX_POINT('',#736);
#1034=VERTEX_POINT('',#728);
#1035=VERTEX_POINT('',#731);
#1036=VERTEX_POINT('',#710);
#1037=VERTEX_POINT('',#713);
#1038=CARTESIAN_POINT('',(2.258341777959E1,-1.252219628563E2,1.805240893940E1));
#1039=CARTESIAN_POINT('',(2.269368779084E1,-1.257096518192E2,1.855240893940E1));
#1040=VERTEX_POINT('',#1038);
#1041=VERTEX_POINT('',#1039);
#1042=CARTESIAN_POINT('',(1.430543762746E1,-1.276062960127E2,1.855240893940E1));
#1043=VERTEX_POINT('',#1042);
#1044=VERTEX_POINT('',#794);
#1045=CARTESIAN_POINT('',(2.317887584032E1,-1.278554832564E2,1.855240893940E1));
#1046=CARTESIAN_POINT('',(2.328914585157E1,-1.283431722194E2,1.805240893940E1));
#1047=VERTEX_POINT('',#1045);
#1048=VERTEX_POINT('',#1046);
#1049=CARTESIAN_POINT('',(1.441320672520E1,-1.303500864241E2,1.805240893940E1));
#1050=VERTEX_POINT('',#1049);
#1051=VERTEX_POINT('',#800);
#1052=CARTESIAN_POINT('',(2.269368779084E1,-1.257096518192E2,6.447591060601E0));
#1053=CARTESIAN_POINT('',(2.258341777959E1,-1.252219628563E2,6.947591060601E0));
#1054=VERTEX_POINT('',#1052);
#1055=VERTEX_POINT('',#1053);
#1056=CARTESIAN_POINT('',(1.370747865322E1,-1.272288770609E2,6.947591060601E0));
#1057=VERTEX_POINT('',#1056);
#1058=VERTEX_POINT('',#840);
#1059=CARTESIAN_POINT('',(2.328914585157E1,-1.283431722194E2,6.947591060601E0));
#1060=CARTESIAN_POINT('',(2.317887584032E1,-1.278554832564E2,6.447591060601E0));
#1061=VERTEX_POINT('',#1059);
#1062=VERTEX_POINT('',#1060);
#1063=CARTESIAN_POINT('',(1.479062567694E1,-1.297521274498E2,6.447591060601E0));
#1064=VERTEX_POINT('',#1063);
#1065=VERTEX_POINT('',#846);
#1066=CARTESIAN_POINT('',(3.030223397034E1,-1.212714913589E2,3.230113905568E0));
#1067=VERTEX_POINT('',#1066);
#1068=CARTESIAN_POINT('',(3.030223397034E1,-1.212714913589E2,2.176988609443E1));
#1069=VERTEX_POINT('',#1068);
#1070=CARTESIAN_POINT('',(3.195667881720E1,-1.285885713389E2,3.230113905568E0));
#1071=VERTEX_POINT('',#1070);
#1072=CARTESIAN_POINT('',(3.195667881720E1,-1.285885713389E2,2.176988609443E1));
#1073=VERTEX_POINT('',#1072);
#1074=CARTESIAN_POINT('',(4.465859246212E1,-1.167502039369E2,3.836692274074E0));
#1075=CARTESIAN_POINT('',(4.465859246212E1,-1.167502039369E2,2.116330772593E1));
#1076=VERTEX_POINT('',#1074);
#1077=VERTEX_POINT('',#1075);
#1078=CARTESIAN_POINT('',(4.632871450636E1,-1.241366191427E2,2.838061793919E0));
#1079=CARTESIAN_POINT('',(4.632871450636E1,-1.241366191427E2,2.216193820608E1));
#1080=VERTEX_POINT('',#1078);
#1081=VERTEX_POINT('',#1079);
#1082=CARTESIAN_POINT('',(1.100938213809E2,-5.626610113046E1,3.E1));
#1083=CARTESIAN_POINT('',(1.100938213809E2,-5.626610113046E1,2.5E1));
#1084=VERTEX_POINT('',#1082);
#1085=VERTEX_POINT('',#1083);
#1086=CARTESIAN_POINT('',(1.097049155093E2,-5.949558491194E1,3.E1));
#1087=CARTESIAN_POINT('',(1.097049155093E2,-5.949558491194E1,2.5E1));
#1088=VERTEX_POINT('',#1086);
#1089=VERTEX_POINT('',#1087);
#1090=CARTESIAN_POINT('',(1.101138688441E2,-5.633007564880E1,2.5E1));
#1091=VERTEX_POINT('',#1090);
#1092=CARTESIAN_POINT('',(1.098008466388E2,-5.948422401284E1,1.875E1));
#1093=CARTESIAN_POINT('',(1.098008466388E2,-5.948422401284E1,2.5E1));
#1094=VERTEX_POINT('',#1092);
#1095=VERTEX_POINT('',#1093);
#1096=CARTESIAN_POINT('',(1.101138688441E2,-5.633007564880E1,1.875E1));
#1097=VERTEX_POINT('',#1096);
#1098=CARTESIAN_POINT('',(1.100938213809E2,-5.626610113046E1,0.E0));
#1099=CARTESIAN_POINT('',(1.100938213809E2,-5.626610113046E1,-5.E0));
#1100=VERTEX_POINT('',#1098);
#1101=VERTEX_POINT('',#1099);
#1102=CARTESIAN_POINT('',(1.097049155093E2,-5.949558491194E1,0.E0));
#1103=CARTESIAN_POINT('',(1.097049155093E2,-5.949558491194E1,-5.E0));
#1104=VERTEX_POINT('',#1102);
#1105=VERTEX_POINT('',#1103);
#1106=CARTESIAN_POINT('',(1.101138688441E2,-5.633007564880E1,0.E0));
#1107=VERTEX_POINT('',#1106);
#1108=CARTESIAN_POINT('',(1.101138688441E2,-5.633007564880E1,6.25E0));
#1109=VERTEX_POINT('',#1108);
#1110=CARTESIAN_POINT('',(1.098008466388E2,-5.948422401284E1,0.E0));
#1111=CARTESIAN_POINT('',(1.098008466388E2,-5.948422401284E1,6.25E0));
#1112=VERTEX_POINT('',#1110);
#1113=VERTEX_POINT('',#1111);
#1114=CARTESIAN_POINT('',(1.164758114159E2,-6.278178193996E1,6.25E0));
#1115=CARTESIAN_POINT('',(1.164758114159E2,-6.278178193996E1,0.E0));
#1116=VERTEX_POINT('',#1114);
#1117=VERTEX_POINT('',#1115);
#1118=CARTESIAN_POINT('',(1.188093321426E2,-6.090535741169E1,6.25E0));
#1119=CARTESIAN_POINT('',(1.188093321426E2,-6.090535741169E1,0.E0));
#1120=VERTEX_POINT('',#1118);
#1121=VERTEX_POINT('',#1119);
#1122=CARTESIAN_POINT('',(1.187828049609E2,-6.091332056305E1,0.E0));
#1123=VERTEX_POINT('',#1122);
#1124=CARTESIAN_POINT('',(1.187828049609E2,-6.091332056305E1,-5.E0));
#1125=VERTEX_POINT('',#1124);
#1126=CARTESIAN_POINT('',(1.164565766358E2,-6.275468140814E1,0.E0));
#1127=CARTESIAN_POINT('',(1.164565766358E2,-6.275468140814E1,-5.E0));
#1128=VERTEX_POINT('',#1126);
#1129=VERTEX_POINT('',#1127);
#1130=CARTESIAN_POINT('',(1.164565766358E2,-6.275468140814E1,3.E1));
#1131=CARTESIAN_POINT('',(1.164565766358E2,-6.275468140814E1,2.5E1));
#1132=VERTEX_POINT('',#1130);
#1133=VERTEX_POINT('',#1131);
#1134=CARTESIAN_POINT('',(1.187828049609E2,-6.091332056305E1,3.E1));
#1135=CARTESIAN_POINT('',(1.187828049609E2,-6.091332056305E1,2.5E1));
#1136=VERTEX_POINT('',#1134);
#1137=VERTEX_POINT('',#1135);
#1138=CARTESIAN_POINT('',(1.164758114159E2,-6.278178193996E1,2.5E1));
#1139=CARTESIAN_POINT('',(1.164758114159E2,-6.278178193996E1,1.875E1));
#1140=VERTEX_POINT('',#1138);
#1141=VERTEX_POINT('',#1139);
#1142=CARTESIAN_POINT('',(1.188093321426E2,-6.090535741169E1,2.5E1));
#1143=CARTESIAN_POINT('',(1.188093321426E2,-6.090535741169E1,1.875E1));
#1144=VERTEX_POINT('',#1142);
#1145=VERTEX_POINT('',#1143);
#1146=CARTESIAN_POINT('',(1.167834786983E2,-5.420491579771E1,2.5E1));
#1147=DIRECTION('',(0.E0,0.E0,1.E0));
#1148=DIRECTION('',(1.E0,0.E0,0.E0));
#1149=AXIS2_PLACEMENT_3D('',#1146,#1147,#1148);
#1150=CYLINDRICAL_SURFACE('',#1149,7.E0);
#1152=ORIENTED_EDGE('',*,*,#1151,.T.);
#1154=ORIENTED_EDGE('',*,*,#1153,.T.);
#1156=ORIENTED_EDGE('',*,*,#1155,.F.);
#1158=ORIENTED_EDGE('',*,*,#1157,.F.);
#1160=ORIENTED_EDGE('',*,*,#1159,.F.);
#1162=ORIENTED_EDGE('',*,*,#1161,.T.);
#1164=ORIENTED_EDGE('',*,*,#1163,.F.);
#1166=ORIENTED_EDGE('',*,*,#1165,.F.);
#1167=EDGE_LOOP('',(#1152,#1154,#1156,#1158,#1160,#1162,#1164,#1166));
#1168=FACE_OUTER_BOUND('',#1167,.F.);
#1169=ADVANCED_FACE('',(#1168),#1150,.T.);
#1170=CARTESIAN_POINT('',(1.167834786983E2,-5.420491579771E1,2.5E1));
#1171=DIRECTION('',(0.E0,0.E0,1.E0));
#1172=DIRECTION('',(1.E0,0.E0,0.E0));
#1173=AXIS2_PLACEMENT_3D('',#1170,#1171,#1172);
#1174=CYLINDRICAL_SURFACE('',#1173,7.E0);
#1176=ORIENTED_EDGE('',*,*,#1175,.T.);
#1178=ORIENTED_EDGE('',*,*,#1177,.T.);
#1180=ORIENTED_EDGE('',*,*,#1179,.F.);
#1182=ORIENTED_EDGE('',*,*,#1181,.F.);
#1184=ORIENTED_EDGE('',*,*,#1183,.F.);
#1186=ORIENTED_EDGE('',*,*,#1185,.T.);
#1188=ORIENTED_EDGE('',*,*,#1187,.F.);
#1190=ORIENTED_EDGE('',*,*,#1189,.F.);
#1191=EDGE_LOOP('',(#1176,#1178,#1180,#1182,#1184,#1186,#1188,#1190));
#1192=FACE_OUTER_BOUND('',#1191,.F.);
#1193=ADVANCED_FACE('',(#1192),#1174,.T.);
#1194=CARTESIAN_POINT('',(1.098993684451E2,-5.788084302120E1,2.75E1));
#1195=DIRECTION('',(-9.928270079455E-1,1.195597436179E-1,0.E0));
#1196=DIRECTION('',(1.195597436179E-1,9.928270079455E-1,0.E0));
#1197=AXIS2_PLACEMENT_3D('',#1194,#1195,#1196);
#1198=PLANE('',#1197);
#1199=ORIENTED_EDGE('',*,*,#1151,.F.);
#1201=ORIENTED_EDGE('',*,*,#1200,.T.);
#1203=ORIENTED_EDGE('',*,*,#1202,.T.);
#1205=ORIENTED_EDGE('',*,*,#1204,.T.);
#1206=EDGE_LOOP('',(#1199,#1201,#1203,#1205));
#1207=FACE_OUTER_BOUND('',#1206,.F.);
#1208=ADVANCED_FACE('',(#1207),#1198,.T.);
#1209=CARTESIAN_POINT('',(0.E0,0.E0,3.E1));
#1210=DIRECTION('',(0.E0,0.E0,-1.E0));
#1211=DIRECTION('',(0.E0,1.E0,0.E0));
#1212=AXIS2_PLACEMENT_3D('',#1209,#1210,#1211);
#1213=PLANE('',#1212);
#1214=ORIENTED_EDGE('',*,*,#1165,.T.);
#1216=ORIENTED_EDGE('',*,*,#1215,.F.);
#1218=ORIENTED_EDGE('',*,*,#1217,.T.);
#1220=ORIENTED_EDGE('',*,*,#1219,.T.);
#1222=ORIENTED_EDGE('',*,*,#1221,.T.);
#1224=ORIENTED_EDGE('',*,*,#1223,.F.);
#1226=ORIENTED_EDGE('',*,*,#1225,.T.);
#1228=ORIENTED_EDGE('',*,*,#1227,.T.);
#1229=ORIENTED_EDGE('',*,*,#1200,.F.);
#1230=EDGE_LOOP('',(#1214,#1216,#1218,#1220,#1222,#1224,#1226,#1228,#1229));
#1231=FACE_OUTER_BOUND('',#1230,.F.);
#1233=ORIENTED_EDGE('',*,*,#1232,.T.);
#1235=ORIENTED_EDGE('',*,*,#1234,.T.);
#1236=EDGE_LOOP('',(#1233,#1235));
#1237=FACE_BOUND('',#1236,.F.);
#1238=ADVANCED_FACE('',(#1231,#1237),#1213,.F.);
#1239=CARTESIAN_POINT('',(1.167834786983E2,-5.420491579771E1,2.5E1));
#1240=DIRECTION('',(0.E0,0.E0,1.E0));
#1241=DIRECTION('',(1.E0,0.E0,0.E0));
#1242=AXIS2_PLACEMENT_3D('',#1239,#1240,#1241);
#1243=CYLINDRICAL_SURFACE('',#1242,4.E0);
#1245=ORIENTED_EDGE('',*,*,#1244,.F.);
#1247=ORIENTED_EDGE('',*,*,#1246,.F.);
#1249=ORIENTED_EDGE('',*,*,#1248,.T.);
#1251=ORIENTED_EDGE('',*,*,#1250,.F.);
#1253=ORIENTED_EDGE('',*,*,#1252,.F.);
#1255=ORIENTED_EDGE('',*,*,#1254,.T.);
#1257=ORIENTED_EDGE('',*,*,#1256,.T.);
#1259=ORIENTED_EDGE('',*,*,#1258,.F.);
#1260=EDGE_LOOP('',(#1245,#1247,#1249,#1251,#1253,#1255,#1257,#1259));
#1261=FACE_OUTER_BOUND('',#1260,.F.);
#1262=ADVANCED_FACE('',(#1261),#1243,.F.);
#1263=CARTESIAN_POINT('',(1.167834786983E2,-5.420491579771E1,2.5E1));
#1264=DIRECTION('',(0.E0,0.E0,1.E0));
#1265=DIRECTION('',(1.E0,0.E0,0.E0));
#1266=AXIS2_PLACEMENT_3D('',#1263,#1264,#1265);
#1267=CYLINDRICAL_SURFACE('',#1266,4.E0);
#1269=ORIENTED_EDGE('',*,*,#1268,.T.);
#1271=ORIENTED_EDGE('',*,*,#1270,.F.);
#1273=ORIENTED_EDGE('',*,*,#1272,.T.);
#1275=ORIENTED_EDGE('',*,*,#1274,.T.);
#1276=ORIENTED_EDGE('',*,*,#1232,.F.);
#1278=ORIENTED_EDGE('',*,*,#1277,.F.);
#1280=ORIENTED_EDGE('',*,*,#1279,.T.);
#1282=ORIENTED_EDGE('',*,*,#1281,.F.);
#1283=EDGE_LOOP('',(#1269,#1271,#1273,#1275,#1276,#1278,#1280,#1282));
#1284=FACE_OUTER_BOUND('',#1283,.F.);
#1285=ADVANCED_FACE('',(#1284),#1267,.F.);
#1286=CARTESIAN_POINT('',(1.167834786983E2,-5.420491579771E1,0.E0));
#1287=DIRECTION('',(0.E0,0.E0,-1.E0));
#1288=DIRECTION('',(0.E0,1.E0,0.E0));
#1289=AXIS2_PLACEMENT_3D('',#1286,#1287,#1288);
#1290=CYLINDRICAL_SURFACE('',#1289,4.E0);
#1291=ORIENTED_EDGE('',*,*,#1252,.T.);
#1292=ORIENTED_EDGE('',*,*,#1250,.T.);
#1294=ORIENTED_EDGE('',*,*,#1293,.F.);
#1295=ORIENTED_EDGE('',*,*,#1246,.T.);
#1296=ORIENTED_EDGE('',*,*,#1244,.T.);
#1297=ORIENTED_EDGE('',*,*,#1258,.T.);
#1299=ORIENTED_EDGE('',*,*,#1298,.T.);
#1300=ORIENTED_EDGE('',*,*,#1254,.F.);
#1301=EDGE_LOOP('',(#1291,#1292,#1294,#1295,#1296,#1297,#1299,#1300));
#1302=FACE_OUTER_BOUND('',#1301,.F.);
#1303=ADVANCED_FACE('',(#1302),#1290,.F.);
#1304=CARTESIAN_POINT('',(1.167834786983E2,-5.420491579771E1,0.E0));
#1305=DIRECTION('',(0.E0,0.E0,-1.E0));
#1306=DIRECTION('',(0.E0,1.E0,0.E0));
#1307=AXIS2_PLACEMENT_3D('',#1304,#1305,#1306);
#1308=CYLINDRICAL_SURFACE('',#1307,4.E0);
#1309=ORIENTED_EDGE('',*,*,#1274,.F.);
#1310=ORIENTED_EDGE('',*,*,#1272,.F.);
#1311=ORIENTED_EDGE('',*,*,#1270,.T.);
#1313=ORIENTED_EDGE('',*,*,#1312,.T.);
#1314=ORIENTED_EDGE('',*,*,#1281,.T.);
#1315=ORIENTED_EDGE('',*,*,#1279,.F.);
#1316=ORIENTED_EDGE('',*,*,#1277,.T.);
#1317=ORIENTED_EDGE('',*,*,#1234,.F.);
#1318=EDGE_LOOP('',(#1309,#1310,#1311,#1313,#1314,#1315,#1316,#1317));
#1319=FACE_OUTER_BOUND('',#1318,.F.);
#1320=ADVANCED_FACE('',(#1319),#1308,.F.);
#1321=CARTESIAN_POINT('',(0.E0,0.E0,6.25E0));
#1322=DIRECTION('',(0.E0,0.E0,1.E0));
#1323=DIRECTION('',(0.E0,-1.E0,0.E0));
#1324=AXIS2_PLACEMENT_3D('',#1321,#1322,#1323);
#1325=PLANE('',#1324);
#1326=ORIENTED_EDGE('',*,*,#1185,.F.);
#1328=ORIENTED_EDGE('',*,*,#1327,.F.);
#1330=ORIENTED_EDGE('',*,*,#1329,.F.);
#1332=ORIENTED_EDGE('',*,*,#1331,.F.);
#1334=ORIENTED_EDGE('',*,*,#1333,.T.);
#1336=ORIENTED_EDGE('',*,*,#1335,.F.);
#1337=EDGE_LOOP('',(#1326,#1328,#1330,#1332,#1334,#1336));
#1338=FACE_OUTER_BOUND('',#1337,.F.);
#1339=ORIENTED_EDGE('',*,*,#1248,.F.);
#1340=ORIENTED_EDGE('',*,*,#1293,.T.);
#1341=EDGE_LOOP('',(#1339,#1340));
#1342=FACE_BOUND('',#1341,.F.);
#1343=ADVANCED_FACE('',(#1338,#1342),#1325,.T.);
#1344=CARTESIAN_POINT('',(1.176425717792E2,-6.184356967582E1,3.125E0));
#1345=DIRECTION('',(6.266495891944E-1,-7.793011563975E-1,0.E0));
#1346=DIRECTION('',(-7.793011563975E-1,-6.266495891944E-1,0.E0));
#1347=AXIS2_PLACEMENT_3D('',#1344,#1345,#1346);
#1348=PLANE('',#1347);
#1350=ORIENTED_EDGE('',*,*,#1349,.F.);
#1351=ORIENTED_EDGE('',*,*,#1327,.T.);
#1352=ORIENTED_EDGE('',*,*,#1183,.T.);
#1354=ORIENTED_EDGE('',*,*,#1353,.T.);
#1355=EDGE_LOOP('',(#1350,#1351,#1352,#1354));
#1356=FACE_OUTER_BOUND('',#1355,.F.);
#1357=ADVANCED_FACE('',(#1356),#1348,.T.);
#1358=CARTESIAN_POINT('',(-3.945365794301E1,2.442056364391E1,0.E0));
#1359=DIRECTION('',(0.E0,0.E0,1.E0));
#1360=DIRECTION('',(1.E0,0.E0,0.E0));
#1361=AXIS2_PLACEMENT_3D('',#1358,#1359,#1360);
#1362=CYLINDRICAL_SURFACE('',#1361,1.786567896551E2);
#1363=ORIENTED_EDGE('',*,*,#1349,.T.);
#1365=ORIENTED_EDGE('',*,*,#1364,.F.);
#1367=ORIENTED_EDGE('',*,*,#1366,.F.);
#1369=ORIENTED_EDGE('',*,*,#1368,.F.);
#1371=ORIENTED_EDGE('',*,*,#1370,.T.);
#1373=ORIENTED_EDGE('',*,*,#1372,.T.);
#1375=ORIENTED_EDGE('',*,*,#1374,.T.);
#1377=ORIENTED_EDGE('',*,*,#1376,.T.);
#1379=ORIENTED_EDGE('',*,*,#1378,.T.);
#1381=ORIENTED_EDGE('',*,*,#1380,.F.);
#1383=ORIENTED_EDGE('',*,*,#1382,.F.);
#1384=ORIENTED_EDGE('',*,*,#1329,.T.);
#1385=EDGE_LOOP('',(#1363,#1365,#1367,#1369,#1371,#1373,#1375,#1377,#1379,#1381,
#1383,#1384));
#1386=FACE_OUTER_BOUND('',#1385,.F.);
#1387=ADVANCED_FACE('',(#1386),#1362,.T.);
#1388=CARTESIAN_POINT('',(0.E0,0.E0,0.E0));
#1389=DIRECTION('',(0.E0,0.E0,1.E0));
#1390=DIRECTION('',(1.E0,0.E0,0.E0));
#1391=AXIS2_PLACEMENT_3D('',#1388,#1389,#1390);
#1392=PLANE('',#1391);
#1394=ORIENTED_EDGE('',*,*,#1393,.T.);
#1395=ORIENTED_EDGE('',*,*,#1366,.T.);
#1396=EDGE_LOOP('',(#1394,#1395));
#1397=FACE_OUTER_BOUND('',#1396,.F.);
#1398=ADVANCED_FACE('',(#1397),#1392,.F.);
#1399=CARTESIAN_POINT('',(0.E0,0.E0,0.E0));
#1400=DIRECTION('',(0.E0,0.E0,1.E0));
#1401=DIRECTION('',(1.E0,0.E0,0.E0));
#1402=AXIS2_PLACEMENT_3D('',#1399,#1400,#1401);
#1403=PLANE('',#1402);
#1405=ORIENTED_EDGE('',*,*,#1404,.T.);
#1406=ORIENTED_EDGE('',*,*,#1368,.T.);
#1407=EDGE_LOOP('',(#1405,#1406));
#1408=FACE_OUTER_BOUND('',#1407,.F.);
#1409=ADVANCED_FACE('',(#1408),#1403,.F.);
#1410=CARTESIAN_POINT('',(0.E0,0.E0,0.E0));
#1411=DIRECTION('',(0.E0,0.E0,1.E0));
#1412=DIRECTION('',(1.E0,0.E0,0.E0));
#1413=AXIS2_PLACEMENT_3D('',#1410,#1411,#1412);
#1414=PLANE('',#1413);
#1416=ORIENTED_EDGE('',*,*,#1415,.F.);
#1418=ORIENTED_EDGE('',*,*,#1417,.T.);
#1420=ORIENTED_EDGE('',*,*,#1419,.T.);
#1422=ORIENTED_EDGE('',*,*,#1421,.T.);
#1423=EDGE_LOOP('',(#1416,#1418,#1420,#1422));
#1424=FACE_OUTER_BOUND('',#1423,.F.);
#1425=ADVANCED_FACE('',(#1424),#1414,.F.);
#1426=CARTESIAN_POINT('',(0.E0,0.E0,0.E0));
#1427=DIRECTION('',(0.E0,0.E0,1.E0));
#1428=DIRECTION('',(1.E0,0.E0,0.E0));
#1429=AXIS2_PLACEMENT_3D('',#1426,#1427,#1428);
#1430=PLANE('',#1429);
#1431=ORIENTED_EDGE('',*,*,#1364,.T.);
#1432=ORIENTED_EDGE('',*,*,#1353,.F.);
#1433=ORIENTED_EDGE('',*,*,#1181,.T.);
#1435=ORIENTED_EDGE('',*,*,#1434,.T.);
#1437=ORIENTED_EDGE('',*,*,#1436,.T.);
#1438=EDGE_LOOP('',(#1431,#1432,#1433,#1435,#1437));
#1439=FACE_OUTER_BOUND('',#1438,.F.);
#1440=ADVANCED_FACE('',(#1439),#1430,.F.);
#1441=CARTESIAN_POINT('',(1.135134693403E2,-6.787952552492E1,0.E0));
#1442=DIRECTION('',(8.447426454039E-1,-5.351727413050E-1,0.E0));
#1443=DIRECTION('',(-5.351727413050E-1,-8.447426454039E-1,0.E0));
#1444=AXIS2_PLACEMENT_3D('',#1441,#1442,#1443);
#1445=PLANE('',#1444);
#1446=ORIENTED_EDGE('',*,*,#1393,.F.);
#1448=ORIENTED_EDGE('',*,*,#1447,.T.);
#1450=ORIENTED_EDGE('',*,*,#1449,.T.);
#1452=ORIENTED_EDGE('',*,*,#1451,.F.);
#1453=EDGE_LOOP('',(#1446,#1448,#1450,#1452));
#1454=FACE_OUTER_BOUND('',#1453,.F.);
#1455=ADVANCED_FACE('',(#1454),#1445,.T.);
#1456=CARTESIAN_POINT('',(1.173602487636E2,-6.118111363692E1,0.E0));
#1457=DIRECTION('',(8.671751187972E-1,-4.980033266345E-1,0.E0));
#1458=DIRECTION('',(-4.980033266345E-1,-8.671751187972E-1,0.E0));
#1459=AXIS2_PLACEMENT_3D('',#1456,#1457,#1458);
#1460=PLANE('',#1459);
#1462=ORIENTED_EDGE('',*,*,#1461,.T.);
#1464=ORIENTED_EDGE('',*,*,#1463,.T.);
#1465=ORIENTED_EDGE('',*,*,#1447,.F.);
#1466=ORIENTED_EDGE('',*,*,#1436,.F.);
#1467=EDGE_LOOP('',(#1462,#1464,#1465,#1466));
#1468=FACE_OUTER_BOUND('',#1467,.F.);
#1469=ADVANCED_FACE('',(#1468),#1460,.T.);
#1470=CARTESIAN_POINT('',(1.176196907984E2,-6.183400098559E1,-2.5E0));
#1471=DIRECTION('',(6.206539235661E-1,-7.840846301019E-1,0.E0));
#1472=DIRECTION('',(-7.840846301019E-1,-6.206539235661E-1,0.E0));
#1473=AXIS2_PLACEMENT_3D('',#1470,#1471,#1472);
#1474=PLANE('',#1473);
#1475=ORIENTED_EDGE('',*,*,#1179,.T.);
#1477=ORIENTED_EDGE('',*,*,#1476,.T.);
#1478=ORIENTED_EDGE('',*,*,#1461,.F.);
#1479=ORIENTED_EDGE('',*,*,#1434,.F.);
#1480=EDGE_LOOP('',(#1475,#1477,#1478,#1479));
#1481=FACE_OUTER_BOUND('',#1480,.F.);
#1482=ADVANCED_FACE('',(#1481),#1474,.T.);
#1483=CARTESIAN_POINT('',(0.E0,0.E0,-5.E0));
#1484=DIRECTION('',(0.E0,0.E0,-1.E0));
#1485=DIRECTION('',(0.E0,1.E0,0.E0));
#1486=AXIS2_PLACEMENT_3D('',#1483,#1484,#1485);
#1487=PLANE('',#1486);
#1488=ORIENTED_EDGE('',*,*,#1463,.F.);
#1489=ORIENTED_EDGE('',*,*,#1476,.F.);
#1490=ORIENTED_EDGE('',*,*,#1177,.F.);
#1492=ORIENTED_EDGE('',*,*,#1491,.F.);
#1494=ORIENTED_EDGE('',*,*,#1493,.F.);
#1496=ORIENTED_EDGE('',*,*,#1495,.F.);
#1498=ORIENTED_EDGE('',*,*,#1497,.F.);
#1500=ORIENTED_EDGE('',*,*,#1499,.F.);
#1501=ORIENTED_EDGE('',*,*,#1449,.F.);
#1502=EDGE_LOOP('',(#1488,#1489,#1490,#1492,#1494,#1496,#1498,#1500,#1501));
#1503=FACE_OUTER_BOUND('',#1502,.F.);
#1504=ORIENTED_EDGE('',*,*,#1256,.F.);
#1505=ORIENTED_EDGE('',*,*,#1298,.F.);
#1506=EDGE_LOOP('',(#1504,#1505));
#1507=FACE_BOUND('',#1506,.F.);
#1508=ADVANCED_FACE('',(#1503,#1507),#1487,.T.);
#1509=CARTESIAN_POINT('',(1.098993684451E2,-5.788084302120E1,-2.5E0));
#1510=DIRECTION('',(-9.928270079455E-1,1.195597436179E-1,0.E0));
#1511=DIRECTION('',(1.195597436179E-1,9.928270079455E-1,0.E0));
#1512=AXIS2_PLACEMENT_3D('',#1509,#1510,#1511);
#1513=PLANE('',#1512);
#1514=ORIENTED_EDGE('',*,*,#1175,.F.);
#1516=ORIENTED_EDGE('',*,*,#1515,.T.);
#1518=ORIENTED_EDGE('',*,*,#1517,.T.);
#1519=ORIENTED_EDGE('',*,*,#1491,.T.);
#1520=EDGE_LOOP('',(#1514,#1516,#1518,#1519));
#1521=FACE_OUTER_BOUND('',#1520,.F.);
#1522=ADVANCED_FACE('',(#1521),#1513,.T.);
#1523=CARTESIAN_POINT('',(0.E0,0.E0,0.E0));
#1524=DIRECTION('',(0.E0,0.E0,-1.E0));
#1525=DIRECTION('',(0.E0,1.E0,0.E0));
#1526=AXIS2_PLACEMENT_3D('',#1523,#1524,#1525);
#1527=PLANE('',#1526);
#1529=ORIENTED_EDGE('',*,*,#1528,.T.);
#1531=ORIENTED_EDGE('',*,*,#1530,.F.);
#1532=EDGE_LOOP('',(#1529,#1531));
#1533=FACE_OUTER_BOUND('',#1532,.F.);
#1534=ADVANCED_FACE('',(#1533),#1527,.F.);
#1535=CARTESIAN_POINT('',(0.E0,0.E0,0.E0));
#1536=DIRECTION('',(0.E0,0.E0,-1.E0));
#1537=DIRECTION('',(0.E0,1.E0,0.E0));
#1538=AXIS2_PLACEMENT_3D('',#1535,#1536,#1537);
#1539=PLANE('',#1538);
#1541=ORIENTED_EDGE('',*,*,#1540,.T.);
#1542=ORIENTED_EDGE('',*,*,#1515,.F.);
#1543=ORIENTED_EDGE('',*,*,#1189,.T.);
#1545=ORIENTED_EDGE('',*,*,#1544,.T.);
#1547=ORIENTED_EDGE('',*,*,#1546,.F.);
#1548=EDGE_LOOP('',(#1541,#1542,#1543,#1545,#1547));
#1549=FACE_OUTER_BOUND('',#1548,.F.);
#1550=ADVANCED_FACE('',(#1549),#1539,.F.);
#1551=CARTESIAN_POINT('',(9.825824416554E1,-7.726782935676E1,0.E0));
#1552=DIRECTION('',(-8.170867344389E-1,5.765147599185E-1,0.E0));
#1553=DIRECTION('',(5.765147599185E-1,8.170867344389E-1,0.E0));
#1554=AXIS2_PLACEMENT_3D('',#1551,#1552,#1553);
#1555=PLANE('',#1554);
#1557=ORIENTED_EDGE('',*,*,#1556,.F.);
#1558=ORIENTED_EDGE('',*,*,#1495,.T.);
#1560=ORIENTED_EDGE('',*,*,#1559,.F.);
#1561=ORIENTED_EDGE('',*,*,#1528,.F.);
#1563=ORIENTED_EDGE('',*,*,#1562,.F.);
#1565=ORIENTED_EDGE('',*,*,#1564,.T.);
#1566=EDGE_LOOP('',(#1557,#1558,#1560,#1561,#1563,#1565));
#1567=FACE_OUTER_BOUND('',#1566,.F.);
#1568=ADVANCED_FACE('',(#1567),#1555,.T.);
#1569=CARTESIAN_POINT('',(2.682280508819E2,-2.449674605647E2,-3.E0));
#1570=DIRECTION('',(-7.059367848488E-1,7.082748448147E-1,0.E0));
#1571=DIRECTION('',(0.E0,0.E0,-1.E0));
#1572=AXIS2_PLACEMENT_3D('',#1569,#1570,#1571);
#1573=CYLINDRICAL_SURFACE('',#1572,2.E0);
#1574=ORIENTED_EDGE('',*,*,#1556,.T.);
#1576=ORIENTED_EDGE('',*,*,#1575,.F.);
#1578=ORIENTED_EDGE('',*,*,#1577,.T.);
#1579=ORIENTED_EDGE('',*,*,#1497,.T.);
#1580=EDGE_LOOP('',(#1574,#1576,#1578,#1579));
#1581=FACE_OUTER_BOUND('',#1580,.F.);
#1582=ADVANCED_FACE('',(#1581),#1573,.T.);
#1583=CARTESIAN_POINT('',(1.035893374704E2,-8.261657922256E1,0.E0));
#1584=DIRECTION('',(-7.082748448147E-1,-7.059367848488E-1,0.E0));
#1585=DIRECTION('',(-7.059367848488E-1,7.082748448147E-1,0.E0));
#1586=AXIS2_PLACEMENT_3D('',#1583,#1584,#1585);
#1587=PLANE('',#1586);
#1588=ORIENTED_EDGE('',*,*,#1575,.T.);
#1589=ORIENTED_EDGE('',*,*,#1564,.F.);
#1591=ORIENTED_EDGE('',*,*,#1590,.F.);
#1593=ORIENTED_EDGE('',*,*,#1592,.T.);
#1594=EDGE_LOOP('',(#1588,#1589,#1591,#1593));
#1595=FACE_OUTER_BOUND('',#1594,.F.);
#1596=ADVANCED_FACE('',(#1595),#1587,.T.);
#1597=CARTESIAN_POINT('',(2.625805257308E2,-2.449674605647E2,-2.E0));
#1598=DIRECTION('',(-7.059367848488E-1,7.082748448147E-1,0.E0));
#1599=DIRECTION('',(0.E0,0.E0,1.E0));
#1600=AXIS2_PLACEMENT_3D('',#1597,#1598,#1599);
#1601=CYLINDRICAL_SURFACE('',#1600,2.E0);
#1602=ORIENTED_EDGE('',*,*,#1419,.F.);
#1604=ORIENTED_EDGE('',*,*,#1603,.T.);
#1605=ORIENTED_EDGE('',*,*,#1590,.T.);
#1607=ORIENTED_EDGE('',*,*,#1606,.T.);
#1608=EDGE_LOOP('',(#1602,#1604,#1605,#1607));
#1609=FACE_OUTER_BOUND('',#1608,.F.);
#1610=ADVANCED_FACE('',(#1609),#1601,.F.);
#1611=CARTESIAN_POINT('',(0.E0,0.E0,0.E0));
#1612=DIRECTION('',(0.E0,0.E0,1.E0));
#1613=DIRECTION('',(1.E0,0.E0,0.E0));
#1614=AXIS2_PLACEMENT_3D('',#1611,#1612,#1613);
#1615=CYLINDRICAL_SURFACE('',#1614,1.325E2);
#1617=ORIENTED_EDGE('',*,*,#1616,.T.);
#1619=ORIENTED_EDGE('',*,*,#1618,.T.);
#1621=ORIENTED_EDGE('',*,*,#1620,.T.);
#1623=ORIENTED_EDGE('',*,*,#1622,.T.);
#1625=ORIENTED_EDGE('',*,*,#1624,.F.);
#1627=ORIENTED_EDGE('',*,*,#1626,.T.);
#1628=ORIENTED_EDGE('',*,*,#1370,.F.);
#1630=ORIENTED_EDGE('',*,*,#1629,.F.);
#1631=ORIENTED_EDGE('',*,*,#1603,.F.);
#1632=ORIENTED_EDGE('',*,*,#1417,.F.);
#1634=ORIENTED_EDGE('',*,*,#1633,.T.);
#1636=ORIENTED_EDGE('',*,*,#1635,.T.);
#1637=EDGE_LOOP('',(#1617,#1619,#1621,#1623,#1625,#1627,#1628,#1630,#1631,#1632,
#1634,#1636));
#1638=FACE_OUTER_BOUND('',#1637,.F.);
#1639=ADVANCED_FACE('',(#1638),#1615,.T.);
#1640=CARTESIAN_POINT('',(4.632871450636E1,-1.241366191427E2,-2.069E1));
#1641=DIRECTION('',(-7.884882407603E-1,6.150498306501E-1,0.E0));
#1642=DIRECTION('',(-6.150498306501E-1,-7.884882407603E-1,0.E0));
#1643=AXIS2_PLACEMENT_3D('',#1640,#1641,#1642);
#1644=PLANE('',#1643);
#1645=ORIENTED_EDGE('',*,*,#1616,.F.);
#1647=ORIENTED_EDGE('',*,*,#1646,.T.);
#1648=EDGE_LOOP('',(#1645,#1647));
#1649=FACE_OUTER_BOUND('',#1648,.F.);
#1650=ADVANCED_FACE('',(#1649),#1644,.F.);
#1651=CARTESIAN_POINT('',(3.112945639377E1,-1.249300313489E2,1.25E1));
#1652=DIRECTION('',(-9.753779259749E-1,-2.205400224922E-1,0.E0));
#1653=DIRECTION('',(0.E0,0.E0,1.E0));
#1654=AXIS2_PLACEMENT_3D('',#1651,#1652,#1653);
#1655=CYLINDRICAL_SURFACE('',#1654,1.E1);
#1656=ORIENTED_EDGE('',*,*,#1646,.F.);
#1657=ORIENTED_EDGE('',*,*,#1635,.F.);
#1659=ORIENTED_EDGE('',*,*,#1658,.T.);
#1660=ORIENTED_EDGE('',*,*,#1618,.F.);
#1661=EDGE_LOOP('',(#1656,#1657,#1659,#1660));
#1662=FACE_OUTER_BOUND('',#1661,.F.);
#1663=ADVANCED_FACE('',(#1662),#1655,.T.);
#1664=CARTESIAN_POINT('',(3.444917420847E1,-1.396120806220E2,-2.044E1));
#1665=DIRECTION('',(9.753779259749E-1,2.205400224922E-1,0.E0));
#1666=DIRECTION('',(-2.205400224922E-1,9.753779259749E-1,0.E0));
#1667=AXIS2_PLACEMENT_3D('',#1664,#1665,#1666);
#1668=PLANE('',#1667);
#1669=ORIENTED_EDGE('',*,*,#1620,.F.);
#1670=ORIENTED_EDGE('',*,*,#1658,.F.);
#1671=ORIENTED_EDGE('',*,*,#1633,.F.);
#1672=ORIENTED_EDGE('',*,*,#1415,.T.);
#1674=ORIENTED_EDGE('',*,*,#1673,.T.);
#1676=ORIENTED_EDGE('',*,*,#1675,.F.);
#1678=ORIENTED_EDGE('',*,*,#1677,.T.);
#1680=ORIENTED_EDGE('',*,*,#1679,.F.);
#1681=EDGE_LOOP('',(#1669,#1670,#1671,#1672,#1674,#1676,#1678,#1680));
#1682=FACE_OUTER_BOUND('',#1681,.F.);
#1684=ORIENTED_EDGE('',*,*,#1683,.T.);
#1686=ORIENTED_EDGE('',*,*,#1685,.T.);
#1687=EDGE_LOOP('',(#1684,#1686));
#1688=FACE_BOUND('',#1687,.F.);
#1689=ADVANCED_FACE('',(#1682,#1688),#1668,.F.);
#1690=CARTESIAN_POINT('',(0.E0,0.E0,0.E0));
#1691=DIRECTION('',(0.E0,0.E0,1.E0));
#1692=DIRECTION('',(1.E0,0.E0,0.E0));
#1693=AXIS2_PLACEMENT_3D('',#1690,#1691,#1692);
#1694=CYLINDRICAL_SURFACE('',#1693,1.25E2);
#1696=ORIENTED_EDGE('',*,*,#1695,.F.);
#1698=ORIENTED_EDGE('',*,*,#1697,.T.);
#1699=ORIENTED_EDGE('',*,*,#1673,.F.);
#1700=ORIENTED_EDGE('',*,*,#1421,.F.);
#1701=ORIENTED_EDGE('',*,*,#1606,.F.);
#1702=ORIENTED_EDGE('',*,*,#1562,.T.);
#1704=ORIENTED_EDGE('',*,*,#1703,.T.);
#1706=ORIENTED_EDGE('',*,*,#1705,.T.);
#1707=ORIENTED_EDGE('',*,*,#1677,.F.);
#1709=ORIENTED_EDGE('',*,*,#1708,.T.);
#1710=EDGE_LOOP('',(#1696,#1698,#1699,#1700,#1701,#1702,#1704,#1706,#1707,
#1709));
#1711=FACE_OUTER_BOUND('',#1710,.F.);
#1712=ADVANCED_FACE('',(#1711),#1694,.F.);
#1713=CARTESIAN_POINT('',(2.944096820422E1,-1.120191144408E2,-2.069E1));
#1714=DIRECTION('',(-2.968787456225E-1,-9.549151849236E-1,0.E0));
#1715=DIRECTION('',(9.549151849236E-1,-2.968787456225E-1,0.E0));
#1716=AXIS2_PLACEMENT_3D('',#1713,#1714,#1715);
#1717=PLANE('',#1716);
#1718=ORIENTED_EDGE('',*,*,#1695,.T.);
#1720=ORIENTED_EDGE('',*,*,#1719,.T.);
#1721=EDGE_LOOP('',(#1718,#1720));
#1722=FACE_OUTER_BOUND('',#1721,.F.);
#1723=ADVANCED_FACE('',(#1722),#1717,.F.);
#1724=CARTESIAN_POINT('',(3.112945639377E1,-1.249300313489E2,1.25E1));
#1725=DIRECTION('',(-9.753779259749E-1,-2.205400224922E-1,0.E0));
#1726=DIRECTION('',(0.E0,0.E0,1.E0));
#1727=AXIS2_PLACEMENT_3D('',#1724,#1725,#1726);
#1728=CYLINDRICAL_SURFACE('',#1727,1.E1);
#1729=ORIENTED_EDGE('',*,*,#1719,.F.);
#1730=ORIENTED_EDGE('',*,*,#1708,.F.);
#1731=ORIENTED_EDGE('',*,*,#1675,.T.);
#1732=ORIENTED_EDGE('',*,*,#1697,.F.);
#1733=EDGE_LOOP('',(#1729,#1730,#1731,#1732));
#1734=FACE_OUTER_BOUND('',#1733,.F.);
#1735=ADVANCED_FACE('',(#1734),#1728,.T.);
#1736=CARTESIAN_POINT('',(-2.386023257538E1,1.463193705688E1,0.E0));
#1737=DIRECTION('',(0.E0,0.E0,1.E0));
#1738=DIRECTION('',(1.E0,0.E0,0.E0));
#1739=AXIS2_PLACEMENT_3D('',#1736,#1737,#1738);
#1740=CYLINDRICAL_SURFACE('',#1739,1.528348436333E2);
#1742=ORIENTED_EDGE('',*,*,#1741,.T.);
#1744=ORIENTED_EDGE('',*,*,#1743,.F.);
#1746=ORIENTED_EDGE('',*,*,#1745,.F.);
#1747=ORIENTED_EDGE('',*,*,#1703,.F.);
#1748=ORIENTED_EDGE('',*,*,#1530,.T.);
#1749=ORIENTED_EDGE('',*,*,#1546,.T.);
#1751=ORIENTED_EDGE('',*,*,#1750,.T.);
#1752=ORIENTED_EDGE('',*,*,#1333,.F.);
#1754=ORIENTED_EDGE('',*,*,#1753,.T.);
#1756=ORIENTED_EDGE('',*,*,#1755,.T.);
#1757=EDGE_LOOP('',(#1742,#1744,#1746,#1747,#1748,#1749,#1751,#1752,#1754,
#1756));
#1758=FACE_OUTER_BOUND('',#1757,.F.);
#1759=ADVANCED_FACE('',(#1758),#1740,.F.);
#1760=CARTESIAN_POINT('',(1.099573577414E2,-5.790714983082E1,2.1875E1));
#1761=DIRECTION('',(-9.951116479696E-1,9.875630650821E-2,0.E0));
#1762=DIRECTION('',(-9.875630650821E-2,-9.951116479696E-1,0.E0));
#1763=AXIS2_PLACEMENT_3D('',#1760,#1761,#1762);
#1764=PLANE('',#1763);
#1766=ORIENTED_EDGE('',*,*,#1765,.F.);
#1767=ORIENTED_EDGE('',*,*,#1741,.F.);
#1769=ORIENTED_EDGE('',*,*,#1768,.T.);
#1770=ORIENTED_EDGE('',*,*,#1155,.T.);
#1771=EDGE_LOOP('',(#1766,#1767,#1769,#1770));
#1772=FACE_OUTER_BOUND('',#1771,.F.);
#1773=ADVANCED_FACE('',(#1772),#1764,.T.);
#1774=CARTESIAN_POINT('',(0.E0,0.E0,2.5E1));
#1775=DIRECTION('',(0.E0,0.E0,-1.E0));
#1776=DIRECTION('',(0.E0,1.E0,0.E0));
#1777=AXIS2_PLACEMENT_3D('',#1774,#1775,#1776);
#1778=PLANE('',#1777);
#1780=ORIENTED_EDGE('',*,*,#1779,.F.);
#1781=ORIENTED_EDGE('',*,*,#1745,.T.);
#1782=EDGE_LOOP('',(#1780,#1781));
#1783=FACE_OUTER_BOUND('',#1782,.F.);
#1784=ADVANCED_FACE('',(#1783),#1778,.T.);
#1785=CARTESIAN_POINT('',(0.E0,0.E0,2.5E1));
#1786=DIRECTION('',(0.E0,0.E0,-1.E0));
#1787=DIRECTION('',(0.E0,1.E0,0.E0));
#1788=AXIS2_PLACEMENT_3D('',#1785,#1786,#1787);
#1789=PLANE('',#1788);
#1790=ORIENTED_EDGE('',*,*,#1765,.T.);
#1791=ORIENTED_EDGE('',*,*,#1153,.F.);
#1792=ORIENTED_EDGE('',*,*,#1204,.F.);
#1794=ORIENTED_EDGE('',*,*,#1793,.F.);
#1795=ORIENTED_EDGE('',*,*,#1743,.T.);
#1796=EDGE_LOOP('',(#1790,#1791,#1792,#1794,#1795));
#1797=FACE_OUTER_BOUND('',#1796,.F.);
#1798=ADVANCED_FACE('',(#1797),#1789,.T.);
#1799=CARTESIAN_POINT('',(9.825824416554E1,-7.726782935676E1,2.5E1));
#1800=DIRECTION('',(8.170867344389E-1,-5.765147599185E-1,0.E0));
#1801=DIRECTION('',(5.765147599185E-1,8.170867344389E-1,0.E0));
#1802=AXIS2_PLACEMENT_3D('',#1799,#1800,#1801);
#1803=PLANE('',#1802);
#1805=ORIENTED_EDGE('',*,*,#1804,.F.);
#1807=ORIENTED_EDGE('',*,*,#1806,.F.);
#1809=ORIENTED_EDGE('',*,*,#1808,.T.);
#1810=ORIENTED_EDGE('',*,*,#1779,.T.);
#1812=ORIENTED_EDGE('',*,*,#1811,.T.);
#1813=ORIENTED_EDGE('',*,*,#1225,.F.);
#1814=EDGE_LOOP('',(#1805,#1807,#1809,#1810,#1812,#1813));
#1815=FACE_OUTER_BOUND('',#1814,.F.);
#1816=ADVANCED_FACE('',(#1815),#1803,.F.);
#1817=CARTESIAN_POINT('',(-4.051432394849E1,6.621402527869E1,2.7E1));
#1818=DIRECTION('',(7.059367848488E-1,-7.082748448147E-1,0.E0));
#1819=DIRECTION('',(0.E0,0.E0,1.E0));
#1820=AXIS2_PLACEMENT_3D('',#1817,#1818,#1819);
#1821=CYLINDRICAL_SURFACE('',#1820,3.E0);
#1823=ORIENTED_EDGE('',*,*,#1822,.T.);
#1825=ORIENTED_EDGE('',*,*,#1824,.F.);
#1826=ORIENTED_EDGE('',*,*,#1804,.T.);
#1827=ORIENTED_EDGE('',*,*,#1223,.T.);
#1828=EDGE_LOOP('',(#1823,#1825,#1826,#1827));
#1829=FACE_OUTER_BOUND('',#1828,.F.);
#1830=ADVANCED_FACE('',(#1829),#1821,.T.);
#1831=CARTESIAN_POINT('',(1.093455276095E2,-7.445840716781E1,2.5E1));
#1832=DIRECTION('',(-8.170867344389E-1,5.765147599185E-1,0.E0));
#1833=DIRECTION('',(-5.765147599185E-1,-8.170867344389E-1,0.E0));
#1834=AXIS2_PLACEMENT_3D('',#1831,#1832,#1833);
#1835=PLANE('',#1834);
#1836=ORIENTED_EDGE('',*,*,#1822,.F.);
#1837=ORIENTED_EDGE('',*,*,#1221,.F.);
#1839=ORIENTED_EDGE('',*,*,#1838,.F.);
#1841=ORIENTED_EDGE('',*,*,#1840,.T.);
#1842=ORIENTED_EDGE('',*,*,#1626,.F.);
#1843=EDGE_LOOP('',(#1836,#1837,#1839,#1841,#1842));
#1844=FACE_OUTER_BOUND('',#1843,.F.);
#1845=ADVANCED_FACE('',(#1844),#1835,.F.);
#1846=CARTESIAN_POINT('',(1.135134693403E2,-6.787952552492E1,2.5E1));
#1847=DIRECTION('',(-8.447426454039E-1,5.351727413050E-1,0.E0));
#1848=DIRECTION('',(-5.351727413050E-1,-8.447426454039E-1,0.E0));
#1849=AXIS2_PLACEMENT_3D('',#1846,#1847,#1848);
#1850=PLANE('',#1849);
#1852=ORIENTED_EDGE('',*,*,#1851,.F.);
#1854=ORIENTED_EDGE('',*,*,#1853,.T.);
#1855=ORIENTED_EDGE('',*,*,#1838,.T.);
#1856=ORIENTED_EDGE('',*,*,#1219,.F.);
#1857=EDGE_LOOP('',(#1852,#1854,#1855,#1856));
#1858=FACE_OUTER_BOUND('',#1857,.F.);
#1859=ADVANCED_FACE('',(#1858),#1850,.F.);
#1860=CARTESIAN_POINT('',(1.173602487636E2,-6.118111363692E1,2.5E1));
#1861=DIRECTION('',(-8.671751187972E-1,4.980033266345E-1,0.E0));
#1862=DIRECTION('',(-4.980033266345E-1,-8.671751187972E-1,0.E0));
#1863=AXIS2_PLACEMENT_3D('',#1860,#1861,#1862);
#1864=PLANE('',#1863);
#1866=ORIENTED_EDGE('',*,*,#1865,.T.);
#1868=ORIENTED_EDGE('',*,*,#1867,.T.);
#1869=ORIENTED_EDGE('',*,*,#1851,.T.);
#1870=ORIENTED_EDGE('',*,*,#1217,.F.);
#1871=EDGE_LOOP('',(#1866,#1868,#1869,#1870));
#1872=FACE_OUTER_BOUND('',#1871,.F.);
#1873=ADVANCED_FACE('',(#1872),#1864,.F.);
#1874=CARTESIAN_POINT('',(1.176196907984E2,-6.183400098559E1,2.75E1));
#1875=DIRECTION('',(6.206539235661E-1,-7.840846301019E-1,0.E0));
#1876=DIRECTION('',(-7.840846301019E-1,-6.206539235661E-1,0.E0));
#1877=AXIS2_PLACEMENT_3D('',#1874,#1875,#1876);
#1878=PLANE('',#1877);
#1879=ORIENTED_EDGE('',*,*,#1865,.F.);
#1880=ORIENTED_EDGE('',*,*,#1215,.T.);
#1881=ORIENTED_EDGE('',*,*,#1163,.T.);
#1883=ORIENTED_EDGE('',*,*,#1882,.F.);
#1884=EDGE_LOOP('',(#1879,#1880,#1881,#1883));
#1885=FACE_OUTER_BOUND('',#1884,.F.);
#1886=ADVANCED_FACE('',(#1885),#1878,.T.);
#1887=CARTESIAN_POINT('',(0.E0,0.E0,2.5E1));
#1888=DIRECTION('',(0.E0,0.E0,1.E0));
#1889=DIRECTION('',(1.E0,0.E0,0.E0));
#1890=AXIS2_PLACEMENT_3D('',#1887,#1888,#1889);
#1891=PLANE('',#1890);
#1892=ORIENTED_EDGE('',*,*,#1853,.F.);
#1893=ORIENTED_EDGE('',*,*,#1374,.F.);
#1894=EDGE_LOOP('',(#1892,#1893));
#1895=FACE_OUTER_BOUND('',#1894,.F.);
#1896=ADVANCED_FACE('',(#1895),#1891,.T.);
#1897=CARTESIAN_POINT('',(0.E0,0.E0,2.5E1));
#1898=DIRECTION('',(0.E0,0.E0,1.E0));
#1899=DIRECTION('',(1.E0,0.E0,0.E0));
#1900=AXIS2_PLACEMENT_3D('',#1897,#1898,#1899);
#1901=PLANE('',#1900);
#1902=ORIENTED_EDGE('',*,*,#1840,.F.);
#1903=ORIENTED_EDGE('',*,*,#1372,.F.);
#1904=EDGE_LOOP('',(#1902,#1903));
#1905=FACE_OUTER_BOUND('',#1904,.F.);
#1906=ADVANCED_FACE('',(#1905),#1901,.T.);
#1907=CARTESIAN_POINT('',(0.E0,0.E0,2.5E1));
#1908=DIRECTION('',(0.E0,0.E0,1.E0));
#1909=DIRECTION('',(1.E0,0.E0,0.E0));
#1910=AXIS2_PLACEMENT_3D('',#1907,#1908,#1909);
#1911=PLANE('',#1910);
#1912=ORIENTED_EDGE('',*,*,#1679,.T.);
#1913=ORIENTED_EDGE('',*,*,#1705,.F.);
#1914=ORIENTED_EDGE('',*,*,#1808,.F.);
#1916=ORIENTED_EDGE('',*,*,#1915,.T.);
#1917=ORIENTED_EDGE('',*,*,#1622,.F.);
#1918=EDGE_LOOP('',(#1912,#1913,#1914,#1916,#1917));
#1919=FACE_OUTER_BOUND('',#1918,.F.);
#1920=ADVANCED_FACE('',(#1919),#1911,.T.);
#1921=CARTESIAN_POINT('',(0.E0,0.E0,2.5E1));
#1922=DIRECTION('',(0.E0,0.E0,1.E0));
#1923=DIRECTION('',(1.E0,0.E0,0.E0));
#1924=AXIS2_PLACEMENT_3D('',#1921,#1922,#1923);
#1925=PLANE('',#1924);
#1926=ORIENTED_EDGE('',*,*,#1882,.T.);
#1927=ORIENTED_EDGE('',*,*,#1161,.F.);
#1929=ORIENTED_EDGE('',*,*,#1928,.F.);
#1930=ORIENTED_EDGE('',*,*,#1376,.F.);
#1931=ORIENTED_EDGE('',*,*,#1867,.F.);
#1932=EDGE_LOOP('',(#1926,#1927,#1929,#1930,#1931));
#1933=FACE_OUTER_BOUND('',#1932,.F.);
#1934=ADVANCED_FACE('',(#1933),#1925,.T.);
#1935=CARTESIAN_POINT('',(-4.757373038740E1,6.621402527869E1,2.7E1));
#1936=DIRECTION('',(7.059367848488E-1,-7.082748448147E-1,0.E0));
#1937=DIRECTION('',(0.E0,0.E0,-1.E0));
#1938=AXIS2_PLACEMENT_3D('',#1935,#1936,#1937);
#1939=CYLINDRICAL_SURFACE('',#1938,2.E0);
#1940=ORIENTED_EDGE('',*,*,#1824,.T.);
#1941=ORIENTED_EDGE('',*,*,#1624,.T.);
#1942=ORIENTED_EDGE('',*,*,#1915,.F.);
#1943=ORIENTED_EDGE('',*,*,#1806,.T.);
#1944=EDGE_LOOP('',(#1940,#1941,#1942,#1943));
#1945=FACE_OUTER_BOUND('',#1944,.F.);
#1946=ADVANCED_FACE('',(#1945),#1939,.F.);
#1947=CARTESIAN_POINT('',(1.176425717792E2,-6.184356967582E1,2.1875E1));
#1948=DIRECTION('',(6.266495891944E-1,-7.793011563975E-1,0.E0));
#1949=DIRECTION('',(-7.793011563975E-1,-6.266495891944E-1,0.E0));
#1950=AXIS2_PLACEMENT_3D('',#1947,#1948,#1949);
#1951=PLANE('',#1950);
#1952=ORIENTED_EDGE('',*,*,#1378,.F.);
#1953=ORIENTED_EDGE('',*,*,#1928,.T.);
#1954=ORIENTED_EDGE('',*,*,#1159,.T.);
#1956=ORIENTED_EDGE('',*,*,#1955,.T.);
#1957=EDGE_LOOP('',(#1952,#1953,#1954,#1956));
#1958=FACE_OUTER_BOUND('',#1957,.F.);
#1959=ADVANCED_FACE('',(#1958),#1951,.T.);
#1960=CARTESIAN_POINT('',(0.E0,0.E0,1.875E1));
#1961=DIRECTION('',(0.E0,0.E0,1.E0));
#1962=DIRECTION('',(0.E0,-1.E0,0.E0));
#1963=AXIS2_PLACEMENT_3D('',#1960,#1961,#1962);
#1964=PLANE('',#1963);
#1965=ORIENTED_EDGE('',*,*,#1380,.T.);
#1966=ORIENTED_EDGE('',*,*,#1955,.F.);
#1967=ORIENTED_EDGE('',*,*,#1157,.T.);
#1968=ORIENTED_EDGE('',*,*,#1768,.F.);
#1969=ORIENTED_EDGE('',*,*,#1755,.F.);
#1971=ORIENTED_EDGE('',*,*,#1970,.T.);
#1972=EDGE_LOOP('',(#1965,#1966,#1967,#1968,#1969,#1971));
#1973=FACE_OUTER_BOUND('',#1972,.F.);
#1974=ORIENTED_EDGE('',*,*,#1268,.F.);
#1975=ORIENTED_EDGE('',*,*,#1312,.F.);
#1976=EDGE_LOOP('',(#1974,#1975));
#1977=FACE_BOUND('',#1976,.F.);
#1978=ADVANCED_FACE('',(#1973,#1977),#1964,.F.);
#1979=CARTESIAN_POINT('',(1.073718909241E2,-6.370463926746E1,6.25E0));
#1980=DIRECTION('',(-5.621822934051E-1,-8.270133426867E-1,0.E0));
#1981=DIRECTION('',(8.270133426867E-1,-5.621822934051E-1,0.E0));
#1982=AXIS2_PLACEMENT_3D('',#1979,#1980,#1981);
#1983=PLANE('',#1982);
#1984=ORIENTED_EDGE('',*,*,#1382,.T.);
#1985=ORIENTED_EDGE('',*,*,#1970,.F.);
#1986=ORIENTED_EDGE('',*,*,#1753,.F.);
#1987=ORIENTED_EDGE('',*,*,#1331,.T.);
#1988=EDGE_LOOP('',(#1984,#1985,#1986,#1987));
#1989=FACE_OUTER_BOUND('',#1988,.F.);
#1990=ADVANCED_FACE('',(#1989),#1983,.F.);
#1991=CARTESIAN_POINT('',(1.036624655464E2,-6.960849796182E1,2.5E1));
#1992=DIRECTION('',(8.584388631401E-1,-5.129158978339E-1,0.E0));
#1993=DIRECTION('',(5.129158978339E-1,8.584388631401E-1,0.E0));
#1994=AXIS2_PLACEMENT_3D('',#1991,#1992,#1993);
#1995=PLANE('',#1994);
#1996=ORIENTED_EDGE('',*,*,#1202,.F.);
#1997=ORIENTED_EDGE('',*,*,#1227,.F.);
#1998=ORIENTED_EDGE('',*,*,#1811,.F.);
#1999=ORIENTED_EDGE('',*,*,#1793,.T.);
#2000=EDGE_LOOP('',(#1996,#1997,#1998,#1999));
#2001=FACE_OUTER_BOUND('',#2000,.F.);
#2002=ADVANCED_FACE('',(#2001),#1995,.F.);
#2003=CARTESIAN_POINT('',(1.099573577414E2,-5.790714983082E1,3.125E0));
#2004=DIRECTION('',(-9.951116479696E-1,9.875630650821E-2,0.E0));
#2005=DIRECTION('',(-9.875630650821E-2,-9.951116479696E-1,0.E0));
#2006=AXIS2_PLACEMENT_3D('',#2003,#2004,#2005);
#2007=PLANE('',#2006);
#2008=ORIENTED_EDGE('',*,*,#1187,.T.);
#2009=ORIENTED_EDGE('',*,*,#1335,.T.);
#2010=ORIENTED_EDGE('',*,*,#1750,.F.);
#2011=ORIENTED_EDGE('',*,*,#1544,.F.);
#2012=EDGE_LOOP('',(#2008,#2009,#2010,#2011));
#2013=FACE_OUTER_BOUND('',#2012,.F.);
#2014=ADVANCED_FACE('',(#2013),#2007,.T.);
#2015=CARTESIAN_POINT('',(3.112945639377E1,-1.249300313489E2,1.25E1));
#2016=DIRECTION('',(-9.753779259749E-1,-2.205400224922E-1,0.E0));
#2017=DIRECTION('',(0.E0,0.E0,1.E0));
#2018=AXIS2_PLACEMENT_3D('',#2015,#2016,#2017);
#2019=CYLINDRICAL_SURFACE('',#2018,4.45E0);
#2020=ORIENTED_EDGE('',*,*,#1683,.F.);
#2022=ORIENTED_EDGE('',*,*,#2021,.T.);
#2024=ORIENTED_EDGE('',*,*,#2023,.T.);
#2026=ORIENTED_EDGE('',*,*,#2025,.T.);
#2028=ORIENTED_EDGE('',*,*,#2027,.F.);
#2030=ORIENTED_EDGE('',*,*,#2029,.T.);
#2032=ORIENTED_EDGE('',*,*,#2031,.F.);
#2034=ORIENTED_EDGE('',*,*,#2033,.F.);
#2036=ORIENTED_EDGE('',*,*,#2035,.T.);
#2038=ORIENTED_EDGE('',*,*,#2037,.F.);
#2039=EDGE_LOOP('',(#2020,#2022,#2024,#2026,#2028,#2030,#2032,#2034,#2036,
#2038));
#2040=FACE_OUTER_BOUND('',#2039,.F.);
#2041=ADVANCED_FACE('',(#2040),#2019,.T.);
#2042=CARTESIAN_POINT('',(3.112945639377E1,-1.249300313489E2,1.25E1));
#2043=DIRECTION('',(-9.753779259749E-1,-2.205400224922E-1,0.E0));
#2044=DIRECTION('',(0.E0,0.E0,1.E0));
#2045=AXIS2_PLACEMENT_3D('',#2042,#2043,#2044);
#2046=CYLINDRICAL_SURFACE('',#2045,4.45E0);
#2047=ORIENTED_EDGE('',*,*,#1685,.F.);
#2048=ORIENTED_EDGE('',*,*,#2037,.T.);
#2050=ORIENTED_EDGE('',*,*,#2049,.T.);
#2052=ORIENTED_EDGE('',*,*,#2051,.F.);
#2054=ORIENTED_EDGE('',*,*,#2053,.T.);
#2056=ORIENTED_EDGE('',*,*,#2055,.F.);
#2058=ORIENTED_EDGE('',*,*,#2057,.F.);
#2059=ORIENTED_EDGE('',*,*,#2021,.F.);
#2060=EDGE_LOOP('',(#2047,#2048,#2050,#2052,#2054,#2056,#2058,#2059));
#2061=FACE_OUTER_BOUND('',#2060,.F.);
#2062=ADVANCED_FACE('',(#2061),#2046,.T.);
#2063=CARTESIAN_POINT('',(3.077659235778E1,-1.233694266673E2,1.855240893940E1));
#2064=DIRECTION('',(-2.205400224922E-1,9.753779259749E-1,0.E0));
#2065=DIRECTION('',(0.E0,0.E0,-1.E0));
#2066=AXIS2_PLACEMENT_3D('',#2063,#2064,#2065);
#2067=PLANE('',#2066);
#2069=ORIENTED_EDGE('',*,*,#2068,.F.);
#2071=ORIENTED_EDGE('',*,*,#2070,.F.);
#2072=ORIENTED_EDGE('',*,*,#2049,.F.);
#2074=ORIENTED_EDGE('',*,*,#2073,.F.);
#2075=EDGE_LOOP('',(#2069,#2071,#2072,#2074));
#2076=FACE_OUTER_BOUND('',#2075,.F.);
#2077=ADVANCED_FACE('',(#2076),#2067,.T.);
#2078=CARTESIAN_POINT('',(-2.559929862462E2,-1.887227298515E2,
1.805240893940E1));
#2079=DIRECTION('',(9.753779259749E-1,2.205400224922E-1,0.E0));
#2080=DIRECTION('',(-2.205400224922E-1,9.753779259749E-1,0.E0));
#2081=AXIS2_PLACEMENT_3D('',#2078,#2079,#2080);
#2082=CYLINDRICAL_SURFACE('',#2081,5.E-1);
#2084=ORIENTED_EDGE('',*,*,#2083,.T.);
#2086=ORIENTED_EDGE('',*,*,#2085,.F.);
#2088=ORIENTED_EDGE('',*,*,#2087,.T.);
#2089=ORIENTED_EDGE('',*,*,#2068,.T.);
#2090=EDGE_LOOP('',(#2084,#2086,#2088,#2089));
#2091=FACE_OUTER_BOUND('',#2090,.F.);
#2092=ADVANCED_FACE('',(#2091),#2082,.T.);
#2093=CARTESIAN_POINT('',(-5.451472388088E0,-1.232617440961E0,-2.044E1));
#2094=DIRECTION('',(-9.753779259749E-1,-2.205400224922E-1,0.E0));
#2095=DIRECTION('',(0.E0,0.E0,1.E0));
#2096=AXIS2_PLACEMENT_3D('',#2093,#2094,#2095);
#2097=PLANE('',#2096);
#2098=ORIENTED_EDGE('',*,*,#2083,.F.);
#2099=ORIENTED_EDGE('',*,*,#2073,.T.);
#2100=ORIENTED_EDGE('',*,*,#2035,.F.);
#2102=ORIENTED_EDGE('',*,*,#2101,.T.);
#2104=ORIENTED_EDGE('',*,*,#2103,.F.);
#2106=ORIENTED_EDGE('',*,*,#2105,.T.);
#2107=EDGE_LOOP('',(#2098,#2099,#2100,#2102,#2104,#2106));
#2108=FACE_OUTER_BOUND('',#2107,.F.);
#2109=ADVANCED_FACE('',(#2108),#2097,.F.);
#2110=CARTESIAN_POINT('',(-5.451472388088E0,-1.232617440961E0,-2.044E1));
#2111=DIRECTION('',(-9.753779259749E-1,-2.205400224922E-1,0.E0));
#2112=DIRECTION('',(0.E0,0.E0,1.E0));
#2113=AXIS2_PLACEMENT_3D('',#2110,#2111,#2112);
#2114=PLANE('',#2113);
#2116=ORIENTED_EDGE('',*,*,#2115,.F.);
#2118=ORIENTED_EDGE('',*,*,#2117,.T.);
#2120=ORIENTED_EDGE('',*,*,#2119,.F.);
#2122=ORIENTED_EDGE('',*,*,#2121,.T.);
#2123=ORIENTED_EDGE('',*,*,#2023,.F.);
#2125=ORIENTED_EDGE('',*,*,#2124,.T.);
#2126=EDGE_LOOP('',(#2116,#2118,#2120,#2122,#2123,#2125));
#2127=FACE_OUTER_BOUND('',#2126,.F.);
#2128=ADVANCED_FACE('',(#2127),#2114,.F.);
#2129=CARTESIAN_POINT('',(3.148232042976E1,-1.264906360304E2,1.665240893940E1));
#2130=DIRECTION('',(2.205400224922E-1,-9.753779259749E-1,0.E0));
#2131=DIRECTION('',(0.E0,0.E0,1.E0));
#2132=AXIS2_PLACEMENT_3D('',#2129,#2130,#2131);
#2133=PLANE('',#2132);
#2135=ORIENTED_EDGE('',*,*,#2134,.T.);
#2136=ORIENTED_EDGE('',*,*,#2101,.F.);
#2137=ORIENTED_EDGE('',*,*,#2033,.T.);
#2139=ORIENTED_EDGE('',*,*,#2138,.F.);
#2140=EDGE_LOOP('',(#2135,#2136,#2137,#2139));
#2141=FACE_OUTER_BOUND('',#2140,.F.);
#2142=ADVANCED_FACE('',(#2141),#2133,.T.);
#2143=CARTESIAN_POINT('',(-2.555949492708E2,-1.908882667785E2,
1.805240893940E1));
#2144=DIRECTION('',(9.753779259749E-1,2.205400224922E-1,0.E0));
#2145=DIRECTION('',(0.E0,0.E0,1.E0));
#2146=AXIS2_PLACEMENT_3D('',#2143,#2144,#2145);
#2147=CYLINDRICAL_SURFACE('',#2146,5.E-1);
#2148=ORIENTED_EDGE('',*,*,#2103,.T.);
#2149=ORIENTED_EDGE('',*,*,#2134,.F.);
#2151=ORIENTED_EDGE('',*,*,#2150,.T.);
#2153=ORIENTED_EDGE('',*,*,#2152,.T.);
#2154=EDGE_LOOP('',(#2148,#2149,#2151,#2153));
#2155=FACE_OUTER_BOUND('',#2154,.F.);
#2156=ADVANCED_FACE('',(#2155),#2147,.T.);
#2157=CARTESIAN_POINT('',(1.357265372622E1,-1.288997517537E2,1.755240893940E1));
#2158=DIRECTION('',(-6.896963456765E-1,-1.559453454273E-1,7.071067811865E-1));
#2159=DIRECTION('',(6.896963456765E-1,1.559453454273E-1,7.071067811865E-1));
#2160=AXIS2_PLACEMENT_3D('',#2157,#2158,#2159);
#2161=PLANE('',#2160);
#2162=ORIENTED_EDGE('',*,*,#2087,.F.);
#2164=ORIENTED_EDGE('',*,*,#2163,.F.);
#2165=ORIENTED_EDGE('',*,*,#2150,.F.);
#2166=ORIENTED_EDGE('',*,*,#2138,.T.);
#2167=ORIENTED_EDGE('',*,*,#2031,.T.);
#2169=ORIENTED_EDGE('',*,*,#2168,.T.);
#2170=ORIENTED_EDGE('',*,*,#2051,.T.);
#2171=ORIENTED_EDGE('',*,*,#2070,.T.);
#2172=EDGE_LOOP('',(#2162,#2164,#2165,#2166,#2167,#2169,#2170,#2171));
#2173=FACE_OUTER_BOUND('',#2172,.F.);
#2174=ADVANCED_FACE('',(#2173),#2161,.T.);
#2175=CARTESIAN_POINT('',(3.148232042976E1,-1.264906360304E2,1.855240893940E1));
#2176=DIRECTION('',(0.E0,0.E0,1.E0));
#2177=DIRECTION('',(-2.205400224922E-1,9.753779259749E-1,0.E0));
#2178=AXIS2_PLACEMENT_3D('',#2175,#2176,#2177);
#2179=PLANE('',#2178);
#2180=ORIENTED_EDGE('',*,*,#2085,.T.);
#2181=ORIENTED_EDGE('',*,*,#2105,.F.);
#2182=ORIENTED_EDGE('',*,*,#2152,.F.);
#2183=ORIENTED_EDGE('',*,*,#2163,.T.);
#2184=EDGE_LOOP('',(#2180,#2181,#2182,#2183));
#2185=FACE_OUTER_BOUND('',#2184,.F.);
#2186=ADVANCED_FACE('',(#2185),#2179,.T.);
#2187=CARTESIAN_POINT('',(-1.579047840342E1,-3.570341679379E0,-2.044E1));
#2188=DIRECTION('',(-9.753779259749E-1,-2.205400224922E-1,0.E0));
#2189=DIRECTION('',(0.E0,0.E0,1.E0));
#2190=AXIS2_PLACEMENT_3D('',#2187,#2188,#2189);
#2191=PLANE('',#2190);
#2193=ORIENTED_EDGE('',*,*,#2192,.F.);
#2194=ORIENTED_EDGE('',*,*,#2053,.F.);
#2195=ORIENTED_EDGE('',*,*,#2168,.F.);
#2196=ORIENTED_EDGE('',*,*,#2029,.F.);
#2197=EDGE_LOOP('',(#2193,#2194,#2195,#2196));
#2198=FACE_OUTER_BOUND('',#2197,.F.);
#2199=ADVANCED_FACE('',(#2198),#2191,.T.);
#2200=CARTESIAN_POINT('',(1.357265372622E1,-1.288997517537E2,7.447591060601E0));
#2201=DIRECTION('',(-6.896963456765E-1,-1.559453454273E-1,-7.071067811865E-1));
#2202=DIRECTION('',(6.896963456765E-1,1.559453454273E-1,-7.071067811865E-1));
#2203=AXIS2_PLACEMENT_3D('',#2200,#2201,#2202);
#2204=PLANE('',#2203);
#2206=ORIENTED_EDGE('',*,*,#2205,.F.);
#2208=ORIENTED_EDGE('',*,*,#2207,.T.);
#2209=ORIENTED_EDGE('',*,*,#2055,.T.);
#2210=ORIENTED_EDGE('',*,*,#2192,.T.);
#2211=ORIENTED_EDGE('',*,*,#2027,.T.);
#2213=ORIENTED_EDGE('',*,*,#2212,.T.);
#2215=ORIENTED_EDGE('',*,*,#2214,.F.);
#2217=ORIENTED_EDGE('',*,*,#2216,.F.);
#2218=EDGE_LOOP('',(#2206,#2208,#2209,#2210,#2211,#2213,#2215,#2217));
#2219=FACE_OUTER_BOUND('',#2218,.F.);
#2220=ADVANCED_FACE('',(#2219),#2204,.T.);
#2221=CARTESIAN_POINT('',(-2.590674834233E2,-1.894178959595E2,
6.947591060601E0));
#2222=DIRECTION('',(9.753779259749E-1,2.205400224922E-1,0.E0));
#2223=DIRECTION('',(0.E0,0.E0,-1.E0));
#2224=AXIS2_PLACEMENT_3D('',#2221,#2222,#2223);
#2225=CYLINDRICAL_SURFACE('',#2224,5.E-1);
#2226=ORIENTED_EDGE('',*,*,#2115,.T.);
#2228=ORIENTED_EDGE('',*,*,#2227,.F.);
#2229=ORIENTED_EDGE('',*,*,#2205,.T.);
#2231=ORIENTED_EDGE('',*,*,#2230,.T.);
#2232=EDGE_LOOP('',(#2226,#2228,#2229,#2231));
#2233=FACE_OUTER_BOUND('',#2232,.F.);
#2234=ADVANCED_FACE('',(#2233),#2225,.T.);
#2235=CARTESIAN_POINT('',(3.077659235778E1,-1.233694266673E2,8.347591060601E0));
#2236=DIRECTION('',(-2.205400224922E-1,9.753779259749E-1,0.E0));
#2237=DIRECTION('',(0.E0,0.E0,-1.E0));
#2238=AXIS2_PLACEMENT_3D('',#2235,#2236,#2237);
#2239=PLANE('',#2238);
#2240=ORIENTED_EDGE('',*,*,#2227,.T.);
#2241=ORIENTED_EDGE('',*,*,#2124,.F.);
#2242=ORIENTED_EDGE('',*,*,#2057,.T.);
#2243=ORIENTED_EDGE('',*,*,#2207,.F.);
#2244=EDGE_LOOP('',(#2240,#2241,#2242,#2243));
#2245=FACE_OUTER_BOUND('',#2244,.F.);
#2246=ADVANCED_FACE('',(#2245),#2239,.T.);
#2247=CARTESIAN_POINT('',(3.077659235778E1,-1.233694266673E2,6.447591060601E0));
#2248=DIRECTION('',(0.E0,0.E0,-1.E0));
#2249=DIRECTION('',(2.205400224922E-1,-9.753779259749E-1,0.E0));
#2250=AXIS2_PLACEMENT_3D('',#2247,#2248,#2249);
#2251=PLANE('',#2250);
#2252=ORIENTED_EDGE('',*,*,#2230,.F.);
#2253=ORIENTED_EDGE('',*,*,#2216,.T.);
#2255=ORIENTED_EDGE('',*,*,#2254,.T.);
#2256=ORIENTED_EDGE('',*,*,#2117,.F.);
#2257=EDGE_LOOP('',(#2252,#2253,#2255,#2256));
#2258=FACE_OUTER_BOUND('',#2257,.F.);
#2259=ADVANCED_FACE('',(#2258),#2251,.T.);
#2260=CARTESIAN_POINT('',(-2.584921003214E2,-1.915433336412E2,
6.947591060601E0));
#2261=DIRECTION('',(9.753779259749E-1,2.205400224922E-1,0.E0));
#2262=DIRECTION('',(2.205400224922E-1,-9.753779259749E-1,0.E0));
#2263=AXIS2_PLACEMENT_3D('',#2260,#2261,#2262);
#2264=CYLINDRICAL_SURFACE('',#2263,5.E-1);
#2265=ORIENTED_EDGE('',*,*,#2119,.T.);
#2266=ORIENTED_EDGE('',*,*,#2254,.F.);
#2267=ORIENTED_EDGE('',*,*,#2214,.T.);
#2269=ORIENTED_EDGE('',*,*,#2268,.T.);
#2270=EDGE_LOOP('',(#2265,#2266,#2267,#2269));
#2271=FACE_OUTER_BOUND('',#2270,.F.);
#2272=ADVANCED_FACE('',(#2271),#2264,.T.);
#2273=CARTESIAN_POINT('',(3.148232042976E1,-1.264906360304E2,6.447591060601E0));
#2274=DIRECTION('',(2.205400224922E-1,-9.753779259749E-1,0.E0));
#2275=DIRECTION('',(0.E0,0.E0,1.E0));
#2276=AXIS2_PLACEMENT_3D('',#2273,#2274,#2275);
#2277=PLANE('',#2276);
#2278=ORIENTED_EDGE('',*,*,#2268,.F.);
#2279=ORIENTED_EDGE('',*,*,#2212,.F.);
#2280=ORIENTED_EDGE('',*,*,#2025,.F.);
#2281=ORIENTED_EDGE('',*,*,#2121,.F.);
#2282=EDGE_LOOP('',(#2278,#2279,#2280,#2281));
#2283=FACE_OUTER_BOUND('',#2282,.F.);
#2284=ADVANCED_FACE('',(#2283),#2277,.T.);
#2285=CARTESIAN_POINT('',(1.093455276095E2,-7.445840716781E1,0.E0));
#2286=DIRECTION('',(8.170867344389E-1,-5.765147599185E-1,0.E0));
#2287=DIRECTION('',(-5.765147599185E-1,-8.170867344389E-1,0.E0));
#2288=AXIS2_PLACEMENT_3D('',#2285,#2286,#2287);
#2289=PLANE('',#2288);
#2290=ORIENTED_EDGE('',*,*,#1577,.F.);
#2291=ORIENTED_EDGE('',*,*,#1592,.F.);
#2292=ORIENTED_EDGE('',*,*,#1629,.T.);
#2293=ORIENTED_EDGE('',*,*,#1404,.F.);
#2294=ORIENTED_EDGE('',*,*,#1451,.T.);
#2295=ORIENTED_EDGE('',*,*,#1499,.T.);
#2296=EDGE_LOOP('',(#2290,#2291,#2292,#2293,#2294,#2295));
#2297=FACE_OUTER_BOUND('',#2296,.F.);
#2298=ADVANCED_FACE('',(#2297),#2289,.T.);
#2299=CARTESIAN_POINT('',(1.036624655464E2,-6.960849796182E1,0.E0));
#2300=DIRECTION('',(-8.584388631401E-1,5.129158978339E-1,0.E0));
#2301=DIRECTION('',(5.129158978339E-1,8.584388631401E-1,0.E0));
#2302=AXIS2_PLACEMENT_3D('',#2299,#2300,#2301);
#2303=PLANE('',#2302);
#2304=ORIENTED_EDGE('',*,*,#1517,.F.);
#2305=ORIENTED_EDGE('',*,*,#1540,.F.);
#2306=ORIENTED_EDGE('',*,*,#1559,.T.);
#2307=ORIENTED_EDGE('',*,*,#1493,.T.);
#2308=EDGE_LOOP('',(#2304,#2305,#2306,#2307));
#2309=FACE_OUTER_BOUND('',#2308,.F.);
#2310=ADVANCED_FACE('',(#2309),#2303,.T.);
#2311=CLOSED_SHELL('',(#1169,#1193,#1208,#1238,#1262,#1285,#1303,#1320,#1343,
#1357,#1387,#1398,#1409,#1425,#1440,#1455,#1469,#1482,#1508,#1522,#1534,#1550,
#1568,#1582,#1596,#1610,#1639,#1650,#1663,#1689,#1712,#1723,#1735,#1759,#1773,
#1784,#1798,#1816,#1830,#1845,#1859,#1873,#1886,#1896,#1906,#1920,#1934,#1946,
#1959,#1978,#1990,#2002,#2014,#2041,#2062,#2077,#2092,#2109,#2128,#2142,#2156,
#2174,#2186,#2199,#2220,#2234,#2246,#2259,#2272,#2284,#2298,#2310));
#2312=MANIFOLD_SOLID_BREP('',#2311);
#2314=DIMENSIONAL_EXPONENTS(0.E0,0.E0,0.E0,0.E0,0.E0,0.E0,0.E0);
#2316=PLANE_ANGLE_MEASURE_WITH_UNIT(PLANE_ANGLE_MEASURE(1.745329251994E-2),
#2315);
#2317=(CONVERSION_BASED_UNIT('DEGREE',#2316)NAMED_UNIT(*)PLANE_ANGLE_UNIT());
#2319=UNCERTAINTY_MEASURE_WITH_UNIT(LENGTH_MEASURE(2.654986517468E-2),#2313,
'closure',
'Maximum model space distance between geometric entities at asserted connectivities');
#2320=(GEOMETRIC_REPRESENTATION_CONTEXT(3)GLOBAL_UNCERTAINTY_ASSIGNED_CONTEXT((
#2319))GLOBAL_UNIT_ASSIGNED_CONTEXT((#2313,#2317,#2318))REPRESENTATION_CONTEXT(
'ID1','3'));
#2322=APPLICATION_CONTEXT(
'CONFIGURATION CONTROLLED 3D DESIGNS OF MECHANICAL PARTS AND ASSEMBLIES');
#2323=APPLICATION_PROTOCOL_DEFINITION('international standard',
'config_control_design',1994,#2322);
#2324=DESIGN_CONTEXT('',#2322,'design');
#2325=MECHANICAL_CONTEXT('',#2322,'mechanical');
#2326=PRODUCT('LINK3','LINK3','NOT SPECIFIED',(#2325));
#2327=PRODUCT_DEFINITION_FORMATION_WITH_SPECIFIED_SOURCE('10','LAST_VERSION',
#2326,.MADE.);
#2331=PRODUCT_CATEGORY('part','');
#2332=PRODUCT_RELATED_PRODUCT_CATEGORY('detail','',(#2326));
#2333=PRODUCT_CATEGORY_RELATIONSHIP('','',#2331,#2332);
#2334=SECURITY_CLASSIFICATION_LEVEL('unclassified');
#2335=SECURITY_CLASSIFICATION('','',#2334);
#2336=CC_DESIGN_SECURITY_CLASSIFICATION(#2335,(#2327));
#2337=APPROVAL_STATUS('approved');
#2338=APPROVAL(#2337,'');
#2339=CC_DESIGN_APPROVAL(#2338,(#2335,#2327,#2328));
#2340=CALENDAR_DATE(126,23,7);
#2341=COORDINATED_UNIVERSAL_TIME_OFFSET(8,0,.AHEAD.);
#2342=LOCAL_TIME(19,9,2.4E1,#2341);
#2343=DATE_AND_TIME(#2340,#2342);
#2344=APPROVAL_DATE_TIME(#2343,#2338);
#2345=DATE_TIME_ROLE('creation_date');
#2346=CC_DESIGN_DATE_AND_TIME_ASSIGNMENT(#2343,#2345,(#2328));
#2347=DATE_TIME_ROLE('classification_date');
#2348=CC_DESIGN_DATE_AND_TIME_ASSIGNMENT(#2343,#2347,(#2335));
#2349=PERSON('UNSPECIFIED','UNSPECIFIED',$,$,$,$);
#2350=ORGANIZATION('UNSPECIFIED','UNSPECIFIED','UNSPECIFIED');
#2351=PERSON_AND_ORGANIZATION(#2349,#2350);
#2352=APPROVAL_ROLE('approver');
#2353=APPROVAL_PERSON_ORGANIZATION(#2351,#2338,#2352);
#2354=PERSON_AND_ORGANIZATION_ROLE('creator');
#2355=CC_DESIGN_PERSON_AND_ORGANIZATION_ASSIGNMENT(#2351,#2354,(#2327,#2328));
#2356=PERSON_AND_ORGANIZATION_ROLE('design_supplier');
#2357=CC_DESIGN_PERSON_AND_ORGANIZATION_ASSIGNMENT(#2351,#2356,(#2327));
#2358=PERSON_AND_ORGANIZATION_ROLE('classification_officer');
#2359=CC_DESIGN_PERSON_AND_ORGANIZATION_ASSIGNMENT(#2351,#2358,(#2335));
#2360=PERSON_AND_ORGANIZATION_ROLE('design_owner');
#2361=CC_DESIGN_PERSON_AND_ORGANIZATION_ASSIGNMENT(#2351,#2360,(#2326));
#9=CIRCLE('',#8,7.E0);
#18=CIRCLE('',#17,7.E0);
#27=CIRCLE('',#26,7.E0);
#44=CIRCLE('',#43,7.E0);
#53=CIRCLE('',#52,7.E0);
#62=CIRCLE('',#61,7.E0);
#75=CIRCLE('',#74,4.E0);
#80=CIRCLE('',#79,4.E0);
#85=CIRCLE('',#84,7.E0);
#114=CIRCLE('',#113,4.E0);
#119=CIRCLE('',#118,4.E0);
#128=CIRCLE('',#127,4.E0);
#137=CIRCLE('',#136,4.E0);
#142=CIRCLE('',#141,4.E0);
#151=CIRCLE('',#150,4.E0);
#176=CIRCLE('',#175,4.E0);
#205=CIRCLE('',#204,1.786567896551E2);
#214=CIRCLE('',#213,1.786567896551E2);
#223=CIRCLE('',#222,1.786567896551E2);
#232=CIRCLE('',#231,1.786567896551E2);
#241=CIRCLE('',#240,1.325E2);
#250=CIRCLE('',#249,1.25E2);
#255=CIRCLE('',#254,1.786567896551E2);
#280=CIRCLE('',#279,4.E0);
#285=CIRCLE('',#284,4.E0);
#294=CIRCLE('',#293,7.E0);
#342=B_SPLINE_CURVE_WITH_KNOTS('',3,(#335,#336,#337,#338,#339,#340,#341),
.UNSPECIFIED.,.F.,.F.,(4,1,1,1,4),(0.E0,2.5E-1,5.E-1,7.5E-1,1.E0),
.UNSPECIFIED.);
#371=B_SPLINE_CURVE_WITH_KNOTS('',3,(#363,#364,#365,#366,#367,#368,#369,#370),
.UNSPECIFIED.,.F.,.F.,(4,1,1,1,1,4),(0.E0,2.E-1,4.E-1,6.E-1,8.E-1,1.E0),
.UNSPECIFIED.);
#382=B_SPLINE_CURVE_WITH_KNOTS('',3,(#372,#373,#374,#375,#376,#377,#378,#379,
#380,#381),.UNSPECIFIED.,.F.,.F.,(4,1,1,1,1,1,1,4),(0.E0,1.428571428571E-1,
2.857142857143E-1,4.285714285714E-1,5.714285714286E-1,7.142857142857E-1,
8.571428571429E-1,1.E0),.UNSPECIFIED.);
#393=B_SPLINE_CURVE_WITH_KNOTS('',3,(#387,#388,#389,#390,#391,#392),
.UNSPECIFIED.,.F.,.F.,(4,1,1,4),(0.E0,3.333333333333E-1,6.666666666667E-1,1.E0),
.UNSPECIFIED.);
#408=B_SPLINE_CURVE_WITH_KNOTS('',3,(#402,#403,#404,#405,#406,#407),
.UNSPECIFIED.,.F.,.F.,(4,1,1,4),(0.E0,3.333333333333E-1,6.666666666667E-1,1.E0),
.UNSPECIFIED.);
#432=B_SPLINE_CURVE_WITH_KNOTS('',3,(#409,#410,#411,#412,#413,#414,#415,#416,
#417,#418,#419,#420,#421,#422,#423,#424,#425,#426,#427,#428,#429,#430,#431),
.UNSPECIFIED.,.F.,.F.,(4,1,1,1,1,1,1,1,1,1,1,1,1,1,1,1,1,1,1,1,4),(0.E0,
1.5625E-2,3.125E-2,6.25E-2,9.375E-2,1.25E-1,1.875E-1,2.5E-1,3.125E-1,3.75E-1,
5.E-1,6.25E-1,6.875E-1,7.5E-1,8.125E-1,8.75E-1,9.0625E-1,9.375E-1,9.6875E-1,
9.84375E-1,1.E0),.UNSPECIFIED.);
#437=CIRCLE('',#436,1.E1);
#442=CIRCLE('',#441,1.E1);
#447=CIRCLE('',#446,4.45E0);
#452=CIRCLE('',#451,4.45E0);
#463=B_SPLINE_CURVE_WITH_KNOTS('',3,(#457,#458,#459,#460,#461,#462),
.UNSPECIFIED.,.F.,.F.,(4,1,1,4),(0.E0,3.333333333333E-1,6.666666666667E-1,1.E0),
.UNSPECIFIED.);
#482=B_SPLINE_CURVE_WITH_KNOTS('',3,(#476,#477,#478,#479,#480,#481),
.UNSPECIFIED.,.F.,.F.,(4,1,1,4),(0.E0,3.333333333333E-1,6.666666666667E-1,1.E0),
.UNSPECIFIED.);
#496=B_SPLINE_CURVE_WITH_KNOTS('',3,(#483,#484,#485,#486,#487,#488,#489,#490,
#491,#492,#493,#494,#495),.UNSPECIFIED.,.F.,.F.,(4,1,1,1,1,1,1,1,1,1,4),(0.E0,
6.25E-2,1.25E-1,2.5E-1,3.75E-1,5.E-1,6.25E-1,7.5E-1,8.75E-1,9.375E-1,1.E0),
.UNSPECIFIED.);
#505=CIRCLE('',#504,1.528348436333E2);
#510=CIRCLE('',#509,1.528348436333E2);
#515=CIRCLE('',#514,1.528348436333E2);
#520=CIRCLE('',#519,1.528348436333E2);
#529=CIRCLE('',#528,1.528348436333E2);
#538=CIRCLE('',#537,1.528348436333E2);
#562=B_SPLINE_CURVE_WITH_KNOTS('',3,(#555,#556,#557,#558,#559,#560,#561),
.UNSPECIFIED.,.F.,.F.,(4,1,1,1,4),(0.E0,2.5E-1,5.E-1,7.5E-1,1.E0),
.UNSPECIFIED.);
#570=B_SPLINE_CURVE_WITH_KNOTS('',3,(#563,#564,#565,#566,#567,#568,#569),
.UNSPECIFIED.,.F.,.F.,(4,1,1,1,4),(0.E0,2.5E-1,5.E-1,7.5E-1,1.E0),
.UNSPECIFIED.);
#599=CIRCLE('',#598,1.786567896551E2);
#608=CIRCLE('',#607,1.786567896551E2);
#617=CIRCLE('',#616,1.25E2);
#630=CIRCLE('',#629,1.325E2);
#639=CIRCLE('',#638,1.786567896551E2);
#658=B_SPLINE_CURVE_WITH_KNOTS('',3,(#648,#649,#650,#651,#652,#653,#654,#655,
#656,#657),.UNSPECIFIED.,.F.,.F.,(4,1,1,1,1,1,1,4),(0.E0,1.428571428571E-1,
2.857142857143E-1,4.285714285714E-1,5.714285714286E-1,7.142857142857E-1,
8.571428571429E-1,1.E0),.UNSPECIFIED.);
#666=B_SPLINE_CURVE_WITH_KNOTS('',3,(#659,#660,#661,#662,#663,#664,#665),
.UNSPECIFIED.,.F.,.F.,(4,1,1,1,4),(0.E0,2.5E-1,5.E-1,7.5E-1,1.E0),
.UNSPECIFIED.);
#679=CIRCLE('',#678,4.E0);
#700=CIRCLE('',#699,4.45E0);
#709=B_SPLINE_CURVE_WITH_KNOTS('',3,(#705,#706,#707,#708),.UNSPECIFIED.,.F.,.F.,
(4,4),(0.E0,1.E0),.UNSPECIFIED.);
#714=B_SPLINE_CURVE_WITH_KNOTS('',3,(#710,#711,#712,#713),.UNSPECIFIED.,.F.,.F.,
(4,4),(0.E0,1.E0),.UNSPECIFIED.);
#719=CIRCLE('',#718,4.45E0);
#732=B_SPLINE_CURVE_WITH_KNOTS('',3,(#728,#729,#730,#731),.UNSPECIFIED.,.F.,.F.,
(4,4),(0.E0,1.E0),.UNSPECIFIED.);
#737=B_SPLINE_CURVE_WITH_KNOTS('',3,(#733,#734,#735,#736),.UNSPECIFIED.,.F.,.F.,
(4,4),(0.E0,1.E0),.UNSPECIFIED.);
#758=CIRCLE('',#757,5.E-1);
#763=CIRCLE('',#762,5.E-1);
#768=CIRCLE('',#767,5.E-1);
#773=CIRCLE('',#772,5.E-1);
#795=B_SPLINE_CURVE_WITH_KNOTS('',3,(#790,#791,#792,#793,#794),.UNSPECIFIED.,
.F.,.F.,(4,1,4),(0.E0,5.E-1,1.E0),.UNSPECIFIED.);
#801=B_SPLINE_CURVE_WITH_KNOTS('',3,(#796,#797,#798,#799,#800),.UNSPECIFIED.,
.F.,.F.,(4,1,4),(0.E0,5.E-1,1.E0),.UNSPECIFIED.);
#826=CIRCLE('',#825,4.45E0);
#835=CIRCLE('',#834,4.45E0);
#841=B_SPLINE_CURVE_WITH_KNOTS('',3,(#836,#837,#838,#839,#840),.UNSPECIFIED.,
.F.,.F.,(4,1,4),(0.E0,5.E-1,1.E0),.UNSPECIFIED.);
#847=B_SPLINE_CURVE_WITH_KNOTS('',3,(#842,#843,#844,#845,#846),.UNSPECIFIED.,
.F.,.F.,(4,1,4),(0.E0,5.E-1,1.E0),.UNSPECIFIED.);
#899=B_SPLINE_CURVE_WITH_KNOTS('',3,(#892,#893,#894,#895,#896,#897,#898),
.UNSPECIFIED.,.F.,.F.,(4,1,1,1,4),(0.E0,2.5E-1,5.E-1,7.5E-1,1.E0),
.UNSPECIFIED.);
#1151=EDGE_CURVE('',#1084,#1085,#4,.T.);
#1153=EDGE_CURVE('',#1085,#1091,#9,.T.);
#1155=EDGE_CURVE('',#1097,#1091,#13,.T.);
#1157=EDGE_CURVE('',#1145,#1097,#18,.T.);
#1159=EDGE_CURVE('',#1144,#1145,#22,.T.);
#1161=EDGE_CURVE('',#1144,#1137,#27,.T.);
#1163=EDGE_CURVE('',#1136,#1137,#31,.T.);
#1165=EDGE_CURVE('',#1084,#1136,#85,.T.);
#1175=EDGE_CURVE('',#1100,#1101,#35,.T.);
#1177=EDGE_CURVE('',#1101,#1125,#294,.T.);
#1179=EDGE_CURVE('',#1123,#1125,#39,.T.);
#1181=EDGE_CURVE('',#1121,#1123,#44,.T.);
#1183=EDGE_CURVE('',#1120,#1121,#48,.T.);
#1185=EDGE_CURVE('',#1120,#1109,#53,.T.);
#1187=EDGE_CURVE('',#1107,#1109,#57,.T.);
#1189=EDGE_CURVE('',#1100,#1107,#62,.T.);
#1200=EDGE_CURVE('',#1084,#1088,#66,.T.);
#1202=EDGE_CURVE('',#1088,#1089,#687,.T.);
#1204=EDGE_CURVE('',#1089,#1085,#70,.T.);
#1215=EDGE_CURVE('',#1132,#1136,#590,.T.);
#1217=EDGE_CURVE('',#1132,#952,#89,.T.);
#1219=EDGE_CURVE('',#952,#953,#93,.T.);
#1221=EDGE_CURVE('',#953,#980,#97,.T.);
#1223=EDGE_CURVE('',#984,#980,#101,.T.);
#1225=EDGE_CURVE('',#984,#957,#105,.T.);
#1227=EDGE_CURVE('',#957,#1088,#109,.T.);
#1232=EDGE_CURVE('',#948,#949,#75,.T.);
#1234=EDGE_CURVE('',#949,#948,#80,.T.);
#1244=EDGE_CURVE('',#992,#993,#114,.T.);
#1246=EDGE_CURVE('',#1007,#992,#159,.T.);
#1248=EDGE_CURVE('',#1007,#1001,#119,.T.);
#1250=EDGE_CURVE('',#1000,#1001,#123,.T.);
#1252=EDGE_CURVE('',#945,#1000,#128,.T.);
#1254=EDGE_CURVE('',#945,#926,#132,.T.);
#1256=EDGE_CURVE('',#926,#927,#280,.T.);
#1258=EDGE_CURVE('',#993,#927,#163,.T.);
#1268=EDGE_CURVE('',#1004,#1009,#137,.T.);
#1270=EDGE_CURVE('',#996,#1009,#171,.T.);
#1272=EDGE_CURVE('',#996,#997,#142,.T.);
#1274=EDGE_CURVE('',#997,#949,#167,.T.);
#1277=EDGE_CURVE('',#959,#948,#146,.T.);
#1279=EDGE_CURVE('',#959,#1005,#151,.T.);
#1281=EDGE_CURVE('',#1004,#1005,#155,.T.);
#1293=EDGE_CURVE('',#1007,#1001,#176,.T.);
#1298=EDGE_CURVE('',#927,#926,#285,.T.);
#1312=EDGE_CURVE('',#1009,#1004,#679,.T.);
#1327=EDGE_CURVE('',#1116,#1120,#184,.T.);
#1329=EDGE_CURVE('',#918,#1116,#214,.T.);
#1331=EDGE_CURVE('',#922,#918,#180,.T.);
#1333=EDGE_CURVE('',#922,#1113,#529,.T.);
#1335=EDGE_CURVE('',#1109,#1113,#695,.T.);
#1349=EDGE_CURVE('',#1116,#1117,#192,.T.);
#1353=EDGE_CURVE('',#1121,#1117,#188,.T.);
#1364=EDGE_CURVE('',#938,#1117,#255,.T.);
#1366=EDGE_CURVE('',#939,#938,#223,.T.);
#1368=EDGE_CURVE('',#943,#939,#232,.T.);
#1370=EDGE_CURVE('',#943,#967,#196,.T.);
#1372=EDGE_CURVE('',#967,#963,#608,.T.);
#1374=EDGE_CURVE('',#963,#961,#599,.T.);
#1376=EDGE_CURVE('',#961,#1140,#639,.T.);
#1378=EDGE_CURVE('',#1140,#1141,#200,.T.);
#1380=EDGE_CURVE('',#919,#1141,#205,.T.);
#1382=EDGE_CURVE('',#918,#919,#209,.T.);
#1393=EDGE_CURVE('',#938,#939,#218,.T.);
#1404=EDGE_CURVE('',#939,#943,#227,.T.);
#1415=EDGE_CURVE('',#1012,#1013,#236,.T.);
#1417=EDGE_CURVE('',#1012,#974,#241,.T.);
#1419=EDGE_CURVE('',#974,#975,#245,.T.);
#1421=EDGE_CURVE('',#975,#1013,#250,.T.);
#1434=EDGE_CURVE('',#1123,#1128,#259,.T.);
#1436=EDGE_CURVE('',#1128,#938,#263,.T.);
#1447=EDGE_CURVE('',#938,#930,#267,.T.);
#1449=EDGE_CURVE('',#930,#931,#314,.T.);
#1451=EDGE_CURVE('',#939,#931,#907,.T.);
#1461=EDGE_CURVE('',#1128,#1129,#271,.T.);
#1463=EDGE_CURVE('',#1129,#930,#289,.T.);
#1476=EDGE_CURVE('',#1125,#1129,#275,.T.);
#1491=EDGE_CURVE('',#1105,#1101,#322,.T.);
#1493=EDGE_CURVE('',#935,#1105,#298,.T.);
#1495=EDGE_CURVE('',#985,#935,#302,.T.);
#1497=EDGE_CURVE('',#989,#985,#306,.T.);
#1499=EDGE_CURVE('',#931,#989,#310,.T.);
#1515=EDGE_CURVE('',#1100,#1104,#318,.T.);
#1517=EDGE_CURVE('',#1104,#1105,#911,.T.);
#1528=EDGE_CURVE('',#941,#934,#326,.T.);
#1530=EDGE_CURVE('',#941,#934,#515,.T.);
#1540=EDGE_CURVE('',#934,#1104,#330,.T.);
#1544=EDGE_CURVE('',#1107,#1112,#334,.T.);
#1546=EDGE_CURVE('',#934,#1112,#520,.T.);
#1556=EDGE_CURVE('',#985,#986,#342,.T.);
#1559=EDGE_CURVE('',#934,#935,#915,.T.);
#1562=EDGE_CURVE('',#979,#941,#346,.T.);
#1564=EDGE_CURVE('',#979,#986,#350,.T.);
#1575=EDGE_CURVE('',#988,#986,#354,.T.);
#1577=EDGE_CURVE('',#988,#989,#899,.T.);
#1590=EDGE_CURVE('',#978,#979,#358,.T.);
#1592=EDGE_CURVE('',#978,#988,#362,.T.);
#1603=EDGE_CURVE('',#974,#978,#371,.T.);
#1606=EDGE_CURVE('',#979,#975,#382,.T.);
#1616=EDGE_CURVE('',#1080,#1081,#386,.T.);
#1618=EDGE_CURVE('',#1081,#1073,#393,.T.);
#1620=EDGE_CURVE('',#1073,#1016,#397,.T.);
#1622=EDGE_CURVE('',#1016,#971,#630,.T.);
#1624=EDGE_CURVE('',#981,#971,#658,.T.);
#1626=EDGE_CURVE('',#981,#967,#578,.T.);
#1629=EDGE_CURVE('',#978,#943,#903,.T.);
#1633=EDGE_CURVE('',#1012,#1071,#401,.T.);
#1635=EDGE_CURVE('',#1071,#1080,#408,.T.);
#1646=EDGE_CURVE('',#1080,#1081,#432,.T.);
#1658=EDGE_CURVE('',#1071,#1073,#437,.T.);
#1673=EDGE_CURVE('',#1013,#1067,#467,.T.);
#1675=EDGE_CURVE('',#1069,#1067,#442,.T.);
#1677=EDGE_CURVE('',#1069,#1017,#475,.T.);
#1679=EDGE_CURVE('',#1016,#1017,#612,.T.);
#1683=EDGE_CURVE('',#1024,#1020,#447,.T.);
#1685=EDGE_CURVE('',#1020,#1024,#452,.T.);
#1695=EDGE_CURVE('',#1076,#1077,#456,.T.);
#1697=EDGE_CURVE('',#1076,#1067,#463,.T.);
#1703=EDGE_CURVE('',#941,#965,#471,.T.);
#1705=EDGE_CURVE('',#965,#1017,#617,.T.);
#1708=EDGE_CURVE('',#1069,#1077,#482,.T.);
#1719=EDGE_CURVE('',#1077,#1076,#496,.T.);
#1741=EDGE_CURVE('',#1094,#1095,#500,.T.);
#1743=EDGE_CURVE('',#956,#1095,#505,.T.);
#1745=EDGE_CURVE('',#965,#956,#510,.T.);
#1750=EDGE_CURVE('',#1112,#1113,#524,.T.);
#1753=EDGE_CURVE('',#922,#923,#533,.T.);
#1755=EDGE_CURVE('',#923,#1094,#538,.T.);
#1765=EDGE_CURVE('',#1095,#1091,#550,.T.);
#1768=EDGE_CURVE('',#1094,#1097,#542,.T.);
#1779=EDGE_CURVE('',#965,#956,#546,.T.);
#1793=EDGE_CURVE('',#956,#1089,#554,.T.);
#1804=EDGE_CURVE('',#983,#984,#562,.T.);
#1806=EDGE_CURVE('',#970,#983,#666,.T.);
#1808=EDGE_CURVE('',#970,#965,#621,.T.);
#1811=EDGE_CURVE('',#956,#957,#691,.T.);
#1822=EDGE_CURVE('',#980,#981,#570,.T.);
#1824=EDGE_CURVE('',#983,#981,#647,.T.);
#1838=EDGE_CURVE('',#963,#953,#574,.T.);
#1840=EDGE_CURVE('',#963,#967,#603,.T.);
#1851=EDGE_CURVE('',#961,#952,#582,.T.);
#1853=EDGE_CURVE('',#961,#963,#594,.T.);
#1865=EDGE_CURVE('',#1132,#1133,#586,.T.);
#1867=EDGE_CURVE('',#1133,#961,#643,.T.);
#1882=EDGE_CURVE('',#1133,#1137,#634,.T.);
#1915=EDGE_CURVE('',#970,#971,#625,.T.);
#1928=EDGE_CURVE('',#1140,#1144,#670,.T.);
#1955=EDGE_CURVE('',#1145,#1141,#674,.T.);
#1970=EDGE_CURVE('',#923,#919,#683,.T.);
#2021=EDGE_CURVE('',#1024,#1025,#741,.T.);
#2023=EDGE_CURVE('',#1025,#1027,#700,.T.);
#2025=EDGE_CURVE('',#1027,#1031,#704,.T.);
#2027=EDGE_CURVE('',#1030,#1031,#709,.T.);
#2029=EDGE_CURVE('',#1030,#1037,#835,.T.);
#2031=EDGE_CURVE('',#1036,#1037,#714,.T.);
#2033=EDGE_CURVE('',#1029,#1036,#785,.T.);
#2035=EDGE_CURVE('',#1029,#1021,#719,.T.);
#2037=EDGE_CURVE('',#1020,#1021,#723,.T.);
#2049=EDGE_CURVE('',#1021,#1035,#727,.T.);
#2051=EDGE_CURVE('',#1034,#1035,#732,.T.);
#2053=EDGE_CURVE('',#1034,#1033,#826,.T.);
#2055=EDGE_CURVE('',#1032,#1033,#737,.T.);
#2057=EDGE_CURVE('',#1025,#1032,#859,.T.);
#2068=EDGE_CURVE('',#1044,#1040,#745,.T.);
#2070=EDGE_CURVE('',#1035,#1044,#749,.T.);
#2073=EDGE_CURVE('',#1040,#1021,#753,.T.);
#2083=EDGE_CURVE('',#1040,#1041,#758,.T.);
#2085=EDGE_CURVE('',#1043,#1041,#805,.T.);
#2087=EDGE_CURVE('',#1043,#1044,#795,.T.);
#2101=EDGE_CURVE('',#1029,#1048,#781,.T.);
#2103=EDGE_CURVE('',#1047,#1048,#763,.T.);
#2105=EDGE_CURVE('',#1047,#1041,#809,.T.);
#2115=EDGE_CURVE('',#1054,#1055,#768,.T.);
#2117=EDGE_CURVE('',#1054,#1062,#879,.T.);
#2119=EDGE_CURVE('',#1061,#1062,#773,.T.);
#2121=EDGE_CURVE('',#1061,#1027,#891,.T.);
#2124=EDGE_CURVE('',#1025,#1055,#855,.T.);
#2134=EDGE_CURVE('',#1050,#1048,#777,.T.);
#2138=EDGE_CURVE('',#1050,#1036,#789,.T.);
#2150=EDGE_CURVE('',#1050,#1051,#801,.T.);
#2152=EDGE_CURVE('',#1051,#1047,#813,.T.);
#2163=EDGE_CURVE('',#1051,#1043,#817,.T.);
#2168=EDGE_CURVE('',#1037,#1034,#830,.T.);
#2192=EDGE_CURVE('',#1033,#1030,#821,.T.);
#2205=EDGE_CURVE('',#1057,#1058,#841,.T.);
#2207=EDGE_CURVE('',#1057,#1032,#863,.T.);
#2212=EDGE_CURVE('',#1031,#1065,#887,.T.);
#2214=EDGE_CURVE('',#1064,#1065,#847,.T.);
#2216=EDGE_CURVE('',#1058,#1064,#871,.T.);
#2227=EDGE_CURVE('',#1057,#1055,#851,.T.);
#2230=EDGE_CURVE('',#1058,#1054,#867,.T.);
#2254=EDGE_CURVE('',#1064,#1062,#875,.T.);
#2268=EDGE_CURVE('',#1065,#1061,#883,.T.);
#2313=(LENGTH_UNIT()NAMED_UNIT(*)SI_UNIT(.MILLI.,.METRE.));
#2315=(NAMED_UNIT(*)PLANE_ANGLE_UNIT()SI_UNIT($,.RADIAN.));
#2318=(NAMED_UNIT(*)SI_UNIT($,.STERADIAN.)SOLID_ANGLE_UNIT());
#2321=ADVANCED_BREP_SHAPE_REPRESENTATION('',(#2312),#2320);
#2328=PRODUCT_DEFINITION('design','',#2327,#2324);
#2329=PRODUCT_DEFINITION_SHAPE('','SHAPE FOR LINK3.',#2328);
#2330=SHAPE_DEFINITION_REPRESENTATION(#2329,#2321);
ENDSEC;
END-ISO-10303-21;
