ISO-10303-21;
HEADER;
FILE_DESCRIPTION((''),'2;1');
FILE_NAME('LINK1','2026-07-23T19:11:33',('gram2'),(''),
'CREO PARAMETRIC BY PTC INC, 2016510','CREO PARAMETRIC BY PTC INC, 2016510','');
FILE_SCHEMA(('CONFIG_CONTROL_DESIGN'));
ENDSEC;
DATA;
#1=DIRECTION('',(0.E0,0.E0,1.E0));
#2=VECTOR('',#1,6.25E0);
#3=CARTESIAN_POINT('',(1.101138688441E2,-5.633007564880E1,0.E0));
#4=LINE('',#3,#2);
#5=CARTESIAN_POINT('',(1.167834786983E2,-5.420491579771E1,0.E0));
#6=DIRECTION('',(0.E0,0.E0,1.E0));
#7=DIRECTION('',(-9.556653310549E-1,-2.944550475364E-1,0.E0));
#8=AXIS2_PLACEMENT_3D('',#5,#6,#7);
#10=DIRECTION('',(0.E0,0.E0,-1.E0));
#11=VECTOR('',#10,5.E0);
#12=CARTESIAN_POINT('',(1.100938213809E2,-5.626610113046E1,0.E0));
#13=LINE('',#12,#11);
#14=DIRECTION('',(0.E0,0.E0,-1.E0));
#15=VECTOR('',#14,5.E0);
#16=CARTESIAN_POINT('',(1.187828049609E2,-6.091332056305E1,0.E0));
#17=LINE('',#16,#15);
#18=CARTESIAN_POINT('',(1.167834786983E2,-5.420491579771E1,0.E0));
#19=DIRECTION('',(0.E0,0.E0,-1.E0));
#20=DIRECTION('',(2.894076348932E-1,-9.572059448549E-1,0.E0));
#21=AXIS2_PLACEMENT_3D('',#18,#19,#20);
#23=DIRECTION('',(0.E0,0.E0,-1.E0));
#24=VECTOR('',#23,6.25E0);
#25=CARTESIAN_POINT('',(1.188093321426E2,-6.090535741169E1,6.25E0));
#26=LINE('',#25,#24);
#27=CARTESIAN_POINT('',(1.167834786983E2,-5.420491579771E1,6.25E0));
#28=DIRECTION('',(0.E0,0.E0,1.E0));
#29=DIRECTION('',(2.894076348932E-1,-9.572059448549E-1,0.E0));
#30=AXIS2_PLACEMENT_3D('',#27,#28,#29);
#32=DIRECTION('',(0.E0,0.E0,-1.E0));
#33=VECTOR('',#32,5.E0);
#34=CARTESIAN_POINT('',(1.100938213809E2,-5.626610113046E1,3.E1));
#35=LINE('',#34,#33);
#36=CARTESIAN_POINT('',(1.167834786983E2,-5.420491579771E1,2.5E1));
#37=DIRECTION('',(0.E0,0.E0,1.E0));
#38=DIRECTION('',(-9.556653310549E-1,-2.944550475364E-1,0.E0));
#39=AXIS2_PLACEMENT_3D('',#36,#37,#38);
#41=DIRECTION('',(0.E0,0.E0,1.E0));
#42=VECTOR('',#41,6.25E0);
#43=CARTESIAN_POINT('',(1.101138688441E2,-5.633007564880E1,1.875E1));
#44=LINE('',#43,#42);
#45=CARTESIAN_POINT('',(1.167834786983E2,-5.420491579771E1,1.875E1));
#46=DIRECTION('',(0.E0,0.E0,1.E0));
#47=DIRECTION('',(2.894076348932E-1,-9.572059448549E-1,0.E0));
#48=AXIS2_PLACEMENT_3D('',#45,#46,#47);
#50=DIRECTION('',(0.E0,0.E0,-1.E0));
#51=VECTOR('',#50,6.25E0);
#52=CARTESIAN_POINT('',(1.188093321426E2,-6.090535741169E1,2.5E1));
#53=LINE('',#52,#51);
#54=CARTESIAN_POINT('',(1.167834786983E2,-5.420491579771E1,2.5E1));
#55=DIRECTION('',(0.E0,0.E0,-1.E0));
#56=DIRECTION('',(2.894076348932E-1,-9.572059448549E-1,0.E0));
#57=AXIS2_PLACEMENT_3D('',#54,#55,#56);
#59=DIRECTION('',(0.E0,0.E0,-1.E0));
#60=VECTOR('',#59,5.E0);
#61=CARTESIAN_POINT('',(1.187828049609E2,-6.091332056305E1,3.E1));
#62=LINE('',#61,#60);
#63=DIRECTION('',(-9.875630650821E-2,-9.951116479696E-1,0.E0));
#64=VECTOR('',#63,3.169642693337E0);
#65=CARTESIAN_POINT('',(1.101138688441E2,-5.633007564880E1,6.25E0));
#66=LINE('',#65,#64);
#67=CARTESIAN_POINT('',(1.167834786983E2,-5.420491579771E1,6.25E0));
#68=DIRECTION('',(0.E0,0.E0,1.E0));
#69=DIRECTION('',(-1.E0,0.E0,0.E0));
#70=AXIS2_PLACEMENT_3D('',#67,#68,#69);
#72=DIRECTION('',(8.270133426867E-1,-5.621822934051E-1,0.E0));
#73=VECTOR('',#72,7.426214426229E0);
#74=CARTESIAN_POINT('',(1.073718909241E2,-6.370463926746E1,6.25E0));
#75=LINE('',#74,#73);
#76=CARTESIAN_POINT('',(1.167834786983E2,-5.420491579771E1,0.E0));
#77=DIRECTION('',(0.E0,0.E0,1.E0));
#78=DIRECTION('',(-1.E0,0.E0,0.E0));
#79=AXIS2_PLACEMENT_3D('',#76,#77,#78);
#81=CARTESIAN_POINT('',(1.167834786983E2,-5.420491579771E1,6.25E0));
#82=DIRECTION('',(0.E0,0.E0,-1.E0));
#83=DIRECTION('',(-1.E0,0.E0,0.E0));
#84=AXIS2_PLACEMENT_3D('',#81,#82,#83);
#86=DIRECTION('',(0.E0,0.E0,1.E0));
#87=VECTOR('',#86,6.25E0);
#88=CARTESIAN_POINT('',(1.194981842040E2,-5.714266561979E1,0.E0));
#89=LINE('',#88,#87);
#90=CARTESIAN_POINT('',(1.167834786983E2,-5.420491579771E1,0.E0));
#91=DIRECTION('',(0.E0,0.E0,-1.E0));
#92=DIRECTION('',(0.E0,1.E0,0.E0));
#93=AXIS2_PLACEMENT_3D('',#90,#91,#92);
#95=DIRECTION('',(0.E0,0.E0,-1.E0));
#96=VECTOR('',#95,5.E0);
#97=CARTESIAN_POINT('',(1.167834786983E2,-5.020491579771E1,0.E0));
#98=LINE('',#97,#96);
#99=CARTESIAN_POINT('',(1.167834786983E2,-5.420491579771E1,1.875E1));
#100=DIRECTION('',(0.E0,0.E0,1.E0));
#101=DIRECTION('',(6.786763764316E-1,-7.344374555220E-1,0.E0));
#102=AXIS2_PLACEMENT_3D('',#99,#100,#101);
#104=CARTESIAN_POINT('',(1.167834786983E2,-5.420491579771E1,2.5E1));
#105=DIRECTION('',(0.E0,0.E0,1.E0));
#106=DIRECTION('',(-1.E0,0.E0,0.E0));
#107=AXIS2_PLACEMENT_3D('',#104,#105,#106);
#109=DIRECTION('',(0.E0,0.E0,1.E0));
#110=VECTOR('',#109,5.E0);
#111=CARTESIAN_POINT('',(1.167834786983E2,-5.020491579771E1,2.5E1));
#112=LINE('',#111,#110);
#113=CARTESIAN_POINT('',(1.167834786983E2,-5.420491579771E1,2.5E1));
#114=DIRECTION('',(0.E0,0.E0,-1.E0));
#115=DIRECTION('',(0.E0,1.E0,0.E0));
#116=AXIS2_PLACEMENT_3D('',#113,#114,#115);
#118=DIRECTION('',(0.E0,0.E0,1.E0));
#119=VECTOR('',#118,6.25E0);
#120=CARTESIAN_POINT('',(1.194981842040E2,-5.714266561979E1,1.875E1));
#121=LINE('',#120,#119);
#122=DIRECTION('',(0.E0,0.E0,-1.E0));
#123=VECTOR('',#122,6.25E0);
#124=CARTESIAN_POINT('',(1.127834786983E2,-5.420491579771E1,6.25E0));
#125=LINE('',#124,#123);
#126=DIRECTION('',(0.E0,0.E0,-1.E0));
#127=VECTOR('',#126,5.E0);
#128=CARTESIAN_POINT('',(1.167834786983E2,-5.820491579771E1,0.E0));
#129=LINE('',#128,#127);
#130=DIRECTION('',(0.E0,0.E0,1.E0));
#131=VECTOR('',#130,5.E0);
#132=CARTESIAN_POINT('',(1.167834786983E2,-5.820491579771E1,2.5E1));
#133=LINE('',#132,#131);
#134=DIRECTION('',(0.E0,0.E0,-1.E0));
#135=VECTOR('',#134,6.25E0);
#136=CARTESIAN_POINT('',(1.127834786983E2,-5.420491579771E1,2.5E1));
#137=LINE('',#136,#135);
#138=CARTESIAN_POINT('',(1.167834786983E2,-5.420491579771E1,-5.E0));
#139=DIRECTION('',(0.E0,0.E0,1.E0));
#140=DIRECTION('',(0.E0,1.E0,0.E0));
#141=AXIS2_PLACEMENT_3D('',#138,#139,#140);
#143=CARTESIAN_POINT('',(1.167834786983E2,-5.420491579771E1,-5.E0));
#144=DIRECTION('',(0.E0,0.E0,1.E0));
#145=DIRECTION('',(0.E0,-1.E0,0.E0));
#146=AXIS2_PLACEMENT_3D('',#143,#144,#145);
#148=DIRECTION('',(-4.980033266345E-1,-8.671751187972E-1,0.E0));
#149=VECTOR('',#148,5.909814529606E0);
#150=CARTESIAN_POINT('',(1.164565766358E2,-6.275468140814E1,-5.E0));
#151=LINE('',#150,#149);
#152=CARTESIAN_POINT('',(1.167834786983E2,-5.420491579771E1,-5.E0));
#153=DIRECTION('',(0.E0,0.E0,-1.E0));
#154=DIRECTION('',(-9.556653310549E-1,-2.944550475364E-1,0.E0));
#155=AXIS2_PLACEMENT_3D('',#152,#153,#154);
#157=DIRECTION('',(5.129158978339E-1,8.584388631401E-1,0.E0));
#158=VECTOR('',#157,1.178058622938E1);
#159=CARTESIAN_POINT('',(1.036624655464E2,-6.960849796182E1,-5.E0));
#160=LINE('',#159,#158);
#161=DIRECTION('',(5.765147599185E-1,8.170867344389E-1,0.E0));
#162=VECTOR('',#161,7.343788288229E0);
#163=CARTESIAN_POINT('',(9.942866320454E1,-7.560900995266E1,-5.E0));
#164=LINE('',#163,#162);
#165=DIRECTION('',(-7.059367848488E-1,7.082748448147E-1,0.E0));
#166=VECTOR('',#165,7.551799848535E0);
#167=CARTESIAN_POINT('',(1.047597565094E2,-8.095775981845E1,-5.E0));
#168=LINE('',#167,#166);
#169=DIRECTION('',(-5.765147599185E-1,-8.170867344389E-1,0.E0));
#170=VECTOR('',#169,7.954299558055E0);
#171=CARTESIAN_POINT('',(1.093455276095E2,-7.445840716781E1,-5.E0));
#172=LINE('',#171,#170);
#173=DIRECTION('',(-5.351727413050E-1,-8.447426454039E-1,0.E0));
#174=VECTOR('',#173,7.788030684479E0);
#175=CARTESIAN_POINT('',(1.135134693403E2,-6.787952552492E1,-5.E0));
#176=LINE('',#175,#174);
#177=DIRECTION('',(0.E0,0.E0,-1.E0));
#178=VECTOR('',#177,5.E0);
#179=CARTESIAN_POINT('',(1.164565766358E2,-6.275468140814E1,0.E0));
#180=LINE('',#179,#178);
#181=DIRECTION('',(-7.840846301019E-1,-6.206539235661E-1,0.E0));
#182=VECTOR('',#181,2.966807709048E0);
#183=CARTESIAN_POINT('',(1.187828049609E2,-6.091332056305E1,-5.E0));
#184=LINE('',#183,#182);
#185=DIRECTION('',(-5.351727413050E-1,-8.447426454039E-1,0.E0));
#186=VECTOR('',#185,7.788030684480E0);
#187=CARTESIAN_POINT('',(1.135134693403E2,-6.787952552492E1,0.E0));
#188=LINE('',#187,#186);
#189=CARTESIAN_POINT('',(-3.945365794301E1,2.442056364391E1,0.E0));
#190=DIRECTION('',(0.E0,0.E0,1.E0));
#191=DIRECTION('',(8.328773053615E-1,-5.534576715646E-1,0.E0));
#192=AXIS2_PLACEMENT_3D('',#189,#190,#191);
#194=DIRECTION('',(-5.765147599185E-1,-8.170867344389E-1,0.E0));
#195=VECTOR('',#194,9.984462739257E0);
#196=CARTESIAN_POINT('',(1.093455276095E2,-7.445840716781E1,0.E0));
#197=LINE('',#196,#195);
#198=CARTESIAN_POINT('',(-3.945365794301E1,2.442056364391E1,0.E0));
#199=DIRECTION('',(0.E0,0.E0,1.E0));
#200=DIRECTION('',(8.006580421018E-1,-5.991216067025E-1,0.E0));
#201=AXIS2_PLACEMENT_3D('',#198,#199,#200);
#203=DIRECTION('',(2.205400224922E-1,-9.753779259749E-1,0.E0));
#204=VECTOR('',#203,7.526603495167E0);
#205=CARTESIAN_POINT('',(3.800893168507E1,-1.190811534717E2,0.E0));
#206=LINE('',#205,#204);
#207=CARTESIAN_POINT('',(0.E0,0.E0,0.E0));
#208=DIRECTION('',(0.E0,0.E0,1.E0));
#209=DIRECTION('',(2.993875395410E-1,-9.541315953094E-1,0.E0));
#210=AXIS2_PLACEMENT_3D('',#207,#208,#209);
#212=DIRECTION('',(-7.059367848488E-1,7.082748448147E-1,0.E0));
#213=VECTOR('',#212,7.538845167909E0);
#214=CARTESIAN_POINT('',(1.023233273066E2,-8.417949090435E1,0.E0));
#215=LINE('',#214,#213);
#216=CARTESIAN_POINT('',(0.E0,0.E0,0.E0));
#217=DIRECTION('',(0.E0,0.E0,-1.E0));
#218=DIRECTION('',(7.760110334980E-1,-6.307193321037E-1,0.E0));
#219=AXIS2_PLACEMENT_3D('',#216,#217,#218);
#221=CARTESIAN_POINT('',(-3.945365794301E1,2.442056364391E1,0.E0));
#222=DIRECTION('',(0.E0,0.E0,1.E0));
#223=DIRECTION('',(8.562066271232E-1,-5.166335371133E-1,0.E0));
#224=AXIS2_PLACEMENT_3D('',#221,#222,#223);
#226=DIRECTION('',(-7.840846301019E-1,-6.206539235661E-1,0.E0));
#227=VECTOR('',#226,2.966807709048E0);
#228=CARTESIAN_POINT('',(1.187828049609E2,-6.091332056305E1,0.E0));
#229=LINE('',#228,#227);
#230=DIRECTION('',(-4.980033266345E-1,-8.671751187972E-1,0.E0));
#231=VECTOR('',#230,5.909814529606E0);
#232=CARTESIAN_POINT('',(1.164565766358E2,-6.275468140814E1,0.E0));
#233=LINE('',#232,#231);
#234=DIRECTION('',(-2.842170943040E-14,-4.831690603169E-14,-1.E0));
#235=VECTOR('',#234,5.E0);
#236=CARTESIAN_POINT('',(1.135134693403E2,-6.787952552492E1,0.E0));
#237=LINE('',#236,#235);
#238=CARTESIAN_POINT('',(1.035893374704E2,-8.261657922256E1,-3.E0));
#239=CARTESIAN_POINT('',(1.035893374704E2,-8.261657922256E1,-3.335846931767E0));
#240=CARTESIAN_POINT('',(1.036749697249E2,-8.249521376236E1,-3.859006429138E0));
#241=CARTESIAN_POINT('',(1.039168555060E2,-8.215239224814E1,-4.446981589888E0));
#242=CARTESIAN_POINT('',(1.042613770400E2,-8.166410644039E1,-4.856928779557E0));
#243=CARTESIAN_POINT('',(1.045661357962E2,-8.123217589120E1,-5.E0));
#244=CARTESIAN_POINT('',(1.047597565094E2,-8.095775981845E1,-5.E0));
#246=DIRECTION('',(-8.526512829121E-14,-1.492139745096E-13,1.E0));
#247=VECTOR('',#246,2.E0);
#248=CARTESIAN_POINT('',(1.035893374704E2,-8.261657922256E1,-2.E0));
#249=LINE('',#248,#247);
#250=DIRECTION('',(0.E0,-1.136868377216E-14,-1.E0));
#251=VECTOR('',#250,5.E0);
#252=CARTESIAN_POINT('',(1.093455276095E2,-7.445840716781E1,0.E0));
#253=LINE('',#252,#251);
#254=CARTESIAN_POINT('',(9.942866320454E1,-7.560900995266E1,-5.E0));
#255=CARTESIAN_POINT('',(9.923504249130E1,-7.588342602541E1,-5.E0));
#256=CARTESIAN_POINT('',(9.893028373514E1,-7.631535657460E1,-4.856928779557E0));
#257=CARTESIAN_POINT('',(9.858576220106E1,-7.680364238235E1,-4.446981589888E0));
#258=CARTESIAN_POINT('',(9.834387641998E1,-7.714646389656E1,-3.859006429138E0));
#259=CARTESIAN_POINT('',(9.825824416554E1,-7.726782935676E1,-3.335846931767E0));
#260=CARTESIAN_POINT('',(9.825824416554E1,-7.726782935676E1,-3.E0));
#262=DIRECTION('',(5.684341886081E-14,9.947598300641E-14,1.E0));
#263=VECTOR('',#262,2.E0);
#264=CARTESIAN_POINT('',(9.825824416554E1,-7.726782935676E1,-2.E0));
#265=LINE('',#264,#263);
#266=DIRECTION('',(0.E0,1.421085471520E-14,-1.E0));
#267=VECTOR('',#266,1.E0);
#268=CARTESIAN_POINT('',(9.825824416554E1,-7.726782935676E1,-2.E0));
#269=LINE('',#268,#267);
#270=DIRECTION('',(0.E0,0.E0,-1.E0));
#271=VECTOR('',#270,5.E0);
#272=CARTESIAN_POINT('',(1.097049155093E2,-5.949558491194E1,0.E0));
#273=LINE('',#272,#271);
#274=DIRECTION('',(1.705302565824E-14,3.410605131648E-14,-1.E0));
#275=VECTOR('',#274,5.E0);
#276=CARTESIAN_POINT('',(1.036624655464E2,-6.960849796182E1,0.E0));
#277=LINE('',#276,#275);
#278=DIRECTION('',(-1.195597436179E-1,-9.928270079455E-1,0.E0));
#279=VECTOR('',#278,3.252816206284E0);
#280=CARTESIAN_POINT('',(1.100938213809E2,-5.626610113046E1,0.E0));
#281=LINE('',#280,#279);
#282=DIRECTION('',(1.195597436179E-1,9.928270079455E-1,0.E0));
#283=VECTOR('',#282,3.252816206284E0);
#284=CARTESIAN_POINT('',(1.097049155093E2,-5.949558491194E1,-5.E0));
#285=LINE('',#284,#283);
#286=DIRECTION('',(5.765147599185E-1,8.170867344389E-1,0.E0));
#287=VECTOR('',#286,9.373951469431E0);
#288=CARTESIAN_POINT('',(9.825824416554E1,-7.726782935676E1,0.E0));
#289=LINE('',#288,#287);
#290=DIRECTION('',(5.129158978339E-1,8.584388631401E-1,0.E0));
#291=VECTOR('',#290,1.178058622938E1);
#292=CARTESIAN_POINT('',(1.036624655464E2,-6.960849796182E1,0.E0));
#293=LINE('',#292,#291);
#294=DIRECTION('',(-9.875630650821E-2,-9.951116479696E-1,0.E0));
#295=VECTOR('',#294,3.169642693337E0);
#296=CARTESIAN_POINT('',(1.101138688441E2,-5.633007564880E1,0.E0));
#297=LINE('',#296,#295);
#298=DIRECTION('',(0.E0,0.E0,1.E0));
#299=VECTOR('',#298,6.25E0);
#300=CARTESIAN_POINT('',(1.098008466388E2,-5.948422401284E1,0.E0));
#301=LINE('',#300,#299);
#302=CARTESIAN_POINT('',(-2.386023257538E1,1.463193705688E1,6.25E0));
#303=DIRECTION('',(0.E0,0.E0,1.E0));
#304=DIRECTION('',(8.586531734503E-1,-5.125570482626E-1,0.E0));
#305=AXIS2_PLACEMENT_3D('',#302,#303,#304);
#307=DIRECTION('',(0.E0,0.E0,1.E0));
#308=VECTOR('',#307,1.25E1);
#309=CARTESIAN_POINT('',(1.073718909241E2,-6.370463926746E1,6.25E0));
#310=LINE('',#309,#308);
#311=CARTESIAN_POINT('',(-2.386023257538E1,1.463193705688E1,1.875E1));
#312=DIRECTION('',(0.E0,0.E0,1.E0));
#313=DIRECTION('',(8.586531734503E-1,-5.125570482626E-1,0.E0));
#314=AXIS2_PLACEMENT_3D('',#311,#312,#313);
#316=DIRECTION('',(0.E0,0.E0,1.E0));
#317=VECTOR('',#316,6.25E0);
#318=CARTESIAN_POINT('',(1.098008466388E2,-5.948422401284E1,1.875E1));
#319=LINE('',#318,#317);
#320=CARTESIAN_POINT('',(-2.386023257538E1,1.463193705688E1,2.5E1));
#321=DIRECTION('',(0.E0,0.E0,1.E0));
#322=DIRECTION('',(8.343823639314E-1,-5.511860582057E-1,0.E0));
#323=AXIS2_PLACEMENT_3D('',#320,#321,#322);
#325=CARTESIAN_POINT('',(-2.386023257538E1,1.463193705688E1,2.5E1));
#326=DIRECTION('',(0.E0,0.E0,1.E0));
#327=DIRECTION('',(7.990224862201E-1,-6.013011446144E-1,0.E0));
#328=AXIS2_PLACEMENT_3D('',#325,#326,#327);
#330=CARTESIAN_POINT('',(-2.386023257538E1,1.463193705688E1,0.E0));
#331=DIRECTION('',(0.E0,0.E0,1.E0));
#332=DIRECTION('',(7.990224862202E-1,-6.013011446144E-1,0.E0));
#333=AXIS2_PLACEMENT_3D('',#330,#331,#332);
#335=CARTESIAN_POINT('',(-2.386023257538E1,1.463193705688E1,0.E0));
#336=DIRECTION('',(0.E0,0.E0,1.E0));
#337=DIRECTION('',(8.343823639314E-1,-5.511860582057E-1,0.E0));
#338=AXIS2_PLACEMENT_3D('',#335,#336,#337);
#340=DIRECTION('',(0.E0,0.E0,-1.E0));
#341=VECTOR('',#340,6.25E0);
#342=CARTESIAN_POINT('',(1.164758114159E2,-6.278178193996E1,6.25E0));
#343=LINE('',#342,#341);
#344=DIRECTION('',(0.E0,0.E0,1.E0));
#345=VECTOR('',#344,2.5E1);
#346=CARTESIAN_POINT('',(1.035893374704E2,-8.261657922256E1,0.E0));
#347=LINE('',#346,#345);
#348=DIRECTION('',(0.E0,0.E0,-1.E0));
#349=VECTOR('',#348,6.25E0);
#350=CARTESIAN_POINT('',(1.164758114159E2,-6.278178193996E1,2.5E1));
#351=LINE('',#350,#349);
#352=CARTESIAN_POINT('',(-3.945365794301E1,2.442056364391E1,1.875E1));
#353=DIRECTION('',(0.E0,0.E0,1.E0));
#354=DIRECTION('',(8.562066271232E-1,-5.166335371133E-1,0.E0));
#355=AXIS2_PLACEMENT_3D('',#352,#353,#354);
#357=DIRECTION('',(0.E0,0.E0,1.E0));
#358=VECTOR('',#357,1.25E1);
#359=CARTESIAN_POINT('',(1.135134693403E2,-6.787952552492E1,6.25E0));
#360=LINE('',#359,#358);
#361=CARTESIAN_POINT('',(-3.945365794301E1,2.442056364391E1,6.25E0));
#362=DIRECTION('',(0.E0,0.E0,1.E0));
#363=DIRECTION('',(8.562066271232E-1,-5.166335371133E-1,0.E0));
#364=AXIS2_PLACEMENT_3D('',#361,#362,#363);
#366=DIRECTION('',(7.793011563975E-1,6.266495891944E-1,0.E0));
#367=VECTOR('',#366,2.994376060602E0);
#368=CARTESIAN_POINT('',(1.164758114159E2,-6.278178193996E1,6.25E0));
#369=LINE('',#368,#367);
#370=DIRECTION('',(-7.793011563975E-1,-6.266495891944E-1,0.E0));
#371=VECTOR('',#370,2.994376060602E0);
#372=CARTESIAN_POINT('',(1.188093321426E2,-6.090535741169E1,0.E0));
#373=LINE('',#372,#371);
#374=CARTESIAN_POINT('',(1.342449822368E1,-1.327788317662E2,3.236115069321E1));
#375=DIRECTION('',(2.205400224922E-1,-9.753779259749E-1,0.E0));
#376=DIRECTION('',(0.E0,0.E0,1.E0));
#377=AXIS2_PLACEMENT_3D('',#374,#375,#376);
#379=CARTESIAN_POINT('',(2.559940843891E1,-1.300259962743E2,2.836115069321E1));
#380=DIRECTION('',(2.205400224914E-1,-9.753779259751E-1,0.E0));
#381=DIRECTION('',(7.946587972947E-1,1.796781169239E-1,5.798561633550E-1));
#382=AXIS2_PLACEMENT_3D('',#379,#380,#381);
#384=DIRECTION('',(-3.406272553992E-13,-4.991129460950E-14,-1.E0));
#385=VECTOR('',#384,4.1E1);
#386=CARTESIAN_POINT('',(3.195667881722E1,-1.285885713389E2,3.3E1));
#387=LINE('',#386,#385);
#388=CARTESIAN_POINT('',(2.559940843883E1,-1.300259962743E2,-3.361150693207E0));
#389=DIRECTION('',(2.205400224922E-1,-9.753779259749E-1,0.E0));
#390=DIRECTION('',(-2.167155344068E-12,-4.902744876745E-13,-1.E0));
#391=AXIS2_PLACEMENT_3D('',#388,#389,#390);
#393=DIRECTION('',(-9.753779259749E-1,-2.205400224922E-1,0.E0));
#394=VECTOR('',#393,1.248224907588E1);
#395=CARTESIAN_POINT('',(2.559940843881E1,-1.300259962743E2,-1.136115069321E1));
#396=LINE('',#395,#394);
#397=CARTESIAN_POINT('',(1.342449822368E1,-1.327788317662E2,-7.361150693207E0));
#398=DIRECTION('',(2.205400224922E-1,-9.753779259749E-1,0.E0));
#399=DIRECTION('',(-9.753779259749E-1,-2.205400224923E-1,1.354472090043E-14));
#400=AXIS2_PLACEMENT_3D('',#397,#398,#399);
#402=DIRECTION('',(-9.753779259749E-1,-2.205400224923E-1,0.E0));
#403=VECTOR('',#402,8.E0);
#404=CARTESIAN_POINT('',(1.732600992758E1,-1.318966716763E2,9.801498210952E-1));
#405=LINE('',#404,#403);
#406=DIRECTION('',(-9.753779259749E-1,-2.205400224923E-1,0.E0));
#407=VECTOR('',#406,1.1E1);
#408=CARTESIAN_POINT('',(2.805516711330E1,-1.294707314288E2,1.911008696692E1));
#409=LINE('',#408,#407);
#410=DIRECTION('',(-9.753779259749E-1,-2.205400224923E-1,0.E0));
#411=VECTOR('',#410,8.E0);
#412=CARTESIAN_POINT('',(1.732600992758E1,-1.318966716763E2,2.429740779097E1));
#413=LINE('',#412,#411);
#414=CARTESIAN_POINT('',(1.177005337682E1,-1.254617517862E2,3.236115069321E1));
#415=DIRECTION('',(-2.205400224922E-1,9.753779259749E-1,0.E0));
#416=DIRECTION('',(-9.753779259749E-1,-2.205400224922E-1,0.E0));
#417=AXIS2_PLACEMENT_3D('',#414,#415,#416);
#419=DIRECTION('',(-9.753779259749E-1,-2.205400224923E-1,0.E0));
#420=VECTOR('',#419,8.E0);
#421=CARTESIAN_POINT('',(1.567156508072E1,-1.245795916963E2,2.429740779097E1));
#422=LINE('',#421,#420);
#423=DIRECTION('',(-9.753779259749E-1,-2.205400224922E-1,0.E0));
#424=VECTOR('',#423,1.1E1);
#425=CARTESIAN_POINT('',(2.640072226644E1,-1.221536514488E2,5.889913033079E0));
#426=LINE('',#425,#424);
#427=DIRECTION('',(-9.753779259749E-1,-2.205400224923E-1,0.E0));
#428=VECTOR('',#427,8.E0);
#429=CARTESIAN_POINT('',(1.567156508072E1,-1.245795916963E2,9.801498210952E-1));
#430=LINE('',#429,#428);
#431=CARTESIAN_POINT('',(1.177005337682E1,-1.254617517862E2,-7.361150693207E0));
#432=DIRECTION('',(-2.205400224922E-1,9.753779259749E-1,0.E0));
#433=DIRECTION('',(0.E0,0.E0,-1.E0));
#434=AXIS2_PLACEMENT_3D('',#431,#432,#433);
#436=DIRECTION('',(9.753779259749E-1,2.205400224923E-1,0.E0));
#437=VECTOR('',#436,1.248224907588E1);
#438=CARTESIAN_POINT('',(1.177005337682E1,-1.254617517862E2,-1.136115069321E1));
#439=LINE('',#438,#437);
#440=CARTESIAN_POINT('',(2.394496359197E1,-1.227089162943E2,-3.361150693207E0));
#441=DIRECTION('',(-2.205400224922E-1,9.753779259749E-1,0.E0));
#442=DIRECTION('',(7.946587972978E-1,1.796781169253E-1,-5.798561633503E-1));
#443=AXIS2_PLACEMENT_3D('',#440,#441,#442);
#445=DIRECTION('',(3.622034921314E-13,5.095111324719E-14,1.E0));
#446=VECTOR('',#445,4.1E1);
#447=CARTESIAN_POINT('',(3.030223397035E1,-1.212714913589E2,-7.999999999993E0));
#448=LINE('',#447,#446);
#449=CARTESIAN_POINT('',(2.394496359206E1,-1.227089162943E2,2.836115069321E1));
#450=DIRECTION('',(-2.205400224914E-1,9.753779259751E-1,0.E0));
#451=DIRECTION('',(-1.311573072371E-11,-2.964739564959E-12,1.E0));
#452=AXIS2_PLACEMENT_3D('',#449,#450,#451);
#454=DIRECTION('',(-9.753779259749E-1,-2.205400224923E-1,0.E0));
#455=VECTOR('',#454,1.248224907588E1);
#456=CARTESIAN_POINT('',(2.394496359195E1,-1.227089162943E2,3.636115069321E1));
#457=LINE('',#456,#455);
#458=DIRECTION('',(0.E0,0.E0,1.E0));
#459=VECTOR('',#458,3.5E0);
#460=CARTESIAN_POINT('',(7.318319416785E0,-1.239104549601E2,1.088877880603E1));
#461=LINE('',#460,#459);
#462=DIRECTION('',(-2.205400224923E-1,9.753779259749E-1,0.E0));
#463=VECTOR('',#462,2.1E0);
#464=CARTESIAN_POINT('',(7.781453464019E0,-1.259587486046E2,1.088877880603E1));
#465=LINE('',#464,#463);
#466=CARTESIAN_POINT('',(8.695764096348E0,-1.300024518662E2,1.263877880603E1));
#467=DIRECTION('',(9.753779259749E-1,2.205400224922E-1,0.E0));
#468=DIRECTION('',(2.031801405176E-1,-8.986007247927E-1,-3.888888888889E-1));
#469=AXIS2_PLACEMENT_3D('',#466,#467,#468);
#471=DIRECTION('',(-2.205400224922E-1,9.753779259749E-1,0.E0));
#472=VECTOR('',#471,2.1E0);
#473=CARTESIAN_POINT('',(1.007320877591E1,-1.360944487723E2,1.088877880603E1));
#474=LINE('',#473,#472);
#475=DIRECTION('',(0.E0,0.E0,-1.E0));
#476=VECTOR('',#475,3.5E0);
#477=CARTESIAN_POINT('',(1.007320877591E1,-1.360944487723E2,1.438877880603E1));
#478=LINE('',#477,#476);
#479=DIRECTION('',(2.205400224922E-1,-9.753779259749E-1,0.E0));
#480=VECTOR('',#479,2.1E0);
#481=CARTESIAN_POINT('',(9.610074728677E0,-1.340461551278E2,1.438877880603E1));
#482=LINE('',#481,#480);
#483=CARTESIAN_POINT('',(8.695764096348E0,-1.300024518662E2,1.263877880603E1));
#484=DIRECTION('',(9.753779259749E-1,2.205400224922E-1,0.E0));
#485=DIRECTION('',(-2.031801405176E-1,8.986007247927E-1,3.888888888889E-1));
#486=AXIS2_PLACEMENT_3D('',#483,#484,#485);
#488=DIRECTION('',(2.205400224923E-1,-9.753779259749E-1,0.E0));
#489=VECTOR('',#488,2.1E0);
#490=CARTESIAN_POINT('',(7.318319416785E0,-1.239104549601E2,1.438877880603E1));
#491=LINE('',#490,#489);
#492=DIRECTION('',(-2.205400224922E-1,9.753779259749E-1,0.E0));
#493=VECTOR('',#492,7.501789598825E0);
#494=CARTESIAN_POINT('',(9.522986519776E0,-1.336609918562E2,3.236115069321E1));
#495=LINE('',#494,#493);
#496=DIRECTION('',(0.E0,0.E0,1.E0));
#497=VECTOR('',#496,8.063742902236E0);
#498=CARTESIAN_POINT('',(9.522986519776E0,-1.336609918562E2,2.429740779097E1));
#499=LINE('',#498,#497);
#500=CARTESIAN_POINT('',(8.695764096348E0,-1.300024518662E2,1.263877880603E1));
#501=DIRECTION('',(-9.753779259749E-1,-2.205400224922E-1,0.E0));
#502=DIRECTION('',(1.220987509570E-1,-5.400036924215E-1,-8.327592132099E-1));
#503=AXIS2_PLACEMENT_3D('',#500,#501,#502);
#505=DIRECTION('',(0.E0,0.E0,1.E0));
#506=VECTOR('',#505,8.341300514302E0);
#507=CARTESIAN_POINT('',(9.522986519776E0,-1.336609918562E2,-7.361150693207E0));
#508=LINE('',#507,#506);
#509=DIRECTION('',(2.205400224922E-1,-9.753779259749E-1,0.E0));
#510=VECTOR('',#509,7.501789598825E0);
#511=CARTESIAN_POINT('',(7.868541672919E0,-1.263439118762E2,-7.361150693207E0));
#512=LINE('',#511,#510);
#513=DIRECTION('',(0.E0,0.E0,-1.E0));
#514=VECTOR('',#513,8.341300514302E0);
#515=CARTESIAN_POINT('',(7.868541672919E0,-1.263439118762E2,9.801498210952E-1));
#516=LINE('',#515,#514);
#517=CARTESIAN_POINT('',(8.695764096348E0,-1.300024518662E2,1.263877880603E1));
#518=DIRECTION('',(-9.753779259749E-1,-2.205400224922E-1,0.E0));
#519=DIRECTION('',(-1.220987509570E-1,5.400036924215E-1,8.327592132099E-1));
#520=AXIS2_PLACEMENT_3D('',#517,#518,#519);
#522=DIRECTION('',(0.E0,0.E0,-1.E0));
#523=VECTOR('',#522,8.063742902235E0);
#524=CARTESIAN_POINT('',(7.868541672919E0,-1.263439118762E2,3.236115069321E1));
#525=LINE('',#524,#523);
#526=DIRECTION('',(-9.753779259749E-1,-2.205400224922E-1,0.E0));
#527=VECTOR('',#526,8.E0);
#528=CARTESIAN_POINT('',(1.512134282458E1,-1.221461347801E2,1.088877880603E1));
#529=LINE('',#528,#527);
#530=DIRECTION('',(0.E0,0.E0,1.E0));
#531=VECTOR('',#530,3.5E0);
#532=CARTESIAN_POINT('',(1.512134282458E1,-1.221461347801E2,1.088877880603E1));
#533=LINE('',#532,#531);
#534=DIRECTION('',(2.205400224923E-1,-9.753779259749E-1,0.E0));
#535=VECTOR('',#534,2.1E0);
#536=CARTESIAN_POINT('',(1.512134282458E1,-1.221461347801E2,1.438877880603E1));
#537=LINE('',#536,#535);
#538=CARTESIAN_POINT('',(1.649878750415E1,-1.282381316863E2,1.263877880603E1));
#539=DIRECTION('',(9.753779259749E-1,2.205400224922E-1,0.E0));
#540=DIRECTION('',(-2.031801405176E-1,8.986007247927E-1,3.888888888889E-1));
#541=AXIS2_PLACEMENT_3D('',#538,#539,#540);
#543=DIRECTION('',(2.205400224923E-1,-9.753779259749E-1,0.E0));
#544=VECTOR('',#543,2.1E0);
#545=CARTESIAN_POINT('',(1.741309813648E1,-1.322818349478E2,1.438877880603E1));
#546=LINE('',#545,#544);
#547=DIRECTION('',(0.E0,0.E0,-1.E0));
#548=VECTOR('',#547,3.5E0);
#549=CARTESIAN_POINT('',(1.787623218371E1,-1.343301285924E2,1.438877880603E1));
#550=LINE('',#549,#548);
#551=DIRECTION('',(-2.205400224922E-1,9.753779259749E-1,0.E0));
#552=VECTOR('',#551,2.1E0);
#553=CARTESIAN_POINT('',(1.787623218371E1,-1.343301285924E2,1.088877880603E1));
#554=LINE('',#553,#552);
#555=CARTESIAN_POINT('',(1.649878750415E1,-1.282381316863E2,1.263877880603E1));
#556=DIRECTION('',(9.753779259749E-1,2.205400224922E-1,0.E0));
#557=DIRECTION('',(2.031801405176E-1,-8.986007247927E-1,-3.888888888889E-1));
#558=AXIS2_PLACEMENT_3D('',#555,#556,#557);
#560=DIRECTION('',(-2.205400224923E-1,9.753779259749E-1,0.E0));
#561=VECTOR('',#560,2.1E0);
#562=CARTESIAN_POINT('',(1.558447687182E1,-1.241944284247E2,1.088877880603E1));
#563=LINE('',#562,#561);
#564=CARTESIAN_POINT('',(1.649878750415E1,-1.282381316863E2,1.263877880603E1));
#565=DIRECTION('',(-9.753779259749E-1,-2.205400224922E-1,0.E0));
#566=DIRECTION('',(-1.220987509570E-1,5.400036924215E-1,8.327592132099E-1));
#567=AXIS2_PLACEMENT_3D('',#564,#565,#566);
#569=DIRECTION('',(0.E0,0.E0,1.E0));
#570=VECTOR('',#569,4.909763211984E0);
#571=CARTESIAN_POINT('',(1.567156508072E1,-1.245795916963E2,9.801498210952E-1));
#572=LINE('',#571,#570);
#573=DIRECTION('',(0.E0,0.E0,-1.E0));
#574=VECTOR('',#573,4.909763211984E0);
#575=CARTESIAN_POINT('',(1.732600992758E1,-1.318966716763E2,5.889913033079E0));
#576=LINE('',#575,#574);
#577=CARTESIAN_POINT('',(1.649878750415E1,-1.282381316863E2,1.263877880603E1));
#578=DIRECTION('',(-9.753779259749E-1,-2.205400224922E-1,0.E0));
#579=DIRECTION('',(1.220987509570E-1,-5.400036924215E-1,-8.327592132099E-1));
#580=AXIS2_PLACEMENT_3D('',#577,#578,#579);
#582=DIRECTION('',(0.E0,0.E0,-1.E0));
#583=VECTOR('',#582,5.187320824051E0);
#584=CARTESIAN_POINT('',(1.732600992758E1,-1.318966716763E2,2.429740779097E1));
#585=LINE('',#584,#583);
#586=DIRECTION('',(0.E0,0.E0,1.E0));
#587=VECTOR('',#586,5.187320824051E0);
#588=CARTESIAN_POINT('',(1.567156508072E1,-1.245795916963E2,1.911008696692E1));
#589=LINE('',#588,#587);
#590=DIRECTION('',(-9.753779259749E-1,-2.205400224922E-1,0.E0));
#591=VECTOR('',#590,8.E0);
#592=CARTESIAN_POINT('',(1.512134282458E1,-1.221461347801E2,1.438877880603E1));
#593=LINE('',#592,#591);
#594=DIRECTION('',(-9.753779259749E-1,-2.205400224922E-1,0.E0));
#595=VECTOR('',#594,8.E0);
#596=CARTESIAN_POINT('',(1.558447687182E1,-1.241944284247E2,1.438877880603E1));
#597=LINE('',#596,#595);
#598=DIRECTION('',(-9.753779259749E-1,-2.205400224923E-1,0.E0));
#599=VECTOR('',#598,8.E0);
#600=CARTESIAN_POINT('',(1.741309813648E1,-1.322818349478E2,1.438877880603E1));
#601=LINE('',#600,#599);
#602=DIRECTION('',(-9.753779259749E-1,-2.205400224922E-1,0.E0));
#603=VECTOR('',#602,8.E0);
#604=CARTESIAN_POINT('',(1.787623218371E1,-1.343301285924E2,1.438877880603E1));
#605=LINE('',#604,#603);
#606=DIRECTION('',(-9.753779259749E-1,-2.205400224922E-1,0.E0));
#607=VECTOR('',#606,8.E0);
#608=CARTESIAN_POINT('',(1.787623218371E1,-1.343301285924E2,1.088877880603E1));
#609=LINE('',#608,#607);
#610=DIRECTION('',(-9.753779259749E-1,-2.205400224923E-1,0.E0));
#611=VECTOR('',#610,8.E0);
#612=CARTESIAN_POINT('',(1.741309813648E1,-1.322818349478E2,1.088877880603E1));
#613=LINE('',#612,#611);
#614=DIRECTION('',(-9.753779259749E-1,-2.205400224922E-1,0.E0));
#615=VECTOR('',#614,8.E0);
#616=CARTESIAN_POINT('',(1.558447687182E1,-1.241944284247E2,1.088877880603E1));
#617=LINE('',#616,#615);
#618=DIRECTION('',(-9.753779259749E-1,-2.205400224922E-1,0.E0));
#619=VECTOR('',#618,8.E0);
#620=CARTESIAN_POINT('',(1.527779999458E1,-1.228380947620E2,2.096637093813E1));
#621=LINE('',#620,#619);
#622=DIRECTION('',(-9.753779259749E-1,-2.205400224923E-1,0.E0));
#623=VECTOR('',#622,8.E0);
#624=CARTESIAN_POINT('',(1.527779999458E1,-1.228380947620E2,4.311186673935E0));
#625=LINE('',#624,#623);
#626=DIRECTION('',(1.041879077402E-1,-4.607897660247E-1,8.813726064540E-1));
#627=VECTOR('',#626,3.779374158497E0);
#628=CARTESIAN_POINT('',(1.527779999458E1,-1.228380947620E2,2.096637093813E1));
#629=LINE('',#628,#627);
#630=DIRECTION('',(-1.041879077402E-1,4.607897660248E-1,-8.813726064540E-1));
#631=VECTOR('',#630,3.779374158497E0);
#632=CARTESIAN_POINT('',(7.868541672919E0,-1.263439118762E2,2.429740779097E1));
#633=LINE('',#632,#631);
#634=DIRECTION('',(-1.041879077402E-1,4.607897660247E-1,8.813726064540E-1));
#635=VECTOR('',#634,3.779374158497E0);
#636=CARTESIAN_POINT('',(1.567156508072E1,-1.245795916963E2,9.801498210952E-1));
#637=LINE('',#636,#635);
#638=DIRECTION('',(1.041879077402E-1,-4.607897660247E-1,-8.813726064540E-1));
#639=VECTOR('',#638,3.779374158497E0);
#640=CARTESIAN_POINT('',(7.474776586778E0,-1.246024149420E2,4.311186673935E0));
#641=LINE('',#640,#639);
#642=DIRECTION('',(2.205400224922E-1,-9.753779259749E-1,0.E0));
#643=VECTOR('',#642,7.501789598825E0);
#644=CARTESIAN_POINT('',(2.640072226644E1,-1.221536514488E2,5.889913033079E0));
#645=LINE('',#644,#643);
#646=DIRECTION('',(-9.753779259749E-1,-2.205400224923E-1,0.E0));
#647=VECTOR('',#646,1.1E1);
#648=CARTESIAN_POINT('',(2.805516711330E1,-1.294707314288E2,5.889913033079E0));
#649=LINE('',#648,#647);
#650=DIRECTION('',(-2.205400224922E-1,9.753779259749E-1,0.E0));
#651=VECTOR('',#650,7.501789598825E0);
#652=CARTESIAN_POINT('',(1.732600992758E1,-1.318966716763E2,5.889913033079E0));
#653=LINE('',#652,#651);
#654=DIRECTION('',(6.896963456765E-1,1.559453454273E-1,7.071067811865E-1));
#655=VECTOR('',#654,2.828427124746E0);
#656=CARTESIAN_POINT('',(2.640072226644E1,-1.221536514488E2,5.889913033079E0));
#657=LINE('',#656,#655);
#658=DIRECTION('',(-6.896963456765E-1,-1.559453454273E-1,-7.071067811865E-1));
#659=VECTOR('',#658,2.828427124746E0);
#660=CARTESIAN_POINT('',(3.000592296525E1,-1.290296513839E2,7.889913033079E0));
#661=LINE('',#660,#659);
#662=DIRECTION('',(-2.205400224922E-1,9.753779259749E-1,0.E0));
#663=VECTOR('',#662,7.501789598825E0);
#664=CARTESIAN_POINT('',(3.000592296525E1,-1.290296513839E2,1.711008696692E1));
#665=LINE('',#664,#663);
#666=DIRECTION('',(0.E0,0.E0,1.E0));
#667=VECTOR('',#666,9.220173933841E0);
#668=CARTESIAN_POINT('',(3.000592296525E1,-1.290296513839E2,7.889913033079E0));
#669=LINE('',#668,#667);
#670=DIRECTION('',(2.205400224922E-1,-9.753779259749E-1,0.E0));
#671=VECTOR('',#670,7.501789598825E0);
#672=CARTESIAN_POINT('',(2.835147811839E1,-1.217125714039E2,7.889913033079E0));
#673=LINE('',#672,#671);
#674=DIRECTION('',(0.E0,0.E0,-1.E0));
#675=VECTOR('',#674,9.220173933841E0);
#676=CARTESIAN_POINT('',(2.835147811839E1,-1.217125714039E2,1.711008696692E1));
#677=LINE('',#676,#675);
#678=DIRECTION('',(6.896963456765E-1,1.559453454273E-1,-7.071067811865E-1));
#679=VECTOR('',#678,2.828427124746E0);
#680=CARTESIAN_POINT('',(2.805516711330E1,-1.294707314288E2,1.911008696692E1));
#681=LINE('',#680,#679);
#682=DIRECTION('',(-6.896963456765E-1,-1.559453454273E-1,7.071067811865E-1));
#683=VECTOR('',#682,2.828427124746E0);
#684=CARTESIAN_POINT('',(2.835147811839E1,-1.217125714039E2,1.711008696692E1));
#685=LINE('',#684,#683);
#686=DIRECTION('',(-2.205400224922E-1,9.753779259749E-1,0.E0));
#687=VECTOR('',#686,7.501789598825E0);
#688=CARTESIAN_POINT('',(2.805516711330E1,-1.294707314288E2,1.911008696692E1));
#689=LINE('',#688,#687);
#690=DIRECTION('',(-9.753779259749E-1,-2.205400224922E-1,0.E0));
#691=VECTOR('',#690,1.1E1);
#692=CARTESIAN_POINT('',(2.640072226644E1,-1.221536514488E2,1.911008696692E1));
#693=LINE('',#692,#691);
#694=DIRECTION('',(2.205400224922E-1,-9.753779259749E-1,0.E0));
#695=VECTOR('',#694,7.501789598825E0);
#696=CARTESIAN_POINT('',(1.567156508072E1,-1.245795916963E2,1.911008696692E1));
#697=LINE('',#696,#695);
#698=DIRECTION('',(-1.041879077402E-1,4.607897660247E-1,-8.813726064540E-1));
#699=VECTOR('',#698,3.779374158497E0);
#700=CARTESIAN_POINT('',(1.771977501372E1,-1.336381686105E2,4.311186673935E0));
#701=LINE('',#700,#699);
#702=DIRECTION('',(1.041879077402E-1,-4.607897660247E-1,8.813726064540E-1));
#703=VECTOR('',#702,3.779374158497E0);
#704=CARTESIAN_POINT('',(9.522986519776E0,-1.336609918562E2,9.801498210952E-1));
#705=LINE('',#704,#703);
#706=DIRECTION('',(-9.753779259749E-1,-2.205400224922E-1,0.E0));
#707=VECTOR('',#706,8.E0);
#708=CARTESIAN_POINT('',(1.771977501372E1,-1.336381686105E2,4.311186673935E0));
#709=LINE('',#708,#707);
#710=DIRECTION('',(-9.753779259749E-1,-2.205400224922E-1,0.E0));
#711=VECTOR('',#710,8.E0);
#712=CARTESIAN_POINT('',(1.771977501372E1,-1.336381686105E2,2.096637093813E1));
#713=LINE('',#712,#711);
#714=DIRECTION('',(1.041879077402E-1,-4.607897660247E-1,-8.813726064540E-1));
#715=VECTOR('',#714,3.779374158497E0);
#716=CARTESIAN_POINT('',(1.732600992758E1,-1.318966716763E2,2.429740779097E1));
#717=LINE('',#716,#715);
#718=DIRECTION('',(-1.041879077402E-1,4.607897660247E-1,8.813726064540E-1));
#719=VECTOR('',#718,3.779374158497E0);
#720=CARTESIAN_POINT('',(9.916751605917E0,-1.354024887904E2,2.096637093813E1));
#721=LINE('',#720,#719);
#722=DIRECTION('',(2.205400224922E-1,-9.753779259749E-1,0.E0));
#723=VECTOR('',#722,7.501789598825E0);
#724=CARTESIAN_POINT('',(1.177005337682E1,-1.254617517862E2,-1.136115069321E1));
#725=LINE('',#724,#723);
#726=DIRECTION('',(-2.205400224923E-1,9.753779259749E-1,0.E0));
#727=VECTOR('',#726,7.501789598825E0);
#728=CARTESIAN_POINT('',(2.559940843881E1,-1.300259962743E2,-1.136115069321E1));
#729=LINE('',#728,#727);
#730=DIRECTION('',(-2.205400224923E-1,9.753779259749E-1,-3.125642217926E-14));
#731=VECTOR('',#730,7.501789598825E0);
#732=CARTESIAN_POINT('',(3.195667881721E1,-1.285885713389E2,-7.999999999993E0));
#733=LINE('',#732,#731);
#734=CARTESIAN_POINT('',(3.195667881720E1,-1.285885713389E2,-8.E0));
#735=CARTESIAN_POINT('',(3.454722507909E1,-1.279447718628E2,-5.331254809007E0));
#736=CARTESIAN_POINT('',(3.711797930947E1,-1.272228486076E2,-2.664584908646E0));
#737=CARTESIAN_POINT('',(3.966884898918E1,-1.264224363785E2,0.E0));
#739=CARTESIAN_POINT('',(3.800893168507E1,-1.190811534717E2,0.E0));
#740=CARTESIAN_POINT('',(3.546121733674E1,-1.198943459694E2,-2.664325828775E0));
#741=CARTESIAN_POINT('',(3.289228111904E1,-1.206243135777E2,-5.330996581510E0));
#742=CARTESIAN_POINT('',(3.030223397034E1,-1.212714913589E2,-8.E0));
#744=DIRECTION('',(0.E0,0.E0,1.E0));
#745=VECTOR('',#744,2.5E1);
#746=CARTESIAN_POINT('',(9.825824416554E1,-7.726782935676E1,0.E0));
#747=LINE('',#746,#745);
#748=CARTESIAN_POINT('',(1.023233273066E2,-8.417949090435E1,0.E0));
#749=CARTESIAN_POINT('',(1.024569632871E2,-8.401705135961E1,0.E0));
#750=CARTESIAN_POINT('',(1.027234350277E2,-8.369152451521E1,
-6.570949767651E-2));
#751=CARTESIAN_POINT('',(1.030848075532E2,-8.324578932923E1,
-3.579109099725E-1));
#752=CARTESIAN_POINT('',(1.033652254935E2,-8.289707874116E1,
-8.028633517630E-1));
#753=CARTESIAN_POINT('',(1.035487390562E2,-8.266752870430E1,-1.375223516081E0));
#754=CARTESIAN_POINT('',(1.035893374704E2,-8.261657922256E1,-1.792086369058E0));
#755=CARTESIAN_POINT('',(1.035893374704E2,-8.261657922256E1,-2.E0));
#757=CARTESIAN_POINT('',(9.825824416554E1,-7.726782935676E1,-2.E0));
#758=CARTESIAN_POINT('',(9.825824416554E1,-7.726782935676E1,-1.821199495805E0));
#759=CARTESIAN_POINT('',(9.822807559773E1,-7.730621024787E1,-1.479257013731E0));
#760=CARTESIAN_POINT('',(9.811953060728E1,-7.744399841775E1,-1.047833638442E0));
#761=CARTESIAN_POINT('',(9.796618646834E1,-7.763795244707E1,
-6.912006075344E-1));
#762=CARTESIAN_POINT('',(9.777392243947E1,-7.788003319615E1,
-3.995455980103E-1));
#763=CARTESIAN_POINT('',(9.753837297878E1,-7.817493054254E1,
-1.717487968515E-1));
#764=CARTESIAN_POINT('',(9.727622307323E1,-7.850094423798E1,
-3.145188809658E-2));
#765=CARTESIAN_POINT('',(9.709304408208E1,-7.872713580981E1,0.E0));
#766=CARTESIAN_POINT('',(9.700137918725E1,-7.883991651297E1,0.E0));
#768=DIRECTION('',(-7.059367848488E-1,7.082748448147E-1,0.E0));
#769=VECTOR('',#768,7.551799848535E0);
#770=CARTESIAN_POINT('',(1.035893374704E2,-8.261657922256E1,-3.E0));
#771=LINE('',#770,#769);
#772=DIRECTION('',(-7.059367848488E-1,7.082748448147E-1,0.E0));
#773=VECTOR('',#772,7.551799848535E0);
#774=CARTESIAN_POINT('',(1.035893374704E2,-8.261657922256E1,-2.E0));
#775=LINE('',#774,#773);
#776=DIRECTION('',(0.E0,0.E0,-1.E0));
#777=VECTOR('',#776,1.E0);
#778=CARTESIAN_POINT('',(1.035893374704E2,-8.261657922256E1,-2.E0));
#779=LINE('',#778,#777);
#780=DIRECTION('',(-5.351727413050E-1,-8.447426454039E-1,0.E0));
#781=VECTOR('',#780,7.788030684480E0);
#782=CARTESIAN_POINT('',(1.135134693403E2,-6.787952552492E1,2.5E1));
#783=LINE('',#782,#781);
#784=CARTESIAN_POINT('',(-3.945365794301E1,2.442056364391E1,2.5E1));
#785=DIRECTION('',(0.E0,0.E0,1.E0));
#786=DIRECTION('',(8.328773053615E-1,-5.534576715646E-1,0.E0));
#787=AXIS2_PLACEMENT_3D('',#784,#785,#786);
#789=DIRECTION('',(-5.765147599185E-1,-8.170867344389E-1,0.E0));
#790=VECTOR('',#789,9.984462739257E0);
#791=CARTESIAN_POINT('',(1.093455276095E2,-7.445840716781E1,2.5E1));
#792=LINE('',#791,#790);
#793=CARTESIAN_POINT('',(-3.945365794301E1,2.442056364391E1,2.5E1));
#794=DIRECTION('',(0.E0,0.E0,1.E0));
#795=DIRECTION('',(8.006580421018E-1,-5.991216067025E-1,0.E0));
#796=AXIS2_PLACEMENT_3D('',#793,#794,#795);
#798=DIRECTION('',(-2.205400224922E-1,9.753779259749E-1,0.E0));
#799=VECTOR('',#798,7.526603495167E0);
#800=CARTESIAN_POINT('',(3.966884898918E1,-1.264224363785E2,2.5E1));
#801=LINE('',#800,#799);
#802=CARTESIAN_POINT('',(0.E0,0.E0,2.5E1));
#803=DIRECTION('',(0.E0,0.E0,-1.E0));
#804=DIRECTION('',(7.860659533243E-1,-6.181426348541E-1,0.E0));
#805=AXIS2_PLACEMENT_3D('',#802,#803,#804);
#807=DIRECTION('',(5.765147599185E-1,8.170867344389E-1,-1.049978753934E-14));
#808=VECTOR('',#807,2.030163181202E0);
#809=CARTESIAN_POINT('',(9.708782512653E1,-7.892664876087E1,2.5E1));
#810=LINE('',#809,#808);
#811=DIRECTION('',(7.059367848488E-1,-7.082748448147E-1,0.E0));
#812=VECTOR('',#811,7.416389530046E0);
#813=CARTESIAN_POINT('',(9.708782512653E1,-7.892664876087E1,2.5E1));
#814=LINE('',#813,#812);
#815=CARTESIAN_POINT('',(0.E0,0.E0,2.5E1));
#816=DIRECTION('',(0.E0,0.E0,1.E0));
#817=DIRECTION('',(2.993875395410E-1,-9.541315953094E-1,0.E0));
#818=AXIS2_PLACEMENT_3D('',#815,#816,#817);
#820=DIRECTION('',(7.840846301019E-1,6.206539235661E-1,0.E0));
#821=VECTOR('',#820,2.966807709048E0);
#822=CARTESIAN_POINT('',(1.164565766358E2,-6.275468140814E1,2.5E1));
#823=LINE('',#822,#821);
#824=CARTESIAN_POINT('',(-3.945365794301E1,2.442056364391E1,2.5E1));
#825=DIRECTION('',(0.E0,0.E0,1.E0));
#826=DIRECTION('',(8.562066271232E-1,-5.166335371133E-1,0.E0));
#827=AXIS2_PLACEMENT_3D('',#824,#825,#826);
#829=DIRECTION('',(-4.980033266345E-1,-8.671751187972E-1,0.E0));
#830=VECTOR('',#829,5.909814529606E0);
#831=CARTESIAN_POINT('',(1.164565766358E2,-6.275468140814E1,2.5E1));
#832=LINE('',#831,#830);
#833=DIRECTION('',(0.E0,0.E0,1.E0));
#834=VECTOR('',#833,5.E0);
#835=CARTESIAN_POINT('',(1.135134693403E2,-6.787952552492E1,2.5E1));
#836=LINE('',#835,#834);
#837=DIRECTION('',(0.E0,0.E0,-1.E0));
#838=VECTOR('',#837,5.E0);
#839=CARTESIAN_POINT('',(1.164565766358E2,-6.275468140814E1,3.E1));
#840=LINE('',#839,#838);
#841=DIRECTION('',(7.840846301019E-1,6.206539235661E-1,0.E0));
#842=VECTOR('',#841,2.966807709048E0);
#843=CARTESIAN_POINT('',(1.164565766358E2,-6.275468140814E1,3.E1));
#844=LINE('',#843,#842);
#845=CARTESIAN_POINT('',(1.167834786983E2,-5.420491579771E1,3.E1));
#846=DIRECTION('',(0.E0,0.E0,1.E0));
#847=DIRECTION('',(0.E0,1.E0,0.E0));
#848=AXIS2_PLACEMENT_3D('',#845,#846,#847);
#850=CARTESIAN_POINT('',(1.167834786983E2,-5.420491579771E1,3.E1));
#851=DIRECTION('',(0.E0,0.E0,1.E0));
#852=DIRECTION('',(0.E0,-1.E0,0.E0));
#853=AXIS2_PLACEMENT_3D('',#850,#851,#852);
#855=CARTESIAN_POINT('',(1.167834786983E2,-5.420491579771E1,3.E1));
#856=DIRECTION('',(0.E0,0.E0,-1.E0));
#857=DIRECTION('',(-9.556653310549E-1,-2.944550475364E-1,0.E0));
#858=AXIS2_PLACEMENT_3D('',#855,#856,#857);
#860=DIRECTION('',(-4.980033266345E-1,-8.671751187972E-1,0.E0));
#861=VECTOR('',#860,5.909814529606E0);
#862=CARTESIAN_POINT('',(1.164565766358E2,-6.275468140814E1,3.E1));
#863=LINE('',#862,#861);
#864=DIRECTION('',(-5.351727413050E-1,-8.447426454039E-1,0.E0));
#865=VECTOR('',#864,7.788030684479E0);
#866=CARTESIAN_POINT('',(1.135134693403E2,-6.787952552492E1,3.E1));
#867=LINE('',#866,#865);
#868=DIRECTION('',(-5.765147599185E-1,-8.170867344389E-1,0.E0));
#869=VECTOR('',#868,6.939217967454E0);
#870=CARTESIAN_POINT('',(1.093455276095E2,-7.445840716781E1,3.E1));
#871=LINE('',#870,#869);
#872=DIRECTION('',(7.059367848488E-1,-7.082748448147E-1,0.E0));
#873=VECTOR('',#872,7.551799848535E0);
#874=CARTESIAN_POINT('',(1.000138727240E2,-7.477960025060E1,3.E1));
#875=LINE('',#874,#873);
#876=DIRECTION('',(5.765147599185E-1,8.170867344389E-1,0.E0));
#877=VECTOR('',#876,6.328706697628E0);
#878=CARTESIAN_POINT('',(1.000138727240E2,-7.477960025060E1,3.E1));
#879=LINE('',#878,#877);
#880=DIRECTION('',(5.129158978339E-1,8.584388631401E-1,0.E0));
#881=VECTOR('',#880,1.178058622938E1);
#882=CARTESIAN_POINT('',(1.036624655464E2,-6.960849796182E1,3.E1));
#883=LINE('',#882,#881);
#884=CARTESIAN_POINT('',(1.053449660289E2,-8.012835011640E1,3.E1));
#885=CARTESIAN_POINT('',(1.050545349591E2,-8.053997422552E1,3.E1));
#886=CARTESIAN_POINT('',(1.045973968248E2,-8.118787004931E1,2.978539316934E1));
#887=CARTESIAN_POINT('',(1.040806145237E2,-8.192029876093E1,2.917047238483E1));
#888=CARTESIAN_POINT('',(1.037177858521E2,-8.243453103226E1,2.828850964371E1));
#889=CARTESIAN_POINT('',(1.035893374704E2,-8.261657922256E1,2.750377039765E1));
#890=CARTESIAN_POINT('',(1.035893374704E2,-8.261657922256E1,2.7E1));
#892=DIRECTION('',(0.E0,0.E0,1.E0));
#893=VECTOR('',#892,5.E0);
#894=CARTESIAN_POINT('',(1.093455276095E2,-7.445840716781E1,2.5E1));
#895=LINE('',#894,#893);
#896=DIRECTION('',(-8.526512829120E-14,-1.278976924368E-13,-1.E0));
#897=VECTOR('',#896,2.E0);
#898=CARTESIAN_POINT('',(1.035893374704E2,-8.261657922256E1,2.7E1));
#899=LINE('',#898,#897);
#900=DIRECTION('',(7.059367848488E-1,-7.082748448147E-1,3.104943291715E-14));
#901=VECTOR('',#900,7.551799848535E0);
#902=CARTESIAN_POINT('',(9.825824416554E1,-7.726782935676E1,2.7E1));
#903=LINE('',#902,#901);
#904=CARTESIAN_POINT('',(1.035893374704E2,-8.261657922256E1,2.7E1));
#905=CARTESIAN_POINT('',(1.035893374704E2,-8.261657922256E1,2.682119321214E1));
#906=CARTESIAN_POINT('',(1.035589266885E2,-8.265472564539E1,2.647926956450E1));
#907=CARTESIAN_POINT('',(1.034495832082E2,-8.279159903415E1,2.604800159554E1));
#908=CARTESIAN_POINT('',(1.032951464219E2,-8.298426365250E1,2.569145812145E1));
#909=CARTESIAN_POINT('',(1.031014925234E2,-8.322482594463E1,2.539977147108E1));
#910=CARTESIAN_POINT('',(1.028642013289E2,-8.351802203378E1,2.517186133830E1));
#911=CARTESIAN_POINT('',(1.026001153901E2,-8.384228113517E1,2.503146969871E1));
#912=CARTESIAN_POINT('',(1.024156309838E2,-8.406729232398E1,2.5E1));
#913=CARTESIAN_POINT('',(1.023233273066E2,-8.417949090435E1,2.5E1));
#915=CARTESIAN_POINT('',(9.708782512653E1,-7.892664876087E1,2.5E1));
#916=CARTESIAN_POINT('',(9.728144583977E1,-7.865223268812E1,2.5E1));
#917=CARTESIAN_POINT('',(9.758620459594E1,-7.822030213893E1,2.514307122044E1));
#918=CARTESIAN_POINT('',(9.793072613002E1,-7.773201633118E1,2.555301841011E1));
#919=CARTESIAN_POINT('',(9.817261191109E1,-7.738919481696E1,2.614099357086E1));
#920=CARTESIAN_POINT('',(9.825824416554E1,-7.726782935676E1,2.666415306823E1));
#921=CARTESIAN_POINT('',(9.825824416554E1,-7.726782935676E1,2.7E1));
#923=CARTESIAN_POINT('',(9.825824416554E1,-7.726782935676E1,2.7E1));
#924=CARTESIAN_POINT('',(9.825824416554E1,-7.726782935676E1,2.750377039765E1));
#925=CARTESIAN_POINT('',(9.838669254721E1,-7.708578116646E1,2.828850964371E1));
#926=CARTESIAN_POINT('',(9.874952121882E1,-7.657154889514E1,2.917047238483E1));
#927=CARTESIAN_POINT('',(9.926630351994E1,-7.583912018352E1,2.978539316934E1));
#928=CARTESIAN_POINT('',(9.972344165419E1,-7.519122435973E1,3.E1));
#929=CARTESIAN_POINT('',(1.000138727240E2,-7.477960025060E1,3.E1));
#931=DIRECTION('',(5.765147599185E-1,8.170867344389E-1,0.E0));
#932=VECTOR('',#931,9.373951469431E0);
#933=CARTESIAN_POINT('',(9.825824416554E1,-7.726782935676E1,2.5E1));
#934=LINE('',#933,#932);
#935=DIRECTION('',(9.875630650821E-2,9.951116479696E-1,0.E0));
#936=VECTOR('',#935,3.169642693337E0);
#937=CARTESIAN_POINT('',(1.098008466388E2,-5.948422401284E1,2.5E1));
#938=LINE('',#937,#936);
#939=DIRECTION('',(5.129158978339E-1,8.584388631401E-1,0.E0));
#940=VECTOR('',#939,1.178058622938E1);
#941=CARTESIAN_POINT('',(1.036624655464E2,-6.960849796182E1,2.5E1));
#942=LINE('',#941,#940);
#943=DIRECTION('',(9.875630650821E-2,9.951116479696E-1,0.E0));
#944=VECTOR('',#943,3.169642693337E0);
#945=CARTESIAN_POINT('',(1.098008466388E2,-5.948422401284E1,1.875E1));
#946=LINE('',#945,#944);
#947=CARTESIAN_POINT('',(1.167834786983E2,-5.420491579771E1,1.875E1));
#948=DIRECTION('',(0.E0,0.E0,1.E0));
#949=DIRECTION('',(-1.E0,0.E0,0.E0));
#950=AXIS2_PLACEMENT_3D('',#947,#948,#949);
#952=DIRECTION('',(8.270133426867E-1,-5.621822934051E-1,0.E0));
#953=VECTOR('',#952,7.426214426229E0);
#954=CARTESIAN_POINT('',(1.073718909241E2,-6.370463926746E1,1.875E1));
#955=LINE('',#954,#953);
#956=DIRECTION('',(7.793011563975E-1,6.266495891944E-1,0.E0));
#957=VECTOR('',#956,2.994376060602E0);
#958=CARTESIAN_POINT('',(1.164758114159E2,-6.278178193996E1,2.5E1));
#959=LINE('',#958,#957);
#960=DIRECTION('',(-7.793011563975E-1,-6.266495891944E-1,0.E0));
#961=VECTOR('',#960,2.994376060602E0);
#962=CARTESIAN_POINT('',(1.188093321426E2,-6.090535741169E1,1.875E1));
#963=LINE('',#962,#961);
#964=DIRECTION('',(-1.195597436179E-1,-9.928270079455E-1,0.E0));
#965=VECTOR('',#964,3.252816206284E0);
#966=CARTESIAN_POINT('',(1.100938213809E2,-5.626610113046E1,3.E1));
#967=LINE('',#966,#965);
#968=DIRECTION('',(1.195597436179E-1,9.928270079455E-1,0.E0));
#969=VECTOR('',#968,3.252816206284E0);
#970=CARTESIAN_POINT('',(1.097049155093E2,-5.949558491194E1,2.5E1));
#971=LINE('',#970,#969);
#972=DIRECTION('',(0.E0,0.E0,-1.E0));
#973=VECTOR('',#972,5.E0);
#974=CARTESIAN_POINT('',(1.097049155093E2,-5.949558491194E1,3.E1));
#975=LINE('',#974,#973);
#976=DIRECTION('',(-1.421085471520E-14,-2.273736754432E-14,1.E0));
#977=VECTOR('',#976,5.E0);
#978=CARTESIAN_POINT('',(1.036624655464E2,-6.960849796182E1,2.5E1));
#979=LINE('',#978,#977);
#980=DIRECTION('',(2.205400224922E-1,-9.753779259749E-1,-1.382859890355E-13));
#981=VECTOR('',#980,7.501789598824E0);
#982=CARTESIAN_POINT('',(3.030223397037E1,-1.212714913589E2,3.3E1));
#983=LINE('',#982,#981);
#984=CARTESIAN_POINT('',(3.030223397034E1,-1.212714913589E2,3.3E1));
#985=CARTESIAN_POINT('',(3.289228111904E1,-1.206243135777E2,3.033099658151E1));
#986=CARTESIAN_POINT('',(3.546121733674E1,-1.198943459694E2,2.766432582878E1));
#987=CARTESIAN_POINT('',(3.800893168507E1,-1.190811534717E2,2.5E1));
#989=CARTESIAN_POINT('',(3.966884898918E1,-1.264224363785E2,2.5E1));
#990=CARTESIAN_POINT('',(3.711797930947E1,-1.272228486076E2,2.766458490865E1));
#991=CARTESIAN_POINT('',(3.454722507909E1,-1.279447718628E2,3.033125480901E1));
#992=CARTESIAN_POINT('',(3.195667881720E1,-1.285885713389E2,3.3E1));
#994=DIRECTION('',(-2.205400224923E-1,9.753779259749E-1,0.E0));
#995=VECTOR('',#994,7.501789598825E0);
#996=CARTESIAN_POINT('',(1.342449822368E1,-1.327788317662E2,3.636115069321E1));
#997=LINE('',#996,#995);
#998=DIRECTION('',(2.205400224923E-1,-9.753779259749E-1,0.E0));
#999=VECTOR('',#998,7.501789598825E0);
#1000=CARTESIAN_POINT('',(2.394496359195E1,-1.227089162943E2,3.636115069321E1));
#1001=LINE('',#1000,#999);
#1002=DIRECTION('',(-9.753779259749E-1,-2.205400224923E-1,0.E0));
#1003=VECTOR('',#1002,1.248224907588E1);
#1004=CARTESIAN_POINT('',(2.559940843881E1,-1.300259962743E2,3.636115069321E1));
#1005=LINE('',#1004,#1003);
#1006=CARTESIAN_POINT('',(1.135134693403E2,-6.787952552492E1,6.25E0));
#1007=CARTESIAN_POINT('',(1.135134693403E2,-6.787952552492E1,1.875E1));
#1008=VERTEX_POINT('',#1006);
#1009=VERTEX_POINT('',#1007);
#1010=CARTESIAN_POINT('',(1.073718909241E2,-6.370463926746E1,6.25E0));
#1011=CARTESIAN_POINT('',(1.073718909241E2,-6.370463926746E1,1.875E1));
#1012=VERTEX_POINT('',#1010);
#1013=VERTEX_POINT('',#1011);
#1014=CARTESIAN_POINT('',(1.167834786983E2,-5.020491579771E1,-5.E0));
#1015=CARTESIAN_POINT('',(1.167834786983E2,-5.820491579771E1,-5.E0));
#1016=VERTEX_POINT('',#1014);
#1017=VERTEX_POINT('',#1015);
#1018=CARTESIAN_POINT('',(1.135134693403E2,-6.787952552492E1,-5.E0));
#1019=CARTESIAN_POINT('',(1.093455276095E2,-7.445840716781E1,-5.E0));
#1020=VERTEX_POINT('',#1018);
#1021=VERTEX_POINT('',#1019);
#1022=CARTESIAN_POINT('',(1.036624655464E2,-6.960849796182E1,0.E0));
#1023=CARTESIAN_POINT('',(1.036624655464E2,-6.960849796182E1,-5.E0));
#1024=VERTEX_POINT('',#1022);
#1025=VERTEX_POINT('',#1023);
#1026=CARTESIAN_POINT('',(1.135134693403E2,-6.787952552492E1,0.E0));
#1027=CARTESIAN_POINT('',(1.093455276095E2,-7.445840716781E1,0.E0));
#1028=VERTEX_POINT('',#1026);
#1029=VERTEX_POINT('',#1027);
#1030=CARTESIAN_POINT('',(9.825824416554E1,-7.726782935676E1,0.E0));
#1031=VERTEX_POINT('',#1030);
#1032=CARTESIAN_POINT('',(1.035893374704E2,-8.261657922256E1,0.E0));
#1033=VERTEX_POINT('',#1032);
#1034=CARTESIAN_POINT('',(1.167834786983E2,-5.020491579771E1,0.E0));
#1035=VERTEX_POINT('',#1034);
#1036=CARTESIAN_POINT('',(1.167834786983E2,-5.020491579771E1,3.E1));
#1037=CARTESIAN_POINT('',(1.167834786983E2,-5.820491579771E1,3.E1));
#1038=VERTEX_POINT('',#1036);
#1039=VERTEX_POINT('',#1037);
#1040=CARTESIAN_POINT('',(1.135134693403E2,-6.787952552492E1,3.E1));
#1041=CARTESIAN_POINT('',(1.093455276095E2,-7.445840716781E1,3.E1));
#1042=VERTEX_POINT('',#1040);
#1043=VERTEX_POINT('',#1041);
#1044=CARTESIAN_POINT('',(1.036624655464E2,-6.960849796182E1,2.5E1));
#1045=CARTESIAN_POINT('',(1.036624655464E2,-6.960849796182E1,3.E1));
#1046=VERTEX_POINT('',#1044);
#1047=VERTEX_POINT('',#1045);
#1048=CARTESIAN_POINT('',(1.167834786983E2,-5.020491579771E1,2.5E1));
#1049=VERTEX_POINT('',#1048);
#1050=CARTESIAN_POINT('',(1.135134693403E2,-6.787952552492E1,2.5E1));
#1051=VERTEX_POINT('',#1050);
#1052=CARTESIAN_POINT('',(1.093455276095E2,-7.445840716781E1,2.5E1));
#1053=VERTEX_POINT('',#1052);
#1054=CARTESIAN_POINT('',(9.825824416554E1,-7.726782935676E1,2.5E1));
#1055=VERTEX_POINT('',#1054);
#1056=CARTESIAN_POINT('',(1.035893374704E2,-8.261657922256E1,2.5E1));
#1057=VERTEX_POINT('',#1056);
#1058=CARTESIAN_POINT('',(9.708782512653E1,-7.892664876087E1,2.5E1));
#1059=CARTESIAN_POINT('',(1.023233273066E2,-8.417949090435E1,2.5E1));
#1060=VERTEX_POINT('',#1058);
#1061=VERTEX_POINT('',#1059);
#1062=CARTESIAN_POINT('',(1.023233273066E2,-8.417949090435E1,0.E0));
#1063=CARTESIAN_POINT('',(9.700137918725E1,-7.883991651297E1,0.E0));
#1064=VERTEX_POINT('',#1062);
#1065=VERTEX_POINT('',#1063);
#1066=CARTESIAN_POINT('',(1.035893374704E2,-8.261657922256E1,-2.E0));
#1067=CARTESIAN_POINT('',(9.825824416554E1,-7.726782935676E1,-2.E0));
#1068=VERTEX_POINT('',#1066);
#1069=VERTEX_POINT('',#1067);
#1070=VERTEX_POINT('',#884);
#1071=VERTEX_POINT('',#890);
#1072=CARTESIAN_POINT('',(9.825824416554E1,-7.726782935676E1,2.7E1));
#1073=VERTEX_POINT('',#1072);
#1074=VERTEX_POINT('',#929);
#1075=VERTEX_POINT('',#254);
#1076=VERTEX_POINT('',#260);
#1077=CARTESIAN_POINT('',(1.035893374704E2,-8.261657922256E1,-3.E0));
#1078=VERTEX_POINT('',#1077);
#1079=VERTEX_POINT('',#244);
#1080=CARTESIAN_POINT('',(1.127834786983E2,-5.420491579771E1,0.E0));
#1081=CARTESIAN_POINT('',(1.167834786983E2,-5.820491579771E1,0.E0));
#1082=VERTEX_POINT('',#1080);
#1083=VERTEX_POINT('',#1081);
#1084=CARTESIAN_POINT('',(1.127834786983E2,-5.420491579771E1,2.5E1));
#1085=CARTESIAN_POINT('',(1.167834786983E2,-5.820491579771E1,2.5E1));
#1086=VERTEX_POINT('',#1084);
#1087=VERTEX_POINT('',#1085);
#1088=CARTESIAN_POINT('',(1.194981842040E2,-5.714266561979E1,0.E0));
#1089=CARTESIAN_POINT('',(1.194981842040E2,-5.714266561979E1,6.25E0));
#1090=VERTEX_POINT('',#1088);
#1091=VERTEX_POINT('',#1089);
#1092=CARTESIAN_POINT('',(1.194981842040E2,-5.714266561979E1,1.875E1));
#1093=CARTESIAN_POINT('',(1.194981842040E2,-5.714266561979E1,2.5E1));
#1094=VERTEX_POINT('',#1092);
#1095=VERTEX_POINT('',#1093);
#1096=CARTESIAN_POINT('',(1.127834786983E2,-5.420491579771E1,6.25E0));
#1097=VERTEX_POINT('',#1096);
#1098=CARTESIAN_POINT('',(1.127834786983E2,-5.420491579771E1,1.875E1));
#1099=VERTEX_POINT('',#1098);
#1100=CARTESIAN_POINT('',(1.512134282458E1,-1.221461347801E2,1.088877880603E1));
#1101=CARTESIAN_POINT('',(1.512134282458E1,-1.221461347801E2,1.438877880603E1));
#1102=VERTEX_POINT('',#1100);
#1103=VERTEX_POINT('',#1101);
#1104=CARTESIAN_POINT('',(1.558447687182E1,-1.241944284247E2,1.438877880603E1));
#1105=VERTEX_POINT('',#1104);
#1106=CARTESIAN_POINT('',(1.741309813648E1,-1.322818349478E2,1.438877880603E1));
#1107=VERTEX_POINT('',#1106);
#1108=CARTESIAN_POINT('',(1.787623218371E1,-1.343301285924E2,1.438877880603E1));
#1109=VERTEX_POINT('',#1108);
#1110=CARTESIAN_POINT('',(1.787623218371E1,-1.343301285924E2,1.088877880603E1));
#1111=VERTEX_POINT('',#1110);
#1112=CARTESIAN_POINT('',(1.741309813648E1,-1.322818349478E2,1.088877880603E1));
#1113=VERTEX_POINT('',#1112);
#1114=CARTESIAN_POINT('',(1.558447687182E1,-1.241944284247E2,1.088877880603E1));
#1115=VERTEX_POINT('',#1114);
#1116=CARTESIAN_POINT('',(7.318319416785E0,-1.239104549601E2,1.088877880603E1));
#1117=CARTESIAN_POINT('',(7.318319416785E0,-1.239104549601E2,1.438877880603E1));
#1118=VERTEX_POINT('',#1116);
#1119=VERTEX_POINT('',#1117);
#1120=CARTESIAN_POINT('',(7.781453464019E0,-1.259587486046E2,1.438877880603E1));
#1121=VERTEX_POINT('',#1120);
#1122=CARTESIAN_POINT('',(9.610074728677E0,-1.340461551278E2,1.438877880603E1));
#1123=VERTEX_POINT('',#1122);
#1124=CARTESIAN_POINT('',(1.007320877591E1,-1.360944487723E2,1.438877880603E1));
#1125=VERTEX_POINT('',#1124);
#1126=CARTESIAN_POINT('',(1.007320877591E1,-1.360944487723E2,1.088877880603E1));
#1127=VERTEX_POINT('',#1126);
#1128=CARTESIAN_POINT('',(9.610074728677E0,-1.340461551278E2,1.088877880603E1));
#1129=VERTEX_POINT('',#1128);
#1130=CARTESIAN_POINT('',(7.781453464019E0,-1.259587486046E2,1.088877880603E1));
#1131=VERTEX_POINT('',#1130);
#1132=CARTESIAN_POINT('',(1.732600992758E1,-1.318966716763E2,5.889913033079E0));
#1133=CARTESIAN_POINT('',(1.567156508072E1,-1.245795916963E2,5.889913033079E0));
#1134=VERTEX_POINT('',#1132);
#1135=VERTEX_POINT('',#1133);
#1136=CARTESIAN_POINT('',(1.567156508072E1,-1.245795916963E2,1.911008696692E1));
#1137=CARTESIAN_POINT('',(1.732600992758E1,-1.318966716763E2,1.911008696692E1));
#1138=VERTEX_POINT('',#1136);
#1139=VERTEX_POINT('',#1137);
#1140=CARTESIAN_POINT('',(3.800893168507E1,-1.190811534717E2,0.E0));
#1141=CARTESIAN_POINT('',(3.966884898918E1,-1.264224363785E2,0.E0));
#1142=VERTEX_POINT('',#1140);
#1143=VERTEX_POINT('',#1141);
#1144=CARTESIAN_POINT('',(3.966884898918E1,-1.264224363785E2,2.5E1));
#1145=CARTESIAN_POINT('',(3.800893168507E1,-1.190811534717E2,2.5E1));
#1146=VERTEX_POINT('',#1144);
#1147=VERTEX_POINT('',#1145);
#1148=CARTESIAN_POINT('',(3.030223397035E1,-1.212714913589E2,
-8.000000000010E0));
#1149=CARTESIAN_POINT('',(2.394496359195E1,-1.227089162943E2,
-1.136115069321E1));
#1150=VERTEX_POINT('',#1148);
#1151=VERTEX_POINT('',#1149);
#1152=CARTESIAN_POINT('',(2.559940843881E1,-1.300259962743E2,
-1.136115069321E1));
#1153=VERTEX_POINT('',#1152);
#1154=CARTESIAN_POINT('',(3.195667881721E1,-1.285885713389E2,
-8.000000000009E0));
#1155=VERTEX_POINT('',#1154);
#1156=CARTESIAN_POINT('',(3.195667881727E1,-1.285885713389E2,3.300000000005E1));
#1157=CARTESIAN_POINT('',(2.559940843881E1,-1.300259962743E2,3.636115069321E1));
#1158=VERTEX_POINT('',#1156);
#1159=VERTEX_POINT('',#1157);
#1160=CARTESIAN_POINT('',(2.394496359195E1,-1.227089162943E2,3.636115069321E1));
#1161=VERTEX_POINT('',#1160);
#1162=CARTESIAN_POINT('',(3.030223397041E1,-1.212714913589E2,3.300000000005E1));
#1163=VERTEX_POINT('',#1162);
#1164=CARTESIAN_POINT('',(2.805516711330E1,-1.294707314288E2,1.911008696692E1));
#1165=CARTESIAN_POINT('',(2.640072226644E1,-1.221536514488E2,1.911008696692E1));
#1166=VERTEX_POINT('',#1164);
#1167=VERTEX_POINT('',#1165);
#1168=CARTESIAN_POINT('',(3.000592296525E1,-1.290296513839E2,1.711008696692E1));
#1169=CARTESIAN_POINT('',(2.835147811839E1,-1.217125714039E2,1.711008696692E1));
#1170=VERTEX_POINT('',#1168);
#1171=VERTEX_POINT('',#1169);
#1172=CARTESIAN_POINT('',(2.640072226644E1,-1.221536514488E2,5.889913033079E0));
#1173=CARTESIAN_POINT('',(2.805516711330E1,-1.294707314288E2,5.889913033079E0));
#1174=VERTEX_POINT('',#1172);
#1175=VERTEX_POINT('',#1173);
#1176=CARTESIAN_POINT('',(2.835147811839E1,-1.217125714039E2,7.889913033079E0));
#1177=CARTESIAN_POINT('',(3.000592296525E1,-1.290296513839E2,7.889913033079E0));
#1178=VERTEX_POINT('',#1176);
#1179=VERTEX_POINT('',#1177);
#1180=CARTESIAN_POINT('',(1.527779999458E1,-1.228380947620E2,2.096637093813E1));
#1181=CARTESIAN_POINT('',(7.474776586778E0,-1.246024149420E2,2.096637093813E1));
#1182=VERTEX_POINT('',#1180);
#1183=VERTEX_POINT('',#1181);
#1184=CARTESIAN_POINT('',(1.567156508072E1,-1.245795916963E2,2.429740779097E1));
#1185=CARTESIAN_POINT('',(7.868541672919E0,-1.263439118762E2,2.429740779097E1));
#1186=VERTEX_POINT('',#1184);
#1187=VERTEX_POINT('',#1185);
#1188=CARTESIAN_POINT('',(1.567156508072E1,-1.245795916963E2,
9.801498210952E-1));
#1189=CARTESIAN_POINT('',(7.868541672919E0,-1.263439118762E2,
9.801498210952E-1));
#1190=VERTEX_POINT('',#1188);
#1191=VERTEX_POINT('',#1189);
#1192=CARTESIAN_POINT('',(1.527779999458E1,-1.228380947620E2,4.311186673935E0));
#1193=CARTESIAN_POINT('',(7.474776586778E0,-1.246024149420E2,4.311186673935E0));
#1194=VERTEX_POINT('',#1192);
#1195=VERTEX_POINT('',#1193);
#1196=CARTESIAN_POINT('',(1.771977501372E1,-1.336381686105E2,4.311186673935E0));
#1197=CARTESIAN_POINT('',(9.916751605917E0,-1.354024887904E2,4.311186673935E0));
#1198=VERTEX_POINT('',#1196);
#1199=VERTEX_POINT('',#1197);
#1200=CARTESIAN_POINT('',(1.732600992758E1,-1.318966716763E2,
9.801498210952E-1));
#1201=CARTESIAN_POINT('',(9.522986519776E0,-1.336609918562E2,
9.801498210952E-1));
#1202=VERTEX_POINT('',#1200);
#1203=VERTEX_POINT('',#1201);
#1204=CARTESIAN_POINT('',(1.732600992758E1,-1.318966716763E2,2.429740779097E1));
#1205=CARTESIAN_POINT('',(9.522986519776E0,-1.336609918562E2,2.429740779097E1));
#1206=VERTEX_POINT('',#1204);
#1207=VERTEX_POINT('',#1205);
#1208=CARTESIAN_POINT('',(1.771977501372E1,-1.336381686105E2,2.096637093813E1));
#1209=CARTESIAN_POINT('',(9.916751605917E0,-1.354024887904E2,2.096637093813E1));
#1210=VERTEX_POINT('',#1208);
#1211=VERTEX_POINT('',#1209);
#1212=CARTESIAN_POINT('',(1.101138688441E2,-5.633007564880E1,0.E0));
#1213=CARTESIAN_POINT('',(1.101138688441E2,-5.633007564880E1,6.25E0));
#1214=VERTEX_POINT('',#1212);
#1215=VERTEX_POINT('',#1213);
#1216=CARTESIAN_POINT('',(1.098008466388E2,-5.948422401284E1,0.E0));
#1217=CARTESIAN_POINT('',(1.098008466388E2,-5.948422401284E1,6.25E0));
#1218=VERTEX_POINT('',#1216);
#1219=VERTEX_POINT('',#1217);
#1220=CARTESIAN_POINT('',(1.100938213809E2,-5.626610113046E1,0.E0));
#1221=CARTESIAN_POINT('',(1.100938213809E2,-5.626610113046E1,-5.E0));
#1222=VERTEX_POINT('',#1220);
#1223=VERTEX_POINT('',#1221);
#1224=CARTESIAN_POINT('',(1.097049155093E2,-5.949558491194E1,0.E0));
#1225=CARTESIAN_POINT('',(1.097049155093E2,-5.949558491194E1,-5.E0));
#1226=VERTEX_POINT('',#1224);
#1227=VERTEX_POINT('',#1225);
#1228=CARTESIAN_POINT('',(1.100938213809E2,-5.626610113046E1,3.E1));
#1229=CARTESIAN_POINT('',(1.100938213809E2,-5.626610113046E1,2.5E1));
#1230=VERTEX_POINT('',#1228);
#1231=VERTEX_POINT('',#1229);
#1232=CARTESIAN_POINT('',(1.097049155093E2,-5.949558491194E1,3.E1));
#1233=CARTESIAN_POINT('',(1.097049155093E2,-5.949558491194E1,2.5E1));
#1234=VERTEX_POINT('',#1232);
#1235=VERTEX_POINT('',#1233);
#1236=CARTESIAN_POINT('',(1.101138688441E2,-5.633007564880E1,2.5E1));
#1237=VERTEX_POINT('',#1236);
#1238=CARTESIAN_POINT('',(1.098008466388E2,-5.948422401284E1,1.875E1));
#1239=CARTESIAN_POINT('',(1.098008466388E2,-5.948422401284E1,2.5E1));
#1240=VERTEX_POINT('',#1238);
#1241=VERTEX_POINT('',#1239);
#1242=CARTESIAN_POINT('',(1.101138688441E2,-5.633007564880E1,1.875E1));
#1243=VERTEX_POINT('',#1242);
#1244=CARTESIAN_POINT('',(1.187828049609E2,-6.091332056305E1,0.E0));
#1245=CARTESIAN_POINT('',(1.187828049609E2,-6.091332056305E1,-5.E0));
#1246=VERTEX_POINT('',#1244);
#1247=VERTEX_POINT('',#1245);
#1248=CARTESIAN_POINT('',(1.164565766358E2,-6.275468140814E1,0.E0));
#1249=CARTESIAN_POINT('',(1.164565766358E2,-6.275468140814E1,-5.E0));
#1250=VERTEX_POINT('',#1248);
#1251=VERTEX_POINT('',#1249);
#1252=CARTESIAN_POINT('',(1.164758114159E2,-6.278178193996E1,6.25E0));
#1253=CARTESIAN_POINT('',(1.164758114159E2,-6.278178193996E1,0.E0));
#1254=VERTEX_POINT('',#1252);
#1255=VERTEX_POINT('',#1253);
#1256=CARTESIAN_POINT('',(1.188093321426E2,-6.090535741169E1,6.25E0));
#1257=CARTESIAN_POINT('',(1.188093321426E2,-6.090535741169E1,0.E0));
#1258=VERTEX_POINT('',#1256);
#1259=VERTEX_POINT('',#1257);
#1260=CARTESIAN_POINT('',(1.164758114159E2,-6.278178193996E1,2.5E1));
#1261=CARTESIAN_POINT('',(1.164758114159E2,-6.278178193996E1,1.875E1));
#1262=VERTEX_POINT('',#1260);
#1263=VERTEX_POINT('',#1261);
#1264=CARTESIAN_POINT('',(1.188093321426E2,-6.090535741169E1,2.5E1));
#1265=CARTESIAN_POINT('',(1.188093321426E2,-6.090535741169E1,1.875E1));
#1266=VERTEX_POINT('',#1264);
#1267=VERTEX_POINT('',#1265);
#1268=CARTESIAN_POINT('',(1.187828049609E2,-6.091332056305E1,2.5E1));
#1269=VERTEX_POINT('',#1268);
#1270=CARTESIAN_POINT('',(1.164565766358E2,-6.275468140814E1,3.E1));
#1271=CARTESIAN_POINT('',(1.164565766358E2,-6.275468140814E1,2.5E1));
#1272=VERTEX_POINT('',#1270);
#1273=VERTEX_POINT('',#1271);
#1274=CARTESIAN_POINT('',(1.187828049609E2,-6.091332056305E1,3.E1));
#1275=VERTEX_POINT('',#1274);
#1276=CARTESIAN_POINT('',(7.868541672919E0,-1.263439118762E2,3.236115069321E1));
#1277=CARTESIAN_POINT('',(1.177005337682E1,-1.254617517862E2,3.636115069321E1));
#1278=VERTEX_POINT('',#1276);
#1279=VERTEX_POINT('',#1277);
#1280=CARTESIAN_POINT('',(1.342449822368E1,-1.327788317662E2,3.636115069321E1));
#1281=VERTEX_POINT('',#1280);
#1282=CARTESIAN_POINT('',(9.522986519776E0,-1.336609918562E2,3.236115069321E1));
#1283=VERTEX_POINT('',#1282);
#1284=CARTESIAN_POINT('',(9.522986519776E0,-1.336609918562E2,
-7.361150693207E0));
#1285=CARTESIAN_POINT('',(1.342449822368E1,-1.327788317662E2,
-1.136115069321E1));
#1286=VERTEX_POINT('',#1284);
#1287=VERTEX_POINT('',#1285);
#1288=CARTESIAN_POINT('',(1.177005337682E1,-1.254617517862E2,
-1.136115069321E1));
#1289=VERTEX_POINT('',#1288);
#1290=CARTESIAN_POINT('',(7.868541672919E0,-1.263439118762E2,
-7.361150693207E0));
#1291=VERTEX_POINT('',#1290);
#1292=CARTESIAN_POINT('',(1.167834786983E2,-5.420491579771E1,2.5E1));
#1293=DIRECTION('',(0.E0,0.E0,1.E0));
#1294=DIRECTION('',(1.E0,0.E0,0.E0));
#1295=AXIS2_PLACEMENT_3D('',#1292,#1293,#1294);
#1296=CYLINDRICAL_SURFACE('',#1295,7.E0);
#1298=ORIENTED_EDGE('',*,*,#1297,.F.);
#1300=ORIENTED_EDGE('',*,*,#1299,.F.);
#1302=ORIENTED_EDGE('',*,*,#1301,.T.);
#1304=ORIENTED_EDGE('',*,*,#1303,.T.);
#1306=ORIENTED_EDGE('',*,*,#1305,.F.);
#1308=ORIENTED_EDGE('',*,*,#1307,.F.);
#1310=ORIENTED_EDGE('',*,*,#1309,.F.);
#1312=ORIENTED_EDGE('',*,*,#1311,.T.);
#1313=EDGE_LOOP('',(#1298,#1300,#1302,#1304,#1306,#1308,#1310,#1312));
#1314=FACE_OUTER_BOUND('',#1313,.F.);
#1315=ADVANCED_FACE('',(#1314),#1296,.T.);
#1316=CARTESIAN_POINT('',(1.167834786983E2,-5.420491579771E1,2.5E1));
#1317=DIRECTION('',(0.E0,0.E0,1.E0));
#1318=DIRECTION('',(1.E0,0.E0,0.E0));
#1319=AXIS2_PLACEMENT_3D('',#1316,#1317,#1318);
#1320=CYLINDRICAL_SURFACE('',#1319,7.E0);
#1322=ORIENTED_EDGE('',*,*,#1321,.T.);
#1324=ORIENTED_EDGE('',*,*,#1323,.T.);
#1326=ORIENTED_EDGE('',*,*,#1325,.F.);
#1328=ORIENTED_EDGE('',*,*,#1327,.F.);
#1330=ORIENTED_EDGE('',*,*,#1329,.F.);
#1332=ORIENTED_EDGE('',*,*,#1331,.T.);
#1334=ORIENTED_EDGE('',*,*,#1333,.F.);
#1336=ORIENTED_EDGE('',*,*,#1335,.F.);
#1337=EDGE_LOOP('',(#1322,#1324,#1326,#1328,#1330,#1332,#1334,#1336));
#1338=FACE_OUTER_BOUND('',#1337,.F.);
#1339=ADVANCED_FACE('',(#1338),#1320,.T.);
#1340=CARTESIAN_POINT('',(1.099573577414E2,-5.790714983082E1,3.125E0));
#1341=DIRECTION('',(-9.951116479696E-1,9.875630650821E-2,0.E0));
#1342=DIRECTION('',(-9.875630650821E-2,-9.951116479696E-1,0.E0));
#1343=AXIS2_PLACEMENT_3D('',#1340,#1341,#1342);
#1344=PLANE('',#1343);
#1345=ORIENTED_EDGE('',*,*,#1297,.T.);
#1347=ORIENTED_EDGE('',*,*,#1346,.T.);
#1349=ORIENTED_EDGE('',*,*,#1348,.F.);
#1351=ORIENTED_EDGE('',*,*,#1350,.F.);
#1352=EDGE_LOOP('',(#1345,#1347,#1349,#1351));
#1353=FACE_OUTER_BOUND('',#1352,.F.);
#1354=ADVANCED_FACE('',(#1353),#1344,.T.);
#1355=CARTESIAN_POINT('',(0.E0,0.E0,6.25E0));
#1356=DIRECTION('',(0.E0,0.E0,1.E0));
#1357=DIRECTION('',(0.E0,-1.E0,0.E0));
#1358=AXIS2_PLACEMENT_3D('',#1355,#1356,#1357);
#1359=PLANE('',#1358);
#1360=ORIENTED_EDGE('',*,*,#1311,.F.);
#1362=ORIENTED_EDGE('',*,*,#1361,.F.);
#1364=ORIENTED_EDGE('',*,*,#1363,.F.);
#1366=ORIENTED_EDGE('',*,*,#1365,.F.);
#1368=ORIENTED_EDGE('',*,*,#1367,.T.);
#1369=ORIENTED_EDGE('',*,*,#1346,.F.);
#1370=EDGE_LOOP('',(#1360,#1362,#1364,#1366,#1368,#1369));
#1371=FACE_OUTER_BOUND('',#1370,.F.);
#1373=ORIENTED_EDGE('',*,*,#1372,.F.);
#1375=ORIENTED_EDGE('',*,*,#1374,.T.);
#1376=EDGE_LOOP('',(#1373,#1375));
#1377=FACE_BOUND('',#1376,.F.);
#1378=ADVANCED_FACE('',(#1371,#1377),#1359,.T.);
#1379=CARTESIAN_POINT('',(1.167834786983E2,-5.420491579771E1,2.5E1));
#1380=DIRECTION('',(0.E0,0.E0,1.E0));
#1381=DIRECTION('',(1.E0,0.E0,0.E0));
#1382=AXIS2_PLACEMENT_3D('',#1379,#1380,#1381);
#1383=CYLINDRICAL_SURFACE('',#1382,4.E0);
#1385=ORIENTED_EDGE('',*,*,#1384,.F.);
#1387=ORIENTED_EDGE('',*,*,#1386,.F.);
#1388=ORIENTED_EDGE('',*,*,#1372,.T.);
#1390=ORIENTED_EDGE('',*,*,#1389,.F.);
#1392=ORIENTED_EDGE('',*,*,#1391,.F.);
#1394=ORIENTED_EDGE('',*,*,#1393,.T.);
#1396=ORIENTED_EDGE('',*,*,#1395,.T.);
#1398=ORIENTED_EDGE('',*,*,#1397,.F.);
#1399=EDGE_LOOP('',(#1385,#1387,#1388,#1390,#1392,#1394,#1396,#1398));
#1400=FACE_OUTER_BOUND('',#1399,.F.);
#1401=ADVANCED_FACE('',(#1400),#1383,.F.);
#1402=CARTESIAN_POINT('',(1.167834786983E2,-5.420491579771E1,2.5E1));
#1403=DIRECTION('',(0.E0,0.E0,1.E0));
#1404=DIRECTION('',(1.E0,0.E0,0.E0));
#1405=AXIS2_PLACEMENT_3D('',#1402,#1403,#1404);
#1406=CYLINDRICAL_SURFACE('',#1405,4.E0);
#1408=ORIENTED_EDGE('',*,*,#1407,.T.);
#1410=ORIENTED_EDGE('',*,*,#1409,.F.);
#1412=ORIENTED_EDGE('',*,*,#1411,.T.);
#1414=ORIENTED_EDGE('',*,*,#1413,.T.);
#1416=ORIENTED_EDGE('',*,*,#1415,.F.);
#1418=ORIENTED_EDGE('',*,*,#1417,.F.);
#1420=ORIENTED_EDGE('',*,*,#1419,.T.);
#1422=ORIENTED_EDGE('',*,*,#1421,.F.);
#1423=EDGE_LOOP('',(#1408,#1410,#1412,#1414,#1416,#1418,#1420,#1422));
#1424=FACE_OUTER_BOUND('',#1423,.F.);
#1425=ADVANCED_FACE('',(#1424),#1406,.F.);
#1426=CARTESIAN_POINT('',(1.167834786983E2,-5.420491579771E1,0.E0));
#1427=DIRECTION('',(0.E0,0.E0,-1.E0));
#1428=DIRECTION('',(0.E0,1.E0,0.E0));
#1429=AXIS2_PLACEMENT_3D('',#1426,#1427,#1428);
#1430=CYLINDRICAL_SURFACE('',#1429,4.E0);
#1431=ORIENTED_EDGE('',*,*,#1391,.T.);
#1432=ORIENTED_EDGE('',*,*,#1389,.T.);
#1433=ORIENTED_EDGE('',*,*,#1374,.F.);
#1434=ORIENTED_EDGE('',*,*,#1386,.T.);
#1435=ORIENTED_EDGE('',*,*,#1384,.T.);
#1436=ORIENTED_EDGE('',*,*,#1397,.T.);
#1438=ORIENTED_EDGE('',*,*,#1437,.T.);
#1439=ORIENTED_EDGE('',*,*,#1393,.F.);
#1440=EDGE_LOOP('',(#1431,#1432,#1433,#1434,#1435,#1436,#1438,#1439));
#1441=FACE_OUTER_BOUND('',#1440,.F.);
#1442=ADVANCED_FACE('',(#1441),#1430,.F.);
#1443=CARTESIAN_POINT('',(1.167834786983E2,-5.420491579771E1,0.E0));
#1444=DIRECTION('',(0.E0,0.E0,-1.E0));
#1445=DIRECTION('',(0.E0,1.E0,0.E0));
#1446=AXIS2_PLACEMENT_3D('',#1443,#1444,#1445);
#1447=CYLINDRICAL_SURFACE('',#1446,4.E0);
#1448=ORIENTED_EDGE('',*,*,#1413,.F.);
#1449=ORIENTED_EDGE('',*,*,#1411,.F.);
#1450=ORIENTED_EDGE('',*,*,#1409,.T.);
#1452=ORIENTED_EDGE('',*,*,#1451,.T.);
#1453=ORIENTED_EDGE('',*,*,#1421,.T.);
#1454=ORIENTED_EDGE('',*,*,#1419,.F.);
#1455=ORIENTED_EDGE('',*,*,#1417,.T.);
#1457=ORIENTED_EDGE('',*,*,#1456,.F.);
#1458=EDGE_LOOP('',(#1448,#1449,#1450,#1452,#1453,#1454,#1455,#1457));
#1459=FACE_OUTER_BOUND('',#1458,.F.);
#1460=ADVANCED_FACE('',(#1459),#1447,.F.);
#1461=CARTESIAN_POINT('',(0.E0,0.E0,-5.E0));
#1462=DIRECTION('',(0.E0,0.E0,-1.E0));
#1463=DIRECTION('',(0.E0,1.E0,0.E0));
#1464=AXIS2_PLACEMENT_3D('',#1461,#1462,#1463);
#1465=PLANE('',#1464);
#1467=ORIENTED_EDGE('',*,*,#1466,.F.);
#1469=ORIENTED_EDGE('',*,*,#1468,.F.);
#1470=ORIENTED_EDGE('',*,*,#1303,.F.);
#1472=ORIENTED_EDGE('',*,*,#1471,.F.);
#1474=ORIENTED_EDGE('',*,*,#1473,.F.);
#1476=ORIENTED_EDGE('',*,*,#1475,.F.);
#1478=ORIENTED_EDGE('',*,*,#1477,.F.);
#1480=ORIENTED_EDGE('',*,*,#1479,.F.);
#1482=ORIENTED_EDGE('',*,*,#1481,.F.);
#1483=EDGE_LOOP('',(#1467,#1469,#1470,#1472,#1474,#1476,#1478,#1480,#1482));
#1484=FACE_OUTER_BOUND('',#1483,.F.);
#1485=ORIENTED_EDGE('',*,*,#1395,.F.);
#1486=ORIENTED_EDGE('',*,*,#1437,.F.);
#1487=EDGE_LOOP('',(#1485,#1486));
#1488=FACE_BOUND('',#1487,.F.);
#1489=ADVANCED_FACE('',(#1484,#1488),#1465,.T.);
#1490=CARTESIAN_POINT('',(1.173602487636E2,-6.118111363692E1,0.E0));
#1491=DIRECTION('',(8.671751187972E-1,-4.980033266345E-1,0.E0));
#1492=DIRECTION('',(-4.980033266345E-1,-8.671751187972E-1,0.E0));
#1493=AXIS2_PLACEMENT_3D('',#1490,#1491,#1492);
#1494=PLANE('',#1493);
#1496=ORIENTED_EDGE('',*,*,#1495,.T.);
#1497=ORIENTED_EDGE('',*,*,#1466,.T.);
#1499=ORIENTED_EDGE('',*,*,#1498,.F.);
#1501=ORIENTED_EDGE('',*,*,#1500,.F.);
#1502=EDGE_LOOP('',(#1496,#1497,#1499,#1501));
#1503=FACE_OUTER_BOUND('',#1502,.F.);
#1504=ADVANCED_FACE('',(#1503),#1494,.T.);
#1505=CARTESIAN_POINT('',(1.176196907984E2,-6.183400098559E1,-2.5E0));
#1506=DIRECTION('',(6.206539235661E-1,-7.840846301019E-1,0.E0));
#1507=DIRECTION('',(-7.840846301019E-1,-6.206539235661E-1,0.E0));
#1508=AXIS2_PLACEMENT_3D('',#1505,#1506,#1507);
#1509=PLANE('',#1508);
#1510=ORIENTED_EDGE('',*,*,#1305,.T.);
#1511=ORIENTED_EDGE('',*,*,#1468,.T.);
#1512=ORIENTED_EDGE('',*,*,#1495,.F.);
#1514=ORIENTED_EDGE('',*,*,#1513,.F.);
#1515=EDGE_LOOP('',(#1510,#1511,#1512,#1514));
#1516=FACE_OUTER_BOUND('',#1515,.F.);
#1517=ADVANCED_FACE('',(#1516),#1509,.T.);
#1518=CARTESIAN_POINT('',(0.E0,0.E0,0.E0));
#1519=DIRECTION('',(0.E0,0.E0,1.E0));
#1520=DIRECTION('',(1.E0,0.E0,0.E0));
#1521=AXIS2_PLACEMENT_3D('',#1518,#1519,#1520);
#1522=PLANE('',#1521);
#1524=ORIENTED_EDGE('',*,*,#1523,.T.);
#1526=ORIENTED_EDGE('',*,*,#1525,.T.);
#1527=EDGE_LOOP('',(#1524,#1526));
#1528=FACE_OUTER_BOUND('',#1527,.F.);
#1529=ADVANCED_FACE('',(#1528),#1522,.F.);
#1530=CARTESIAN_POINT('',(0.E0,0.E0,0.E0));
#1531=DIRECTION('',(0.E0,0.E0,1.E0));
#1532=DIRECTION('',(1.E0,0.E0,0.E0));
#1533=AXIS2_PLACEMENT_3D('',#1530,#1531,#1532);
#1534=PLANE('',#1533);
#1536=ORIENTED_EDGE('',*,*,#1535,.T.);
#1538=ORIENTED_EDGE('',*,*,#1537,.T.);
#1539=EDGE_LOOP('',(#1536,#1538));
#1540=FACE_OUTER_BOUND('',#1539,.F.);
#1541=ADVANCED_FACE('',(#1540),#1534,.F.);
#1542=CARTESIAN_POINT('',(0.E0,0.E0,0.E0));
#1543=DIRECTION('',(0.E0,0.E0,1.E0));
#1544=DIRECTION('',(1.E0,0.E0,0.E0));
#1545=AXIS2_PLACEMENT_3D('',#1542,#1543,#1544);
#1546=PLANE('',#1545);
#1548=ORIENTED_EDGE('',*,*,#1547,.T.);
#1550=ORIENTED_EDGE('',*,*,#1549,.T.);
#1552=ORIENTED_EDGE('',*,*,#1551,.T.);
#1554=ORIENTED_EDGE('',*,*,#1553,.T.);
#1555=EDGE_LOOP('',(#1548,#1550,#1552,#1554));
#1556=FACE_OUTER_BOUND('',#1555,.F.);
#1557=ADVANCED_FACE('',(#1556),#1546,.F.);
#1558=CARTESIAN_POINT('',(0.E0,0.E0,0.E0));
#1559=DIRECTION('',(0.E0,0.E0,1.E0));
#1560=DIRECTION('',(1.E0,0.E0,0.E0));
#1561=AXIS2_PLACEMENT_3D('',#1558,#1559,#1560);
#1562=PLANE('',#1561);
#1564=ORIENTED_EDGE('',*,*,#1563,.T.);
#1566=ORIENTED_EDGE('',*,*,#1565,.F.);
#1567=ORIENTED_EDGE('',*,*,#1307,.T.);
#1568=ORIENTED_EDGE('',*,*,#1513,.T.);
#1569=ORIENTED_EDGE('',*,*,#1500,.T.);
#1570=EDGE_LOOP('',(#1564,#1566,#1567,#1568,#1569));
#1571=FACE_OUTER_BOUND('',#1570,.F.);
#1572=ADVANCED_FACE('',(#1571),#1562,.F.);
#1573=CARTESIAN_POINT('',(1.135134693403E2,-6.787952552492E1,0.E0));
#1574=DIRECTION('',(8.447426454039E-1,-5.351727413050E-1,0.E0));
#1575=DIRECTION('',(-5.351727413050E-1,-8.447426454039E-1,0.E0));
#1576=AXIS2_PLACEMENT_3D('',#1573,#1574,#1575);
#1577=PLANE('',#1576);
#1578=ORIENTED_EDGE('',*,*,#1523,.F.);
#1579=ORIENTED_EDGE('',*,*,#1498,.T.);
#1580=ORIENTED_EDGE('',*,*,#1481,.T.);
#1582=ORIENTED_EDGE('',*,*,#1581,.F.);
#1583=EDGE_LOOP('',(#1578,#1579,#1580,#1582));
#1584=FACE_OUTER_BOUND('',#1583,.F.);
#1585=ADVANCED_FACE('',(#1584),#1577,.T.);
#1586=CARTESIAN_POINT('',(1.093455276095E2,-7.445840716781E1,0.E0));
#1587=DIRECTION('',(8.170867344389E-1,-5.765147599185E-1,0.E0));
#1588=DIRECTION('',(-5.765147599185E-1,-8.170867344389E-1,0.E0));
#1589=AXIS2_PLACEMENT_3D('',#1586,#1587,#1588);
#1590=PLANE('',#1589);
#1592=ORIENTED_EDGE('',*,*,#1591,.F.);
#1594=ORIENTED_EDGE('',*,*,#1593,.F.);
#1596=ORIENTED_EDGE('',*,*,#1595,.T.);
#1597=ORIENTED_EDGE('',*,*,#1535,.F.);
#1598=ORIENTED_EDGE('',*,*,#1581,.T.);
#1599=ORIENTED_EDGE('',*,*,#1479,.T.);
#1600=EDGE_LOOP('',(#1592,#1594,#1596,#1597,#1598,#1599));
#1601=FACE_OUTER_BOUND('',#1600,.F.);
#1602=ADVANCED_FACE('',(#1601),#1590,.T.);
#1603=CARTESIAN_POINT('',(2.682280508819E2,-2.449674605647E2,-3.E0));
#1604=DIRECTION('',(-7.059367848488E-1,7.082748448147E-1,0.E0));
#1605=DIRECTION('',(0.E0,0.E0,-1.E0));
#1606=AXIS2_PLACEMENT_3D('',#1603,#1604,#1605);
#1607=CYLINDRICAL_SURFACE('',#1606,2.E0);
#1609=ORIENTED_EDGE('',*,*,#1608,.T.);
#1611=ORIENTED_EDGE('',*,*,#1610,.F.);
#1612=ORIENTED_EDGE('',*,*,#1591,.T.);
#1613=ORIENTED_EDGE('',*,*,#1477,.T.);
#1614=EDGE_LOOP('',(#1609,#1611,#1612,#1613));
#1615=FACE_OUTER_BOUND('',#1614,.F.);
#1616=ADVANCED_FACE('',(#1615),#1607,.T.);
#1617=CARTESIAN_POINT('',(9.825824416554E1,-7.726782935676E1,0.E0));
#1618=DIRECTION('',(-8.170867344389E-1,5.765147599185E-1,0.E0));
#1619=DIRECTION('',(5.765147599185E-1,8.170867344389E-1,0.E0));
#1620=AXIS2_PLACEMENT_3D('',#1617,#1618,#1619);
#1621=PLANE('',#1620);
#1622=ORIENTED_EDGE('',*,*,#1608,.F.);
#1623=ORIENTED_EDGE('',*,*,#1475,.T.);
#1625=ORIENTED_EDGE('',*,*,#1624,.F.);
#1627=ORIENTED_EDGE('',*,*,#1626,.F.);
#1629=ORIENTED_EDGE('',*,*,#1628,.F.);
#1631=ORIENTED_EDGE('',*,*,#1630,.T.);
#1632=EDGE_LOOP('',(#1622,#1623,#1625,#1627,#1629,#1631));
#1633=FACE_OUTER_BOUND('',#1632,.F.);
#1634=ADVANCED_FACE('',(#1633),#1621,.T.);
#1635=CARTESIAN_POINT('',(1.036624655464E2,-6.960849796182E1,0.E0));
#1636=DIRECTION('',(-8.584388631401E-1,5.129158978339E-1,0.E0));
#1637=DIRECTION('',(5.129158978339E-1,8.584388631401E-1,0.E0));
#1638=AXIS2_PLACEMENT_3D('',#1635,#1636,#1637);
#1639=PLANE('',#1638);
#1641=ORIENTED_EDGE('',*,*,#1640,.F.);
#1643=ORIENTED_EDGE('',*,*,#1642,.F.);
#1644=ORIENTED_EDGE('',*,*,#1624,.T.);
#1645=ORIENTED_EDGE('',*,*,#1473,.T.);
#1646=EDGE_LOOP('',(#1641,#1643,#1644,#1645));
#1647=FACE_OUTER_BOUND('',#1646,.F.);
#1648=ADVANCED_FACE('',(#1647),#1639,.T.);
#1649=CARTESIAN_POINT('',(1.098993684451E2,-5.788084302120E1,-2.5E0));
#1650=DIRECTION('',(-9.928270079455E-1,1.195597436179E-1,0.E0));
#1651=DIRECTION('',(1.195597436179E-1,9.928270079455E-1,0.E0));
#1652=AXIS2_PLACEMENT_3D('',#1649,#1650,#1651);
#1653=PLANE('',#1652);
#1654=ORIENTED_EDGE('',*,*,#1301,.F.);
#1656=ORIENTED_EDGE('',*,*,#1655,.T.);
#1657=ORIENTED_EDGE('',*,*,#1640,.T.);
#1658=ORIENTED_EDGE('',*,*,#1471,.T.);
#1659=EDGE_LOOP('',(#1654,#1656,#1657,#1658));
#1660=FACE_OUTER_BOUND('',#1659,.F.);
#1661=ADVANCED_FACE('',(#1660),#1653,.T.);
#1662=CARTESIAN_POINT('',(0.E0,0.E0,0.E0));
#1663=DIRECTION('',(0.E0,0.E0,-1.E0));
#1664=DIRECTION('',(0.E0,1.E0,0.E0));
#1665=AXIS2_PLACEMENT_3D('',#1662,#1663,#1664);
#1666=PLANE('',#1665);
#1667=ORIENTED_EDGE('',*,*,#1626,.T.);
#1669=ORIENTED_EDGE('',*,*,#1668,.F.);
#1670=EDGE_LOOP('',(#1667,#1669));
#1671=FACE_OUTER_BOUND('',#1670,.F.);
#1672=ADVANCED_FACE('',(#1671),#1666,.F.);
#1673=CARTESIAN_POINT('',(0.E0,0.E0,0.E0));
#1674=DIRECTION('',(0.E0,0.E0,-1.E0));
#1675=DIRECTION('',(0.E0,1.E0,0.E0));
#1676=AXIS2_PLACEMENT_3D('',#1673,#1674,#1675);
#1677=PLANE('',#1676);
#1678=ORIENTED_EDGE('',*,*,#1642,.T.);
#1679=ORIENTED_EDGE('',*,*,#1655,.F.);
#1680=ORIENTED_EDGE('',*,*,#1299,.T.);
#1681=ORIENTED_EDGE('',*,*,#1350,.T.);
#1683=ORIENTED_EDGE('',*,*,#1682,.F.);
#1684=EDGE_LOOP('',(#1678,#1679,#1680,#1681,#1683));
#1685=FACE_OUTER_BOUND('',#1684,.F.);
#1686=ADVANCED_FACE('',(#1685),#1677,.F.);
#1687=CARTESIAN_POINT('',(-2.386023257538E1,1.463193705688E1,0.E0));
#1688=DIRECTION('',(0.E0,0.E0,1.E0));
#1689=DIRECTION('',(1.E0,0.E0,0.E0));
#1690=AXIS2_PLACEMENT_3D('',#1687,#1688,#1689);
#1691=CYLINDRICAL_SURFACE('',#1690,1.528348436333E2);
#1692=ORIENTED_EDGE('',*,*,#1348,.T.);
#1693=ORIENTED_EDGE('',*,*,#1367,.F.);
#1695=ORIENTED_EDGE('',*,*,#1694,.T.);
#1697=ORIENTED_EDGE('',*,*,#1696,.T.);
#1699=ORIENTED_EDGE('',*,*,#1698,.T.);
#1701=ORIENTED_EDGE('',*,*,#1700,.F.);
#1703=ORIENTED_EDGE('',*,*,#1702,.F.);
#1705=ORIENTED_EDGE('',*,*,#1704,.F.);
#1706=ORIENTED_EDGE('',*,*,#1668,.T.);
#1707=ORIENTED_EDGE('',*,*,#1682,.T.);
#1708=EDGE_LOOP('',(#1692,#1693,#1695,#1697,#1699,#1701,#1703,#1705,#1706,
#1707));
#1709=FACE_OUTER_BOUND('',#1708,.F.);
#1710=ADVANCED_FACE('',(#1709),#1691,.F.);
#1711=CARTESIAN_POINT('',(1.073718909241E2,-6.370463926746E1,6.25E0));
#1712=DIRECTION('',(-5.621822934051E-1,-8.270133426867E-1,0.E0));
#1713=DIRECTION('',(8.270133426867E-1,-5.621822934051E-1,0.E0));
#1714=AXIS2_PLACEMENT_3D('',#1711,#1712,#1713);
#1715=PLANE('',#1714);
#1717=ORIENTED_EDGE('',*,*,#1716,.T.);
#1719=ORIENTED_EDGE('',*,*,#1718,.F.);
#1720=ORIENTED_EDGE('',*,*,#1694,.F.);
#1721=ORIENTED_EDGE('',*,*,#1365,.T.);
#1722=EDGE_LOOP('',(#1717,#1719,#1720,#1721));
#1723=FACE_OUTER_BOUND('',#1722,.F.);
#1724=ADVANCED_FACE('',(#1723),#1715,.F.);
#1725=CARTESIAN_POINT('',(-3.945365794301E1,2.442056364391E1,0.E0));
#1726=DIRECTION('',(0.E0,0.E0,1.E0));
#1727=DIRECTION('',(1.E0,0.E0,0.E0));
#1728=AXIS2_PLACEMENT_3D('',#1725,#1726,#1727);
#1729=CYLINDRICAL_SURFACE('',#1728,1.786567896551E2);
#1731=ORIENTED_EDGE('',*,*,#1730,.T.);
#1732=ORIENTED_EDGE('',*,*,#1563,.F.);
#1733=ORIENTED_EDGE('',*,*,#1525,.F.);
#1734=ORIENTED_EDGE('',*,*,#1537,.F.);
#1736=ORIENTED_EDGE('',*,*,#1735,.T.);
#1738=ORIENTED_EDGE('',*,*,#1737,.T.);
#1740=ORIENTED_EDGE('',*,*,#1739,.T.);
#1742=ORIENTED_EDGE('',*,*,#1741,.T.);
#1744=ORIENTED_EDGE('',*,*,#1743,.T.);
#1746=ORIENTED_EDGE('',*,*,#1745,.F.);
#1747=ORIENTED_EDGE('',*,*,#1716,.F.);
#1748=ORIENTED_EDGE('',*,*,#1363,.T.);
#1749=EDGE_LOOP('',(#1731,#1732,#1733,#1734,#1736,#1738,#1740,#1742,#1744,#1746,
#1747,#1748));
#1750=FACE_OUTER_BOUND('',#1749,.F.);
#1751=ADVANCED_FACE('',(#1750),#1729,.T.);
#1752=CARTESIAN_POINT('',(1.176425717792E2,-6.184356967582E1,3.125E0));
#1753=DIRECTION('',(6.266495891944E-1,-7.793011563975E-1,0.E0));
#1754=DIRECTION('',(-7.793011563975E-1,-6.266495891944E-1,0.E0));
#1755=AXIS2_PLACEMENT_3D('',#1752,#1753,#1754);
#1756=PLANE('',#1755);
#1757=ORIENTED_EDGE('',*,*,#1730,.F.);
#1758=ORIENTED_EDGE('',*,*,#1361,.T.);
#1759=ORIENTED_EDGE('',*,*,#1309,.T.);
#1760=ORIENTED_EDGE('',*,*,#1565,.T.);
#1761=EDGE_LOOP('',(#1757,#1758,#1759,#1760));
#1762=FACE_OUTER_BOUND('',#1761,.F.);
#1763=ADVANCED_FACE('',(#1762),#1756,.T.);
#1764=CARTESIAN_POINT('',(0.E0,0.E0,0.E0));
#1765=DIRECTION('',(0.E0,0.E0,1.E0));
#1766=DIRECTION('',(1.E0,0.E0,0.E0));
#1767=AXIS2_PLACEMENT_3D('',#1764,#1765,#1766);
#1768=CYLINDRICAL_SURFACE('',#1767,1.325E2);
#1770=ORIENTED_EDGE('',*,*,#1769,.F.);
#1772=ORIENTED_EDGE('',*,*,#1771,.F.);
#1774=ORIENTED_EDGE('',*,*,#1773,.T.);
#1776=ORIENTED_EDGE('',*,*,#1775,.F.);
#1778=ORIENTED_EDGE('',*,*,#1777,.T.);
#1779=ORIENTED_EDGE('',*,*,#1735,.F.);
#1780=ORIENTED_EDGE('',*,*,#1595,.F.);
#1782=ORIENTED_EDGE('',*,*,#1781,.F.);
#1783=ORIENTED_EDGE('',*,*,#1549,.F.);
#1785=ORIENTED_EDGE('',*,*,#1784,.F.);
#1786=EDGE_LOOP('',(#1770,#1772,#1774,#1776,#1778,#1779,#1780,#1782,#1783,
#1785));
#1787=FACE_OUTER_BOUND('',#1786,.F.);
#1788=ADVANCED_FACE('',(#1787),#1768,.T.);
#1789=CARTESIAN_POINT('',(3.195667881720E1,-1.285885713389E2,
-1.136115069321E1));
#1790=DIRECTION('',(2.205400224922E-1,-9.753779259749E-1,0.E0));
#1791=DIRECTION('',(0.E0,0.E0,1.E0));
#1792=AXIS2_PLACEMENT_3D('',#1789,#1790,#1791);
#1793=PLANE('',#1792);
#1795=ORIENTED_EDGE('',*,*,#1794,.F.);
#1797=ORIENTED_EDGE('',*,*,#1796,.F.);
#1799=ORIENTED_EDGE('',*,*,#1798,.F.);
#1800=ORIENTED_EDGE('',*,*,#1769,.T.);
#1802=ORIENTED_EDGE('',*,*,#1801,.F.);
#1804=ORIENTED_EDGE('',*,*,#1803,.T.);
#1806=ORIENTED_EDGE('',*,*,#1805,.F.);
#1808=ORIENTED_EDGE('',*,*,#1807,.T.);
#1810=ORIENTED_EDGE('',*,*,#1809,.F.);
#1812=ORIENTED_EDGE('',*,*,#1811,.F.);
#1814=ORIENTED_EDGE('',*,*,#1813,.F.);
#1816=ORIENTED_EDGE('',*,*,#1815,.F.);
#1818=ORIENTED_EDGE('',*,*,#1817,.T.);
#1820=ORIENTED_EDGE('',*,*,#1819,.F.);
#1822=ORIENTED_EDGE('',*,*,#1821,.T.);
#1824=ORIENTED_EDGE('',*,*,#1823,.F.);
#1826=ORIENTED_EDGE('',*,*,#1825,.T.);
#1828=ORIENTED_EDGE('',*,*,#1827,.T.);
#1829=EDGE_LOOP('',(#1795,#1797,#1799,#1800,#1802,#1804,#1806,#1808,#1810,#1812,
#1814,#1816,#1818,#1820,#1822,#1824,#1826,#1828));
#1830=FACE_OUTER_BOUND('',#1829,.F.);
#1831=ADVANCED_FACE('',(#1830),#1793,.T.);
#1832=CARTESIAN_POINT('',(4.941010978138E1,-2.919316729125E2,3.236115069321E1));
#1833=DIRECTION('',(-2.205400224922E-1,9.753779259749E-1,0.E0));
#1834=DIRECTION('',(-9.753779259749E-1,-2.205400224922E-1,0.E0));
#1835=AXIS2_PLACEMENT_3D('',#1832,#1833,#1834);
#1836=CYLINDRICAL_SURFACE('',#1835,4.E0);
#1838=ORIENTED_EDGE('',*,*,#1837,.T.);
#1840=ORIENTED_EDGE('',*,*,#1839,.F.);
#1841=ORIENTED_EDGE('',*,*,#1794,.T.);
#1843=ORIENTED_EDGE('',*,*,#1842,.T.);
#1844=EDGE_LOOP('',(#1838,#1840,#1841,#1843));
#1845=FACE_OUTER_BOUND('',#1844,.F.);
#1846=ADVANCED_FACE('',(#1845),#1836,.T.);
#1847=CARTESIAN_POINT('',(3.030223397034E1,-1.212714913589E2,5.889913033079E0));
#1848=DIRECTION('',(-2.205400224922E-1,9.753779259749E-1,0.E0));
#1849=DIRECTION('',(0.E0,0.E0,-1.E0));
#1850=AXIS2_PLACEMENT_3D('',#1847,#1848,#1849);
#1851=PLANE('',#1850);
#1852=ORIENTED_EDGE('',*,*,#1837,.F.);
#1854=ORIENTED_EDGE('',*,*,#1853,.T.);
#1856=ORIENTED_EDGE('',*,*,#1855,.F.);
#1858=ORIENTED_EDGE('',*,*,#1857,.F.);
#1860=ORIENTED_EDGE('',*,*,#1859,.F.);
#1862=ORIENTED_EDGE('',*,*,#1861,.F.);
#1864=ORIENTED_EDGE('',*,*,#1863,.T.);
#1866=ORIENTED_EDGE('',*,*,#1865,.F.);
#1868=ORIENTED_EDGE('',*,*,#1867,.T.);
#1870=ORIENTED_EDGE('',*,*,#1869,.F.);
#1872=ORIENTED_EDGE('',*,*,#1871,.T.);
#1874=ORIENTED_EDGE('',*,*,#1873,.T.);
#1876=ORIENTED_EDGE('',*,*,#1875,.F.);
#1878=ORIENTED_EDGE('',*,*,#1877,.T.);
#1880=ORIENTED_EDGE('',*,*,#1879,.F.);
#1882=ORIENTED_EDGE('',*,*,#1881,.T.);
#1884=ORIENTED_EDGE('',*,*,#1883,.F.);
#1886=ORIENTED_EDGE('',*,*,#1885,.T.);
#1887=EDGE_LOOP('',(#1852,#1854,#1856,#1858,#1860,#1862,#1864,#1866,#1868,#1870,
#1872,#1874,#1876,#1878,#1880,#1882,#1884,#1886));
#1888=FACE_OUTER_BOUND('',#1887,.F.);
#1889=ADVANCED_FACE('',(#1888),#1851,.T.);
#1890=CARTESIAN_POINT('',(-1.969199010732E1,-4.452501769348E0,-2.044E1));
#1891=DIRECTION('',(-9.753779259749E-1,-2.205400224922E-1,0.E0));
#1892=DIRECTION('',(0.E0,0.E0,1.E0));
#1893=AXIS2_PLACEMENT_3D('',#1890,#1891,#1892);
#1894=PLANE('',#1893);
#1895=ORIENTED_EDGE('',*,*,#1842,.F.);
#1896=ORIENTED_EDGE('',*,*,#1827,.F.);
#1898=ORIENTED_EDGE('',*,*,#1897,.F.);
#1900=ORIENTED_EDGE('',*,*,#1899,.F.);
#1902=ORIENTED_EDGE('',*,*,#1901,.F.);
#1903=ORIENTED_EDGE('',*,*,#1807,.F.);
#1905=ORIENTED_EDGE('',*,*,#1904,.F.);
#1906=ORIENTED_EDGE('',*,*,#1873,.F.);
#1908=ORIENTED_EDGE('',*,*,#1907,.F.);
#1910=ORIENTED_EDGE('',*,*,#1909,.F.);
#1912=ORIENTED_EDGE('',*,*,#1911,.F.);
#1913=ORIENTED_EDGE('',*,*,#1853,.F.);
#1914=EDGE_LOOP('',(#1895,#1896,#1898,#1900,#1902,#1903,#1905,#1906,#1908,#1910,
#1912,#1913));
#1915=FACE_OUTER_BOUND('',#1914,.F.);
#1917=ORIENTED_EDGE('',*,*,#1916,.F.);
#1919=ORIENTED_EDGE('',*,*,#1918,.F.);
#1921=ORIENTED_EDGE('',*,*,#1920,.F.);
#1923=ORIENTED_EDGE('',*,*,#1922,.F.);
#1925=ORIENTED_EDGE('',*,*,#1924,.F.);
#1927=ORIENTED_EDGE('',*,*,#1926,.F.);
#1929=ORIENTED_EDGE('',*,*,#1928,.F.);
#1931=ORIENTED_EDGE('',*,*,#1930,.F.);
#1932=EDGE_LOOP('',(#1917,#1919,#1921,#1923,#1925,#1927,#1929,#1931));
#1933=FACE_BOUND('',#1932,.F.);
#1934=ADVANCED_FACE('',(#1915,#1933),#1894,.T.);
#1935=CARTESIAN_POINT('',(1.512134282458E1,-1.221461347801E2,1.088877880603E1));
#1936=DIRECTION('',(2.205400224922E-1,-9.753779259749E-1,0.E0));
#1937=DIRECTION('',(0.E0,0.E0,1.E0));
#1938=AXIS2_PLACEMENT_3D('',#1935,#1936,#1937);
#1939=PLANE('',#1938);
#1941=ORIENTED_EDGE('',*,*,#1940,.F.);
#1943=ORIENTED_EDGE('',*,*,#1942,.T.);
#1944=ORIENTED_EDGE('',*,*,#1916,.T.);
#1946=ORIENTED_EDGE('',*,*,#1945,.F.);
#1947=EDGE_LOOP('',(#1941,#1943,#1944,#1946));
#1948=FACE_OUTER_BOUND('',#1947,.F.);
#1949=ADVANCED_FACE('',(#1948),#1939,.T.);
#1950=CARTESIAN_POINT('',(-1.188896669952E1,-2.688181589410E0,-2.044E1));
#1951=DIRECTION('',(-9.753779259749E-1,-2.205400224922E-1,0.E0));
#1952=DIRECTION('',(0.E0,0.E0,1.E0));
#1953=AXIS2_PLACEMENT_3D('',#1950,#1951,#1952);
#1954=PLANE('',#1953);
#1956=ORIENTED_EDGE('',*,*,#1955,.T.);
#1958=ORIENTED_EDGE('',*,*,#1957,.F.);
#1959=ORIENTED_EDGE('',*,*,#1869,.T.);
#1961=ORIENTED_EDGE('',*,*,#1960,.F.);
#1962=ORIENTED_EDGE('',*,*,#1811,.T.);
#1964=ORIENTED_EDGE('',*,*,#1963,.F.);
#1966=ORIENTED_EDGE('',*,*,#1965,.T.);
#1968=ORIENTED_EDGE('',*,*,#1967,.F.);
#1969=ORIENTED_EDGE('',*,*,#1823,.T.);
#1971=ORIENTED_EDGE('',*,*,#1970,.F.);
#1972=ORIENTED_EDGE('',*,*,#1857,.T.);
#1974=ORIENTED_EDGE('',*,*,#1973,.F.);
#1975=EDGE_LOOP('',(#1956,#1958,#1959,#1961,#1962,#1964,#1966,#1968,#1969,#1971,
#1972,#1974));
#1976=FACE_OUTER_BOUND('',#1975,.F.);
#1977=ORIENTED_EDGE('',*,*,#1940,.T.);
#1979=ORIENTED_EDGE('',*,*,#1978,.T.);
#1981=ORIENTED_EDGE('',*,*,#1980,.T.);
#1983=ORIENTED_EDGE('',*,*,#1982,.T.);
#1985=ORIENTED_EDGE('',*,*,#1984,.T.);
#1987=ORIENTED_EDGE('',*,*,#1986,.T.);
#1989=ORIENTED_EDGE('',*,*,#1988,.T.);
#1991=ORIENTED_EDGE('',*,*,#1990,.T.);
#1992=EDGE_LOOP('',(#1977,#1979,#1981,#1983,#1985,#1987,#1989,#1991));
#1993=FACE_BOUND('',#1992,.F.);
#1994=ADVANCED_FACE('',(#1976,#1993),#1954,.F.);
#1995=CARTESIAN_POINT('',(1.512134282458E1,-1.221461347801E2,1.438877880603E1));
#1996=DIRECTION('',(0.E0,0.E0,-1.E0));
#1997=DIRECTION('',(2.205400224922E-1,-9.753779259749E-1,0.E0));
#1998=AXIS2_PLACEMENT_3D('',#1995,#1996,#1997);
#1999=PLANE('',#1998);
#2000=ORIENTED_EDGE('',*,*,#1978,.F.);
#2001=ORIENTED_EDGE('',*,*,#1945,.T.);
#2002=ORIENTED_EDGE('',*,*,#1930,.T.);
#2004=ORIENTED_EDGE('',*,*,#2003,.F.);
#2005=EDGE_LOOP('',(#2000,#2001,#2002,#2004));
#2006=FACE_OUTER_BOUND('',#2005,.F.);
#2007=ADVANCED_FACE('',(#2006),#1999,.T.);
#2008=CARTESIAN_POINT('',(1.649878750415E1,-1.282381316863E2,1.263877880603E1));
#2009=DIRECTION('',(-9.753779259749E-1,-2.205400224922E-1,0.E0));
#2010=DIRECTION('',(0.E0,0.E0,1.E0));
#2011=AXIS2_PLACEMENT_3D('',#2008,#2009,#2010);
#2012=CYLINDRICAL_SURFACE('',#2011,4.5E0);
#2013=ORIENTED_EDGE('',*,*,#1980,.F.);
#2014=ORIENTED_EDGE('',*,*,#2003,.T.);
#2015=ORIENTED_EDGE('',*,*,#1928,.T.);
#2017=ORIENTED_EDGE('',*,*,#2016,.F.);
#2018=EDGE_LOOP('',(#2013,#2014,#2015,#2017));
#2019=FACE_OUTER_BOUND('',#2018,.F.);
#2020=ADVANCED_FACE('',(#2019),#2012,.F.);
#2021=CARTESIAN_POINT('',(1.741309813648E1,-1.322818349478E2,1.438877880603E1));
#2022=DIRECTION('',(0.E0,0.E0,-1.E0));
#2023=DIRECTION('',(2.205400224922E-1,-9.753779259749E-1,0.E0));
#2024=AXIS2_PLACEMENT_3D('',#2021,#2022,#2023);
#2025=PLANE('',#2024);
#2026=ORIENTED_EDGE('',*,*,#1982,.F.);
#2027=ORIENTED_EDGE('',*,*,#2016,.T.);
#2028=ORIENTED_EDGE('',*,*,#1926,.T.);
#2030=ORIENTED_EDGE('',*,*,#2029,.F.);
#2031=EDGE_LOOP('',(#2026,#2027,#2028,#2030));
#2032=FACE_OUTER_BOUND('',#2031,.F.);
#2033=ADVANCED_FACE('',(#2032),#2025,.T.);
#2034=CARTESIAN_POINT('',(1.787623218371E1,-1.343301285924E2,1.438877880603E1));
#2035=DIRECTION('',(-2.205400224922E-1,9.753779259749E-1,0.E0));
#2036=DIRECTION('',(0.E0,0.E0,-1.E0));
#2037=AXIS2_PLACEMENT_3D('',#2034,#2035,#2036);
#2038=PLANE('',#2037);
#2039=ORIENTED_EDGE('',*,*,#1984,.F.);
#2040=ORIENTED_EDGE('',*,*,#2029,.T.);
#2041=ORIENTED_EDGE('',*,*,#1924,.T.);
#2043=ORIENTED_EDGE('',*,*,#2042,.F.);
#2044=EDGE_LOOP('',(#2039,#2040,#2041,#2043));
#2045=FACE_OUTER_BOUND('',#2044,.F.);
#2046=ADVANCED_FACE('',(#2045),#2038,.T.);
#2047=CARTESIAN_POINT('',(1.787623218371E1,-1.343301285924E2,1.088877880603E1));
#2048=DIRECTION('',(0.E0,0.E0,1.E0));
#2049=DIRECTION('',(-2.205400224922E-1,9.753779259749E-1,0.E0));
#2050=AXIS2_PLACEMENT_3D('',#2047,#2048,#2049);
#2051=PLANE('',#2050);
#2052=ORIENTED_EDGE('',*,*,#1986,.F.);
#2053=ORIENTED_EDGE('',*,*,#2042,.T.);
#2054=ORIENTED_EDGE('',*,*,#1922,.T.);
#2056=ORIENTED_EDGE('',*,*,#2055,.F.);
#2057=EDGE_LOOP('',(#2052,#2053,#2054,#2056));
#2058=FACE_OUTER_BOUND('',#2057,.F.);
#2059=ADVANCED_FACE('',(#2058),#2051,.T.);
#2060=CARTESIAN_POINT('',(1.649878750415E1,-1.282381316863E2,1.263877880603E1));
#2061=DIRECTION('',(-9.753779259749E-1,-2.205400224922E-1,0.E0));
#2062=DIRECTION('',(0.E0,0.E0,1.E0));
#2063=AXIS2_PLACEMENT_3D('',#2060,#2061,#2062);
#2064=CYLINDRICAL_SURFACE('',#2063,4.5E0);
#2065=ORIENTED_EDGE('',*,*,#1988,.F.);
#2066=ORIENTED_EDGE('',*,*,#2055,.T.);
#2067=ORIENTED_EDGE('',*,*,#1920,.T.);
#2069=ORIENTED_EDGE('',*,*,#2068,.F.);
#2070=EDGE_LOOP('',(#2065,#2066,#2067,#2069));
#2071=FACE_OUTER_BOUND('',#2070,.F.);
#2072=ADVANCED_FACE('',(#2071),#2064,.F.);
#2073=CARTESIAN_POINT('',(1.558447687182E1,-1.241944284247E2,1.088877880603E1));
#2074=DIRECTION('',(0.E0,0.E0,1.E0));
#2075=DIRECTION('',(-2.205400224922E-1,9.753779259749E-1,0.E0));
#2076=AXIS2_PLACEMENT_3D('',#2073,#2074,#2075);
#2077=PLANE('',#2076);
#2078=ORIENTED_EDGE('',*,*,#1990,.F.);
#2079=ORIENTED_EDGE('',*,*,#2068,.T.);
#2080=ORIENTED_EDGE('',*,*,#1918,.T.);
#2081=ORIENTED_EDGE('',*,*,#1942,.F.);
#2082=EDGE_LOOP('',(#2078,#2079,#2080,#2081));
#2083=FACE_OUTER_BOUND('',#2082,.F.);
#2084=ADVANCED_FACE('',(#2083),#2077,.T.);
#2085=CARTESIAN_POINT('',(1.649878750415E1,-1.282381316863E2,1.263877880603E1));
#2086=DIRECTION('',(-9.753779259749E-1,-2.205400224922E-1,0.E0));
#2087=DIRECTION('',(0.E0,0.E0,1.E0));
#2088=AXIS2_PLACEMENT_3D('',#2085,#2086,#2087);
#2089=CYLINDRICAL_SURFACE('',#2088,1.E1);
#2091=ORIENTED_EDGE('',*,*,#2090,.T.);
#2092=ORIENTED_EDGE('',*,*,#1909,.T.);
#2094=ORIENTED_EDGE('',*,*,#2093,.F.);
#2095=ORIENTED_EDGE('',*,*,#1955,.F.);
#2096=EDGE_LOOP('',(#2091,#2092,#2094,#2095));
#2097=FACE_OUTER_BOUND('',#2096,.F.);
#2098=ADVANCED_FACE('',(#2097),#2089,.T.);
#2099=CARTESIAN_POINT('',(1.157317083375E1,-1.245910033191E2,2.263188936455E1));
#2100=DIRECTION('',(-1.943779344514E-1,8.596713848942E-1,4.724217698121E-1));
#2101=DIRECTION('',(-1.041879077402E-1,4.607897660247E-1,-8.813726064540E-1));
#2102=AXIS2_PLACEMENT_3D('',#2099,#2100,#2101);
#2103=PLANE('',#2102);
#2104=ORIENTED_EDGE('',*,*,#2090,.F.);
#2105=ORIENTED_EDGE('',*,*,#1973,.T.);
#2106=ORIENTED_EDGE('',*,*,#1855,.T.);
#2107=ORIENTED_EDGE('',*,*,#1911,.T.);
#2108=EDGE_LOOP('',(#2104,#2105,#2106,#2107));
#2109=FACE_OUTER_BOUND('',#2108,.F.);
#2110=ADVANCED_FACE('',(#2109),#2103,.T.);
#2111=CARTESIAN_POINT('',(1.157317083375E1,-1.245910033191E2,2.645668247515E0));
#2112=DIRECTION('',(-1.943779344514E-1,8.596713848942E-1,-4.724217698121E-1));
#2113=DIRECTION('',(1.041879077402E-1,-4.607897660247E-1,-8.813726064540E-1));
#2114=AXIS2_PLACEMENT_3D('',#2111,#2112,#2113);
#2115=PLANE('',#2114);
#2116=ORIENTED_EDGE('',*,*,#1871,.F.);
#2117=ORIENTED_EDGE('',*,*,#1957,.T.);
#2118=ORIENTED_EDGE('',*,*,#2093,.T.);
#2119=ORIENTED_EDGE('',*,*,#1907,.T.);
#2120=EDGE_LOOP('',(#2116,#2117,#2118,#2119));
#2121=FACE_OUTER_BOUND('',#2120,.F.);
#2122=ADVANCED_FACE('',(#2121),#2115,.T.);
#2123=CARTESIAN_POINT('',(3.195667881720E1,-1.285885713389E2,5.889913033079E0));
#2124=DIRECTION('',(0.E0,0.E0,1.E0));
#2125=DIRECTION('',(-2.205400224922E-1,9.753779259749E-1,0.E0));
#2126=AXIS2_PLACEMENT_3D('',#2123,#2124,#2125);
#2127=PLANE('',#2126);
#2129=ORIENTED_EDGE('',*,*,#2128,.T.);
#2130=ORIENTED_EDGE('',*,*,#1813,.T.);
#2131=ORIENTED_EDGE('',*,*,#1960,.T.);
#2132=ORIENTED_EDGE('',*,*,#1867,.F.);
#2133=EDGE_LOOP('',(#2129,#2130,#2131,#2132));
#2134=FACE_OUTER_BOUND('',#2133,.F.);
#2135=ADVANCED_FACE('',(#2134),#2127,.T.);
#2136=CARTESIAN_POINT('',(2.820332261585E1,-1.255916514164E2,6.889913033079E0));
#2137=DIRECTION('',(-6.896963456765E-1,-1.559453454273E-1,7.071067811865E-1));
#2138=DIRECTION('',(-6.896963456765E-1,-1.559453454273E-1,-7.071067811865E-1));
#2139=AXIS2_PLACEMENT_3D('',#2136,#2137,#2138);
#2140=PLANE('',#2139);
#2141=ORIENTED_EDGE('',*,*,#2128,.F.);
#2142=ORIENTED_EDGE('',*,*,#1865,.T.);
#2144=ORIENTED_EDGE('',*,*,#2143,.T.);
#2145=ORIENTED_EDGE('',*,*,#1815,.T.);
#2146=EDGE_LOOP('',(#2141,#2142,#2144,#2145));
#2147=FACE_OUTER_BOUND('',#2146,.F.);
#2148=ADVANCED_FACE('',(#2147),#2140,.T.);
#2149=CARTESIAN_POINT('',(7.909463381513E-1,1.788387029896E-1,-2.044E1));
#2150=DIRECTION('',(-9.753779259749E-1,-2.205400224922E-1,0.E0));
#2151=DIRECTION('',(0.E0,0.E0,1.E0));
#2152=AXIS2_PLACEMENT_3D('',#2149,#2150,#2151);
#2153=PLANE('',#2152);
#2155=ORIENTED_EDGE('',*,*,#2154,.F.);
#2156=ORIENTED_EDGE('',*,*,#1817,.F.);
#2157=ORIENTED_EDGE('',*,*,#2143,.F.);
#2158=ORIENTED_EDGE('',*,*,#1863,.F.);
#2159=EDGE_LOOP('',(#2155,#2156,#2157,#2158));
#2160=FACE_OUTER_BOUND('',#2159,.F.);
#2161=ADVANCED_FACE('',(#2160),#2153,.T.);
#2162=CARTESIAN_POINT('',(2.820332261585E1,-1.255916514164E2,1.811008696692E1));
#2163=DIRECTION('',(-6.896963456765E-1,-1.559453454273E-1,-7.071067811865E-1));
#2164=DIRECTION('',(-6.896963456765E-1,-1.559453454273E-1,7.071067811865E-1));
#2165=AXIS2_PLACEMENT_3D('',#2162,#2163,#2164);
#2166=PLANE('',#2165);
#2168=ORIENTED_EDGE('',*,*,#2167,.F.);
#2169=ORIENTED_EDGE('',*,*,#1819,.T.);
#2170=ORIENTED_EDGE('',*,*,#2154,.T.);
#2171=ORIENTED_EDGE('',*,*,#1861,.T.);
#2172=EDGE_LOOP('',(#2168,#2169,#2170,#2171));
#2173=FACE_OUTER_BOUND('',#2172,.F.);
#2174=ADVANCED_FACE('',(#2173),#2166,.T.);
#2175=CARTESIAN_POINT('',(3.030223397034E1,-1.212714913589E2,1.911008696692E1));
#2176=DIRECTION('',(0.E0,0.E0,-1.E0));
#2177=DIRECTION('',(2.205400224922E-1,-9.753779259749E-1,0.E0));
#2178=AXIS2_PLACEMENT_3D('',#2175,#2176,#2177);
#2179=PLANE('',#2178);
#2180=ORIENTED_EDGE('',*,*,#2167,.T.);
#2181=ORIENTED_EDGE('',*,*,#1859,.T.);
#2182=ORIENTED_EDGE('',*,*,#1970,.T.);
#2183=ORIENTED_EDGE('',*,*,#1821,.F.);
#2184=EDGE_LOOP('',(#2180,#2181,#2182,#2183));
#2185=FACE_OUTER_BOUND('',#2184,.F.);
#2186=ADVANCED_FACE('',(#2185),#2179,.T.);
#2187=CARTESIAN_POINT('',(1.362138076675E1,-1.336495802333E2,2.645668247515E0));
#2188=DIRECTION('',(1.943779344514E-1,-8.596713848942E-1,-4.724217698121E-1));
#2189=DIRECTION('',(1.041879077402E-1,-4.607897660247E-1,8.813726064540E-1));
#2190=AXIS2_PLACEMENT_3D('',#2187,#2188,#2189);
#2191=PLANE('',#2190);
#2193=ORIENTED_EDGE('',*,*,#2192,.F.);
#2194=ORIENTED_EDGE('',*,*,#1963,.T.);
#2195=ORIENTED_EDGE('',*,*,#1809,.T.);
#2196=ORIENTED_EDGE('',*,*,#1901,.T.);
#2197=EDGE_LOOP('',(#2193,#2194,#2195,#2196));
#2198=FACE_OUTER_BOUND('',#2197,.F.);
#2199=ADVANCED_FACE('',(#2198),#2191,.T.);
#2200=CARTESIAN_POINT('',(1.649878750415E1,-1.282381316863E2,1.263877880603E1));
#2201=DIRECTION('',(-9.753779259749E-1,-2.205400224922E-1,0.E0));
#2202=DIRECTION('',(0.E0,0.E0,1.E0));
#2203=AXIS2_PLACEMENT_3D('',#2200,#2201,#2202);
#2204=CYLINDRICAL_SURFACE('',#2203,1.E1);
#2205=ORIENTED_EDGE('',*,*,#2192,.T.);
#2206=ORIENTED_EDGE('',*,*,#1899,.T.);
#2208=ORIENTED_EDGE('',*,*,#2207,.F.);
#2209=ORIENTED_EDGE('',*,*,#1965,.F.);
#2210=EDGE_LOOP('',(#2205,#2206,#2208,#2209));
#2211=FACE_OUTER_BOUND('',#2210,.F.);
#2212=ADVANCED_FACE('',(#2211),#2204,.T.);
#2213=CARTESIAN_POINT('',(1.362138076675E1,-1.336495802333E2,2.263188936455E1));
#2214=DIRECTION('',(1.943779344514E-1,-8.596713848942E-1,4.724217698121E-1));
#2215=DIRECTION('',(-1.041879077402E-1,4.607897660247E-1,8.813726064540E-1));
#2216=AXIS2_PLACEMENT_3D('',#2213,#2214,#2215);
#2217=PLANE('',#2216);
#2218=ORIENTED_EDGE('',*,*,#1825,.F.);
#2219=ORIENTED_EDGE('',*,*,#1967,.T.);
#2220=ORIENTED_EDGE('',*,*,#2207,.T.);
#2221=ORIENTED_EDGE('',*,*,#1897,.T.);
#2222=EDGE_LOOP('',(#2218,#2219,#2220,#2221));
#2223=FACE_OUTER_BOUND('',#2222,.F.);
#2224=ADVANCED_FACE('',(#2223),#2217,.T.);
#2225=CARTESIAN_POINT('',(-3.757845971039E1,9.279092544217E1,
-7.361150693207E0));
#2226=DIRECTION('',(2.205400224922E-1,-9.753779259749E-1,0.E0));
#2227=DIRECTION('',(-9.753779259749E-1,-2.205400224922E-1,0.E0));
#2228=AXIS2_PLACEMENT_3D('',#2225,#2226,#2227);
#2229=CYLINDRICAL_SURFACE('',#2228,4.E0);
#2230=ORIENTED_EDGE('',*,*,#1805,.T.);
#2232=ORIENTED_EDGE('',*,*,#2231,.F.);
#2233=ORIENTED_EDGE('',*,*,#1875,.T.);
#2234=ORIENTED_EDGE('',*,*,#1904,.T.);
#2235=EDGE_LOOP('',(#2230,#2232,#2233,#2234));
#2236=FACE_OUTER_BOUND('',#2235,.F.);
#2237=ADVANCED_FACE('',(#2236),#2229,.T.);
#2238=CARTESIAN_POINT('',(3.030223397034E1,-1.212714913589E2,
-1.136115069321E1));
#2239=DIRECTION('',(0.E0,0.E0,-1.E0));
#2240=DIRECTION('',(2.205400224922E-1,-9.753779259749E-1,0.E0));
#2241=AXIS2_PLACEMENT_3D('',#2238,#2239,#2240);
#2242=PLANE('',#2241);
#2243=ORIENTED_EDGE('',*,*,#2231,.T.);
#2244=ORIENTED_EDGE('',*,*,#1803,.F.);
#2246=ORIENTED_EDGE('',*,*,#2245,.T.);
#2247=ORIENTED_EDGE('',*,*,#1877,.F.);
#2248=EDGE_LOOP('',(#2243,#2244,#2246,#2247));
#2249=FACE_OUTER_BOUND('',#2248,.F.);
#2250=ADVANCED_FACE('',(#2249),#2242,.T.);
#2251=CARTESIAN_POINT('',(6.220745606479E1,-2.919316729125E2,
-3.361150693207E0));
#2252=DIRECTION('',(-2.205400224922E-1,9.753779259749E-1,0.E0));
#2253=DIRECTION('',(7.946587973007E-1,1.796781169260E-1,-5.798561633461E-1));
#2254=AXIS2_PLACEMENT_3D('',#2251,#2252,#2253);
#2255=CYLINDRICAL_SURFACE('',#2254,8.E0);
#2256=ORIENTED_EDGE('',*,*,#1879,.T.);
#2257=ORIENTED_EDGE('',*,*,#2245,.F.);
#2258=ORIENTED_EDGE('',*,*,#1801,.T.);
#2260=ORIENTED_EDGE('',*,*,#2259,.T.);
#2261=EDGE_LOOP('',(#2256,#2257,#2258,#2260));
#2262=FACE_OUTER_BOUND('',#2261,.F.);
#2263=ADVANCED_FACE('',(#2262),#2255,.T.);
#2264=CARTESIAN_POINT('',(3.498554147976E1,-1.238469638687E2,-4.E0));
#2265=DIRECTION('',(6.896963456765E-1,1.559453454273E-1,-7.071067811865E-1));
#2266=DIRECTION('',(6.896963456765E-1,1.559453454273E-1,7.071067811865E-1));
#2267=AXIS2_PLACEMENT_3D('',#2264,#2265,#2266);
#2268=PLANE('',#2267);
#2269=ORIENTED_EDGE('',*,*,#2259,.F.);
#2270=ORIENTED_EDGE('',*,*,#1784,.T.);
#2271=ORIENTED_EDGE('',*,*,#1547,.F.);
#2273=ORIENTED_EDGE('',*,*,#2272,.T.);
#2274=EDGE_LOOP('',(#2269,#2270,#2271,#2273));
#2275=FACE_OUTER_BOUND('',#2274,.F.);
#2276=ADVANCED_FACE('',(#2275),#2268,.T.);
#2277=CARTESIAN_POINT('',(0.E0,0.E0,0.E0));
#2278=DIRECTION('',(0.E0,0.E0,1.E0));
#2279=DIRECTION('',(1.E0,0.E0,0.E0));
#2280=AXIS2_PLACEMENT_3D('',#2277,#2278,#2279);
#2281=CYLINDRICAL_SURFACE('',#2280,1.25E2);
#2282=ORIENTED_EDGE('',*,*,#1881,.F.);
#2283=ORIENTED_EDGE('',*,*,#2272,.F.);
#2284=ORIENTED_EDGE('',*,*,#1553,.F.);
#2286=ORIENTED_EDGE('',*,*,#2285,.F.);
#2287=ORIENTED_EDGE('',*,*,#1628,.T.);
#2288=ORIENTED_EDGE('',*,*,#1704,.T.);
#2290=ORIENTED_EDGE('',*,*,#2289,.T.);
#2292=ORIENTED_EDGE('',*,*,#2291,.F.);
#2293=EDGE_LOOP('',(#2282,#2283,#2284,#2286,#2287,#2288,#2290,#2292));
#2294=FACE_OUTER_BOUND('',#2293,.F.);
#2295=ADVANCED_FACE('',(#2294),#2281,.F.);
#2296=CARTESIAN_POINT('',(2.625805257308E2,-2.449674605647E2,-2.E0));
#2297=DIRECTION('',(-7.059367848488E-1,7.082748448147E-1,0.E0));
#2298=DIRECTION('',(0.E0,0.E0,1.E0));
#2299=AXIS2_PLACEMENT_3D('',#2296,#2297,#2298);
#2300=CYLINDRICAL_SURFACE('',#2299,2.E0);
#2301=ORIENTED_EDGE('',*,*,#1551,.F.);
#2302=ORIENTED_EDGE('',*,*,#1781,.T.);
#2304=ORIENTED_EDGE('',*,*,#2303,.T.);
#2305=ORIENTED_EDGE('',*,*,#2285,.T.);
#2306=EDGE_LOOP('',(#2301,#2302,#2304,#2305));
#2307=FACE_OUTER_BOUND('',#2306,.F.);
#2308=ADVANCED_FACE('',(#2307),#2300,.F.);
#2309=CARTESIAN_POINT('',(1.035893374704E2,-8.261657922256E1,0.E0));
#2310=DIRECTION('',(-7.082748448147E-1,-7.059367848488E-1,0.E0));
#2311=DIRECTION('',(-7.059367848488E-1,7.082748448147E-1,0.E0));
#2312=AXIS2_PLACEMENT_3D('',#2309,#2310,#2311);
#2313=PLANE('',#2312);
#2314=ORIENTED_EDGE('',*,*,#1610,.T.);
#2315=ORIENTED_EDGE('',*,*,#1630,.F.);
#2316=ORIENTED_EDGE('',*,*,#2303,.F.);
#2317=ORIENTED_EDGE('',*,*,#1593,.T.);
#2318=EDGE_LOOP('',(#2314,#2315,#2316,#2317));
#2319=FACE_OUTER_BOUND('',#2318,.F.);
#2320=ADVANCED_FACE('',(#2319),#2313,.T.);
#2321=CARTESIAN_POINT('',(0.E0,0.E0,2.5E1));
#2322=DIRECTION('',(0.E0,0.E0,1.E0));
#2323=DIRECTION('',(1.E0,0.E0,0.E0));
#2324=AXIS2_PLACEMENT_3D('',#2321,#2322,#2323);
#2325=PLANE('',#2324);
#2327=ORIENTED_EDGE('',*,*,#2326,.F.);
#2328=ORIENTED_EDGE('',*,*,#1739,.F.);
#2329=EDGE_LOOP('',(#2327,#2328));
#2330=FACE_OUTER_BOUND('',#2329,.F.);
#2331=ADVANCED_FACE('',(#2330),#2325,.T.);
#2332=CARTESIAN_POINT('',(0.E0,0.E0,2.5E1));
#2333=DIRECTION('',(0.E0,0.E0,1.E0));
#2334=DIRECTION('',(1.E0,0.E0,0.E0));
#2335=AXIS2_PLACEMENT_3D('',#2332,#2333,#2334);
#2336=PLANE('',#2335);
#2338=ORIENTED_EDGE('',*,*,#2337,.F.);
#2339=ORIENTED_EDGE('',*,*,#1737,.F.);
#2340=EDGE_LOOP('',(#2338,#2339));
#2341=FACE_OUTER_BOUND('',#2340,.F.);
#2342=ADVANCED_FACE('',(#2341),#2336,.T.);
#2343=CARTESIAN_POINT('',(0.E0,0.E0,2.5E1));
#2344=DIRECTION('',(0.E0,0.E0,1.E0));
#2345=DIRECTION('',(1.E0,0.E0,0.E0));
#2346=AXIS2_PLACEMENT_3D('',#2343,#2344,#2345);
#2347=PLANE('',#2346);
#2349=ORIENTED_EDGE('',*,*,#2348,.T.);
#2350=ORIENTED_EDGE('',*,*,#2289,.F.);
#2352=ORIENTED_EDGE('',*,*,#2351,.F.);
#2354=ORIENTED_EDGE('',*,*,#2353,.T.);
#2355=ORIENTED_EDGE('',*,*,#1773,.F.);
#2356=EDGE_LOOP('',(#2349,#2350,#2352,#2354,#2355));
#2357=FACE_OUTER_BOUND('',#2356,.F.);
#2358=ADVANCED_FACE('',(#2357),#2347,.T.);
#2359=CARTESIAN_POINT('',(0.E0,0.E0,2.5E1));
#2360=DIRECTION('',(0.E0,0.E0,1.E0));
#2361=DIRECTION('',(1.E0,0.E0,0.E0));
#2362=AXIS2_PLACEMENT_3D('',#2359,#2360,#2361);
#2363=PLANE('',#2362);
#2365=ORIENTED_EDGE('',*,*,#2364,.T.);
#2366=ORIENTED_EDGE('',*,*,#1331,.F.);
#2368=ORIENTED_EDGE('',*,*,#2367,.F.);
#2369=ORIENTED_EDGE('',*,*,#1741,.F.);
#2371=ORIENTED_EDGE('',*,*,#2370,.F.);
#2372=EDGE_LOOP('',(#2365,#2366,#2368,#2369,#2371));
#2373=FACE_OUTER_BOUND('',#2372,.F.);
#2374=ADVANCED_FACE('',(#2373),#2363,.T.);
#2375=CARTESIAN_POINT('',(1.135134693403E2,-6.787952552492E1,2.5E1));
#2376=DIRECTION('',(-8.447426454039E-1,5.351727413050E-1,0.E0));
#2377=DIRECTION('',(-5.351727413050E-1,-8.447426454039E-1,0.E0));
#2378=AXIS2_PLACEMENT_3D('',#2375,#2376,#2377);
#2379=PLANE('',#2378);
#2381=ORIENTED_EDGE('',*,*,#2380,.F.);
#2382=ORIENTED_EDGE('',*,*,#2326,.T.);
#2384=ORIENTED_EDGE('',*,*,#2383,.T.);
#2386=ORIENTED_EDGE('',*,*,#2385,.F.);
#2387=EDGE_LOOP('',(#2381,#2382,#2384,#2386));
#2388=FACE_OUTER_BOUND('',#2387,.F.);
#2389=ADVANCED_FACE('',(#2388),#2379,.F.);
#2390=CARTESIAN_POINT('',(1.173602487636E2,-6.118111363692E1,2.5E1));
#2391=DIRECTION('',(-8.671751187972E-1,4.980033266345E-1,0.E0));
#2392=DIRECTION('',(-4.980033266345E-1,-8.671751187972E-1,0.E0));
#2393=AXIS2_PLACEMENT_3D('',#2390,#2391,#2392);
#2394=PLANE('',#2393);
#2396=ORIENTED_EDGE('',*,*,#2395,.T.);
#2397=ORIENTED_EDGE('',*,*,#2370,.T.);
#2398=ORIENTED_EDGE('',*,*,#2380,.T.);
#2400=ORIENTED_EDGE('',*,*,#2399,.F.);
#2401=EDGE_LOOP('',(#2396,#2397,#2398,#2400));
#2402=FACE_OUTER_BOUND('',#2401,.F.);
#2403=ADVANCED_FACE('',(#2402),#2394,.F.);
#2404=CARTESIAN_POINT('',(1.176196907984E2,-6.183400098559E1,2.75E1));
#2405=DIRECTION('',(6.206539235661E-1,-7.840846301019E-1,0.E0));
#2406=DIRECTION('',(-7.840846301019E-1,-6.206539235661E-1,0.E0));
#2407=AXIS2_PLACEMENT_3D('',#2404,#2405,#2406);
#2408=PLANE('',#2407);
#2409=ORIENTED_EDGE('',*,*,#2395,.F.);
#2411=ORIENTED_EDGE('',*,*,#2410,.T.);
#2412=ORIENTED_EDGE('',*,*,#1333,.T.);
#2413=ORIENTED_EDGE('',*,*,#2364,.F.);
#2414=EDGE_LOOP('',(#2409,#2411,#2412,#2413));
#2415=FACE_OUTER_BOUND('',#2414,.F.);
#2416=ADVANCED_FACE('',(#2415),#2408,.T.);
#2417=CARTESIAN_POINT('',(0.E0,0.E0,3.E1));
#2418=DIRECTION('',(0.E0,0.E0,-1.E0));
#2419=DIRECTION('',(0.E0,1.E0,0.E0));
#2420=AXIS2_PLACEMENT_3D('',#2417,#2418,#2419);
#2421=PLANE('',#2420);
#2422=ORIENTED_EDGE('',*,*,#1335,.T.);
#2423=ORIENTED_EDGE('',*,*,#2410,.F.);
#2424=ORIENTED_EDGE('',*,*,#2399,.T.);
#2425=ORIENTED_EDGE('',*,*,#2385,.T.);
#2427=ORIENTED_EDGE('',*,*,#2426,.T.);
#2429=ORIENTED_EDGE('',*,*,#2428,.F.);
#2431=ORIENTED_EDGE('',*,*,#2430,.T.);
#2433=ORIENTED_EDGE('',*,*,#2432,.T.);
#2435=ORIENTED_EDGE('',*,*,#2434,.F.);
#2436=EDGE_LOOP('',(#2422,#2423,#2424,#2425,#2427,#2429,#2431,#2433,#2435));
#2437=FACE_OUTER_BOUND('',#2436,.F.);
#2438=ORIENTED_EDGE('',*,*,#1415,.T.);
#2439=ORIENTED_EDGE('',*,*,#1456,.T.);
#2440=EDGE_LOOP('',(#2438,#2439));
#2441=FACE_BOUND('',#2440,.F.);
#2442=ADVANCED_FACE('',(#2437,#2441),#2421,.F.);
#2443=CARTESIAN_POINT('',(1.093455276095E2,-7.445840716781E1,2.5E1));
#2444=DIRECTION('',(-8.170867344389E-1,5.765147599185E-1,0.E0));
#2445=DIRECTION('',(-5.765147599185E-1,-8.170867344389E-1,0.E0));
#2446=AXIS2_PLACEMENT_3D('',#2443,#2444,#2445);
#2447=PLANE('',#2446);
#2449=ORIENTED_EDGE('',*,*,#2448,.F.);
#2450=ORIENTED_EDGE('',*,*,#2426,.F.);
#2451=ORIENTED_EDGE('',*,*,#2383,.F.);
#2452=ORIENTED_EDGE('',*,*,#2337,.T.);
#2453=ORIENTED_EDGE('',*,*,#1777,.F.);
#2454=EDGE_LOOP('',(#2449,#2450,#2451,#2452,#2453));
#2455=FACE_OUTER_BOUND('',#2454,.F.);
#2456=ADVANCED_FACE('',(#2455),#2447,.F.);
#2457=CARTESIAN_POINT('',(-4.051432394849E1,6.621402527869E1,2.7E1));
#2458=DIRECTION('',(7.059367848488E-1,-7.082748448147E-1,0.E0));
#2459=DIRECTION('',(0.E0,0.E0,1.E0));
#2460=AXIS2_PLACEMENT_3D('',#2457,#2458,#2459);
#2461=CYLINDRICAL_SURFACE('',#2460,3.E0);
#2462=ORIENTED_EDGE('',*,*,#2448,.T.);
#2464=ORIENTED_EDGE('',*,*,#2463,.F.);
#2466=ORIENTED_EDGE('',*,*,#2465,.T.);
#2467=ORIENTED_EDGE('',*,*,#2428,.T.);
#2468=EDGE_LOOP('',(#2462,#2464,#2466,#2467));
#2469=FACE_OUTER_BOUND('',#2468,.F.);
#2470=ADVANCED_FACE('',(#2469),#2461,.T.);
#2471=CARTESIAN_POINT('',(-4.757373038740E1,6.621402527869E1,2.7E1));
#2472=DIRECTION('',(7.059367848488E-1,-7.082748448147E-1,0.E0));
#2473=DIRECTION('',(0.E0,0.E0,-1.E0));
#2474=AXIS2_PLACEMENT_3D('',#2471,#2472,#2473);
#2475=CYLINDRICAL_SURFACE('',#2474,2.E0);
#2476=ORIENTED_EDGE('',*,*,#2463,.T.);
#2477=ORIENTED_EDGE('',*,*,#1775,.T.);
#2478=ORIENTED_EDGE('',*,*,#2353,.F.);
#2480=ORIENTED_EDGE('',*,*,#2479,.T.);
#2481=EDGE_LOOP('',(#2476,#2477,#2478,#2480));
#2482=FACE_OUTER_BOUND('',#2481,.F.);
#2483=ADVANCED_FACE('',(#2482),#2475,.F.);
#2484=CARTESIAN_POINT('',(9.825824416554E1,-7.726782935676E1,2.5E1));
#2485=DIRECTION('',(8.170867344389E-1,-5.765147599185E-1,0.E0));
#2486=DIRECTION('',(5.765147599185E-1,8.170867344389E-1,0.E0));
#2487=AXIS2_PLACEMENT_3D('',#2484,#2485,#2486);
#2488=PLANE('',#2487);
#2489=ORIENTED_EDGE('',*,*,#2465,.F.);
#2490=ORIENTED_EDGE('',*,*,#2479,.F.);
#2491=ORIENTED_EDGE('',*,*,#2351,.T.);
#2493=ORIENTED_EDGE('',*,*,#2492,.T.);
#2495=ORIENTED_EDGE('',*,*,#2494,.T.);
#2496=ORIENTED_EDGE('',*,*,#2430,.F.);
#2497=EDGE_LOOP('',(#2489,#2490,#2491,#2493,#2495,#2496));
#2498=FACE_OUTER_BOUND('',#2497,.F.);
#2499=ADVANCED_FACE('',(#2498),#2488,.F.);
#2500=CARTESIAN_POINT('',(0.E0,0.E0,2.5E1));
#2501=DIRECTION('',(0.E0,0.E0,-1.E0));
#2502=DIRECTION('',(0.E0,1.E0,0.E0));
#2503=AXIS2_PLACEMENT_3D('',#2500,#2501,#2502);
#2504=PLANE('',#2503);
#2505=ORIENTED_EDGE('',*,*,#2492,.F.);
#2506=ORIENTED_EDGE('',*,*,#1702,.T.);
#2507=EDGE_LOOP('',(#2505,#2506));
#2508=FACE_OUTER_BOUND('',#2507,.F.);
#2509=ADVANCED_FACE('',(#2508),#2504,.T.);
#2510=CARTESIAN_POINT('',(0.E0,0.E0,2.5E1));
#2511=DIRECTION('',(0.E0,0.E0,-1.E0));
#2512=DIRECTION('',(0.E0,1.E0,0.E0));
#2513=AXIS2_PLACEMENT_3D('',#2510,#2511,#2512);
#2514=PLANE('',#2513);
#2516=ORIENTED_EDGE('',*,*,#2515,.T.);
#2517=ORIENTED_EDGE('',*,*,#1323,.F.);
#2519=ORIENTED_EDGE('',*,*,#2518,.F.);
#2521=ORIENTED_EDGE('',*,*,#2520,.F.);
#2522=ORIENTED_EDGE('',*,*,#1700,.T.);
#2523=EDGE_LOOP('',(#2516,#2517,#2519,#2521,#2522));
#2524=FACE_OUTER_BOUND('',#2523,.F.);
#2525=ADVANCED_FACE('',(#2524),#2514,.T.);
#2526=CARTESIAN_POINT('',(1.099573577414E2,-5.790714983082E1,2.1875E1));
#2527=DIRECTION('',(-9.951116479696E-1,9.875630650821E-2,0.E0));
#2528=DIRECTION('',(-9.875630650821E-2,-9.951116479696E-1,0.E0));
#2529=AXIS2_PLACEMENT_3D('',#2526,#2527,#2528);
#2530=PLANE('',#2529);
#2531=ORIENTED_EDGE('',*,*,#2515,.F.);
#2532=ORIENTED_EDGE('',*,*,#1698,.F.);
#2534=ORIENTED_EDGE('',*,*,#2533,.T.);
#2535=ORIENTED_EDGE('',*,*,#1325,.T.);
#2536=EDGE_LOOP('',(#2531,#2532,#2534,#2535));
#2537=FACE_OUTER_BOUND('',#2536,.F.);
#2538=ADVANCED_FACE('',(#2537),#2530,.T.);
#2539=CARTESIAN_POINT('',(0.E0,0.E0,1.875E1));
#2540=DIRECTION('',(0.E0,0.E0,1.E0));
#2541=DIRECTION('',(0.E0,-1.E0,0.E0));
#2542=AXIS2_PLACEMENT_3D('',#2539,#2540,#2541);
#2543=PLANE('',#2542);
#2544=ORIENTED_EDGE('',*,*,#1745,.T.);
#2546=ORIENTED_EDGE('',*,*,#2545,.F.);
#2547=ORIENTED_EDGE('',*,*,#1327,.T.);
#2548=ORIENTED_EDGE('',*,*,#2533,.F.);
#2549=ORIENTED_EDGE('',*,*,#1696,.F.);
#2550=ORIENTED_EDGE('',*,*,#1718,.T.);
#2551=EDGE_LOOP('',(#2544,#2546,#2547,#2548,#2549,#2550));
#2552=FACE_OUTER_BOUND('',#2551,.F.);
#2553=ORIENTED_EDGE('',*,*,#1407,.F.);
#2554=ORIENTED_EDGE('',*,*,#1451,.F.);
#2555=EDGE_LOOP('',(#2553,#2554));
#2556=FACE_BOUND('',#2555,.F.);
#2557=ADVANCED_FACE('',(#2552,#2556),#2543,.F.);
#2558=CARTESIAN_POINT('',(1.176425717792E2,-6.184356967582E1,2.1875E1));
#2559=DIRECTION('',(6.266495891944E-1,-7.793011563975E-1,0.E0));
#2560=DIRECTION('',(-7.793011563975E-1,-6.266495891944E-1,0.E0));
#2561=AXIS2_PLACEMENT_3D('',#2558,#2559,#2560);
#2562=PLANE('',#2561);
#2563=ORIENTED_EDGE('',*,*,#1743,.F.);
#2564=ORIENTED_EDGE('',*,*,#2367,.T.);
#2565=ORIENTED_EDGE('',*,*,#1329,.T.);
#2566=ORIENTED_EDGE('',*,*,#2545,.T.);
#2567=EDGE_LOOP('',(#2563,#2564,#2565,#2566));
#2568=FACE_OUTER_BOUND('',#2567,.F.);
#2569=ADVANCED_FACE('',(#2568),#2562,.T.);
#2570=CARTESIAN_POINT('',(1.098993684451E2,-5.788084302120E1,2.75E1));
#2571=DIRECTION('',(-9.928270079455E-1,1.195597436179E-1,0.E0));
#2572=DIRECTION('',(1.195597436179E-1,9.928270079455E-1,0.E0));
#2573=AXIS2_PLACEMENT_3D('',#2570,#2571,#2572);
#2574=PLANE('',#2573);
#2575=ORIENTED_EDGE('',*,*,#1321,.F.);
#2576=ORIENTED_EDGE('',*,*,#2434,.T.);
#2578=ORIENTED_EDGE('',*,*,#2577,.T.);
#2579=ORIENTED_EDGE('',*,*,#2518,.T.);
#2580=EDGE_LOOP('',(#2575,#2576,#2578,#2579));
#2581=FACE_OUTER_BOUND('',#2580,.F.);
#2582=ADVANCED_FACE('',(#2581),#2574,.T.);
#2583=CARTESIAN_POINT('',(1.036624655464E2,-6.960849796182E1,2.5E1));
#2584=DIRECTION('',(8.584388631401E-1,-5.129158978339E-1,0.E0));
#2585=DIRECTION('',(5.129158978339E-1,8.584388631401E-1,0.E0));
#2586=AXIS2_PLACEMENT_3D('',#2583,#2584,#2585);
#2587=PLANE('',#2586);
#2588=ORIENTED_EDGE('',*,*,#2577,.F.);
#2589=ORIENTED_EDGE('',*,*,#2432,.F.);
#2590=ORIENTED_EDGE('',*,*,#2494,.F.);
#2591=ORIENTED_EDGE('',*,*,#2520,.T.);
#2592=EDGE_LOOP('',(#2588,#2589,#2590,#2591));
#2593=FACE_OUTER_BOUND('',#2592,.F.);
#2594=ADVANCED_FACE('',(#2593),#2587,.F.);
#2595=CARTESIAN_POINT('',(3.498554147976E1,-1.238469638687E2,2.9E1));
#2596=DIRECTION('',(6.896963456765E-1,1.559453454273E-1,7.071067811865E-1));
#2597=DIRECTION('',(6.896963456765E-1,1.559453454273E-1,-7.071067811865E-1));
#2598=AXIS2_PLACEMENT_3D('',#2595,#2596,#2597);
#2599=PLANE('',#2598);
#2601=ORIENTED_EDGE('',*,*,#2600,.F.);
#2602=ORIENTED_EDGE('',*,*,#2291,.T.);
#2603=ORIENTED_EDGE('',*,*,#2348,.F.);
#2604=ORIENTED_EDGE('',*,*,#1771,.T.);
#2605=EDGE_LOOP('',(#2601,#2602,#2603,#2604));
#2606=FACE_OUTER_BOUND('',#2605,.F.);
#2607=ADVANCED_FACE('',(#2606),#2599,.T.);
#2608=CARTESIAN_POINT('',(-2.478111342669E1,9.279092544217E1,2.836115069321E1));
#2609=DIRECTION('',(2.205400224914E-1,-9.753779259751E-1,0.E0));
#2610=DIRECTION('',(7.946587972901E-1,1.796781169229E-1,5.798561633617E-1));
#2611=AXIS2_PLACEMENT_3D('',#2608,#2609,#2610);
#2612=CYLINDRICAL_SURFACE('',#2611,8.E0);
#2613=ORIENTED_EDGE('',*,*,#1798,.T.);
#2615=ORIENTED_EDGE('',*,*,#2614,.F.);
#2616=ORIENTED_EDGE('',*,*,#1883,.T.);
#2617=ORIENTED_EDGE('',*,*,#2600,.T.);
#2618=EDGE_LOOP('',(#2613,#2615,#2616,#2617));
#2619=FACE_OUTER_BOUND('',#2618,.F.);
#2620=ADVANCED_FACE('',(#2619),#2612,.T.);
#2621=CARTESIAN_POINT('',(3.195667881720E1,-1.285885713389E2,3.636115069321E1));
#2622=DIRECTION('',(0.E0,0.E0,1.E0));
#2623=DIRECTION('',(-2.205400224922E-1,9.753779259749E-1,0.E0));
#2624=AXIS2_PLACEMENT_3D('',#2621,#2622,#2623);
#2625=PLANE('',#2624);
#2626=ORIENTED_EDGE('',*,*,#1839,.T.);
#2627=ORIENTED_EDGE('',*,*,#1885,.F.);
#2628=ORIENTED_EDGE('',*,*,#2614,.T.);
#2629=ORIENTED_EDGE('',*,*,#1796,.T.);
#2630=EDGE_LOOP('',(#2626,#2627,#2628,#2629));
#2631=FACE_OUTER_BOUND('',#2630,.F.);
#2632=ADVANCED_FACE('',(#2631),#2625,.T.);
#2633=CLOSED_SHELL('',(#1315,#1339,#1354,#1378,#1401,#1425,#1442,#1460,#1489,
#1504,#1517,#1529,#1541,#1557,#1572,#1585,#1602,#1616,#1634,#1648,#1661,#1672,
#1686,#1710,#1724,#1751,#1763,#1788,#1831,#1846,#1889,#1934,#1949,#1994,#2007,
#2020,#2033,#2046,#2059,#2072,#2084,#2098,#2110,#2122,#2135,#2148,#2161,#2174,
#2186,#2199,#2212,#2224,#2237,#2250,#2263,#2276,#2295,#2308,#2320,#2331,#2342,
#2358,#2374,#2389,#2403,#2416,#2442,#2456,#2470,#2483,#2499,#2509,#2525,#2538,
#2557,#2569,#2582,#2594,#2607,#2620,#2632));
#2634=MANIFOLD_SOLID_BREP('',#2633);
#2636=DIMENSIONAL_EXPONENTS(0.E0,0.E0,0.E0,0.E0,0.E0,0.E0,0.E0);
#2638=PLANE_ANGLE_MEASURE_WITH_UNIT(PLANE_ANGLE_MEASURE(1.745329251994E-2),
#2637);
#2639=(CONVERSION_BASED_UNIT('DEGREE',#2638)NAMED_UNIT(*)PLANE_ANGLE_UNIT());
#2641=UNCERTAINTY_MEASURE_WITH_UNIT(LENGTH_MEASURE(2.654986517468E-2),#2635,
'closure',
'Maximum model space distance between geometric entities at asserted connectivities');
#2642=(GEOMETRIC_REPRESENTATION_CONTEXT(3)GLOBAL_UNCERTAINTY_ASSIGNED_CONTEXT((
#2641))GLOBAL_UNIT_ASSIGNED_CONTEXT((#2635,#2639,#2640))REPRESENTATION_CONTEXT(
'ID1','3'));
#2644=APPLICATION_CONTEXT(
'CONFIGURATION CONTROLLED 3D DESIGNS OF MECHANICAL PARTS AND ASSEMBLIES');
#2645=APPLICATION_PROTOCOL_DEFINITION('international standard',
'config_control_design',1994,#2644);
#2646=DESIGN_CONTEXT('',#2644,'design');
#2647=MECHANICAL_CONTEXT('',#2644,'mechanical');
#2648=PRODUCT('LINK1','LINK1','NOT SPECIFIED',(#2647));
#2649=PRODUCT_DEFINITION_FORMATION_WITH_SPECIFIED_SOURCE('15','LAST_VERSION',
#2648,.MADE.);
#2653=PRODUCT_CATEGORY('part','');
#2654=PRODUCT_RELATED_PRODUCT_CATEGORY('detail','',(#2648));
#2655=PRODUCT_CATEGORY_RELATIONSHIP('','',#2653,#2654);
#2656=SECURITY_CLASSIFICATION_LEVEL('unclassified');
#2657=SECURITY_CLASSIFICATION('','',#2656);
#2658=CC_DESIGN_SECURITY_CLASSIFICATION(#2657,(#2649));
#2659=APPROVAL_STATUS('approved');
#2660=APPROVAL(#2659,'');
#2661=CC_DESIGN_APPROVAL(#2660,(#2657,#2649,#2650));
#2662=CALENDAR_DATE(126,23,7);
#2663=COORDINATED_UNIVERSAL_TIME_OFFSET(8,0,.AHEAD.);
#2664=LOCAL_TIME(19,11,3.3E1,#2663);
#2665=DATE_AND_TIME(#2662,#2664);
#2666=APPROVAL_DATE_TIME(#2665,#2660);
#2667=DATE_TIME_ROLE('creation_date');
#2668=CC_DESIGN_DATE_AND_TIME_ASSIGNMENT(#2665,#2667,(#2650));
#2669=DATE_TIME_ROLE('classification_date');
#2670=CC_DESIGN_DATE_AND_TIME_ASSIGNMENT(#2665,#2669,(#2657));
#2671=PERSON('UNSPECIFIED','UNSPECIFIED',$,$,$,$);
#2672=ORGANIZATION('UNSPECIFIED','UNSPECIFIED','UNSPECIFIED');
#2673=PERSON_AND_ORGANIZATION(#2671,#2672);
#2674=APPROVAL_ROLE('approver');
#2675=APPROVAL_PERSON_ORGANIZATION(#2673,#2660,#2674);
#2676=PERSON_AND_ORGANIZATION_ROLE('creator');
#2677=CC_DESIGN_PERSON_AND_ORGANIZATION_ASSIGNMENT(#2673,#2676,(#2649,#2650));
#2678=PERSON_AND_ORGANIZATION_ROLE('design_supplier');
#2679=CC_DESIGN_PERSON_AND_ORGANIZATION_ASSIGNMENT(#2673,#2678,(#2649));
#2680=PERSON_AND_ORGANIZATION_ROLE('classification_officer');
#2681=CC_DESIGN_PERSON_AND_ORGANIZATION_ASSIGNMENT(#2673,#2680,(#2657));
#2682=PERSON_AND_ORGANIZATION_ROLE('design_owner');
#2683=CC_DESIGN_PERSON_AND_ORGANIZATION_ASSIGNMENT(#2673,#2682,(#2648));
#9=CIRCLE('',#8,7.E0);
#22=CIRCLE('',#21,7.E0);
#31=CIRCLE('',#30,7.E0);
#40=CIRCLE('',#39,7.E0);
#49=CIRCLE('',#48,7.E0);
#58=CIRCLE('',#57,7.E0);
#71=CIRCLE('',#70,4.E0);
#80=CIRCLE('',#79,4.E0);
#85=CIRCLE('',#84,4.E0);
#94=CIRCLE('',#93,4.E0);
#103=CIRCLE('',#102,4.E0);
#108=CIRCLE('',#107,4.E0);
#117=CIRCLE('',#116,4.E0);
#142=CIRCLE('',#141,4.E0);
#147=CIRCLE('',#146,4.E0);
#156=CIRCLE('',#155,7.E0);
#193=CIRCLE('',#192,1.786567896551E2);
#202=CIRCLE('',#201,1.786567896551E2);
#211=CIRCLE('',#210,1.325E2);
#220=CIRCLE('',#219,1.25E2);
#225=CIRCLE('',#224,1.786567896551E2);
#245=B_SPLINE_CURVE_WITH_KNOTS('',3,(#238,#239,#240,#241,#242,#243,#244),
.UNSPECIFIED.,.F.,.F.,(4,1,1,1,4),(0.E0,2.5E-1,5.E-1,7.5E-1,1.E0),
.UNSPECIFIED.);
#261=B_SPLINE_CURVE_WITH_KNOTS('',3,(#254,#255,#256,#257,#258,#259,#260),
.UNSPECIFIED.,.F.,.F.,(4,1,1,1,4),(0.E0,2.5E-1,5.E-1,7.5E-1,1.E0),
.UNSPECIFIED.);
#306=CIRCLE('',#305,1.528348436333E2);
#315=CIRCLE('',#314,1.528348436333E2);
#324=CIRCLE('',#323,1.528348436333E2);
#329=CIRCLE('',#328,1.528348436333E2);
#334=CIRCLE('',#333,1.528348436333E2);
#339=CIRCLE('',#338,1.528348436333E2);
#356=CIRCLE('',#355,1.786567896551E2);
#365=CIRCLE('',#364,1.786567896551E2);
#378=CIRCLE('',#377,4.E0);
#383=CIRCLE('',#382,8.E0);
#392=CIRCLE('',#391,8.E0);
#401=CIRCLE('',#400,4.E0);
#418=CIRCLE('',#417,4.E0);
#435=CIRCLE('',#434,4.E0);
#444=CIRCLE('',#443,8.E0);
#453=CIRCLE('',#452,8.E0);
#470=CIRCLE('',#469,4.5E0);
#487=CIRCLE('',#486,4.5E0);
#504=CIRCLE('',#503,1.E1);
#521=CIRCLE('',#520,1.E1);
#542=CIRCLE('',#541,4.5E0);
#559=CIRCLE('',#558,4.5E0);
#568=CIRCLE('',#567,1.E1);
#581=CIRCLE('',#580,1.E1);
#738=B_SPLINE_CURVE_WITH_KNOTS('',3,(#734,#735,#736,#737),.UNSPECIFIED.,.F.,.F.,
(4,4),(0.E0,1.E0),.UNSPECIFIED.);
#743=B_SPLINE_CURVE_WITH_KNOTS('',3,(#739,#740,#741,#742),.UNSPECIFIED.,.F.,.F.,
(4,4),(0.E0,1.E0),.UNSPECIFIED.);
#756=B_SPLINE_CURVE_WITH_KNOTS('',3,(#748,#749,#750,#751,#752,#753,#754,#755),
.UNSPECIFIED.,.F.,.F.,(4,1,1,1,1,4),(0.E0,2.E-1,4.E-1,6.E-1,8.E-1,1.E0),
.UNSPECIFIED.);
#767=B_SPLINE_CURVE_WITH_KNOTS('',3,(#757,#758,#759,#760,#761,#762,#763,#764,
#765,#766),.UNSPECIFIED.,.F.,.F.,(4,1,1,1,1,1,1,4),(0.E0,1.428571428571E-1,
2.857142857143E-1,4.285714285714E-1,5.714285714286E-1,7.142857142857E-1,
8.571428571429E-1,1.E0),.UNSPECIFIED.);
#788=CIRCLE('',#787,1.786567896551E2);
#797=CIRCLE('',#796,1.786567896551E2);
#806=CIRCLE('',#805,1.25E2);
#819=CIRCLE('',#818,1.325E2);
#828=CIRCLE('',#827,1.786567896551E2);
#849=CIRCLE('',#848,4.E0);
#854=CIRCLE('',#853,4.E0);
#859=CIRCLE('',#858,7.E0);
#891=B_SPLINE_CURVE_WITH_KNOTS('',3,(#884,#885,#886,#887,#888,#889,#890),
.UNSPECIFIED.,.F.,.F.,(4,1,1,1,4),(0.E0,2.5E-1,5.E-1,7.5E-1,1.E0),
.UNSPECIFIED.);
#914=B_SPLINE_CURVE_WITH_KNOTS('',3,(#904,#905,#906,#907,#908,#909,#910,#911,
#912,#913),.UNSPECIFIED.,.F.,.F.,(4,1,1,1,1,1,1,4),(0.E0,1.428571428571E-1,
2.857142857143E-1,4.285714285714E-1,5.714285714286E-1,7.142857142857E-1,
8.571428571429E-1,1.E0),.UNSPECIFIED.);
#922=B_SPLINE_CURVE_WITH_KNOTS('',3,(#915,#916,#917,#918,#919,#920,#921),
.UNSPECIFIED.,.F.,.F.,(4,1,1,1,4),(0.E0,2.5E-1,5.E-1,7.5E-1,1.E0),
.UNSPECIFIED.);
#930=B_SPLINE_CURVE_WITH_KNOTS('',3,(#923,#924,#925,#926,#927,#928,#929),
.UNSPECIFIED.,.F.,.F.,(4,1,1,1,4),(0.E0,2.5E-1,5.E-1,7.5E-1,1.E0),
.UNSPECIFIED.);
#951=CIRCLE('',#950,4.E0);
#988=B_SPLINE_CURVE_WITH_KNOTS('',3,(#984,#985,#986,#987),.UNSPECIFIED.,.F.,.F.,
(4,4),(0.E0,1.E0),.UNSPECIFIED.);
#993=B_SPLINE_CURVE_WITH_KNOTS('',3,(#989,#990,#991,#992),.UNSPECIFIED.,.F.,.F.,
(4,4),(0.E0,1.E0),.UNSPECIFIED.);
#1297=EDGE_CURVE('',#1214,#1215,#4,.T.);
#1299=EDGE_CURVE('',#1222,#1214,#9,.T.);
#1301=EDGE_CURVE('',#1222,#1223,#13,.T.);
#1303=EDGE_CURVE('',#1223,#1247,#156,.T.);
#1305=EDGE_CURVE('',#1246,#1247,#17,.T.);
#1307=EDGE_CURVE('',#1259,#1246,#22,.T.);
#1309=EDGE_CURVE('',#1258,#1259,#26,.T.);
#1311=EDGE_CURVE('',#1258,#1215,#31,.T.);
#1321=EDGE_CURVE('',#1230,#1231,#35,.T.);
#1323=EDGE_CURVE('',#1231,#1237,#40,.T.);
#1325=EDGE_CURVE('',#1243,#1237,#44,.T.);
#1327=EDGE_CURVE('',#1267,#1243,#49,.T.);
#1329=EDGE_CURVE('',#1266,#1267,#53,.T.);
#1331=EDGE_CURVE('',#1266,#1269,#58,.T.);
#1333=EDGE_CURVE('',#1275,#1269,#62,.T.);
#1335=EDGE_CURVE('',#1230,#1275,#859,.T.);
#1346=EDGE_CURVE('',#1215,#1219,#66,.T.);
#1348=EDGE_CURVE('',#1218,#1219,#301,.T.);
#1350=EDGE_CURVE('',#1214,#1218,#297,.T.);
#1361=EDGE_CURVE('',#1254,#1258,#369,.T.);
#1363=EDGE_CURVE('',#1008,#1254,#365,.T.);
#1365=EDGE_CURVE('',#1012,#1008,#75,.T.);
#1367=EDGE_CURVE('',#1012,#1219,#306,.T.);
#1372=EDGE_CURVE('',#1097,#1091,#85,.T.);
#1374=EDGE_CURVE('',#1097,#1091,#71,.T.);
#1384=EDGE_CURVE('',#1082,#1083,#80,.T.);
#1386=EDGE_CURVE('',#1097,#1082,#125,.T.);
#1389=EDGE_CURVE('',#1090,#1091,#89,.T.);
#1391=EDGE_CURVE('',#1035,#1090,#94,.T.);
#1393=EDGE_CURVE('',#1035,#1016,#98,.T.);
#1395=EDGE_CURVE('',#1016,#1017,#142,.T.);
#1397=EDGE_CURVE('',#1083,#1017,#129,.T.);
#1407=EDGE_CURVE('',#1094,#1099,#103,.T.);
#1409=EDGE_CURVE('',#1086,#1099,#137,.T.);
#1411=EDGE_CURVE('',#1086,#1087,#108,.T.);
#1413=EDGE_CURVE('',#1087,#1039,#133,.T.);
#1415=EDGE_CURVE('',#1038,#1039,#849,.T.);
#1417=EDGE_CURVE('',#1049,#1038,#112,.T.);
#1419=EDGE_CURVE('',#1049,#1095,#117,.T.);
#1421=EDGE_CURVE('',#1094,#1095,#121,.T.);
#1437=EDGE_CURVE('',#1017,#1016,#147,.T.);
#1451=EDGE_CURVE('',#1099,#1094,#951,.T.);
#1456=EDGE_CURVE('',#1039,#1038,#854,.T.);
#1466=EDGE_CURVE('',#1251,#1020,#151,.T.);
#1468=EDGE_CURVE('',#1247,#1251,#184,.T.);
#1471=EDGE_CURVE('',#1227,#1223,#285,.T.);
#1473=EDGE_CURVE('',#1025,#1227,#160,.T.);
#1475=EDGE_CURVE('',#1075,#1025,#164,.T.);
#1477=EDGE_CURVE('',#1079,#1075,#168,.T.);
#1479=EDGE_CURVE('',#1021,#1079,#172,.T.);
#1481=EDGE_CURVE('',#1020,#1021,#176,.T.);
#1495=EDGE_CURVE('',#1250,#1251,#180,.T.);
#1498=EDGE_CURVE('',#1028,#1020,#237,.T.);
#1500=EDGE_CURVE('',#1250,#1028,#233,.T.);
#1513=EDGE_CURVE('',#1246,#1250,#229,.T.);
#1523=EDGE_CURVE('',#1028,#1029,#188,.T.);
#1525=EDGE_CURVE('',#1029,#1028,#193,.T.);
#1535=EDGE_CURVE('',#1029,#1033,#197,.T.);
#1537=EDGE_CURVE('',#1033,#1029,#202,.T.);
#1547=EDGE_CURVE('',#1142,#1143,#206,.T.);
#1549=EDGE_CURVE('',#1143,#1064,#211,.T.);
#1551=EDGE_CURVE('',#1064,#1065,#215,.T.);
#1553=EDGE_CURVE('',#1065,#1142,#220,.T.);
#1563=EDGE_CURVE('',#1028,#1255,#225,.T.);
#1565=EDGE_CURVE('',#1259,#1255,#373,.T.);
#1581=EDGE_CURVE('',#1029,#1021,#253,.T.);
#1591=EDGE_CURVE('',#1078,#1079,#245,.T.);
#1593=EDGE_CURVE('',#1068,#1078,#779,.T.);
#1595=EDGE_CURVE('',#1068,#1033,#249,.T.);
#1608=EDGE_CURVE('',#1075,#1076,#261,.T.);
#1610=EDGE_CURVE('',#1078,#1076,#771,.T.);
#1624=EDGE_CURVE('',#1024,#1025,#277,.T.);
#1626=EDGE_CURVE('',#1031,#1024,#289,.T.);
#1628=EDGE_CURVE('',#1069,#1031,#265,.T.);
#1630=EDGE_CURVE('',#1069,#1076,#269,.T.);
#1640=EDGE_CURVE('',#1226,#1227,#273,.T.);
#1642=EDGE_CURVE('',#1024,#1226,#293,.T.);
#1655=EDGE_CURVE('',#1222,#1226,#281,.T.);
#1668=EDGE_CURVE('',#1031,#1024,#334,.T.);
#1682=EDGE_CURVE('',#1024,#1218,#339,.T.);
#1694=EDGE_CURVE('',#1012,#1013,#310,.T.);
#1696=EDGE_CURVE('',#1013,#1240,#315,.T.);
#1698=EDGE_CURVE('',#1240,#1241,#319,.T.);
#1700=EDGE_CURVE('',#1046,#1241,#324,.T.);
#1702=EDGE_CURVE('',#1055,#1046,#329,.T.);
#1704=EDGE_CURVE('',#1031,#1055,#747,.T.);
#1716=EDGE_CURVE('',#1008,#1009,#360,.T.);
#1718=EDGE_CURVE('',#1013,#1009,#955,.T.);
#1730=EDGE_CURVE('',#1254,#1255,#343,.T.);
#1735=EDGE_CURVE('',#1033,#1057,#347,.T.);
#1737=EDGE_CURVE('',#1057,#1053,#797,.T.);
#1739=EDGE_CURVE('',#1053,#1051,#788,.T.);
#1741=EDGE_CURVE('',#1051,#1262,#828,.T.);
#1743=EDGE_CURVE('',#1262,#1263,#351,.T.);
#1745=EDGE_CURVE('',#1009,#1263,#356,.T.);
#1769=EDGE_CURVE('',#1158,#1155,#387,.T.);
#1771=EDGE_CURVE('',#1146,#1158,#993,.T.);
#1773=EDGE_CURVE('',#1146,#1061,#819,.T.);
#1775=EDGE_CURVE('',#1071,#1061,#914,.T.);
#1777=EDGE_CURVE('',#1071,#1057,#899,.T.);
#1781=EDGE_CURVE('',#1064,#1068,#756,.T.);
#1784=EDGE_CURVE('',#1155,#1143,#738,.T.);
#1794=EDGE_CURVE('',#1281,#1283,#378,.T.);
#1796=EDGE_CURVE('',#1159,#1281,#1005,.T.);
#1798=EDGE_CURVE('',#1158,#1159,#383,.T.);
#1801=EDGE_CURVE('',#1153,#1155,#392,.T.);
#1803=EDGE_CURVE('',#1153,#1287,#396,.T.);
#1805=EDGE_CURVE('',#1286,#1287,#401,.T.);
#1807=EDGE_CURVE('',#1286,#1203,#508,.T.);
#1809=EDGE_CURVE('',#1202,#1203,#405,.T.);
#1811=EDGE_CURVE('',#1134,#1202,#576,.T.);
#1813=EDGE_CURVE('',#1175,#1134,#649,.T.);
#1815=EDGE_CURVE('',#1179,#1175,#661,.T.);
#1817=EDGE_CURVE('',#1179,#1170,#669,.T.);
#1819=EDGE_CURVE('',#1166,#1170,#681,.T.);
#1821=EDGE_CURVE('',#1166,#1139,#409,.T.);
#1823=EDGE_CURVE('',#1206,#1139,#585,.T.);
#1825=EDGE_CURVE('',#1206,#1207,#413,.T.);
#1827=EDGE_CURVE('',#1207,#1283,#499,.T.);
#1837=EDGE_CURVE('',#1278,#1279,#418,.T.);
#1839=EDGE_CURVE('',#1281,#1279,#997,.T.);
#1842=EDGE_CURVE('',#1283,#1278,#495,.T.);
#1853=EDGE_CURVE('',#1278,#1187,#525,.T.);
#1855=EDGE_CURVE('',#1186,#1187,#422,.T.);
#1857=EDGE_CURVE('',#1138,#1186,#589,.T.);
#1859=EDGE_CURVE('',#1167,#1138,#693,.T.);
#1861=EDGE_CURVE('',#1171,#1167,#685,.T.);
#1863=EDGE_CURVE('',#1171,#1178,#677,.T.);
#1865=EDGE_CURVE('',#1174,#1178,#657,.T.);
#1867=EDGE_CURVE('',#1174,#1135,#426,.T.);
#1869=EDGE_CURVE('',#1190,#1135,#572,.T.);
#1871=EDGE_CURVE('',#1190,#1191,#430,.T.);
#1873=EDGE_CURVE('',#1191,#1291,#516,.T.);
#1875=EDGE_CURVE('',#1289,#1291,#435,.T.);
#1877=EDGE_CURVE('',#1289,#1151,#439,.T.);
#1879=EDGE_CURVE('',#1150,#1151,#444,.T.);
#1881=EDGE_CURVE('',#1150,#1163,#448,.T.);
#1883=EDGE_CURVE('',#1161,#1163,#453,.T.);
#1885=EDGE_CURVE('',#1161,#1279,#457,.T.);
#1897=EDGE_CURVE('',#1211,#1207,#721,.T.);
#1899=EDGE_CURVE('',#1199,#1211,#504,.T.);
#1901=EDGE_CURVE('',#1203,#1199,#705,.T.);
#1904=EDGE_CURVE('',#1291,#1286,#512,.T.);
#1907=EDGE_CURVE('',#1195,#1191,#641,.T.);
#1909=EDGE_CURVE('',#1183,#1195,#521,.T.);
#1911=EDGE_CURVE('',#1187,#1183,#633,.T.);
#1916=EDGE_CURVE('',#1118,#1119,#461,.T.);
#1918=EDGE_CURVE('',#1131,#1118,#465,.T.);
#1920=EDGE_CURVE('',#1129,#1131,#470,.T.);
#1922=EDGE_CURVE('',#1127,#1129,#474,.T.);
#1924=EDGE_CURVE('',#1125,#1127,#478,.T.);
#1926=EDGE_CURVE('',#1123,#1125,#482,.T.);
#1928=EDGE_CURVE('',#1121,#1123,#487,.T.);
#1930=EDGE_CURVE('',#1119,#1121,#491,.T.);
#1940=EDGE_CURVE('',#1102,#1103,#533,.T.);
#1942=EDGE_CURVE('',#1102,#1118,#529,.T.);
#1945=EDGE_CURVE('',#1103,#1119,#593,.T.);
#1955=EDGE_CURVE('',#1182,#1194,#568,.T.);
#1957=EDGE_CURVE('',#1190,#1194,#637,.T.);
#1960=EDGE_CURVE('',#1134,#1135,#653,.T.);
#1963=EDGE_CURVE('',#1198,#1202,#701,.T.);
#1965=EDGE_CURVE('',#1198,#1210,#581,.T.);
#1967=EDGE_CURVE('',#1206,#1210,#717,.T.);
#1970=EDGE_CURVE('',#1138,#1139,#697,.T.);
#1973=EDGE_CURVE('',#1182,#1186,#629,.T.);
#1978=EDGE_CURVE('',#1103,#1105,#537,.T.);
#1980=EDGE_CURVE('',#1105,#1107,#542,.T.);
#1982=EDGE_CURVE('',#1107,#1109,#546,.T.);
#1984=EDGE_CURVE('',#1109,#1111,#550,.T.);
#1986=EDGE_CURVE('',#1111,#1113,#554,.T.);
#1988=EDGE_CURVE('',#1113,#1115,#559,.T.);
#1990=EDGE_CURVE('',#1115,#1102,#563,.T.);
#2003=EDGE_CURVE('',#1105,#1121,#597,.T.);
#2016=EDGE_CURVE('',#1107,#1123,#601,.T.);
#2029=EDGE_CURVE('',#1109,#1125,#605,.T.);
#2042=EDGE_CURVE('',#1111,#1127,#609,.T.);
#2055=EDGE_CURVE('',#1113,#1129,#613,.T.);
#2068=EDGE_CURVE('',#1115,#1131,#617,.T.);
#2090=EDGE_CURVE('',#1182,#1183,#621,.T.);
#2093=EDGE_CURVE('',#1194,#1195,#625,.T.);
#2128=EDGE_CURVE('',#1174,#1175,#645,.T.);
#2143=EDGE_CURVE('',#1178,#1179,#673,.T.);
#2154=EDGE_CURVE('',#1170,#1171,#665,.T.);
#2167=EDGE_CURVE('',#1166,#1167,#689,.T.);
#2192=EDGE_CURVE('',#1198,#1199,#709,.T.);
#2207=EDGE_CURVE('',#1210,#1211,#713,.T.);
#2231=EDGE_CURVE('',#1289,#1287,#725,.T.);
#2245=EDGE_CURVE('',#1153,#1151,#729,.T.);
#2259=EDGE_CURVE('',#1155,#1150,#733,.T.);
#2272=EDGE_CURVE('',#1142,#1150,#743,.T.);
#2285=EDGE_CURVE('',#1069,#1065,#767,.T.);
#2289=EDGE_CURVE('',#1055,#1147,#806,.T.);
#2291=EDGE_CURVE('',#1163,#1147,#988,.T.);
#2303=EDGE_CURVE('',#1068,#1069,#775,.T.);
#2326=EDGE_CURVE('',#1051,#1053,#783,.T.);
#2337=EDGE_CURVE('',#1053,#1057,#792,.T.);
#2348=EDGE_CURVE('',#1146,#1147,#801,.T.);
#2351=EDGE_CURVE('',#1060,#1055,#810,.T.);
#2353=EDGE_CURVE('',#1060,#1061,#814,.T.);
#2364=EDGE_CURVE('',#1273,#1269,#823,.T.);
#2367=EDGE_CURVE('',#1262,#1266,#959,.T.);
#2370=EDGE_CURVE('',#1273,#1051,#832,.T.);
#2380=EDGE_CURVE('',#1051,#1042,#836,.T.);
#2383=EDGE_CURVE('',#1053,#1043,#895,.T.);
#2385=EDGE_CURVE('',#1042,#1043,#867,.T.);
#2395=EDGE_CURVE('',#1272,#1273,#840,.T.);
#2399=EDGE_CURVE('',#1272,#1042,#863,.T.);
#2410=EDGE_CURVE('',#1272,#1275,#844,.T.);
#2426=EDGE_CURVE('',#1043,#1070,#871,.T.);
#2428=EDGE_CURVE('',#1074,#1070,#875,.T.);
#2430=EDGE_CURVE('',#1074,#1047,#879,.T.);
#2432=EDGE_CURVE('',#1047,#1234,#883,.T.);
#2434=EDGE_CURVE('',#1230,#1234,#967,.T.);
#2448=EDGE_CURVE('',#1070,#1071,#891,.T.);
#2463=EDGE_CURVE('',#1073,#1071,#903,.T.);
#2465=EDGE_CURVE('',#1073,#1074,#930,.T.);
#2479=EDGE_CURVE('',#1060,#1073,#922,.T.);
#2492=EDGE_CURVE('',#1055,#1046,#934,.T.);
#2494=EDGE_CURVE('',#1046,#1047,#979,.T.);
#2515=EDGE_CURVE('',#1241,#1237,#938,.T.);
#2518=EDGE_CURVE('',#1235,#1231,#971,.T.);
#2520=EDGE_CURVE('',#1046,#1235,#942,.T.);
#2533=EDGE_CURVE('',#1240,#1243,#946,.T.);
#2545=EDGE_CURVE('',#1267,#1263,#963,.T.);
#2577=EDGE_CURVE('',#1234,#1235,#975,.T.);
#2600=EDGE_CURVE('',#1163,#1158,#983,.T.);
#2614=EDGE_CURVE('',#1161,#1159,#1001,.T.);
#2635=(LENGTH_UNIT()NAMED_UNIT(*)SI_UNIT(.MILLI.,.METRE.));
#2637=(NAMED_UNIT(*)PLANE_ANGLE_UNIT()SI_UNIT($,.RADIAN.));
#2640=(NAMED_UNIT(*)SI_UNIT($,.STERADIAN.)SOLID_ANGLE_UNIT());
#2643=ADVANCED_BREP_SHAPE_REPRESENTATION('',(#2634),#2642);
#2650=PRODUCT_DEFINITION('design','',#2649,#2646);
#2651=PRODUCT_DEFINITION_SHAPE('','SHAPE FOR LINK1.',#2650);
#2652=SHAPE_DEFINITION_REPRESENTATION(#2651,#2643);
ENDSEC;
END-ISO-10303-21;
